"","census_id","new_PM25","geo_name","country","base_PM25","PM_sector","sector"
"1","0001",11.230391637243,"ANGOLA_BENGO_AMBRIZ","Angola",11.2657541810451,0.035362543802135,"AGS"
"2","0002",21.4568426191792,"ANGOLA_BENGO_BULA ATUMBA","Angola",21.495698248001,0.0388556288217927,"AGS"
"3","0003",13.1800476433359,"ANGOLA_BENGO_DANDE","Angola",13.220318899573,0.0402712562370553,"AGS"
"4","0004",17.5267831232766,"ANGOLA_BENGO_DEMBOS","Angola",17.5977155758204,0.0709324525438468,"AGS"
"5","0005",13.8952404636799,"ANGOLA_BENGO_NAMBUANGONGO","Angola",13.9582359811672,0.0629955174873089,"AGS"
"6","0006",19.0828313738563,"ANGOLA_BENGO_PANGO ALUQUÉM","Angola",19.1577737131949,0.0749423393385449,"AGS"
"7","0007",5.32506799453336,"ANGOLA_BENGUELA_BAÍA FARTA","Angola",5.49929779899005,0.174229804456687,"AGS"
"8","0008",21.5257706598547,"ANGOLA_BENGUELA_BALOMBO","Angola",21.6120076967258,0.0862370368710721,"AGS"
"9","0009",6.33155897656966,"ANGOLA_BENGUELA_BENGUELA","Angola",6.48724733329285,0.155688356723187,"AGS"
"10","0010",13.8361489110491,"ANGOLA_BENGUELA_BOCOIO","Angola",13.9507262734276,0.114577362378443,"AGS"
"11","0011",11.1929459607186,"ANGOLA_BENGUELA_CAIMBAMBO","Angola",11.3319768872787,0.139030926560084,"AGS"
"12","0012",7.3144361115696,"ANGOLA_BENGUELA_CATUMBELA","Angola",7.47583227202358,0.161396160453982,"AGS"
"13","0013",7.62511177260442,"ANGOLA_BENGUELA_CHONGOROI","Angola",7.8140685891674,0.188956816562987,"AGS"
"14","0014",10.2311810258042,"ANGOLA_BENGUELA_CUBAL","Angola",10.413030434348,0.181849408543826,"AGS"
"15","0015",13.4463937277006,"ANGOLA_BENGUELA_GANDA","Angola",13.6754847985966,0.229091070896045,"AGS"
"16","0016",8.42381791103941,"ANGOLA_BENGUELA_LOBITO","Angola",8.5291435165122,0.105325605472785,"AGS"
"17","0017",15.5046845226029,"ANGOLA_BIÉ_ANDULO","Angola",15.5423269076499,0.0376423850470555,"AGS"
"18","0018",14.2835866888591,"ANGOLA_BIÉ_CAMACUPA","Angola",14.3136531617011,0.0300664728420443,"AGS"
"19","0019",13.9879909781638,"ANGOLA_BIÉ_CATABOLA","Angola",14.0261359236861,0.0381449455222977,"AGS"
"20","0020",13.8523594295934,"ANGOLA_BIÉ_CHINGUAR","Angola",13.8998703132841,0.047510883690677,"AGS"
"21","0021",13.8579307093544,"ANGOLA_BIÉ_CHITEMBO","Angola",13.8942082049702,0.0362774956157939,"AGS"
"22","0022",16.7978873993492,"ANGOLA_BIÉ_CUEMBA","Angola",16.8202433677199,0.022355968370718,"AGS"
"23","0023",14.901312268521,"ANGOLA_BIÉ_CUITO","Angola",14.9449123321569,0.0436000636358393,"AGS"
"24","0024",14.22848080814,"ANGOLA_BIÉ_CUNHINGA","Angola",14.2718248753573,0.0433440672172889,"AGS"
"25","0025",18.4248154375458,"ANGOLA_BIÉ_NHAREA","Angola",18.4610132301947,0.0361977926488386,"AGS"
"26","0026",5.70077436150226,"ANGOLA_CABINDA_BELIZE","Angola",5.71260186621357,0.0118275047113059,"AGS"
"27","0027",5.89695419563431,"ANGOLA_CABINDA_BUCO ZAU","Angola",5.9140072862691,0.0170530906347892,"AGS"
"28","0028",3.90012522812142,"ANGOLA_CABINDA_CABINDA","Angola",3.92348280618106,0.0233575780596409,"AGS"
"29","0029",3.80669366975487,"ANGOLA_CABINDA_CACONGO","Angola",3.82640680610608,0.0197131363512155,"AGS"
"30","0030",7.97193952115216,"ANGOLA_KUANDO KUBANGO_CALAI","Angola",8.03925558073214,0.06731605957998,"AGS"
"31","0031",8.11622843092845,"ANGOLA_KUANDO KUBANGO_CUANGAR","Angola",8.21438026451663,0.0981518335881866,"AGS"
"32","0032",11.9890616927814,"ANGOLA_KUANDO KUBANGO_CUCHI","Angola",12.0334533621543,0.0443916693728639,"AGS"
"33","0033",16.5276143587988,"ANGOLA_KUANDO KUBANGO_CUITO CUANAVALE","Angola",16.5768526456636,0.0492382868647638,"AGS"
"34","0034",14.8508603068422,"ANGOLA_KUANDO KUBANGO_DIRICO","Angola",14.9011166928157,0.0502563859734746,"AGS"
"35","0035",10.3297617918934,"ANGOLA_KUANDO KUBANGO_MAVINGA","Angola",10.4070096519075,0.0772478600141469,"AGS"
"36","0036",12.0306908096266,"ANGOLA_KUANDO KUBANGO_MENONGUE","Angola",12.0662870216789,0.0355962120523294,"AGS"
"37","0037",10.457921822765,"ANGOLA_KUANDO KUBANGO_NANCOVA","Angola",10.5094747463029,0.0515529235379741,"AGS"
"38","0038",10.4385737843403,"ANGOLA_KUANDO KUBANGO_RIVUNGO","Angola",10.5559531253444,0.117379341004037,"AGS"
"39","0039",25.0495658429632,"ANGOLA_KWANZA NORTE_AMBACA","Angola",25.1040816884458,0.0545158454825554,"AGS"
"40","0040",21.5262415551635,"ANGOLA_KWANZA NORTE_BANGA","Angola",21.5703869286714,0.0441453735079023,"AGS"
"41","0041",24.7817486990884,"ANGOLA_KWANZA NORTE_BOLONGONGO","Angola",24.8213480381826,0.0395993390941882,"AGS"
"42","0042",17.2563874440574,"ANGOLA_KWANZA NORTE_CAMBAMBE","Angola",17.3621835027615,0.105796058704104,"AGS"
"43","0043",20.0784714347717,"ANGOLA_KWANZA NORTE_CAZENGO","Angola",20.1683837146591,0.0899122798874004,"AGS"
"44","0044",26.527609863478,"ANGOLA_KWANZA NORTE_GOLUNGO ALTO","Angola",26.5927854354925,0.0651755720144429,"AGS"
"45","0045",18.2879688533125,"ANGOLA_KWANZA NORTE_LUCALA","Angola",18.350062837788,0.0620939844755313,"AGS"
"46","0046",22.3801251300992,"ANGOLA_KWANZA NORTE_NGONGUEMBO","Angola",22.4292731730367,0.0491480429374391,"AGS"
"47","0047",24.7898215551311,"ANGOLA_KWANZA NORTE_QUICULUNGO","Angola",24.8396016070291,0.0497800518980362,"AGS"
"48","0048",24.0686716688156,"ANGOLA_KWANZA NORTE_SAMBA CAJÚ","Angola",24.1194706563263,0.050798987510678,"AGS"
"49","0049",16.8209934661615,"ANGOLA_KWANZA SUL_AMBOIM","Angola",16.8606139099287,0.0396204437671805,"AGS"
"50","0050",18.6524585480593,"ANGOLA_KWANZA SUL_CASSONGUE","Angola",18.7140693494345,0.0616108013751742,"AGS"
"51","0051",17.2132673451924,"ANGOLA_KWANZA SUL_CELA","Angola",17.2565579359931,0.043290590800737,"AGS"
"52","0052",22.2354946844611,"ANGOLA_KWANZA SUL_CONDA","Angola",22.2969921392195,0.0614974547583707,"AGS"
"53","0053",18.2798409427156,"ANGOLA_KWANZA SUL_EBO","Angola",18.3225600841849,0.0427191414692807,"AGS"
"54","0054",20.7789381019193,"ANGOLA_KWANZA SUL_LIBOLO","Angola",20.8207096029874,0.0417715010680908,"AGS"
"55","0055",19.6981048054209,"ANGOLA_KWANZA SUL_MUSSENDE","Angola",19.7265578909065,0.0284530854856229,"AGS"
"56","0056",7.25561060806395,"ANGOLA_KWANZA SUL_PORTO AMBOIM","Angola",7.29362996960492,0.038019361540969,"AGS"
"57","0057",26.5260497390394,"ANGOLA_KWANZA SUL_QUIBALA","Angola",26.5776447838391,0.0515950447996723,"AGS"
"58","0058",16.1045211359399,"ANGOLA_KWANZA SUL_QUILENDA","Angola",16.1369670711037,0.0324459351638104,"AGS"
"59","0059",20.4360096777493,"ANGOLA_KWANZA SUL_SELES","Angola",20.4951082389789,0.0590985612296535,"AGS"
"60","0060",9.72038112961778,"ANGOLA_KWANZA SUL_SUMBE","Angola",9.7916789254831,0.0712977958653234,"AGS"
"61","0061",4.53192028881976,"ANGOLA_CUNENE_CAHAMA","Angola",4.59797106520758,0.0660507763878222,"AGS"
"62","0062",7.31965093439598,"ANGOLA_CUNENE_CUANHAMA","Angola",7.39177651709836,0.0721255827023786,"AGS"
"63","0063",3.19919918458564,"ANGOLA_CUNENE_CUROCA","Angola",3.27863542189957,0.0794362373139297,"AGS"
"64","0064",8.16268517541505,"ANGOLA_CUNENE_CUVELAI","Angola",8.22865521263498,0.0659700372199286,"AGS"
"65","0065",6.00778613871153,"ANGOLA_CUNENE_NAMACUNDE","Angola",6.08536704563867,0.0775809069271318,"AGS"
"66","0066",4.13385340224582,"ANGOLA_CUNENE_OMBADJA","Angola",4.18128477276905,0.0474313705232277,"AGS"
"67","0067",15.4116547033069,"ANGOLA_HUAMBO_BAILUNDO","Angola",15.4754365546908,0.0637818513839008,"AGS"
"68","0068",11.5509435335841,"ANGOLA_HUAMBO_CAÁLA","Angola",11.6297021092318,0.0787585756477007,"AGS"
"69","0069",13.8806717217371,"ANGOLA_HUAMBO_CACHIUNGO","Angola",13.9443970981223,0.0637253763852179,"AGS"
"70","0070",14.6512548098182,"ANGOLA_HUAMBO_ECUNHA","Angola",14.735238370803,0.0839835609847785,"AGS"
"71","0071",12.6542750972419,"ANGOLA_HUAMBO_HUAMBO","Angola",12.7201462530537,0.0658711558118625,"AGS"
"72","0072",17.3059527757753,"ANGOLA_HUAMBO_LONDUIMBALI","Angola",17.3914753018487,0.0855225260734471,"AGS"
"73","0073",14.3219475255055,"ANGOLA_HUAMBO_LONGONJO","Angola",14.4236897898623,0.101742264356846,"AGS"
"74","0074",16.1921851168499,"ANGOLA_HUAMBO_MUNGO","Angola",16.2596009433157,0.0674158264658189,"AGS"
"75","0075",13.0881769805568,"ANGOLA_HUAMBO_CHICALA CHOLOHANGA","Angola",13.1554397369159,0.0672627563590567,"AGS"
"76","0076",20.603265669338,"ANGOLA_HUAMBO_CHINJENJE","Angola",20.7148028325108,0.111537163172834,"AGS"
"77","0077",16.552252650601,"ANGOLA_HUAMBO_UCUMA","Angola",16.6570795361195,0.104826885518513,"AGS"
"78","0078",9.89090750735612,"ANGOLA_HUÍLA_CACONDA","Angola",10.1067195667207,0.215812059364589,"AGS"
"79","0079",7.29356609404597,"ANGOLA_HUÍLA_CACULA","Angola",7.53619510963171,0.242629015585731,"AGS"
"80","0080",8.03442969442432,"ANGOLA_HUÍLA_CALUQUEMBE","Angola",8.25883322220918,0.224403527784865,"AGS"
"81","0081",5.03836302409698,"ANGOLA_HUÍLA_CHIBIA","Angola",5.21187365430599,0.173510630209007,"AGS"
"82","0082",9.02361636192833,"ANGOLA_HUÍLA_CHICOMBA","Angola",9.24227972360862,0.218663361680283,"AGS"
"83","0083",10.7456200660237,"ANGOLA_HUÍLA_CHIPINDO","Angola",10.8741073124078,0.128487246384099,"AGS"
"84","0084",11.0029526534814,"ANGOLA_HUÍLA_CUVANGO","Angola",11.0906905634712,0.0877379099897677,"AGS"
"85","0085",4.54978576812193,"ANGOLA_HUÍLA_GAMBOS","Angola",4.67333883974706,0.123553071625129,"AGS"
"86","0086",5.71348529754735,"ANGOLA_HUÍLA_HUMPATA","Angola",5.80623910799308,0.0927538104457373,"AGS"
"87","0087",9.85569560420796,"ANGOLA_HUÍLA_JAMBA","Angola",9.96925395653675,0.11355835232879,"AGS"
"88","0088",5.39380994865425,"ANGOLA_HUÍLA_LUBANGO","Angola",5.52329688706865,0.1294869384144,"AGS"
"89","0089",7.82240415190227,"ANGOLA_HUÍLA_MATALA","Angola",7.95137790547796,0.128973753575697,"AGS"
"90","0090",8.99174292474054,"ANGOLA_HUÍLA_QUILENGUES","Angola",9.1887855313799,0.197042606639357,"AGS"
"91","0091",7.4826109982752,"ANGOLA_HUÍLA_QUIPUNGO","Angola",7.63895361505127,0.156342616776078,"AGS"
"92","0092",7.40354139219926,"ANGOLA_LUANDA_BELAS","Angola",7.4526078193873,0.0490664271880359,"AGS"
"93","0093",14.0938617315216,"ANGOLA_LUANDA_CACUACO","Angola",14.1608922924553,0.0670305609337518,"AGS"
"94","0094",9.50427436073758,"ANGOLA_LUANDA_CAZENGA","Angola",9.54223100311223,0.0379566423746507,"AGS"
"95","0095",12.5121348178863,"ANGOLA_LUANDA_ICOLO E BENGO","Angola",12.5488194107752,0.0366845928888715,"AGS"
"96","0096",7.84978898616095,"ANGOLA_LUANDA_LUANDA","Angola",7.87847456889091,0.028685582729957,"AGS"
"97","0097",8.4399886265345,"ANGOLA_LUANDA_QUISSAMA","Angola",8.47940290850114,0.0394142819666428,"AGS"
"98","0098",13.6756678816405,"ANGOLA_LUANDA_VIANA","Angola",13.7490043615336,0.0733364798930047,"AGS"
"99","0099",16.3063958016452,"ANGOLA_LUNDA NORTE_CAMBULO","Angola",16.3143749394026,0.00797913775743098,"AGS"
"100","0100",18.6669241674059,"ANGOLA_LUNDA NORTE_CAPENDA CAMULEMBA","Angola",18.6793786796793,0.0124545122734787,"AGS"
"101","0101",19.3027443050303,"ANGOLA_LUNDA NORTE_CAUNGULA","Angola",19.3180117962977,0.0152674912673092,"AGS"
"102","0102",23.8124901771184,"ANGOLA_LUNDA NORTE_CHITATO","Angola",23.8227404497248,0.0102502726064237,"AGS"
"103","0103",19.6222615006742,"ANGOLA_LUNDA NORTE_CUANGO","Angola",19.6381795335611,0.0159180328869013,"AGS"
"104","0104",25.3312913435842,"ANGOLA_LUNDA NORTE_CUILO","Angola",25.3495018705082,0.0182105269240296,"AGS"
"105","0105",23.0167365884479,"ANGOLA_LUNDA NORTE_LÓVUA","Angola",23.0256464853282,0.00890989688035049,"AGS"
"106","0106",19.6074112608434,"ANGOLA_LUNDA NORTE_LUBALO","Angola",19.623388097713,0.0159768368696263,"AGS"
"107","0107",22.8117223542482,"ANGOLA_LUNDA NORTE_LUCAPA","Angola",22.8255191035865,0.0137967493382405,"AGS"
"108","0108",22.5784602380572,"ANGOLA_LUNDA NORTE_XÁ-MUTEBA","Angola",22.5990345246729,0.0205742866156768,"AGS"
"109","0109",15.6174882526908,"ANGOLA_LUNDA SUL_CACOLO","Angola",15.6298428955015,0.0123546428107097,"AGS"
"110","0110",15.1767664720515,"ANGOLA_LUNDA SUL_DALA","Angola",15.1951526465121,0.018386174460602,"AGS"
"111","0111",14.71064130111,"ANGOLA_LUNDA SUL_MUCONDA","Angola",14.723778763947,0.0131374628369851,"AGS"
"112","0112",13.6651251864901,"ANGOLA_LUNDA SUL_SAURIMO","Angola",13.6766414539297,0.0115162674396494,"AGS"
"113","0113",20.3543892785852,"ANGOLA_MALANJE_CACUSO","Angola",20.3909595319544,0.0365702533692449,"AGS"
"114","0114",21.0257731051721,"ANGOLA_MALANJE_CAHOMBO","Angola",21.0555497702768,0.0297766651046523,"AGS"
"115","0115",18.6795690855502,"ANGOLA_MALANJE_CALANDULA","Angola",18.7254606973672,0.0458916118169519,"AGS"
"116","0116",19.3435312032568,"ANGOLA_MALANJE_CAMBUNDI-CATEMBO","Angola",19.3626688127217,0.0191376094648774,"AGS"
"117","0117",21.3704232571001,"ANGOLA_MALANJE_CANGANDALA","Angola",21.4008702547588,0.0304469976587036,"AGS"
"118","0118",23.6161516600628,"ANGOLA_MALANJE_CUNDA-DIA-BAZE","Angola",23.6419607125943,0.0258090525315566,"AGS"
"119","0119",18.4885740777082,"ANGOLA_MALANJE_KIWABA NZOJI","Angola",18.5288040477319,0.0402299700236206,"AGS"
"120","0120",19.0964304752498,"ANGOLA_MALANJE_LUQUEMBO","Angola",19.1236349919739,0.0272045167241011,"AGS"
"121","0121",24.6807440052119,"ANGOLA_MALANJE_MALANJE","Angola",24.7254855256045,0.0447415203926411,"AGS"
"122","0122",22.6619308079805,"ANGOLA_MALANJE_MARIMBA","Angola",22.6909047533657,0.028973945385232,"AGS"
"123","0123",21.5511661067078,"ANGOLA_MALANJE_MASSANGO","Angola",21.5782286247906,0.0270625180827651,"AGS"
"124","0124",22.0070835641867,"ANGOLA_MALANJE_MUCARI","Angola",22.0373952593463,0.0303116951596323,"AGS"
"125","0125",23.536055771304,"ANGOLA_MALANJE_QUELA","Angola",23.5604041738353,0.0243484025313663,"AGS"
"126","0126",20.7389809751386,"ANGOLA_MALANJE_QUIRIMA","Angola",20.7582819072627,0.0193009321241391,"AGS"
"127","0127",14.7516283226305,"ANGOLA_MOXICO_ALTO ZAMBEZE","Angola",14.7685473084279,0.0169189857974139,"AGS"
"128","0128",12.9687032332217,"ANGOLA_MOXICO_BUNDAS","Angola",13.0259716490785,0.0572684158568126,"AGS"
"129","0129",13.611073160495,"ANGOLA_MOXICO_CAMANONGUE","Angola",13.6282382259069,0.0171650654119002,"AGS"
"130","0130",13.2189579543054,"ANGOLA_MOXICO_CAMEIA","Angola",13.2344147279549,0.0154567736495306,"AGS"
"131","0131",16.8363376265603,"ANGOLA_MOXICO_LÉUA","Angola",16.8625335324017,0.0261959058413765,"AGS"
"132","0132",14.0676105649118,"ANGOLA_MOXICO_LUACANO","Angola",14.0855894027147,0.0179788378029571,"AGS"
"133","0133",13.4360911908286,"ANGOLA_MOXICO_LUAU","Angola",13.4497130010864,0.0136218102577992,"AGS"
"134","0134",14.7362586923755,"ANGOLA_MOXICO_LUCHAZES","Angola",14.7617498057305,0.0254911133550237,"AGS"
"135","0135",13.2405521473579,"ANGOLA_MOXICO_LUENA","Angola",13.286757826274,0.0462056789160794,"AGS"
"136","0136",5.05108244301876,"ANGOLA_NAMIBE_BIBALA","Angola",5.18903230266827,0.137949859649504,"AGS"
"137","0137",4.064947887547,"ANGOLA_NAMIBE_CAMUCUIO","Angola",4.23637226168467,0.171424374137672,"AGS"
"138","0138",2.44650814786257,"ANGOLA_NAMIBE_NAMIBE","Angola",2.57773271540173,0.131224567539152,"AGS"
"139","0139",1.85939619183051,"ANGOLA_NAMIBE_TÔMBWA","Angola",1.91758053145903,0.0581843396285164,"AGS"
"140","0140",3.46145941759593,"ANGOLA_NAMIBE_VIREI","Angola",3.59249371374586,0.131034296149939,"AGS"
"141","0141",17.1196838333737,"ANGOLA_UÍGE_AMBUILA","Angola",17.160052452587,0.040368619213254,"AGS"
"142","0142",10.8644251410509,"ANGOLA_UÍGE_BEMBE","Angola",10.9182673895958,0.0538422485448642,"AGS"
"143","0143",19.6910760843017,"ANGOLA_UÍGE_BUENGAS","Angola",19.7112314794308,0.0201553951291302,"AGS"
"144","0144",17.0293857849177,"ANGOLA_UÍGE_BUNGO","Angola",17.0524860062578,0.0231002213401119,"AGS"
"145","0145",18.8207299201752,"ANGOLA_UÍGE_CANGOLA","Angola",18.8456398845641,0.0249099643889643,"AGS"
"146","0146",16.8588548756937,"ANGOLA_UÍGE_DAMBA","Angola",16.8884788099957,0.0296239343019984,"AGS"
"147","0147",19.6207006396724,"ANGOLA_UÍGE_MAQUELA DO ZOMBO","Angola",19.6543787093504,0.0336780696780146,"AGS"
"148","0148",17.5581025932761,"ANGOLA_UÍGE_SANTA CRUZ","Angola",17.5748040088523,0.0167014155761791,"AGS"
"149","0149",18.7271896517415,"ANGOLA_UÍGE_MUCABA","Angola",18.76300529469,0.0358156429484602,"AGS"
"150","0150",20.8225604505051,"ANGOLA_UÍGE_NEGAGE","Angola",20.8561347889446,0.0335743384395641,"AGS"
"151","0151",20.8445467505788,"ANGOLA_UÍGE_PURI","Angola",20.8780944320283,0.0335476814494946,"AGS"
"152","0152",25.6063187513285,"ANGOLA_UÍGE_QUIMBELE","Angola",25.628099526345,0.0217807750165591,"AGS"
"153","0153",19.3045480648113,"ANGOLA_UÍGE_QUITEXE","Angola",19.3709869396891,0.0664388748778357,"AGS"
"154","0154",18.4105460350561,"ANGOLA_UÍGE_SANZA POMBO","Angola",18.4306594248843,0.020113389828218,"AGS"
"155","0155",18.5636709443076,"ANGOLA_UÍGE_SONGO","Angola",18.600723395361,0.0370524510534125,"AGS"
"156","0156",20.4056887317934,"ANGOLA_UÍGE_UÍGE","Angola",20.435250795261,0.0295620634676439,"AGS"
"157","0157",15.4395668168882,"ANGOLA_ZAIRE_CUIMBA","Angola",15.4642826175605,0.0247158006723254,"AGS"
"158","0158",11.9978934964622,"ANGOLA_ZAIRE_MBANZA CONGO","Angola",12.0156566307972,0.0177631343349294,"AGS"
"159","0159",7.26868794225995,"ANGOLA_ZAIRE_NZETO","Angola",7.3034538445466,0.034765902286642,"AGS"
"160","0160",8.91799222007843,"ANGOLA_ZAIRE_NÓQUI","Angola",8.93084657338867,0.0128543533102388,"AGS"
"161","0161",4.19141807852842,"ANGOLA_ZAIRE_SOYO","Angola",4.22145771853293,0.030039640004512,"AGS"
"162","0162",7.70825176009195,"ANGOLA_ZAIRE_TOMBOCO","Angola",7.74396736090732,0.0357156008153758,"AGS"
"163","0163",9.05673807793824,"BOTSWANA_CENTRAL_BOBONONG_BOBONONG","Botswana",9.26792005587429,0.21118197793605,"AGS"
"164","0164",9.16285343604803,"BOTSWANA_CENTRAL_BOBONONG_DAMOCHOJENA","Botswana",9.34516628459879,0.182312848550755,"AGS"
"165","0165",9.48769883589108,"BOTSWANA_CENTRAL_BOBONONG_KOBOJANGO","Botswana",9.73698988492713,0.249291049036051,"AGS"
"166","0166",8.91612808372224,"BOTSWANA_CENTRAL_BOBONONG_LENTSWELEMORITI","Botswana",9.11923280782286,0.203104724100617,"AGS"
"167","0167",9.11422587882558,"BOTSWANA_CENTRAL_BOBONONG_LEPOKOLE","Botswana",9.3328337683033,0.21860788947772,"AGS"
"168","0168",9.49960266498336,"BOTSWANA_CENTRAL_BOBONONG_MABOLWE","Botswana",9.76205333025739,0.262450665274029,"AGS"
"169","0169",9.51320684251166,"BOTSWANA_CENTRAL_BOBONONG_MATHATHANE","Botswana",9.70981197086151,0.196605128349848,"AGS"
"170","0170",8.97794754663863,"BOTSWANA_CENTRAL_BOBONONG_MMADINARE","Botswana",9.16477768073286,0.186830134094233,"AGS"
"171","0171",9.29573863892253,"BOTSWANA_CENTRAL_BOBONONG_MOLALATAU","Botswana",9.4784449558368,0.182706316914262,"AGS"
"172","0172",9.8565687573213,"BOTSWANA_CENTRAL_BOBONONG_MOLETEMANE","Botswana",10.0647322825646,0.208163525243311,"AGS"
"173","0173",9.79286700980726,"BOTSWANA_CENTRAL_BOBONONG_MOTLHABANENG","Botswana",10.0137214333373,0.220854423530028,"AGS"
"174","0174",9.27357387394983,"BOTSWANA_CENTRAL_BOBONONG_ROBELELA","Botswana",9.51948564734566,0.245911773395823,"AGS"
"175","0175",9.07221432398377,"BOTSWANA_CENTRAL_BOBONONG_SEFOPHE","Botswana",9.26770229131667,0.195487967332898,"AGS"
"176","0176",9.51679185578001,"BOTSWANA_CENTRAL_BOBONONG_SEMOLALE","Botswana",9.753298429807,0.236506574026986,"AGS"
"177","0177",9.2369303544463,"BOTSWANA_CENTRAL_BOBONONG_TOBANE","Botswana",9.46995118186501,0.233020827418708,"AGS"
"178","0178",9.39136467688341,"BOTSWANA_CENTRAL_BOBONONG_TSETSEBJWE","Botswana",9.58703791337319,0.195673236489775,"AGS"
"179","0179",9.19803793491682,"BOTSWANA_CENTRAL_BOBONONG_TSHOKWE","Botswana",9.42529775536659,0.227259820449774,"AGS"
"180","0180",9.70230038222561,"BOTSWANA_CENTRAL_BOBONONG_TULI","Botswana",9.88568337212511,0.183382989899497,"AGS"
"181","0181",7.3912581863432,"BOTSWANA_CENTRAL_BOTETI_KEDIA","Botswana",7.46131785962108,0.0700596732778731,"AGS"
"182","0182",8.16656891740537,"BOTSWANA_CENTRAL_BOTETI_KHWEE","Botswana",8.24462122849576,0.0780523110903921,"AGS"
"183","0183",9.28233142181055,"BOTSWANA_CENTRAL_BOTETI_KUMAGA","Botswana",9.36310582047705,0.0807743986665006,"AGS"
"184","0184",7.33076438594664,"BOTSWANA_CENTRAL_BOTETI_LETLHAKANE","Botswana",7.40339538645279,0.0726310005061457,"AGS"
"185","0185",7.72263860570647,"BOTSWANA_CENTRAL_BOTETI_MAKALAMABEDI","Botswana",7.78662079165856,0.063982185952093,"AGS"
"186","0186",7.27864925247664,"BOTSWANA_CENTRAL_BOTETI_MMADIKOLA","Botswana",7.34758119594912,0.0689319434724824,"AGS"
"187","0187",8.09527450923353,"BOTSWANA_CENTRAL_BOTETI_MMATSHUMO","Botswana",8.20835814468229,0.113083635448767,"AGS"
"188","0188",7.55780505693856,"BOTSWANA_CENTRAL_BOTETI_MOKOBOXANE","Botswana",7.6352205207281,0.077415463789535,"AGS"
"189","0189",8.11561330667741,"BOTSWANA_CENTRAL_BOTETI_MOPIPI","Botswana",8.21273278202423,0.0971194753468261,"AGS"
"190","0190",8.1180106892586,"BOTSWANA_CENTRAL_BOTETI_MOREOMAOTO","Botswana",8.18661116496788,0.06860047570928,"AGS"
"191","0191",7.98324730668058,"BOTSWANA_CENTRAL_BOTETI_MOSU","Botswana",8.11888499136046,0.13563768467988,"AGS"
"192","0192",8.02363277020243,"BOTSWANA_CENTRAL_BOTETI_MOTOPI","Botswana",8.09070278832917,0.0670700181267474,"AGS"
"193","0193",7.55959016033622,"BOTSWANA_CENTRAL_BOTETI_TOROMOJA","Botswana",7.6327842069874,0.0731940466511816,"AGS"
"194","0194",7.33168811917124,"BOTSWANA_CENTRAL_BOTETI_TSIENYANE/RAKOPS","Botswana",7.40002880594462,0.0683406867733805,"AGS"
"195","0195",6.81501896783739,"BOTSWANA_CENTRAL_BOTETI_XERE","Botswana",6.91135730477395,0.0963383369365625,"AGS"
"196","0196",7.11331669354615,"BOTSWANA_CENTRAL_BOTETI_XHUMO","Botswana",7.17905489565754,0.0657382021113966,"AGS"
"197","0197",9.79367207513646,"BOTSWANA_CENTRAL_MAHALAPYE_BONWAPITSE","Botswana",9.95439006501859,0.160717989882135,"AGS"
"198","0198",10.6997687929373,"BOTSWANA_CENTRAL_MAHALAPYE_BOROTSI","Botswana",10.9045226544735,0.204753861536197,"AGS"
"199","0199",10.5989484915571,"BOTSWANA_CENTRAL_MAHALAPYE_CHADIBE","Botswana",10.8055566772278,0.206608185670763,"AGS"
"200","0200",11.1701281064455,"BOTSWANA_CENTRAL_MAHALAPYE_DIBETE STATION","Botswana",11.3518527015723,0.181724595126786,"AGS"
"201","0201",11.0117848776142,"BOTSWANA_CENTRAL_MAHALAPYE_DOVEDALE","Botswana",11.2082572456971,0.196472368082874,"AGS"
"202","0202",9.71594451377494,"BOTSWANA_CENTRAL_MAHALAPYE_IKONGWE","Botswana",9.87096031183146,0.155015798056517,"AGS"
"203","0203",9.38649906902085,"BOTSWANA_CENTRAL_MAHALAPYE_KALAMARE","Botswana",9.53409562239206,0.14759655337121,"AGS"
"204","0204",8.3829031223044,"BOTSWANA_CENTRAL_MAHALAPYE_KODIBELENG","Botswana",8.50276867339322,0.119865551088823,"AGS"
"205","0205",10.7038573730325,"BOTSWANA_CENTRAL_MAHALAPYE_KUDUMATSE","Botswana",10.8999502131103,0.196092840077759,"AGS"
"206","0206",10.0220044409024,"BOTSWANA_CENTRAL_MAHALAPYE_MAAPE","Botswana",10.2083521656355,0.186347724733158,"AGS"
"207","0207",10.5808928613255,"BOTSWANA_CENTRAL_MAHALAPYE_MACHANENG","Botswana",10.7816199958557,0.200727134530201,"AGS"
"208","0208",10.4459301026989,"BOTSWANA_CENTRAL_MAHALAPYE_MAHALAPYE","Botswana",10.6158239589215,0.169893856222579,"AGS"
"209","0209",10.5991903572375,"BOTSWANA_CENTRAL_MAHALAPYE_MAKWATE","Botswana",10.7995685175256,0.2003781602881,"AGS"
"210","0210",10.7394925016967,"BOTSWANA_CENTRAL_MAHALAPYE_MATLHAKO","Botswana",10.9453372374214,0.205844735724662,"AGS"
"211","0211",9.93289294133691,"BOTSWANA_CENTRAL_MAHALAPYE_MHALAPITSA","Botswana",10.1153392404819,0.182446299145028,"AGS"
"212","0212",10.9803899588869,"BOTSWANA_CENTRAL_MAHALAPYE_MMAPHASHALALA","Botswana",11.1572193667852,0.176829407898314,"AGS"
"213","0213",9.78760996456144,"BOTSWANA_CENTRAL_MAHALAPYE_MMUTLANA","Botswana",9.95096454635134,0.163354581789903,"AGS"
"214","0214",9.44365821623608,"BOTSWANA_CENTRAL_MAHALAPYE_MOKGENENE","Botswana",9.59614951095586,0.152491294719788,"AGS"
"215","0215",10.6275929507012,"BOTSWANA_CENTRAL_MAHALAPYE_MOKOBENG","Botswana",10.8389795223005,0.211386571599228,"AGS"
"216","0216",10.6505317348878,"BOTSWANA_CENTRAL_MAHALAPYE_MOKOSWANE","Botswana",10.8384890420901,0.187957307202323,"AGS"
"217","0217",11.6532084457455,"BOTSWANA_CENTRAL_MAHALAPYE_MOOKANE","Botswana",11.8575852009684,0.204376755222976,"AGS"
"218","0218",8.94125187342656,"BOTSWANA_CENTRAL_MAHALAPYE_MORALANE","Botswana",9.07388953718335,0.132637663756794,"AGS"
"219","0219",10.46498833394,"BOTSWANA_CENTRAL_MAHALAPYE_MOSHOPHA","Botswana",10.6604070901318,0.195418756191776,"AGS"
"220","0220",9.35946256735658,"BOTSWANA_CENTRAL_MAHALAPYE_MOSOLOTSHANE","Botswana",9.51121095729358,0.151748389937,"AGS"
"221","0221",10.1078764601336,"BOTSWANA_CENTRAL_MAHALAPYE_NGWAPA","Botswana",10.3102806268209,0.20240416668735,"AGS"
"222","0222",8.85006664056093,"BOTSWANA_CENTRAL_MAHALAPYE_OTSE","Botswana",8.9837923984732,0.13372575791227,"AGS"
"223","0223",10.6234576610547,"BOTSWANA_CENTRAL_MAHALAPYE_PALLA ROAD/DINOKWE","Botswana",10.7956299343321,0.17217227327737,"AGS"
"224","0224",10.0988860225508,"BOTSWANA_CENTRAL_MAHALAPYE_PILIKWE","Botswana",10.2818548941081,0.182968871557238,"AGS"
"225","0225",10.3714350697783,"BOTSWANA_CENTRAL_MAHALAPYE_POLOKA","Botswana",10.5388124781411,0.167377408362825,"AGS"
"226","0226",10.229724005961,"BOTSWANA_CENTRAL_MAHALAPYE_RAMOKGONAMI","Botswana",10.4286290440811,0.198905038120101,"AGS"
"227","0227",10.6493940813028,"BOTSWANA_CENTRAL_MAHALAPYE_SEFHARE","Botswana",10.8504223312014,0.20102824989864,"AGS"
"228","0228",10.4882116881479,"BOTSWANA_CENTRAL_MAHALAPYE_SELEKA","Botswana",10.6931821338341,0.204970445686151,"AGS"
"229","0229",10.0497000223413,"BOTSWANA_CENTRAL_MAHALAPYE_SHAKWE","Botswana",10.2367387373421,0.187038715000826,"AGS"
"230","0230",9.70684493992135,"BOTSWANA_CENTRAL_MAHALAPYE_SHOSHONG","Botswana",9.85899414317214,0.152149203250794,"AGS"
"231","0231",10.1244432717177,"BOTSWANA_CENTRAL_MAHALAPYE_TAUPYE","Botswana",10.29977400853,0.175330736812215,"AGS"
"232","0232",9.56761422158912,"BOTSWANA_CENTRAL_MAHALAPYE_TEWANE","Botswana",9.72410539146346,0.156491169874343,"AGS"
"233","0233",10.3822198842484,"BOTSWANA_CENTRAL_MAHALAPYE_TULI","Botswana",10.5637087488585,0.181488864610062,"AGS"
"234","0234",10.3364864294105,"BOTSWANA_CENTRAL_MAHALAPYE_TUMASERA","Botswana",10.5465099761163,0.210023546705782,"AGS"
"235","0235",10.0152661088077,"BOTSWANA_CENTRAL_SEROWE PALAPYE_DILORO","Botswana",10.2353370293381,0.220070920530382,"AGS"
"236","0236",8.43815892560261,"BOTSWANA_CENTRAL_SEROWE PALAPYE_DIMAJWE","Botswana",8.55522182921752,0.117062903614912,"AGS"
"237","0237",9.36260699922617,"BOTSWANA_CENTRAL_SEROWE PALAPYE_GAMABUO","Botswana",9.51949503327053,0.156888034044364,"AGS"
"238","0238",9.04724047577741,"BOTSWANA_CENTRAL_SEROWE PALAPYE_GOJWANE","Botswana",9.21758656442371,0.170346088646301,"AGS"
"239","0239",9.877973598927,"BOTSWANA_CENTRAL_SEROWE PALAPYE_GOO-SEKGWENG","Botswana",10.0764251856023,0.198451586675267,"AGS"
"240","0240",9.97550666807091,"BOTSWANA_CENTRAL_SEROWE PALAPYE_GOOTAU","Botswana",10.1803060525215,0.204799384450578,"AGS"
"241","0241",9.68504351995366,"BOTSWANA_CENTRAL_SEROWE PALAPYE_KGAGODI","Botswana",9.88800256016009,0.202959040206439,"AGS"
"242","0242",10.3382026813945,"BOTSWANA_CENTRAL_SEROWE PALAPYE_LECHENG","Botswana",10.532531974994,0.194329293599509,"AGS"
"243","0243",9.9588848787964,"BOTSWANA_CENTRAL_SEROWE PALAPYE_LERALA","Botswana",10.1604953722736,0.201610493477181,"AGS"
"244","0244",10.2122210913977,"BOTSWANA_CENTRAL_SEROWE PALAPYE_LESENEPOLE/MATOLWANE","Botswana",10.4314205904832,0.219199499085574,"AGS"
"245","0245",8.87647922477644,"BOTSWANA_CENTRAL_SEROWE PALAPYE_MABELEAPUDI","Botswana",9.01166970827476,0.135190483498313,"AGS"
"246","0246",8.68146485197648,"BOTSWANA_CENTRAL_SEROWE PALAPYE_MAJWANAADIPITSE","Botswana",8.81434639525503,0.132881543278554,"AGS"
"247","0247",10.2905984547926,"BOTSWANA_CENTRAL_SEROWE PALAPYE_MAJWANENG","Botswana",10.5093658736818,0.218767418889124,"AGS"
"248","0248",9.4997232169183,"BOTSWANA_CENTRAL_SEROWE PALAPYE_MALAKA","Botswana",9.676565429877,0.176842212958706,"AGS"
"249","0249",7.98595645132746,"BOTSWANA_CENTRAL_SEROWE PALAPYE_MALATSWAI","Botswana",8.09648378181837,0.110527330490903,"AGS"
"250","0250",11.0412798567739,"BOTSWANA_CENTRAL_SEROWE PALAPYE_MANALEDI","Botswana",11.2972329225324,0.255953065758481,"AGS"
"251","0251",9.9003171746239,"BOTSWANA_CENTRAL_SEROWE PALAPYE_MATLHAKOLA","Botswana",10.0862241562568,0.185906981632893,"AGS"
"252","0252",10.0746245887561,"BOTSWANA_CENTRAL_SEROWE PALAPYE_MAUNATLALA","Botswana",10.3150696271692,0.240445038413039,"AGS"
"253","0253",9.91613340052909,"BOTSWANA_CENTRAL_SEROWE PALAPYE_MMASHORO","Botswana",10.0802608207682,0.164127420239144,"AGS"
"254","0254",10.1839170903656,"BOTSWANA_CENTRAL_SEROWE PALAPYE_MOENG","Botswana",10.3920713715836,0.208154281218007,"AGS"
"255","0255",9.42043551745961,"BOTSWANA_CENTRAL_SEROWE PALAPYE_MOGAPI","Botswana",9.63021690664346,0.209781389183854,"AGS"
"256","0256",9.65082658351959,"BOTSWANA_CENTRAL_SEROWE PALAPYE_MOGAPINYANA","Botswana",9.85015876930723,0.199332185787647,"AGS"
"257","0257",9.32889374823865,"BOTSWANA_CENTRAL_SEROWE PALAPYE_MOGOME","Botswana",9.48186101203763,0.152967263798987,"AGS"
"258","0258",10.2259474941014,"BOTSWANA_CENTRAL_SEROWE PALAPYE_MOGOROSI","Botswana",10.4042261383535,0.178278644252103,"AGS"
"259","0259",7.40580159351739,"BOTSWANA_CENTRAL_SEROWE PALAPYE_MOIYABANA","Botswana",7.49152284169136,0.0857212481739671,"AGS"
"260","0260",9.46113528107337,"BOTSWANA_CENTRAL_SEROWE PALAPYE_MOKGWARE","Botswana",9.60900362746179,0.147868346388417,"AGS"
"261","0261",9.95347191467044,"BOTSWANA_CENTRAL_SEROWE PALAPYE_MOKHUNGWANA","Botswana",10.14722718197,0.193755267299581,"AGS"
"262","0262",10.0583446149867,"BOTSWANA_CENTRAL_SEROWE PALAPYE_MOKOKWANA","Botswana",10.2708233674996,0.212478752512823,"AGS"
"263","0263",10.2355765831342,"BOTSWANA_CENTRAL_SEROWE PALAPYE_MOREMI","Botswana",10.4542282938114,0.218651710677211,"AGS"
"264","0264",9.02467963301461,"BOTSWANA_CENTRAL_SEROWE PALAPYE_MOREOMABELE","Botswana",9.18227699763152,0.157597364616915,"AGS"
"265","0265",10.0158639479869,"BOTSWANA_CENTRAL_SEROWE PALAPYE_MOSWEU","Botswana",10.2220310573184,0.206167109331439,"AGS"
"266","0266",10.4876953549442,"BOTSWANA_CENTRAL_SEROWE PALAPYE_MOTSHEGALETAU","Botswana",10.6941517617603,0.206456406816107,"AGS"
"267","0267",8.75130730415898,"BOTSWANA_CENTRAL_SEROWE PALAPYE_PAJE","Botswana",8.88648026084286,0.13517295668388,"AGS"
"268","0268",10.3395797803303,"BOTSWANA_CENTRAL_SEROWE PALAPYE_PALAPYE","Botswana",10.5349487111374,0.195368930807069,"AGS"
"269","0269",10.0265699218191,"BOTSWANA_CENTRAL_SEROWE PALAPYE_RADISELE","Botswana",10.1989903926948,0.1724204708757,"AGS"
"270","0270",10.0788138371079,"BOTSWANA_CENTRAL_SEROWE PALAPYE_RATHOLO","Botswana",10.2860338779925,0.207220040884524,"AGS"
"271","0271",9.66577918106123,"BOTSWANA_CENTRAL_SEROWE PALAPYE_SEHUNOU","Botswana",9.84020416450544,0.174424983444213,"AGS"
"272","0272",10.7620545622071,"BOTSWANA_CENTRAL_SEROWE PALAPYE_SEOLWANE","Botswana",11.0254812481556,0.263426685948552,"AGS"
"273","0273",9.01291340191878,"BOTSWANA_CENTRAL_SEROWE PALAPYE_SEROWE","Botswana",9.14989565681671,0.13698225489793,"AGS"
"274","0274",9.25307925227692,"BOTSWANA_CENTRAL_SEROWE PALAPYE_SERULE","Botswana",9.42383197119748,0.170752718920555,"AGS"
"275","0275",9.35146487739196,"BOTSWANA_CENTRAL_SEROWE PALAPYE_TAMASANE","Botswana",9.52892991740511,0.177465040013153,"AGS"
"276","0276",10.4533067808686,"BOTSWANA_CENTRAL_SEROWE PALAPYE_THABALA","Botswana",10.6403902283782,0.187083447509549,"AGS"
"277","0277",9.00213316460332,"BOTSWANA_CENTRAL_SEROWE PALAPYE_TOPISI","Botswana",9.15969249892991,0.157559334326589,"AGS"
"278","0278",8.95583401549171,"BOTSWANA_CENTRAL_SEROWE PALAPYE_TSHIMOYAPULA","Botswana",9.09865300829676,0.142818992805054,"AGS"
"279","0279",9.39942998142649,"BOTSWANA_CENTRAL_SEROWE PALAPYE_TULI","Botswana",9.58457335095033,0.185143369523841,"AGS"
"280","0280",9.22487688989031,"BOTSWANA_CENTRAL_TUTUME_BOROLONG","Botswana",9.4197936109719,0.194916721081594,"AGS"
"281","0281",9.18441537252771,"BOTSWANA_CENTRAL_TUTUME_BOROTSI","Botswana",9.36213768482675,0.177722312299043,"AGS"
"282","0282",9.31752383699382,"BOTSWANA_CENTRAL_TUTUME_CHADIBE","Botswana",9.52134143104495,0.203817594051127,"AGS"
"283","0283",9.17315033954895,"BOTSWANA_CENTRAL_TUTUME_CHANGATE","Botswana",9.34428818237499,0.17113784282604,"AGS"
"284","0284",9.40970210002089,"BOTSWANA_CENTRAL_TUTUME_DAGWI","Botswana",9.60443023803291,0.194728138012024,"AGS"
"285","0285",8.77740460459642,"BOTSWANA_CENTRAL_TUTUME_DUKWI","Botswana",8.88984012208997,0.11243551749355,"AGS"
"286","0286",8.98195554594347,"BOTSWANA_CENTRAL_TUTUME_GOSHWE","Botswana",9.13863245532768,0.156676909384201,"AGS"
"287","0287",9.07632914881998,"BOTSWANA_CENTRAL_TUTUME_GWETA","Botswana",9.20239268845453,0.126063539634551,"AGS"
"288","0288",9.46545939074114,"BOTSWANA_CENTRAL_TUTUME_JAMATAKA","Botswana",9.63234742183418,0.166888031093048,"AGS"
"289","0289",9.22663682152584,"BOTSWANA_CENTRAL_TUTUME_KUTAMOGREE","Botswana",9.34733787303535,0.120701051509517,"AGS"
"290","0290",8.79118517511866,"BOTSWANA_CENTRAL_TUTUME_LEPASHE","Botswana",8.89823492995696,0.1070497548383,"AGS"
"291","0291",8.93084672878741,"BOTSWANA_CENTRAL_TUTUME_MABESEKWA","Botswana",9.05598137749403,0.125134648706624,"AGS"
"292","0292",9.08843159142723,"BOTSWANA_CENTRAL_TUTUME_MAFONGO/HOBONA","Botswana",9.25344894322926,0.16501735180203,"AGS"
"293","0293",9.19592007437433,"BOTSWANA_CENTRAL_TUTUME_MAITENGWE","Botswana",9.35536614993023,0.159446075555898,"AGS"
"294","0294",9.53597462245227,"BOTSWANA_CENTRAL_TUTUME_MAKOBO","Botswana",9.68871747356771,0.152742851115434,"AGS"
"295","0295",9.5561232739653,"BOTSWANA_CENTRAL_TUTUME_MAKUTA","Botswana",9.68184894891781,0.125725674952516,"AGS"
"296","0296",9.30100042917573,"BOTSWANA_CENTRAL_TUTUME_MANDUNYANE","Botswana",9.47447623450106,0.173475805325326,"AGS"
"297","0297",10.1553936993654,"BOTSWANA_CENTRAL_TUTUME_MAPOSA","Botswana",10.2900367379517,0.134643038586216,"AGS"
"298","0298",9.42893577904362,"BOTSWANA_CENTRAL_TUTUME_MARAPONG","Botswana",9.5679256524298,0.138989873386173,"AGS"
"299","0299",9.18291689449695,"BOTSWANA_CENTRAL_TUTUME_MAROBELA","Botswana",9.35215112231107,0.169234227814117,"AGS"
"300","0300",9.32904841943205,"BOTSWANA_CENTRAL_TUTUME_MATHANGWANE","Botswana",9.52351334904842,0.19446492961637,"AGS"
"301","0301",9.37467830980364,"BOTSWANA_CENTRAL_TUTUME_MATOBO","Botswana",9.51654141337131,0.141863103567669,"AGS"
"302","0302",8.71654773783902,"BOTSWANA_CENTRAL_TUTUME_MATSITAMA","Botswana",8.82881465835075,0.112266920511729,"AGS"
"303","0303",10.5764687058927,"BOTSWANA_CENTRAL_TUTUME_MMANXOTAE","Botswana",10.7068477656463,0.130379059753658,"AGS"
"304","0304",8.84923755442195,"BOTSWANA_CENTRAL_TUTUME_MMEYA","Botswana",8.95744530718544,0.108207752763489,"AGS"
"305","0305",8.51119779263915,"BOTSWANA_CENTRAL_TUTUME_MOKUBILO","Botswana",8.61752622302292,0.106328430383771,"AGS"
"306","0306",8.71688728683356,"BOTSWANA_CENTRAL_TUTUME_MOSETSE","Botswana",8.82834573770728,0.111458450873716,"AGS"
"307","0307",9.63799364358856,"BOTSWANA_CENTRAL_TUTUME_NATA","Botswana",9.7661854534866,0.128191809898036,"AGS"
"308","0308",9.32283245815335,"BOTSWANA_CENTRAL_TUTUME_NATALE","Botswana",9.48497446679308,0.162142008639728,"AGS"
"309","0309",9.16245847957115,"BOTSWANA_CENTRAL_TUTUME_NKANGE","Botswana",9.32044009629339,0.157981616722235,"AGS"
"310","0310",9.24270855682528,"BOTSWANA_CENTRAL_TUTUME_NSHAKASHOKWE","Botswana",9.40812679899205,0.165418242166774,"AGS"
"311","0311",9.30321839941506,"BOTSWANA_CENTRAL_TUTUME_NSWAZWI","Botswana",9.44962221738754,0.146403817972482,"AGS"
"312","0312",9.27748379166218,"BOTSWANA_CENTRAL_TUTUME_SEBINA","Botswana",9.44618738117532,0.168703589513136,"AGS"
"313","0313",9.38559812111044,"BOTSWANA_CENTRAL_TUTUME_SEMITWE","Botswana",9.523152552584,0.137554431473555,"AGS"
"314","0314",9.50760862183076,"BOTSWANA_CENTRAL_TUTUME_SENETE","Botswana",9.65560889747892,0.148000275648156,"AGS"
"315","0315",11.6893960677609,"BOTSWANA_CENTRAL_TUTUME_SEPAKO","Botswana",11.8282490323986,0.138852964637699,"AGS"
"316","0316",9.123707268217,"BOTSWANA_CENTRAL_TUTUME_SHASHE-MOOKE","Botswana",9.31141461557009,0.187707347353092,"AGS"
"317","0317",9.3823311802905,"BOTSWANA_CENTRAL_TUTUME_SHASHE/SEMOTSWANE","Botswana",9.57938778697741,0.197056606686912,"AGS"
"318","0318",10.0584601111619,"BOTSWANA_CENTRAL_TUTUME_TONOTA","Botswana",10.2949445088289,0.236484397666993,"AGS"
"319","0319",12.1979261634891,"BOTSWANA_CENTRAL_TUTUME_TSHOKATSHAA","Botswana",12.4078147328831,0.209888569393989,"AGS"
"320","0320",9.73036328289606,"BOTSWANA_CENTRAL_TUTUME_TUTUME","Botswana",9.87067498351133,0.140311700615275,"AGS"
"321","0321",9.97800577815504,"BOTSWANA_CENTRAL_TUTUME_ZOROGA","Botswana",10.1377874138303,0.159781635675294,"AGS"
"322","0322",11.5899098317532,"BOTSWANA_CHOBE_CHOBE_KACHIKAU","Botswana",11.7724842101658,0.182574378412568,"AGS"
"323","0323",11.0432943889283,"BOTSWANA_CHOBE_CHOBE_KASANE","Botswana",11.2347916239966,0.191497235068308,"AGS"
"324","0324",9.7443321238172,"BOTSWANA_CHOBE_CHOBE_KATABA","Botswana",9.85497908070574,0.110646956888541,"AGS"
"325","0325",11.0705273300481,"BOTSWANA_CHOBE_CHOBE_KAVIMBA","Botswana",11.2525580548207,0.182030724772643,"AGS"
"326","0326",11.7303201975391,"BOTSWANA_CHOBE_CHOBE_KAZUNGULA","Botswana",11.9575627225799,0.227242525040756,"AGS"
"327","0327",11.2117727052042,"BOTSWANA_CHOBE_CHOBE_LESOMA","Botswana",11.4345972038001,0.222824498595896,"AGS"
"328","0328",11.7831076032839,"BOTSWANA_CHOBE_CHOBE_MUCHINJE/MABELE","Botswana",11.9972316492334,0.214124045949415,"AGS"
"329","0329",9.94224887505497,"BOTSWANA_CHOBE_CHOBE_NUMBER SEVEN","Botswana",10.0554731019725,0.113224226917568,"AGS"
"330","0330",8.80422232931435,"BOTSWANA_CHOBE_CHOBE_PANDAMATENGA","Botswana",8.93341029839126,0.129187969076913,"AGS"
"331","0331",11.1437852676752,"BOTSWANA_CHOBE_CHOBE_PARAKARUNGU","Botswana",11.3483600309072,0.204574763232005,"AGS"
"332","0332",11.8276974195857,"BOTSWANA_CHOBE_CHOBE_SATAU","Botswana",12.067494390565,0.239796970979256,"AGS"
"333","0333",14.888013522346,"BOTSWANA_GABORONE_GABORONE_GABORONE","Botswana",15.2103760830827,0.322362560736661,"AGS"
"334","0334",6.1359904460926,"BOTSWANA_GHANZI_CENTRAL KGALAGADI GAME RESERVE_CENTRAL KGALAGADI GAME RESERVE","Botswana",6.19752869318536,0.0615382470927619,"AGS"
"335","0335",5.91543395553202,"BOTSWANA_GHANZI_GHANZI_B. VISSER","Botswana",5.97965330437176,0.0642193488397442,"AGS"
"336","0336",5.62369386655272,"BOTSWANA_GHANZI_GHANZI_BERE","Botswana",5.66820291619076,0.044509049638032,"AGS"
"337","0337",4.92898873286104,"BOTSWANA_GHANZI_GHANZI_CHARLES HILL","Botswana",4.9876894250054,0.0587006921443605,"AGS"
"338","0338",5.74524321187465,"BOTSWANA_GHANZI_GHANZI_CHARLES SHELDON","Botswana",5.79788650553,0.0526432936553514,"AGS"
"339","0339",5.26791074510072,"BOTSWANA_GHANZI_GHANZI_CHOBOKWANE","Botswana",5.31102893292091,0.0431181878201894,"AGS"
"340","0340",5.71894565306788,"BOTSWANA_GHANZI_GHANZI_DECT ETIN","Botswana",5.76883317380766,0.0498875207397775,"AGS"
"341","0341",5.7088197671412,"BOTSWANA_GHANZI_GHANZI_DEKAR","Botswana",5.7614567168283,0.0526369496870993,"AGS"
"342","0342",5.51450555067348,"BOTSWANA_GHANZI_GHANZI_EAST HANAHAI","Botswana",5.56139434978114,0.0468887991076619,"AGS"
"343","0343",5.80852628283182,"BOTSWANA_GHANZI_GHANZI_GHANZI","Botswana",5.85621709080901,0.0476908079771956,"AGS"
"344","0344",5.77976806710356,"BOTSWANA_GHANZI_GHANZI_GROOTE LAAGTE","Botswana",5.83172331392692,0.0519552468233613,"AGS"
"345","0345",4.84314528942467,"BOTSWANA_GHANZI_GHANZI_HANS METZLER","Botswana",4.90670882523857,0.0635635358139037,"AGS"
"346","0346",4.91307287908519,"BOTSWANA_GHANZI_GHANZI_J. RANSALL","Botswana",4.97512725912548,0.0620543800402933,"AGS"
"347","0347",5.39531740160483,"BOTSWANA_GHANZI_GHANZI_JANKI JANKI","Botswana",5.43870535703102,0.0433879554261845,"AGS"
"348","0348",5.67773965059196,"BOTSWANA_GHANZI_GHANZI_JERUNG","Botswana",5.73153602488264,0.0537963742906769,"AGS"
"349","0349",6.21435852630188,"BOTSWANA_GHANZI_GHANZI_JOHN FARM","Botswana",6.2889297903904,0.0745712640885197,"AGS"
"350","0350",5.6326182307887,"BOTSWANA_GHANZI_GHANZI_KACGAE","Botswana",5.67934728226078,0.0467290514720791,"AGS"
"351","0351",5.00740767495094,"BOTSWANA_GHANZI_GHANZI_KARAKOBIS","Botswana",5.06414814487237,0.0567404699214302,"AGS"
"352","0352",5.03677926825606,"BOTSWANA_GHANZI_GHANZI_KULE","Botswana",5.08728235091275,0.0505030826566948,"AGS"
"353","0353",5.08776284963001,"BOTSWANA_GHANZI_GHANZI_MAGONO MAGONO","Botswana",5.13215943087051,0.0443965812404992,"AGS"
"354","0354",5.43318741096832,"BOTSWANA_GHANZI_GHANZI_MAKUNDA","Botswana",5.48876706421189,0.0555796532435693,"AGS"
"355","0355",5.46494456939782,"BOTSWANA_GHANZI_GHANZI_MASIRE'S FARM","Botswana",5.5124028029601,0.0474582335622769,"AGS"
"356","0356",4.97627437456406,"BOTSWANA_GHANZI_GHANZI_NCOJANE","Botswana",5.02310865241695,0.046834277852895,"AGS"
"357","0357",5.55916700791713,"BOTSWANA_GHANZI_GHANZI_NEW XADE","Botswana",5.60779748679853,0.0486304788814023,"AGS"
"358","0358",4.99347475946804,"BOTSWANA_GHANZI_GHANZI_NEW XANAGAS","Botswana",5.03815501682934,0.0446802573613079,"AGS"
"359","0359",5.90444269431464,"BOTSWANA_GHANZI_GHANZI_QABO","Botswana",5.95286267289846,0.048419978583822,"AGS"
"360","0360",5.11792669628262,"BOTSWANA_GHANZI_GHANZI_TSOOTSHA","Botswana",5.16805983341721,0.0501331371345977,"AGS"
"361","0361",5.46983549799963,"BOTSWANA_GHANZI_GHANZI_WEST HANAHAI","Botswana",5.51406375405829,0.0442282560586635,"AGS"
"362","0362",9.48132129967285,"BOTSWANA_JWANENG_JWANENG_JWANENG","Botswana",9.66103005311884,0.17970875344599,"AGS"
"363","0363",5.48043173509119,"BOTSWANA_KGALAGADI_KGALAGADI NORTH_HUKUNTSI","Botswana",5.53145199855402,0.0510202634628323,"AGS"
"364","0364",5.61468164826375,"BOTSWANA_KGALAGADI_KGALAGADI NORTH_HUNHUKWE","Botswana",5.66201493207036,0.0473332838066112,"AGS"
"365","0365",6.26661883637497,"BOTSWANA_KGALAGADI_KGALAGADI NORTH_INALEGOLO","Botswana",6.33475299558003,0.0681341592050604,"AGS"
"366","0366",5.93648817438951,"BOTSWANA_KGALAGADI_KGALAGADI NORTH_KANG","Botswana",5.99218196410392,0.0556937897144101,"AGS"
"367","0367",5.69690322491329,"BOTSWANA_KGALAGADI_KGALAGADI NORTH_LEHUTUTU","Botswana",5.74962628907575,0.0527230641624561,"AGS"
"368","0368",5.52636943028306,"BOTSWANA_KGALAGADI_KGALAGADI NORTH_LOKGWABE","Botswana",5.57819091563018,0.0518214853471255,"AGS"
"369","0369",5.75358723006781,"BOTSWANA_KGALAGADI_KGALAGADI NORTH_MAKE","Botswana",5.80466286031278,0.05107563024497,"AGS"
"370","0370",5.59838156753219,"BOTSWANA_KGALAGADI_KGALAGADI NORTH_MONONG","Botswana",5.64756810752674,0.0491865399945581,"AGS"
"371","0371",5.52261980500409,"BOTSWANA_KGALAGADI_KGALAGADI NORTH_NCAANG","Botswana",5.56863701600521,0.0460172110011223,"AGS"
"372","0372",5.58877557337278,"BOTSWANA_KGALAGADI_KGALAGADI NORTH_NGWATLE","Botswana",5.63477805069103,0.0460024773182486,"AGS"
"373","0373",6.13833558188627,"BOTSWANA_KGALAGADI_KGALAGADI NORTH_PHUDUHUDU","Botswana",6.1980614901733,0.0597259082870298,"AGS"
"374","0374",5.65232033113907,"BOTSWANA_KGALAGADI_KGALAGADI NORTH_TSHANE","Botswana",5.70561695529086,0.0532966241517965,"AGS"
"375","0375",5.71032846328541,"BOTSWANA_KGALAGADI_KGALAGADI NORTH_UKWI","Botswana",5.76078215706034,0.0504536937749238,"AGS"
"376","0376",5.1619178608738,"BOTSWANA_KGALAGADI_KGALAGADI NORTH_ZUTSWA","Botswana",5.21041675582404,0.0484988949502396,"AGS"
"377","0377",6.26025859925197,"BOTSWANA_KGALAGADI_KGALAGADI SOUTH_BOGOGOBO","Botswana",6.4346293607905,0.174370761538535,"AGS"
"378","0378",5.38554955433614,"BOTSWANA_KGALAGADI_KGALAGADI SOUTH_BOKSPITS","Botswana",5.45179544610964,0.0662458917735025,"AGS"
"379","0379",9.76172381191578,"BOTSWANA_KGALAGADI_KGALAGADI SOUTH_BRAY","Botswana",9.93104266332311,0.169318851407336,"AGS"
"380","0380",5.74185298245185,"BOTSWANA_KGALAGADI_KGALAGADI SOUTH_GACHIBANA","Botswana",5.91950996103787,0.177656978586024,"AGS"
"381","0381",6.76584930903791,"BOTSWANA_KGALAGADI_KGALAGADI SOUTH_KHISA","Botswana",6.87438614066354,0.108536831625623,"AGS"
"382","0382",6.27414815112028,"BOTSWANA_KGALAGADI_KGALAGADI SOUTH_KHUIS","Botswana",6.45495577026042,0.180807619140144,"AGS"
"383","0383",5.50278106074882,"BOTSWANA_KGALAGADI_KGALAGADI SOUTH_KHWAWA","Botswana",5.60782398185093,0.105042921102108,"AGS"
"384","0384",7.53386756341775,"BOTSWANA_KGALAGADI_KGALAGADI SOUTH_KOKOTSHA","Botswana",7.63439907197455,0.100531508556794,"AGS"
"385","0385",6.25009552662967,"BOTSWANA_KGALAGADI_KGALAGADI SOUTH_KOLONKWANE","Botswana",6.41293371830847,0.1628381916788,"AGS"
"386","0386",7.30055107417065,"BOTSWANA_KGALAGADI_KGALAGADI SOUTH_MAKOPONG","Botswana",7.40181172159278,0.101260647422124,"AGS"
"387","0387",6.74799049600662,"BOTSWANA_KGALAGADI_KGALAGADI SOUTH_MALESHE","Botswana",6.87172967891653,0.12373918290991,"AGS"
"388","0388",6.8436875921206,"BOTSWANA_KGALAGADI_KGALAGADI SOUTH_MARALALENG","Botswana",6.96812125510278,0.12443366298218,"AGS"
"389","0389",6.15394846142063,"BOTSWANA_KGALAGADI_KGALAGADI SOUTH_MAUBELO","Botswana",6.23203127155981,0.0780828101391799,"AGS"
"390","0390",6.26608903708978,"BOTSWANA_KGALAGADI_KGALAGADI SOUTH_MIDDLEPITS","Botswana",6.44290894487329,0.176819907783512,"AGS"
"391","0391",8.5489091548209,"BOTSWANA_KGALAGADI_KGALAGADI SOUTH_MOLOPO FARMS","Botswana",8.69193554289251,0.143026388071609,"AGS"
"392","0392",6.79937068691032,"BOTSWANA_KGALAGADI_KGALAGADI SOUTH_OMAWENENO","Botswana",6.91804645891937,0.118675772009051,"AGS"
"393","0393",6.89016789613812,"BOTSWANA_KGALAGADI_KGALAGADI SOUTH_PHEPHENG/DRAAIHOEK","Botswana",6.98515632117956,0.0949884250414375,"AGS"
"394","0394",5.33066524377368,"BOTSWANA_KGALAGADI_KGALAGADI SOUTH_RAPPLES PAN","Botswana",5.47419325178739,0.143528008013708,"AGS"
"395","0395",4.75362754852383,"BOTSWANA_KGALAGADI_KGALAGADI SOUTH_STRUIZENDAM","Botswana",4.86589050717036,0.112262958646524,"AGS"
"396","0396",7.07773464669884,"BOTSWANA_KGALAGADI_KGALAGADI SOUTH_TSABONG","Botswana",7.22375168141275,0.146017034713909,"AGS"
"397","0397",5.12577087725473,"BOTSWANA_KGALAGADI_KGALAGADI SOUTH_VAALHOEK","Botswana",5.25822549340375,0.13245461614902,"AGS"
"398","0398",7.10521757727085,"BOTSWANA_KGALAGADI_KGALAGADI SOUTH_WERDA","Botswana",7.19952007525144,0.09430249798059,"AGS"
"399","0399",11.8938266400502,"BOTSWANA_KGATLENG_KGATLENG_ARTISIA","Botswana",12.1197051035521,0.225878463501969,"AGS"
"400","0400",13.1043441051636,"BOTSWANA_KGATLENG_KGATLENG_BOKAA","Botswana",13.3866125584617,0.282268453298153,"AGS"
"401","0401",11.1502051597329,"BOTSWANA_KGATLENG_KGATLENG_DIKGONNYE","Botswana",11.3590643311085,0.208859171375645,"AGS"
"402","0402",13.8166473427298,"BOTSWANA_KGATLENG_KGATLENG_DIKWIDIDI","Botswana",14.0883222591551,0.271674916425241,"AGS"
"403","0403",11.1529438356116,"BOTSWANA_KGATLENG_KGATLENG_KGOMODIATSHABA","Botswana",11.3473803753141,0.194436539702579,"AGS"
"404","0404",10.1767472476901,"BOTSWANA_KGATLENG_KGATLENG_KHURUTSHE","Botswana",10.3465822174637,0.169834969773612,"AGS"
"405","0405",11.1650660429739,"BOTSWANA_KGATLENG_KGATLENG_LESHIBITSE","Botswana",11.3605598359959,0.195493793021996,"AGS"
"406","0406",14.1323466339673,"BOTSWANA_KGATLENG_KGATLENG_MABALANE","Botswana",14.4080272970591,0.275680663091871,"AGS"
"407","0407",13.7246265613626,"BOTSWANA_KGATLENG_KGATLENG_MALOLWANE","Botswana",13.9841975668443,0.259571005481632,"AGS"
"408","0408",12.4232408460698,"BOTSWANA_KGATLENG_KGATLENG_MALOTWANA SIDING","Botswana",12.6576226171287,0.234381771058903,"AGS"
"409","0409",13.7680142407202,"BOTSWANA_KGATLENG_KGATLENG_MATEBELENG","Botswana",14.0441846853244,0.276170444604166,"AGS"
"410","0410",14.49336940836,"BOTSWANA_KGATLENG_KGATLENG_MMATHUBUDUKWANE","Botswana",14.7794074148071,0.286038006447074,"AGS"
"411","0411",12.8005612049563,"BOTSWANA_KGATLENG_KGATLENG_MOCHUDI","Botswana",13.0193963655917,0.218835160635425,"AGS"
"412","0412",14.0493743086914,"BOTSWANA_KGATLENG_KGATLENG_MODIPANE","Botswana",14.3309118028367,0.281537494145303,"AGS"
"413","0413",13.6360992525719,"BOTSWANA_KGATLENG_KGATLENG_MORWA","Botswana",13.9056998764362,0.269600623864243,"AGS"
"414","0414",13.3286947428766,"BOTSWANA_KGATLENG_KGATLENG_OLIPHANTS DRIFT","Botswana",13.5520283551197,0.223333612243046,"AGS"
"415","0415",14.0553846597268,"BOTSWANA_KGATLENG_KGATLENG_OODI","Botswana",14.3411828434861,0.285798183759304,"AGS"
"416","0416",13.1604203779795,"BOTSWANA_KGATLENG_KGATLENG_PILANE STATION","Botswana",13.4158990471776,0.255478669198137,"AGS"
"417","0417",14.2771501944003,"BOTSWANA_KGATLENG_KGATLENG_RAMONAKA","Botswana",14.5520587970404,0.274908602640123,"AGS"
"418","0418",11.9996112955081,"BOTSWANA_KGATLENG_KGATLENG_RAMOTLABAKI","Botswana",12.2001543758623,0.200543080354208,"AGS"
"419","0419",12.024282963016,"BOTSWANA_KGATLENG_KGATLENG_RASESA","Botswana",12.2635747684945,0.239291805478455,"AGS"
"420","0420",14.2306936594002,"BOTSWANA_KGATLENG_KGATLENG_SIKWANE","Botswana",14.5067556031395,0.276061943739297,"AGS"
"421","0421",17.1960757636331,"BOTSWANA_KWENENG_KWENENG EAST_BDF MOGODITSHANE","Botswana",17.584327845707,0.388252082073969,"AGS"
"422","0422",9.56089475867462,"BOTSWANA_KWENENG_KWENENG EAST_BOATLANAME","Botswana",9.72298521272396,0.162090454049347,"AGS"
"423","0423",11.4755325315169,"BOTSWANA_KWENENG_KWENENG EAST_DIKGATLHONG","Botswana",11.7106952797271,0.235162748210167,"AGS"
"424","0424",11.4963997967597,"BOTSWANA_KWENENG_KWENENG EAST_DITSHUKUDU","Botswana",11.75587904251,0.259479245750351,"AGS"
"425","0425",13.2859204867112,"BOTSWANA_KWENENG_KWENENG EAST_GABANE","Botswana",13.6326840588951,0.346763572183916,"AGS"
"426","0426",11.8243994336424,"BOTSWANA_KWENENG_KWENENG EAST_GAKGATLA","Botswana",12.1638573904314,0.339457956788976,"AGS"
"427","0427",12.648239437074,"BOTSWANA_KWENENG_KWENENG EAST_GAKUTLO","Botswana",12.9799508394755,0.331711402401504,"AGS"
"428","0428",12.0385717867871,"BOTSWANA_KWENENG_KWENENG EAST_GAMODUBU","Botswana",12.3414312232439,0.302859436456725,"AGS"
"429","0429",10.0232976203086,"BOTSWANA_KWENENG_KWENENG EAST_HATSALATLADI","Botswana",10.2288877436466,0.205590123337943,"AGS"
"430","0430",11.647909312274,"BOTSWANA_KWENENG_KWENENG EAST_KGOPE","Botswana",11.8964753531085,0.248566040834509,"AGS"
"431","0431",12.2093247545294,"BOTSWANA_KWENENG_KWENENG EAST_KOPONG","Botswana",12.4904240082884,0.281099253758951,"AGS"
"432","0432",10.9477948776948,"BOTSWANA_KWENENG_KWENENG EAST_KUBUNG","Botswana",11.2542427275658,0.306447849871001,"AGS"
"433","0433",13.7601802831605,"BOTSWANA_KWENENG_KWENENG EAST_KUMAKWANE","Botswana",14.1699054774392,0.409725194278767,"AGS"
"434","0434",9.77771974748467,"BOTSWANA_KWENENG_KWENENG EAST_KWENENG","Botswana",9.95048649186996,0.172766744385282,"AGS"
"435","0435",11.1107530350344,"BOTSWANA_KWENENG_KWENENG EAST_LENTSWELETAU","Botswana",11.3319686421624,0.221215607128027,"AGS"
"436","0436",8.83149919494577,"BOTSWANA_KWENENG_KWENENG EAST_LEOLOGANE","Botswana",8.96878596538225,0.137286770436482,"AGS"
"437","0437",9.13441733403346,"BOTSWANA_KWENENG_KWENENG EAST_LEPHEPHE","Botswana",9.29039960635342,0.155982272319958,"AGS"
"438","0438",10.8447916195094,"BOTSWANA_KWENENG_KWENENG EAST_LOSILAKGOKONG","Botswana",11.1437875980314,0.298995978522074,"AGS"
"439","0439",11.0970600754742,"BOTSWANA_KWENENG_KWENENG EAST_MAHETLWE","Botswana",11.3355061757859,0.238446100311696,"AGS"
"440","0440",10.3924467075439,"BOTSWANA_KWENENG_KWENENG EAST_MEDIE","Botswana",10.5784077755627,0.18596106801879,"AGS"
"441","0441",15.4761063942211,"BOTSWANA_KWENENG_KWENENG EAST_METSIMOTLHABE","Botswana",15.900830597416,0.424724203194909,"AGS"
"442","0442",13.0965661094264,"BOTSWANA_KWENENG_KWENENG EAST_MMANKGODI","Botswana",13.4769793943913,0.380413284964954,"AGS"
"443","0443",11.6168284675916,"BOTSWANA_KWENENG_KWENENG EAST_MMANOKO","Botswana",11.9200339829613,0.303205515369651,"AGS"
"444","0444",13.4946251821057,"BOTSWANA_KWENENG_KWENENG EAST_MMATSETA","Botswana",13.8261950099995,0.331569827893786,"AGS"
"445","0445",13.6020555222585,"BOTSWANA_KWENENG_KWENENG EAST_MMOPANE","Botswana",13.9354126787974,0.333357156538863,"AGS"
"446","0446",15.0130680625575,"BOTSWANA_KWENENG_KWENENG EAST_MOGODITSHANE","Botswana",15.3516784308169,0.338610368259435,"AGS"
"447","0447",10.7236679798974,"BOTSWANA_KWENENG_KWENENG EAST_MOGONONO","Botswana",10.9664125055923,0.242744525694873,"AGS"
"448","0448",15.0955191850529,"BOTSWANA_KWENENG_KWENENG EAST_MOKOLODI","Botswana",15.4350726025324,0.339553417479502,"AGS"
"449","0449",11.0605418271003,"BOTSWANA_KWENENG_KWENENG EAST_MOLEPOLOLE","Botswana",11.3231229049782,0.262581077877813,"AGS"
"450","0450",13.033667878152,"BOTSWANA_KWENENG_KWENENG EAST_RAMAPHATLE","Botswana",13.4256944551488,0.392026576996795,"AGS"
"451","0451",9.07109276166477,"BOTSWANA_KWENENG_KWENENG EAST_SHADISHADI","Botswana",9.22805052347207,0.1569577618073,"AGS"
"452","0452",9.16501337705586,"BOTSWANA_KWENENG_KWENENG EAST_SOJWE","Botswana",9.31299588908369,0.147982512027827,"AGS"
"453","0453",11.7814371724753,"BOTSWANA_KWENENG_KWENENG EAST_THAMAGA","Botswana",12.120487423215,0.339050250739637,"AGS"
"454","0454",13.3313753742777,"BOTSWANA_KWENENG_KWENENG EAST_TLOANENG","Botswana",13.6666418740623,0.33526649978457,"AGS"
"455","0455",9.1778472411896,"BOTSWANA_KWENENG_KWENENG WEST_BOTLHAPATLOU","Botswana",9.34959791250458,0.171750671314982,"AGS"
"456","0456",8.71447586804648,"BOTSWANA_KWENENG_KWENENG WEST_DIPHUDUHUDU","Botswana",8.86715614532504,0.152680277278561,"AGS"
"457","0457",9.2719800071175,"BOTSWANA_KWENENG_KWENENG WEST_DITSHEGWANE","Botswana",9.46728030409913,0.195300296981632,"AGS"
"458","0458",8.05305605573014,"BOTSWANA_KWENENG_KWENENG WEST_DUTLWE","Botswana",8.16247499889054,0.109418943160398,"AGS"
"459","0459",6.87962440048584,"BOTSWANA_KWENENG_KWENENG WEST_KAUDWANE","Botswana",6.96165301523401,0.0820286147481779,"AGS"
"460","0460",8.4235087957189,"BOTSWANA_KWENENG_KWENENG WEST_KHUDUMELAPYE","Botswana",8.56656492305731,0.143056127338415,"AGS"
"461","0461",10.5410343405014,"BOTSWANA_KWENENG_KWENENG WEST_KOTOLANAME","Botswana",10.8314118176481,0.290377477146711,"AGS"
"462","0462",8.69958609676121,"BOTSWANA_KWENENG_KWENENG WEST_LETLHAKENG","Botswana",8.86075811062107,0.161172013859858,"AGS"
"463","0463",8.26417441854802,"BOTSWANA_KWENENG_KWENENG WEST_MABOANE","Botswana",8.39658721582093,0.132412797272909,"AGS"
"464","0464",9.59985093790808,"BOTSWANA_KWENENG_KWENENG WEST_MALWELWE","Botswana",9.79779367027374,0.197942732365657,"AGS"
"465","0465",9.30637463708114,"BOTSWANA_KWENENG_KWENENG WEST_MANTSHWABISI","Botswana",9.49350498489524,0.187130347814106,"AGS"
"466","0466",9.10679247192747,"BOTSWANA_KWENENG_KWENENG WEST_MARATSHWANE","Botswana",9.27806192084103,0.171269448913559,"AGS"
"467","0467",8.51234525924425,"BOTSWANA_KWENENG_KWENENG WEST_METSIBOTLHOKO","Botswana",8.65958981657867,0.147244557334421,"AGS"
"468","0468",9.53133792703532,"BOTSWANA_KWENENG_KWENENG WEST_MONWANE","Botswana",9.73243368824612,0.201095761210796,"AGS"
"469","0469",9.70902505724345,"BOTSWANA_KWENENG_KWENENG WEST_MOSHAWENG","Botswana",9.94737138450863,0.238346327265184,"AGS"
"470","0470",7.57831588371175,"BOTSWANA_KWENENG_KWENENG WEST_MOTOKWE","Botswana",7.66609564171345,0.0877797580016981,"AGS"
"471","0471",8.23543493952979,"BOTSWANA_KWENENG_KWENENG WEST_NGWARE","Botswana",8.35783152981124,0.122396590281442,"AGS"
"472","0472",7.42145781290371,"BOTSWANA_KWENENG_KWENENG WEST_SALAJWE","Botswana",7.52459892019746,0.103141107293757,"AGS"
"473","0473",9.54859693121445,"BOTSWANA_KWENENG_KWENENG WEST_SERINANE","Botswana",9.75628128339358,0.207684352179125,"AGS"
"474","0474",8.78651164495342,"BOTSWANA_KWENENG_KWENENG WEST_SESUNG","Botswana",8.95219434773258,0.165682702779154,"AGS"
"475","0475",7.72153136156567,"BOTSWANA_KWENENG_KWENENG WEST_SORILATHOLO","Botswana",7.83432860476874,0.112797243203076,"AGS"
"476","0476",7.82889910776475,"BOTSWANA_KWENENG_KWENENG WEST_TAKATOKWANE","Botswana",7.9315277152626,0.102628607497847,"AGS"
"477","0477",9.8791858966246,"BOTSWANA_KWENENG_KWENENG WEST_THEBEPHATSHWA","Botswana",10.0881488075559,0.20896291093131,"AGS"
"478","0478",7.61129652935439,"BOTSWANA_KWENENG_KWENENG WEST_TSETSENG","Botswana",7.68672238145911,0.0754258521047255,"AGS"
"479","0479",7.80084959058822,"BOTSWANA_KWENENG_KWENENG WEST_TSWAANE","Botswana",7.88502956790924,0.0841799773210212,"AGS"
"480","0480",14.3432757831978,"BOTSWANA_LOBATSE_LOBATSE_LOBATSE","Botswana",14.7258194289724,0.382543645774629,"AGS"
"481","0481",9.08103625597643,"BOTSWANA_NORTH EAST_NORTH EAST_BOTALAOTE","Botswana",9.26072071529165,0.179684459315224,"AGS"
"482","0482",9.68341459569465,"BOTSWANA_NORTH EAST_NORTH EAST_BUTALE","Botswana",9.95712013496484,0.273705539270193,"AGS"
"483","0483",9.54296344861683,"BOTSWANA_NORTH EAST_NORTH EAST_DITLADI","Botswana",9.78173808975054,0.238774641133716,"AGS"
"484","0484",9.16401866747816,"BOTSWANA_NORTH EAST_NORTH EAST_GAMBULE","Botswana",9.3728906264085,0.208871958930342,"AGS"
"485","0485",9.08105275926998,"BOTSWANA_NORTH EAST_NORTH EAST_GULUBANE","Botswana",9.27271225800173,0.191659498731749,"AGS"
"486","0486",9.20742959612488,"BOTSWANA_NORTH EAST_NORTH EAST_GUNGWE","Botswana",9.4141364359194,0.206706839794526,"AGS"
"487","0487",9.2275555482612,"BOTSWANA_NORTH EAST_NORTH EAST_HASKINS FARM","Botswana",9.46268413401356,0.235128585752367,"AGS"
"488","0488",10.2239429238615,"BOTSWANA_NORTH EAST_NORTH EAST_JACKALAS 1","Botswana",10.5429309377019,0.318988013840308,"AGS"
"489","0489",9.3908372235786,"BOTSWANA_NORTH EAST_NORTH EAST_JACKALAS 2","Botswana",9.64112671305653,0.250289489477936,"AGS"
"490","0490",9.47024307145623,"BOTSWANA_NORTH EAST_NORTH EAST_JOHANNES KACHEJOHN","Botswana",9.70143682909157,0.231193757635332,"AGS"
"491","0491",9.17502784201145,"BOTSWANA_NORTH EAST_NORTH EAST_KALAKAMATI","Botswana",9.38046631998086,0.205438477969416,"AGS"
"492","0492",9.89570753520077,"BOTSWANA_NORTH EAST_NORTH EAST_KGARI","Botswana",10.1877663253541,0.292058790153334,"AGS"
"493","0493",9.32662156783576,"BOTSWANA_NORTH EAST_NORTH EAST_LETSHOLATHEBE","Botswana",9.55572057371615,0.229099005880386,"AGS"
"494","0494",9.43227322103611,"BOTSWANA_NORTH EAST_NORTH EAST_MABUDZANE","Botswana",9.68465235107704,0.252379130040936,"AGS"
"495","0495",9.03725009113871,"BOTSWANA_NORTH EAST_NORTH EAST_MAKALENG","Botswana",9.22432729057753,0.187077199438818,"AGS"
"496","0496",9.12788837560727,"BOTSWANA_NORTH EAST_NORTH EAST_MAMBO","Botswana",9.33331951426267,0.205431138655399,"AGS"
"497","0497",10.2007907369293,"BOTSWANA_NORTH EAST_NORTH EAST_MAPOKA","Botswana",10.5115538378007,0.310763100871414,"AGS"
"498","0498",9.09110486114927,"BOTSWANA_NORTH EAST_NORTH EAST_MASINGWANENG","Botswana",9.28894642319694,0.197841562047675,"AGS"
"499","0499",9.86818739449648,"BOTSWANA_NORTH EAST_NORTH EAST_MASUKWANE","Botswana",10.135207742492,0.267020347995498,"AGS"
"500","0500",9.62661968934976,"BOTSWANA_NORTH EAST_NORTH EAST_MASUNGA","Botswana",9.87062532507517,0.24400563572541,"AGS"
"501","0501",9.18650353639051,"BOTSWANA_NORTH EAST_NORTH EAST_MATENGE","Botswana",9.362045073021,0.175541536630487,"AGS"
"502","0502",9.61975044047458,"BOTSWANA_NORTH EAST_NORTH EAST_MATSHELAGABEDI","Botswana",9.87558023259964,0.255829792125061,"AGS"
"503","0503",9.71417793083842,"BOTSWANA_NORTH EAST_NORTH EAST_MATSILOJE","Botswana",9.98725160112534,0.273073670286916,"AGS"
"504","0504",9.16785523312085,"BOTSWANA_NORTH EAST_NORTH EAST_MBALAMBI","Botswana",9.36774704793292,0.199891814812066,"AGS"
"505","0505",10.2438536187994,"BOTSWANA_NORTH EAST_NORTH EAST_MOROKA","Botswana",10.5629537443444,0.319100125545003,"AGS"
"506","0506",9.92050639072067,"BOTSWANA_NORTH EAST_NORTH EAST_MOSOJANE","Botswana",10.1876204062238,0.267114015503095,"AGS"
"507","0507",9.60391089706883,"BOTSWANA_NORTH EAST_NORTH EAST_MOWANA","Botswana",9.86564080978654,0.261729912717712,"AGS"
"508","0508",9.76249626923535,"BOTSWANA_NORTH EAST_NORTH EAST_MULAMBAKWENA","Botswana",10.0119303297961,0.249434060560793,"AGS"
"509","0509",10.2180185823953,"BOTSWANA_NORTH EAST_NORTH EAST_NLAKHWANE","Botswana",10.5022256851194,0.28420710272408,"AGS"
"510","0510",9.56753315126134,"BOTSWANA_NORTH EAST_NORTH EAST_PATAYAMATEBELE","Botswana",9.81620052154689,0.248667370285551,"AGS"
"511","0511",10.140860702383,"BOTSWANA_NORTH EAST_NORTH EAST_POLE","Botswana",10.4333787253306,0.292518022947549,"AGS"
"512","0512",10.1059428813148,"BOTSWANA_NORTH EAST_NORTH EAST_RAMOKGWEBANA","Botswana",10.4270033199241,0.321060438609335,"AGS"
"513","0513",9.16102950393356,"BOTSWANA_NORTH EAST_NORTH EAST_SECHELE","Botswana",9.3798915544088,0.218862050475241,"AGS"
"514","0514",9.1967395388842,"BOTSWANA_NORTH EAST_NORTH EAST_SEKAKANGWE","Botswana",9.40096116655016,0.204221627665955,"AGS"
"515","0515",9.53016805878748,"BOTSWANA_NORTH EAST_NORTH EAST_SENYAWE","Botswana",9.7947630103213,0.264594951533823,"AGS"
"516","0516",9.90034596303526,"BOTSWANA_NORTH EAST_NORTH EAST_SHASHE BRIDGE","Botswana",10.1300708598208,0.229724896785573,"AGS"
"517","0517",9.56760117834634,"BOTSWANA_NORTH EAST_NORTH EAST_SIVIYA","Botswana",9.81963465287083,0.25203347452449,"AGS"
"518","0518",9.62788956396713,"BOTSWANA_NORTH EAST_NORTH EAST_TATI SIDING","Botswana",9.85217581984908,0.224286255881944,"AGS"
"519","0519",9.55738391178108,"BOTSWANA_NORTH EAST_NORTH EAST_THEMASHANGA","Botswana",9.8085585597876,0.251174648006527,"AGS"
"520","0520",8.98297526672125,"BOTSWANA_NORTH EAST_NORTH EAST_TOTENG","Botswana",9.16354268948574,0.180567422764486,"AGS"
"521","0521",9.63913518471239,"BOTSWANA_NORTH EAST_NORTH EAST_TSAMAYA","Botswana",9.90743248009531,0.268297295382919,"AGS"
"522","0522",9.71141129180433,"BOTSWANA_NORTH EAST_NORTH EAST_TSHESEBE","Botswana",9.97797989708928,0.266568605284956,"AGS"
"523","0523",9.20743239817287,"BOTSWANA_NORTH EAST_NORTH EAST_VUKWI","Botswana",9.42245896316732,0.215026564994453,"AGS"
"524","0524",9.95053711961127,"BOTSWANA_NORTH EAST_NORTH EAST_ZWENSHAMBE","Botswana",10.2054406479195,0.254903528308265,"AGS"
"525","0525",8.0572685016633,"BOTSWANA_NORTH WEST_NGAMILAND DELTA_NGAMILAND DELTA","Botswana",8.11694985156226,0.0596813498989661,"AGS"
"526","0526",6.46633080814922,"BOTSWANA_NORTH WEST_NGAMILAND EAST_BODIBENG","Botswana",6.57448426591425,0.108153457765034,"AGS"
"527","0527",6.45903545408029,"BOTSWANA_NORTH WEST_NGAMILAND EAST_BOTLHATLOGO","Botswana",6.53566428154981,0.0766288274695226,"AGS"
"528","0528",7.28173357876892,"BOTSWANA_NORTH WEST_NGAMILAND EAST_CHANOGA","Botswana",7.33876556180024,0.0570319830313162,"AGS"
"529","0529",7.49035685195907,"BOTSWANA_NORTH WEST_NGAMILAND EAST_HABU","Botswana",7.54838798812362,0.0580311361645522,"AGS"
"530","0530",6.29611673111185,"BOTSWANA_NORTH WEST_NGAMILAND EAST_KARENG","Botswana",6.36690519550978,0.0707884643979266,"AGS"
"531","0531",6.42479329413377,"BOTSWANA_NORTH WEST_NGAMILAND EAST_KGAKGE/MAKAKUNG","Botswana",6.57431103449757,0.149517740363793,"AGS"
"532","0532",7.83880957318224,"BOTSWANA_NORTH WEST_NGAMILAND EAST_KOMANA","Botswana",7.89691715990467,0.0581075867224241,"AGS"
"533","0533",9.08633745357322,"BOTSWANA_NORTH WEST_NGAMILAND EAST_MABABE","Botswana",9.16463103969956,0.0782935861263372,"AGS"
"534","0534",7.14331567310024,"BOTSWANA_NORTH WEST_NGAMILAND EAST_MAKALAMABEDI","Botswana",7.28788329184672,0.144567618746478,"AGS"
"535","0535",7.69979036123616,"BOTSWANA_NORTH WEST_NGAMILAND EAST_MATLAPANA","Botswana",7.75760078106313,0.0578104198269696,"AGS"
"536","0536",7.75546762438855,"BOTSWANA_NORTH WEST_NGAMILAND EAST_MATSAUDI/SAKAPNAE","Botswana",7.81655542846289,0.0610878040743481,"AGS"
"537","0537",8.49642227044151,"BOTSWANA_NORTH WEST_NGAMILAND EAST_MAUN","Botswana",8.56863493425016,0.0722126638086547,"AGS"
"538","0538",9.45477093771377,"BOTSWANA_NORTH WEST_NGAMILAND EAST_PHUDUHUDU","Botswana",9.53880471028616,0.0840337725723899,"AGS"
"539","0539",9.35839804434961,"BOTSWANA_NORTH WEST_NGAMILAND EAST_SANKUYO","Botswana",9.43163850576261,0.0732404614130004,"AGS"
"540","0540",6.76878402932362,"BOTSWANA_NORTH WEST_NGAMILAND EAST_SEHITHWA","Botswana",6.82470309496069,0.0559190656370703,"AGS"
"541","0541",6.74405244771954,"BOTSWANA_NORTH WEST_NGAMILAND EAST_SEMBOYO","Botswana",6.80054117428251,0.0564887265629661,"AGS"
"542","0542",8.4542921725785,"BOTSWANA_NORTH WEST_NGAMILAND EAST_SHOROBE","Botswana",8.52678714480433,0.0724949722258295,"AGS"
"543","0543",7.1765956177373,"BOTSWANA_NORTH WEST_NGAMILAND EAST_TOTENG","Botswana",7.23676658730104,0.0601709695637425,"AGS"
"544","0544",7.15182038576025,"BOTSWANA_NORTH WEST_NGAMILAND EAST_TSAO","Botswana",7.2083352309733,0.0565148452130488,"AGS"
"545","0545",9.16202805306055,"BOTSWANA_NORTH WEST_NGAMILAND WEST_BEETSHA","Botswana",9.24614863946668,0.0841205864061365,"AGS"
"546","0546",8.72184476481841,"BOTSWANA_NORTH WEST_NGAMILAND WEST_CHUKUMUCHU","Botswana",8.87414785646769,0.152303091649282,"AGS"
"547","0547",8.25438775873446,"BOTSWANA_NORTH WEST_NGAMILAND WEST_ERETSHA","Botswana",8.32752523622101,0.0731374774865472,"AGS"
"548","0548",10.8987980307182,"BOTSWANA_NORTH WEST_NGAMILAND WEST_ETSHA 1","Botswana",10.9786716023397,0.079873571621464,"AGS"
"549","0549",9.67969816737494,"BOTSWANA_NORTH WEST_NGAMILAND WEST_ETSHA 13","Botswana",9.82178973252281,0.142091565147865,"AGS"
"550","0550",11.5773519858696,"BOTSWANA_NORTH WEST_NGAMILAND WEST_ETSHA 6","Botswana",11.6223370565152,0.0449850706455859,"AGS"
"551","0551",9.69160293197409,"BOTSWANA_NORTH WEST_NGAMILAND WEST_GANI","Botswana",9.86490185477574,0.173298922801656,"AGS"
"552","0552",8.27620658247733,"BOTSWANA_NORTH WEST_NGAMILAND WEST_GONUTSUGA","Botswana",8.35549375512228,0.079287172644948,"AGS"
"553","0553",11.0615818730194,"BOTSWANA_NORTH WEST_NGAMILAND WEST_GUDINGWA","Botswana",11.1554741074946,0.0938922344751951,"AGS"
"554","0554",8.89204258300988,"BOTSWANA_NORTH WEST_NGAMILAND WEST_GUMARE","Botswana",8.97415839589951,0.0821158128896311,"AGS"
"555","0555",8.20213433974529,"BOTSWANA_NORTH WEST_NGAMILAND WEST_IKOGA","Botswana",8.31156138600772,0.109427046262429,"AGS"
"556","0556",8.96298763175285,"BOTSWANA_NORTH WEST_NGAMILAND WEST_KAJAJA","Botswana",9.19523035613911,0.232242724386261,"AGS"
"557","0557",9.28586302736906,"BOTSWANA_NORTH WEST_NGAMILAND WEST_KAUXWHI","Botswana",9.51966743400912,0.23380440664006,"AGS"
"558","0558",7.86349228340963,"BOTSWANA_NORTH WEST_NGAMILAND WEST_MOGOMOTHO","Botswana",7.9624649388303,0.0989726554206731,"AGS"
"559","0559",13.360863809413,"BOTSWANA_NORTH WEST_NGAMILAND WEST_MOHEMBO EAST","Botswana",13.5862735287443,0.225409719331363,"AGS"
"560","0560",10.2426610809982,"BOTSWANA_NORTH WEST_NGAMILAND WEST_MOHEMBO WEST","Botswana",10.5027597586791,0.260098677680912,"AGS"
"561","0561",8.29206657851647,"BOTSWANA_NORTH WEST_NGAMILAND WEST_MOKGACHA","Botswana",8.39261855775383,0.100551979237361,"AGS"
"562","0562",8.52137408540554,"BOTSWANA_NORTH WEST_NGAMILAND WEST_NGARANGE","Botswana",8.75010196017911,0.22872787477357,"AGS"
"563","0563",7.93612832134217,"BOTSWANA_NORTH WEST_NGAMILAND WEST_NOKANENG","Botswana",8.002024552143,0.0658962308008313,"AGS"
"564","0564",9.06918853438821,"BOTSWANA_NORTH WEST_NGAMILAND WEST_NXAMASERE","Botswana",9.31884070357426,0.249652169186055,"AGS"
"565","0565",16.3030236205273,"BOTSWANA_NORTH WEST_NGAMILAND WEST_NXAUNXAU","Botswana",16.3514722411702,0.0484486206428798,"AGS"
"566","0566",8.76832156902053,"BOTSWANA_NORTH WEST_NGAMILAND WEST_QANGWA","Botswana",8.83987772098073,0.0715561519601984,"AGS"
"567","0567",10.0599223518215,"BOTSWANA_NORTH WEST_NGAMILAND WEST_SAMOCHEMA","Botswana",10.3138827179161,0.253960366094578,"AGS"
"568","0568",8.20263435631187,"BOTSWANA_NORTH WEST_NGAMILAND WEST_SEKONDOMBORO","Botswana",8.34234172767895,0.139707371367077,"AGS"
"569","0569",8.7280431589494,"BOTSWANA_NORTH WEST_NGAMILAND WEST_SEPOPA","Botswana",8.91648393315178,0.188440774202382,"AGS"
"570","0570",7.95844290398026,"BOTSWANA_NORTH WEST_NGAMILAND WEST_SERONGA","Botswana",8.05040912585245,0.0919662218721928,"AGS"
"571","0571",10.2490146476446,"BOTSWANA_NORTH WEST_NGAMILAND WEST_SHAKAWE","Botswana",10.5121943391303,0.263179691485671,"AGS"
"572","0572",9.22076825028108,"BOTSWANA_NORTH WEST_NGAMILAND WEST_TUBU","Botswana",9.29716505519965,0.0763968049185699,"AGS"
"573","0573",9.85554771610564,"BOTSWANA_NORTH WEST_NGAMILAND WEST_XAKAO","Botswana",10.0847092204,0.229161504294348,"AGS"
"574","0574",6.25280435899082,"BOTSWANA_NORTH WEST_NGAMILAND WEST_XAXA","Botswana",6.30145433680874,0.0486499778179237,"AGS"
"575","0575",9.31591140301776,"BOTSWANA_NORTH WEST_NGAMILAND WEST_XHAUGA","Botswana",9.56877074497391,0.25285934195615,"AGS"
"576","0576",7.9097174354336,"BOTSWANA_ORAPA_ORAPA_ORAPA","Botswana",7.99920819483571,0.0894907594021053,"AGS"
"577","0577",9.73973926372268,"BOTSWANA_SELIBE PHIKWE_SELIBE PHIKWE_SELIBE PHIKWE","Botswana",9.94055852138922,0.200819257666534,"AGS"
"578","0578",14.2657347818462,"BOTSWANA_SOUTH EAST_SOUTH EAST_DOORN LAAGTE","Botswana",14.6593449048371,0.393610122990932,"AGS"
"579","0579",14.1798394120449,"BOTSWANA_SOUTH EAST_SOUTH EAST_HILDAVALE","Botswana",14.582611240886,0.402771828841082,"AGS"
"580","0580",13.9215260800927,"BOTSWANA_SOUTH EAST_SOUTH EAST_LOBATSE ESTATES","Botswana",14.2776512845806,0.356125204487899,"AGS"
"581","0581",13.7100133045619,"BOTSWANA_SOUTH EAST_SOUTH EAST_MOGOBANE","Botswana",14.0565734055988,0.346560101036895,"AGS"
"582","0582",13.9309742995428,"BOTSWANA_SOUTH EAST_SOUTH EAST_OTSE","Botswana",14.2777495345147,0.346775234971856,"AGS"
"583","0583",13.8537316857699,"BOTSWANA_SOUTH EAST_SOUTH EAST_RAMOTSWA","Botswana",14.173867288759,0.320135602989126,"AGS"
"584","0584",13.9689325950231,"BOTSWANA_SOUTH EAST_SOUTH EAST_RAMOTSWA STATION/TAUNG","Botswana",14.3266158916169,0.357683296593764,"AGS"
"585","0585",14.0942830752688,"BOTSWANA_SOUTH EAST_SOUTH EAST_TLOKWENG","Botswana",14.3852939994987,0.291010924229822,"AGS"
"586","0586",14.0802373257129,"BOTSWANA_SOUTHERN_BAROLONG_BETHEL","Botswana",14.5023606161107,0.422123290397812,"AGS"
"587","0587",13.6816443321986,"BOTSWANA_SOUTHERN_BAROLONG_BOROBADILEPE","Botswana",14.1096371976238,0.427992865425242,"AGS"
"588","0588",13.8697973209059,"BOTSWANA_SOUTHERN_BAROLONG_DIGAWANA","Botswana",14.2452173182606,0.375419997354657,"AGS"
"589","0589",11.3356666539221,"BOTSWANA_SOUTHERN_BAROLONG_DIKHUKHUNG","Botswana",11.6595130855475,0.323846431625419,"AGS"
"590","0590",14.2771324652988,"BOTSWANA_SOUTHERN_BAROLONG_DINATSHANA","Botswana",14.7122752132114,0.435142747912547,"AGS"
"591","0591",12.9744565566674,"BOTSWANA_SOUTHERN_BAROLONG_DITLHARAPA","Botswana",13.3911654631991,0.416708906531746,"AGS"
"592","0592",13.794254519761,"BOTSWANA_SOUTHERN_BAROLONG_GAMAJALELA","Botswana",14.1636315036605,0.36937698389946,"AGS"
"593","0593",13.8724503054918,"BOTSWANA_SOUTHERN_BAROLONG_GATHWANE","Botswana",14.2482543959542,0.37580409046242,"AGS"
"594","0594",13.6752109825685,"BOTSWANA_SOUTHERN_BAROLONG_GOOD HOPE","Botswana",14.0652346345162,0.390023651947736,"AGS"
"595","0595",13.6266695271409,"BOTSWANA_SOUTHERN_BAROLONG_HEBRON","Botswana",14.0651195328585,0.438450005717563,"AGS"
"596","0596",12.5155440608917,"BOTSWANA_SOUTHERN_BAROLONG_KANGWE","Botswana",12.854176547641,0.338632486749265,"AGS"
"597","0597",13.9287576760079,"BOTSWANA_SOUTHERN_BAROLONG_KGORO","Botswana",14.3285696009732,0.399811924965299,"AGS"
"598","0598",13.9605676678637,"BOTSWANA_SOUTHERN_BAROLONG_LEJWANA","Botswana",14.356818099419,0.39625043155532,"AGS"
"599","0599",11.6760338462692,"BOTSWANA_SOUTHERN_BAROLONG_LEPORUNG","Botswana",11.98736164753,0.311327801260747,"AGS"
"600","0600",13.466602346109,"BOTSWANA_SOUTHERN_BAROLONG_LOGAGANE","Botswana",13.8971151864511,0.430512840342045,"AGS"
"601","0601",13.5814120679806,"BOTSWANA_SOUTHERN_BAROLONG_LORWANA","Botswana",13.9543214204205,0.372909352439894,"AGS"
"602","0602",10.5586954446917,"BOTSWANA_SOUTHERN_BAROLONG_MABULE","Botswana",10.8207976469863,0.262102202294676,"AGS"
"603","0603",13.9227183307278,"BOTSWANA_SOUTHERN_BAROLONG_MADINGWANA","Botswana",14.3664729115032,0.443754580775479,"AGS"
"604","0604",12.4950245081703,"BOTSWANA_SOUTHERN_BAROLONG_MAGORIAPITSE","Botswana",12.8130473103891,0.318022802218831,"AGS"
"605","0605",13.9208373307107,"BOTSWANA_SOUTHERN_BAROLONG_MAKOKWE","Botswana",14.3523523936516,0.431515062940944,"AGS"
"606","0606",13.8571310451128,"BOTSWANA_SOUTHERN_BAROLONG_MALOKAGANYANE","Botswana",14.2707919459633,0.413660900850452,"AGS"
"607","0607",13.3987692367737,"BOTSWANA_SOUTHERN_BAROLONG_MAROJANE","Botswana",13.832181221706,0.433411984932295,"AGS"
"608","0608",12.6287354601131,"BOTSWANA_SOUTHERN_BAROLONG_METLOBO","Botswana",12.9714206766226,0.342685216509498,"AGS"
"609","0609",13.3653119279145,"BOTSWANA_SOUTHERN_BAROLONG_METLOJANE","Botswana",13.7772334424605,0.411921514545982,"AGS"
"610","0610",11.1140470119172,"BOTSWANA_SOUTHERN_BAROLONG_MMAKGORI","Botswana",11.4214543597008,0.307407347783615,"AGS"
"611","0611",12.2146926246398,"BOTSWANA_SOUTHERN_BAROLONG_MMATHETHE","Botswana",12.5313981853337,0.316705560693819,"AGS"
"612","0612",13.5076485429395,"BOTSWANA_SOUTHERN_BAROLONG_MOGOJOGOJO","Botswana",13.8682006608018,0.360552117862277,"AGS"
"613","0613",13.159366471632,"BOTSWANA_SOUTHERN_BAROLONG_MOGWALALE","Botswana",13.5334775945932,0.374111122961194,"AGS"
"614","0614",12.7771136633711,"BOTSWANA_SOUTHERN_BAROLONG_MOKATAKO","Botswana",13.1919823178434,0.414868654472265,"AGS"
"615","0615",12.4266491450623,"BOTSWANA_SOUTHERN_BAROLONG_MOKGOMANE","Botswana",12.7670503821645,0.340401237102151,"AGS"
"616","0616",13.2953542520292,"BOTSWANA_SOUTHERN_BAROLONG_MOLETE","Botswana",13.7638814154817,0.468527163452459,"AGS"
"617","0617",13.1199286852418,"BOTSWANA_SOUTHERN_BAROLONG_MOTSENTSHE","Botswana",13.4558856546805,0.335956969438785,"AGS"
"618","0618",12.0871758287973,"BOTSWANA_SOUTHERN_BAROLONG_MUSI","Botswana",12.4294869171474,0.342311088350026,"AGS"
"619","0619",14.1956420887082,"BOTSWANA_SOUTHERN_BAROLONG_NGWATSAU","Botswana",14.6364419217843,0.440799833076079,"AGS"
"620","0620",14.1231851015213,"BOTSWANA_SOUTHERN_BAROLONG_PAPATLO","Botswana",14.5507054158399,0.427520314318663,"AGS"
"621","0621",13.6425219694444,"BOTSWANA_SOUTHERN_BAROLONG_PHIHITSHWANE","Botswana",14.0815475450784,0.439025575633991,"AGS"
"622","0622",14.1699860893775,"BOTSWANA_SOUTHERN_BAROLONG_PITSANA-POTOKWE","Botswana",14.6005122343024,0.430526144924897,"AGS"
"623","0623",14.2959856451816,"BOTSWANA_SOUTHERN_BAROLONG_PITSANE SIDING","Botswana",14.7197153463873,0.423729701205746,"AGS"
"624","0624",12.4131466904873,"BOTSWANA_SOUTHERN_BAROLONG_PITSHANE MOLOPO","Botswana",12.7970017360614,0.383855045574142,"AGS"
"625","0625",14.1487749729194,"BOTSWANA_SOUTHERN_BAROLONG_RAKHUNA","Botswana",14.5647137145938,0.415938741674385,"AGS"
"626","0626",14.1132328492288,"BOTSWANA_SOUTHERN_BAROLONG_RAMATLABAMA","Botswana",14.518030932976,0.404798083747231,"AGS"
"627","0627",12.5066724600027,"BOTSWANA_SOUTHERN_BAROLONG_SEDIBENG","Botswana",12.8875857217642,0.380913261761473,"AGS"
"628","0628",10.1418559295239,"BOTSWANA_SOUTHERN_BAROLONG_SEKHUTLANE","Botswana",10.3735899100195,0.231733980495649,"AGS"
"629","0629",13.9901184847986,"BOTSWANA_SOUTHERN_BAROLONG_SHEEP FARM","Botswana",14.4306286539631,0.440510169164474,"AGS"
"630","0630",14.3703079845513,"BOTSWANA_SOUTHERN_BAROLONG_TLHARESELEELE","Botswana",14.7972403472017,0.426932362650406,"AGS"
"631","0631",10.8550624654895,"BOTSWANA_SOUTHERN_BAROLONG_TSHIDILAMOLOMO","Botswana",11.1304100754263,0.275347609936835,"AGS"
"632","0632",11.5804740341984,"BOTSWANA_SOUTHERN_BAROLONG_TSWAANENG","Botswana",11.8772242486131,0.296750214414732,"AGS"
"633","0633",13.1594893251847,"BOTSWANA_SOUTHERN_BAROLONG_TSWAGARE/LOTHOJE/LOKALANA","Botswana",13.5863138450834,0.426824519898682,"AGS"
"634","0634",12.7724808789776,"BOTSWANA_SOUTHERN_BAROLONG_TSWANYANENG","Botswana",13.1656083582969,0.393127479319269,"AGS"
"635","0635",8.46788005801261,"BOTSWANA_SOUTHERN_NGWAKETSE WEST_ITHOLOKE","Botswana",8.58416780090234,0.116287742889721,"AGS"
"636","0636",7.39139804886606,"BOTSWANA_SOUTHERN_NGWAKETSE WEST_KANAKU","Botswana",7.48141705750735,0.0900190086412866,"AGS"
"637","0637",8.05693183046395,"BOTSWANA_SOUTHERN_NGWAKETSE WEST_KENG","Botswana",8.17116012652495,0.114228296060997,"AGS"
"638","0638",7.61351801466127,"BOTSWANA_SOUTHERN_NGWAKETSE WEST_KHAKHEA","Botswana",7.71336903137557,0.0998510167142976,"AGS"
"639","0639",8.05678198014911,"BOTSWANA_SOUTHERN_NGWAKETSE WEST_KHONKHWA","Botswana",8.17076835902928,0.113986378880167,"AGS"
"640","0640",7.12193887223987,"BOTSWANA_SOUTHERN_NGWAKETSE WEST_KOKONG","Botswana",7.20741944649099,0.0854805742511155,"AGS"
"641","0641",8.14811627817094,"BOTSWANA_SOUTHERN_NGWAKETSE WEST_KUTUKU","Botswana",8.25830207424702,0.110185796076083,"AGS"
"642","0642",7.74302043186435,"BOTSWANA_SOUTHERN_NGWAKETSE WEST_MABUTSANE","Botswana",7.84631785090209,0.103297419037748,"AGS"
"643","0643",8.30111040213228,"BOTSWANA_SOUTHERN_NGWAKETSE WEST_MAHOTSHWANE","Botswana",8.41958284206061,0.118472439928333,"AGS"
"644","0644",7.1120045612751,"BOTSWANA_SOUTHERN_NGWAKETSE WEST_MORWAMOSU","Botswana",7.19268681281528,0.0806822515401802,"AGS"
"645","0645",8.18378674341306,"BOTSWANA_SOUTHERN_NGWAKETSE WEST_SEKOMA","Botswana",8.30424013718874,0.120453393775684,"AGS"
"646","0646",10.164026080237,"BOTSWANA_SOUTHERN_SOUTHERN_BETESANKWE","Botswana",10.3786186154413,0.214592535204329,"AGS"
"647","0647",12.9305225972794,"BOTSWANA_SOUTHERN_SOUTHERN_DIABO","Botswana",13.2853583374237,0.354835740144299,"AGS"
"648","0648",13.5567926117712,"BOTSWANA_SOUTHERN_SOUTHERN_DIPOTSANA","Botswana",13.9546990545341,0.397906442762938,"AGS"
"649","0649",10.7116362120243,"BOTSWANA_SOUTHERN_SOUTHERN_GASITA","Botswana",10.9610339242236,0.249397712199373,"AGS"
"650","0650",12.1892795376404,"BOTSWANA_SOUTHERN_SOUTHERN_KANYE","Botswana",12.5126945748832,0.323415037242855,"AGS"
"651","0651",13.5884694077159,"BOTSWANA_SOUTHERN_SOUTHERN_KGOMOKASITWA","Botswana",13.9331730484563,0.344703640740446,"AGS"
"652","0652",9.77146192389111,"BOTSWANA_SOUTHERN_SOUTHERN_LEFOKO","Botswana",9.96606663324094,0.19460470934983,"AGS"
"653","0653",13.1901283887844,"BOTSWANA_SOUTHERN_SOUTHERN_LEKGOLOBOTLO","Botswana",13.5328469215319,0.342718532747488,"AGS"
"654","0654",9.85967983698405,"BOTSWANA_SOUTHERN_SOUTHERN_LOROLWANA","Botswana",10.0642503812843,0.204570544300246,"AGS"
"655","0655",12.9582780190081,"BOTSWANA_SOUTHERN_SOUTHERN_LOTLHAKANE","Botswana",13.3108205799516,0.35254256094359,"AGS"
"656","0656",11.3270357192769,"BOTSWANA_SOUTHERN_SOUTHERN_LOTLHAKANE WEST","Botswana",11.6364593398807,0.309423620603795,"AGS"
"657","0657",13.6096982293481,"BOTSWANA_SOUTHERN_SOUTHERN_MAGOTLHWANE","Botswana",13.9830208401454,0.373322610797294,"AGS"
"658","0658",12.9645834943876,"BOTSWANA_SOUTHERN_SOUTHERN_MANYANA","Botswana",13.3169191638044,0.352335669416792,"AGS"
"659","0659",9.96395487221641,"BOTSWANA_SOUTHERN_SOUTHERN_MAOKANE","Botswana",10.1654634216259,0.201508549409452,"AGS"
"660","0660",13.3884190483004,"BOTSWANA_SOUTHERN_SOUTHERN_MOGONYE","Botswana",13.7222538582369,0.333834809936505,"AGS"
"661","0661",9.19224765484477,"BOTSWANA_SOUTHERN_SOUTHERN_MOKHOMBA","Botswana",9.35877140417641,0.166523749331644,"AGS"
"662","0662",13.5887863494829,"BOTSWANA_SOUTHERN_SOUTHERN_MOLAPOWABOJANG","Botswana",13.949843397567,0.36105704808412,"AGS"
"663","0663",11.1045037904699,"BOTSWANA_SOUTHERN_SOUTHERN_MOSHANENG","Botswana",11.4071413741621,0.302637583692213,"AGS"
"664","0664",12.0623973061961,"BOTSWANA_SOUTHERN_SOUTHERN_MOSHUPA","Botswana",12.4024025257113,0.340005219515259,"AGS"
"665","0665",13.1385944266698,"BOTSWANA_SOUTHERN_SOUTHERN_NTLHANTLHE","Botswana",13.4791234083189,0.340528981649026,"AGS"
"666","0666",10.2988285741583,"BOTSWANA_SOUTHERN_SOUTHERN_PITSENG","Botswana",10.5469100812037,0.248081507045367,"AGS"
"667","0667",10.4314667899071,"BOTSWANA_SOUTHERN_SOUTHERN_RALEKGETHO","Botswana",10.7032688114287,0.271802021521626,"AGS"
"668","0668",12.9658835758776,"BOTSWANA_SOUTHERN_SOUTHERN_RANAKA","Botswana",13.3151703805567,0.349286804679078,"AGS"
"669","0669",12.0685342942528,"BOTSWANA_SOUTHERN_SOUTHERN_SEGWAGWA","Botswana",12.4027876712752,0.334253377022391,"AGS"
"670","0670",10.5228143633053,"BOTSWANA_SOUTHERN_SOUTHERN_SEHERELELA","Botswana",10.7703887555158,0.247574392210513,"AGS"
"671","0671",11.1257049695532,"BOTSWANA_SOUTHERN_SOUTHERN_SELOKOLELA","Botswana",11.4166461511843,0.290941181631132,"AGS"
"672","0672",8.44408307700495,"BOTSWANA_SOUTHERN_SOUTHERN_SEMANE","Botswana",8.57666430298638,0.132581225981426,"AGS"
"673","0673",9.85605491508782,"BOTSWANA_SOUTHERN_SOUTHERN_SESE","Botswana",10.05581920243,0.199764287342218,"AGS"
"674","0674",10.841102583316,"BOTSWANA_SOUTHERN_SOUTHERN_SESUNG","Botswana",11.1224127751289,0.281310191812926,"AGS"
"675","0675",9.16274788201843,"BOTSWANA_SOUTHERN_SOUTHERN_TLHANKANE","Botswana",9.32066264692021,0.157914764901779,"AGS"
"676","0676",11.0975676425669,"BOTSWANA_SOUTHERN_SOUTHERN_TSHWAANE","Botswana",11.4014166400065,0.303848997439573,"AGS"
"677","0677",10.1440236060386,"BOTSWANA_SOUTHERN_SOUTHERN_TSONYANE","Botswana",10.3559093852284,0.211885779189888,"AGS"
"678","0678",9.09581910208901,"BOTSWANA_SOWA TOWN_SOWA TOWN_SOWA TOWN","Botswana",9.2211309428776,0.125311840788587,"AGS"
"679","0679",8.41983259327279,"BOTSWANA_NORTH WEST_NGAMILAND WEST_TOBERE","Botswana",8.57342809975098,0.153595506478183,"AGS"
"680","0680",9.8778409535921,"BOTSWANA_FRANCISTOWN_FRANCISTOWN_FRANCISTOWN","Botswana",10.1204549944065,0.242614040814379,"AGS"
"681","0681",9.60335116257688,"BOTSWANA_NORTH EAST_NORTH EAST_MATOPI","Botswana",9.88493787155654,0.281586708979658,"AGS"
"682","0682",14.4973346903511,"LESOTHO_BEREA","Lesotho",15.1572079816795,0.65987329132831,"AGS"
"683","0683",15.3493184585435,"LESOTHO_BUTHA-BUTHE","Lesotho",15.9540871142326,0.604768655689139,"AGS"
"684","0684",14.8847668043851,"LESOTHO_LERIBE","Lesotho",15.4976672752136,0.61290047082842,"AGS"
"685","0685",11.9585298531325,"LESOTHO_MAFETENG","Lesotho",12.6423190608124,0.683789207679911,"AGS"
"686","0686",14.3548839100089,"LESOTHO_MASERU","Lesotho",15.0646137611619,0.709729851152977,"AGS"
"687","0687",14.5305336597727,"LESOTHO_MOHALE'S HOEK","Lesotho",15.524760864751,0.994227204978241,"AGS"
"688","0688",16.0107384038375,"LESOTHO_MOKHOTLONG","Lesotho",17.0716136086669,1.06087520482941,"AGS"
"689","0689",12.1918583114017,"LESOTHO_QACHA'S NEK","Lesotho",12.713980664663,0.522122353261331,"AGS"
"690","0690",12.2567322107874,"LESOTHO_QUTHING","Lesotho",12.9988659923466,0.742133781559241,"AGS"
"691","0691",14.3987553450991,"LESOTHO_THABA-TSEKA","Lesotho",15.0799184108238,0.681163065724714,"AGS"
"692","0692",11.0351084871762,"MALAWI_SOUTHERN REGION_BALAKA","Malawi",11.1455984308866,0.110489943710393,"AGS"
"693","0693",9.51038555886856,"MALAWI_SOUTHERN REGION_BLANTYRE","Malawi",9.63237941587794,0.121993857009386,"AGS"
"694","0694",10.6258491589992,"MALAWI_SOUTHERN REGION_BLANTYRE CITY","Malawi",10.7403370344905,0.114487875491315,"AGS"
"695","0695",12.8729062598674,"MALAWI_SOUTHERN REGION_CHIKWAWA","Malawi",13.0557657742791,0.182859514411712,"AGS"
"696","0696",11.5348965220898,"MALAWI_SOUTHERN REGION_CHIRADZULU","Malawi",11.551363161764,0.0164666396741886,"AGS"
"697","0697",4.19162324034029,"MALAWI_NORTHERN REGION_CHITIPA","Malawi",4.26996631062334,0.0783430702830552,"AGS"
"698","0698",8.45352186076189,"MALAWI_CENTRAL REGION_DEDZA","Malawi",8.46898600051647,0.0154641397545738,"AGS"
"699","0699",6.51239798404816,"MALAWI_CENTRAL REGION_DOWA","Malawi",6.54471427926115,0.0323162952129934,"AGS"
"700","0700",4.17639225987449,"MALAWI_NORTHERN REGION_KARONGA","Malawi",4.24781612807494,0.0714238682004495,"AGS"
"701","0701",7.19129240056606,"MALAWI_CENTRAL REGION_KASUNGU","Malawi",7.31972414100151,0.12843174043545,"AGS"
"702","0702",4.70086496144684,"MALAWI_LAKE MALAWI_LAKE MALAWI","Malawi",4.83882313762865,0.137958176181807,"AGS"
"703","0703",5.80885115456564,"MALAWI_NORTHERN REGION_LIKOMA","Malawi",5.92336475498932,0.114513600423681,"AGS"
"704","0704",8.60185821948829,"MALAWI_CENTRAL REGION_LILONGWE","Malawi",8.61779202299896,0.0159338035106664,"AGS"
"705","0705",9.19988982463402,"MALAWI_CENTRAL REGION_LILONGWE CITY","Malawi",9.21832163602862,0.0184318113945992,"AGS"
"706","0706",12.278550991849,"MALAWI_SOUTHERN REGION_MACHINGA","Malawi",12.45797142731,0.179420435460948,"AGS"
"707","0707",9.16943525955497,"MALAWI_SOUTHERN REGION_MANGOCHI","Malawi",9.27085097405414,0.101415714499177,"AGS"
"708","0708",8.98214866022458,"MALAWI_CENTRAL REGION_MCHINJI","Malawi",9.10079974843922,0.118651088214641,"AGS"
"709","0709",11.9833108255857,"MALAWI_SOUTHERN REGION_MULANJE","Malawi",12.1320554191439,0.148744593558117,"AGS"
"710","0710",12.6018783409726,"MALAWI_SOUTHERN REGION_MWANZA","Malawi",12.7469394506111,0.145061109638466,"AGS"
"711","0711",9.83498295319931,"MALAWI_NORTHERN REGION_MZIMBA","Malawi",10.0189631767986,0.18398022359929,"AGS"
"712","0712",9.30188502157592,"MALAWI_NORTHERN REGION_MZUZU CITY","Malawi",9.41361464254774,0.111729620971815,"AGS"
"713","0713",10.8830196479859,"MALAWI_SOUTHERN REGION_NENO","Malawi",11.0347207835946,0.151701135608755,"AGS"
"714","0714",8.98822348947462,"MALAWI_NORTHERN REGION_NKHATA BAY","Malawi",9.12690247744898,0.138678987974361,"AGS"
"715","0715",8.15181406750463,"MALAWI_CENTRAL REGION_NKHOTAKOTA","Malawi",8.29200988673889,0.140195819234258,"AGS"
"716","0716",13.3960332838125,"MALAWI_SOUTHERN REGION_NSANJE","Malawi",13.6535203501016,0.257487066289123,"AGS"
"717","0717",9.08084590554766,"MALAWI_CENTRAL REGION_NTCHEU","Malawi",9.19085452404698,0.110008618499315,"AGS"
"718","0718",8.0283371617589,"MALAWI_CENTRAL REGION_NTCHISI","Malawi",8.04612489232643,0.0177877305675356,"AGS"
"719","0719",12.6911344504112,"MALAWI_SOUTHERN REGION_PHALOMBE","Malawi",12.8320502270873,0.14091577667608,"AGS"
"720","0720",7.11298115616434,"MALAWI_NORTHERN REGION_RUMPHI","Malawi",7.26670402883471,0.153722872670368,"AGS"
"721","0721",6.50682513107199,"MALAWI_CENTRAL REGION_SALIMA","Malawi",6.57641462310647,0.069589492034476,"AGS"
"722","0722",12.0423590817276,"MALAWI_SOUTHERN REGION_THYOLO","Malawi",12.0633778442179,0.0210187624903284,"AGS"
"723","0723",10.5682338858674,"MALAWI_SOUTHERN REGION_ZOMBA","Malawi",10.707943487594,0.139709601726658,"AGS"
"724","0724",9.60057863455066,"MALAWI_SOUTHERN REGION_ZOMBA CITY","Malawi",9.72307990849481,0.122501273944156,"AGS"
"725","0725",11.8554617866658,"MOZAMBIQUE_CABO DELGADO_ANCUABE_ANCUABE SEDE","Mozambique",11.8755958314984,0.0201340448325613,"AGS"
"726","0726",12.326126097602,"MOZAMBIQUE_CABO DELGADO_ANCUABE_METORO","Mozambique",12.3477943763756,0.0216682787735838,"AGS"
"727","0727",11.7624556485006,"MOZAMBIQUE_CABO DELGADO_ANCUABE_MEZA","Mozambique",11.7822572387495,0.0198015902489725,"AGS"
"728","0728",13.1612267100536,"MOZAMBIQUE_CABO DELGADO_BALAMA_BALAMA SEDE","Mozambique",13.1808024162661,0.0195757062124962,"AGS"
"729","0729",10.9087943501945,"MOZAMBIQUE_CABO DELGADO_BALAMA_IMPIRE","Mozambique",10.9244332375628,0.0156388873683682,"AGS"
"730","0730",13.1321605554798,"MOZAMBIQUE_CABO DELGADO_BALAMA_KWEKWE","Mozambique",13.1549255527051,0.0227649972252575,"AGS"
"731","0731",11.9795524514795,"MOZAMBIQUE_CABO DELGADO_BALAMA_MAVALA","Mozambique",11.9945021539242,0.0149497024447847,"AGS"
"732","0732",12.58166381075,"MOZAMBIQUE_CABO DELGADO_CHIÚRE_CHIÚRE SEDE","Mozambique",12.603483732284,0.0218199215339947,"AGS"
"733","0733",12.1428175480801,"MOZAMBIQUE_CABO DELGADO_CHIÚRE_CHIÚRE VELHO","Mozambique",12.1657160630652,0.0228985149851297,"AGS"
"734","0734",12.9218936493979,"MOZAMBIQUE_CABO DELGADO_CHIÚRE_KATAPUA","Mozambique",12.9447261975799,0.0228325481820111,"AGS"
"735","0735",10.6520824784871,"MOZAMBIQUE_CABO DELGADO_CHIÚRE_MAZEZE","Mozambique",10.6736865176879,0.0216040392008683,"AGS"
"736","0736",13.1543440113626,"MOZAMBIQUE_CABO DELGADO_CHIÚRE_NAMOGELIA","Mozambique",13.1765570036497,0.0222129922871233,"AGS"
"737","0737",12.3954529748496,"MOZAMBIQUE_CABO DELGADO_CHIÚRE_OCUA","Mozambique",12.417922844518,0.0224698696684396,"AGS"
"738","0738",9.15467553653421,"MOZAMBIQUE_CABO DELGADO_CIDADE DE PEMBA_CIDADE DE PEMBA","Mozambique",9.17367085261542,0.0189953160812149,"AGS"
"739","0739",7.00864673756564,"MOZAMBIQUE_CABO DELGADO_IBO_IBO SEDE","Mozambique",7.0243572117662,0.01571047420056,"AGS"
"740","0740",6.68478893316445,"MOZAMBIQUE_CABO DELGADO_IBO_QUIRIMBA","Mozambique",6.69928007127088,0.0144911381064254,"AGS"
"741","0741",9.54387621830132,"MOZAMBIQUE_CABO DELGADO_MACOMIA_CHAI","Mozambique",9.56498974179566,0.0211135234943445,"AGS"
"742","0742",10.7534616624535,"MOZAMBIQUE_CABO DELGADO_MACOMIA_MACOMIA SEDE","Mozambique",10.7761854834848,0.0227238210313736,"AGS"
"743","0743",7.827904457167,"MOZAMBIQUE_CABO DELGADO_MACOMIA_MUCOJO","Mozambique",7.84382226650138,0.0159178093343764,"AGS"
"744","0744",6.91897607570632,"MOZAMBIQUE_CABO DELGADO_MACOMIA_QUITERAJO","Mozambique",6.93499575704937,0.0160196813430433,"AGS"
"745","0745",10.065516026301,"MOZAMBIQUE_CABO DELGADO_MECÚFI_MECÚFI SEDE","Mozambique",10.0880911024174,0.0225750761163521,"AGS"
"746","0746",10.7411898974177,"MOZAMBIQUE_CABO DELGADO_MECÚFI_MURREBUE","Mozambique",10.7632824655662,0.022092568148544,"AGS"
"747","0747",10.7966941827676,"MOZAMBIQUE_CABO DELGADO_MELUCO_MELUCO","Mozambique",10.8179438537624,0.0212496709947487,"AGS"
"748","0748",11.4164463419892,"MOZAMBIQUE_CABO DELGADO_MELUCO_MUAGUIDE","Mozambique",11.4400392899018,0.0235929479126344,"AGS"
"749","0749",10.2940369457143,"MOZAMBIQUE_CABO DELGADO_METUGE_METUGE SEDE","Mozambique",10.313623415147,0.0195864694326886,"AGS"
"750","0750",10.4777409363582,"MOZAMBIQUE_CABO DELGADO_METUGE_MIEZE","Mozambique",10.4973341449095,0.0195932085513224,"AGS"
"751","0751",9.0282566854287,"MOZAMBIQUE_CABO DELGADO_MOCÍMBOA DA PRAIA_DIACA","Mozambique",9.05252343033347,0.0242667449047662,"AGS"
"752","0752",7.21007465582365,"MOZAMBIQUE_CABO DELGADO_MOCÍMBOA DA PRAIA_MBAU","Mozambique",7.23256928542532,0.0224946296016642,"AGS"
"753","0753",7.49194782939521,"MOZAMBIQUE_CABO DELGADO_MOCÍMBOA DA PRAIA_MOCÍMBOA DA PRAIA SEDE","Mozambique",7.51280440258111,0.0208565731858936,"AGS"
"754","0754",12.1644754287514,"MOZAMBIQUE_CABO DELGADO_MONTEPUEZ_CIDADE DE MONTEPUEZ","Mozambique",12.1843320867126,0.019856657961201,"AGS"
"755","0755",12.8506309853551,"MOZAMBIQUE_CABO DELGADO_MONTEPUEZ_MAPUPULO","Mozambique",12.8705896791181,0.0199586937629732,"AGS"
"756","0756",13.4219938431063,"MOZAMBIQUE_CABO DELGADO_MONTEPUEZ_MIRATE SEDE","Mozambique",13.4401122509294,0.0181184078231151,"AGS"
"757","0757",9.99576204231941,"MOZAMBIQUE_CABO DELGADO_MONTEPUEZ_NAIROTO","Mozambique",10.0105768657597,0.0148148234402647,"AGS"
"758","0758",12.5284146834209,"MOZAMBIQUE_CABO DELGADO_MONTEPUEZ_NAMANHUMBIR","Mozambique",12.5510102794675,0.0225955960465605,"AGS"
"759","0759",10.4421905149185,"MOZAMBIQUE_CABO DELGADO_MUEDA_CHAPA","Mozambique",10.4672913071612,0.0251007922427622,"AGS"
"760","0760",7.29235962628171,"MOZAMBIQUE_CABO DELGADO_MUEDA_IMBUHO SEDE","Mozambique",7.30951106173468,0.0171514354529689,"AGS"
"761","0761",8.3861707201151,"MOZAMBIQUE_CABO DELGADO_MUEDA_MUEDA SEDE","Mozambique",8.40596773524115,0.0197970151260485,"AGS"
"762","0762",8.79334600178819,"MOZAMBIQUE_CABO DELGADO_MUEDA_NAMAUA","Mozambique",8.81263270849243,0.0192867067042393,"AGS"
"763","0763",6.16416500690929,"MOZAMBIQUE_CABO DELGADO_MUEDA_NEGOMANO","Mozambique",6.17871633171139,0.0145513248021025,"AGS"
"764","0764",6.61086393708942,"MOZAMBIQUE_CABO DELGADO_MUEDA_NGAPA","Mozambique",6.63037706219259,0.0195131251031748,"AGS"
"765","0765",8.88409699550312,"MOZAMBIQUE_CABO DELGADO_MUIDUMBE_CHITUNDA","Mozambique",8.90439303247132,0.0202960369681939,"AGS"
"766","0766",12.7182798078871,"MOZAMBIQUE_CABO DELGADO_MUIDUMBE_MITEDA","Mozambique",12.746976642051,0.0286968341639131,"AGS"
"767","0767",10.1797548370912,"MOZAMBIQUE_CABO DELGADO_MUIDUMBE_MUAMBULA","Mozambique",10.2019892267647,0.0222343896735211,"AGS"
"768","0768",13.5475524209714,"MOZAMBIQUE_CABO DELGADO_NAMUNO_HUCULA","Mozambique",13.5694198403094,0.0218674193380277,"AGS"
"769","0769",14.839073076693,"MOZAMBIQUE_CABO DELGADO_NAMUNO_MACHOCA","Mozambique",14.8636110234096,0.0245379467165705,"AGS"
"770","0770",12.9245233518596,"MOZAMBIQUE_CABO DELGADO_NAMUNO_MELOCO","Mozambique",12.9457866891414,0.0212633372817503,"AGS"
"771","0771",14.6363364953882,"MOZAMBIQUE_CABO DELGADO_NAMUNO_NAMUNO SEDE","Mozambique",14.6605107063139,0.0241742109256666,"AGS"
"772","0772",14.2447073787871,"MOZAMBIQUE_CABO DELGADO_NAMUNO_NCUMPE","Mozambique",14.2709209250476,0.0262135462604896,"AGS"
"773","0773",13.4461663771403,"MOZAMBIQUE_CABO DELGADO_NAMUNO_PAPAI","Mozambique",13.4690491265049,0.022882749364646,"AGS"
"774","0774",6.51162717422648,"MOZAMBIQUE_CABO DELGADO_NANGADE_NANGADE SEDE","Mozambique",6.52990405380238,0.018276879575903,"AGS"
"775","0775",8.72571346408594,"MOZAMBIQUE_CABO DELGADO_NANGADE_NTAMBA","Mozambique",8.74772481691451,0.0220113528285619,"AGS"
"776","0776",4.88377376533233,"MOZAMBIQUE_CABO DELGADO_PALMA_OLUMBE","Mozambique",4.89412006378788,0.0103462984555467,"AGS"
"777","0777",5.00087634504681,"MOZAMBIQUE_CABO DELGADO_PALMA_PALMA","Mozambique",5.01071575292628,0.0098394078794648,"AGS"
"778","0778",5.06982308369345,"MOZAMBIQUE_CABO DELGADO_PALMA_PUNDANHAR","Mozambique",5.08120031694151,0.0113772332480622,"AGS"
"779","0779",2.65307652883407,"MOZAMBIQUE_CABO DELGADO_PALMA_QUIONGA","Mozambique",2.66065142240985,0.00757489357577468,"AGS"
"780","0780",10.6436352566704,"MOZAMBIQUE_CABO DELGADO_QUISSANGA_BILIBIZA","Mozambique",10.6658092024349,0.0221739457645764,"AGS"
"781","0781",9.88832002094911,"MOZAMBIQUE_CABO DELGADO_QUISSANGA_MAHATE","Mozambique",9.91014563719722,0.0218256162481048,"AGS"
"782","0782",11.1122058334028,"MOZAMBIQUE_CIDADE DE MAPUTO_KAMAVOTA_KAMAVOTA","Mozambique",11.3205370048724,0.208331171469638,"AGS"
"783","0783",11.3083794113166,"MOZAMBIQUE_CIDADE DE MAPUTO_KAMAXAKENI_KAMAXAKENI","Mozambique",11.5135169989125,0.205137587595919,"AGS"
"784","0784",11.2137444920907,"MOZAMBIQUE_CIDADE DE MAPUTO_KAMPFUMO_KAMPFUMO","Mozambique",11.4159261178862,0.202181625795458,"AGS"
"785","0785",11.3926577750853,"MOZAMBIQUE_CIDADE DE MAPUTO_KAMUBUKWANA_KAMUBUKWANA","Mozambique",11.6113101116401,0.218652336554735,"AGS"
"786","0786",8.6346429421166,"MOZAMBIQUE_CIDADE DE MAPUTO_KANYAKA_KANYAKA","Mozambique",8.85043986371736,0.215796921600754,"AGS"
"787","0787",11.3490571480959,"MOZAMBIQUE_CIDADE DE MAPUTO_KATEMBE_KATEMBE","Mozambique",11.5662833837481,0.217226235652163,"AGS"
"788","0788",11.3446943137037,"MOZAMBIQUE_CIDADE DE MAPUTO_NHLAMANKULO_NHLAMANKULO","Mozambique",11.5615903674795,0.21689605377585,"AGS"
"789","0789",11.9539981912314,"MOZAMBIQUE_GAZA_BILENE_BILENE MACIA","Mozambique",12.2204939591733,0.266495767941946,"AGS"
"790","0790",11.4401110462024,"MOZAMBIQUE_GAZA_BILENE_INCAIA","Mozambique",11.7092228713953,0.269111825192894,"AGS"
"791","0791",11.261864452251,"MOZAMBIQUE_GAZA_BILENE_MACUANE","Mozambique",11.5000490326275,0.238184580376434,"AGS"
"792","0792",11.2495425685597,"MOZAMBIQUE_GAZA_BILENE_MAZIVILA","Mozambique",11.5362394626114,0.286696894051744,"AGS"
"793","0793",11.4872535929166,"MOZAMBIQUE_GAZA_BILENE_MESSANO","Mozambique",11.7562513771489,0.268997784232388,"AGS"
"794","0794",10.6184998326548,"MOZAMBIQUE_GAZA_BILENE_PRAIA DE BILENE","Mozambique",10.841747232769,0.223247400114237,"AGS"
"795","0795",9.69856095240735,"MOZAMBIQUE_GAZA_CHIBUTO_ALTO CHANGANE","Mozambique",9.89781017404383,0.199249221636482,"AGS"
"796","0796",9.80381716896043,"MOZAMBIQUE_GAZA_CHIBUTO_CHANGANINE","Mozambique",9.93236890629346,0.128551737333032,"AGS"
"797","0797",10.092674309693,"MOZAMBIQUE_GAZA_CHIBUTO_CIDADE DE CHIBUTO","Mozambique",10.3037098513452,0.21103554165221,"AGS"
"798","0798",9.7380219173713,"MOZAMBIQUE_GAZA_CHIBUTO_GODIDE","Mozambique",9.93306829967054,0.195046382299246,"AGS"
"799","0799",10.0072670739766,"MOZAMBIQUE_GAZA_CHIBUTO_MALEHICE","Mozambique",10.2094089053842,0.202141831407598,"AGS"
"800","0800",10.3111839319109,"MOZAMBIQUE_GAZA_CHIBUTO_TCHAIMITE","Mozambique",10.5456822674239,0.234498335512912,"AGS"
"801","0801",11.575390717591,"MOZAMBIQUE_GAZA_CHICUALACUALA_EDUARDO MONDLANE","Mozambique",11.8163606165202,0.240969898929205,"AGS"
"802","0802",10.2334353329649,"MOZAMBIQUE_GAZA_CHICUALACUALA_PAFURI","Mozambique",10.3906470384753,0.157211705510415,"AGS"
"803","0803",11.3568476364848,"MOZAMBIQUE_GAZA_CHIGUBO_CHIGUBO SEDE","Mozambique",11.4731975242953,0.116349887810511,"AGS"
"804","0804",9.80938216535615,"MOZAMBIQUE_GAZA_CHIGUBO_NDINDIZA","Mozambique",9.90957341540315,0.100191250046997,"AGS"
"805","0805",10.3641314852237,"MOZAMBIQUE_GAZA_CHÓKWÈ_CIDADE DE CHÓKWÈ","Mozambique",10.6391056243587,0.274974139135033,"AGS"
"806","0806",10.5436775057794,"MOZAMBIQUE_GAZA_CHÓKWÈ_LIONDE","Mozambique",10.8188223266887,0.275144820909276,"AGS"
"807","0807",10.1029354484146,"MOZAMBIQUE_GAZA_CHÓKWÈ_MACARRETANE","Mozambique",10.3373999991138,0.234464550699229,"AGS"
"808","0808",10.4372530183243,"MOZAMBIQUE_GAZA_CHÓKWÈ_XILEMBENE","Mozambique",10.7007563933776,0.263503375053277,"AGS"
"809","0809",9.37866240217014,"MOZAMBIQUE_GAZA_CHONGOENE_CHONGOENE","Mozambique",9.60552095100037,0.226858548830226,"AGS"
"810","0810",9.6687330205539,"MOZAMBIQUE_GAZA_CHONGOENE_MAZUCANE","Mozambique",9.87618735159967,0.207454331045769,"AGS"
"811","0811",8.90398360616562,"MOZAMBIQUE_GAZA_CHONGOENE_NGUZENE","Mozambique",9.09061994148494,0.186636335319321,"AGS"
"812","0812",9.41398425320271,"MOZAMBIQUE_GAZA_CIDADE DE XAI-XAI_CIDADE DE XAI-XAI","Mozambique",9.68395940482803,0.269975151625315,"AGS"
"813","0813",9.82688510262998,"MOZAMBIQUE_GAZA_GUIJÁ_CHIVONGOENE","Mozambique",10.0546564969285,0.227771394298554,"AGS"
"814","0814",10.0510175087187,"MOZAMBIQUE_GAZA_GUIJÁ_MUBANGOENE","Mozambique",10.2705949962143,0.219577487495615,"AGS"
"815","0815",9.79011252761969,"MOZAMBIQUE_GAZA_GUIJÁ_NALAZI","Mozambique",9.94877938056752,0.158666852947826,"AGS"
"816","0816",10.3118036534369,"MOZAMBIQUE_GAZA_GUIJÁ_VILA CANIÇADO","Mozambique",10.5750998274369,0.26329617400002,"AGS"
"817","0817",10.4240022862804,"MOZAMBIQUE_GAZA_LIMPOPO_CHICUMBANE","Mozambique",10.6735760417701,0.249573755489617,"AGS"
"818","0818",10.9108988551961,"MOZAMBIQUE_GAZA_LIMPOPO_CHISSANO","Mozambique",11.1719652294061,0.261066374209992,"AGS"
"819","0819",10.0661941417006,"MOZAMBIQUE_GAZA_LIMPOPO_ZONGOENE","Mozambique",10.2945496311622,0.228355489461576,"AGS"
"820","0820",9.53316895401671,"MOZAMBIQUE_GAZA_MABALANE_COMBOMUNE","Mozambique",9.6718282332516,0.13865927923489,"AGS"
"821","0821",9.48793171722018,"MOZAMBIQUE_GAZA_MABALANE_MABALANE","Mozambique",9.63330964118472,0.145377923964546,"AGS"
"822","0822",9.52948244228338,"MOZAMBIQUE_GAZA_MABALANE_NTLHAVENE","Mozambique",9.67054914812078,0.141066705837396,"AGS"
"823","0823",9.62730993116988,"MOZAMBIQUE_GAZA_MANDLAKAZE_CHALALA","Mozambique",9.82894716181327,0.201637230643385,"AGS"
"824","0824",8.99009421190711,"MOZAMBIQUE_GAZA_MANDLAKAZE_CHIBONDZANE","Mozambique",9.17202502613542,0.181930814228314,"AGS"
"825","0825",8.62964448111482,"MOZAMBIQUE_GAZA_MANDLAKAZE_CHIDENGUELE","Mozambique",8.80961465814866,0.179970177033841,"AGS"
"826","0826",9.90678551272239,"MOZAMBIQUE_GAZA_MANDLAKAZE_MACUACUA","Mozambique",10.0880373791088,0.18125186638642,"AGS"
"827","0827",9.56477857137048,"MOZAMBIQUE_GAZA_MANDLAKAZE_MANDLAKAZE SEDE","Mozambique",9.7635784397255,0.198799868355019,"AGS"
"828","0828",9.33186255336622,"MOZAMBIQUE_GAZA_MAPAI_MACHAILA","Mozambique",9.44164267154708,0.109780118180863,"AGS"
"829","0829",9.96114857402672,"MOZAMBIQUE_GAZA_MAPAI_MAPAI","Mozambique",10.1078559184534,0.146707344426728,"AGS"
"830","0830",10.7071477646074,"MOZAMBIQUE_GAZA_MASSANGENA_MASSANGENA","Mozambique",10.817167805071,0.110020040463532,"AGS"
"831","0831",10.7512735346399,"MOZAMBIQUE_GAZA_MASSANGENA_MAVUE","Mozambique",10.9089300952821,0.157656560642254,"AGS"
"832","0832",10.034246618193,"MOZAMBIQUE_GAZA_MASSINGIR_MASSINGIR SEDE","Mozambique",10.2381326356704,0.20388601747737,"AGS"
"833","0833",10.0730451461181,"MOZAMBIQUE_GAZA_MASSINGIR_MAVODZE","Mozambique",10.2287090660882,0.155663919970177,"AGS"
"834","0834",9.54966888758133,"MOZAMBIQUE_GAZA_MASSINGIR_ZULO","Mozambique",9.72264118668455,0.172972299103218,"AGS"
"835","0835",8.0273236520946,"MOZAMBIQUE_INHAMBANE_CIDADE DA MAXIXE_CIDADE DA MAXIXE","Mozambique",8.14702625382214,0.119702601727539,"AGS"
"836","0836",7.02069710553875,"MOZAMBIQUE_INHAMBANE_CIDADE DE INHAMBANE_CIDADE DE INHAMBANE","Mozambique",7.10249739307764,0.081800287538889,"AGS"
"837","0837",11.3839498509651,"MOZAMBIQUE_INHAMBANE_FUNHALOURO_FUNHALOURO","Mozambique",11.4645713324956,0.0806214815304926,"AGS"
"838","0838",9.77778907846754,"MOZAMBIQUE_INHAMBANE_FUNHALOURO_TOME","Mozambique",9.86422871150623,0.0864396330386938,"AGS"
"839","0839",10.0772021574182,"MOZAMBIQUE_INHAMBANE_GOVURO_NOVA MAMBONE","Mozambique",10.1840507254576,0.106848568039464,"AGS"
"840","0840",10.4922701379679,"MOZAMBIQUE_INHAMBANE_GOVURO_SAVE","Mozambique",10.5923164973909,0.100046359422942,"AGS"
"841","0841",8.51867638332408,"MOZAMBIQUE_INHAMBANE_HOMOÍNE_HOMOÍNE SEDE","Mozambique",8.63757692624691,0.118900542922834,"AGS"
"842","0842",10.0644209726553,"MOZAMBIQUE_INHAMBANE_HOMOÍNE_PEMBE","Mozambique",10.1971923906201,0.132771417964788,"AGS"
"843","0843",7.57346671443405,"MOZAMBIQUE_INHAMBANE_INHARRIME_INHARRIME SEDE","Mozambique",7.67968300841073,0.106216293976676,"AGS"
"844","0844",9.28457349973715,"MOZAMBIQUE_INHAMBANE_INHARRIME_MUCUMBI","Mozambique",9.41953816919284,0.134964669455687,"AGS"
"845","0845",6.83570193563481,"MOZAMBIQUE_INHAMBANE_INHASSORO_BAZARUTO","Mozambique",6.88477357460672,0.0490716389719079,"AGS"
"846","0846",9.75440192212513,"MOZAMBIQUE_INHAMBANE_INHASSORO_INHASSORO","Mozambique",9.83844028635926,0.0840383642341358,"AGS"
"847","0847",7.84755430573379,"MOZAMBIQUE_INHAMBANE_JANGAMO_CUMBANA","Mozambique",7.96679529670208,0.119240990968289,"AGS"
"848","0848",7.06866951947664,"MOZAMBIQUE_INHAMBANE_JANGAMO_JANGAMO","Mozambique",7.18278051291627,0.11411099343963,"AGS"
"849","0849",9.25358718864926,"MOZAMBIQUE_INHAMBANE_MABOTE_MABOTE","Mozambique",9.33334610567283,0.0797589170235664,"AGS"
"850","0850",9.68923345369174,"MOZAMBIQUE_INHAMBANE_MABOTE_ZIMANE","Mozambique",9.78225285680542,0.0930194031136793,"AGS"
"851","0851",9.64791878942016,"MOZAMBIQUE_INHAMBANE_MABOTE_ZINAVE","Mozambique",9.73220528562394,0.0842864962037826,"AGS"
"852","0852",10.6992939309881,"MOZAMBIQUE_INHAMBANE_MASSINGA_CHICOMO","Mozambique",10.7839138714629,0.084619940474818,"AGS"
"853","0853",8.58006507592741,"MOZAMBIQUE_INHAMBANE_MASSINGA_MASSINGA","Mozambique",8.6534237033458,0.0733586274183846,"AGS"
"854","0854",10.7380043648863,"MOZAMBIQUE_INHAMBANE_MORRUMBENE_MOCODUENE","Mozambique",10.8305527335552,0.0925483686689255,"AGS"
"855","0855",9.20557516107749,"MOZAMBIQUE_INHAMBANE_MORRUMBENE_MORRUMBENE","Mozambique",9.2960360318163,0.090460870738811,"AGS"
"856","0856",10.6663766555667,"MOZAMBIQUE_INHAMBANE_PANDA_MAWAYELA","Mozambique",10.79296266919,0.12658601362334,"AGS"
"857","0857",10.9317047164391,"MOZAMBIQUE_INHAMBANE_PANDA_PANDA","Mozambique",11.0663570504307,0.134652333991635,"AGS"
"858","0858",10.7121163000078,"MOZAMBIQUE_INHAMBANE_PANDA_URRENE","Mozambique",10.820134687019,0.10801838701116,"AGS"
"859","0859",9.88264509230819,"MOZAMBIQUE_INHAMBANE_VILANKULO_MAPINHANE","Mozambique",9.9659415511645,0.0832964588563101,"AGS"
"860","0860",7.83102057032138,"MOZAMBIQUE_INHAMBANE_VILANKULO_VILANKULO","Mozambique",7.89272956241764,0.0617089920962623,"AGS"
"861","0861",7.78528525361773,"MOZAMBIQUE_INHAMBANE_ZAVALA_QUISSICO","Mozambique",7.92795322370752,0.142667970089787,"AGS"
"862","0862",8.50423787027072,"MOZAMBIQUE_INHAMBANE_ZAVALA_ZANDAMELA","Mozambique",8.6888702220924,0.184632351821683,"AGS"
"863","0863",5.09267446544787,"MOZAMBIQUE_LAKE MALAWI_LAKE MALAWI_LAKE MALAWI","Mozambique",5.20527248759786,0.11259802214999,"AGS"
"864","0864",20.2582724215751,"MOZAMBIQUE_MANICA_BÁRUÈ_CATANDICA","Mozambique",20.4009890173938,0.142716595818698,"AGS"
"865","0865",21.593766235209,"MOZAMBIQUE_MANICA_BÁRUÈ_CHOA","Mozambique",21.8487242726743,0.254958037465304,"AGS"
"866","0866",13.7627023836436,"MOZAMBIQUE_MANICA_BÁRUÈ_NHAMPASSA","Mozambique",13.8734609728279,0.110758589184272,"AGS"
"867","0867",20.3889789958871,"MOZAMBIQUE_MANICA_CIDADE DE CHIMOIO_CHIMOIO","Mozambique",20.5029179450141,0.113938949126997,"AGS"
"868","0868",19.4597510082092,"MOZAMBIQUE_MANICA_GONDOLA_AMATONGAS","Mozambique",19.5402560736117,0.0805050654024946,"AGS"
"869","0869",20.0497009939158,"MOZAMBIQUE_MANICA_GONDOLA_CAFUMPE","Mozambique",20.1370606412587,0.0873596473429785,"AGS"
"870","0870",19.43184480686,"MOZAMBIQUE_MANICA_GONDOLA_GONDOLA","Mozambique",19.521886728796,0.090041921936006,"AGS"
"871","0871",21.0934763976789,"MOZAMBIQUE_MANICA_GONDOLA_INCHOPE","Mozambique",21.1756846694722,0.0822082717932702,"AGS"
"872","0872",10.2963691637173,"MOZAMBIQUE_MANICA_GURO_GURO SEDE","Mozambique",10.3994228302235,0.103053666506224,"AGS"
"873","0873",10.4498098023362,"MOZAMBIQUE_MANICA_GURO_MANDIE","Mozambique",10.544993591574,0.0951837892377814,"AGS"
"874","0874",11.015359034288,"MOZAMBIQUE_MANICA_GURO_MUNGARI","Mozambique",11.1352998815775,0.119940847289545,"AGS"
"875","0875",10.4655472550135,"MOZAMBIQUE_MANICA_GURO_NHAMASSONGE","Mozambique",10.5786743831994,0.11312712818585,"AGS"
"876","0876",20.6122693277042,"MOZAMBIQUE_MANICA_MACATE_MACATE SEDE","Mozambique",20.703782239444,0.0915129117398337,"AGS"
"877","0877",17.6081934413327,"MOZAMBIQUE_MANICA_MACATE_ZEMBE","Mozambique",17.7344797819483,0.126286340615621,"AGS"
"878","0878",12.8799702607641,"MOZAMBIQUE_MANICA_MACHAZE_CHITOBE","Mozambique",13.052847838761,0.172877577996907,"AGS"
"879","0879",11.4545507226124,"MOZAMBIQUE_MANICA_MACHAZE_SAVE","Mozambique",11.588691503037,0.134140780424588,"AGS"
"880","0880",16.7627928988852,"MOZAMBIQUE_MANICA_MACOSSA_MACOSSA SEDE","Mozambique",16.8369361811204,0.0741432822351804,"AGS"
"881","0881",21.2707398758697,"MOZAMBIQUE_MANICA_MACOSSA_NGUAWALA","Mozambique",21.3673401346811,0.0966002588114563,"AGS"
"882","0882",19.6730273051257,"MOZAMBIQUE_MANICA_MACOSSA_NHAMAGUA","Mozambique",19.7777053621842,0.104678057058539,"AGS"
"883","0883",20.8655999055098,"MOZAMBIQUE_MANICA_MANICA_MACHIPANDA","Mozambique",21.0006060051857,0.135006099675934,"AGS"
"884","0884",20.7974538381677,"MOZAMBIQUE_MANICA_MANICA_MAVONDE","Mozambique",20.9618630919116,0.164409253743909,"AGS"
"885","0885",15.7218672269199,"MOZAMBIQUE_MANICA_MANICA_MESSICA","Mozambique",16.0006748289609,0.278807602040967,"AGS"
"886","0886",17.932834443366,"MOZAMBIQUE_MANICA_MANICA_MUNICIPIO DE MANICA","Mozambique",18.1214449639254,0.188610520559426,"AGS"
"887","0887",14.1460146044637,"MOZAMBIQUE_MANICA_MOSSURIZE_CHIURAIRUE","Mozambique",14.271352139708,0.125337535244284,"AGS"
"888","0888",18.5363993983459,"MOZAMBIQUE_MANICA_MOSSURIZE_DACATA","Mozambique",18.6303155870148,0.0939161886688602,"AGS"
"889","0889",14.9499356785138,"MOZAMBIQUE_MANICA_MOSSURIZE_ESPUNGABERA","Mozambique",15.0561915106233,0.106255832109522,"AGS"
"890","0890",18.9907060914871,"MOZAMBIQUE_MANICA_SUSSUNDENGA_DOMBE","Mozambique",19.0780330556548,0.0873269641676764,"AGS"
"891","0891",22.4949935381863,"MOZAMBIQUE_MANICA_SUSSUNDENGA_MUOHA","Mozambique",22.798728469224,0.303734931037688,"AGS"
"892","0892",16.424098270163,"MOZAMBIQUE_MANICA_SUSSUNDENGA_ROTANDA","Mozambique",16.5788941117502,0.154795841587134,"AGS"
"893","0893",18.5148248958258,"MOZAMBIQUE_MANICA_SUSSUNDENGA_SUSSUNDENGA SEDE","Mozambique",18.6143045137937,0.0994796179678943,"AGS"
"894","0894",10.9018971832419,"MOZAMBIQUE_MANICA_TAMBARA_BUZUA","Mozambique",10.9797455761582,0.0778483929163567,"AGS"
"895","0895",10.3712961099493,"MOZAMBIQUE_MANICA_TAMBARA_NHACAFULA","Mozambique",10.4504358848696,0.0791397749203124,"AGS"
"896","0896",11.1739814858163,"MOZAMBIQUE_MANICA_TAMBARA_NHACOLO","Mozambique",11.2590915133631,0.0851100275467918,"AGS"
"897","0897",18.3804319501507,"MOZAMBIQUE_MANICA_VANDUZI_MATSINHO","Mozambique",18.4756594477356,0.0952274975849328,"AGS"
"898","0898",17.9530295637523,"MOZAMBIQUE_MANICA_VANDUZI_VANDUZI SEDE","Mozambique",18.0854938191942,0.132464255441924,"AGS"
"899","0899",11.4133083335786,"MOZAMBIQUE_MAPUTO_BOANE_BOANE","Mozambique",11.6390848962946,0.225776562716039,"AGS"
"900","0900",12.1306802183046,"MOZAMBIQUE_MAPUTO_BOANE_MATOLA RIO","Mozambique",12.3928701662473,0.262189947942723,"AGS"
"901","0901",11.8398327193722,"MOZAMBIQUE_MAPUTO_CIDADE DA MATOLA_CIDADE DA MATOLA","Mozambique",12.1233260913799,0.283493372007692,"AGS"
"902","0902",11.4825256386897,"MOZAMBIQUE_MAPUTO_CIDADE DA MATOLA_INFULENE","Mozambique",11.7156837396166,0.233158100926914,"AGS"
"903","0903",12.5912054109574,"MOZAMBIQUE_MAPUTO_CIDADE DA MATOLA_MACHAVA","Mozambique",12.8551610977416,0.263955686784232,"AGS"
"904","0904",11.6075448005156,"MOZAMBIQUE_MAPUTO_MAGUDE_MAGUDE","Mozambique",11.873420192922,0.265875392406384,"AGS"
"905","0905",10.6483078286421,"MOZAMBIQUE_MAPUTO_MAGUDE_MAHELE","Mozambique",10.8937367098559,0.245428881213835,"AGS"
"906","0906",10.9708030627322,"MOZAMBIQUE_MAPUTO_MAGUDE_MAPULANGUENE","Mozambique",11.2244715927535,0.253668530021379,"AGS"
"907","0907",10.6347643078981,"MOZAMBIQUE_MAPUTO_MAGUDE_MOTAZE","Mozambique",10.8844234674389,0.249659159540837,"AGS"
"908","0908",11.5401143442929,"MOZAMBIQUE_MAPUTO_MAGUDE_PANJANE","Mozambique",11.8128841677289,0.272769823436018,"AGS"
"909","0909",11.7256654531968,"MOZAMBIQUE_MAPUTO_MANHIÇA_3 DE FEVEREIRO","Mozambique",11.9808516262668,0.255186173069971,"AGS"
"910","0910",10.7721698162361,"MOZAMBIQUE_MAPUTO_MANHIÇA_CALANGA","Mozambique",10.9951567610839,0.222986944847767,"AGS"
"911","0911",12.0484434720652,"MOZAMBIQUE_MAPUTO_MANHIÇA_ILHA JOSINA MACHEL","Mozambique",12.3141993892618,0.26575591719663,"AGS"
"912","0912",12.0781906027148,"MOZAMBIQUE_MAPUTO_MANHIÇA_MALUANA","Mozambique",12.3275453904845,0.249354787769645,"AGS"
"913","0913",11.5552217659311,"MOZAMBIQUE_MAPUTO_MANHIÇA_MUNICÍPIO DE MANHIÇA","Mozambique",11.7927557587522,0.23753399282103,"AGS"
"914","0914",12.1294611580649,"MOZAMBIQUE_MAPUTO_MANHIÇA_XINAVANE","Mozambique",12.4012310477647,0.271769889699813,"AGS"
"915","0915",10.5185958269673,"MOZAMBIQUE_MAPUTO_MARRACUENE_MACHUBO","Mozambique",10.7268318517546,0.208236024787288,"AGS"
"916","0916",11.7512039188031,"MOZAMBIQUE_MAPUTO_MARRACUENE_MARRACUENE","Mozambique",12.013576512416,0.262372593612831,"AGS"
"917","0917",9.86087168712988,"MOZAMBIQUE_MAPUTO_MATUTUINE_BELA VISTA","Mozambique",10.030226951474,0.169355264344119,"AGS"
"918","0918",10.620235510732,"MOZAMBIQUE_MAPUTO_MATUTUINE_CATEMBE M'SIME","Mozambique",10.8093196899778,0.18908417924581,"AGS"
"919","0919",11.6038327104242,"MOZAMBIQUE_MAPUTO_MATUTUINE_CATUANE","Mozambique",11.8639773549543,0.260144644530136,"AGS"
"920","0920",8.35561564479558,"MOZAMBIQUE_MAPUTO_MATUTUINE_MACHANGULO","Mozambique",8.49271477134632,0.137099126550737,"AGS"
"921","0921",9.20119196069548,"MOZAMBIQUE_MAPUTO_MATUTUINE_ZITUNDO","Mozambique",9.37973137580682,0.17853941511134,"AGS"
"922","0922",12.3912041489479,"MOZAMBIQUE_MAPUTO_MOAMBA_MOAMBA","Mozambique",12.6611574885605,0.269953339612615,"AGS"
"923","0923",12.4164663703934,"MOZAMBIQUE_MAPUTO_MOAMBA_PESSENE","Mozambique",12.6891973420238,0.272730971630398,"AGS"
"924","0924",13.5310159562973,"MOZAMBIQUE_MAPUTO_MOAMBA_RESSANO GARCIA","Mozambique",13.8545458896621,0.323529933364803,"AGS"
"925","0925",11.85432476769,"MOZAMBIQUE_MAPUTO_MOAMBA_SABIE","Mozambique",12.1327802857565,0.278455518066545,"AGS"
"926","0926",11.7449087335702,"MOZAMBIQUE_MAPUTO_NAMAACHA_CHANGALANE","Mozambique",11.9998628942535,0.254954160683303,"AGS"
"927","0927",12.1035677663216,"MOZAMBIQUE_MAPUTO_NAMAACHA_NAMAACHA","Mozambique",12.3536679504154,0.250100184093778,"AGS"
"928","0928",10.9671228341598,"MOZAMBIQUE_NAMPULA_ANGOCHE_AUBE","Mozambique",11.0123445838286,0.0452217496688476,"AGS"
"929","0929",12.1841438346223,"MOZAMBIQUE_NAMPULA_ANGOCHE_BOILA NAMETORIA","Mozambique",12.2255407358853,0.0413969012630719,"AGS"
"930","0930",9.57795507082422,"MOZAMBIQUE_NAMPULA_ANGOCHE_CIDADE DE ANGOCHE","Mozambique",9.6148648625795,0.0369097917552867,"AGS"
"931","0931",12.1038320454715,"MOZAMBIQUE_NAMPULA_ANGOCHE_NAMAPONDA","Mozambique",12.1453767985862,0.0415447531147457,"AGS"
"932","0932",15.9005850844284,"MOZAMBIQUE_NAMPULA_CIDADE DE NAMPULA_ANCHILO","Mozambique",15.9444898415529,0.0439047571244302,"AGS"
"933","0933",17.2104741894809,"MOZAMBIQUE_NAMPULA_CIDADE DE NAMPULA_MUATALA","Mozambique",17.253667184475,0.0431929949941363,"AGS"
"934","0934",16.7274520783845,"MOZAMBIQUE_NAMPULA_CIDADE DE NAMPULA_MUHALA","Mozambique",16.7691284263309,0.0416763479463995,"AGS"
"935","0935",16.3106743171407,"MOZAMBIQUE_NAMPULA_CIDADE DE NAMPULA_NAMICOPO","Mozambique",16.3510167887011,0.040342471560443,"AGS"
"936","0936",17.0754984552242,"MOZAMBIQUE_NAMPULA_CIDADE DE NAMPULA_NAPIPINE","Mozambique",17.1171396082163,0.0416411529920424,"AGS"
"937","0937",17.0933743127007,"MOZAMBIQUE_NAMPULA_CIDADE DE NAMPULA_NATIKIRE","Mozambique",17.1352099185568,0.041835605856086,"AGS"
"938","0938",17.0110297506778,"MOZAMBIQUE_NAMPULA_CIDADE DE NAMPULA_URBANO CENTRAL","Mozambique",17.0530940223217,0.0420642716439268,"AGS"
"939","0939",11.5450243344185,"MOZAMBIQUE_NAMPULA_ERÁTI_ALUA","Mozambique",11.570922981058,0.0258986466394457,"AGS"
"940","0940",11.7749711803271,"MOZAMBIQUE_NAMPULA_ERÁTI_NAMAPA SEDE","Mozambique",11.7980952288768,0.023124048549656,"AGS"
"941","0941",12.3864125808156,"MOZAMBIQUE_NAMPULA_ERÁTI_NAMIROA","Mozambique",12.4085494663538,0.0221368855382345,"AGS"
"942","0942",9.12528826696855,"MOZAMBIQUE_NAMPULA_ILHA DE MOÇAMBIQUE_ILHA DE MOÇAMBIQUE","Mozambique",9.19622188290286,0.0709336159343135,"AGS"
"943","0943",10.2217441256493,"MOZAMBIQUE_NAMPULA_ILHA DE MOÇAMBIQUE_LUMBO","Mozambique",10.3152027175331,0.0934585918837154,"AGS"
"944","0944",13.9190946016903,"MOZAMBIQUE_NAMPULA_LALAUA_LALAUA","Mozambique",13.9453850436101,0.0262904419198247,"AGS"
"945","0945",13.2595299000045,"MOZAMBIQUE_NAMPULA_LALAUA_METI","Mozambique",13.2869625153728,0.0274326153682729,"AGS"
"946","0946",11.609478455178,"MOZAMBIQUE_NAMPULA_LARDE_LARDE","Mozambique",11.6436798520843,0.0342013969063419,"AGS"
"947","0947",15.56396940016,"MOZAMBIQUE_NAMPULA_LARDE_MUCUALI","Mozambique",15.6073151611855,0.0433457610254244,"AGS"
"948","0948",14.3534825998746,"MOZAMBIQUE_NAMPULA_LIÚPO_LIÚPO","Mozambique",14.3939418690732,0.0404592691986743,"AGS"
"949","0949",10.182287666922,"MOZAMBIQUE_NAMPULA_LIÚPO_QUINGA","Mozambique",10.212313117527,0.0300254506050059,"AGS"
"950","0950",15.4935118007015,"MOZAMBIQUE_NAMPULA_MALEMA_CHILULO","Mozambique",15.5272407958178,0.0337289951163022,"AGS"
"951","0951",14.7608439757796,"MOZAMBIQUE_NAMPULA_MALEMA_MALEMA/CANHUNHA","Mozambique",14.7948603237722,0.0340163479926101,"AGS"
"952","0952",14.6318892038231,"MOZAMBIQUE_NAMPULA_MALEMA_MUTUALI","Mozambique",14.670100823941,0.0382116201178562,"AGS"
"953","0953",15.4330915009185,"MOZAMBIQUE_NAMPULA_MECONTA_7 DE ABRIL","Mozambique",15.4834833178724,0.0503918169538835,"AGS"
"954","0954",15.2415167211582,"MOZAMBIQUE_NAMPULA_MECONTA_CORRANE","Mozambique",15.2897954721845,0.0482787510263254,"AGS"
"955","0955",15.7332256699706,"MOZAMBIQUE_NAMPULA_MECONTA_MECONTA","Mozambique",15.7877818330597,0.0545561630890816,"AGS"
"956","0956",14.9068303885708,"MOZAMBIQUE_NAMPULA_MECONTA_NAMIALO","Mozambique",14.9621816714466,0.0553512828758258,"AGS"
"957","0957",14.8750696872844,"MOZAMBIQUE_NAMPULA_MECUBÚRI_MECUBÚRI","Mozambique",14.9060924223267,0.0310227350422583,"AGS"
"958","0958",14.3883641340778,"MOZAMBIQUE_NAMPULA_MECUBÚRI_MILHANA","Mozambique",14.416490979563,0.0281268454852732,"AGS"
"959","0959",14.0830395356155,"MOZAMBIQUE_NAMPULA_MECUBÚRI_MUITE","Mozambique",14.107774717092,0.0247351814765153,"AGS"
"960","0960",16.7090258437018,"MOZAMBIQUE_NAMPULA_MECUBÚRI_NANIMA","Mozambique",16.7449897359015,0.0359638921997032,"AGS"
"961","0961",10.8169944942927,"MOZAMBIQUE_NAMPULA_MEMBA_CHIPENE","Mozambique",10.8423253596047,0.0253308653119575,"AGS"
"962","0962",9.69467649058548,"MOZAMBIQUE_NAMPULA_MEMBA_LURIO","Mozambique",9.71499999680934,0.0203235062238534,"AGS"
"963","0963",10.1267924578295,"MOZAMBIQUE_NAMPULA_MEMBA_MAZUA","Mozambique",10.1517158101089,0.0249233522794157,"AGS"
"964","0964",9.80164677990058,"MOZAMBIQUE_NAMPULA_MEMBA_MEMBA","Mozambique",9.83265234735188,0.0310055674512935,"AGS"
"965","0965",9.69676115296222,"MOZAMBIQUE_NAMPULA_MOGINCUAL_NAMINGE","Mozambique",9.72502975018497,0.0282685972227519,"AGS"
"966","0966",14.1567456543325,"MOZAMBIQUE_NAMPULA_MOGINCUAL_QUIXAXE","Mozambique",14.1997024773876,0.0429568230551212,"AGS"
"967","0967",16.280072582055,"MOZAMBIQUE_NAMPULA_MOGOVOLAS_CALIPO","Mozambique",16.3304469734479,0.0503743913928538,"AGS"
"968","0968",15.8093531857079,"MOZAMBIQUE_NAMPULA_MOGOVOLAS_ILUTE","Mozambique",15.8569544663849,0.0476012806770161,"AGS"
"969","0969",14.5400420208216,"MOZAMBIQUE_NAMPULA_MOGOVOLAS_MUATUA","Mozambique",14.590842621243,0.050800600421379,"AGS"
"970","0970",15.8615800247908,"MOZAMBIQUE_NAMPULA_MOGOVOLAS_NAMETIL SEDE","Mozambique",15.9171462225536,0.0555661977627437,"AGS"
"971","0971",14.4462986487198,"MOZAMBIQUE_NAMPULA_MOGOVOLAS_NANHUPO RIO","Mozambique",14.4967495622246,0.0504509135047417,"AGS"
"972","0972",15.923981624923,"MOZAMBIQUE_NAMPULA_MOMA_CHALAUA","Mozambique",15.9667694918628,0.0427878669397455,"AGS"
"973","0973",15.7665955079948,"MOZAMBIQUE_NAMPULA_MOMA_MACONE SEDE","Mozambique",15.804882155471,0.0382866474761325,"AGS"
"974","0974",13.7917311576906,"MOZAMBIQUE_NAMPULA_MONAPO_ITUCULO","Mozambique",13.8473587798611,0.0556276221704266,"AGS"
"975","0975",12.2444191070943,"MOZAMBIQUE_NAMPULA_MONAPO_MONAPO SEDE","Mozambique",12.2852703900845,0.0408512829902286,"AGS"
"976","0976",13.7890471331165,"MOZAMBIQUE_NAMPULA_MONAPO_NETIA","Mozambique",13.8372910509217,0.0482439178052463,"AGS"
"977","0977",10.344320544897,"MOZAMBIQUE_NAMPULA_MOSSURIL_LUNGA","Mozambique",10.3763821545304,0.0320616096334572,"AGS"
"978","0978",9.09854013468212,"MOZAMBIQUE_NAMPULA_MOSSURIL_MATIBANE","Mozambique",9.12898395352504,0.0304438188429206,"AGS"
"979","0979",10.3106815774288,"MOZAMBIQUE_NAMPULA_MOSSURIL_MOSSURIL SEDE","Mozambique",10.3471248719823,0.0364432945534521,"AGS"
"980","0980",14.1392700781084,"MOZAMBIQUE_NAMPULA_MUECATE_IMALA","Mozambique",14.1724826848479,0.0332126067395464,"AGS"
"981","0981",16.5920378208278,"MOZAMBIQUE_NAMPULA_MUECATE_MUCOLUANE","Mozambique",16.6322807983911,0.0402429775633095,"AGS"
"982","0982",14.3586945702849,"MOZAMBIQUE_NAMPULA_MUECATE_MUECATE","Mozambique",14.3987113937103,0.0400168234253968,"AGS"
"983","0983",21.2773724877229,"MOZAMBIQUE_NAMPULA_MURRUPULA_CHINGA","Mozambique",21.3286028395852,0.0512303518623618,"AGS"
"984","0984",20.9877870633208,"MOZAMBIQUE_NAMPULA_MURRUPULA_MURRUPULA","Mozambique",21.0439055427524,0.0561184794315395,"AGS"
"985","0985",19.9921307406022,"MOZAMBIQUE_NAMPULA_MURRUPULA_NIHESSIUE","Mozambique",20.0469994117798,0.0548686711775908,"AGS"
"986","0986",11.1529551627376,"MOZAMBIQUE_NAMPULA_NACALA-A-VELHA_COVO","Mozambique",11.1926486532756,0.0396934905379975,"AGS"
"987","0987",11.3662243732462,"MOZAMBIQUE_NAMPULA_NACALA-A-VELHA_NACALA-A-VELHA","Mozambique",11.4079967285189,0.041772355272732,"AGS"
"988","0988",9.91630235488717,"MOZAMBIQUE_NAMPULA_NACALA-PORTO_MUANONA","Mozambique",9.9492913008387,0.0329889459515336,"AGS"
"989","0989",8.75106314725407,"MOZAMBIQUE_NAMPULA_NACALA-PORTO_MUTIVA","Mozambique",8.77771558664281,0.0266524393887373,"AGS"
"990","0990",11.7919398328749,"MOZAMBIQUE_NAMPULA_NACARÔA_INTETE","Mozambique",11.8422838847544,0.0503440518795113,"AGS"
"991","0991",12.6700266966484,"MOZAMBIQUE_NAMPULA_NACARÔA_NACARÔA","Mozambique",12.7213101377616,0.0512834411132239,"AGS"
"992","0992",12.7909138815008,"MOZAMBIQUE_NAMPULA_NACARÔA_SAUA-SAUA","Mozambique",12.827764102334,0.0368502208331414,"AGS"
"993","0993",18.993796067046,"MOZAMBIQUE_NAMPULA_RAPALE_MUTIVAZE","Mozambique",19.038657082265,0.0448610152189701,"AGS"
"994","0994",17.9379735624474,"MOZAMBIQUE_NAMPULA_RAPALE_NAMAITA","Mozambique",17.9832729762577,0.0452994138103335,"AGS"
"995","0995",17.0615782059381,"MOZAMBIQUE_NAMPULA_RAPALE_RAPALE","Mozambique",17.1018095561871,0.0402313502490372,"AGS"
"996","0996",19.0803712677745,"MOZAMBIQUE_NAMPULA_RIBÁUÈ_CUNLE","Mozambique",19.1227659970771,0.0423947293025719,"AGS"
"997","0997",25.3832543877046,"MOZAMBIQUE_NAMPULA_RIBÁUÈ_IAPALA","Mozambique",25.4407746412283,0.0575202535236876,"AGS"
"998","0998",15.5529602577515,"MOZAMBIQUE_NAMPULA_RIBÁUÈ_RIBÁUÈ","Mozambique",15.5862201358675,0.0332598781159472,"AGS"
"999","0999",10.5776924276585,"MOZAMBIQUE_NIASSA_CHIMBONILA_CHIMBONILA","Mozambique",10.6255608447569,0.0478684170984298,"AGS"
"1000","1000",10.3949509921746,"MOZAMBIQUE_NIASSA_CHIMBONILA_LIONE","Mozambique",10.4497926351099,0.0548416429352976,"AGS"
"1001","1001",7.57895196244566,"MOZAMBIQUE_NIASSA_CHIMBONILA_MEPONDA","Mozambique",7.63897918662039,0.0600272241747275,"AGS"
"1002","1002",11.2356137025952,"MOZAMBIQUE_NIASSA_CIDADE DE LICHINGA_CIDADE DE LICHINGA","Mozambique",11.2983001878983,0.0626864853030664,"AGS"
"1003","1003",15.3370089663889,"MOZAMBIQUE_NIASSA_CUAMBA_CIDADE DE CUAMBA","Mozambique",15.3901466338278,0.0531376674389321,"AGS"
"1004","1004",12.8828765281537,"MOZAMBIQUE_NIASSA_CUAMBA_ETATARA","Mozambique",12.9283118218014,0.0454352936476852,"AGS"
"1005","1005",15.8051978590969,"MOZAMBIQUE_NIASSA_CUAMBA_LÚRIO","Mozambique",15.8508614734188,0.0456636143218407,"AGS"
"1006","1006",11.2394808741532,"MOZAMBIQUE_NIASSA_CUAMBA_MEPICA","Mozambique",11.2883292654636,0.0488483913103845,"AGS"
"1007","1007",6.61422412690169,"MOZAMBIQUE_NIASSA_LAGO_CÓBUE","Mozambique",6.79060623668141,0.176382109779718,"AGS"
"1008","1008",8.64327669044177,"MOZAMBIQUE_NIASSA_LAGO_LUNHO","Mozambique",8.73140905718624,0.0881323667444729,"AGS"
"1009","1009",12.1489124658535,"MOZAMBIQUE_NIASSA_LAGO_MANIAMBA","Mozambique",12.2386278144754,0.0897153486219029,"AGS"
"1010","1010",8.42880339008468,"MOZAMBIQUE_NIASSA_LAGO_MELULUCA","Mozambique",8.51809584603877,0.0892924559540944,"AGS"
"1011","1011",8.48993874522659,"MOZAMBIQUE_NIASSA_LAGO_METANGULA","Mozambique",8.56952633077134,0.0795875855447576,"AGS"
"1012","1012",13.0615707249871,"MOZAMBIQUE_NIASSA_MAJUNE_MALANGA","Mozambique",13.0920603697258,0.0304896447386973,"AGS"
"1013","1013",12.4914503489992,"MOZAMBIQUE_NIASSA_MAJUNE_MUAQUIA","Mozambique",12.5161231500359,0.0246728010367487,"AGS"
"1014","1014",11.7473130456154,"MOZAMBIQUE_NIASSA_MAJUNE_NAIRRUBI","Mozambique",11.778325680547,0.0310126349316509,"AGS"
"1015","1015",11.3895648761301,"MOZAMBIQUE_NIASSA_MANDIMBA_LISSIETE","Mozambique",11.4473827164849,0.0578178403547529,"AGS"
"1016","1016",11.3655289288519,"MOZAMBIQUE_NIASSA_MANDIMBA_MITANDE","Mozambique",11.4016086017752,0.036079672923254,"AGS"
"1017","1017",10.7057792079103,"MOZAMBIQUE_NIASSA_MARRUPA_MARRANGIRA","Mozambique",10.719265277456,0.0134860695456602,"AGS"
"1018","1018",11.3077879583016,"MOZAMBIQUE_NIASSA_MARRUPA_MARRUPA SEDE","Mozambique",11.3257679112085,0.017979952906904,"AGS"
"1019","1019",12.9298532475998,"MOZAMBIQUE_NIASSA_MARRUPA_NUNGO","Mozambique",12.9499120364783,0.0200587888785329,"AGS"
"1020","1020",13.8883758737538,"MOZAMBIQUE_NIASSA_MAÚA_MAIACA","Mozambique",13.9169332157178,0.028557341963948,"AGS"
"1021","1021",12.6732649163417,"MOZAMBIQUE_NIASSA_MAÚA_MAÚA","Mozambique",12.6994573848642,0.0261924685224137,"AGS"
"1022","1022",8.7175167325645,"MOZAMBIQUE_NIASSA_MAVAGO_MAVAGO SEDE","Mozambique",8.74623420817957,0.0287174756150748,"AGS"
"1023","1023",14.8715160497928,"MOZAMBIQUE_NIASSA_MAVAGO_MSAWIZE","Mozambique",14.9027477395669,0.0312316897741169,"AGS"
"1024","1024",11.0975589039216,"MOZAMBIQUE_NIASSA_MECANHELAS_CHIUTA","Mozambique",11.1593203647837,0.0617614608620993,"AGS"
"1025","1025",12.5929599762131,"MOZAMBIQUE_NIASSA_MECANHELAS_INSACA","Mozambique",12.6727317903289,0.0797718141157411,"AGS"
"1026","1026",10.3366592856764,"MOZAMBIQUE_NIASSA_MECULA_MATONDOVELA","Mozambique",10.3568722470308,0.020212961354364,"AGS"
"1027","1027",7.03612316921861,"MOZAMBIQUE_NIASSA_MECULA_MECULA SEDE","Mozambique",7.047981966678,0.011858797459392,"AGS"
"1028","1028",15.2771569322859,"MOZAMBIQUE_NIASSA_METARICA_NACUMUA","Mozambique",15.3118310715172,0.0346741392313241,"AGS"
"1029","1029",13.7340236434015,"MOZAMBIQUE_NIASSA_METARICA_NAMICUNDI","Mozambique",13.7702168072573,0.0361931638558648,"AGS"
"1030","1030",10.9150703793991,"MOZAMBIQUE_NIASSA_MUEMBE_CHICONONO","Mozambique",10.9525694293453,0.037499049946204,"AGS"
"1031","1031",13.1529264357095,"MOZAMBIQUE_NIASSA_MUEMBE_MUEMBE","Mozambique",13.1980259844528,0.0450995487433463,"AGS"
"1032","1032",13.1301253016958,"MOZAMBIQUE_NIASSA_NGAUMA_ITEPELA","Mozambique",13.1748549531166,0.0447296514207522,"AGS"
"1033","1033",10.7655199474141,"MOZAMBIQUE_NIASSA_NGAUMA_MASSANGULO","Mozambique",10.8143230389886,0.0488030915744933,"AGS"
"1034","1034",13.740614378744,"MOZAMBIQUE_NIASSA_NIPEPE_MULUCO","Mozambique",13.7646028272207,0.0239884484767323,"AGS"
"1035","1035",14.5711407734128,"MOZAMBIQUE_NIASSA_NIPEPE_NIPEPE SEDE","Mozambique",14.5979069783044,0.0267662048915298,"AGS"
"1036","1036",12.1121048271537,"MOZAMBIQUE_NIASSA_SANGA_LUSSIMBESSE","Mozambique",12.1810794191285,0.0689745919747224,"AGS"
"1037","1037",10.4046344276663,"MOZAMBIQUE_NIASSA_SANGA_MACALOGE","Mozambique",10.4617498785871,0.0571154509207386,"AGS"
"1038","1038",9.6172081717406,"MOZAMBIQUE_NIASSA_SANGA_MATCHEDJE","Mozambique",9.70217262389257,0.0849644521519757,"AGS"
"1039","1039",12.2839882804794,"MOZAMBIQUE_NIASSA_SANGA_UNANGO","Mozambique",12.3471768352245,0.0631885547451034,"AGS"
"1040","1040",15.6852965356196,"MOZAMBIQUE_SOFALA_BÚZI_BÚZI SEDE","Mozambique",15.7442015029785,0.0589049673588491,"AGS"
"1041","1041",13.5982642043861,"MOZAMBIQUE_SOFALA_BÚZI_ESTAQUINHA","Mozambique",13.6856255554487,0.0873613510626043,"AGS"
"1042","1042",13.0277900273242,"MOZAMBIQUE_SOFALA_BÚZI_NOVA SOFALA","Mozambique",13.107889350774,0.0800993234498097,"AGS"
"1043","1043",17.8273109103106,"MOZAMBIQUE_SOFALA_CAIA_CAIA SEDE","Mozambique",17.8983154485183,0.0710045382076778,"AGS"
"1044","1044",16.1940733050085,"MOZAMBIQUE_SOFALA_CAIA_MURRACA","Mozambique",16.271198561099,0.0771252560904969,"AGS"
"1045","1045",14.7937526884782,"MOZAMBIQUE_SOFALA_CAIA_SENA","Mozambique",14.8724534259657,0.0787007374874804,"AGS"
"1046","1046",12.3738244714518,"MOZAMBIQUE_SOFALA_CHEMBA_CHEMBA","Mozambique",12.4559957182006,0.0821712467487767,"AGS"
"1047","1047",10.8973826270119,"MOZAMBIQUE_SOFALA_CHEMBA_CHIRAMBA","Mozambique",10.9678930557368,0.0705104287248179,"AGS"
"1048","1048",11.8824498654777,"MOZAMBIQUE_SOFALA_CHEMBA_MULIMA","Mozambique",11.9471298457497,0.0646799802720199,"AGS"
"1049","1049",18.9118101581087,"MOZAMBIQUE_SOFALA_CHERINGOMA_INHAMINGA","Mozambique",18.9617695914745,0.0499594333657569,"AGS"
"1050","1050",20.6422557716609,"MOZAMBIQUE_SOFALA_CHERINGOMA_INHAMITANGA","Mozambique",20.7068894889494,0.0646337172885083,"AGS"
"1051","1051",14.8475632852453,"MOZAMBIQUE_SOFALA_CHIBABAVA_CHIBABAVA","Mozambique",14.9419891102471,0.0944258250017747,"AGS"
"1052","1052",14.3786644390856,"MOZAMBIQUE_SOFALA_CHIBABAVA_GOONDA SEDE","Mozambique",14.4624886393457,0.0838242002600857,"AGS"
"1053","1053",12.2900146814322,"MOZAMBIQUE_SOFALA_CHIBABAVA_MUXUNGUE","Mozambique",12.4216211039569,0.131606422524701,"AGS"
"1054","1054",13.1332683823723,"MOZAMBIQUE_SOFALA_CIDADE DA BEIRA_CHIVEVE","Mozambique",13.1838099091939,0.0505415268216005,"AGS"
"1055","1055",13.524913045354,"MOZAMBIQUE_SOFALA_CIDADE DA BEIRA_MANGA LAFORTE","Mozambique",13.5734989365796,0.0485858912255797,"AGS"
"1056","1056",13.3943935556511,"MOZAMBIQUE_SOFALA_CIDADE DA BEIRA_MUNHAVA","Mozambique",13.4409685577789,0.0465750021277582,"AGS"
"1057","1057",14.2533415534611,"MOZAMBIQUE_SOFALA_CIDADE DA BEIRA_NHANGAU","Mozambique",14.3014506072131,0.0481090537519844,"AGS"
"1058","1058",15.4482049590375,"MOZAMBIQUE_SOFALA_DONDO_CIDADE DE DONDO","Mozambique",15.5017563941252,0.0535514350876252,"AGS"
"1059","1059",18.3355744909427,"MOZAMBIQUE_SOFALA_DONDO_MAFAMBISSE","Mozambique",18.4010426482213,0.0654681572785982,"AGS"
"1060","1060",16.1170327896248,"MOZAMBIQUE_SOFALA_DONDO_SAVANE","Mozambique",16.1628430384294,0.0458102488045817,"AGS"
"1061","1061",20.1030240622865,"MOZAMBIQUE_SOFALA_GORONGOSA_CANDA","Mozambique",20.1818550335306,0.0788309712440842,"AGS"
"1062","1062",19.4526378490247,"MOZAMBIQUE_SOFALA_GORONGOSA_GORONGOSA","Mozambique",19.5185109405224,0.0658730914976999,"AGS"
"1063","1063",21.7042062226053,"MOZAMBIQUE_SOFALA_GORONGOSA_VUNDUZI","Mozambique",21.7801820878171,0.0759758652117632,"AGS"
"1064","1064",19.7144306395061,"MOZAMBIQUE_SOFALA_MACHANGA_CHILOANE","Mozambique",19.7969046366956,0.0824739971895809,"AGS"
"1065","1065",10.2173870807775,"MOZAMBIQUE_SOFALA_MACHANGA_DIVINHE","Mozambique",10.3290219215987,0.111634840821196,"AGS"
"1066","1066",10.5716806869451,"MOZAMBIQUE_SOFALA_MACHANGA_MACHANGA","Mozambique",10.6788188073857,0.107138120440608,"AGS"
"1067","1067",12.2588251350942,"MOZAMBIQUE_SOFALA_MARÍNGUÈ_CANXIXE","Mozambique",12.3311501013526,0.0723249662584013,"AGS"
"1068","1068",15.5037227475887,"MOZAMBIQUE_SOFALA_MARÍNGUÈ_MARÍNGUÈ SEDE","Mozambique",15.5678692193347,0.0641464717460192,"AGS"
"1069","1069",18.6060213733593,"MOZAMBIQUE_SOFALA_MARÍNGUÈ_SUBUE","Mozambique",18.6727668029691,0.0667454296097638,"AGS"
"1070","1070",23.7484238480055,"MOZAMBIQUE_SOFALA_MARROMEU_CHUPANGA","Mozambique",23.8175251538662,0.0691013058606913,"AGS"
"1071","1071",20.5917344175162,"MOZAMBIQUE_SOFALA_MARROMEU_MARROMEU","Mozambique",20.6434104843826,0.051676066866392,"AGS"
"1072","1072",19.0604256138252,"MOZAMBIQUE_SOFALA_MUANZA_GALINHA","Mozambique",19.1043616773691,0.0439360635438746,"AGS"
"1073","1073",17.7863959387636,"MOZAMBIQUE_SOFALA_MUANZA_MUANZA","Mozambique",17.8380141977879,0.0516182590242984,"AGS"
"1074","1074",21.5831220998111,"MOZAMBIQUE_SOFALA_NHAMATANDA_NHAMATANDA","Mozambique",21.6752859930679,0.0921638932567994,"AGS"
"1075","1075",18.1132469634209,"MOZAMBIQUE_SOFALA_NHAMATANDA_TICA","Mozambique",18.1860969394296,0.0728499760087296,"AGS"
"1076","1076",10.1006610149446,"MOZAMBIQUE_TETE_ANGÓNIA_DOMUE","Mozambique",10.1419631330147,0.0413021180701065,"AGS"
"1077","1077",10.74564216254,"MOZAMBIQUE_TETE_ANGÓNIA_ULONGUE","Mozambique",10.7657243053428,0.0200821428028011,"AGS"
"1078","1078",9.32798845499493,"MOZAMBIQUE_TETE_CAHORA BASSA_CHINTHOLO","Mozambique",9.46477460579003,0.136786150795096,"AGS"
"1079","1079",10.4939205306916,"MOZAMBIQUE_TETE_CAHORA BASSA_CHITIMA","Mozambique",10.5640561848436,0.0701356541519509,"AGS"
"1080","1080",11.8285593554773,"MOZAMBIQUE_TETE_CAHORA BASSA_SONGO","Mozambique",11.8816424930904,0.0530831376131395,"AGS"
"1081","1081",9.37899706634404,"MOZAMBIQUE_TETE_CHANGARA_CHIOCO","Mozambique",9.49857271014174,0.119575643797702,"AGS"
"1082","1082",9.81905590126348,"MOZAMBIQUE_TETE_CHANGARA_LUENHA","Mozambique",9.9742230788415,0.155167177578024,"AGS"
"1083","1083",11.2300836424946,"MOZAMBIQUE_TETE_CHIFUNDE_CHIFUNDE","Mozambique",11.2950037195836,0.0649200770889635,"AGS"
"1084","1084",11.4845441917333,"MOZAMBIQUE_TETE_CHIFUNDE_MUALADZI","Mozambique",11.6017056021892,0.117161410455928,"AGS"
"1085","1085",15.7340368974608,"MOZAMBIQUE_TETE_CHIFUNDE_NSADZO","Mozambique",15.8292627588165,0.095225861355706,"AGS"
"1086","1086",14.5376969686286,"MOZAMBIQUE_TETE_CHIÚTA_KAZULA","Mozambique",14.6118213999216,0.0741244312929954,"AGS"
"1087","1087",13.5216917091957,"MOZAMBIQUE_TETE_CHIÚTA_MANJE","Mozambique",13.5891713201298,0.067479610934134,"AGS"
"1088","1088",11.4663714771745,"MOZAMBIQUE_TETE_CIDADE DE TETE_CIDADE DE TETE","Mozambique",11.5861133554398,0.119741878265296,"AGS"
"1089","1089",12.7359445300752,"MOZAMBIQUE_TETE_DÔA_DÔA","Mozambique",12.8633415494409,0.127397019365647,"AGS"
"1090","1090",14.806149046223,"MOZAMBIQUE_TETE_MACANGA_CHIDZOLOMONDO","Mozambique",14.9147407712916,0.108591725068596,"AGS"
"1091","1091",18.898047145117,"MOZAMBIQUE_TETE_MACANGA_FURANCUNGO","Mozambique",18.9130165112732,0.0149693661562083,"AGS"
"1092","1092",13.3183498065007,"MOZAMBIQUE_TETE_MÁGOÈ_CHINTHOPO","Mozambique",13.4816167353522,0.163266928851542,"AGS"
"1093","1093",11.246213304669,"MOZAMBIQUE_TETE_MÁGOÈ_MPHENDE","Mozambique",11.3493306050962,0.103117300427197,"AGS"
"1094","1094",8.81391524047486,"MOZAMBIQUE_TETE_MÁGOÈ_MUCUMBURA","Mozambique",8.90851887318421,0.0946036327093509,"AGS"
"1095","1095",10.7001399618067,"MOZAMBIQUE_TETE_MARARA_MARARA","Mozambique",10.7845464441757,0.0844064823690367,"AGS"
"1096","1096",10.9254203525572,"MOZAMBIQUE_TETE_MARÁVIA_CHIPERA","Mozambique",10.9759750237673,0.0505546712100955,"AGS"
"1097","1097",11.7460183141449,"MOZAMBIQUE_TETE_MARÁVIA_CHIPUTO","Mozambique",11.7998590812666,0.0538407671217414,"AGS"
"1098","1098",9.89054897378633,"MOZAMBIQUE_TETE_MARÁVIA_FINGOE","Mozambique",10.0008014169529,0.110252443166523,"AGS"
"1099","1099",9.50953758582911,"MOZAMBIQUE_TETE_MARÁVIA_MALOWERA","Mozambique",9.61318888887911,0.103651303050006,"AGS"
"1100","1100",14.0897517821152,"MOZAMBIQUE_TETE_MOATIZE_KAMBULATSITSI","Mozambique",14.1882320756449,0.0984802935297004,"AGS"
"1101","1101",13.0136664084059,"MOZAMBIQUE_TETE_MOATIZE_MOATIZE","Mozambique",13.1014246934227,0.0877582850167826,"AGS"
"1102","1102",14.1305537524361,"MOZAMBIQUE_TETE_MOATIZE_ZOBUE","Mozambique",14.2347991748899,0.104245422453779,"AGS"
"1103","1103",16.5610684800101,"MOZAMBIQUE_TETE_MUTARARA_CHARRE","Mozambique",16.6917779257432,0.130709445733078,"AGS"
"1104","1104",17.8163426149444,"MOZAMBIQUE_TETE_MUTARARA_INHANGOMA","Mozambique",17.9161933719351,0.0998507569907048,"AGS"
"1105","1105",12.8367199189999,"MOZAMBIQUE_TETE_MUTARARA_NHAMAYABUE","Mozambique",12.9429745554856,0.106254636485717,"AGS"
"1106","1106",10.5512006117605,"MOZAMBIQUE_TETE_TSANGANO_NTENGO-WAMBALAME","Mozambique",10.6598949247237,0.108694312963181,"AGS"
"1107","1107",11.2853594659659,"MOZAMBIQUE_TETE_TSANGANO_TSANGANO","Mozambique",11.3925910433148,0.107231577348912,"AGS"
"1108","1108",12.0434408699524,"MOZAMBIQUE_TETE_ZUMBO_MUZE","Mozambique",12.1705927028796,0.127151832927252,"AGS"
"1109","1109",11.5873260392483,"MOZAMBIQUE_TETE_ZUMBO_ZAMBUE","Mozambique",11.7575173587908,0.170191319542496,"AGS"
"1110","1110",10.0532806627925,"MOZAMBIQUE_TETE_ZUMBO_ZUMBO","Mozambique",10.1576248143201,0.104344151527608,"AGS"
"1111","1111",19.3343571352716,"MOZAMBIQUE_ZAMBÉZIA_ALTO MOLÓCUÈ_ALTO MOLÓCUÈ SEDE","Mozambique",19.382152869318,0.0477957340464314,"AGS"
"1112","1112",17.3489514211239,"MOZAMBIQUE_ZAMBÉZIA_ALTO MOLÓCUÈ_NAUELA","Mozambique",17.3911066312464,0.0421552101225657,"AGS"
"1113","1113",16.7087391675297,"MOZAMBIQUE_ZAMBÉZIA_CHINDE_CHINDE SEDE","Mozambique",16.7507254201716,0.0419862526419088,"AGS"
"1114","1114",20.3074892700718,"MOZAMBIQUE_ZAMBÉZIA_CHINDE_MICAUNE","Mozambique",20.3566276712867,0.0491384012149112,"AGS"
"1115","1115",26.6029177076281,"MOZAMBIQUE_ZAMBÉZIA_DERRE_GUERISSA","Mozambique",26.7012024544899,0.0982847468617223,"AGS"
"1116","1116",21.4967925618936,"MOZAMBIQUE_ZAMBÉZIA_DERRE_MACHINDO","Mozambique",21.5742413271303,0.0774487652367561,"AGS"
"1117","1117",21.1400988572732,"MOZAMBIQUE_ZAMBÉZIA_GILÉ_ALTO LIGONHA","Mozambique",21.1887030410898,0.0486041838165683,"AGS"
"1118","1118",20.0354660608572,"MOZAMBIQUE_ZAMBÉZIA_GILÉ_GILÉ","Mozambique",20.0792048071227,0.0437387462655678,"AGS"
"1119","1119",20.7735805555781,"MOZAMBIQUE_ZAMBÉZIA_GURUÈ_CIDADE DE GURUÈ","Mozambique",20.8347046567389,0.0611241011607859,"AGS"
"1120","1120",15.4096682019535,"MOZAMBIQUE_ZAMBÉZIA_GURUÈ_LIOMA","Mozambique",15.4531673850692,0.0434991831157099,"AGS"
"1121","1121",20.6745494651564,"MOZAMBIQUE_ZAMBÉZIA_GURUÈ_MEPUAGIUA","Mozambique",20.7344376112689,0.0598881461124492,"AGS"
"1122","1122",21.1931985845112,"MOZAMBIQUE_ZAMBÉZIA_ILE_ILE","Mozambique",21.2546240177129,0.0614254332016735,"AGS"
"1123","1123",22.9836098976321,"MOZAMBIQUE_ZAMBÉZIA_ILE_SOCONE","Mozambique",23.0516436077949,0.0680337101627835,"AGS"
"1124","1124",17.7129935578464,"MOZAMBIQUE_ZAMBÉZIA_INHASSUNGE_GONHANE","Mozambique",17.7607557769503,0.0477622191038982,"AGS"
"1125","1125",19.1776480460798,"MOZAMBIQUE_ZAMBÉZIA_INHASSUNGE_MUCUPIA","Mozambique",19.231831679093,0.0541836330132028,"AGS"
"1126","1126",23.4218520458267,"MOZAMBIQUE_ZAMBÉZIA_LUABO_CHIMBADZO","Mozambique",23.4880335083426,0.0661814625158463,"AGS"
"1127","1127",21.4755124144261,"MOZAMBIQUE_ZAMBÉZIA_LUABO_SAMORA MACHEL","Mozambique",21.5295429391024,0.0540305246763424,"AGS"
"1128","1128",26.6832418162316,"MOZAMBIQUE_ZAMBÉZIA_LUGELA_LUGELA SEDE","Mozambique",26.7560852507538,0.0728434345222908,"AGS"
"1129","1129",22.2658046696683,"MOZAMBIQUE_ZAMBÉZIA_LUGELA_MUABANAMA","Mozambique",22.3476908467853,0.0818861771170454,"AGS"
"1130","1130",25.3988727122997,"MOZAMBIQUE_ZAMBÉZIA_LUGELA_MUNHAMADE","Mozambique",25.4684076646513,0.0695349523516313,"AGS"
"1131","1131",32.1097246816225,"MOZAMBIQUE_ZAMBÉZIA_LUGELA_TACUANE","Mozambique",32.198324974995,0.0886002933725152,"AGS"
"1132","1132",19.4959710089109,"MOZAMBIQUE_ZAMBÉZIA_MAGANJA DA COSTA_MAGANJA DA COSTA","Mozambique",19.5374364413052,0.0414654323943324,"AGS"
"1133","1133",21.6526783339027,"MOZAMBIQUE_ZAMBÉZIA_MAGANJA DA COSTA_NANTE","Mozambique",21.6987890205677,0.0461106866649814,"AGS"
"1134","1134",13.8009148231836,"MOZAMBIQUE_ZAMBÉZIA_MILANGE_MAJAUA","Mozambique",13.9999796620717,0.199064838888114,"AGS"
"1135","1135",17.0696536347869,"MOZAMBIQUE_ZAMBÉZIA_MILANGE_MILANGE SEDE","Mozambique",17.1980217541103,0.128368119323447,"AGS"
"1136","1136",16.4695370547074,"MOZAMBIQUE_ZAMBÉZIA_MILANGE_MONGUE","Mozambique",16.6153354760701,0.145798421362674,"AGS"
"1137","1137",25.806813948166,"MOZAMBIQUE_ZAMBÉZIA_MOCUBA_CIDADE DE MOCUBA","Mozambique",25.8661046894187,0.0592907412527026,"AGS"
"1138","1138",23.622901626015,"MOZAMBIQUE_ZAMBÉZIA_MOCUBA_MUGEBA","Mozambique",23.6815272160211,0.0586255900061055,"AGS"
"1139","1139",28.684478799602,"MOZAMBIQUE_ZAMBÉZIA_MOCUBA_NAMANJAVIRA","Mozambique",28.7593955131824,0.0749167135803823,"AGS"
"1140","1140",17.8543140068615,"MOZAMBIQUE_ZAMBÉZIA_MOCUBELA_BAJONE","Mozambique",17.8935881873613,0.0392741804998415,"AGS"
"1141","1141",21.4553735638967,"MOZAMBIQUE_ZAMBÉZIA_MOCUBELA_MOCUBELA","Mozambique",21.5019424224887,0.0465688585919786,"AGS"
"1142","1142",14.3414501208374,"MOZAMBIQUE_ZAMBÉZIA_MOLUMBO_CORROMANA","Mozambique",14.4508629998514,0.109412879014041,"AGS"
"1143","1143",15.1819377889117,"MOZAMBIQUE_ZAMBÉZIA_MOLUMBO_MOLUMBO SEDE","Mozambique",15.2561290140968,0.0741912251850163,"AGS"
"1144","1144",24.7377726574042,"MOZAMBIQUE_ZAMBÉZIA_MOPEIA_CAMPO","Mozambique",24.803119592094,0.0653469346897317,"AGS"
"1145","1145",24.1450877574244,"MOZAMBIQUE_ZAMBÉZIA_MOPEIA_MOPEIA SEDE","Mozambique",24.2322393581676,0.0871516007431943,"AGS"
"1146","1146",17.2193453956945,"MOZAMBIQUE_ZAMBÉZIA_MORRUMBALA_CHIRE","Mozambique",17.3868464205618,0.167501024867278,"AGS"
"1147","1147",20.2154363883429,"MOZAMBIQUE_ZAMBÉZIA_MORRUMBALA_MEGAZA","Mozambique",20.3801826659958,0.164746277652867,"AGS"
"1148","1148",22.4554697271797,"MOZAMBIQUE_ZAMBÉZIA_MORRUMBALA_MORRUMBALA SEDE","Mozambique",22.6086738447679,0.153204117588221,"AGS"
"1149","1149",20.3118754483028,"MOZAMBIQUE_ZAMBÉZIA_MULEVALA_CHIRACO","Mozambique",20.3622921208682,0.0504166725653938,"AGS"
"1150","1150",21.6786337006575,"MOZAMBIQUE_ZAMBÉZIA_MULEVALA_M BAUANE","Mozambique",21.7347045132635,0.0560708126060554,"AGS"
"1151","1151",19.6329684090796,"MOZAMBIQUE_ZAMBÉZIA_NAMACURRA_MACUSE","Mozambique",19.6777812673257,0.0448128582461393,"AGS"
"1152","1152",28.5815553102744,"MOZAMBIQUE_ZAMBÉZIA_NAMACURRA_MALEI","Mozambique",28.640499957704,0.0589446474296125,"AGS"
"1153","1153",23.3743854036793,"MOZAMBIQUE_ZAMBÉZIA_NAMACURRA_NAMACURRA SEDE","Mozambique",23.4249369572886,0.0505515536092389,"AGS"
"1154","1154",30.2194074335598,"MOZAMBIQUE_ZAMBÉZIA_NAMARROI_NAMARROI","Mozambique",30.3171919056469,0.0977844720870991,"AGS"
"1155","1155",21.9076129717644,"MOZAMBIQUE_ZAMBÉZIA_NAMARROI_REGONE","Mozambique",21.9778383626503,0.0702253908858523,"AGS"
"1156","1156",29.9837320563239,"MOZAMBIQUE_ZAMBÉZIA_NICOADALA_MUNHONHA","Mozambique",30.0502539152384,0.0665218589144807,"AGS"
"1157","1157",26.3605995404709,"MOZAMBIQUE_ZAMBÉZIA_NICOADALA_NICOADALA SEDE","Mozambique",26.4201467402038,0.0595471997328971,"AGS"
"1158","1158",19.8683539552635,"MOZAMBIQUE_ZAMBÉZIA_PEBANE_MULELA","Mozambique",19.9088068511228,0.0404528958593531,"AGS"
"1159","1159",20.5018517665859,"MOZAMBIQUE_ZAMBÉZIA_PEBANE_NABURI","Mozambique",20.5453100728514,0.043458306265503,"AGS"
"1160","1160",18.5359747358837,"MOZAMBIQUE_ZAMBÉZIA_PEBANE_PEBANE SEDE","Mozambique",18.5746447148143,0.0386699789306064,"AGS"
"1161","1161",17.7824714901083,"MOZAMBIQUE_ZAMBÉZIA_QUELIMANE_MAQUIVAL","Mozambique",17.8303272637215,0.0478557736132075,"AGS"
"1162","1162",18.9910220220441,"MOZAMBIQUE_ZAMBÉZIA_QUELIMANE_QUELIMANE","Mozambique",19.0411034351452,0.050081413101136,"AGS"
"1163","1163",14.7937164545519,"MOZAMBIQUE_SOFALA_CIDADE DA BEIRA_INHAMIZUA","Mozambique",14.8506668860695,0.0569504315175831,"AGS"
"1164","1164",9.4695628009208,"MOZAMBIQUE_CABO DELGADO_QUISSANGA_QUISSANGA","Mozambique",9.49209918927385,0.0225363883530516,"AGS"
"1165","1165",20.2922730788072,"MOZAMBIQUE_ZAMBÉZIA_NICOADALA_NAMACATA","Mozambique",20.3407499053613,0.0484768265541362,"AGS"
"1166","1166",11.1978952546518,"NAMIBIA_ZAMBEZI_KABBE","Namibia",11.4381413639108,0.240246109259061,"AGS"
"1167","1167",12.0735881461759,"NAMIBIA_ZAMBEZI_KATIMA MULILO RURAL","Namibia",12.3227282460137,0.249140099837831,"AGS"
"1168","1168",14.3151821575052,"NAMIBIA_ZAMBEZI_KATIMA MULILO URBAN","Namibia",14.5198014360203,0.204619278515146,"AGS"
"1169","1169",9.57218426676746,"NAMIBIA_ZAMBEZI_KONGOLA","Namibia",9.7044050508044,0.132220784036935,"AGS"
"1170","1170",10.5329675552718,"NAMIBIA_ZAMBEZI_LINYANTI","Namibia",10.6919936653564,0.159026110084602,"AGS"
"1171","1171",11.5358918674625,"NAMIBIA_ZAMBEZI_SIBBINDA","Namibia",11.7665551296341,0.230663262171573,"AGS"
"1172","1172",2.38121675702623,"NAMIBIA_ERONGO_ARANDIS","Namibia",2.41654887809309,0.0353321210668573,"AGS"
"1173","1173",2.84449253533351,"NAMIBIA_ERONGO_DAURES","Namibia",2.89002305783855,0.0455305225050342,"AGS"
"1174","1174",5.08550886089842,"NAMIBIA_ERONGO_KARIBIB","Namibia",5.15789275949609,0.0723838985976721,"AGS"
"1175","1175",4.28871813491747,"NAMIBIA_ERONGO_OMARURU","Namibia",4.35986160369054,0.0711434687730739,"AGS"
"1176","1176",2.39373934191932,"NAMIBIA_ERONGO_SWAKOPMUND","Namibia",2.43816882902676,0.0444294871074362,"AGS"
"1177","1177",2.84387300108036,"NAMIBIA_ERONGO_WALVIS BAY RURAL","Namibia",2.88113212161687,0.0372591205365058,"AGS"
"1178","1178",2.57247785795068,"NAMIBIA_ERONGO_WALVIS BAY URBAN","Namibia",2.62123690041769,0.0487590424670055,"AGS"
"1179","1179",3.07708281358206,"NAMIBIA_HARDAP_GIBEON","Namibia",3.12903626184816,0.0519534482660959,"AGS"
"1180","1180",4.2263457428462,"NAMIBIA_HARDAP_MARIENTAL RURAL","Namibia",4.26900858768548,0.0426628448392758,"AGS"
"1181","1181",3.81045609967937,"NAMIBIA_HARDAP_MARIENTAL URBAN","Namibia",3.853713215231,0.0432571155516275,"AGS"
"1182","1182",4.12345205584373,"NAMIBIA_HARDAP_REHOBOTH RURAL","Namibia",4.17921574897239,0.05576369312866,"AGS"
"1183","1183",6.32115015645045,"NAMIBIA_HARDAP_REHOBOTH URBAN EAST","Namibia",6.41549751508497,0.0943473586345238,"AGS"
"1184","1184",6.39066842381253,"NAMIBIA_HARDAP_REHOBOTH URBAN WEST","Namibia",6.48380279056795,0.093134366755419,"AGS"
"1185","1185",2.99559040769766,"NAMIBIA_//KARAS_BERSEBA","Namibia",3.03730392199169,0.0417135142940257,"AGS"
"1186","1186",3.50738250808835,"NAMIBIA_//KARAS_KARASBURG","Namibia",3.57838333895595,0.0710008308675998,"AGS"
"1187","1187",4.02457101396442,"NAMIBIA_//KARAS_KEETMANSHOOP RURAL","Namibia",4.07710380992831,0.0525327959638915,"AGS"
"1188","1188",3.50840618807739,"NAMIBIA_//KARAS_KEETMANSHOOP URBAN","Namibia",3.55669000604061,0.0482838179632261,"AGS"
"1189","1189",2.36925851376675,"NAMIBIA_//KARAS_LUDERITZ","Namibia",2.40428086109069,0.0350223473239408,"AGS"
"1190","1190",2.44663922071463,"NAMIBIA_//KARAS_ORANJEMUND","Namibia",2.48869986982457,0.0420606491099385,"AGS"
"1191","1191",7.26114854297799,"NAMIBIA_KAVANGO EAST_MASHARE","Namibia",7.33439769071237,0.0732491477343871,"AGS"
"1192","1192",8.33632044317141,"NAMIBIA_KAVANGO EAST_MUKWE","Namibia",8.53011686167794,0.19379641850653,"AGS"
"1193","1193",8.3237975464336,"NAMIBIA_KAVANGO EAST_NDIYONA","Namibia",8.40763658868439,0.0838390422507853,"AGS"
"1194","1194",7.62516273539797,"NAMIBIA_KAVANGO EAST_RUNDU RURAL WEST","Namibia",7.70030243231842,0.0751396969204485,"AGS"
"1195","1195",7.28845493957098,"NAMIBIA_KAVANGO EAST_RUNDU URBAN","Namibia",7.34868601667098,0.0602310771000019,"AGS"
"1196","1196",7.27389790463423,"NAMIBIA_KAVANGO EAST_RUNDU RURAL EAST","Namibia",7.34100168481041,0.0671037801761782,"AGS"
"1197","1197",8.84746000179964,"NAMIBIA_KHOMAS_TOBIAS HAINYEKO","Namibia",9.006979404175,0.159519402375352,"AGS"
"1198","1198",9.27500249768185,"NAMIBIA_KHOMAS_KATUTURA CENTRAL","Namibia",9.43733008025577,0.162327582573921,"AGS"
"1199","1199",9.08811050632341,"NAMIBIA_KHOMAS_KATUTURA EAST","Namibia",9.24864921506852,0.160538708745106,"AGS"
"1200","1200",9.50531863969978,"NAMIBIA_KHOMAS_KHOMASDAL NORTH","Namibia",9.68248672211039,0.177168082410617,"AGS"
"1201","1201",8.9715942470249,"NAMIBIA_KHOMAS_SOWETO","Namibia",9.13028931030468,0.158695063279787,"AGS"
"1202","1202",8.88459835691267,"NAMIBIA_KHOMAS_SAMORA MACHEL","Namibia",9.04682892200644,0.162230565093763,"AGS"
"1203","1203",11.4020862923344,"NAMIBIA_KHOMAS_WINDHOEK EAST","Namibia",11.638418043311,0.236331750976628,"AGS"
"1204","1204",4.86491596826056,"NAMIBIA_KHOMAS_WINDHOEK RURAL","Namibia",4.93842566559798,0.0735096973374239,"AGS"
"1205","1205",11.3014041063565,"NAMIBIA_KHOMAS_WINDHOEK WEST","Namibia",11.5332795564512,0.231875450094737,"AGS"
"1206","1206",8.02424814048029,"NAMIBIA_KHOMAS_MOSES //GAROEB","Namibia",8.16837384153292,0.144125701052632,"AGS"
"1207","1207",2.17677988779788,"NAMIBIA_KUNENE_EPUPA","Namibia",2.24733043066712,0.0705505428692415,"AGS"
"1208","1208",4.62198649749964,"NAMIBIA_KUNENE_KAMANAJB","Namibia",4.73945976443851,0.117473266938874,"AGS"
"1209","1209",2.72643652231424,"NAMIBIA_KUNENE_KHORIXAS","Namibia",2.79204167117979,0.0656051488655534,"AGS"
"1210","1210",2.75971784720583,"NAMIBIA_KUNENE_OPUWO","Namibia",2.86871246418159,0.108994616975755,"AGS"
"1211","1211",5.21555760641832,"NAMIBIA_KUNENE_OUTJO","Namibia",5.36148931270367,0.145931706285347,"AGS"
"1212","1212",2.36276256299533,"NAMIBIA_KUNENE_SESFONTEIN","Namibia",2.42670097653487,0.0639384135395451,"AGS"
"1213","1213",5.37502961890582,"NAMIBIA_OHANGWENA_EENHANA","Namibia",5.48997489038172,0.114945271475901,"AGS"
"1214","1214",4.78718076689928,"NAMIBIA_OHANGWENA_ENDOLA","Namibia",4.88739972175927,0.10021895485999,"AGS"
"1215","1215",4.62061377679005,"NAMIBIA_OHANGWENA_ENGELA","Namibia",4.74479873096141,0.124184954171364,"AGS"
"1216","1216",5.34606744330531,"NAMIBIA_OHANGWENA_EPEMBE","Namibia",5.47952596899886,0.13345852569355,"AGS"
"1217","1217",4.80292992802649,"NAMIBIA_OHANGWENA_OHANGWENA","Namibia",4.92531728815857,0.12238736013208,"AGS"
"1218","1218",5.3276723476739,"NAMIBIA_OHANGWENA_OKONGO","Namibia",5.50578655652259,0.178114208848684,"AGS"
"1219","1219",6.61109193945996,"NAMIBIA_OHANGWENA_OMUNDAUNGILO","Namibia",6.68449810494697,0.0734061654870182,"AGS"
"1220","1220",5.53795850354324,"NAMIBIA_OHANGWENA_ONDOBE","Namibia",5.64545208183336,0.10749357829012,"AGS"
"1221","1221",4.35733451828794,"NAMIBIA_OHANGWENA_ONGENGA","Namibia",4.48351502233334,0.126180504045403,"AGS"
"1222","1222",5.26813358365659,"NAMIBIA_OHANGWENA_OSHIKANGO","Namibia",5.37306699675464,0.104933413098053,"AGS"
"1223","1223",4.92795516497126,"NAMIBIA_OHANGWENA_OMULONGA","Namibia",5.06747204370124,0.139516878729974,"AGS"
"1224","1224",4.99279962080833,"NAMIBIA_OMAHEKE_AMINUIS","Namibia",5.0583497286901,0.0655501078817631,"AGS"
"1225","1225",5.52244588517633,"NAMIBIA_OMAHEKE_GOBABIS","Namibia",5.621308697107,0.0988628119306663,"AGS"
"1226","1226",5.32988009177644,"NAMIBIA_OMAHEKE_KALAHARI","Namibia",5.4244772643456,0.0945971725691628,"AGS"
"1227","1227",4.82075486511131,"NAMIBIA_OMAHEKE_OTJINENE","Namibia",4.92874909138543,0.107994226274114,"AGS"
"1228","1228",5.35798477269435,"NAMIBIA_OMAHEKE_OTJOMBINDE","Namibia",5.45481733992569,0.0968325672313446,"AGS"
"1229","1229",4.98809541769783,"NAMIBIA_OMAHEKE_STEINHAUSEN","Namibia",5.09967425944339,0.111578841745559,"AGS"
"1230","1230",5.09604412195438,"NAMIBIA_OMAHEKE_EPUKIRO","Namibia",5.19918421418051,0.103140092226133,"AGS"
"1231","1231",3.90431410850396,"NAMIBIA_OMUSATI_ANAMULENGE","Namibia",3.97028641747648,0.0659723089725182,"AGS"
"1232","1232",3.99790827495022,"NAMIBIA_OMUSATI_ELIM","Namibia",4.15087011101997,0.152961836069747,"AGS"
"1233","1233",4.43478709955219,"NAMIBIA_OMUSATI_ETAYI","Namibia",4.53534745396451,0.100560354412323,"AGS"
"1234","1234",3.88659370068067,"NAMIBIA_OMUSATI_OGONGO","Namibia",4.00330482407682,0.116711123396153,"AGS"
"1235","1235",3.56834621445789,"NAMIBIA_OMUSATI_OKAHAO","Namibia",3.73350562190523,0.165159407447346,"AGS"
"1236","1236",4.01326278591246,"NAMIBIA_OMUSATI_OKALONGO","Namibia",4.10115343904402,0.0878906531315575,"AGS"
"1237","1237",3.36424431888094,"NAMIBIA_OMUSATI_ONESI","Namibia",3.47889602158578,0.114651702704846,"AGS"
"1238","1238",4.07473307221381,"NAMIBIA_OMUSATI_OSHIKUKU","Namibia",4.19619034980806,0.121457277594255,"AGS"
"1239","1239",3.73290640335366,"NAMIBIA_OMUSATI_OUTAPI","Namibia",3.78713499105102,0.0542285876973585,"AGS"
"1240","1240",3.15079961188455,"NAMIBIA_OMUSATI_RUACANA","Namibia",3.29757179698892,0.146772185104365,"AGS"
"1241","1241",4.22049848738502,"NAMIBIA_OMUSATI_TSANDI","Namibia",4.32008722621719,0.099588738832173,"AGS"
"1242","1242",4.13726980365826,"NAMIBIA_OMUSATI_OTAMANZI","Namibia",4.3171162656118,0.17984646195354,"AGS"
"1243","1243",4.74703487709532,"NAMIBIA_OSHANA_OKAKU","Namibia",4.86796261844572,0.120927741350402,"AGS"
"1244","1244",4.4036017075592,"NAMIBIA_OSHANA_OKATANA","Namibia",4.53613324177344,0.132531534214234,"AGS"
"1245","1245",4.34023692490667,"NAMIBIA_OSHANA_OKATJALI","Namibia",4.51558227885876,0.175345353952094,"AGS"
"1246","1246",4.23495842211326,"NAMIBIA_OSHANA_OMPUNDJA","Namibia",4.39630165257227,0.161343230459009,"AGS"
"1247","1247",4.70022395609864,"NAMIBIA_OSHANA_ONDANGWA","Namibia",4.82831415636776,0.128090200269117,"AGS"
"1248","1248",4.61995601597588,"NAMIBIA_OSHANA_ONGWEDIVA","Namibia",4.75242871941572,0.132472703439837,"AGS"
"1249","1249",4.47241496309447,"NAMIBIA_OSHANA_OSHAKATI EAST","Namibia",4.61147000146754,0.139055038373073,"AGS"
"1250","1250",4.48687681138568,"NAMIBIA_OSHANA_OSHAKATI WEST","Namibia",4.62008250784053,0.133205696454848,"AGS"
"1251","1251",4.70133222245029,"NAMIBIA_OSHANA_UUKWIYU","Namibia",4.84085853021117,0.139526307760882,"AGS"
"1252","1252",4.32972782884292,"NAMIBIA_OSHANA_UUVUDHIYA","Namibia",4.51000458119635,0.180276752353425,"AGS"
"1253","1253",5.5136200581916,"NAMIBIA_OSHIKOTO_EENGONDI","Namibia",5.73254754981354,0.218927491621941,"AGS"
"1254","1254",5.23791976197508,"NAMIBIA_OSHIKOTO_GUINAS","Namibia",5.37410261309644,0.136182851121363,"AGS"
"1255","1255",4.71256513455781,"NAMIBIA_OSHIKOTO_OKANKOLO","Namibia",4.86694262749301,0.154377492935201,"AGS"
"1256","1256",4.66288351005374,"NAMIBIA_OSHIKOTO_OLUKONDA","Namibia",4.82688588584217,0.164002375788429,"AGS"
"1257","1257",4.45523131414961,"NAMIBIA_OSHIKOTO_OMUNTELE","Namibia",4.63468214770654,0.179450833556932,"AGS"
"1258","1258",4.32056707143887,"NAMIBIA_OSHIKOTO_OMUTHIYAGWIIPUNDI","Namibia",4.48543065463419,0.164863583195322,"AGS"
"1259","1259",4.82902823925075,"NAMIBIA_OSHIKOTO_ONAYENA","Namibia",4.99172677824719,0.162698538996437,"AGS"
"1260","1260",4.83596369028861,"NAMIBIA_OSHIKOTO_ONIIPA","Namibia",4.97254731299882,0.136583622710212,"AGS"
"1261","1261",4.71084390925874,"NAMIBIA_OSHIKOTO_ONYAANYA","Namibia",4.88183786531321,0.170993956054473,"AGS"
"1262","1262",7.22481752597503,"NAMIBIA_OSHIKOTO_TSUMEB","Namibia",7.46909384157719,0.244276315602155,"AGS"
"1263","1263",5.4522084423148,"NAMIBIA_OTJOZONDJUPA_GROOTFONTEIN","Namibia",5.55951745326503,0.107309010950225,"AGS"
"1264","1264",5.54092983282046,"NAMIBIA_OTJOZONDJUPA_OKAHANDJA","Namibia",5.65384514182717,0.112915309006714,"AGS"
"1265","1265",4.95356978996881,"NAMIBIA_OTJOZONDJUPA_OKAKARARA","Namibia",5.06115101453238,0.10758122456357,"AGS"
"1266","1266",4.90581263238222,"NAMIBIA_OTJOZONDJUPA_OMATAKO","Namibia",5.00920471871077,0.103392086328548,"AGS"
"1267","1267",5.45879264539948,"NAMIBIA_OTJOZONDJUPA_OTAVI","Namibia",5.5850315657329,0.126238920333417,"AGS"
"1268","1268",4.32972717594785,"NAMIBIA_OTJOZONDJUPA_OTJIWARONGO","Namibia",4.42217985958065,0.0924526836328035,"AGS"
"1269","1269",6.4310717986539,"NAMIBIA_OTJOZONDJUPA_TSUMKWE","Namibia",6.52830289849883,0.0972310998449304,"AGS"
"1270","1270",6.26113857337303,"NAMIBIA_KAVANGO WEST_KAHENGE","Namibia",6.3427373417192,0.0815987683461694,"AGS"
"1271","1271",7.18188910125607,"NAMIBIA_KAVANGO WEST_KAPAKO","Namibia",7.28304497063565,0.101155869379578,"AGS"
"1272","1272",8.36733208019072,"NAMIBIA_KAVANGO WEST_MPUNGU","Namibia",8.49830919865303,0.130977118462308,"AGS"
"1273","1273",6.82405336093027,"Buffalo City (BUF)","South Africa",7.12026793263616,0.296214571705885,"AGS"
"1274","1274",5.31687956277385,"City of Cape Town (CPT)","South Africa",5.42650277605169,0.109623213277836,"AGS"
"1275","1275",7.34666963662076,"Camdeboo/Ikwezi/Baviaans (EC101)","South Africa",8.04805726132995,0.701387624709186,"AGS"
"1276","1276",6.33643377777316,"Blue Crane Rout/ie (EC102)","South Africa",6.72590947182308,0.389475694049915,"AGS"
"1277","1277",6.09389662626569,"Makana (EC104)","South Africa",6.4747371161607,0.380840489895008,"AGS"
"1278","1278",5.27727994735461,"Ndlambe (EC105)","South Africa",5.54400782200291,0.2667278746483,"AGS"
"1279","1279",7.66695111000451,"Sundays River Valley (EC106)","South Africa",8.22599750993079,0.559046399926283,"AGS"
"1280","1280",5.88414506830518,"Kouga (EC108)","South Africa",6.24249703252068,0.358351964215498,"AGS"
"1281","1281",6.39933790168749,"Kou-Kamma (EC109)","South Africa",6.72446679340265,0.325128891715154,"AGS"
"1282","1282",7.97671775727631,"Mbhashe (EC121)","South Africa",8.31971433064724,0.342996573370932,"AGS"
"1283","1283",7.91294709142285,"Mnquma (EC122)","South Africa",8.31991026010222,0.406963168679368,"AGS"
"1284","1284",7.43359985416549,"Great Kei (EC123)","South Africa",7.78243355890796,0.348833704742468,"AGS"
"1285","1285",7.57374628636857,"Amahlathi (EC124)","South Africa",8.06436091326268,0.490614626894105,"AGS"
"1286","1286",6.03437204849222,"Ngqushwa (EC126)","South Africa",6.3393597231335,0.304987674641283,"AGS"
"1287","1287",7.29163629741746,"Nkonkobe/Nxuba (EC129)","South Africa",7.82345566978096,0.531819372363504,"AGS"
"1288","1288",6.56977135002214,"Inxuba Yethemba (EC131)","South Africa",6.95552575255675,0.38575440253461,"AGS"
"1289","1289",8.38136758573433,"Intsika Yethu (EC135)","South Africa",8.91873298041637,0.537365394682043,"AGS"
"1290","1290",8.29698113599541,"Emalahleni (EC136)","South Africa",8.82892962661599,0.531948490620575,"AGS"
"1291","1291",10.8662851544312,"Engcobo (EC137)","South Africa",11.7906578989658,0.924372744534509,"AGS"
"1292","1292",10.1672033065046,"Sakhisizwe (EC138)","South Africa",10.9475478783196,0.780344571814954,"AGS"
"1293","1293",7.49065629229696,"Tsolwana/Inkwanca/Lukanji (EC139)","South Africa",7.97338449510638,0.482728202809424,"AGS"
"1294","1294",10.7133162120525,"Elundini (EC141)","South Africa",11.2869915446591,0.573675332606506,"AGS"
"1295","1295",9.32924887919137,"Senqu (EC142)","South Africa",9.87882188865987,0.549573009468501,"AGS"
"1296","1296",7.95781113611591,"Maletswai/Gariep (EC145)","South Africa",8.43169164197534,0.473880505859429,"AGS"
"1297","1297",10.0499768208669,"Ngquza Hill (EC153)","South Africa",10.3762887701176,0.326311949250659,"AGS"
"1298","1298",9.05810208194512,"Port St Johns (EC154)","South Africa",9.33322703597455,0.275124954029424,"AGS"
"1299","1299",9.84952511663705,"Nyandeni (EC155)","South Africa",10.2552274619498,0.405702345312784,"AGS"
"1300","1300",11.3147129940088,"Mhlontlo (EC156)","South Africa",11.8593320888339,0.544619094825091,"AGS"
"1301","1301",9.05586215083354,"King Sabata Dalindyebo (EC157)","South Africa",9.45788316062582,0.402021009792275,"AGS"
"1302","1302",10.920833261585,"Matatiele (EC441)","South Africa",11.3807526192872,0.45991935770221,"AGS"
"1303","1303",11.0431460342171,"Umzimvubu (EC442)","South Africa",11.5344900769129,0.491344042695832,"AGS"
"1304","1304",10.8063768352925,"Mbizana (EC443)","South Africa",11.1596372512484,0.353260415955909,"AGS"
"1305","1305",11.5738237822807,"Ntabankulu (EC444)","South Africa",12.1133920204713,0.539568238190567,"AGS"
"1306","1306",32.7262718304388,"Ekurhuleni (EKU)","South Africa",33.3583861031569,0.632114272718141,"AGS"
"1307","1307",15.9159708727019,"eThekwini (ETH)","South Africa",16.1923369094101,0.276366036708165,"AGS"
"1308","1308",8.35441079906828,"Letsemeng (FS161)","South Africa",8.7690455759906,0.414634776922323,"AGS"
"1309","1309",8.69514505474159,"Kopanong (FS162)","South Africa",9.1670761594567,0.471931104715111,"AGS"
"1310","1310",9.36721714643554,"Mohokare (FS163)","South Africa",9.87396157897499,0.506744432539451,"AGS"
"1311","1311",10.6249899252111,"Masilonyana (FS181)","South Africa",11.0899441099098,0.46495418469871,"AGS"
"1312","1312",8.61894085104223,"Tokologo (FS182)","South Africa",9.08131844558113,0.462377594538905,"AGS"
"1313","1313",9.78703803146433,"Tswelopele (FS183)","South Africa",10.4221799006815,0.635141869217161,"AGS"
"1314","1314",12.6516862085419,"Matjhabeng (FS184)","South Africa",13.1464668205553,0.494780612013447,"AGS"
"1315","1315",11.8404024116834,"Nala (FS185)","South Africa",12.3241442399036,0.483741828220184,"AGS"
"1316","1316",12.87194055645,"Setsoto (FS191)","South Africa",13.3575675245415,0.485626968091449,"AGS"
"1317","1317",15.8553667037679,"Dihlabeng (FS192)","South Africa",16.4027404473929,0.547373743625084,"AGS"
"1318","1318",17.5340392870886,"Nketoana (FS193)","South Africa",18.1272583741928,0.593219087104238,"AGS"
"1319","1319",19.809814199213,"Maluti a Phofung (FS194)","South Africa",20.6131557948176,0.803341595604664,"AGS"
"1320","1320",22.2889322325774,"Phumelela (FS195)","South Africa",22.8050584112003,0.516126178622901,"AGS"
"1321","1321",11.2203819313505,"Mantsopa (FS196)","South Africa",11.7470878512873,0.526705919936774,"AGS"
"1322","1322",14.4277608275388,"Moqhaka (FS201)","South Africa",14.8923245149292,0.464563687390456,"AGS"
"1323","1323",18.8585513709417,"Ngwathe (FS203)","South Africa",19.4842582620219,0.625706891080117,"AGS"
"1324","1324",21.249153824874,"Metsimaholo (FS204)","South Africa",22.3083382210527,1.05918439617865,"AGS"
"1325","1325",21.5263964600982,"Mafube (FS205)","South Africa",22.4097751909621,0.883378730863917,"AGS"
"1326","1326",31.2515893252594,"Emfuleni (GT421)","South Africa",32.1798717185416,0.928282393282281,"AGS"
"1327","1327",24.6421556373643,"Midvaal (GT422)","South Africa",25.5128298624553,0.870674225091008,"AGS"
"1328","1328",24.7050231213946,"Lesedi (GT423)","South Africa",25.3916064463406,0.686583324946032,"AGS"
"1329","1329",35.7441991731855,"Mogale City (GT481)","South Africa",36.457816752551,0.713617579365518,"AGS"
"1330","1330",29.0238468159002,"Merafong City (GT484)","South Africa",29.7636589330186,0.739812117118429,"AGS"
"1331","1331",41.7004100790024,"New (GT485)","South Africa",43.3737644355553,1.67335435655297,"AGS"
"1332","1332",37.6684325381241,"City of Johannesburg (JHB)","South Africa",38.3170605114695,0.648627973345377,"AGS"
"1333","1333",13.6049341288466,"Umdoni (KZN212)","South Africa",13.9021642562776,0.297230127430955,"AGS"
"1334","1334",12.0199923836149,"Umzumbe (KZN213)","South Africa",12.2998237521201,0.279831368505215,"AGS"
"1335","1335",11.7140743690612,"uMuziwabantu (KZN214)","South Africa",12.0956480897609,0.381573720699722,"AGS"
"1336","1336",10.3084865949398,"Hibiscus Coast (KZN216)","South Africa",10.5407186014663,0.232232006526502,"AGS"
"1337","1337",20.7364764295102,"uMshwathi (KZN221)","South Africa",21.3103975919788,0.573921162468579,"AGS"
"1338","1338",18.6017343981599,"uMngeni (KZN222)","South Africa",19.1951067936158,0.593372395455901,"AGS"
"1339","1339",19.1511986983343,"Mpofana (KZN223)","South Africa",19.8622716691399,0.711072970805649,"AGS"
"1340","1340",15.6530294347252,"Impendle (KZN224)","South Africa",16.216260716346,0.563231281620773,"AGS"
"1341","1341",17.0905350017235,"The Msunduzi (KZN225)","South Africa",17.5227618144422,0.432226812718703,"AGS"
"1342","1342",17.1742547097667,"Mkhambathini (KZN226)","South Africa",17.5566788607558,0.382424150989092,"AGS"
"1343","1343",16.4582079254903,"Richmond (KZN227)","South Africa",16.8609119324056,0.402704006915261,"AGS"
"1344","1344",18.6483279288087,"Okhahlamba (KZN235)","South Africa",19.8497646255662,1.20143669675754,"AGS"
"1345","1345",19.1043288044942,"New (KZN237)","South Africa",19.9325697442314,0.828240939737274,"AGS"
"1346","1346",19.4869059232077,"New (KZN238)","South Africa",20.208450436302,0.72154451309429,"AGS"
"1347","1347",17.889078208431,"Endumeni (KZN241)","South Africa",18.4224680712469,0.533389862815902,"AGS"
"1348","1348",14.8483155611037,"Nqutu (KZN242)","South Africa",15.2973550538241,0.449039492720349,"AGS"
"1349","1349",18.2657271261367,"Msinga (KZN244)","South Africa",18.9087778978927,0.643050771756037,"AGS"
"1350","1350",16.4521315720742,"Umvoti (KZN245)","South Africa",16.9723240216759,0.520192449601698,"AGS"
"1351","1351",22.9626083230496,"Newcastle (KZN252)","South Africa",23.7252041835498,0.762595860500195,"AGS"
"1352","1352",19.0816818931315,"Emadlangeni (KZN253)","South Africa",19.6454429267987,0.563761033667202,"AGS"
"1353","1353",26.8982130496857,"Dannhauser (KZN254)","South Africa",28.1274899459947,1.22927689630905,"AGS"
"1354","1354",15.6917378901992,"eDumbe (KZN261)","South Africa",16.2231502506707,0.531412360471531,"AGS"
"1355","1355",12.540993945707,"uPhongolo (KZN262)","South Africa",12.9369706285479,0.395976682840887,"AGS"
"1356","1356",14.007033187546,"Abaqulusi (KZN263)","South Africa",14.468787592036,0.46175440449006,"AGS"
"1357","1357",10.6839883401528,"Nongoma (KZN265)","South Africa",10.9937641593706,0.309775819217835,"AGS"
"1358","1358",13.1581223654183,"Ulundi (KZN266)","South Africa",13.5932101825098,0.435087817091448,"AGS"
"1359","1359",9.38425783194847,"Umhlabuyalingana (KZN271)","South Africa",9.58944362342934,0.20518579148087,"AGS"
"1360","1360",10.2610389213165,"Jozini (KZN272)","South Africa",10.5064750861255,0.245436164809034,"AGS"
"1361","1361",8.87880202274156,"Mtubatuba (KZN275)","South Africa",9.0425367446352,0.16373472189364,"AGS"
"1362","1362",9.09089151843254,"New (KZN276)","South Africa",9.28199103711775,0.191099518685212,"AGS"
"1363","1363",10.0717202962454,"Mfolozi (KZN281)","South Africa",10.2675509116909,0.195830615445493,"AGS"
"1364","1364",10.222424584121,"uMhlathuze (KZN282)","South Africa",10.4174643026662,0.195039718545223,"AGS"
"1365","1365",12.5260653587178,"uMlalazi (KZN284)","South Africa",12.8316666038344,0.305601245116648,"AGS"
"1366","1366",12.9251420725136,"Mthonjaneni (KZN285)","South Africa",13.2829399749273,0.357797902413667,"AGS"
"1367","1367",14.5255119321238,"Nkandla (KZN286)","South Africa",14.9722855921942,0.446773660070429,"AGS"
"1368","1368",11.8477780753309,"Mandeni (KZN291)","South Africa",12.1185034928708,0.270725417539927,"AGS"
"1369","1369",12.8907801931306,"KwaDukuza (KZN292)","South Africa",13.1713565180126,0.280576324882029,"AGS"
"1370","1370",14.335151423544,"Ndwedwe (KZN293)","South Africa",14.6707521866151,0.335600763071094,"AGS"
"1371","1371",14.8170320084856,"Maphumulo (KZN294)","South Africa",15.2267347028851,0.409702694399472,"AGS"
"1372","1372",12.2250318160522,"Greater Kokstad (KZN433)","South Africa",12.7577934814142,0.532761665361978,"AGS"
"1373","1373",14.0786344617321,"Ubuhlebezwe (KZN434)","South Africa",14.4745937689326,0.395959307200469,"AGS"
"1374","1374",13.371175003441,"Umzimkhulu (KZN435)","South Africa",13.8791054500163,0.507930446575324,"AGS"
"1375","1375",16.7527963890309,"New (KZN436)","South Africa",17.5238677543301,0.77107136529926,"AGS"
"1376","1376",12.2334732815901,"Greater Giyani (LIM331)","South Africa",12.5424259477361,0.308952666145986,"AGS"
"1377","1377",18.5808746380256,"Greater Letaba (LIM332)","South Africa",19.0995834653013,0.518708827275731,"AGS"
"1378","1378",16.4169334766414,"Greater Tzaneen (LIM333)","South Africa",16.8073191576607,0.390385681019321,"AGS"
"1379","1379",13.0237574736122,"Ba-Phalaborwa (LIM334)","South Africa",13.3393918081339,0.315634334521791,"AGS"
"1380","1380",14.4304467727774,"Maruleng (LIM335)","South Africa",14.8084345266864,0.377987753908986,"AGS"
"1381","1381",13.0420165228715,"Musina (LIM341)","South Africa",13.4619982207236,0.419981697852089,"AGS"
"1382","1382",14.2041772205984,"Thulamela (LIM343)","South Africa",14.5658854972485,0.361708276650086,"AGS"
"1383","1383",12.0510488080283,"Makhado (LIM344)","South Africa",12.3717716969669,0.320722888938574,"AGS"
"1384","1384",11.5383707155314,"New (LIM345)","South Africa",11.8010857052313,0.262714989699951,"AGS"
"1385","1385",11.2113565250008,"Blouberg (LIM351)","South Africa",11.5076782741748,0.296321749174068,"AGS"
"1386","1386",12.3775370224846,"Molemole (LIM353)","South Africa",12.6825294446496,0.30499242216502,"AGS"
"1387","1387",14.116743357113,"Polokwane (LIM354)","South Africa",14.4952123766394,0.378469019526468,"AGS"
"1388","1388",13.9007519259509,"Lepele-Nkumpi (LIM355)","South Africa",14.2049537178446,0.304201791893764,"AGS"
"1389","1389",15.6434109624004,"Thabazimbi (LIM361)","South Africa",15.9433123341896,0.299901371789133,"AGS"
"1390","1390",12.434369028856,"Lephalale (LIM362)","South Africa",12.6664996026534,0.232130573797413,"AGS"
"1391","1391",20.2778285756068,"Bela-Bela (LIM366)","South Africa",20.6994431712648,0.421614595657967,"AGS"
"1392","1392",14.122939897889,"Mogalakwena (LIM367)","South Africa",14.4646679363796,0.341728038490661,"AGS"
"1393","1393",17.8687820773408,"Modimolle/Mookgophong (LIM368)","South Africa",18.2574887314107,0.388706654069917,"AGS"
"1394","1394",19.2340656693757,"Ephraim Mogale (LIM471)","South Africa",19.6613229315572,0.427257262181506,"AGS"
"1395","1395",22.307141804401,"Elias Motsoaledi (LIM472)","South Africa",22.9266605936141,0.619518789213085,"AGS"
"1396","1396",15.9916219947948,"Makhuduthamaga (LIM473)","South Africa",16.3850602010545,0.393438206259709,"AGS"
"1397","1397",16.5101085760893,"Greater Tubatse/Fetakgomo (LIM476)","South Africa",16.9324037052495,0.422295129160243,"AGS"
"1398","1398",9.8355117197419,"Mangaung (MAN)","South Africa",10.2886726501857,0.453160930443804,"AGS"
"1399","1399",19.5690906374667,"Chief Albert Luthuli (MP301)","South Africa",20.1031935253164,0.534102887849649,"AGS"
"1400","1400",23.6518570202044,"Msukaligwa (MP302)","South Africa",24.2456753426384,0.59381832243394,"AGS"
"1401","1401",16.7356184377118,"Mkhondo (MP303)","South Africa",17.2824814850612,0.546863047349383,"AGS"
"1402","1402",22.9918393029925,"Dr Pixley Ka Isaka Seme (MP304)","South Africa",23.5747049189457,0.582865615953217,"AGS"
"1403","1403",26.0735138192415,"Lekwa (MP305)","South Africa",26.633084876641,0.559571057399442,"AGS"
"1404","1404",23.0662172943538,"Dipaleseng (MP306)","South Africa",23.7975269077175,0.731309613363781,"AGS"
"1405","1405",27.9734894957004,"Govan Mbeki (MP307)","South Africa",28.5664247214951,0.592935225794687,"AGS"
"1406","1406",29.1733430542946,"Victor Khanye (MP311)","South Africa",29.8391756388622,0.665832584567639,"AGS"
"1407","1407",29.1772692148178,"Emalahleni (MP312)","South Africa",29.815414078851,0.638144864033244,"AGS"
"1408","1408",26.2972226440394,"Steve Tshwete (MP313)","South Africa",26.9618839149782,0.664661270938808,"AGS"
"1409","1409",19.7186292864013,"Emakhazeni (MP314)","South Africa",20.2184730470752,0.499843760673894,"AGS"
"1410","1410",27.0478743646811,"Thembisile (MP315)","South Africa",27.7326894109589,0.684815046277809,"AGS"
"1411","1411",19.7756971296831,"Dr JS Moroka (MP316)","South Africa",20.1561290966896,0.380431967006498,"AGS"
"1412","1412",19.7651167074578,"Thaba Chweu (MP321)","South Africa",20.2545816957673,0.489464988309471,"AGS"
"1413","1413",12.8829449838863,"Nkomazi (MP324)","South Africa",13.1805631080978,0.297618124211436,"AGS"
"1414","1414",12.3945878223641,"Bushbuckridge (MP325)","South Africa",12.6869810345686,0.292393212204495,"AGS"
"1415","1415",19.8417039196658,"Mbombela/Umjindi (MP326)","South Africa",20.3589578964707,0.517253976804824,"AGS"
"1416","1416",2.53029543926603,"Richtersveld (NC061)","South Africa",2.61804318071535,0.0877477414493222,"AGS"
"1417","1417",2.94457977936117,"Nama Khoi (NC062)","South Africa",3.06265162896179,0.118071849600619,"AGS"
"1418","1418",3.36300802842559,"Kamiesberg (NC064)","South Africa",3.57411867642166,0.211110647996067,"AGS"
"1419","1419",4.59921883944716,"Hantam (NC065)","South Africa",5.03135883210818,0.432139992661022,"AGS"
"1420","1420",3.57994572338566,"Karoo Hoogland (NC066)","South Africa",3.75179236171579,0.171846638330135,"AGS"
"1421","1421",3.34937073195322,"Khâi-Ma (NC067)","South Africa",3.46309659414826,0.113725862195041,"AGS"
"1422","1422",4.86181361901718,"Ubuntu (NC071)","South Africa",5.07703846083868,0.215224841821508,"AGS"
"1423","1423",7.13578161552931,"Umsobomvu (NC072)","South Africa",7.5089772450038,0.373195629474495,"AGS"
"1424","1424",5.88833280760327,"Emthanjeni (NC073)","South Africa",6.1474431619949,0.259110354391635,"AGS"
"1425","1425",4.62379608666086,"Kareeberg (NC074)","South Africa",4.83832972484022,0.214533638179362,"AGS"
"1426","1426",7.2767838728125,"Renosterberg (NC075)","South Africa",7.65050539109684,0.373721518284345,"AGS"
"1427","1427",6.51752010362914,"Thembelihle (NC076)","South Africa",6.79082910726288,0.273309003633735,"AGS"
"1428","1428",5.61189921980144,"Siyathemba (NC077)","South Africa",5.84714377622636,0.235244556424923,"AGS"
"1429","1429",6.68605797432069,"Siyancuma (NC078)","South Africa",6.93831839165684,0.252260417336148,"AGS"
"1430","1430",4.18672749189792,"Kai !Garib (NC082)","South Africa",4.36679100257666,0.180063510678742,"AGS"
"1431","1431",4.97035166521957,"!Kheis (NC084)","South Africa",5.18299915179549,0.212647486575925,"AGS"
"1432","1432",6.87498462111372,"Tsantsabane (NC085)","South Africa",7.1537776371822,0.27879301606848,"AGS"
"1433","1433",8.11351669422808,"Kgatelopele (NC086)","South Africa",8.44833272938606,0.334816035157976,"AGS"
"1434","1434",4.86081946143047,"//Khara Hais/Mier (NC087)","South Africa",4.99502777682228,0.13420831539181,"AGS"
"1435","1435",8.06496988202315,"Sol Plaatjie (NC091)","South Africa",8.40623182236853,0.34126194034538,"AGS"
"1436","1436",8.22902502023498,"Dikgatlong (NC092)","South Africa",8.56020491206068,0.331179891825697,"AGS"
"1437","1437",8.69059152098961,"Magareng (NC093)","South Africa",9.08995655653002,0.399365035540413,"AGS"
"1438","1438",9.12434335310219,"Phokwane (NC094)","South Africa",9.59744139150233,0.473098038400135,"AGS"
"1439","1439",7.64756167823748,"Joe Morolong (NC451)","South Africa",7.94340538713591,0.295843708898431,"AGS"
"1440","1440",8.61350619316932,"Ga-Segonyana (NC452)","South Africa",8.97668145683676,0.363175263667449,"AGS"
"1441","1441",8.66736295062159,"Gamagara (NC453)","South Africa",9.05216404120125,0.384801090579659,"AGS"
"1442","1442",6.95350932716354,"Nelson Mandela Bay (NMA)","South Africa",7.29020995453196,0.336700627368416,"AGS"
"1443","1443",25.1231296916528,"Moretele (NW371)","South Africa",25.6883953583436,0.565265666690809,"AGS"
"1444","1444",25.0076836656143,"Local Municipality of Madibeng (NW372)","South Africa",25.5658701975943,0.558186531979956,"AGS"
"1445","1445",27.5346419862089,"Rustenburg (NW373)","South Africa",28.2432982584283,0.708656272219415,"AGS"
"1446","1446",22.0147976595056,"Kgetlengrivier (NW374)","South Africa",22.5957491228874,0.580951463381712,"AGS"
"1447","1447",19.1103962076274,"Moses Kotane (NW375)","South Africa",19.5704639511607,0.460067743533276,"AGS"
"1448","1448",12.4912998637247,"Ratlou (NW381)","South Africa",12.9965873878078,0.50528752408314,"AGS"
"1449","1449",13.6808552780013,"Tswaing (NW382)","South Africa",14.3121775038099,0.631322225808596,"AGS"
"1450","1450",14.677066919252,"Mafikeng (NW383)","South Africa",15.1415620595456,0.464495140293669,"AGS"
"1451","1451",17.0669832233182,"Ditsobotla (NW384)","South Africa",17.5984514347132,0.531468211394994,"AGS"
"1452","1452",15.8471465554506,"Ramotshere Moiloa (NW385)","South Africa",16.2625663949045,0.415419839453886,"AGS"
"1453","1453",10.4804600555207,"Naledi (NW392)","South Africa",11.0362749339043,0.555814878383593,"AGS"
"1454","1454",10.7017859606302,"Mamusa (NW393)","South Africa",11.3284502650623,0.626664304432122,"AGS"
"1455","1455",11.16988563706,"Greater Taung (NW394)","South Africa",12.0445735498268,0.874687912766888,"AGS"
"1456","1456",9.78898998752527,"Lekwa-Teemane (NW396)","South Africa",10.3983896465241,0.609399658998862,"AGS"
"1457","1457",8.62137510822458,"Kagisano/Molopo (NW397)","South Africa",8.89388025963085,0.272505151406278,"AGS"
"1458","1458",16.392039431481,"City of Matlosana (NW403)","South Africa",16.9848375695174,0.592798138036425,"AGS"
"1459","1459",12.328648130734,"Maquassi Hills (NW404)","South Africa",12.9803931190269,0.651744988292911,"AGS"
"1460","1460",23.4311548552162,"Ventersdorp/Tlokwe (NW405)","South Africa",24.0803359307513,0.64918107553509,"AGS"
"1461","1461",29.8299627185145,"City of Tshwane (TSH)","South Africa",30.455503595748,0.625540877233512,"AGS"
"1462","1462",2.9903851122289,"Matzikama (WC011)","South Africa",3.15177920480091,0.161394092572011,"AGS"
"1463","1463",4.31164798168313,"Cederberg (WC012)","South Africa",4.52808218004181,0.216434198358675,"AGS"
"1464","1464",4.02145979211697,"Bergrivier (WC013)","South Africa",4.22226869699821,0.200808904881244,"AGS"
"1465","1465",3.39631014633002,"Saldanha Bay (WC014)","South Africa",3.51431086178583,0.118000715455807,"AGS"
"1466","1466",3.95327553576222,"Swartland (WC015)","South Africa",4.0883171967228,0.135041660960584,"AGS"
"1467","1467",4.35502772836352,"Witzenberg (WC022)","South Africa",4.57898501251428,0.223957284150766,"AGS"
"1468","1468",4.91988790148108,"Drakenstein (WC023)","South Africa",5.10936364436302,0.189475742881937,"AGS"
"1469","1469",7.7270964041074,"Stellenbosch (WC024)","South Africa",7.95543021066293,0.228333806555531,"AGS"
"1470","1470",4.84732049611957,"Breede Valley (WC025)","South Africa",5.07788761010063,0.230567113981061,"AGS"
"1471","1471",5.59851927356857,"Langeberg (WC026)","South Africa",5.90760088002191,0.309081606453343,"AGS"
"1472","1472",5.89971846624508,"Theewaterskloof (WC031)","South Africa",6.11685560549929,0.217137139254211,"AGS"
"1473","1473",4.73812437991115,"Overstrand (WC032)","South Africa",4.89623398371925,0.158109603808099,"AGS"
"1474","1474",4.85259359808364,"Cape Agulhas (WC033)","South Africa",5.03891187473114,0.186318276647496,"AGS"
"1475","1475",5.4417244915505,"Swellendam (WC034)","South Africa",5.70980556819538,0.268081076644878,"AGS"
"1476","1476",5.69352614578738,"Kannaland (WC041)","South Africa",6.01499334450105,0.321467198713675,"AGS"
"1477","1477",6.17180348310942,"Hessequa (WC042)","South Africa",6.3815696749503,0.209766191840879,"AGS"
"1478","1478",7.49106954327295,"Mossel Bay (WC043)","South Africa",7.72347903131669,0.232409488043741,"AGS"
"1479","1479",17.0761479240098,"George (WC044)","South Africa",17.390141294042,0.313993370032133,"AGS"
"1480","1480",8.07601918206587,"Oudtshoorn (WC045)","South Africa",8.35827881295777,0.282259630891895,"AGS"
"1481","1481",9.56899554406497,"Bitou (WC047)","South Africa",9.84652203815999,0.277526494095021,"AGS"
"1482","1482",22.2211634206455,"Knysna (WC048)","South Africa",22.3256876846242,0.104524263978682,"AGS"
"1483","1483",4.08326864519384,"Laingsburg (WC051)","South Africa",4.29353969634283,0.210271051148986,"AGS"
"1484","1484",4.52953609424545,"Prince Albert (WC052)","South Africa",4.70688632300022,0.177350228754762,"AGS"
"1485","1485",4.62542371989016,"Beaufort West (WC053)","South Africa",4.83932627109345,0.213902551203287,"AGS"
"1486","1486",15.4062293717275,"Timphisini","Eswatini",15.9468892367224,0.540659864994922,"AGS"
"1487","1487",16.8074942253385,"Ntfonjeni","Eswatini",17.4682273058109,0.660733080472422,"AGS"
"1488","1488",14.6596477095378,"Mayiwane","Eswatini",15.2099660274248,0.550318317886946,"AGS"
"1489","1489",13.4393015660826,"Mhlangatane","Eswatini",13.9024127720481,0.463111205965502,"AGS"
"1490","1490",15.5406227695931,"Ndzingeni","Eswatini",16.1726487363682,0.632025966775094,"AGS"
"1491","1491",14.6186591607176,"Madlangempisi","Eswatini",15.2343538295329,0.615694668815278,"AGS"
"1492","1492",15.1617187686152,"Maphalaleni","Eswatini",15.8747099830298,0.712991214414659,"AGS"
"1493","1493",16.8097335007499,"Pigg's Peak","Eswatini",17.5064335673827,0.696700066632818,"AGS"
"1494","1494",16.3120037105896,"Nkhaba","Eswatini",17.0414365110584,0.729432800468889,"AGS"
"1495","1495",15.432559924037,"Motjane","Eswatini",16.1348540385521,0.702294114515055,"AGS"
"1496","1496",15.4326398657257,"Mbabane West","Eswatini",16.1384814768444,0.7058416111187,"AGS"
"1497","1497",15.9421005097951,"Mbabane East","Eswatini",16.7126702589633,0.770569749168232,"AGS"
"1498","1498",15.284596451917,"Hhukwini","Eswatini",16.0132264479463,0.728629996029317,"AGS"
"1499","1499",15.5159488941265,"Lobamba","Eswatini",16.2953842076466,0.779435313520187,"AGS"
"1500","1500",13.6962678099184,"Mkhiweni","Eswatini",14.2366296463828,0.540361836464376,"AGS"
"1501","1501",13.7582339597141,"Kukhanyeni","Eswatini",14.3747069061082,0.616472946394129,"AGS"
"1502","1502",13.1292120210542,"Mafutseni","Eswatini",13.7214468550638,0.59223483400954,"AGS"
"1503","1503",13.507558550662,"Mthongwaneni","Eswatini",14.1568546434714,0.649296092809463,"AGS"
"1504","1504",13.5537495593791,"Manzini North","Eswatini",14.1432961129217,0.589546553542597,"AGS"
"1505","1505",13.6395322004368,"Manzini South","Eswatini",14.2364450980206,0.596912897583818,"AGS"
"1506","1506",14.0154031818413,"Kwaluseni","Eswatini",14.6587950856436,0.643391903802273,"AGS"
"1507","1507",14.5034713007052,"Ludzeludze","Eswatini",15.2424156436706,0.738944342965411,"AGS"
"1508","1508",14.4315766759816,"Lobamba Lomdzala","Eswatini",15.1113142197938,0.679737543812212,"AGS"
"1509","1509",13.2830147746787,"Nhlambeni","Eswatini",13.8707294432727,0.587714668593962,"AGS"
"1510","1510",14.5533072367189,"Ntondozi","Eswatini",15.3421809493784,0.788873712659482,"AGS"
"1511","1511",14.1530576878968,"La-Mgabhi","Eswatini",14.7902854061533,0.637227718256538,"AGS"
"1512","1512",15.4653276275417,"Mhlambanyatsi","Eswatini",16.1973621355934,0.732034508051747,"AGS"
"1513","1513",16.5282614477604,"Mangcongco","Eswatini",17.3060718004699,0.777810352709505,"AGS"
"1514","1514",15.304575504562,"Ngwempisi","Eswatini",15.9464231077849,0.641847603222917,"AGS"
"1515","1515",14.7299467572969,"Mahlangatsha","Eswatini",15.4984100476518,0.768463290354926,"AGS"
"1516","1516",13.4425705711203,"Kubuta","Eswatini",14.0573319690731,0.614761397952815,"AGS"
"1517","1517",13.7947627822173,"Nkwene","Eswatini",14.448622995599,0.653860213381673,"AGS"
"1518","1518",13.5611529425034,"Mtsambama","Eswatini",14.2165672550555,0.655414312552105,"AGS"
"1519","1519",14.421240121937,"Gege","Eswatini",15.0909611503351,0.669721028398158,"AGS"
"1520","1520",13.6482642230398,"Mbangweni","Eswatini",14.2952932703564,0.647029047316597,"AGS"
"1521","1521",14.3243872065378,"Maseyisini","Eswatini",14.9552509558067,0.63086374926888,"AGS"
"1522","1522",14.0649922503785,"Sandleni","Eswatini",14.8559399283806,0.790947678002038,"AGS"
"1523","1523",13.5186689922075,"Ngudzeni","Eswatini",14.168930063777,0.650261071569465,"AGS"
"1524","1524",13.9705497003067,"Zombodze","Eswatini",14.5569978403582,0.586448140051463,"AGS"
"1525","1525",14.204970971816,"Shiselweni","Eswatini",14.8560905712197,0.651119599403708,"AGS"
"1526","1526",13.6267097191079,"Hosea","Eswatini",14.229798630251,0.603088911143148,"AGS"
"1527","1527",13.1335424797854,"Sigwe","Eswatini",13.7069897272834,0.573447247498029,"AGS"
"1528","1528",12.8877726145583,"Matsanjeni South","Eswatini",13.3882437455594,0.500471131001039,"AGS"
"1529","1529",12.0105677043503,"Somntongo","Eswatini",12.405446782347,0.394879077996688,"AGS"
"1530","1530",11.7075890310488,"Lubuli","Eswatini",12.1079859602203,0.400396929171494,"AGS"
"1531","1531",12.9337662317738,"Sithobela","Eswatini",13.5262728577058,0.592506625931941,"AGS"
"1532","1532",11.4757953335204,"Nkilongo","Eswatini",11.9042926985876,0.428497365067198,"AGS"
"1533","1533",12.2002403168505,"Siphofaneni","Eswatini",12.7076984104103,0.50745809355981,"AGS"
"1534","1534",11.5873657828633,"Mpolonjeni","Eswatini",11.9894038838857,0.402038101022301,"AGS"
"1535","1535",11.6739677481397,"Matsanjeni North","Eswatini",12.0235810751227,0.349613326982988,"AGS"
"1536","1536",11.8873386603482,"Lugongolweni","Eswatini",12.2385958416855,0.351257181337266,"AGS"
"1537","1537",12.0239763740373,"Dvokodvweni","Eswatini",12.4786993244056,0.454722950368344,"AGS"
"1538","1538",12.4570066158132,"Hlane","Eswatini",12.873601321081,0.416594705267764,"AGS"
"1539","1539",12.5496991684827,"Mhlume","Eswatini",12.9201796784033,0.370480509920613,"AGS"
"1540","1540",12.7329874843897,"Lomahasha","Eswatini",13.0937341637364,0.360746679346715,"AGS"
"1541","1541",15.187953398202,"ZAMBIA_CENTRAL_CHIBOMBO_CHISAMBA","Zambia",15.3050425682836,0.117089170081616,"AGS"
"1542","1542",10.7774643499093,"ZAMBIA_CENTRAL_CHIBOMBO_KATUBA","Zambia",10.9294836017415,0.152019251832263,"AGS"
"1543","1543",9.84064196648284,"ZAMBIA_CENTRAL_CHIBOMBO_KEEMBE","Zambia",10.0058047071593,0.165162740676408,"AGS"
"1544","1544",21.5239291774477,"ZAMBIA_CENTRAL_KABWE_BWACHA","Zambia",21.6807885446763,0.156859367228599,"AGS"
"1545","1545",11.7707353647408,"ZAMBIA_CENTRAL_KABWE_KABWE CENTRAL","Zambia",11.9302104149115,0.1594750501707,"AGS"
"1546","1546",30.7243237964207,"ZAMBIA_CENTRAL_KAPIRI MPOSHI_KAPIRI MPOSHI","Zambia",30.9426740311897,0.218350234768916,"AGS"
"1547","1547",10.092431732219,"ZAMBIA_CENTRAL_MKUSHI_MKUSHI NORTH","Zambia",10.2045199906208,0.11208825840173,"AGS"
"1548","1548",13.8352012318778,"ZAMBIA_CENTRAL_MKUSHI_MKUSHI SOUTH","Zambia",14.074081074044,0.23887984216622,"AGS"
"1549","1549",19.3991442997411,"ZAMBIA_CENTRAL_MUMBWA_MUMBWA","Zambia",19.490185931556,0.0910416318149956,"AGS"
"1550","1550",11.7895064025053,"ZAMBIA_CENTRAL_MUMBWA_MWEMBESHI","Zambia",11.888379303478,0.0988729009727276,"AGS"
"1551","1551",9.5818691423808,"ZAMBIA_CENTRAL_MUMBWA_NANGOMA","Zambia",9.75613568367487,0.174266541294063,"AGS"
"1552","1552",11.204548478332,"ZAMBIA_CENTRAL_SERENJE_CHITAMBO","Zambia",11.2643438345051,0.0597953561730424,"AGS"
"1553","1553",26.4516368155094,"ZAMBIA_CENTRAL_SERENJE_MUCHINGA","Zambia",26.6679115508829,0.216274735373442,"AGS"
"1554","1554",12.0400200215443,"ZAMBIA_CENTRAL_SERENJE_SERENJE","Zambia",12.1059281245641,0.065908103019785,"AGS"
"1555","1555",11.4102315976758,"ZAMBIA_COPPERBELT_CHILILABOMBWE_CHILILABOMBWE","Zambia",11.4995499511527,0.0893183534768376,"AGS"
"1556","1556",9.47980977200146,"ZAMBIA_COPPERBELT_CHINGOLA_CHINGOLA","Zambia",9.54508164374295,0.0652718717414924,"AGS"
"1557","1557",14.7742111723767,"ZAMBIA_COPPERBELT_CHINGOLA_NCHANGA","Zambia",14.8951452260355,0.120934053658805,"AGS"
"1558","1558",19.2953677025078,"ZAMBIA_COPPERBELT_KALULUSHI_KALULUSHI","Zambia",19.5111835876847,0.21581588517688,"AGS"
"1559","1559",15.6539156984307,"ZAMBIA_COPPERBELT_KITWE_CHIMWEMWE","Zambia",15.7695528861456,0.115637187714848,"AGS"
"1560","1560",17.7752291703404,"ZAMBIA_COPPERBELT_KITWE_KAMFINSA","Zambia",17.9049316195027,0.129702449162277,"AGS"
"1561","1561",15.4490416547037,"ZAMBIA_COPPERBELT_KITWE_KWACHA","Zambia",15.5560733348657,0.107031680162002,"AGS"
"1562","1562",16.6602939108943,"ZAMBIA_COPPERBELT_KITWE_NKANA","Zambia",16.7651255076681,0.10483159677376,"AGS"
"1563","1563",17.5707500993975,"ZAMBIA_COPPERBELT_KITWE_WUSAKILE","Zambia",17.6912341453622,0.120484045964702,"AGS"
"1564","1564",17.0876252674808,"ZAMBIA_COPPERBELT_LUANSHYA_LUANSHYA","Zambia",17.2079106127506,0.120285345269814,"AGS"
"1565","1565",18.0248389292041,"ZAMBIA_COPPERBELT_LUANSHYA_ROAN","Zambia",18.1639777482046,0.139138819000564,"AGS"
"1566","1566",14.3339259598546,"ZAMBIA_COPPERBELT_LUFWANYAMA_LUFWANYAMA","Zambia",14.4305361794963,0.0966102196416561,"AGS"
"1567","1567",14.3192441735967,"ZAMBIA_COPPERBELT_MASAITI_KAFULAFUTA","Zambia",14.4226844153483,0.103440241751628,"AGS"
"1568","1568",17.4910407151341,"ZAMBIA_COPPERBELT_MASAITI_MASAITI","Zambia",17.6402477484154,0.149207033281272,"AGS"
"1569","1569",21.4834200852499,"ZAMBIA_COPPERBELT_MPONGWE_MPONGWE","Zambia",21.5804115545998,0.0969914693499625,"AGS"
"1570","1570",10.3387325845474,"ZAMBIA_COPPERBELT_MUFULIRA_KANKOYO","Zambia",10.4165155384297,0.0777829538823642,"AGS"
"1571","1571",8.94949676450696,"ZAMBIA_COPPERBELT_MUFULIRA_KANTANSHI","Zambia",9.01125428392612,0.0617575194191549,"AGS"
"1572","1572",12.0906584400528,"ZAMBIA_COPPERBELT_MUFULIRA_MUFULIRA","Zambia",12.1730302039896,0.0823717639368144,"AGS"
"1573","1573",15.9924164573544,"ZAMBIA_COPPERBELT_NDOLA_BWANA MKUBWA","Zambia",16.1085493269238,0.116132869569405,"AGS"
"1574","1574",13.4162205232671,"ZAMBIA_COPPERBELT_NDOLA_CHIFUBU","Zambia",13.4966000064825,0.0803794832154523,"AGS"
"1575","1575",15.1345855038127,"ZAMBIA_COPPERBELT_NDOLA_KABUSHI","Zambia",15.2327043155202,0.0981188117075185,"AGS"
"1576","1576",16.3738280036761,"ZAMBIA_COPPERBELT_NDOLA_NDOLA","Zambia",16.4806712564306,0.106843252754484,"AGS"
"1577","1577",8.39917858373533,"ZAMBIA_EASTERN_CHADIZA_CHADIZA","Zambia",8.46268648452804,0.0635079007927022,"AGS"
"1578","1578",9.89497207744758,"ZAMBIA_EASTERN_CHADIZA_VUBWI","Zambia",10.0095043635994,0.114532286151775,"AGS"
"1579","1579",10.156043318547,"ZAMBIA_EASTERN_CHIPATA_CHIPANGALI","Zambia",10.2357067767123,0.0796634581653102,"AGS"
"1580","1580",10.9315634451814,"ZAMBIA_EASTERN_CHIPATA_CHIPATA","Zambia",11.0204840686267,0.0889206234453752,"AGS"
"1581","1581",9.94476432026636,"ZAMBIA_EASTERN_CHIPATA_KASENENGWA","Zambia",10.0112136290968,0.0664493088303999,"AGS"
"1582","1582",10.1081482171625,"ZAMBIA_EASTERN_CHIPATA_LUANGENI","Zambia",10.1902392545527,0.0820910373902048,"AGS"
"1583","1583",10.3134735703385,"ZAMBIA_EASTERN_KATETE_MILANZI","Zambia",10.394921601444,0.0814480311054897,"AGS"
"1584","1584",9.18975582563218,"ZAMBIA_EASTERN_KATETE_MKAIKA","Zambia",9.24564925387892,0.055893428246744,"AGS"
"1585","1585",12.5129927108036,"ZAMBIA_EASTERN_KATETE_SINDA","Zambia",12.5981696520019,0.0851769411983199,"AGS"
"1586","1586",8.31290535670283,"ZAMBIA_EASTERN_LUNDAZI_CHASEFU","Zambia",8.39545939887069,0.0825540421678639,"AGS"
"1587","1587",9.12412982815917,"ZAMBIA_EASTERN_LUNDAZI_LUMEZI","Zambia",9.18981424199442,0.0656844138352533,"AGS"
"1588","1588",7.95480471850039,"ZAMBIA_EASTERN_LUNDAZI_LUNDAZI","Zambia",8.0536433158339,0.0988385973335042,"AGS"
"1589","1589",9.42592790722753,"ZAMBIA_EASTERN_MAMBWE_MALAMBO","Zambia",9.48099847630868,0.0550705690811455,"AGS"
"1590","1590",12.480658874075,"ZAMBIA_EASTERN_NYIMBA_NYIMBA","Zambia",12.5924335542085,0.111774680133452,"AGS"
"1591","1591",9.93693115899709,"ZAMBIA_EASTERN_PETAUKE_KAPOCHE","Zambia",10.0582275833936,0.121296424396512,"AGS"
"1592","1592",10.8513066547484,"ZAMBIA_EASTERN_PETAUKE_MSANZALA","Zambia",10.9585218489219,0.107215194173477,"AGS"
"1593","1593",11.5414349387811,"ZAMBIA_EASTERN_PETAUKE_PETAUKE","Zambia",11.6121709324982,0.0707359937170882,"AGS"
"1594","1594",9.2585289960149,"ZAMBIA_LUAPULA_CHIENGE_CHIENGE","Zambia",9.28635849490585,0.027829498890954,"AGS"
"1595","1595",13.0814567006565,"ZAMBIA_LUAPULA_KAWAMBWA_KAWAMBWA","Zambia",13.1190958295164,0.0376391288599205,"AGS"
"1596","1596",10.0663128769685,"ZAMBIA_LUAPULA_KAWAMBWA_MWANSABOMBWE","Zambia",10.0991298970848,0.0328170201162301,"AGS"
"1597","1597",12.4813474442572,"ZAMBIA_LUAPULA_KAWAMBWA_PAMBASHE","Zambia",12.5213140118812,0.0399665676239707,"AGS"
"1598","1598",10.1079358060211,"ZAMBIA_LUAPULA_MANSA_BAHATI","Zambia",10.1433762040349,0.0354403980137867,"AGS"
"1599","1599",9.73596724073031,"ZAMBIA_LUAPULA_MANSA_MANSA","Zambia",9.76694806925486,0.0309808285245499,"AGS"
"1600","1600",18.6132231519932,"ZAMBIA_LUAPULA_MILENGE_CHEMBE","Zambia",18.6813999740711,0.0681768220778167,"AGS"
"1601","1601",13.4876135135913,"ZAMBIA_LUAPULA_MWENSE_CHIPILI","Zambia",13.5365597678293,0.0489462542380359,"AGS"
"1602","1602",8.90645868948141,"ZAMBIA_LUAPULA_MWENSE_MAMBILIMA","Zambia",8.93454575101132,0.0280870615299094,"AGS"
"1603","1603",12.5749032941779,"ZAMBIA_LUAPULA_MWENSE_MWENSE","Zambia",12.6265042846009,0.0516009904230152,"AGS"
"1604","1604",7.49721544142364,"ZAMBIA_LUAPULA_NCHELENGE_NCHELENGE","Zambia",7.51601887923153,0.0188034378078923,"AGS"
"1605","1605",15.9534419236321,"ZAMBIA_LUAPULA_SAMFYA_BANGEULU","Zambia",16.0530401521341,0.0995982285020496,"AGS"
"1606","1606",20.7388440231548,"ZAMBIA_LUAPULA_SAMFYA_CHIFUNABULI","Zambia",20.8543551858999,0.115511162745072,"AGS"
"1607","1607",11.4799368291191,"ZAMBIA_LUAPULA_SAMFYA_LUAPULA","Zambia",11.5417464946889,0.0618096655698146,"AGS"
"1608","1608",16.9904732951448,"ZAMBIA_LUSAKA_CHONGWE_CHONGWE","Zambia",17.1698416003478,0.179368305202949,"AGS"
"1609","1609",15.4904270175627,"ZAMBIA_LUSAKA_CHONGWE_RUFUNSA","Zambia",15.8436523836997,0.353225366136945,"AGS"
"1610","1610",12.924260455763,"ZAMBIA_LUSAKA_KAFUE_CHILANGA","Zambia",13.0452532068458,0.120992751082813,"AGS"
"1611","1611",18.5561603259461,"ZAMBIA_LUSAKA_KAFUE_KAFUE","Zambia",18.804772523441,0.248612197494953,"AGS"
"1612","1612",14.5625891966555,"ZAMBIA_LUSAKA_LUANGWA_FEIRA","Zambia",14.8787691514225,0.316179954767003,"AGS"
"1613","1613",15.3361855470611,"ZAMBIA_LUSAKA_LUSAKA_CHAWAMA","Zambia",15.4020499942723,0.0658644472111973,"AGS"
"1614","1614",14.1767410840438,"ZAMBIA_LUSAKA_LUSAKA_KABWATA","Zambia",14.2899606144063,0.113219530362555,"AGS"
"1615","1615",14.6476619107901,"ZAMBIA_LUSAKA_LUSAKA_KANYAMA","Zambia",14.7520782813466,0.104416370556507,"AGS"
"1616","1616",14.7052431734211,"ZAMBIA_LUSAKA_LUSAKA_LUSAKA CENTRAL","Zambia",14.8298241543748,0.124580980953738,"AGS"
"1617","1617",12.0060595206799,"ZAMBIA_LUSAKA_LUSAKA_MANDEVU","Zambia",12.0894550896082,0.0833955689282266,"AGS"
"1618","1618",11.4961722605577,"ZAMBIA_LUSAKA_LUSAKA_MATERO","Zambia",11.569360511012,0.0731882504542938,"AGS"
"1619","1619",13.5196604625372,"ZAMBIA_LUSAKA_LUSAKA_MUNALI","Zambia",13.6219211302678,0.102260667730576,"AGS"
"1620","1620",12.7499954912034,"ZAMBIA_MUCHINGA_CHAMA_CHAMA NORTH","Zambia",12.8567909729412,0.106795481737885,"AGS"
"1621","1621",11.3533563062126,"ZAMBIA_MUCHINGA_CHAMA_CHAMA SOUTH","Zambia",11.4482605386345,0.0949042324218112,"AGS"
"1622","1622",14.089983952298,"ZAMBIA_MUCHINGA_CHINSALI_CHINSALI","Zambia",14.1892774834763,0.0992935311782475,"AGS"
"1623","1623",9.73119229846963,"ZAMBIA_MUCHINGA_CHINSALI_SHIWANGANDU","Zambia",9.78773049534122,0.0565381968715961,"AGS"
"1624","1624",7.51150030041157,"ZAMBIA_MUCHINGA_ISOKA_ISOKA","Zambia",7.56552994466164,0.0540296442500781,"AGS"
"1625","1625",20.1445888561328,"ZAMBIA_MUCHINGA_MAFINGA_MAFINGA","Zambia",20.334963624238,0.190374768105194,"AGS"
"1626","1626",11.5516797448533,"ZAMBIA_MUCHINGA_MPIKA_KANCHIBIYA","Zambia",11.6075336785205,0.055853933667132,"AGS"
"1627","1627",10.7994834429763,"ZAMBIA_MUCHINGA_MPIKA_MFUWE","Zambia",10.8537196453719,0.0542362023956073,"AGS"
"1628","1628",13.5209386499008,"ZAMBIA_MUCHINGA_MPIKA_MPIKA","Zambia",13.5932160415861,0.072277391685251,"AGS"
"1629","1629",3.95188953790872,"ZAMBIA_MUCHINGA_NAKONDE_NAKONDE","Zambia",3.97534361989564,0.0234540819869196,"AGS"
"1630","1630",13.4855717177747,"ZAMBIA_NORTH-WESTERN_CHAVUMA_CHAVUMA","Zambia",13.5694626946771,0.0838909769023779,"AGS"
"1631","1631",6.83022036192662,"ZAMBIA_NORTH-WESTERN_IKELENGE_IKELENGE","Zambia",6.8710061855492,0.040785823622576,"AGS"
"1632","1632",16.110134675702,"ZAMBIA_NORTH-WESTERN_KABOMPO_KABOMPO EAST","Zambia",16.1477975062672,0.0376628305652282,"AGS"
"1633","1633",20.2231705114896,"ZAMBIA_NORTH-WESTERN_KABOMPO_KABOMPO WEST","Zambia",20.2775490062261,0.0543784947365253,"AGS"
"1634","1634",13.7497106043875,"ZAMBIA_NORTH-WESTERN_KASEMPA_KASEMPA","Zambia",13.8665141149535,0.116803510566051,"AGS"
"1635","1635",14.0761756893336,"ZAMBIA_NORTH-WESTERN_MUFUMBWE_MUFUMBWE","Zambia",14.1591771107901,0.0830014214564265,"AGS"
"1636","1636",11.9813461981139,"ZAMBIA_NORTH-WESTERN_MWINILUNGA_MWINILUNGA","Zambia",12.0349705710309,0.0536243729169978,"AGS"
"1637","1637",9.55111638407401,"ZAMBIA_NORTH-WESTERN_SOLWEZI_SOLWEZI CENTRAL","Zambia",9.62553283622343,0.0744164521494177,"AGS"
"1638","1638",8.51721952056942,"ZAMBIA_NORTH-WESTERN_SOLWEZI_SOLWEZI EAST","Zambia",8.57074518479622,0.0535256642268003,"AGS"
"1639","1639",12.0787176244736,"ZAMBIA_NORTH-WESTERN_SOLWEZI_SOLWEZI WEST","Zambia",12.1633770886777,0.0846594642041225,"AGS"
"1640","1640",18.9273351062523,"ZAMBIA_NORTH-WESTERN_ZAMBEZI_ZAMBEZI EAST","Zambia",18.9877847883344,0.0604496820821154,"AGS"
"1641","1641",13.2336327808839,"ZAMBIA_NORTH-WESTERN_ZAMBEZI_ZAMBEZI WEST","Zambia",13.3281331829936,0.0945004021096771,"AGS"
"1642","1642",14.3522353303085,"ZAMBIA_NORTHERN_CHILUBI_CHILUBI","Zambia",14.4188663582365,0.0666310279279472,"AGS"
"1643","1643",10.6732113869206,"ZAMBIA_NORTHERN_KAPUTA_CHIMBAMILONGA","Zambia",10.7378387965423,0.0646274096216697,"AGS"
"1644","1644",9.08500390938054,"ZAMBIA_NORTHERN_KAPUTA_KAPUTA","Zambia",9.13674637903741,0.0517424696568689,"AGS"
"1645","1645",9.42910184409782,"ZAMBIA_NORTHERN_KASAMA_KASAMA","Zambia",9.4859826089859,0.0568807648880849,"AGS"
"1646","1646",14.3830018512336,"ZAMBIA_NORTHERN_KASAMA_LUKASHYA","Zambia",14.4757894972612,0.0927876460275279,"AGS"
"1647","1647",13.2554407595286,"ZAMBIA_NORTHERN_LUWINGU_LUBASENSHI","Zambia",13.3120421605936,0.0566014010649898,"AGS"
"1648","1648",15.3918576769096,"ZAMBIA_NORTHERN_LUWINGU_LUPOSOSHI","Zambia",15.4548236213176,0.0629659444080044,"AGS"
"1649","1649",5.78505615799259,"ZAMBIA_NORTHERN_MBALA_MBALA","Zambia",5.82192921193152,0.036873053938935,"AGS"
"1650","1650",13.422888933591,"ZAMBIA_NORTHERN_MBALA_NSENGA HILL","Zambia",13.532465494111,0.109576560520059,"AGS"
"1651","1651",11.6736741179953,"ZAMBIA_NORTHERN_MPOROKOSO_LUNTE","Zambia",11.7342379109001,0.0605637929048193,"AGS"
"1652","1652",20.3790682596431,"ZAMBIA_NORTHERN_MPOROKOSO_MPOROKOSO","Zambia",20.4533270951864,0.0742588355432723,"AGS"
"1653","1653",10.4962530794227,"ZAMBIA_NORTHERN_MPULUNGU_MPULUNGU","Zambia",10.5547019500297,0.0584488706070161,"AGS"
"1654","1654",13.0200960880832,"ZAMBIA_NORTHERN_MUNGWI_MALOLE","Zambia",13.1079490795788,0.0878529914956019,"AGS"
"1655","1655",12.103645358098,"ZAMBIA_SOUTHERN_CHOMA_CHOMA","Zambia",12.377197831115,0.273552473016919,"AGS"
"1656","1656",13.3502773075123,"ZAMBIA_SOUTHERN_CHOMA_MBABALA","Zambia",13.4611989867465,0.110921679234174,"AGS"
"1657","1657",13.0265997044396,"ZAMBIA_SOUTHERN_CHOMA_PEMBA","Zambia",13.2076266084986,0.181026904058985,"AGS"
"1658","1658",13.1582256210806,"ZAMBIA_SOUTHERN_GWEMBE_GWEMBE","Zambia",13.3699034345293,0.211677813448619,"AGS"
"1659","1659",12.0005427233601,"ZAMBIA_SOUTHERN_ITEZHI-TEZHI_ITEZHI-TEZHI","Zambia",12.1733034296573,0.17276070629717,"AGS"
"1660","1660",12.33527715655,"ZAMBIA_SOUTHERN_KALOMO_DUNDUMWEZI","Zambia",12.5558341343517,0.220556977801634,"AGS"
"1661","1661",11.0261835640068,"ZAMBIA_SOUTHERN_KALOMO_KALOMO CENTRAL","Zambia",11.3132623473193,0.287078783312584,"AGS"
"1662","1662",12.2638390441977,"ZAMBIA_SOUTHERN_KALOMO_MAPATIZYA","Zambia",12.5352912348479,0.271452190650166,"AGS"
"1663","1663",13.2936764874988,"ZAMBIA_SOUTHERN_KAZUNGULA_KATOMBOLA","Zambia",13.4832981430081,0.189621655509281,"AGS"
"1664","1664",12.2040355417337,"ZAMBIA_SOUTHERN_LIVINGSTONE_LIVINGSTONE","Zambia",12.3797225980907,0.175687056356949,"AGS"
"1665","1665",15.9774969477242,"ZAMBIA_SOUTHERN_MAZABUKA_CHIKANKANTA","Zambia",16.1868297085972,0.209332760873,"AGS"
"1666","1666",10.808966308801,"ZAMBIA_SOUTHERN_MAZABUKA_MAGOYE","Zambia",10.9256138844874,0.116647575686395,"AGS"
"1667","1667",13.3281190596284,"ZAMBIA_SOUTHERN_MAZABUKA_MAZABUKA","Zambia",13.4589132632461,0.130794203617707,"AGS"
"1668","1668",11.312774021974,"ZAMBIA_SOUTHERN_MONZE_BWEENGWA","Zambia",11.436252682206,0.123478660231969,"AGS"
"1669","1669",12.6710028062165,"ZAMBIA_SOUTHERN_MONZE_MONZE","Zambia",12.7998674046095,0.128864598392951,"AGS"
"1670","1670",13.2087361038689,"ZAMBIA_SOUTHERN_MONZE_MOOMBA","Zambia",13.3678297853686,0.159093681499709,"AGS"
"1671","1671",14.6197528174437,"ZAMBIA_SOUTHERN_NAMWALA_NAMWALA","Zambia",14.762861834178,0.143109016734316,"AGS"
"1672","1672",14.3666311321941,"ZAMBIA_SOUTHERN_SIAVONGA_SIAVONGA","Zambia",14.576352959624,0.20972182742989,"AGS"
"1673","1673",10.4422480557747,"ZAMBIA_SOUTHERN_SINAZONGWE_SINAZONGWE","Zambia",10.7787426320003,0.336494576225574,"AGS"
"1674","1674",10.952058771347,"ZAMBIA_WESTERN_KALABO_KALABO","Zambia",11.0726948385983,0.120636067251308,"AGS"
"1675","1675",11.876933078902,"ZAMBIA_WESTERN_KALABO_LIUWA","Zambia",11.9854323299361,0.108499251034146,"AGS"
"1676","1676",11.1405982659088,"ZAMBIA_WESTERN_KALABO_SIKONGO","Zambia",11.2696673387749,0.129069072866052,"AGS"
"1677","1677",15.4971945599975,"ZAMBIA_WESTERN_KAOMA_KAOMA CENTRAL","Zambia",15.5806821846092,0.0834876246116281,"AGS"
"1678","1678",19.8255647641344,"ZAMBIA_WESTERN_KAOMA_LUAMPA","Zambia",19.9738079043456,0.148243140211182,"AGS"
"1679","1679",18.7933561487784,"ZAMBIA_WESTERN_KAOMA_MANGANGO","Zambia",18.8905925824753,0.0972364336968958,"AGS"
"1680","1680",17.5651851608605,"ZAMBIA_WESTERN_LUKULU_LUKULU EAST","Zambia",17.6268616247171,0.0616764638565499,"AGS"
"1681","1681",11.2735495572856,"ZAMBIA_WESTERN_LUKULU_LUKULU WEST","Zambia",11.4039956124178,0.130446055132289,"AGS"
"1682","1682",11.0799843757281,"ZAMBIA_WESTERN_MONGU_LUENA","Zambia",11.2062322652915,0.126247889563425,"AGS"
"1683","1683",10.7494155981879,"ZAMBIA_WESTERN_MONGU_MONGU","Zambia",10.8582664980526,0.10885089986469,"AGS"
"1684","1684",11.4380335050872,"ZAMBIA_WESTERN_MONGU_NALIKWANDA","Zambia",11.5734677118325,0.135434206745275,"AGS"
"1685","1685",10.3250541055407,"ZAMBIA_WESTERN_SENANGA_NALOLO","Zambia",10.4723414560418,0.147287350501156,"AGS"
"1686","1686",10.6329389030016,"ZAMBIA_WESTERN_SENANGA_SENANGA","Zambia",10.8273138019063,0.194374898904739,"AGS"
"1687","1687",11.8976988664729,"ZAMBIA_WESTERN_SESHEKE_MULOBEZI","Zambia",12.0865268805935,0.188828014120567,"AGS"
"1688","1688",13.2237434719337,"ZAMBIA_WESTERN_SESHEKE_MWANDI","Zambia",13.4443704199519,0.22062694801823,"AGS"
"1689","1689",10.1191367768651,"ZAMBIA_WESTERN_SESHEKE_SESHEKE","Zambia",10.3360299153906,0.216893138525473,"AGS"
"1690","1690",8.81713079252262,"ZAMBIA_WESTERN_SHANGOMBO_SINJEMBELA","Zambia",8.98925142743672,0.172120634914103,"AGS"
"1691","1691",17.5813783897958,"ZIMBABWE_BULAWAYO_BULAWAYO","Zimbabwe",17.5949629394396,0.0135845496437561,"AGS"
"1692","1692",16.8013845131687,"ZIMBABWE_HARARE_CHITUNGWIZA","Zimbabwe",16.8151276143428,0.0137431011740397,"AGS"
"1693","1693",16.0678263600974,"ZIMBABWE_HARARE_EPWORTH","Zimbabwe",16.082246511893,0.0144201517956439,"AGS"
"1694","1694",16.7096139348879,"ZIMBABWE_HARARE_HARARE RURAL","Zimbabwe",16.7228411412115,0.013227206323581,"AGS"
"1695","1695",12.39626863694,"ZIMBABWE_HARARE_HARARE URBAN","Zimbabwe",12.5078820979913,0.111613461051318,"AGS"
"1696","1696",9.76912730732825,"ZIMBABWE_MANICALAND_BUHERA","Zimbabwe",9.91434553036654,0.145218223038293,"AGS"
"1697","1697",14.9982964587057,"ZIMBABWE_MANICALAND_CHIMANIMANI","Zimbabwe",15.140832064793,0.142535606087307,"AGS"
"1698","1698",12.3473107900514,"ZIMBABWE_MANICALAND_CHIPINGE RURAL","Zimbabwe",12.5763847429462,0.229073952894742,"AGS"
"1699","1699",14.9971189517618,"ZIMBABWE_MANICALAND_CHIPINGE URBAN","Zimbabwe",15.1490793977189,0.151960445957144,"AGS"
"1700","1700",11.2420145288057,"ZIMBABWE_MANICALAND_MAKONI","Zimbabwe",11.4163934757981,0.174378946992434,"AGS"
"1701","1701",12.1798955378707,"ZIMBABWE_MANICALAND_MUTARE RURAL","Zimbabwe",12.3454893563123,0.165593818441625,"AGS"
"1702","1702",13.7300214965474,"ZIMBABWE_MANICALAND_MUTARE URBAN","Zimbabwe",13.8893461395141,0.159324642966771,"AGS"
"1703","1703",13.8321617520552,"ZIMBABWE_MANICALAND_MUTASA","Zimbabwe",14.0258747765525,0.193713024497296,"AGS"
"1704","1704",12.4325143575428,"ZIMBABWE_MANICALAND_NYANGA","Zimbabwe",12.5668329998219,0.134318642279103,"AGS"
"1705","1705",16.302429477192,"ZIMBABWE_MANICALAND_RUSAPE","Zimbabwe",16.3320459048596,0.0296164276676265,"AGS"
"1706","1706",11.068293715117,"ZIMBABWE_MASHONALAND CENTRAL_BINDURA","Zimbabwe",11.1913076412618,0.123013926144715,"AGS"
"1707","1707",18.6392738422632,"ZIMBABWE_MASHONALAND CENTRAL_BINDURA URBAN","Zimbabwe",18.6560388649094,0.0167650226462079,"AGS"
"1708","1708",10.3782827822435,"ZIMBABWE_MASHONALAND CENTRAL_CENTENARY","Zimbabwe",10.5474314302998,0.16914864805625,"AGS"
"1709","1709",11.3492691913902,"ZIMBABWE_MASHONALAND CENTRAL_GURUVE","Zimbabwe",11.5212628145632,0.171993623173016,"AGS"
"1710","1710",12.4175925216738,"ZIMBABWE_MASHONALAND CENTRAL_MAZOWE","Zimbabwe",12.5556848092958,0.138092287622074,"AGS"
"1711","1711",10.803707343824,"ZIMBABWE_MASHONALAND CENTRAL_MBIRE","Zimbabwe",10.9733514532982,0.169644109474209,"AGS"
"1712","1712",10.3771441201876,"ZIMBABWE_MASHONALAND CENTRAL_MOUNT DARWIN","Zimbabwe",10.4885592187301,0.111415098542468,"AGS"
"1713","1713",12.2133114635472,"ZIMBABWE_MASHONALAND CENTRAL_MVURI","Zimbabwe",12.3386172691604,0.125305805613202,"AGS"
"1714","1714",9.5895371848564,"ZIMBABWE_MASHONALAND CENTRAL_RUSHINGA","Zimbabwe",9.69577693734118,0.106239752484784,"AGS"
"1715","1715",10.7537972211345,"ZIMBABWE_MASHONALAND CENTRAL_SHAMVA","Zimbabwe",10.90119360316,0.147396382025468,"AGS"
"1716","1716",10.0322038260546,"ZIMBABWE_MASHONALAND EAST_CHIKOMBA","Zimbabwe",10.1761282363082,0.143924410253616,"AGS"
"1717","1717",11.7598872661124,"ZIMBABWE_MASHONALAND EAST_GOROMONZI","Zimbabwe",11.874815098763,0.114927832650634,"AGS"
"1718","1718",10.5078996218706,"ZIMBABWE_MASHONALAND EAST_HWEDZA","Zimbabwe",10.6658675038502,0.157967881979603,"AGS"
"1719","1719",11.6878600089653,"ZIMBABWE_MASHONALAND EAST_MARONDERA","Zimbabwe",11.8346201555485,0.146760146583201,"AGS"
"1720","1720",11.2642084336848,"ZIMBABWE_MASHONALAND EAST_MARONDERA URBAN","Zimbabwe",11.3987200556716,0.134511621986894,"AGS"
"1721","1721",10.402315630929,"ZIMBABWE_MASHONALAND EAST_MUDZI","Zimbabwe",10.5108956082831,0.10857997735412,"AGS"
"1722","1722",10.3692383245438,"ZIMBABWE_MASHONALAND EAST_MUREHWA","Zimbabwe",10.5135941381126,0.144355813568861,"AGS"
"1723","1723",11.1655195195163,"ZIMBABWE_MASHONALAND EAST_MUTOKO","Zimbabwe",11.2874410129084,0.121921493392058,"AGS"
"1724","1724",17.5982368692756,"ZIMBABWE_MASHONALAND EAST_RUWA LOCAL BOARD","Zimbabwe",17.6134810374089,0.0152441681333002,"AGS"
"1725","1725",13.255861038165,"ZIMBABWE_MASHONALAND EAST_SEKE","Zimbabwe",13.3867762754394,0.130915237274463,"AGS"
"1726","1726",10.5515179222974,"ZIMBABWE_MASHONALAND EAST_UZUMBA-MARAMBA-PFUNGWE","Zimbabwe",10.6792587961219,0.127740873824449,"AGS"
"1727","1727",13.152914364561,"ZIMBABWE_MASHONALAND WEST_CHEGUTU","Zimbabwe",13.3109561447478,0.158041780186755,"AGS"
"1728","1728",12.8583205791844,"ZIMBABWE_MASHONALAND WEST_CHEGUTU URBAN","Zimbabwe",12.9962772062987,0.137956627114335,"AGS"
"1729","1729",12.7055998989361,"ZIMBABWE_MASHONALAND WEST_CHINHOYI","Zimbabwe",12.813012785901,0.107412886964971,"AGS"
"1730","1730",10.30391885952,"ZIMBABWE_MASHONALAND WEST_HURUNGWE","Zimbabwe",10.5090856580646,0.205166798544655,"AGS"
"1731","1731",11.7395806779131,"ZIMBABWE_MASHONALAND WEST_KADOMA","Zimbabwe",11.8633812693899,0.123800591476821,"AGS"
"1732","1732",11.1206316133543,"ZIMBABWE_MASHONALAND WEST_KARIBA","Zimbabwe",11.3096197591419,0.188988145787562,"AGS"
"1733","1733",11.2318984642672,"ZIMBABWE_MASHONALAND WEST_KARIBA URBAN","Zimbabwe",11.4824720222078,0.250573557940605,"AGS"
"1734","1734",12.9300264326775,"ZIMBABWE_MASHONALAND WEST_KAROI","Zimbabwe",13.0247504134345,0.0947239807569638,"AGS"
"1735","1735",12.4280006906242,"ZIMBABWE_MASHONALAND WEST_MAKONDE","Zimbabwe",12.5314622106947,0.103461520070489,"AGS"
"1736","1736",11.7368216698898,"ZIMBABWE_MASHONALAND WEST_MHONDORONGEZI","Zimbabwe",11.872195912709,0.135374242819172,"AGS"
"1737","1737",12.5351679079217,"ZIMBABWE_MASHONALAND WEST_NORTON","Zimbabwe",12.6699498477022,0.134781939780524,"AGS"
"1738","1738",12.6061092451155,"ZIMBABWE_MASHONALAND WEST_SANYATI","Zimbabwe",12.7759274925374,0.169818247421873,"AGS"
"1739","1739",10.3443339995344,"ZIMBABWE_MASHONALAND WEST_ZVIMBA","Zimbabwe",10.465050315525,0.12071631599051,"AGS"
"1740","1740",10.744171958359,"ZIMBABWE_MASVINGO_BIKITA","Zimbabwe",10.9653082036176,0.221136245258611,"AGS"
"1741","1741",9.12530874424155,"ZIMBABWE_MASVINGO_CHIREDZI RURAL","Zimbabwe",9.37385461397578,0.248545869734228,"AGS"
"1742","1742",9.34512044775249,"ZIMBABWE_MASVINGO_CHIREDZI URBAN","Zimbabwe",9.66088325427453,0.315762806522049,"AGS"
"1743","1743",9.70952507246911,"ZIMBABWE_MASVINGO_CHIVI","Zimbabwe",10.1353489430382,0.425823870569051,"AGS"
"1744","1744",9.6988376460301,"ZIMBABWE_MASVINGO_GUTU","Zimbabwe",9.98140451367479,0.282566867644686,"AGS"
"1745","1745",9.10610878607057,"ZIMBABWE_MASVINGO_MASVINGO","Zimbabwe",9.40573524491432,0.299626458843743,"AGS"
"1746","1746",9.1220723789487,"ZIMBABWE_MASVINGO_MASVINGO RURAL","Zimbabwe",9.52726732767804,0.40519494872934,"AGS"
"1747","1747",8.74813745055457,"ZIMBABWE_MASVINGO_MWENEZI","Zimbabwe",9.07066279609181,0.322525345537246,"AGS"
"1748","1748",8.42600463686656,"ZIMBABWE_MASVINGO_ZAKA","Zimbabwe",8.84114193365237,0.415137296785812,"AGS"
"1749","1749",9.40441602966912,"ZIMBABWE_MATABELELAND NORTH_BINGA","Zimbabwe",9.6980697316481,0.293653701978974,"AGS"
"1750","1750",8.74008671381698,"ZIMBABWE_MATABELELAND NORTH_BUBI","Zimbabwe",9.02506093484194,0.284974221024964,"AGS"
"1751","1751",10.0757400647753,"ZIMBABWE_MATABELELAND NORTH_HWANGE","Zimbabwe",10.2754258106006,0.199685745825311,"AGS"
"1752","1752",9.7216752608832,"ZIMBABWE_MATABELELAND NORTH_HWANGE URBAN","Zimbabwe",9.85810552993524,0.13643026905204,"AGS"
"1753","1753",8.71176605280223,"ZIMBABWE_MATABELELAND NORTH_LUPANE","Zimbabwe",8.93673840543348,0.224972352631255,"AGS"
"1754","1754",9.6312882974396,"ZIMBABWE_MATABELELAND NORTH_NKAYI","Zimbabwe",10.0682311080316,0.436942810591995,"AGS"
"1755","1755",8.74883585782135,"ZIMBABWE_MATABELELAND NORTH_TSHOLOTSHO","Zimbabwe",8.9416375904058,0.192801732584458,"AGS"
"1756","1756",9.0662740838602,"ZIMBABWE_MATABELELAND NORTH_UMGUZA","Zimbabwe",9.30135835047339,0.235084266613185,"AGS"
"1757","1757",11.9241187605024,"ZIMBABWE_MATABELELAND NORTH_VICTORIA FALLS","Zimbabwe",12.0767822787487,0.152663518246296,"AGS"
"1758","1758",9.16935274467292,"ZIMBABWE_MATABELELAND SOUTH_BEITBRIDGE RURAL","Zimbabwe",9.44375384677593,0.27440110210301,"AGS"
"1759","1759",17.2406077451493,"ZIMBABWE_MATABELELAND SOUTH_BEITBRIDGE URBAN","Zimbabwe",17.8593628030876,0.618755057938241,"AGS"
"1760","1760",10.0759075421147,"ZIMBABWE_MATABELELAND SOUTH_BULILIMA","Zimbabwe",10.3618225400901,0.285914997975343,"AGS"
"1761","1761",8.85412456569028,"ZIMBABWE_MATABELELAND SOUTH_GWANDA","Zimbabwe",9.14085754455311,0.286732978862837,"AGS"
"1762","1762",9.16396914263302,"ZIMBABWE_MATABELELAND SOUTH_GWANDA URBAN","Zimbabwe",9.47057610360134,0.306606960968319,"AGS"
"1763","1763",8.90606825003982,"ZIMBABWE_MATABELELAND SOUTH_INSIZA","Zimbabwe",9.26544089134253,0.359372641302713,"AGS"
"1764","1764",9.40205693974969,"ZIMBABWE_MATABELELAND SOUTH_MATOBO","Zimbabwe",9.7006742874922,0.298617347742512,"AGS"
"1765","1765",9.11725197788182,"ZIMBABWE_MATABELELAND SOUTH_PLUMTREE","Zimbabwe",9.34093537386598,0.223683395984157,"AGS"
"1766","1766",9.7167692312222,"ZIMBABWE_MATABELELAND SOUTH_UMZINGWANE","Zimbabwe",10.1756733595105,0.458904128288276,"AGS"
"1767","1767",9.53982219097153,"ZIMBABWE_MIDLANDS_CHIRUMANZU","Zimbabwe",9.80052337634872,0.260701185377197,"AGS"
"1768","1768",10.3042983052646,"ZIMBABWE_MIDLANDS_GOKWE NORTH","Zimbabwe",10.5918686447781,0.28757033951352,"AGS"
"1769","1769",9.43326353854382,"ZIMBABWE_MIDLANDS_GOKWE SOUTH","Zimbabwe",9.7813440654624,0.348080526918574,"AGS"
"1770","1770",10.4819844404479,"ZIMBABWE_MIDLANDS_GOKWE TOWN","Zimbabwe",10.7805459375775,0.298561497129601,"AGS"
"1771","1771",10.9306251476351,"ZIMBABWE_MIDLANDS_GWERU","Zimbabwe",11.1423766020032,0.211751454368137,"AGS"
"1772","1772",10.210330882887,"ZIMBABWE_MIDLANDS_GWERU RURAL","Zimbabwe",10.5311171083162,0.320786225429226,"AGS"
"1773","1773",10.8417498992447,"ZIMBABWE_MIDLANDS_KWEKWE","Zimbabwe",10.991594680568,0.14984478132337,"AGS"
"1774","1774",11.8217601872308,"ZIMBABWE_MIDLANDS_KWEKWE RURAL","Zimbabwe",12.0398767078678,0.218116520637027,"AGS"
"1775","1775",8.93174010361302,"ZIMBABWE_MIDLANDS_MBERENGWA","Zimbabwe",9.36576407582874,0.434023972215723,"AGS"
"1776","1776",11.7094024909935,"ZIMBABWE_MIDLANDS_REDCLIFF","Zimbabwe",11.8590893389711,0.149686847977623,"AGS"
"1777","1777",11.3319562029769,"ZIMBABWE_MIDLANDS_SHURUGWI","Zimbabwe",11.5401895199668,0.208233316989896,"AGS"
"1778","1778",10.4732060532331,"ZIMBABWE_MIDLANDS_SHURUGWI RURAL","Zimbabwe",10.7919105378853,0.318704484652226,"AGS"
"1779","1779",10.349381784898,"ZIMBABWE_MIDLANDS_ZVISHAVANE","Zimbabwe",10.7423794843245,0.39299769942647,"AGS"
"1780","1780",13.7476309697938,"ZIMBABWE_MIDLANDS_ZVISHAVANE MINE","Zimbabwe",13.83706241564,0.0894314458461576,"AGS"
"1781","1781",9.02473457043444,"ZIMBABWE_MATABELELAND SOUTH_MANGWE","Zimbabwe",9.27278583977272,0.24805126933828,"AGS"
