census_id,new_PM25,geo_name,country,base_PM25,PM_sector,sector
0001,5.8122141716100515,ANGOLA_BENGO_AMBRIZ,Angola,11.265754181045104,5.453540009435052,Biomass
0002,9.482277995740985,ANGOLA_BENGO_BULA ATUMBA,Angola,21.495698248001005,12.01342025226002,Biomass
0003,7.84619820128787,ANGOLA_BENGO_DANDE,Angola,13.22031889957297,5.3741206982850995,Biomass
0004,9.083871448382604,ANGOLA_BENGO_DEMBOS,Angola,17.59771557582041,8.513844127437805,Biomass
0005,7.145538108395369,ANGOLA_BENGO_NAMBUANGONGO,Angola,13.95823598116716,6.812697872771791,Biomass
0006,10.45491146546176,ANGOLA_BENGO_PANGO ALUQUÉM,Angola,19.157773713194853,8.702862247733092,Biomass
0007,3.8265043657058424,ANGOLA_BENGUELA_BAÍA FARTA,Angola,5.499297798990049,1.6727934332842063,Biomass
0008,7.388519404651759,ANGOLA_BENGUELA_BALOMBO,Angola,21.612007696725776,14.223488292074016,Biomass
0009,4.39831976053182,ANGOLA_BENGUELA_BENGUELA,Angola,6.487247333292851,2.0889275727610315,Biomass
0010,6.850098830648278,ANGOLA_BENGUELA_BOCOIO,Angola,13.950726273427582,7.100627442779304,Biomass
0011,7.576686940277727,ANGOLA_BENGUELA_CAIMBAMBO,Angola,11.331976887278671,3.7552899470009438,Biomass
0012,5.063896255455314,ANGOLA_BENGUELA_CATUMBELA,Angola,7.4758322720235775,2.411936016568263,Biomass
0013,4.7073390831997175,ANGOLA_BENGUELA_CHONGOROI,Angola,7.8140685891674035,3.106729505967686,Biomass
0014,5.257331653075094,ANGOLA_BENGUELA_CUBAL,Angola,10.41303043434801,5.155698781272915,Biomass
0015,5.438686083801495,ANGOLA_BENGUELA_GANDA,Angola,13.675484798596647,8.236798714795153,Biomass
0016,4.664215283761973,ANGOLA_BENGUELA_LOBITO,Angola,8.529143516512196,3.8649282327502235,Biomass
0017,4.956955975494865,ANGOLA_BIÉ_ANDULO,Angola,15.542326907649933,10.585370932155069,Biomass
0018,5.401362751727806,ANGOLA_BIÉ_CAMACUPA,Angola,14.313653161701115,8.91229040997331,Biomass
0019,5.070713753054083,ANGOLA_BIÉ_CATABOLA,Angola,14.026135923686109,8.955422170632026,Biomass
0020,4.7753517571216975,ANGOLA_BIÉ_CHINGUAR,Angola,13.899870313284104,9.124518556162407,Biomass
0021,5.184272321660825,ANGOLA_BIÉ_CHITEMBO,Angola,13.89420820497016,8.709935883309335,Biomass
0022,6.538363187686821,ANGOLA_BIÉ_CUEMBA,Angola,16.820243367719883,10.281880180033061,Biomass
0023,5.100905722826205,ANGOLA_BIÉ_CUITO,Angola,14.944912332156886,9.84400660933068,Biomass
0024,4.725041968474669,ANGOLA_BIÉ_CUNHINGA,Angola,14.271824875357307,9.546782906882637,Biomass
0025,6.112539447192695,ANGOLA_BIÉ_NHAREA,Angola,18.461013230194684,12.348473783001989,Biomass
0026,4.281207939158821,ANGOLA_CABINDA_BELIZE,Angola,5.71260186621357,1.4313939270547484,Biomass
0027,4.822358375026549,ANGOLA_CABINDA_BUCO ZAU,Angola,5.914007286269104,1.0916489112425554,Biomass
0028,2.6014044595297166,ANGOLA_CABINDA_CABINDA,Angola,3.923482806181064,1.3220783466513475,Biomass
0029,2.8342842031267192,ANGOLA_CABINDA_CACONGO,Angola,3.826406806106084,0.9921226029793648,Biomass
0030,3.141788759974498,ANGOLA_KUANDO KUBANGO_CALAI,Angola,8.039255580732139,4.897466820757641,Biomass
0031,3.2037581178924035,ANGOLA_KUANDO KUBANGO_CUANGAR,Angola,8.214380264516633,5.010622146624229,Biomass
0032,4.438009315768058,ANGOLA_KUANDO KUBANGO_CUCHI,Angola,12.033453362154308,7.59544404638625,Biomass
0033,6.993505728060618,ANGOLA_KUANDO KUBANGO_CUITO CUANAVALE,Angola,16.576852645663607,9.583346917602988,Biomass
0034,5.078788172864815,ANGOLA_KUANDO KUBANGO_DIRICO,Angola,14.90111669281569,9.822328519950874,Biomass
0035,3.889807334909902,ANGOLA_KUANDO KUBANGO_MAVINGA,Angola,10.407009651907515,6.517202316997613,Biomass
0036,4.559300349008745,ANGOLA_KUANDO KUBANGO_MENONGUE,Angola,12.066287021678882,7.506986672670137,Biomass
0037,3.8377828839818586,ANGOLA_KUANDO KUBANGO_NANCOVA,Angola,10.509474746302942,6.671691862321083,Biomass
0038,4.171510369808721,ANGOLA_KUANDO KUBANGO_RIVUNGO,Angola,10.555953125344363,6.384442755535642,Biomass
0039,8.57885342892508,ANGOLA_KWANZA NORTE_AMBACA,Angola,25.10408168844578,16.525228259520702,Biomass
0040,8.455173686998785,ANGOLA_KWANZA NORTE_BANGA,Angola,21.57038692867136,13.115213241672576,Biomass
0041,9.762556506963353,ANGOLA_KWANZA NORTE_BOLONGONGO,Angola,24.82134803818262,15.058791531219267,Biomass
0042,7.815293776436566,ANGOLA_KWANZA NORTE_CAMBAMBE,Angola,17.362183502761546,9.54688972632498,Biomass
0043,8.250800145344739,ANGOLA_KWANZA NORTE_CAZENGO,Angola,20.16838371465905,11.917583569314312,Biomass
0044,11.732375844509045,ANGOLA_KWANZA NORTE_GOLUNGO ALTO,Angola,26.592785435492452,14.860409590983407,Biomass
0045,6.443681097426949,ANGOLA_KWANZA NORTE_LUCALA,Angola,18.350062837787995,11.906381740361045,Biomass
0046,9.332075745216608,ANGOLA_KWANZA NORTE_NGONGUEMBO,Angola,22.429273173036663,13.097197427820054,Biomass
0047,8.827026700834406,ANGOLA_KWANZA NORTE_QUICULUNGO,Angola,24.839601607029135,16.01257490619473,Biomass
0048,7.2237262626356005,ANGOLA_KWANZA NORTE_SAMBA CAJÚ,Angola,24.11947065632632,16.89574439369072,Biomass
0049,7.887659761814097,ANGOLA_KWANZA SUL_AMBOIM,Angola,16.860613909928652,8.972954148114555,Biomass
0050,6.608847428196248,ANGOLA_KWANZA SUL_CASSONGUE,Angola,18.71406934943451,12.105221921238261,Biomass
0051,5.815784479021318,ANGOLA_KWANZA SUL_CELA,Angola,17.256557935993094,11.440773456971776,Biomass
0052,9.360301628585482,ANGOLA_KWANZA SUL_CONDA,Angola,22.29699213921948,12.936690510633998,Biomass
0053,7.558014848549164,ANGOLA_KWANZA SUL_EBO,Angola,18.322560084184865,10.764545235635701,Biomass
0054,6.820176147490727,ANGOLA_KWANZA SUL_LIBOLO,Angola,20.820709602987407,14.00053345549668,Biomass
0055,5.52996341994892,ANGOLA_KWANZA SUL_MUSSENDE,Angola,19.726557890906506,14.196594470957585,Biomass
0056,3.4792706558461597,ANGOLA_KWANZA SUL_PORTO AMBOIM,Angola,7.293629969604916,3.814359313758756,Biomass
0057,7.7954394405506795,ANGOLA_KWANZA SUL_QUIBALA,Angola,26.57764478383906,18.78220534328838,Biomass
0058,6.823853814593346,ANGOLA_KWANZA SUL_QUILENDA,Angola,16.13696707110368,9.313113256510334,Biomass
0059,8.338155459182577,ANGOLA_KWANZA SUL_SELES,Angola,20.495108238978943,12.156952779796367,Biomass
0060,5.03204665880162,ANGOLA_KWANZA SUL_SUMBE,Angola,9.791678925483103,4.759632266681483,Biomass
0061,2.831125194142849,ANGOLA_CUNENE_CAHAMA,Angola,4.597971065207579,1.7668458710647301,Biomass
0062,3.242449540127501,ANGOLA_CUNENE_CUANHAMA,Angola,7.391776517098361,4.14932697697086,Biomass
0063,2.265955048601746,ANGOLA_CUNENE_CUROCA,Angola,3.278635421899574,1.0126803732978278,Biomass
0064,3.404063650636508,ANGOLA_CUNENE_CUVELAI,Angola,8.22865521263498,4.824591561998472,Biomass
0065,3.0235891853989227,ANGOLA_CUNENE_NAMACUNDE,Angola,6.085367045638666,3.061777860239743,Biomass
0066,2.373064936193013,ANGOLA_CUNENE_OMBADJA,Angola,4.181284772769048,1.8082198365760345,Biomass
0067,5.34431510419603,ANGOLA_HUAMBO_BAILUNDO,Angola,15.475436554690788,10.131121450494756,Biomass
0068,5.003173735411584,ANGOLA_HUAMBO_CAÁLA,Angola,11.629702109231818,6.626528373820234,Biomass
0069,4.994069871232625,ANGOLA_HUAMBO_CACHIUNGO,Angola,13.944397098122293,8.950327226889668,Biomass
0070,5.862419079393497,ANGOLA_HUAMBO_ECUNHA,Angola,14.735238370803021,8.872819291409524,Biomass
0071,5.084582913414322,ANGOLA_HUAMBO_HUAMBO,Angola,12.720146253053722,7.6355633396394,Biomass
0072,6.386958706983863,ANGOLA_HUAMBO_LONDUIMBALI,Angola,17.391475301848722,11.004516594864858,Biomass
0073,5.883048454208399,ANGOLA_HUAMBO_LONGONJO,Angola,14.423689789862298,8.540641335653898,Biomass
0074,5.3292713419230084,ANGOLA_HUAMBO_MUNGO,Angola,16.259600943315746,10.930329601392739,Biomass
0075,4.969643410039481,ANGOLA_HUAMBO_CHICALA CHOLOHANGA,Angola,13.155439736915886,8.185796326876405,Biomass
0076,6.886507518730106,ANGOLA_HUAMBO_CHINJENJE,Angola,20.7148028325108,13.828295313780693,Biomass
0077,6.446495573479513,ANGOLA_HUAMBO_UCUMA,Angola,16.657079536119475,10.210583962639962,Biomass
0078,4.835946372842269,ANGOLA_HUÍLA_CACONDA,Angola,10.106719566720713,5.270773193878444,Biomass
0079,4.4261123418327495,ANGOLA_HUÍLA_CACULA,Angola,7.536195109631706,3.110082767798956,Biomass
0080,4.509294927571747,ANGOLA_HUÍLA_CALUQUEMBE,Angola,8.258833222209184,3.7495382946374365,Biomass
0081,3.414075953094158,ANGOLA_HUÍLA_CHIBIA,Angola,5.21187365430599,1.7977977012118318,Biomass
0082,4.600819266455165,ANGOLA_HUÍLA_CHICOMBA,Angola,9.242279723608618,4.641460457153453,Biomass
0083,4.418070204874739,ANGOLA_HUÍLA_CHIPINDO,Angola,10.874107312407773,6.456037107533034,Biomass
0084,4.196261428470283,ANGOLA_HUÍLA_CUVANGO,Angola,11.09069056347118,6.894429135000896,Biomass
0085,2.9094939359582543,ANGOLA_HUÍLA_GAMBOS,Angola,4.6733388397470605,1.7638449037888062,Biomass
0086,4.532906793904774,ANGOLA_HUÍLA_HUMPATA,Angola,5.806239107993083,1.273332314088309,Biomass
0087,4.050371573359417,ANGOLA_HUÍLA_JAMBA,Angola,9.969253956536749,5.918882383177332,Biomass
0088,3.8066925120707094,ANGOLA_HUÍLA_LUBANGO,Angola,5.523296887068651,1.7166043749979414,Biomass
0089,3.4484348737052724,ANGOLA_HUÍLA_MATALA,Angola,7.951377905477963,4.50294303177269,Biomass
0090,5.84204452299578,ANGOLA_HUÍLA_QUILENGUES,Angola,9.188785531379896,3.3467410083841163,Biomass
0091,3.7151172152650824,ANGOLA_HUÍLA_QUIPUNGO,Angola,7.638953615051275,3.9238363997861923,Biomass
0092,5.279986790192352,ANGOLA_LUANDA_BELAS,Angola,7.4526078193873,2.172621029194948,Biomass
0093,11.123122859271305,ANGOLA_LUANDA_CACUACO,Angola,14.160892292455344,3.037769433184039,Biomass
0094,7.1362805107510905,ANGOLA_LUANDA_CAZENGA,Angola,9.54223100311223,2.4059504923611392,Biomass
0095,7.8627885666614805,ANGOLA_LUANDA_ICOLO E BENGO,Angola,12.548819410775206,4.686030844113725,Biomass
0096,5.594804781965458,ANGOLA_LUANDA_LUANDA,Angola,7.878474568890909,2.2836697869254516,Biomass
0097,4.289806182588732,ANGOLA_LUANDA_QUISSAMA,Angola,8.479402908501141,4.189596725912409,Biomass
0098,10.820911463492319,ANGOLA_LUANDA_VIANA,Angola,13.749004361533554,2.9280928980412355,Biomass
0099,4.7117813415587815,ANGOLA_LUNDA NORTE_CAMBULO,Angola,16.314374939402633,11.602593597843851,Biomass
0100,6.063334395665572,ANGOLA_LUNDA NORTE_CAPENDA CAMULEMBA,Angola,18.67937867967933,12.61604428401376,Biomass
0101,5.573034517162296,ANGOLA_LUNDA NORTE_CAUNGULA,Angola,19.318011796297654,13.744977279135359,Biomass
0102,6.300202377602042,ANGOLA_LUNDA NORTE_CHITATO,Angola,23.822740449724776,17.522538072122735,Biomass
0103,5.875724219313457,ANGOLA_LUNDA NORTE_CUANGO,Angola,19.63817953356115,13.762455314247692,Biomass
0104,5.756613280528804,ANGOLA_LUNDA NORTE_CUILO,Angola,25.34950187050824,19.592888589979438,Biomass
0105,5.404033861288475,ANGOLA_LUNDA NORTE_LÓVUA,Angola,23.025646485328238,17.621612624039763,Biomass
0106,5.8315450819436405,ANGOLA_LUNDA NORTE_LUBALO,Angola,19.623388097713004,13.791843015769363,Biomass
0107,5.665104026279029,ANGOLA_LUNDA NORTE_LUCAPA,Angola,22.82551910358646,17.16041507730743,Biomass
0108,6.507725678093035,ANGOLA_LUNDA NORTE_XÁ-MUTEBA,Angola,22.599034524672916,16.09130884657988,Biomass
0109,5.571629774324118,ANGOLA_LUNDA SUL_CACOLO,Angola,15.629842895501486,10.058213121177367,Biomass
0110,4.817368608131444,ANGOLA_LUNDA SUL_DALA,Angola,15.195152646512062,10.377784038380618,Biomass
0111,4.188630290184071,ANGOLA_LUNDA SUL_MUCONDA,Angola,14.72377876394696,10.535148473762888,Biomass
0112,3.8325869932730816,ANGOLA_LUNDA SUL_SAURIMO,Angola,13.67664145392974,9.844054460656658,Biomass
0113,5.91326830164316,ANGOLA_MALANJE_CACUSO,Angola,20.390959531954405,14.477691230311244,Biomass
0114,6.857411768989388,ANGOLA_MALANJE_CAHOMBO,Angola,21.055549770276787,14.1981380012874,Biomass
0115,6.133761860685475,ANGOLA_MALANJE_CALANDULA,Angola,18.725460697367176,12.5916988366817,Biomass
0116,6.194446447568272,ANGOLA_MALANJE_CAMBUNDI-CATEMBO,Angola,19.362668812721665,13.168222365153394,Biomass
0117,6.298825044991198,ANGOLA_MALANJE_CANGANDALA,Angola,21.400870254758814,15.102045209767617,Biomass
0118,7.08255449363079,ANGOLA_MALANJE_CUNDA-DIA-BAZE,Angola,23.641960712594333,16.559406218963545,Biomass
0119,5.931553339408405,ANGOLA_MALANJE_KIWABA NZOJI,Angola,18.528804047731853,12.597250708323449,Biomass
0120,6.045884817878244,ANGOLA_MALANJE_LUQUEMBO,Angola,19.12363499197391,13.077750174095664,Biomass
0121,7.315683784067503,ANGOLA_MALANJE_MALANJE,Angola,24.725485525604515,17.409801741537013,Biomass
0122,7.250974174565587,ANGOLA_MALANJE_MARIMBA,Angola,22.69090475336573,15.43993057880014,Biomass
0123,7.345691875092765,ANGOLA_MALANJE_MASSANGO,Angola,21.578228624790555,14.23253674969779,Biomass
0124,7.236076853815916,ANGOLA_MALANJE_MUCARI,Angola,22.037395259346283,14.801318405530367,Biomass
0125,6.8196581356921335,ANGOLA_MALANJE_QUELA,Angola,23.56040417383533,16.740746038143197,Biomass
0126,7.419388393589826,ANGOLA_MALANJE_QUIRIMA,Angola,20.758281907262692,13.338893513672865,Biomass
0127,4.888205378384591,ANGOLA_MOXICO_ALTO ZAMBEZE,Angola,14.768547308427916,9.880341930043326,Biomass
0128,5.134216700329548,ANGOLA_MOXICO_BUNDAS,Angola,13.025971649078537,7.891754948748989,Biomass
0129,4.816463922416492,ANGOLA_MOXICO_CAMANONGUE,Angola,13.628238225906923,8.81177430349043,Biomass
0130,4.1146420700304125,ANGOLA_MOXICO_CAMEIA,Angola,13.234414727954924,9.11977265792451,Biomass
0131,6.497421608816005,ANGOLA_MOXICO_LÉUA,Angola,16.862533532401713,10.365111923585708,Biomass
0132,4.245920811300807,ANGOLA_MOXICO_LUACANO,Angola,14.08558940271471,9.839668591413904,Biomass
0133,4.170345894834465,ANGOLA_MOXICO_LUAU,Angola,13.449713001086415,9.27936710625195,Biomass
0134,6.030416491198934,ANGOLA_MOXICO_LUCHAZES,Angola,14.761749805730506,8.731333314531572,Biomass
0135,5.308261192285878,ANGOLA_MOXICO_LUENA,Angola,13.286757826273991,7.978496633988113,Biomass
0136,3.979658288667627,ANGOLA_NAMIBE_BIBALA,Angola,5.1890323026682665,1.2093740140006397,Biomass
0137,2.896993724389649,ANGOLA_NAMIBE_CAMUCUIO,Angola,4.23637226168467,1.3393785372950209,Biomass
0138,1.7272379291196835,ANGOLA_NAMIBE_NAMIBE,Angola,2.5777327154017264,0.8504947862820429,Biomass
0139,1.3100399082915193,ANGOLA_NAMIBE_TÔMBWA,Angola,1.9175805314590302,0.6075406231675109,Biomass
0140,2.7141454374063008,ANGOLA_NAMIBE_VIREI,Angola,3.5924937137458643,0.8783482763395636,Biomass
0141,8.404640082918036,ANGOLA_UÍGE_AMBUILA,Angola,17.16005245258698,8.755412369668946,Biomass
0142,4.903322119548795,ANGOLA_UÍGE_BEMBE,Angola,10.918267389595801,6.014945270047006,Biomass
0143,8.021813539051493,ANGOLA_UÍGE_BUENGAS,Angola,19.711231479430843,11.68941794037935,Biomass
0144,6.857668285247679,ANGOLA_UÍGE_BUNGO,Angola,17.052486006257833,10.194817721010153,Biomass
0145,6.715518539936592,ANGOLA_UÍGE_CANGOLA,Angola,18.84563988456413,12.130121344627536,Biomass
0146,6.906992266638211,ANGOLA_UÍGE_DAMBA,Angola,16.888478809995718,9.981486543357507,Biomass
0147,7.721316011528225,ANGOLA_UÍGE_MAQUELA DO ZOMBO,Angola,19.654378709350404,11.933062697822178,Biomass
0148,6.6616477357917,ANGOLA_UÍGE_SANTA CRUZ,Angola,17.57480400885227,10.913156273060569,Biomass
0149,8.09387183513194,ANGOLA_UÍGE_MUCABA,Angola,18.763005294689965,10.669133459558024,Biomass
0150,8.461207068955904,ANGOLA_UÍGE_NEGAGE,Angola,20.85613478894463,12.394927719988726,Biomass
0151,7.700703059427136,ANGOLA_UÍGE_PURI,Angola,20.87809443202828,13.177391372601145,Biomass
0152,10.38992252723963,ANGOLA_UÍGE_QUIMBELE,Angola,25.628099526345032,15.238176999105402,Biomass
0153,8.601143580718714,ANGOLA_UÍGE_QUITEXE,Angola,19.370986939689146,10.769843358970432,Biomass
0154,6.796063464752156,ANGOLA_UÍGE_SANZA POMBO,Angola,18.43065942488433,11.634595960132174,Biomass
0155,8.31569145056541,ANGOLA_UÍGE_SONGO,Angola,18.600723395360966,10.285031944795556,Biomass
0156,9.435022875298566,ANGOLA_UÍGE_UÍGE,Angola,20.43525079526103,11.000227919962464,Biomass
0157,6.815936789742105,ANGOLA_ZAIRE_CUIMBA,Angola,15.464282617560531,8.648345827818426,Biomass
0158,5.625839376790827,ANGOLA_ZAIRE_MBANZA CONGO,Angola,12.015656630797153,6.389817254006326,Biomass
0159,3.475702047484441,ANGOLA_ZAIRE_NZETO,Angola,7.3034538445465955,3.8277517970621546,Biomass
0160,4.470084688979751,ANGOLA_ZAIRE_NÓQUI,Angola,8.93084657338867,4.460761884408919,Biomass
0161,2.122550180263165,ANGOLA_ZAIRE_SOYO,Angola,4.221457718532934,2.0989075382697684,Biomass
0162,3.6170889170510763,ANGOLA_ZAIRE_TOMBOCO,Angola,7.743967360907325,4.126878443856249,Biomass
0163,7.249304177625965,BOTSWANA_CENTRAL_BOBONONG_BOBONONG,Botswana,9.267920055874294,2.0186158782483288,Biomass
0164,7.360499055390857,BOTSWANA_CENTRAL_BOBONONG_DAMOCHOJENA,Botswana,9.345166284598786,1.984667229207929,Biomass
0165,7.69512679050492,BOTSWANA_CENTRAL_BOBONONG_KOBOJANGO,Botswana,9.73698988492713,2.04186309442221,Biomass
0166,7.208415829664147,BOTSWANA_CENTRAL_BOBONONG_LENTSWELEMORITI,Botswana,9.119232807822858,1.910816978158711,Biomass
0167,7.240529975592345,BOTSWANA_CENTRAL_BOBONONG_LEPOKOLE,Botswana,9.332833768303297,2.0923037927109522,Biomass
0168,7.733592945626952,BOTSWANA_CENTRAL_BOBONONG_MABOLWE,Botswana,9.76205333025739,2.0284603846304377,Biomass
0169,7.788481375799236,BOTSWANA_CENTRAL_BOBONONG_MATHATHANE,Botswana,9.709811970861509,1.9213305950622726,Biomass
0170,7.181473147359558,BOTSWANA_CENTRAL_BOBONONG_MMADINARE,Botswana,9.164777680732865,1.9833045333733068,Biomass
0171,7.580924425631568,BOTSWANA_CENTRAL_BOBONONG_MOLALATAU,Botswana,9.478444955836796,1.8975205302052283,Biomass
0172,8.194909904783419,BOTSWANA_CENTRAL_BOBONONG_MOLETEMANE,Botswana,10.064732282564613,1.869822377781194,Biomass
0173,8.087018760548336,BOTSWANA_CENTRAL_BOBONONG_MOTLHABANENG,Botswana,10.013721433337288,1.9267026727889522,Biomass
0174,7.351733518336595,BOTSWANA_CENTRAL_BOBONONG_ROBELELA,Botswana,9.519485647345657,2.1677521290090622,Biomass
0175,7.337781187089536,BOTSWANA_CENTRAL_BOBONONG_SEFOPHE,Botswana,9.26770229131667,1.9299211042271338,Biomass
0176,7.788807114117617,BOTSWANA_CENTRAL_BOBONONG_SEMOLALE,Botswana,9.753298429806996,1.9644913156893793,Biomass
0177,7.353286660903094,BOTSWANA_CENTRAL_BOBONONG_TOBANE,Botswana,9.469951181865007,2.116664520961913,Biomass
0178,7.671212728146576,BOTSWANA_CENTRAL_BOBONONG_TSETSEBJWE,Botswana,9.587037913373187,1.9158251852266117,Biomass
0179,7.302189055569616,BOTSWANA_CENTRAL_BOBONONG_TSHOKWE,Botswana,9.42529775536659,2.1231086997969735,Biomass
0180,8.034977195126709,BOTSWANA_CENTRAL_BOBONONG_TULI,Botswana,9.88568337212511,1.8507061769984006,Biomass
0181,5.418867102193875,BOTSWANA_CENTRAL_BOTETI_KEDIA,Botswana,7.461317859621078,2.0424507574272024,Biomass
0182,6.378495664672212,BOTSWANA_CENTRAL_BOTETI_KHWEE,Botswana,8.244621228495758,1.8661255638235454,Biomass
0183,6.59493477767491,BOTSWANA_CENTRAL_BOTETI_KUMAGA,Botswana,9.363105820477047,2.7681710428021375,Biomass
0184,5.462157353802068,BOTSWANA_CENTRAL_BOTETI_LETLHAKANE,Botswana,7.403395386452788,1.9412380326507197,Biomass
0185,5.189423576157404,BOTSWANA_CENTRAL_BOTETI_MAKALAMABEDI,Botswana,7.78662079165856,2.597197215501156,Biomass
0186,5.176319680145706,BOTSWANA_CENTRAL_BOTETI_MMADIKOLA,Botswana,7.34758119594912,2.1712615158034136,Biomass
0187,6.027400153890114,BOTSWANA_CENTRAL_BOTETI_MMATSHUMO,Botswana,8.208358144682293,2.1809579907921792,Biomass
0188,5.568399559760043,BOTSWANA_CENTRAL_BOTETI_MOKOBOXANE,Botswana,7.635220520728099,2.066820960968056,Biomass
0189,5.950958763766265,BOTSWANA_CENTRAL_BOTETI_MOPIPI,Botswana,8.212732782024235,2.2617740182579693,Biomass
0190,5.618468200858739,BOTSWANA_CENTRAL_BOTETI_MOREOMAOTO,Botswana,8.186611164967884,2.5681429641091444,Biomass
0191,6.023041977044731,BOTSWANA_CENTRAL_BOTETI_MOSU,Botswana,8.118884991360462,2.0958430143157303,Biomass
0192,5.4911356505115005,BOTSWANA_CENTRAL_BOTETI_MOTOPI,Botswana,8.090702788329173,2.5995671378176723,Biomass
0193,5.41605404054607,BOTSWANA_CENTRAL_BOTETI_TOROMOJA,Botswana,7.632784206987401,2.21673016644133,Biomass
0194,5.089437437211143,BOTSWANA_CENTRAL_BOTETI_TSIENYANE/RAKOPS,Botswana,7.400028805944617,2.3105913687334736,Biomass
0195,4.749505515183959,BOTSWANA_CENTRAL_BOTETI_XERE,Botswana,6.911357304773953,2.1618517895899947,Biomass
0196,5.176039067547057,BOTSWANA_CENTRAL_BOTETI_XHUMO,Botswana,7.1790548956575435,2.0030158281104864,Biomass
0197,8.245873774962634,BOTSWANA_CENTRAL_MAHALAPYE_BONWAPITSE,Botswana,9.954390065018591,1.7085162900559574,Biomass
0198,9.188332108042124,BOTSWANA_CENTRAL_MAHALAPYE_BOROTSI,Botswana,10.904522654473466,1.716190546431342,Biomass
0199,9.093356023836831,BOTSWANA_CENTRAL_MAHALAPYE_CHADIBE,Botswana,10.80555667722783,1.7122006533909992,Biomass
0200,9.751209002241385,BOTSWANA_CENTRAL_MAHALAPYE_DIBETE STATION,Botswana,11.351852701572255,1.6006436993308704,Biomass
0201,9.555763702106475,BOTSWANA_CENTRAL_MAHALAPYE_DOVEDALE,Botswana,11.208257245697073,1.652493543590598,Biomass
0202,8.158936969244483,BOTSWANA_CENTRAL_MAHALAPYE_IKONGWE,Botswana,9.870960311831455,1.7120233425869724,Biomass
0203,7.803981845702501,BOTSWANA_CENTRAL_MAHALAPYE_KALAMARE,Botswana,9.534095622392055,1.7301137766895538,Biomass
0204,6.831708864505389,BOTSWANA_CENTRAL_MAHALAPYE_KODIBELENG,Botswana,8.502768673393222,1.6710598088878328,Biomass
0205,9.246247748758854,BOTSWANA_CENTRAL_MAHALAPYE_KUDUMATSE,Botswana,10.899950213110268,1.6537024643514133,Biomass
0206,8.432880416383659,BOTSWANA_CENTRAL_MAHALAPYE_MAAPE,Botswana,10.208352165635532,1.7754717492518726,Biomass
0207,9.0765603067562,BOTSWANA_CENTRAL_MAHALAPYE_MACHANENG,Botswana,10.781619995855703,1.7050596890995031,Biomass
0208,8.93866666835458,BOTSWANA_CENTRAL_MAHALAPYE_MAHALAPYE,Botswana,10.615823958921515,1.6771572905669352,Biomass
0209,9.108128041582564,BOTSWANA_CENTRAL_MAHALAPYE_MAKWATE,Botswana,10.799568517525614,1.6914404759430504,Biomass
0210,9.239330957794747,BOTSWANA_CENTRAL_MAHALAPYE_MATLHAKO,Botswana,10.945337237421356,1.7060062796266084,Biomass
0211,8.33474121092404,BOTSWANA_CENTRAL_MAHALAPYE_MHALAPITSA,Botswana,10.115339240481934,1.7805980295578934,Biomass
0212,9.540161567260878,BOTSWANA_CENTRAL_MAHALAPYE_MMAPHASHALALA,Botswana,11.157219366785228,1.6170577995243498,Biomass
0213,8.222014553035732,BOTSWANA_CENTRAL_MAHALAPYE_MMUTLANA,Botswana,9.950964546351342,1.7289499933156094,Biomass
0214,7.98866585680859,BOTSWANA_CENTRAL_MAHALAPYE_MOKGENENE,Botswana,9.596149510955863,1.6074836541472726,Biomass
0215,9.104871091549608,BOTSWANA_CENTRAL_MAHALAPYE_MOKOBENG,Botswana,10.838979522300473,1.7341084307508652,Biomass
0216,9.1756876918598,BOTSWANA_CENTRAL_MAHALAPYE_MOKOSWANE,Botswana,10.838489042090107,1.662801350230307,Biomass
0217,10.248930871859931,BOTSWANA_CENTRAL_MAHALAPYE_MOOKANE,Botswana,11.85758520096844,1.608654329108509,Biomass
0218,7.356686095521264,BOTSWANA_CENTRAL_MAHALAPYE_MORALANE,Botswana,9.07388953718335,1.717203441662086,Biomass
0219,8.912199711223181,BOTSWANA_CENTRAL_MAHALAPYE_MOSHOPHA,Botswana,10.66040709013179,1.7482073789086083,Biomass
0220,7.74455301253475,BOTSWANA_CENTRAL_MAHALAPYE_MOSOLOTSHANE,Botswana,9.511210957293585,1.766657944758835,Biomass
0221,8.565305973839925,BOTSWANA_CENTRAL_MAHALAPYE_NGWAPA,Botswana,10.310280626820946,1.7449746529810213,Biomass
0222,7.349470626834089,BOTSWANA_CENTRAL_MAHALAPYE_OTSE,Botswana,8.983792398473195,1.6343217716391063,Biomass
0223,9.151562066157538,BOTSWANA_CENTRAL_MAHALAPYE_PALLA ROAD/DINOKWE,Botswana,10.795629934332082,1.6440678681745435,Biomass
0224,8.509161266206243,BOTSWANA_CENTRAL_MAHALAPYE_PILIKWE,Botswana,10.281854894108063,1.7726936279018197,Biomass
0225,8.936331016663766,BOTSWANA_CENTRAL_MAHALAPYE_POLOKA,Botswana,10.538812478141125,1.6024814614773586,Biomass
0226,8.668215611071734,BOTSWANA_CENTRAL_MAHALAPYE_RAMOKGONAMI,Botswana,10.428629044081065,1.7604134330093313,Biomass
0227,9.128778125160919,BOTSWANA_CENTRAL_MAHALAPYE_SEFHARE,Botswana,10.850422331201429,1.7216442060405104,Biomass
0228,8.941764078861114,BOTSWANA_CENTRAL_MAHALAPYE_SELEKA,Botswana,10.6931821338341,1.7514180549729854,Biomass
0229,8.52148146268509,BOTSWANA_CENTRAL_MAHALAPYE_SHAKWE,Botswana,10.236738737342131,1.7152572746570414,Biomass
0230,8.173548180753611,BOTSWANA_CENTRAL_MAHALAPYE_SHOSHONG,Botswana,9.858994143172144,1.685445962418532,Biomass
0231,8.629960019079327,BOTSWANA_CENTRAL_MAHALAPYE_TAUPYE,Botswana,10.299774008529951,1.669813989450624,Biomass
0232,8.024319375640127,BOTSWANA_CENTRAL_MAHALAPYE_TEWANE,Botswana,9.724105391463459,1.6997860158233316,Biomass
0233,8.88623738910292,BOTSWANA_CENTRAL_MAHALAPYE_TULI,Botswana,10.563708748858472,1.6774713597555522,Biomass
0234,8.804475357917529,BOTSWANA_CENTRAL_MAHALAPYE_TUMASERA,Botswana,10.546509976116326,1.7420346181987973,Biomass
0235,8.333223422572893,BOTSWANA_CENTRAL_SEROWE PALAPYE_DILORO,Botswana,10.235337029338103,1.9021136067652105,Biomass
0236,6.557554285780513,BOTSWANA_CENTRAL_SEROWE PALAPYE_DIMAJWE,Botswana,8.555221829217517,1.9976675434370046,Biomass
0237,7.700254208391156,BOTSWANA_CENTRAL_SEROWE PALAPYE_GAMABUO,Botswana,9.519495033270534,1.8192408248793779,Biomass
0238,7.244232603560495,BOTSWANA_CENTRAL_SEROWE PALAPYE_GOJWANE,Botswana,9.217586564423714,1.9733539608632187,Biomass
0239,8.292017780166773,BOTSWANA_CENTRAL_SEROWE PALAPYE_GOO-SEKGWENG,Botswana,10.076425185602272,1.7844074054354984,Biomass
0240,8.391097552407338,BOTSWANA_CENTRAL_SEROWE PALAPYE_GOOTAU,Botswana,10.18030605252149,1.7892085001141513,Biomass
0241,7.995822501906385,BOTSWANA_CENTRAL_SEROWE PALAPYE_KGAGODI,Botswana,9.888002560160094,1.8921800582537092,Biomass
0242,8.737342616684419,BOTSWANA_CENTRAL_SEROWE PALAPYE_LECHENG,Botswana,10.532531974993994,1.7951893583095746,Biomass
0243,8.374517746652844,BOTSWANA_CENTRAL_SEROWE PALAPYE_LERALA,Botswana,10.160495372273582,1.7859776256207383,Biomass
0244,8.573706341833805,BOTSWANA_CENTRAL_SEROWE PALAPYE_LESENEPOLE/MATOLWANE,Botswana,10.431420590483242,1.8577142486494367,Biomass
0245,7.093862825838627,BOTSWANA_CENTRAL_SEROWE PALAPYE_MABELEAPUDI,Botswana,9.011669708274756,1.9178068824361283,Biomass
0246,6.881295954955082,BOTSWANA_CENTRAL_SEROWE PALAPYE_MAJWANAADIPITSE,Botswana,8.814346395255033,1.9330504402999509,Biomass
0247,8.723039967154271,BOTSWANA_CENTRAL_SEROWE PALAPYE_MAJWANENG,Botswana,10.509365873681752,1.7863259065274804,Biomass
0248,7.876120089307421,BOTSWANA_CENTRAL_SEROWE PALAPYE_MALAKA,Botswana,9.676565429877005,1.800445340569584,Biomass
0249,6.126768818814193,BOTSWANA_CENTRAL_SEROWE PALAPYE_MALATSWAI,Botswana,8.096483781818367,1.9697149630041748,Biomass
0250,9.510183236309736,BOTSWANA_CENTRAL_SEROWE PALAPYE_MANALEDI,Botswana,11.297232922532356,1.7870496862226197,Biomass
0251,8.295833395927776,BOTSWANA_CENTRAL_SEROWE PALAPYE_MATLHAKOLA,Botswana,10.086224156256794,1.790390760329018,Biomass
0252,8.485698324927732,BOTSWANA_CENTRAL_SEROWE PALAPYE_MAUNATLALA,Botswana,10.315069627169176,1.8293713022414444,Biomass
0253,8.03312012410679,BOTSWANA_CENTRAL_SEROWE PALAPYE_MMASHORO,Botswana,10.080260820768238,2.0471406966614474,Biomass
0254,8.586796761890692,BOTSWANA_CENTRAL_SEROWE PALAPYE_MOENG,Botswana,10.392071371583635,1.8052746096929422,Biomass
0255,7.756993817746518,BOTSWANA_CENTRAL_SEROWE PALAPYE_MOGAPI,Botswana,9.63021690664346,1.8732230888969417,Biomass
0256,7.936479156093599,BOTSWANA_CENTRAL_SEROWE PALAPYE_MOGAPINYANA,Botswana,9.850158769307232,1.913679613213633,Biomass
0257,7.76285627375886,BOTSWANA_CENTRAL_SEROWE PALAPYE_MOGOME,Botswana,9.481861012037632,1.7190047382787714,Biomass
0258,8.503515024164555,BOTSWANA_CENTRAL_SEROWE PALAPYE_MOGOROSI,Botswana,10.404226138353522,1.900711114188967,Biomass
0259,5.753069887244686,BOTSWANA_CENTRAL_SEROWE PALAPYE_MOIYABANA,Botswana,7.491522841691362,1.738452954446676,Biomass
0260,7.8762676390089785,BOTSWANA_CENTRAL_SEROWE PALAPYE_MOKGWARE,Botswana,9.609003627461789,1.7327359884528102,Biomass
0261,8.354722975722215,BOTSWANA_CENTRAL_SEROWE PALAPYE_MOKHUNGWANA,Botswana,10.147227181970022,1.7925042062478074,Biomass
0262,8.464495837353033,BOTSWANA_CENTRAL_SEROWE PALAPYE_MOKOKWANA,Botswana,10.270823367499561,1.806327530146529,Biomass
0263,8.61562752295522,BOTSWANA_CENTRAL_SEROWE PALAPYE_MOREMI,Botswana,10.454228293811372,1.8386007708561518,Biomass
0264,7.254747088993462,BOTSWANA_CENTRAL_SEROWE PALAPYE_MOREOMABELE,Botswana,9.182276997631519,1.9275299086380562,Biomass
0265,8.430157957629925,BOTSWANA_CENTRAL_SEROWE PALAPYE_MOSWEU,Botswana,10.22203105731837,1.7918730996884449,Biomass
0266,8.822211917317304,BOTSWANA_CENTRAL_SEROWE PALAPYE_MOTSHEGALETAU,Botswana,10.694151761760338,1.871939844443034,Biomass
0267,7.039184932495765,BOTSWANA_CENTRAL_SEROWE PALAPYE_PAJE,Botswana,8.886480260842864,1.8472953283470996,Biomass
0268,8.715502617155723,BOTSWANA_CENTRAL_SEROWE PALAPYE_PALAPYE,Botswana,10.534948711137362,1.8194460939816395,Biomass
0269,8.465782482105528,BOTSWANA_CENTRAL_SEROWE PALAPYE_RADISELE,Botswana,10.19899039269484,1.7332079105893126,Biomass
0270,8.488329771334392,BOTSWANA_CENTRAL_SEROWE PALAPYE_RATHOLO,Botswana,10.286033877992454,1.7977041066580615,Biomass
0271,8.002413843499944,BOTSWANA_CENTRAL_SEROWE PALAPYE_SEHUNOU,Botswana,9.840204164505444,1.8377903210054995,Biomass
0272,9.226697418974315,BOTSWANA_CENTRAL_SEROWE PALAPYE_SEOLWANE,Botswana,11.025481248155629,1.798783829181314,Biomass
0273,7.0553949276993135,BOTSWANA_CENTRAL_SEROWE PALAPYE_SEROWE,Botswana,9.149895656816707,2.094500729117393,Biomass
0274,7.472088901565225,BOTSWANA_CENTRAL_SEROWE PALAPYE_SERULE,Botswana,9.423831971197478,1.9517430696322524,Biomass
0275,7.682831818252552,BOTSWANA_CENTRAL_SEROWE PALAPYE_TAMASANE,Botswana,9.528929917405112,1.8460980991525595,Biomass
0276,8.735909949253575,BOTSWANA_CENTRAL_SEROWE PALAPYE_THABALA,Botswana,10.640390228378191,1.9044802791246163,Biomass
0277,7.289675074417113,BOTSWANA_CENTRAL_SEROWE PALAPYE_TOPISI,Botswana,9.159692498929909,1.8700174245127954,Biomass
0278,7.205339934282342,BOTSWANA_CENTRAL_SEROWE PALAPYE_TSHIMOYAPULA,Botswana,9.098653008296765,1.893313074014423,Biomass
0279,7.782527328834033,BOTSWANA_CENTRAL_SEROWE PALAPYE_TULI,Botswana,9.584573350950333,1.8020460221162997,Biomass
0280,7.239481979651579,BOTSWANA_CENTRAL_TUTUME_BOROLONG,Botswana,9.419793610971904,2.1803116313203255,Biomass
0281,7.1687826789468465,BOTSWANA_CENTRAL_TUTUME_BOROTSI,Botswana,9.362137684826747,2.1933550058799005,Biomass
0282,7.326938930293619,BOTSWANA_CENTRAL_TUTUME_CHADIBE,Botswana,9.521341431044949,2.1944025007513295,Biomass
0283,6.8888003440688195,BOTSWANA_CENTRAL_TUTUME_CHANGATE,Botswana,9.344288182374989,2.455487838306169,Biomass
0284,7.079302247551534,BOTSWANA_CENTRAL_TUTUME_DAGWI,Botswana,9.604430238032913,2.525127990481379,Biomass
0285,6.58254180518082,BOTSWANA_CENTRAL_TUTUME_DUKWI,Botswana,8.889840122089973,2.3072983169091534,Biomass
0286,6.772932604293226,BOTSWANA_CENTRAL_TUTUME_GOSHWE,Botswana,9.138632455327675,2.3656998510344494,Biomass
0287,6.344276308197949,BOTSWANA_CENTRAL_TUTUME_GWETA,Botswana,9.20239268845453,2.8581163802565817,Biomass
0288,7.454820347283584,BOTSWANA_CENTRAL_TUTUME_JAMATAKA,Botswana,9.632347421834183,2.177527074550599,Biomass
0289,7.046359677152752,BOTSWANA_CENTRAL_TUTUME_KUTAMOGREE,Botswana,9.347337873035354,2.3009781958826014,Biomass
0290,6.660139955495961,BOTSWANA_CENTRAL_TUTUME_LEPASHE,Botswana,8.898234929956962,2.238094974461001,Biomass
0291,6.90685067316162,BOTSWANA_CENTRAL_TUTUME_MABESEKWA,Botswana,9.055981377494032,2.1491307043324115,Biomass
0292,7.044006671174336,BOTSWANA_CENTRAL_TUTUME_MAFONGO/HOBONA,Botswana,9.253448943229259,2.2094422720549227,Biomass
0293,6.850367712871812,BOTSWANA_CENTRAL_TUTUME_MAITENGWE,Botswana,9.355366149930228,2.5049984370584166,Biomass
0294,7.500049647592287,BOTSWANA_CENTRAL_TUTUME_MAKOBO,Botswana,9.688717473567706,2.1886678259754193,Biomass
0295,7.40169655735124,BOTSWANA_CENTRAL_TUTUME_MAKUTA,Botswana,9.681848948917814,2.280152391566574,Biomass
0296,7.380178408620001,BOTSWANA_CENTRAL_TUTUME_MANDUNYANE,Botswana,9.474476234501056,2.094297825881055,Biomass
0297,7.637435361002142,BOTSWANA_CENTRAL_TUTUME_MAPOSA,Botswana,10.29003673795166,2.6526013769495176,Biomass
0298,7.314240723148386,BOTSWANA_CENTRAL_TUTUME_MARAPONG,Botswana,9.567925652429796,2.25368492928141,Biomass
0299,7.126367857699954,BOTSWANA_CENTRAL_TUTUME_MAROBELA,Botswana,9.352151122311067,2.2257832646111133,Biomass
0300,7.3116525600989135,BOTSWANA_CENTRAL_TUTUME_MATHANGWANE,Botswana,9.523513349048415,2.211860788949501,Biomass
0301,7.181801398042375,BOTSWANA_CENTRAL_TUTUME_MATOBO,Botswana,9.51654141337131,2.3347400153289355,Biomass
0302,6.602283299604057,BOTSWANA_CENTRAL_TUTUME_MATSITAMA,Botswana,8.828814658350753,2.226531358746696,Biomass
0303,8.023305057153957,BOTSWANA_CENTRAL_TUTUME_MMANXOTAE,Botswana,10.706847765646334,2.683542708492377,Biomass
0304,6.716968101309337,BOTSWANA_CENTRAL_TUTUME_MMEYA,Botswana,8.957445307185436,2.2404772058760987,Biomass
0305,6.522219484693501,BOTSWANA_CENTRAL_TUTUME_MOKUBILO,Botswana,8.61752622302292,2.0953067383294197,Biomass
0306,6.512537482611393,BOTSWANA_CENTRAL_TUTUME_MOSETSE,Botswana,8.828345737707277,2.3158082550958845,Biomass
0307,7.291621521526965,BOTSWANA_CENTRAL_TUTUME_NATA,Botswana,9.766185453486598,2.474563931959633,Biomass
0308,7.331340742178426,BOTSWANA_CENTRAL_TUTUME_NATALE,Botswana,9.484974466793075,2.1536337246146484,Biomass
0309,6.883721208807644,BOTSWANA_CENTRAL_TUTUME_NKANGE,Botswana,9.320440096293389,2.4367188874857453,Biomass
0310,7.158036623570727,BOTSWANA_CENTRAL_TUTUME_NSHAKASHOKWE,Botswana,9.408126798992052,2.2500901754213256,Biomass
0311,7.175310651794339,BOTSWANA_CENTRAL_TUTUME_NSWAZWI,Botswana,9.449622217387539,2.2743115655932,Biomass
0312,7.205260055819903,BOTSWANA_CENTRAL_TUTUME_SEBINA,Botswana,9.446187381175319,2.2409273253554156,Biomass
0313,7.297363884955162,BOTSWANA_CENTRAL_TUTUME_SEMITWE,Botswana,9.523152552584001,2.225788667628839,Biomass
0314,7.263813415018004,BOTSWANA_CENTRAL_TUTUME_SENETE,Botswana,9.655608897478917,2.391795482460913,Biomass
0315,8.915595931661422,BOTSWANA_CENTRAL_TUTUME_SEPAKO,Botswana,11.828249032398624,2.9126531007372023,Biomass
0316,7.177569765897512,BOTSWANA_CENTRAL_TUTUME_SHASHE-MOOKE,Botswana,9.311414615570094,2.133844849672582,Biomass
0317,7.482312711483253,BOTSWANA_CENTRAL_TUTUME_SHASHE/SEMOTSWANE,Botswana,9.579387786977408,2.097075075494155,Biomass
0318,8.230115427611855,BOTSWANA_CENTRAL_TUTUME_TONOTA,Botswana,10.294944508828927,2.0648290812170718,Biomass
0319,9.501078138424461,BOTSWANA_CENTRAL_TUTUME_TSHOKATSHAA,Botswana,12.40781473288308,2.9067365944586196,Biomass
0320,7.477295635955926,BOTSWANA_CENTRAL_TUTUME_TUTUME,Botswana,9.870674983511332,2.393379347555406,Biomass
0321,7.583611603950424,BOTSWANA_CENTRAL_TUTUME_ZOROGA,Botswana,10.137787413830331,2.554175809879907,Biomass
0322,5.629790684895094,BOTSWANA_CHOBE_CHOBE_KACHIKAU,Botswana,11.77248421016579,6.142693525270695,Biomass
0323,5.352281691825362,BOTSWANA_CHOBE_CHOBE_KASANE,Botswana,11.234791623996646,5.882509932171284,Biomass
0324,5.15540511035594,BOTSWANA_CHOBE_CHOBE_KATABA,Botswana,9.85497908070574,4.699573970349799,Biomass
0325,5.310583649685329,BOTSWANA_CHOBE_CHOBE_KAVIMBA,Botswana,11.252558054820707,5.941974405135378,Biomass
0326,5.809604161594853,BOTSWANA_CHOBE_CHOBE_KAZUNGULA,Botswana,11.95756272257989,6.147958560985037,Biomass
0327,5.576154357017267,BOTSWANA_CHOBE_CHOBE_LESOMA,Botswana,11.434597203800074,5.858442846782807,Biomass
0328,5.579325281534136,BOTSWANA_CHOBE_CHOBE_MUCHINJE/MABELE,Botswana,11.99723164923336,6.417906367699223,Biomass
0329,5.180312879587674,BOTSWANA_CHOBE_CHOBE_NUMBER SEVEN,Botswana,10.055473101972538,4.8751602223848645,Biomass
0330,5.042275143687966,BOTSWANA_CHOBE_CHOBE_PANDAMATENGA,Botswana,8.933410298391264,3.8911351547032984,Biomass
0331,5.4697123386923785,BOTSWANA_CHOBE_CHOBE_PARAKARUNGU,Botswana,11.348360030907173,5.878647692214795,Biomass
0332,5.87864912957336,BOTSWANA_CHOBE_CHOBE_SATAU,Botswana,12.067494390564978,6.188845260991617,Biomass
0333,13.764992281015699,BOTSWANA_GABORONE_GABORONE_GABORONE,Botswana,15.210376083082675,1.445383802066976,Biomass
0334,4.469226988798511,BOTSWANA_GHANZI_CENTRAL KGALAGADI GAME RESERVE_CENTRAL KGALAGADI GAME RESERVE,Botswana,6.197528693185357,1.7283017043868458,Biomass
0335,4.090031924525206,BOTSWANA_GHANZI_GHANZI_B. VISSER,Botswana,5.97965330437176,1.8896213798465533,Biomass
0336,4.1756205865748335,BOTSWANA_GHANZI_GHANZI_BERE,Botswana,5.668202916190757,1.4925823296159235,Biomass
0337,3.7120977995468154,BOTSWANA_GHANZI_GHANZI_CHARLES HILL,Botswana,4.9876894250053985,1.275591625458583,Biomass
0338,4.0664404016496505,BOTSWANA_GHANZI_GHANZI_CHARLES SHELDON,Botswana,5.797886505530005,1.7314461038803541,Biomass
0339,3.955534189792683,BOTSWANA_GHANZI_GHANZI_CHOBOKWANE,Botswana,5.311028932920914,1.3554947431282311,Biomass
0340,3.9713587367476046,BOTSWANA_GHANZI_GHANZI_DECT ETIN,Botswana,5.768833173807655,1.7974744370600506,Biomass
0341,3.9137467081508355,BOTSWANA_GHANZI_GHANZI_DEKAR,Botswana,5.761456716828302,1.847710008677467,Biomass
0342,4.006810312681109,BOTSWANA_GHANZI_GHANZI_EAST HANAHAI,Botswana,5.561394349781142,1.5545840371000326,Biomass
0343,4.126734611780241,BOTSWANA_GHANZI_GHANZI_GHANZI,Botswana,5.856217090809013,1.7294824790287722,Biomass
0344,3.926875282830629,BOTSWANA_GHANZI_GHANZI_GROOTE LAAGTE,Botswana,5.831723313926917,1.9048480310962876,Biomass
0345,3.5700729840564986,BOTSWANA_GHANZI_GHANZI_HANS METZLER,Botswana,4.906708825238572,1.3366358411820731,Biomass
0346,3.5948930420943452,BOTSWANA_GHANZI_GHANZI_J. RANSALL,Botswana,4.975127259125484,1.380234217031139,Biomass
0347,4.115710291727576,BOTSWANA_GHANZI_GHANZI_JANKI JANKI,Botswana,5.438705357031015,1.3229950653034388,Biomass
0348,4.041963252212201,BOTSWANA_GHANZI_GHANZI_JERUNG,Botswana,5.7315360248826375,1.6895727726704362,Biomass
0349,4.3074418825120855,BOTSWANA_GHANZI_GHANZI_JOHN FARM,Botswana,6.288929790390402,1.981487907878316,Biomass
0350,4.178811259976422,BOTSWANA_GHANZI_GHANZI_KACGAE,Botswana,5.679347282260782,1.5005360222843596,Biomass
0351,3.634882099701062,BOTSWANA_GHANZI_GHANZI_KARAKOBIS,Botswana,5.064148144872373,1.4292660451713113,Biomass
0352,3.9262029954491835,BOTSWANA_GHANZI_GHANZI_KULE,Botswana,5.087282350912751,1.1610793554635679,Biomass
0353,3.923575073594984,BOTSWANA_GHANZI_GHANZI_MAGONO MAGONO,Botswana,5.132159430870507,1.208584357275523,Biomass
0354,4.203871693035743,BOTSWANA_GHANZI_GHANZI_MAKUNDA,Botswana,5.488767064211886,1.2848953711761428,Biomass
0355,3.9558998867161694,BOTSWANA_GHANZI_GHANZI_MASIRE'S FARM,Botswana,5.512402802960096,1.556502916243927,Biomass
0356,3.8891304320758566,BOTSWANA_GHANZI_GHANZI_NCOJANE,Botswana,5.023108652416951,1.1339782203410946,Biomass
0357,4.000337410756607,BOTSWANA_GHANZI_GHANZI_NEW XADE,Botswana,5.607797486798534,1.6074600760419262,Biomass
0358,3.7420061470502097,BOTSWANA_GHANZI_GHANZI_NEW XANAGAS,Botswana,5.038155016829344,1.2961488697791341,Biomass
0359,3.7722836267055024,BOTSWANA_GHANZI_GHANZI_QABO,Botswana,5.952862672898462,2.1805790461929595,Biomass
0360,3.711780883473698,BOTSWANA_GHANZI_GHANZI_TSOOTSHA,Botswana,5.168059833417213,1.4562789499435151,Biomass
0361,3.986039218945292,BOTSWANA_GHANZI_GHANZI_WEST HANAHAI,Botswana,5.514063754058293,1.5280245351130013,Biomass
0362,8.222211136833929,BOTSWANA_JWANENG_JWANENG_JWANENG,Botswana,9.661030053118843,1.438818916284914,Biomass
0363,4.250513270615787,BOTSWANA_KGALAGADI_KGALAGADI NORTH_HUKUNTSI,Botswana,5.531451998554022,1.280938727938235,Biomass
0364,4.276961976412636,BOTSWANA_KGALAGADI_KGALAGADI NORTH_HUNHUKWE,Botswana,5.662014932070361,1.3850529556577253,Biomass
0365,4.876732320641301,BOTSWANA_KGALAGADI_KGALAGADI NORTH_INALEGOLO,Botswana,6.334752995580033,1.4580206749387319,Biomass
0366,4.425916671196605,BOTSWANA_KGALAGADI_KGALAGADI NORTH_KANG,Botswana,5.992181964103915,1.5662652929073104,Biomass
0367,4.361465399237402,BOTSWANA_KGALAGADI_KGALAGADI NORTH_LEHUTUTU,Botswana,5.749626289075746,1.3881608898383435,Biomass
0368,4.322302366873347,BOTSWANA_KGALAGADI_KGALAGADI NORTH_LOKGWABE,Botswana,5.578190915630181,1.2558885487568334,Biomass
0369,4.364732843749179,BOTSWANA_KGALAGADI_KGALAGADI NORTH_MAKE,Botswana,5.80466286031278,1.4399300165636006,Biomass
0370,4.178003804052007,BOTSWANA_KGALAGADI_KGALAGADI NORTH_MONONG,Botswana,5.6475681075267445,1.4695643034747379,Biomass
0371,4.144172827838526,BOTSWANA_KGALAGADI_KGALAGADI NORTH_NCAANG,Botswana,5.568637016005214,1.424464188166688,Biomass
0372,4.033078696568566,BOTSWANA_KGALAGADI_KGALAGADI NORTH_NGWATLE,Botswana,5.6347780506910325,1.6016993541224664,Biomass
0373,4.616617226968966,BOTSWANA_KGALAGADI_KGALAGADI NORTH_PHUDUHUDU,Botswana,6.198061490173298,1.5814442632043324,Biomass
0374,4.36989988585406,BOTSWANA_KGALAGADI_KGALAGADI NORTH_TSHANE,Botswana,5.705616955290862,1.3357170694368028,Biomass
0375,4.384407382951276,BOTSWANA_KGALAGADI_KGALAGADI NORTH_UKWI,Botswana,5.760782157060336,1.3763747741090597,Biomass
0376,4.112206127241552,BOTSWANA_KGALAGADI_KGALAGADI NORTH_ZUTSWA,Botswana,5.210416755824043,1.0982106285824909,Biomass
0377,5.609778826391447,BOTSWANA_KGALAGADI_KGALAGADI SOUTH_BOGOGOBO,Botswana,6.434629360790501,0.8248505343990535,Biomass
0378,4.557402611491217,BOTSWANA_KGALAGADI_KGALAGADI SOUTH_BOKSPITS,Botswana,5.451795446109644,0.8943928346184267,Biomass
0379,8.652439235741177,BOTSWANA_KGALAGADI_KGALAGADI SOUTH_BRAY,Botswana,9.931042663323112,1.2786034275819347,Biomass
0380,5.176255806526442,BOTSWANA_KGALAGADI_KGALAGADI SOUTH_GACHIBANA,Botswana,5.919509961037872,0.7432541545114297,Biomass
0381,5.791169045438355,BOTSWANA_KGALAGADI_KGALAGADI SOUTH_KHISA,Botswana,6.874386140663537,1.0832170952251818,Biomass
0382,5.638505344376544,BOTSWANA_KGALAGADI_KGALAGADI SOUTH_KHUIS,Botswana,6.454955770260421,0.8164504258838772,Biomass
0383,4.790269401405343,BOTSWANA_KGALAGADI_KGALAGADI SOUTH_KHWAWA,Botswana,5.60782398185093,0.817554580445587,Biomass
0384,6.138486147952046,BOTSWANA_KGALAGADI_KGALAGADI SOUTH_KOKOTSHA,Botswana,7.634399071974548,1.4959129240225026,Biomass
0385,5.567385132833943,BOTSWANA_KGALAGADI_KGALAGADI SOUTH_KOLONKWANE,Botswana,6.412933718308473,0.8455485854745302,Biomass
0386,6.088995093515637,BOTSWANA_KGALAGADI_KGALAGADI SOUTH_MAKOPONG,Botswana,7.401811721592777,1.3128166280771403,Biomass
0387,5.851221591924083,BOTSWANA_KGALAGADI_KGALAGADI SOUTH_MALESHE,Botswana,6.871729678916527,1.0205080869924439,Biomass
0388,5.920793449736175,BOTSWANA_KGALAGADI_KGALAGADI SOUTH_MARALALENG,Botswana,6.968121255102781,1.0473278053666055,Biomass
0389,5.109998417898259,BOTSWANA_KGALAGADI_KGALAGADI SOUTH_MAUBELO,Botswana,6.232031271559815,1.1220328536615556,Biomass
0390,5.622157946911137,BOTSWANA_KGALAGADI_KGALAGADI SOUTH_MIDDLEPITS,Botswana,6.442908944873287,0.8207509979621506,Biomass
0391,7.398972367998377,BOTSWANA_KGALAGADI_KGALAGADI SOUTH_MOLOPO FARMS,Botswana,8.691935542892505,1.292963174894128,Biomass
0392,5.873106820613861,BOTSWANA_KGALAGADI_KGALAGADI SOUTH_OMAWENENO,Botswana,6.91804645891937,1.0449396383055092,Biomass
0393,5.763251507700909,BOTSWANA_KGALAGADI_KGALAGADI SOUTH_PHEPHENG/DRAAIHOEK,Botswana,6.98515632117956,1.221904813478651,Biomass
0394,4.7393139255639465,BOTSWANA_KGALAGADI_KGALAGADI SOUTH_RAPPLES PAN,Botswana,5.474193251787387,0.7348793262234405,Biomass
0395,4.167770633147367,BOTSWANA_KGALAGADI_KGALAGADI SOUTH_STRUIZENDAM,Botswana,4.865890507170356,0.6981198740229884,Biomass
0396,6.242684098178252,BOTSWANA_KGALAGADI_KGALAGADI SOUTH_TSABONG,Botswana,7.223751681412747,0.9810675832344948,Biomass
0397,4.532626140209847,BOTSWANA_KGALAGADI_KGALAGADI SOUTH_VAALHOEK,Botswana,5.258225493403752,0.7255993531939051,Biomass
0398,5.8522437280058766,BOTSWANA_KGALAGADI_KGALAGADI SOUTH_WERDA,Botswana,7.199520075251445,1.3472763472455682,Biomass
0399,10.587560331336693,BOTSWANA_KGATLENG_KGATLENG_ARTISIA,Botswana,12.119705103552137,1.5321447722154442,Biomass
0400,11.930644304662742,BOTSWANA_KGATLENG_KGATLENG_BOKAA,Botswana,13.386612558461747,1.4559682537990053,Biomass
0401,9.85828126424052,BOTSWANA_KGATLENG_KGATLENG_DIKGONNYE,Botswana,11.359064331108495,1.5007830668679745,Biomass
0402,12.593410241940555,BOTSWANA_KGATLENG_KGATLENG_DIKWIDIDI,Botswana,14.088322259155053,1.4949120172144976,Biomass
0403,9.809657467433345,BOTSWANA_KGATLENG_KGATLENG_KGOMODIATSHABA,Botswana,11.347380375314131,1.5377229078807861,Biomass
0404,8.776736134778776,BOTSWANA_KGATLENG_KGATLENG_KHURUTSHE,Botswana,10.346582217463695,1.5698460826849185,Biomass
0405,9.785643509030832,BOTSWANA_KGATLENG_KGATLENG_LESHIBITSE,Botswana,11.360559835995897,1.5749163269650648,Biomass
0406,12.886872878188374,BOTSWANA_KGATLENG_KGATLENG_MABALANE,Botswana,14.40802729705913,1.521154418870756,Biomass
0407,12.443833672097082,BOTSWANA_KGATLENG_KGATLENG_MALOLWANE,Botswana,13.984197566844273,1.5403638947471912,Biomass
0408,11.168913422190993,BOTSWANA_KGATLENG_KGATLENG_MALOTWANA SIDING,Botswana,12.657622617128677,1.4887091949376838,Biomass
0409,12.585734245462383,BOTSWANA_KGATLENG_KGATLENG_MATEBELENG,Botswana,14.044184685324373,1.4584504398619895,Biomass
0410,13.228590640037917,BOTSWANA_KGATLENG_KGATLENG_MMATHUBUDUKWANE,Botswana,14.77940741480706,1.5508167747691441,Biomass
0411,11.478761642778023,BOTSWANA_KGATLENG_KGATLENG_MOCHUDI,Botswana,13.019396365591682,1.5406347228136585,Biomass
0412,12.844092766573034,BOTSWANA_KGATLENG_KGATLENG_MODIPANE,Botswana,14.330911802836702,1.4868190362636682,Biomass
0413,12.431805771415048,BOTSWANA_KGATLENG_KGATLENG_MORWA,Botswana,13.905699876436163,1.473894105021115,Biomass
0414,11.971862461789428,BOTSWANA_KGATLENG_KGATLENG_OLIPHANTS DRIFT,Botswana,13.552028355119651,1.5801658933302232,Biomass
0415,12.864715928167735,BOTSWANA_KGATLENG_KGATLENG_OODI,Botswana,14.34118284348611,1.4764669153183743,Biomass
0416,11.936824602821448,BOTSWANA_KGATLENG_KGATLENG_PILANE STATION,Botswana,13.415899047177607,1.4790744443561596,Biomass
0417,12.994310472623708,BOTSWANA_KGATLENG_KGATLENG_RAMONAKA,Botswana,14.552058797040395,1.5577483244166874,Biomass
0418,10.603059770182048,BOTSWANA_KGATLENG_KGATLENG_RAMOTLABAKI,Botswana,12.200154375862327,1.5970946056802795,Biomass
0419,10.793320200513373,BOTSWANA_KGATLENG_KGATLENG_RASESA,Botswana,12.263574768494475,1.4702545679811028,Biomass
0420,12.957058512903254,BOTSWANA_KGATLENG_KGATLENG_SIKWANE,Botswana,14.506755603139531,1.5496970902362772,Biomass
0421,16.145402761669807,BOTSWANA_KWENENG_KWENENG EAST_BDF MOGODITSHANE,Botswana,17.58432784570704,1.4389250840372334,Biomass
0422,8.128922424171048,BOTSWANA_KWENENG_KWENENG EAST_BOATLANAME,Botswana,9.722985212723962,1.5940627885529146,Biomass
0423,10.22940510760158,BOTSWANA_KWENENG_KWENENG EAST_DIKGATLHONG,Botswana,11.710695279727107,1.4812901721255258,Biomass
0424,10.286182687839561,BOTSWANA_KWENENG_KWENENG EAST_DITSHUKUDU,Botswana,11.75587904251001,1.4696963546704485,Biomass
0425,12.20179071558572,BOTSWANA_KWENENG_KWENENG EAST_GABANE,Botswana,13.632684058895085,1.430893343309366,Biomass
0426,10.72708653204713,BOTSWANA_KWENENG_KWENENG EAST_GAKGATLA,Botswana,12.163857390431374,1.4367708583842447,Biomass
0427,11.536481398769658,BOTSWANA_KWENENG_KWENENG EAST_GAKUTLO,Botswana,12.979950839475503,1.4434694407058455,Biomass
0428,10.906597893626364,BOTSWANA_KWENENG_KWENENG EAST_GAMODUBU,Botswana,12.341431223243866,1.4348333296175024,Biomass
0429,8.721688086653065,BOTSWANA_KWENENG_KWENENG EAST_HATSALATLADI,Botswana,10.228887743646562,1.507199656993496,Biomass
0430,10.426991878395548,BOTSWANA_KWENENG_KWENENG EAST_KGOPE,Botswana,11.896475353108547,1.469483474713,Biomass
0431,11.038133114263612,BOTSWANA_KWENENG_KWENENG EAST_KOPONG,Botswana,12.490424008288352,1.45229089402474,Biomass
0432,9.840410998933727,BOTSWANA_KWENENG_KWENENG EAST_KUBUNG,Botswana,11.254242727565794,1.4138317286320667,Biomass
0433,12.74177920585215,BOTSWANA_KWENENG_KWENENG EAST_KUMAKWANE,Botswana,14.169905477439237,1.428126271587086,Biomass
0434,8.410509350183288,BOTSWANA_KWENENG_KWENENG EAST_KWENENG,Botswana,9.950486491869956,1.539977141686668,Biomass
0435,9.841602044831994,BOTSWANA_KWENENG_KWENENG EAST_LENTSWELETAU,Botswana,11.33196864216245,1.4903665973304552,Biomass
0436,7.346386134147077,BOTSWANA_KWENENG_KWENENG EAST_LEOLOGANE,Botswana,8.968785965382255,1.6223998312351773,Biomass
0437,7.669527565012144,BOTSWANA_KWENENG_KWENENG EAST_LEPHEPHE,Botswana,9.290399606353418,1.6208720413412738,Biomass
0438,9.718496263328491,BOTSWANA_KWENENG_KWENENG EAST_LOSILAKGOKONG,Botswana,11.14378759803143,1.4252913347029388,Biomass
0439,9.861212191119872,BOTSWANA_KWENENG_KWENENG EAST_MAHETLWE,Botswana,11.335506175785873,1.4742939846660015,Biomass
0440,9.070805117722331,BOTSWANA_KWENENG_KWENENG EAST_MEDIE,Botswana,10.578407775562695,1.5076026578403638,Biomass
0441,14.457490253765394,BOTSWANA_KWENENG_KWENENG EAST_METSIMOTLHABE,Botswana,15.90083059741602,1.4433403436506254,Biomass
0442,12.0752920052588,BOTSWANA_KWENENG_KWENENG EAST_MMANKGODI,Botswana,13.476979394391332,1.4016873891325314,Biomass
0443,10.473586515125879,BOTSWANA_KWENENG_KWENENG EAST_MMANOKO,Botswana,11.920033982961286,1.446447467835407,Biomass
0444,12.386131102960526,BOTSWANA_KWENENG_KWENENG EAST_MMATSETA,Botswana,13.826195009999509,1.440063907038983,Biomass
0445,12.491910966726095,BOTSWANA_KWENENG_KWENENG EAST_MMOPANE,Botswana,13.935412678797409,1.4435017120713134,Biomass
0446,13.90846074644114,BOTSWANA_KWENENG_KWENENG EAST_MOGODITSHANE,Botswana,15.351678430816932,1.4432176843757922,Biomass
0447,9.494327431114884,BOTSWANA_KWENENG_KWENENG EAST_MOGONONO,Botswana,10.966412505592318,1.4720850744774339,Biomass
0448,14.001347688145897,BOTSWANA_KWENENG_KWENENG EAST_MOKOLODI,Botswana,15.43507260253238,1.4337249143864828,Biomass
0449,9.871926922316495,BOTSWANA_KWENENG_KWENENG EAST_MOLEPOLOLE,Botswana,11.323122904978156,1.4511959826616607,Biomass
0450,12.019081344322853,BOTSWANA_KWENENG_KWENENG EAST_RAMAPHATLE,Botswana,13.42569445514884,1.4066131108259867,Biomass
0451,7.632626215982031,BOTSWANA_KWENENG_KWENENG EAST_SHADISHADI,Botswana,9.228050523472067,1.5954243074900365,Biomass
0452,7.7032220022361155,BOTSWANA_KWENENG_KWENENG EAST_SOJWE,Botswana,9.31299588908369,1.6097738868475737,Biomass
0453,10.703759701236605,BOTSWANA_KWENENG_KWENENG EAST_THAMAGA,Botswana,12.120487423214968,1.4167277219783632,Biomass
0454,12.241517561417218,BOTSWANA_KWENENG_KWENENG EAST_TLOANENG,Botswana,13.666641874062268,1.4251243126450497,Biomass
0455,7.8105798765421035,BOTSWANA_KWENENG_KWENENG WEST_BOTLHAPATLOU,Botswana,9.349597912504578,1.5390180359624743,Biomass
0456,7.221128768058409,BOTSWANA_KWENENG_KWENENG WEST_DIPHUDUHUDU,Botswana,8.867156145325044,1.646027377266635,Biomass
0457,7.946490895717992,BOTSWANA_KWENENG_KWENENG WEST_DITSHEGWANE,Botswana,9.467280304099134,1.520789408381142,Biomass
0458,5.853588977960045,BOTSWANA_KWENENG_KWENENG WEST_DUTLWE,Botswana,8.162474998890538,2.308886020930493,Biomass
0459,5.358271620494193,BOTSWANA_KWENENG_KWENENG WEST_KAUDWANE,Botswana,6.961653015234014,1.603381394739821,Biomass
0460,6.945345872020008,BOTSWANA_KWENENG_KWENENG WEST_KHUDUMELAPYE,Botswana,8.56656492305731,1.6212190510373023,Biomass
0461,9.365694702112814,BOTSWANA_KWENENG_KWENENG WEST_KOTOLANAME,Botswana,10.831411817648137,1.4657171155353232,Biomass
0462,7.309022647736837,BOTSWANA_KWENENG_KWENENG WEST_LETLHAKENG,Botswana,8.860758110621067,1.5517354628842295,Biomass
0463,6.506128314145056,BOTSWANA_KWENENG_KWENENG WEST_MABOANE,Botswana,8.396587215820926,1.8904589016758697,Biomass
0464,8.282914466361595,BOTSWANA_KWENENG_KWENENG WEST_MALWELWE,Botswana,9.797793670273737,1.5148792039121428,Biomass
0465,7.969301190419012,BOTSWANA_KWENENG_KWENENG WEST_MANTSHWABISI,Botswana,9.493504984895242,1.5242037944762306,Biomass
0466,7.712239702293398,BOTSWANA_KWENENG_KWENENG WEST_MARATSHWANE,Botswana,9.278061920841026,1.5658222185476278,Biomass
0467,7.0007316457515865,BOTSWANA_KWENENG_KWENENG WEST_METSIBOTLHOKO,Botswana,8.659589816578668,1.6588581708270818,Biomass
0468,8.277764258667283,BOTSWANA_KWENENG_KWENENG WEST_MONWANE,Botswana,9.732433688246118,1.4546694295788356,Biomass
0469,8.51222246633712,BOTSWANA_KWENENG_KWENENG WEST_MOSHAWENG,Botswana,9.94737138450863,1.4351489181715102,Biomass
0470,5.292674305772348,BOTSWANA_KWENENG_KWENENG WEST_MOTOKWE,Botswana,7.666095641713447,2.3734213359410994,Biomass
0471,6.739340081261831,BOTSWANA_KWENENG_KWENENG WEST_NGWARE,Botswana,8.357831529811236,1.6184914485494044,Biomass
0472,5.773480812812591,BOTSWANA_KWENENG_KWENENG WEST_SALAJWE,Botswana,7.524598920197463,1.7511181073848725,Biomass
0473,8.267859642398255,BOTSWANA_KWENENG_KWENENG WEST_SERINANE,Botswana,9.756281283393577,1.4884216409953215,Biomass
0474,7.339402600066489,BOTSWANA_KWENENG_KWENENG WEST_SESUNG,Botswana,8.95219434773258,1.6127917476660905,Biomass
0475,6.1943783262772705,BOTSWANA_KWENENG_KWENENG WEST_SORILATHOLO,Botswana,7.834328604768743,1.6399502784914723,Biomass
0476,5.792347766905931,BOTSWANA_KWENENG_KWENENG WEST_TAKATOKWANE,Botswana,7.931527715262597,2.1391799483566656,Biomass
0477,8.58038356847166,BOTSWANA_KWENENG_KWENENG WEST_THEBEPHATSHWA,Botswana,10.08814880755591,1.5077652390842502,Biomass
0478,4.963855692261804,BOTSWANA_KWENENG_KWENENG WEST_TSETSENG,Botswana,7.686722381459111,2.722866689197307,Biomass
0479,5.293040856636515,BOTSWANA_KWENENG_KWENENG WEST_TSWAANE,Botswana,7.885029567909243,2.5919887112727276,Biomass
0480,13.313289914578966,BOTSWANA_LOBATSE_LOBATSE_LOBATSE,Botswana,14.725819428972432,1.4125295143934657,Biomass
0481,6.972402958913469,BOTSWANA_NORTH EAST_NORTH EAST_BOTALAOTE,Botswana,9.260720715291653,2.2883177563781834,Biomass
0482,7.534119425461812,BOTSWANA_NORTH EAST_NORTH EAST_BUTALE,Botswana,9.957120134964844,2.4230007095030324,Biomass
0483,7.5839545518255385,BOTSWANA_NORTH EAST_NORTH EAST_DITLADI,Botswana,9.781738089750544,2.1977835379250052,Biomass
0484,7.01118316760519,BOTSWANA_NORTH EAST_NORTH EAST_GAMBULE,Botswana,9.372890626408502,2.361707458803312,Biomass
0485,7.043919933223668,BOTSWANA_NORTH EAST_NORTH EAST_GULUBANE,Botswana,9.272712258001727,2.228792324778059,Biomass
0486,7.016892459547715,BOTSWANA_NORTH EAST_NORTH EAST_GUNGWE,Botswana,9.414136435919403,2.397243976371688,Biomass
0487,7.180466170861587,BOTSWANA_NORTH EAST_NORTH EAST_HASKINS FARM,Botswana,9.462684134013564,2.282217963151977,Biomass
0488,8.042952619469858,BOTSWANA_NORTH EAST_NORTH EAST_JACKALAS 1,Botswana,10.542930937701854,2.499978318231996,Biomass
0489,7.319210837097467,BOTSWANA_NORTH EAST_NORTH EAST_JACKALAS 2,Botswana,9.641126713056533,2.321915875959066,Biomass
0490,7.477567535794824,BOTSWANA_NORTH EAST_NORTH EAST_JOHANNES KACHEJOHN,Botswana,9.701436829091566,2.223869293296742,Biomass
0491,7.036884298541148,BOTSWANA_NORTH EAST_NORTH EAST_KALAKAMATI,Botswana,9.380466319980862,2.3435820214397136,Biomass
0492,7.750459976631033,BOTSWANA_NORTH EAST_NORTH EAST_KGARI,Botswana,10.1877663253541,2.4373063487230677,Biomass
0493,7.246505784339178,BOTSWANA_NORTH EAST_NORTH EAST_LETSHOLATHEBE,Botswana,9.555720573716147,2.30921478937697,Biomass
0494,7.36504695176575,BOTSWANA_NORTH EAST_NORTH EAST_MABUDZANE,Botswana,9.684652351077045,2.3196053993112944,Biomass
0495,6.962905505460132,BOTSWANA_NORTH EAST_NORTH EAST_MAKALENG,Botswana,9.22432729057753,2.261421785117399,Biomass
0496,7.0562969451875,BOTSWANA_NORTH EAST_NORTH EAST_MAMBO,Botswana,9.33331951426267,2.277022569075169,Biomass
0497,8.020289935154477,BOTSWANA_NORTH EAST_NORTH EAST_MAPOKA,Botswana,10.511553837800685,2.4912639026462085,Biomass
0498,7.0409315094398846,BOTSWANA_NORTH EAST_NORTH EAST_MASINGWANENG,Botswana,9.288946423196943,2.248014913757059,Biomass
0499,7.696438364121708,BOTSWANA_NORTH EAST_NORTH EAST_MASUKWANE,Botswana,10.135207742491978,2.438769378370271,Biomass
0500,7.505916771779675,BOTSWANA_NORTH EAST_NORTH EAST_MASUNGA,Botswana,9.87062532507517,2.364708553295496,Biomass
0501,7.104573254206135,BOTSWANA_NORTH EAST_NORTH EAST_MATENGE,Botswana,9.362045073020997,2.257471818814863,Biomass
0502,7.611475784634662,BOTSWANA_NORTH EAST_NORTH EAST_MATSHELAGABEDI,Botswana,9.875580232599638,2.264104447964977,Biomass
0503,7.666998654134114,BOTSWANA_NORTH EAST_NORTH EAST_MATSILOJE,Botswana,9.987251601125335,2.3202529469912205,Biomass
0504,6.99397289805185,BOTSWANA_NORTH EAST_NORTH EAST_MBALAMBI,Botswana,9.36774704793292,2.3737741498810694,Biomass
0505,8.054190515326697,BOTSWANA_NORTH EAST_NORTH EAST_MOROKA,Botswana,10.562953744344412,2.508763229017715,Biomass
0506,7.756499493777639,BOTSWANA_NORTH EAST_NORTH EAST_MOSOJANE,Botswana,10.187620406223768,2.4311209124461293,Biomass
0507,7.510659228699886,BOTSWANA_NORTH EAST_NORTH EAST_MOWANA,Botswana,9.865640809786544,2.3549815810866583,Biomass
0508,7.592370390198788,BOTSWANA_NORTH EAST_NORTH EAST_MULAMBAKWENA,Botswana,10.011930329796144,2.419559939597356,Biomass
0509,8.011891290926165,BOTSWANA_NORTH EAST_NORTH EAST_NLAKHWANE,Botswana,10.50222568511942,2.4903343941932548,Biomass
0510,7.6153861582715425,BOTSWANA_NORTH EAST_NORTH EAST_PATAYAMATEBELE,Botswana,9.816200521546893,2.2008143632753505,Biomass
0511,7.989625848190688,BOTSWANA_NORTH EAST_NORTH EAST_POLE,Botswana,10.433378725330586,2.4437528771398984,Biomass
0512,7.966383583508274,BOTSWANA_NORTH EAST_NORTH EAST_RAMOKGWEBANA,Botswana,10.427003319924141,2.4606197364158673,Biomass
0513,7.105625419120118,BOTSWANA_NORTH EAST_NORTH EAST_SECHELE,Botswana,9.379891554408804,2.274266135288686,Biomass
0514,7.036442353127999,BOTSWANA_NORTH EAST_NORTH EAST_SEKAKANGWE,Botswana,9.400961166550161,2.364518813422162,Biomass
0515,7.408205778457647,BOTSWANA_NORTH EAST_NORTH EAST_SENYAWE,Botswana,9.794763010321304,2.386557231863657,Biomass
0516,7.964278805040108,BOTSWANA_NORTH EAST_NORTH EAST_SHASHE BRIDGE,Botswana,10.130070859820837,2.165792054780729,Biomass
0517,7.458917293043882,BOTSWANA_NORTH EAST_NORTH EAST_SIVIYA,Botswana,9.81963465287083,2.360717359826948,Biomass
0518,7.685564998612987,BOTSWANA_NORTH EAST_NORTH EAST_TATI SIDING,Botswana,9.852175819849077,2.1666108212360893,Biomass
0519,7.445728743679026,BOTSWANA_NORTH EAST_NORTH EAST_THEMASHANGA,Botswana,9.808558559787603,2.362829816108577,Biomass
0520,6.869436113509985,BOTSWANA_NORTH EAST_NORTH EAST_TOTENG,Botswana,9.163542689485741,2.294106575975756,Biomass
0521,7.561724846494972,BOTSWANA_NORTH EAST_NORTH EAST_TSAMAYA,Botswana,9.907432480095306,2.345707633600334,Biomass
0522,7.597000254367738,BOTSWANA_NORTH EAST_NORTH EAST_TSHESEBE,Botswana,9.977979897089284,2.380979642721546,Biomass
0523,7.072930509031256,BOTSWANA_NORTH EAST_NORTH EAST_VUKWI,Botswana,9.422458963167324,2.3495284541360686,Biomass
0524,7.739314691119502,BOTSWANA_NORTH EAST_NORTH EAST_ZWENSHAMBE,Botswana,10.205440647919541,2.466125956800039,Biomass
0525,4.5514883152606265,BOTSWANA_NORTH WEST_NGAMILAND DELTA_NGAMILAND DELTA,Botswana,8.116949851562264,3.5654615363016378,Biomass
0526,4.172753967606945,BOTSWANA_NORTH WEST_NGAMILAND EAST_BODIBENG,Botswana,6.574484265914252,2.4017302983073074,Biomass
0527,4.245171671146615,BOTSWANA_NORTH WEST_NGAMILAND EAST_BOTLHATLOGO,Botswana,6.53566428154981,2.290492610403195,Biomass
0528,4.693713700482339,BOTSWANA_NORTH WEST_NGAMILAND EAST_CHANOGA,Botswana,7.338765561800238,2.6450518613178993,Biomass
0529,4.154814679519571,BOTSWANA_NORTH WEST_NGAMILAND EAST_HABU,Botswana,7.548387988123619,3.393573308604048,Biomass
0530,4.123650994549913,BOTSWANA_NORTH WEST_NGAMILAND EAST_KARENG,Botswana,6.366905195509777,2.243254200959864,Biomass
0531,4.17412200598739,BOTSWANA_NORTH WEST_NGAMILAND EAST_KGAKGE/MAKAKUNG,Botswana,6.574311034497566,2.4001890285101766,Biomass
0532,4.822282454600455,BOTSWANA_NORTH WEST_NGAMILAND EAST_KOMANA,Botswana,7.896917159904666,3.074634705304211,Biomass
0533,5.43163820692884,BOTSWANA_NORTH WEST_NGAMILAND EAST_MABABE,Botswana,9.164631039699557,3.7329928327707176,Biomass
0534,4.901086200359641,BOTSWANA_NORTH WEST_NGAMILAND EAST_MAKALAMABEDI,Botswana,7.287883291846722,2.3867970914870806,Biomass
0535,4.8005452144243925,BOTSWANA_NORTH WEST_NGAMILAND EAST_MATLAPANA,Botswana,7.757600781063134,2.9570555666387417,Biomass
0536,4.907659173205687,BOTSWANA_NORTH WEST_NGAMILAND EAST_MATSAUDI/SAKAPNAE,Botswana,7.816555428462895,2.9088962552572077,Biomass
0537,5.30342310488858,BOTSWANA_NORTH WEST_NGAMILAND EAST_MAUN,Botswana,8.568634934250161,3.265211829361581,Biomass
0538,6.638687131158271,BOTSWANA_NORTH WEST_NGAMILAND EAST_PHUDUHUDU,Botswana,9.538804710286158,2.900117579127887,Biomass
0539,5.8686108907608965,BOTSWANA_NORTH WEST_NGAMILAND EAST_SANKUYO,Botswana,9.431638505762606,3.56302761500171,Biomass
0540,4.1309782336479834,BOTSWANA_NORTH WEST_NGAMILAND EAST_SEHITHWA,Botswana,6.824703094960688,2.6937248613127043,Biomass
0541,4.195156085593914,BOTSWANA_NORTH WEST_NGAMILAND EAST_SEMBOYO,Botswana,6.800541174282511,2.605385088688597,Biomass
0542,4.79904820305685,BOTSWANA_NORTH WEST_NGAMILAND EAST_SHOROBE,Botswana,8.526787144804334,3.727738941747484,Biomass
0543,4.449109727710244,BOTSWANA_NORTH WEST_NGAMILAND EAST_TOTENG,Botswana,7.236766587301038,2.7876568595907942,Biomass
0544,4.226403252050153,BOTSWANA_NORTH WEST_NGAMILAND EAST_TSAO,Botswana,7.2083352309732955,2.981931978923143,Biomass
0545,4.514946594354675,BOTSWANA_NORTH WEST_NGAMILAND WEST_BEETSHA,Botswana,9.246148639466682,4.731202045112007,Biomass
0546,4.2318422926331385,BOTSWANA_NORTH WEST_NGAMILAND WEST_CHUKUMUCHU,Botswana,8.87414785646769,4.642305563834552,Biomass
0547,4.379204624347834,BOTSWANA_NORTH WEST_NGAMILAND WEST_ERETSHA,Botswana,8.32752523622101,3.948320611873176,Biomass
0548,4.749297257909573,BOTSWANA_NORTH WEST_NGAMILAND WEST_ETSHA 1,Botswana,10.978671602339677,6.229374344430104,Biomass
0549,4.742803484852501,BOTSWANA_NORTH WEST_NGAMILAND WEST_ETSHA 13,Botswana,9.821789732522806,5.078986247670305,Biomass
0550,4.8913444345307875,BOTSWANA_NORTH WEST_NGAMILAND WEST_ETSHA 6,Botswana,11.622337056515207,6.730992621984419,Biomass
0551,4.0811274685368195,BOTSWANA_NORTH WEST_NGAMILAND WEST_GANI,Botswana,9.864901854775743,5.783774386238924,Biomass
0552,4.419639305368525,BOTSWANA_NORTH WEST_NGAMILAND WEST_GONUTSUGA,Botswana,8.35549375512228,3.935854449753755,Biomass
0553,5.793162258445127,BOTSWANA_NORTH WEST_NGAMILAND WEST_GUDINGWA,Botswana,11.155474107494562,5.362311849049435,Biomass
0554,4.478866230155681,BOTSWANA_NORTH WEST_NGAMILAND WEST_GUMARE,Botswana,8.974158395899511,4.49529216574383,Biomass
0555,4.311563627825412,BOTSWANA_NORTH WEST_NGAMILAND WEST_IKOGA,Botswana,8.311561386007718,3.999997758182306,Biomass
0556,4.734350509444857,BOTSWANA_NORTH WEST_NGAMILAND WEST_KAJAJA,Botswana,9.19523035613911,4.460879846694253,Biomass
0557,4.604456741556251,BOTSWANA_NORTH WEST_NGAMILAND WEST_KAUXWHI,Botswana,9.519667434009119,4.915210692452868,Biomass
0558,3.9471081575947444,BOTSWANA_NORTH WEST_NGAMILAND WEST_MOGOMOTHO,Botswana,7.962464938830303,4.015356781235559,Biomass
0559,6.339766515543762,BOTSWANA_NORTH WEST_NGAMILAND WEST_MOHEMBO EAST,Botswana,13.586273528744346,7.246507013200584,Biomass
0560,4.797582471267866,BOTSWANA_NORTH WEST_NGAMILAND WEST_MOHEMBO WEST,Botswana,10.502759758679094,5.705177287411228,Biomass
0561,4.40107763724678,BOTSWANA_NORTH WEST_NGAMILAND WEST_MOKGACHA,Botswana,8.392618557753826,3.9915409205070462,Biomass
0562,4.347028754524989,BOTSWANA_NORTH WEST_NGAMILAND WEST_NGARANGE,Botswana,8.75010196017911,4.403073205654121,Biomass
0563,4.418943269189885,BOTSWANA_NORTH WEST_NGAMILAND WEST_NOKANENG,Botswana,8.002024552143004,3.5830812829531187,Biomass
0564,4.713901793951963,BOTSWANA_NORTH WEST_NGAMILAND WEST_NXAMASERE,Botswana,9.318840703574264,4.604938909622301,Biomass
0565,7.251476699059011,BOTSWANA_NORTH WEST_NGAMILAND WEST_NXAUNXAU,Botswana,16.351472241170164,9.099995542111152,Biomass
0566,4.53244533235727,BOTSWANA_NORTH WEST_NGAMILAND WEST_QANGWA,Botswana,8.839877720980727,4.307432388623457,Biomass
0567,5.093587454198848,BOTSWANA_NORTH WEST_NGAMILAND WEST_SAMOCHEMA,Botswana,10.313882717916073,5.220295263717225,Biomass
0568,3.9344484081428917,BOTSWANA_NORTH WEST_NGAMILAND WEST_SEKONDOMBORO,Botswana,8.34234172767895,4.407893319536058,Biomass
0569,4.628110710611094,BOTSWANA_NORTH WEST_NGAMILAND WEST_SEPOPA,Botswana,8.916483933151778,4.288373222540684,Biomass
0570,4.133482539158882,BOTSWANA_NORTH WEST_NGAMILAND WEST_SERONGA,Botswana,8.05040912585245,3.9169265866935685,Biomass
0571,4.957521518000017,BOTSWANA_NORTH WEST_NGAMILAND WEST_SHAKAWE,Botswana,10.512194339130252,5.554672821130235,Biomass
0572,4.6291371361688105,BOTSWANA_NORTH WEST_NGAMILAND WEST_TUBU,Botswana,9.297165055199647,4.668027919030837,Biomass
0573,5.033218409344873,BOTSWANA_NORTH WEST_NGAMILAND WEST_XAKAO,Botswana,10.084709220399986,5.051490811055113,Biomass
0574,3.6244382122768317,BOTSWANA_NORTH WEST_NGAMILAND WEST_XAXA,Botswana,6.301454336808741,2.677016124531909,Biomass
0575,4.823436204361947,BOTSWANA_NORTH WEST_NGAMILAND WEST_XHAUGA,Botswana,9.56877074497391,4.745334540611964,Biomass
0576,5.873902447750279,BOTSWANA_ORAPA_ORAPA_ORAPA,Botswana,7.99920819483571,2.125305747085431,Biomass
0577,7.925730552070111,BOTSWANA_SELIBE PHIKWE_SELIBE PHIKWE_SELIBE PHIKWE,Botswana,9.940558521389221,2.01482796931911,Biomass
0578,13.254339872743605,BOTSWANA_SOUTH EAST_SOUTH EAST_DOORN LAAGTE,Botswana,14.65934490483709,1.4050050320934844,Biomass
0579,13.20157505942091,BOTSWANA_SOUTH EAST_SOUTH EAST_HILDAVALE,Botswana,14.582611240885994,1.3810361814650847,Biomass
0580,12.860860497005655,BOTSWANA_SOUTH EAST_SOUTH EAST_LOBATSE ESTATES,Botswana,14.277651284580568,1.4167907875749126,Biomass
0581,12.634871601148937,BOTSWANA_SOUTH EAST_SOUTH EAST_MOGOBANE,Botswana,14.056573405598831,1.421701804449894,Biomass
0582,12.84696697740366,BOTSWANA_SOUTH EAST_SOUTH EAST_OTSE,Botswana,14.277749534514687,1.4307825571110264,Biomass
0583,12.74080426234224,BOTSWANA_SOUTH EAST_SOUTH EAST_RAMOTSWA,Botswana,14.173867288759011,1.4330630264167716,Biomass
0584,12.891071167091102,BOTSWANA_SOUTH EAST_SOUTH EAST_RAMOTSWA STATION/TAUNG,Botswana,14.326615891616864,1.4355447245257622,Biomass
0585,12.929763743883308,BOTSWANA_SOUTH EAST_SOUTH EAST_TLOKWENG,Botswana,14.385293999498652,1.4555302556153435,Biomass
0586,13.137434007690231,BOTSWANA_SOUTHERN_BAROLONG_BETHEL,Botswana,14.502360616110701,1.36492660842047,Biomass
0587,12.752332074956387,BOTSWANA_SOUTHERN_BAROLONG_BOROBADILEPE,Botswana,14.109637197623828,1.3573051226674409,Biomass
0588,12.873461492157057,BOTSWANA_SOUTHERN_BAROLONG_DIGAWANA,Botswana,14.245217318260567,1.3717558261035094,Biomass
0589,10.450484113072898,BOTSWANA_SOUTHERN_BAROLONG_DIKHUKHUNG,Botswana,11.659513085547514,1.2090289724746164,Biomass
0590,13.342426253374883,BOTSWANA_SOUTHERN_BAROLONG_DINATSHANA,Botswana,14.712275213211395,1.3698489598365118,Biomass
0591,12.07352130237671,BOTSWANA_SOUTHERN_BAROLONG_DITLHARAPA,Botswana,13.391165463199133,1.3176441608224234,Biomass
0592,12.833302757552595,BOTSWANA_SOUTHERN_BAROLONG_GAMAJALELA,Botswana,14.16363150366049,1.3303287461078952,Biomass
0593,12.88490905593373,BOTSWANA_SOUTHERN_BAROLONG_GATHWANE,Botswana,14.248254395954215,1.3633453400204854,Biomass
0594,12.733924861902752,BOTSWANA_SOUTHERN_BAROLONG_GOOD HOPE,Botswana,14.065234634516202,1.3313097726134497,Biomass
0595,12.701839557299852,BOTSWANA_SOUTHERN_BAROLONG_HEBRON,Botswana,14.065119532858454,1.3632799755586014,Biomass
0596,11.588837909048046,BOTSWANA_SOUTHERN_BAROLONG_KANGWE,Botswana,12.854176547640995,1.265338638592949,Biomass
0597,12.976108051751186,BOTSWANA_SOUTHERN_BAROLONG_KGORO,Botswana,14.328569600973173,1.352461549221987,Biomass
0598,12.987167449073441,BOTSWANA_SOUTHERN_BAROLONG_LEJWANA,Botswana,14.356818099419002,1.3696506503455605,Biomass
0599,10.758312650191595,BOTSWANA_SOUTHERN_BAROLONG_LEPORUNG,Botswana,11.987361647529987,1.229048997338392,Biomass
0600,12.547076149927758,BOTSWANA_SOUTHERN_BAROLONG_LOGAGANE,Botswana,13.897115186451087,1.350039036523329,Biomass
0601,12.592915197007354,BOTSWANA_SOUTHERN_BAROLONG_LORWANA,Botswana,13.954321420420456,1.361406223413102,Biomass
0602,9.633640370184668,BOTSWANA_SOUTHERN_BAROLONG_MABULE,Botswana,10.820797646986334,1.1871572768016652,Biomass
0603,13.002770204055336,BOTSWANA_SOUTHERN_BAROLONG_MADINGWANA,Botswana,14.366472911503244,1.3637027074479082,Biomass
0604,11.515289707343415,BOTSWANA_SOUTHERN_BAROLONG_MAGORIAPITSE,Botswana,12.813047310389097,1.2977576030456817,Biomass
0605,12.992231487371345,BOTSWANA_SOUTHERN_BAROLONG_MAKOKWE,Botswana,14.352352393651618,1.3601209062802724,Biomass
0606,12.912132326835433,BOTSWANA_SOUTHERN_BAROLONG_MALOKAGANYANE,Botswana,14.270791945963268,1.3586596191278346,Biomass
0607,12.4850140302853,BOTSWANA_SOUTHERN_BAROLONG_MAROJANE,Botswana,13.832181221706024,1.3471671914207253,Biomass
0608,11.700167741934585,BOTSWANA_SOUTHERN_BAROLONG_METLOBO,Botswana,12.97142067662262,1.2712529346880341,Biomass
0609,12.440194288171547,BOTSWANA_SOUTHERN_BAROLONG_METLOJANE,Botswana,13.777233442460533,1.337039154288986,Biomass
0610,10.224488458704336,BOTSWANA_SOUTHERN_BAROLONG_MMAKGORI,Botswana,11.421454359700837,1.196965900996501,Biomass
0611,11.25301766444379,BOTSWANA_SOUTHERN_BAROLONG_MMATHETHE,Botswana,12.531398185333664,1.2783805208898738,Biomass
0612,12.510057232644195,BOTSWANA_SOUTHERN_BAROLONG_MOGOJOGOJO,Botswana,13.868200660801826,1.3581434281576303,Biomass
0613,12.210522357793845,BOTSWANA_SOUTHERN_BAROLONG_MOGWALALE,Botswana,13.533477594593204,1.3229552367993591,Biomass
0614,11.902637127985335,BOTSWANA_SOUTHERN_BAROLONG_MOKATAKO,Botswana,13.191982317843408,1.2893451898580732,Biomass
0615,11.488454610668546,BOTSWANA_SOUTHERN_BAROLONG_MOKGOMANE,Botswana,12.7670503821645,1.2785957714959544,Biomass
0616,12.398884894179767,BOTSWANA_SOUTHERN_BAROLONG_MOLETE,Botswana,13.763881415481709,1.3649965213019417,Biomass
0617,12.139066887077815,BOTSWANA_SOUTHERN_BAROLONG_MOTSENTSHE,Botswana,13.455885654680547,1.3168187676027312,Biomass
0618,11.184687142962343,BOTSWANA_SOUTHERN_BAROLONG_MUSI,Botswana,12.429486917147367,1.244799774185024,Biomass
0619,13.259843656762726,BOTSWANA_SOUTHERN_BAROLONG_NGWATSAU,Botswana,14.636441921784298,1.3765982650215722,Biomass
0620,13.18948617343369,BOTSWANA_SOUTHERN_BAROLONG_PAPATLO,Botswana,14.550705415839918,1.3612192424062286,Biomass
0621,12.719865558852794,BOTSWANA_SOUTHERN_BAROLONG_PHIHITSHWANE,Botswana,14.081547545078358,1.3616819862255642,Biomass
0622,13.228538653345026,BOTSWANA_SOUTHERN_BAROLONG_PITSANA-POTOKWE,Botswana,14.600512234302442,1.371973580957416,Biomass
0623,13.342833151072885,BOTSWANA_SOUTHERN_BAROLONG_PITSANE SIDING,Botswana,14.719715346387321,1.3768821953144368,Biomass
0624,11.536811091388207,BOTSWANA_SOUTHERN_BAROLONG_PITSHANE MOLOPO,Botswana,12.797001736061446,1.260190644673239,Biomass
0625,13.186231602742737,BOTSWANA_SOUTHERN_BAROLONG_RAKHUNA,Botswana,14.56471371459375,1.3784821118510138,Biomass
0626,13.14825155032769,BOTSWANA_SOUTHERN_BAROLONG_RAMATLABAMA,Botswana,14.51803093297601,1.3697793826483213,Biomass
0627,11.618545570923649,BOTSWANA_SOUTHERN_BAROLONG_SEDIBENG,Botswana,12.887585721764163,1.2690401508405138,Biomass
0628,9.155402817616134,BOTSWANA_SOUTHERN_BAROLONG_SEKHUTLANE,Botswana,10.373589910019529,1.2181870924033955,Biomass
0629,13.068358567711233,BOTSWANA_SOUTHERN_BAROLONG_SHEEP FARM,Botswana,14.430628653963062,1.3622700862518293,Biomass
0630,13.411498388816515,BOTSWANA_SOUTHERN_BAROLONG_TLHARESELEELE,Botswana,14.797240347201738,1.385741958385223,Biomass
0631,9.932293439122711,BOTSWANA_SOUTHERN_BAROLONG_TSHIDILAMOLOMO,Botswana,11.130410075426333,1.198116636303622,Biomass
0632,10.642663287315328,BOTSWANA_SOUTHERN_BAROLONG_TSWAANENG,Botswana,11.877224248613102,1.234560961297774,Biomass
0633,12.241429793260602,BOTSWANA_SOUTHERN_BAROLONG_TSWAGARE/LOTHOJE/LOKALANA,Botswana,13.586313845083394,1.3448840518227918,Biomass
0634,11.847101528346487,BOTSWANA_SOUTHERN_BAROLONG_TSWANYANENG,Botswana,13.165608358296868,1.3185068299503815,Biomass
0635,6.730498168929497,BOTSWANA_SOUTHERN_NGWAKETSE WEST_ITHOLOKE,Botswana,8.584167800902335,1.8536696319728385,Biomass
0636,5.559551435863422,BOTSWANA_SOUTHERN_NGWAKETSE WEST_KANAKU,Botswana,7.481417057507349,1.921865621643927,Biomass
0637,6.431655649828893,BOTSWANA_SOUTHERN_NGWAKETSE WEST_KENG,Botswana,8.17116012652495,1.7395044766960561,Biomass
0638,6.0235215579406445,BOTSWANA_SOUTHERN_NGWAKETSE WEST_KHAKHEA,Botswana,7.713369031375569,1.6898474734349245,Biomass
0639,6.308912418319204,BOTSWANA_SOUTHERN_NGWAKETSE WEST_KHONKHWA,Botswana,8.170768359029282,1.861855940710078,Biomass
0640,5.40136921538028,BOTSWANA_SOUTHERN_NGWAKETSE WEST_KOKONG,Botswana,7.207419446490985,1.8060502311107056,Biomass
0641,6.407844132869413,BOTSWANA_SOUTHERN_NGWAKETSE WEST_KUTUKU,Botswana,8.258302074247018,1.8504579413776048,Biomass
0642,6.046703438450851,BOTSWANA_SOUTHERN_NGWAKETSE WEST_MABUTSANE,Botswana,7.8463178509020945,1.7996144124512439,Biomass
0643,6.47194145556741,BOTSWANA_SOUTHERN_NGWAKETSE WEST_MAHOTSHWANE,Botswana,8.419582842060608,1.9476413864931983,Biomass
0644,5.22043977555124,BOTSWANA_SOUTHERN_NGWAKETSE WEST_MORWAMOSU,Botswana,7.192686812815284,1.9722470372640437,Biomass
0645,6.574846746420564,BOTSWANA_SOUTHERN_NGWAKETSE WEST_SEKOMA,Botswana,8.304240137188739,1.7293933907681742,Biomass
0646,8.97911609813808,BOTSWANA_SOUTHERN_SOUTHERN_BETESANKWE,Botswana,10.378618615441324,1.3995025173032438,Biomass
0647,11.954505407422866,BOTSWANA_SOUTHERN_SOUTHERN_DIABO,Botswana,13.28535833742372,1.3308529300008534,Biomass
0648,12.600998395572123,BOTSWANA_SOUTHERN_SOUTHERN_DIPOTSANA,Botswana,13.95469905453411,1.353700658961987,Biomass
0649,9.686657221444912,BOTSWANA_SOUTHERN_SOUTHERN_GASITA,Botswana,10.961033924223628,1.2743767027787154,Biomass
0650,11.169956883468235,BOTSWANA_SOUTHERN_SOUTHERN_KANYE,Botswana,12.512694574883248,1.3427376914150138,Biomass
0651,12.537700040173215,BOTSWANA_SOUTHERN_SOUTHERN_KGOMOKASITWA,Botswana,13.933173048456311,1.395473008283096,Biomass
0652,8.60623423800449,BOTSWANA_SOUTHERN_SOUTHERN_LEFOKO,Botswana,9.966066633240935,1.3598323952364453,Biomass
0653,12.135619424396324,BOTSWANA_SOUTHERN_SOUTHERN_LEKGOLOBOTLO,Botswana,13.532846921531938,1.3972274971356136,Biomass
0654,8.805285131189205,BOTSWANA_SOUTHERN_SOUTHERN_LOROLWANA,Botswana,10.064250381284301,1.2589652500950965,Biomass
0655,11.948485050531888,BOTSWANA_SOUTHERN_SOUTHERN_LOTLHAKANE,Botswana,13.310820579951642,1.362335529419754,Biomass
0656,10.26018860364993,BOTSWANA_SOUTHERN_SOUTHERN_LOTLHAKANE WEST,Botswana,11.63645933988067,1.3762707362307403,Biomass
0657,12.587284206914658,BOTSWANA_SOUTHERN_SOUTHERN_MAGOTLHWANE,Botswana,13.983020840145421,1.3957366332307632,Biomass
0658,11.915977214223552,BOTSWANA_SOUTHERN_SOUTHERN_MANYANA,Botswana,13.316919163804378,1.400941949580826,Biomass
0659,8.861545336006799,BOTSWANA_SOUTHERN_SOUTHERN_MAOKANE,Botswana,10.165463421625864,1.303918085619065,Biomass
0660,12.307920236651768,BOTSWANA_SOUTHERN_SOUTHERN_MOGONYE,Botswana,13.72225385823692,1.4143336215851523,Biomass
0661,7.946609131914677,BOTSWANA_SOUTHERN_SOUTHERN_MOKHOMBA,Botswana,9.358771404176407,1.41216227226173,Biomass
0662,12.575296108624396,BOTSWANA_SOUTHERN_SOUTHERN_MOLAPOWABOJANG,Botswana,13.949843397567012,1.3745472889426154,Biomass
0663,10.060422516977292,BOTSWANA_SOUTHERN_SOUTHERN_MOSHANENG,Botswana,11.407141374162096,1.346718857184804,Biomass
0664,11.012143856095651,BOTSWANA_SOUTHERN_SOUTHERN_MOSHUPA,Botswana,12.402402525711326,1.3902586696156742,Biomass
0665,12.097334671245825,BOTSWANA_SOUTHERN_SOUTHERN_NTLHANTLHE,Botswana,13.479123408318857,1.3817887370730322,Biomass
0666,9.14969250924444,BOTSWANA_SOUTHERN_SOUTHERN_PITSENG,Botswana,10.5469100812037,1.3972175719592599,Biomass
0667,9.309920610794359,BOTSWANA_SOUTHERN_SOUTHERN_RALEKGETHO,Botswana,10.703268811428678,1.3933482006343194,Biomass
0668,11.931689870399547,BOTSWANA_SOUTHERN_SOUTHERN_RANAKA,Botswana,13.315170380556706,1.3834805101571597,Biomass
0669,11.112033084155577,BOTSWANA_SOUTHERN_SOUTHERN_SEGWAGWA,Botswana,12.402787671275158,1.2907545871195811,Biomass
0670,9.429616752374802,BOTSWANA_SOUTHERN_SOUTHERN_SEHERELELA,Botswana,10.770388755515805,1.3407720031410033,Biomass
0671,10.100578394055077,BOTSWANA_SOUTHERN_SOUTHERN_SELOKOLELA,Botswana,11.416646151184299,1.3160677571292219,Biomass
0672,6.989811994382233,BOTSWANA_SOUTHERN_SOUTHERN_SEMANE,Botswana,8.57666430298638,1.586852308604147,Biomass
0673,8.613941062850156,BOTSWANA_SOUTHERN_SOUTHERN_SESE,Botswana,10.055819202430035,1.4418781395798792,Biomass
0674,9.774959598908168,BOTSWANA_SOUTHERN_SOUTHERN_SESUNG,Botswana,11.12241277512891,1.347453176220741,Biomass
0675,7.972923789246938,BOTSWANA_SOUTHERN_SOUTHERN_TLHANKANE,Botswana,9.320662646920212,1.3477388576732743,Biomass
0676,10.008195570604965,BOTSWANA_SOUTHERN_SOUTHERN_TSHWAANE,Botswana,11.401416640006463,1.3932210694014984,Biomass
0677,9.011150770579365,BOTSWANA_SOUTHERN_SOUTHERN_TSONYANE,Botswana,10.355909385228445,1.3447586146490806,Biomass
0678,6.833654782150948,BOTSWANA_SOWA TOWN_SOWA TOWN_SOWA TOWN,Botswana,9.2211309428776,2.387476160726653,Biomass
0679,3.9117449355816456,BOTSWANA_NORTH WEST_NGAMILAND WEST_TOBERE,Botswana,8.573428099750977,4.6616831641693315,Biomass
0680,7.890160901882091,BOTSWANA_FRANCISTOWN_FRANCISTOWN_FRANCISTOWN,Botswana,10.120454994406476,2.2302940925243853,Biomass
0681,7.627370489843924,BOTSWANA_NORTH EAST_NORTH EAST_MATOPI,Botswana,9.88493787155654,2.257567381712616,Biomass
0682,14.068378686762308,LESOTHO_BEREA,Lesotho,15.15720798167946,1.0888292949171507,Biomass
0683,14.569914147389756,LESOTHO_BUTHA-BUTHE,Lesotho,15.95408711423261,1.3841729668428542,Biomass
0684,14.297974376633523,LESOTHO_LERIBE,Lesotho,15.49766727521357,1.1996928985800466,Biomass
0685,11.606312684413824,LESOTHO_MAFETENG,Lesotho,12.642319060812394,1.0360063763985696,Biomass
0686,14.056869145937478,LESOTHO_MASERU,Lesotho,15.064613761161919,1.007744615224441,Biomass
0687,14.306023512328927,LESOTHO_MOHALE'S HOEK,Lesotho,15.524760864750968,1.2187373524220408,Biomass
0688,14.868840010509407,LESOTHO_MOKHOTLONG,Lesotho,17.071613608666922,2.202773598157515,Biomass
0689,11.21793130700673,LESOTHO_QACHA'S NEK,Lesotho,12.713980664662994,1.4960493576562648,Biomass
0690,11.771174044714327,LESOTHO_QUTHING,Lesotho,12.99886599234662,1.2276919476322927,Biomass
0691,13.76164047902133,LESOTHO_THABA-TSEKA,Lesotho,15.07991841082384,1.3182779318025108,Biomass
0692,6.294364459067093,MALAWI_SOUTHERN REGION_BALAKA,Malawi,11.145598430886583,4.85123397181949,Biomass
0693,4.931310904680166,MALAWI_SOUTHERN REGION_BLANTYRE,Malawi,9.632379415877942,4.701068511197776,Biomass
0694,5.828966303972634,MALAWI_SOUTHERN REGION_BLANTYRE CITY,Malawi,10.740337034490544,4.91137073051791,Biomass
0695,6.838866974849377,MALAWI_SOUTHERN REGION_CHIKWAWA,Malawi,13.055765774279127,6.21689879942975,Biomass
0696,6.684321949849091,MALAWI_SOUTHERN REGION_CHIRADZULU,Malawi,11.551363161763955,4.867041211914865,Biomass
0697,1.9433537922152988,MALAWI_NORTHERN REGION_CHITIPA,Malawi,4.269966310623341,2.3266125184080426,Biomass
0698,4.933644900337703,MALAWI_CENTRAL REGION_DEDZA,Malawi,8.468986000516468,3.5353411001787647,Biomass
0699,3.353413823673197,MALAWI_CENTRAL REGION_DOWA,Malawi,6.544714279261154,3.1913004555879567,Biomass
0700,1.9304851754549341,MALAWI_NORTHERN REGION_KARONGA,Malawi,4.24781612807494,2.317330952620006,Biomass
0701,3.3232136034385995,MALAWI_CENTRAL REGION_KASUNGU,Malawi,7.319724141001511,3.9965105375629113,Biomass
0702,2.330878800775607,MALAWI_LAKE MALAWI_LAKE MALAWI,Malawi,4.838823137628649,2.5079443368530416,Biomass
0703,3.5357116924126912,MALAWI_NORTHERN REGION_LIKOMA,Malawi,5.923364754989324,2.3876530625766326,Biomass
0704,4.8928407998198775,MALAWI_CENTRAL REGION_LILONGWE,Malawi,8.617792022998959,3.7249512231790813,Biomass
0705,5.713790941736606,MALAWI_CENTRAL REGION_LILONGWE CITY,Malawi,9.21832163602862,3.504530694292013,Biomass
0706,6.464634308524801,MALAWI_SOUTHERN REGION_MACHINGA,Malawi,12.45797142730996,5.99333711878516,Biomass
0707,4.327301868625827,MALAWI_SOUTHERN REGION_MANGOCHI,Malawi,9.270850974054143,4.943549105428317,Biomass
0708,4.238347870144639,MALAWI_CENTRAL REGION_MCHINJI,Malawi,9.100799748439222,4.862451878294583,Biomass
0709,6.631701364399707,MALAWI_SOUTHERN REGION_MULANJE,Malawi,12.132055419143853,5.500354054744146,Biomass
0710,6.298416634824866,MALAWI_SOUTHERN REGION_MWANZA,Malawi,12.746939450611087,6.448522815786221,Biomass
0711,4.723139818387463,MALAWI_NORTHERN REGION_MZIMBA,Malawi,10.018963176798596,5.295823358411133,Biomass
0712,4.471199214209255,MALAWI_NORTHERN REGION_MZUZU CITY,Malawi,9.413614642547738,4.942415428338483,Biomass
0713,5.643995513591143,MALAWI_SOUTHERN REGION_NENO,Malawi,11.034720783594636,5.390725270003493,Biomass
0714,4.468620778807922,MALAWI_NORTHERN REGION_NKHATA BAY,Malawi,9.126902477448976,4.658281698641054,Biomass
0715,4.187989588095983,MALAWI_CENTRAL REGION_NKHOTAKOTA,Malawi,8.292009886738885,4.104020298642902,Biomass
0716,6.990573828141683,MALAWI_SOUTHERN REGION_NSANJE,Malawi,13.653520350101587,6.6629465219599044,Biomass
0717,5.014790724852867,MALAWI_CENTRAL REGION_NTCHEU,Malawi,9.190854524046975,4.176063799194107,Biomass
0718,4.448971295876114,MALAWI_CENTRAL REGION_NTCHISI,Malawi,8.046124892326432,3.597153596450318,Biomass
0719,6.834542557420239,MALAWI_SOUTHERN REGION_PHALOMBE,Malawi,12.832050227087263,5.997507669667025,Biomass
0720,2.9518080983423176,MALAWI_NORTHERN REGION_RUMPHI,Malawi,7.266704028834706,4.314895930492389,Biomass
0721,3.4071030336652277,MALAWI_CENTRAL REGION_SALIMA,Malawi,6.5764146231064675,3.16931158944124,Biomass
0722,6.9519720910427925,MALAWI_SOUTHERN REGION_THYOLO,Malawi,12.063377844217918,5.111405753175125,Biomass
0723,5.815863874276979,MALAWI_SOUTHERN REGION_ZOMBA,Malawi,10.707943487594008,4.892079613317029,Biomass
0724,5.090360483337769,MALAWI_SOUTHERN REGION_ZOMBA CITY,Malawi,9.723079908494814,4.6327194251570445,Biomass
0725,4.60391898788715,MOZAMBIQUE_CABO DELGADO_ANCUABE_ANCUABE SEDE,Mozambique,11.87559583149839,7.271676843611241,Biomass
0726,4.806309558917482,MOZAMBIQUE_CABO DELGADO_ANCUABE_METORO,Mozambique,12.347794376375607,7.541484817458125,Biomass
0727,4.332105264936557,MOZAMBIQUE_CABO DELGADO_ANCUABE_MEZA,Mozambique,11.782257238749548,7.450151973812991,Biomass
0728,4.307522147626969,MOZAMBIQUE_CABO DELGADO_BALAMA_BALAMA SEDE,Mozambique,13.18080241626605,8.873280268639082,Biomass
0729,3.5384535084483124,MOZAMBIQUE_CABO DELGADO_BALAMA_IMPIRE,Mozambique,10.924433237562834,7.3859797291145215,Biomass
0730,4.554241524762515,MOZAMBIQUE_CABO DELGADO_BALAMA_KWEKWE,Mozambique,13.154925552705073,8.600684027942558,Biomass
0731,3.7882078407474733,MOZAMBIQUE_CABO DELGADO_BALAMA_MAVALA,Mozambique,11.994502153924248,8.206294313176775,Biomass
0732,4.929882089059438,MOZAMBIQUE_CABO DELGADO_CHIÚRE_CHIÚRE SEDE,Mozambique,12.603483732283989,7.673601643224551,Biomass
0733,5.120580334072184,MOZAMBIQUE_CABO DELGADO_CHIÚRE_CHIÚRE VELHO,Mozambique,12.165716063065235,7.045135728993051,Biomass
0734,4.557419602591055,MOZAMBIQUE_CABO DELGADO_CHIÚRE_KATAPUA,Mozambique,12.94472619757995,8.387306594988896,Biomass
0735,4.483141766261501,MOZAMBIQUE_CABO DELGADO_CHIÚRE_MAZEZE,Mozambique,10.673686517687923,6.190544751426422,Biomass
0736,4.624858640512593,MOZAMBIQUE_CABO DELGADO_CHIÚRE_NAMOGELIA,Mozambique,13.176557003649702,8.55169836313711,Biomass
0737,4.7920741706213805,MOZAMBIQUE_CABO DELGADO_CHIÚRE_OCUA,Mozambique,12.417922844518017,7.625848673896637,Biomass
0738,4.1532674886903305,MOZAMBIQUE_CABO DELGADO_CIDADE DE PEMBA_CIDADE DE PEMBA,Mozambique,9.173670852615423,5.020403363925093,Biomass
0739,3.0614179813035896,MOZAMBIQUE_CABO DELGADO_IBO_IBO SEDE,Mozambique,7.024357211766201,3.9629392304626117,Biomass
0740,2.9180327078657693,MOZAMBIQUE_CABO DELGADO_IBO_QUIRIMBA,Mozambique,6.699280071270879,3.7812473634051096,Biomass
0741,3.9437751951655047,MOZAMBIQUE_CABO DELGADO_MACOMIA_CHAI,Mozambique,9.564989741795662,5.621214546630157,Biomass
0742,4.389466744766287,MOZAMBIQUE_CABO DELGADO_MACOMIA_MACOMIA SEDE,Mozambique,10.776185483484847,6.386718738718559,Biomass
0743,3.296942303600673,MOZAMBIQUE_CABO DELGADO_MACOMIA_MUCOJO,Mozambique,7.843822266501381,4.546879962900708,Biomass
0744,3.037252851642551,MOZAMBIQUE_CABO DELGADO_MACOMIA_QUITERAJO,Mozambique,6.934995757049368,3.8977429054068167,Biomass
0745,4.306899920984811,MOZAMBIQUE_CABO DELGADO_MECÚFI_MECÚFI SEDE,Mozambique,10.088091102417401,5.7811911814325905,Biomass
0746,4.512750118254187,MOZAMBIQUE_CABO DELGADO_MECÚFI_MURREBUE,Mozambique,10.763282465566219,6.250532347312031,Biomass
0747,4.107566721142099,MOZAMBIQUE_CABO DELGADO_MELUCO_MELUCO,Mozambique,10.817943853762369,6.71037713262027,Biomass
0748,4.551212076052216,MOZAMBIQUE_CABO DELGADO_MELUCO_MUAGUIDE,Mozambique,11.440039289901799,6.888827213849583,Biomass
0749,4.320180552176519,MOZAMBIQUE_CABO DELGADO_METUGE_METUGE SEDE,Mozambique,10.31362341514696,5.993442862970441,Biomass
0750,4.532542776996526,MOZAMBIQUE_CABO DELGADO_METUGE_MIEZE,Mozambique,10.497334144909495,5.9647913679129685,Biomass
0751,3.1102588934194837,MOZAMBIQUE_CABO DELGADO_MOCÍMBOA DA PRAIA_DIACA,Mozambique,9.052523430333467,5.942264536913983,Biomass
0752,2.7245018270120407,MOZAMBIQUE_CABO DELGADO_MOCÍMBOA DA PRAIA_MBAU,Mozambique,7.232569285425317,4.508067458413276,Biomass
0753,3.0710673229638648,MOZAMBIQUE_CABO DELGADO_MOCÍMBOA DA PRAIA_MOCÍMBOA DA PRAIA SEDE,Mozambique,7.512804402581105,4.441737079617241,Biomass
0754,4.2713219637067725,MOZAMBIQUE_CABO DELGADO_MONTEPUEZ_CIDADE DE MONTEPUEZ,Mozambique,12.184332086712622,7.91301012300585,Biomass
0755,4.366209149835604,MOZAMBIQUE_CABO DELGADO_MONTEPUEZ_MAPUPULO,Mozambique,12.870589679118112,8.504380529282507,Biomass
0756,4.347374212613039,MOZAMBIQUE_CABO DELGADO_MONTEPUEZ_MIRATE SEDE,Mozambique,13.440112250929381,9.092738038316343,Biomass
0757,3.057021925109225,MOZAMBIQUE_CABO DELGADO_MONTEPUEZ_NAIROTO,Mozambique,10.01057686575967,6.953554940650445,Biomass
0758,4.502031183625946,MOZAMBIQUE_CABO DELGADO_MONTEPUEZ_NAMANHUMBIR,Mozambique,12.551010279467462,8.048979095841517,Biomass
0759,3.833363730294554,MOZAMBIQUE_CABO DELGADO_MUEDA_CHAPA,Mozambique,10.46729130716123,6.633927576866675,Biomass
0760,2.675355262809891,MOZAMBIQUE_CABO DELGADO_MUEDA_IMBUHO SEDE,Mozambique,7.3095110617346775,4.634155798924787,Biomass
0761,3.162999270794597,MOZAMBIQUE_CABO DELGADO_MUEDA_MUEDA SEDE,Mozambique,8.405967735241152,5.242968464446555,Biomass
0762,3.170343294905186,MOZAMBIQUE_CABO DELGADO_MUEDA_NAMAUA,Mozambique,8.81263270849243,5.642289413587244,Biomass
0763,1.957871526923319,MOZAMBIQUE_CABO DELGADO_MUEDA_NEGOMANO,Mozambique,6.1787163317113905,4.220844804788071,Biomass
0764,2.515190003729481,MOZAMBIQUE_CABO DELGADO_MUEDA_NGAPA,Mozambique,6.630377062192594,4.115187058463113,Biomass
0765,3.550962069524083,MOZAMBIQUE_CABO DELGADO_MUIDUMBE_CHITUNDA,Mozambique,8.904393032471315,5.3534309629472325,Biomass
0766,4.794482164169423,MOZAMBIQUE_CABO DELGADO_MUIDUMBE_MITEDA,Mozambique,12.746976642051017,7.952494477881594,Biomass
0767,3.9332913786332195,MOZAMBIQUE_CABO DELGADO_MUIDUMBE_MUAMBULA,Mozambique,10.201989226764699,6.268697848131479,Biomass
0768,4.668074651606712,MOZAMBIQUE_CABO DELGADO_NAMUNO_HUCULA,Mozambique,13.56941984030941,8.901345188702697,Biomass
0769,5.209014002494717,MOZAMBIQUE_CABO DELGADO_NAMUNO_MACHOCA,Mozambique,14.863611023409593,9.654597020914876,Biomass
0770,4.404977055440902,MOZAMBIQUE_CABO DELGADO_NAMUNO_MELOCO,Mozambique,12.945786689141363,8.54080963370046,Biomass
0771,5.231629646207242,MOZAMBIQUE_CABO DELGADO_NAMUNO_NAMUNO SEDE,Mozambique,14.660510706313879,9.428881060106637,Biomass
0772,5.106393888696314,MOZAMBIQUE_CABO DELGADO_NAMUNO_NCUMPE,Mozambique,14.270920925047562,9.164527036351249,Biomass
0773,4.714503123186827,MOZAMBIQUE_CABO DELGADO_NAMUNO_PAPAI,Mozambique,13.469049126504906,8.75454600331808,Biomass
0774,2.985172131544565,MOZAMBIQUE_CABO DELGADO_NANGADE_NANGADE SEDE,Mozambique,6.52990405380238,3.5447319222578146,Biomass
0775,3.389740914508839,MOZAMBIQUE_CABO DELGADO_NANGADE_NTAMBA,Mozambique,8.747724816914506,5.357983902405667,Biomass
0776,2.3535802839255187,MOZAMBIQUE_CABO DELGADO_PALMA_OLUMBE,Mozambique,4.894120063787877,2.5405397798623586,Biomass
0777,2.817815866801507,MOZAMBIQUE_CABO DELGADO_PALMA_PALMA,Mozambique,5.010715752926276,2.1928998861247693,Biomass
0778,2.244615036778249,MOZAMBIQUE_CABO DELGADO_PALMA_PUNDANHAR,Mozambique,5.0812003169415085,2.8365852801632596,Biomass
0779,1.4729610361338112,MOZAMBIQUE_CABO DELGADO_PALMA_QUIONGA,Mozambique,2.6606514224098494,1.1876903862760382,Biomass
0780,4.343000830069117,MOZAMBIQUE_CABO DELGADO_QUISSANGA_BILIBIZA,Mozambique,10.665809202434943,6.3228083723658255,Biomass
0781,4.227621230842966,MOZAMBIQUE_CABO DELGADO_QUISSANGA_MAHATE,Mozambique,9.910145637197218,5.6825244063542515,Biomass
0782,8.83958536799293,MOZAMBIQUE_CIDADE DE MAPUTO_KAMAVOTA_KAMAVOTA,Mozambique,11.320537004872406,2.4809516368794764,Biomass
0783,9.0616794665784,MOZAMBIQUE_CIDADE DE MAPUTO_KAMAXAKENI_KAMAXAKENI,Mozambique,11.513516998912483,2.451837532334082,Biomass
0784,8.953476007704355,MOZAMBIQUE_CIDADE DE MAPUTO_KAMPFUMO_KAMPFUMO,Mozambique,11.4159261178862,2.4624501101818446,Biomass
0785,9.036986100414868,MOZAMBIQUE_CIDADE DE MAPUTO_KAMUBUKWANA_KAMUBUKWANA,Mozambique,11.611310111640051,2.5743240112251833,Biomass
0786,6.900494236630461,MOZAMBIQUE_CIDADE DE MAPUTO_KANYAKA_KANYAKA,Mozambique,8.850439863717359,1.9499456270868976,Biomass
0787,8.976182713645843,MOZAMBIQUE_CIDADE DE MAPUTO_KATEMBE_KATEMBE,Mozambique,11.566283383748072,2.5901006701022293,Biomass
0788,9.04687300134233,MOZAMBIQUE_CIDADE DE MAPUTO_NHLAMANKULO_NHLAMANKULO,Mozambique,11.561590367479528,2.514717366137198,Biomass
0789,8.544668816321366,MOZAMBIQUE_GAZA_BILENE_BILENE MACIA,Mozambique,12.22049395917334,3.6758251428519735,Biomass
0790,8.45092224982232,MOZAMBIQUE_GAZA_BILENE_INCAIA,Mozambique,11.709222871395284,3.258300621572964,Biomass
0791,7.982012984611688,MOZAMBIQUE_GAZA_BILENE_MACUANE,Mozambique,11.500049032627459,3.5180360480157704,Biomass
0792,8.57233248906741,MOZAMBIQUE_GAZA_BILENE_MAZIVILA,Mozambique,11.536239462611437,2.9639069735440273,Biomass
0793,8.618120357073265,MOZAMBIQUE_GAZA_BILENE_MESSANO,Mozambique,11.756251377148939,3.138131020075674,Biomass
0794,7.68562656008429,MOZAMBIQUE_GAZA_BILENE_PRAIA DE BILENE,Mozambique,10.84174723276902,3.1561206726847297,Biomass
0795,7.315727364125679,MOZAMBIQUE_GAZA_CHIBUTO_ALTO CHANGANE,Mozambique,9.897810174043833,2.5820828099181545,Biomass
0796,6.819030118147353,MOZAMBIQUE_GAZA_CHIBUTO_CHANGANINE,Mozambique,9.932368906293464,3.1133387881461108,Biomass
0797,7.870037744333833,MOZAMBIQUE_GAZA_CHIBUTO_CIDADE DE CHIBUTO,Mozambique,10.303709851345221,2.4336721070113887,Biomass
0798,7.507957306943517,MOZAMBIQUE_GAZA_CHIBUTO_GODIDE,Mozambique,9.933068299670543,2.425110992727026,Biomass
0799,7.785586593755161,MOZAMBIQUE_GAZA_CHIBUTO_MALEHICE,Mozambique,10.209408905384242,2.423822311629081,Biomass
0800,8.065958050162019,MOZAMBIQUE_GAZA_CHIBUTO_TCHAIMITE,Mozambique,10.54568226742386,2.4797242172618414,Biomass
0801,8.079370142896016,MOZAMBIQUE_GAZA_CHICUALACUALA_EDUARDO MONDLANE,Mozambique,11.816360616520175,3.736990473624159,Biomass
0802,7.681383856469277,MOZAMBIQUE_GAZA_CHICUALACUALA_PAFURI,Mozambique,10.390647038475315,2.7092631820060378,Biomass
0803,6.911608450842748,MOZAMBIQUE_GAZA_CHIGUBO_CHIGUBO SEDE,Mozambique,11.473197524295262,4.561589073452514,Biomass
0804,6.387068705798895,MOZAMBIQUE_GAZA_CHIGUBO_NDINDIZA,Mozambique,9.909573415403152,3.5225047096042568,Biomass
0805,8.33000622999881,MOZAMBIQUE_GAZA_CHÓKWÈ_CIDADE DE CHÓKWÈ,Mozambique,10.639105624358685,2.3090993943598743,Biomass
0806,8.303086371987751,MOZAMBIQUE_GAZA_CHÓKWÈ_LIONDE,Mozambique,10.818822326688686,2.5157359547009346,Biomass
0807,8.128931278688746,MOZAMBIQUE_GAZA_CHÓKWÈ_MACARRETANE,Mozambique,10.337399999113842,2.2084687204250955,Biomass
0808,8.138340737472632,MOZAMBIQUE_GAZA_CHÓKWÈ_XILEMBENE,Mozambique,10.700756393377567,2.5624156559049354,Biomass
0809,7.3125995483513355,MOZAMBIQUE_GAZA_CHONGOENE_CHONGOENE,Mozambique,9.605520951000367,2.292921402649031,Biomass
0810,7.550372987808904,MOZAMBIQUE_GAZA_CHONGOENE_MAZUCANE,Mozambique,9.876187351599668,2.325814363790764,Biomass
0811,6.875798632214309,MOZAMBIQUE_GAZA_CHONGOENE_NGUZENE,Mozambique,9.090619941484942,2.214821309270633,Biomass
0812,7.305330899803718,MOZAMBIQUE_GAZA_CIDADE DE XAI-XAI_CIDADE DE XAI-XAI,Mozambique,9.683959404828029,2.3786285050243103,Biomass
0813,7.71886991254462,MOZAMBIQUE_GAZA_GUIJÁ_CHIVONGOENE,Mozambique,10.054656496928533,2.3357865843839134,Biomass
0814,7.967323339685116,MOZAMBIQUE_GAZA_GUIJÁ_MUBANGOENE,Mozambique,10.27059499621435,2.3032716565292333,Biomass
0815,7.29489890120793,MOZAMBIQUE_GAZA_GUIJÁ_NALAZI,Mozambique,9.94877938056752,2.6538804793595903,Biomass
0816,8.28576752488402,MOZAMBIQUE_GAZA_GUIJÁ_VILA CANIÇADO,Mozambique,10.575099827436883,2.2893323025528627,Biomass
0817,7.942937269305251,MOZAMBIQUE_GAZA_LIMPOPO_CHICUMBANE,Mozambique,10.673576041770053,2.7306387724648022,Biomass
0818,8.248986170272596,MOZAMBIQUE_GAZA_LIMPOPO_CHISSANO,Mozambique,11.171965229406068,2.9229790591334712,Biomass
0819,7.4418352418651095,MOZAMBIQUE_GAZA_LIMPOPO_ZONGOENE,Mozambique,10.294549631162155,2.852714389297046,Biomass
0820,6.981416877956439,MOZAMBIQUE_GAZA_MABALANE_COMBOMUNE,Mozambique,9.671828233251595,2.690411355295156,Biomass
0821,7.195504567149318,MOZAMBIQUE_GAZA_MABALANE_MABALANE,Mozambique,9.633309641184722,2.4378050740354036,Biomass
0822,7.286090742041497,MOZAMBIQUE_GAZA_MABALANE_NTLHAVENE,Mozambique,9.670549148120777,2.38445840607928,Biomass
0823,7.395350619475719,MOZAMBIQUE_GAZA_MANDLAKAZE_CHALALA,Mozambique,9.828947161813268,2.4335965423375487,Biomass
0824,6.754339831744128,MOZAMBIQUE_GAZA_MANDLAKAZE_CHIBONDZANE,Mozambique,9.172025026135419,2.417685194391291,Biomass
0825,6.627397197997173,MOZAMBIQUE_GAZA_MANDLAKAZE_CHIDENGUELE,Mozambique,8.809614658148664,2.1822174601514917,Biomass
0826,7.25942554457949,MOZAMBIQUE_GAZA_MANDLAKAZE_MACUACUA,Mozambique,10.088037379108814,2.8286118345293234,Biomass
0827,7.436229014448065,MOZAMBIQUE_GAZA_MANDLAKAZE_MANDLAKAZE SEDE,Mozambique,9.763578439725498,2.3273494252774327,Biomass
0828,6.000272868506041,MOZAMBIQUE_GAZA_MAPAI_MACHAILA,Mozambique,9.441642671547081,3.44136980304104,Biomass
0829,6.856827709626513,MOZAMBIQUE_GAZA_MAPAI_MAPAI,Mozambique,10.107855918453446,3.2510282088269324,Biomass
0830,6.175817450970255,MOZAMBIQUE_GAZA_MASSANGENA_MASSANGENA,Mozambique,10.81716780507098,4.641350354100725,Biomass
0831,6.646560872296812,MOZAMBIQUE_GAZA_MASSANGENA_MAVUE,Mozambique,10.908930095282114,4.262369222985303,Biomass
0832,8.170251272290955,MOZAMBIQUE_GAZA_MASSINGIR_MASSINGIR SEDE,Mozambique,10.238132635670393,2.0678813633794384,Biomass
0833,7.996951452885334,MOZAMBIQUE_GAZA_MASSINGIR_MAVODZE,Mozambique,10.228709066088236,2.231757613202902,Biomass
0834,7.624634782572557,MOZAMBIQUE_GAZA_MASSINGIR_ZULO,Mozambique,9.722641186684546,2.098006404111989,Biomass
0835,5.096238606177774,MOZAMBIQUE_INHAMBANE_CIDADE DA MAXIXE_CIDADE DA MAXIXE,Mozambique,8.147026253822144,3.05078764764437,Biomass
0836,4.396075682596269,MOZAMBIQUE_INHAMBANE_CIDADE DE INHAMBANE_CIDADE DE INHAMBANE,Mozambique,7.102497393077643,2.706421710481374,Biomass
0837,6.294514854992915,MOZAMBIQUE_INHAMBANE_FUNHALOURO_FUNHALOURO,Mozambique,11.464571332495566,5.170056477502651,Biomass
0838,5.962237236714766,MOZAMBIQUE_INHAMBANE_FUNHALOURO_TOME,Mozambique,9.864228711506234,3.901991474791468,Biomass
0839,4.978864223123696,MOZAMBIQUE_INHAMBANE_GOVURO_NOVA MAMBONE,Mozambique,10.184050725457638,5.205186502333942,Biomass
0840,5.279180230771466,MOZAMBIQUE_INHAMBANE_GOVURO_SAVE,Mozambique,10.592316497390883,5.313136266619416,Biomass
0841,5.491369108287929,MOZAMBIQUE_INHAMBANE_HOMOÍNE_HOMOÍNE SEDE,Mozambique,8.637576926246911,3.1462078179589827,Biomass
0842,5.952980433323415,MOZAMBIQUE_INHAMBANE_HOMOÍNE_PEMBE,Mozambique,10.197192390620136,4.244211957296722,Biomass
0843,5.175684948672018,MOZAMBIQUE_INHAMBANE_INHARRIME_INHARRIME SEDE,Mozambique,7.679683008410727,2.5039980597387093,Biomass
0844,6.438714034914555,MOZAMBIQUE_INHAMBANE_INHARRIME_MUCUMBI,Mozambique,9.419538169192835,2.98082413427828,Biomass
0845,3.6995624366725277,MOZAMBIQUE_INHAMBANE_INHASSORO_BAZARUTO,Mozambique,6.8847735746067205,3.1852111379341927,Biomass
0846,5.309362916398217,MOZAMBIQUE_INHAMBANE_INHASSORO_INHASSORO,Mozambique,9.838440286359262,4.529077369961045,Biomass
0847,5.3002883145590705,MOZAMBIQUE_INHAMBANE_JANGAMO_CUMBANA,Mozambique,7.966795296702084,2.666506982143013,Biomass
0848,4.676989941794791,MOZAMBIQUE_INHAMBANE_JANGAMO_JANGAMO,Mozambique,7.1827805129162705,2.505790571121479,Biomass
0849,5.375459794550672,MOZAMBIQUE_INHAMBANE_MABOTE_MABOTE,Mozambique,9.33334610567283,3.9578863111221576,Biomass
0850,5.778856317818212,MOZAMBIQUE_INHAMBANE_MABOTE_ZIMANE,Mozambique,9.782252856805421,4.003396538987209,Biomass
0851,5.457777533681723,MOZAMBIQUE_INHAMBANE_MABOTE_ZINAVE,Mozambique,9.73220528562394,4.274427751942216,Biomass
0852,6.192588095340519,MOZAMBIQUE_INHAMBANE_MASSINGA_CHICOMO,Mozambique,10.783913871462943,4.5913257761224235,Biomass
0853,4.965358399262536,MOZAMBIQUE_INHAMBANE_MASSINGA_MASSINGA,Mozambique,8.653423703345796,3.68806530408326,Biomass
0854,5.800661339452648,MOZAMBIQUE_INHAMBANE_MORRUMBENE_MOCODUENE,Mozambique,10.83055273355518,5.029891394102532,Biomass
0855,5.235916018124138,MOZAMBIQUE_INHAMBANE_MORRUMBENE_MORRUMBENE,Mozambique,9.296036031816302,4.060120013692163,Biomass
0856,7.0603151445109456,MOZAMBIQUE_INHAMBANE_PANDA_MAWAYELA,Mozambique,10.792962669190022,3.7326475246790762,Biomass
0857,7.213557187415851,MOZAMBIQUE_INHAMBANE_PANDA_PANDA,Mozambique,11.066357050430728,3.8527998630148774,Biomass
0858,6.3959653438334785,MOZAMBIQUE_INHAMBANE_PANDA_URRENE,Mozambique,10.820134687018998,4.424169343185519,Biomass
0859,5.603696901651563,MOZAMBIQUE_INHAMBANE_VILANKULO_MAPINHANE,Mozambique,9.9659415511645,4.362244649512936,Biomass
0860,4.362020504573572,MOZAMBIQUE_INHAMBANE_VILANKULO_VILANKULO,Mozambique,7.892729562417641,3.530709057844069,Biomass
0861,5.5983156475101925,MOZAMBIQUE_INHAMBANE_ZAVALA_QUISSICO,Mozambique,7.927953223707521,2.329637576197329,Biomass
0862,6.3474104896077455,MOZAMBIQUE_INHAMBANE_ZAVALA_ZANDAMELA,Mozambique,8.6888702220924,2.3414597324846538,Biomass
0863,2.6356868523954184,MOZAMBIQUE_LAKE MALAWI_LAKE MALAWI_LAKE MALAWI,Mozambique,5.205272487597861,2.569585635202442,Biomass
0864,9.189295471532528,MOZAMBIQUE_MANICA_BÁRUÈ_CATANDICA,Mozambique,20.400989017393766,11.211693545861237,Biomass
0865,11.859619851144622,MOZAMBIQUE_MANICA_BÁRUÈ_CHOA,Mozambique,21.848724272674264,9.989104421529643,Biomass
0866,7.165546672706787,MOZAMBIQUE_MANICA_BÁRUÈ_NHAMPASSA,Mozambique,13.873460972827914,6.707914300121127,Biomass
0867,9.315342582086,MOZAMBIQUE_MANICA_CIDADE DE CHIMOIO_CHIMOIO,Mozambique,20.50291794501409,11.18757536292809,Biomass
0868,8.0399930936060109,MOZAMBIQUE_MANICA_GONDOLA_AMATONGAS,Mozambique,19.540256073611655,11.500262980005644,Biomass
0869,8.252791102631004,MOZAMBIQUE_MANICA_GONDOLA_CAFUMPE,Mozambique,20.137060641258735,11.88426953862773,Biomass
0870,8.336991772465245,MOZAMBIQUE_MANICA_GONDOLA_GONDOLA,Mozambique,19.52188672879602,11.184894956330774,Biomass
0871,8.548921535634475,MOZAMBIQUE_MANICA_GONDOLA_INCHOPE,Mozambique,21.17568466947222,12.626763133837743,Biomass
0872,5.780049577914315,MOZAMBIQUE_MANICA_GURO_GURO SEDE,Mozambique,10.399422830223509,4.619373252309194,Biomass
0873,5.668803611578505,MOZAMBIQUE_MANICA_GURO_MANDIE,Mozambique,10.544993591573997,4.876189979995492,Biomass
0874,6.2641822571541175,MOZAMBIQUE_MANICA_GURO_MUNGARI,Mozambique,11.135299881577517,4.871117624423399,Biomass
0875,5.887795477722193,MOZAMBIQUE_MANICA_GURO_NHAMASSONGE,Mozambique,10.578674383199365,4.690878905477172,Biomass
0876,8.423296449452542,MOZAMBIQUE_MANICA_MACATE_MACATE SEDE,Mozambique,20.70378223944405,12.280485789991507,Biomass
0877,8.114065068212337,MOZAMBIQUE_MANICA_MACATE_ZEMBE,Mozambique,17.734479781948316,9.620414713735979,Biomass
0878,6.6159558077215594,MOZAMBIQUE_MANICA_MACHAZE_CHITOBE,Mozambique,13.052847838760979,6.436892031039419,Biomass
0879,6.28693397335506,MOZAMBIQUE_MANICA_MACHAZE_SAVE,Mozambique,11.588691503037019,5.301757529681959,Biomass
0880,7.161730214822686,MOZAMBIQUE_MANICA_MACOSSA_MACOSSA SEDE,Mozambique,16.836936181120418,9.675205966297732,Biomass
0881,8.31837420743065,MOZAMBIQUE_MANICA_MACOSSA_NGUAWALA,Mozambique,21.367340134681136,13.048965927250485,Biomass
0882,8.155254577748298,MOZAMBIQUE_MANICA_MACOSSA_NHAMAGUA,Mozambique,19.777705362184214,11.622450784435916,Biomass
0883,12.180483432171137,MOZAMBIQUE_MANICA_MANICA_MACHIPANDA,Mozambique,21.00060600518573,8.820122573014594,Biomass
0884,9.966237696423802,MOZAMBIQUE_MANICA_MANICA_MAVONDE,Mozambique,20.961863091911606,10.995625395487805,Biomass
0885,8.212674918037287,MOZAMBIQUE_MANICA_MANICA_MESSICA,Mozambique,16.000674828960907,7.78799991092362,Biomass
0886,10.736371180559438,MOZAMBIQUE_MANICA_MANICA_MUNICIPIO DE MANICA,Mozambique,18.12144496392543,7.385073783365993,Biomass
0887,7.527917104406126,MOZAMBIQUE_MANICA_MOSSURIZE_CHIURAIRUE,Mozambique,14.271352139707963,6.743435035301837,Biomass
0888,8.30857395544342,MOZAMBIQUE_MANICA_MOSSURIZE_DACATA,Mozambique,18.630315587014806,10.321741631571387,Biomass
0889,7.506756415211275,MOZAMBIQUE_MANICA_MOSSURIZE_ESPUNGABERA,Mozambique,15.056191510623329,7.549435095412053,Biomass
0890,8.021385056326489,MOZAMBIQUE_MANICA_SUSSUNDENGA_DOMBE,Mozambique,19.078033055654792,11.056647999328304,Biomass
0891,10.16363695613087,MOZAMBIQUE_MANICA_SUSSUNDENGA_MUOHA,Mozambique,22.798728469223995,12.635091513093125,Biomass
0892,8.167857988836904,MOZAMBIQUE_MANICA_SUSSUNDENGA_ROTANDA,Mozambique,16.578894111750174,8.41103612291327,Biomass
0893,7.9866576121863595,MOZAMBIQUE_MANICA_SUSSUNDENGA_SUSSUNDENGA SEDE,Mozambique,18.614304513793744,10.627646901607385,Biomass
0894,6.037016704574954,MOZAMBIQUE_MANICA_TAMBARA_BUZUA,Mozambique,10.979745576158242,4.942728871583288,Biomass
0895,5.7824751460887525,MOZAMBIQUE_MANICA_TAMBARA_NHACAFULA,Mozambique,10.450435884869595,4.667960738780843,Biomass
0896,6.109833171704589,MOZAMBIQUE_MANICA_TAMBARA_NHACOLO,Mozambique,11.259091513363138,5.149258341658549,Biomass
0897,7.962802397256603,MOZAMBIQUE_MANICA_VANDUZI_MATSINHO,Mozambique,18.475659447735637,10.512857050479035,Biomass
0898,8.334017366569144,MOZAMBIQUE_MANICA_VANDUZI_VANDUZI SEDE,Mozambique,18.08549381919422,9.751476452625075,Biomass
0899,9.072057614409736,MOZAMBIQUE_MAPUTO_BOANE_BOANE,Mozambique,11.63908489629464,2.5670272818849043,Biomass
0900,9.363310613990654,MOZAMBIQUE_MAPUTO_BOANE_MATOLA RIO,Mozambique,12.392870166247324,3.0295595522566696,Biomass
0901,9.418729944681045,MOZAMBIQUE_MAPUTO_CIDADE DA MATOLA_CIDADE DA MATOLA,Mozambique,12.123326091379873,2.7045961466988278,Biomass
0902,8.930818965902603,MOZAMBIQUE_MAPUTO_CIDADE DA MATOLA_INFULENE,Mozambique,11.715683739616638,2.7848647737140357,Biomass
0903,9.897675661293682,MOZAMBIQUE_MAPUTO_CIDADE DA MATOLA_MACHAVA,Mozambique,12.855161097741632,2.95748543644795,Biomass
0904,8.850371715233262,MOZAMBIQUE_MAPUTO_MAGUDE_MAGUDE,Mozambique,11.873420192921971,3.023048477688709,Biomass
0905,8.691790705050348,MOZAMBIQUE_MAPUTO_MAGUDE_MAHELE,Mozambique,10.893736709855897,2.2019460048055493,Biomass
0906,8.98544157086314,MOZAMBIQUE_MAPUTO_MAGUDE_MAPULANGUENE,Mozambique,11.224471592753538,2.2390300218903985,Biomass
0907,8.46523920628731,MOZAMBIQUE_MAPUTO_MAGUDE_MOTAZE,Mozambique,10.884423467438918,2.4191842611516083,Biomass
0908,9.096150917564211,MOZAMBIQUE_MAPUTO_MAGUDE_PANJANE,Mozambique,11.812884167728944,2.716733250164733,Biomass
0909,8.652215667500279,MOZAMBIQUE_MAPUTO_MANHIÇA_3 DE FEVEREIRO,Mozambique,11.980851626266773,3.328635958766494,Biomass
0910,7.870723210405523,MOZAMBIQUE_MAPUTO_MANHIÇA_CALANGA,Mozambique,10.995156761083852,3.1244335506783285,Biomass
0911,8.778612502508592,MOZAMBIQUE_MAPUTO_MANHIÇA_ILHA JOSINA MACHEL,Mozambique,12.31419938926181,3.5355868867532187,Biomass
0912,8.628213243722465,MOZAMBIQUE_MAPUTO_MANHIÇA_MALUANA,Mozambique,12.327545390484467,3.6993321467620017,Biomass
0913,8.425209374964146,MOZAMBIQUE_MAPUTO_MANHIÇA_MUNICÍPIO DE MANHIÇA,Mozambique,11.792755758752156,3.36754638378801,Biomass
0914,9.089564742037568,MOZAMBIQUE_MAPUTO_MANHIÇA_XINAVANE,Mozambique,12.401231047764718,3.311666305727149,Biomass
0915,7.8119544903054,MOZAMBIQUE_MAPUTO_MARRACUENE_MACHUBO,Mozambique,10.726831851754605,2.9148773614492054,Biomass
0916,9.001422055132682,MOZAMBIQUE_MAPUTO_MARRACUENE_MARRACUENE,Mozambique,12.013576512415964,3.012154457283282,Biomass
0917,7.90242670746672,MOZAMBIQUE_MAPUTO_MATUTUINE_BELA VISTA,Mozambique,10.030226951473997,2.127800244007277,Biomass
0918,8.36808026783491,MOZAMBIQUE_MAPUTO_MATUTUINE_CATEMBE M'SIME,Mozambique,10.809319689977768,2.441239422142857,Biomass
0919,9.5740434097032,MOZAMBIQUE_MAPUTO_MATUTUINE_CATUANE,Mozambique,11.86397735495433,2.2899339452511285,Biomass
0920,6.614248570270163,MOZAMBIQUE_MAPUTO_MATUTUINE_MACHANGULO,Mozambique,8.49271477134632,1.8784662010761561,Biomass
0921,7.507730567538456,MOZAMBIQUE_MAPUTO_MATUTUINE_ZITUNDO,Mozambique,9.379731375806823,1.8720008082683677,Biomass
0922,9.16161131184152,MOZAMBIQUE_MAPUTO_MOAMBA_MOAMBA,Mozambique,12.66115748856051,3.49954617671899,Biomass
0923,9.2673883801655,MOZAMBIQUE_MAPUTO_MOAMBA_PESSENE,Mozambique,12.689197342023826,3.4218089618583267,Biomass
0924,10.386398507985703,MOZAMBIQUE_MAPUTO_MOAMBA_RESSANO GARCIA,Mozambique,13.85454588966214,3.4681473816764363,Biomass
0925,9.02261015081886,MOZAMBIQUE_MAPUTO_MOAMBA_SABIE,Mozambique,12.132780285756509,3.1101701349376487,Biomass
0926,9.50172078817692,MOZAMBIQUE_MAPUTO_NAMAACHA_CHANGALANE,Mozambique,11.999862894253479,2.4981421060765587,Biomass
0927,9.37991642088338,MOZAMBIQUE_MAPUTO_NAMAACHA_NAMAACHA,Mozambique,12.353667950415403,2.9737515295320236,Biomass
0928,4.044284252441169,MOZAMBIQUE_NAMPULA_ANGOCHE_AUBE,Mozambique,11.012344583828607,6.968060331387439,Biomass
0929,4.612348850439177,MOZAMBIQUE_NAMPULA_ANGOCHE_BOILA NAMETORIA,Mozambique,12.225540735885334,7.613191885446157,Biomass
0930,3.7015876853505234,MOZAMBIQUE_NAMPULA_ANGOCHE_CIDADE DE ANGOCHE,Mozambique,9.614864862579505,5.9132771772289825,Biomass
0931,4.46134525607933,MOZAMBIQUE_NAMPULA_ANGOCHE_NAMAPONDA,Mozambique,12.145376798586224,7.684031542506894,Biomass
0932,6.27070381925372,MOZAMBIQUE_NAMPULA_CIDADE DE NAMPULA_ANCHILO,Mozambique,15.944489841552867,9.673786022299147,Biomass
0933,6.834842211089779,MOZAMBIQUE_NAMPULA_CIDADE DE NAMPULA_MUATALA,Mozambique,17.253667184475034,10.418824973385256,Biomass
0934,6.902704043957733,MOZAMBIQUE_NAMPULA_CIDADE DE NAMPULA_MUHALA,Mozambique,16.76912842633088,9.866424382373147,Biomass
0935,6.665441343832512,MOZAMBIQUE_NAMPULA_CIDADE DE NAMPULA_NAMICOPO,Mozambique,16.351016788701124,9.685575444868611,Biomass
0936,6.624114086562137,MOZAMBIQUE_NAMPULA_CIDADE DE NAMPULA_NAPIPINE,Mozambique,17.117139608216277,10.49302552165414,Biomass
0937,6.454076109493994,MOZAMBIQUE_NAMPULA_CIDADE DE NAMPULA_NATIKIRE,Mozambique,17.135209918556768,10.681133809062775,Biomass
0938,6.796343424680461,MOZAMBIQUE_NAMPULA_CIDADE DE NAMPULA_URBANO CENTRAL,Mozambique,17.053094022321737,10.256750597641275,Biomass
0939,4.767986279321589,MOZAMBIQUE_NAMPULA_ERÁTI_ALUA,Mozambique,11.570922981057993,6.802936701736405,Biomass
0940,4.807601378401642,MOZAMBIQUE_NAMPULA_ERÁTI_NAMAPA SEDE,Mozambique,11.798095228876793,6.9904938504751515,Biomass
0941,4.514847055329728,MOZAMBIQUE_NAMPULA_ERÁTI_NAMIROA,Mozambique,12.4085494663538,7.893702411024073,Biomass
0942,4.549943633117108,MOZAMBIQUE_NAMPULA_ILHA DE MOÇAMBIQUE_ILHA DE MOÇAMBIQUE,Mozambique,9.196221882902861,4.6462782497857535,Biomass
0943,5.2481919568481334,MOZAMBIQUE_NAMPULA_ILHA DE MOÇAMBIQUE_LUMBO,Mozambique,10.315202717533053,5.067010760684919,Biomass
0944,4.66239425194154,MOZAMBIQUE_NAMPULA_LALAUA_LALAUA,Mozambique,13.945385043610115,9.282990791668574,Biomass
0945,4.607635494634792,MOZAMBIQUE_NAMPULA_LALAUA_METI,Mozambique,13.286962515372819,8.679327020738027,Biomass
0946,4.198525523125623,MOZAMBIQUE_NAMPULA_LARDE_LARDE,Mozambique,11.643679852084306,7.445154328958683,Biomass
0947,5.499464882282323,MOZAMBIQUE_NAMPULA_LARDE_MUCUALI,Mozambique,15.607315161185468,10.107850278903145,Biomass
0948,4.918403361210875,MOZAMBIQUE_NAMPULA_LIÚPO_LIÚPO,Mozambique,14.393941869073249,9.475538507862375,Biomass
0949,3.821137703688174,MOZAMBIQUE_NAMPULA_LIÚPO_QUINGA,Mozambique,10.212313117527,6.391175413838825,Biomass
0950,5.543962759877387,MOZAMBIQUE_NAMPULA_MALEMA_CHILULO,Mozambique,15.527240795817793,9.983278035940405,Biomass
0951,5.328168869559862,MOZAMBIQUE_NAMPULA_MALEMA_MALEMA/CANHUNHA,Mozambique,14.794860323772205,9.466691454212343,Biomass
0952,5.365812404855121,MOZAMBIQUE_NAMPULA_MALEMA_MUTUALI,Mozambique,14.670100823940983,9.30428841908586,Biomass
0953,6.434304861238734,MOZAMBIQUE_NAMPULA_MECONTA_7 DE ABRIL,Mozambique,15.483483317872421,9.049178456633687,Biomass
0954,5.839202008053848,MOZAMBIQUE_NAMPULA_MECONTA_CORRANE,Mozambique,15.289795472184487,9.45059346413064,Biomass
0955,6.780545188737799,MOZAMBIQUE_NAMPULA_MECONTA_MECONTA,Mozambique,15.787781833059675,9.007236644321877,Biomass
0956,6.828618429417512,MOZAMBIQUE_NAMPULA_MECONTA_NAMIALO,Mozambique,14.962181671446576,8.133563242029064,Biomass
0957,5.09978956245299,MOZAMBIQUE_NAMPULA_MECUBÚRI_MECUBÚRI,Mozambique,14.906092422326651,9.80630285987366,Biomass
0958,4.99317714727531,MOZAMBIQUE_NAMPULA_MECUBÚRI_MILHANA,Mozambique,14.416490979563049,9.42331383228774,Biomass
0959,4.850767688820141,MOZAMBIQUE_NAMPULA_MECUBÚRI_MUITE,Mozambique,14.107774717092028,9.257007028271886,Biomass
0960,5.7008419798618775,MOZAMBIQUE_NAMPULA_MECUBÚRI_NANIMA,Mozambique,16.744989735901534,11.044147756039656,Biomass
0961,4.673169854335631,MOZAMBIQUE_NAMPULA_MEMBA_CHIPENE,Mozambique,10.842325359604676,6.169155505269044,Biomass
0962,4.1903284833677965,MOZAMBIQUE_NAMPULA_MEMBA_LURIO,Mozambique,9.714999996809336,5.52467151344154,Biomass
0963,4.534344811572747,MOZAMBIQUE_NAMPULA_MEMBA_MAZUA,Mozambique,10.151715810108946,5.6173709985362,Biomass
0964,4.699921081315661,MOZAMBIQUE_NAMPULA_MEMBA_MEMBA,Mozambique,9.832652347351875,5.132731266036214,Biomass
0965,3.8167644041799433,MOZAMBIQUE_NAMPULA_MOGINCUAL_NAMINGE,Mozambique,9.725029750184973,5.908265346005029,Biomass
0966,5.803368090816723,MOZAMBIQUE_NAMPULA_MOGINCUAL_QUIXAXE,Mozambique,14.199702477387573,8.39633438657085,Biomass
0967,5.981242340712229,MOZAMBIQUE_NAMPULA_MOGOVOLAS_CALIPO,Mozambique,16.330446973447874,10.349204632735646,Biomass
0968,5.631577214839012,MOZAMBIQUE_NAMPULA_MOGOVOLAS_ILUTE,Mozambique,15.856954466384881,10.225377251545869,Biomass
0969,5.38572083212502,MOZAMBIQUE_NAMPULA_MOGOVOLAS_MUATUA,Mozambique,14.590842621243006,9.205121789117985,Biomass
0970,5.849787954524124,MOZAMBIQUE_NAMPULA_MOGOVOLAS_NAMETIL SEDE,Mozambique,15.917146222553576,10.067358268029452,Biomass
0971,5.475785855972137,MOZAMBIQUE_NAMPULA_MOGOVOLAS_NANHUPO RIO,Mozambique,14.496749562224561,9.020963706252424,Biomass
0972,5.609822999270841,MOZAMBIQUE_NAMPULA_MOMA_CHALAUA,Mozambique,15.966769491862754,10.356946492591913,Biomass
0973,5.384959548754942,MOZAMBIQUE_NAMPULA_MOMA_MACONE SEDE,Mozambique,15.804882155470956,10.419922606716014,Biomass
0974,7.033391520939413,MOZAMBIQUE_NAMPULA_MONAPO_ITUCULO,Mozambique,13.847358779861063,6.813967258921649,Biomass
0975,5.5845003619518545,MOZAMBIQUE_NAMPULA_MONAPO_MONAPO SEDE,Mozambique,12.285270390084548,6.700770028132694,Biomass
0976,6.400903138250664,MOZAMBIQUE_NAMPULA_MONAPO_NETIA,Mozambique,13.837291050921712,7.436387912671048,Biomass
0977,4.701468804184098,MOZAMBIQUE_NAMPULA_MOSSURIL_LUNGA,Mozambique,10.376382154530411,5.674913350346313,Biomass
0978,4.620389148496469,MOZAMBIQUE_NAMPULA_MOSSURIL_MATIBANE,Mozambique,9.12898395352504,4.508594805028571,Biomass
0979,4.943939909075144,MOZAMBIQUE_NAMPULA_MOSSURIL_MOSSURIL SEDE,Mozambique,10.347124871982254,5.40318496290711,Biomass
0980,5.124436025813837,MOZAMBIQUE_NAMPULA_MUECATE_IMALA,Mozambique,14.17248268484791,9.048046659034075,Biomass
0981,6.055516875379177,MOZAMBIQUE_NAMPULA_MUECATE_MUCOLUANE,Mozambique,16.6322807983911,10.576763923011924,Biomass
0982,5.794127319843316,MOZAMBIQUE_NAMPULA_MUECATE_MUECATE,Mozambique,14.398711393710318,8.604584073867002,Biomass
0983,6.8248327931876105,MOZAMBIQUE_NAMPULA_MURRUPULA_CHINGA,Mozambique,21.32860283958524,14.50377004639763,Biomass
0984,6.826210981278404,MOZAMBIQUE_NAMPULA_MURRUPULA_MURRUPULA,Mozambique,21.043905542752363,14.217694561473959,Biomass
0985,6.608486076120068,MOZAMBIQUE_NAMPULA_MURRUPULA_NIHESSIUE,Mozambique,20.04699941177977,13.438513335659701,Biomass
0986,5.36104907764254,MOZAMBIQUE_NAMPULA_NACALA-A-VELHA_COVO,Mozambique,11.192648653275569,5.831599575633029,Biomass
0987,5.83844116378271,MOZAMBIQUE_NAMPULA_NACALA-A-VELHA_NACALA-A-VELHA,Mozambique,11.40799672851891,5.5695555647362,Biomass
0988,5.093609752281422,MOZAMBIQUE_NAMPULA_NACALA-PORTO_MUANONA,Mozambique,9.949291300838702,4.85568154855728,Biomass
0989,4.358593985180895,MOZAMBIQUE_NAMPULA_NACALA-PORTO_MUTIVA,Mozambique,8.777715586642811,4.419121601461916,Biomass
0990,5.459419016744043,MOZAMBIQUE_NAMPULA_NACARÔA_INTETE,Mozambique,11.842283884754373,6.38286486801033,Biomass
0991,5.401313320249546,MOZAMBIQUE_NAMPULA_NACARÔA_NACARÔA,Mozambique,12.721310137761613,7.319996817512067,Biomass
0992,5.035510255999944,MOZAMBIQUE_NAMPULA_NACARÔA_SAUA-SAUA,Mozambique,12.827764102333978,7.792253846334034,Biomass
0993,6.426899808029292,MOZAMBIQUE_NAMPULA_RAPALE_MUTIVAZE,Mozambique,19.038657082264997,12.611757274235705,Biomass
0994,6.372460746781106,MOZAMBIQUE_NAMPULA_RAPALE_NAMAITA,Mozambique,17.983272976257723,11.610812229476618,Biomass
0995,6.217967063215848,MOZAMBIQUE_NAMPULA_RAPALE_RAPALE,Mozambique,17.10180955618712,10.883842492971272,Biomass
0996,6.3612704425545346,MOZAMBIQUE_NAMPULA_RIBÁUÈ_CUNLE,Mozambique,19.122765997077096,12.761495554522561,Biomass
0997,8.669701577462757,MOZAMBIQUE_NAMPULA_RIBÁUÈ_IAPALA,Mozambique,25.4407746412283,16.77107306376554,Biomass
0998,5.303786109035637,MOZAMBIQUE_NAMPULA_RIBÁUÈ_RIBÁUÈ,Mozambique,15.58622013586746,10.282434026831822,Biomass
0999,4.621244995737553,MOZAMBIQUE_NIASSA_CHIMBONILA_CHIMBONILA,Mozambique,10.625560844756933,6.00431584901938,Biomass
1000,4.6568428178845505,MOZAMBIQUE_NIASSA_CHIMBONILA_LIONE,Mozambique,10.44979263510994,5.79294981722539,Biomass
1001,3.599619384651412,MOZAMBIQUE_NIASSA_CHIMBONILA_MEPONDA,Mozambique,7.63897918662039,4.039359801968978,Biomass
1002,5.221995747822183,MOZAMBIQUE_NIASSA_CIDADE DE LICHINGA_CIDADE DE LICHINGA,Mozambique,11.298300187898281,6.076304440076099,Biomass
1003,5.744889464903848,MOZAMBIQUE_NIASSA_CUAMBA_CIDADE DE CUAMBA,Mozambique,15.390146633827786,9.645257168923937,Biomass
1004,4.8959593764187614,MOZAMBIQUE_NIASSA_CUAMBA_ETATARA,Mozambique,12.928311821801358,8.032352445382596,Biomass
1005,5.845858872735326,MOZAMBIQUE_NIASSA_CUAMBA_LÚRIO,Mozambique,15.850861473418751,10.005002600683426,Biomass
1006,4.479960154939657,MOZAMBIQUE_NIASSA_CUAMBA_MEPICA,Mozambique,11.28832926546355,6.808369110523894,Biomass
1007,3.075516195466968,MOZAMBIQUE_NIASSA_LAGO_CÓBUE,Mozambique,6.790606236681411,3.715090041214443,Biomass
1008,3.947351426269226,MOZAMBIQUE_NIASSA_LAGO_LUNHO,Mozambique,8.73140905718624,4.784057630917015,Biomass
1009,5.447099766106086,MOZAMBIQUE_NIASSA_LAGO_MANIAMBA,Mozambique,12.238627814475379,6.791528048369293,Biomass
1010,3.972050321642153,MOZAMBIQUE_NIASSA_LAGO_MELULUCA,Mozambique,8.518095846038772,4.546045524396619,Biomass
1011,4.628283181587452,MOZAMBIQUE_NIASSA_LAGO_METANGULA,Mozambique,8.569526330771344,3.941243149183892,Biomass
1012,4.880761926781492,MOZAMBIQUE_NIASSA_MAJUNE_MALANGA,Mozambique,13.092060369725782,8.21129844294429,Biomass
1013,4.2426026695564865,MOZAMBIQUE_NIASSA_MAJUNE_MUAQUIA,Mozambique,12.516123150035904,8.273520480479418,Biomass
1014,4.297949055097139,MOZAMBIQUE_NIASSA_MAJUNE_NAIRRUBI,Mozambique,11.778325680547013,7.480376625449874,Biomass
1015,4.760287064301311,MOZAMBIQUE_NIASSA_MANDIMBA_LISSIETE,Mozambique,11.447382716484901,6.68709565218359,Biomass
1016,4.3604958023072244,MOZAMBIQUE_NIASSA_MANDIMBA_MITANDE,Mozambique,11.40160860177518,7.041112799467956,Biomass
1017,3.1666378153669497,MOZAMBIQUE_NIASSA_MARRUPA_MARRANGIRA,Mozambique,10.719265277455978,7.552627462089029,Biomass
1018,3.704378629007583,MOZAMBIQUE_NIASSA_MARRUPA_MARRUPA SEDE,Mozambique,11.325767911208501,7.621389282200918,Biomass
1019,4.347388568581374,MOZAMBIQUE_NIASSA_MARRUPA_NUNGO,Mozambique,12.949912036478292,8.60252346789692,Biomass
1020,5.172242514968955,MOZAMBIQUE_NIASSA_MAÚA_MAIACA,Mozambique,13.916933215717783,8.744690700748828,Biomass
1021,4.449769665224477,MOZAMBIQUE_NIASSA_MAÚA_MAÚA,Mozambique,12.69945738486415,8.249687719639674,Biomass
1022,2.947026120577843,MOZAMBIQUE_NIASSA_MAVAGO_MAVAGO SEDE,Mozambique,8.746234208179573,5.79920808760173,Biomass
1023,4.800965563340333,MOZAMBIQUE_NIASSA_MAVAGO_MSAWIZE,Mozambique,14.90274773956687,10.101782176226536,Biomass
1024,4.582743820962227,MOZAMBIQUE_NIASSA_MECANHELAS_CHIUTA,Mozambique,11.159320364783678,6.576576543821451,Biomass
1025,5.3612113005884385,MOZAMBIQUE_NIASSA_MECANHELAS_INSACA,Mozambique,12.672731790328868,7.311520489740429,Biomass
1026,2.994251629695124,MOZAMBIQUE_NIASSA_MECULA_MATONDOVELA,Mozambique,10.356872247030797,7.362620617335673,Biomass
1027,2.086272048872914,MOZAMBIQUE_NIASSA_MECULA_MECULA SEDE,Mozambique,7.047981966678002,4.961709917805088,Biomass
1028,5.680754234848095,MOZAMBIQUE_NIASSA_METARICA_NACUMUA,Mozambique,15.311831071517231,9.631076836669136,Biomass
1029,4.952330687848639,MOZAMBIQUE_NIASSA_METARICA_NAMICUNDI,Mozambique,13.770216807257327,8.817886119408687,Biomass
1030,4.306405271623459,MOZAMBIQUE_NIASSA_MUEMBE_CHICONONO,Mozambique,10.95256942934526,6.646164157721802,Biomass
1031,5.752337282152091,MOZAMBIQUE_NIASSA_MUEMBE_MUEMBE,Mozambique,13.198025984452823,7.445688702300732,Biomass
1032,5.179050722960788,MOZAMBIQUE_NIASSA_NGAUMA_ITEPELA,Mozambique,13.174854953116567,7.995804230155779,Biomass
1033,4.707335538848455,MOZAMBIQUE_NIASSA_NGAUMA_MASSANGULO,Mozambique,10.814323038988617,6.1069875001401615,Biomass
1034,4.856692328310873,MOZAMBIQUE_NIASSA_NIPEPE_MULUCO,Mozambique,13.76460282722072,8.907910498909846,Biomass
1035,5.288009137456753,MOZAMBIQUE_NIASSA_NIPEPE_NIPEPE SEDE,Mozambique,14.597906978304366,9.309897840847611,Biomass
1036,5.326525823509334,MOZAMBIQUE_NIASSA_SANGA_LUSSIMBESSE,Mozambique,12.18107941912846,6.854553595619127,Biomass
1037,3.7052802837293535,MOZAMBIQUE_NIASSA_SANGA_MACALOGE,Mozambique,10.461749878587081,6.7564695948577285,Biomass
1038,3.151862924551797,MOZAMBIQUE_NIASSA_SANGA_MATCHEDJE,Mozambique,9.702172623892572,6.550309699340776,Biomass
1039,5.421374999160902,MOZAMBIQUE_NIASSA_SANGA_UNANGO,Mozambique,12.347176835224491,6.92580183606359,Biomass
1040,6.78468465283389,MOZAMBIQUE_SOFALA_BÚZI_BÚZI SEDE,Mozambique,15.744201502978461,8.95951685014457,Biomass
1041,5.942476895823614,MOZAMBIQUE_SOFALA_BÚZI_ESTAQUINHA,Mozambique,13.685625555448702,7.7431486596250885,Biomass
1042,5.501154563000538,MOZAMBIQUE_SOFALA_BÚZI_NOVA SOFALA,Mozambique,13.107889350773977,7.606734787773439,Biomass
1043,8.084142524812345,MOZAMBIQUE_SOFALA_CAIA_CAIA SEDE,Mozambique,17.898315448518325,9.81417292370598,Biomass
1044,7.6762260422630755,MOZAMBIQUE_SOFALA_CAIA_MURRACA,Mozambique,16.27119856109898,8.594972518835906,Biomass
1045,7.378663908427869,MOZAMBIQUE_SOFALA_CAIA_SENA,Mozambique,14.872453425965695,7.4937895175378255,Biomass
1046,6.6464462925977585,MOZAMBIQUE_SOFALA_CHEMBA_CHEMBA,Mozambique,12.45599571820057,5.809549425602812,Biomass
1047,5.957373049363258,MOZAMBIQUE_SOFALA_CHEMBA_CHIRAMBA,Mozambique,10.967893055736763,5.010520006373505,Biomass
1048,6.2464769455643765,MOZAMBIQUE_SOFALA_CHEMBA_MULIMA,Mozambique,11.947129845749739,5.7006529001853625,Biomass
1049,8.073953194931969,MOZAMBIQUE_SOFALA_CHERINGOMA_INHAMINGA,Mozambique,18.961769591474464,10.887816396542496,Biomass
1050,9.027669493615264,MOZAMBIQUE_SOFALA_CHERINGOMA_INHAMITANGA,Mozambique,20.706889488949436,11.679219995334172,Biomass
1051,6.806513424573862,MOZAMBIQUE_SOFALA_CHIBABAVA_CHIBABAVA,Mozambique,14.94198911024705,8.135475685673189,Biomass
1052,6.470820497746788,MOZAMBIQUE_SOFALA_CHIBABAVA_GOONDA SEDE,Mozambique,14.462488639345711,7.9916681415989235,Biomass
1053,5.681999135604906,MOZAMBIQUE_SOFALA_CHIBABAVA_MUXUNGUE,Mozambique,12.421621103956937,6.739621968352031,Biomass
1054,6.3555542852075035,MOZAMBIQUE_SOFALA_CIDADE DA BEIRA_CHIVEVE,Mozambique,13.18380990919388,6.828255623986376,Biomass
1055,6.400076149314924,MOZAMBIQUE_SOFALA_CIDADE DA BEIRA_MANGA LAFORTE,Mozambique,13.573498936579607,7.173422787264683,Biomass
1056,6.427473701393802,MOZAMBIQUE_SOFALA_CIDADE DA BEIRA_MUNHAVA,Mozambique,13.4409685577789,7.0134948563850985,Biomass
1057,6.579448563822474,MOZAMBIQUE_SOFALA_CIDADE DA BEIRA_NHANGAU,Mozambique,14.301450607213058,7.722002043390583,Biomass
1058,6.958806183231531,MOZAMBIQUE_SOFALA_DONDO_CIDADE DE DONDO,Mozambique,15.501756394125152,8.542950210893622,Biomass
1059,7.882419557903933,MOZAMBIQUE_SOFALA_DONDO_MAFAMBISSE,Mozambique,18.401042648221267,10.518623090317334,Biomass
1060,7.029462752601737,MOZAMBIQUE_SOFALA_DONDO_SAVANE,Mozambique,16.16284303842937,9.13338028582763,Biomass
1061,7.713017979341585,MOZAMBIQUE_SOFALA_GORONGOSA_CANDA,Mozambique,20.18185503353057,12.468837054188985,Biomass
1062,7.703853922313595,MOZAMBIQUE_SOFALA_GORONGOSA_GORONGOSA,Mozambique,19.51851094052236,11.814657018208766,Biomass
1063,8.64901635662621,MOZAMBIQUE_SOFALA_GORONGOSA_VUNDUZI,Mozambique,21.78018208781708,13.13116573119087,Biomass
1064,15.086718025897266,MOZAMBIQUE_SOFALA_MACHANGA_CHILOANE,Mozambique,19.796904636695633,4.710186610798367,Biomass
1065,4.7723920427308695,MOZAMBIQUE_SOFALA_MACHANGA_DIVINHE,Mozambique,10.329021921598745,5.556629878867875,Biomass
1066,5.032799357464815,MOZAMBIQUE_SOFALA_MACHANGA_MACHANGA,Mozambique,10.678818807385673,5.646019449920858,Biomass
1067,6.099444207993376,MOZAMBIQUE_SOFALA_MARÍNGUÈ_CANXIXE,Mozambique,12.331150101352568,6.231705893359192,Biomass
1068,6.966802298082836,MOZAMBIQUE_SOFALA_MARÍNGUÈ_MARÍNGUÈ SEDE,Mozambique,15.567869219334696,8.60106692125186,Biomass
1069,7.972148257399287,MOZAMBIQUE_SOFALA_MARÍNGUÈ_SUBUE,Mozambique,18.672766802969107,10.70061854556982,Biomass
1070,9.894696766744572,MOZAMBIQUE_SOFALA_MARROMEU_CHUPANGA,Mozambique,23.817525153866185,13.922828387121614,Biomass
1071,8.804337036263423,MOZAMBIQUE_SOFALA_MARROMEU_MARROMEU,Mozambique,20.64341048438261,11.839073448119187,Biomass
1072,7.844294226790588,MOZAMBIQUE_SOFALA_MUANZA_GALINHA,Mozambique,19.10436167736909,11.260067450578504,Biomass
1073,7.626302329630201,MOZAMBIQUE_SOFALA_MUANZA_MUANZA,Mozambique,17.83801419778792,10.21171186815772,Biomass
1074,8.823753300938701,MOZAMBIQUE_SOFALA_NHAMATANDA_NHAMATANDA,Mozambique,21.675285993067934,12.851532692129233,Biomass
1075,7.742158760671782,MOZAMBIQUE_SOFALA_NHAMATANDA_TICA,Mozambique,18.186096939429596,10.443938178757815,Biomass
1076,5.494697407662357,MOZAMBIQUE_TETE_ANGÓNIA_DOMUE,Mozambique,10.14196313301472,4.647265725352363,Biomass
1077,6.501749184926589,MOZAMBIQUE_TETE_ANGÓNIA_ULONGUE,Mozambique,10.765724305342811,4.263975120416222,Biomass
1078,4.824602094511273,MOZAMBIQUE_TETE_CAHORA BASSA_CHINTHOLO,Mozambique,9.46477460579003,4.640172511278757,Biomass
1079,5.073106610070199,MOZAMBIQUE_TETE_CAHORA BASSA_CHITIMA,Mozambique,10.564056184843576,5.490949574773377,Biomass
1080,5.267949916107623,MOZAMBIQUE_TETE_CAHORA BASSA_SONGO,Mozambique,11.881642493090414,6.613692576982791,Biomass
1081,4.938789888178929,MOZAMBIQUE_TETE_CHANGARA_CHIOCO,Mozambique,9.498572710141744,4.5597828219628145,Biomass
1082,5.599276502837239,MOZAMBIQUE_TETE_CHANGARA_LUENHA,Mozambique,9.9742230788415025,4.374946576004263,Biomass
1083,5.063038811978242,MOZAMBIQUE_TETE_CHIFUNDE_CHIFUNDE,Mozambique,11.295003719583562,6.23196490760532,Biomass
1084,5.580993391417013,MOZAMBIQUE_TETE_CHIFUNDE_MUALADZI,Mozambique,11.60170560218923,6.020712210772218,Biomass
1085,6.931313067092612,MOZAMBIQUE_TETE_CHIFUNDE_NSADZO,Mozambique,15.829262758816512,8.8979496917239,Biomass
1086,5.647048047610531,MOZAMBIQUE_TETE_CHIÚTA_KAZULA,Mozambique,14.61182139992156,8.964773352311028,Biomass
1087,5.748831003853889,MOZAMBIQUE_TETE_CHIÚTA_MANJE,Mozambique,13.5891713201298,7.8403403162759115,Biomass
1088,5.3953018394348,MOZAMBIQUE_TETE_CIDADE DE TETE_CIDADE DE TETE,Mozambique,11.586113355439844,6.190811516005044,Biomass
1089,6.552129131298066,MOZAMBIQUE_TETE_DÔA_DÔA,Mozambique,12.863341549440893,6.311212418142827,Biomass
1090,6.243154413103195,MOZAMBIQUE_TETE_MACANGA_CHIDZOLOMONDO,Mozambique,14.914740771291555,8.67158635818836,Biomass
1091,8.034353490448126,MOZAMBIQUE_TETE_MACANGA_FURANCUNGO,Mozambique,18.913016511273206,10.87866302082508,Biomass
1092,6.474861554265941,MOZAMBIQUE_TETE_MÁGOÈ_CHINTHOPO,Mozambique,13.48161673535223,7.006755181086288,Biomass
1093,5.335750712195453,MOZAMBIQUE_TETE_MÁGOÈ_MPHENDE,Mozambique,11.34933060509616,6.013579892900707,Biomass
1094,4.2462739298557794,MOZAMBIQUE_TETE_MÁGOÈ_MUCUMBURA,Mozambique,8.908518873184214,4.662244943328434,Biomass
1095,5.374915851365307,MOZAMBIQUE_TETE_MARARA_MARARA,Mozambique,10.784546444175714,5.409630592810407,Biomass
1096,5.002794774263346,MOZAMBIQUE_TETE_MARÁVIA_CHIPERA,Mozambique,10.975975023767301,5.973180249503955,Biomass
1097,5.055386754537355,MOZAMBIQUE_TETE_MARÁVIA_CHIPUTO,Mozambique,11.799859081266613,6.744472326729258,Biomass
1098,4.4525009098287125,MOZAMBIQUE_TETE_MARÁVIA_FINGOE,Mozambique,10.000801416952854,5.548300507124141,Biomass
1099,4.174303210180282,MOZAMBIQUE_TETE_MARÁVIA_MALOWERA,Mozambique,9.613188888879112,5.4388856786988296,Biomass
1100,5.7974886897217495,MOZAMBIQUE_TETE_MOATIZE_KAMBULATSITSI,Mozambique,14.18823207564494,8.39074338592319,Biomass
1101,5.948252112281227,MOZAMBIQUE_TETE_MOATIZE_MOATIZE,Mozambique,13.101424693422654,7.153172581141427,Biomass
1102,5.745953985941584,MOZAMBIQUE_TETE_MOATIZE_ZOBUE,Mozambique,14.234799174889886,8.488845188948304,Biomass
1103,8.317979366752903,MOZAMBIQUE_TETE_MUTARARA_CHARRE,Mozambique,16.691777925743168,8.373798558990265,Biomass
1104,8.437458050039277,MOZAMBIQUE_TETE_MUTARARA_INHANGOMA,Mozambique,17.916193371935087,9.47873532189581,Biomass
1105,6.632013409860331,MOZAMBIQUE_TETE_MUTARARA_NHAMAYABUE,Mozambique,12.942974555485604,6.3109611456252726,Biomass
1106,5.812724613781782,MOZAMBIQUE_TETE_TSANGANO_NTENGO-WAMBALAME,Mozambique,10.659894924723684,4.847170310941902,Biomass
1107,5.391791564065795,MOZAMBIQUE_TETE_TSANGANO_TSANGANO,Mozambique,11.392591043314821,6.000799479249026,Biomass
1108,4.965174481351342,MOZAMBIQUE_TETE_ZUMBO_MUZE,Mozambique,12.170592702879603,7.2054182215282605,Biomass
1109,5.008285385920801,MOZAMBIQUE_TETE_ZUMBO_ZAMBUE,Mozambique,11.757517358790794,6.749231972869993,Biomass
1110,4.585486661913106,MOZAMBIQUE_TETE_ZUMBO_ZUMBO,Mozambique,10.157624814320062,5.572138152406956,Biomass
1111,6.447545720820415,MOZAMBIQUE_ZAMBÉZIA_ALTO MOLÓCUÈ_ALTO MOLÓCUÈ SEDE,Mozambique,19.382152869317988,12.934607148497573,Biomass
1112,6.02385287880547,MOZAMBIQUE_ZAMBÉZIA_ALTO MOLÓCUÈ_NAUELA,Mozambique,17.391106631246444,11.367253752440973,Biomass
1113,7.193426817161507,MOZAMBIQUE_ZAMBÉZIA_CHINDE_CHINDE SEDE,Mozambique,16.75072542017164,9.557298603010134,Biomass
1114,7.71126646801662,MOZAMBIQUE_ZAMBÉZIA_CHINDE_MICAUNE,Mozambique,20.35662767128668,12.64536120327006,Biomass
1115,9.23670804592145,MOZAMBIQUE_ZAMBÉZIA_DERRE_GUERISSA,Mozambique,26.701202454489867,17.464494408568417,Biomass
1116,7.039602680529719,MOZAMBIQUE_ZAMBÉZIA_DERRE_MACHINDO,Mozambique,21.574241327130338,14.53463864660062,Biomass
1117,6.592460480023804,MOZAMBIQUE_ZAMBÉZIA_GILÉ_ALTO LIGONHA,Mozambique,21.18870304108977,14.596242561065967,Biomass
1118,6.4043427814405485,MOZAMBIQUE_ZAMBÉZIA_GILÉ_GILÉ,Mozambique,20.079204807122718,13.67486202568217,Biomass
1119,7.564374653452397,MOZAMBIQUE_ZAMBÉZIA_GURUÈ_CIDADE DE GURUÈ,Mozambique,20.834704656738893,13.270330003286496,Biomass
1120,5.654181586233072,MOZAMBIQUE_ZAMBÉZIA_GURUÈ_LIOMA,Mozambique,15.453167385069172,9.7989857988361,Biomass
1121,7.617614810860883,MOZAMBIQUE_ZAMBÉZIA_GURUÈ_MEPUAGIUA,Mozambique,20.734437611268874,13.116822800407991,Biomass
1122,7.136436424620556,MOZAMBIQUE_ZAMBÉZIA_ILE_ILE,Mozambique,21.254624017712906,14.118187593092351,Biomass
1123,7.835220195654313,MOZAMBIQUE_ZAMBÉZIA_ILE_SOCONE,Mozambique,23.051643607794876,15.216423412140564,Biomass
1124,6.588807248849959,MOZAMBIQUE_ZAMBÉZIA_INHASSUNGE_GONHANE,Mozambique,17.76075577695034,11.17194852810038,Biomass
1125,6.96651984841267,MOZAMBIQUE_ZAMBÉZIA_INHASSUNGE_MUCUPIA,Mozambique,19.23183167909304,12.265311830680371,Biomass
1126,9.295721260545852,MOZAMBIQUE_ZAMBÉZIA_LUABO_CHIMBADZO,Mozambique,23.488033508342582,14.19231224779673,Biomass
1127,8.744900586568248,MOZAMBIQUE_ZAMBÉZIA_LUABO_SAMORA MACHEL,Mozambique,21.52954293910242,12.784642352534172,Biomass
1128,7.7857208451544695,MOZAMBIQUE_ZAMBÉZIA_LUGELA_LUGELA SEDE,Mozambique,26.756085250753838,18.97036440559937,Biomass
1129,6.9599605824235775,MOZAMBIQUE_ZAMBÉZIA_LUGELA_MUABANAMA,Mozambique,22.34769084678534,15.387730264361764,Biomass
1130,7.768197670924681,MOZAMBIQUE_ZAMBÉZIA_LUGELA_MUNHAMADE,Mozambique,25.46840766465134,17.70020999372666,Biomass
1131,8.484038515399996,MOZAMBIQUE_ZAMBÉZIA_LUGELA_TACUANE,Mozambique,32.19832497499504,23.714286459595044,Biomass
1132,7.029531995834773,MOZAMBIQUE_ZAMBÉZIA_MAGANJA DA COSTA_MAGANJA DA COSTA,Mozambique,19.537436441305196,12.507904445470423,Biomass
1133,7.405670453951394,MOZAMBIQUE_ZAMBÉZIA_MAGANJA DA COSTA_NANTE,Mozambique,21.69878902056768,14.293118566616286,Biomass
1134,7.004214246466647,MOZAMBIQUE_ZAMBÉZIA_MILANGE_MAJAUA,Mozambique,13.999979662071697,6.9957654156050495,Biomass
1135,6.587560073992153,MOZAMBIQUE_ZAMBÉZIA_MILANGE_MILANGE SEDE,Mozambique,17.198021754110307,10.610461680118155,Biomass
1136,6.656601234926315,MOZAMBIQUE_ZAMBÉZIA_MILANGE_MONGUE,Mozambique,16.61533547607006,9.958734241143747,Biomass
1137,8.021979682321557,MOZAMBIQUE_ZAMBÉZIA_MOCUBA_CIDADE DE MOCUBA,Mozambique,25.866104689418655,17.844125007097098,Biomass
1138,7.729798169624324,MOZAMBIQUE_ZAMBÉZIA_MOCUBA_MUGEBA,Mozambique,23.6815272160211,15.951729046396775,Biomass
1139,7.945350767701953,MOZAMBIQUE_ZAMBÉZIA_MOCUBA_NAMANJAVIRA,Mozambique,28.75939551318236,20.814044745480405,Biomass
1140,6.553702735020928,MOZAMBIQUE_ZAMBÉZIA_MOCUBELA_BAJONE,Mozambique,17.89358818736133,11.339885452340404,Biomass
1141,7.132888303481633,MOZAMBIQUE_ZAMBÉZIA_MOCUBELA_MOCUBELA,Mozambique,21.501942422488703,14.369054119007071,Biomass
1142,6.416388052316834,MOZAMBIQUE_ZAMBÉZIA_MOLUMBO_CORROMANA,Mozambique,14.450862999851449,8.034474947534616,Biomass
1143,6.114162977243236,MOZAMBIQUE_ZAMBÉZIA_MOLUMBO_MOLUMBO SEDE,Mozambique,15.256129014096754,9.141966036853518,Biomass
1144,8.667119230391778,MOZAMBIQUE_ZAMBÉZIA_MOPEIA_CAMPO,Mozambique,24.803119592093978,16.1360003617022,Biomass
1145,9.314353401801142,MOZAMBIQUE_ZAMBÉZIA_MOPEIA_MOPEIA SEDE,Mozambique,24.23223935816763,14.917885956366487,Biomass
1146,6.809650167961149,MOZAMBIQUE_ZAMBÉZIA_MORRUMBALA_CHIRE,Mozambique,17.386846420561827,10.577196252600679,Biomass
1147,8.790826228245757,MOZAMBIQUE_ZAMBÉZIA_MORRUMBALA_MEGAZA,Mozambique,20.380182665995818,11.58935643775006,Biomass
1148,8.441181407333698,MOZAMBIQUE_ZAMBÉZIA_MORRUMBALA_MORRUMBALA SEDE,Mozambique,22.6086738447679,14.167492437434202,Biomass
1149,6.909792383989873,MOZAMBIQUE_ZAMBÉZIA_MULEVALA_CHIRACO,Mozambique,20.36229212086821,13.452499736878337,Biomass
1150,7.323423296441894,MOZAMBIQUE_ZAMBÉZIA_MULEVALA_M BAUANE,Mozambique,21.734704513263512,14.411281216821617,Biomass
1151,7.167158170862718,MOZAMBIQUE_ZAMBÉZIA_NAMACURRA_MACUSE,Mozambique,19.677781267325713,12.510623096462995,Biomass
1152,9.273693944039817,MOZAMBIQUE_ZAMBÉZIA_NAMACURRA_MALEI,Mozambique,28.64049995770401,19.366806013664192,Biomass
1153,7.92835709843843,MOZAMBIQUE_ZAMBÉZIA_NAMACURRA_NAMACURRA SEDE,Mozambique,23.424936957288587,15.496579858850158,Biomass
1154,8.6822727031356,MOZAMBIQUE_ZAMBÉZIA_NAMARROI_NAMARROI,Mozambique,30.317191905646865,21.634919202511263,Biomass
1155,6.964041534186641,MOZAMBIQUE_ZAMBÉZIA_NAMARROI_REGONE,Mozambique,21.977838362650296,15.013796828463654,Biomass
1156,9.873521248293766,MOZAMBIQUE_ZAMBÉZIA_NICOADALA_MUNHONHA,Mozambique,30.0502539152384,20.176732666944634,Biomass
1157,8.839140585037539,MOZAMBIQUE_ZAMBÉZIA_NICOADALA_NICOADALA SEDE,Mozambique,26.42014674020384,17.5810061551663,Biomass
1158,6.425234856559935,MOZAMBIQUE_ZAMBÉZIA_PEBANE_MULELA,Mozambique,19.908806851122804,13.483571994562869,Biomass
1159,6.607352922678457,MOZAMBIQUE_ZAMBÉZIA_PEBANE_NABURI,Mozambique,20.545310072851425,13.937957150172968,Biomass
1160,6.293561937456103,MOZAMBIQUE_ZAMBÉZIA_PEBANE_PEBANE SEDE,Mozambique,18.57464471481427,12.281082777358165,Biomass
1161,6.813236368372973,MOZAMBIQUE_ZAMBÉZIA_QUELIMANE_MAQUIVAL,Mozambique,17.830327263721536,11.017090895348563,Biomass
1162,7.092785117182063,MOZAMBIQUE_ZAMBÉZIA_QUELIMANE_QUELIMANE,Mozambique,19.04110343514522,11.948318317963157,Biomass
1163,6.9092084192560055,MOZAMBIQUE_SOFALA_CIDADE DA BEIRA_INHAMIZUA,Mozambique,14.850666886069515,7.9414584668135095,Biomass
1164,4.054903050753384,MOZAMBIQUE_CABO DELGADO_QUISSANGA_QUISSANGA,Mozambique,9.492099189273848,5.437196138520464,Biomass
1165,7.292372255061008,MOZAMBIQUE_ZAMBÉZIA_NICOADALA_NAMACATA,Mozambique,20.340749905361292,13.048377650300285,Biomass
1166,5.265486013127754,NAMIBIA_ZAMBEZI_KABBE,Namibia,11.438141363910823,6.172655350783069,Biomass
1167,5.748272997303937,NAMIBIA_ZAMBEZI_KATIMA MULILO RURAL,Namibia,12.322728246013684,6.5744552487097465,Biomass
1168,6.242075259657505,NAMIBIA_ZAMBEZI_KATIMA MULILO URBAN,Namibia,14.519801436020348,8.277726176362844,Biomass
1169,4.425939070465714,NAMIBIA_ZAMBEZI_KONGOLA,Namibia,9.704405050804397,5.278465980338683,Biomass
1170,5.0661903542024,NAMIBIA_ZAMBEZI_LINYANTI,Namibia,10.69199366535645,5.6258033111540495,Biomass
1171,5.401248596940497,NAMIBIA_ZAMBEZI_SIBBINDA,Namibia,11.766555129634114,6.365306532693617,Biomass
1172,1.908863901793341,NAMIBIA_ERONGO_ARANDIS,Namibia,2.416548878093092,0.5076849762997511,Biomass
1173,2.2820690867153095,NAMIBIA_ERONGO_DAURES,Namibia,2.8900230578385457,0.6079539711232362,Biomass
1174,4.533967540470816,NAMIBIA_ERONGO_KARIBIB,Namibia,5.157892759496088,0.6239252190252715,Biomass
1175,3.6122827254409384,NAMIBIA_ERONGO_OMARURU,Namibia,4.359861603690541,0.7475788782496022,Biomass
1176,1.9582521384543592,NAMIBIA_ERONGO_SWAKOPMUND,Namibia,2.4381688290267554,0.47991669057239617,Biomass
1177,2.397831744535125,NAMIBIA_ERONGO_WALVIS BAY RURAL,Namibia,2.881132121616867,0.48330037708174167,Biomass
1178,2.1636658288914052,NAMIBIA_ERONGO_WALVIS BAY URBAN,Namibia,2.6212369004176903,0.45757107152628507,Biomass
1179,2.6321993709108353,NAMIBIA_HARDAP_GIBEON,Namibia,3.1290362618481558,0.4968368909373204,Biomass
1180,3.515761873465963,NAMIBIA_HARDAP_MARIENTAL RURAL,Namibia,4.269008587685479,0.7532467142195163,Biomass
1181,3.223574252925812,NAMIBIA_HARDAP_MARIENTAL URBAN,Namibia,3.853713215231001,0.630138962305189,Biomass
1182,3.558705559590216,NAMIBIA_HARDAP_REHOBOTH RURAL,Namibia,4.1792157489723945,0.6205101893821783,Biomass
1183,5.739767080928392,NAMIBIA_HARDAP_REHOBOTH URBAN EAST,Namibia,6.4154975150849705,0.6757304341565789,Biomass
1184,5.817863083216918,NAMIBIA_HARDAP_REHOBOTH URBAN WEST,Namibia,6.48380279056795,0.6659397073510318,Biomass
1185,2.554630325387973,NAMIBIA_//KARAS_BERSEBA,Namibia,3.03730392199169,0.4826735966037172,Biomass
1186,3.1025019731142587,NAMIBIA_//KARAS_KARASBURG,Namibia,3.578383338955945,0.4758813658416865,Biomass
1187,3.491954436399942,NAMIBIA_//KARAS_KEETMANSHOOP RURAL,Namibia,4.077103809928312,0.5851493735283699,Biomass
1188,3.0356885942656398,NAMIBIA_//KARAS_KEETMANSHOOP URBAN,Namibia,3.5566900060406135,0.5210014117749737,Biomass
1189,2.017977256439698,NAMIBIA_//KARAS_LUDERITZ,Namibia,2.404280861090692,0.386303604650994,Biomass
1190,2.1001365922151165,NAMIBIA_//KARAS_ORANJEMUND,Namibia,2.4886998698245666,0.3885632776094501,Biomass
1191,3.248533434139496,NAMIBIA_KAVANGO EAST_MASHARE,Namibia,7.334397690712374,4.0858642565728776,Biomass
1192,3.777004892672705,NAMIBIA_KAVANGO EAST_MUKWE,Namibia,8.530116861677943,4.7531119690052375,Biomass
1193,3.7581352790632914,NAMIBIA_KAVANGO EAST_NDIYONA,Namibia,8.407636588684387,4.649501309621096,Biomass
1194,3.2630836928106666,NAMIBIA_KAVANGO EAST_RUNDU RURAL WEST,Namibia,7.70030243231842,4.437218739507753,Biomass
1195,3.0973350034713727,NAMIBIA_KAVANGO EAST_RUNDU URBAN,Namibia,7.348686016670977,4.251351013199605,Biomass
1196,3.204214343920867,NAMIBIA_KAVANGO EAST_RUNDU RURAL EAST,Namibia,7.341001684810405,4.136787340889539,Biomass
1197,8.25311802841189,NAMIBIA_KHOMAS_TOBIAS HAINYEKO,Namibia,9.006979404174995,0.7538613757631047,Biomass
1198,8.688223605996274,NAMIBIA_KHOMAS_KATUTURA CENTRAL,Namibia,9.437330080255768,0.7491064742594933,Biomass
1199,8.498502068332026,NAMIBIA_KHOMAS_KATUTURA EAST,Namibia,9.24864921506852,0.7501471467364933,Biomass
1200,8.937705988688466,NAMIBIA_KHOMAS_KHOMASDAL NORTH,Namibia,9.682486722110394,0.7447807334219281,Biomass
1201,8.383325958955432,NAMIBIA_KHOMAS_SOWETO,Namibia,9.130289310304684,0.7469633513492528,Biomass
1202,8.301010642694676,NAMIBIA_KHOMAS_SAMORA MACHEL,Namibia,9.046828922006435,0.7458182793117594,Biomass
1203,10.882730859319343,NAMIBIA_KHOMAS_WINDHOEK EAST,Namibia,11.638418043311034,0.7556871839916912,Biomass
1204,4.220170264558126,NAMIBIA_KHOMAS_WINDHOEK RURAL,Namibia,4.9384256655979835,0.7182554010398574,Biomass
1205,10.799569479670584,NAMIBIA_KHOMAS_WINDHOEK WEST,Namibia,11.533279556451209,0.7337100767806248,Biomass
1206,7.41410925523031,NAMIBIA_KHOMAS_MOSES //GAROEB,Namibia,8.168373841532917,0.7542645863026074,Biomass
1207,1.625952653226181,NAMIBIA_KUNENE_EPUPA,Namibia,2.2473304306671187,0.6213777774409377,Biomass
1208,3.876088769305796,NAMIBIA_KUNENE_KAMANAJB,Namibia,4.73945976443851,0.8633709951327138,Biomass
1209,2.207663387103738,NAMIBIA_KUNENE_KHORIXAS,Namibia,2.7920416711797937,0.5843782840760556,Biomass
1210,2.259633324675562,NAMIBIA_KUNENE_OPUWO,Namibia,2.8687124641815895,0.6090791395060275,Biomass
1211,4.280195999181351,NAMIBIA_KUNENE_OUTJO,Namibia,5.361489312703671,1.0812933135223197,Biomass
1212,1.8296967155940875,NAMIBIA_KUNENE_SESFONTEIN,Namibia,2.426700976534873,0.5970042609407853,Biomass
1213,3.1356843985439498,NAMIBIA_OHANGWENA_EENHANA,Namibia,5.48997489038172,2.35429049183777,Biomass
1214,2.97676062901877,NAMIBIA_OHANGWENA_ENDOLA,Namibia,4.88739972175927,1.9106390927405004,Biomass
1215,2.7524655927742154,NAMIBIA_OHANGWENA_ENGELA,Namibia,4.744798730961411,1.9923331381871954,Biomass
1216,3.109125007821209,NAMIBIA_OHANGWENA_EPEMBE,Namibia,5.479525968998855,2.370400961177646,Biomass
1217,2.8284704161836998,NAMIBIA_OHANGWENA_OHANGWENA,Namibia,4.925317288158573,2.0968468719748734,Biomass
1218,2.872902442678535,NAMIBIA_OHANGWENA_OKONGO,Namibia,5.505786556522587,2.6328841138440517,Biomass
1219,3.680859825180458,NAMIBIA_OHANGWENA_OMUNDAUNGILO,Namibia,6.684498104946973,3.0036382797665153,Biomass
1220,3.106969470636307,NAMIBIA_OHANGWENA_ONDOBE,Namibia,5.645452081833364,2.5384826111970566,Biomass
1221,2.615729600213207,NAMIBIA_OHANGWENA_ONGENGA,Namibia,4.483515022333343,1.8677854221201358,Biomass
1222,3.009632615442071,NAMIBIA_OHANGWENA_OSHIKANGO,Namibia,5.373066996754644,2.363434381312573,Biomass
1223,2.9342688791452907,NAMIBIA_OHANGWENA_OMULONGA,Namibia,5.067472043701235,2.1332031645559444,Biomass
1224,4.122284805826412,NAMIBIA_OMAHEKE_AMINUIS,Namibia,5.058349728690097,0.936064922863685,Biomass
1225,4.668687316570522,NAMIBIA_OMAHEKE_GOBABIS,Namibia,5.621308697106997,0.9526213805364749,Biomass
1226,4.3001332620285435,NAMIBIA_OMAHEKE_KALAHARI,Namibia,5.424477264345602,1.1243440023170583,Biomass
1227,3.3291823405075274,NAMIBIA_OMAHEKE_OTJINENE,Namibia,4.928749091385427,1.5995667508778997,Biomass
1228,3.5625112953800944,NAMIBIA_OMAHEKE_OTJOMBINDE,Namibia,5.454817339925694,1.8923060445455997,Biomass
1229,3.893109211346399,NAMIBIA_OMAHEKE_STEINHAUSEN,Namibia,5.09967425944339,1.2065650480969907,Biomass
1230,3.3561204230447665,NAMIBIA_OMAHEKE_EPUKIRO,Namibia,5.199184214180515,1.8430637911357484,Biomass
1231,2.4654100387983093,NAMIBIA_OMUSATI_ANAMULENGE,Namibia,3.970286417476477,1.5048763786781678,Biomass
1232,2.618626428743334,NAMIBIA_OMUSATI_ELIM,Namibia,4.150870111019969,1.5322436822766345,Biomass
1233,2.7626088187939732,NAMIBIA_OMUSATI_ETAYI,Namibia,4.53534745396451,1.772738635170537,Biomass
1234,2.5876977506636383,NAMIBIA_OMUSATI_OGONGO,Namibia,4.003304824076819,1.415607073413181,Biomass
1235,2.740936595874097,NAMIBIA_OMUSATI_OKAHAO,Namibia,3.7335056219052336,0.9925690260311364,Biomass
1236,2.513369978315115,NAMIBIA_OMUSATI_OKALONGO,Namibia,4.10115343904402,1.5877834607289047,Biomass
1237,2.25190077020299,NAMIBIA_OMUSATI_ONESI,Namibia,3.4788960215857814,1.2269952513827915,Biomass
1238,2.650785704073682,NAMIBIA_OMUSATI_OSHIKUKU,Namibia,4.196190349808063,1.545404645734381,Biomass
1239,2.412422555802084,NAMIBIA_OMUSATI_OUTAPI,Namibia,3.787134991051019,1.3747124352489348,Biomass
1240,2.3215945454999147,NAMIBIA_OMUSATI_RUACANA,Namibia,3.297571796988918,0.9759772514890033,Biomass
1241,3.133186612890235,NAMIBIA_OMUSATI_TSANDI,Namibia,4.320087226217188,1.1869006133269533,Biomass
1242,3.11249448297878,NAMIBIA_OMUSATI_OTAMANZI,Namibia,4.3171162656118005,1.2046217826330206,Biomass
1243,2.971165482304454,NAMIBIA_OSHANA_OKAKU,Namibia,4.867962618445718,1.8967971361412639,Biomass
1244,2.8763787615806247,NAMIBIA_OSHANA_OKATANA,Namibia,4.536133241773438,1.6597544801928135,Biomass
1245,2.9533708066669293,NAMIBIA_OSHANA_OKATJALI,Namibia,4.51558227885876,1.562211472191831,Biomass
1246,2.8860889330142276,NAMIBIA_OSHANA_OMPUNDJA,Namibia,4.396301652572272,1.5102127195580444,Biomass
1247,3.060421350721031,NAMIBIA_OSHANA_ONDANGWA,Namibia,4.82831415636776,1.7678928056467291,Biomass
1248,2.9374984239165403,NAMIBIA_OSHANA_ONGWEDIVA,Namibia,4.752428719415719,1.8149302954991788,Biomass
1249,2.965970577577294,NAMIBIA_OSHANA_OSHAKATI EAST,Namibia,4.611470001467538,1.6454994238902438,Biomass
1250,3.0065599922999993,NAMIBIA_OSHANA_OSHAKATI WEST,Namibia,4.620082507840532,1.613522515540533,Biomass
1251,3.1669952022883163,NAMIBIA_OSHANA_UUKWIYU,Namibia,4.840858530211174,1.673863327922858,Biomass
1252,3.2552380902536338,NAMIBIA_OSHANA_UUVUDHIYA,Namibia,4.510004581196348,1.2547664909427145,Biomass
1253,3.7031486351145233,NAMIBIA_OSHIKOTO_EENGONDI,Namibia,5.732547549813536,2.029398914699013,Biomass
1254,3.5608155560810015,NAMIBIA_OSHIKOTO_GUINAS,Namibia,5.37410261309644,1.8132870570154385,Biomass
1255,2.7384575929185218,NAMIBIA_OSHIKOTO_OKANKOLO,Namibia,4.866942627493015,2.128485034574493,Biomass
1256,3.0866436848865786,NAMIBIA_OSHIKOTO_OLUKONDA,Namibia,4.826885885842171,1.7402422009555925,Biomass
1257,3.085739579277239,NAMIBIA_OSHIKOTO_OMUNTELE,Namibia,4.634682147706542,1.548942568429303,Biomass
1258,3.118062083249162,NAMIBIA_OSHIKOTO_OMUTHIYAGWIIPUNDI,Namibia,4.4854306546341896,1.3673685713850277,Biomass
1259,3.104795986767047,NAMIBIA_OSHIKOTO_ONAYENA,Namibia,4.991726778247189,1.8869307914801423,Biomass
1260,3.0616242884821965,NAMIBIA_OSHIKOTO_ONIIPA,Namibia,4.972547312998822,1.9109230245166255,Biomass
1261,3.0611608580807923,NAMIBIA_OSHIKOTO_ONYAANYA,Namibia,4.881837865313213,1.8206770072324208,Biomass
1262,5.660768103131722,NAMIBIA_OSHIKOTO_TSUMEB,Namibia,7.469093841577186,1.8083257384454638,Biomass
1263,3.4922466930310954,NAMIBIA_OTJOZONDJUPA_GROOTFONTEIN,Namibia,5.559517453265025,2.0672707602339297,Biomass
1264,4.856580023399428,NAMIBIA_OTJOZONDJUPA_OKAHANDJA,Namibia,5.6538451418271745,0.7972651184277462,Biomass
1265,3.579061774416285,NAMIBIA_OTJOZONDJUPA_OKAKARARA,Namibia,5.061151014532383,1.4820892401160979,Biomass
1266,4.003882149727944,NAMIBIA_OTJOZONDJUPA_OMATAKO,Namibia,5.009204718710768,1.005322568982824,Biomass
1267,4.181530673158239,NAMIBIA_OTJOZONDJUPA_OTAVI,Namibia,5.585031565732895,1.4035008925746562,Biomass
1268,3.519608892784516,NAMIBIA_OTJOZONDJUPA_OTJIWARONGO,Namibia,4.422179859580652,0.9025709667961359,Biomass
1269,3.336816022952909,NAMIBIA_OTJOZONDJUPA_TSUMKWE,Namibia,6.528302898498834,3.1914868755459245,Biomass
1270,3.1251232914272276,NAMIBIA_KAVANGO WEST_KAHENGE,Namibia,6.342737341719204,3.217614050291976,Biomass
1271,3.3505450878049947,NAMIBIA_KAVANGO WEST_KAPAKO,Namibia,7.283044970635649,3.932499882830654,Biomass
1272,3.627317095589117,NAMIBIA_KAVANGO WEST_MPUNGU,Namibia,8.498309198653029,4.870992103063912,Biomass
1273,6.446843745467132,Buffalo City (BUF),South Africa,7.120267932636159,0.6734241871690267,Biomass
1274,4.822964404429007,City of Cape Town (CPT),South Africa,5.426502776051685,0.6035383716226779,Biomass
1275,6.8358364146622055,Camdeboo/Ikwezi/Baviaans (EC101),South Africa,8.048057261329948,1.2122208466677424,Biomass
1276,6.02537294216582,Blue Crane Rout/ie (EC102),South Africa,6.72590947182308,0.7005365296572599,Biomass
1277,5.794591011997119,Makana (EC104),South Africa,6.474737116160703,0.6801461041635832,Biomass
1278,4.969228179338119,Ndlambe (EC105),South Africa,5.544007822002913,0.5747796426647946,Biomass
1279,7.281774764815189,Sundays River Valley (EC106),South Africa,8.225997509930792,0.9442227451156029,Biomass
1280,5.126351929817565,Kouga (EC108),South Africa,6.242497032520676,1.1161451027031113,Biomass
1281,4.73014486518881,Kou-Kamma (EC109),South Africa,6.724466793402646,1.9943219282138367,Biomass
1282,7.5978781287654185,Mbhashe (EC121),South Africa,8.319714330647239,0.7218362018818203,Biomass
1283,7.587849988242835,Mnquma (EC122),South Africa,8.319910260102223,0.7320602718593872,Biomass
1284,7.047937516159643,Great Kei (EC123),South Africa,7.782433558907957,0.7344960427483143,Biomass
1285,7.307562547950891,Amahlathi (EC124),South Africa,8.064360913262675,0.7567983653117842,Biomass
1286,5.730543075287248,Ngqushwa (EC126),South Africa,6.3393597231335,0.6088166478462513,Biomass
1287,7.08610878900003,Nkonkobe/Nxuba (EC129),South Africa,7.823455669780961,0.7373468807809314,Biomass
1288,6.215171200196107,Inxuba Yethemba (EC131),South Africa,6.955525752556753,0.7403545523606461,Biomass
1289,8.152791336396014,Intsika Yethu (EC135),South Africa,8.918732980416369,0.765941644020355,Biomass
1290,8.052336750033431,Emalahleni (EC136),South Africa,8.828929626615986,0.7765928765825549,Biomass
1291,10.755850022531089,Engcobo (EC137),South Africa,11.790657898965751,1.0348078764346624,Biomass
1292,9.873094806369522,Sakhisizwe (EC138),South Africa,10.947547878319584,1.074453071950062,Biomass
1293,7.237237319435907,Tsolwana/Inkwanca/Lukanji (EC139),South Africa,7.973384495106383,0.7361471756704754,Biomass
1294,10.015685806131284,Elundini (EC141),South Africa,11.28699154465905,1.2713057385277668,Biomass
1295,8.936672610412,Senqu (EC142),South Africa,9.87882188865987,0.9421492782478698,Biomass
1296,7.669362580163692,Maletswai/Gariep (EC145),South Africa,8.431691641975336,0.7623290618116441,Biomass
1297,9.275145944432678,Ngquza Hill (EC153),South Africa,10.3762887701176,1.1011428256849225,Biomass
1298,8.439081447145535,Port St Johns (EC154),South Africa,9.333227035974549,0.894145588829014,Biomass
1299,9.359593657137406,Nyandeni (EC155),South Africa,10.255227461949833,0.8956338048124266,Biomass
1300,10.813192505841581,Mhlontlo (EC156),South Africa,11.859332088833902,1.0461395829923212,Biomass
1301,8.643013894591371,King Sabata Dalindyebo (EC157),South Africa,9.457883160625816,0.8148692660344441,Biomass
1302,10.197106627885098,Matatiele (EC441),South Africa,11.380752619287167,1.1836459914020683,Biomass
1303,10.34681342327636,Umzimvubu (EC442),South Africa,11.534490076912922,1.1876766536365615,Biomass
1304,9.911362438601092,Mbizana (EC443),South Africa,11.159637251248409,1.2482748126473169,Biomass
1305,10.85475380913295,Ntabankulu (EC444),South Africa,12.113392020471267,1.258638211338317,Biomass
1306,31.23089497278074,Ekurhuleni (EKU),South Africa,33.3583861031569,2.127491130376164,Biomass
1307,14.845086331970741,eThekwini (ETH),South Africa,16.192336909410106,1.3472505774393646,Biomass
1308,7.963306237137944,Letsemeng (FS161),South Africa,8.769045575990603,0.8057393388526588,Biomass
1309,8.389715787661835,Kopanong (FS162),South Africa,9.167076159456704,0.7773603717948685,Biomass
1310,9.048976006040096,Mohokare (FS163),South Africa,9.873961578974994,0.8249855729348976,Biomass
1311,10.061209561755566,Masilonyana (FS181),South Africa,11.089944109909819,1.0287345481542527,Biomass
1312,8.139753259702422,Tokologo (FS182),South Africa,9.081318445581134,0.9415651858787122,Biomass
1313,9.385329313280463,Tswelopele (FS183),South Africa,10.422179900681495,1.036850587401032,Biomass
1314,11.942743577414909,Matjhabeng (FS184),South Africa,13.146466820555318,1.2037232431404092,Biomass
1315,11.116472978923351,Nala (FS185),South Africa,12.324144239903557,1.2076712609802058,Biomass
1316,12.269878126376607,Setsoto (FS191),South Africa,13.35756752454148,1.0876893981648728,Biomass
1317,15.052365239996636,Dihlabeng (FS192),South Africa,16.402740447392947,1.3503752073963113,Biomass
1318,16.687328677112,Nketoana (FS193),South Africa,18.12725837419285,1.4399296970808493,Biomass
1319,18.627710006312284,Maluti a Phofung (FS194),South Africa,20.61315579481764,1.9854457885053556,Biomass
1320,21.00813269164067,Phumelela (FS195),South Africa,22.80505841120028,1.79692571955961,Biomass
1321,10.785165171171396,Mantsopa (FS196),South Africa,11.747087851287278,0.9619226801158813,Biomass
1322,13.566181628481687,Moqhaka (FS201),South Africa,14.892324514929218,1.3261428864475313,Biomass
1323,18.04771735160068,Ngwathe (FS203),South Africa,19.48425826202185,1.4365409104211686,Biomass
1324,20.71517415979964,Metsimaholo (FS204),South Africa,22.308338221052658,1.5931640612530167,Biomass
1325,20.802494997601524,Mafube (FS205),South Africa,22.409775190962115,1.607280193360591,Biomass
1326,30.32070450071491,Emfuleni (GT421),South Africa,32.17987171854164,1.8591672178267302,Biomass
1327,23.75799936051236,Midvaal (GT422),South Africa,25.512829862455266,1.7548305019429051,Biomass
1328,23.514208494643622,Lesedi (GT423),South Africa,25.391606446340596,1.8773979516969739,Biomass
1329,33.94555711155748,Mogale City (GT481),South Africa,36.45781675255102,2.512259640993541,Biomass
1330,27.796751626718326,Merafong City (GT484),South Africa,29.763658933018633,1.9669073063003069,Biomass
1331,40.63877413890887,New (GT485),South Africa,43.37376443555532,2.734990296646451,Biomass
1332,36.05244259336355,City of Johannesburg (JHB),South Africa,38.31706051146947,2.2646179181059196,Biomass
1333,12.435222831414677,Umdoni (KZN212),South Africa,13.902164256277567,1.46694142486289,Biomass
1334,10.89635617403917,Umzumbe (KZN213),South Africa,12.299823752120103,1.4034675780809334,Biomass
1335,10.525543490211493,uMuziwabantu (KZN214),South Africa,12.095648089760942,1.570104599549449,Biomass
1336,9.403104992228615,Hibiscus Coast (KZN216),South Africa,10.540718601466258,1.1376136092376434,Biomass
1337,18.47866521083738,uMshwathi (KZN221),South Africa,21.310397591978766,2.8317323811413857,Biomass
1338,16.349634480305756,uMngeni (KZN222),South Africa,19.195106793615835,2.845472313310079,Biomass
1339,17.064915368783172,Mpofana (KZN223),South Africa,19.8622716691399,2.7973563003567286,Biomass
1340,13.751955320088156,Impendle (KZN224),South Africa,16.216260716346017,2.4643053962578616,Biomass
1341,15.155284417878573,The Msunduzi (KZN225),South Africa,17.522761814442184,2.3674773965636113,Biomass
1342,15.645195984727138,Mkhambathini (KZN226),South Africa,17.556678860755774,1.9114828760286358,Biomass
1343,14.268523153832575,Richmond (KZN227),South Africa,16.8609119324056,2.5923887785730244,Biomass
1344,17.535628019615977,Okhahlamba (KZN235),South Africa,19.849764625566227,2.3141366059502495,Biomass
1345,17.322794168193777,New (KZN237),South Africa,19.932569744231436,2.6097755760376593,Biomass
1346,17.96038726038851,New (KZN238),South Africa,20.20845043630203,2.2480631759135186,Biomass
1347,16.276042623533364,Endumeni (KZN241),South Africa,18.42246807124694,2.1464254477135754,Biomass
1348,13.580997926684848,Nqutu (KZN242),South Africa,15.297355053824054,1.7163571271392062,Biomass
1349,16.822257796591042,Msinga (KZN244),South Africa,18.908777897892733,2.0865201013016907,Biomass
1350,14.777462411488619,Umvoti (KZN245),South Africa,16.972324021675895,2.194861610187276,Biomass
1351,20.847031269247484,Newcastle (KZN252),South Africa,23.72520418354981,2.8781729143023256,Biomass
1352,16.909299990444037,Emadlangeni (KZN253),South Africa,19.6454429267987,2.736142936354664,Biomass
1353,24.647178222809277,Dannhauser (KZN254),South Africa,28.127489945994707,3.48031172318543,Biomass
1354,13.729775458908433,eDumbe (KZN261),South Africa,16.223150250670745,2.493374791762312,Biomass
1355,11.237513486065003,uPhongolo (KZN262),South Africa,12.93697062854791,1.6994571424829061,Biomass
1356,12.331750185816114,Abaqulusi (KZN263),South Africa,14.468787592036028,2.137037406219914,Biomass
1357,9.588654576768894,Nongoma (KZN265),South Africa,10.993764159370626,1.4051095826017317,Biomass
1358,11.845173571126072,Ulundi (KZN266),South Africa,13.593210182509756,1.748036611383684,Biomass
1359,8.143188394405271,Umhlabuyalingana (KZN271),South Africa,9.589443623429343,1.4462552290240716,Biomass
1360,9.042640409037086,Jozini (KZN272),South Africa,10.506475086125493,1.463834677088407,Biomass
1361,7.744222182570699,Mtubatuba (KZN275),South Africa,9.042536744635198,1.2983145620644994,Biomass
1362,8.016143216646084,New (KZN276),South Africa,9.281991037117752,1.2658478204716683,Biomass
1363,8.970319124983256,Mfolozi (KZN281),South Africa,10.267550911690915,1.297231786707659,Biomass
1364,9.203287913612032,uMhlathuze (KZN282),South Africa,10.417464302666218,1.2141763890541863,Biomass
1365,11.521928298162724,uMlalazi (KZN284),South Africa,12.831666603834442,1.3097383056717185,Biomass
1366,11.750070902120235,Mthonjaneni (KZN285),South Africa,13.282939974927313,1.5328690728070775,Biomass
1367,13.324375544776665,Nkandla (KZN286),South Africa,14.97228559219421,1.647910047417545,Biomass
1368,10.893742282407263,Mandeni (KZN291),South Africa,12.118503492870783,1.2247612104635195,Biomass
1369,11.820446326540429,KwaDukuza (KZN292),South Africa,13.171356518012582,1.3509101914721526,Biomass
1370,13.12011482822197,Ndwedwe (KZN293),South Africa,14.670752186615136,1.5506373583931659,Biomass
1371,13.545298408896336,Maphumulo (KZN294),South Africa,15.22673470288511,1.6814362939887744,Biomass
1372,10.998147134235941,Greater Kokstad (KZN433),South Africa,12.757793481414183,1.7596463471782418,Biomass
1373,12.480065045106434,Ubuhlebezwe (KZN434),South Africa,14.47459376893258,1.9945287238261464,Biomass
1374,11.715429935910272,Umzimkhulu (KZN435),South Africa,13.879105450016292,2.1636755141060195,Biomass
1375,14.145232715842393,New (KZN436),South Africa,17.523867754330148,3.3786350384877544,Biomass
1376,10.265697866387802,Greater Giyani (LIM331),South Africa,12.542425947736096,2.2767280813482937,Biomass
1377,15.45746284078693,Greater Letaba (LIM332),South Africa,19.099583465301325,3.642120624514396,Biomass
1378,13.561794226570544,Greater Tzaneen (LIM333),South Africa,16.807319157660697,3.245524931090152,Biomass
1379,10.92033317393896,Ba-Phalaborwa (LIM334),South Africa,13.339391808133945,2.4190586341949842,Biomass
1380,12.218737770709632,Maruleng (LIM335),South Africa,14.808434526686352,2.5896967559767194,Biomass
1381,11.447310135342622,Musina (LIM341),South Africa,13.461998220723622,2.0146880853809996,Biomass
1382,12.193337877882039,Thulamela (LIM343),South Africa,14.56588549724852,2.3725476193664807,Biomass
1383,10.412762068905803,Makhado (LIM344),South Africa,12.371771696966915,1.9590096280611125,Biomass
1384,9.473943686232987,New (LIM345),South Africa,11.801085705231312,2.327142018998325,Biomass
1385,9.698176586262711,Blouberg (LIM351),South Africa,11.507678274174848,1.809501687912137,Biomass
1386,10.752083876134893,Molemole (LIM353),South Africa,12.682529444649646,1.9304455685147524,Biomass
1387,12.5150378386521,Polokwane (LIM354),South Africa,14.495212376639447,1.980174537987347,Biomass
1388,11.921207965138723,Lepele-Nkumpi (LIM355),South Africa,14.204953717844635,2.2837457527059115,Biomass
1389,14.266301173454062,Thabazimbi (LIM361),South Africa,15.943312334189574,1.6770111607355123,Biomass
1390,10.952690946272398,Lephalale (LIM362),South Africa,12.666499602653415,1.7138086563810173,Biomass
1391,18.582260494767013,Bela-Bela (LIM366),South Africa,20.6994431712648,2.1171826764977872,Biomass
1392,12.56925432356958,Mogalakwena (LIM367),South Africa,14.464667936379616,1.8954136128100352,Biomass
1393,16.187202338838734,Modimolle/Mookgophong (LIM368),South Africa,18.25748873141073,2.0702863925719974,Biomass
1394,17.376591458951346,Ephraim Mogale (LIM471),South Africa,19.661322931557176,2.2847314726058308,Biomass
1395,20.41696647606985,Elias Motsoaledi (LIM472),South Africa,22.92666059361413,2.5096941175442815,Biomass
1396,14.300652195672484,Makhuduthamaga (LIM473),South Africa,16.38506020105451,2.084408005382027,Biomass
1397,14.50776023927088,Greater Tubatse/Fetakgomo (LIM476),South Africa,16.9324037052495,2.424643465978619,Biomass
1398,9.391274656739714,Mangaung (MAN),South Africa,10.288672650185703,0.8973979934459884,Biomass
1399,16.94675539758922,Chief Albert Luthuli (MP301),South Africa,20.103193525316353,3.1564381277271316,Biomass
1400,21.30541696699809,Msukaligwa (MP302),South Africa,24.245675342638354,2.940258375640262,Biomass
1401,14.463806936404554,Mkhondo (MP303),South Africa,17.28248148506115,2.818674548656597,Biomass
1402,20.935515108284758,Dr Pixley Ka Isaka Seme (MP304),South Africa,23.574704918945745,2.6391898106609872,Biomass
1403,24.68711935034364,Lekwa (MP305),South Africa,26.63308487664099,1.9459655262973499,Biomass
1404,22.024749395029268,Dipaleseng (MP306),South Africa,23.797526907717533,1.7727775126882648,Biomass
1405,26.4671432146161,Govan Mbeki (MP307),South Africa,28.56642472149509,2.099281506878988,Biomass
1406,27.584441389786782,Victor Khanye (MP311),South Africa,29.8391756388622,2.254734249075419,Biomass
1407,27.363545915194315,Emalahleni (MP312),South Africa,29.81541407885102,2.4518681636567052,Biomass
1408,24.407998190011938,Steve Tshwete (MP313),South Africa,26.961883914978184,2.5538857249662463,Biomass
1409,17.177956433132227,Emakhazeni (MP314),South Africa,20.218473047075204,3.0405166139429767,Biomass
1410,24.8056810969399,Thembisile (MP315),South Africa,27.732689410958887,2.9270083140189875,Biomass
1411,18.161807329270008,Dr JS Moroka (MP316),South Africa,20.15612909668957,1.9943217674195601,Biomass
1412,15.709979618121364,Thaba Chweu (MP321),South Africa,20.254581695767264,4.5446020776459,Biomass
1413,10.514026363251897,Nkomazi (MP324),South Africa,13.180563108097754,2.666536744845857,Biomass
1414,10.26484653703428,Bushbuckridge (MP325),South Africa,12.686981034568607,2.4221344975343264,Biomass
1415,15.896400173754625,Mbombela/Umjindi (MP326),South Africa,20.358957896470667,4.462557722716042,Biomass
1416,2.24603321113542,Richtersveld (NC061),South Africa,2.618043180715355,0.3720099695799348,Biomass
1417,2.6742180401297406,Nama Khoi (NC062),South Africa,3.062651628961793,0.3884335888320525,Biomass
1418,3.197716988468987,Kamiesberg (NC064),South Africa,3.574118676421658,0.37640168795267126,Biomass
1419,4.494753512778268,Hantam (NC065),South Africa,5.031358832108181,0.5366053193299125,Biomass
1420,3.2317322148527463,Karoo Hoogland (NC066),South Africa,3.7517923617157916,0.5200601468630452,Biomass
1421,3.0167150792209743,Khâi-Ma (NC067),South Africa,3.4630965941482565,0.4463815149272823,Biomass
1422,4.3879650033898585,Ubuntu (NC071),South Africa,5.077038460838684,0.6890734574488251,Biomass
1423,6.757961507863992,Umsobomvu (NC072),South Africa,7.5089772450038,0.7510157371398085,Biomass
1424,5.456215747325896,Emthanjeni (NC073),South Africa,6.147443161994901,0.6912274146690054,Biomass
1425,4.250244814360624,Kareeberg (NC074),South Africa,4.83832972484022,0.588084910479596,Biomass
1426,6.927673226063565,Renosterberg (NC075),South Africa,7.650505391096842,0.7228321650332772,Biomass
1427,6.047058626102346,Thembelihle (NC076),South Africa,6.7908291072628755,0.7437704811605297,Biomass
1428,5.19863323966803,Siyathemba (NC077),South Africa,5.847143776226364,0.6485105365583337,Biomass
1429,6.1761598012532355,Siyancuma (NC078),South Africa,6.9383183916568365,0.762158590403601,Biomass
1430,3.8212781225660746,Kai !Garib (NC082),South Africa,4.366791002576662,0.5455128800105871,Biomass
1431,4.574708859177223,!Kheis (NC084),South Africa,5.182999151795493,0.6082902926182703,Biomass
1432,6.366984272147382,Tsantsabane (NC085),South Africa,7.153777637182197,0.7867933650348142,Biomass
1433,7.547763336466556,Kgatelopele (NC086),South Africa,8.44833272938606,0.900569392919504,Biomass
1434,4.309626171508185,//Khara Hais/Mier (NC087),South Africa,4.995027776822277,0.6854016053140919,Biomass
1435,7.518032852203598,Sol Plaatjie (NC091),South Africa,8.406231822368532,0.8881989701649342,Biomass
1436,7.606725568425107,Dikgatlong (NC092),South Africa,8.56020491206068,0.9534793436355731,Biomass
1437,8.062989772471113,Magareng (NC093),South Africa,9.089956556530025,1.0269667840589118,Biomass
1438,8.607701241605568,Phokwane (NC094),South Africa,9.597441391502327,0.9897401498967593,Biomass
1439,7.019273891224785,Joe Morolong (NC451),South Africa,7.943405387135913,0.9241314959111282,Biomass
1440,8.056547559376748,Ga-Segonyana (NC452),South Africa,8.976681456836765,0.9201338974600173,Biomass
1441,8.165045711976763,Gamagara (NC453),South Africa,9.052164041201253,0.8871183292244904,Biomass
1442,6.5639013376335935,Nelson Mandela Bay (NMA),South Africa,7.2902099545319565,0.726308616898363,Biomass
1443,23.23941858642175,Moretele (NW371),South Africa,25.688395358343577,2.448976771921828,Biomass
1444,23.225849878922368,Local Municipality of Madibeng (NW372),South Africa,25.565870197594293,2.3400203186719253,Biomass
1445,25.97608170403606,Rustenburg (NW373),South Africa,28.243298258428332,2.2672165543922738,Biomass
1446,20.73651403211488,Kgetlengrivier (NW374),South Africa,22.595749122887362,1.8592350907724828,Biomass
1447,17.780275368513564,Moses Kotane (NW375),South Africa,19.570463951160676,1.7901885826471116,Biomass
1448,11.720341197457666,Ratlou (NW381),South Africa,12.996587387807818,1.276246190350152,Biomass
1449,12.976540394362736,Tswaing (NW382),South Africa,14.312177503809927,1.335637109447191,Biomass
1450,13.715057096878004,Mafikeng (NW383),South Africa,15.14156205954563,1.4265049626676252,Biomass
1451,16.00890600858003,Ditsobotla (NW384),South Africa,17.59845143471315,1.589545426133121,Biomass
1452,14.716563641825841,Ramotshere Moiloa (NW385),South Africa,16.262566394904457,1.546002753078616,Biomass
1453,9.901933485021654,Naledi (NW392),South Africa,11.036274933904284,1.1343414488826298,Biomass
1454,10.193643651722875,Mamusa (NW393),South Africa,11.328450265062344,1.1348066133394692,Biomass
1455,10.983119191704864,Greater Taung (NW394),South Africa,12.044573549826845,1.0614543581219813,Biomass
1456,9.330969024047782,Lekwa-Teemane (NW396),South Africa,10.398389646524137,1.0674206224763552,Biomass
1457,7.821741082116437,Kagisano/Molopo (NW397),South Africa,8.893880259630855,1.0721391775144182,Biomass
1458,15.489628336775175,City of Matlosana (NW403),South Africa,16.984837569517406,1.4952092327422317,Biomass
1459,11.676140535011454,Maquassi Hills (NW404),South Africa,12.9803931190269,1.3042525840154457,Biomass
1460,22.27369539585739,Ventersdorp/Tlokwe (NW405),South Africa,24.08033593075133,1.806640534893937,Biomass
1461,27.963500073112854,City of Tshwane (TSH),South Africa,30.455503595747984,2.4920035226351303,Biomass
1462,2.7346262236346393,Matzikama (WC011),South Africa,3.1517792048009077,0.4171529811662684,Biomass
1463,3.3658480585469475,Cederberg (WC012),South Africa,4.5280821800418085,1.162234121494861,Biomass
1464,3.4702876850681443,Bergrivier (WC013),South Africa,4.222268696998211,0.7519810119300665,Biomass
1465,3.0275290388786917,Saldanha Bay (WC014),South Africa,3.5143108617858267,0.486781822907135,Biomass
1466,3.465784098734927,Swartland (WC015),South Africa,4.088317196722804,0.6225330979878771,Biomass
1467,3.722608354310557,Witzenberg (WC022),South Africa,4.578985012514283,0.8563766582037262,Biomass
1468,4.271962495141493,Drakenstein (WC023),South Africa,5.109363644363016,0.837401149221523,Biomass
1469,7.021079662820524,Stellenbosch (WC024),South Africa,7.955430210662934,0.9343505478424099,Biomass
1470,4.159743952295762,Breede Valley (WC025),South Africa,5.07788761010063,0.9181436578048681,Biomass
1471,4.755217087148767,Langeberg (WC026),South Africa,5.907600880021913,1.1523837928731453,Biomass
1472,5.12653466610854,Theewaterskloof (WC031),South Africa,6.116855605499287,0.9903209393907471,Biomass
1473,4.072079492834524,Overstrand (WC032),South Africa,4.896233983719251,0.8241544908847267,Biomass
1474,3.9373633791396827,Cape Agulhas (WC033),South Africa,5.038911874731138,1.1015484955914552,Biomass
1475,4.447708123006581,Swellendam (WC034),South Africa,5.709805568195382,1.2620974451888003,Biomass
1476,4.523800553340602,Kannaland (WC041),South Africa,6.01499334450105,1.4911927911604481,Biomass
1477,4.224192994032404,Hessequa (WC042),South Africa,6.381569674950301,2.1573766809178965,Biomass
1478,4.430663436698793,Mossel Bay (WC043),South Africa,7.723479031316687,3.2928155946178945,Biomass
1479,5.538402348957616,George (WC044),South Africa,17.39014129404197,11.851738945084355,Biomass
1480,5.049695793559865,Oudtshoorn (WC045),South Africa,8.358278812957765,3.3085830193979007,Biomass
1481,5.02294802213272,Bitou (WC047),South Africa,9.84652203815999,4.823574016027269,Biomass
1482,4.897255868450323,Knysna (WC048),South Africa,22.325687684624214,17.42843181617389,Biomass
1483,3.5150883657069234,Laingsburg (WC051),South Africa,4.293539696342827,0.7784513306359035,Biomass
1484,3.6173528919443125,Prince Albert (WC052),South Africa,4.706886323000216,1.0895334310559033,Biomass
1485,3.9715764433639293,Beaufort West (WC053),South Africa,4.839326271093451,0.8677498277295213,Biomass
1486,13.13847186594526,Timphisini,Eswatini,15.946889236722424,2.808417370777164,Biomass
1487,14.330547251199333,Ntfonjeni,Eswatini,17.468227305810874,3.1376800546115415,Biomass
1488,12.690301933134547,Mayiwane,Eswatini,15.209966027424773,2.519664094290226,Biomass
1489,11.553123968721643,Mhlangatane,Eswatini,13.90241277204814,2.3492888033264965,Biomass
1490,13.543888790108237,Ndzingeni,Eswatini,16.172648736368213,2.6287599462599758,Biomass
1491,12.850055075836057,Madlangempisi,Eswatini,15.234353829532918,2.3842987536968607,Biomass
1492,13.513140277871102,Maphalaleni,Eswatini,15.874709983029843,2.3615697051587414,Biomass
1493,14.16677365615727,Pigg's Peak,Eswatini,17.506433567382736,3.339659911225466,Biomass
1494,14.210728866343707,Nkhaba,Eswatini,17.041436511058446,2.830707644714739,Biomass
1495,13.534221791728761,Motjane,Eswatini,16.134854038552064,2.6006322468233023,Biomass
1496,13.597679791240452,Mbabane West,Eswatini,16.138481476844362,2.5408016856039097,Biomass
1497,14.043566884232112,Mbabane East,Eswatini,16.712670258963307,2.669103374731195,Biomass
1498,13.552057970844485,Hhukwini,Eswatini,16.013226447946327,2.4611684771018414,Biomass
1499,13.757973133166724,Lobamba,Eswatini,16.295384207646645,2.5374110744799214,Biomass
1500,12.071256224549243,Mkhiweni,Eswatini,14.236629646382799,2.1653734218335554,Biomass
1501,12.285656250917894,Kukhanyeni,Eswatini,14.374706906108216,2.089050655190322,Biomass
1502,11.774983585915143,Mafutseni,Eswatini,13.721446855063753,1.9464632691486106,Biomass
1503,12.264877682509809,Mthongwaneni,Eswatini,14.156854643471432,1.8919769609616228,Biomass
1504,12.164219982640219,Manzini North,Eswatini,14.14329611292166,1.9790761302814417,Biomass
1505,12.254854367099398,Manzini South,Eswatini,14.236445098020582,1.9815907309211838,Biomass
1506,12.602303685130977,Kwaluseni,Eswatini,14.658795085643566,2.0564914005125896,Biomass
1507,13.092086536375735,Ludzeludze,Eswatini,15.242415643670611,2.1503291072948763,Biomass
1508,12.873063097505424,Lobamba Lomdzala,Eswatini,15.111314219793789,2.2382511222883643,Biomass
1509,11.975896602561109,Nhlambeni,Eswatini,13.870729443272701,1.894832840711592,Biomass
1510,13.245617213933707,Ntondozi,Eswatini,15.342180949378367,2.0965637354446596,Biomass
1511,12.576426078509094,La-Mgabhi,Eswatini,14.790285406153304,2.21385932764421,Biomass
1512,13.696032383514895,Mhlambanyatsi,Eswatini,16.19736213559341,2.5013297520785134,Biomass
1513,14.898532629397474,Mangcongco,Eswatini,17.306071800469887,2.407539171072413,Biomass
1514,13.688542562666454,Ngwempisi,Eswatini,15.94642310778488,2.257880545118427,Biomass
1515,13.48601976501403,Mahlangatsha,Eswatini,15.498410047651848,2.012390282637819,Biomass
1516,12.25432964926035,Kubuta,Eswatini,14.057331969073102,1.8030023198127516,Biomass
1517,12.537279892778312,Nkwene,Eswatini,14.448622995598987,1.911343102820675,Biomass
1518,12.379854733524267,Mtsambama,Eswatini,14.216567255055496,1.8367125215312292,Biomass
1519,12.904032060316569,Gege,Eswatini,15.090961150335135,2.186929090018566,Biomass
1520,12.372457124566836,Mbangweni,Eswatini,14.295293270356357,1.9228361457895211,Biomass
1521,12.929852811868363,Maseyisini,Eswatini,14.955250955806667,2.025398143938304,Biomass
1522,12.959857957453938,Sandleni,Eswatini,14.85593992838055,1.8960819709266126,Biomass
1523,12.37179632382594,Ngudzeni,Eswatini,14.168930063777001,1.797133739951061,Biomass
1524,12.66440730623899,Zombodze,Eswatini,14.556997840358168,1.8925905341191775,Biomass
1525,12.973432027658427,Shiselweni,Eswatini,14.856090571219742,1.8826585435613143,Biomass
1526,12.414758513817668,Hosea,Eswatini,14.229798630251018,1.8150401164333498,Biomass
1527,11.93875734355139,Sigwe,Eswatini,13.706989727283442,1.7682323837320517,Biomass
1528,11.642958695635729,Matsanjeni South,Eswatini,13.388243745559382,1.7452850499236536,Biomass
1529,10.73006643087094,Somntongo,Eswatini,12.405446782347006,1.6753803514760666,Biomass
1530,10.393393128394944,Lubuli,Eswatini,12.10798596022029,1.714592831825346,Biomass
1531,11.73930731516276,Sithobela,Eswatini,13.52627285770576,1.7869655425429993,Biomass
1532,10.075550904829067,Nkilongo,Eswatini,11.904292698587614,1.8287417937585477,Biomass
1533,10.872866502868014,Siphofaneni,Eswatini,12.707698410410341,1.834831907542327,Biomass
1534,10.012827858998746,Mpolonjeni,Eswatini,11.98940388388565,1.9765760248869046,Biomass
1535,9.910129734296374,Matsanjeni North,Eswatini,12.02358107512267,2.1134513408262965,Biomass
1536,9.856893342852594,Lugongolweni,Eswatini,12.238595841685466,2.3817024988328725,Biomass
1537,10.448310269396929,Dvokodvweni,Eswatini,12.478699324405648,2.030389055008719,Biomass
1538,10.619515503439805,Hlane,Eswatini,12.873601321080951,2.254085817641146,Biomass
1539,10.515060628840159,Mhlume,Eswatini,12.920179678403343,2.4051190495631847,Biomass
1540,10.265547687392605,Lomahasha,Eswatini,13.093734163736446,2.8281864763438413,Biomass
1541,7.366118631948038,ZAMBIA_CENTRAL_CHIBOMBO_CHISAMBA,Zambia,15.305042568283604,7.9389239363355655,Biomass
1542,5.526910804858252,ZAMBIA_CENTRAL_CHIBOMBO_KATUBA,Zambia,10.929483601741541,5.402572796883289,Biomass
1543,4.796771262352156,ZAMBIA_CENTRAL_CHIBOMBO_KEEMBE,Zambia,10.005804707159253,5.209033444807098,Biomass
1544,9.412693036771097,ZAMBIA_CENTRAL_KABWE_BWACHA,Zambia,21.680788544676332,12.268095507905235,Biomass
1545,5.872673261566561,ZAMBIA_CENTRAL_KABWE_KABWE CENTRAL,Zambia,11.930210414911476,6.057537153344915,Biomass
1546,12.254948404258995,ZAMBIA_CENTRAL_KAPIRI MPOSHI_KAPIRI MPOSHI,Zambia,30.94267403118965,18.687725626930657,Biomass
1547,5.153618524015145,ZAMBIA_CENTRAL_MKUSHI_MKUSHI NORTH,Zambia,10.204519990620764,5.050901466605619,Biomass
1548,6.560514555484345,ZAMBIA_CENTRAL_MKUSHI_MKUSHI SOUTH,Zambia,14.074081074043997,7.513566518559652,Biomass
1549,6.89992204083523,ZAMBIA_CENTRAL_MUMBWA_MUMBWA,Zambia,19.49018593155605,12.590263890720818,Biomass
1550,6.327117195684692,ZAMBIA_CENTRAL_MUMBWA_MWEMBESHI,Zambia,11.888379303477981,5.561262107793289,Biomass
1551,4.774192919423682,ZAMBIA_CENTRAL_MUMBWA_NANGOMA,Zambia,9.7561356836748665,4.981942764251184,Biomass
1552,3.635269213927174,ZAMBIA_CENTRAL_SERENJE_CHITAMBO,Zambia,11.26434383450508,7.6290746205779065,Biomass
1553,7.971541770179754,ZAMBIA_CENTRAL_SERENJE_MUCHINGA,Zambia,26.66791155088286,18.696369780703105,Biomass
1554,4.09860602567452,ZAMBIA_CENTRAL_SERENJE_SERENJE,Zambia,12.105928124564052,8.007322098889532,Biomass
1555,7.074413304486758,ZAMBIA_COPPERBELT_CHILILABOMBWE_CHILILABOMBWE,Zambia,11.499549951152677,4.425136646665918,Biomass
1556,5.80626426201585,ZAMBIA_COPPERBELT_CHINGOLA_CHINGOLA,Zambia,9.545081643742952,3.7388173817271015,Biomass
1557,9.866282395338258,ZAMBIA_COPPERBELT_CHINGOLA_NCHANGA,Zambia,14.895145226035485,5.028862830697227,Biomass
1558,11.737905765957086,ZAMBIA_COPPERBELT_KALULUSHI_KALULUSHI,Zambia,19.51118358768472,7.773277821727634,Biomass
1559,11.026246791524017,ZAMBIA_COPPERBELT_KITWE_CHIMWEMWE,Zambia,15.769552886145593,4.743306094621577,Biomass
1560,11.799071045308418,ZAMBIA_COPPERBELT_KITWE_KAMFINSA,Zambia,17.90493161950269,6.105860574194272,Biomass
1561,10.41640362904733,ZAMBIA_COPPERBELT_KITWE_KWACHA,Zambia,15.55607333486573,5.139669705818399,Biomass
1562,12.134037653020547,ZAMBIA_COPPERBELT_KITWE_NKANA,Zambia,16.76512550766806,4.631087854647513,Biomass
1563,12.431072277345976,ZAMBIA_COPPERBELT_KITWE_WUSAKILE,Zambia,17.691234145362177,5.260161868016201,Biomass
1564,12.045563795031327,ZAMBIA_COPPERBELT_LUANSHYA_LUANSHYA,Zambia,17.207910612750638,5.16234681771931,Biomass
1565,12.281852360894844,ZAMBIA_COPPERBELT_LUANSHYA_ROAN,Zambia,18.163977748204637,5.882125387309793,Biomass
1566,6.822105783594437,ZAMBIA_COPPERBELT_LUFWANYAMA_LUFWANYAMA,Zambia,14.430536179496297,7.60843039590186,Biomass
1567,9.478468180656602,ZAMBIA_COPPERBELT_MASAITI_KAFULAFUTA,Zambia,14.422684415348286,4.944216234691684,Biomass
1568,11.496242457249126,ZAMBIA_COPPERBELT_MASAITI_MASAITI,Zambia,17.640247748415362,6.144005291166236,Biomass
1569,9.205268292453994,ZAMBIA_COPPERBELT_MPONGWE_MPONGWE,Zambia,21.580411554599834,12.37514326214584,Biomass
1570,6.556229550618407,ZAMBIA_COPPERBELT_MUFULIRA_KANKOYO,Zambia,10.416515538429735,3.860285987811328,Biomass
1571,5.303726255709619,ZAMBIA_COPPERBELT_MUFULIRA_KANTANSHI,Zambia,9.01125428392612,3.7075280282165,Biomass
1572,7.792063351597525,ZAMBIA_COPPERBELT_MUFULIRA_MUFULIRA,Zambia,12.173030203989633,4.380966852392108,Biomass
1573,10.76973075748202,ZAMBIA_COPPERBELT_NDOLA_BWANA MKUBWA,Zambia,16.10854932692376,5.338818569441742,Biomass
1574,8.843777200285674,ZAMBIA_COPPERBELT_NDOLA_CHIFUBU,Zambia,13.496600006482524,4.65282280619685,Biomass
1575,10.190557952413151,ZAMBIA_COPPERBELT_NDOLA_KABUSHI,Zambia,15.232704315520174,5.0421463631070225,Biomass
1576,11.024625588419353,ZAMBIA_COPPERBELT_NDOLA_NDOLA,Zambia,16.480671256430554,5.4560456680112015,Biomass
1577,3.973359172550169,ZAMBIA_EASTERN_CHADIZA_CHADIZA,Zambia,8.462686484528035,4.489327311977866,Biomass
1578,5.03762968154429,ZAMBIA_EASTERN_CHADIZA_VUBWI,Zambia,10.009504363599358,4.971874682055068,Biomass
1579,4.013572824586794,ZAMBIA_EASTERN_CHIPATA_CHIPANGALI,Zambia,10.235706776712263,6.222133952125469,Biomass
1580,4.7037418015776105,ZAMBIA_EASTERN_CHIPATA_CHIPATA,Zambia,11.020484068626736,6.316742267049126,Biomass
1581,4.1304099546030955,ZAMBIA_EASTERN_CHIPATA_KASENENGWA,Zambia,10.011213629096758,5.880803674493663,Biomass
1582,4.759526016669093,ZAMBIA_EASTERN_CHIPATA_LUANGENI,Zambia,10.190239254552695,5.4307132378836025,Biomass
1583,5.0022252836042655,ZAMBIA_EASTERN_KATETE_MILANZI,Zambia,10.394921601444034,5.392696317839769,Biomass
1584,3.880781656545952,ZAMBIA_EASTERN_KATETE_MKAIKA,Zambia,9.245649253878923,5.364867597332971,Biomass
1585,5.084893647955344,ZAMBIA_EASTERN_KATETE_SINDA,Zambia,12.598169652001923,7.513276004046579,Biomass
1586,3.2272198767999396,ZAMBIA_EASTERN_LUNDAZI_CHASEFU,Zambia,8.395459398870692,5.168239522070753,Biomass
1587,3.408695693194015,ZAMBIA_EASTERN_LUNDAZI_LUMEZI,Zambia,9.189814241994423,5.781118548800408,Biomass
1588,3.36906123874525,ZAMBIA_EASTERN_LUNDAZI_LUNDAZI,Zambia,8.053643315833897,4.684582077088647,Biomass
1589,3.485631938071513,ZAMBIA_EASTERN_MAMBWE_MALAMBO,Zambia,9.480998476308681,5.9953665382371675,Biomass
1590,4.812882117157801,ZAMBIA_EASTERN_NYIMBA_NYIMBA,Zambia,12.592433554208501,7.7795514370507,Biomass
1591,4.222888525410295,ZAMBIA_EASTERN_PETAUKE_KAPOCHE,Zambia,10.058227583393606,5.835339057983311,Biomass
1592,4.368088165965509,ZAMBIA_EASTERN_PETAUKE_MSANZALA,Zambia,10.95852184892189,6.590433682956381,Biomass
1593,4.287035022966749,ZAMBIA_EASTERN_PETAUKE_PETAUKE,Zambia,11.6121709324982,7.325135909531451,Biomass
1594,2.7706550044242677,ZAMBIA_LUAPULA_CHIENGE_CHIENGE,Zambia,9.286358494905851,6.515703490481584,Biomass
1595,3.9185547518317283,ZAMBIA_LUAPULA_KAWAMBWA_KAWAMBWA,Zambia,13.11909582951643,9.200541077684703,Biomass
1596,3.7688537604338537,ZAMBIA_LUAPULA_KAWAMBWA_MWANSABOMBWE,Zambia,10.099129897084758,6.330276136650904,Biomass
1597,3.6912130524649784,ZAMBIA_LUAPULA_KAWAMBWA_PAMBASHE,Zambia,12.52131401188117,8.830100959416193,Biomass
1598,3.352379000141961,ZAMBIA_LUAPULA_MANSA_BAHATI,Zambia,10.143376204034876,6.790997203892915,Biomass
1599,3.1779386881077456,ZAMBIA_LUAPULA_MANSA_MANSA,Zambia,9.766948069254855,6.589009381147109,Biomass
1600,5.382058660318643,ZAMBIA_LUAPULA_MILENGE_CHEMBE,Zambia,18.681399974071066,13.299341313752423,Biomass
1601,4.38043659368132,ZAMBIA_LUAPULA_MWENSE_CHIPILI,Zambia,13.536559767829324,9.156123174148004,Biomass
1602,2.9281831641822285,ZAMBIA_LUAPULA_MWENSE_MAMBILIMA,Zambia,8.93454575101132,6.006362586829092,Biomass
1603,4.941429884680893,ZAMBIA_LUAPULA_MWENSE_MWENSE,Zambia,12.62650428460092,7.685074399920026,Biomass
1604,2.7573965444348203,ZAMBIA_LUAPULA_NCHELENGE_NCHELENGE,Zambia,7.516018879231532,4.758622334796712,Biomass
1605,4.87240807541535,ZAMBIA_LUAPULA_SAMFYA_BANGEULU,Zambia,16.05304015213413,11.18063207671878,Biomass
1606,7.653965393023366,ZAMBIA_LUAPULA_SAMFYA_CHIFUNABULI,Zambia,20.85435518589987,13.200389792876503,Biomass
1607,4.051912972951081,ZAMBIA_LUAPULA_SAMFYA_LUAPULA,Zambia,11.541746494688894,7.489833521737813,Biomass
1608,8.715516147197812,ZAMBIA_LUSAKA_CHONGWE_CHONGWE,Zambia,17.169841600347752,8.45432545314994,Biomass
1609,6.862129375513368,ZAMBIA_LUSAKA_CHONGWE_RUFUNSA,Zambia,15.84365238369966,8.98152300818629,Biomass
1610,7.216092304353547,ZAMBIA_LUSAKA_KAFUE_CHILANGA,Zambia,13.045253206845835,5.829160902492288,Biomass
1611,9.690698901090109,ZAMBIA_LUSAKA_KAFUE_KAFUE,Zambia,18.80477252344101,9.114073622350901,Biomass
1612,6.537706268631073,ZAMBIA_LUSAKA_LUANGWA_FEIRA,Zambia,14.878769151422484,8.34106288279141,Biomass
1613,9.40042016852919,ZAMBIA_LUSAKA_LUSAKA_CHAWAMA,Zambia,15.40204999427229,6.0016298257431,Biomass
1614,8.320897086951422,ZAMBIA_LUSAKA_LUSAKA_KABWATA,Zambia,14.289960614406342,5.969063527454919,Biomass
1615,8.739479362209488,ZAMBIA_LUSAKA_LUSAKA_KANYAMA,Zambia,14.752078281346616,6.012598919137128,Biomass
1616,7.92795689838393,ZAMBIA_LUSAKA_LUSAKA_LUSAKA CENTRAL,Zambia,14.829824154374826,6.901867255990896,Biomass
1617,6.545730308292469,ZAMBIA_LUSAKA_LUSAKA_MANDEVU,Zambia,12.089455089608172,5.543724781315704,Biomass
1618,6.157239531221498,ZAMBIA_LUSAKA_LUSAKA_MATERO,Zambia,11.569360511011983,5.412120979790485,Biomass
1619,6.912850505815477,ZAMBIA_LUSAKA_LUSAKA_MUNALI,Zambia,13.6219211302678,6.709070624452323,Biomass
1620,4.477867297893316,ZAMBIA_MUCHINGA_CHAMA_CHAMA NORTH,Zambia,12.856790972941244,8.378923675047929,Biomass
1621,4.0769389222464145,ZAMBIA_MUCHINGA_CHAMA_CHAMA SOUTH,Zambia,11.44826053863445,7.371321616388036,Biomass
1622,4.658902277068939,ZAMBIA_MUCHINGA_CHINSALI_CHINSALI,Zambia,14.189277483476264,9.530375206407324,Biomass
1623,3.2719710644828734,ZAMBIA_MUCHINGA_CHINSALI_SHIWANGANDU,Zambia,9.787730495341222,6.515759430858349,Biomass
1624,2.7374871417949955,ZAMBIA_MUCHINGA_ISOKA_ISOKA,Zambia,7.565529944661644,4.828042802866648,Biomass
1625,8.953135172873743,ZAMBIA_MUCHINGA_MAFINGA_MAFINGA,Zambia,20.33496362423804,11.381828451364296,Biomass
1626,3.655889704255233,ZAMBIA_MUCHINGA_MPIKA_KANCHIBIYA,Zambia,11.607533678520479,7.951643974265246,Biomass
1627,3.665972180699473,ZAMBIA_MUCHINGA_MPIKA_MFUWE,Zambia,10.853719645371886,7.187747464672412,Biomass
1628,4.4285440557609,ZAMBIA_MUCHINGA_MPIKA_MPIKA,Zambia,13.59321604158606,9.16467198582516,Biomass
1629,1.5082268592590595,ZAMBIA_MUCHINGA_NAKONDE_NAKONDE,Zambia,3.975343619895642,2.4671167606365825,Biomass
1630,4.827210288251657,ZAMBIA_NORTH-WESTERN_CHAVUMA_CHAVUMA,Zambia,13.569462694677078,8.742252406425422,Biomass
1631,2.7571147079508367,ZAMBIA_NORTH-WESTERN_IKELENGE_IKELENGE,Zambia,6.871006185549199,4.1138914775983615,Biomass
1632,6.294880290483875,ZAMBIA_NORTH-WESTERN_KABOMPO_KABOMPO EAST,Zambia,16.14779750626725,9.852917215783375,Biomass
1633,6.546373749740037,ZAMBIA_NORTH-WESTERN_KABOMPO_KABOMPO WEST,Zambia,20.27754900622611,13.731175256486072,Biomass
1634,5.340822527462273,ZAMBIA_NORTH-WESTERN_KASEMPA_KASEMPA,Zambia,13.866514114953524,8.525691587491252,Biomass
1635,5.130174375418626,ZAMBIA_NORTH-WESTERN_MUFUMBWE_MUFUMBWE,Zambia,14.159177110790063,9.029002735371437,Biomass
1636,4.831714051259944,ZAMBIA_NORTH-WESTERN_MWINILUNGA_MWINILUNGA,Zambia,12.034970571030897,7.203256519770953,Biomass
1637,4.323387508135026,ZAMBIA_NORTH-WESTERN_SOLWEZI_SOLWEZI CENTRAL,Zambia,9.625532836223426,5.3021453280884,Biomass
1638,4.158827229613902,ZAMBIA_NORTH-WESTERN_SOLWEZI_SOLWEZI EAST,Zambia,8.570745184796223,4.4119179551823215,Biomass
1639,5.027565682952886,ZAMBIA_NORTH-WESTERN_SOLWEZI_SOLWEZI WEST,Zambia,12.16337708867771,7.135811405724823,Biomass
1640,5.8561268804548465,ZAMBIA_NORTH-WESTERN_ZAMBEZI_ZAMBEZI EAST,Zambia,18.987784788334366,13.13165790787952,Biomass
1641,4.792264916964928,ZAMBIA_NORTH-WESTERN_ZAMBEZI_ZAMBEZI WEST,Zambia,13.328133182993604,8.535868266028675,Biomass
1642,4.478760944588379,ZAMBIA_NORTHERN_CHILUBI_CHILUBI,Zambia,14.418866358236471,9.94010541364809,Biomass
1643,3.3436317096761803,ZAMBIA_NORTHERN_KAPUTA_CHIMBAMILONGA,Zambia,10.737838796542313,7.394207086866133,Biomass
1644,2.866340451550073,ZAMBIA_NORTHERN_KAPUTA_KAPUTA,Zambia,9.136746379037412,6.270405927487339,Biomass
1645,3.3514338767137755,ZAMBIA_NORTHERN_KASAMA_KASAMA,Zambia,9.485982608985905,6.13454873227213,Biomass
1646,4.823231678631729,ZAMBIA_NORTHERN_KASAMA_LUKASHYA,Zambia,14.475789497261175,9.652557818629447,Biomass
1647,3.9866937683011674,ZAMBIA_NORTHERN_LUWINGU_LUBASENSHI,Zambia,13.312042160593599,9.325348392292431,Biomass
1648,4.641075923878067,ZAMBIA_NORTHERN_LUWINGU_LUPOSOSHI,Zambia,15.454823621317592,10.813747697439524,Biomass
1649,2.1944732630899066,ZAMBIA_NORTHERN_MBALA_MBALA,Zambia,5.821929211931522,3.6274559488416154,Biomass
1650,4.848618249344117,ZAMBIA_NORTHERN_MBALA_NSENGA HILL,Zambia,13.532465494111047,8.68384724476693,Biomass
1651,3.8473774283999687,ZAMBIA_NORTHERN_MPOROKOSO_LUNTE,Zambia,11.73423791090013,7.886860482500162,Biomass
1652,5.529204767403671,ZAMBIA_NORTHERN_MPOROKOSO_MPOROKOSO,Zambia,20.453327095186374,14.924122327782703,Biomass
1653,3.686475254985791,ZAMBIA_NORTHERN_MPULUNGU_MPULUNGU,Zambia,10.554701950029738,6.868226695043948,Biomass
1654,4.4035414847292635,ZAMBIA_NORTHERN_MUNGWI_MALOLE,Zambia,13.10794907957883,8.704407594849567,Biomass
1655,7.237365695169687,ZAMBIA_SOUTHERN_CHOMA_CHOMA,Zambia,12.377197831114955,5.1398321359452686,Biomass
1656,7.0518379198821615,ZAMBIA_SOUTHERN_CHOMA_MBABALA,Zambia,13.46119898674647,6.409361066864309,Biomass
1657,7.964832607897672,ZAMBIA_SOUTHERN_CHOMA_PEMBA,Zambia,13.20762660849855,5.242794000600878,Biomass
1658,8.074823453212229,ZAMBIA_SOUTHERN_GWEMBE_GWEMBE,Zambia,13.369903434529263,5.295079981317034,Biomass
1659,4.691238957533913,ZAMBIA_SOUTHERN_ITEZHI-TEZHI_ITEZHI-TEZHI,Zambia,12.173303429657263,7.4820644721233505,Biomass
1660,5.434877861351836,ZAMBIA_SOUTHERN_KALOMO_DUNDUMWEZI,Zambia,12.555834134351663,7.120956272999827,Biomass
1661,6.02306643800692,ZAMBIA_SOUTHERN_KALOMO_KALOMO CENTRAL,Zambia,11.313262347319334,5.2901959093124145,Biomass
1662,7.590311460610084,ZAMBIA_SOUTHERN_KALOMO_MAPATIZYA,Zambia,12.535291234847875,4.944979774237791,Biomass
1663,6.190013114093336,ZAMBIA_SOUTHERN_KAZUNGULA_KATOMBOLA,Zambia,13.48329814300807,7.293285028914735,Biomass
1664,6.829162006350989,ZAMBIA_SOUTHERN_LIVINGSTONE_LIVINGSTONE,Zambia,12.379722598090698,5.550560591739709,Biomass
1665,9.369454996143869,ZAMBIA_SOUTHERN_MAZABUKA_CHIKANKANTA,Zambia,16.186829708597188,6.817374712453319,Biomass
1666,6.084555013330986,ZAMBIA_SOUTHERN_MAZABUKA_MAGOYE,Zambia,10.925613884487358,4.841058871156372,Biomass
1667,7.820443986749716,ZAMBIA_SOUTHERN_MAZABUKA_MAZABUKA,Zambia,13.45891326324612,5.638469276496405,Biomass
1668,5.956273147589299,ZAMBIA_SOUTHERN_MONZE_BWEENGWA,Zambia,11.436252682206007,5.4799795346167075,Biomass
1669,7.55942931314585,ZAMBIA_SOUTHERN_MONZE_MONZE,Zambia,12.799867404609454,5.240438091463604,Biomass
1670,7.844423613599547,ZAMBIA_SOUTHERN_MONZE_MOOMBA,Zambia,13.367829785368645,5.523406171769098,Biomass
1671,6.289996068903972,ZAMBIA_SOUTHERN_NAMWALA_NAMWALA,Zambia,14.762861834177968,8.472865765273998,Biomass
1672,8.28860040295821,ZAMBIA_SOUTHERN_SIAVONGA_SIAVONGA,Zambia,14.576352959623984,6.287752556665774,Biomass
1673,6.525517539018021,ZAMBIA_SOUTHERN_SINAZONGWE_SINAZONGWE,Zambia,10.778742632000268,4.253225092982247,Biomass
1674,4.807408695357861,ZAMBIA_WESTERN_KALABO_KALABO,Zambia,11.072694838598341,6.2652861432404805,Biomass
1675,4.6647246970032255,ZAMBIA_WESTERN_KALABO_LIUWA,Zambia,11.9854323299361,7.320707632932874,Biomass
1676,4.848579724219324,ZAMBIA_WESTERN_KALABO_SIKONGO,Zambia,11.26966733877488,6.421087614555557,Biomass
1677,5.951827424557734,ZAMBIA_WESTERN_KAOMA_KAOMA CENTRAL,Zambia,15.58068218460916,9.628854760051425,Biomass
1678,7.587419084412869,ZAMBIA_WESTERN_KAOMA_LUAMPA,Zambia,19.973807904345612,12.386388819932744,Biomass
1679,6.660772983490979,ZAMBIA_WESTERN_KAOMA_MANGANGO,Zambia,18.890592582475342,12.229819598984363,Biomass
1680,5.666125793478112,ZAMBIA_WESTERN_LUKULU_LUKULU EAST,Zambia,17.62686162471706,11.960735831238946,Biomass
1681,4.3467131797614025,ZAMBIA_WESTERN_LUKULU_LUKULU WEST,Zambia,11.403995612417848,7.057282432656446,Biomass
1682,4.430358305045268,ZAMBIA_WESTERN_MONGU_LUENA,Zambia,11.20623226529154,6.775873960246272,Biomass
1683,4.6520848109253485,ZAMBIA_WESTERN_MONGU_MONGU,Zambia,10.858266498052613,6.206181687127264,Biomass
1684,4.911403455832147,ZAMBIA_WESTERN_MONGU_NALIKWANDA,Zambia,11.573467711832475,6.662064256000328,Biomass
1685,4.811393798564095,ZAMBIA_WESTERN_SENANGA_NALOLO,Zambia,10.472341456041846,5.6609476574777515,Biomass
1686,5.07198078695807,ZAMBIA_WESTERN_SENANGA_SENANGA,Zambia,10.827313801906291,5.755333014948221,Biomass
1687,5.044611448448592,ZAMBIA_WESTERN_SESHEKE_MULOBEZI,Zambia,12.086526880593471,7.041915432144879,Biomass
1688,5.7462343408289,ZAMBIA_WESTERN_SESHEKE_MWANDI,Zambia,13.44437041995191,7.698136079123011,Biomass
1689,4.7378892749444175,ZAMBIA_WESTERN_SESHEKE_SESHEKE,Zambia,10.336029915390597,5.5981406404461795,Biomass
1690,4.088867866831147,ZAMBIA_WESTERN_SHANGOMBO_SINJEMBELA,Zambia,8.989251427436718,4.9003835606055715,Biomass
1691,14.411217116731292,ZIMBABWE_BULAWAYO_BULAWAYO,Zimbabwe,17.594962939439572,3.18374582270828,Biomass
1692,12.687872416752697,ZIMBABWE_HARARE_CHITUNGWIZA,Zimbabwe,16.81512761434279,4.127255197590092,Biomass
1693,11.725197118864228,ZIMBABWE_HARARE_EPWORTH,Zimbabwe,16.082246511893004,4.357049393028776,Biomass
1694,12.558278528166342,ZIMBABWE_HARARE_HARARE RURAL,Zimbabwe,16.722841141211504,4.164562613045161,Biomass
1695,8.425806079868611,ZIMBABWE_HARARE_HARARE URBAN,Zimbabwe,12.507882097991267,4.082076018122656,Biomass
1696,6.988694690985668,ZIMBABWE_MANICALAND_BUHERA,Zimbabwe,9.914345530366539,2.9256508393808707,Biomass
1697,8.34853718193007,ZIMBABWE_MANICALAND_CHIMANIMANI,Zimbabwe,15.14083206479297,6.792294882862901,Biomass
1698,7.4459674822814,ZIMBABWE_MANICALAND_CHIPINGE RURAL,Zimbabwe,12.576384742946153,5.130417260664753,Biomass
1699,8.108440591623971,ZIMBABWE_MANICALAND_CHIPINGE URBAN,Zimbabwe,15.149079397718921,7.04063880609495,Biomass
1700,7.761769595383082,ZIMBABWE_MANICALAND_MAKONI,Zimbabwe,11.416393475798097,3.6546238804150155,Biomass
1701,8.422568134318333,ZIMBABWE_MANICALAND_MUTARE RURAL,Zimbabwe,12.345489356312338,3.922921221994006,Biomass
1702,8.904398300555442,ZIMBABWE_MANICALAND_MUTARE URBAN,Zimbabwe,13.889346139514144,4.984947838958702,Biomass
1703,8.709464658664416,ZIMBABWE_MANICALAND_MUTASA,Zimbabwe,14.025874776552538,5.316410117888122,Biomass
1704,7.423060217414591,ZIMBABWE_MANICALAND_NYANGA,Zimbabwe,12.56683299982194,5.14377278240735,Biomass
1705,12.410090957848297,ZIMBABWE_MANICALAND_RUSAPE,Zimbabwe,16.33204590485964,3.9219549470113435,Biomass
1706,6.7552016265097645,ZIMBABWE_MASHONALAND CENTRAL_BINDURA,Zimbabwe,11.191307641261758,4.436106014751994,Biomass
1707,12.214966990498215,ZIMBABWE_MASHONALAND CENTRAL_BINDURA URBAN,Zimbabwe,18.656038864909412,6.441071874411197,Biomass
1708,5.865015887915651,ZIMBABWE_MASHONALAND CENTRAL_CENTENARY,Zimbabwe,10.547431430299774,4.682415542384123,Biomass
1709,6.486489058077417,ZIMBABWE_MASHONALAND CENTRAL_GURUVE,Zimbabwe,11.521262814563203,5.0347737564857855,Biomass
1710,7.696089419782207,ZIMBABWE_MASHONALAND CENTRAL_MAZOWE,Zimbabwe,12.555684809295823,4.859595389513616,Biomass
1711,5.423580451321724,ZIMBABWE_MASHONALAND CENTRAL_MBIRE,Zimbabwe,10.97335145329825,5.549771001976525,Biomass
1712,6.085804070277161,ZIMBABWE_MASHONALAND CENTRAL_MOUNT DARWIN,Zimbabwe,10.488559218730117,4.402755148452956,Biomass
1713,7.530033022792571,ZIMBABWE_MASHONALAND CENTRAL_MVURI,Zimbabwe,12.338617269160352,4.808584246367781,Biomass
1714,5.480323438472562,ZIMBABWE_MASHONALAND CENTRAL_RUSHINGA,Zimbabwe,9.695776937341183,4.215453498868621,Biomass
1715,6.669960419905901,ZIMBABWE_MASHONALAND CENTRAL_SHAMVA,Zimbabwe,10.901193603159983,4.231233183254083,Biomass
1716,7.104646667539917,ZIMBABWE_MASHONALAND EAST_CHIKOMBA,Zimbabwe,10.1761282363082,3.0714815687682826,Biomass
1717,7.775653579390202,ZIMBABWE_MASHONALAND EAST_GOROMONZI,Zimbabwe,11.874815098762987,4.099161519372785,Biomass
1718,7.493901623940664,ZIMBABWE_MASHONALAND EAST_HWEDZA,Zimbabwe,10.665867503850247,3.1719658799095836,Biomass
1719,8.26023260581655,ZIMBABWE_MASHONALAND EAST_MARONDERA,Zimbabwe,11.834620155548528,3.574387549731979,Biomass
1720,7.851919029877001,ZIMBABWE_MASHONALAND EAST_MARONDERA URBAN,Zimbabwe,11.398720055671646,3.546801025794645,Biomass
1721,6.487892144627264,ZIMBABWE_MASHONALAND EAST_MUDZI,Zimbabwe,10.510895608283082,4.023003463655818,Biomass
1722,6.903464896360444,ZIMBABWE_MASHONALAND EAST_MUREHWA,Zimbabwe,10.513594138112639,3.610129241752195,Biomass
1723,7.573587468346924,ZIMBABWE_MASHONALAND EAST_MUTOKO,Zimbabwe,11.287441012908351,3.7138535445614274,Biomass
1724,13.101489021012405,ZIMBABWE_MASHONALAND EAST_RUWA LOCAL BOARD,Zimbabwe,17.613481037408867,4.511992016396462,Biomass
1725,9.500803822227127,ZIMBABWE_MASHONALAND EAST_SEKE,Zimbabwe,13.386776275439427,3.8859724532123003,Biomass
1726,6.710148453403315,ZIMBABWE_MASHONALAND EAST_UZUMBA-MARAMBA-PFUNGWE,Zimbabwe,10.679258796121882,3.969110342718567,Biomass
1727,8.598039176322802,ZIMBABWE_MASHONALAND WEST_CHEGUTU,Zimbabwe,13.310956144747777,4.712916968424976,Biomass
1728,8.271193349710035,ZIMBABWE_MASHONALAND WEST_CHEGUTU URBAN,Zimbabwe,12.996277206298746,4.725083856588711,Biomass
1729,7.427583653360596,ZIMBABWE_MASHONALAND WEST_CHINHOYI,Zimbabwe,12.813012785901027,5.38542913254043,Biomass
1730,5.545217646220361,ZIMBABWE_MASHONALAND WEST_HURUNGWE,Zimbabwe,10.509085658064633,4.963868011844272,Biomass
1731,7.786529094781267,ZIMBABWE_MASHONALAND WEST_KADOMA,Zimbabwe,11.863381269389937,4.0768521746086694,Biomass
1732,6.587771203444014,ZIMBABWE_MASHONALAND WEST_KARIBA,Zimbabwe,11.309619759141903,4.721848555697889,Biomass
1733,6.591849399465474,ZIMBABWE_MASHONALAND WEST_KARIBA URBAN,Zimbabwe,11.482472022207833,4.8906226227423595,Biomass
1734,7.245410817996271,ZIMBABWE_MASHONALAND WEST_KAROI,Zimbabwe,13.024750413434468,5.779339595438197,Biomass
1735,7.054443452430613,ZIMBABWE_MASHONALAND WEST_MAKONDE,Zimbabwe,12.531462210694729,5.477018758264116,Biomass
1736,7.9877694413760185,ZIMBABWE_MASHONALAND WEST_MHONDORONGEZI,Zimbabwe,11.872195912708978,3.8844264713329597,Biomass
1737,8.13171754726723,ZIMBABWE_MASHONALAND WEST_NORTON,Zimbabwe,12.669949847702178,4.538232300434947,Biomass
1738,7.986052154170595,ZIMBABWE_MASHONALAND WEST_SANYATI,Zimbabwe,12.775927492537354,4.789875338366759,Biomass
1739,6.255630819871871,ZIMBABWE_MASHONALAND WEST_ZVIMBA,Zimbabwe,10.465050315524955,4.209419495653084,Biomass
1740,7.869351295528705,ZIMBABWE_MASVINGO_BIKITA,Zimbabwe,10.965308203617603,3.0959569080888985,Biomass
1741,6.567747335764838,ZIMBABWE_MASVINGO_CHIREDZI RURAL,Zimbabwe,9.37385461397578,2.806107278210942,Biomass
1742,6.831482696606208,ZIMBABWE_MASVINGO_CHIREDZI URBAN,Zimbabwe,9.660883254274534,2.8294005576683263,Biomass
1743,7.525732708604892,ZIMBABWE_MASVINGO_CHIVI,Zimbabwe,10.13534894303816,2.6096162344332683,Biomass
1744,7.105166920195929,ZIMBABWE_MASVINGO_GUTU,Zimbabwe,9.981404513674786,2.876237593478857,Biomass
1745,6.694017671439108,ZIMBABWE_MASVINGO_MASVINGO,Zimbabwe,9.405735244914318,2.7117175734752097,Biomass
1746,6.883041798046396,ZIMBABWE_MASVINGO_MASVINGO RURAL,Zimbabwe,9.527267327678038,2.644225529631642,Biomass
1747,6.855563132366244,ZIMBABWE_MASVINGO_MWENEZI,Zimbabwe,9.070662796091813,2.215099663725569,Biomass
1748,6.213313729893989,ZIMBABWE_MASVINGO_ZAKA,Zimbabwe,8.84114193365237,2.627828203758381,Biomass
1749,6.125719470547491,ZIMBABWE_MATABELELAND NORTH_BINGA,Zimbabwe,9.698069731648097,3.572350261100606,Biomass
1750,6.220725030795183,ZIMBABWE_MATABELELAND NORTH_BUBI,Zimbabwe,9.025060934841942,2.8043359040467593,Biomass
1751,6.756185150045284,ZIMBABWE_MATABELELAND NORTH_HWANGE,Zimbabwe,10.2754258106006,3.519240660555316,Biomass
1752,6.263747808621903,ZIMBABWE_MATABELELAND NORTH_HWANGE URBAN,Zimbabwe,9.858105529935239,3.5943577213133358,Biomass
1753,5.767989412504501,ZIMBABWE_MATABELELAND NORTH_LUPANE,Zimbabwe,8.936738405433484,3.1687489929289834,Biomass
1754,7.052388364697876,ZIMBABWE_MATABELELAND NORTH_NKAYI,Zimbabwe,10.068231108031597,3.015842743333721,Biomass
1755,6.240180406746542,ZIMBABWE_MATABELELAND NORTH_TSHOLOTSHO,Zimbabwe,8.941637590405804,2.7014571836592625,Biomass
1756,6.472657858117275,ZIMBABWE_MATABELELAND NORTH_UMGUZA,Zimbabwe,9.30135835047339,2.8287004923561145,Biomass
1757,7.039276231590458,ZIMBABWE_MATABELELAND NORTH_VICTORIA FALLS,Zimbabwe,12.076782278748695,5.037506047158237,Biomass
1758,7.391777756091887,ZIMBABWE_MATABELELAND SOUTH_BEITBRIDGE RURAL,Zimbabwe,9.443753846775927,2.0519760906840396,Biomass
1759,15.790407318159886,ZIMBABWE_MATABELELAND SOUTH_BEITBRIDGE URBAN,Zimbabwe,17.859362803087585,2.0689554849276988,Biomass
1760,7.726544726957434,ZIMBABWE_MATABELELAND SOUTH_BULILIMA,Zimbabwe,10.361822540090085,2.6352778131326504,Biomass
1761,6.815889002524126,ZIMBABWE_MATABELELAND SOUTH_GWANDA,Zimbabwe,9.140857544553112,2.3249685420289863,Biomass
1762,6.921627293597222,ZIMBABWE_MATABELELAND SOUTH_GWANDA URBAN,Zimbabwe,9.47057610360134,2.548948810004118,Biomass
1763,6.5176399333263,ZIMBABWE_MATABELELAND SOUTH_INSIZA,Zimbabwe,9.265440891342529,2.747800958016229,Biomass
1764,7.20623507023213,ZIMBABWE_MATABELELAND SOUTH_MATOBO,Zimbabwe,9.700674287492204,2.494439217260074,Biomass
1765,6.843434663709011,ZIMBABWE_MATABELELAND SOUTH_PLUMTREE,Zimbabwe,9.340935373865978,2.4975007101569675,Biomass
1766,7.292309225851523,ZIMBABWE_MATABELELAND SOUTH_UMZINGWANE,Zimbabwe,10.175673359510476,2.8833641336589535,Biomass
1767,6.773037470333164,ZIMBABWE_MIDLANDS_CHIRUMANZU,Zimbabwe,9.800523376348723,3.027485906015559,Biomass
1768,6.4067367137795665,ZIMBABWE_MIDLANDS_GOKWE NORTH,Zimbabwe,10.591868644778085,4.185131930998518,Biomass
1769,6.405204029425888,ZIMBABWE_MIDLANDS_GOKWE SOUTH,Zimbabwe,9.781344065462397,3.3761400360365093,Biomass
1770,6.994842203744069,ZIMBABWE_MIDLANDS_GOKWE TOWN,Zimbabwe,10.78054593757749,3.7857037338334205,Biomass
1771,8.058354579992848,ZIMBABWE_MIDLANDS_GWERU,Zimbabwe,11.142376602003242,3.0840220220103944,Biomass
1772,7.37633027419209,ZIMBABWE_MIDLANDS_GWERU RURAL,Zimbabwe,10.531117108316236,3.1547868341241463,Biomass
1773,7.672723072262087,ZIMBABWE_MIDLANDS_KWEKWE,Zimbabwe,10.991594680568038,3.318871608305951,Biomass
1774,8.55498944411852,ZIMBABWE_MIDLANDS_KWEKWE RURAL,Zimbabwe,12.039876707867801,3.4848872637492807,Biomass
1775,7.075405815950484,ZIMBABWE_MIDLANDS_MBERENGWA,Zimbabwe,9.36576407582874,2.2903582598782553,Biomass
1776,8.48952912605251,ZIMBABWE_MIDLANDS_REDCLIFF,Zimbabwe,11.859089338971089,3.3695602129185787,Biomass
1777,8.28061783281843,ZIMBABWE_MIDLANDS_SHURUGWI,Zimbabwe,11.540189519966775,3.2595716871483447,Biomass
1778,7.724714912166581,ZIMBABWE_MIDLANDS_SHURUGWI RURAL,Zimbabwe,10.79191053788529,3.0671956257187087,Biomass
1779,8.015392337563108,ZIMBABWE_MIDLANDS_ZVISHAVANE,Zimbabwe,10.74237948432448,2.726987146761372,Biomass
1780,11.050299349340131,ZIMBABWE_MIDLANDS_ZVISHAVANE MINE,Zimbabwe,13.837062415639966,2.7867630662998355,Biomass
1781,6.922589944013677,ZIMBABWE_MATABELELAND SOUTH_MANGWE,Zimbabwe,9.272785839772721,2.350195895759044,Biomass
