census_id,new_PM25,geo_name,country,base_PM25,PM_sector,sector
0001,11.023835014480419,ANGOLA_BENGO_AMBRIZ,Angola,11.265754181045104,0.24191916656468493,REF_TRF
0002,21.217858747489856,ANGOLA_BENGO_BULA ATUMBA,Angola,21.495698248001005,0.27783950051114914,REF_TRF
0003,12.54780476570164,ANGOLA_BENGO_DANDE,Angola,13.22031889957297,0.6725141338713296,REF_TRF
0004,17.177211001692825,ANGOLA_BENGO_DEMBOS,Angola,17.59771557582041,0.4205045741275839,REF_TRF
0005,13.566856903121593,ANGOLA_BENGO_NAMBUANGONGO,Angola,13.95823598116716,0.39137907804556704,REF_TRF
0006,18.709134348073004,ANGOLA_BENGO_PANGO ALUQUÉM,Angola,19.157773713194853,0.4486393651218492,REF_TRF
0007,5.396930064731451,ANGOLA_BENGUELA_BAÍA FARTA,Angola,5.499297798990049,0.10236773425859802,REF_TRF
0008,21.40987776159413,ANGOLA_BENGUELA_BALOMBO,Angola,21.612007696725776,0.20212993513164434,REF_TRF
0009,6.328759248744941,ANGOLA_BENGUELA_BENGUELA,Angola,6.487247333292851,0.1584880845479102,REF_TRF
0010,13.746790454644824,ANGOLA_BENGUELA_BOCOIO,Angola,13.950726273427582,0.20393581878275846,REF_TRF
0011,11.168402141983254,ANGOLA_BENGUELA_CAIMBAMBO,Angola,11.331976887278671,0.16357474529541705,REF_TRF
0012,7.304777902817251,ANGOLA_BENGUELA_CATUMBELA,Angola,7.4758322720235775,0.17105436920632666,REF_TRF
0013,7.6771075857968585,ANGOLA_BENGUELA_CHONGOROI,Angola,7.8140685891674035,0.13696100337054506,REF_TRF
0014,10.197101566346802,ANGOLA_BENGUELA_CUBAL,Angola,10.41303043434801,0.2159288680012068,REF_TRF
0015,13.45756441743428,ANGOLA_BENGUELA_GANDA,Angola,13.675484798596647,0.2179203811623669,REF_TRF
0016,8.354941296455511,ANGOLA_BENGUELA_LOBITO,Angola,8.529143516512196,0.17420222005668506,REF_TRF
0017,15.403811437681856,ANGOLA_BIÉ_ANDULO,Angola,15.542326907649933,0.13851546996807684,REF_TRF
0018,14.209945647016095,ANGOLA_BIÉ_CAMACUPA,Angola,14.313653161701115,0.10370751468501993,REF_TRF
0019,13.90042802761712,ANGOLA_BIÉ_CATABOLA,Angola,14.026135923686109,0.12570789606898813,REF_TRF
0020,13.743029161356564,ANGOLA_BIÉ_CHINGUAR,Angola,13.899870313284104,0.15684115192754078,REF_TRF
0021,13.777997196938253,ANGOLA_BIÉ_CHITEMBO,Angola,13.89420820497016,0.11621100803190743,REF_TRF
0022,16.72520730288658,ANGOLA_BIÉ_CUEMBA,Angola,16.820243367719883,0.09503606483330174,REF_TRF
0023,14.805204022377843,ANGOLA_BIÉ_CUITO,Angola,14.944912332156886,0.13970830977904214,REF_TRF
0024,14.127593721864901,ANGOLA_BIÉ_CUNHINGA,Angola,14.271824875357307,0.1442311534924059,REF_TRF
0025,18.338805083056393,ANGOLA_BIÉ_NHAREA,Angola,18.461013230194684,0.12220814713829142,REF_TRF
0026,5.648496188059352,ANGOLA_CABINDA_BELIZE,Angola,5.71260186621357,0.06410567815421775,REF_TRF
0027,5.854563856459847,ANGOLA_CABINDA_BUCO ZAU,Angola,5.914007286269104,0.05944342980925743,REF_TRF
0028,3.8537182915632684,ANGOLA_CABINDA_CABINDA,Angola,3.923482806181064,0.06976451461779565,REF_TRF
0029,3.777263868555239,ANGOLA_CABINDA_CACONGO,Angola,3.826406806106084,0.0491429375508452,REF_TRF
0030,7.92909698248765,ANGOLA_KUANDO KUBANGO_CALAI,Angola,8.039255580732139,0.11015859824448881,REF_TRF
0031,8.09855248179255,ANGOLA_KUANDO KUBANGO_CUANGAR,Angola,8.214380264516633,0.11582778272408234,REF_TRF
0032,11.915888419260362,ANGOLA_KUANDO KUBANGO_CUCHI,Angola,12.033453362154308,0.11756494289394581,REF_TRF
0033,16.474261668342102,ANGOLA_KUANDO KUBANGO_CUITO CUANAVALE,Angola,16.576852645663607,0.1025909773215048,REF_TRF
0034,14.761221229545168,ANGOLA_KUANDO KUBANGO_DIRICO,Angola,14.90111669281569,0.1398954632705216,REF_TRF
0035,10.308580434146037,ANGOLA_KUANDO KUBANGO_MAVINGA,Angola,10.407009651907515,0.09842921776147762,REF_TRF
0036,11.95339788081094,ANGOLA_KUANDO KUBANGO_MENONGUE,Angola,12.066287021678882,0.11288914086794222,REF_TRF
0037,10.392398160008414,ANGOLA_KUANDO KUBANGO_NANCOVA,Angola,10.509474746302942,0.11707658629452844,REF_TRF
0038,10.416084434396357,ANGOLA_KUANDO KUBANGO_RIVUNGO,Angola,10.555953125344363,0.13986869094800625,REF_TRF
0039,24.89322369456552,ANGOLA_KWANZA NORTE_AMBACA,Angola,25.10408168844578,0.2108579938802606,REF_TRF
0040,21.343909432169337,ANGOLA_KWANZA NORTE_BANGA,Angola,21.57038692867136,0.22647749650202442,REF_TRF
0041,24.573135900201194,ANGOLA_KWANZA NORTE_BOLONGONGO,Angola,24.82134803818262,0.24821213798142594,REF_TRF
0042,17.061750131855334,ANGOLA_KWANZA NORTE_CAMBAMBE,Angola,17.362183502761546,0.30043337090621236,REF_TRF
0043,19.904141115702128,ANGOLA_KWANZA NORTE_CAZENGO,Angola,20.16838371465905,0.2642425989569226,REF_TRF
0044,26.282925176221884,ANGOLA_KWANZA NORTE_GOLUNGO ALTO,Angola,26.592785435492452,0.30986025927056815,REF_TRF
0045,18.159518268725762,ANGOLA_KWANZA NORTE_LUCALA,Angola,18.350062837787995,0.19054456906223294,REF_TRF
0046,22.14896340659668,ANGOLA_KWANZA NORTE_NGONGUEMBO,Angola,22.429273173036663,0.2803097664399843,REF_TRF
0047,24.626122423493268,ANGOLA_KWANZA NORTE_QUICULUNGO,Angola,24.839601607029135,0.21347918353586692,REF_TRF
0048,23.929305660490307,ANGOLA_KWANZA NORTE_SAMBA CAJÚ,Angola,24.11947065632632,0.19016499583601387,REF_TRF
0049,16.64442826964696,ANGOLA_KWANZA SUL_AMBOIM,Angola,16.860613909928652,0.21618564028169374,REF_TRF
0050,18.532614310859067,ANGOLA_KWANZA SUL_CASSONGUE,Angola,18.71406934943451,0.18145503857544298,REF_TRF
0051,17.07479962333683,ANGOLA_KWANZA SUL_CELA,Angola,17.256557935993094,0.18175831265626385,REF_TRF
0052,22.061920255823853,ANGOLA_KWANZA SUL_CONDA,Angola,22.29699213921948,0.23507188339562646,REF_TRF
0053,18.09357914688438,ANGOLA_KWANZA SUL_EBO,Angola,18.322560084184865,0.2289809373004843,REF_TRF
0054,20.61710839985321,ANGOLA_KWANZA SUL_LIBOLO,Angola,20.820709602987407,0.20360120313419827,REF_TRF
0055,19.591476123208835,ANGOLA_KWANZA SUL_MUSSENDE,Angola,19.726557890906506,0.13508176769767033,REF_TRF
0056,7.148170522162141,ANGOLA_KWANZA SUL_PORTO AMBOIM,Angola,7.293629969604916,0.14545944744277417,REF_TRF
0057,26.40589136716925,ANGOLA_KWANZA SUL_QUIBALA,Angola,26.57764478383906,0.1717534166698087,REF_TRF
0058,15.929488296415268,ANGOLA_KWANZA SUL_QUILENDA,Angola,16.13696707110368,0.20747877468841125,REF_TRF
0059,20.2886689414197,ANGOLA_KWANZA SUL_SELES,Angola,20.495108238978943,0.20643929755924262,REF_TRF
0060,9.620889602554952,ANGOLA_KWANZA SUL_SUMBE,Angola,9.791678925483103,0.17078932292815097,REF_TRF
0061,4.494595108804673,ANGOLA_CUNENE_CAHAMA,Angola,4.597971065207579,0.10337595640290598,REF_TRF
0062,7.265028629066651,ANGOLA_CUNENE_CUANHAMA,Angola,7.391776517098361,0.12674788803170944,REF_TRF
0063,3.1819539099134406,ANGOLA_CUNENE_CUROCA,Angola,3.278635421899574,0.09668151198613328,REF_TRF
0064,8.108437663691989,ANGOLA_CUNENE_CUVELAI,Angola,8.22865521263498,0.12021754894299086,REF_TRF
0065,5.95272767123838,ANGOLA_CUNENE_NAMACUNDE,Angola,6.085367045638666,0.13263937440028606,REF_TRF
0066,4.066757537530064,ANGOLA_CUNENE_OMBADJA,Angola,4.181284772769048,0.11452723523898367,REF_TRF
0067,15.29623514302176,ANGOLA_HUAMBO_BAILUNDO,Angola,15.475436554690788,0.1792014116690286,REF_TRF
0068,11.46819529041333,ANGOLA_HUAMBO_CAÁLA,Angola,11.629702109231818,0.16150681881848783,REF_TRF
0069,13.772116069592403,ANGOLA_HUAMBO_CACHIUNGO,Angola,13.944397098122293,0.17228102852988947,REF_TRF
0070,14.539610452031702,ANGOLA_HUAMBO_ECUNHA,Angola,14.735238370803021,0.19562791877131858,REF_TRF
0071,12.530759348153612,ANGOLA_HUAMBO_HUAMBO,Angola,12.720146253053722,0.18938690490010934,REF_TRF
0072,17.202067935138498,ANGOLA_HUAMBO_LONDUIMBALI,Angola,17.391475301848722,0.18940736671022407,REF_TRF
0073,14.243224242385246,ANGOLA_HUAMBO_LONGONJO,Angola,14.423689789862298,0.180465547477052,REF_TRF
0074,16.104531094139055,ANGOLA_HUAMBO_MUNGO,Angola,16.259600943315746,0.15506984917669087,REF_TRF
0075,12.98085953013307,ANGOLA_HUAMBO_CHICALA CHOLOHANGA,Angola,13.155439736915886,0.1745802067828155,REF_TRF
0076,20.512804858500616,ANGOLA_HUAMBO_CHINJENJE,Angola,20.7148028325108,0.20199797401018316,REF_TRF
0077,16.464653421706164,ANGOLA_HUAMBO_UCUMA,Angola,16.657079536119475,0.19242611441331192,REF_TRF
0078,9.945819094229247,ANGOLA_HUÍLA_CACONDA,Angola,10.106719566720713,0.16090047249146622,REF_TRF
0079,7.375478443874632,ANGOLA_HUÍLA_CACULA,Angola,7.536195109631706,0.16071666575707333,REF_TRF
0080,8.088146766073775,ANGOLA_HUÍLA_CALUQUEMBE,Angola,8.258833222209184,0.17068645613540845,REF_TRF
0081,5.092322198952436,ANGOLA_HUÍLA_CHIBIA,Angola,5.21187365430599,0.11955145535355349,REF_TRF
0082,9.08373732812879,ANGOLA_HUÍLA_CHICOMBA,Angola,9.242279723608618,0.15854239547982907,REF_TRF
0083,10.735701759246588,ANGOLA_HUÍLA_CHIPINDO,Angola,10.874107312407773,0.13840555316118497,REF_TRF
0084,10.957407635666097,ANGOLA_HUÍLA_CUVANGO,Angola,11.09069056347118,0.133282927805082,REF_TRF
0085,4.564200154590611,ANGOLA_HUÍLA_GAMBOS,Angola,4.6733388397470605,0.10913868515644953,REF_TRF
0086,5.679330322904576,ANGOLA_HUÍLA_HUMPATA,Angola,5.806239107993083,0.12690878508850645,REF_TRF
0087,9.835540061387412,ANGOLA_HUÍLA_JAMBA,Angola,9.969253956536749,0.13371389514933618,REF_TRF
0088,5.379861024601441,ANGOLA_HUÍLA_LUBANGO,Angola,5.523296887068651,0.14343586246720985,REF_TRF
0089,7.810965455313431,ANGOLA_HUÍLA_MATALA,Angola,7.951377905477963,0.14041245016453185,REF_TRF
0090,9.042961338598127,ANGOLA_HUÍLA_QUILENGUES,Angola,9.188785531379896,0.1458241927817685,REF_TRF
0091,7.488712401546307,ANGOLA_HUÍLA_QUIPUNGO,Angola,7.638953615051275,0.15024121350496777,REF_TRF
0092,7.050075852680013,ANGOLA_LUANDA_BELAS,Angola,7.4526078193873,0.4025319667072864,REF_TRF
0093,13.130463914883492,ANGOLA_LUANDA_CACUACO,Angola,14.160892292455344,1.0304283775718517,REF_TRF
0094,8.62761235213971,ANGOLA_LUANDA_CAZENGA,Angola,9.54223100311223,0.9146186509725194,REF_TRF
0095,11.974646462764689,ANGOLA_LUANDA_ICOLO E BENGO,Angola,12.548819410775206,0.5741729480105171,REF_TRF
0096,7.124623527973959,ANGOLA_LUANDA_LUANDA,Angola,7.878474568890909,0.7538510409169499,REF_TRF
0097,8.24335148281808,ANGOLA_LUANDA_QUISSAMA,Angola,8.479402908501141,0.23605142568306192,REF_TRF
0098,12.911418096426303,ANGOLA_LUANDA_VIANA,Angola,13.749004361533554,0.8375862651072516,REF_TRF
0099,16.25068711484338,ANGOLA_LUNDA NORTE_CAMBULO,Angola,16.314374939402633,0.0636878245592527,REF_TRF
0100,18.599473088462936,ANGOLA_LUNDA NORTE_CAPENDA CAMULEMBA,Angola,18.67937867967933,0.07990559121639507,REF_TRF
0101,19.246311120318552,ANGOLA_LUNDA NORTE_CAUNGULA,Angola,19.318011796297654,0.0717006759791019,REF_TRF
0102,23.74940761937648,ANGOLA_LUNDA NORTE_CHITATO,Angola,23.822740449724776,0.07333283034829563,REF_TRF
0103,19.551378290233842,ANGOLA_LUNDA NORTE_CUANGO,Angola,19.63817953356115,0.08680124332730799,REF_TRF
0104,25.27958937937302,ANGOLA_LUNDA NORTE_CUILO,Angola,25.34950187050824,0.06991249113522002,REF_TRF
0105,22.963306481733497,ANGOLA_LUNDA NORTE_LÓVUA,Angola,23.025646485328238,0.06234000359474123,REF_TRF
0106,19.54929608272943,ANGOLA_LUNDA NORTE_LUBALO,Angola,19.623388097713004,0.07409201498357376,REF_TRF
0107,22.755103534667825,ANGOLA_LUNDA NORTE_LUCAPA,Angola,22.82551910358646,0.07041556891863365,REF_TRF
0108,22.505533669322872,ANGOLA_LUNDA NORTE_XÁ-MUTEBA,Angola,22.599034524672916,0.09350085535004382,REF_TRF
0109,15.552467106446905,ANGOLA_LUNDA SUL_CACOLO,Angola,15.629842895501486,0.07737578905458165,REF_TRF
0110,15.121808874662069,ANGOLA_LUNDA SUL_DALA,Angola,15.195152646512062,0.07334377184999319,REF_TRF
0111,14.653336290807857,ANGOLA_LUNDA SUL_MUCONDA,Angola,14.72377876394696,0.0704424731391029,REF_TRF
0112,13.605667094535974,ANGOLA_LUNDA SUL_SAURIMO,Angola,13.67664145392974,0.07097435939376595,REF_TRF
0113,20.236059803067015,ANGOLA_MALANJE_CACUSO,Angola,20.390959531954405,0.1548997288873899,REF_TRF
0114,20.93524817097469,ANGOLA_MALANJE_CAHOMBO,Angola,21.055549770276787,0.12030159930209905,REF_TRF
0115,18.557575352336762,ANGOLA_MALANJE_CALANDULA,Angola,18.725460697367176,0.1678853450304132,REF_TRF
0116,19.266605748285638,ANGOLA_MALANJE_CAMBUNDI-CATEMBO,Angola,19.362668812721665,0.09606306443602719,REF_TRF
0117,21.274487027373723,ANGOLA_MALANJE_CANGANDALA,Angola,21.400870254758814,0.1263832273850909,REF_TRF
0118,23.54327137779829,ANGOLA_MALANJE_CUNDA-DIA-BAZE,Angola,23.641960712594333,0.0986893347960418,REF_TRF
0119,18.37478994059917,ANGOLA_MALANJE_KIWABA NZOJI,Angola,18.528804047731853,0.1540141071326815,REF_TRF
0120,19.010129525747708,ANGOLA_MALANJE_LUQUEMBO,Angola,19.12363499197391,0.11350546622620072,REF_TRF
0121,24.56364248073931,ANGOLA_MALANJE_MALANJE,Angola,24.725485525604515,0.16184304486520418,REF_TRF
0122,22.59067984252162,ANGOLA_MALANJE_MARIMBA,Angola,22.69090475336573,0.10022491084410845,REF_TRF
0123,21.453315186440708,ANGOLA_MALANJE_MASSANGO,Angola,21.578228624790555,0.12491343834984647,REF_TRF
0124,21.926913976045164,ANGOLA_MALANJE_MUCARI,Angola,22.037395259346283,0.1104812833011195,REF_TRF
0125,23.455516263761428,ANGOLA_MALANJE_QUELA,Angola,23.56040417383533,0.10488791007390219,REF_TRF
0126,20.666649739954664,ANGOLA_MALANJE_QUIRIMA,Angola,20.758281907262692,0.09163216730802759,REF_TRF
0127,14.686125716220154,ANGOLA_MOXICO_ALTO ZAMBEZE,Angola,14.768547308427916,0.08242159220776202,REF_TRF
0128,12.925028402125065,ANGOLA_MOXICO_BUNDAS,Angola,13.025971649078537,0.1009432469534719,REF_TRF
0129,13.55079734522759,ANGOLA_MOXICO_CAMANONGUE,Angola,13.628238225906923,0.07744088067933319,REF_TRF
0130,13.157266772478376,ANGOLA_MOXICO_CAMEIA,Angola,13.234414727954924,0.07714795547654774,REF_TRF
0131,16.781998461900614,ANGOLA_MOXICO_LÉUA,Angola,16.862533532401713,0.08053507050109943,REF_TRF
0132,14.010262559183747,ANGOLA_MOXICO_LUACANO,Angola,14.08558940271471,0.07532684353096286,REF_TRF
0133,13.375878422884927,ANGOLA_MOXICO_LUAU,Angola,13.449713001086415,0.0738345782014882,REF_TRF
0134,14.6679725894213,ANGOLA_MOXICO_LUCHAZES,Angola,14.761749805730506,0.09377721630920632,REF_TRF
0135,13.200254629383796,ANGOLA_MOXICO_LUENA,Angola,13.286757826273991,0.08650319689019526,REF_TRF
0136,5.08488425140485,ANGOLA_NAMIBE_BIBALA,Angola,5.1890323026682665,0.10414805126341697,REF_TRF
0137,4.120048968604333,ANGOLA_NAMIBE_CAMUCUIO,Angola,4.23637226168467,0.1163232930803364,REF_TRF
0138,2.500390935317917,ANGOLA_NAMIBE_NAMIBE,Angola,2.5777327154017264,0.07734178008380965,REF_TRF
0139,1.8575605819614096,ANGOLA_NAMIBE_TÔMBWA,Angola,1.9175805314590302,0.06001994949762057,REF_TRF
0140,3.509459285328507,ANGOLA_NAMIBE_VIREI,Angola,3.5924937137458643,0.0830344284173572,REF_TRF
0141,16.943690422452327,ANGOLA_UÍGE_AMBUILA,Angola,17.16005245258698,0.21636203013465405,REF_TRF
0142,10.742116018128069,ANGOLA_UÍGE_BEMBE,Angola,10.918267389595801,0.17615137146773208,REF_TRF
0143,19.562375687893656,ANGOLA_UÍGE_BUENGAS,Angola,19.711231479430843,0.1488557915371871,REF_TRF
0144,16.840648699606177,ANGOLA_UÍGE_BUNGO,Angola,17.052486006257833,0.21183730665165612,REF_TRF
0145,18.676802713578034,ANGOLA_UÍGE_CANGOLA,Angola,18.84563988456413,0.16883717098609452,REF_TRF
0146,16.730459521864727,ANGOLA_UÍGE_DAMBA,Angola,16.888478809995718,0.15801928813099053,REF_TRF
0147,19.530458969691487,ANGOLA_UÍGE_MAQUELA DO ZOMBO,Angola,19.654378709350404,0.12391973965891623,REF_TRF
0148,17.462683170046922,ANGOLA_UÍGE_SANTA CRUZ,Angola,17.57480400885227,0.11212083880534607,REF_TRF
0149,18.566123953508715,ANGOLA_UÍGE_MUCABA,Angola,18.763005294689965,0.19688134118124978,REF_TRF
0150,20.616945963377837,ANGOLA_UÍGE_NEGAGE,Angola,20.85613478894463,0.23918882556679222,REF_TRF
0151,20.679397534719673,ANGOLA_UÍGE_PURI,Angola,20.87809443202828,0.19869689730860784,REF_TRF
0152,25.509678839268425,ANGOLA_UÍGE_QUIMBELE,Angola,25.628099526345032,0.11842068707660758,REF_TRF
0153,19.070363786645228,ANGOLA_UÍGE_QUITEXE,Angola,19.370986939689146,0.30062315304391873,REF_TRF
0154,18.27858671348713,ANGOLA_UÍGE_SANZA POMBO,Angola,18.43065942488433,0.15207271139719936,REF_TRF
0155,18.427715467682447,ANGOLA_UÍGE_SONGO,Angola,18.600723395360966,0.17300792767851902,REF_TRF
0156,20.181275522881037,ANGOLA_UÍGE_UÍGE,Angola,20.43525079526103,0.25397527237999284,REF_TRF
0157,15.333334164936245,ANGOLA_ZAIRE_CUIMBA,Angola,15.464282617560531,0.13094845262428656,REF_TRF
0158,11.898582508366362,ANGOLA_ZAIRE_MBANZA CONGO,Angola,12.015656630797153,0.1170741224307914,REF_TRF
0159,7.155770078717904,ANGOLA_ZAIRE_NZETO,Angola,7.3034538445465955,0.1476837658286918,REF_TRF
0160,8.827471584336594,ANGOLA_ZAIRE_NÓQUI,Angola,8.93084657338867,0.10337498905207632,REF_TRF
0161,4.149687827738211,ANGOLA_ZAIRE_SOYO,Angola,4.221457718532934,0.07176989079472218,REF_TRF
0162,7.627894765223978,ANGOLA_ZAIRE_TOMBOCO,Angola,7.743967360907325,0.11607259568334705,REF_TRF
0163,8.8472214133686915,BOTSWANA_CENTRAL_BOBONONG_BOBONONG,Botswana,9.267920055874294,0.4206986425056023,REF_TRF
0164,8.912747465752519,BOTSWANA_CENTRAL_BOBONONG_DAMOCHOJENA,Botswana,9.345166284598786,0.4324188188462674,REF_TRF
0165,9.32043942103514,BOTSWANA_CENTRAL_BOBONONG_KOBOJANGO,Botswana,9.73698988492713,0.4165504638919906,REF_TRF
0166,8.667659861362754,BOTSWANA_CENTRAL_BOBONONG_LENTSWELEMORITI,Botswana,9.119232807822858,0.4515729464601037,REF_TRF
0167,8.926466936792691,BOTSWANA_CENTRAL_BOBONONG_LEPOKOLE,Botswana,9.332833768303297,0.4063668315106064,REF_TRF
0168,9.337492049117174,BOTSWANA_CENTRAL_BOBONONG_MABOLWE,Botswana,9.76205333025739,0.42456128114021574,REF_TRF
0169,9.243752309211791,BOTSWANA_CENTRAL_BOBONONG_MATHATHANE,Botswana,9.709811970861509,0.4660596616497177,REF_TRF
0170,8.728078721649297,BOTSWANA_CENTRAL_BOBONONG_MMADINARE,Botswana,9.164777680732865,0.43669895908356793,REF_TRF
0171,9.0049387718223,BOTSWANA_CENTRAL_BOBONONG_MOLALATAU,Botswana,9.478444955836796,0.4735061840144965,REF_TRF
0172,9.547254259740875,BOTSWANA_CENTRAL_BOBONONG_MOLETEMANE,Botswana,10.064732282564613,0.5174780228237381,REF_TRF
0173,9.562571443607041,BOTSWANA_CENTRAL_BOBONONG_MOTLHABANENG,Botswana,10.013721433337288,0.4511499897302471,REF_TRF
0174,9.13513878474322,BOTSWANA_CENTRAL_BOBONONG_ROBELELA,Botswana,9.519485647345657,0.3843468626024382,REF_TRF
0175,8.811499612283434,BOTSWANA_CENTRAL_BOBONONG_SEFOPHE,Botswana,9.26770229131667,0.4562026790332361,REF_TRF
0176,9.32140165581224,BOTSWANA_CENTRAL_BOBONONG_SEMOLALE,Botswana,9.753298429806996,0.43189677399475634,REF_TRF
0177,9.073466893051714,BOTSWANA_CENTRAL_BOBONONG_TOBANE,Botswana,9.469951181865007,0.39648428881329245,REF_TRF
0178,9.102460210382079,BOTSWANA_CENTRAL_BOBONONG_TSETSEBJWE,Botswana,9.587037913373187,0.4845777029911087,REF_TRF
0179,9.02108987630982,BOTSWANA_CENTRAL_BOBONONG_TSHOKWE,Botswana,9.42529775536659,0.40420787905677,REF_TRF
0180,9.379690612041697,BOTSWANA_CENTRAL_BOBONONG_TULI,Botswana,9.88568337212511,0.5059927600834122,REF_TRF
0181,7.158302978207382,BOTSWANA_CENTRAL_BOTETI_KEDIA,Botswana,7.461317859621078,0.3030148814136959,REF_TRF
0182,7.889314078983382,BOTSWANA_CENTRAL_BOTETI_KHWEE,Botswana,8.244621228495758,0.35530714951237563,REF_TRF
0183,9.110734727817647,BOTSWANA_CENTRAL_BOTETI_KUMAGA,Botswana,9.363105820477047,0.2523710926594003,REF_TRF
0184,7.067427616184018,BOTSWANA_CENTRAL_BOTETI_LETLHAKANE,Botswana,7.403395386452788,0.3359677702687698,REF_TRF
0185,7.552742840817564,BOTSWANA_CENTRAL_BOTETI_MAKALAMABEDI,Botswana,7.78662079165856,0.23387795084099583,REF_TRF
0186,7.074765567537035,BOTSWANA_CENTRAL_BOTETI_MMADIKOLA,Botswana,7.34758119594912,0.2728156284120846,REF_TRF
0187,7.894417063528378,BOTSWANA_CENTRAL_BOTETI_MMATSHUMO,Botswana,8.208358144682293,0.3139410811539154,REF_TRF
0188,7.333543802732493,BOTSWANA_CENTRAL_BOTETI_MOKOBOXANE,Botswana,7.635220520728099,0.3016767179956066,REF_TRF
0189,7.9279171394520915,BOTSWANA_CENTRAL_BOTETI_MOPIPI,Botswana,8.212732782024235,0.2848156425721431,REF_TRF
0190,7.947047995792087,BOTSWANA_CENTRAL_BOTETI_MOREOMAOTO,Botswana,8.186611164967884,0.23956316917579645,REF_TRF
0191,7.785087302982722,BOTSWANA_CENTRAL_BOTETI_MOSU,Botswana,8.118884991360462,0.3337976883777394,REF_TRF
0192,7.855509128176485,BOTSWANA_CENTRAL_BOTETI_MOTOPI,Botswana,8.090702788329173,0.23519366015268783,REF_TRF
0193,7.35435083505837,BOTSWANA_CENTRAL_BOTETI_TOROMOJA,Botswana,7.632784206987401,0.2784333719290304,REF_TRF
0194,7.143883125130885,BOTSWANA_CENTRAL_BOTETI_TSIENYANE/RAKOPS,Botswana,7.400028805944617,0.2561456808137317,REF_TRF
0195,6.65211466452168,BOTSWANA_CENTRAL_BOTETI_XERE,Botswana,6.911357304773953,0.25924264025227295,REF_TRF
0196,6.881783094147994,BOTSWANA_CENTRAL_BOTETI_XHUMO,Botswana,7.1790548956575435,0.2972718015095497,REF_TRF
0197,9.375982881562225,BOTSWANA_CENTRAL_MAHALAPYE_BONWAPITSE,Botswana,9.954390065018591,0.5784071834563669,REF_TRF
0198,10.274545617535878,BOTSWANA_CENTRAL_MAHALAPYE_BOROTSI,Botswana,10.904522654473466,0.6299770369375874,REF_TRF
0199,10.168540118450402,BOTSWANA_CENTRAL_MAHALAPYE_CHADIBE,Botswana,10.80555667722783,0.6370165587774288,REF_TRF
0200,10.62904493547988,BOTSWANA_CENTRAL_MAHALAPYE_DIBETE STATION,Botswana,11.351852701572255,0.7228077660923748,REF_TRF
0201,10.496477430129175,BOTSWANA_CENTRAL_MAHALAPYE_DOVEDALE,Botswana,11.208257245697073,0.7117798155678976,REF_TRF
0202,9.30812369074141,BOTSWANA_CENTRAL_MAHALAPYE_IKONGWE,Botswana,9.870960311831455,0.5628366210900442,REF_TRF
0203,8.997737605712654,BOTSWANA_CENTRAL_MAHALAPYE_KALAMARE,Botswana,9.534095622392055,0.5363580166794009,REF_TRF
0204,7.9886083288587,BOTSWANA_CENTRAL_MAHALAPYE_KODIBELENG,Botswana,8.502768673393222,0.5141603445345213,REF_TRF
0205,10.20639488510855,BOTSWANA_CENTRAL_MAHALAPYE_KUDUMATSE,Botswana,10.899950213110268,0.6935553280017182,REF_TRF
0206,9.647538293471493,BOTSWANA_CENTRAL_MAHALAPYE_MAAPE,Botswana,10.208352165635532,0.5608138721640383,REF_TRF
0207,10.14115138649088,BOTSWANA_CENTRAL_MAHALAPYE_MACHANENG,Botswana,10.781619995855703,0.640468609364822,REF_TRF
0208,10.006791805014394,BOTSWANA_CENTRAL_MAHALAPYE_MAHALAPYE,Botswana,10.615823958921515,0.6090321539071208,REF_TRF
0209,10.136256798587432,BOTSWANA_CENTRAL_MAHALAPYE_MAKWATE,Botswana,10.799568517525614,0.6633117189381821,REF_TRF
0210,10.303177398167483,BOTSWANA_CENTRAL_MAHALAPYE_MATLHAKO,Botswana,10.945337237421356,0.642159839253873,REF_TRF
0211,9.568504950895521,BOTSWANA_CENTRAL_MAHALAPYE_MHALAPITSA,Botswana,10.115339240481934,0.5468342895864122,REF_TRF
0212,10.44563754898327,BOTSWANA_CENTRAL_MAHALAPYE_MMAPHASHALALA,Botswana,11.157219366785228,0.7115818178019584,REF_TRF
0213,9.390397950783342,BOTSWANA_CENTRAL_MAHALAPYE_MMUTLANA,Botswana,9.950964546351342,0.5605665955679999,REF_TRF
0214,8.97701964897759,BOTSWANA_CENTRAL_MAHALAPYE_MOKGENENE,Botswana,9.596149510955863,0.6191298619782728,REF_TRF
0215,10.217153999741624,BOTSWANA_CENTRAL_MAHALAPYE_MOKOBENG,Botswana,10.838979522300473,0.6218255225588489,REF_TRF
0216,10.178664880163383,BOTSWANA_CENTRAL_MAHALAPYE_MOKOSWANE,Botswana,10.838489042090107,0.6598241619267231,REF_TRF
0217,11.12882489519527,BOTSWANA_CENTRAL_MAHALAPYE_MOOKANE,Botswana,11.85758520096844,0.7287603057731697,REF_TRF
0218,8.5599199255598,BOTSWANA_CENTRAL_MAHALAPYE_MORALANE,Botswana,9.07388953718335,0.5139696116235495,REF_TRF
0219,10.072818405311448,BOTSWANA_CENTRAL_MAHALAPYE_MOSHOPHA,Botswana,10.66040709013179,0.5875886848203411,REF_TRF
0220,8.984490220090906,BOTSWANA_CENTRAL_MAHALAPYE_MOSOLOTSHANE,Botswana,9.511210957293585,0.5267207372026785,REF_TRF
0221,9.700520572302686,BOTSWANA_CENTRAL_MAHALAPYE_NGWAPA,Botswana,10.310280626820946,0.6097600545182598,REF_TRF
0222,8.418135745787895,BOTSWANA_CENTRAL_MAHALAPYE_OTSE,Botswana,8.983792398473195,0.5656566526853002,REF_TRF
0223,10.145639271822034,BOTSWANA_CENTRAL_MAHALAPYE_PALLA ROAD/DINOKWE,Botswana,10.795629934332082,0.6499906625100476,REF_TRF
0224,9.734995543516689,BOTSWANA_CENTRAL_MAHALAPYE_PILIKWE,Botswana,10.281854894108063,0.5468593505913741,REF_TRF
0225,9.88268446353441,BOTSWANA_CENTRAL_MAHALAPYE_POLOKA,Botswana,10.538812478141125,0.6561280146067148,REF_TRF
0226,9.848648219351395,BOTSWANA_CENTRAL_MAHALAPYE_RAMOKGONAMI,Botswana,10.428629044081065,0.5799808247296703,REF_TRF
0227,10.233074001172572,BOTSWANA_CENTRAL_MAHALAPYE_SEFHARE,Botswana,10.850422331201429,0.6173483300288574,REF_TRF
0228,10.108897969788442,BOTSWANA_CENTRAL_MAHALAPYE_SELEKA,Botswana,10.6931821338341,0.5842841640456573,REF_TRF
0229,9.621204431785687,BOTSWANA_CENTRAL_MAHALAPYE_SHAKWE,Botswana,10.236738737342131,0.6155343055564444,REF_TRF
0230,9.273563483965349,BOTSWANA_CENTRAL_MAHALAPYE_SHOSHONG,Botswana,9.858994143172144,0.5854306592067946,REF_TRF
0231,9.656379909950328,BOTSWANA_CENTRAL_MAHALAPYE_TAUPYE,Botswana,10.299774008529951,0.6433940985796234,REF_TRF
0232,9.172262645341068,BOTSWANA_CENTRAL_MAHALAPYE_TEWANE,Botswana,9.724105391463459,0.5518427461223911,REF_TRF
0233,9.861693501670905,BOTSWANA_CENTRAL_MAHALAPYE_TULI,Botswana,10.563708748858472,0.7020152471875676,REF_TRF
0234,9.952266712471722,BOTSWANA_CENTRAL_MAHALAPYE_TUMASERA,Botswana,10.546509976116326,0.5942432636446036,REF_TRF
0235,9.73036180360311,BOTSWANA_CENTRAL_SEROWE PALAPYE_DILORO,Botswana,10.235337029338103,0.5049752257349933,REF_TRF
0236,8.16452537652961,BOTSWANA_CENTRAL_SEROWE PALAPYE_DIMAJWE,Botswana,8.555221829217517,0.39069645268790687,REF_TRF
0237,9.043816556127574,BOTSWANA_CENTRAL_SEROWE PALAPYE_GAMABUO,Botswana,9.519495033270534,0.4756784771429601,REF_TRF
0238,8.803648469763598,BOTSWANA_CENTRAL_SEROWE PALAPYE_GOJWANE,Botswana,9.217586564423714,0.4139380946601161,REF_TRF
0239,9.53620235222564,BOTSWANA_CENTRAL_SEROWE PALAPYE_GOO-SEKGWENG,Botswana,10.076425185602272,0.5402228333766317,REF_TRF
0240,9.634331218108182,BOTSWANA_CENTRAL_SEROWE PALAPYE_GOOTAU,Botswana,10.18030605252149,0.5459748344133075,REF_TRF
0241,9.401748394031861,BOTSWANA_CENTRAL_SEROWE PALAPYE_KGAGODI,Botswana,9.888002560160094,0.4862541661282336,REF_TRF
0242,10.004668323886465,BOTSWANA_CENTRAL_SEROWE PALAPYE_LECHENG,Botswana,10.532531974993994,0.5278636511075288,REF_TRF
0243,9.585227926359725,BOTSWANA_CENTRAL_SEROWE PALAPYE_LERALA,Botswana,10.160495372273582,0.5752674459138571,REF_TRF
0244,9.90509096673178,BOTSWANA_CENTRAL_SEROWE PALAPYE_LESENEPOLE/MATOLWANE,Botswana,10.431420590483242,0.5263296237514616,REF_TRF
0245,8.574836881541833,BOTSWANA_CENTRAL_SEROWE PALAPYE_MABELEAPUDI,Botswana,9.011669708274756,0.4368328267329229,REF_TRF
0246,8.388608671828798,BOTSWANA_CENTRAL_SEROWE PALAPYE_MAJWANAADIPITSE,Botswana,8.814346395255033,0.4257377234262343,REF_TRF
0247,9.94079711660203,BOTSWANA_CENTRAL_SEROWE PALAPYE_MAJWANENG,Botswana,10.509365873681752,0.5685687570797224,REF_TRF
0248,9.152194900790448,BOTSWANA_CENTRAL_SEROWE PALAPYE_MALAKA,Botswana,9.676565429877005,0.524370529086557,REF_TRF
0249,7.697851534520766,BOTSWANA_CENTRAL_SEROWE PALAPYE_MALATSWAI,Botswana,8.096483781818367,0.39863224729760116,REF_TRF
0250,10.73944036301951,BOTSWANA_CENTRAL_SEROWE PALAPYE_MANALEDI,Botswana,11.297232922532356,0.5577925595128459,REF_TRF
0251,9.544327023486996,BOTSWANA_CENTRAL_SEROWE PALAPYE_MATLHAKOLA,Botswana,10.086224156256794,0.5418971327697975,REF_TRF
0252,9.78143870736744,BOTSWANA_CENTRAL_SEROWE PALAPYE_MAUNATLALA,Botswana,10.315069627169176,0.5336309198017357,REF_TRF
0253,9.67069116379046,BOTSWANA_CENTRAL_SEROWE PALAPYE_MMASHORO,Botswana,10.080260820768238,0.40956965697777825,REF_TRF
0254,9.8368361212469555,BOTSWANA_CENTRAL_SEROWE PALAPYE_MOENG,Botswana,10.392071371583635,0.5552352503366791,REF_TRF
0255,9.12401799642282,BOTSWANA_CENTRAL_SEROWE PALAPYE_MOGAPI,Botswana,9.63021690664346,0.5061989102206397,REF_TRF
0256,9.35881175385921,BOTSWANA_CENTRAL_SEROWE PALAPYE_MOGAPINYANA,Botswana,9.850158769307232,0.49134701544802084,REF_TRF
0257,8.943335717179329,BOTSWANA_CENTRAL_SEROWE PALAPYE_MOGOME,Botswana,9.481861012037632,0.538525294858303,REF_TRF
0258,9.936747050201378,BOTSWANA_CENTRAL_SEROWE PALAPYE_MOGOROSI,Botswana,10.404226138353522,0.46747908815214423,REF_TRF
0259,7.062288648134667,BOTSWANA_CENTRAL_SEROWE PALAPYE_MOIYABANA,Botswana,7.491522841691362,0.42923419355669434,REF_TRF
0260,9.07316540273779,BOTSWANA_CENTRAL_SEROWE PALAPYE_MOKGWARE,Botswana,9.609003627461789,0.5358382247239994,REF_TRF
0261,9.614355461920095,BOTSWANA_CENTRAL_SEROWE PALAPYE_MOKHUNGWANA,Botswana,10.147227181970022,0.5328717200499273,REF_TRF
0262,9.727049505591971,BOTSWANA_CENTRAL_SEROWE PALAPYE_MOKOKWANA,Botswana,10.270823367499561,0.5437738619075905,REF_TRF
0263,9.929250882229649,BOTSWANA_CENTRAL_SEROWE PALAPYE_MOREMI,Botswana,10.454228293811372,0.5249774115817232,REF_TRF
0264,8.745849628290504,BOTSWANA_CENTRAL_SEROWE PALAPYE_MOREOMABELE,Botswana,9.182276997631519,0.4364273693410148,REF_TRF
0265,9.679026146306013,BOTSWANA_CENTRAL_SEROWE PALAPYE_MOSWEU,Botswana,10.22203105731837,0.5430049110123569,REF_TRF
0266,10.21628223922805,BOTSWANA_CENTRAL_SEROWE PALAPYE_MOTSHEGALETAU,Botswana,10.694151761760338,0.47786952253228776,REF_TRF
0267,8.43577416474358,BOTSWANA_CENTRAL_SEROWE PALAPYE_PAJE,Botswana,8.886480260842864,0.45070609609928347,REF_TRF
0268,10.023548554854404,BOTSWANA_CENTRAL_SEROWE PALAPYE_PALAPYE,Botswana,10.534948711137362,0.5114001562829582,REF_TRF
0269,9.6564312357627209,BOTSWANA_CENTRAL_SEROWE PALAPYE_RADISELE,Botswana,10.19899039269484,0.5425591569321195,REF_TRF
0270,9.735007126068028,BOTSWANA_CENTRAL_SEROWE PALAPYE_RATHOLO,Botswana,10.286033877992454,0.5510267519244252,REF_TRF
0271,9.35717489895208,BOTSWANA_CENTRAL_SEROWE PALAPYE_SEHUNOU,Botswana,9.840204164505444,0.48302926555336434,REF_TRF
0272,10.469489255307181,BOTSWANA_CENTRAL_SEROWE PALAPYE_SEOLWANE,Botswana,11.025481248155629,0.5559919928484476,REF_TRF
0273,8.732608765588072,BOTSWANA_CENTRAL_SEROWE PALAPYE_SEROWE,Botswana,9.149895656816707,0.4172868912286347,REF_TRF
0274,8.999587095114258,BOTSWANA_CENTRAL_SEROWE PALAPYE_SERULE,Botswana,9.423831971197478,0.42424487608322003,REF_TRF
0275,9.033667756981087,BOTSWANA_CENTRAL_SEROWE PALAPYE_TAMASANE,Botswana,9.528929917405112,0.4952621604240246,REF_TRF
0276,10.166390706818232,BOTSWANA_CENTRAL_SEROWE PALAPYE_THABALA,Botswana,10.640390228378191,0.47399952155995884,REF_TRF
0277,8.693173929250072,BOTSWANA_CENTRAL_SEROWE PALAPYE_TOPISI,Botswana,9.159692498929909,0.4665185696798364,REF_TRF
0278,8.654489977302152,BOTSWANA_CENTRAL_SEROWE PALAPYE_TSHIMOYAPULA,Botswana,9.098653008296765,0.44416303099461274,REF_TRF
0279,9.03476632277479,BOTSWANA_CENTRAL_SEROWE PALAPYE_TULI,Botswana,9.584573350950333,0.5498070281755432,REF_TRF
0280,9.062525383024807,BOTSWANA_CENTRAL_TUTUME_BOROLONG,Botswana,9.419793610971904,0.3572682279470971,REF_TRF
0281,9.01138554538228,BOTSWANA_CENTRAL_TUTUME_BOROTSI,Botswana,9.362137684826747,0.3507521394444666,REF_TRF
0282,9.166588495791352,BOTSWANA_CENTRAL_TUTUME_CHADIBE,Botswana,9.521341431044949,0.35475293525359675,REF_TRF
0283,9.052113617464851,BOTSWANA_CENTRAL_TUTUME_CHANGATE,Botswana,9.344288182374989,0.2921745649101375,REF_TRF
0284,9.315939175544806,BOTSWANA_CENTRAL_TUTUME_DAGWI,Botswana,9.604430238032913,0.28849106248810763,REF_TRF
0285,8.581448684829738,BOTSWANA_CENTRAL_TUTUME_DUKWI,Botswana,8.889840122089973,0.30839143726023543,REF_TRF
0286,8.819287198780788,BOTSWANA_CENTRAL_TUTUME_GOSHWE,Botswana,9.138632455327675,0.31934525654688706,REF_TRF
0287,8.933741818634152,BOTSWANA_CENTRAL_TUTUME_GWETA,Botswana,9.20239268845453,0.26865086982037845,REF_TRF
0288,9.28538159317202,BOTSWANA_CENTRAL_TUTUME_JAMATAKA,Botswana,9.632347421834183,0.34696582866216374,REF_TRF
0289,9.02132050624504,BOTSWANA_CENTRAL_TUTUME_KUTAMOGREE,Botswana,9.347337873035354,0.3260173667903139,REF_TRF
0290,8.571345179833804,BOTSWANA_CENTRAL_TUTUME_LEPASHE,Botswana,8.898234929956962,0.3268897501231578,REF_TRF
0291,8.70216614537906,BOTSWANA_CENTRAL_TUTUME_MABESEKWA,Botswana,9.055981377494032,0.3538152321149717,REF_TRF
0292,8.909664291154561,BOTSWANA_CENTRAL_TUTUME_MAFONGO/HOBONA,Botswana,9.253448943229259,0.34378465207469766,REF_TRF
0293,9.057022894563811,BOTSWANA_CENTRAL_TUTUME_MAITENGWE,Botswana,9.355366149930228,0.2983432553664169,REF_TRF
0294,9.3448862569351,BOTSWANA_CENTRAL_TUTUME_MAKOBO,Botswana,9.688717473567706,0.34383121663260674,REF_TRF
0295,9.364056442843337,BOTSWANA_CENTRAL_TUTUME_MAKUTA,Botswana,9.681848948917814,0.3177925060744773,REF_TRF
0296,9.107937567205493,BOTSWANA_CENTRAL_TUTUME_MANDUNYANE,Botswana,9.474476234501056,0.36653866729556306,REF_TRF
0297,10.010107281748956,BOTSWANA_CENTRAL_TUTUME_MAPOSA,Botswana,10.29003673795166,0.27992945620270326,REF_TRF
0298,9.232568947009764,BOTSWANA_CENTRAL_TUTUME_MARAPONG,Botswana,9.567925652429796,0.3353567054200326,REF_TRF
0299,9.012607145709248,BOTSWANA_CENTRAL_TUTUME_MAROBELA,Botswana,9.352151122311067,0.3395439766018189,REF_TRF
0300,9.17486387733664,BOTSWANA_CENTRAL_TUTUME_MATHANGWANE,Botswana,9.523513349048415,0.34864947171177363,REF_TRF
0301,9.1990298731764,BOTSWANA_CENTRAL_TUTUME_MATOBO,Botswana,9.51654141337131,0.3175115401949107,REF_TRF
0302,8.4935343672425,BOTSWANA_CENTRAL_TUTUME_MATSITAMA,Botswana,8.828814658350753,0.3352802911082531,REF_TRF
0303,10.420433090756333,BOTSWANA_CENTRAL_TUTUME_MMANXOTAE,Botswana,10.706847765646334,0.2864146748900005,REF_TRF
0304,8.635149066572307,BOTSWANA_CENTRAL_TUTUME_MMEYA,Botswana,8.957445307185436,0.3222962406131291,REF_TRF
0305,8.271126013968093,BOTSWANA_CENTRAL_TUTUME_MOKUBILO,Botswana,8.61752622302292,0.3464002090548277,REF_TRF
0306,8.510843106041673,BOTSWANA_CENTRAL_TUTUME_MOSETSE,Botswana,8.828345737707277,0.31750263166560444,REF_TRF
0307,9.466140806499414,BOTSWANA_CENTRAL_TUTUME_NATA,Botswana,9.766185453486598,0.3000446469871836,REF_TRF
0308,9.132189615676072,BOTSWANA_CENTRAL_TUTUME_NATALE,Botswana,9.484974466793075,0.3527848511170024,REF_TRF
0309,9.012749295044753,BOTSWANA_CENTRAL_TUTUME_NKANGE,Botswana,9.320440096293389,0.30769080124863635,REF_TRF
0310,9.075268303592715,BOTSWANA_CENTRAL_TUTUME_NSHAKASHOKWE,Botswana,9.408126798992052,0.33285849539933743,REF_TRF
0311,9.122593167970688,BOTSWANA_CENTRAL_TUTUME_NSWAZWI,Botswana,9.449622217387539,0.3270290494168506,REF_TRF
0312,9.111666296853905,BOTSWANA_CENTRAL_TUTUME_SEBINA,Botswana,9.446187381175319,0.33452108432141436,REF_TRF
0313,9.18483596300925,BOTSWANA_CENTRAL_TUTUME_SEMITWE,Botswana,9.523152552584001,0.33831658957475064,REF_TRF
0314,9.346928137391291,BOTSWANA_CENTRAL_TUTUME_SENETE,Botswana,9.655608897478917,0.30868076008762557,REF_TRF
0315,11.544746694093986,BOTSWANA_CENTRAL_TUTUME_SEPAKO,Botswana,11.828249032398624,0.283502338304638,REF_TRF
0316,8.947207979061567,BOTSWANA_CENTRAL_TUTUME_SHASHE-MOOKE,Botswana,9.311414615570094,0.364206636508527,REF_TRF
0317,9.197622824680833,BOTSWANA_CENTRAL_TUTUME_SHASHE/SEMOTSWANE,Botswana,9.579387786977408,0.3817649622965753,REF_TRF
0318,9.89869895123319,BOTSWANA_CENTRAL_TUTUME_TONOTA,Botswana,10.294944508828927,0.3962455575957371,REF_TRF
0319,12.140605548959888,BOTSWANA_CENTRAL_TUTUME_TSHOKATSHAA,Botswana,12.40781473288308,0.2672091839231925,REF_TRF
0320,9.56499356232813,BOTSWANA_CENTRAL_TUTUME_TUTUME,Botswana,9.870674983511332,0.30568142118320196,REF_TRF
0321,9.854782569812635,BOTSWANA_CENTRAL_TUTUME_ZOROGA,Botswana,10.137787413830331,0.28300484401769666,REF_TRF
0322,11.564999928487845,BOTSWANA_CHOBE_CHOBE_KACHIKAU,Botswana,11.77248421016579,0.20748428167794408,REF_TRF
0323,11.02661519390908,BOTSWANA_CHOBE_CHOBE_KASANE,Botswana,11.234791623996646,0.20817643008756548,REF_TRF
0324,9.650358716157474,BOTSWANA_CHOBE_CHOBE_KATABA,Botswana,9.85497908070574,0.2046203645482656,REF_TRF
0325,11.045922437810862,BOTSWANA_CHOBE_CHOBE_KAVIMBA,Botswana,11.252558054820707,0.20663561700984445,REF_TRF
0326,11.728587545345206,BOTSWANA_CHOBE_CHOBE_KAZUNGULA,Botswana,11.95756272257989,0.22897517723468397,REF_TRF
0327,11.220814871822173,BOTSWANA_CHOBE_CHOBE_LESOMA,Botswana,11.434597203800074,0.2137823319779013,REF_TRF
0328,11.778740081394806,BOTSWANA_CHOBE_CHOBE_MUCHINJE/MABELE,Botswana,11.99723164923336,0.21849156783855328,REF_TRF
0329,9.820705044076947,BOTSWANA_CHOBE_CHOBE_NUMBER SEVEN,Botswana,10.055473101972538,0.2347680578955913,REF_TRF
0330,8.67947030463781,BOTSWANA_CHOBE_CHOBE_PANDAMATENGA,Botswana,8.933410298391264,0.25393999375345366,REF_TRF
0331,11.149917032573477,BOTSWANA_CHOBE_CHOBE_PARAKARUNGU,Botswana,11.348360030907173,0.1984429983336966,REF_TRF
0332,11.840944099594266,BOTSWANA_CHOBE_CHOBE_SATAU,Botswana,12.067494390564978,0.226550290970712,REF_TRF
0333,14.20914284669529,BOTSWANA_GABORONE_GABORONE_GABORONE,Botswana,15.210376083082675,1.0012332363873853,REF_TRF
0334,5.867757758658718,BOTSWANA_GHANZI_CENTRAL KGALAGADI GAME RESERVE_CENTRAL KGALAGADI GAME RESERVE,Botswana,6.197528693185357,0.3297709345266391,REF_TRF
0335,5.748012307217396,BOTSWANA_GHANZI_GHANZI_B. VISSER,Botswana,5.97965330437176,0.23164099715436404,REF_TRF
0336,5.391821185507478,BOTSWANA_GHANZI_GHANZI_BERE,Botswana,5.668202916190757,0.276381730683279,REF_TRF
0337,4.780249324709663,BOTSWANA_GHANZI_GHANZI_CHARLES HILL,Botswana,4.9876894250053985,0.20744010029573534,REF_TRF
0338,5.5562898751653345,BOTSWANA_GHANZI_GHANZI_CHARLES SHELDON,Botswana,5.797886505530005,0.24159663036467016,REF_TRF
0339,5.059787778219755,BOTSWANA_GHANZI_GHANZI_CHOBOKWANE,Botswana,5.311028932920914,0.2512411547011588,REF_TRF
0340,5.534535155602782,BOTSWANA_GHANZI_GHANZI_DECT ETIN,Botswana,5.768833173807655,0.23429801820487306,REF_TRF
0341,5.537667817344605,BOTSWANA_GHANZI_GHANZI_DEKAR,Botswana,5.761456716828302,0.22378889948369718,REF_TRF
0342,5.28839878286645,BOTSWANA_GHANZI_GHANZI_EAST HANAHAI,Botswana,5.561394349781142,0.27299556691469196,REF_TRF
0343,5.623232120793462,BOTSWANA_GHANZI_GHANZI_GHANZI,Botswana,5.856217090809013,0.23298497001555063,REF_TRF
0344,5.6162088148126905,BOTSWANA_GHANZI_GHANZI_GROOTE LAAGTE,Botswana,5.831723313926917,0.21551449911422615,REF_TRF
0345,4.698446107272543,BOTSWANA_GHANZI_GHANZI_HANS METZLER,Botswana,4.906708825238572,0.20826271796602835,REF_TRF
0346,4.76166747966624,BOTSWANA_GHANZI_GHANZI_J. RANSALL,Botswana,4.975127259125484,0.2134597794592441,REF_TRF
0347,5.166338645591079,BOTSWANA_GHANZI_GHANZI_JANKI JANKI,Botswana,5.438705357031015,0.2723667114399362,REF_TRF
0348,5.479901110052789,BOTSWANA_GHANZI_GHANZI_JERUNG,Botswana,5.7315360248826375,0.25163491482984846,REF_TRF
0349,6.070747060247918,BOTSWANA_GHANZI_GHANZI_JOHN FARM,Botswana,6.288929790390402,0.2181827301424839,REF_TRF
0350,5.374595635468385,BOTSWANA_GHANZI_GHANZI_KACGAE,Botswana,5.679347282260782,0.30475164679239697,REF_TRF
0351,4.849882663806001,BOTSWANA_GHANZI_GHANZI_KARAKOBIS,Botswana,5.064148144872373,0.21426548106637178,REF_TRF
0352,4.8614361266576775,BOTSWANA_GHANZI_GHANZI_KULE,Botswana,5.087282350912751,0.22584622425507384,REF_TRF
0353,4.882079695387423,BOTSWANA_GHANZI_GHANZI_MAGONO MAGONO,Botswana,5.132159430870507,0.2500797354830837,REF_TRF
0354,5.271315822020471,BOTSWANA_GHANZI_GHANZI_MAKUNDA,Botswana,5.488767064211886,0.21745124219141498,REF_TRF
0355,5.276959733018089,BOTSWANA_GHANZI_GHANZI_MASIRE'S FARM,Botswana,5.512402802960096,0.2354430699420078,REF_TRF
0356,4.788378898505183,BOTSWANA_GHANZI_GHANZI_NCOJANE,Botswana,5.023108652416951,0.2347297539117683,REF_TRF
0357,5.333879523593902,BOTSWANA_GHANZI_GHANZI_NEW XADE,Botswana,5.607797486798534,0.2739179632046316,REF_TRF
0358,4.801442009650606,BOTSWANA_GHANZI_GHANZI_NEW XANAGAS,Botswana,5.038155016829344,0.23671300717873756,REF_TRF
0359,5.7482289840260945,BOTSWANA_GHANZI_GHANZI_QABO,Botswana,5.952862672898462,0.20463368887236744,REF_TRF
0360,4.9470670633020735,BOTSWANA_GHANZI_GHANZI_TSOOTSHA,Botswana,5.168059833417213,0.22099277011513951,REF_TRF
0361,5.2621337765419165,BOTSWANA_GHANZI_GHANZI_WEST HANAHAI,Botswana,5.514063754058293,0.2519299775163768,REF_TRF
0362,8.948846986741817,BOTSWANA_JWANENG_JWANENG_JWANENG,Botswana,9.661030053118843,0.7121830663770261,REF_TRF
0363,5.195307507952853,BOTSWANA_KGALAGADI_KGALAGADI NORTH_HUKUNTSI,Botswana,5.531451998554022,0.33614449060116947,REF_TRF
0364,5.355479577653687,BOTSWANA_KGALAGADI_KGALAGADI NORTH_HUNHUKWE,Botswana,5.662014932070361,0.306535354416674,REF_TRF
0365,5.8960485693500395,BOTSWANA_KGALAGADI_KGALAGADI NORTH_INALEGOLO,Botswana,6.334752995580033,0.43870442622999306,REF_TRF
0366,5.6280051963833175,BOTSWANA_KGALAGADI_KGALAGADI NORTH_KANG,Botswana,5.992181964103915,0.3641767677205978,REF_TRF
0367,5.409529015721802,BOTSWANA_KGALAGADI_KGALAGADI NORTH_LEHUTUTU,Botswana,5.749626289075746,0.340097273353944,REF_TRF
0368,5.22945013567778,BOTSWANA_KGALAGADI_KGALAGADI NORTH_LOKGWABE,Botswana,5.578190915630181,0.3487407799524007,REF_TRF
0369,5.47754420226182,BOTSWANA_KGALAGADI_KGALAGADI NORTH_MAKE,Botswana,5.80466286031278,0.32711865805095997,REF_TRF
0370,5.339302860588349,BOTSWANA_KGALAGADI_KGALAGADI NORTH_MONONG,Botswana,5.6475681075267445,0.3082652469383955,REF_TRF
0371,5.293214187449989,BOTSWANA_KGALAGADI_KGALAGADI NORTH_NCAANG,Botswana,5.568637016005214,0.27542282855522515,REF_TRF
0372,5.350485567801362,BOTSWANA_KGALAGADI_KGALAGADI NORTH_NGWATLE,Botswana,5.6347780506910325,0.28429248288967024,REF_TRF
0373,5.815445644221738,BOTSWANA_KGALAGADI_KGALAGADI NORTH_PHUDUHUDU,Botswana,6.198061490173298,0.38261584595156073,REF_TRF
0374,5.3563866733169405,BOTSWANA_KGALAGADI_KGALAGADI NORTH_TSHANE,Botswana,5.705616955290862,0.3492302819739219,REF_TRF
0375,5.49307535960768,BOTSWANA_KGALAGADI_KGALAGADI NORTH_UKWI,Botswana,5.760782157060336,0.26770679745265635,REF_TRF
0376,4.891391792402398,BOTSWANA_KGALAGADI_KGALAGADI NORTH_ZUTSWA,Botswana,5.210416755824043,0.31902496342164444,REF_TRF
0377,5.892365128738429,BOTSWANA_KGALAGADI_KGALAGADI SOUTH_BOGOGOBO,Botswana,6.434629360790501,0.5422642320520721,REF_TRF
0378,5.063063402840631,BOTSWANA_KGALAGADI_KGALAGADI SOUTH_BOKSPITS,Botswana,5.451795446109644,0.38873204326901334,REF_TRF
0379,9.283012943190826,BOTSWANA_KGALAGADI_KGALAGADI SOUTH_BRAY,Botswana,9.931042663323112,0.6480297201322855,REF_TRF
0380,5.4475035207855225,BOTSWANA_KGALAGADI_KGALAGADI SOUTH_GACHIBANA,Botswana,5.919509961037872,0.4720064402523496,REF_TRF
0381,6.350053035649489,BOTSWANA_KGALAGADI_KGALAGADI SOUTH_KHISA,Botswana,6.874386140663537,0.5243331050140485,REF_TRF
0382,5.931757945028653,BOTSWANA_KGALAGADI_KGALAGADI SOUTH_KHUIS,Botswana,6.454955770260421,0.5231978252317679,REF_TRF
0383,5.136516730316696,BOTSWANA_KGALAGADI_KGALAGADI SOUTH_KHWAWA,Botswana,5.60782398185093,0.4713072515342338,REF_TRF
0384,7.091625995813389,BOTSWANA_KGALAGADI_KGALAGADI SOUTH_KOKOTSHA,Botswana,7.634399071974548,0.5427730761611596,REF_TRF
0385,5.877987777670186,BOTSWANA_KGALAGADI_KGALAGADI SOUTH_KOLONKWANE,Botswana,6.412933718308473,0.5349459406382868,REF_TRF
0386,6.856842350953007,BOTSWANA_KGALAGADI_KGALAGADI SOUTH_MAKOPONG,Botswana,7.401811721592777,0.5449693706397696,REF_TRF
0387,6.3336684884667855,BOTSWANA_KGALAGADI_KGALAGADI SOUTH_MALESHE,Botswana,6.871729678916527,0.5380611904497412,REF_TRF
0388,6.4264045174235385,BOTSWANA_KGALAGADI_KGALAGADI SOUTH_MARALALENG,Botswana,6.968121255102781,0.5417167376792422,REF_TRF
0389,5.768589681312858,BOTSWANA_KGALAGADI_KGALAGADI SOUTH_MAUBELO,Botswana,6.232031271559815,0.46344159024695664,REF_TRF
0390,5.9067756684463415,BOTSWANA_KGALAGADI_KGALAGADI SOUTH_MIDDLEPITS,Botswana,6.442908944873287,0.5361332764269457,REF_TRF
0391,8.029906042265171,BOTSWANA_KGALAGADI_KGALAGADI SOUTH_MOLOPO FARMS,Botswana,8.691935542892505,0.6620295006273338,REF_TRF
0392,6.386374009963177,BOTSWANA_KGALAGADI_KGALAGADI SOUTH_OMAWENENO,Botswana,6.91804645891937,0.5316724489561935,REF_TRF
0393,6.470665473302931,BOTSWANA_KGALAGADI_KGALAGADI SOUTH_PHEPHENG/DRAAIHOEK,Botswana,6.98515632117956,0.5144908478766288,REF_TRF
0394,5.043809684472574,BOTSWANA_KGALAGADI_KGALAGADI SOUTH_RAPPLES PAN,Botswana,5.474193251787387,0.43038356731481286,REF_TRF
0395,4.466048399500636,BOTSWANA_KGALAGADI_KGALAGADI SOUTH_STRUIZENDAM,Botswana,4.865890507170356,0.39984210766971984,REF_TRF
0396,6.689927054784898,BOTSWANA_KGALAGADI_KGALAGADI SOUTH_TSABONG,Botswana,7.223751681412747,0.5338246266278484,REF_TRF
0397,4.8363337920478,BOTSWANA_KGALAGADI_KGALAGADI SOUTH_VAALHOEK,Botswana,5.258225493403752,0.42189170135595244,REF_TRF
0398,6.670068491305404,BOTSWANA_KGALAGADI_KGALAGADI SOUTH_WERDA,Botswana,7.199520075251445,0.5294515839460407,REF_TRF
0399,11.345203938020392,BOTSWANA_KGATLENG_KGATLENG_ARTISIA,Botswana,12.119705103552137,0.7745011655317455,REF_TRF
0400,12.485702767624447,BOTSWANA_KGATLENG_KGATLENG_BOKAA,Botswana,13.386612558461747,0.9009097908373,REF_TRF
0401,10.585904939496778,BOTSWANA_KGATLENG_KGATLENG_DIKGONNYE,Botswana,11.359064331108495,0.773159391611717,REF_TRF
0402,13.079227157518476,BOTSWANA_KGATLENG_KGATLENG_DIKWIDIDI,Botswana,14.088322259155053,1.0090951016365768,REF_TRF
0403,10.60162075062485,BOTSWANA_KGATLENG_KGATLENG_KGOMODIATSHABA,Botswana,11.347380375314131,0.7457596246892813,REF_TRF
0404,9.689183363591821,BOTSWANA_KGATLENG_KGATLENG_KHURUTSHE,Botswana,10.346582217463695,0.6573988538718734,REF_TRF
0405,10.630354610102962,BOTSWANA_KGATLENG_KGATLENG_LESHIBITSE,Botswana,11.360559835995897,0.7302052258929344,REF_TRF
0406,13.353417920702707,BOTSWANA_KGATLENG_KGATLENG_MABALANE,Botswana,14.40802729705913,1.0546093763564226,REF_TRF
0407,13.001344745143241,BOTSWANA_KGATLENG_KGATLENG_MALOLWANE,Botswana,13.984197566844273,0.9828528217010319,REF_TRF
0408,11.789673182204766,BOTSWANA_KGATLENG_KGATLENG_MALOTWANA SIDING,Botswana,12.657622617128677,0.8679494349239114,REF_TRF
0409,13.101054942018033,BOTSWANA_KGATLENG_KGATLENG_MATEBELENG,Botswana,14.044184685324373,0.9431297433063399,REF_TRF
0410,13.711980611497586,BOTSWANA_KGATLENG_KGATLENG_MMATHUBUDUKWANE,Botswana,14.77940741480706,1.0674268033094751,REF_TRF
0411,12.110462885581935,BOTSWANA_KGATLENG_KGATLENG_MOCHUDI,Botswana,13.019396365591682,0.9089334800097468,REF_TRF
0412,13.30648403102046,BOTSWANA_KGATLENG_KGATLENG_MODIPANE,Botswana,14.330911802836702,1.0244277718162422,REF_TRF
0413,12.98275979496449,BOTSWANA_KGATLENG_KGATLENG_MORWA,Botswana,13.905699876436163,0.9229400814716726,REF_TRF
0414,12.608921041652193,BOTSWANA_KGATLENG_KGATLENG_OLIPHANTS DRIFT,Botswana,13.552028355119651,0.9431073134674577,REF_TRF
0415,13.363940948312397,BOTSWANA_KGATLENG_KGATLENG_OODI,Botswana,14.34118284348611,0.9772418951737123,REF_TRF
0416,12.502829831110628,BOTSWANA_KGATLENG_KGATLENG_PILANE STATION,Botswana,13.415899047177607,0.9130692160669795,REF_TRF
0417,13.491761592761279,BOTSWANA_KGATLENG_KGATLENG_RAMONAKA,Botswana,14.552058797040395,1.0602972042791166,REF_TRF
0418,11.367272061281778,BOTSWANA_KGATLENG_KGATLENG_RAMOTLABAKI,Botswana,12.200154375862327,0.8328823145805497,REF_TRF
0419,11.407886756990154,BOTSWANA_KGATLENG_KGATLENG_RASESA,Botswana,12.263574768494475,0.8556880115043217,REF_TRF
0420,13.416698852423663,BOTSWANA_KGATLENG_KGATLENG_SIKWANE,Botswana,14.506755603139531,1.0900567507158687,REF_TRF
0421,16.634538218540648,BOTSWANA_KWENENG_KWENENG EAST_BDF MOGODITSHANE,Botswana,17.58432784570704,0.9497896271663926,REF_TRF
0422,9.093368646676424,BOTSWANA_KWENENG_KWENENG EAST_BOATLANAME,Botswana,9.722985212723962,0.6296165660475381,REF_TRF
0423,10.920102801352316,BOTSWANA_KWENENG_KWENENG EAST_DIKGATLHONG,Botswana,11.710695279727107,0.7905924783747906,REF_TRF
0424,10.96374940003098,BOTSWANA_KWENENG_KWENENG EAST_DITSHUKUDU,Botswana,11.75587904251001,0.7921296424790292,REF_TRF
0425,12.70013237478489,BOTSWANA_KWENENG_KWENENG EAST_GABANE,Botswana,13.632684058895085,0.9325516841101962,REF_TRF
0426,11.300998051274338,BOTSWANA_KWENENG_KWENENG EAST_GAKGATLA,Botswana,12.163857390431374,0.8628593391570369,REF_TRF
0427,12.13004119474947,BOTSWANA_KWENENG_KWENENG EAST_GAKUTLO,Botswana,12.979950839475503,0.8499096447260328,REF_TRF
0428,11.45448542607017,BOTSWANA_KWENENG_KWENENG EAST_GAMODUBU,Botswana,12.341431223243866,0.8869457971736967,REF_TRF
0429,9.528702973378657,BOTSWANA_KWENENG_KWENENG EAST_HATSALATLADI,Botswana,10.228887743646562,0.7001847702679047,REF_TRF
0430,11.073626009593784,BOTSWANA_KWENENG_KWENENG EAST_KGOPE,Botswana,11.896475353108547,0.822849343514763,REF_TRF
0431,11.635497844018817,BOTSWANA_KWENENG_KWENENG EAST_KOPONG,Botswana,12.490424008288352,0.8549261642695356,REF_TRF
0432,10.432196094890198,BOTSWANA_KWENENG_KWENENG EAST_KUBUNG,Botswana,11.254242727565794,0.8220466326755957,REF_TRF
0433,13.244260667383676,BOTSWANA_KWENENG_KWENENG EAST_KUMAKWANE,Botswana,14.169905477439237,0.9256448100555605,REF_TRF
0434,9.262687683268895,BOTSWANA_KWENENG_KWENENG EAST_KWENENG,Botswana,9.950486491869956,0.6877988086010607,REF_TRF
0435,10.562682513136735,BOTSWANA_KWENENG_KWENENG EAST_LENTSWELETAU,Botswana,11.33196864216245,0.7692861290257138,REF_TRF
0436,8.39342341676713,BOTSWANA_KWENENG_KWENENG EAST_LEOLOGANE,Botswana,8.968785965382255,0.575362548615125,REF_TRF
0437,8.712772962325875,BOTSWANA_KWENENG_KWENENG EAST_LEPHEPHE,Botswana,9.290399606353418,0.5776266440275428,REF_TRF
0438,10.333047647404614,BOTSWANA_KWENENG_KWENENG EAST_LOSILAKGOKONG,Botswana,11.14378759803143,0.8107399506268163,REF_TRF
0439,10.59175596245214,BOTSWANA_KWENENG_KWENENG EAST_MAHETLWE,Botswana,11.335506175785873,0.7437502133337333,REF_TRF
0440,9.846174684928645,BOTSWANA_KWENENG_KWENENG EAST_MEDIE,Botswana,10.578407775562695,0.7322330906340504,REF_TRF
0441,14.956843869713149,BOTSWANA_KWENENG_KWENENG EAST_METSIMOTLHABE,Botswana,15.90083059741602,0.9439867277028711,REF_TRF
0442,12.546111403411757,BOTSWANA_KWENENG_KWENENG EAST_MMANKGODI,Botswana,13.476979394391332,0.930867990979575,REF_TRF
0443,11.080637812792718,BOTSWANA_KWENENG_KWENENG EAST_MMANOKO,Botswana,11.920033982961286,0.8393961701685679,REF_TRF
0444,12.962234671405417,BOTSWANA_KWENENG_KWENENG EAST_MMATSETA,Botswana,13.826195009999509,0.8639603385940919,REF_TRF
0445,13.006473030034218,BOTSWANA_KWENENG_KWENENG EAST_MMOPANE,Botswana,13.935412678797409,0.9289396487631905,REF_TRF
0446,14.3843958562093,BOTSWANA_KWENENG_KWENENG EAST_MOGODITSHANE,Botswana,15.351678430816932,0.9672825746076317,REF_TRF
0447,10.234487619120532,BOTSWANA_KWENENG_KWENENG EAST_MOGONONO,Botswana,10.966412505592318,0.731924886471786,REF_TRF
0448,14.451969067853486,BOTSWANA_KWENENG_KWENENG EAST_MOKOLODI,Botswana,15.43507260253238,0.983103534678893,REF_TRF
0449,10.515576854042385,BOTSWANA_KWENENG_KWENENG EAST_MOLEPOLOLE,Botswana,11.323122904978156,0.8075460509357715,REF_TRF
0450,12.507139227632063,BOTSWANA_KWENENG_KWENENG EAST_RAMAPHATLE,Botswana,13.42569445514884,0.9185552275167765,REF_TRF
0451,8.63289635772413,BOTSWANA_KWENENG_KWENENG EAST_SHADISHADI,Botswana,9.228050523472067,0.5951541657479371,REF_TRF
0452,8.718838845338865,BOTSWANA_KWENENG_KWENENG EAST_SOJWE,Botswana,9.31299588908369,0.5941570437448238,REF_TRF
0453,11.254055125783614,BOTSWANA_KWENENG_KWENENG EAST_THAMAGA,Botswana,12.120487423214968,0.8664322974313539,REF_TRF
0454,12.70427431146585,BOTSWANA_KWENENG_KWENENG EAST_TLOANENG,Botswana,13.666641874062268,0.9623675625964179,REF_TRF
0455,8.709416492582864,BOTSWANA_KWENENG_KWENENG WEST_BOTLHAPATLOU,Botswana,9.349597912504578,0.6401814199217135,REF_TRF
0456,8.2802293549079,BOTSWANA_KWENENG_KWENENG WEST_DIPHUDUHUDU,Botswana,8.867156145325044,0.5869267904171434,REF_TRF
0457,8.788677235439211,BOTSWANA_KWENENG_KWENENG WEST_DITSHEGWANE,Botswana,9.467280304099134,0.6786030686599229,REF_TRF
0458,7.634216318553573,BOTSWANA_KWENENG_KWENENG WEST_DUTLWE,Botswana,8.162474998890538,0.5282586803369647,REF_TRF
0459,6.4851100802132375,BOTSWANA_KWENENG_KWENENG WEST_KAUDWANE,Botswana,6.961653015234014,0.4765429350207766,REF_TRF
0460,7.981286311370354,BOTSWANA_KWENENG_KWENENG WEST_KHUDUMELAPYE,Botswana,8.56656492305731,0.5852786116869559,REF_TRF
0461,10.062077365906639,BOTSWANA_KWENENG_KWENENG WEST_KOTOLANAME,Botswana,10.831411817648137,0.7693344517414982,REF_TRF
0462,8.212653043903899,BOTSWANA_KWENENG_KWENENG WEST_LETLHAKENG,Botswana,8.860758110621067,0.6481050667171679,REF_TRF
0463,7.815109192486208,BOTSWANA_KWENENG_KWENENG WEST_MABOANE,Botswana,8.396587215820926,0.5814780233347179,REF_TRF
0464,9.121484189095579,BOTSWANA_KWENENG_KWENENG WEST_MALWELWE,Botswana,9.797793670273737,0.6763094811781585,REF_TRF
0465,8.81591781776287,BOTSWANA_KWENENG_KWENENG WEST_MANTSHWABISI,Botswana,9.493504984895242,0.6775871671323728,REF_TRF
0466,8.636076345437104,BOTSWANA_KWENENG_KWENENG WEST_MARATSHWANE,Botswana,9.278061920841026,0.6419855754039219,REF_TRF
0467,8.047634135191528,BOTSWANA_KWENENG_KWENENG WEST_METSIBOTLHOKO,Botswana,8.659589816578668,0.6119556813871405,REF_TRF
0468,9.012805822307142,BOTSWANA_KWENENG_KWENENG WEST_MONWANE,Botswana,9.732433688246118,0.7196278659389765,REF_TRF
0469,9.21190974589248,BOTSWANA_KWENENG_KWENENG WEST_MOSHAWENG,Botswana,9.94737138450863,0.7354616386161492,REF_TRF
0470,7.214911312317209,BOTSWANA_KWENENG_KWENENG WEST_MOTOKWE,Botswana,7.666095641713447,0.45118432939623787,REF_TRF
0471,7.815290875092543,BOTSWANA_KWENENG_KWENENG WEST_NGWARE,Botswana,8.357831529811236,0.5425406547186924,REF_TRF
0472,7.022883670766774,BOTSWANA_KWENENG_KWENENG WEST_SALAJWE,Botswana,7.524598920197463,0.5017152494306893,REF_TRF
0473,9.061538267472129,BOTSWANA_KWENENG_KWENENG WEST_SERINANE,Botswana,9.756281283393577,0.694743015921448,REF_TRF
0474,8.319643444344457,BOTSWANA_KWENENG_KWENENG WEST_SESUNG,Botswana,8.95219434773258,0.6325509033881218,REF_TRF
0475,7.31437723457946,BOTSWANA_KWENENG_KWENENG WEST_SORILATHOLO,Botswana,7.834328604768743,0.5199513701892826,REF_TRF
0476,7.400018286846665,BOTSWANA_KWENENG_KWENENG WEST_TAKATOKWANE,Botswana,7.931527715262597,0.5315094284159319,REF_TRF
0477,9.356893837360436,BOTSWANA_KWENENG_KWENENG WEST_THEBEPHATSHWA,Botswana,10.08814880755591,0.731254970195474,REF_TRF
0478,7.274109137433464,BOTSWANA_KWENENG_KWENENG WEST_TSETSENG,Botswana,7.686722381459111,0.41261324402564714,REF_TRF
0479,7.424947654064541,BOTSWANA_KWENENG_KWENENG WEST_TSWAANE,Botswana,7.885029567909243,0.4600819138447019,REF_TRF
0480,13.5919064139058,BOTSWANA_LOBATSE_LOBATSE_LOBATSE,Botswana,14.725819428972432,1.1339130150666321,REF_TRF
0481,8.929561185713009,BOTSWANA_NORTH EAST_NORTH EAST_BOTALAOTE,Botswana,9.260720715291653,0.3311595295786436,REF_TRF
0482,9.645154958969158,BOTSWANA_NORTH EAST_NORTH EAST_BUTALE,Botswana,9.957120134964844,0.3119651759956863,REF_TRF
0483,9.419428805066293,BOTSWANA_NORTH EAST_NORTH EAST_DITLADI,Botswana,9.781738089750544,0.36230928468425105,REF_TRF
0484,9.063335415899214,BOTSWANA_NORTH EAST_NORTH EAST_GAMBULE,Botswana,9.372890626408502,0.3095552105092878,REF_TRF
0485,8.928188801834287,BOTSWANA_NORTH EAST_NORTH EAST_GULUBANE,Botswana,9.272712258001727,0.3445234561674404,REF_TRF
0486,9.10877829062047,BOTSWANA_NORTH EAST_NORTH EAST_GUNGWE,Botswana,9.414136435919403,0.305358145298932,REF_TRF
0487,9.127578406010281,BOTSWANA_NORTH EAST_NORTH EAST_HASKINS FARM,Botswana,9.462684134013564,0.335105728003283,REF_TRF
0488,10.241722949813393,BOTSWANA_NORTH EAST_NORTH EAST_JACKALAS 1,Botswana,10.542930937701854,0.3012079878884606,REF_TRF
0489,9.309560587303558,BOTSWANA_NORTH EAST_NORTH EAST_JACKALAS 2,Botswana,9.641126713056533,0.3315661257529747,REF_TRF
0490,9.348272575526597,BOTSWANA_NORTH EAST_NORTH EAST_JOHANNES KACHEJOHN,Botswana,9.701436829091566,0.3531642535649695,REF_TRF
0491,9.068371405101416,BOTSWANA_NORTH EAST_NORTH EAST_KALAKAMATI,Botswana,9.380466319980862,0.3120949148794452,REF_TRF
0492,9.8883241551789,BOTSWANA_NORTH EAST_NORTH EAST_KGARI,Botswana,10.1877663253541,0.29944217017520103,REF_TRF
0493,9.235424401626565,BOTSWANA_NORTH EAST_NORTH EAST_LETSHOLATHEBE,Botswana,9.555720573716147,0.3202961720895825,REF_TRF
0494,9.356170009370276,BOTSWANA_NORTH EAST_NORTH EAST_MABUDZANE,Botswana,9.684652351077045,0.3284823417067688,REF_TRF
0495,8.8866543828812965,BOTSWANA_NORTH EAST_NORTH EAST_MAKALENG,Botswana,9.22432729057753,0.33767290769623415,REF_TRF
0496,8.996528040437388,BOTSWANA_NORTH EAST_NORTH EAST_MAMBO,Botswana,9.33331951426267,0.3367914738252811,REF_TRF
0497,10.214647298835928,BOTSWANA_NORTH EAST_NORTH EAST_MAPOKA,Botswana,10.511553837800685,0.29690653896475716,REF_TRF
0498,8.949740373969416,BOTSWANA_NORTH EAST_NORTH EAST_MASINGWANENG,Botswana,9.288946423196943,0.33920604922752773,REF_TRF
0499,9.822902534531488,BOTSWANA_NORTH EAST_NORTH EAST_MASUKWANE,Botswana,10.135207742491978,0.31230520796049,REF_TRF
0500,9.55670481035582,BOTSWANA_NORTH EAST_NORTH EAST_MASUNGA,Botswana,9.87062532507517,0.3139205147193511,REF_TRF
0501,9.02372126798787,BOTSWANA_NORTH EAST_NORTH EAST_MATENGE,Botswana,9.362045073020997,0.3383238050331272,REF_TRF
0502,9.53012782420069,BOTSWANA_NORTH EAST_NORTH EAST_MATSHELAGABEDI,Botswana,9.875580232599638,0.3454524083989483,REF_TRF
0503,9.633932155103096,BOTSWANA_NORTH EAST_NORTH EAST_MATSILOJE,Botswana,9.987251601125335,0.35331944602223864,REF_TRF
0504,9.063110206345616,BOTSWANA_NORTH EAST_NORTH EAST_MBALAMBI,Botswana,9.36774704793292,0.3046368415873033,REF_TRF
0505,10.265155936688632,BOTSWANA_NORTH EAST_NORTH EAST_MOROKA,Botswana,10.562953744344412,0.2977978076557797,REF_TRF
0506,9.875548375031993,BOTSWANA_NORTH EAST_NORTH EAST_MOSOJANE,Botswana,10.187620406223768,0.31207203119177507,REF_TRF
0507,9.544149070460966,BOTSWANA_NORTH EAST_NORTH EAST_MOWANA,Botswana,9.865640809786544,0.3214917393255785,REF_TRF
0508,9.699718901887243,BOTSWANA_NORTH EAST_NORTH EAST_MULAMBAKWENA,Botswana,10.011930329796144,0.3122114279089008,REF_TRF
0509,10.19777362146816,BOTSWANA_NORTH EAST_NORTH EAST_NLAKHWANE,Botswana,10.50222568511942,0.30445206365125976,REF_TRF
0510,9.446072625066773,BOTSWANA_NORTH EAST_NORTH EAST_PATAYAMATEBELE,Botswana,9.816200521546893,0.37012789648012046,REF_TRF
0511,10.125178681486526,BOTSWANA_NORTH EAST_NORTH EAST_POLE,Botswana,10.433378725330586,0.3082000438440602,REF_TRF
0512,10.126220312211633,BOTSWANA_NORTH EAST_NORTH EAST_RAMOKGWEBANA,Botswana,10.427003319924141,0.3007830077125089,REF_TRF
0513,9.056133839746678,BOTSWANA_NORTH EAST_NORTH EAST_SECHELE,Botswana,9.379891554408804,0.32375771466212555,REF_TRF
0514,9.092284176201046,BOTSWANA_NORTH EAST_NORTH EAST_SEKAKANGWE,Botswana,9.400961166550161,0.3086769903491149,REF_TRF
0515,9.475096101998574,BOTSWANA_NORTH EAST_NORTH EAST_SENYAWE,Botswana,9.794763010321304,0.3196669083227306,REF_TRF
0516,9.761888528256357,BOTSWANA_NORTH EAST_NORTH EAST_SHASHE BRIDGE,Botswana,10.130070859820837,0.3681823315644799,REF_TRF
0517,9.493635462927138,BOTSWANA_NORTH EAST_NORTH EAST_SIVIYA,Botswana,9.81963465287083,0.32599918994369226,REF_TRF
0518,9.4828256709363,BOTSWANA_NORTH EAST_NORTH EAST_TATI SIDING,Botswana,9.852175819849077,0.3693501489127762,REF_TRF
0519,9.490657371946629,BOTSWANA_NORTH EAST_NORTH EAST_THEMASHANGA,Botswana,9.808558559787603,0.3179011878409739,REF_TRF
0520,8.831195472335086,BOTSWANA_NORTH EAST_NORTH EAST_TOTENG,Botswana,9.163542689485741,0.3323472171506552,REF_TRF
0521,9.582705445562148,BOTSWANA_NORTH EAST_NORTH EAST_TSAMAYA,Botswana,9.907432480095306,0.3247270345331579,REF_TRF
0522,9.6610339924457591,BOTSWANA_NORTH EAST_NORTH EAST_TSHESEBE,Botswana,9.977979897089284,0.316945904643525,REF_TRF
0523,9.110988023993446,BOTSWANA_NORTH EAST_NORTH EAST_VUKWI,Botswana,9.422458963167324,0.31147093917387814,REF_TRF
0524,9.896512728468359,BOTSWANA_NORTH EAST_NORTH EAST_ZWENSHAMBE,Botswana,10.205440647919541,0.3089279194511825,REF_TRF
0525,7.934575855460097,BOTSWANA_NORTH WEST_NGAMILAND DELTA_NGAMILAND DELTA,Botswana,8.116949851562264,0.1823739961021671,REF_TRF
0526,6.363534260341822,BOTSWANA_NORTH WEST_NGAMILAND EAST_BODIBENG,Botswana,6.574484265914252,0.21095000557243004,REF_TRF
0527,6.3151423751756735,BOTSWANA_NORTH WEST_NGAMILAND EAST_BOTLHATLOGO,Botswana,6.53566428154981,0.22052190637413638,REF_TRF
0528,7.120437154140257,BOTSWANA_NORTH WEST_NGAMILAND EAST_CHANOGA,Botswana,7.338765561800238,0.21832840765998096,REF_TRF
0529,7.3581932908444685,BOTSWANA_NORTH WEST_NGAMILAND EAST_HABU,Botswana,7.548387988123619,0.19019469727915084,REF_TRF
0530,6.159543442308115,BOTSWANA_NORTH WEST_NGAMILAND EAST_KARENG,Botswana,6.366905195509777,0.2073617532016625,REF_TRF
0531,6.365787779564509,BOTSWANA_NORTH WEST_NGAMILAND EAST_KGAKGE/MAKAKUNG,Botswana,6.574311034497566,0.20852325493305734,REF_TRF
0532,7.68613746048649,BOTSWANA_NORTH WEST_NGAMILAND EAST_KOMANA,Botswana,7.896917159904666,0.21077969941817543,REF_TRF
0533,8.959966965005838,BOTSWANA_NORTH WEST_NGAMILAND EAST_MABABE,Botswana,9.164631039699557,0.20466407469371894,REF_TRF
0534,7.0513645896123816,BOTSWANA_NORTH WEST_NGAMILAND EAST_MAKALAMABEDI,Botswana,7.287883291846722,0.23651870223434024,REF_TRF
0535,7.5478230135849405,BOTSWANA_NORTH WEST_NGAMILAND EAST_MATLAPANA,Botswana,7.757600781063134,0.20977776747819377,REF_TRF
0536,7.605919908713882,BOTSWANA_NORTH WEST_NGAMILAND EAST_MATSAUDI/SAKAPNAE,Botswana,7.816555428462895,0.21063551974901262,REF_TRF
0537,8.35316605554141,BOTSWANA_NORTH WEST_NGAMILAND EAST_MAUN,Botswana,8.568634934250161,0.21546887870875153,REF_TRF
0538,9.298933574304957,BOTSWANA_NORTH WEST_NGAMILAND EAST_PHUDUHUDU,Botswana,9.538804710286158,0.23987113598120047,REF_TRF
0539,9.227878420690512,BOTSWANA_NORTH WEST_NGAMILAND EAST_SANKUYO,Botswana,9.431638505762606,0.2037600850720942,REF_TRF
0540,6.616291720561032,BOTSWANA_NORTH WEST_NGAMILAND EAST_SEHITHWA,Botswana,6.824703094960688,0.20841137439965607,REF_TRF
0541,6.6014188035694215,BOTSWANA_NORTH WEST_NGAMILAND EAST_SEMBOYO,Botswana,6.800541174282511,0.19912237071308958,REF_TRF
0542,8.334649845102202,BOTSWANA_NORTH WEST_NGAMILAND EAST_SHOROBE,Botswana,8.526787144804334,0.19213729970213222,REF_TRF
0543,7.022886154192262,BOTSWANA_NORTH WEST_NGAMILAND EAST_TOTENG,Botswana,7.236766587301038,0.21388043310877602,REF_TRF
0544,7.019099187181636,BOTSWANA_NORTH WEST_NGAMILAND EAST_TSAO,Botswana,7.2083352309732955,0.18923604379165937,REF_TRF
0545,9.081842759528044,BOTSWANA_NORTH WEST_NGAMILAND WEST_BEETSHA,Botswana,9.246148639466682,0.1643058799386381,REF_TRF
0546,8.73187977634125,BOTSWANA_NORTH WEST_NGAMILAND WEST_CHUKUMUCHU,Botswana,8.87414785646769,0.1422680801264402,REF_TRF
0547,8.159454630541262,BOTSWANA_NORTH WEST_NGAMILAND WEST_ERETSHA,Botswana,8.32752523622101,0.1680706056797483,REF_TRF
0548,10.783256227102338,BOTSWANA_NORTH WEST_NGAMILAND WEST_ETSHA 1,Botswana,10.978671602339677,0.19541537523733865,REF_TRF
0549,9.66833951428548,BOTSWANA_NORTH WEST_NGAMILAND WEST_ETSHA 13,Botswana,9.821789732522806,0.1534502182373263,REF_TRF
0550,11.434344951102108,BOTSWANA_NORTH WEST_NGAMILAND WEST_ETSHA 6,Botswana,11.622337056515207,0.1879921054130982,REF_TRF
0551,9.718286918735181,BOTSWANA_NORTH WEST_NGAMILAND WEST_GANI,Botswana,9.864901854775743,0.14661493604056197,REF_TRF
0552,8.19167978400056,BOTSWANA_NORTH WEST_NGAMILAND WEST_GONUTSUGA,Botswana,8.35549375512228,0.16381397112172102,REF_TRF
0553,10.99620312608704,BOTSWANA_NORTH WEST_NGAMILAND WEST_GUDINGWA,Botswana,11.155474107494562,0.15927098140752172,REF_TRF
0554,8.812054906679041,BOTSWANA_NORTH WEST_NGAMILAND WEST_GUMARE,Botswana,8.974158395899511,0.16210348922047046,REF_TRF
0555,8.155058863595542,BOTSWANA_NORTH WEST_NGAMILAND WEST_IKOGA,Botswana,8.311561386007718,0.15650252241217544,REF_TRF
0556,9.038977662420024,BOTSWANA_NORTH WEST_NGAMILAND WEST_KAJAJA,Botswana,9.19523035613911,0.156252693719086,REF_TRF
0557,9.357241414423385,BOTSWANA_NORTH WEST_NGAMILAND WEST_KAUXWHI,Botswana,9.519667434009119,0.16242601958573388,REF_TRF
0558,7.812074567522395,BOTSWANA_NORTH WEST_NGAMILAND WEST_MOGOMOTHO,Botswana,7.962464938830303,0.15039037130790778,REF_TRF
0559,13.416108990474646,BOTSWANA_NORTH WEST_NGAMILAND WEST_MOHEMBO EAST,Botswana,13.586273528744346,0.17016453826970057,REF_TRF
0560,10.341768539600848,BOTSWANA_NORTH WEST_NGAMILAND WEST_MOHEMBO WEST,Botswana,10.502759758679094,0.16099121907824632,REF_TRF
0561,8.238197252012245,BOTSWANA_NORTH WEST_NGAMILAND WEST_MOKGACHA,Botswana,8.392618557753826,0.15442130574158064,REF_TRF
0562,8.594343870549821,BOTSWANA_NORTH WEST_NGAMILAND WEST_NGARANGE,Botswana,8.75010196017911,0.1557580896292894,REF_TRF
0563,7.821269282369475,BOTSWANA_NORTH WEST_NGAMILAND WEST_NOKANENG,Botswana,8.002024552143004,0.1807552697735284,REF_TRF
0564,9.147327170100038,BOTSWANA_NORTH WEST_NGAMILAND WEST_NXAMASERE,Botswana,9.318840703574264,0.1715135334742257,REF_TRF
0565,16.178577535499656,BOTSWANA_NORTH WEST_NGAMILAND WEST_NXAUNXAU,Botswana,16.351472241170164,0.17289470567050813,REF_TRF
0566,8.674685021529113,BOTSWANA_NORTH WEST_NGAMILAND WEST_QANGWA,Botswana,8.839877720980727,0.1651926994516142,REF_TRF
0567,10.147588286544494,BOTSWANA_NORTH WEST_NGAMILAND WEST_SAMOCHEMA,Botswana,10.313882717916073,0.16629443137157907,REF_TRF
0568,8.202788269904813,BOTSWANA_NORTH WEST_NGAMILAND WEST_SEKONDOMBORO,Botswana,8.34234172767895,0.1395534577741362,REF_TRF
0569,8.769773451415515,BOTSWANA_NORTH WEST_NGAMILAND WEST_SEPOPA,Botswana,8.916483933151778,0.1467104817362621,REF_TRF
0570,7.893855936128885,BOTSWANA_NORTH WEST_NGAMILAND WEST_SERONGA,Botswana,8.05040912585245,0.15655318972356547,REF_TRF
0571,10.347837277876593,BOTSWANA_NORTH WEST_NGAMILAND WEST_SHAKAWE,Botswana,10.512194339130252,0.1643570612536589,REF_TRF
0572,9.130098355676823,BOTSWANA_NORTH WEST_NGAMILAND WEST_TUBU,Botswana,9.297165055199647,0.16706669952282382,REF_TRF
0573,9.921315089719947,BOTSWANA_NORTH WEST_NGAMILAND WEST_XAKAO,Botswana,10.084709220399986,0.1633941306800395,REF_TRF
0574,6.121770033452639,BOTSWANA_NORTH WEST_NGAMILAND WEST_XAXA,Botswana,6.301454336808741,0.17968430335610197,REF_TRF
0575,9.40044256101616,BOTSWANA_NORTH WEST_NGAMILAND WEST_XHAUGA,Botswana,9.56877074497391,0.16832818395775107,REF_TRF
0576,7.6884541419695775,BOTSWANA_ORAPA_ORAPA_ORAPA,Botswana,7.99920819483571,0.3107540528661321,REF_TRF
0577,9.522648153705704,BOTSWANA_SELIBE PHIKWE_SELIBE PHIKWE_SELIBE PHIKWE,Botswana,9.940558521389221,0.4179103676835165,REF_TRF
0578,13.51176989650136,BOTSWANA_SOUTH EAST_SOUTH EAST_DOORN LAAGTE,Botswana,14.65934490483709,1.1475750083357301,REF_TRF
0579,13.362673791048342,BOTSWANA_SOUTH EAST_SOUTH EAST_HILDAVALE,Botswana,14.582611240885994,1.2199374498376514,REF_TRF
0580,13.148131410174198,BOTSWANA_SOUTH EAST_SOUTH EAST_LOBATSE ESTATES,Botswana,14.277651284580568,1.1295198744063697,REF_TRF
0581,13.026636778334108,BOTSWANA_SOUTH EAST_SOUTH EAST_MOGOBANE,Botswana,14.056573405598831,1.029936627264723,REF_TRF
0582,13.167848500565848,BOTSWANA_SOUTH EAST_SOUTH EAST_OTSE,Botswana,14.277749534514687,1.109901033948839,REF_TRF
0583,13.121840339165253,BOTSWANA_SOUTH EAST_SOUTH EAST_RAMOTSWA,Botswana,14.173867288759011,1.052026949593758,REF_TRF
0584,13.315705338804104,BOTSWANA_SOUTH EAST_SOUTH EAST_RAMOTSWA STATION/TAUNG,Botswana,14.326615891616864,1.01091055281276,REF_TRF
0585,13.420341800115503,BOTSWANA_SOUTH EAST_SOUTH EAST_TLOKWENG,Botswana,14.385293999498652,0.9649521993831485,REF_TRF
0586,13.302613364751604,BOTSWANA_SOUTHERN_BAROLONG_BETHEL,Botswana,14.502360616110701,1.1997472513590974,REF_TRF
0587,12.890826296140787,BOTSWANA_SOUTHERN_BAROLONG_BOROBADILEPE,Botswana,14.109637197623828,1.2188109014830406,REF_TRF
0588,13.102704739398789,BOTSWANA_SOUTHERN_BAROLONG_DIGAWANA,Botswana,14.245217318260567,1.142512578861778,REF_TRF
0589,10.615909577083418,BOTSWANA_SOUTHERN_BAROLONG_DIKHUKHUNG,Botswana,11.659513085547514,1.0436035084640967,REF_TRF
0590,13.490518092367292,BOTSWANA_SOUTHERN_BAROLONG_DINATSHANA,Botswana,14.712275213211395,1.221757120844103,REF_TRF
0591,12.19317852861306,BOTSWANA_SOUTHERN_BAROLONG_DITLHARAPA,Botswana,13.391165463199133,1.1979869345860727,REF_TRF
0592,13.036212069308938,BOTSWANA_SOUTHERN_BAROLONG_GAMAJALELA,Botswana,14.16363150366049,1.1274194343515518,REF_TRF
0593,13.068573700356959,BOTSWANA_SOUTHERN_BAROLONG_GATHWANE,Botswana,14.248254395954215,1.1796806955972556,REF_TRF
0594,12.91022012038603,BOTSWANA_SOUTHERN_BAROLONG_GOOD HOPE,Botswana,14.065234634516202,1.1550145141301709,REF_TRF
0595,12.817551363740156,BOTSWANA_SOUTHERN_BAROLONG_HEBRON,Botswana,14.065119532858454,1.2475681691182974,REF_TRF
0596,11.870362518049781,BOTSWANA_SOUTHERN_BAROLONG_KANGWE,Botswana,12.854176547640995,0.9838140295912137,REF_TRF
0597,13.148149373079502,BOTSWANA_SOUTHERN_BAROLONG_KGORO,Botswana,14.328569600973173,1.1804202278936717,REF_TRF
0598,13.167264098821907,BOTSWANA_SOUTHERN_BAROLONG_LEJWANA,Botswana,14.356818099419002,1.189554000597095,REF_TRF
0599,10.91570677271656,BOTSWANA_SOUTHERN_BAROLONG_LEPORUNG,Botswana,11.987361647529987,1.0716548748134276,REF_TRF
0600,12.721523773488165,BOTSWANA_SOUTHERN_BAROLONG_LOGAGANE,Botswana,13.897115186451087,1.1755914129629215,REF_TRF
0601,12.848977581698726,BOTSWANA_SOUTHERN_BAROLONG_LORWANA,Botswana,13.954321420420456,1.1053438387217298,REF_TRF
0602,9.899612852100901,BOTSWANA_SOUTHERN_BAROLONG_MABULE,Botswana,10.820797646986334,0.9211847948854324,REF_TRF
0603,13.149802419551174,BOTSWANA_SOUTHERN_BAROLONG_MADINGWANA,Botswana,14.366472911503244,1.2166704919520708,REF_TRF
0604,11.736415589271294,BOTSWANA_SOUTHERN_BAROLONG_MAGORIAPITSE,Botswana,12.813047310389097,1.0766317211178027,REF_TRF
0605,13.081172678631361,BOTSWANA_SOUTHERN_BAROLONG_MAKOKWE,Botswana,14.352352393651618,1.2711797150202564,REF_TRF
0606,13.076689490706661,BOTSWANA_SOUTHERN_BAROLONG_MALOKAGANYANE,Botswana,14.270791945963268,1.1941024552566066,REF_TRF
0607,12.583775916073783,BOTSWANA_SOUTHERN_BAROLONG_MAROJANE,Botswana,13.832181221706024,1.2484053056322413,REF_TRF
0608,11.971673397352092,BOTSWANA_SOUTHERN_BAROLONG_METLOBO,Botswana,12.97142067662262,0.9997472792705278,REF_TRF
0609,12.627441809657364,BOTSWANA_SOUTHERN_BAROLONG_METLOJANE,Botswana,13.777233442460533,1.1497916328031685,REF_TRF
0610,10.412606263914883,BOTSWANA_SOUTHERN_BAROLONG_MMAKGORI,Botswana,11.421454359700837,1.0088480957859538,REF_TRF
0611,11.531606127751026,BOTSWANA_SOUTHERN_BAROLONG_MMATHETHE,Botswana,12.531398185333664,0.9997920575826384,REF_TRF
0612,12.717555766882311,BOTSWANA_SOUTHERN_BAROLONG_MOGOJOGOJO,Botswana,13.868200660801826,1.1506448939195142,REF_TRF
0613,12.411621998822866,BOTSWANA_SOUTHERN_BAROLONG_MOGWALALE,Botswana,13.533477594593204,1.121855595770338,REF_TRF
0614,12.024065044494668,BOTSWANA_SOUTHERN_BAROLONG_MOKATAKO,Botswana,13.191982317843408,1.1679172733487402,REF_TRF
0615,11.699000494244254,BOTSWANA_SOUTHERN_BAROLONG_MOKGOMANE,Botswana,12.7670503821645,1.068049887920246,REF_TRF
0616,12.572167827429547,BOTSWANA_SOUTHERN_BAROLONG_MOLETE,Botswana,13.763881415481709,1.1917135880521617,REF_TRF
0617,12.351908549818319,BOTSWANA_SOUTHERN_BAROLONG_MOTSENTSHE,Botswana,13.455885654680547,1.1039771048622278,REF_TRF
0618,11.328278338451167,BOTSWANA_SOUTHERN_BAROLONG_MUSI,Botswana,12.429486917147367,1.1012085786962,REF_TRF
0619,13.398501834449789,BOTSWANA_SOUTHERN_BAROLONG_NGWATSAU,Botswana,14.636441921784298,1.2379400873345094,REF_TRF
0620,13.268318584927382,BOTSWANA_SOUTHERN_BAROLONG_PAPATLO,Botswana,14.550705415839918,1.282386830912536,REF_TRF
0621,12.838567941374459,BOTSWANA_SOUTHERN_BAROLONG_PHIHITSHWANE,Botswana,14.081547545078358,1.2429796037038994,REF_TRF
0622,13.370663057599291,BOTSWANA_SOUTHERN_BAROLONG_PITSANA-POTOKWE,Botswana,14.600512234302442,1.2298491767031514,REF_TRF
0623,13.482511026802605,BOTSWANA_SOUTHERN_BAROLONG_PITSANE SIDING,Botswana,14.719715346387321,1.2372043195847162,REF_TRF
0624,11.6601961258532,BOTSWANA_SOUTHERN_BAROLONG_PITSHANE MOLOPO,Botswana,12.797001736061446,1.1368056102082456,REF_TRF
0625,13.295794304970903,BOTSWANA_SOUTHERN_BAROLONG_RAKHUNA,Botswana,14.56471371459375,1.268919409622848,REF_TRF
0626,13.204099001466929,BOTSWANA_SOUTHERN_BAROLONG_RAMATLABAMA,Botswana,14.51803093297601,1.3139319315090816,REF_TRF
0627,11.743769585210433,BOTSWANA_SOUTHERN_BAROLONG_SEDIBENG,Botswana,12.887585721764163,1.1438161365537294,REF_TRF
0628,9.537413647695494,BOTSWANA_SOUTHERN_BAROLONG_SEKHUTLANE,Botswana,10.373589910019529,0.8361762623240345,REF_TRF
0629,13.211842057342796,BOTSWANA_SOUTHERN_BAROLONG_SHEEP FARM,Botswana,14.430628653963062,1.2187865966202658,REF_TRF
0630,13.530422480235133,BOTSWANA_SOUTHERN_BAROLONG_TLHARESELEELE,Botswana,14.797240347201738,1.2668178669666048,REF_TRF
0631,10.17045920797702,BOTSWANA_SOUTHERN_BAROLONG_TSHIDILAMOLOMO,Botswana,11.130410075426333,0.9599508674493133,REF_TRF
0632,10.93842653010443,BOTSWANA_SOUTHERN_BAROLONG_TSWAANENG,Botswana,11.877224248613102,0.9387977185086722,REF_TRF
0633,12.438604393885447,BOTSWANA_SOUTHERN_BAROLONG_TSWAGARE/LOTHOJE/LOKALANA,Botswana,13.586313845083394,1.1477094511979473,REF_TRF
0634,12.044426991148484,BOTSWANA_SOUTHERN_BAROLONG_TSWANYANENG,Botswana,13.165608358296868,1.1211813671483846,REF_TRF
0635,8.02375536793702,BOTSWANA_SOUTHERN_NGWAKETSE WEST_ITHOLOKE,Botswana,8.584167800902335,0.5604124329653146,REF_TRF
0636,6.992373490383107,BOTSWANA_SOUTHERN_NGWAKETSE WEST_KANAKU,Botswana,7.481417057507349,0.48904356712424146,REF_TRF
0637,7.616509156931597,BOTSWANA_SOUTHERN_NGWAKETSE WEST_KENG,Botswana,8.17116012652495,0.5546509695933519,REF_TRF
0638,7.163793750180583,BOTSWANA_SOUTHERN_NGWAKETSE WEST_KHAKHEA,Botswana,7.713369031375569,0.5495752811949863,REF_TRF
0639,7.614094951851244,BOTSWANA_SOUTHERN_NGWAKETSE WEST_KHONKHWA,Botswana,8.170768359029282,0.5566734071780379,REF_TRF
0640,6.747640072297605,BOTSWANA_SOUTHERN_NGWAKETSE WEST_KOKONG,Botswana,7.207419446490985,0.45977937419338044,REF_TRF
0641,7.71471164137305,BOTSWANA_SOUTHERN_NGWAKETSE WEST_KUTUKU,Botswana,8.258302074247018,0.5435904328739678,REF_TRF
0642,7.32253499378114,BOTSWANA_SOUTHERN_NGWAKETSE WEST_MABUTSANE,Botswana,7.8463178509020945,0.5237828571209544,REF_TRF
0643,7.8285404765465545,BOTSWANA_SOUTHERN_NGWAKETSE WEST_MAHOTSHWANE,Botswana,8.419582842060608,0.5910423655140535,REF_TRF
0644,6.75112178363573,BOTSWANA_SOUTHERN_NGWAKETSE WEST_MORWAMOSU,Botswana,7.192686812815284,0.44156502917955365,REF_TRF
0645,7.727637614038082,BOTSWANA_SOUTHERN_NGWAKETSE WEST_SEKOMA,Botswana,8.304240137188739,0.5766025231506564,REF_TRF
0646,9.617491929732877,BOTSWANA_SOUTHERN_SOUTHERN_BETESANKWE,Botswana,10.378618615441324,0.7611266857084473,REF_TRF
0647,12.255767924752021,BOTSWANA_SOUTHERN_SOUTHERN_DIABO,Botswana,13.28535833742372,1.0295904126716984,REF_TRF
0648,12.909028252469849,BOTSWANA_SOUTHERN_SOUTHERN_DIPOTSANA,Botswana,13.95469905453411,1.0456708020642616,REF_TRF
0649,10.102546386302784,BOTSWANA_SOUTHERN_SOUTHERN_GASITA,Botswana,10.961033924223628,0.8584875379208441,REF_TRF
0650,11.564543325431046,BOTSWANA_SOUTHERN_SOUTHERN_KANYE,Botswana,12.512694574883248,0.9481512494522022,REF_TRF
0651,12.851470239478003,BOTSWANA_SOUTHERN_SOUTHERN_KGOMOKASITWA,Botswana,13.933173048456311,1.0817028089783083,REF_TRF
0652,9.21749828774093,BOTSWANA_SOUTHERN_SOUTHERN_LEFOKO,Botswana,9.966066633240935,0.7485683455000043,REF_TRF
0653,12.561100470497,BOTSWANA_SOUTHERN_SOUTHERN_LEKGOLOBOTLO,Botswana,13.532846921531938,0.9717464510349387,REF_TRF
0654,9.282016489661832,BOTSWANA_SOUTHERN_SOUTHERN_LOROLWANA,Botswana,10.064250381284301,0.7822338916224698,REF_TRF
0655,12.303887793480174,BOTSWANA_SOUTHERN_SOUTHERN_LOTLHAKANE,Botswana,13.310820579951642,1.0069327864714683,REF_TRF
0656,10.768167495704944,BOTSWANA_SOUTHERN_SOUTHERN_LOTLHAKANE WEST,Botswana,11.63645933988067,0.8682918441757259,REF_TRF
0657,12.946333821697902,BOTSWANA_SOUTHERN_SOUTHERN_MAGOTLHWANE,Botswana,13.983020840145421,1.0366870184475196,REF_TRF
0658,12.385903981477188,BOTSWANA_SOUTHERN_SOUTHERN_MANYANA,Botswana,13.316919163804378,0.9310151823271902,REF_TRF
0659,9.402559188579808,BOTSWANA_SOUTHERN_SOUTHERN_MAOKANE,Botswana,10.165463421625864,0.762904233046056,REF_TRF
0660,12.740751987517784,BOTSWANA_SOUTHERN_SOUTHERN_MOGONYE,Botswana,13.72225385823692,0.9815018707191356,REF_TRF
0661,8.64842350017186,BOTSWANA_SOUTHERN_SOUTHERN_MOKHOMBA,Botswana,9.358771404176407,0.7103479040045464,REF_TRF
0662,12.875241879528895,BOTSWANA_SOUTHERN_SOUTHERN_MOLAPOWABOJANG,Botswana,13.949843397567012,1.0746015180381168,REF_TRF
0663,10.548325279516789,BOTSWANA_SOUTHERN_SOUTHERN_MOSHANENG,Botswana,11.407141374162096,0.8588160946453076,REF_TRF
0664,11.518444729940612,BOTSWANA_SOUTHERN_SOUTHERN_MOSHUPA,Botswana,12.402402525711326,0.8839577957707139,REF_TRF
0665,12.449635446529125,BOTSWANA_SOUTHERN_SOUTHERN_NTLHANTLHE,Botswana,13.479123408318857,1.029487961789732,REF_TRF
0666,9.766963952387904,BOTSWANA_SOUTHERN_SOUTHERN_PITSENG,Botswana,10.5469100812037,0.7799461288157961,REF_TRF
0667,9.916415979806821,BOTSWANA_SOUTHERN_SOUTHERN_RALEKGETHO,Botswana,10.703268811428678,0.7868528316218573,REF_TRF
0668,12.33185826372005,BOTSWANA_SOUTHERN_SOUTHERN_RANAKA,Botswana,13.315170380556706,0.9833121168366556,REF_TRF
0669,11.466270466161983,BOTSWANA_SOUTHERN_SOUTHERN_SEGWAGWA,Botswana,12.402787671275158,0.9365172051131747,REF_TRF
0670,9.963886584931656,BOTSWANA_SOUTHERN_SOUTHERN_SEHERELELA,Botswana,10.770388755515805,0.8065021705841495,REF_TRF
0671,10.541993917035493,BOTSWANA_SOUTHERN_SOUTHERN_SELOKOLELA,Botswana,11.416646151184299,0.8746522341488063,REF_TRF
0672,7.935885388466405,BOTSWANA_SOUTHERN_SOUTHERN_SEMANE,Botswana,8.57666430298638,0.6407789145199754,REF_TRF
0673,9.321693879989642,BOTSWANA_SOUTHERN_SOUTHERN_SESE,Botswana,10.055819202430035,0.7341253224403932,REF_TRF
0674,10.28183203223803,BOTSWANA_SOUTHERN_SOUTHERN_SESUNG,Botswana,11.12241277512891,0.8405807428908787,REF_TRF
0675,8.60499400940057,BOTSWANA_SOUTHERN_SOUTHERN_TLHANKANE,Botswana,9.320662646920212,0.7156686375196415,REF_TRF
0676,10.570990416195109,BOTSWANA_SOUTHERN_SOUTHERN_TSHWAANE,Botswana,11.401416640006463,0.8304262238113544,REF_TRF
0677,9.580122440631266,BOTSWANA_SOUTHERN_SOUTHERN_TSONYANE,Botswana,10.355909385228445,0.7757869445971792,REF_TRF
0678,8.92384304707198,BOTSWANA_SOWA TOWN_SOWA TOWN_SOWA TOWN,Botswana,9.2211309428776,0.29728789580562065,REF_TRF
0679,8.435813491599713,BOTSWANA_NORTH WEST_NGAMILAND WEST_TOBERE,Botswana,8.573428099750977,0.1376146081512637,REF_TRF
0680,9.775663569567559,BOTSWANA_FRANCISTOWN_FRANCISTOWN_FRANCISTOWN,Botswana,10.120454994406476,0.3447914248389168,REF_TRF
0681,9.513994789480705,BOTSWANA_NORTH EAST_NORTH EAST_MATOPI,Botswana,9.88493787155654,0.3709430820758346,REF_TRF
0682,13.791367811560482,LESOTHO_BEREA,Lesotho,15.15720798167946,1.365840170118977,REF_TRF
0683,14.48443876977663,LESOTHO_BUTHA-BUTHE,Lesotho,15.95408711423261,1.4696483444559796,REF_TRF
0684,14.063106098653247,LESOTHO_LERIBE,Lesotho,15.49766727521357,1.4345611765603223,REF_TRF
0685,11.371212860908479,LESOTHO_MAFETENG,Lesotho,12.642319060812394,1.2711061999039153,REF_TRF
0686,13.729693436101389,LESOTHO_MASERU,Lesotho,15.064613761161919,1.33492032506053,REF_TRF
0687,14.203325119471481,LESOTHO_MOHALE'S HOEK,Lesotho,15.524760864750968,1.3214357452794872,REF_TRF
0688,15.411665806089223,LESOTHO_MOKHOTLONG,Lesotho,17.071613608666922,1.6599478025776992,REF_TRF
0689,11.252930134595028,LESOTHO_QACHA'S NEK,Lesotho,12.713980664662994,1.4610505300679666,REF_TRF
0690,11.67266288894344,LESOTHO_QUTHING,Lesotho,12.99886599234662,1.326203103403179,REF_TRF
0691,13.58702107219109,LESOTHO_THABA-TSEKA,Lesotho,15.07991841082384,1.4928973386327495,REF_TRF
0692,10.86254567850446,MALAWI_SOUTHERN REGION_BALAKA,Malawi,11.145598430886583,0.28305275238212246,REF_TRF
0693,9.324803933629713,MALAWI_SOUTHERN REGION_BLANTYRE,Malawi,9.632379415877942,0.30757548224822884,REF_TRF
0694,10.371920975301697,MALAWI_SOUTHERN REGION_BLANTYRE CITY,Malawi,10.740337034490544,0.36841605918884746,REF_TRF
0695,12.710635304783494,MALAWI_SOUTHERN REGION_CHIKWAWA,Malawi,13.055765774279127,0.34513046949563275,REF_TRF
0696,11.198297872701492,MALAWI_SOUTHERN REGION_CHIRADZULU,Malawi,11.551363161763955,0.3530652890624637,REF_TRF
0697,4.201726128447326,MALAWI_NORTHERN REGION_CHITIPA,Malawi,4.269966310623341,0.06824018217601502,REF_TRF
0698,8.23532997945668,MALAWI_CENTRAL REGION_DEDZA,Malawi,8.468986000516468,0.23365602105978844,REF_TRF
0699,6.388390627777474,MALAWI_CENTRAL REGION_DOWA,Malawi,6.544714279261154,0.15632365148367988,REF_TRF
0700,4.184309984731421,MALAWI_NORTHERN REGION_KARONGA,Malawi,4.24781612807494,0.06350614334351956,REF_TRF
0701,7.148264188186672,MALAWI_CENTRAL REGION_KASUNGU,Malawi,7.319724141001511,0.17145995281483906,REF_TRF
0702,4.755772120809842,MALAWI_LAKE MALAWI_LAKE MALAWI,Malawi,4.838823137628649,0.083051016818807,REF_TRF
0703,5.835461672019865,MALAWI_NORTHERN REGION_LIKOMA,Malawi,5.923364754989324,0.0879030829694587,REF_TRF
0704,8.362089406653247,MALAWI_CENTRAL REGION_LILONGWE,Malawi,8.617792022998959,0.2557026163457117,REF_TRF
0705,8.9776061429361,MALAWI_CENTRAL REGION_LILONGWE CITY,Malawi,9.21832163602862,0.2407154930925195,REF_TRF
0706,12.16652703112706,MALAWI_SOUTHERN REGION_MACHINGA,Malawi,12.45797142730996,0.2914443961829001,REF_TRF
0707,9.038396908524344,MALAWI_SOUTHERN REGION_MANGOCHI,Malawi,9.270850974054143,0.23245406552979908,REF_TRF
0708,8.90913977949728,MALAWI_CENTRAL REGION_MCHINJI,Malawi,9.100799748439222,0.19165996894194137,REF_TRF
0709,11.745559667026894,MALAWI_SOUTHERN REGION_MULANJE,Malawi,12.132055419143853,0.38649575211695897,REF_TRF
0710,12.458521952784636,MALAWI_SOUTHERN REGION_MWANZA,Malawi,12.746939450611087,0.2884174978264511,REF_TRF
0711,9.908841897152797,MALAWI_NORTHERN REGION_MZIMBA,Malawi,10.018963176798596,0.11012127964579932,REF_TRF
0712,9.315997597055809,MALAWI_NORTHERN REGION_MZUZU CITY,Malawi,9.413614642547738,0.09761704549192984,REF_TRF
0713,10.763193564733296,MALAWI_SOUTHERN REGION_NENO,Malawi,11.034720783594636,0.27152721886134046,REF_TRF
0714,9.027978770061337,MALAWI_NORTHERN REGION_NKHATA BAY,Malawi,9.126902477448976,0.09892370738763923,REF_TRF
0715,8.164678781934471,MALAWI_CENTRAL REGION_NKHOTAKOTA,Malawi,8.292009886738885,0.1273311048044139,REF_TRF
0716,13.281069770860706,MALAWI_SOUTHERN REGION_NSANJE,Malawi,13.653520350101587,0.37245057924088165,REF_TRF
0717,8.91898380274508,MALAWI_CENTRAL REGION_NTCHEU,Malawi,9.190854524046975,0.2718707213018945,REF_TRF
0718,7.903539824015716,MALAWI_CENTRAL REGION_NTCHISI,Malawi,8.046124892326432,0.1425850683107157,REF_TRF
0719,12.502458075754511,MALAWI_SOUTHERN REGION_PHALOMBE,Malawi,12.832050227087263,0.32959215133275244,REF_TRF
0720,7.181690702382099,MALAWI_NORTHERN REGION_RUMPHI,Malawi,7.266704028834706,0.08501332645260717,REF_TRF
0721,6.4280216934375805,MALAWI_CENTRAL REGION_SALIMA,Malawi,6.5764146231064675,0.14839292966888706,REF_TRF
0722,11.699904372831568,MALAWI_SOUTHERN REGION_THYOLO,Malawi,12.063377844217918,0.36347347138634944,REF_TRF
0723,10.400162940389718,MALAWI_SOUTHERN REGION_ZOMBA,Malawi,10.707943487594008,0.30778054720429004,REF_TRF
0724,9.421653468901383,MALAWI_SOUTHERN REGION_ZOMBA CITY,Malawi,9.723079908494814,0.3014264395934312,REF_TRF
0725,11.77383828370007,MOZAMBIQUE_CABO DELGADO_ANCUABE_ANCUABE SEDE,Mozambique,11.87559583149839,0.10175754779832147,REF_TRF
0726,12.22110428742118,MOZAMBIQUE_CABO DELGADO_ANCUABE_METORO,Mozambique,12.347794376375607,0.12669008895442602,REF_TRF
0727,11.673082987467023,MOZAMBIQUE_CABO DELGADO_ANCUABE_MEZA,Mozambique,11.782257238749548,0.10917425128252489,REF_TRF
0728,13.06402229719609,MOZAMBIQUE_CABO DELGADO_BALAMA_BALAMA SEDE,Mozambique,13.18080241626605,0.11678011906996133,REF_TRF
0729,10.826305753044355,MOZAMBIQUE_CABO DELGADO_BALAMA_IMPIRE,Mozambique,10.924433237562834,0.09812748451847852,REF_TRF
0730,13.02803154256597,MOZAMBIQUE_CABO DELGADO_BALAMA_KWEKWE,Mozambique,13.154925552705073,0.12689401013910384,REF_TRF
0731,11.904851865804533,MOZAMBIQUE_CABO DELGADO_BALAMA_MAVALA,Mozambique,11.994502153924248,0.08965028811971543,REF_TRF
0732,12.451466614854573,MOZAMBIQUE_CABO DELGADO_CHIÚRE_CHIÚRE SEDE,Mozambique,12.603483732283989,0.15201711742941626,REF_TRF
0733,12.005011579343442,MOZAMBIQUE_CABO DELGADO_CHIÚRE_CHIÚRE VELHO,Mozambique,12.165716063065235,0.16070448372179236,REF_TRF
0734,12.7963813801662,MOZAMBIQUE_CABO DELGADO_CHIÚRE_KATAPUA,Mozambique,12.94472619757995,0.14834481741375072,REF_TRF
0735,10.524182504103521,MOZAMBIQUE_CABO DELGADO_CHIÚRE_MAZEZE,Mozambique,10.673686517687923,0.14950401358440146,REF_TRF
0736,13.003083380106208,MOZAMBIQUE_CABO DELGADO_CHIÚRE_NAMOGELIA,Mozambique,13.176557003649702,0.17347362354349372,REF_TRF
0737,12.24752716911226,MOZAMBIQUE_CABO DELGADO_CHIÚRE_OCUA,Mozambique,12.417922844518017,0.17039567540575717,REF_TRF
0738,9.041085848679055,MOZAMBIQUE_CABO DELGADO_CIDADE DE PEMBA_CIDADE DE PEMBA,Mozambique,9.173670852615423,0.1325850039363683,REF_TRF
0739,6.946742214403052,MOZAMBIQUE_CABO DELGADO_IBO_IBO SEDE,Mozambique,7.024357211766201,0.07761499736314903,REF_TRF
0740,6.618879684750414,MOZAMBIQUE_CABO DELGADO_IBO_QUIRIMBA,Mozambique,6.699280071270879,0.08040038652046455,REF_TRF
0741,9.486046037840802,MOZAMBIQUE_CABO DELGADO_MACOMIA_CHAI,Mozambique,9.564989741795662,0.0789437039548595,REF_TRF
0742,10.691981137519473,MOZAMBIQUE_CABO DELGADO_MACOMIA_MACOMIA SEDE,Mozambique,10.776185483484847,0.0842043459653734,REF_TRF
0743,7.767598503753543,MOZAMBIQUE_CABO DELGADO_MACOMIA_MUCOJO,Mozambique,7.843822266501381,0.07622376274783793,REF_TRF
0744,6.866447051953583,MOZAMBIQUE_CABO DELGADO_MACOMIA_QUITERAJO,Mozambique,6.934995757049368,0.06854870509578515,REF_TRF
0745,9.9459692162618,MOZAMBIQUE_CABO DELGADO_MECÚFI_MECÚFI SEDE,Mozambique,10.088091102417401,0.14212188615560173,REF_TRF
0746,10.630939641134702,MOZAMBIQUE_CABO DELGADO_MECÚFI_MURREBUE,Mozambique,10.763282465566219,0.13234282443151635,REF_TRF
0747,10.733059992709439,MOZAMBIQUE_CABO DELGADO_MELUCO_MELUCO,Mozambique,10.817943853762369,0.08488386105292989,REF_TRF
0748,11.35304438324019,MOZAMBIQUE_CABO DELGADO_MELUCO_MUAGUIDE,Mozambique,11.440039289901799,0.0869949066616087,REF_TRF
0749,10.203935296928893,MOZAMBIQUE_CABO DELGADO_METUGE_METUGE SEDE,Mozambique,10.31362341514696,0.10968811821806668,REF_TRF
0750,10.367724936777993,MOZAMBIQUE_CABO DELGADO_METUGE_MIEZE,Mozambique,10.497334144909495,0.12960920813150167,REF_TRF
0751,8.986499662101942,MOZAMBIQUE_CABO DELGADO_MOCÍMBOA DA PRAIA_DIACA,Mozambique,9.052523430333467,0.06602376823152589,REF_TRF
0752,7.1679352792596305,MOZAMBIQUE_CABO DELGADO_MOCÍMBOA DA PRAIA_MBAU,Mozambique,7.232569285425317,0.06463400616568649,REF_TRF
0753,7.451233951101593,MOZAMBIQUE_CABO DELGADO_MOCÍMBOA DA PRAIA_MOCÍMBOA DA PRAIA SEDE,Mozambique,7.512804402581105,0.06157045147951212,REF_TRF
0754,12.064755798625116,MOZAMBIQUE_CABO DELGADO_MONTEPUEZ_CIDADE DE MONTEPUEZ,Mozambique,12.184332086712622,0.1195762880875062,REF_TRF
0755,12.75073550313284,MOZAMBIQUE_CABO DELGADO_MONTEPUEZ_MAPUPULO,Mozambique,12.870589679118112,0.11985417598527093,REF_TRF
0756,13.350327337080147,MOZAMBIQUE_CABO DELGADO_MONTEPUEZ_MIRATE SEDE,Mozambique,13.440112250929381,0.08978491384923437,REF_TRF
0757,9.941389617964216,MOZAMBIQUE_CABO DELGADO_MONTEPUEZ_NAIROTO,Mozambique,10.01057686575967,0.06918724779545471,REF_TRF
0758,12.443394651431317,MOZAMBIQUE_CABO DELGADO_MONTEPUEZ_NAMANHUMBIR,Mozambique,12.551010279467462,0.10761562803614488,REF_TRF
0759,10.390408767983725,MOZAMBIQUE_CABO DELGADO_MUEDA_CHAPA,Mozambique,10.46729130716123,0.07688253917750387,REF_TRF
0760,7.247427703018307,MOZAMBIQUE_CABO DELGADO_MUEDA_IMBUHO SEDE,Mozambique,7.3095110617346775,0.06208335871637072,REF_TRF
0761,8.336722278458781,MOZAMBIQUE_CABO DELGADO_MUEDA_MUEDA SEDE,Mozambique,8.405967735241152,0.0692454567823706,REF_TRF
0762,8.746586527117849,MOZAMBIQUE_CABO DELGADO_MUEDA_NAMAUA,Mozambique,8.81263270849243,0.06604618137458118,REF_TRF
0763,6.127253517363476,MOZAMBIQUE_CABO DELGADO_MUEDA_NEGOMANO,Mozambique,6.1787163317113905,0.05146281434791433,REF_TRF
0764,6.574549817701814,MOZAMBIQUE_CABO DELGADO_MUEDA_NGAPA,Mozambique,6.630377062192594,0.05582724449078036,REF_TRF
0765,8.828273161810955,MOZAMBIQUE_CABO DELGADO_MUIDUMBE_CHITUNDA,Mozambique,8.904393032471315,0.07611987066036008,REF_TRF
0766,12.663729113343564,MOZAMBIQUE_CABO DELGADO_MUIDUMBE_MITEDA,Mozambique,12.746976642051017,0.083247528707453,REF_TRF
0767,10.121911152150034,MOZAMBIQUE_CABO DELGADO_MUIDUMBE_MUAMBULA,Mozambique,10.201989226764699,0.08007807461466498,REF_TRF
0768,13.402118395084269,MOZAMBIQUE_CABO DELGADO_NAMUNO_HUCULA,Mozambique,13.56941984030941,0.16730144522514045,REF_TRF
0769,14.687611295215277,MOZAMBIQUE_CABO DELGADO_NAMUNO_MACHOCA,Mozambique,14.863611023409593,0.17599972819431642,REF_TRF
0770,12.791526390752786,MOZAMBIQUE_CABO DELGADO_NAMUNO_MELOCO,Mozambique,12.945786689141363,0.1542602983885768,REF_TRF
0771,14.51177675971233,MOZAMBIQUE_CABO DELGADO_NAMUNO_NAMUNO SEDE,Mozambique,14.660510706313879,0.14873394660154915,REF_TRF
0772,14.119270852375923,MOZAMBIQUE_CABO DELGADO_NAMUNO_NCUMPE,Mozambique,14.270920925047562,0.15165007267163944,REF_TRF
0773,13.310058536267697,MOZAMBIQUE_CABO DELGADO_NAMUNO_PAPAI,Mozambique,13.469049126504906,0.15899059023720952,REF_TRF
0774,6.477483233063094,MOZAMBIQUE_CABO DELGADO_NANGADE_NANGADE SEDE,Mozambique,6.52990405380238,0.052420820739286,REF_TRF
0775,8.688885703338606,MOZAMBIQUE_CABO DELGADO_NANGADE_NTAMBA,Mozambique,8.747724816914506,0.05883911357589966,REF_TRF
0776,4.846363552185339,MOZAMBIQUE_CABO DELGADO_PALMA_OLUMBE,Mozambique,4.894120063787877,0.0477565116025378,REF_TRF
0777,4.966800665612994,MOZAMBIQUE_CABO DELGADO_PALMA_PALMA,Mozambique,5.010715752926276,0.043915087313282086,REF_TRF
0778,5.034926312144172,MOZAMBIQUE_CABO DELGADO_PALMA_PUNDANHAR,Mozambique,5.0812003169415085,0.04627400479733623,REF_TRF
0779,2.621668340593974,MOZAMBIQUE_CABO DELGADO_PALMA_QUIONGA,Mozambique,2.6606514224098494,0.0389830818158754,REF_TRF
0780,10.57471819636128,MOZAMBIQUE_CABO DELGADO_QUISSANGA_BILIBIZA,Mozambique,10.665809202434943,0.09109100607366294,REF_TRF
0781,9.817264220301414,MOZAMBIQUE_CABO DELGADO_QUISSANGA_MAHATE,Mozambique,9.910145637197218,0.09288141689580343,REF_TRF
0782,10.008105375482717,MOZAMBIQUE_CIDADE DE MAPUTO_KAMAVOTA_KAMAVOTA,Mozambique,11.320537004872406,1.312431629389689,REF_TRF
0783,10.238389935409238,MOZAMBIQUE_CIDADE DE MAPUTO_KAMAXAKENI_KAMAXAKENI,Mozambique,11.513516998912483,1.2751270635032448,REF_TRF
0784,10.177063108642553,MOZAMBIQUE_CIDADE DE MAPUTO_KAMPFUMO_KAMPFUMO,Mozambique,11.4159261178862,1.2388630092436461,REF_TRF
0785,10.30360984158984,MOZAMBIQUE_CIDADE DE MAPUTO_KAMUBUKWANA_KAMUBUKWANA,Mozambique,11.611310111640051,1.307700270050212,REF_TRF
0786,7.908648606864162,MOZAMBIQUE_CIDADE DE MAPUTO_KANYAKA_KANYAKA,Mozambique,8.850439863717359,0.9417912568531968,REF_TRF
0787,10.435339197372906,MOZAMBIQUE_CIDADE DE MAPUTO_KATEMBE_KATEMBE,Mozambique,11.566283383748072,1.1309441863751655,REF_TRF
0788,10.33098787922209,MOZAMBIQUE_CIDADE DE MAPUTO_NHLAMANKULO_NHLAMANKULO,Mozambique,11.561590367479528,1.2306024882574391,REF_TRF
0789,11.373059181808301,MOZAMBIQUE_GAZA_BILENE_BILENE MACIA,Mozambique,12.22049395917334,0.8474347773650379,REF_TRF
0790,10.902877571573493,MOZAMBIQUE_GAZA_BILENE_INCAIA,Mozambique,11.709222871395284,0.8063452998217908,REF_TRF
0791,10.679359090739766,MOZAMBIQUE_GAZA_BILENE_MACUANE,Mozambique,11.500049032627459,0.820689941887693,REF_TRF
0792,10.731819709838486,MOZAMBIQUE_GAZA_BILENE_MAZIVILA,Mozambique,11.536239462611437,0.8044197527729509,REF_TRF
0793,10.889967358719234,MOZAMBIQUE_GAZA_BILENE_MESSANO,Mozambique,11.756251377148939,0.8662840184297043,REF_TRF
0794,10.032889287424227,MOZAMBIQUE_GAZA_BILENE_PRAIA DE BILENE,Mozambique,10.84174723276902,0.8088579453447924,REF_TRF
0795,9.35328452399716,MOZAMBIQUE_GAZA_CHIBUTO_ALTO CHANGANE,Mozambique,9.897810174043833,0.5445256500466726,REF_TRF
0796,9.464949937408639,MOZAMBIQUE_GAZA_CHIBUTO_CHANGANINE,Mozambique,9.932368906293464,0.46741896888482515,REF_TRF
0797,9.623389654695142,MOZAMBIQUE_GAZA_CHIBUTO_CIDADE DE CHIBUTO,Mozambique,10.303709851345221,0.6803201966500794,REF_TRF
0798,9.304244070089208,MOZAMBIQUE_GAZA_CHIBUTO_GODIDE,Mozambique,9.933068299670543,0.6288242295813351,REF_TRF
0799,9.554240996738447,MOZAMBIQUE_GAZA_CHIBUTO_MALEHICE,Mozambique,10.209408905384242,0.6551679086457955,REF_TRF
0800,9.862851126525564,MOZAMBIQUE_GAZA_CHIBUTO_TCHAIMITE,Mozambique,10.54568226742386,0.6828311408982959,REF_TRF
0801,11.330909237554161,MOZAMBIQUE_GAZA_CHICUALACUALA_EDUARDO MONDLANE,Mozambique,11.816360616520175,0.48545137896601354,REF_TRF
0802,9.675175673232758,MOZAMBIQUE_GAZA_CHICUALACUALA_PAFURI,Mozambique,10.390647038475315,0.7154713652425571,REF_TRF
0803,11.10150162060672,MOZAMBIQUE_GAZA_CHIGUBO_CHIGUBO SEDE,Mozambique,11.473197524295262,0.37169590368854166,REF_TRF
0804,9.485376757048703,MOZAMBIQUE_GAZA_CHIGUBO_NDINDIZA,Mozambique,9.909573415403152,0.42419665835444853,REF_TRF
0805,9.914675758930656,MOZAMBIQUE_GAZA_CHÓKWÈ_CIDADE DE CHÓKWÈ,Mozambique,10.639105624358685,0.7244298654280286,REF_TRF
0806,10.045765230405541,MOZAMBIQUE_GAZA_CHÓKWÈ_LIONDE,Mozambique,10.818822326688686,0.7730570962831447,REF_TRF
0807,9.591315559448907,MOZAMBIQUE_GAZA_CHÓKWÈ_MACARRETANE,Mozambique,10.337399999113842,0.7460844396649353,REF_TRF
0808,9.969633189903767,MOZAMBIQUE_GAZA_CHÓKWÈ_XILEMBENE,Mozambique,10.700756393377567,0.7311232034737998,REF_TRF
0809,8.915590384114013,MOZAMBIQUE_GAZA_CHONGOENE_CHONGOENE,Mozambique,9.605520951000367,0.6899305668863533,REF_TRF
0810,9.27792122186881,MOZAMBIQUE_GAZA_CHONGOENE_MAZUCANE,Mozambique,9.876187351599668,0.5982661297308578,REF_TRF
0811,8.458680470505644,MOZAMBIQUE_GAZA_CHONGOENE_NGUZENE,Mozambique,9.090619941484942,0.6319394709792974,REF_TRF
0812,8.954537236662098,MOZAMBIQUE_GAZA_CIDADE DE XAI-XAI_CIDADE DE XAI-XAI,Mozambique,9.683959404828029,0.7294221681659305,REF_TRF
0813,9.396893300309834,MOZAMBIQUE_GAZA_GUIJÁ_CHIVONGOENE,Mozambique,10.054656496928533,0.6577631966186992,REF_TRF
0814,9.6139933021718,MOZAMBIQUE_GAZA_GUIJÁ_MUBANGOENE,Mozambique,10.27059499621435,0.6566016940425499,REF_TRF
0815,9.400904685948401,MOZAMBIQUE_GAZA_GUIJÁ_NALAZI,Mozambique,9.94877938056752,0.5478746946191198,REF_TRF
0816,9.861716847569266,MOZAMBIQUE_GAZA_GUIJÁ_VILA CANIÇADO,Mozambique,10.575099827436883,0.7133829798676175,REF_TRF
0817,9.936076632380468,MOZAMBIQUE_GAZA_LIMPOPO_CHICUMBANE,Mozambique,10.673576041770053,0.737499409389585,REF_TRF
0818,10.407041499098792,MOZAMBIQUE_GAZA_LIMPOPO_CHISSANO,Mozambique,11.171965229406068,0.7649237303072756,REF_TRF
0819,9.519564954880346,MOZAMBIQUE_GAZA_LIMPOPO_ZONGOENE,Mozambique,10.294549631162155,0.7749846762818091,REF_TRF
0820,9.172000086366426,MOZAMBIQUE_GAZA_MABALANE_COMBOMUNE,Mozambique,9.671828233251595,0.49982814688516974,REF_TRF
0821,9.04740232392767,MOZAMBIQUE_GAZA_MABALANE_MABALANE,Mozambique,9.633309641184722,0.5859073172570515,REF_TRF
0822,9.052994223859606,MOZAMBIQUE_GAZA_MABALANE_NTLHAVENE,Mozambique,9.670549148120777,0.6175549242611709,REF_TRF
0823,9.248296080913832,MOZAMBIQUE_GAZA_MANDLAKAZE_CHALALA,Mozambique,9.828947161813268,0.5806510808994361,REF_TRF
0824,8.639134294796268,MOZAMBIQUE_GAZA_MANDLAKAZE_CHIBONDZANE,Mozambique,9.172025026135419,0.5328907313391511,REF_TRF
0825,8.231532067598732,MOZAMBIQUE_GAZA_MANDLAKAZE_CHIDENGUELE,Mozambique,8.809614658148664,0.5780825905499327,REF_TRF
0826,9.581218334425927,MOZAMBIQUE_GAZA_MANDLAKAZE_MACUACUA,Mozambique,10.088037379108814,0.5068190446828869,REF_TRF
0827,9.156113538273795,MOZAMBIQUE_GAZA_MANDLAKAZE_MANDLAKAZE SEDE,Mozambique,9.763578439725498,0.6074649014517028,REF_TRF
0828,9.04153276650253,MOZAMBIQUE_GAZA_MAPAI_MACHAILA,Mozambique,9.441642671547081,0.4001099050445518,REF_TRF
0829,9.624303503812593,MOZAMBIQUE_GAZA_MAPAI_MAPAI,Mozambique,10.107855918453446,0.48355241464085275,REF_TRF
0830,10.488468810363731,MOZAMBIQUE_GAZA_MASSANGENA_MASSANGENA,Mozambique,10.81716780507098,0.32869899470724917,REF_TRF
0831,10.529371442347102,MOZAMBIQUE_GAZA_MASSANGENA_MAVUE,Mozambique,10.908930095282114,0.3795586529350121,REF_TRF
0832,9.420871499582589,MOZAMBIQUE_GAZA_MASSINGIR_MASSINGIR SEDE,Mozambique,10.238132635670393,0.8172611360878044,REF_TRF
0833,9.408854569582575,MOZAMBIQUE_GAZA_MASSINGIR_MAVODZE,Mozambique,10.228709066088236,0.8198544965056609,REF_TRF
0834,8.99475113379918,MOZAMBIQUE_GAZA_MASSINGIR_ZULO,Mozambique,9.722641186684546,0.7278900528853658,REF_TRF
0835,7.80890105499204,MOZAMBIQUE_INHAMBANE_CIDADE DA MAXIXE_CIDADE DA MAXIXE,Mozambique,8.147026253822144,0.33812519883010417,REF_TRF
0836,6.758403545745065,MOZAMBIQUE_INHAMBANE_CIDADE DE INHAMBANE_CIDADE DE INHAMBANE,Mozambique,7.102497393077643,0.3440938473325783,REF_TRF
0837,11.141072430063312,MOZAMBIQUE_INHAMBANE_FUNHALOURO_FUNHALOURO,Mozambique,11.464571332495566,0.3234989024322541,REF_TRF
0838,9.549924956515078,MOZAMBIQUE_INHAMBANE_FUNHALOURO_TOME,Mozambique,9.864228711506234,0.3143037549911565,REF_TRF
0839,9.931547556391834,MOZAMBIQUE_INHAMBANE_GOVURO_NOVA MAMBONE,Mozambique,10.184050725457638,0.25250316906580395,REF_TRF
0840,10.325794030184351,MOZAMBIQUE_INHAMBANE_GOVURO_SAVE,Mozambique,10.592316497390883,0.2665224672065314,REF_TRF
0841,8.276362061948834,MOZAMBIQUE_INHAMBANE_HOMOÍNE_HOMOÍNE SEDE,Mozambique,8.637576926246911,0.36121486429807703,REF_TRF
0842,9.873000898427364,MOZAMBIQUE_INHAMBANE_HOMOÍNE_PEMBE,Mozambique,10.197192390620136,0.32419149219277266,REF_TRF
0843,7.273306764659393,MOZAMBIQUE_INHAMBANE_INHARRIME_INHARRIME SEDE,Mozambique,7.679683008410727,0.40637624375133363,REF_TRF
0844,8.96991464791062,MOZAMBIQUE_INHAMBANE_INHARRIME_MUCUMBI,Mozambique,9.419538169192835,0.4496235212822146,REF_TRF
0845,6.651505178452448,MOZAMBIQUE_INHAMBANE_INHASSORO_BAZARUTO,Mozambique,6.8847735746067205,0.23326839615427275,REF_TRF
0846,9.589803914721365,MOZAMBIQUE_INHAMBANE_INHASSORO_INHASSORO,Mozambique,9.838440286359262,0.24863637163789676,REF_TRF
0847,7.586672686746944,MOZAMBIQUE_INHAMBANE_JANGAMO_CUMBANA,Mozambique,7.966795296702084,0.3801226099551398,REF_TRF
0848,6.818932644852838,MOZAMBIQUE_INHAMBANE_JANGAMO_JANGAMO,Mozambique,7.1827805129162705,0.3638478680634325,REF_TRF
0849,9.04117631909211,MOZAMBIQUE_INHAMBANE_MABOTE_MABOTE,Mozambique,9.33334610567283,0.29216978658072,REF_TRF
0850,9.447074037013136,MOZAMBIQUE_INHAMBANE_MABOTE_ZIMANE,Mozambique,9.782252856805421,0.3351788197922847,REF_TRF
0851,9.434621602014865,MOZAMBIQUE_INHAMBANE_MABOTE_ZINAVE,Mozambique,9.73220528562394,0.2975836836090746,REF_TRF
0852,10.514006284013178,MOZAMBIQUE_INHAMBANE_MASSINGA_CHICOMO,Mozambique,10.783913871462943,0.2699075874497652,REF_TRF
0853,8.360000222965663,MOZAMBIQUE_INHAMBANE_MASSINGA_MASSINGA,Mozambique,8.653423703345796,0.2934234803801328,REF_TRF
0854,10.521511560784736,MOZAMBIQUE_INHAMBANE_MORRUMBENE_MOCODUENE,Mozambique,10.83055273355518,0.30904117277044385,REF_TRF
0855,8.98959952225,MOZAMBIQUE_INHAMBANE_MORRUMBENE_MORRUMBENE,Mozambique,9.296036031816302,0.30643650956630175,REF_TRF
0856,10.360908212209957,MOZAMBIQUE_INHAMBANE_PANDA_MAWAYELA,Mozambique,10.792962669190022,0.4320544569800653,REF_TRF
0857,10.667957766329883,MOZAMBIQUE_INHAMBANE_PANDA_PANDA,Mozambique,11.066357050430728,0.39839928410084546,REF_TRF
0858,10.465933142614157,MOZAMBIQUE_INHAMBANE_PANDA_URRENE,Mozambique,10.820134687018998,0.354201544404841,REF_TRF
0859,9.708000075557338,MOZAMBIQUE_INHAMBANE_VILANKULO_MAPINHANE,Mozambique,9.9659415511645,0.2579414756071614,REF_TRF
0860,7.641881038706227,MOZAMBIQUE_INHAMBANE_VILANKULO_VILANKULO,Mozambique,7.892729562417641,0.2508485237114133,REF_TRF
0861,7.470218428037278,MOZAMBIQUE_INHAMBANE_ZAVALA_QUISSICO,Mozambique,7.927953223707521,0.4577347956702438,REF_TRF
0862,8.188945016262952,MOZAMBIQUE_INHAMBANE_ZAVALA_ZANDAMELA,Mozambique,8.6888702220924,0.499925205829447,REF_TRF
0863,5.110283071290379,MOZAMBIQUE_LAKE MALAWI_LAKE MALAWI_LAKE MALAWI,Mozambique,5.205272487597861,0.09498941630748181,REF_TRF
0864,20.09696516004925,MOZAMBIQUE_MANICA_BÁRUÈ_CATANDICA,Mozambique,20.400989017393766,0.3040238573445144,REF_TRF
0865,21.55915534531664,MOZAMBIQUE_MANICA_BÁRUÈ_CHOA,Mozambique,21.848724272674264,0.2895689273576245,REF_TRF
0866,13.591575637081736,MOZAMBIQUE_MANICA_BÁRUÈ_NHAMPASSA,Mozambique,13.873460972827914,0.28188533574617836,REF_TRF
0867,20.135084313168626,MOZAMBIQUE_MANICA_CIDADE DE CHIMOIO_CHIMOIO,Mozambique,20.50291794501409,0.367833631845464,REF_TRF
0868,19.199541402987656,MOZAMBIQUE_MANICA_GONDOLA_AMATONGAS,Mozambique,19.540256073611655,0.3407146706239992,REF_TRF
0869,19.82104010343317,MOZAMBIQUE_MANICA_GONDOLA_CAFUMPE,Mozambique,20.137060641258735,0.3160205378255654,REF_TRF
0870,19.1947502747518,MOZAMBIQUE_MANICA_GONDOLA_GONDOLA,Mozambique,19.52188672879602,0.32713645404421854,REF_TRF
0871,20.845198049866013,MOZAMBIQUE_MANICA_GONDOLA_INCHOPE,Mozambique,21.17568466947222,0.33048661960620507,REF_TRF
0872,10.11368627733188,MOZAMBIQUE_MANICA_GURO_GURO SEDE,Mozambique,10.399422830223509,0.28573655289162936,REF_TRF
0873,10.22598386819373,MOZAMBIQUE_MANICA_GURO_MANDIE,Mozambique,10.544993591573997,0.3190097233802671,REF_TRF
0874,10.83428453803829,MOZAMBIQUE_MANICA_GURO_MUNGARI,Mozambique,11.135299881577517,0.3010153435392269,REF_TRF
0875,10.27398309547128,MOZAMBIQUE_MANICA_GURO_NHAMASSONGE,Mozambique,10.578674383199365,0.30469128772808496,REF_TRF
0876,20.390345148109695,MOZAMBIQUE_MANICA_MACATE_MACATE SEDE,Mozambique,20.70378223944405,0.3134370913343538,REF_TRF
0877,17.412432581372506,MOZAMBIQUE_MANICA_MACATE_ZEMBE,Mozambique,17.734479781948316,0.3220472005758097,REF_TRF
0878,12.745053193038363,MOZAMBIQUE_MANICA_MACHAZE_CHITOBE,Mozambique,13.052847838760979,0.30779464572261617,REF_TRF
0879,11.292045103003755,MOZAMBIQUE_MANICA_MACHAZE_SAVE,Mozambique,11.588691503037019,0.29664640003326426,REF_TRF
0880,16.53510031320268,MOZAMBIQUE_MANICA_MACOSSA_MACOSSA SEDE,Mozambique,16.836936181120418,0.3018358679177382,REF_TRF
0881,21.04513916970155,MOZAMBIQUE_MANICA_MACOSSA_NGUAWALA,Mozambique,21.367340134681136,0.3222009649795865,REF_TRF
0882,19.48601962639833,MOZAMBIQUE_MANICA_MACOSSA_NHAMAGUA,Mozambique,19.777705362184214,0.2916857357858831,REF_TRF
0883,20.698851944009714,MOZAMBIQUE_MANICA_MANICA_MACHIPANDA,Mozambique,21.00060600518573,0.3017540611760161,REF_TRF
0884,20.63123844768986,MOZAMBIQUE_MANICA_MANICA_MAVONDE,Mozambique,20.961863091911606,0.3306246442217464,REF_TRF
0885,15.679793822462923,MOZAMBIQUE_MANICA_MANICA_MESSICA,Mozambique,16.000674828960907,0.32088100649798434,REF_TRF
0886,17.76479962930428,MOZAMBIQUE_MANICA_MANICA_MUNICIPIO DE MANICA,Mozambique,18.12144496392543,0.3566453346211489,REF_TRF
0887,13.933718579298988,MOZAMBIQUE_MANICA_MOSSURIZE_CHIURAIRUE,Mozambique,14.271352139707963,0.33763356040897463,REF_TRF
0888,18.329033613801734,MOZAMBIQUE_MANICA_MOSSURIZE_DACATA,Mozambique,18.630315587014806,0.30128197321307226,REF_TRF
0889,14.726824199558889,MOZAMBIQUE_MANICA_MOSSURIZE_ESPUNGABERA,Mozambique,15.056191510623329,0.3293673110644395,REF_TRF
0890,18.776409470146803,MOZAMBIQUE_MANICA_SUSSUNDENGA_DOMBE,Mozambique,19.078033055654792,0.30162358550798984,REF_TRF
0891,22.488841178516978,MOZAMBIQUE_MANICA_SUSSUNDENGA_MUOHA,Mozambique,22.798728469223995,0.30988729070701737,REF_TRF
0892,16.276145027970138,MOZAMBIQUE_MANICA_SUSSUNDENGA_ROTANDA,Mozambique,16.578894111750174,0.30274908378003573,REF_TRF
0893,18.31868818658066,MOZAMBIQUE_MANICA_SUSSUNDENGA_SUSSUNDENGA SEDE,Mozambique,18.614304513793744,0.29561632721308584,REF_TRF
0894,10.64826032457858,MOZAMBIQUE_MANICA_TAMBARA_BUZUA,Mozambique,10.979745576158242,0.3314852515796627,REF_TRF
0895,10.11343034985703,MOZAMBIQUE_MANICA_TAMBARA_NHACAFULA,Mozambique,10.450435884869595,0.33700553501256536,REF_TRF
0896,10.864012955696726,MOZAMBIQUE_MANICA_TAMBARA_NHACOLO,Mozambique,11.259091513363138,0.3950785576664124,REF_TRF
0897,18.156096966678245,MOZAMBIQUE_MANICA_VANDUZI_MATSINHO,Mozambique,18.475659447735637,0.3195624810573925,REF_TRF
0898,17.745347244959465,MOZAMBIQUE_MANICA_VANDUZI_VANDUZI SEDE,Mozambique,18.08549381919422,0.3401465742347547,REF_TRF
0899,10.560609343493944,MOZAMBIQUE_MAPUTO_BOANE_BOANE,Mozambique,11.63908489629464,1.0784755528006968,REF_TRF
0900,11.289194200169968,MOZAMBIQUE_MAPUTO_BOANE_MATOLA RIO,Mozambique,12.392870166247324,1.1036759660773559,REF_TRF
0901,10.929607379402784,MOZAMBIQUE_MAPUTO_CIDADE DA MATOLA_CIDADE DA MATOLA,Mozambique,12.123326091379873,1.1937187119770893,REF_TRF
0902,10.622094770673625,MOZAMBIQUE_MAPUTO_CIDADE DA MATOLA_INFULENE,Mozambique,11.715683739616638,1.0935889689430134,REF_TRF
0903,11.701930062564053,MOZAMBIQUE_MAPUTO_CIDADE DA MATOLA_MACHAVA,Mozambique,12.855161097741632,1.1532310351775799,REF_TRF
0904,10.937290148742974,MOZAMBIQUE_MAPUTO_MAGUDE_MAGUDE,Mozambique,11.873420192921971,0.9361300441789968,REF_TRF
0905,10.063694894370716,MOZAMBIQUE_MAPUTO_MAGUDE_MAHELE,Mozambique,10.893736709855897,0.8300418154851812,REF_TRF
0906,10.309512956422449,MOZAMBIQUE_MAPUTO_MAGUDE_MAPULANGUENE,Mozambique,11.224471592753538,0.9149586363310895,REF_TRF
0907,10.028534265956374,MOZAMBIQUE_MAPUTO_MAGUDE_MOTAZE,Mozambique,10.884423467438918,0.8558892014825439,REF_TRF
0908,10.832475774964276,MOZAMBIQUE_MAPUTO_MAGUDE_PANJANE,Mozambique,11.812884167728944,0.9804083927646676,REF_TRF
0909,11.086520790885231,MOZAMBIQUE_MAPUTO_MANHIÇA_3 DE FEVEREIRO,Mozambique,11.980851626266773,0.8943308353815418,REF_TRF
0910,10.15331960786235,MOZAMBIQUE_MAPUTO_MANHIÇA_CALANGA,Mozambique,10.995156761083852,0.8418371532215012,REF_TRF
0911,11.441787411371914,MOZAMBIQUE_MAPUTO_MANHIÇA_ILHA JOSINA MACHEL,Mozambique,12.31419938926181,0.8724119778898967,REF_TRF
0912,11.408203960090276,MOZAMBIQUE_MAPUTO_MANHIÇA_MALUANA,Mozambique,12.327545390484467,0.9193414303941907,REF_TRF
0913,10.88095407134485,MOZAMBIQUE_MAPUTO_MANHIÇA_MUNICÍPIO DE MANHIÇA,Mozambique,11.792755758752156,0.9118016874073067,REF_TRF
0914,11.488370401373803,MOZAMBIQUE_MAPUTO_MANHIÇA_XINAVANE,Mozambique,12.401231047764718,0.9128606463909144,REF_TRF
0915,9.831023679576525,MOZAMBIQUE_MAPUTO_MARRACUENE_MACHUBO,Mozambique,10.726831851754605,0.8958081721780804,REF_TRF
0916,11.000491224084426,MOZAMBIQUE_MAPUTO_MARRACUENE_MARRACUENE,Mozambique,12.013576512415964,1.0130852883315384,REF_TRF
0917,9.128449008647753,MOZAMBIQUE_MAPUTO_MATUTUINE_BELA VISTA,Mozambique,10.030226951473997,0.9017779428262447,REF_TRF
0918,9.783483163368302,MOZAMBIQUE_MAPUTO_MATUTUINE_CATEMBE M'SIME,Mozambique,10.809319689977768,1.0258365266094653,REF_TRF
0919,10.892685490832601,MOZAMBIQUE_MAPUTO_MATUTUINE_CATUANE,Mozambique,11.86397735495433,0.9712918641217279,REF_TRF
0920,7.658833382216048,MOZAMBIQUE_MAPUTO_MATUTUINE_MACHANGULO,Mozambique,8.49271477134632,0.8338813891302719,REF_TRF
0921,8.51939551260395,MOZAMBIQUE_MAPUTO_MATUTUINE_ZITUNDO,Mozambique,9.379731375806823,0.8603358632028737,REF_TRF
0922,11.64014555634731,MOZAMBIQUE_MAPUTO_MOAMBA_MOAMBA,Mozambique,12.66115748856051,1.0210119322132005,REF_TRF
0923,11.647115922771249,MOZAMBIQUE_MAPUTO_MOAMBA_PESSENE,Mozambique,12.689197342023826,1.0420814192525771,REF_TRF
0924,12.716640670663732,MOZAMBIQUE_MAPUTO_MOAMBA_RESSANO GARCIA,Mozambique,13.85454588966214,1.137905218998407,REF_TRF
0925,11.113368734402357,MOZAMBIQUE_MAPUTO_MOAMBA_SABIE,Mozambique,12.132780285756509,1.0194115513541515,REF_TRF
0926,10.972948248203506,MOZAMBIQUE_MAPUTO_NAMAACHA_CHANGALANE,Mozambique,11.999862894253479,1.0269146460499723,REF_TRF
0927,11.24821806091683,MOZAMBIQUE_MAPUTO_NAMAACHA_NAMAACHA,Mozambique,12.353667950415403,1.1054498894985727,REF_TRF
0928,10.76640579117444,MOZAMBIQUE_NAMPULA_ANGOCHE_AUBE,Mozambique,11.012344583828607,0.24593879265416696,REF_TRF
0929,11.96803391812961,MOZAMBIQUE_NAMPULA_ANGOCHE_BOILA NAMETORIA,Mozambique,12.225540735885334,0.2575068177557238,REF_TRF
0930,9.374409245183745,MOZAMBIQUE_NAMPULA_ANGOCHE_CIDADE DE ANGOCHE,Mozambique,9.614864862579505,0.24045561739576016,REF_TRF
0931,11.877785980664934,MOZAMBIQUE_NAMPULA_ANGOCHE_NAMAPONDA,Mozambique,12.145376798586224,0.26759081792129,REF_TRF
0932,15.55233308875081,MOZAMBIQUE_NAMPULA_CIDADE DE NAMPULA_ANCHILO,Mozambique,15.944489841552867,0.3921567528020571,REF_TRF
0933,16.798955636114968,MOZAMBIQUE_NAMPULA_CIDADE DE NAMPULA_MUATALA,Mozambique,17.253667184475034,0.45471154836006633,REF_TRF
0934,16.228424795367687,MOZAMBIQUE_NAMPULA_CIDADE DE NAMPULA_MUHALA,Mozambique,16.76912842633088,0.5407036309631934,REF_TRF
0935,15.901005316424664,MOZAMBIQUE_NAMPULA_CIDADE DE NAMPULA_NAMICOPO,Mozambique,16.351016788701124,0.45001147227645966,REF_TRF
0936,16.764854630810056,MOZAMBIQUE_NAMPULA_CIDADE DE NAMPULA_NAPIPINE,Mozambique,17.117139608216277,0.3522849774062209,REF_TRF
0937,16.781077834317138,MOZAMBIQUE_NAMPULA_CIDADE DE NAMPULA_NATIKIRE,Mozambique,17.135209918556768,0.3541320842396303,REF_TRF
0938,16.617362933325534,MOZAMBIQUE_NAMPULA_CIDADE DE NAMPULA_URBANO CENTRAL,Mozambique,17.053094022321737,0.43573108899620294,REF_TRF
0939,11.365684458430785,MOZAMBIQUE_NAMPULA_ERÁTI_ALUA,Mozambique,11.570922981057993,0.20523852262720865,REF_TRF
0940,11.617907218498097,MOZAMBIQUE_NAMPULA_ERÁTI_NAMAPA SEDE,Mozambique,11.798095228876793,0.18018801037869636,REF_TRF
0941,12.211448361288324,MOZAMBIQUE_NAMPULA_ERÁTI_NAMIROA,Mozambique,12.4085494663538,0.1971011050654763,REF_TRF
0942,8.96319239860874,MOZAMBIQUE_NAMPULA_ILHA DE MOÇAMBIQUE_ILHA DE MOÇAMBIQUE,Mozambique,9.196221882902861,0.2330294842941214,REF_TRF
0943,10.072998098363556,MOZAMBIQUE_NAMPULA_ILHA DE MOÇAMBIQUE_LUMBO,Mozambique,10.315202717533053,0.2422046191694971,REF_TRF
0944,13.773389102546162,MOZAMBIQUE_NAMPULA_LALAUA_LALAUA,Mozambique,13.945385043610115,0.17199594106395288,REF_TRF
0945,13.118271683150834,MOZAMBIQUE_NAMPULA_LALAUA_METI,Mozambique,13.286962515372819,0.16869083222198533,REF_TRF
0946,11.394826964630363,MOZAMBIQUE_NAMPULA_LARDE_LARDE,Mozambique,11.643679852084306,0.24885288745394263,REF_TRF
0947,15.342199488488824,MOZAMBIQUE_NAMPULA_LARDE_MUCUALI,Mozambique,15.607315161185468,0.2651156726966448,REF_TRF
0948,14.121848955168229,MOZAMBIQUE_NAMPULA_LIÚPO_LIÚPO,Mozambique,14.393941869073249,0.2720929139050199,REF_TRF
0949,9.971031486663207,MOZAMBIQUE_NAMPULA_LIÚPO_QUINGA,Mozambique,10.212313117527,0.24128163086379217,REF_TRF
0950,15.354693717130994,MOZAMBIQUE_NAMPULA_MALEMA_CHILULO,Mozambique,15.527240795817793,0.17254707868679908,REF_TRF
0951,14.57979406869163,MOZAMBIQUE_NAMPULA_MALEMA_MALEMA/CANHUNHA,Mozambique,14.794860323772205,0.21506625508057553,REF_TRF
0952,14.471961141257637,MOZAMBIQUE_NAMPULA_MALEMA_MUTUALI,Mozambique,14.670100823940983,0.1981396826833457,REF_TRF
0953,15.118856128552018,MOZAMBIQUE_NAMPULA_MECONTA_7 DE ABRIL,Mozambique,15.483483317872421,0.3646271893204034,REF_TRF
0954,14.961180724516913,MOZAMBIQUE_NAMPULA_MECONTA_CORRANE,Mozambique,15.289795472184487,0.32861474766757404,REF_TRF
0955,15.424307341156506,MOZAMBIQUE_NAMPULA_MECONTA_MECONTA,Mozambique,15.787781833059675,0.36347449190316894,REF_TRF
0956,14.60665473946273,MOZAMBIQUE_NAMPULA_MECONTA_NAMIALO,Mozambique,14.962181671446576,0.3555269319838459,REF_TRF
0957,14.68173132966329,MOZAMBIQUE_NAMPULA_MECUBÚRI_MECUBÚRI,Mozambique,14.906092422326651,0.22436109266336146,REF_TRF
0958,14.213395023580851,MOZAMBIQUE_NAMPULA_MECUBÚRI_MILHANA,Mozambique,14.416490979563049,0.20309595598219765,REF_TRF
0959,13.921102602998312,MOZAMBIQUE_NAMPULA_MECUBÚRI_MUITE,Mozambique,14.107774717092028,0.18667211409371554,REF_TRF
0960,16.512742406776702,MOZAMBIQUE_NAMPULA_MECUBÚRI_NANIMA,Mozambique,16.744989735901534,0.23224732912483148,REF_TRF
0961,10.650186616210316,MOZAMBIQUE_NAMPULA_MEMBA_CHIPENE,Mozambique,10.842325359604676,0.19213874339435932,REF_TRF
0962,9.545335395141265,MOZAMBIQUE_NAMPULA_MEMBA_LURIO,Mozambique,9.714999996809336,0.16966460166807096,REF_TRF
0963,9.935279968953441,MOZAMBIQUE_NAMPULA_MEMBA_MAZUA,Mozambique,10.151715810108946,0.21643584115550496,REF_TRF
0964,9.584470385565242,MOZAMBIQUE_NAMPULA_MEMBA_MEMBA,Mozambique,9.832652347351875,0.2481819617866332,REF_TRF
0965,9.489221836423956,MOZAMBIQUE_NAMPULA_MOGINCUAL_NAMINGE,Mozambique,9.725029750184973,0.2358079137610165,REF_TRF
0966,13.91427300339182,MOZAMBIQUE_NAMPULA_MOGINCUAL_QUIXAXE,Mozambique,14.199702477387573,0.28542947399575347,REF_TRF
0967,16.011705468598652,MOZAMBIQUE_NAMPULA_MOGOVOLAS_CALIPO,Mozambique,16.330446973447874,0.31874150484922126,REF_TRF
0968,15.550139653483432,MOZAMBIQUE_NAMPULA_MOGOVOLAS_ILUTE,Mozambique,15.856954466384881,0.3068148129014485,REF_TRF
0969,14.296850614995876,MOZAMBIQUE_NAMPULA_MOGOVOLAS_MUATUA,Mozambique,14.590842621243006,0.2939920062471302,REF_TRF
0970,15.602343257610503,MOZAMBIQUE_NAMPULA_MOGOVOLAS_NAMETIL SEDE,Mozambique,15.917146222553576,0.31480296494307325,REF_TRF
0971,14.212909629761583,MOZAMBIQUE_NAMPULA_MOGOVOLAS_NANHUPO RIO,Mozambique,14.496749562224561,0.28383993246297834,REF_TRF
0972,15.680617424348402,MOZAMBIQUE_NAMPULA_MOMA_CHALAUA,Mozambique,15.966769491862754,0.28615206751435274,REF_TRF
0973,15.54447403914743,MOZAMBIQUE_NAMPULA_MOMA_MACONE SEDE,Mozambique,15.804882155470956,0.2604081163235268,REF_TRF
0974,13.526956645364432,MOZAMBIQUE_NAMPULA_MONAPO_ITUCULO,Mozambique,13.847358779861063,0.32040213449663035,REF_TRF
0975,11.973554001074664,MOZAMBIQUE_NAMPULA_MONAPO_MONAPO SEDE,Mozambique,12.285270390084548,0.3117163890098844,REF_TRF
0976,13.492264721131132,MOZAMBIQUE_NAMPULA_MONAPO_NETIA,Mozambique,13.837291050921712,0.34502632979057957,REF_TRF
0977,10.136075553675951,MOZAMBIQUE_NAMPULA_MOSSURIL_LUNGA,Mozambique,10.376382154530411,0.24030660085445987,REF_TRF
0978,8.885853650137003,MOZAMBIQUE_NAMPULA_MOSSURIL_MATIBANE,Mozambique,9.12898395352504,0.2431303033880372,REF_TRF
0979,10.081604934838268,MOZAMBIQUE_NAMPULA_MOSSURIL_MOSSURIL SEDE,Mozambique,10.347124871982254,0.2655199371439867,REF_TRF
0980,13.932180263258015,MOZAMBIQUE_NAMPULA_MUECATE_IMALA,Mozambique,14.17248268484791,0.24030242158989523,REF_TRF
0981,16.348997615221883,MOZAMBIQUE_NAMPULA_MUECATE_MUCOLUANE,Mozambique,16.6322807983911,0.2832831831692175,REF_TRF
0982,14.071384959475337,MOZAMBIQUE_NAMPULA_MUECATE_MUECATE,Mozambique,14.398711393710318,0.32732643423498153,REF_TRF
0983,21.007398651255293,MOZAMBIQUE_NAMPULA_MURRUPULA_CHINGA,Mozambique,21.32860283958524,0.321204188329947,REF_TRF
0984,20.716787615153024,MOZAMBIQUE_NAMPULA_MURRUPULA_MURRUPULA,Mozambique,21.043905542752363,0.327117927599339,REF_TRF
0985,19.723554699151634,MOZAMBIQUE_NAMPULA_MURRUPULA_NIHESSIUE,Mozambique,20.04699941177977,0.32344471262813457,REF_TRF
0986,10.899338801259045,MOZAMBIQUE_NAMPULA_NACALA-A-VELHA_COVO,Mozambique,11.192648653275569,0.2933098520165238,REF_TRF
0987,11.120126243063112,MOZAMBIQUE_NAMPULA_NACALA-A-VELHA_NACALA-A-VELHA,Mozambique,11.40799672851891,0.2878704854557981,REF_TRF
0988,9.674217386901665,MOZAMBIQUE_NAMPULA_NACALA-PORTO_MUANONA,Mozambique,9.949291300838702,0.27507391393703706,REF_TRF
0989,8.521288646992428,MOZAMBIQUE_NAMPULA_NACALA-PORTO_MUTIVA,Mozambique,8.777715586642811,0.25642693965038355,REF_TRF
0990,11.575957324219008,MOZAMBIQUE_NAMPULA_NACARÔA_INTETE,Mozambique,11.842283884754373,0.2663265605353651,REF_TRF
0991,12.456115998623307,MOZAMBIQUE_NAMPULA_NACARÔA_NACARÔA,Mozambique,12.721310137761613,0.2651941391383055,REF_TRF
0992,12.599281424035015,MOZAMBIQUE_NAMPULA_NACARÔA_SAUA-SAUA,Mozambique,12.827764102333978,0.2284826782989633,REF_TRF
0993,18.734793419774284,MOZAMBIQUE_NAMPULA_RAPALE_MUTIVAZE,Mozambique,19.038657082264997,0.3038636624907127,REF_TRF
0994,17.627418372087675,MOZAMBIQUE_NAMPULA_RAPALE_NAMAITA,Mozambique,17.983272976257723,0.3558546041700481,REF_TRF
0995,16.797575268721758,MOZAMBIQUE_NAMPULA_RAPALE_RAPALE,Mozambique,17.10180955618712,0.30423428746536274,REF_TRF
0996,18.823805628730163,MOZAMBIQUE_NAMPULA_RIBÁUÈ_CUNLE,Mozambique,19.122765997077096,0.2989603683469326,REF_TRF
0997,25.16820123307377,MOZAMBIQUE_NAMPULA_RIBÁUÈ_IAPALA,Mozambique,25.4407746412283,0.27257340815452835,REF_TRF
0998,15.3364349300737,MOZAMBIQUE_NAMPULA_RIBÁUÈ_RIBÁUÈ,Mozambique,15.58622013586746,0.24978520579375996,REF_TRF
0999,10.485297979273945,MOZAMBIQUE_NIASSA_CHIMBONILA_CHIMBONILA,Mozambique,10.625560844756933,0.14026286548298827,REF_TRF
1000,10.271342573586068,MOZAMBIQUE_NIASSA_CHIMBONILA_LIONE,Mozambique,10.44979263510994,0.178450061523872,REF_TRF
1001,7.514275810270018,MOZAMBIQUE_NIASSA_CHIMBONILA_MEPONDA,Mozambique,7.63897918662039,0.12470337635037243,REF_TRF
1002,11.133355824501507,MOZAMBIQUE_NIASSA_CIDADE DE LICHINGA_CIDADE DE LICHINGA,Mozambique,11.298300187898281,0.1649443633967742,REF_TRF
1003,15.189188025203489,MOZAMBIQUE_NIASSA_CUAMBA_CIDADE DE CUAMBA,Mozambique,15.390146633827786,0.2009586086242976,REF_TRF
1004,12.700622415209729,MOZAMBIQUE_NIASSA_CUAMBA_ETATARA,Mozambique,12.928311821801358,0.2276894065916295,REF_TRF
1005,15.643452886546548,MOZAMBIQUE_NIASSA_CUAMBA_LÚRIO,Mozambique,15.850861473418751,0.20740858687220332,REF_TRF
1006,11.08738760109767,MOZAMBIQUE_NIASSA_CUAMBA_MEPICA,Mozambique,11.28832926546355,0.2009416643658799,REF_TRF
1007,6.710672103292103,MOZAMBIQUE_NIASSA_LAGO_CÓBUE,Mozambique,6.790606236681411,0.07993413338930822,REF_TRF
1008,8.639961006132218,MOZAMBIQUE_NIASSA_LAGO_LUNHO,Mozambique,8.73140905718624,0.09144805105402298,REF_TRF
1009,12.119826741799345,MOZAMBIQUE_NIASSA_LAGO_MANIAMBA,Mozambique,12.238627814475379,0.11880107267603357,REF_TRF
1010,8.408227750530694,MOZAMBIQUE_NIASSA_LAGO_MELULUCA,Mozambique,8.518095846038772,0.10986809550807841,REF_TRF
1011,8.459137889226028,MOZAMBIQUE_NIASSA_LAGO_METANGULA,Mozambique,8.569526330771344,0.11038844154531624,REF_TRF
1012,13.004261326922354,MOZAMBIQUE_NIASSA_MAJUNE_MALANGA,Mozambique,13.092060369725782,0.08779904280342876,REF_TRF
1013,12.42195533006783,MOZAMBIQUE_NIASSA_MAJUNE_MUAQUIA,Mozambique,12.516123150035904,0.09416781996807444,REF_TRF
1014,11.665349291594769,MOZAMBIQUE_NIASSA_MAJUNE_NAIRRUBI,Mozambique,11.778325680547013,0.11297638895224438,REF_TRF
1015,11.251940575732473,MOZAMBIQUE_NIASSA_MANDIMBA_LISSIETE,Mozambique,11.447382716484901,0.19544214075242827,REF_TRF
1016,11.247229347628377,MOZAMBIQUE_NIASSA_MANDIMBA_MITANDE,Mozambique,11.40160860177518,0.15437925414680365,REF_TRF
1017,10.651336893679447,MOZAMBIQUE_NIASSA_MARRUPA_MARRANGIRA,Mozambique,10.719265277455978,0.06792838377653077,REF_TRF
1018,11.244082559676677,MOZAMBIQUE_NIASSA_MARRUPA_MARRUPA SEDE,Mozambique,11.325767911208501,0.08168535153182432,REF_TRF
1019,12.84955270589877,MOZAMBIQUE_NIASSA_MARRUPA_NUNGO,Mozambique,12.949912036478292,0.10035933057952207,REF_TRF
1020,13.786530767418052,MOZAMBIQUE_NIASSA_MAÚA_MAIACA,Mozambique,13.916933215717783,0.1304024482997317,REF_TRF
1021,12.590198966250824,MOZAMBIQUE_NIASSA_MAÚA_MAÚA,Mozambique,12.69945738486415,0.10925841861332586,REF_TRF
1022,8.680355178682877,MOZAMBIQUE_NIASSA_MAVAGO_MAVAGO SEDE,Mozambique,8.746234208179573,0.06587902949669555,REF_TRF
1023,14.83972427349827,MOZAMBIQUE_NIASSA_MAVAGO_MSAWIZE,Mozambique,14.90274773956687,0.06302346606859999,REF_TRF
1024,10.934635578084688,MOZAMBIQUE_NIASSA_MECANHELAS_CHIUTA,Mozambique,11.159320364783678,0.22468478669899028,REF_TRF
1025,12.383890759926278,MOZAMBIQUE_NIASSA_MECANHELAS_INSACA,Mozambique,12.672731790328868,0.28884103040259035,REF_TRF
1026,10.299782603191176,MOZAMBIQUE_NIASSA_MECULA_MATONDOVELA,Mozambique,10.356872247030797,0.05708964383962112,REF_TRF
1027,6.995040392859966,MOZAMBIQUE_NIASSA_MECULA_MECULA SEDE,Mozambique,7.047981966678002,0.05294157381803544,REF_TRF
1028,15.150666245099764,MOZAMBIQUE_NIASSA_METARICA_NACUMUA,Mozambique,15.311831071517231,0.1611648264174672,REF_TRF
1029,13.61926351866901,MOZAMBIQUE_NIASSA_METARICA_NAMICUNDI,Mozambique,13.770216807257327,0.15095328858831714,REF_TRF
1030,10.869581652075993,MOZAMBIQUE_NIASSA_MUEMBE_CHICONONO,Mozambique,10.95256942934526,0.08298777726926687,REF_TRF
1031,13.098499881559047,MOZAMBIQUE_NIASSA_MUEMBE_MUEMBE,Mozambique,13.198025984452823,0.09952610289377617,REF_TRF
1032,13.033583611351641,MOZAMBIQUE_NIASSA_NGAUMA_ITEPELA,Mozambique,13.174854953116567,0.1412713417649254,REF_TRF
1033,10.645841599226236,MOZAMBIQUE_NIASSA_NGAUMA_MASSANGULO,Mozambique,10.814323038988617,0.16848143976238106,REF_TRF
1034,13.651195620552013,MOZAMBIQUE_NIASSA_NIPEPE_MULUCO,Mozambique,13.76460282722072,0.11340720666870752,REF_TRF
1035,14.470683316018462,MOZAMBIQUE_NIASSA_NIPEPE_NIPEPE SEDE,Mozambique,14.597906978304366,0.12722366228590332,REF_TRF
1036,12.057176719204266,MOZAMBIQUE_NIASSA_SANGA_LUSSIMBESSE,Mozambique,12.18107941912846,0.12390269992419434,REF_TRF
1037,10.38563874191759,MOZAMBIQUE_NIASSA_SANGA_MACALOGE,Mozambique,10.461749878587081,0.07611113666949088,REF_TRF
1038,9.634864074747966,MOZAMBIQUE_NIASSA_SANGA_MATCHEDJE,Mozambique,9.702172623892572,0.06730854914460593,REF_TRF
1039,12.243088697728329,MOZAMBIQUE_NIASSA_SANGA_UNANGO,Mozambique,12.347176835224491,0.10408813749616286,REF_TRF
1040,15.435394783078866,MOZAMBIQUE_SOFALA_BÚZI_BÚZI SEDE,Mozambique,15.744201502978461,0.30880671989959474,REF_TRF
1041,13.385444959293219,MOZAMBIQUE_SOFALA_BÚZI_ESTAQUINHA,Mozambique,13.685625555448702,0.3001805961554833,REF_TRF
1042,12.814173013719383,MOZAMBIQUE_SOFALA_BÚZI_NOVA SOFALA,Mozambique,13.107889350773977,0.2937163370545939,REF_TRF
1043,17.583265766209614,MOZAMBIQUE_SOFALA_CAIA_CAIA SEDE,Mozambique,17.898315448518325,0.315049682308711,REF_TRF
1044,15.94979136144216,MOZAMBIQUE_SOFALA_CAIA_MURRACA,Mozambique,16.27119856109898,0.3214071996568215,REF_TRF
1045,14.545208909123437,MOZAMBIQUE_SOFALA_CAIA_SENA,Mozambique,14.872453425965695,0.3272445168422582,REF_TRF
1046,12.09669841735596,MOZAMBIQUE_SOFALA_CHEMBA_CHEMBA,Mozambique,12.45599571820057,0.3592973008446112,REF_TRF
1047,10.608693345203934,MOZAMBIQUE_SOFALA_CHEMBA_CHIRAMBA,Mozambique,10.967893055736763,0.3591997105328293,REF_TRF
1048,11.623503331772538,MOZAMBIQUE_SOFALA_CHEMBA_MULIMA,Mozambique,11.947129845749739,0.3236265139772012,REF_TRF
1049,18.65798611206052,MOZAMBIQUE_SOFALA_CHERINGOMA_INHAMINGA,Mozambique,18.961769591474464,0.30378347941394424,REF_TRF
1050,20.393019736598774,MOZAMBIQUE_SOFALA_CHERINGOMA_INHAMITANGA,Mozambique,20.706889488949436,0.31386975235066217,REF_TRF
1051,14.638746859715711,MOZAMBIQUE_SOFALA_CHIBABAVA_CHIBABAVA,Mozambique,14.94198911024705,0.3032422505313388,REF_TRF
1052,14.164899402529798,MOZAMBIQUE_SOFALA_CHIBABAVA_GOONDA SEDE,Mozambique,14.462488639345711,0.297589236815913,REF_TRF
1053,12.128316884249156,MOZAMBIQUE_SOFALA_CHIBABAVA_MUXUNGUE,Mozambique,12.421621103956937,0.29330421970778175,REF_TRF
1054,12.836328052337382,MOZAMBIQUE_SOFALA_CIDADE DA BEIRA_CHIVEVE,Mozambique,13.18380990919388,0.347481856856497,REF_TRF
1055,13.242290702372449,MOZAMBIQUE_SOFALA_CIDADE DA BEIRA_MANGA LAFORTE,Mozambique,13.573498936579607,0.3312082342071587,REF_TRF
1056,13.09476035330745,MOZAMBIQUE_SOFALA_CIDADE DA BEIRA_MUNHAVA,Mozambique,13.4409685577789,0.3462082044714503,REF_TRF
1057,13.986527931792772,MOZAMBIQUE_SOFALA_CIDADE DA BEIRA_NHANGAU,Mozambique,14.301450607213058,0.31492267542028607,REF_TRF
1058,15.19019151749617,MOZAMBIQUE_SOFALA_DONDO_CIDADE DE DONDO,Mozambique,15.501756394125152,0.3115648766289816,REF_TRF
1059,18.077123267670395,MOZAMBIQUE_SOFALA_DONDO_MAFAMBISSE,Mozambique,18.401042648221267,0.32391938055087266,REF_TRF
1060,15.862267260358696,MOZAMBIQUE_SOFALA_DONDO_SAVANE,Mozambique,16.16284303842937,0.30057577807067304,REF_TRF
1061,19.88509410979006,MOZAMBIQUE_SOFALA_GORONGOSA_CANDA,Mozambique,20.18185503353057,0.29676092374051066,REF_TRF
1062,19.212957959351204,MOZAMBIQUE_SOFALA_GORONGOSA_GORONGOSA,Mozambique,19.51851094052236,0.30555298117115726,REF_TRF
1063,21.478369797728007,MOZAMBIQUE_SOFALA_GORONGOSA_VUNDUZI,Mozambique,21.78018208781708,0.3018122900890745,REF_TRF
1064,19.532755271245012,MOZAMBIQUE_SOFALA_MACHANGA_CHILOANE,Mozambique,19.796904636695633,0.2641493654506206,REF_TRF
1065,10.063549024045603,MOZAMBIQUE_SOFALA_MACHANGA_DIVINHE,Mozambique,10.329021921598745,0.26547289755314196,REF_TRF
1066,10.40847625490807,MOZAMBIQUE_SOFALA_MACHANGA_MACHANGA,Mozambique,10.678818807385673,0.27034255247760264,REF_TRF
1067,12.025665375188236,MOZAMBIQUE_SOFALA_MARÍNGUÈ_CANXIXE,Mozambique,12.331150101352568,0.3054847261643321,REF_TRF
1068,15.268255715643377,MOZAMBIQUE_SOFALA_MARÍNGUÈ_MARÍNGUÈ SEDE,Mozambique,15.567869219334696,0.2996135036913188,REF_TRF
1069,18.37744855338194,MOZAMBIQUE_SOFALA_MARÍNGUÈ_SUBUE,Mozambique,18.672766802969107,0.2953182495871687,REF_TRF
1070,23.475980673296952,MOZAMBIQUE_SOFALA_MARROMEU_CHUPANGA,Mozambique,23.817525153866185,0.34154448056923314,REF_TRF
1071,20.325662574749394,MOZAMBIQUE_SOFALA_MARROMEU_MARROMEU,Mozambique,20.64341048438261,0.31774790963321564,REF_TRF
1072,18.806347140557815,MOZAMBIQUE_SOFALA_MUANZA_GALINHA,Mozambique,19.10436167736909,0.29801453681127654,REF_TRF
1073,17.522790605656965,MOZAMBIQUE_SOFALA_MUANZA_MUANZA,Mozambique,17.83801419778792,0.3152235921309554,REF_TRF
1074,21.339448891432635,MOZAMBIQUE_SOFALA_NHAMATANDA_NHAMATANDA,Mozambique,21.675285993067934,0.335837101635299,REF_TRF
1075,17.858062933865078,MOZAMBIQUE_SOFALA_NHAMATANDA_TICA,Mozambique,18.186096939429596,0.32803400556451834,REF_TRF
1076,9.840001919247545,MOZAMBIQUE_TETE_ANGÓNIA_DOMUE,Mozambique,10.14196313301472,0.301961213767175,REF_TRF
1077,10.474166605958084,MOZAMBIQUE_TETE_ANGÓNIA_ULONGUE,Mozambique,10.765724305342811,0.2915576993847271,REF_TRF
1078,9.189831496945025,MOZAMBIQUE_TETE_CAHORA BASSA_CHINTHOLO,Mozambique,9.46477460579003,0.2749431088450045,REF_TRF
1079,10.304678621454764,MOZAMBIQUE_TETE_CAHORA BASSA_CHITIMA,Mozambique,10.564056184843576,0.2593775633888118,REF_TRF
1080,11.592476472236259,MOZAMBIQUE_TETE_CAHORA BASSA_SONGO,Mozambique,11.881642493090414,0.28916602085415555,REF_TRF
1081,9.220856936324402,MOZAMBIQUE_TETE_CHANGARA_CHIOCO,Mozambique,9.498572710141744,0.27771577381734147,REF_TRF
1082,9.694143550941583,MOZAMBIQUE_TETE_CHANGARA_LUENHA,Mozambique,9.9742230788415025,0.28007952789991997,REF_TRF
1083,11.007621045091135,MOZAMBIQUE_TETE_CHIFUNDE_CHIFUNDE,Mozambique,11.295003719583562,0.28738267449242727,REF_TRF
1084,11.332191175810467,MOZAMBIQUE_TETE_CHIFUNDE_MUALADZI,Mozambique,11.60170560218923,0.2695144263787643,REF_TRF
1085,15.532634549280651,MOZAMBIQUE_TETE_CHIFUNDE_NSADZO,Mozambique,15.829262758816512,0.2966282095358608,REF_TRF
1086,14.291701111664633,MOZAMBIQUE_TETE_CHIÚTA_KAZULA,Mozambique,14.61182139992156,0.32012028825692695,REF_TRF
1087,13.279946306974681,MOZAMBIQUE_TETE_CHIÚTA_MANJE,Mozambique,13.5891713201298,0.3092250131551193,REF_TRF
1088,11.263985372770886,MOZAMBIQUE_TETE_CIDADE DE TETE_CIDADE DE TETE,Mozambique,11.586113355439844,0.3221279826689578,REF_TRF
1089,12.458630617495563,MOZAMBIQUE_TETE_DÔA_DÔA,Mozambique,12.863341549440893,0.4047109319453295,REF_TRF
1090,14.577893252152261,MOZAMBIQUE_TETE_MACANGA_CHIDZOLOMONDO,Mozambique,14.914740771291555,0.3368475191392939,REF_TRF
1091,18.60391583388371,MOZAMBIQUE_TETE_MACANGA_FURANCUNGO,Mozambique,18.913016511273206,0.30910067738949465,REF_TRF
1092,13.285847917264931,MOZAMBIQUE_TETE_MÁGOÈ_CHINTHOPO,Mozambique,13.48161673535223,0.1957688180872985,REF_TRF
1093,11.11349039419627,MOZAMBIQUE_TETE_MÁGOÈ_MPHENDE,Mozambique,11.34933060509616,0.23584021089988916,REF_TRF
1094,8.694845810790305,MOZAMBIQUE_TETE_MÁGOÈ_MUCUMBURA,Mozambique,8.908518873184214,0.2136730623939087,REF_TRF
1095,10.49025279367221,MOZAMBIQUE_TETE_MARARA_MARARA,Mozambique,10.784546444175714,0.2942936505035032,REF_TRF
1096,10.724332986199624,MOZAMBIQUE_TETE_MARÁVIA_CHIPERA,Mozambique,10.975975023767301,0.25164203756767733,REF_TRF
1097,11.541256022571678,MOZAMBIQUE_TETE_MARÁVIA_CHIPUTO,Mozambique,11.799859081266613,0.25860305869493416,REF_TRF
1098,9.769545137652575,MOZAMBIQUE_TETE_MARÁVIA_FINGOE,Mozambique,10.000801416952854,0.23125627930027903,REF_TRF
1099,9.394799986177972,MOZAMBIQUE_TETE_MARÁVIA_MALOWERA,Mozambique,9.613188888879112,0.21838890270113964,REF_TRF
1100,13.866589294259143,MOZAMBIQUE_TETE_MOATIZE_KAMBULATSITSI,Mozambique,14.18823207564494,0.3216427813857976,REF_TRF
1101,12.785771018257677,MOZAMBIQUE_TETE_MOATIZE_MOATIZE,Mozambique,13.101424693422654,0.31565367516497744,REF_TRF
1102,13.916151001820797,MOZAMBIQUE_TETE_MOATIZE_ZOBUE,Mozambique,14.234799174889886,0.3186481730690893,REF_TRF
1103,16.335501380760117,MOZAMBIQUE_TETE_MUTARARA_CHARRE,Mozambique,16.691777925743168,0.35627654498305006,REF_TRF
1104,17.56015501850171,MOZAMBIQUE_TETE_MUTARARA_INHANGOMA,Mozambique,17.916193371935087,0.35603835343337664,REF_TRF
1105,12.579213438327606,MOZAMBIQUE_TETE_MUTARARA_NHAMAYABUE,Mozambique,12.942974555485604,0.3637611171579973,REF_TRF
1106,10.342562643639432,MOZAMBIQUE_TETE_TSANGANO_NTENGO-WAMBALAME,Mozambique,10.659894924723684,0.3173322810842514,REF_TRF
1107,11.068784282047151,MOZAMBIQUE_TETE_TSANGANO_TSANGANO,Mozambique,11.392591043314821,0.3238067612676705,REF_TRF
1108,11.973673455723585,MOZAMBIQUE_TETE_ZUMBO_MUZE,Mozambique,12.170592702879603,0.19691924715601772,REF_TRF
1109,11.562225488324415,MOZAMBIQUE_TETE_ZUMBO_ZAMBUE,Mozambique,11.757517358790794,0.19529187046637908,REF_TRF
1110,9.964252763250656,MOZAMBIQUE_TETE_ZUMBO_ZUMBO,Mozambique,10.157624814320062,0.19337205106940658,REF_TRF
1111,19.032504735867484,MOZAMBIQUE_ZAMBÉZIA_ALTO MOLÓCUÈ_ALTO MOLÓCUÈ SEDE,Mozambique,19.382152869317988,0.34964813345050416,REF_TRF
1112,17.072739780286597,MOZAMBIQUE_ZAMBÉZIA_ALTO MOLÓCUÈ_NAUELA,Mozambique,17.391106631246444,0.3183668509598476,REF_TRF
1113,16.443886361517503,MOZAMBIQUE_ZAMBÉZIA_CHINDE_CHINDE SEDE,Mozambique,16.75072542017164,0.30683905865413763,REF_TRF
1114,20.02172387396672,MOZAMBIQUE_ZAMBÉZIA_CHINDE_MICAUNE,Mozambique,20.35662767128668,0.33490379731996,REF_TRF
1115,26.318521852052953,MOZAMBIQUE_ZAMBÉZIA_DERRE_GUERISSA,Mozambique,26.701202454489867,0.3826806024369134,REF_TRF
1116,21.220401115963586,MOZAMBIQUE_ZAMBÉZIA_DERRE_MACHINDO,Mozambique,21.574241327130338,0.3538402111667516,REF_TRF
1117,20.863895750064323,MOZAMBIQUE_ZAMBÉZIA_GILÉ_ALTO LIGONHA,Mozambique,21.18870304108977,0.32480729102544714,REF_TRF
1118,19.765181475595195,MOZAMBIQUE_ZAMBÉZIA_GILÉ_GILÉ,Mozambique,20.079204807122718,0.3140233315275225,REF_TRF
1119,20.51168003789025,MOZAMBIQUE_ZAMBÉZIA_GURUÈ_CIDADE DE GURUÈ,Mozambique,20.834704656738893,0.32302461884864186,REF_TRF
1120,15.18766050430968,MOZAMBIQUE_ZAMBÉZIA_GURUÈ_LIOMA,Mozambique,15.453167385069172,0.26550688075949225,REF_TRF
1121,20.36448217164746,MOZAMBIQUE_ZAMBÉZIA_GURUÈ_MEPUAGIUA,Mozambique,20.734437611268874,0.369955439621414,REF_TRF
1122,20.8600684663775,MOZAMBIQUE_ZAMBÉZIA_ILE_ILE,Mozambique,21.254624017712906,0.394555551335408,REF_TRF
1123,22.679549936194213,MOZAMBIQUE_ZAMBÉZIA_ILE_SOCONE,Mozambique,23.051643607794876,0.37209367160066265,REF_TRF
1124,17.421687977081007,MOZAMBIQUE_ZAMBÉZIA_INHASSUNGE_GONHANE,Mozambique,17.76075577695034,0.33906779986933344,REF_TRF
1125,18.885377589675002,MOZAMBIQUE_ZAMBÉZIA_INHASSUNGE_MUCUPIA,Mozambique,19.23183167909304,0.3464540894180388,REF_TRF
1126,23.122171019253123,MOZAMBIQUE_ZAMBÉZIA_LUABO_CHIMBADZO,Mozambique,23.488033508342582,0.3658624890894586,REF_TRF
1127,21.194566540340972,MOZAMBIQUE_ZAMBÉZIA_LUABO_SAMORA MACHEL,Mozambique,21.52954293910242,0.334976398761448,REF_TRF
1128,26.369409834266893,MOZAMBIQUE_ZAMBÉZIA_LUGELA_LUGELA SEDE,Mozambique,26.756085250753838,0.3866754164869448,REF_TRF
1129,21.94800988443103,MOZAMBIQUE_ZAMBÉZIA_LUGELA_MUABANAMA,Mozambique,22.34769084678534,0.39968096235431005,REF_TRF
1130,25.089589734434508,MOZAMBIQUE_ZAMBÉZIA_LUGELA_MUNHAMADE,Mozambique,25.46840766465134,0.3788179302168331,REF_TRF
1131,31.800494211474383,MOZAMBIQUE_ZAMBÉZIA_LUGELA_TACUANE,Mozambique,32.19832497499504,0.3978307635206555,REF_TRF
1132,19.218737999640837,MOZAMBIQUE_ZAMBÉZIA_MAGANJA DA COSTA_MAGANJA DA COSTA,Mozambique,19.537436441305196,0.3186984416643597,REF_TRF
1133,21.36881951710054,MOZAMBIQUE_ZAMBÉZIA_MAGANJA DA COSTA_NANTE,Mozambique,21.69878902056768,0.32996950346714016,REF_TRF
1134,13.587247259530255,MOZAMBIQUE_ZAMBÉZIA_MILANGE_MAJAUA,Mozambique,13.999979662071697,0.41273240254144206,REF_TRF
1135,16.779840304257345,MOZAMBIQUE_ZAMBÉZIA_MILANGE_MILANGE SEDE,Mozambique,17.198021754110307,0.4181814498529626,REF_TRF
1136,16.18700116159124,MOZAMBIQUE_ZAMBÉZIA_MILANGE_MONGUE,Mozambique,16.61533547607006,0.4283343144788212,REF_TRF
1137,25.50378975861439,MOZAMBIQUE_ZAMBÉZIA_MOCUBA_CIDADE DE MOCUBA,Mozambique,25.866104689418655,0.362314930804267,REF_TRF
1138,23.320950931010387,MOZAMBIQUE_ZAMBÉZIA_MOCUBA_MUGEBA,Mozambique,23.6815272160211,0.36057628501071193,REF_TRF
1139,28.391963122356778,MOZAMBIQUE_ZAMBÉZIA_MOCUBA_NAMANJAVIRA,Mozambique,28.75939551318236,0.36743239082558077,REF_TRF
1140,17.595470463208546,MOZAMBIQUE_ZAMBÉZIA_MOCUBELA_BAJONE,Mozambique,17.89358818736133,0.29811772415278526,REF_TRF
1141,21.179427716854654,MOZAMBIQUE_ZAMBÉZIA_MOCUBELA_MOCUBELA,Mozambique,21.501942422488703,0.32251470563404894,REF_TRF
1142,14.072778823943288,MOZAMBIQUE_ZAMBÉZIA_MOLUMBO_CORROMANA,Mozambique,14.450862999851449,0.37808417590816035,REF_TRF
1143,14.903361424586059,MOZAMBIQUE_ZAMBÉZIA_MOLUMBO_MOLUMBO SEDE,Mozambique,15.256129014096754,0.35276758951069453,REF_TRF
1144,24.442750438075578,MOZAMBIQUE_ZAMBÉZIA_MOPEIA_CAMPO,Mozambique,24.803119592093978,0.3603691540184002,REF_TRF
1145,23.86629340611457,MOZAMBIQUE_ZAMBÉZIA_MOPEIA_MOPEIA SEDE,Mozambique,24.23223935816763,0.36594595205306035,REF_TRF
1146,17.012220575634945,MOZAMBIQUE_ZAMBÉZIA_MORRUMBALA_CHIRE,Mozambique,17.386846420561827,0.3746258449268822,REF_TRF
1147,20.016549966305405,MOZAMBIQUE_ZAMBÉZIA_MORRUMBALA_MEGAZA,Mozambique,20.380182665995818,0.3636326996904131,REF_TRF
1148,22.232103619933078,MOZAMBIQUE_ZAMBÉZIA_MORRUMBALA_MORRUMBALA SEDE,Mozambique,22.6086738447679,0.37657022483482194,REF_TRF
1149,20.014460300574967,MOZAMBIQUE_ZAMBÉZIA_MULEVALA_CHIRACO,Mozambique,20.36229212086821,0.3478318202932442,REF_TRF
1150,21.374178736780877,MOZAMBIQUE_ZAMBÉZIA_MULEVALA_M BAUANE,Mozambique,21.734704513263512,0.3605257764826355,REF_TRF
1151,19.33411929416167,MOZAMBIQUE_ZAMBÉZIA_NAMACURRA_MACUSE,Mozambique,19.677781267325713,0.3436619731640427,REF_TRF
1152,28.287334870626367,MOZAMBIQUE_ZAMBÉZIA_NAMACURRA_MALEI,Mozambique,28.64049995770401,0.3531650870776417,REF_TRF
1153,23.079171513493307,MOZAMBIQUE_ZAMBÉZIA_NAMACURRA_NAMACURRA SEDE,Mozambique,23.424936957288587,0.34576544379527974,REF_TRF
1154,29.919701950881652,MOZAMBIQUE_ZAMBÉZIA_NAMARROI_NAMARROI,Mozambique,30.317191905646865,0.39748995476521287,REF_TRF
1155,21.61363215339533,MOZAMBIQUE_ZAMBÉZIA_NAMARROI_REGONE,Mozambique,21.977838362650296,0.3642062092549665,REF_TRF
1156,29.69212412661534,MOZAMBIQUE_ZAMBÉZIA_NICOADALA_MUNHONHA,Mozambique,30.0502539152384,0.3581297886230601,REF_TRF
1157,26.07430011102022,MOZAMBIQUE_ZAMBÉZIA_NICOADALA_NICOADALA SEDE,Mozambique,26.42014674020384,0.34584662918361886,REF_TRF
1158,19.629962890593067,MOZAMBIQUE_ZAMBÉZIA_PEBANE_MULELA,Mozambique,19.908806851122804,0.2788439605297377,REF_TRF
1159,20.279105180657083,MOZAMBIQUE_ZAMBÉZIA_PEBANE_NABURI,Mozambique,20.545310072851425,0.2662048921943416,REF_TRF
1160,18.28684904773201,MOZAMBIQUE_ZAMBÉZIA_PEBANE_PEBANE SEDE,Mozambique,18.57464471481427,0.28779566708226056,REF_TRF
1161,17.46382795988148,MOZAMBIQUE_ZAMBÉZIA_QUELIMANE_MAQUIVAL,Mozambique,17.830327263721536,0.3664993038400546,REF_TRF
1162,18.671787871079843,MOZAMBIQUE_ZAMBÉZIA_QUELIMANE_QUELIMANE,Mozambique,19.04110343514522,0.3693155640653778,REF_TRF
1163,14.528210427806101,MOZAMBIQUE_SOFALA_CIDADE DA BEIRA_INHAMIZUA,Mozambique,14.850666886069515,0.32245645826341374,REF_TRF
1164,9.40881517443907,MOZAMBIQUE_CABO DELGADO_QUISSANGA_QUISSANGA,Mozambique,9.492099189273848,0.08328401483477776,REF_TRF
1165,19.99091500363221,MOZAMBIQUE_ZAMBÉZIA_NICOADALA_NAMACATA,Mozambique,20.340749905361292,0.34983490172908205,REF_TRF
1166,11.224089420451751,NAMIBIA_ZAMBEZI_KABBE,Namibia,11.438141363910823,0.2140519434590722,REF_TRF
1167,12.10829350264779,NAMIBIA_ZAMBEZI_KATIMA MULILO RURAL,Namibia,12.322728246013684,0.21443474336589397,REF_TRF
1168,14.31263358009896,NAMIBIA_ZAMBEZI_KATIMA MULILO URBAN,Namibia,14.519801436020348,0.2071678559213872,REF_TRF
1169,9.545900993098982,NAMIBIA_ZAMBEZI_KONGOLA,Namibia,9.704405050804397,0.15850405770541443,REF_TRF
1170,10.518676226456236,NAMIBIA_ZAMBEZI_LINYANTI,Namibia,10.69199366535645,0.173317438900213,REF_TRF
1171,11.560635517456966,NAMIBIA_ZAMBEZI_SIBBINDA,Namibia,11.766555129634114,0.20591961217714783,REF_TRF
1172,2.2951591876067448,NAMIBIA_ERONGO_ARANDIS,Namibia,2.416548878093092,0.1213896904863474,REF_TRF
1173,2.7767086813427144,NAMIBIA_ERONGO_DAURES,Namibia,2.8900230578385457,0.11331437649583131,REF_TRF
1174,5.006788210839827,NAMIBIA_ERONGO_KARIBIB,Namibia,5.157892759496088,0.151104548656261,REF_TRF
1175,4.22788823858632,NAMIBIA_ERONGO_OMARURU,Namibia,4.359861603690541,0.13197336510422097,REF_TRF
1176,2.3045451815164224,NAMIBIA_ERONGO_SWAKOPMUND,Namibia,2.4381688290267554,0.13362364751033295,REF_TRF
1177,2.744224297230567,NAMIBIA_ERONGO_WALVIS BAY RURAL,Namibia,2.881132121616867,0.1369078243863,REF_TRF
1178,2.4935131931136216,NAMIBIA_ERONGO_WALVIS BAY URBAN,Namibia,2.6212369004176903,0.12772370730406868,REF_TRF
1179,2.9636057053780225,NAMIBIA_HARDAP_GIBEON,Namibia,3.1290362618481558,0.16543055647013327,REF_TRF
1180,4.034884077509772,NAMIBIA_HARDAP_MARIENTAL RURAL,Namibia,4.269008587685479,0.23412451017570746,REF_TRF
1181,3.656691327517506,NAMIBIA_HARDAP_MARIENTAL URBAN,Namibia,3.853713215231001,0.19702188771349505,REF_TRF
1182,4.001854371683281,NAMIBIA_HARDAP_REHOBOTH RURAL,Namibia,4.1792157489723945,0.17736137728911316,REF_TRF
1183,6.217526670674223,NAMIBIA_HARDAP_REHOBOTH URBAN EAST,Namibia,6.4154975150849705,0.1979708444107473,REF_TRF
1184,6.287280409885567,NAMIBIA_HARDAP_REHOBOTH URBAN WEST,Namibia,6.48380279056795,0.19652238068238237,REF_TRF
1185,2.8088762798029427,NAMIBIA_//KARAS_BERSEBA,Namibia,3.03730392199169,0.22842764218874745,REF_TRF
1186,3.2701787930962327,NAMIBIA_//KARAS_KARASBURG,Namibia,3.578383338955945,0.30820454585971246,REF_TRF
1187,3.783502140475945,NAMIBIA_//KARAS_KEETMANSHOOP RURAL,Namibia,4.077103809928312,0.2936016694523671,REF_TRF
1188,3.29497590526221,NAMIBIA_//KARAS_KEETMANSHOOP URBAN,Namibia,3.5566900060406135,0.2617141007784034,REF_TRF
1189,2.2179038856156694,NAMIBIA_//KARAS_LUDERITZ,Namibia,2.404280861090692,0.18637697547502263,REF_TRF
1190,2.2617095468827926,NAMIBIA_//KARAS_ORANJEMUND,Namibia,2.4886998698245666,0.22699032294177401,REF_TRF
1191,7.193348156030945,NAMIBIA_KAVANGO EAST_MASHARE,Namibia,7.334397690712374,0.14104953468142867,REF_TRF
1192,8.399840129480808,NAMIBIA_KAVANGO EAST_MUKWE,Namibia,8.530116861677943,0.1302767321971352,REF_TRF
1193,8.274401434836122,NAMIBIA_KAVANGO EAST_NDIYONA,Namibia,8.407636588684387,0.1332351538482648,REF_TRF
1194,7.567427614235276,NAMIBIA_KAVANGO EAST_RUNDU RURAL WEST,Namibia,7.70030243231842,0.1328748180831436,REF_TRF
1195,7.2229039831117525,NAMIBIA_KAVANGO EAST_RUNDU URBAN,Namibia,7.348686016670977,0.1257820335592248,REF_TRF
1196,7.2115171512927,NAMIBIA_KAVANGO EAST_RUNDU RURAL EAST,Namibia,7.341001684810405,0.12948453351770528,REF_TRF
1197,8.779616055597186,NAMIBIA_KHOMAS_TOBIAS HAINYEKO,Namibia,9.006979404174995,0.22736334857780882,REF_TRF
1198,9.20317391685363,NAMIBIA_KHOMAS_KATUTURA CENTRAL,Namibia,9.437330080255768,0.23415616340213674,REF_TRF
1199,9.011415417850118,NAMIBIA_KHOMAS_KATUTURA EAST,Namibia,9.24864921506852,0.23723379721840132,REF_TRF
1200,9.390928878182459,NAMIBIA_KHOMAS_KHOMASDAL NORTH,Namibia,9.682486722110394,0.2915578439279347,REF_TRF
1201,8.873777093870643,NAMIBIA_KHOMAS_SOWETO,Namibia,9.130289310304684,0.2565122164340412,REF_TRF
1202,8.735244144944,NAMIBIA_KHOMAS_SAMORA MACHEL,Namibia,9.046828922006435,0.3115847770624356,REF_TRF
1203,11.42602409021801,NAMIBIA_KHOMAS_WINDHOEK EAST,Namibia,11.638418043311034,0.21239395309302367,REF_TRF
1204,4.728877356184031,NAMIBIA_KHOMAS_WINDHOEK RURAL,Namibia,4.9384256655979835,0.20954830941395208,REF_TRF
1205,11.274558152318114,NAMIBIA_KHOMAS_WINDHOEK WEST,Namibia,11.533279556451209,0.2587214041330945,REF_TRF
1206,7.92954176201725,NAMIBIA_KHOMAS_MOSES //GAROEB,Namibia,8.168373841532917,0.23883207951566732,REF_TRF
1207,2.1788107924646605,NAMIBIA_KUNENE_EPUPA,Namibia,2.2473304306671187,0.06851963820245821,REF_TRF
1208,4.633014628382126,NAMIBIA_KUNENE_KAMANAJB,Namibia,4.73945976443851,0.10644513605638384,REF_TRF
1209,2.699855584566492,NAMIBIA_KUNENE_KHORIXAS,Namibia,2.7920416711797937,0.09218608661330174,REF_TRF
1210,2.797391060833333,NAMIBIA_KUNENE_OPUWO,Namibia,2.8687124641815895,0.07132140334825632,REF_TRF
1211,5.24572962634519,NAMIBIA_KUNENE_OUTJO,Namibia,5.361489312703671,0.11575968635848088,REF_TRF
1212,2.3436815294887996,NAMIBIA_KUNENE_SESFONTEIN,Namibia,2.426700976534873,0.08301944704607322,REF_TRF
1213,5.34508408846418,NAMIBIA_OHANGWENA_EENHANA,Namibia,5.48997489038172,0.14489080191753967,REF_TRF
1214,4.752869364358936,NAMIBIA_OHANGWENA_ENDOLA,Namibia,4.88739972175927,0.13453035740033403,REF_TRF
1215,4.613074819930697,NAMIBIA_OHANGWENA_ENGELA,Namibia,4.744798730961411,0.131723911030714,REF_TRF
1216,5.3350850552696265,NAMIBIA_OHANGWENA_EPEMBE,Namibia,5.479525968998855,0.14444091372922863,REF_TRF
1217,4.791759873919872,NAMIBIA_OHANGWENA_OHANGWENA,Namibia,4.925317288158573,0.13355741423870082,REF_TRF
1218,5.378408713120424,NAMIBIA_OHANGWENA_OKONGO,Namibia,5.505786556522587,0.1273778434021624,REF_TRF
1219,6.534514919790514,NAMIBIA_OHANGWENA_OMUNDAUNGILO,Namibia,6.684498104946973,0.1499831851564597,REF_TRF
1220,5.504614455777485,NAMIBIA_OHANGWENA_ONDOBE,Namibia,5.645452081833364,0.14083762605587857,REF_TRF
1221,4.356296538191248,NAMIBIA_OHANGWENA_ONGENGA,Namibia,4.483515022333343,0.12721848414209447,REF_TRF
1222,5.238191922492431,NAMIBIA_OHANGWENA_OSHIKANGO,Namibia,5.373066996754644,0.13487507426221246,REF_TRF
1223,4.92769163232186,NAMIBIA_OHANGWENA_OMULONGA,Namibia,5.067472043701235,0.13978041137937502,REF_TRF
1224,4.8398778470053045,NAMIBIA_OMAHEKE_AMINUIS,Namibia,5.058349728690097,0.2184718816847928,REF_TRF
1225,5.43142690153534,NAMIBIA_OMAHEKE_GOBABIS,Namibia,5.621308697106997,0.18988179557165719,REF_TRF
1226,5.2256445631310005,NAMIBIA_OMAHEKE_KALAHARI,Namibia,5.424477264345602,0.1988327012146014,REF_TRF
1227,4.770114756669115,NAMIBIA_OMAHEKE_OTJINENE,Namibia,4.928749091385427,0.15863433471631172,REF_TRF
1228,5.260641529082195,NAMIBIA_OMAHEKE_OTJOMBINDE,Namibia,5.454817339925694,0.19417581084349944,REF_TRF
1229,4.9276832417024705,NAMIBIA_OMAHEKE_STEINHAUSEN,Namibia,5.09967425944339,0.17199101774091918,REF_TRF
1230,5.02989734453155,NAMIBIA_OMAHEKE_EPUKIRO,Namibia,5.199184214180515,0.1692868696489649,REF_TRF
1231,3.8510743843780917,NAMIBIA_OMUSATI_ANAMULENGE,Namibia,3.970286417476477,0.11921203309838546,REF_TRF
1232,4.024942160202439,NAMIBIA_OMUSATI_ELIM,Namibia,4.150870111019969,0.1259279508175295,REF_TRF
1233,4.408042246830297,NAMIBIA_OMUSATI_ETAYI,Namibia,4.53534745396451,0.12730520713421356,REF_TRF
1234,3.8835016379927785,NAMIBIA_OMUSATI_OGONGO,Namibia,4.003304824076819,0.11980318608404072,REF_TRF
1235,3.6185335995531007,NAMIBIA_OMUSATI_OKAHAO,Namibia,3.7335056219052336,0.11497202235213289,REF_TRF
1236,3.9794233393310767,NAMIBIA_OMUSATI_OKALONGO,Namibia,4.10115343904402,0.12173009971294313,REF_TRF
1237,3.3698955688025802,NAMIBIA_OMUSATI_ONESI,Namibia,3.4788960215857814,0.10900045278320114,REF_TRF
1238,4.070839175511396,NAMIBIA_OMUSATI_OSHIKUKU,Namibia,4.196190349808063,0.1253511742966671,REF_TRF
1239,3.670051990676323,NAMIBIA_OMUSATI_OUTAPI,Namibia,3.787134991051019,0.11708300037469588,REF_TRF
1240,3.1941823942413516,NAMIBIA_OMUSATI_RUACANA,Namibia,3.297571796988918,0.10338940274756636,REF_TRF
1241,4.20486410756601,NAMIBIA_OMUSATI_TSANDI,Namibia,4.320087226217188,0.11522311865117807,REF_TRF
1242,4.19098154852714,NAMIBIA_OMUSATI_OTAMANZI,Namibia,4.3171162656118005,0.1261347170846605,REF_TRF
1243,4.724478882966864,NAMIBIA_OSHANA_OKAKU,Namibia,4.867962618445718,0.1434837354788545,REF_TRF
1244,4.40040756713216,NAMIBIA_OSHANA_OKATANA,Namibia,4.536133241773438,0.13572567464127783,REF_TRF
1245,4.373541860084272,NAMIBIA_OSHANA_OKATJALI,Namibia,4.51558227885876,0.14204041877448859,REF_TRF
1246,4.256762782468544,NAMIBIA_OSHANA_OMPUNDJA,Namibia,4.396301652572272,0.13953887010372767,REF_TRF
1247,4.681191612313951,NAMIBIA_OSHANA_ONDANGWA,Namibia,4.82831415636776,0.14712254405380953,REF_TRF
1248,4.6089002830116534,NAMIBIA_OSHANA_ONGWEDIVA,Namibia,4.752428719415719,0.14352843640406565,REF_TRF
1249,4.4695447518093925,NAMIBIA_OSHANA_OSHAKATI EAST,Namibia,4.611470001467538,0.14192524965814535,REF_TRF
1250,4.4813523029964175,NAMIBIA_OSHANA_OSHAKATI WEST,Namibia,4.620082507840532,0.1387302048441148,REF_TRF
1251,4.691085839105108,NAMIBIA_OSHANA_UUKWIYU,Namibia,4.840858530211174,0.14977269110606617,REF_TRF
1252,4.37736498253679,NAMIBIA_OSHANA_UUVUDHIYA,Namibia,4.510004581196348,0.13263959865955854,REF_TRF
1253,5.600585005190894,NAMIBIA_OSHIKOTO_EENGONDI,Namibia,5.732547549813536,0.13196254462264267,REF_TRF
1254,5.255893270508981,NAMIBIA_OSHIKOTO_GUINAS,Namibia,5.37410261309644,0.11820934258745908,REF_TRF
1255,4.749562010671166,NAMIBIA_OSHIKOTO_OKANKOLO,Namibia,4.866942627493015,0.11738061682184853,REF_TRF
1256,4.683570554205018,NAMIBIA_OSHIKOTO_OLUKONDA,Namibia,4.826885885842171,0.1433153316371527,REF_TRF
1257,4.495458520557039,NAMIBIA_OSHIKOTO_OMUNTELE,Namibia,4.634682147706542,0.13922362714950243,REF_TRF
1258,4.363982367079244,NAMIBIA_OSHIKOTO_OMUTHIYAGWIIPUNDI,Namibia,4.4854306546341896,0.12144828755494519,REF_TRF
1259,4.849538408406994,NAMIBIA_OSHIKOTO_ONAYENA,Namibia,4.991726778247189,0.1421883698401949,REF_TRF
1260,4.827089113794953,NAMIBIA_OSHIKOTO_ONIIPA,Namibia,4.972547312998822,0.14545819920386904,REF_TRF
1261,4.7410584047881095,NAMIBIA_OSHIKOTO_ONYAANYA,Namibia,4.881837865313213,0.1407794605251036,REF_TRF
1262,7.326795150921689,NAMIBIA_OSHIKOTO_TSUMEB,Namibia,7.469093841577186,0.1422986906554966,REF_TRF
1263,5.423060270531958,NAMIBIA_OTJOZONDJUPA_GROOTFONTEIN,Namibia,5.559517453265025,0.13645718273306695,REF_TRF
1264,5.492991210800582,NAMIBIA_OTJOZONDJUPA_OKAHANDJA,Namibia,5.6538451418271745,0.16085393102659218,REF_TRF
1265,4.91431862401382,NAMIBIA_OTJOZONDJUPA_OKAKARARA,Namibia,5.061151014532383,0.14683239051856312,REF_TRF
1266,4.857986345108389,NAMIBIA_OTJOZONDJUPA_OMATAKO,Namibia,5.009204718710768,0.15121837360237844,REF_TRF
1267,5.457617404878258,NAMIBIA_OTJOZONDJUPA_OTAVI,Namibia,5.585031565732895,0.12741416085463708,REF_TRF
1268,4.297367904134574,NAMIBIA_OTJOZONDJUPA_OTJIWARONGO,Namibia,4.422179859580652,0.12481195544607804,REF_TRF
1269,6.368107694357842,NAMIBIA_OTJOZONDJUPA_TSUMKWE,Namibia,6.528302898498834,0.16019520414099198,REF_TRF
1270,6.22365796325015,NAMIBIA_KAVANGO WEST_KAHENGE,Namibia,6.342737341719204,0.11907937846905359,REF_TRF
1271,7.153375434341923,NAMIBIA_KAVANGO WEST_KAPAKO,Namibia,7.283044970635649,0.12966953629372568,REF_TRF
1272,8.367917103773182,NAMIBIA_KAVANGO WEST_MPUNGU,Namibia,8.498309198653029,0.1303920948798467,REF_TRF
1273,6.273385120830925,Buffalo City (BUF),South Africa,7.120267932636159,0.8468828118052336,REF_TRF
1274,4.622589959697445,City of Cape Town (CPT),South Africa,5.426502776051685,0.8039128163542406,REF_TRF
1275,7.30605220293906,Camdeboo/Ikwezi/Baviaans (EC101),South Africa,8.048057261329948,0.7420050583908875,REF_TRF
1276,5.902913721981129,Blue Crane Rout/ie (EC102),South Africa,6.72590947182308,0.8229957498419509,REF_TRF
1277,5.669599661310772,Makana (EC104),South Africa,6.474737116160703,0.8051374548499304,REF_TRF
1278,4.8183658674057694,Ndlambe (EC105),South Africa,5.544007822002913,0.725641954597144,REF_TRF
1279,7.4488795690210265,Sundays River Valley (EC106),South Africa,8.225997509930792,0.7771179409097657,REF_TRF
1280,5.595519643262474,Kouga (EC108),South Africa,6.242497032520676,0.6469773892582023,REF_TRF
1281,6.140395250772608,Kou-Kamma (EC109),South Africa,6.724466793402646,0.5840715426300385,REF_TRF
1282,7.27847136196306,Mbhashe (EC121),South Africa,8.319714330647239,1.0412429686841786,REF_TRF
1283,7.348298466850489,Mnquma (EC122),South Africa,8.319910260102223,0.9716117932517339,REF_TRF
1284,6.834032399441909,Great Kei (EC123),South Africa,7.782433558907957,0.948401159466048,REF_TRF
1285,7.147808632450152,Amahlathi (EC124),South Africa,8.064360913262675,0.9165522808125228,REF_TRF
1286,5.548535980174604,Ngqushwa (EC126),South Africa,6.3393597231335,0.7908237429588958,REF_TRF
1287,6.933783819131018,Nkonkobe/Nxuba (EC129),South Africa,7.823455669780961,0.8896718506499433,REF_TRF
1288,6.1622244405363915,Inxuba Yethemba (EC131),South Africa,6.955525752556753,0.7933013120203611,REF_TRF
1289,7.9133842918800665,Intsika Yethu (EC135),South Africa,8.918732980416369,1.0053486885363023,REF_TRF
1290,7.849999500223575,Emalahleni (EC136),South Africa,8.828929626615986,0.9789301263924113,REF_TRF
1291,10.790628205558047,Engcobo (EC137),South Africa,11.790657898965751,1.0000296934077042,REF_TRF
1292,9.838262704972498,Sakhisizwe (EC138),South Africa,10.947547878319584,1.1092851733470859,REF_TRF
1293,7.080354265168364,Tsolwana/Inkwanca/Lukanji (EC139),South Africa,7.973384495106383,0.8930302299380184,REF_TRF
1294,10.083361409339965,Elundini (EC141),South Africa,11.28699154465905,1.2036301353190861,REF_TRF
1295,8.781897123393376,Senqu (EC142),South Africa,9.87882188865987,1.0969247652664933,REF_TRF
1296,7.503664312150011,Maletswai/Gariep (EC145),South Africa,8.431691641975336,0.9280273298253245,REF_TRF
1297,8.993527946991007,Ngquza Hill (EC153),South Africa,10.3762887701176,1.3827608231265938,REF_TRF
1298,8.13881482467005,Port St Johns (EC154),South Africa,9.333227035974549,1.194412211304499,REF_TRF
1299,9.094834056504281,Nyandeni (EC155),South Africa,10.255227461949833,1.1603934054455518,REF_TRF
1300,10.576733847156119,Mhlontlo (EC156),South Africa,11.859332088833902,1.2825982416777837,REF_TRF
1301,8.386789503066124,King Sabata Dalindyebo (EC157),South Africa,9.457883160625816,1.0710936575596914,REF_TRF
1302,10.022433184320116,Matatiele (EC441),South Africa,11.380752619287167,1.3583194349670507,REF_TRF
1303,10.141949638532818,Umzimvubu (EC442),South Africa,11.534490076912922,1.392540438380104,REF_TRF
1304,9.623272446555493,Mbizana (EC443),South Africa,11.159637251248409,1.5363648046929157,REF_TRF
1305,10.744104262661363,Ntabankulu (EC444),South Africa,12.113392020471267,1.3692877578099036,REF_TRF
1306,30.679217401611186,Ekurhuleni (EKU),South Africa,33.3583861031569,2.6791687015457164,REF_TRF
1307,14.280682292617723,eThekwini (ETH),South Africa,16.192336909410106,1.911654616792383,REF_TRF
1308,7.897749161065757,Letsemeng (FS161),South Africa,8.769045575990603,0.8712964149248457,REF_TRF
1309,8.16400710820205,Kopanong (FS162),South Africa,9.167076159456704,1.0030690512546538,REF_TRF
1310,8.739268728273196,Mohokare (FS163),South Africa,9.873961578974994,1.1346928507017982,REF_TRF
1311,9.812734643033224,Masilonyana (FS181),South Africa,11.089944109909819,1.2772094668765952,REF_TRF
1312,8.102300571145365,Tokologo (FS182),South Africa,9.081318445581134,0.9790178744357689,REF_TRF
1313,9.211183483390583,Tswelopele (FS183),South Africa,10.422179900681495,1.2109964172909127,REF_TRF
1314,11.651714878796184,Matjhabeng (FS184),South Africa,13.146466820555318,1.4947519417591337,REF_TRF
1315,10.811397955463667,Nala (FS185),South Africa,12.324144239903557,1.5127462844398902,REF_TRF
1316,11.925954483537401,Setsoto (FS191),South Africa,13.35756752454148,1.4316130410040788,REF_TRF
1317,14.762374186634634,Dihlabeng (FS192),South Africa,16.402740447392947,1.640366260758313,REF_TRF
1318,16.198904838946454,Nketoana (FS193),South Africa,18.12725837419285,1.9283535352463943,REF_TRF
1319,18.763911224065538,Maluti a Phofung (FS194),South Africa,20.61315579481764,1.8492445707521021,REF_TRF
1320,20.84756262849809,Phumelela (FS195),South Africa,22.80505841120028,1.9574957827021926,REF_TRF
1321,10.499595792274011,Mantsopa (FS196),South Africa,11.747087851287278,1.2474920590132665,REF_TRF
1322,12.968085054310603,Moqhaka (FS201),South Africa,14.892324514929218,1.9242394606186153,REF_TRF
1323,17.22159292522425,Ngwathe (FS203),South Africa,19.48425826202185,2.2626653367975997,REF_TRF
1324,19.937147436184333,Metsimaholo (FS204),South Africa,22.308338221052658,2.3711907848683254,REF_TRF
1325,20.196939450297034,Mafube (FS205),South Africa,22.409775190962115,2.2128357406650814,REF_TRF
1326,29.676333053923273,Emfuleni (GT421),South Africa,32.17987171854164,2.503538664618368,REF_TRF
1327,22.844417619029315,Midvaal (GT422),South Africa,25.512829862455266,2.6684122434259514,REF_TRF
1328,22.897874226846927,Lesedi (GT423),South Africa,25.391606446340596,2.493732219493669,REF_TRF
1329,33.20658180672817,Mogale City (GT481),South Africa,36.45781675255102,3.2512349458228513,REF_TRF
1330,26.449153287138067,Merafong City (GT484),South Africa,29.763658933018633,3.3145056458805655,REF_TRF
1331,40.08252127797144,New (GT485),South Africa,43.37376443555532,3.291243157583885,REF_TRF
1332,35.20730871801937,City of Johannesburg (JHB),South Africa,38.31706051146947,3.1097517934501013,REF_TRF
1333,11.792597667854004,Umdoni (KZN212),South Africa,13.902164256277567,2.1095665884235633,REF_TRF
1334,10.440384755435467,Umzumbe (KZN213),South Africa,12.299823752120103,1.859438996684636,REF_TRF
1335,10.511774476492224,uMuziwabantu (KZN214),South Africa,12.095648089760942,1.5838736132687181,REF_TRF
1336,8.942002808407956,Hibiscus Coast (KZN216),South Africa,10.540718601466258,1.598715793058302,REF_TRF
1337,18.959207945809247,uMshwathi (KZN221),South Africa,21.310397591978766,2.3511896461695194,REF_TRF
1338,16.91963298398465,uMngeni (KZN222),South Africa,19.195106793615835,2.275473809631187,REF_TRF
1339,17.587364864704398,Mpofana (KZN223),South Africa,19.8622716691399,2.2749068044355027,REF_TRF
1340,14.256160609271411,Impendle (KZN224),South Africa,16.216260716346017,1.9601001070746058,REF_TRF
1341,15.476829106588031,The Msunduzi (KZN225),South Africa,17.522761814442184,2.0459327078541527,REF_TRF
1342,15.666766256170312,Mkhambathini (KZN226),South Africa,17.556678860755774,1.8899126045854615,REF_TRF
1343,14.751741523851024,Richmond (KZN227),South Africa,16.8609119324056,2.1091704085545757,REF_TRF
1344,17.844709472230875,Okhahlamba (KZN235),South Africa,19.849764625566227,2.005055153335352,REF_TRF
1345,17.73602358608466,New (KZN237),South Africa,19.932569744231436,2.196546158146777,REF_TRF
1346,17.958734407248848,New (KZN238),South Africa,20.20845043630203,2.2497160290531824,REF_TRF
1347,16.572130565941226,Endumeni (KZN241),South Africa,18.42246807124694,1.8503375053057134,REF_TRF
1348,13.736640303656408,Nqutu (KZN242),South Africa,15.297355053824054,1.5607147501676462,REF_TRF
1349,16.775039096308305,Msinga (KZN244),South Africa,18.908777897892733,2.1337388015844283,REF_TRF
1350,15.097518217977331,Umvoti (KZN245),South Africa,16.972324021675895,1.874805803698564,REF_TRF
1351,21.656342460332404,Newcastle (KZN252),South Africa,23.72520418354981,2.068861723217406,REF_TRF
1352,17.97418863681462,Emadlangeni (KZN253),South Africa,19.6454429267987,1.6712542899840805,REF_TRF
1353,25.994583427374202,Dannhauser (KZN254),South Africa,28.127489945994707,2.132906518620505,REF_TRF
1354,14.860617358569026,eDumbe (KZN261),South Africa,16.223150250670745,1.3625328921017186,REF_TRF
1355,11.766624489635213,uPhongolo (KZN262),South Africa,12.93697062854791,1.1703461389126968,REF_TRF
1356,13.131515754986593,Abaqulusi (KZN263),South Africa,14.468787592036028,1.3372718370494354,REF_TRF
1357,9.85021567530254,Nongoma (KZN265),South Africa,10.993764159370626,1.143548484068086,REF_TRF
1358,12.20689542977017,Ulundi (KZN266),South Africa,13.593210182509756,1.386314752739585,REF_TRF
1359,8.672954898747388,Umhlabuyalingana (KZN271),South Africa,9.589443623429343,0.9164887246819546,REF_TRF
1360,9.494420222264951,Jozini (KZN272),South Africa,10.506475086125493,1.0120548638605413,REF_TRF
1361,7.976941637607693,Mtubatuba (KZN275),South Africa,9.042536744635198,1.0655951070275052,REF_TRF
1362,8.221242562765681,New (KZN276),South Africa,9.281991037117752,1.0607484743520708,REF_TRF
1363,9.076213119848504,Mfolozi (KZN281),South Africa,10.267550911690915,1.191337791842411,REF_TRF
1364,9.093759888539049,uMhlathuze (KZN282),South Africa,10.417464302666218,1.3237044141271692,REF_TRF
1365,11.284173934490513,uMlalazi (KZN284),South Africa,12.831666603834442,1.5474926693439297,REF_TRF
1366,11.867087025993033,Mthonjaneni (KZN285),South Africa,13.282939974927313,1.4158529489342797,REF_TRF
1367,13.360480454031933,Nkandla (KZN286),South Africa,14.97228559219421,1.6118051381622767,REF_TRF
1368,10.488378874566568,Mandeni (KZN291),South Africa,12.118503492870783,1.6301246183042153,REF_TRF
1369,11.237426024758454,KwaDukuza (KZN292),South Africa,13.171356518012582,1.9339304932541275,REF_TRF
1370,12.826015259279657,Ndwedwe (KZN293),South Africa,14.670752186615136,1.8447369273354788,REF_TRF
1371,13.410445129862634,Maphumulo (KZN294),South Africa,15.22673470288511,1.8162895730224768,REF_TRF
1372,11.240859225352764,Greater Kokstad (KZN433),South Africa,12.757793481414183,1.5169342560614183,REF_TRF
1373,12.552014183526287,Ubuhlebezwe (KZN434),South Africa,14.47459376893258,1.922579585406293,REF_TRF
1374,12.2344570990593,Umzimkhulu (KZN435),South Africa,13.879105450016292,1.6446483509569916,REF_TRF
1375,15.663334348507387,New (KZN436),South Africa,17.523867754330148,1.8605334058227605,REF_TRF
1376,11.615633573828136,Greater Giyani (LIM331),South Africa,12.542425947736096,0.9267923739079595,REF_TRF
1377,18.230784499878467,Greater Letaba (LIM332),South Africa,19.099583465301325,0.8687989654228581,REF_TRF
1378,15.760459960453293,Greater Tzaneen (LIM333),South Africa,16.807319157660697,1.0468591972074037,REF_TRF
1379,12.0891460704594,Ba-Phalaborwa (LIM334),South Africa,13.339391808133945,1.250245737674545,REF_TRF
1380,13.581579468582095,Maruleng (LIM335),South Africa,14.808434526686352,1.226855058104256,REF_TRF
1381,12.920898124078958,Musina (LIM341),South Africa,13.461998220723622,0.541100096644664,REF_TRF
1382,13.694728164761901,Thulamela (LIM343),South Africa,14.56588549724852,0.871157332486618,REF_TRF
1383,11.711775227137748,Makhado (LIM344),South Africa,12.371771696966915,0.6599964698291672,REF_TRF
1384,10.93751905293699,New (LIM345),South Africa,11.801085705231312,0.8635666522943222,REF_TRF
1385,10.863375924059142,Blouberg (LIM351),South Africa,11.507678274174848,0.6443023501157068,REF_TRF
1386,11.836939115134934,Molemole (LIM353),South Africa,12.682529444649646,0.845590329514712,REF_TRF
1387,13.466837840405695,Polokwane (LIM354),South Africa,14.495212376639447,1.028374536233752,REF_TRF
1388,13.079036875497689,Lepele-Nkumpi (LIM355),South Africa,14.204953717844635,1.1259168423469461,REF_TRF
1389,14.70595730677973,Thabazimbi (LIM361),South Africa,15.943312334189574,1.2373550274098442,REF_TRF
1390,11.752859237520024,Lephalale (LIM362),South Africa,12.666499602653415,0.9136403651333911,REF_TRF
1391,18.918597171230953,Bela-Bela (LIM366),South Africa,20.6994431712648,1.780846000033847,REF_TRF
1392,13.455493748113781,Mogalakwena (LIM367),South Africa,14.464667936379616,1.0091741882658347,REF_TRF
1393,16.77693117200657,Modimolle/Mookgophong (LIM368),South Africa,18.25748873141073,1.4805575594041613,REF_TRF
1394,18.11029636470543,Ephraim Mogale (LIM471),South Africa,19.661322931557176,1.5510265668517462,REF_TRF
1395,21.05033165020641,Elias Motsoaledi (LIM472),South Africa,22.92666059361413,1.8763289434077208,REF_TRF
1396,15.028687770691167,Makhuduthamaga (LIM473),South Africa,16.38506020105451,1.3563724303633435,REF_TRF
1397,15.624616986727027,Greater Tubatse/Fetakgomo (LIM476),South Africa,16.9324037052495,1.3077867185224719,REF_TRF
1398,9.129795565102597,Mangaung (MAN),South Africa,10.288672650185703,1.1588770850831054,REF_TRF
1399,18.419045627500765,Chief Albert Luthuli (MP301),South Africa,20.103193525316353,1.6841478978155884,REF_TRF
1400,22.372611388471746,Msukaligwa (MP302),South Africa,24.245675342638354,1.8730639541666072,REF_TRF
1401,15.799021436801182,Mkhondo (MP303),South Africa,17.28248148506115,1.4834600482599694,REF_TRF
1402,21.815104463432107,Dr Pixley Ka Isaka Seme (MP304),South Africa,23.574704918945745,1.7596004555136382,REF_TRF
1403,24.51720327098493,Lekwa (MP305),South Africa,26.63308487664099,2.1158816056560603,REF_TRF
1404,21.315159135122535,Dipaleseng (MP306),South Africa,23.797526907717533,2.4823677725949977,REF_TRF
1405,26.236779361048242,Govan Mbeki (MP307),South Africa,28.56642472149509,2.329645360446847,REF_TRF
1406,27.292421877140292,Victor Khanye (MP311),South Africa,29.8391756388622,2.5467537617219094,REF_TRF
1407,27.310648700133783,Emalahleni (MP312),South Africa,29.81541407885102,2.504765378717238,REF_TRF
1408,24.62693438746067,Steve Tshwete (MP313),South Africa,26.961883914978184,2.334949527517516,REF_TRF
1409,18.396840914329935,Emakhazeni (MP314),South Africa,20.218473047075204,1.8216321327452683,REF_TRF
1410,25.49972786371557,Thembisile (MP315),South Africa,27.732689410958887,2.232961547243317,REF_TRF
1411,18.426720492133057,Dr JS Moroka (MP316),South Africa,20.15612909668957,1.729408604556511,REF_TRF
1412,18.692001996267493,Thaba Chweu (MP321),South Africa,20.254581695767264,1.5625796994997714,REF_TRF
1413,11.932878409055313,Nkomazi (MP324),South Africa,13.180563108097754,1.2476846990424413,REF_TRF
1414,11.471307136617568,Bushbuckridge (MP325),South Africa,12.686981034568607,1.2156738979510386,REF_TRF
1415,18.803812663361164,Mbombela/Umjindi (MP326),South Africa,20.358957896470667,1.5551452331095028,REF_TRF
1416,2.3772059320908796,Richtersveld (NC061),South Africa,2.618043180715355,0.2408372486244752,REF_TRF
1417,2.7914777935494466,Nama Khoi (NC062),South Africa,3.062651628961793,0.2711738354123465,REF_TRF
1418,3.2800068768834882,Kamiesberg (NC064),South Africa,3.574118676421658,0.2941117995381699,REF_TRF
1419,4.558673599279368,Hantam (NC065),South Africa,5.031358832108181,0.4726852328288125,REF_TRF
1420,3.34242767681722,Karoo Hoogland (NC066),South Africa,3.7517923617157916,0.4093646848985717,REF_TRF
1421,3.132297240493369,Khâi-Ma (NC067),South Africa,3.4630965941482565,0.33079935365488744,REF_TRF
1422,4.531837007722576,Ubuntu (NC071),South Africa,5.077038460838684,0.5452014531161078,REF_TRF
1423,6.703461946875771,Umsobomvu (NC072),South Africa,7.5089772450038,0.8055152981280296,REF_TRF
1424,5.490144898543182,Emthanjeni (NC073),South Africa,6.147443161994901,0.657298263451719,REF_TRF
1425,4.355075382971603,Kareeberg (NC074),South Africa,4.83832972484022,0.4832543418686166,REF_TRF
1426,6.894315155752145,Renosterberg (NC075),South Africa,7.650505391096842,0.7561902353446968,REF_TRF
1427,6.118815369550107,Thembelihle (NC076),South Africa,6.7908291072628755,0.6720137377127688,REF_TRF
1428,5.2941711252607595,Siyathemba (NC077),South Africa,5.847143776226364,0.5529726509656046,REF_TRF
1429,6.2630164985769685,Siyancuma (NC078),South Africa,6.9383183916568365,0.675301893079868,REF_TRF
1430,3.9787492779148184,Kai !Garib (NC082),South Africa,4.366791002576662,0.3880417246618433,REF_TRF
1431,4.706059711568397,!Kheis (NC084),South Africa,5.182999151795493,0.47693944022709633,REF_TRF
1432,6.558109712145889,Tsantsabane (NC085),South Africa,7.153777637182197,0.5956679250363077,REF_TRF
1433,7.718367881316414,Kgatelopele (NC086),South Africa,8.44833272938606,0.7299648480696455,REF_TRF
1434,4.5638642850102995,//Khara Hais/Mier (NC087),South Africa,4.995027776822277,0.43116349181197755,REF_TRF
1435,7.595959990853699,Sol Plaatjie (NC091),South Africa,8.406231822368532,0.8102718315148332,REF_TRF
1436,7.760086971871672,Dikgatlong (NC092),South Africa,8.56020491206068,0.8001179401890077,REF_TRF
1437,8.164076958396398,Magareng (NC093),South Africa,9.089956556530025,0.9258795981336263,REF_TRF
1438,8.631203553623157,Phokwane (NC094),South Africa,9.597441391502327,0.9662378378791701,REF_TRF
1439,7.2374787253003925,Joe Morolong (NC451),South Africa,7.943405387135913,0.7059266618355204,REF_TRF
1440,8.196722227668582,Ga-Segonyana (NC452),South Africa,8.976681456836765,0.7799592291681829,REF_TRF
1441,8.324873829743998,Gamagara (NC453),South Africa,9.052164041201253,0.7272902114572553,REF_TRF
1442,6.556187166227556,Nelson Mandela Bay (NMA),South Africa,7.2902099545319565,0.7340227883044008,REF_TRF
1443,23.757507492172724,Moretele (NW371),South Africa,25.688395358343577,1.9308878661708526,REF_TRF
1444,23.53477102730437,Local Municipality of Madibeng (NW372),South Africa,25.565870197594293,2.0310991702899237,REF_TRF
1445,25.999279839920185,Rustenburg (NW373),South Africa,28.243298258428332,2.2440184185081478,REF_TRF
1446,20.402749355031666,Kgetlengrivier (NW374),South Africa,22.595749122887362,2.192999767855696,REF_TRF
1447,17.93999245974625,Moses Kotane (NW375),South Africa,19.570463951160676,1.6304714914144256,REF_TRF
1448,11.807380041739528,Ratlou (NW381),South Africa,12.996587387807818,1.1892073460682901,REF_TRF
1449,12.595168997304269,Tswaing (NW382),South Africa,14.312177503809927,1.7170085065056586,REF_TRF
1450,13.695788473035508,Mafikeng (NW383),South Africa,15.14156205954563,1.4457735865101213,REF_TRF
1451,15.611658675090114,Ditsobotla (NW384),South Africa,17.59845143471315,1.9867927596230377,REF_TRF
1452,14.903807233155304,Ramotshere Moiloa (NW385),South Africa,16.262566394904457,1.3587591617491537,REF_TRF
1453,9.859906100168605,Naledi (NW392),South Africa,11.036274933904284,1.1763688337356797,REF_TRF
1454,10.092769283698766,Mamusa (NW393),South Africa,11.328450265062344,1.2356809813635774,REF_TRF
1455,11.167323299028038,Greater Taung (NW394),South Africa,12.044573549826845,0.8772502507988076,REF_TRF
1456,9.261094716656013,Lekwa-Teemane (NW396),South Africa,10.398389646524137,1.1372949298681245,REF_TRF
1457,8.076312321269484,Kagisano/Molopo (NW397),South Africa,8.893880259630855,0.8175679383613712,REF_TRF
1458,14.787772152110524,City of Matlosana (NW403),South Africa,16.984837569517406,2.1970654174068827,REF_TRF
1459,11.43180352954251,Maquassi Hills (NW404),South Africa,12.9803931190269,1.54858958948439,REF_TRF
1460,21.09032067810331,Ventersdorp/Tlokwe (NW405),South Africa,24.08033593075133,2.9900152526480177,REF_TRF
1461,28.03066387044477,City of Tshwane (TSH),South Africa,30.455503595747984,2.4248397253032152,REF_TRF
1462,2.828036984082902,Matzikama (WC011),South Africa,3.1517792048009077,0.32374222071800585,REF_TRF
1463,4.149945889418953,Cederberg (WC012),South Africa,4.5280821800418085,0.37813629062285514,REF_TRF
1464,3.771895513642719,Bergrivier (WC013),South Africa,4.222268696998211,0.45037318335549203,REF_TRF
1465,2.9079255708533096,Saldanha Bay (WC014),South Africa,3.5143108617858267,0.6063852909325171,REF_TRF
1466,3.501230781449804,Swartland (WC015),South Africa,4.088317196722804,0.5870864152730002,REF_TRF
1467,4.119824699194215,Witzenberg (WC022),South Africa,4.578985012514283,0.45916031332006835,REF_TRF
1468,4.555744091011553,Drakenstein (WC023),South Africa,5.109363644363016,0.5536195533514636,REF_TRF
1469,6.857502870468309,Stellenbosch (WC024),South Africa,7.955430210662934,1.0979273401946248,REF_TRF
1470,4.517551861748675,Breede Valley (WC025),South Africa,5.07788761010063,0.5603357483519549,REF_TRF
1471,5.260694788711068,Langeberg (WC026),South Africa,5.907600880021913,0.6469060913108446,REF_TRF
1472,5.058766052154883,Theewaterskloof (WC031),South Africa,6.116855605499287,1.058089553344404,REF_TRF
1473,4.012201603723204,Overstrand (WC032),South Africa,4.896233983719251,0.8840323799960466,REF_TRF
1474,4.218666052844984,Cape Agulhas (WC033),South Africa,5.038911874731138,0.8202458218861537,REF_TRF
1475,5.015561381585516,Swellendam (WC034),South Africa,5.709805568195382,0.6942441866098656,REF_TRF
1476,5.489348397530568,Kannaland (WC041),South Africa,6.01499334450105,0.5256449469704823,REF_TRF
1477,5.7317495144969035,Hessequa (WC042),South Africa,6.381569674950301,0.6498201604533973,REF_TRF
1478,7.155382107759783,Mossel Bay (WC043),South Africa,7.723479031316687,0.5680969235569044,REF_TRF
1479,16.678736152358155,George (WC044),South Africa,17.39014129404197,0.7114051416838159,REF_TRF
1480,7.825286931324113,Oudtshoorn (WC045),South Africa,8.358278812957765,0.5329918816336523,REF_TRF
1481,9.315191877448488,Bitou (WC047),South Africa,9.84652203815999,0.5313301607115015,REF_TRF
1482,21.650616002381007,Knysna (WC048),South Africa,22.325687684624214,0.6750716822432068,REF_TRF
1483,3.819140328790601,Laingsburg (WC051),South Africa,4.293539696342827,0.474399367552226,REF_TRF
1484,4.204611651159492,Prince Albert (WC052),South Africa,4.706886323000216,0.5022746718407234,REF_TRF
1485,4.3191860795703985,Beaufort West (WC053),South Africa,4.839326271093451,0.5201401915230521,REF_TRF
1486,14.572733209044172,Timphisini,Eswatini,15.946889236722424,1.3741560276782518,REF_TRF
1487,16.014716462899734,Ntfonjeni,Eswatini,17.468227305810874,1.4535108429111396,REF_TRF
1488,13.915234121083445,Mayiwane,Eswatini,15.209966027424773,1.2947319063413278,REF_TRF
1489,12.636568777081987,Mhlangatane,Eswatini,13.90241277204814,1.2658439949661524,REF_TRF
1490,14.828359134568451,Ndzingeni,Eswatini,16.172648736368213,1.3442896017997619,REF_TRF
1491,13.9657333046355,Madlangempisi,Eswatini,15.234353829532918,1.2686205248974183,REF_TRF
1492,14.547808217075412,Maphalaleni,Eswatini,15.874709983029843,1.3269017659544318,REF_TRF
1493,16.047702572404244,Pigg's Peak,Eswatini,17.506433567382736,1.4587309949784917,REF_TRF
1494,15.576211298467685,Nkhaba,Eswatini,17.041436511058446,1.4652252125907612,REF_TRF
1495,14.711486087798868,Motjane,Eswatini,16.134854038552064,1.423367950753196,REF_TRF
1496,14.749530132840956,Mbabane West,Eswatini,16.138481476844362,1.3889513440034058,REF_TRF
1497,15.321593345934605,Mbabane East,Eswatini,16.712670258963307,1.3910769130287015,REF_TRF
1498,14.655393410206973,Hhukwini,Eswatini,16.013226447946327,1.3578330377393542,REF_TRF
1499,14.938499820578363,Lobamba,Eswatini,16.295384207646645,1.3568843870682823,REF_TRF
1500,12.9971377528565,Mkhiweni,Eswatini,14.236629646382799,1.2394918935262993,REF_TRF
1501,13.079199680846148,Kukhanyeni,Eswatini,14.374706906108216,1.2955072252620674,REF_TRF
1502,12.493057872986999,Mafutseni,Eswatini,13.721446855063753,1.2283889820767548,REF_TRF
1503,12.929694200231262,Mthongwaneni,Eswatini,14.156854643471432,1.2271604432401695,REF_TRF
1504,12.845128360386306,Manzini North,Eswatini,14.14329611292166,1.2981677525353543,REF_TRF
1505,12.924757424756377,Manzini South,Eswatini,14.236445098020582,1.3116876732642044,REF_TRF
1506,13.344170095892789,Kwaluseni,Eswatini,14.658795085643566,1.3146249897507776,REF_TRF
1507,13.922917130153726,Ludzeludze,Eswatini,15.242415643670611,1.3194985135168853,REF_TRF
1508,13.77662639395693,Lobamba Lomdzala,Eswatini,15.111314219793789,1.334687825836859,REF_TRF
1509,12.607709666666489,Nhlambeni,Eswatini,13.870729443272701,1.2630197766062121,REF_TRF
1510,14.047728911019941,Ntondozi,Eswatini,15.342180949378367,1.2944520383584255,REF_TRF
1511,13.45875175247617,La-Mgabhi,Eswatini,14.790285406153304,1.331533653677134,REF_TRF
1512,14.782054998721406,Mhlambanyatsi,Eswatini,16.19736213559341,1.415307136872002,REF_TRF
1513,15.897657023954418,Mangcongco,Eswatini,17.306071800469887,1.4084147765154693,REF_TRF
1514,14.592261824348096,Ngwempisi,Eswatini,15.94642310778488,1.3541612834367847,REF_TRF
1515,14.249515491417501,Mahlangatsha,Eswatini,15.498410047651848,1.2488945562343474,REF_TRF
1516,12.853944844568769,Kubuta,Eswatini,14.057331969073102,1.2033871245043333,REF_TRF
1517,13.225171886229637,Nkwene,Eswatini,14.448622995598987,1.2234511093693499,REF_TRF
1518,13.004950258648444,Mtsambama,Eswatini,14.216567255055496,1.2116169964070522,REF_TRF
1519,13.792127866623135,Gege,Eswatini,15.090961150335135,1.2988332837119998,REF_TRF
1520,13.082524895061967,Mbangweni,Eswatini,14.295293270356357,1.2127683752943899,REF_TRF
1521,13.704757020077414,Maseyisini,Eswatini,14.955250955806667,1.2504939357292528,REF_TRF
1522,13.655305399623813,Sandleni,Eswatini,14.85593992838055,1.200634528756737,REF_TRF
1523,12.991314700138197,Ngudzeni,Eswatini,14.168930063777001,1.1776153636388038,REF_TRF
1524,13.32098047480498,Zombodze,Eswatini,14.556997840358168,1.236017365553188,REF_TRF
1525,13.651212303773518,Shiselweni,Eswatini,14.856090571219742,1.2048782674462242,REF_TRF
1526,13.06345966988099,Hosea,Eswatini,14.229798630251018,1.1663389603700285,REF_TRF
1527,12.561742454297645,Sigwe,Eswatini,13.706989727283442,1.145247272985797,REF_TRF
1528,12.26688795639997,Matsanjeni South,Eswatini,13.388243745559382,1.1213557891594128,REF_TRF
1529,11.334786150208469,Somntongo,Eswatini,12.405446782347006,1.0706606321385372,REF_TRF
1530,11.031397545647717,Lubuli,Eswatini,12.10798596022029,1.0765884145725728,REF_TRF
1531,12.357135998558693,Sithobela,Eswatini,13.52627285770576,1.1691368591470663,REF_TRF
1532,10.816918413593408,Nkilongo,Eswatini,11.904292698587614,1.0873742849942065,REF_TRF
1533,11.536849948449635,Siphofaneni,Eswatini,12.707698410410341,1.1708484619607056,REF_TRF
1534,10.880212847732743,Mpolonjeni,Eswatini,11.98940388388565,1.1091910361529074,REF_TRF
1535,10.97602169836214,Matsanjeni North,Eswatini,12.02358107512267,1.04755937676053,REF_TRF
1536,11.179702269878007,Lugongolweni,Eswatini,12.238595841685466,1.0588935718074595,REF_TRF
1537,11.306342878665541,Dvokodvweni,Eswatini,12.478699324405648,1.1723564457401068,REF_TRF
1538,11.720350122953974,Hlane,Eswatini,12.873601321080951,1.153251198126977,REF_TRF
1539,11.760792959905203,Mhlume,Eswatini,12.920179678403343,1.1593867184981406,REF_TRF
1540,11.9817837101631,Lomahasha,Eswatini,13.093734163736446,1.1119504535733462,REF_TRF
1541,15.074783054782028,ZAMBIA_CENTRAL_CHIBOMBO_CHISAMBA,Zambia,15.305042568283604,0.2302595135015757,REF_TRF
1542,10.700759475597796,ZAMBIA_CENTRAL_CHIBOMBO_KATUBA,Zambia,10.929483601741541,0.22872412614374582,REF_TRF
1543,9.825071185031373,ZAMBIA_CENTRAL_CHIBOMBO_KEEMBE,Zambia,10.005804707159253,0.18073352212788052,REF_TRF
1544,21.438755750677846,ZAMBIA_CENTRAL_KABWE_BWACHA,Zambia,21.680788544676332,0.24203279399848654,REF_TRF
1545,11.686102692112026,ZAMBIA_CENTRAL_KABWE_KABWE CENTRAL,Zambia,11.930210414911476,0.24410772279945014,REF_TRF
1546,30.747047239590273,ZAMBIA_CENTRAL_KAPIRI MPOSHI_KAPIRI MPOSHI,Zambia,30.94267403118965,0.19562679159937701,REF_TRF
1547,9.956148118325626,ZAMBIA_CENTRAL_MKUSHI_MKUSHI NORTH,Zambia,10.204519990620764,0.24837187229513802,REF_TRF
1548,13.79806719572796,ZAMBIA_CENTRAL_MKUSHI_MKUSHI SOUTH,Zambia,14.074081074043997,0.2760138783160375,REF_TRF
1549,19.33846875138216,ZAMBIA_CENTRAL_MUMBWA_MUMBWA,Zambia,19.49018593155605,0.1517171801738897,REF_TRF
1550,11.618398622257207,ZAMBIA_CENTRAL_MUMBWA_MWEMBESHI,Zambia,11.888379303477981,0.26998068122077434,REF_TRF
1551,9.551527787435926,ZAMBIA_CENTRAL_MUMBWA_NANGOMA,Zambia,9.7561356836748665,0.20460789623894016,REF_TRF
1552,11.127390451239997,ZAMBIA_CENTRAL_SERENJE_CHITAMBO,Zambia,11.26434383450508,0.13695338326508377,REF_TRF
1553,26.507138208500045,ZAMBIA_CENTRAL_SERENJE_MUCHINGA,Zambia,26.66791155088286,0.16077334238281438,REF_TRF
1554,11.949956186594076,ZAMBIA_CENTRAL_SERENJE_SERENJE,Zambia,12.105928124564052,0.15597193796997644,REF_TRF
1555,11.322945877176469,ZAMBIA_COPPERBELT_CHILILABOMBWE_CHILILABOMBWE,Zambia,11.499549951152677,0.1766040739762076,REF_TRF
1556,9.348589429805099,ZAMBIA_COPPERBELT_CHINGOLA_CHINGOLA,Zambia,9.545081643742952,0.19649221393785332,REF_TRF
1557,14.655750151332732,ZAMBIA_COPPERBELT_CHINGOLA_NCHANGA,Zambia,14.895145226035485,0.23939507470275245,REF_TRF
1558,19.178205846441546,ZAMBIA_COPPERBELT_KALULUSHI_KALULUSHI,Zambia,19.51118358768472,0.33297774124317314,REF_TRF
1559,15.46372278222509,ZAMBIA_COPPERBELT_KITWE_CHIMWEMWE,Zambia,15.769552886145593,0.3058301039205027,REF_TRF
1560,17.539166124656514,ZAMBIA_COPPERBELT_KITWE_KAMFINSA,Zambia,17.90493161950269,0.36576549484617615,REF_TRF
1561,15.220414002597824,ZAMBIA_COPPERBELT_KITWE_KWACHA,Zambia,15.55607333486573,0.33565933226790534,REF_TRF
1562,16.37158544646406,ZAMBIA_COPPERBELT_KITWE_NKANA,Zambia,16.76512550766806,0.39354006120399987,REF_TRF
1563,17.244245335776455,ZAMBIA_COPPERBELT_KITWE_WUSAKILE,Zambia,17.691234145362177,0.4469888095857222,REF_TRF
1564,16.774551906802664,ZAMBIA_COPPERBELT_LUANSHYA_LUANSHYA,Zambia,17.207910612750638,0.433358705947974,REF_TRF
1565,17.706478356166826,ZAMBIA_COPPERBELT_LUANSHYA_ROAN,Zambia,18.163977748204637,0.45749939203781054,REF_TRF
1566,14.247546200319647,ZAMBIA_COPPERBELT_LUFWANYAMA_LUFWANYAMA,Zambia,14.430536179496297,0.18298997917665005,REF_TRF
1567,13.978953613916328,ZAMBIA_COPPERBELT_MASAITI_KAFULAFUTA,Zambia,14.422684415348286,0.44373080143195764,REF_TRF
1568,17.236910531389206,ZAMBIA_COPPERBELT_MASAITI_MASAITI,Zambia,17.640247748415362,0.40333721702615577,REF_TRF
1569,21.397922579071906,ZAMBIA_COPPERBELT_MPONGWE_MPONGWE,Zambia,21.580411554599834,0.18248897552792798,REF_TRF
1570,10.232899213949498,ZAMBIA_COPPERBELT_MUFULIRA_KANKOYO,Zambia,10.416515538429735,0.18361632448023713,REF_TRF
1571,8.84777302165916,ZAMBIA_COPPERBELT_MUFULIRA_KANTANSHI,Zambia,9.01125428392612,0.16348126226695925,REF_TRF
1572,11.949221229449087,ZAMBIA_COPPERBELT_MUFULIRA_MUFULIRA,Zambia,12.173030203989633,0.22380897454054605,REF_TRF
1573,15.660106086560734,ZAMBIA_COPPERBELT_NDOLA_BWANA MKUBWA,Zambia,16.10854932692376,0.4484432403630265,REF_TRF
1574,13.217218042154746,ZAMBIA_COPPERBELT_NDOLA_CHIFUBU,Zambia,13.496600006482524,0.2793819643277775,REF_TRF
1575,14.850686923919135,ZAMBIA_COPPERBELT_NDOLA_KABUSHI,Zambia,15.232704315520174,0.382017391601039,REF_TRF
1576,16.13243140849738,ZAMBIA_COPPERBELT_NDOLA_NDOLA,Zambia,16.480671256430554,0.34823984793317564,REF_TRF
1577,8.250356245936695,ZAMBIA_EASTERN_CHADIZA_CHADIZA,Zambia,8.462686484528035,0.21233023859134015,REF_TRF
1578,9.740232814870943,ZAMBIA_EASTERN_CHADIZA_VUBWI,Zambia,10.009504363599358,0.2692715487284154,REF_TRF
1579,10.059698077216462,ZAMBIA_EASTERN_CHIPATA_CHIPANGALI,Zambia,10.235706776712263,0.17600869949580122,REF_TRF
1580,10.7820580937477,ZAMBIA_EASTERN_CHIPATA_CHIPATA,Zambia,11.020484068626736,0.2384259748790356,REF_TRF
1581,9.83638463389485,ZAMBIA_EASTERN_CHIPATA_KASENENGWA,Zambia,10.011213629096758,0.1748289952019082,REF_TRF
1582,9.940976873069756,ZAMBIA_EASTERN_CHIPATA_LUANGENI,Zambia,10.190239254552695,0.24926238148293933,REF_TRF
1583,10.084136563114193,ZAMBIA_EASTERN_KATETE_MILANZI,Zambia,10.394921601444034,0.3107850383298416,REF_TRF
1584,9.048045419410663,ZAMBIA_EASTERN_KATETE_MKAIKA,Zambia,9.245649253878923,0.1976038344682607,REF_TRF
1585,12.35428115381291,ZAMBIA_EASTERN_KATETE_SINDA,Zambia,12.598169652001923,0.2438884981890137,REF_TRF
1586,8.259628127722015,ZAMBIA_EASTERN_LUNDAZI_CHASEFU,Zambia,8.395459398870692,0.13583127114867644,REF_TRF
1587,9.04755169083002,ZAMBIA_EASTERN_LUNDAZI_LUMEZI,Zambia,9.189814241994423,0.14226255116440356,REF_TRF
1588,7.8906773408099005,ZAMBIA_EASTERN_LUNDAZI_LUNDAZI,Zambia,8.053643315833897,0.16296597502399646,REF_TRF
1589,9.334054835175618,ZAMBIA_EASTERN_MAMBWE_MALAMBO,Zambia,9.480998476308681,0.14694364113306335,REF_TRF
1590,12.42973914120855,ZAMBIA_EASTERN_NYIMBA_NYIMBA,Zambia,12.592433554208501,0.1626944129999508,REF_TRF
1591,9.854193442795165,ZAMBIA_EASTERN_PETAUKE_KAPOCHE,Zambia,10.058227583393606,0.20403414059844138,REF_TRF
1592,10.76179665751588,ZAMBIA_EASTERN_PETAUKE_MSANZALA,Zambia,10.95852184892189,0.19672519140600997,REF_TRF
1593,11.432190763356818,ZAMBIA_EASTERN_PETAUKE_PETAUKE,Zambia,11.6121709324982,0.17998016914138226,REF_TRF
1594,9.212706707442832,ZAMBIA_LUAPULA_CHIENGE_CHIENGE,Zambia,9.286358494905851,0.07365178746301915,REF_TRF
1595,13.018544449447406,ZAMBIA_LUAPULA_KAWAMBWA_KAWAMBWA,Zambia,13.11909582951643,0.10055138006902453,REF_TRF
1596,10.001531365772454,ZAMBIA_LUAPULA_KAWAMBWA_MWANSABOMBWE,Zambia,10.099129897084758,0.097598531312304,REF_TRF
1597,12.416529937209294,ZAMBIA_LUAPULA_KAWAMBWA_PAMBASHE,Zambia,12.52131401188117,0.10478407467187623,REF_TRF
1598,10.023805955381755,ZAMBIA_LUAPULA_MANSA_BAHATI,Zambia,10.143376204034876,0.11957024865312071,REF_TRF
1599,9.652976592301165,ZAMBIA_LUAPULA_MANSA_MANSA,Zambia,9.766948069254855,0.11397147695369014,REF_TRF
1600,18.522617007810204,ZAMBIA_LUAPULA_MILENGE_CHEMBE,Zambia,18.681399974071066,0.15878296626086197,REF_TRF
1601,13.414774412608661,ZAMBIA_LUAPULA_MWENSE_CHIPILI,Zambia,13.536559767829324,0.1217853552206627,REF_TRF
1602,8.826194826608605,ZAMBIA_LUAPULA_MWENSE_MAMBILIMA,Zambia,8.93454575101132,0.10835092440271588,REF_TRF
1603,12.508949354025733,ZAMBIA_LUAPULA_MWENSE_MWENSE,Zambia,12.62650428460092,0.11755493057518684,REF_TRF
1604,7.425508825581723,ZAMBIA_LUAPULA_NCHELENGE_NCHELENGE,Zambia,7.516018879231532,0.09051005364980913,REF_TRF
1605,15.914244413695402,ZAMBIA_LUAPULA_SAMFYA_BANGEULU,Zambia,16.05304015213413,0.13879573843872883,REF_TRF
1606,20.721131535092486,ZAMBIA_LUAPULA_SAMFYA_CHIFUNABULI,Zambia,20.85435518589987,0.13322365080738408,REF_TRF
1607,11.41568776327291,ZAMBIA_LUAPULA_SAMFYA_LUAPULA,Zambia,11.541746494688894,0.12605873141598423,REF_TRF
1608,16.881446766168978,ZAMBIA_LUSAKA_CHONGWE_CHONGWE,Zambia,17.169841600347752,0.2883948341787743,REF_TRF
1609,15.639109389948576,ZAMBIA_LUSAKA_CHONGWE_RUFUNSA,Zambia,15.84365238369966,0.2045429937510832,REF_TRF
1610,12.655607805043585,ZAMBIA_LUSAKA_KAFUE_CHILANGA,Zambia,13.045253206845835,0.38964540180224994,REF_TRF
1611,18.410143764223033,ZAMBIA_LUSAKA_KAFUE_KAFUE,Zambia,18.80477252344101,0.39462875921797647,REF_TRF
1612,14.682242858333723,ZAMBIA_LUSAKA_LUANGWA_FEIRA,Zambia,14.878769151422484,0.1965262930887608,REF_TRF
1613,14.655312486207134,ZAMBIA_LUSAKA_LUSAKA_CHAWAMA,Zambia,15.40204999427229,0.7467375080651557,REF_TRF
1614,13.652087987619144,ZAMBIA_LUSAKA_LUSAKA_KABWATA,Zambia,14.289960614406342,0.6378726267871979,REF_TRF
1615,13.929706525988152,ZAMBIA_LUSAKA_LUSAKA_KANYAMA,Zambia,14.752078281346616,0.8223717553584642,REF_TRF
1616,14.402942635379484,ZAMBIA_LUSAKA_LUSAKA_LUSAKA CENTRAL,Zambia,14.829824154374826,0.42688151899534255,REF_TRF
1617,11.714645610738836,ZAMBIA_LUSAKA_LUSAKA_MANDEVU,Zambia,12.089455089608172,0.37480947886933613,REF_TRF
1618,11.189116259337117,ZAMBIA_LUSAKA_LUSAKA_MATERO,Zambia,11.569360511011983,0.3802442516748652,REF_TRF
1619,13.301559380575732,ZAMBIA_LUSAKA_LUSAKA_MUNALI,Zambia,13.6219211302678,0.32036174969206854,REF_TRF
1620,12.71527650047771,ZAMBIA_MUCHINGA_CHAMA_CHAMA NORTH,Zambia,12.856790972941244,0.141514472463534,REF_TRF
1621,11.297655629499125,ZAMBIA_MUCHINGA_CHAMA_CHAMA SOUTH,Zambia,11.44826053863445,0.15060490913532476,REF_TRF
1622,14.044468000897941,ZAMBIA_MUCHINGA_CHINSALI_CHINSALI,Zambia,14.189277483476264,0.1448094825783226,REF_TRF
1623,9.666634317867743,ZAMBIA_MUCHINGA_CHINSALI_SHIWANGANDU,Zambia,9.787730495341222,0.12109617747347912,REF_TRF
1624,7.451799765990085,ZAMBIA_MUCHINGA_ISOKA_ISOKA,Zambia,7.565529944661644,0.11373017867155877,REF_TRF
1625,20.22788132218131,ZAMBIA_MUCHINGA_MAFINGA_MAFINGA,Zambia,20.33496362423804,0.1070823020567282,REF_TRF
1626,11.476778658159837,ZAMBIA_MUCHINGA_MPIKA_KANCHIBIYA,Zambia,11.607533678520479,0.1307550203606418,REF_TRF
1627,10.725556455710608,ZAMBIA_MUCHINGA_MPIKA_MFUWE,Zambia,10.853719645371886,0.1281631896612776,REF_TRF
1628,13.464074824127428,ZAMBIA_MUCHINGA_MPIKA_MPIKA,Zambia,13.59321604158606,0.12914121745863305,REF_TRF
1629,3.898434075547253,ZAMBIA_MUCHINGA_NAKONDE_NAKONDE,Zambia,3.975343619895642,0.07690954434838915,REF_TRF
1630,13.469575708344518,ZAMBIA_NORTH-WESTERN_CHAVUMA_CHAVUMA,Zambia,13.569462694677078,0.09988698633256021,REF_TRF
1631,6.802200625880047,ZAMBIA_NORTH-WESTERN_IKELENGE_IKELENGE,Zambia,6.871006185549199,0.06880555966915125,REF_TRF
1632,16.044356953702724,ZAMBIA_NORTH-WESTERN_KABOMPO_KABOMPO EAST,Zambia,16.14779750626725,0.10344055256452478,REF_TRF
1633,20.16607027758256,ZAMBIA_NORTH-WESTERN_KABOMPO_KABOMPO WEST,Zambia,20.27754900622611,0.1114787286435508,REF_TRF
1634,13.745602929224102,ZAMBIA_NORTH-WESTERN_KASEMPA_KASEMPA,Zambia,13.866514114953524,0.1209111857294225,REF_TRF
1635,14.044492792708606,ZAMBIA_NORTH-WESTERN_MUFUMBWE_MUFUMBWE,Zambia,14.159177110790063,0.11468431808145674,REF_TRF
1636,11.945262360219276,ZAMBIA_NORTH-WESTERN_MWINILUNGA_MWINILUNGA,Zambia,12.034970571030897,0.0897082108116205,REF_TRF
1637,9.504831806017645,ZAMBIA_NORTH-WESTERN_SOLWEZI_SOLWEZI CENTRAL,Zambia,9.625532836223426,0.12070103020578138,REF_TRF
1638,8.444759706107654,ZAMBIA_NORTH-WESTERN_SOLWEZI_SOLWEZI EAST,Zambia,8.570745184796223,0.12598547868856969,REF_TRF
1639,12.061657492753719,ZAMBIA_NORTH-WESTERN_SOLWEZI_SOLWEZI WEST,Zambia,12.16337708867771,0.10171959592399027,REF_TRF
1640,18.877597127667066,ZAMBIA_NORTH-WESTERN_ZAMBEZI_ZAMBEZI EAST,Zambia,18.987784788334366,0.11018766066730024,REF_TRF
1641,13.219079451232366,ZAMBIA_NORTH-WESTERN_ZAMBEZI_ZAMBEZI WEST,Zambia,13.328133182993604,0.10905373176123767,REF_TRF
1642,14.30012453216596,ZAMBIA_NORTHERN_CHILUBI_CHILUBI,Zambia,14.418866358236471,0.11874182607051154,REF_TRF
1643,10.667178050636128,ZAMBIA_NORTHERN_KAPUTA_CHIMBAMILONGA,Zambia,10.737838796542313,0.07066074590618499,REF_TRF
1644,9.070553051679312,ZAMBIA_NORTHERN_KAPUTA_KAPUTA,Zambia,9.136746379037412,0.06619332735809991,REF_TRF
1645,9.374054081603449,ZAMBIA_NORTHERN_KASAMA_KASAMA,Zambia,9.485982608985905,0.11192852738245662,REF_TRF
1646,14.341825829854697,ZAMBIA_NORTHERN_KASAMA_LUKASHYA,Zambia,14.475789497261175,0.13396366740647814,REF_TRF
1647,13.19796055863737,ZAMBIA_NORTHERN_LUWINGU_LUBASENSHI,Zambia,13.312042160593599,0.1140816019562294,REF_TRF
1648,15.335979600496799,ZAMBIA_NORTHERN_LUWINGU_LUPOSOSHI,Zambia,15.454823621317592,0.11884402082079326,REF_TRF
1649,5.730373399430439,ZAMBIA_NORTHERN_MBALA_MBALA,Zambia,5.821929211931522,0.09155581250108291,REF_TRF
1650,13.39838410372523,ZAMBIA_NORTHERN_MBALA_NSENGA HILL,Zambia,13.532465494111047,0.134081390385818,REF_TRF
1651,11.627787437439428,ZAMBIA_NORTHERN_MPOROKOSO_LUNTE,Zambia,11.73423791090013,0.10645047346070236,REF_TRF
1652,20.3531598218524,ZAMBIA_NORTHERN_MPOROKOSO_MPOROKOSO,Zambia,20.453327095186374,0.10016727333397313,REF_TRF
1653,10.479655923593352,ZAMBIA_NORTHERN_MPULUNGU_MPULUNGU,Zambia,10.554701950029738,0.07504602643638592,REF_TRF
1654,12.978604424999475,ZAMBIA_NORTHERN_MUNGWI_MALOLE,Zambia,13.10794907957883,0.12934465457935573,REF_TRF
1655,12.082757560965426,ZAMBIA_SOUTHERN_CHOMA_CHOMA,Zambia,12.377197831114955,0.2944402701495292,REF_TRF
1656,13.203617096044233,ZAMBIA_SOUTHERN_CHOMA_MBABALA,Zambia,13.46119898674647,0.25758189070223736,REF_TRF
1657,12.882382301566171,ZAMBIA_SOUTHERN_CHOMA_PEMBA,Zambia,13.20762660849855,0.3252443069323796,REF_TRF
1658,12.898591145464847,ZAMBIA_SOUTHERN_GWEMBE_GWEMBE,Zambia,13.369903434529263,0.47131228906441613,REF_TRF
1659,12.015426751257511,ZAMBIA_SOUTHERN_ITEZHI-TEZHI_ITEZHI-TEZHI,Zambia,12.173303429657263,0.15787667839975228,REF_TRF
1660,12.345688445388069,ZAMBIA_SOUTHERN_KALOMO_DUNDUMWEZI,Zambia,12.555834134351663,0.21014568896359442,REF_TRF
1661,11.066868324936252,ZAMBIA_SOUTHERN_KALOMO_KALOMO CENTRAL,Zambia,11.313262347319334,0.2463940223830825,REF_TRF
1662,12.253978305994771,ZAMBIA_SOUTHERN_KALOMO_MAPATIZYA,Zambia,12.535291234847875,0.28131292885310444,REF_TRF
1663,13.272850173250578,ZAMBIA_SOUTHERN_KAZUNGULA_KATOMBOLA,Zambia,13.48329814300807,0.21044796975749236,REF_TRF
1664,12.108898955930648,ZAMBIA_SOUTHERN_LIVINGSTONE_LIVINGSTONE,Zambia,12.379722598090698,0.2708236421600496,REF_TRF
1665,15.544237793666731,ZAMBIA_SOUTHERN_MAZABUKA_CHIKANKANTA,Zambia,16.186829708597188,0.6425919149304562,REF_TRF
1666,10.62412653943823,ZAMBIA_SOUTHERN_MAZABUKA_MAGOYE,Zambia,10.925613884487358,0.30148734504912866,REF_TRF
1667,13.050669770561488,ZAMBIA_SOUTHERN_MAZABUKA_MAZABUKA,Zambia,13.45891326324612,0.4082434926846332,REF_TRF
1668,11.17646057814034,ZAMBIA_SOUTHERN_MONZE_BWEENGWA,Zambia,11.436252682206007,0.2597921040656672,REF_TRF
1669,12.482493945682231,ZAMBIA_SOUTHERN_MONZE_MONZE,Zambia,12.799867404609454,0.31737345892722324,REF_TRF
1670,12.987673424308706,ZAMBIA_SOUTHERN_MONZE_MOOMBA,Zambia,13.367829785368645,0.3801563610599388,REF_TRF
1671,14.54986986636096,ZAMBIA_SOUTHERN_NAMWALA_NAMWALA,Zambia,14.762861834177968,0.21299196781700935,REF_TRF
1672,14.080517715066467,ZAMBIA_SOUTHERN_SIAVONGA_SIAVONGA,Zambia,14.576352959623984,0.49583524455751693,REF_TRF
1673,10.488952729125668,ZAMBIA_SOUTHERN_SINAZONGWE_SINAZONGWE,Zambia,10.778742632000268,0.2897899028746007,REF_TRF
1674,10.93066069659001,ZAMBIA_WESTERN_KALABO_KALABO,Zambia,11.072694838598341,0.1420341420083311,REF_TRF
1675,11.866853731583923,ZAMBIA_WESTERN_KALABO_LIUWA,Zambia,11.9854323299361,0.1185785983521761,REF_TRF
1676,11.142222369212089,ZAMBIA_WESTERN_KALABO_SIKONGO,Zambia,11.26966733877488,0.1274449695627915,REF_TRF
1677,15.446419189137231,ZAMBIA_WESTERN_KAOMA_KAOMA CENTRAL,Zambia,15.58068218460916,0.13426299547192855,REF_TRF
1678,19.822357208311814,ZAMBIA_WESTERN_KAOMA_LUAMPA,Zambia,19.973807904345612,0.15145069603379824,REF_TRF
1679,18.751471478488646,ZAMBIA_WESTERN_KAOMA_MANGANGO,Zambia,18.890592582475342,0.13912110398669597,REF_TRF
1680,17.496838091997798,ZAMBIA_WESTERN_LUKULU_LUKULU EAST,Zambia,17.62686162471706,0.13002353271926026,REF_TRF
1681,11.28820232894258,ZAMBIA_WESTERN_LUKULU_LUKULU WEST,Zambia,11.403995612417848,0.11579328347526818,REF_TRF
1682,11.067542101206296,ZAMBIA_WESTERN_MONGU_LUENA,Zambia,11.20623226529154,0.1386901640852436,REF_TRF
1683,10.70373110952156,ZAMBIA_WESTERN_MONGU_MONGU,Zambia,10.858266498052613,0.15453538853105364,REF_TRF
1684,11.42119236605273,ZAMBIA_WESTERN_MONGU_NALIKWANDA,Zambia,11.573467711832475,0.1522753457797439,REF_TRF
1685,10.312246776484635,ZAMBIA_WESTERN_SENANGA_NALOLO,Zambia,10.472341456041846,0.16009467955721135,REF_TRF
1686,10.660237817144182,ZAMBIA_WESTERN_SENANGA_SENANGA,Zambia,10.827313801906291,0.16707598476210883,REF_TRF
1687,11.91344444568705,ZAMBIA_WESTERN_SESHEKE_MULOBEZI,Zambia,12.086526880593471,0.17308243490642106,REF_TRF
1688,13.249955943197175,ZAMBIA_WESTERN_SESHEKE_MWANDI,Zambia,13.44437041995191,0.19441447675473533,REF_TRF
1689,10.150769684346711,ZAMBIA_WESTERN_SESHEKE_SESHEKE,Zambia,10.336029915390597,0.18526023104388578,REF_TRF
1690,8.83556127868511,ZAMBIA_WESTERN_SHANGOMBO_SINJEMBELA,Zambia,8.989251427436718,0.15369014875160758,REF_TRF
1691,17.25022590246763,ZIMBABWE_BULAWAYO_BULAWAYO,Zimbabwe,17.594962939439572,0.34473703697194225,REF_TRF
1692,16.583664922448264,ZIMBABWE_HARARE_CHITUNGWIZA,Zimbabwe,16.81512761434279,0.2314626918945244,REF_TRF
1693,15.829594059868267,ZIMBABWE_HARARE_EPWORTH,Zimbabwe,16.082246511893004,0.2526524520247371,REF_TRF
1694,16.493281995631005,ZIMBABWE_HARARE_HARARE RURAL,Zimbabwe,16.722841141211504,0.22955914558049884,REF_TRF
1695,12.28739353508544,ZIMBABWE_HARARE_HARARE URBAN,Zimbabwe,12.507882097991267,0.2204885629058264,REF_TRF
1696,9.59722053286331,ZIMBABWE_MANICALAND_BUHERA,Zimbabwe,9.914345530366539,0.31712499750323,REF_TRF
1697,14.8352676540235,ZIMBABWE_MANICALAND_CHIMANIMANI,Zimbabwe,15.14083206479297,0.3055644107694704,REF_TRF
1698,12.249102222248506,ZIMBABWE_MANICALAND_CHIPINGE RURAL,Zimbabwe,12.576384742946153,0.3272825206976471,REF_TRF
1699,14.832059681014744,ZIMBABWE_MANICALAND_CHIPINGE URBAN,Zimbabwe,15.149079397718921,0.31701971670417706,REF_TRF
1700,11.132632608431257,ZIMBABWE_MANICALAND_MAKONI,Zimbabwe,11.416393475798097,0.2837608673668406,REF_TRF
1701,12.06516708159517,ZIMBABWE_MANICALAND_MUTARE RURAL,Zimbabwe,12.345489356312338,0.2803222747171681,REF_TRF
1702,13.603731797939751,ZIMBABWE_MANICALAND_MUTARE URBAN,Zimbabwe,13.889346139514144,0.2856143415743926,REF_TRF
1703,13.738746629461655,ZIMBABWE_MANICALAND_MUTASA,Zimbabwe,14.025874776552538,0.28712814709088263,REF_TRF
1704,12.293258609338558,ZIMBABWE_MANICALAND_NYANGA,Zimbabwe,12.56683299982194,0.2735743904833825,REF_TRF
1705,16.036655259366587,ZIMBABWE_MANICALAND_RUSAPE,Zimbabwe,16.33204590485964,0.29539064549305394,REF_TRF
1706,10.962158131798633,ZIMBABWE_MASHONALAND CENTRAL_BINDURA,Zimbabwe,11.191307641261758,0.2291495094631255,REF_TRF
1707,18.421906815848203,ZIMBABWE_MASHONALAND CENTRAL_BINDURA URBAN,Zimbabwe,18.656038864909412,0.2341320490612091,REF_TRF
1708,10.336048181642099,ZIMBABWE_MASHONALAND CENTRAL_CENTENARY,Zimbabwe,10.547431430299774,0.21138324865767544,REF_TRF
1709,11.323897011492821,ZIMBABWE_MASHONALAND CENTRAL_GURUVE,Zimbabwe,11.521262814563203,0.19736580307038132,REF_TRF
1710,12.348484948600323,ZIMBABWE_MASHONALAND CENTRAL_MAZOWE,Zimbabwe,12.555684809295823,0.2071998606954999,REF_TRF
1711,10.776104687887397,ZIMBABWE_MASHONALAND CENTRAL_MBIRE,Zimbabwe,10.97335145329825,0.19724676541085273,REF_TRF
1712,10.252389771768375,ZIMBABWE_MASHONALAND CENTRAL_MOUNT DARWIN,Zimbabwe,10.488559218730117,0.23616944696174258,REF_TRF
1713,12.136930569693002,ZIMBABWE_MASHONALAND CENTRAL_MVURI,Zimbabwe,12.338617269160352,0.2016866994673503,REF_TRF
1714,9.441807244386018,ZIMBABWE_MASHONALAND CENTRAL_RUSHINGA,Zimbabwe,9.695776937341183,0.2539696929551649,REF_TRF
1715,10.664156619193797,ZIMBABWE_MASHONALAND CENTRAL_SHAMVA,Zimbabwe,10.901193603159983,0.23703698396618655,REF_TRF
1716,9.889847514371525,ZIMBABWE_MASHONALAND EAST_CHIKOMBA,Zimbabwe,10.1761282363082,0.2862807219366754,REF_TRF
1717,11.626433967562338,ZIMBABWE_MASHONALAND EAST_GOROMONZI,Zimbabwe,11.874815098762987,0.24838113120064875,REF_TRF
1718,10.384152417806984,ZIMBABWE_MASHONALAND EAST_HWEDZA,Zimbabwe,10.665867503850247,0.28171508604326334,REF_TRF
1719,11.565535483538344,ZIMBABWE_MASHONALAND EAST_MARONDERA,Zimbabwe,11.834620155548528,0.2690846720101838,REF_TRF
1720,11.13585105900918,ZIMBABWE_MASHONALAND EAST_MARONDERA URBAN,Zimbabwe,11.398720055671646,0.26286899666246555,REF_TRF
1721,10.237152201692776,ZIMBABWE_MASHONALAND EAST_MUDZI,Zimbabwe,10.510895608283082,0.27374340659030594,REF_TRF
1722,10.2577747644041,ZIMBABWE_MASHONALAND EAST_MUREHWA,Zimbabwe,10.513594138112639,0.2558193737085386,REF_TRF
1723,11.02446781543243,ZIMBABWE_MASHONALAND EAST_MUTOKO,Zimbabwe,11.287441012908351,0.26297319747592063,REF_TRF
1724,17.361766549737997,ZIMBABWE_MASHONALAND EAST_RUWA LOCAL BOARD,Zimbabwe,17.613481037408867,0.25171448767087057,REF_TRF
1725,13.150136765627607,ZIMBABWE_MASHONALAND EAST_SEKE,Zimbabwe,13.386776275439427,0.2366395098118197,REF_TRF
1726,10.427193165837325,ZIMBABWE_MASHONALAND EAST_UZUMBA-MARAMBA-PFUNGWE,Zimbabwe,10.679258796121882,0.252065630284557,REF_TRF
1727,13.07085517759285,ZIMBABWE_MASHONALAND WEST_CHEGUTU,Zimbabwe,13.310956144747777,0.2401009671549268,REF_TRF
1728,12.764716550026845,ZIMBABWE_MASHONALAND WEST_CHEGUTU URBAN,Zimbabwe,12.996277206298746,0.2315606562719008,REF_TRF
1729,12.60747477885478,ZIMBABWE_MASHONALAND WEST_CHINHOYI,Zimbabwe,12.813012785901027,0.20553800704624692,REF_TRF
1730,10.292260527465245,ZIMBABWE_MASHONALAND WEST_HURUNGWE,Zimbabwe,10.509085658064633,0.21682513059938735,REF_TRF
1731,11.615914100937676,ZIMBABWE_MASHONALAND WEST_KADOMA,Zimbabwe,11.863381269389937,0.24746716845226047,REF_TRF
1732,10.856258486812933,ZIMBABWE_MASHONALAND WEST_KARIBA,Zimbabwe,11.309619759141903,0.4533612723289693,REF_TRF
1733,11.096176712322686,ZIMBABWE_MASHONALAND WEST_KARIBA URBAN,Zimbabwe,11.482472022207833,0.3862953098851474,REF_TRF
1734,12.811443018577068,ZIMBABWE_MASHONALAND WEST_KAROI,Zimbabwe,13.024750413434468,0.21330739485740047,REF_TRF
1735,12.325958855541607,ZIMBABWE_MASHONALAND WEST_MAKONDE,Zimbabwe,12.531462210694729,0.20550335515312135,REF_TRF
1736,11.623339192631619,ZIMBABWE_MASHONALAND WEST_MHONDORONGEZI,Zimbabwe,11.872195912708978,0.24885672007735948,REF_TRF
1737,12.449301952694654,ZIMBABWE_MASHONALAND WEST_NORTON,Zimbabwe,12.669949847702178,0.2206478950075237,REF_TRF
1738,12.525855961487665,ZIMBABWE_MASHONALAND WEST_SANYATI,Zimbabwe,12.775927492537354,0.2500715310496897,REF_TRF
1739,10.250731950838976,ZIMBABWE_MASHONALAND WEST_ZVIMBA,Zimbabwe,10.465050315524955,0.21431836468597965,REF_TRF
1740,10.612464226300078,ZIMBABWE_MASVINGO_BIKITA,Zimbabwe,10.965308203617603,0.3528439773175247,REF_TRF
1741,8.97570594354632,ZIMBABWE_MASVINGO_CHIREDZI RURAL,Zimbabwe,9.37385461397578,0.39814867042946034,REF_TRF
1742,9.262997116869535,ZIMBABWE_MASVINGO_CHIREDZI URBAN,Zimbabwe,9.660883254274534,0.3978861374049991,REF_TRF
1743,9.761018614339513,ZIMBABWE_MASVINGO_CHIVI,Zimbabwe,10.13534894303816,0.37433032869864746,REF_TRF
1744,9.64503714706225,ZIMBABWE_MASVINGO_GUTU,Zimbabwe,9.981404513674786,0.3363673666125351,REF_TRF
1745,9.07382752157637,ZIMBABWE_MASVINGO_MASVINGO,Zimbabwe,9.405735244914318,0.3319077233379488,REF_TRF
1746,9.179718434897284,ZIMBABWE_MASVINGO_MASVINGO RURAL,Zimbabwe,9.527267327678038,0.34754889278075396,REF_TRF
1747,8.66191793346102,ZIMBABWE_MASVINGO_MWENEZI,Zimbabwe,9.070662796091813,0.4087448626307939,REF_TRF
1748,8.434611799643093,ZIMBABWE_MASVINGO_ZAKA,Zimbabwe,8.84114193365237,0.4065301340092766,REF_TRF
1749,9.384819987288783,ZIMBABWE_MATABELELAND NORTH_BINGA,Zimbabwe,9.698069731648097,0.3132497443593145,REF_TRF
1750,8.742516941684736,ZIMBABWE_MATABELELAND NORTH_BUBI,Zimbabwe,9.025060934841942,0.2825439931572067,REF_TRF
1751,10.003940092289291,ZIMBABWE_MATABELELAND NORTH_HWANGE,Zimbabwe,10.2754258106006,0.2714857183113093,REF_TRF
1752,9.57082952664295,ZIMBABWE_MATABELELAND NORTH_HWANGE URBAN,Zimbabwe,9.858105529935239,0.2872760032922894,REF_TRF
1753,8.65708231348103,ZIMBABWE_MATABELELAND NORTH_LUPANE,Zimbabwe,8.936738405433484,0.2796560919524538,REF_TRF
1754,9.7642720847148,ZIMBABWE_MATABELELAND NORTH_NKAYI,Zimbabwe,10.068231108031597,0.30395902331679636,REF_TRF
1755,8.67043299610166,ZIMBABWE_MATABELELAND NORTH_TSHOLOTSHO,Zimbabwe,8.941637590405804,0.27120459430414456,REF_TRF
1756,9.010318956887652,ZIMBABWE_MATABELELAND NORTH_UMGUZA,Zimbabwe,9.30135835047339,0.2910393935857378,REF_TRF
1757,11.756029939538413,ZIMBABWE_MATABELELAND NORTH_VICTORIA FALLS,Zimbabwe,12.076782278748695,0.3207523392102818,REF_TRF
1758,8.968288121133396,ZIMBABWE_MATABELELAND SOUTH_BEITBRIDGE RURAL,Zimbabwe,9.443753846775927,0.47546572564253076,REF_TRF
1759,17.285832912334072,ZIMBABWE_MATABELELAND SOUTH_BEITBRIDGE URBAN,Zimbabwe,17.859362803087585,0.5735298907535125,REF_TRF
1760,10.075915127537426,ZIMBABWE_MATABELELAND SOUTH_BULILIMA,Zimbabwe,10.361822540090085,0.2859074125526586,REF_TRF
1761,8.7873804878143,ZIMBABWE_MATABELELAND SOUTH_GWANDA,Zimbabwe,9.140857544553112,0.3534770567388126,REF_TRF
1762,9.145846869037003,ZIMBABWE_MATABELELAND SOUTH_GWANDA URBAN,Zimbabwe,9.47057610360134,0.32472923456433733,REF_TRF
1763,8.98105488283961,ZIMBABWE_MATABELELAND SOUTH_INSIZA,Zimbabwe,9.265440891342529,0.28438600850291884,REF_TRF
1764,9.36633452582205,ZIMBABWE_MATABELELAND SOUTH_MATOBO,Zimbabwe,9.700674287492204,0.33433976167015445,REF_TRF
1765,9.029776626932899,ZIMBABWE_MATABELELAND SOUTH_PLUMTREE,Zimbabwe,9.340935373865978,0.31115874693307966,REF_TRF
1766,9.845476673114337,ZIMBABWE_MATABELELAND SOUTH_UMZINGWANE,Zimbabwe,10.175673359510476,0.33019668639613897,REF_TRF
1767,9.51035328969844,ZIMBABWE_MIDLANDS_CHIRUMANZU,Zimbabwe,9.800523376348723,0.2901700866502832,REF_TRF
1768,10.269565001654211,ZIMBABWE_MIDLANDS_GOKWE NORTH,Zimbabwe,10.591868644778085,0.32230364312387394,REF_TRF
1769,9.469744279632627,ZIMBABWE_MIDLANDS_GOKWE SOUTH,Zimbabwe,9.781344065462397,0.3115997858297703,REF_TRF
1770,10.498686271076455,ZIMBABWE_MIDLANDS_GOKWE TOWN,Zimbabwe,10.78054593757749,0.28185966650103467,REF_TRF
1771,10.83661872973292,ZIMBABWE_MIDLANDS_GWERU,Zimbabwe,11.142376602003242,0.3057578722703216,REF_TRF
1772,10.232563401367432,ZIMBABWE_MIDLANDS_GWERU RURAL,Zimbabwe,10.531117108316236,0.29855370694880357,REF_TRF
1773,10.729766622013475,ZIMBABWE_MIDLANDS_KWEKWE,Zimbabwe,10.991594680568038,0.26182805855456337,REF_TRF
1774,11.764355618889848,ZIMBABWE_MIDLANDS_KWEKWE RURAL,Zimbabwe,12.039876707867801,0.27552108897795335,REF_TRF
1775,9.024688498055523,ZIMBABWE_MIDLANDS_MBERENGWA,Zimbabwe,9.36576407582874,0.34107557777321595,REF_TRF
1776,11.588762086743177,ZIMBABWE_MIDLANDS_REDCLIFF,Zimbabwe,11.859089338971089,0.27032725222791143,REF_TRF
1777,11.22631441078566,ZIMBABWE_MIDLANDS_SHURUGWI,Zimbabwe,11.540189519966775,0.31387510918111516,REF_TRF
1778,10.469441443630837,ZIMBABWE_MIDLANDS_SHURUGWI RURAL,Zimbabwe,10.79191053788529,0.322469094254453,REF_TRF
1779,10.404527164196733,ZIMBABWE_MIDLANDS_ZVISHAVANE,Zimbabwe,10.74237948432448,0.33785232012774813,REF_TRF
1780,13.476425928998424,ZIMBABWE_MIDLANDS_ZVISHAVANE MINE,Zimbabwe,13.837062415639966,0.3606364866415426,REF_TRF
1781,8.93625605259655,ZIMBABWE_MATABELELAND SOUTH_MANGWE,Zimbabwe,9.272785839772721,0.3365297871761719,REF_TRF
