"","census_id","new_PM25","geo_name","country","base_PM25","PM_sector","sector"
"1","0001",11.2423987798048,"ANGOLA_BENGO_AMBRIZ","Angola",11.2657541810451,0.0233554012403481,"TNR_Ship"
"2","0002",21.4819862592749,"ANGOLA_BENGO_BULA ATUMBA","Angola",21.495698248001,0.0137119887261221,"TNR_Ship"
"3","0003",13.1618602477161,"ANGOLA_BENGO_DANDE","Angola",13.220318899573,0.0584586518568422,"TNR_Ship"
"4","0004",17.5822810220121,"ANGOLA_BENGO_DEMBOS","Angola",17.5977155758204,0.0154345538082765,"TNR_Ship"
"5","0005",13.9419734571278,"ANGOLA_BENGO_NAMBUANGONGO","Angola",13.9582359811672,0.0162625240393339,"TNR_Ship"
"6","0006",19.1417154933945,"ANGOLA_BENGO_PANGO ALUQUÉM","Angola",19.1577737131949,0.0160582198003674,"TNR_Ship"
"7","0007",5.49448791517576,"ANGOLA_BENGUELA_BAÍA FARTA","Angola",5.49929779899005,0.00480988381429182,"TNR_Ship"
"8","0008",21.6059525514351,"ANGOLA_BENGUELA_BALOMBO","Angola",21.6120076967258,0.00605514529065232,"TNR_Ship"
"9","0009",6.48330865788011,"ANGOLA_BENGUELA_BENGUELA","Angola",6.48724733329285,0.00393867541274417,"TNR_Ship"
"10","0010",13.9374427665891,"ANGOLA_BENGUELA_BOCOIO","Angola",13.9507262734276,0.0132835068385138,"TNR_Ship"
"11","0011",11.3266068184258,"ANGOLA_BENGUELA_CAIMBAMBO","Angola",11.3319768872787,0.00537006885284974,"TNR_Ship"
"12","0012",7.46985643606485,"ANGOLA_BENGUELA_CATUMBELA","Angola",7.47583227202358,0.00597583595872742,"TNR_Ship"
"13","0013",7.80967710766268,"ANGOLA_BENGUELA_CHONGOROI","Angola",7.8140685891674,0.0043914815047259,"TNR_Ship"
"14","0014",10.408819624841,"ANGOLA_BENGUELA_CUBAL","Angola",10.413030434348,0.00421080950698816,"TNR_Ship"
"15","0015",13.6716593166238,"ANGOLA_BENGUELA_GANDA","Angola",13.6754847985966,0.00382548197280208,"TNR_Ship"
"16","0016",8.51309904878067,"ANGOLA_BENGUELA_LOBITO","Angola",8.5291435165122,0.016044467731529,"TNR_Ship"
"17","0017",15.5386985728263,"ANGOLA_BIÉ_ANDULO","Angola",15.5423269076499,0.00362833482367897,"TNR_Ship"
"18","0018",14.3100502072996,"ANGOLA_BIÉ_CAMACUPA","Angola",14.3136531617011,0.00360295440155056,"TNR_Ship"
"19","0019",14.0230930601367,"ANGOLA_BIÉ_CATABOLA","Angola",14.0261359236861,0.00304286354936778,"TNR_Ship"
"20","0020",13.8961929558465,"ANGOLA_BIÉ_CHINGUAR","Angola",13.8998703132841,0.00367735743759212,"TNR_Ship"
"21","0021",13.8907593265765,"ANGOLA_BIÉ_CHITEMBO","Angola",13.8942082049702,0.00344887839369612,"TNR_Ship"
"22","0022",16.8171518041424,"ANGOLA_BIÉ_CUEMBA","Angola",16.8202433677199,0.00309156357751306,"TNR_Ship"
"23","0023",14.9413692889794,"ANGOLA_BIÉ_CUITO","Angola",14.9449123321569,0.00354304317745147,"TNR_Ship"
"24","0024",14.2686466473875,"ANGOLA_BIÉ_CUNHINGA","Angola",14.2718248753573,0.00317822796980494,"TNR_Ship"
"25","0025",18.4577072117476,"ANGOLA_BIÉ_NHAREA","Angola",18.4610132301947,0.00330601844710898,"TNR_Ship"
"26","0026",5.70762861138578,"ANGOLA_CABINDA_BELIZE","Angola",5.71260186621357,0.00497325482779409,"TNR_Ship"
"27","0027",5.90945773975903,"ANGOLA_CABINDA_BUCO ZAU","Angola",5.9140072862691,0.00454954651007355,"TNR_Ship"
"28","0028",3.91010348944418,"ANGOLA_CABINDA_CABINDA","Angola",3.92348280618106,0.0133793167368834,"TNR_Ship"
"29","0029",3.82294025498945,"ANGOLA_CABINDA_CACONGO","Angola",3.82640680610608,0.0034665511166363,"TNR_Ship"
"30","0030",8.03684786144868,"ANGOLA_KUANDO KUBANGO_CALAI","Angola",8.03925558073214,0.00240771928345929,"TNR_Ship"
"31","0031",8.21225157806838,"ANGOLA_KUANDO KUBANGO_CUANGAR","Angola",8.21438026451663,0.00212868644825015,"TNR_Ship"
"32","0032",12.030359920086,"ANGOLA_KUANDO KUBANGO_CUCHI","Angola",12.0334533621543,0.00309344206831952,"TNR_Ship"
"33","0033",16.5728736339348,"ANGOLA_KUANDO KUBANGO_CUITO CUANAVALE","Angola",16.5768526456636,0.00397901172878079,"TNR_Ship"
"34","0034",14.8973576793129,"ANGOLA_KUANDO KUBANGO_DIRICO","Angola",14.9011166928157,0.00375901350276742,"TNR_Ship"
"35","0035",10.4041031136755,"ANGOLA_KUANDO KUBANGO_MAVINGA","Angola",10.4070096519075,0.00290653823199527,"TNR_Ship"
"36","0036",12.0630931932293,"ANGOLA_KUANDO KUBANGO_MENONGUE","Angola",12.0662870216789,0.00319382844959293,"TNR_Ship"
"37","0037",10.5064154011421,"ANGOLA_KUANDO KUBANGO_NANCOVA","Angola",10.5094747463029,0.00305934516085138,"TNR_Ship"
"38","0038",10.5516629648114,"ANGOLA_KUANDO KUBANGO_RIVUNGO","Angola",10.5559531253444,0.0042901605329746,"TNR_Ship"
"39","0039",25.0948915413943,"ANGOLA_KWANZA NORTE_AMBACA","Angola",25.1040816884458,0.009190147051509,"TNR_Ship"
"40","0040",21.5601150099328,"ANGOLA_KWANZA NORTE_BANGA","Angola",21.5703869286714,0.0102719187385318,"TNR_Ship"
"41","0041",24.8099331072766,"ANGOLA_KWANZA NORTE_BOLONGONGO","Angola",24.8213480381826,0.0114149309060601,"TNR_Ship"
"42","0042",17.3527273959699,"ANGOLA_KWANZA NORTE_CAMBAMBE","Angola",17.3621835027615,0.00945610679160325,"TNR_Ship"
"43","0043",20.1573392801494,"ANGOLA_KWANZA NORTE_CAZENGO","Angola",20.1683837146591,0.0110444345096496,"TNR_Ship"
"44","0044",26.5785441650823,"ANGOLA_KWANZA NORTE_GOLUNGO ALTO","Angola",26.5927854354925,0.0142412704101531,"TNR_Ship"
"45","0045",18.3412277767472,"ANGOLA_KWANZA NORTE_LUCALA","Angola",18.350062837788,0.00883506104077014,"TNR_Ship"
"46","0046",22.4178161497791,"ANGOLA_KWANZA NORTE_NGONGUEMBO","Angola",22.4292731730367,0.0114570232575986,"TNR_Ship"
"47","0047",24.8305419092758,"ANGOLA_KWANZA NORTE_QUICULUNGO","Angola",24.8396016070291,0.00905969775329041,"TNR_Ship"
"48","0048",24.1111938556927,"ANGOLA_KWANZA NORTE_SAMBA CAJÚ","Angola",24.1194706563263,0.00827680063365577,"TNR_Ship"
"49","0049",16.8544224449241,"ANGOLA_KWANZA SUL_AMBOIM","Angola",16.8606139099287,0.00619146500451251,"TNR_Ship"
"50","0050",18.7095331680766,"ANGOLA_KWANZA SUL_CASSONGUE","Angola",18.7140693494345,0.00453618135794898,"TNR_Ship"
"51","0051",17.2523284744395,"ANGOLA_KWANZA SUL_CELA","Angola",17.2565579359931,0.00422946155354964,"TNR_Ship"
"52","0052",22.2909106679844,"ANGOLA_KWANZA SUL_CONDA","Angola",22.2969921392195,0.00608147123503144,"TNR_Ship"
"53","0053",18.3168332051438,"ANGOLA_KWANZA SUL_EBO","Angola",18.3225600841849,0.00572687904105607,"TNR_Ship"
"54","0054",20.8133441087847,"ANGOLA_KWANZA SUL_LIBOLO","Angola",20.8207096029874,0.00736549420266641,"TNR_Ship"
"55","0055",19.7218067027876,"ANGOLA_KWANZA SUL_MUSSENDE","Angola",19.7265578909065,0.00475118811885977,"TNR_Ship"
"56","0056",7.28766187814624,"ANGOLA_KWANZA SUL_PORTO AMBOIM","Angola",7.29362996960492,0.00596809145867194,"TNR_Ship"
"57","0057",26.572655964974,"ANGOLA_KWANZA SUL_QUIBALA","Angola",26.5776447838391,0.00498881886503355,"TNR_Ship"
"58","0058",16.1286671807478,"ANGOLA_KWANZA SUL_QUILENDA","Angola",16.1369670711037,0.00829989035590728,"TNR_Ship"
"59","0059",20.4887908538059,"ANGOLA_KWANZA SUL_SELES","Angola",20.4951082389789,0.00631738517300562,"TNR_Ship"
"60","0060",9.78324252419721,"ANGOLA_KWANZA SUL_SUMBE","Angola",9.7916789254831,0.0084364012858984,"TNR_Ship"
"61","0061",4.59519867137654,"ANGOLA_CUNENE_CAHAMA","Angola",4.59797106520758,0.00277239383104089,"TNR_Ship"
"62","0062",7.38921423669768,"ANGOLA_CUNENE_CUANHAMA","Angola",7.39177651709836,0.0025622804006824,"TNR_Ship"
"63","0063",3.27586474232848,"ANGOLA_CUNENE_CUROCA","Angola",3.27863542189957,0.00277067957109489,"TNR_Ship"
"64","0064",8.22591846870133,"ANGOLA_CUNENE_CUVELAI","Angola",8.22865521263498,0.00273674393364942,"TNR_Ship"
"65","0065",6.08283122620293,"ANGOLA_CUNENE_NAMACUNDE","Angola",6.08536704563867,0.00253581943574055,"TNR_Ship"
"66","0066",4.17858928185436,"ANGOLA_CUNENE_OMBADJA","Angola",4.18128477276905,0.00269549091468413,"TNR_Ship"
"67","0067",15.4719108506451,"ANGOLA_HUAMBO_BAILUNDO","Angola",15.4754365546908,0.00352570404567132,"TNR_Ship"
"68","0068",11.6258819901095,"ANGOLA_HUAMBO_CAÁLA","Angola",11.6297021092318,0.00382011912228819,"TNR_Ship"
"69","0069",13.9407924290409,"ANGOLA_HUAMBO_CACHIUNGO","Angola",13.9443970981223,0.00360466908143131,"TNR_Ship"
"70","0070",14.7309841084444,"ANGOLA_HUAMBO_ECUNHA","Angola",14.735238370803,0.0042542623586268,"TNR_Ship"
"71","0071",12.7161562379685,"ANGOLA_HUAMBO_HUAMBO","Angola",12.7201462530537,0.00399001508521124,"TNR_Ship"
"72","0072",17.3871304110618,"ANGOLA_HUAMBO_LONDUIMBALI","Angola",17.3914753018487,0.00434489078689637,"TNR_Ship"
"73","0073",14.4194607421534,"ANGOLA_HUAMBO_LONGONJO","Angola",14.4236897898623,0.00422904770892352,"TNR_Ship"
"74","0074",16.256077691624,"ANGOLA_HUAMBO_MUNGO","Angola",16.2596009433157,0.00352325169177092,"TNR_Ship"
"75","0075",13.1516846056821,"ANGOLA_HUAMBO_CHICALA CHOLOHANGA","Angola",13.1554397369159,0.00375513123376869,"TNR_Ship"
"76","0076",20.7098508651828,"ANGOLA_HUAMBO_CHINJENJE","Angola",20.7148028325108,0.00495196732804004,"TNR_Ship"
"77","0077",16.6524572130009,"ANGOLA_HUAMBO_UCUMA","Angola",16.6570795361195,0.00462232311858912,"TNR_Ship"
"78","0078",10.102813170518,"ANGOLA_HUÍLA_CACONDA","Angola",10.1067195667207,0.00390639620274591,"TNR_Ship"
"79","0079",7.53253854120191,"ANGOLA_HUÍLA_CACULA","Angola",7.53619510963171,0.00365656842979689,"TNR_Ship"
"80","0080",8.25484088424713,"ANGOLA_HUÍLA_CALUQUEMBE","Angola",8.25883322220918,0.00399233796205145,"TNR_Ship"
"81","0081",5.20725511283306,"ANGOLA_HUÍLA_CHIBIA","Angola",5.21187365430599,0.00461854147293295,"TNR_Ship"
"82","0082",9.23877046652462,"ANGOLA_HUÍLA_CHICOMBA","Angola",9.24227972360862,0.00350925708399785,"TNR_Ship"
"83","0083",10.8706756483895,"ANGOLA_HUÍLA_CHIPINDO","Angola",10.8741073124078,0.00343166401827055,"TNR_Ship"
"84","0084",11.087557420986,"ANGOLA_HUÍLA_CUVANGO","Angola",11.0906905634712,0.00313314248518104,"TNR_Ship"
"85","0085",4.67008656381372,"ANGOLA_HUÍLA_GAMBOS","Angola",4.67333883974706,0.00325227593334088,"TNR_Ship"
"86","0086",5.79879558552009,"ANGOLA_HUÍLA_HUMPATA","Angola",5.80623910799308,0.00744352247299318,"TNR_Ship"
"87","0087",9.9662262140593,"ANGOLA_HUÍLA_JAMBA","Angola",9.96925395653675,0.00302774247745319,"TNR_Ship"
"88","0088",5.51711502995644,"ANGOLA_HUÍLA_LUBANGO","Angola",5.52329688706865,0.00618185711220676,"TNR_Ship"
"89","0089",7.94848410879954,"ANGOLA_HUÍLA_MATALA","Angola",7.95137790547796,0.00289379667841949,"TNR_Ship"
"90","0090",9.18308944633214,"ANGOLA_HUÍLA_QUILENGUES","Angola",9.1887855313799,0.00569608504775232,"TNR_Ship"
"91","0091",7.63587820920439,"ANGOLA_HUÍLA_QUIPUNGO","Angola",7.63895361505127,0.00307540584688937,"TNR_Ship"
"92","0092",7.41924290330994,"ANGOLA_LUANDA_BELAS","Angola",7.4526078193873,0.0333649160773604,"TNR_Ship"
"93","0093",13.8899097647986,"ANGOLA_LUANDA_CACUACO","Angola",14.1608922924553,0.270982527656756,"TNR_Ship"
"94","0094",9.21285422522336,"ANGOLA_LUANDA_CAZENGA","Angola",9.54223100311223,0.329376777888873,"TNR_Ship"
"95","0095",12.5118949006659,"ANGOLA_LUANDA_ICOLO E BENGO","Angola",12.5488194107752,0.0369245101093512,"TNR_Ship"
"96","0096",7.65597964541439,"ANGOLA_LUANDA_LUANDA","Angola",7.87847456889091,0.222494923476519,"TNR_Ship"
"97","0097",8.46952146890279,"ANGOLA_LUANDA_QUISSAMA","Angola",8.47940290850114,0.00988143959835064,"TNR_Ship"
"98","0098",13.6307296021273,"ANGOLA_LUANDA_VIANA","Angola",13.7490043615336,0.118274759406258,"TNR_Ship"
"99","0099",16.3125875301503,"ANGOLA_LUNDA NORTE_CAMBULO","Angola",16.3143749394026,0.00178740925237975,"TNR_Ship"
"100","0100",18.6764607721055,"ANGOLA_LUNDA NORTE_CAPENDA CAMULEMBA","Angola",18.6793786796793,0.00291790757380994,"TNR_Ship"
"101","0101",19.3149847269665,"ANGOLA_LUNDA NORTE_CAUNGULA","Angola",19.3180117962977,0.00302706933117136,"TNR_Ship"
"102","0102",23.8206722550594,"ANGOLA_LUNDA NORTE_CHITATO","Angola",23.8227404497248,0.00206819466536956,"TNR_Ship"
"103","0103",19.6346604462588,"ANGOLA_LUNDA NORTE_CUANGO","Angola",19.6381795335611,0.00351908730231543,"TNR_Ship"
"104","0104",25.3469408848025,"ANGOLA_LUNDA NORTE_CUILO","Angola",25.3495018705082,0.00256098570576313,"TNR_Ship"
"105","0105",23.0232026262336,"ANGOLA_LUNDA NORTE_LÓVUA","Angola",23.0256464853282,0.00244385909467226,"TNR_Ship"
"106","0106",19.6209098728787,"ANGOLA_LUNDA NORTE_LUBALO","Angola",19.623388097713,0.00247822483431293,"TNR_Ship"
"107","0107",22.8232057368027,"ANGOLA_LUNDA NORTE_LUCAPA","Angola",22.8255191035865,0.00231336678380245,"TNR_Ship"
"108","0108",22.5956983246074,"ANGOLA_LUNDA NORTE_XÁ-MUTEBA","Angola",22.5990345246729,0.00333620006554725,"TNR_Ship"
"109","0109",15.6270035977818,"ANGOLA_LUNDA SUL_CACOLO","Angola",15.6298428955015,0.00283929771969582,"TNR_Ship"
"110","0110",15.1919556495454,"ANGOLA_LUNDA SUL_DALA","Angola",15.1951526465121,0.00319699696666653,"TNR_Ship"
"111","0111",14.7213142142495,"ANGOLA_LUNDA SUL_MUCONDA","Angola",14.723778763947,0.00246454969741094,"TNR_Ship"
"112","0112",13.6743990394923,"ANGOLA_LUNDA SUL_SAURIMO","Angola",13.6766414539297,0.00224241443744688,"TNR_Ship"
"113","0113",20.3844425857361,"ANGOLA_MALANJE_CACUSO","Angola",20.3909595319544,0.00651694621825882,"TNR_Ship"
"114","0114",21.0503765349737,"ANGOLA_MALANJE_CAHOMBO","Angola",21.0555497702768,0.00517323530310776,"TNR_Ship"
"115","0115",18.7187888545547,"ANGOLA_MALANJE_CALANDULA","Angola",18.7254606973672,0.00667184281243038,"TNR_Ship"
"116","0116",19.3595001901404,"ANGOLA_MALANJE_CAMBUNDI-CATEMBO","Angola",19.3626688127217,0.00316862258128836,"TNR_Ship"
"117","0117",21.3967670217531,"ANGOLA_MALANJE_CANGANDALA","Angola",21.4008702547588,0.00410323300566517,"TNR_Ship"
"118","0118",23.6377308673578,"ANGOLA_MALANJE_CUNDA-DIA-BAZE","Angola",23.6419607125943,0.00422984523648751,"TNR_Ship"
"119","0119",18.5235614903269,"ANGOLA_MALANJE_KIWABA NZOJI","Angola",18.5288040477319,0.00524255740495505,"TNR_Ship"
"120","0120",19.1204147937858,"ANGOLA_MALANJE_LUQUEMBO","Angola",19.1236349919739,0.00322019818809949,"TNR_Ship"
"121","0121",24.7207739708536,"ANGOLA_MALANJE_MALANJE","Angola",24.7254855256045,0.0047115547508696,"TNR_Ship"
"122","0122",22.6863845062598,"ANGOLA_MALANJE_MARIMBA","Angola",22.6909047533657,0.00452024710591559,"TNR_Ship"
"123","0123",21.5725386214069,"ANGOLA_MALANJE_MASSANGO","Angola",21.5782286247906,0.00569000338366976,"TNR_Ship"
"124","0124",22.0332049744724,"ANGOLA_MALANJE_MUCARI","Angola",22.0373952593463,0.00419028487390705,"TNR_Ship"
"125","0125",23.5564638434359,"ANGOLA_MALANJE_QUELA","Angola",23.5604041738353,0.0039403303993808,"TNR_Ship"
"126","0126",20.7553674024366,"ANGOLA_MALANJE_QUIRIMA","Angola",20.7582819072627,0.00291450482610145,"TNR_Ship"
"127","0127",14.7478442907624,"ANGOLA_MOXICO_ALTO ZAMBEZE","Angola",14.7685473084279,0.0207030176655572,"TNR_Ship"
"128","0128",13.0192029033608,"ANGOLA_MOXICO_BUNDAS","Angola",13.0259716490785,0.00676874571771968,"TNR_Ship"
"129","0129",13.6247229745585,"ANGOLA_MOXICO_CAMANONGUE","Angola",13.6282382259069,0.00351525134844266,"TNR_Ship"
"130","0130",13.2289498022652,"ANGOLA_MOXICO_CAMEIA","Angola",13.2344147279549,0.0054649256896937,"TNR_Ship"
"131","0131",16.8584947740129,"ANGOLA_MOXICO_LÉUA","Angola",16.8625335324017,0.00403875838884105,"TNR_Ship"
"132","0132",14.0794527839567,"ANGOLA_MOXICO_LUACANO","Angola",14.0855894027147,0.00613661875797966,"TNR_Ship"
"133","0133",13.4464938905828,"ANGOLA_MOXICO_LUAU","Angola",13.4497130010864,0.00321911050359702,"TNR_Ship"
"134","0134",14.7568246971384,"ANGOLA_MOXICO_LUCHAZES","Angola",14.7617498057305,0.00492510859211137,"TNR_Ship"
"135","0135",13.2816306347169,"ANGOLA_MOXICO_LUENA","Angola",13.286757826274,0.00512719155711672,"TNR_Ship"
"136","0136",5.17530311751797,"ANGOLA_NAMIBE_BIBALA","Angola",5.18903230266827,0.0137291851502965,"TNR_Ship"
"137","0137",4.22899819137206,"ANGOLA_NAMIBE_CAMUCUIO","Angola",4.23637226168467,0.00737407031261306,"TNR_Ship"
"138","0138",2.56820364524303,"ANGOLA_NAMIBE_NAMIBE","Angola",2.57773271540173,0.00952907015869187,"TNR_Ship"
"139","0139",1.91068486896625,"ANGOLA_NAMIBE_TÔMBWA","Angola",1.91758053145903,0.00689566249278095,"TNR_Ship"
"140","0140",3.58534100529675,"ANGOLA_NAMIBE_VIREI","Angola",3.59249371374586,0.00715270844911675,"TNR_Ship"
"141","0141",17.1460572797886,"ANGOLA_UÍGE_AMBUILA","Angola",17.160052452587,0.0139951727983885,"TNR_Ship"
"142","0142",10.9082138986402,"ANGOLA_UÍGE_BEMBE","Angola",10.9182673895958,0.0100534909556025,"TNR_Ship"
"143","0143",19.7035363722988,"ANGOLA_UÍGE_BUENGAS","Angola",19.7112314794308,0.00769510713203658,"TNR_Ship"
"144","0144",17.0442933549665,"ANGOLA_UÍGE_BUNGO","Angola",17.0524860062578,0.00819265129129931,"TNR_Ship"
"145","0145",18.8385007325665,"ANGOLA_UÍGE_CANGOLA","Angola",18.8456398845641,0.0071391519976558,"TNR_Ship"
"146","0146",16.8791284074031,"ANGOLA_UÍGE_DAMBA","Angola",16.8884788099957,0.00935040259265207,"TNR_Ship"
"147","0147",19.6465757903454,"ANGOLA_UÍGE_MAQUELA DO ZOMBO","Angola",19.6543787093504,0.00780291900503016,"TNR_Ship"
"148","0148",17.5689381938049,"ANGOLA_UÍGE_SANTA CRUZ","Angola",17.5748040088523,0.00586581504732919,"TNR_Ship"
"149","0149",18.7523190024111,"ANGOLA_UÍGE_MUCABA","Angola",18.76300529469,0.0106862922789048,"TNR_Ship"
"150","0150",20.8470493990507,"ANGOLA_UÍGE_NEGAGE","Angola",20.8561347889446,0.00908538989389029,"TNR_Ship"
"151","0151",20.870174197345,"ANGOLA_UÍGE_PURI","Angola",20.8780944320283,0.00792023468324388,"TNR_Ship"
"152","0152",25.6220202661581,"ANGOLA_UÍGE_QUIMBELE","Angola",25.628099526345,0.00607926018697569,"TNR_Ship"
"153","0153",19.3583623236024,"ANGOLA_UÍGE_QUITEXE","Angola",19.3709869396891,0.0126246160867431,"TNR_Ship"
"154","0154",18.4236432051788,"ANGOLA_UÍGE_SANZA POMBO","Angola",18.4306594248843,0.00701621970556943,"TNR_Ship"
"155","0155",18.5901013592595,"ANGOLA_UÍGE_SONGO","Angola",18.600723395361,0.0106220361014202,"TNR_Ship"
"156","0156",20.4250444802142,"ANGOLA_UÍGE_UÍGE","Angola",20.435250795261,0.0102063150468332,"TNR_Ship"
"157","0157",15.451918713711,"ANGOLA_ZAIRE_CUIMBA","Angola",15.4642826175605,0.0123639038494971,"TNR_Ship"
"158","0158",11.9981949942863,"ANGOLA_ZAIRE_MBANZA CONGO","Angola",12.0156566307972,0.017461636510804,"TNR_Ship"
"159","0159",7.29394990756835,"ANGOLA_ZAIRE_NZETO","Angola",7.3034538445466,0.00950393697824392,"TNR_Ship"
"160","0160",8.88792500331035,"ANGOLA_ZAIRE_NÓQUI","Angola",8.93084657338867,0.0429215700783221,"TNR_Ship"
"161","0161",4.16847892422105,"ANGOLA_ZAIRE_SOYO","Angola",4.22145771853293,0.0529787943118807,"TNR_Ship"
"162","0162",7.72438773772995,"ANGOLA_ZAIRE_TOMBOCO","Angola",7.74396736090732,0.0195796231773766,"TNR_Ship"
"163","0163",9.26337750815662,"BOTSWANA_CENTRAL_BOBONONG_BOBONONG","Botswana",9.26792005587429,0.00454254771767815,"TNR_Ship"
"164","0164",9.34010776769827,"BOTSWANA_CENTRAL_BOBONONG_DAMOCHOJENA","Botswana",9.34516628459879,0.00505851690051884,"TNR_Ship"
"165","0165",9.73228448199231,"BOTSWANA_CENTRAL_BOBONONG_KOBOJANGO","Botswana",9.73698988492713,0.00470540293481569,"TNR_Ship"
"166","0166",9.11443044908928,"BOTSWANA_CENTRAL_BOBONONG_LENTSWELEMORITI","Botswana",9.11923280782286,0.00480235873357771,"TNR_Ship"
"167","0167",9.32842275360495,"BOTSWANA_CENTRAL_BOBONONG_LEPOKOLE","Botswana",9.3328337683033,0.00441101469834138,"TNR_Ship"
"168","0168",9.75729361969267,"BOTSWANA_CENTRAL_BOBONONG_MABOLWE","Botswana",9.76205333025739,0.00475971056471991,"TNR_Ship"
"169","0169",9.70503813428706,"BOTSWANA_CENTRAL_BOBONONG_MATHATHANE","Botswana",9.70981197086151,0.00477383657445074,"TNR_Ship"
"170","0170",9.15971934854375,"BOTSWANA_CENTRAL_BOBONONG_MMADINARE","Botswana",9.16477768073286,0.00505833218911533,"TNR_Ship"
"171","0171",9.47367501243185,"BOTSWANA_CENTRAL_BOBONONG_MOLALATAU","Botswana",9.4784449558368,0.00476994340495018,"TNR_Ship"
"172","0172",10.0599761207116,"BOTSWANA_CENTRAL_BOBONONG_MOLETEMANE","Botswana",10.0647322825646,0.00475616185301142,"TNR_Ship"
"173","0173",10.0089978228527,"BOTSWANA_CENTRAL_BOBONONG_MOTLHABANENG","Botswana",10.0137214333373,0.00472361048459291,"TNR_Ship"
"174","0174",9.51511926711877,"BOTSWANA_CENTRAL_BOBONONG_ROBELELA","Botswana",9.51948564734566,0.0043663802268874,"TNR_Ship"
"175","0175",9.26326211046731,"BOTSWANA_CENTRAL_BOBONONG_SEFOPHE","Botswana",9.26770229131667,0.00444018084936459,"TNR_Ship"
"176","0176",9.74854112026991,"BOTSWANA_CENTRAL_BOBONONG_SEMOLALE","Botswana",9.753298429807,0.00475730953708364,"TNR_Ship"
"177","0177",9.46556271781349,"BOTSWANA_CENTRAL_BOBONONG_TOBANE","Botswana",9.46995118186501,0.00438846405151772,"TNR_Ship"
"178","0178",9.58244863067776,"BOTSWANA_CENTRAL_BOBONONG_TSETSEBJWE","Botswana",9.58703791337319,0.00458928269542902,"TNR_Ship"
"179","0179",9.42090173715309,"BOTSWANA_CENTRAL_BOBONONG_TSHOKWE","Botswana",9.42529775536659,0.00439601821350166,"TNR_Ship"
"180","0180",9.88089503886389,"BOTSWANA_CENTRAL_BOBONONG_TULI","Botswana",9.88568337212511,0.00478833326122441,"TNR_Ship"
"181","0181",7.45668005585064,"BOTSWANA_CENTRAL_BOTETI_KEDIA","Botswana",7.46131785962108,0.00463780377043665,"TNR_Ship"
"182","0182",8.23993932235511,"BOTSWANA_CENTRAL_BOTETI_KHWEE","Botswana",8.24462122849576,0.00468190614064312,"TNR_Ship"
"183","0183",9.35790789146323,"BOTSWANA_CENTRAL_BOTETI_KUMAGA","Botswana",9.36310582047705,0.00519792901381955,"TNR_Ship"
"184","0184",7.39876057644429,"BOTSWANA_CENTRAL_BOTETI_LETLHAKANE","Botswana",7.40339538645279,0.00463481000849697,"TNR_Ship"
"185","0185",7.78176521859565,"BOTSWANA_CENTRAL_BOTETI_MAKALAMABEDI","Botswana",7.78662079165856,0.00485557306291184,"TNR_Ship"
"186","0186",7.34290347815006,"BOTSWANA_CENTRAL_BOTETI_MMADIKOLA","Botswana",7.34758119594912,0.0046777177990629,"TNR_Ship"
"187","0187",8.20347519486234,"BOTSWANA_CENTRAL_BOTETI_MMATSHUMO","Botswana",8.20835814468229,0.00488294981995629,"TNR_Ship"
"188","0188",7.63054458092345,"BOTSWANA_CENTRAL_BOTETI_MOKOBOXANE","Botswana",7.6352205207281,0.00467593980464631,"TNR_Ship"
"189","0189",8.20793226192019,"BOTSWANA_CENTRAL_BOTETI_MOPIPI","Botswana",8.21273278202423,0.00480052010404641,"TNR_Ship"
"190","0190",8.18171123389429,"BOTSWANA_CENTRAL_BOTETI_MOREOMAOTO","Botswana",8.18661116496788,0.00489993107358977,"TNR_Ship"
"191","0191",8.11399236115933,"BOTSWANA_CENTRAL_BOTETI_MOSU","Botswana",8.11888499136046,0.00489263020112674,"TNR_Ship"
"192","0192",8.08574367050024,"BOTSWANA_CENTRAL_BOTETI_MOTOPI","Botswana",8.09070278832917,0.0049591178289301,"TNR_Ship"
"193","0193",7.62793126095937,"BOTSWANA_CENTRAL_BOTETI_TOROMOJA","Botswana",7.6327842069874,0.00485294602803421,"TNR_Ship"
"194","0194",7.39526609921249,"BOTSWANA_CENTRAL_BOTETI_TSIENYANE/RAKOPS","Botswana",7.40002880594462,0.00476270673212298,"TNR_Ship"
"195","0195",6.90686164272584,"BOTSWANA_CENTRAL_BOTETI_XERE","Botswana",6.91135730477395,0.00449566204811713,"TNR_Ship"
"196","0196",7.17446130856478,"BOTSWANA_CENTRAL_BOTETI_XHUMO","Botswana",7.17905489565754,0.00459358709276447,"TNR_Ship"
"197","0197",9.94897956233958,"BOTSWANA_CENTRAL_MAHALAPYE_BONWAPITSE","Botswana",9.95439006501859,0.00541050267901078,"TNR_Ship"
"198","0198",10.8988876938004,"BOTSWANA_CENTRAL_MAHALAPYE_BOROTSI","Botswana",10.9045226544735,0.00563496067305458,"TNR_Ship"
"199","0199",10.7999014325262,"BOTSWANA_CENTRAL_MAHALAPYE_CHADIBE","Botswana",10.8055566772278,0.00565524470162515,"TNR_Ship"
"200","0200",11.3465868848891,"BOTSWANA_CENTRAL_MAHALAPYE_DIBETE STATION","Botswana",11.3518527015723,0.00526581668319537,"TNR_Ship"
"201","0201",11.2025611510277,"BOTSWANA_CENTRAL_MAHALAPYE_DOVEDALE","Botswana",11.2082572456971,0.00569609466933407,"TNR_Ship"
"202","0202",9.86597859578997,"BOTSWANA_CENTRAL_MAHALAPYE_IKONGWE","Botswana",9.87096031183146,0.00498171604149,"TNR_Ship"
"203","0203",9.52878540331624,"BOTSWANA_CENTRAL_MAHALAPYE_KALAMARE","Botswana",9.53409562239206,0.00531021907581675,"TNR_Ship"
"204","0204",8.49799858777399,"BOTSWANA_CENTRAL_MAHALAPYE_KODIBELENG","Botswana",8.50276867339322,0.00477008561923142,"TNR_Ship"
"205","0205",10.8943935117213,"BOTSWANA_CENTRAL_MAHALAPYE_KUDUMATSE","Botswana",10.8999502131103,0.00555670138892239,"TNR_Ship"
"206","0206",10.2029285838725,"BOTSWANA_CENTRAL_MAHALAPYE_MAAPE","Botswana",10.2083521656355,0.00542358176305413,"TNR_Ship"
"207","0207",10.7759250754873,"BOTSWANA_CENTRAL_MAHALAPYE_MACHANENG","Botswana",10.7816199958557,0.00569492036836827,"TNR_Ship"
"208","0208",10.6104418528883,"BOTSWANA_CENTRAL_MAHALAPYE_MAHALAPYE","Botswana",10.6158239589215,0.00538210603317424,"TNR_Ship"
"209","0209",10.7938493691046,"BOTSWANA_CENTRAL_MAHALAPYE_MAKWATE","Botswana",10.7995685175256,0.00571914842106303,"TNR_Ship"
"210","0210",10.9396745318956,"BOTSWANA_CENTRAL_MAHALAPYE_MATLHAKO","Botswana",10.9453372374214,0.00566270552573123,"TNR_Ship"
"211","0211",10.1099478556448,"BOTSWANA_CENTRAL_MAHALAPYE_MHALAPITSA","Botswana",10.1153392404819,0.00539138483713053,"TNR_Ship"
"212","0212",11.1519654702108,"BOTSWANA_CENTRAL_MAHALAPYE_MMAPHASHALALA","Botswana",11.1572193667852,0.00525389657439668,"TNR_Ship"
"213","0213",9.94559042627583,"BOTSWANA_CENTRAL_MAHALAPYE_MMUTLANA","Botswana",9.95096454635134,0.00537412007551197,"TNR_Ship"
"214","0214",9.5911093746276,"BOTSWANA_CENTRAL_MAHALAPYE_MOKGENENE","Botswana",9.59614951095586,0.00504013632826528,"TNR_Ship"
"215","0215",10.8333653303148,"BOTSWANA_CENTRAL_MAHALAPYE_MOKOBENG","Botswana",10.8389795223005,0.00561419198570867,"TNR_Ship"
"216","0216",10.8328500903512,"BOTSWANA_CENTRAL_MAHALAPYE_MOKOSWANE","Botswana",10.8384890420901,0.00563895173894835,"TNR_Ship"
"217","0217",11.8523039668841,"BOTSWANA_CENTRAL_MAHALAPYE_MOOKANE","Botswana",11.8575852009684,0.00528123408435732,"TNR_Ship"
"218","0218",9.06906327988597,"BOTSWANA_CENTRAL_MAHALAPYE_MORALANE","Botswana",9.07388953718335,0.0048262572973794,"TNR_Ship"
"219","0219",10.6548858438564,"BOTSWANA_CENTRAL_MAHALAPYE_MOSHOPHA","Botswana",10.6604070901318,0.00552124627536443,"TNR_Ship"
"220","0220",9.50627930931746,"BOTSWANA_CENTRAL_MAHALAPYE_MOSOLOTSHANE","Botswana",9.51121095729358,0.00493164797612522,"TNR_Ship"
"221","0221",10.3046483434971,"BOTSWANA_CENTRAL_MAHALAPYE_NGWAPA","Botswana",10.3102806268209,0.00563228332380028,"TNR_Ship"
"222","0222",8.97892702280318,"BOTSWANA_CENTRAL_MAHALAPYE_OTSE","Botswana",8.9837923984732,0.00486537567001122,"TNR_Ship"
"223","0223",10.7904212073805,"BOTSWANA_CENTRAL_MAHALAPYE_PALLA ROAD/DINOKWE","Botswana",10.7956299343321,0.00520872695153685,"TNR_Ship"
"224","0224",10.2765098040399,"BOTSWANA_CENTRAL_MAHALAPYE_PILIKWE","Botswana",10.2818548941081,0.0053450900681451,"TNR_Ship"
"225","0225",10.5336628690126,"BOTSWANA_CENTRAL_MAHALAPYE_POLOKA","Botswana",10.5388124781411,0.00514960912855322,"TNR_Ship"
"226","0226",10.4231187860198,"BOTSWANA_CENTRAL_MAHALAPYE_RAMOKGONAMI","Botswana",10.4286290440811,0.00551025806124983,"TNR_Ship"
"227","0227",10.8448446955204,"BOTSWANA_CENTRAL_MAHALAPYE_SEFHARE","Botswana",10.8504223312014,0.0055776356809929,"TNR_Ship"
"228","0228",10.6876414075723,"BOTSWANA_CENTRAL_MAHALAPYE_SELEKA","Botswana",10.6931821338341,0.00554072626178481,"TNR_Ship"
"229","0229",10.2311169754451,"BOTSWANA_CENTRAL_MAHALAPYE_SHAKWE","Botswana",10.2367387373421,0.0056217618969896,"TNR_Ship"
"230","0230",9.85398365647644,"BOTSWANA_CENTRAL_MAHALAPYE_SHOSHONG","Botswana",9.85899414317214,0.00501048669570459,"TNR_Ship"
"231","0231",10.2943143094613,"BOTSWANA_CENTRAL_MAHALAPYE_TAUPYE","Botswana",10.29977400853,0.00545969906865729,"TNR_Ship"
"232","0232",9.71891695512861,"BOTSWANA_CENTRAL_MAHALAPYE_TEWANE","Botswana",9.72410539146346,0.00518843633485311,"TNR_Ship"
"233","0233",10.5579547265456,"BOTSWANA_CENTRAL_MAHALAPYE_TULI","Botswana",10.5637087488585,0.00575402231286049,"TNR_Ship"
"234","0234",10.5409500540947,"BOTSWANA_CENTRAL_MAHALAPYE_TUMASERA","Botswana",10.5465099761163,0.00555992202160738,"TNR_Ship"
"235","0235",10.2299934271783,"BOTSWANA_CENTRAL_SEROWE PALAPYE_DILORO","Botswana",10.2353370293381,0.0053436021597868,"TNR_Ship"
"236","0236",8.55026291417742,"BOTSWANA_CENTRAL_SEROWE PALAPYE_DIMAJWE","Botswana",8.55522182921752,0.00495891504009371,"TNR_Ship"
"237","0237",9.51474507396012,"BOTSWANA_CENTRAL_SEROWE PALAPYE_GAMABUO","Botswana",9.51949503327053,0.00474995931041455,"TNR_Ship"
"238","0238",9.21249352337306,"BOTSWANA_CENTRAL_SEROWE PALAPYE_GOJWANE","Botswana",9.21758656442371,0.00509304105065844,"TNR_Ship"
"239","0239",10.0710187828765,"BOTSWANA_CENTRAL_SEROWE PALAPYE_GOO-SEKGWENG","Botswana",10.0764251856023,0.00540640272575033,"TNR_Ship"
"240","0240",10.1748873658171,"BOTSWANA_CENTRAL_SEROWE PALAPYE_GOOTAU","Botswana",10.1803060525215,0.00541868670439172,"TNR_Ship"
"241","0241",9.88269220541002,"BOTSWANA_CENTRAL_SEROWE PALAPYE_KGAGODI","Botswana",9.88800256016009,0.00531035475007258,"TNR_Ship"
"242","0242",10.5272212771441,"BOTSWANA_CENTRAL_SEROWE PALAPYE_LECHENG","Botswana",10.532531974994,0.00531069784992688,"TNR_Ship"
"243","0243",10.1549204692965,"BOTSWANA_CENTRAL_SEROWE PALAPYE_LERALA","Botswana",10.1604953722736,0.00557490297710395,"TNR_Ship"
"244","0244",10.4260444621981,"BOTSWANA_CENTRAL_SEROWE PALAPYE_LESENEPOLE/MATOLWANE","Botswana",10.4314205904832,0.00537612828511769,"TNR_Ship"
"245","0245",9.00665301576203,"BOTSWANA_CENTRAL_SEROWE PALAPYE_MABELEAPUDI","Botswana",9.01166970827476,0.00501669251272574,"TNR_Ship"
"246","0246",8.80927576466646,"BOTSWANA_CENTRAL_SEROWE PALAPYE_MAJWANAADIPITSE","Botswana",8.81434639525503,0.00507063058857682,"TNR_Ship"
"247","0247",10.5038266578665,"BOTSWANA_CENTRAL_SEROWE PALAPYE_MAJWANENG","Botswana",10.5093658736818,0.00553921581526495,"TNR_Ship"
"248","0248",9.67120684641385,"BOTSWANA_CENTRAL_SEROWE PALAPYE_MALAKA","Botswana",9.676565429877,0.00535858346315443,"TNR_Ship"
"249","0249",8.09154434653162,"BOTSWANA_CENTRAL_SEROWE PALAPYE_MALATSWAI","Botswana",8.09648378181837,0.00493943528674379,"TNR_Ship"
"250","0250",11.2918100804656,"BOTSWANA_CENTRAL_SEROWE PALAPYE_MANALEDI","Botswana",11.2972329225324,0.00542284206674104,"TNR_Ship"
"251","0251",10.0808275780323,"BOTSWANA_CENTRAL_SEROWE PALAPYE_MATLHAKOLA","Botswana",10.0862241562568,0.00539657822452178,"TNR_Ship"
"252","0252",10.3096409916195,"BOTSWANA_CENTRAL_SEROWE PALAPYE_MAUNATLALA","Botswana",10.3150696271692,0.00542863554966466,"TNR_Ship"
"253","0253",10.0755210299775,"BOTSWANA_CENTRAL_SEROWE PALAPYE_MMASHORO","Botswana",10.0802608207682,0.00473979079076869,"TNR_Ship"
"254","0254",10.3866178369893,"BOTSWANA_CENTRAL_SEROWE PALAPYE_MOENG","Botswana",10.3920713715836,0.00545353459435383,"TNR_Ship"
"255","0255",9.62487733444316,"BOTSWANA_CENTRAL_SEROWE PALAPYE_MOGAPI","Botswana",9.63021690664346,0.00533957220029713,"TNR_Ship"
"256","0256",9.84481074510316,"BOTSWANA_CENTRAL_SEROWE PALAPYE_MOGAPINYANA","Botswana",9.85015876930723,0.00534802420407487,"TNR_Ship"
"257","0257",9.47673222103809,"BOTSWANA_CENTRAL_SEROWE PALAPYE_MOGOME","Botswana",9.48186101203763,0.00512879099954588,"TNR_Ship"
"258","0258",10.3992219089329,"BOTSWANA_CENTRAL_SEROWE PALAPYE_MOGOROSI","Botswana",10.4042261383535,0.00500422942063317,"TNR_Ship"
"259","0259",7.48688645584299,"BOTSWANA_CENTRAL_SEROWE PALAPYE_MOIYABANA","Botswana",7.49152284169136,0.00463638584837156,"TNR_Ship"
"260","0260",9.60375711220153,"BOTSWANA_CENTRAL_SEROWE PALAPYE_MOKGWARE","Botswana",9.60900362746179,0.00524651526025721,"TNR_Ship"
"261","0261",10.1418506670333,"BOTSWANA_CENTRAL_SEROWE PALAPYE_MOKHUNGWANA","Botswana",10.14722718197,0.00537651493669955,"TNR_Ship"
"262","0262",10.2653735982085,"BOTSWANA_CENTRAL_SEROWE PALAPYE_MOKOKWANA","Botswana",10.2708233674996,0.005449769291058,"TNR_Ship"
"263","0263",10.4488777225207,"BOTSWANA_CENTRAL_SEROWE PALAPYE_MOREMI","Botswana",10.4542282938114,0.00535057129068761,"TNR_Ship"
"264","0264",9.17716452204448,"BOTSWANA_CENTRAL_SEROWE PALAPYE_MOREOMABELE","Botswana",9.18227699763152,0.00511247558704042,"TNR_Ship"
"265","0265",10.2165813251382,"BOTSWANA_CENTRAL_SEROWE PALAPYE_MOSWEU","Botswana",10.2220310573184,0.00544973218017475,"TNR_Ship"
"266","0266",10.6891192640296,"BOTSWANA_CENTRAL_SEROWE PALAPYE_MOTSHEGALETAU","Botswana",10.6941517617603,0.00503249773069925,"TNR_Ship"
"267","0267",8.88155575985432,"BOTSWANA_CENTRAL_SEROWE PALAPYE_PAJE","Botswana",8.88648026084286,0.00492450098854036,"TNR_Ship"
"268","0268",10.5296739363691,"BOTSWANA_CENTRAL_SEROWE PALAPYE_PALAPYE","Botswana",10.5349487111374,0.00527477476821936,"TNR_Ship"
"269","0269",10.193838327735,"BOTSWANA_CENTRAL_SEROWE PALAPYE_RADISELE","Botswana",10.1989903926948,0.00515206495979292,"TNR_Ship"
"270","0270",10.2806276383015,"BOTSWANA_CENTRAL_SEROWE PALAPYE_RATHOLO","Botswana",10.2860338779925,0.00540623969099485,"TNR_Ship"
"271","0271",9.83511504803928,"BOTSWANA_CENTRAL_SEROWE PALAPYE_SEHUNOU","Botswana",9.84020416450544,0.00508911646616461,"TNR_Ship"
"272","0272",11.0199713107688,"BOTSWANA_CENTRAL_SEROWE PALAPYE_SEOLWANE","Botswana",11.0254812481556,0.00550993738683836,"TNR_Ship"
"273","0273",9.14508692265225,"BOTSWANA_CENTRAL_SEROWE PALAPYE_SEROWE","Botswana",9.14989565681671,0.00480873416445426,"TNR_Ship"
"274","0274",9.4187239575674,"BOTSWANA_CENTRAL_SEROWE PALAPYE_SERULE","Botswana",9.42383197119748,0.00510801363008007,"TNR_Ship"
"275","0275",9.52366318130318,"BOTSWANA_CENTRAL_SEROWE PALAPYE_TAMASANE","Botswana",9.52892991740511,0.00526673610192674,"TNR_Ship"
"276","0276",10.6353881952295,"BOTSWANA_CENTRAL_SEROWE PALAPYE_THABALA","Botswana",10.6403902283782,0.0050020331486671,"TNR_Ship"
"277","0277",9.15451469756556,"BOTSWANA_CENTRAL_SEROWE PALAPYE_TOPISI","Botswana",9.15969249892991,0.00517780136435064,"TNR_Ship"
"278","0278",9.09351975506141,"BOTSWANA_CENTRAL_SEROWE PALAPYE_TSHIMOYAPULA","Botswana",9.09865300829676,0.00513325323534986,"TNR_Ship"
"279","0279",9.5799079770832,"BOTSWANA_CENTRAL_SEROWE PALAPYE_TULI","Botswana",9.58457335095033,0.00466537386713028,"TNR_Ship"
"280","0280",9.41504682776823,"BOTSWANA_CENTRAL_TUTUME_BOROLONG","Botswana",9.4197936109719,0.00474678320367516,"TNR_Ship"
"281","0281",9.35737326223313,"BOTSWANA_CENTRAL_TUTUME_BOROTSI","Botswana",9.36213768482675,0.00476442259361498,"TNR_Ship"
"282","0282",9.51659475182613,"BOTSWANA_CENTRAL_TUTUME_CHADIBE","Botswana",9.52134143104495,0.00474667921881711,"TNR_Ship"
"283","0283",9.34017940421995,"BOTSWANA_CENTRAL_TUTUME_CHANGATE","Botswana",9.34428818237499,0.00410877815503419,"TNR_Ship"
"284","0284",9.60028994351972,"BOTSWANA_CENTRAL_TUTUME_DAGWI","Botswana",9.60443023803291,0.00414029451319387,"TNR_Ship"
"285","0285",8.88495005853536,"BOTSWANA_CENTRAL_TUTUME_DUKWI","Botswana",8.88984012208997,0.00489006355461719,"TNR_Ship"
"286","0286",9.13394850054435,"BOTSWANA_CENTRAL_TUTUME_GOSHWE","Botswana",9.13863245532768,0.00468395478332617,"TNR_Ship"
"287","0287",9.19679488111916,"BOTSWANA_CENTRAL_TUTUME_GWETA","Botswana",9.20239268845453,0.00559780733536819,"TNR_Ship"
"288","0288",9.62753513929664,"BOTSWANA_CENTRAL_TUTUME_JAMATAKA","Botswana",9.63234742183418,0.00481228253754651,"TNR_Ship"
"289","0289",9.34254250883536,"BOTSWANA_CENTRAL_TUTUME_KUTAMOGREE","Botswana",9.34733787303535,0.00479536419998894,"TNR_Ship"
"290","0290",8.89334578378672,"BOTSWANA_CENTRAL_TUTUME_LEPASHE","Botswana",8.89823492995696,0.00488914617023717,"TNR_Ship"
"291","0291",9.05110557210211,"BOTSWANA_CENTRAL_TUTUME_MABESEKWA","Botswana",9.05598137749403,0.00487580539192578,"TNR_Ship"
"292","0292",9.24869440794255,"BOTSWANA_CENTRAL_TUTUME_MAFONGO/HOBONA","Botswana",9.25344894322926,0.0047545352867111,"TNR_Ship"
"293","0293",9.35069777900578,"BOTSWANA_CENTRAL_TUTUME_MAITENGWE","Botswana",9.35536614993023,0.0046683709244526,"TNR_Ship"
"294","0294",9.68391789319473,"BOTSWANA_CENTRAL_TUTUME_MAKOBO","Botswana",9.68871747356771,0.00479958037297301,"TNR_Ship"
"295","0295",9.67707962237567,"BOTSWANA_CENTRAL_TUTUME_MAKUTA","Botswana",9.68184894891781,0.00476932654214579,"TNR_Ship"
"296","0296",9.46966572878546,"BOTSWANA_CENTRAL_TUTUME_MANDUNYANE","Botswana",9.47447623450106,0.00481050571559827,"TNR_Ship"
"297","0297",10.2850537435165,"BOTSWANA_CENTRAL_TUTUME_MAPOSA","Botswana",10.2900367379517,0.0049829944351174,"TNR_Ship"
"298","0298",9.56313321100352,"BOTSWANA_CENTRAL_TUTUME_MARAPONG","Botswana",9.5679256524298,0.00479244142628055,"TNR_Ship"
"299","0299",9.34739877438456,"BOTSWANA_CENTRAL_TUTUME_MAROBELA","Botswana",9.35215112231107,0.00475234792651058,"TNR_Ship"
"300","0300",9.51874783668129,"BOTSWANA_CENTRAL_TUTUME_MATHANGWANE","Botswana",9.52351334904842,0.0047655123671273,"TNR_Ship"
"301","0301",9.51187934292256,"BOTSWANA_CENTRAL_TUTUME_MATOBO","Botswana",9.51654141337131,0.00466207044874878,"TNR_Ship"
"302","0302",8.8239131604884,"BOTSWANA_CENTRAL_TUTUME_MATSITAMA","Botswana",8.82881465835075,0.00490149786235605,"TNR_Ship"
"303","0303",10.702059306862,"BOTSWANA_CENTRAL_TUTUME_MMANXOTAE","Botswana",10.7068477656463,0.00478845878433276,"TNR_Ship"
"304","0304",8.95257054034797,"BOTSWANA_CENTRAL_TUTUME_MMEYA","Botswana",8.95744530718544,0.0048747668374638,"TNR_Ship"
"305","0305",8.61265135415195,"BOTSWANA_CENTRAL_TUTUME_MOKUBILO","Botswana",8.61752622302292,0.00487486887096722,"TNR_Ship"
"306","0306",8.82357764239368,"BOTSWANA_CENTRAL_TUTUME_MOSETSE","Botswana",8.82834573770728,0.00476809531359557,"TNR_Ship"
"307","0307",9.76129051784831,"BOTSWANA_CENTRAL_TUTUME_NATA","Botswana",9.7661854534866,0.00489493563829235,"TNR_Ship"
"308","0308",9.48015212523002,"BOTSWANA_CENTRAL_TUTUME_NATALE","Botswana",9.48497446679308,0.00482234156305239,"TNR_Ship"
"309","0309",9.31573473671615,"BOTSWANA_CENTRAL_TUTUME_NKANGE","Botswana",9.32044009629339,0.00470535957724039,"TNR_Ship"
"310","0310",9.40338704395682,"BOTSWANA_CENTRAL_TUTUME_NSHAKASHOKWE","Botswana",9.40812679899205,0.00473975503523505,"TNR_Ship"
"311","0311",9.44488143251207,"BOTSWANA_CENTRAL_TUTUME_NSWAZWI","Botswana",9.44962221738754,0.0047407848754748,"TNR_Ship"
"312","0312",9.44142899745279,"BOTSWANA_CENTRAL_TUTUME_SEBINA","Botswana",9.44618738117532,0.00475838372253179,"TNR_Ship"
"313","0313",9.51837044602643,"BOTSWANA_CENTRAL_TUTUME_SEMITWE","Botswana",9.523152552584,0.00478210655757216,"TNR_Ship"
"314","0314",9.65091717859263,"BOTSWANA_CENTRAL_TUTUME_SENETE","Botswana",9.65560889747892,0.00469171888628317,"TNR_Ship"
"315","0315",11.8234163716474,"BOTSWANA_CENTRAL_TUTUME_SEPAKO","Botswana",11.8282490323986,0.00483266075119637,"TNR_Ship"
"316","0316",9.30665663749227,"BOTSWANA_CENTRAL_TUTUME_SHASHE-MOOKE","Botswana",9.31141461557009,0.00475797807782108,"TNR_Ship"
"317","0317",9.57448961699301,"BOTSWANA_CENTRAL_TUTUME_SHASHE/SEMOTSWANE","Botswana",9.57938778697741,0.00489816998439707,"TNR_Ship"
"318","0318",10.2900039282341,"BOTSWANA_CENTRAL_TUTUME_TONOTA","Botswana",10.2949445088289,0.00494058059481617,"TNR_Ship"
"319","0319",12.4023857607619,"BOTSWANA_CENTRAL_TUTUME_TSHOKATSHAA","Botswana",12.4078147328831,0.00542897212115534,"TNR_Ship"
"320","0320",9.86599410031219,"BOTSWANA_CENTRAL_TUTUME_TUTUME","Botswana",9.87067498351133,0.0046808831991374,"TNR_Ship"
"321","0321",10.1329916689814,"BOTSWANA_CENTRAL_TUTUME_ZOROGA","Botswana",10.1377874138303,0.00479574484895551,"TNR_Ship"
"322","0322",11.750752112444,"BOTSWANA_CHOBE_CHOBE_KACHIKAU","Botswana",11.7724842101658,0.0217320977218129,"TNR_Ship"
"323","0323",11.2211887920119,"BOTSWANA_CHOBE_CHOBE_KASANE","Botswana",11.2347916239966,0.0136028319847874,"TNR_Ship"
"324","0324",9.84400919075174,"BOTSWANA_CHOBE_CHOBE_KATABA","Botswana",9.85497908070574,0.0109698899539978,"TNR_Ship"
"325","0325",11.2292384781144,"BOTSWANA_CHOBE_CHOBE_KAVIMBA","Botswana",11.2525580548207,0.0233195767063226,"TNR_Ship"
"326","0326",11.9414160033838,"BOTSWANA_CHOBE_CHOBE_KAZUNGULA","Botswana",11.9575627225799,0.0161467191960654,"TNR_Ship"
"327","0327",11.4215153061224,"BOTSWANA_CHOBE_CHOBE_LESOMA","Botswana",11.4345972038001,0.0130818976776688,"TNR_Ship"
"328","0328",11.968640596959,"BOTSWANA_CHOBE_CHOBE_MUCHINJE/MABELE","Botswana",11.9972316492334,0.0285910522744004,"TNR_Ship"
"329","0329",10.0433392920283,"BOTSWANA_CHOBE_CHOBE_NUMBER SEVEN","Botswana",10.0554731019725,0.012133809944233,"TNR_Ship"
"330","0330",8.92601909227901,"BOTSWANA_CHOBE_CHOBE_PANDAMATENGA","Botswana",8.93341029839126,0.00739120611225452,"TNR_Ship"
"331","0331",11.3332911543016,"BOTSWANA_CHOBE_CHOBE_PARAKARUNGU","Botswana",11.3483600309072,0.0150688766055342,"TNR_Ship"
"332","0332",12.0456035708412,"BOTSWANA_CHOBE_CHOBE_SATAU","Botswana",12.067494390565,0.0218908197237813,"TNR_Ship"
"333","0333",15.2051664369598,"BOTSWANA_GABORONE_GABORONE_GABORONE","Botswana",15.2103760830827,0.00520964612283947,"TNR_Ship"
"334","0334",6.19354415630909,"BOTSWANA_GHANZI_CENTRAL KGALAGADI GAME RESERVE_CENTRAL KGALAGADI GAME RESERVE","Botswana",6.19752869318536,0.00398453687626965,"TNR_Ship"
"335","0335",5.97602042858706,"BOTSWANA_GHANZI_GHANZI_B. VISSER","Botswana",5.97965330437176,0.00363287578469595,"TNR_Ship"
"336","0336",5.66466917917774,"BOTSWANA_GHANZI_GHANZI_BERE","Botswana",5.66820291619076,0.00353373701301418,"TNR_Ship"
"337","0337",4.98435064173957,"BOTSWANA_GHANZI_GHANZI_CHARLES HILL","Botswana",4.9876894250054,0.00333878326583292,"TNR_Ship"
"338","0338",5.79445636381339,"BOTSWANA_GHANZI_GHANZI_CHARLES SHELDON","Botswana",5.79788650553,0.00343014171661249,"TNR_Ship"
"339","0339",5.30767939305408,"BOTSWANA_GHANZI_GHANZI_CHOBOKWANE","Botswana",5.31102893292091,0.00334953986683573,"TNR_Ship"
"340","0340",5.76541125457283,"BOTSWANA_GHANZI_GHANZI_DECT ETIN","Botswana",5.76883317380766,0.00342191923482815,"TNR_Ship"
"341","0341",5.75801364489354,"BOTSWANA_GHANZI_GHANZI_DEKAR","Botswana",5.7614567168283,0.00344307193475757,"TNR_Ship"
"342","0342",5.55778322242225,"BOTSWANA_GHANZI_GHANZI_EAST HANAHAI","Botswana",5.56139434978114,0.00361112735888813,"TNR_Ship"
"343","0343",5.85283304642639,"BOTSWANA_GHANZI_GHANZI_GHANZI","Botswana",5.85621709080901,0.00338404438262252,"TNR_Ship"
"344","0344",5.82839512009274,"BOTSWANA_GHANZI_GHANZI_GROOTE LAAGTE","Botswana",5.83172331392692,0.00332819383417693,"TNR_Ship"
"345","0345",4.90341855907329,"BOTSWANA_GHANZI_GHANZI_HANS METZLER","Botswana",4.90670882523857,0.0032902661652825,"TNR_Ship"
"346","0346",4.97185255170531,"BOTSWANA_GHANZI_GHANZI_J. RANSALL","Botswana",4.97512725912548,0.00327470742017155,"TNR_Ship"
"347","0347",5.43522063426707,"BOTSWANA_GHANZI_GHANZI_JANKI JANKI","Botswana",5.43870535703102,0.00348472276394052,"TNR_Ship"
"348","0348",5.72794357243586,"BOTSWANA_GHANZI_GHANZI_JERUNG","Botswana",5.73153602488264,0.00359245244677364,"TNR_Ship"
"349","0349",6.28545191652242,"BOTSWANA_GHANZI_GHANZI_JOHN FARM","Botswana",6.2889297903904,0.00347787386798437,"TNR_Ship"
"350","0350",5.67570775636387,"BOTSWANA_GHANZI_GHANZI_KACGAE","Botswana",5.67934728226078,0.00363952589691152,"TNR_Ship"
"351","0351",5.06085019197428,"BOTSWANA_GHANZI_GHANZI_KARAKOBIS","Botswana",5.06414814487237,0.00329795289809631,"TNR_Ship"
"352","0352",5.08376188771433,"BOTSWANA_GHANZI_GHANZI_KULE","Botswana",5.08728235091275,0.0035204631984227,"TNR_Ship"
"353","0353",5.12867524212071,"BOTSWANA_GHANZI_GHANZI_MAGONO MAGONO","Botswana",5.13215943087051,0.00348418874980094,"TNR_Ship"
"354","0354",5.48539148174695,"BOTSWANA_GHANZI_GHANZI_MAKUNDA","Botswana",5.48876706421189,0.00337558246493419,"TNR_Ship"
"355","0355",5.50900555165093,"BOTSWANA_GHANZI_GHANZI_MASIRE'S FARM","Botswana",5.5124028029601,0.00339725130916957,"TNR_Ship"
"356","0356",5.01950733002994,"BOTSWANA_GHANZI_GHANZI_NCOJANE","Botswana",5.02310865241695,0.0036013223870146,"TNR_Ship"
"357","0357",5.60422361965084,"BOTSWANA_GHANZI_GHANZI_NEW XADE","Botswana",5.60779748679853,0.00357386714768992,"TNR_Ship"
"358","0358",5.03474798259637,"BOTSWANA_GHANZI_GHANZI_NEW XANAGAS","Botswana",5.03815501682934,0.00340703423297217,"TNR_Ship"
"359","0359",5.94951826249233,"BOTSWANA_GHANZI_GHANZI_QABO","Botswana",5.95286267289846,0.00334441040613065,"TNR_Ship"
"360","0360",5.16473837498571,"BOTSWANA_GHANZI_GHANZI_TSOOTSHA","Botswana",5.16805983341721,0.00332145843150133,"TNR_Ship"
"361","0361",5.51062094431503,"BOTSWANA_GHANZI_GHANZI_WEST HANAHAI","Botswana",5.51406375405829,0.00344280974326683,"TNR_Ship"
"362","0362",9.65651963971808,"BOTSWANA_JWANENG_JWANENG_JWANENG","Botswana",9.66103005311884,0.0045104134007623,"TNR_Ship"
"363","0363",5.52782477486691,"BOTSWANA_KGALAGADI_KGALAGADI NORTH_HUKUNTSI","Botswana",5.53145199855402,0.00362722368711577,"TNR_Ship"
"364","0364",5.65848118160984,"BOTSWANA_KGALAGADI_KGALAGADI NORTH_HUNHUKWE","Botswana",5.66201493207036,0.00353375046051774,"TNR_Ship"
"365","0365",6.33105991113043,"BOTSWANA_KGALAGADI_KGALAGADI NORTH_INALEGOLO","Botswana",6.33475299558003,0.00369308444959859,"TNR_Ship"
"366","0366",5.9885480420355,"BOTSWANA_KGALAGADI_KGALAGADI NORTH_KANG","Botswana",5.99218196410392,0.00363392206841961,"TNR_Ship"
"367","0367",5.74598662666935,"BOTSWANA_KGALAGADI_KGALAGADI NORTH_LEHUTUTU","Botswana",5.74962628907575,0.00363966240639257,"TNR_Ship"
"368","0368",5.57454430581355,"BOTSWANA_KGALAGADI_KGALAGADI NORTH_LOKGWABE","Botswana",5.57819091563018,0.00364660981663434,"TNR_Ship"
"369","0369",5.80107134298922,"BOTSWANA_KGALAGADI_KGALAGADI NORTH_MAKE","Botswana",5.80466286031278,0.00359151732355656,"TNR_Ship"
"370","0370",5.64394700388862,"BOTSWANA_KGALAGADI_KGALAGADI NORTH_MONONG","Botswana",5.64756810752674,0.00362110363812196,"TNR_Ship"
"371","0371",5.56513571349438,"BOTSWANA_KGALAGADI_KGALAGADI NORTH_NCAANG","Botswana",5.56863701600521,0.0035013025108297,"TNR_Ship"
"372","0372",5.63115559800536,"BOTSWANA_KGALAGADI_KGALAGADI NORTH_NGWATLE","Botswana",5.63477805069103,0.00362245268567563,"TNR_Ship"
"373","0373",6.19449044060472,"BOTSWANA_KGALAGADI_KGALAGADI NORTH_PHUDUHUDU","Botswana",6.1980614901733,0.00357104956858301,"TNR_Ship"
"374","0374",5.70192839516029,"BOTSWANA_KGALAGADI_KGALAGADI NORTH_TSHANE","Botswana",5.70561695529086,0.00368856013057339,"TNR_Ship"
"375","0375",5.75710878917434,"BOTSWANA_KGALAGADI_KGALAGADI NORTH_UKWI","Botswana",5.76078215706034,0.00367336788599726,"TNR_Ship"
"376","0376",5.20682825542716,"BOTSWANA_KGALAGADI_KGALAGADI NORTH_ZUTSWA","Botswana",5.21041675582404,0.00358850039688452,"TNR_Ship"
"377","0377",6.43026114775637,"BOTSWANA_KGALAGADI_KGALAGADI SOUTH_BOGOGOBO","Botswana",6.4346293607905,0.0043682130341276,"TNR_Ship"
"378","0378",5.44780826559399,"BOTSWANA_KGALAGADI_KGALAGADI SOUTH_BOKSPITS","Botswana",5.45179544610964,0.00398718051565528,"TNR_Ship"
"379","0379",9.92690070016607,"BOTSWANA_KGALAGADI_KGALAGADI SOUTH_BRAY","Botswana",9.93104266332311,0.00414196315704629,"TNR_Ship"
"380","0380",5.91482214126389,"BOTSWANA_KGALAGADI_KGALAGADI SOUTH_GACHIBANA","Botswana",5.91950996103787,0.00468781977398525,"TNR_Ship"
"381","0381",6.87050557306241,"BOTSWANA_KGALAGADI_KGALAGADI SOUTH_KHISA","Botswana",6.87438614066354,0.00388056760112487,"TNR_Ship"
"382","0382",6.45054098183798,"BOTSWANA_KGALAGADI_KGALAGADI SOUTH_KHUIS","Botswana",6.45495577026042,0.00441478842244258,"TNR_Ship"
"383","0383",5.60346157435038,"BOTSWANA_KGALAGADI_KGALAGADI SOUTH_KHWAWA","Botswana",5.60782398185093,0.00436240750055283,"TNR_Ship"
"384","0384",7.6305350224963,"BOTSWANA_KGALAGADI_KGALAGADI SOUTH_KOKOTSHA","Botswana",7.63439907197455,0.00386404947824559,"TNR_Ship"
"385","0385",6.40871665454827,"BOTSWANA_KGALAGADI_KGALAGADI SOUTH_KOLONKWANE","Botswana",6.41293371830847,0.00421706376020392,"TNR_Ship"
"386","0386",7.39787218271973,"BOTSWANA_KGALAGADI_KGALAGADI SOUTH_MAKOPONG","Botswana",7.40181172159278,0.0039395388730421,"TNR_Ship"
"387","0387",6.86766581108114,"BOTSWANA_KGALAGADI_KGALAGADI SOUTH_MALESHE","Botswana",6.87172967891653,0.00406386783538704,"TNR_Ship"
"388","0388",6.9640978114677,"BOTSWANA_KGALAGADI_KGALAGADI SOUTH_MARALALENG","Botswana",6.96812125510278,0.00402344363507634,"TNR_Ship"
"389","0389",6.22822674598835,"BOTSWANA_KGALAGADI_KGALAGADI SOUTH_MAUBELO","Botswana",6.23203127155981,0.00380452557146693,"TNR_Ship"
"390","0390",6.43852509695173,"BOTSWANA_KGALAGADI_KGALAGADI SOUTH_MIDDLEPITS","Botswana",6.44290894487329,0.0043838479215621,"TNR_Ship"
"391","0391",8.68771421036275,"BOTSWANA_KGALAGADI_KGALAGADI SOUTH_MOLOPO FARMS","Botswana",8.69193554289251,0.00422133252975421,"TNR_Ship"
"392","0392",6.914036346357,"BOTSWANA_KGALAGADI_KGALAGADI SOUTH_OMAWENENO","Botswana",6.91804645891937,0.00401011256237105,"TNR_Ship"
"393","0393",6.98120957653809,"BOTSWANA_KGALAGADI_KGALAGADI SOUTH_PHEPHENG/DRAAIHOEK","Botswana",6.98515632117956,0.00394674464147293,"TNR_Ship"
"394","0394",5.46929854080221,"BOTSWANA_KGALAGADI_KGALAGADI SOUTH_RAPPLES PAN","Botswana",5.47419325178739,0.00489471098517313,"TNR_Ship"
"395","0395",4.86073913293923,"BOTSWANA_KGALAGADI_KGALAGADI SOUTH_STRUIZENDAM","Botswana",4.86589050717036,0.00515137423113021,"TNR_Ship"
"396","0396",7.2196007603792,"BOTSWANA_KGALAGADI_KGALAGADI SOUTH_TSABONG","Botswana",7.22375168141275,0.00415092103354553,"TNR_Ship"
"397","0397",5.25324707583447,"BOTSWANA_KGALAGADI_KGALAGADI SOUTH_VAALHOEK","Botswana",5.25822549340375,0.00497841756928352,"TNR_Ship"
"398","0398",7.19563724132096,"BOTSWANA_KGALAGADI_KGALAGADI SOUTH_WERDA","Botswana",7.19952007525144,0.00388283393048017,"TNR_Ship"
"399","0399",12.1143569382355,"BOTSWANA_KGATLENG_KGATLENG_ARTISIA","Botswana",12.1197051035521,0.00534816531667559,"TNR_Ship"
"400","0400",13.3810915359356,"BOTSWANA_KGATLENG_KGATLENG_BOKAA","Botswana",13.3866125584617,0.00552102252611775,"TNR_Ship"
"401","0401",11.3537184362011,"BOTSWANA_KGATLENG_KGATLENG_DIKGONNYE","Botswana",11.3590643311085,0.00534589490741588,"TNR_Ship"
"402","0402",14.082672657459,"BOTSWANA_KGATLENG_KGATLENG_DIKWIDIDI","Botswana",14.0883222591551,0.00564960169608497,"TNR_Ship"
"403","0403",11.3420917305449,"BOTSWANA_KGATLENG_KGATLENG_KGOMODIATSHABA","Botswana",11.3473803753141,0.00528864476918223,"TNR_Ship"
"404","0404",10.3414116858242,"BOTSWANA_KGATLENG_KGATLENG_KHURUTSHE","Botswana",10.3465822174637,0.00517053163951253,"TNR_Ship"
"405","0405",11.3552908523126,"BOTSWANA_KGATLENG_KGATLENG_LESHIBITSE","Botswana",11.3605598359959,0.00526898368329753,"TNR_Ship"
"406","0406",14.4023426977341,"BOTSWANA_KGATLENG_KGATLENG_MABALANE","Botswana",14.4080272970591,0.00568459932499898,"TNR_Ship"
"407","0407",13.9785796931513,"BOTSWANA_KGATLENG_KGATLENG_MALOLWANE","Botswana",13.9841975668443,0.00561787369294819,"TNR_Ship"
"408","0408",12.6521509900739,"BOTSWANA_KGATLENG_KGATLENG_MALOTWANA SIDING","Botswana",12.6576226171287,0.00547162705481696,"TNR_Ship"
"409","0409",14.0385607939753,"BOTSWANA_KGATLENG_KGATLENG_MATEBELENG","Botswana",14.0441846853244,0.00562389134907448,"TNR_Ship"
"410","0410",14.7737129187826,"BOTSWANA_KGATLENG_KGATLENG_MMATHUBUDUKWANE","Botswana",14.7794074148071,0.00569449602442873,"TNR_Ship"
"411","0411",13.0138623280215,"BOTSWANA_KGATLENG_KGATLENG_MOCHUDI","Botswana",13.0193963655917,0.00553403757022863,"TNR_Ship"
"412","0412",14.325226153536,"BOTSWANA_KGATLENG_KGATLENG_MODIPANE","Botswana",14.3309118028367,0.00568564930068227,"TNR_Ship"
"413","0413",13.9001058072937,"BOTSWANA_KGATLENG_KGATLENG_MORWA","Botswana",13.9056998764362,0.00559406914250893,"TNR_Ship"
"414","0414",13.5464044115359,"BOTSWANA_KGATLENG_KGATLENG_OLIPHANTS DRIFT","Botswana",13.5520283551197,0.00562394358379947,"TNR_Ship"
"415","0415",14.3354994902711,"BOTSWANA_KGATLENG_KGATLENG_OODI","Botswana",14.3411828434861,0.00568335321497848,"TNR_Ship"
"416","0416",13.4104048378778,"BOTSWANA_KGATLENG_KGATLENG_PILANE STATION","Botswana",13.4158990471776,0.00549420929982247,"TNR_Ship"
"417","0417",14.5463477260525,"BOTSWANA_KGATLENG_KGATLENG_RAMONAKA","Botswana",14.5520587970404,0.00571107098792467,"TNR_Ship"
"418","0418",12.1946773919051,"BOTSWANA_KGATLENG_KGATLENG_RAMOTLABAKI","Botswana",12.2001543758623,0.00547698395723195,"TNR_Ship"
"419","0419",12.2580690136891,"BOTSWANA_KGATLENG_KGATLENG_RASESA","Botswana",12.2635747684945,0.0055057548053643,"TNR_Ship"
"420","0420",14.5010312816272,"BOTSWANA_KGATLENG_KGATLENG_SIKWANE","Botswana",14.5067556031395,0.00572432151234636,"TNR_Ship"
"421","0421",17.5794014669463,"BOTSWANA_KWENENG_KWENENG EAST_BDF MOGODITSHANE","Botswana",17.584327845707,0.00492637876072877,"TNR_Ship"
"422","0422",9.71785089824005,"BOTSWANA_KWENENG_KWENENG EAST_BOATLANAME","Botswana",9.72298521272396,0.00513431448391621,"TNR_Ship"
"423","0423",11.7052961146289,"BOTSWANA_KWENENG_KWENENG EAST_DIKGATLHONG","Botswana",11.7106952797271,0.00539916509821659,"TNR_Ship"
"424","0424",11.7511146753051,"BOTSWANA_KWENENG_KWENENG EAST_DITSHUKUDU","Botswana",11.75587904251,0.00476436720493467,"TNR_Ship"
"425","0425",13.6278058620297,"BOTSWANA_KWENENG_KWENENG EAST_GABANE","Botswana",13.6326840588951,0.00487819686540902,"TNR_Ship"
"426","0426",12.1590647437458,"BOTSWANA_KWENENG_KWENENG EAST_GAKGATLA","Botswana",12.1638573904314,0.00479264668556567,"TNR_Ship"
"427","0427",12.9751447047519,"BOTSWANA_KWENENG_KWENENG EAST_GAKUTLO","Botswana",12.9799508394755,0.00480613472364233,"TNR_Ship"
"428","0428",12.3366391558542,"BOTSWANA_KWENENG_KWENENG EAST_GAMODUBU","Botswana",12.3414312232439,0.00479206738967264,"TNR_Ship"
"429","0429",10.223584663295,"BOTSWANA_KWENENG_KWENENG EAST_HATSALATLADI","Botswana",10.2288877436466,0.00530308035160765,"TNR_Ship"
"430","0430",11.8910400789504,"BOTSWANA_KWENENG_KWENENG EAST_KGOPE","Botswana",11.8964753531085,0.00543527415817557,"TNR_Ship"
"431","0431",12.4856149692985,"BOTSWANA_KWENENG_KWENENG EAST_KOPONG","Botswana",12.4904240082884,0.00480903898983875,"TNR_Ship"
"432","0432",11.2494970020925,"BOTSWANA_KWENENG_KWENENG EAST_KUBUNG","Botswana",11.2542427275658,0.00474572547330965,"TNR_Ship"
"433","0433",14.165041125097,"BOTSWANA_KWENENG_KWENENG EAST_KUMAKWANE","Botswana",14.1699054774392,0.0048643523421994,"TNR_Ship"
"434","0434",9.94529574815946,"BOTSWANA_KWENENG_KWENENG EAST_KWENENG","Botswana",9.95048649186996,0.00519074371049477,"TNR_Ship"
"435","0435",11.3266050992204,"BOTSWANA_KWENENG_KWENENG EAST_LENTSWELETAU","Botswana",11.3319686421624,0.00536354294202823,"TNR_Ship"
"436","0436",8.96384028714525,"BOTSWANA_KWENENG_KWENENG EAST_LEOLOGANE","Botswana",8.96878596538225,0.00494567823700542,"TNR_Ship"
"437","0437",9.28543926161268,"BOTSWANA_KWENENG_KWENENG EAST_LEPHEPHE","Botswana",9.29039960635342,0.00496034474073603,"TNR_Ship"
"438","0438",11.1390645842017,"BOTSWANA_KWENENG_KWENENG EAST_LOSILAKGOKONG","Botswana",11.1437875980314,0.00472301382976426,"TNR_Ship"
"439","0439",11.330742983492,"BOTSWANA_KWENENG_KWENENG EAST_MAHETLWE","Botswana",11.3355061757859,0.00476319229383115,"TNR_Ship"
"440","0440",10.5730553564976,"BOTSWANA_KWENENG_KWENENG EAST_MEDIE","Botswana",10.5784077755627,0.00535241906510109,"TNR_Ship"
"441","0441",15.8959484053272,"BOTSWANA_KWENENG_KWENENG EAST_METSIMOTLHABE","Botswana",15.900830597416,0.00488219208879137,"TNR_Ship"
"442","0442",13.4720929016904,"BOTSWANA_KWENENG_KWENENG EAST_MMANKGODI","Botswana",13.4769793943913,0.0048864927009511,"TNR_Ship"
"443","0443",11.9152910400323,"BOTSWANA_KWENENG_KWENENG EAST_MMANOKO","Botswana",11.9200339829613,0.00474294292894939,"TNR_Ship"
"444","0444",13.8213547007021,"BOTSWANA_KWENENG_KWENENG EAST_MMATSETA","Botswana",13.8261950099995,0.00484030929737678,"TNR_Ship"
"445","0445",13.9305625849208,"BOTSWANA_KWENENG_KWENENG EAST_MMOPANE","Botswana",13.9354126787974,0.00485009387665158,"TNR_Ship"
"446","0446",15.3467492308391,"BOTSWANA_KWENENG_KWENENG EAST_MOGODITSHANE","Botswana",15.3516784308169,0.00492919997781094,"TNR_Ship"
"447","0447",10.9616539123686,"BOTSWANA_KWENENG_KWENENG EAST_MOGONONO","Botswana",10.9664125055923,0.00475859322373218,"TNR_Ship"
"448","0448",15.4298673264894,"BOTSWANA_KWENENG_KWENENG EAST_MOKOLODI","Botswana",15.4350726025324,0.00520527604295218,"TNR_Ship"
"449","0449",11.318397634444,"BOTSWANA_KWENENG_KWENENG EAST_MOLEPOLOLE","Botswana",11.3231229049782,0.00472527053416627,"TNR_Ship"
"450","0450",13.4208250596284,"BOTSWANA_KWENENG_KWENENG EAST_RAMAPHATLE","Botswana",13.4256944551488,0.00486939552040511,"TNR_Ship"
"451","0451",9.22304705734595,"BOTSWANA_KWENENG_KWENENG EAST_SHADISHADI","Botswana",9.22805052347207,0.00500346612611224,"TNR_Ship"
"452","0452",9.30803501424777,"BOTSWANA_KWENENG_KWENENG EAST_SOJWE","Botswana",9.31299588908369,0.00496087483591801,"TNR_Ship"
"453","0453",12.115716052727,"BOTSWANA_KWENENG_KWENENG EAST_THAMAGA","Botswana",12.120487423215,0.00477137048799214,"TNR_Ship"
"454","0454",13.6616209044284,"BOTSWANA_KWENENG_KWENENG EAST_TLOANENG","Botswana",13.6666418740623,0.00502096963386833,"TNR_Ship"
"455","0455",9.34503435279174,"BOTSWANA_KWENENG_KWENENG WEST_BOTLHAPATLOU","Botswana",9.34959791250458,0.00456355971283351,"TNR_Ship"
"456","0456",8.86217849840522,"BOTSWANA_KWENENG_KWENENG WEST_DIPHUDUHUDU","Botswana",8.86715614532504,0.00497764691982638,"TNR_Ship"
"457","0457",9.46286826496222,"BOTSWANA_KWENENG_KWENENG WEST_DITSHEGWANE","Botswana",9.46728030409913,0.00441203913691623,"TNR_Ship"
"458","0458",8.15836244321855,"BOTSWANA_KWENENG_KWENENG WEST_DUTLWE","Botswana",8.16247499889054,0.00411255567198765,"TNR_Ship"
"459","0459",6.9574962550383,"BOTSWANA_KWENENG_KWENENG WEST_KAUDWANE","Botswana",6.96165301523401,0.00415676019571087,"TNR_Ship"
"460","0460",8.5621196602486,"BOTSWANA_KWENENG_KWENENG WEST_KHUDUMELAPYE","Botswana",8.56656492305731,0.00444526280870861,"TNR_Ship"
"461","0461",10.8266994843521,"BOTSWANA_KWENENG_KWENENG WEST_KOTOLANAME","Botswana",10.8314118176481,0.00471233329600373,"TNR_Ship"
"462","0462",8.85636812578287,"BOTSWANA_KWENENG_KWENENG WEST_LETLHAKENG","Botswana",8.86075811062107,0.00438998483819297,"TNR_Ship"
"463","0463",8.39233243724884,"BOTSWANA_KWENENG_KWENENG WEST_MABOANE","Botswana",8.39658721582093,0.00425477857208989,"TNR_Ship"
"464","0464",9.79322267259665,"BOTSWANA_KWENENG_KWENENG WEST_MALWELWE","Botswana",9.79779367027374,0.00457099767708335,"TNR_Ship"
"465","0465",9.48897615444451,"BOTSWANA_KWENENG_KWENENG WEST_MANTSHWABISI","Botswana",9.49350498489524,0.00452883045073449,"TNR_Ship"
"466","0466",9.27354903516639,"BOTSWANA_KWENENG_KWENENG WEST_MARATSHWANE","Botswana",9.27806192084103,0.00451288567463948,"TNR_Ship"
"467","0467",8.65525568224589,"BOTSWANA_KWENENG_KWENENG WEST_METSIBOTLHOKO","Botswana",8.65958981657867,0.0043341343327814,"TNR_Ship"
"468","0468",9.72793331565633,"BOTSWANA_KWENENG_KWENENG WEST_MONWANE","Botswana",9.73243368824612,0.0045003725897903,"TNR_Ship"
"469","0469",9.94282806051533,"BOTSWANA_KWENENG_KWENENG WEST_MOSHAWENG","Botswana",9.94737138450863,0.00454332399330326,"TNR_Ship"
"470","0470",7.66233832042724,"BOTSWANA_KWENENG_KWENENG WEST_MOTOKWE","Botswana",7.66609564171345,0.00375732128621209,"TNR_Ship"
"471","0471",8.35294281626249,"BOTSWANA_KWENENG_KWENENG WEST_NGWARE","Botswana",8.35783152981124,0.00488871354875009,"TNR_Ship"
"472","0472",7.52044680537687,"BOTSWANA_KWENENG_KWENENG WEST_SALAJWE","Botswana",7.52459892019746,0.00415211482059519,"TNR_Ship"
"473","0473",9.75182222010323,"BOTSWANA_KWENENG_KWENENG WEST_SERINANE","Botswana",9.75628128339358,0.00445906329034251,"TNR_Ship"
"474","0474",8.94782196590057,"BOTSWANA_KWENENG_KWENENG WEST_SESUNG","Botswana",8.95219434773258,0.00437238183201138,"TNR_Ship"
"475","0475",7.82996843075815,"BOTSWANA_KWENENG_KWENENG WEST_SORILATHOLO","Botswana",7.83432860476874,0.00436017401059008,"TNR_Ship"
"476","0476",7.9273870529263,"BOTSWANA_KWENENG_KWENENG WEST_TAKATOKWANE","Botswana",7.9315277152626,0.00414066233630095,"TNR_Ship"
"477","0477",10.0835195713763,"BOTSWANA_KWENENG_KWENENG WEST_THEBEPHATSHWA","Botswana",10.0881488075559,0.00462923617965849,"TNR_Ship"
"478","0478",7.68287876172217,"BOTSWANA_KWENENG_KWENENG WEST_TSETSENG","Botswana",7.68672238145911,0.00384361973694425,"TNR_Ship"
"479","0479",7.8809659394405,"BOTSWANA_KWENENG_KWENENG WEST_TSWAANE","Botswana",7.88502956790924,0.00406362846874231,"TNR_Ship"
"480","0480",14.7206786400306,"BOTSWANA_LOBATSE_LOBATSE_LOBATSE","Botswana",14.7258194289724,0.00514078894183712,"TNR_Ship"
"481","0481",9.25602972513825,"BOTSWANA_NORTH EAST_NORTH EAST_BOTALAOTE","Botswana",9.26072071529165,0.00469099015340113,"TNR_Ship"
"482","0482",9.95299790049007,"BOTSWANA_NORTH EAST_NORTH EAST_BUTALE","Botswana",9.95712013496484,0.00412223447477622,"TNR_Ship"
"483","0483",9.77749876134982,"BOTSWANA_NORTH EAST_NORTH EAST_DITLADI","Botswana",9.78173808975054,0.00423932840072538,"TNR_Ship"
"484","0484",9.36874616727353,"BOTSWANA_NORTH EAST_NORTH EAST_GAMBULE","Botswana",9.3728906264085,0.00414445913497197,"TNR_Ship"
"485","0485",9.267952132331,"BOTSWANA_NORTH EAST_NORTH EAST_GULUBANE","Botswana",9.27271225800173,0.00476012567072814,"TNR_Ship"
"486","0486",9.41004787827258,"BOTSWANA_NORTH EAST_NORTH EAST_GUNGWE","Botswana",9.4141364359194,0.00408855764682947,"TNR_Ship"
"487","0487",9.45858159313986,"BOTSWANA_NORTH EAST_NORTH EAST_HASKINS FARM","Botswana",9.46268413401356,0.00410254087370632,"TNR_Ship"
"488","0488",10.5390772304488,"BOTSWANA_NORTH EAST_NORTH EAST_JACKALAS 1","Botswana",10.5429309377019,0.00385370725309464,"TNR_Ship"
"489","0489",9.63691176401825,"BOTSWANA_NORTH EAST_NORTH EAST_JACKALAS 2","Botswana",9.64112671305653,0.00421494903828012,"TNR_Ship"
"490","0490",9.69667332503693,"BOTSWANA_NORTH EAST_NORTH EAST_JOHANNES KACHEJOHN","Botswana",9.70143682909157,0.00476350405464032,"TNR_Ship"
"491","0491",9.37633785661839,"BOTSWANA_NORTH EAST_NORTH EAST_KALAKAMATI","Botswana",9.38046631998086,0.00412846336247519,"TNR_Ship"
"492","0492",10.1839258835089,"BOTSWANA_NORTH EAST_NORTH EAST_KGARI","Botswana",10.1877663253541,0.00384044184519006,"TNR_Ship"
"493","0493",9.55159123155769,"BOTSWANA_NORTH EAST_NORTH EAST_LETSHOLATHEBE","Botswana",9.55572057371615,0.00412934215845517,"TNR_Ship"
"494","0494",9.6804316988202,"BOTSWANA_NORTH EAST_NORTH EAST_MABUDZANE","Botswana",9.68465235107704,0.00422065225684065,"TNR_Ship"
"495","0495",9.21961647176109,"BOTSWANA_NORTH EAST_NORTH EAST_MAKALENG","Botswana",9.22432729057753,0.0047108188164362,"TNR_Ship"
"496","0496",9.32860065965282,"BOTSWANA_NORTH EAST_NORTH EAST_MAMBO","Botswana",9.33331951426267,0.00471885460985177,"TNR_Ship"
"497","0497",10.5077063795277,"BOTSWANA_NORTH EAST_NORTH EAST_MAPOKA","Botswana",10.5115538378007,0.00384745827302879,"TNR_Ship"
"498","0498",9.2842435565386,"BOTSWANA_NORTH EAST_NORTH EAST_MASINGWANENG","Botswana",9.28894642319694,0.0047028666583433,"TNR_Ship"
"499","0499",10.1310845948696,"BOTSWANA_NORTH EAST_NORTH EAST_MASUKWANE","Botswana",10.135207742492,0.00412314762242083,"TNR_Ship"
"500","0500",9.86647557356487,"BOTSWANA_NORTH EAST_NORTH EAST_MASUNGA","Botswana",9.87062532507517,0.00414975151030461,"TNR_Ship"
"501","0501",9.35728177980361,"BOTSWANA_NORTH EAST_NORTH EAST_MATENGE","Botswana",9.362045073021,0.00476329321738511,"TNR_Ship"
"502","0502",9.87139448099775,"BOTSWANA_NORTH EAST_NORTH EAST_MATSHELAGABEDI","Botswana",9.87558023259964,0.00418575160188617,"TNR_Ship"
"503","0503",9.98302572739519,"BOTSWANA_NORTH EAST_NORTH EAST_MATSILOJE","Botswana",9.98725160112534,0.00422587373014949,"TNR_Ship"
"504","0504",9.36362292311529,"BOTSWANA_NORTH EAST_NORTH EAST_MBALAMBI","Botswana",9.36774704793292,0.00412412481762914,"TNR_Ship"
"505","0505",10.5590998693914,"BOTSWANA_NORTH EAST_NORTH EAST_MOROKA","Botswana",10.5629537443444,0.00385387495304812,"TNR_Ship"
"506","0506",10.1835031220655,"BOTSWANA_NORTH EAST_NORTH EAST_MOSOJANE","Botswana",10.1876204062238,0.00411728415827106,"TNR_Ship"
"507","0507",9.8615437460611,"BOTSWANA_NORTH EAST_NORTH EAST_MOWANA","Botswana",9.86564080978654,0.00409706372544427,"TNR_Ship"
"508","0508",10.0078089311513,"BOTSWANA_NORTH EAST_NORTH EAST_MULAMBAKWENA","Botswana",10.0119303297961,0.0041213986448021,"TNR_Ship"
"509","0509",10.4980884384025,"BOTSWANA_NORTH EAST_NORTH EAST_NLAKHWANE","Botswana",10.5022256851194,0.00413724671692606,"TNR_Ship"
"510","0510",9.81192642592968,"BOTSWANA_NORTH EAST_NORTH EAST_PATAYAMATEBELE","Botswana",9.81620052154689,0.0042740956172107,"TNR_Ship"
"511","0511",10.4292581726378,"BOTSWANA_NORTH EAST_NORTH EAST_POLE","Botswana",10.4333787253306,0.00412055269275413,"TNR_Ship"
"512","0512",10.4231565705371,"BOTSWANA_NORTH EAST_NORTH EAST_RAMOKGWEBANA","Botswana",10.4270033199241,0.00384674938705842,"TNR_Ship"
"513","0513",9.37577468514957,"BOTSWANA_NORTH EAST_NORTH EAST_SECHELE","Botswana",9.3798915544088,0.00411686925923149,"TNR_Ship"
"514","0514",9.39682245439564,"BOTSWANA_NORTH EAST_NORTH EAST_SEKAKANGWE","Botswana",9.40096116655016,0.00413871215452311,"TNR_Ship"
"515","0515",9.79065887988359,"BOTSWANA_NORTH EAST_NORTH EAST_SENYAWE","Botswana",9.7947630103213,0.00410413043771385,"TNR_Ship"
"516","0516",10.1251749937514,"BOTSWANA_NORTH EAST_NORTH EAST_SHASHE BRIDGE","Botswana",10.1300708598208,0.0048958660694538,"TNR_Ship"
"517","0517",9.81545207414619,"BOTSWANA_NORTH EAST_NORTH EAST_SIVIYA","Botswana",9.81963465287083,0.0041825787246399,"TNR_Ship"
"518","0518",9.84727417631587,"BOTSWANA_NORTH EAST_NORTH EAST_TATI SIDING","Botswana",9.85217581984908,0.0049016435332021,"TNR_Ship"
"519","0519",9.8044139852663,"BOTSWANA_NORTH EAST_NORTH EAST_THEMASHANGA","Botswana",9.8085585597876,0.00414457452130712,"TNR_Ship"
"520","0520",9.15884668774061,"BOTSWANA_NORTH EAST_NORTH EAST_TOTENG","Botswana",9.16354268948574,0.00469600174513118,"TNR_Ship"
"521","0521",9.90332140429127,"BOTSWANA_NORTH EAST_NORTH EAST_TSAMAYA","Botswana",9.90743248009531,0.00411107580403858,"TNR_Ship"
"522","0522",9.97386931403413,"BOTSWANA_NORTH EAST_NORTH EAST_TSHESEBE","Botswana",9.97797989708928,0.0041105830551551,"TNR_Ship"
"523","0523",9.41832533687417,"BOTSWANA_NORTH EAST_NORTH EAST_VUKWI","Botswana",9.42245896316732,0.0041336262931555,"TNR_Ship"
"524","0524",10.2013520017791,"BOTSWANA_NORTH EAST_NORTH EAST_ZWENSHAMBE","Botswana",10.2054406479195,0.0040886461404277,"TNR_Ship"
"525","0525",8.11268634342551,"BOTSWANA_NORTH WEST_NGAMILAND DELTA_NGAMILAND DELTA","Botswana",8.11694985156226,0.00426350813675036,"TNR_Ship"
"526","0526",6.57083561886481,"BOTSWANA_NORTH WEST_NGAMILAND EAST_BODIBENG","Botswana",6.57448426591425,0.00364864704944701,"TNR_Ship"
"527","0527",6.5320768991443,"BOTSWANA_NORTH WEST_NGAMILAND EAST_BOTLHATLOGO","Botswana",6.53566428154981,0.00358738240551304,"TNR_Ship"
"528","0528",7.33414759684542,"BOTSWANA_NORTH WEST_NGAMILAND EAST_CHANOGA","Botswana",7.33876556180024,0.00461796495481526,"TNR_Ship"
"529","0529",7.54458047229864,"BOTSWANA_NORTH WEST_NGAMILAND EAST_HABU","Botswana",7.54838798812362,0.00380751582498373,"TNR_Ship"
"530","0530",6.36343626249097,"BOTSWANA_NORTH WEST_NGAMILAND EAST_KARENG","Botswana",6.36690519550978,0.00346893301880247,"TNR_Ship"
"531","0531",6.57072506771832,"BOTSWANA_NORTH WEST_NGAMILAND EAST_KGAKGE/MAKAKUNG","Botswana",6.57431103449757,0.00358596677924439,"TNR_Ship"
"532","0532",7.89253373778089,"BOTSWANA_NORTH WEST_NGAMILAND EAST_KOMANA","Botswana",7.89691715990467,0.00438342212377574,"TNR_Ship"
"533","0533",9.15795513361159,"BOTSWANA_NORTH WEST_NGAMILAND EAST_MABABE","Botswana",9.16463103969956,0.00667590608796331,"TNR_Ship"
"534","0534",7.28355969367924,"BOTSWANA_NORTH WEST_NGAMILAND EAST_MAKALAMABEDI","Botswana",7.28788329184672,0.00432359816748473,"TNR_Ship"
"535","0535",7.75282040491455,"BOTSWANA_NORTH WEST_NGAMILAND EAST_MATLAPANA","Botswana",7.75760078106313,0.00478037614858806,"TNR_Ship"
"536","0536",7.81152969841975,"BOTSWANA_NORTH WEST_NGAMILAND EAST_MATSAUDI/SAKAPNAE","Botswana",7.81655542846289,0.00502573004314488,"TNR_Ship"
"537","0537",8.56264398149771,"BOTSWANA_NORTH WEST_NGAMILAND EAST_MAUN","Botswana",8.56863493425016,0.00599095275244643,"TNR_Ship"
"538","0538",9.53313721194801,"BOTSWANA_NORTH WEST_NGAMILAND EAST_PHUDUHUDU","Botswana",9.53880471028616,0.00566749833814661,"TNR_Ship"
"539","0539",9.42585212062444,"BOTSWANA_NORTH WEST_NGAMILAND EAST_SANKUYO","Botswana",9.43163850576261,0.00578638513816543,"TNR_Ship"
"540","0540",6.8208044702636,"BOTSWANA_NORTH WEST_NGAMILAND EAST_SEHITHWA","Botswana",6.82470309496069,0.00389862469708557,"TNR_Ship"
"541","0541",6.79702623292691,"BOTSWANA_NORTH WEST_NGAMILAND EAST_SEMBOYO","Botswana",6.80054117428251,0.00351494135559882,"TNR_Ship"
"542","0542",8.52111372991414,"BOTSWANA_NORTH WEST_NGAMILAND EAST_SHOROBE","Botswana",8.52678714480433,0.00567341489019668,"TNR_Ship"
"543","0543",7.23271439022723,"BOTSWANA_NORTH WEST_NGAMILAND EAST_TOTENG","Botswana",7.23676658730104,0.00405219707380677,"TNR_Ship"
"544","0544",7.20479089904106,"BOTSWANA_NORTH WEST_NGAMILAND EAST_TSAO","Botswana",7.2083352309733,0.00354433193223347,"TNR_Ship"
"545","0545",9.24151529257721,"BOTSWANA_NORTH WEST_NGAMILAND WEST_BEETSHA","Botswana",9.24614863946668,0.0046333468894737,"TNR_Ship"
"546","0546",8.87104077759711,"BOTSWANA_NORTH WEST_NGAMILAND WEST_CHUKUMUCHU","Botswana",8.87414785646769,0.00310707887058115,"TNR_Ship"
"547","0547",8.32311797811663,"BOTSWANA_NORTH WEST_NGAMILAND WEST_ERETSHA","Botswana",8.32752523622101,0.00440725810437925,"TNR_Ship"
"548","0548",10.9741099952493,"BOTSWANA_NORTH WEST_NGAMILAND WEST_ETSHA 1","Botswana",10.9786716023397,0.00456160709033604,"TNR_Ship"
"549","0549",9.81833280062498,"BOTSWANA_NORTH WEST_NGAMILAND WEST_ETSHA 13","Botswana",9.82178973252281,0.00345693189782992,"TNR_Ship"
"550","0550",11.6177315200955,"BOTSWANA_NORTH WEST_NGAMILAND WEST_ETSHA 6","Botswana",11.6223370565152,0.00460553641975814,"TNR_Ship"
"551","0551",9.86191054934724,"BOTSWANA_NORTH WEST_NGAMILAND WEST_GANI","Botswana",9.86490185477574,0.00299130542850001,"TNR_Ship"
"552","0552",8.35139492516799,"BOTSWANA_NORTH WEST_NGAMILAND WEST_GONUTSUGA","Botswana",8.35549375512228,0.00409882995428745,"TNR_Ship"
"553","0553",11.1513202844736,"BOTSWANA_NORTH WEST_NGAMILAND WEST_GUDINGWA","Botswana",11.1554741074946,0.00415382302101008,"TNR_Ship"
"554","0554",8.97074537005595,"BOTSWANA_NORTH WEST_NGAMILAND WEST_GUMARE","Botswana",8.97415839589951,0.00341302584356207,"TNR_Ship"
"555","0555",8.30798577591593,"BOTSWANA_NORTH WEST_NGAMILAND WEST_IKOGA","Botswana",8.31156138600772,0.00357561009179008,"TNR_Ship"
"556","0556",9.19194552243827,"BOTSWANA_NORTH WEST_NGAMILAND WEST_KAJAJA","Botswana",9.19523035613911,0.0032848337008442,"TNR_Ship"
"557","0557",9.51563161174498,"BOTSWANA_NORTH WEST_NGAMILAND WEST_KAUXWHI","Botswana",9.51966743400912,0.00403582226413768,"TNR_Ship"
"558","0558",7.95894520482006,"BOTSWANA_NORTH WEST_NGAMILAND WEST_MOGOMOTHO","Botswana",7.9624649388303,0.00351973401024619,"TNR_Ship"
"559","0559",13.5817711562081,"BOTSWANA_NORTH WEST_NGAMILAND WEST_MOHEMBO EAST","Botswana",13.5862735287443,0.0045023725362352,"TNR_Ship"
"560","0560",10.4987223917365,"BOTSWANA_NORTH WEST_NGAMILAND WEST_MOHEMBO WEST","Botswana",10.5027597586791,0.0040373669425815,"TNR_Ship"
"561","0561",8.38894673167064,"BOTSWANA_NORTH WEST_NGAMILAND WEST_MOKGACHA","Botswana",8.39261855775383,0.00367182608319006,"TNR_Ship"
"562","0562",8.74699594323961,"BOTSWANA_NORTH WEST_NGAMILAND WEST_NGARANGE","Botswana",8.75010196017911,0.00310601693950296,"TNR_Ship"
"563","0563",7.99839243670535,"BOTSWANA_NORTH WEST_NGAMILAND WEST_NOKANENG","Botswana",8.002024552143,0.00363211543765551,"TNR_Ship"
"564","0564",9.31478597032721,"BOTSWANA_NORTH WEST_NGAMILAND WEST_NXAMASERE","Botswana",9.31884070357426,0.00405473324705596,"TNR_Ship"
"565","0565",16.3477020088428,"BOTSWANA_NORTH WEST_NGAMILAND WEST_NXAUNXAU","Botswana",16.3514722411702,0.0037702323274118,"TNR_Ship"
"566","0566",8.83668035543418,"BOTSWANA_NORTH WEST_NGAMILAND WEST_QANGWA","Botswana",8.83987772098073,0.00319736554654426,"TNR_Ship"
"567","0567",10.3099080390102,"BOTSWANA_NORTH WEST_NGAMILAND WEST_SAMOCHEMA","Botswana",10.3138827179161,0.00397467890582703,"TNR_Ship"
"568","0568",8.33916599457097,"BOTSWANA_NORTH WEST_NGAMILAND WEST_SEKONDOMBORO","Botswana",8.34234172767895,0.00317573310797492,"TNR_Ship"
"569","0569",8.91318302280308,"BOTSWANA_NORTH WEST_NGAMILAND WEST_SEPOPA","Botswana",8.91648393315178,0.0033009103486954,"TNR_Ship"
"570","0570",8.04664437779306,"BOTSWANA_NORTH WEST_NGAMILAND WEST_SERONGA","Botswana",8.05040912585245,0.00376474805938543,"TNR_Ship"
"571","0571",10.5081095730264,"BOTSWANA_NORTH WEST_NGAMILAND WEST_SHAKAWE","Botswana",10.5121943391303,0.00408476610387787,"TNR_Ship"
"572","0572",9.29343704398268,"BOTSWANA_NORTH WEST_NGAMILAND WEST_TUBU","Botswana",9.29716505519965,0.00372801121696398,"TNR_Ship"
"573","0573",10.0807019994614,"BOTSWANA_NORTH WEST_NGAMILAND WEST_XAKAO","Botswana",10.0847092204,0.00400722093855066,"TNR_Ship"
"574","0574",6.2981361661656,"BOTSWANA_NORTH WEST_NGAMILAND WEST_XAXA","Botswana",6.30145433680874,0.00331817064314244,"TNR_Ship"
"575","0575",9.56479513697883,"BOTSWANA_NORTH WEST_NGAMILAND WEST_XHAUGA","Botswana",9.56877074497391,0.00397560799507879,"TNR_Ship"
"576","0576",7.99449280701376,"BOTSWANA_ORAPA_ORAPA_ORAPA","Botswana",7.99920819483571,0.00471538782195058,"TNR_Ship"
"577","0577",9.93618253204151,"BOTSWANA_SELIBE PHIKWE_SELIBE PHIKWE_SELIBE PHIKWE","Botswana",9.94055852138922,0.00437598934770911,"TNR_Ship"
"578","0578",14.6541748518376,"BOTSWANA_SOUTH EAST_SOUTH EAST_DOORN LAAGTE","Botswana",14.6593449048371,0.00517005299953333,"TNR_Ship"
"579","0579",14.5774223329084,"BOTSWANA_SOUTH EAST_SOUTH EAST_HILDAVALE","Botswana",14.582611240886,0.00518890797757088,"TNR_Ship"
"580","0580",14.2724736217799,"BOTSWANA_SOUTH EAST_SOUTH EAST_LOBATSE ESTATES","Botswana",14.2776512845806,0.0051776628007012,"TNR_Ship"
"581","0581",14.0513222884137,"BOTSWANA_SOUTH EAST_SOUTH EAST_MOGOBANE","Botswana",14.0565734055988,0.00525111718512328,"TNR_Ship"
"582","0582",14.2724643758674,"BOTSWANA_SOUTH EAST_SOUTH EAST_OTSE","Botswana",14.2777495345147,0.00528515864724177,"TNR_Ship"
"583","0583",14.1680751889719,"BOTSWANA_SOUTH EAST_SOUTH EAST_RAMOTSWA","Botswana",14.173867288759,0.00579209978712925,"TNR_Ship"
"584","0584",14.321221071817,"BOTSWANA_SOUTH EAST_SOUTH EAST_RAMOTSWA STATION/TAUNG","Botswana",14.3266158916169,0.00539481979988743,"TNR_Ship"
"585","0585",14.3802514644415,"BOTSWANA_SOUTH EAST_SOUTH EAST_TLOKWENG","Botswana",14.3852939994987,0.00504253505716612,"TNR_Ship"
"586","0586",14.4971887410204,"BOTSWANA_SOUTHERN_BAROLONG_BETHEL","Botswana",14.5023606161107,0.00517187509032802,"TNR_Ship"
"587","0587",14.1045360172288,"BOTSWANA_SOUTHERN_BAROLONG_BOROBADILEPE","Botswana",14.1096371976238,0.00510118039499297,"TNR_Ship"
"588","0588",14.2401053819782,"BOTSWANA_SOUTHERN_BAROLONG_DIGAWANA","Botswana",14.2452173182606,0.00511193628236839,"TNR_Ship"
"589","0589",11.654985096783,"BOTSWANA_SOUTHERN_BAROLONG_DIKHUKHUNG","Botswana",11.6595130855475,0.00452798876448135,"TNR_Ship"
"590","0590",14.70706950033,"BOTSWANA_SOUTHERN_BAROLONG_DINATSHANA","Botswana",14.7122752132114,0.00520571288140914,"TNR_Ship"
"591","0591",13.3864766963712,"BOTSWANA_SOUTHERN_BAROLONG_DITLHARAPA","Botswana",13.3911654631991,0.00468876682794495,"TNR_Ship"
"592","0592",14.1586670118741,"BOTSWANA_SOUTHERN_BAROLONG_GAMAJALELA","Botswana",14.1636315036605,0.00496449178638869,"TNR_Ship"
"593","0593",14.2431108968351,"BOTSWANA_SOUTHERN_BAROLONG_GATHWANE","Botswana",14.2482543959542,0.0051434991190753,"TNR_Ship"
"594","0594",14.0602130106641,"BOTSWANA_SOUTHERN_BAROLONG_GOOD HOPE","Botswana",14.0652346345162,0.00502162385214788,"TNR_Ship"
"595","0595",14.0603818414454,"BOTSWANA_SOUTHERN_BAROLONG_HEBRON","Botswana",14.0651195328585,0.00473769141303748,"TNR_Ship"
"596","0596",12.8496640110739,"BOTSWANA_SOUTHERN_BAROLONG_KANGWE","Botswana",12.854176547641,0.00451253656712325,"TNR_Ship"
"597","0597",14.3234397405252,"BOTSWANA_SOUTHERN_BAROLONG_KGORO","Botswana",14.3285696009732,0.00512986044801167,"TNR_Ship"
"598","0598",14.3516526834733,"BOTSWANA_SOUTHERN_BAROLONG_LEJWANA","Botswana",14.356818099419,0.0051654159456529,"TNR_Ship"
"599","0599",11.9828262370671,"BOTSWANA_SOUTHERN_BAROLONG_LEPORUNG","Botswana",11.98736164753,0.00453541046289985,"TNR_Ship"
"600","0600",13.8923991620693,"BOTSWANA_SOUTHERN_BAROLONG_LOGAGANE","Botswana",13.8971151864511,0.0047160243817963,"TNR_Ship"
"601","0601",13.9492416633586,"BOTSWANA_SOUTHERN_BAROLONG_LORWANA","Botswana",13.9543214204205,0.00507975706181085,"TNR_Ship"
"602","0602",10.8163727463794,"BOTSWANA_SOUTHERN_BAROLONG_MABULE","Botswana",10.8207976469863,0.00442490060692435,"TNR_Ship"
"603","0603",14.3613701005406,"BOTSWANA_SOUTHERN_BAROLONG_MADINGWANA","Botswana",14.3664729115032,0.00510281096268272,"TNR_Ship"
"604","0604",12.8081378476772,"BOTSWANA_SOUTHERN_BAROLONG_MAGORIAPITSE","Botswana",12.8130473103891,0.00490946271190573,"TNR_Ship"
"605","0605",14.34722230732,"BOTSWANA_SOUTHERN_BAROLONG_MAKOKWE","Botswana",14.3523523936516,0.00513008633162038,"TNR_Ship"
"606","0606",14.265620748659,"BOTSWANA_SOUTHERN_BAROLONG_MALOKAGANYANE","Botswana",14.2707919459633,0.00517119730431048,"TNR_Ship"
"607","0607",13.8274674494776,"BOTSWANA_SOUTHERN_BAROLONG_MAROJANE","Botswana",13.832181221706,0.00471377222839742,"TNR_Ship"
"608","0608",12.9668961526408,"BOTSWANA_SOUTHERN_BAROLONG_METLOBO","Botswana",12.9714206766226,0.00452452398180725,"TNR_Ship"
"609","0609",13.7722090563785,"BOTSWANA_SOUTHERN_BAROLONG_METLOJANE","Botswana",13.7772334424605,0.00502438608198652,"TNR_Ship"
"610","0610",11.4169768288316,"BOTSWANA_SOUTHERN_BAROLONG_MMAKGORI","Botswana",11.4214543597008,0.00447753086919356,"TNR_Ship"
"611","0611",12.5265476619438,"BOTSWANA_SOUTHERN_BAROLONG_MMATHETHE","Botswana",12.5313981853337,0.0048505233898446,"TNR_Ship"
"612","0612",13.8631356228096,"BOTSWANA_SOUTHERN_BAROLONG_MOGOJOGOJO","Botswana",13.8682006608018,0.00506503799226543,"TNR_Ship"
"613","0613",13.5284795635487,"BOTSWANA_SOUTHERN_BAROLONG_MOGWALALE","Botswana",13.5334775945932,0.00499803104455054,"TNR_Ship"
"614","0614",13.1873153733891,"BOTSWANA_SOUTHERN_BAROLONG_MOKATAKO","Botswana",13.1919823178434,0.00466694445434435,"TNR_Ship"
"615","0615",12.7624869221364,"BOTSWANA_SOUTHERN_BAROLONG_MOKGOMANE","Botswana",12.7670503821645,0.00456346002807884,"TNR_Ship"
"616","0616",13.7591864141877,"BOTSWANA_SOUTHERN_BAROLONG_MOLETE","Botswana",13.7638814154817,0.00469500129398881,"TNR_Ship"
"617","0617",13.4509339649001,"BOTSWANA_SOUTHERN_BAROLONG_MOTSENTSHE","Botswana",13.4558856546805,0.00495168978048355,"TNR_Ship"
"618","0618",12.424907948545,"BOTSWANA_SOUTHERN_BAROLONG_MUSI","Botswana",12.4294869171474,0.00457896860238094,"TNR_Ship"
"619","0619",14.6312093226526,"BOTSWANA_SOUTHERN_BAROLONG_NGWATSAU","Botswana",14.6364419217843,0.00523259913167351,"TNR_Ship"
"620","0620",14.5455540127463,"BOTSWANA_SOUTHERN_BAROLONG_PAPATLO","Botswana",14.5507054158399,0.00515140309357243,"TNR_Ship"
"621","0621",14.0768145636411,"BOTSWANA_SOUTHERN_BAROLONG_PHIHITSHWANE","Botswana",14.0815475450784,0.00473298143726275,"TNR_Ship"
"622","0622",14.5952968702636,"BOTSWANA_SOUTHERN_BAROLONG_PITSANA-POTOKWE","Botswana",14.6005122343024,0.00521536403880596,"TNR_Ship"
"623","0623",14.7144965454894,"BOTSWANA_SOUTHERN_BAROLONG_PITSANE SIDING","Botswana",14.7197153463873,0.00521880089793747,"TNR_Ship"
"624","0624",12.7923600069036,"BOTSWANA_SOUTHERN_BAROLONG_PITSHANE MOLOPO","Botswana",12.7970017360614,0.00464172915782335,"TNR_Ship"
"625","0625",14.5594692587497,"BOTSWANA_SOUTHERN_BAROLONG_RAKHUNA","Botswana",14.5647137145938,0.005244455844025,"TNR_Ship"
"626","0626",14.5127845828867,"BOTSWANA_SOUTHERN_BAROLONG_RAMATLABAMA","Botswana",14.518030932976,0.00524635008929231,"TNR_Ship"
"627","0627",12.8829537092434,"BOTSWANA_SOUTHERN_BAROLONG_SEDIBENG","Botswana",12.8875857217642,0.00463201252074974,"TNR_Ship"
"628","0628",10.3692592978723,"BOTSWANA_SOUTHERN_BAROLONG_SEKHUTLANE","Botswana",10.3735899100195,0.00433061214720531,"TNR_Ship"
"629","0629",14.4255024138448,"BOTSWANA_SOUTHERN_BAROLONG_SHEEP FARM","Botswana",14.4306286539631,0.00512624011825125,"TNR_Ship"
"630","0630",14.7920001102688,"BOTSWANA_SOUTHERN_BAROLONG_TLHARESELEELE","Botswana",14.7972403472017,0.00524023693294318,"TNR_Ship"
"631","0631",11.1259256600207,"BOTSWANA_SOUTHERN_BAROLONG_TSHIDILAMOLOMO","Botswana",11.1304100754263,0.00448441540564737,"TNR_Ship"
"632","0632",11.8727733891576,"BOTSWANA_SOUTHERN_BAROLONG_TSWAANENG","Botswana",11.8772242486131,0.00445085945546175,"TNR_Ship"
"633","0633",13.5816461658983,"BOTSWANA_SOUTHERN_BAROLONG_TSWAGARE/LOTHOJE/LOKALANA","Botswana",13.5863138450834,0.00466767918512723,"TNR_Ship"
"634","0634",13.1609621083845,"BOTSWANA_SOUTHERN_BAROLONG_TSWANYANENG","Botswana",13.1656083582969,0.00464624991236562,"TNR_Ship"
"635","0635",8.58028691247687,"BOTSWANA_SOUTHERN_NGWAKETSE WEST_ITHOLOKE","Botswana",8.58416780090234,0.00388088842546885,"TNR_Ship"
"636","0636",7.47758355230735,"BOTSWANA_SOUTHERN_NGWAKETSE WEST_KANAKU","Botswana",7.48141705750735,0.00383350519999404,"TNR_Ship"
"637","0637",8.16720408103219,"BOTSWANA_SOUTHERN_NGWAKETSE WEST_KENG","Botswana",8.17116012652495,0.00395604549276207,"TNR_Ship"
"638","0638",7.70950723745832,"BOTSWANA_SOUTHERN_NGWAKETSE WEST_KHAKHEA","Botswana",7.71336903137557,0.0038617939172525,"TNR_Ship"
"639","0639",8.16678496384945,"BOTSWANA_SOUTHERN_NGWAKETSE WEST_KHONKHWA","Botswana",8.17076835902928,0.00398339517983182,"TNR_Ship"
"640","0640",7.20362050964392,"BOTSWANA_SOUTHERN_NGWAKETSE WEST_KOKONG","Botswana",7.20741944649099,0.00379893684706278,"TNR_Ship"
"641","0641",8.25443169045537,"BOTSWANA_SOUTHERN_NGWAKETSE WEST_KUTUKU","Botswana",8.25830207424702,0.00387038379164828,"TNR_Ship"
"642","0642",7.8424340377613,"BOTSWANA_SOUTHERN_NGWAKETSE WEST_MABUTSANE","Botswana",7.84631785090209,0.00388381314079478,"TNR_Ship"
"643","0643",8.41532690115335,"BOTSWANA_SOUTHERN_NGWAKETSE WEST_MAHOTSHWANE","Botswana",8.41958284206061,0.00425594090725667,"TNR_Ship"
"644","0644",7.18894341832697,"BOTSWANA_SOUTHERN_NGWAKETSE WEST_MORWAMOSU","Botswana",7.19268681281528,0.00374339448831407,"TNR_Ship"
"645","0645",8.30025677586023,"BOTSWANA_SOUTHERN_NGWAKETSE WEST_SEKOMA","Botswana",8.30424013718874,0.00398336132851362,"TNR_Ship"
"646","0646",10.3741018002764,"BOTSWANA_SOUTHERN_SOUTHERN_BETESANKWE","Botswana",10.3786186154413,0.00451681516487668,"TNR_Ship"
"647","0647",13.280452310895,"BOTSWANA_SOUTHERN_SOUTHERN_DIABO","Botswana",13.2853583374237,0.00490602652873662,"TNR_Ship"
"648","0648",13.9496575558931,"BOTSWANA_SOUTHERN_SOUTHERN_DIPOTSANA","Botswana",13.9546990545341,0.00504149864103809,"TNR_Ship"
"649","0649",10.9563454089563,"BOTSWANA_SOUTHERN_SOUTHERN_GASITA","Botswana",10.9610339242236,0.0046885152673255,"TNR_Ship"
"650","0650",12.5079149655601,"BOTSWANA_SOUTHERN_SOUTHERN_KANYE","Botswana",12.5126945748832,0.00477960932314048,"TNR_Ship"
"651","0651",13.9280130224508,"BOTSWANA_SOUTHERN_SOUTHERN_KGOMOKASITWA","Botswana",13.9331730484563,0.00516002600556043,"TNR_Ship"
"652","0652",9.96155517816896,"BOTSWANA_SOUTHERN_SOUTHERN_LEFOKO","Botswana",9.96606663324094,0.00451145507198092,"TNR_Ship"
"653","0653",13.527781934829,"BOTSWANA_SOUTHERN_SOUTHERN_LEKGOLOBOTLO","Botswana",13.5328469215319,0.00506498670291755,"TNR_Ship"
"654","0654",10.0599465120647,"BOTSWANA_SOUTHERN_SOUTHERN_LOROLWANA","Botswana",10.0642503812843,0.00430386921964754,"TNR_Ship"
"655","0655",13.3058296810173,"BOTSWANA_SOUTHERN_SOUTHERN_LOTLHAKANE","Botswana",13.3108205799516,0.00499089893430771,"TNR_Ship"
"656","0656",11.6317496508664,"BOTSWANA_SOUTHERN_SOUTHERN_LOTLHAKANE WEST","Botswana",11.6364593398807,0.00470968901422175,"TNR_Ship"
"657","0657",13.9779166873183,"BOTSWANA_SOUTHERN_SOUTHERN_MAGOTLHWANE","Botswana",13.9830208401454,0.00510415282708543,"TNR_Ship"
"658","0658",13.3119640815173,"BOTSWANA_SOUTHERN_SOUTHERN_MANYANA","Botswana",13.3169191638044,0.00495508228703656,"TNR_Ship"
"659","0659",10.1612053050535,"BOTSWANA_SOUTHERN_SOUTHERN_MAOKANE","Botswana",10.1654634216259,0.00425811657233766,"TNR_Ship"
"660","0660",13.7171589197009,"BOTSWANA_SOUTHERN_SOUTHERN_MOGONYE","Botswana",13.7222538582369,0.00509493853602727,"TNR_Ship"
"661","0661",9.3542477140993,"BOTSWANA_SOUTHERN_SOUTHERN_MOKHOMBA","Botswana",9.35877140417641,0.00452369007710551,"TNR_Ship"
"662","0662",13.944718267331,"BOTSWANA_SOUTHERN_SOUTHERN_MOLAPOWABOJANG","Botswana",13.949843397567,0.00512513023600292,"TNR_Ship"
"663","0663",11.4024401936248,"BOTSWANA_SOUTHERN_SOUTHERN_MOSHANENG","Botswana",11.4071413741621,0.00470118053728186,"TNR_Ship"
"664","0664",12.3975558425138,"BOTSWANA_SOUTHERN_SOUTHERN_MOSHUPA","Botswana",12.4024025257113,0.00484668319748494,"TNR_Ship"
"665","0665",13.4740471701167,"BOTSWANA_SOUTHERN_SOUTHERN_NTLHANTLHE","Botswana",13.4791234083189,0.00507623820220005,"TNR_Ship"
"666","0666",10.5423763737719,"BOTSWANA_SOUTHERN_SOUTHERN_PITSENG","Botswana",10.5469100812037,0.00453370743184145,"TNR_Ship"
"667","0667",10.6986684950285,"BOTSWANA_SOUTHERN_SOUTHERN_RALEKGETHO","Botswana",10.7032688114287,0.00460031640015046,"TNR_Ship"
"668","0668",13.3102437825921,"BOTSWANA_SOUTHERN_SOUTHERN_RANAKA","Botswana",13.3151703805567,0.00492659796464601,"TNR_Ship"
"669","0669",12.3980130841117,"BOTSWANA_SOUTHERN_SOUTHERN_SEGWAGWA","Botswana",12.4027876712752,0.00477458716350654,"TNR_Ship"
"670","0670",10.7657988981094,"BOTSWANA_SOUTHERN_SOUTHERN_SEHERELELA","Botswana",10.7703887555158,0.00458985740638695,"TNR_Ship"
"671","0671",11.4119364528195,"BOTSWANA_SOUTHERN_SOUTHERN_SELOKOLELA","Botswana",11.4166461511843,0.00470969836480251,"TNR_Ship"
"672","0672",8.57234207742245,"BOTSWANA_SOUTHERN_SOUTHERN_SEMANE","Botswana",8.57666430298638,0.00432222556392858,"TNR_Ship"
"673","0673",10.0512937847886,"BOTSWANA_SOUTHERN_SOUTHERN_SESE","Botswana",10.05581920243,0.00452541764143888,"TNR_Ship"
"674","0674",11.1177400003641,"BOTSWANA_SOUTHERN_SOUTHERN_SESUNG","Botswana",11.1224127751289,0.00467277476484007,"TNR_Ship"
"675","0675",9.31640458747764,"BOTSWANA_SOUTHERN_SOUTHERN_TLHANKANE","Botswana",9.32066264692021,0.0042580594425683,"TNR_Ship"
"676","0676",11.3967475733091,"BOTSWANA_SOUTHERN_SOUTHERN_TSHWAANE","Botswana",11.4014166400065,0.00466906669736566,"TNR_Ship"
"677","0677",10.3513717548922,"BOTSWANA_SOUTHERN_SOUTHERN_TSONYANE","Botswana",10.3559093852284,0.00453763033625343,"TNR_Ship"
"678","0678",9.21618255284239,"BOTSWANA_SOWA TOWN_SOWA TOWN_SOWA TOWN","Botswana",9.2211309428776,0.00494839003520653,"TNR_Ship"
"679","0679",8.57029807781142,"BOTSWANA_NORTH WEST_NGAMILAND WEST_TOBERE","Botswana",8.57342809975098,0.0031300219395618,"TNR_Ship"
"680","0680",10.1162328182166,"BOTSWANA_FRANCISTOWN_FRANCISTOWN_FRANCISTOWN","Botswana",10.1204549944065,0.00422217618986842,"TNR_Ship"
"681","0681",9.88066524591718,"BOTSWANA_NORTH EAST_NORTH EAST_MATOPI","Botswana",9.88493787155654,0.00427262563935926,"TNR_Ship"
"682","0682",15.1461613791889,"LESOTHO_BEREA","Lesotho",15.1572079816795,0.0110466024905236,"TNR_Ship"
"683","0683",15.9417317289842,"LESOTHO_BUTHA-BUTHE","Lesotho",15.9540871142326,0.0123553852483873,"TNR_Ship"
"684","0684",15.4856471917718,"LESOTHO_LERIBE","Lesotho",15.4976672752136,0.0120200834417759,"TNR_Ship"
"685","0685",12.6312326997774,"LESOTHO_MAFETENG","Lesotho",12.6423190608124,0.0110863610349519,"TNR_Ship"
"686","0686",15.052679638493,"LESOTHO_MASERU","Lesotho",15.0646137611619,0.0119341226689134,"TNR_Ship"
"687","0687",15.5119228088294,"LESOTHO_MOHALE'S HOEK","Lesotho",15.524760864751,0.0128380559215753,"TNR_Ship"
"688","0688",17.0546784923211,"LESOTHO_MOKHOTLONG","Lesotho",17.0716136086669,0.0169351163458202,"TNR_Ship"
"689","0689",12.6963201398072,"LESOTHO_QACHA'S NEK","Lesotho",12.713980664663,0.0176605248557458,"TNR_Ship"
"690","0690",12.9871471575132,"LESOTHO_QUTHING","Lesotho",12.9988659923466,0.0117188348334007,"TNR_Ship"
"691","0691",15.0641315828441,"LESOTHO_THABA-TSEKA","Lesotho",15.0799184108238,0.01578682797971,"TNR_Ship"
"692","0692",11.1415450049625,"MALAWI_SOUTHERN REGION_BALAKA","Malawi",11.1455984308866,0.00405342592405411,"TNR_Ship"
"693","0693",9.62690660808567,"MALAWI_SOUTHERN REGION_BLANTYRE","Malawi",9.63237941587794,0.00547280779226966,"TNR_Ship"
"694","0694",10.7335456376704,"MALAWI_SOUTHERN REGION_BLANTYRE CITY","Malawi",10.7403370344905,0.0067913968201907,"TNR_Ship"
"695","0695",13.0430470562639,"MALAWI_SOUTHERN REGION_CHIKWAWA","Malawi",13.0557657742791,0.012718718015245,"TNR_Ship"
"696","0696",11.5449021088404,"MALAWI_SOUTHERN REGION_CHIRADZULU","Malawi",11.551363161764,0.00646105292354626,"TNR_Ship"
"697","0697",4.26924819755735,"MALAWI_NORTHERN REGION_CHITIPA","Malawi",4.26996631062334,0.000718113065992121,"TNR_Ship"
"698","0698",8.46643074484539,"MALAWI_CENTRAL REGION_DEDZA","Malawi",8.46898600051647,0.00255525567107995,"TNR_Ship"
"699","0699",6.54291667934093,"MALAWI_CENTRAL REGION_DOWA","Malawi",6.54471427926115,0.00179759992022621,"TNR_Ship"
"700","0700",4.24704054732684,"MALAWI_NORTHERN REGION_KARONGA","Malawi",4.24781612807494,0.000775580748097582,"TNR_Ship"
"701","0701",7.3182480150726,"MALAWI_CENTRAL REGION_KASUNGU","Malawi",7.31972414100151,0.00147612592891555,"TNR_Ship"
"702","0702",4.83765343773724,"MALAWI_LAKE MALAWI_LAKE MALAWI","Malawi",4.83882313762865,0.00116969989140792,"TNR_Ship"
"703","0703",5.92209332651494,"MALAWI_NORTHERN REGION_LIKOMA","Malawi",5.92336475498932,0.00127142847438488,"TNR_Ship"
"704","0704",8.61556693795127,"MALAWI_CENTRAL REGION_LILONGWE","Malawi",8.61779202299896,0.00222508504768903,"TNR_Ship"
"705","0705",9.21621852903128,"MALAWI_CENTRAL REGION_LILONGWE CITY","Malawi",9.21832163602862,0.0021031069973354,"TNR_Ship"
"706","0706",12.4542117984412,"MALAWI_SOUTHERN REGION_MACHINGA","Malawi",12.45797142731,0.00375962886871584,"TNR_Ship"
"707","0707",9.2684675377276,"MALAWI_SOUTHERN REGION_MANGOCHI","Malawi",9.27085097405414,0.0023834363265447,"TNR_Ship"
"708","0708",9.09875186791045,"MALAWI_CENTRAL REGION_MCHINJI","Malawi",9.10079974843922,0.00204788052877447,"TNR_Ship"
"709","0709",12.1243279848815,"MALAWI_SOUTHERN REGION_MULANJE","Malawi",12.1320554191439,0.00772743426240119,"TNR_Ship"
"710","0710",12.7402488200064,"MALAWI_SOUTHERN REGION_MWANZA","Malawi",12.7469394506111,0.00669063060466257,"TNR_Ship"
"711","0711",10.0178071684348,"MALAWI_NORTHERN REGION_MZIMBA","Malawi",10.0189631767986,0.00115600836383223,"TNR_Ship"
"712","0712",9.41256073062452,"MALAWI_NORTHERN REGION_MZUZU CITY","Malawi",9.41361464254774,0.00105391192322024,"TNR_Ship"
"713","0713",11.0283196581661,"MALAWI_SOUTHERN REGION_NENO","Malawi",11.0347207835946,0.00640112542857274,"TNR_Ship"
"714","0714",9.12580609394381,"MALAWI_NORTHERN REGION_NKHATA BAY","Malawi",9.12690247744898,0.00109638350516583,"TNR_Ship"
"715","0715",8.29045813117171,"MALAWI_CENTRAL REGION_NKHOTAKOTA","Malawi",8.29200988673889,0.00155175556717069,"TNR_Ship"
"716","0716",13.57177104848,"MALAWI_SOUTHERN REGION_NSANJE","Malawi",13.6535203501016,0.0817493016215742,"TNR_Ship"
"717","0717",9.18705918453432,"MALAWI_CENTRAL REGION_NTCHEU","Malawi",9.19085452404698,0.00379533951265465,"TNR_Ship"
"718","0718",8.04440838193716,"MALAWI_CENTRAL REGION_NTCHISI","Malawi",8.04612489232643,0.00171651038927578,"TNR_Ship"
"719","0719",12.8261883624651,"MALAWI_SOUTHERN REGION_PHALOMBE","Malawi",12.8320502270873,0.00586186462217775,"TNR_Ship"
"720","0720",7.26585078778909,"MALAWI_NORTHERN REGION_RUMPHI","Malawi",7.26670402883471,0.000853241045618347,"TNR_Ship"
"721","0721",6.57427447492728,"MALAWI_CENTRAL REGION_SALIMA","Malawi",6.57641462310647,0.0021401481791905,"TNR_Ship"
"722","0722",12.0534720922109,"MALAWI_SOUTHERN REGION_THYOLO","Malawi",12.0633778442179,0.00990575200705379,"TNR_Ship"
"723","0723",10.7039842762602,"MALAWI_SOUTHERN REGION_ZOMBA","Malawi",10.707943487594,0.00395921133380028,"TNR_Ship"
"724","0724",9.7190508767874,"MALAWI_SOUTHERN REGION_ZOMBA CITY","Malawi",9.72307990849481,0.00402903170741808,"TNR_Ship"
"725","0725",11.8731958453008,"MOZAMBIQUE_CABO DELGADO_ANCUABE_ANCUABE SEDE","Mozambique",11.8755958314984,0.00239998619754722,"TNR_Ship"
"726","0726",12.344733765972,"MOZAMBIQUE_CABO DELGADO_ANCUABE_METORO","Mozambique",12.3477943763756,0.0030606104036135,"TNR_Ship"
"727","0727",11.7799274502412,"MOZAMBIQUE_CABO DELGADO_ANCUABE_MEZA","Mozambique",11.7822572387495,0.00232978850836218,"TNR_Ship"
"728","0728",13.1785557885846,"MOZAMBIQUE_CABO DELGADO_BALAMA_BALAMA SEDE","Mozambique",13.1808024162661,0.00224662768145301,"TNR_Ship"
"729","0729",10.9223866292763,"MOZAMBIQUE_CABO DELGADO_BALAMA_IMPIRE","Mozambique",10.9244332375628,0.00204660828656245,"TNR_Ship"
"730","0730",13.1524226317678,"MOZAMBIQUE_CABO DELGADO_BALAMA_KWEKWE","Mozambique",13.1549255527051,0.0025029209372871,"TNR_Ship"
"731","0731",11.9925986659801,"MOZAMBIQUE_CABO DELGADO_BALAMA_MAVALA","Mozambique",11.9945021539242,0.00190348794416906,"TNR_Ship"
"732","0732",12.600510506544,"MOZAMBIQUE_CABO DELGADO_CHIÚRE_CHIÚRE SEDE","Mozambique",12.603483732284,0.00297322574001946,"TNR_Ship"
"733","0733",12.1624987978535,"MOZAMBIQUE_CABO DELGADO_CHIÚRE_CHIÚRE VELHO","Mozambique",12.1657160630652,0.0032172652117346,"TNR_Ship"
"734","0734",12.9419591943731,"MOZAMBIQUE_CABO DELGADO_CHIÚRE_KATAPUA","Mozambique",12.9447261975799,0.00276700320681655,"TNR_Ship"
"735","0735",10.6702428144462,"MOZAMBIQUE_CABO DELGADO_CHIÚRE_MAZEZE","Mozambique",10.6736865176879,0.00344370324168963,"TNR_Ship"
"736","0736",13.1732521228009,"MOZAMBIQUE_CABO DELGADO_CHIÚRE_NAMOGELIA","Mozambique",13.1765570036497,0.00330488084882852,"TNR_Ship"
"737","0737",12.4146365755551,"MOZAMBIQUE_CABO DELGADO_CHIÚRE_OCUA","Mozambique",12.417922844518,0.00328626896290451,"TNR_Ship"
"738","0738",9.16964322356515,"MOZAMBIQUE_CABO DELGADO_CIDADE DE PEMBA_CIDADE DE PEMBA","Mozambique",9.17367085261542,0.00402762905027743,"TNR_Ship"
"739","0739",7.02225945942666,"MOZAMBIQUE_CABO DELGADO_IBO_IBO SEDE","Mozambique",7.0243572117662,0.00209775233954179,"TNR_Ship"
"740","0740",6.69697862986784,"MOZAMBIQUE_CABO DELGADO_IBO_QUIRIMBA","Mozambique",6.69928007127088,0.00230144140304223,"TNR_Ship"
"741","0741",9.56327759811674,"MOZAMBIQUE_CABO DELGADO_MACOMIA_CHAI","Mozambique",9.56498974179566,0.00171214367891714,"TNR_Ship"
"742","0742",10.7744510805407,"MOZAMBIQUE_CABO DELGADO_MACOMIA_MACOMIA SEDE","Mozambique",10.7761854834848,0.00173440294412863,"TNR_Ship"
"743","0743",7.84207443924103,"MOZAMBIQUE_CABO DELGADO_MACOMIA_MUCOJO","Mozambique",7.84382226650138,0.00174782726035527,"TNR_Ship"
"744","0744",6.93340715571561,"MOZAMBIQUE_CABO DELGADO_MACOMIA_QUITERAJO","Mozambique",6.93499575704937,0.0015886013337596,"TNR_Ship"
"745","0745",10.0842910226867,"MOZAMBIQUE_CABO DELGADO_MECÚFI_MECÚFI SEDE","Mozambique",10.0880911024174,0.00380007973073049,"TNR_Ship"
"746","0746",10.7598751992803,"MOZAMBIQUE_CABO DELGADO_MECÚFI_MURREBUE","Mozambique",10.7632824655662,0.00340726628589749,"TNR_Ship"
"747","0747",10.8160695129717,"MOZAMBIQUE_CABO DELGADO_MELUCO_MELUCO","Mozambique",10.8179438537624,0.00187434079067295,"TNR_Ship"
"748","0748",11.4380874258484,"MOZAMBIQUE_CABO DELGADO_MELUCO_MUAGUIDE","Mozambique",11.4400392899018,0.00195186405340841,"TNR_Ship"
"749","0749",10.3103019390836,"MOZAMBIQUE_CABO DELGADO_METUGE_METUGE SEDE","Mozambique",10.313623415147,0.00332147606332533,"TNR_Ship"
"750","0750",10.4939015822,"MOZAMBIQUE_CABO DELGADO_METUGE_MIEZE","Mozambique",10.4973341449095,0.00343256270954306,"TNR_Ship"
"751","0751",9.05111060350664,"MOZAMBIQUE_CABO DELGADO_MOCÍMBOA DA PRAIA_DIACA","Mozambique",9.05252343033347,0.00141282682682764,"TNR_Ship"
"752","0752",7.23110276316504,"MOZAMBIQUE_CABO DELGADO_MOCÍMBOA DA PRAIA_MBAU","Mozambique",7.23256928542532,0.001466522260273,"TNR_Ship"
"753","0753",7.51144350198041,"MOZAMBIQUE_CABO DELGADO_MOCÍMBOA DA PRAIA_MOCÍMBOA DA PRAIA SEDE","Mozambique",7.51280440258111,0.00136090060069449,"TNR_Ship"
"754","0754",12.1819265298102,"MOZAMBIQUE_CABO DELGADO_MONTEPUEZ_CIDADE DE MONTEPUEZ","Mozambique",12.1843320867126,0.00240555690238331,"TNR_Ship"
"755","0755",12.8683407691898,"MOZAMBIQUE_CABO DELGADO_MONTEPUEZ_MAPUPULO","Mozambique",12.8705896791181,0.00224890992826587,"TNR_Ship"
"756","0756",13.438166337954,"MOZAMBIQUE_CABO DELGADO_MONTEPUEZ_MIRATE SEDE","Mozambique",13.4401122509294,0.00194591297540647,"TNR_Ship"
"757","0757",10.0089962368544,"MOZAMBIQUE_CABO DELGADO_MONTEPUEZ_NAIROTO","Mozambique",10.0105768657597,0.00158062890528754,"TNR_Ship"
"758","0758",12.5487202519251,"MOZAMBIQUE_CABO DELGADO_MONTEPUEZ_NAMANHUMBIR","Mozambique",12.5510102794675,0.00229002754232432,"TNR_Ship"
"759","0759",10.4658369581359,"MOZAMBIQUE_CABO DELGADO_MUEDA_CHAPA","Mozambique",10.4672913071612,0.00145434902536401,"TNR_Ship"
"760","0760",7.30823109700762,"MOZAMBIQUE_CABO DELGADO_MUEDA_IMBUHO SEDE","Mozambique",7.30951106173468,0.00127996472705316,"TNR_Ship"
"761","0761",8.40464963200287,"MOZAMBIQUE_CABO DELGADO_MUEDA_MUEDA SEDE","Mozambique",8.40596773524115,0.00131810323828141,"TNR_Ship"
"762","0762",8.8113121930198,"MOZAMBIQUE_CABO DELGADO_MUEDA_NAMAUA","Mozambique",8.81263270849243,0.0013205154726279,"TNR_Ship"
"763","0763",6.17751162247773,"MOZAMBIQUE_CABO DELGADO_MUEDA_NEGOMANO","Mozambique",6.17871633171139,0.00120470923365623,"TNR_Ship"
"764","0764",6.62918728315285,"MOZAMBIQUE_CABO DELGADO_MUEDA_NGAPA","Mozambique",6.63037706219259,0.00118977903974571,"TNR_Ship"
"765","0765",8.90287660498369,"MOZAMBIQUE_CABO DELGADO_MUIDUMBE_CHITUNDA","Mozambique",8.90439303247132,0.00151642748762626,"TNR_Ship"
"766","0766",12.745559186924,"MOZAMBIQUE_CABO DELGADO_MUIDUMBE_MITEDA","Mozambique",12.746976642051,0.00141745512704361,"TNR_Ship"
"767","0767",10.2004985102924,"MOZAMBIQUE_CABO DELGADO_MUIDUMBE_MUAMBULA","Mozambique",10.2019892267647,0.00149071647226684,"TNR_Ship"
"768","0768",13.5664654805973,"MOZAMBIQUE_CABO DELGADO_NAMUNO_HUCULA","Mozambique",13.5694198403094,0.00295435971209557,"TNR_Ship"
"769","0769",14.8605314564005,"MOZAMBIQUE_CABO DELGADO_NAMUNO_MACHOCA","Mozambique",14.8636110234096,0.00307956700912015,"TNR_Ship"
"770","0770",12.9430400307578,"MOZAMBIQUE_CABO DELGADO_NAMUNO_MELOCO","Mozambique",12.9457866891414,0.00274665838352561,"TNR_Ship"
"771","0771",14.6578584238364,"MOZAMBIQUE_CABO DELGADO_NAMUNO_NAMUNO SEDE","Mozambique",14.6605107063139,0.00265228247750571,"TNR_Ship"
"772","0772",14.2682671951798,"MOZAMBIQUE_CABO DELGADO_NAMUNO_NCUMPE","Mozambique",14.2709209250476,0.00265372986772405,"TNR_Ship"
"773","0773",13.4658791408112,"MOZAMBIQUE_CABO DELGADO_NAMUNO_PAPAI","Mozambique",13.4690491265049,0.00316998569367399,"TNR_Ship"
"774","0774",6.52877649855135,"MOZAMBIQUE_CABO DELGADO_NANGADE_NANGADE SEDE","Mozambique",6.52990405380238,0.00112755525102681,"TNR_Ship"
"775","0775",8.74648426765038,"MOZAMBIQUE_CABO DELGADO_NANGADE_NTAMBA","Mozambique",8.74772481691451,0.00124054926412143,"TNR_Ship"
"776","0776",4.89283634790509,"MOZAMBIQUE_CABO DELGADO_PALMA_OLUMBE","Mozambique",4.89412006378788,0.00128371588279208,"TNR_Ship"
"777","0777",5.00913395742706,"MOZAMBIQUE_CABO DELGADO_PALMA_PALMA","Mozambique",5.01071575292628,0.00158179549921567,"TNR_Ship"
"778","0778",5.08000003561666,"MOZAMBIQUE_CABO DELGADO_PALMA_PUNDANHAR","Mozambique",5.08120031694151,0.00120028132484951,"TNR_Ship"
"779","0779",2.65952959647966,"MOZAMBIQUE_CABO DELGADO_PALMA_QUIONGA","Mozambique",2.66065142240985,0.00112182593018817,"TNR_Ship"
"780","0780",10.6634355744012,"MOZAMBIQUE_CABO DELGADO_QUISSANGA_BILIBIZA","Mozambique",10.6658092024349,0.00237362803376762,"TNR_Ship"
"781","0781",9.90745227078852,"MOZAMBIQUE_CABO DELGADO_QUISSANGA_MAHATE","Mozambique",9.91014563719722,0.00269336640870144,"TNR_Ship"
"782","0782",11.2568125908288,"MOZAMBIQUE_CIDADE DE MAPUTO_KAMAVOTA_KAMAVOTA","Mozambique",11.3205370048724,0.0637244140436266,"TNR_Ship"
"783","0783",11.3964348259605,"MOZAMBIQUE_CIDADE DE MAPUTO_KAMAXAKENI_KAMAXAKENI","Mozambique",11.5135169989125,0.117082172951998,"TNR_Ship"
"784","0784",11.2971743585164,"MOZAMBIQUE_CIDADE DE MAPUTO_KAMPFUMO_KAMPFUMO","Mozambique",11.4159261178862,0.118751759369784,"TNR_Ship"
"785","0785",11.5554419853108,"MOZAMBIQUE_CIDADE DE MAPUTO_KAMUBUKWANA_KAMUBUKWANA","Mozambique",11.6113101116401,0.0558681263292886,"TNR_Ship"
"786","0786",8.83002167696177,"MOZAMBIQUE_CIDADE DE MAPUTO_KANYAKA_KANYAKA","Mozambique",8.85043986371736,0.0204181867555882,"TNR_Ship"
"787","0787",11.517177435105,"MOZAMBIQUE_CIDADE DE MAPUTO_KATEMBE_KATEMBE","Mozambique",11.5662833837481,0.0491059486430636,"TNR_Ship"
"788","0788",11.4507963299016,"MOZAMBIQUE_CIDADE DE MAPUTO_NHLAMANKULO_NHLAMANKULO","Mozambique",11.5615903674795,0.110794037577904,"TNR_Ship"
"789","0789",12.2110090654038,"MOZAMBIQUE_GAZA_BILENE_BILENE MACIA","Mozambique",12.2204939591733,0.00948489376956196,"TNR_Ship"
"790","0790",11.7003987583292,"MOZAMBIQUE_GAZA_BILENE_INCAIA","Mozambique",11.7092228713953,0.008824113066078,"TNR_Ship"
"791","0791",11.4904515060942,"MOZAMBIQUE_GAZA_BILENE_MACUANE","Mozambique",11.5000490326275,0.00959752653321821,"TNR_Ship"
"792","0792",11.5276604242801,"MOZAMBIQUE_GAZA_BILENE_MAZIVILA","Mozambique",11.5362394626114,0.00857903833136575,"TNR_Ship"
"793","0793",11.7471678224137,"MOZAMBIQUE_GAZA_BILENE_MESSANO","Mozambique",11.7562513771489,0.00908355473528744,"TNR_Ship"
"794","0794",10.8315752666993,"MOZAMBIQUE_GAZA_BILENE_PRAIA DE BILENE","Mozambique",10.841747232769,0.0101719660697164,"TNR_Ship"
"795","0795",9.8904969422091,"MOZAMBIQUE_GAZA_CHIBUTO_ALTO CHANGANE","Mozambique",9.89781017404383,0.00731323183473442,"TNR_Ship"
"796","0796",9.92484888408543,"MOZAMBIQUE_GAZA_CHIBUTO_CHANGANINE","Mozambique",9.93236890629346,0.0075200222080305,"TNR_Ship"
"797","0797",10.2959358643758,"MOZAMBIQUE_GAZA_CHIBUTO_CIDADE DE CHIBUTO","Mozambique",10.3037098513452,0.00777398696940601,"TNR_Ship"
"798","0798",9.92528962630341,"MOZAMBIQUE_GAZA_CHIBUTO_GODIDE","Mozambique",9.93306829967054,0.00777867336713811,"TNR_Ship"
"799","0799",10.2014678553847,"MOZAMBIQUE_GAZA_CHIBUTO_MALEHICE","Mozambique",10.2094089053842,0.00794104999956957,"TNR_Ship"
"800","0800",10.5378284373581,"MOZAMBIQUE_GAZA_CHIBUTO_TCHAIMITE","Mozambique",10.5456822674239,0.007853830065784,"TNR_Ship"
"801","0801",11.8093675782319,"MOZAMBIQUE_GAZA_CHICUALACUALA_EDUARDO MONDLANE","Mozambique",11.8163606165202,0.00699303828830544,"TNR_Ship"
"802","0802",10.384020462935,"MOZAMBIQUE_GAZA_CHICUALACUALA_PAFURI","Mozambique",10.3906470384753,0.00662657554028634,"TNR_Ship"
"803","0803",11.465474525191,"MOZAMBIQUE_GAZA_CHIGUBO_CHIGUBO SEDE","Mozambique",11.4731975242953,0.00772299910430796,"TNR_Ship"
"804","0804",9.90223252063847,"MOZAMBIQUE_GAZA_CHIGUBO_NDINDIZA","Mozambique",9.90957341540315,0.00734089476467759,"TNR_Ship"
"805","0805",10.6315596740355,"MOZAMBIQUE_GAZA_CHÓKWÈ_CIDADE DE CHÓKWÈ","Mozambique",10.6391056243587,0.00754595032320893,"TNR_Ship"
"806","0806",10.8109747508603,"MOZAMBIQUE_GAZA_CHÓKWÈ_LIONDE","Mozambique",10.8188223266887,0.00784757582838758,"TNR_Ship"
"807","0807",10.3304082138407,"MOZAMBIQUE_GAZA_CHÓKWÈ_MACARRETANE","Mozambique",10.3373999991138,0.00699178527315603,"TNR_Ship"
"808","0808",10.6925242927174,"MOZAMBIQUE_GAZA_CHÓKWÈ_XILEMBENE","Mozambique",10.7007563933776,0.00823210066013225,"TNR_Ship"
"809","0809",9.59712696262918,"MOZAMBIQUE_GAZA_CHONGOENE_CHONGOENE","Mozambique",9.60552095100037,0.00839398837118921,"TNR_Ship"
"810","0810",9.86886383049116,"MOZAMBIQUE_GAZA_CHONGOENE_MAZUCANE","Mozambique",9.87618735159967,0.00732352110851053,"TNR_Ship"
"811","0811",9.08224855660294,"MOZAMBIQUE_GAZA_CHONGOENE_NGUZENE","Mozambique",9.09061994148494,0.0083713848820004,"TNR_Ship"
"812","0812",9.67519299277362,"MOZAMBIQUE_GAZA_CIDADE DE XAI-XAI_CIDADE DE XAI-XAI","Mozambique",9.68395940482803,0.0087664120544062,"TNR_Ship"
"813","0813",10.0470348584748,"MOZAMBIQUE_GAZA_GUIJÁ_CHIVONGOENE","Mozambique",10.0546564969285,0.0076216384537755,"TNR_Ship"
"814","0814",10.2633913648638,"MOZAMBIQUE_GAZA_GUIJÁ_MUBANGOENE","Mozambique",10.2705949962143,0.00720363135059898,"TNR_Ship"
"815","0815",9.94164712988726,"MOZAMBIQUE_GAZA_GUIJÁ_NALAZI","Mozambique",9.94877938056752,0.00713225068025913,"TNR_Ship"
"816","0816",10.567610337821,"MOZAMBIQUE_GAZA_GUIJÁ_VILA CANIÇADO","Mozambique",10.5750998274369,0.00748948961584261,"TNR_Ship"
"817","0817",10.6653036525031,"MOZAMBIQUE_GAZA_LIMPOPO_CHICUMBANE","Mozambique",10.6735760417701,0.00827238926693852,"TNR_Ship"
"818","0818",11.1635939160575,"MOZAMBIQUE_GAZA_LIMPOPO_CHISSANO","Mozambique",11.1719652294061,0.00837131334860075,"TNR_Ship"
"819","0819",10.2852750054476,"MOZAMBIQUE_GAZA_LIMPOPO_ZONGOENE","Mozambique",10.2945496311622,0.0092746257145766,"TNR_Ship"
"820","0820",9.66532925234509,"MOZAMBIQUE_GAZA_MABALANE_COMBOMUNE","Mozambique",9.6718282332516,0.00649898090651035,"TNR_Ship"
"821","0821",9.62666344596239,"MOZAMBIQUE_GAZA_MABALANE_MABALANE","Mozambique",9.63330964118472,0.00664619522233423,"TNR_Ship"
"822","0822",9.66390442136079,"MOZAMBIQUE_GAZA_MABALANE_NTLHAVENE","Mozambique",9.67054914812078,0.00664472675998695,"TNR_Ship"
"823","0823",9.82119339344604,"MOZAMBIQUE_GAZA_MANDLAKAZE_CHALALA","Mozambique",9.82894716181327,0.00775376836723041,"TNR_Ship"
"824","0824",9.16421536298872,"MOZAMBIQUE_GAZA_MANDLAKAZE_CHIBONDZANE","Mozambique",9.17202502613542,0.00780966314670373,"TNR_Ship"
"825","0825",8.80142329769986,"MOZAMBIQUE_GAZA_MANDLAKAZE_CHIDENGUELE","Mozambique",8.80961465814866,0.00819136044880864,"TNR_Ship"
"826","0826",10.0805178826272,"MOZAMBIQUE_GAZA_MANDLAKAZE_MACUACUA","Mozambique",10.0880373791088,0.00751949648163119,"TNR_Ship"
"827","0827",9.75573852884002,"MOZAMBIQUE_GAZA_MANDLAKAZE_MANDLAKAZE SEDE","Mozambique",9.7635784397255,0.00783991088548142,"TNR_Ship"
"828","0828",9.4345484548587,"MOZAMBIQUE_GAZA_MAPAI_MACHAILA","Mozambique",9.44164267154708,0.00709421668837606,"TNR_Ship"
"829","0829",10.101044978925,"MOZAMBIQUE_GAZA_MAPAI_MAPAI","Mozambique",10.1078559184534,0.00681093952844591,"TNR_Ship"
"830","0830",10.8094598494573,"MOZAMBIQUE_GAZA_MASSANGENA_MASSANGENA","Mozambique",10.817167805071,0.00770795561365212,"TNR_Ship"
"831","0831",10.9018901547369,"MOZAMBIQUE_GAZA_MASSANGENA_MAVUE","Mozambique",10.9089300952821,0.00703994054523882,"TNR_Ship"
"832","0832",10.2314483563541,"MOZAMBIQUE_GAZA_MASSINGIR_MASSINGIR SEDE","Mozambique",10.2381326356704,0.00668427931631221,"TNR_Ship"
"833","0833",10.2221452889486,"MOZAMBIQUE_GAZA_MASSINGIR_MAVODZE","Mozambique",10.2287090660882,0.00656377713961298,"TNR_Ship"
"834","0834",9.71605882254474,"MOZAMBIQUE_GAZA_MASSINGIR_ZULO","Mozambique",9.72264118668455,0.0065823641398044,"TNR_Ship"
"835","0835",8.14000756533665,"MOZAMBIQUE_INHAMBANE_CIDADE DA MAXIXE_CIDADE DA MAXIXE","Mozambique",8.14702625382214,0.00701868848549125,"TNR_Ship"
"836","0836",7.09479142497678,"MOZAMBIQUE_INHAMBANE_CIDADE DE INHAMBANE_CIDADE DE INHAMBANE","Mozambique",7.10249739307764,0.0077059681008631,"TNR_Ship"
"837","0837",11.4570383469263,"MOZAMBIQUE_INHAMBANE_FUNHALOURO_FUNHALOURO","Mozambique",11.4645713324956,0.00753298556928428,"TNR_Ship"
"838","0838",9.85652069580964,"MOZAMBIQUE_INHAMBANE_FUNHALOURO_TOME","Mozambique",9.86422871150623,0.00770801569659874,"TNR_Ship"
"839","0839",10.1727491197127,"MOZAMBIQUE_INHAMBANE_GOVURO_NOVA MAMBONE","Mozambique",10.1840507254576,0.0113016057449773,"TNR_Ship"
"840","0840",10.5826953576214,"MOZAMBIQUE_INHAMBANE_GOVURO_SAVE","Mozambique",10.5923164973909,0.00962113976946988,"TNR_Ship"
"841","0841",8.63007164847347,"MOZAMBIQUE_INHAMBANE_HOMOÍNE_HOMOÍNE SEDE","Mozambique",8.63757692624691,0.00750527777344345,"TNR_Ship"
"842","0842",10.1904689964065,"MOZAMBIQUE_INHAMBANE_HOMOÍNE_PEMBE","Mozambique",10.1971923906201,0.00672339421367241,"TNR_Ship"
"843","0843",7.67203035742206,"MOZAMBIQUE_INHAMBANE_INHARRIME_INHARRIME SEDE","Mozambique",7.67968300841073,0.00765265098866319,"TNR_Ship"
"844","0844",9.41222775594459,"MOZAMBIQUE_INHAMBANE_INHARRIME_MUCUMBI","Mozambique",9.41953816919284,0.00731041324824844,"TNR_Ship"
"845","0845",6.87269227633906,"MOZAMBIQUE_INHAMBANE_INHASSORO_BAZARUTO","Mozambique",6.88477357460672,0.0120812982676561,"TNR_Ship"
"846","0846",9.82945079403527,"MOZAMBIQUE_INHAMBANE_INHASSORO_INHASSORO","Mozambique",9.83844028635926,0.00898949232398749,"TNR_Ship"
"847","0847",7.95922292003353,"MOZAMBIQUE_INHAMBANE_JANGAMO_CUMBANA","Mozambique",7.96679529670208,0.00757237666855826,"TNR_Ship"
"848","0848",7.17516799487254,"MOZAMBIQUE_INHAMBANE_JANGAMO_JANGAMO","Mozambique",7.18278051291627,0.00761251804372698,"TNR_Ship"
"849","0849",9.32498881586708,"MOZAMBIQUE_INHAMBANE_MABOTE_MABOTE","Mozambique",9.33334610567283,0.00835728980574935,"TNR_Ship"
"850","0850",9.7743091174657,"MOZAMBIQUE_INHAMBANE_MABOTE_ZIMANE","Mozambique",9.78225285680542,0.00794373933972103,"TNR_Ship"
"851","0851",9.72343573781203,"MOZAMBIQUE_INHAMBANE_MABOTE_ZINAVE","Mozambique",9.73220528562394,0.00876954781191053,"TNR_Ship"
"852","0852",10.7762469287675,"MOZAMBIQUE_INHAMBANE_MASSINGA_CHICOMO","Mozambique",10.7839138714629,0.00766694269545987,"TNR_Ship"
"853","0853",8.64530629898873,"MOZAMBIQUE_INHAMBANE_MASSINGA_MASSINGA","Mozambique",8.6534237033458,0.00811740435706731,"TNR_Ship"
"854","0854",10.8234305408344,"MOZAMBIQUE_INHAMBANE_MORRUMBENE_MOCODUENE","Mozambique",10.8305527335552,0.00712219272075743,"TNR_Ship"
"855","0855",9.28889702361797,"MOZAMBIQUE_INHAMBANE_MORRUMBENE_MORRUMBENE","Mozambique",9.2960360318163,0.00713900819833491,"TNR_Ship"
"856","0856",10.7857369827225,"MOZAMBIQUE_INHAMBANE_PANDA_MAWAYELA","Mozambique",10.79296266919,0.0072256864675051,"TNR_Ship"
"857","0857",11.0597418402361,"MOZAMBIQUE_INHAMBANE_PANDA_PANDA","Mozambique",11.0663570504307,0.00661521019460132,"TNR_Ship"
"858","0858",10.8134027421277,"MOZAMBIQUE_INHAMBANE_PANDA_URRENE","Mozambique",10.820134687019,0.00673194489128015,"TNR_Ship"
"859","0859",9.95762162426709,"MOZAMBIQUE_INHAMBANE_VILANKULO_MAPINHANE","Mozambique",9.9659415511645,0.00831992689741412,"TNR_Ship"
"860","0860",7.88250061900345,"MOZAMBIQUE_INHAMBANE_VILANKULO_VILANKULO","Mozambique",7.89272956241764,0.0102289434141918,"TNR_Ship"
"861","0861",7.92039736488151,"MOZAMBIQUE_INHAMBANE_ZAVALA_QUISSICO","Mozambique",7.92795322370752,0.00755585882600851,"TNR_Ship"
"862","0862",8.68087265819621,"MOZAMBIQUE_INHAMBANE_ZAVALA_ZANDAMELA","Mozambique",8.6888702220924,0.00799756389618622,"TNR_Ship"
"863","0863",5.2039838570319,"MOZAMBIQUE_LAKE MALAWI_LAKE MALAWI_LAKE MALAWI","Mozambique",5.20527248759786,0.00128863056595652,"TNR_Ship"
"864","0864",20.3867989954876,"MOZAMBIQUE_MANICA_BÁRUÈ_CATANDICA","Mozambique",20.4009890173938,0.0141900219061952,"TNR_Ship"
"865","0865",21.8347323359201,"MOZAMBIQUE_MANICA_BÁRUÈ_CHOA","Mozambique",21.8487242726743,0.013991936754163,"TNR_Ship"
"866","0866",13.8563699402431,"MOZAMBIQUE_MANICA_BÁRUÈ_NHAMPASSA","Mozambique",13.8734609728279,0.01709103258478,"TNR_Ship"
"867","0867",20.4911031723163,"MOZAMBIQUE_MANICA_CIDADE DE CHIMOIO_CHIMOIO","Mozambique",20.5029179450141,0.0118147726977433,"TNR_Ship"
"868","0868",19.5270273386576,"MOZAMBIQUE_MANICA_GONDOLA_AMATONGAS","Mozambique",19.5402560736117,0.0132287349540867,"TNR_Ship"
"869","0869",20.1239953012855,"MOZAMBIQUE_MANICA_GONDOLA_CAFUMPE","Mozambique",20.1370606412587,0.0130653399732772,"TNR_Ship"
"870","0870",19.509578731207,"MOZAMBIQUE_MANICA_GONDOLA_GONDOLA","Mozambique",19.521886728796,0.0123079975890619,"TNR_Ship"
"871","0871",21.1623245348684,"MOZAMBIQUE_MANICA_GONDOLA_INCHOPE","Mozambique",21.1756846694722,0.0133601346038432,"TNR_Ship"
"872","0872",10.3742175356045,"MOZAMBIQUE_MANICA_GURO_GURO SEDE","Mozambique",10.3994228302235,0.0252052946190346,"TNR_Ship"
"873","0873",10.4825903688645,"MOZAMBIQUE_MANICA_GURO_MANDIE","Mozambique",10.544993591574,0.0624032227094791,"TNR_Ship"
"874","0874",11.101904850719,"MOZAMBIQUE_MANICA_GURO_MUNGARI","Mozambique",11.1352998815775,0.0333950308585358,"TNR_Ship"
"875","0875",10.5278188565431,"MOZAMBIQUE_MANICA_GURO_NHAMASSONGE","Mozambique",10.5786743831994,0.0508555266562229,"TNR_Ship"
"876","0876",20.6919233390684,"MOZAMBIQUE_MANICA_MACATE_MACATE SEDE","Mozambique",20.703782239444,0.0118589003756036,"TNR_Ship"
"877","0877",17.7231212890137,"MOZAMBIQUE_MANICA_MACATE_ZEMBE","Mozambique",17.7344797819483,0.0113584929345905,"TNR_Ship"
"878","0878",13.0448800359363,"MOZAMBIQUE_MANICA_MACHAZE_CHITOBE","Mozambique",13.052847838761,0.00796780282468745,"TNR_Ship"
"879","0879",11.580871763758,"MOZAMBIQUE_MANICA_MACHAZE_SAVE","Mozambique",11.588691503037,0.00781973927903223,"TNR_Ship"
"880","0880",16.8130638662168,"MOZAMBIQUE_MANICA_MACOSSA_MACOSSA SEDE","Mozambique",16.8369361811204,0.0238723149036595,"TNR_Ship"
"881","0881",21.3505859286973,"MOZAMBIQUE_MANICA_MACOSSA_NGUAWALA","Mozambique",21.3673401346811,0.0167542059837871,"TNR_Ship"
"882","0882",19.7573975356834,"MOZAMBIQUE_MANICA_MACOSSA_NHAMAGUA","Mozambique",19.7777053621842,0.0203078265007868,"TNR_Ship"
"883","0883",20.9867706230864,"MOZAMBIQUE_MANICA_MANICA_MACHIPANDA","Mozambique",21.0006060051857,0.0138353820993373,"TNR_Ship"
"884","0884",20.9494624266895,"MOZAMBIQUE_MANICA_MANICA_MAVONDE","Mozambique",20.9618630919116,0.0124006652221134,"TNR_Ship"
"885","0885",15.9893606689467,"MOZAMBIQUE_MANICA_MANICA_MESSICA","Mozambique",16.0006748289609,0.0113141600142104,"TNR_Ship"
"886","0886",18.1098551391836,"MOZAMBIQUE_MANICA_MANICA_MUNICIPIO DE MANICA","Mozambique",18.1214449639254,0.0115898247418222,"TNR_Ship"
"887","0887",14.2615532372978,"MOZAMBIQUE_MANICA_MOSSURIZE_CHIURAIRUE","Mozambique",14.271352139708,0.00979890241016257,"TNR_Ship"
"888","0888",18.619763046057,"MOZAMBIQUE_MANICA_MOSSURIZE_DACATA","Mozambique",18.6303155870148,0.0105525409578284,"TNR_Ship"
"889","0889",15.0456729251001,"MOZAMBIQUE_MANICA_MOSSURIZE_ESPUNGABERA","Mozambique",15.0561915106233,0.0105185855232506,"TNR_Ship"
"890","0890",19.0657587690746,"MOZAMBIQUE_MANICA_SUSSUNDENGA_DOMBE","Mozambique",19.0780330556548,0.0122742865801584,"TNR_Ship"
"891","0891",22.7880770816736,"MOZAMBIQUE_MANICA_SUSSUNDENGA_MUOHA","Mozambique",22.798728469224,0.0106513875504071,"TNR_Ship"
"892","0892",16.5683761697569,"MOZAMBIQUE_MANICA_SUSSUNDENGA_ROTANDA","Mozambique",16.5788941117502,0.0105179419932284,"TNR_Ship"
"893","0893",18.6027775609025,"MOZAMBIQUE_MANICA_SUSSUNDENGA_SUSSUNDENGA SEDE","Mozambique",18.6143045137937,0.0115269528912485,"TNR_Ship"
"894","0894",10.9282041143647,"MOZAMBIQUE_MANICA_TAMBARA_BUZUA","Mozambique",10.9797455761582,0.0515414617934997,"TNR_Ship"
"895","0895",10.3944832833274,"MOZAMBIQUE_MANICA_TAMBARA_NHACAFULA","Mozambique",10.4504358848696,0.055952601542149,"TNR_Ship"
"896","0896",11.1622475677724,"MOZAMBIQUE_MANICA_TAMBARA_NHACOLO","Mozambique",11.2590915133631,0.0968439455907202,"TNR_Ship"
"897","0897",18.4632182307207,"MOZAMBIQUE_MANICA_VANDUZI_MATSINHO","Mozambique",18.4756594477356,0.0124412170148887,"TNR_Ship"
"898","0898",18.0733203277864,"MOZAMBIQUE_MANICA_VANDUZI_VANDUZI SEDE","Mozambique",18.0854938191942,0.0121734914078004,"TNR_Ship"
"899","0899",11.61902220843,"MOZAMBIQUE_MAPUTO_BOANE_BOANE","Mozambique",11.6390848962946,0.0200626878646339,"TNR_Ship"
"900","0900",12.3647488356174,"MOZAMBIQUE_MAPUTO_BOANE_MATOLA RIO","Mozambique",12.3928701662473,0.0281213306298813,"TNR_Ship"
"901","0901",12.0842764565724,"MOZAMBIQUE_MAPUTO_CIDADE DA MATOLA_CIDADE DA MATOLA","Mozambique",12.1233260913799,0.0390496348074425,"TNR_Ship"
"902","0902",11.6818658464465,"MOZAMBIQUE_MAPUTO_CIDADE DA MATOLA_INFULENE","Mozambique",11.7156837396166,0.0338178931701485,"TNR_Ship"
"903","0903",12.8166174756636,"MOZAMBIQUE_MAPUTO_CIDADE DA MATOLA_MACHAVA","Mozambique",12.8551610977416,0.03854362207802,"TNR_Ship"
"904","0904",11.8647260154109,"MOZAMBIQUE_MAPUTO_MAGUDE_MAGUDE","Mozambique",11.873420192922,0.00869417751104073,"TNR_Ship"
"905","0905",10.8866448898397,"MOZAMBIQUE_MAPUTO_MAGUDE_MAHELE","Mozambique",10.8937367098559,0.00709182001620867,"TNR_Ship"
"906","0906",11.2174619164756,"MOZAMBIQUE_MAPUTO_MAGUDE_MAPULANGUENE","Mozambique",11.2244715927535,0.00700967627794746,"TNR_Ship"
"907","0907",10.8766925155348,"MOZAMBIQUE_MAPUTO_MAGUDE_MOTAZE","Mozambique",10.8844234674389,0.00773095190412398,"TNR_Ship"
"908","0908",11.8050087275573,"MOZAMBIQUE_MAPUTO_MAGUDE_PANJANE","Mozambique",11.8128841677289,0.00787544017165587,"TNR_Ship"
"909","0909",11.9701042047776,"MOZAMBIQUE_MAPUTO_MANHIÇA_3 DE FEVEREIRO","Mozambique",11.9808516262668,0.0107474214891567,"TNR_Ship"
"910","0910",10.9832521525321,"MOZAMBIQUE_MAPUTO_MANHIÇA_CALANGA","Mozambique",10.9951567610839,0.0119046085517756,"TNR_Ship"
"911","0911",12.3033350994751,"MOZAMBIQUE_MAPUTO_MANHIÇA_ILHA JOSINA MACHEL","Mozambique",12.3141993892618,0.010864289786662,"TNR_Ship"
"912","0912",12.3124330624117,"MOZAMBIQUE_MAPUTO_MANHIÇA_MALUANA","Mozambique",12.3275453904845,0.0151123280727941,"TNR_Ship"
"913","0913",11.7797722503818,"MOZAMBIQUE_MAPUTO_MANHIÇA_MUNICÍPIO DE MANHIÇA","Mozambique",11.7927557587522,0.0129835083703558,"TNR_Ship"
"914","0914",12.391768551898,"MOZAMBIQUE_MAPUTO_MANHIÇA_XINAVANE","Mozambique",12.4012310477647,0.00946249586674597,"TNR_Ship"
"915","0915",10.7093981688485,"MOZAMBIQUE_MAPUTO_MARRACUENE_MACHUBO","Mozambique",10.7268318517546,0.0174336829061499,"TNR_Ship"
"916","0916",11.9883482783846,"MOZAMBIQUE_MAPUTO_MARRACUENE_MARRACUENE","Mozambique",12.013576512416,0.0252282340313954,"TNR_Ship"
"917","0917",10.0143311505533,"MOZAMBIQUE_MAPUTO_MATUTUINE_BELA VISTA","Mozambique",10.030226951474,0.0158958009206707,"TNR_Ship"
"918","0918",10.7831239988046,"MOZAMBIQUE_MAPUTO_MATUTUINE_CATEMBE M'SIME","Mozambique",10.8093196899778,0.0261956911732124,"TNR_Ship"
"919","0919",11.8490241262338,"MOZAMBIQUE_MAPUTO_MATUTUINE_CATUANE","Mozambique",11.8639773549543,0.0149532287205698,"TNR_Ship"
"920","0920",8.47734539187194,"MOZAMBIQUE_MAPUTO_MATUTUINE_MACHANGULO","Mozambique",8.49271477134632,0.0153693794743806,"TNR_Ship"
"921","0921",9.3646415929847,"MOZAMBIQUE_MAPUTO_MATUTUINE_ZITUNDO","Mozambique",9.37973137580682,0.015089782822125,"TNR_Ship"
"922","0922",12.6482159316924,"MOZAMBIQUE_MAPUTO_MOAMBA_MOAMBA","Mozambique",12.6611574885605,0.0129415568681495,"TNR_Ship"
"923","0923",12.6713877561917,"MOZAMBIQUE_MAPUTO_MOAMBA_PESSENE","Mozambique",12.6891973420238,0.0178095858321097,"TNR_Ship"
"924","0924",13.8425803883835,"MOZAMBIQUE_MAPUTO_MOAMBA_RESSANO GARCIA","Mozambique",13.8545458896621,0.0119655012786364,"TNR_Ship"
"925","0925",12.1236138141336,"MOZAMBIQUE_MAPUTO_MOAMBA_SABIE","Mozambique",12.1327802857565,0.00916647162286033,"TNR_Ship"
"926","0926",11.9865806020447,"MOZAMBIQUE_MAPUTO_NAMAACHA_CHANGALANE","Mozambique",11.9998628942535,0.0132822922087907,"TNR_Ship"
"927","0927",12.3365504693079,"MOZAMBIQUE_MAPUTO_NAMAACHA_NAMAACHA","Mozambique",12.3536679504154,0.0171174811075403,"TNR_Ship"
"928","0928",11.0026427526203,"MOZAMBIQUE_NAMPULA_ANGOCHE_AUBE","Mozambique",11.0123445838286,0.0097018312082966,"TNR_Ship"
"929","0929",12.2165928601621,"MOZAMBIQUE_NAMPULA_ANGOCHE_BOILA NAMETORIA","Mozambique",12.2255407358853,0.00894787572325484,"TNR_Ship"
"930","0930",9.60657928421292,"MOZAMBIQUE_NAMPULA_ANGOCHE_CIDADE DE ANGOCHE","Mozambique",9.6148648625795,0.00828557836658739,"TNR_Ship"
"931","0931",12.1367550164527,"MOZAMBIQUE_NAMPULA_ANGOCHE_NAMAPONDA","Mozambique",12.1453767985862,0.0086217821334813,"TNR_Ship"
"932","0932",15.9374296697786,"MOZAMBIQUE_NAMPULA_CIDADE DE NAMPULA_ANCHILO","Mozambique",15.9444898415529,0.007060171774258,"TNR_Ship"
"933","0933",17.2472086554613,"MOZAMBIQUE_NAMPULA_CIDADE DE NAMPULA_MUATALA","Mozambique",17.253667184475,0.00645852901371313,"TNR_Ship"
"934","0934",16.7625402837891,"MOZAMBIQUE_NAMPULA_CIDADE DE NAMPULA_MUHALA","Mozambique",16.7691284263309,0.00658814254182616,"TNR_Ship"
"935","0935",16.3443109144428,"MOZAMBIQUE_NAMPULA_CIDADE DE NAMPULA_NAMICOPO","Mozambique",16.3510167887011,0.00670587425827662,"TNR_Ship"
"936","0936",17.1109065367122,"MOZAMBIQUE_NAMPULA_CIDADE DE NAMPULA_NAPIPINE","Mozambique",17.1171396082163,0.00623307150408436,"TNR_Ship"
"937","0937",17.1290813412138,"MOZAMBIQUE_NAMPULA_CIDADE DE NAMPULA_NATIKIRE","Mozambique",17.1352099185568,0.00612857734297023,"TNR_Ship"
"938","0938",17.0465773652106,"MOZAMBIQUE_NAMPULA_CIDADE DE NAMPULA_URBANO CENTRAL","Mozambique",17.0530940223217,0.00651665711115257,"TNR_Ship"
"939","0939",11.5654839952901,"MOZAMBIQUE_NAMPULA_ERÁTI_ALUA","Mozambique",11.570922981058,0.00543898576793822,"TNR_Ship"
"940","0940",11.7941656514883,"MOZAMBIQUE_NAMPULA_ERÁTI_NAMAPA SEDE","Mozambique",11.7980952288768,0.00392957738848132,"TNR_Ship"
"941","0941",12.4041993179298,"MOZAMBIQUE_NAMPULA_ERÁTI_NAMIROA","Mozambique",12.4085494663538,0.00435014842401671,"TNR_Ship"
"942","0942",9.1842976383586,"MOZAMBIQUE_NAMPULA_ILHA DE MOÇAMBIQUE_ILHA DE MOÇAMBIQUE","Mozambique",9.19622188290286,0.0119242445442573,"TNR_Ship"
"943","0943",10.3037764395124,"MOZAMBIQUE_NAMPULA_ILHA DE MOÇAMBIQUE_LUMBO","Mozambique",10.3152027175331,0.01142627802062,"TNR_Ship"
"944","0944",13.9420457610946,"MOZAMBIQUE_NAMPULA_LALAUA_LALAUA","Mozambique",13.9453850436101,0.00333928251555449,"TNR_Ship"
"945","0945",13.2835773786495,"MOZAMBIQUE_NAMPULA_LALAUA_METI","Mozambique",13.2869625153728,0.00338513672333107,"TNR_Ship"
"946","0946",11.6329243878982,"MOZAMBIQUE_NAMPULA_LARDE_LARDE","Mozambique",11.6436798520843,0.0107554641861078,"TNR_Ship"
"947","0947",15.5977877235003,"MOZAMBIQUE_NAMPULA_LARDE_MUCUALI","Mozambique",15.6073151611855,0.00952743768512221,"TNR_Ship"
"948","0948",14.3853108954091,"MOZAMBIQUE_NAMPULA_LIÚPO_LIÚPO","Mozambique",14.3939418690732,0.00863097366419829,"TNR_Ship"
"949","0949",10.2041407682122,"MOZAMBIQUE_NAMPULA_LIÚPO_QUINGA","Mozambique",10.212313117527,0.00817234931482957,"TNR_Ship"
"950","0950",15.5240880653417,"MOZAMBIQUE_NAMPULA_MALEMA_CHILULO","Mozambique",15.5272407958178,0.00315273047604236,"TNR_Ship"
"951","0951",14.7908048934051,"MOZAMBIQUE_NAMPULA_MALEMA_MALEMA/CANHUNHA","Mozambique",14.7948603237722,0.0040554303671243,"TNR_Ship"
"952","0952",14.6667056224128,"MOZAMBIQUE_NAMPULA_MALEMA_MUTUALI","Mozambique",14.670100823941,0.00339520152822814,"TNR_Ship"
"953","0953",15.4747855851715,"MOZAMBIQUE_NAMPULA_MECONTA_7 DE ABRIL","Mozambique",15.4834833178724,0.00869773270092367,"TNR_Ship"
"954","0954",15.2819377921449,"MOZAMBIQUE_NAMPULA_MECONTA_CORRANE","Mozambique",15.2897954721845,0.00785768003960463,"TNR_Ship"
"955","0955",15.7783806410557,"MOZAMBIQUE_NAMPULA_MECONTA_MECONTA","Mozambique",15.7877818330597,0.00940119200399181,"TNR_Ship"
"956","0956",14.9516737556462,"MOZAMBIQUE_NAMPULA_MECONTA_NAMIALO","Mozambique",14.9621816714466,0.0105079158003907,"TNR_Ship"
"957","0957",14.9015162260708,"MOZAMBIQUE_NAMPULA_MECUBÚRI_MECUBÚRI","Mozambique",14.9060924223267,0.00457619625583128,"TNR_Ship"
"958","0958",14.4123166048265,"MOZAMBIQUE_NAMPULA_MECUBÚRI_MILHANA","Mozambique",14.416490979563,0.00417437473653237,"TNR_Ship"
"959","0959",14.1042217631354,"MOZAMBIQUE_NAMPULA_MECUBÚRI_MUITE","Mozambique",14.107774717092,0.00355295395661059,"TNR_Ship"
"960","0960",16.7405020757287,"MOZAMBIQUE_NAMPULA_MECUBÚRI_NANIMA","Mozambique",16.7449897359015,0.00448766017279212,"TNR_Ship"
"961","0961",10.8370758880984,"MOZAMBIQUE_NAMPULA_MEMBA_CHIPENE","Mozambique",10.8423253596047,0.00524947150628385,"TNR_Ship"
"962","0962",9.71032998820062,"MOZAMBIQUE_NAMPULA_MEMBA_LURIO","Mozambique",9.71499999680934,0.00467000860871991,"TNR_Ship"
"963","0963",10.1447092052919,"MOZAMBIQUE_NAMPULA_MEMBA_MAZUA","Mozambique",10.1517158101089,0.00700660481703785,"TNR_Ship"
"964","0964",9.81761677460146,"MOZAMBIQUE_NAMPULA_MEMBA_MEMBA","Mozambique",9.83265234735188,0.0150355727504206,"TNR_Ship"
"965","0965",9.71653921339802,"MOZAMBIQUE_NAMPULA_MOGINCUAL_NAMINGE","Mozambique",9.72502975018497,0.00849053678695277,"TNR_Ship"
"966","0966",14.1895339419558,"MOZAMBIQUE_NAMPULA_MOGINCUAL_QUIXAXE","Mozambique",14.1997024773876,0.0101685354317276,"TNR_Ship"
"967","0967",16.3232174119182,"MOZAMBIQUE_NAMPULA_MOGOVOLAS_CALIPO","Mozambique",16.3304469734479,0.00722956152967313,"TNR_Ship"
"968","0968",15.8488687087278,"MOZAMBIQUE_NAMPULA_MOGOVOLAS_ILUTE","Mozambique",15.8569544663849,0.00808575765709918,"TNR_Ship"
"969","0969",14.582777634185,"MOZAMBIQUE_NAMPULA_MOGOVOLAS_MUATUA","Mozambique",14.590842621243,0.00806498705799896,"TNR_Ship"
"970","0970",15.9091890143374,"MOZAMBIQUE_NAMPULA_MOGOVOLAS_NAMETIL SEDE","Mozambique",15.9171462225536,0.00795720821620094,"TNR_Ship"
"971","0971",14.4882384260134,"MOZAMBIQUE_NAMPULA_MOGOVOLAS_NANHUPO RIO","Mozambique",14.4967495622246,0.00851113621118671,"TNR_Ship"
"972","0972",15.9577913924616,"MOZAMBIQUE_NAMPULA_MOMA_CHALAUA","Mozambique",15.9667694918628,0.00897809940118144,"TNR_Ship"
"973","0973",15.7944751029884,"MOZAMBIQUE_NAMPULA_MOMA_MACONE SEDE","Mozambique",15.804882155471,0.0104070524825808,"TNR_Ship"
"974","0974",13.8317217530099,"MOZAMBIQUE_NAMPULA_MONAPO_ITUCULO","Mozambique",13.8473587798611,0.0156370268512021,"TNR_Ship"
"975","0975",12.272761581469,"MOZAMBIQUE_NAMPULA_MONAPO_MONAPO SEDE","Mozambique",12.2852703900845,0.0125088086155429,"TNR_Ship"
"976","0976",13.826163695775,"MOZAMBIQUE_NAMPULA_MONAPO_NETIA","Mozambique",13.8372910509217,0.0111273551467477,"TNR_Ship"
"977","0977",10.36694762272,"MOZAMBIQUE_NAMPULA_MOSSURIL_LUNGA","Mozambique",10.3763821545304,0.00943453181044163,"TNR_Ship"
"978","0978",9.10737231989796,"MOZAMBIQUE_NAMPULA_MOSSURIL_MATIBANE","Mozambique",9.12898395352504,0.021611633627078,"TNR_Ship"
"979","0979",10.3338894434617,"MOZAMBIQUE_NAMPULA_MOSSURIL_MOSSURIL SEDE","Mozambique",10.3471248719823,0.0132354285205736,"TNR_Ship"
"980","0980",14.1668423099948,"MOZAMBIQUE_NAMPULA_MUECATE_IMALA","Mozambique",14.1724826848479,0.00564037485310465,"TNR_Ship"
"981","0981",16.6263664127409,"MOZAMBIQUE_NAMPULA_MUECATE_MUCOLUANE","Mozambique",16.6322807983911,0.00591438565025015,"TNR_Ship"
"982","0982",14.391020310901,"MOZAMBIQUE_NAMPULA_MUECATE_MUECATE","Mozambique",14.3987113937103,0.00769108280928954,"TNR_Ship"
"983","0983",21.3231760766811,"MOZAMBIQUE_NAMPULA_MURRUPULA_CHINGA","Mozambique",21.3286028395852,0.00542676290409716,"TNR_Ship"
"984","0984",21.0379092504988,"MOZAMBIQUE_NAMPULA_MURRUPULA_MURRUPULA","Mozambique",21.0439055427524,0.00599629225355969,"TNR_Ship"
"985","0985",20.0397749321301,"MOZAMBIQUE_NAMPULA_MURRUPULA_NIHESSIUE","Mozambique",20.0469994117798,0.00722447964969675,"TNR_Ship"
"986","0986",11.1780575562919,"MOZAMBIQUE_NAMPULA_NACALA-A-VELHA_COVO","Mozambique",11.1926486532756,0.0145910969837164,"TNR_Ship"
"987","0987",11.3672544148755,"MOZAMBIQUE_NAMPULA_NACALA-A-VELHA_NACALA-A-VELHA","Mozambique",11.4079967285189,0.0407423136433778,"TNR_Ship"
"988","0988",9.89104601634762,"MOZAMBIQUE_NAMPULA_NACALA-PORTO_MUANONA","Mozambique",9.9492913008387,0.058245284491079,"TNR_Ship"
"989","0989",8.73806761367996,"MOZAMBIQUE_NAMPULA_NACALA-PORTO_MUTIVA","Mozambique",8.77771558664281,0.0396479729628556,"TNR_Ship"
"990","0990",11.8322518509719,"MOZAMBIQUE_NAMPULA_NACARÔA_INTETE","Mozambique",11.8422838847544,0.0100320337824336,"TNR_Ship"
"991","0991",12.7124883786114,"MOZAMBIQUE_NAMPULA_NACARÔA_NACARÔA","Mozambique",12.7213101377616,0.00882175915019445,"TNR_Ship"
"992","0992",12.8217975679329,"MOZAMBIQUE_NAMPULA_NACARÔA_SAUA-SAUA","Mozambique",12.827764102334,0.00596653440111972,"TNR_Ship"
"993","0993",19.0333587299316,"MOZAMBIQUE_NAMPULA_RAPALE_MUTIVAZE","Mozambique",19.038657082265,0.00529835233335518,"TNR_Ship"
"994","0994",17.9773707913864,"MOZAMBIQUE_NAMPULA_RAPALE_NAMAITA","Mozambique",17.9832729762577,0.00590218487136696,"TNR_Ship"
"995","0995",17.0960232538224,"MOZAMBIQUE_NAMPULA_RAPALE_RAPALE","Mozambique",17.1018095561871,0.00578630236470801,"TNR_Ship"
"996","0996",19.1174209128552,"MOZAMBIQUE_NAMPULA_RIBÁUÈ_CUNLE","Mozambique",19.1227659970771,0.00534508422189717,"TNR_Ship"
"997","0997",25.4366089444372,"MOZAMBIQUE_NAMPULA_RIBÁUÈ_IAPALA","Mozambique",25.4407746412283,0.00416569679109458,"TNR_Ship"
"998","0998",15.5817998233149,"MOZAMBIQUE_NAMPULA_RIBÁUÈ_RIBÁUÈ","Mozambique",15.5862201358675,0.0044203125525577,"TNR_Ship"
"999","0999",10.6238929830061,"MOZAMBIQUE_NIASSA_CHIMBONILA_CHIMBONILA","Mozambique",10.6255608447569,0.00166786175078926,"TNR_Ship"
"1000","1000",10.4480013559037,"MOZAMBIQUE_NIASSA_CHIMBONILA_LIONE","Mozambique",10.4497926351099,0.00179127920625,"TNR_Ship"
"1001","1001",7.63727497749384,"MOZAMBIQUE_NIASSA_CHIMBONILA_MEPONDA","Mozambique",7.63897918662039,0.00170420912654912,"TNR_Ship"
"1002","1002",11.2966509726605,"MOZAMBIQUE_NIASSA_CIDADE DE LICHINGA_CIDADE DE LICHINGA","Mozambique",11.2983001878983,0.00164921523780315,"TNR_Ship"
"1003","1003",15.3874178151504,"MOZAMBIQUE_NIASSA_CUAMBA_CIDADE DE CUAMBA","Mozambique",15.3901466338278,0.00272881867742392,"TNR_Ship"
"1004","1004",12.9250056720329,"MOZAMBIQUE_NIASSA_CUAMBA_ETATARA","Mozambique",12.9283118218014,0.00330614976844146,"TNR_Ship"
"1005","1005",15.848103041584,"MOZAMBIQUE_NIASSA_CUAMBA_LÚRIO","Mozambique",15.8508614734188,0.00275843183474223,"TNR_Ship"
"1006","1006",11.2855449253756,"MOZAMBIQUE_NIASSA_CUAMBA_MEPICA","Mozambique",11.2883292654636,0.00278434008799522,"TNR_Ship"
"1007","1007",6.78930948617809,"MOZAMBIQUE_NIASSA_LAGO_CÓBUE","Mozambique",6.79060623668141,0.00129675050332168,"TNR_Ship"
"1008","1008",8.73010365669363,"MOZAMBIQUE_NIASSA_LAGO_LUNHO","Mozambique",8.73140905718624,0.00130540049260652,"TNR_Ship"
"1009","1009",12.2371653218125,"MOZAMBIQUE_NIASSA_LAGO_MANIAMBA","Mozambique",12.2386278144754,0.00146249266284393,"TNR_Ship"
"1010","1010",8.51658493121226,"MOZAMBIQUE_NIASSA_LAGO_MELULUCA","Mozambique",8.51809584603877,0.00151091482651466,"TNR_Ship"
"1011","1011",8.56811036505079,"MOZAMBIQUE_NIASSA_LAGO_METANGULA","Mozambique",8.56952633077134,0.00141596572055569,"TNR_Ship"
"1012","1012",13.090502977666,"MOZAMBIQUE_NIASSA_MAJUNE_MALANGA","Mozambique",13.0920603697258,0.00155739205982286,"TNR_Ship"
"1013","1013",12.5143898274386,"MOZAMBIQUE_NIASSA_MAJUNE_MUAQUIA","Mozambique",12.5161231500359,0.00173332259729087,"TNR_Ship"
"1014","1014",11.7765486041251,"MOZAMBIQUE_NIASSA_MAJUNE_NAIRRUBI","Mozambique",11.778325680547,0.00177707642191471,"TNR_Ship"
"1015","1015",11.4451132386378,"MOZAMBIQUE_NIASSA_MANDIMBA_LISSIETE","Mozambique",11.4473827164849,0.00226947784710063,"TNR_Ship"
"1016","1016",11.3994972509525,"MOZAMBIQUE_NIASSA_MANDIMBA_MITANDE","Mozambique",11.4016086017752,0.00211135082272307,"TNR_Ship"
"1017","1017",10.7177542122272,"MOZAMBIQUE_NIASSA_MARRUPA_MARRANGIRA","Mozambique",10.719265277456,0.00151106522873334,"TNR_Ship"
"1018","1018",11.3241519682398,"MOZAMBIQUE_NIASSA_MARRUPA_MARRUPA SEDE","Mozambique",11.3257679112085,0.00161594296866063,"TNR_Ship"
"1019","1019",12.9478108016287,"MOZAMBIQUE_NIASSA_MARRUPA_NUNGO","Mozambique",12.9499120364783,0.00210123484959013,"TNR_Ship"
"1020","1020",13.914423794335,"MOZAMBIQUE_NIASSA_MAÚA_MAIACA","Mozambique",13.9169332157178,0.00250942138278809,"TNR_Ship"
"1021","1021",12.6973472094573,"MOZAMBIQUE_NIASSA_MAÚA_MAÚA","Mozambique",12.6994573848642,0.00211017540681979,"TNR_Ship"
"1022","1022",8.74503045443925,"MOZAMBIQUE_NIASSA_MAVAGO_MAVAGO SEDE","Mozambique",8.74623420817957,0.00120375374032022,"TNR_Ship"
"1023","1023",14.9015607638491,"MOZAMBIQUE_NIASSA_MAVAGO_MSAWIZE","Mozambique",14.9027477395669,0.00118697571772053,"TNR_Ship"
"1024","1024",11.1563799605759,"MOZAMBIQUE_NIASSA_MECANHELAS_CHIUTA","Mozambique",11.1593203647837,0.00294040420773811,"TNR_Ship"
"1025","1025",12.6691549844911,"MOZAMBIQUE_NIASSA_MECANHELAS_INSACA","Mozambique",12.6727317903289,0.00357680583777764,"TNR_Ship"
"1026","1026",10.3556240737613,"MOZAMBIQUE_NIASSA_MECULA_MATONDOVELA","Mozambique",10.3568722470308,0.00124817326950222,"TNR_Ship"
"1027","1027",7.04678510781877,"MOZAMBIQUE_NIASSA_MECULA_MECULA SEDE","Mozambique",7.047981966678,0.00119685885923637,"TNR_Ship"
"1028","1028",15.309067600366,"MOZAMBIQUE_NIASSA_METARICA_NACUMUA","Mozambique",15.3118310715172,0.00276347115122633,"TNR_Ship"
"1029","1029",13.7678794213604,"MOZAMBIQUE_NIASSA_METARICA_NAMICUNDI","Mozambique",13.7702168072573,0.00233738589690446,"TNR_Ship"
"1030","1030",10.9512402379759,"MOZAMBIQUE_NIASSA_MUEMBE_CHICONONO","Mozambique",10.9525694293453,0.00132919136934362,"TNR_Ship"
"1031","1031",13.196532336497,"MOZAMBIQUE_NIASSA_MUEMBE_MUEMBE","Mozambique",13.1980259844528,0.00149364795580631,"TNR_Ship"
"1032","1032",13.1731151417937,"MOZAMBIQUE_NIASSA_NGAUMA_ITEPELA","Mozambique",13.1748549531166,0.00173981132286727,"TNR_Ship"
"1033","1033",10.8124362977023,"MOZAMBIQUE_NIASSA_NGAUMA_MASSANGULO","Mozambique",10.8143230389886,0.00188674128629351,"TNR_Ship"
"1034","1034",13.7622008058791,"MOZAMBIQUE_NIASSA_NIPEPE_MULUCO","Mozambique",13.7646028272207,0.00240202134166267,"TNR_Ship"
"1035","1035",14.5952832653036,"MOZAMBIQUE_NIASSA_NIPEPE_NIPEPE SEDE","Mozambique",14.5979069783044,0.00262371300074804,"TNR_Ship"
"1036","1036",12.1795362924882,"MOZAMBIQUE_NIASSA_SANGA_LUSSIMBESSE","Mozambique",12.1810794191285,0.00154312664026435,"TNR_Ship"
"1037","1037",10.4605388068934,"MOZAMBIQUE_NIASSA_SANGA_MACALOGE","Mozambique",10.4617498785871,0.00121107169371193,"TNR_Ship"
"1038","1038",9.7010896459148,"MOZAMBIQUE_NIASSA_SANGA_MATCHEDJE","Mozambique",9.70217262389257,0.0010829779777719,"TNR_Ship"
"1039","1039",12.3457408216471,"MOZAMBIQUE_NIASSA_SANGA_UNANGO","Mozambique",12.3471768352245,0.00143601357741119,"TNR_Ship"
"1040","1040",15.7227121301645,"MOZAMBIQUE_SOFALA_BÚZI_BÚZI SEDE","Mozambique",15.7442015029785,0.0214893728139121,"TNR_Ship"
"1041","1041",13.6688428288076,"MOZAMBIQUE_SOFALA_BÚZI_ESTAQUINHA","Mozambique",13.6856255554487,0.0167827266411216,"TNR_Ship"
"1042","1042",13.0866767629449,"MOZAMBIQUE_SOFALA_BÚZI_NOVA SOFALA","Mozambique",13.107889350774,0.0212125878290923,"TNR_Ship"
"1043","1043",17.7942520414116,"MOZAMBIQUE_SOFALA_CAIA_CAIA SEDE","Mozambique",17.8983154485183,0.104063407106725,"TNR_Ship"
"1044","1044",16.1156793759586,"MOZAMBIQUE_SOFALA_CAIA_MURRACA","Mozambique",16.271198561099,0.155519185140399,"TNR_Ship"
"1045","1045",14.7402942768345,"MOZAMBIQUE_SOFALA_CAIA_SENA","Mozambique",14.8724534259657,0.132159149131182,"TNR_Ship"
"1046","1046",12.3072539896869,"MOZAMBIQUE_SOFALA_CHEMBA_CHEMBA","Mozambique",12.4559957182006,0.148741728513654,"TNR_Ship"
"1047","1047",10.8723037822227,"MOZAMBIQUE_SOFALA_CHEMBA_CHIRAMBA","Mozambique",10.9678930557368,0.0955892735140491,"TNR_Ship"
"1048","1048",11.876119186877,"MOZAMBIQUE_SOFALA_CHEMBA_MULIMA","Mozambique",11.9471298457497,0.0710106588727388,"TNR_Ship"
"1049","1049",18.8829493623035,"MOZAMBIQUE_SOFALA_CHERINGOMA_INHAMINGA","Mozambique",18.9617695914745,0.0788202291709368,"TNR_Ship"
"1050","1050",20.5824613294434,"MOZAMBIQUE_SOFALA_CHERINGOMA_INHAMITANGA","Mozambique",20.7068894889494,0.124428159506003,"TNR_Ship"
"1051","1051",14.9290215747318,"MOZAMBIQUE_SOFALA_CHIBABAVA_CHIBABAVA","Mozambique",14.9419891102471,0.0129675355152639,"TNR_Ship"
"1052","1052",14.449187443744,"MOZAMBIQUE_SOFALA_CHIBABAVA_GOONDA SEDE","Mozambique",14.4624886393457,0.0133011956017022,"TNR_Ship"
"1053","1053",12.4113350499849,"MOZAMBIQUE_SOFALA_CHIBABAVA_MUXUNGUE","Mozambique",12.4216211039569,0.010286053972008,"TNR_Ship"
"1054","1054",13.0474848238134,"MOZAMBIQUE_SOFALA_CIDADE DA BEIRA_CHIVEVE","Mozambique",13.1838099091939,0.13632508538047,"TNR_Ship"
"1055","1055",13.5121909664252,"MOZAMBIQUE_SOFALA_CIDADE DA BEIRA_MANGA LAFORTE","Mozambique",13.5734989365796,0.0613079701543953,"TNR_Ship"
"1056","1056",13.3315570110212,"MOZAMBIQUE_SOFALA_CIDADE DA BEIRA_MUNHAVA","Mozambique",13.4409685577789,0.109411546757654,"TNR_Ship"
"1057","1057",14.2652264783788,"MOZAMBIQUE_SOFALA_CIDADE DA BEIRA_NHANGAU","Mozambique",14.3014506072131,0.0362241288342595,"TNR_Ship"
"1058","1058",15.4711292019594,"MOZAMBIQUE_SOFALA_DONDO_CIDADE DE DONDO","Mozambique",15.5017563941252,0.0306271921657562,"TNR_Ship"
"1059","1059",18.3763869371668,"MOZAMBIQUE_SOFALA_DONDO_MAFAMBISSE","Mozambique",18.4010426482213,0.0246557110544607,"TNR_Ship"
"1060","1060",16.1317932016996,"MOZAMBIQUE_SOFALA_DONDO_SAVANE","Mozambique",16.1628430384294,0.0310498367297853,"TNR_Ship"
"1061","1061",20.165549861972,"MOZAMBIQUE_SOFALA_GORONGOSA_CANDA","Mozambique",20.1818550335306,0.0163051715585638,"TNR_Ship"
"1062","1062",19.499602867289,"MOZAMBIQUE_SOFALA_GORONGOSA_GORONGOSA","Mozambique",19.5185109405224,0.0189080732333835,"TNR_Ship"
"1063","1063",21.7591776212497,"MOZAMBIQUE_SOFALA_GORONGOSA_VUNDUZI","Mozambique",21.7801820878171,0.0210044665673692,"TNR_Ship"
"1064","1064",19.7810157400056,"MOZAMBIQUE_SOFALA_MACHANGA_CHILOANE","Mozambique",19.7969046366956,0.0158888966900825,"TNR_Ship"
"1065","1065",10.3152900489265,"MOZAMBIQUE_SOFALA_MACHANGA_DIVINHE","Mozambique",10.3290219215987,0.0137318726722349,"TNR_Ship"
"1066","1066",10.668104547374,"MOZAMBIQUE_SOFALA_MACHANGA_MACHANGA","Mozambique",10.6788188073857,0.0107142600116426,"TNR_Ship"
"1067","1067",12.2912613313272,"MOZAMBIQUE_SOFALA_MARÍNGUÈ_CANXIXE","Mozambique",12.3311501013526,0.039888770025394,"TNR_Ship"
"1068","1068",15.5327428962194,"MOZAMBIQUE_SOFALA_MARÍNGUÈ_MARÍNGUÈ SEDE","Mozambique",15.5678692193347,0.0351263231152625,"TNR_Ship"
"1069","1069",18.6442040776095,"MOZAMBIQUE_SOFALA_MARÍNGUÈ_SUBUE","Mozambique",18.6727668029691,0.0285627253596488,"TNR_Ship"
"1070","1070",23.5969726336066,"MOZAMBIQUE_SOFALA_MARROMEU_CHUPANGA","Mozambique",23.8175251538662,0.220552520259545,"TNR_Ship"
"1071","1071",20.4983955547506,"MOZAMBIQUE_SOFALA_MARROMEU_MARROMEU","Mozambique",20.6434104843826,0.14501492963203,"TNR_Ship"
"1072","1072",19.0546271313609,"MOZAMBIQUE_SOFALA_MUANZA_GALINHA","Mozambique",19.1043616773691,0.049734546008235,"TNR_Ship"
"1073","1073",17.810367291619,"MOZAMBIQUE_SOFALA_MUANZA_MUANZA","Mozambique",17.8380141977879,0.0276469061689042,"TNR_Ship"
"1074","1074",21.657339343618,"MOZAMBIQUE_SOFALA_NHAMATANDA_NHAMATANDA","Mozambique",21.6752859930679,0.0179466494499465,"TNR_Ship"
"1075","1075",18.1660736170693,"MOZAMBIQUE_SOFALA_NHAMATANDA_TICA","Mozambique",18.1860969394296,0.0200233223602524,"TNR_Ship"
"1076","1076",10.1390366340542,"MOZAMBIQUE_TETE_ANGÓNIA_DOMUE","Mozambique",10.1419631330147,0.00292649896056929,"TNR_Ship"
"1077","1077",10.7626246500656,"MOZAMBIQUE_TETE_ANGÓNIA_ULONGUE","Mozambique",10.7657243053428,0.00309965527725176,"TNR_Ship"
"1078","1078",9.44192611000888,"MOZAMBIQUE_TETE_CAHORA BASSA_CHINTHOLO","Mozambique",9.46477460579003,0.0228484957811492,"TNR_Ship"
"1079","1079",10.5095604461617,"MOZAMBIQUE_TETE_CAHORA BASSA_CHITIMA","Mozambique",10.5640561848436,0.0544957386818439,"TNR_Ship"
"1080","1080",11.8443004081894,"MOZAMBIQUE_TETE_CAHORA BASSA_SONGO","Mozambique",11.8816424930904,0.0373420849010344,"TNR_Ship"
"1081","1081",9.45553562715063,"MOZAMBIQUE_TETE_CHANGARA_CHIOCO","Mozambique",9.49857271014174,0.0430370829911091,"TNR_Ship"
"1082","1082",9.94093601581506,"MOZAMBIQUE_TETE_CHANGARA_LUENHA","Mozambique",9.9742230788415,0.0332870630264441,"TNR_Ship"
"1083","1083",11.2901735210636,"MOZAMBIQUE_TETE_CHIFUNDE_CHIFUNDE","Mozambique",11.2950037195836,0.00483019851997035,"TNR_Ship"
"1084","1084",11.5989907870075,"MOZAMBIQUE_TETE_CHIFUNDE_MUALADZI","Mozambique",11.6017056021892,0.00271481518172934,"TNR_Ship"
"1085","1085",15.8258545396402,"MOZAMBIQUE_TETE_CHIFUNDE_NSADZO","Mozambique",15.8292627588165,0.00340821917635381,"TNR_Ship"
"1086","1086",14.6061615222885,"MOZAMBIQUE_TETE_CHIÚTA_KAZULA","Mozambique",14.6118213999216,0.00565987763306453,"TNR_Ship"
"1087","1087",13.5752100871121,"MOZAMBIQUE_TETE_CHIÚTA_MANJE","Mozambique",13.5891713201298,0.0139612330177084,"TNR_Ship"
"1088","1088",11.5334441659947,"MOZAMBIQUE_TETE_CIDADE DE TETE_CIDADE DE TETE","Mozambique",11.5861133554398,0.052669189445103,"TNR_Ship"
"1089","1089",12.8033523332149,"MOZAMBIQUE_TETE_DÔA_DÔA","Mozambique",12.8633415494409,0.0599892162259597,"TNR_Ship"
"1090","1090",14.9111693422532,"MOZAMBIQUE_TETE_MACANGA_CHIDZOLOMONDO","Mozambique",14.9147407712916,0.00357142903835594,"TNR_Ship"
"1091","1091",18.9097387871877,"MOZAMBIQUE_TETE_MACANGA_FURANCUNGO","Mozambique",18.9130165112732,0.0032777240854891,"TNR_Ship"
"1092","1092",13.4226752564008,"MOZAMBIQUE_TETE_MÁGOÈ_CHINTHOPO","Mozambique",13.4816167353522,0.0589414789514073,"TNR_Ship"
"1093","1093",11.3012211804819,"MOZAMBIQUE_TETE_MÁGOÈ_MPHENDE","Mozambique",11.3493306050962,0.0481094246142373,"TNR_Ship"
"1094","1094",8.88630168959781,"MOZAMBIQUE_TETE_MÁGOÈ_MUCUMBURA","Mozambique",8.90851887318421,0.0222171835864078,"TNR_Ship"
"1095","1095",10.7280997214514,"MOZAMBIQUE_TETE_MARARA_MARARA","Mozambique",10.7845464441757,0.056446722724294,"TNR_Ship"
"1096","1096",10.9442448337259,"MOZAMBIQUE_TETE_MARÁVIA_CHIPERA","Mozambique",10.9759750237673,0.0317301900414009,"TNR_Ship"
"1097","1097",11.7945354086288,"MOZAMBIQUE_TETE_MARÁVIA_CHIPUTO","Mozambique",11.7998590812666,0.00532367263782696,"TNR_Ship"
"1098","1098",9.97975520533546,"MOZAMBIQUE_TETE_MARÁVIA_FINGOE","Mozambique",10.0008014169529,0.0210462116173922,"TNR_Ship"
"1099","1099",9.60898415648345,"MOZAMBIQUE_TETE_MARÁVIA_MALOWERA","Mozambique",9.61318888887911,0.00420473239566022,"TNR_Ship"
"1100","1100",14.1739045884866,"MOZAMBIQUE_TETE_MOATIZE_KAMBULATSITSI","Mozambique",14.1882320756449,0.0143274871582975,"TNR_Ship"
"1101","1101",13.0662430638927,"MOZAMBIQUE_TETE_MOATIZE_MOATIZE","Mozambique",13.1014246934227,0.0351816295299265,"TNR_Ship"
"1102","1102",14.2292908482675,"MOZAMBIQUE_TETE_MOATIZE_ZOBUE","Mozambique",14.2347991748899,0.00550832662240452,"TNR_Ship"
"1103","1103",16.3964561108563,"MOZAMBIQUE_TETE_MUTARARA_CHARRE","Mozambique",16.6917779257432,0.295321814886869,"TNR_Ship"
"1104","1104",17.6373837708548,"MOZAMBIQUE_TETE_MUTARARA_INHANGOMA","Mozambique",17.9161933719351,0.278809601080319,"TNR_Ship"
"1105","1105",12.772573757707,"MOZAMBIQUE_TETE_MUTARARA_NHAMAYABUE","Mozambique",12.9429745554856,0.17040079777856,"TNR_Ship"
"1106","1106",10.6563917993318,"MOZAMBIQUE_TETE_TSANGANO_NTENGO-WAMBALAME","Mozambique",10.6598949247237,0.00350312539186604,"TNR_Ship"
"1107","1107",11.3890472731249,"MOZAMBIQUE_TETE_TSANGANO_TSANGANO","Mozambique",11.3925910433148,0.00354377018996743,"TNR_Ship"
"1108","1108",12.1646681948815,"MOZAMBIQUE_TETE_ZUMBO_MUZE","Mozambique",12.1705927028796,0.00592450799805455,"TNR_Ship"
"1109","1109",11.7522320738816,"MOZAMBIQUE_TETE_ZUMBO_ZAMBUE","Mozambique",11.7575173587908,0.00528528490923641,"TNR_Ship"
"1110","1110",10.1365418364985,"MOZAMBIQUE_TETE_ZUMBO_ZUMBO","Mozambique",10.1576248143201,0.0210829778215782,"TNR_Ship"
"1111","1111",19.3747332306188,"MOZAMBIQUE_ZAMBÉZIA_ALTO MOLÓCUÈ_ALTO MOLÓCUÈ SEDE","Mozambique",19.382152869318,0.00741963869916162,"TNR_Ship"
"1112","1112",17.3861406113979,"MOZAMBIQUE_ZAMBÉZIA_ALTO MOLÓCUÈ_NAUELA","Mozambique",17.3911066312464,0.00496601984852774,"TNR_Ship"
"1113","1113",16.6139400509028,"MOZAMBIQUE_ZAMBÉZIA_CHINDE_CHINDE SEDE","Mozambique",16.7507254201716,0.1367853692688,"TNR_Ship"
"1114","1114",20.2133461587904,"MOZAMBIQUE_ZAMBÉZIA_CHINDE_MICAUNE","Mozambique",20.3566276712867,0.143281512496291,"TNR_Ship"
"1115","1115",26.5602536261405,"MOZAMBIQUE_ZAMBÉZIA_DERRE_GUERISSA","Mozambique",26.7012024544899,0.140948828349327,"TNR_Ship"
"1116","1116",21.5168705137175,"MOZAMBIQUE_ZAMBÉZIA_DERRE_MACHINDO","Mozambique",21.5742413271303,0.0573708134128523,"TNR_Ship"
"1117","1117",21.1822356138391,"MOZAMBIQUE_ZAMBÉZIA_GILÉ_ALTO LIGONHA","Mozambique",21.1887030410898,0.00646742725066574,"TNR_Ship"
"1118","1118",20.069204756623,"MOZAMBIQUE_ZAMBÉZIA_GILÉ_GILÉ","Mozambique",20.0792048071227,0.0100000504997197,"TNR_Ship"
"1119","1119",20.830121379404,"MOZAMBIQUE_ZAMBÉZIA_GURUÈ_CIDADE DE GURUÈ","Mozambique",20.8347046567389,0.0045832773348522,"TNR_Ship"
"1120","1120",15.4491207065709,"MOZAMBIQUE_ZAMBÉZIA_GURUÈ_LIOMA","Mozambique",15.4531673850692,0.0040466784982911,"TNR_Ship"
"1121","1121",20.7288385331568,"MOZAMBIQUE_ZAMBÉZIA_GURUÈ_MEPUAGIUA","Mozambique",20.7344376112689,0.00559907811203431,"TNR_Ship"
"1122","1122",21.2454742275223,"MOZAMBIQUE_ZAMBÉZIA_ILE_ILE","Mozambique",21.2546240177129,0.00914979019055906,"TNR_Ship"
"1123","1123",23.0451077512201,"MOZAMBIQUE_ZAMBÉZIA_ILE_SOCONE","Mozambique",23.0516436077949,0.00653585657476796,"TNR_Ship"
"1124","1124",17.6634933299188,"MOZAMBIQUE_ZAMBÉZIA_INHASSUNGE_GONHANE","Mozambique",17.7607557769503,0.097262447031536,"TNR_Ship"
"1125","1125",19.1468808558945,"MOZAMBIQUE_ZAMBÉZIA_INHASSUNGE_MUCUPIA","Mozambique",19.231831679093,0.0849508231985219,"TNR_Ship"
"1126","1126",23.2761764710952,"MOZAMBIQUE_ZAMBÉZIA_LUABO_CHIMBADZO","Mozambique",23.4880335083426,0.211857037247388,"TNR_Ship"
"1127","1127",21.3472169535438,"MOZAMBIQUE_ZAMBÉZIA_LUABO_SAMORA MACHEL","Mozambique",21.5295429391024,0.182325985558627,"TNR_Ship"
"1128","1128",26.7445417665544,"MOZAMBIQUE_ZAMBÉZIA_LUGELA_LUGELA SEDE","Mozambique",26.7560852507538,0.0115434841994002,"TNR_Ship"
"1129","1129",22.3393995162174,"MOZAMBIQUE_ZAMBÉZIA_LUGELA_MUABANAMA","Mozambique",22.3476908467853,0.0082913305679746,"TNR_Ship"
"1130","1130",25.4546085396926,"MOZAMBIQUE_ZAMBÉZIA_LUGELA_MUNHAMADE","Mozambique",25.4684076646513,0.0137991249586982,"TNR_Ship"
"1131","1131",32.185929531072,"MOZAMBIQUE_ZAMBÉZIA_LUGELA_TACUANE","Mozambique",32.198324974995,0.0123954439230687,"TNR_Ship"
"1132","1132",19.5062931546116,"MOZAMBIQUE_ZAMBÉZIA_MAGANJA DA COSTA_MAGANJA DA COSTA","Mozambique",19.5374364413052,0.031143286693549,"TNR_Ship"
"1133","1133",21.6621474891017,"MOZAMBIQUE_ZAMBÉZIA_MAGANJA DA COSTA_NANTE","Mozambique",21.6987890205677,0.0366415314659818,"TNR_Ship"
"1134","1134",13.990219030977,"MOZAMBIQUE_ZAMBÉZIA_MILANGE_MAJAUA","Mozambique",13.9999796620717,0.00976063109466985,"TNR_Ship"
"1135","1135",17.1893831700373,"MOZAMBIQUE_ZAMBÉZIA_MILANGE_MILANGE SEDE","Mozambique",17.1980217541103,0.00863858407304008,"TNR_Ship"
"1136","1136",16.6022543366121,"MOZAMBIQUE_ZAMBÉZIA_MILANGE_MONGUE","Mozambique",16.6153354760701,0.0130811394579275,"TNR_Ship"
"1137","1137",25.8338101249304,"MOZAMBIQUE_ZAMBÉZIA_MOCUBA_CIDADE DE MOCUBA","Mozambique",25.8661046894187,0.0322945644882608,"TNR_Ship"
"1138","1138",23.6653253438785,"MOZAMBIQUE_ZAMBÉZIA_MOCUBA_MUGEBA","Mozambique",23.6815272160211,0.0162018721426342,"TNR_Ship"
"1139","1139",28.7305045707542,"MOZAMBIQUE_ZAMBÉZIA_MOCUBA_NAMANJAVIRA","Mozambique",28.7593955131824,0.0288909424281805,"TNR_Ship"
"1140","1140",17.8688507624219,"MOZAMBIQUE_ZAMBÉZIA_MOCUBELA_BAJONE","Mozambique",17.8935881873613,0.024737424939449,"TNR_Ship"
"1141","1141",21.4823693495696,"MOZAMBIQUE_ZAMBÉZIA_MOCUBELA_MOCUBELA","Mozambique",21.5019424224887,0.0195730729191226,"TNR_Ship"
"1142","1142",14.4457351903437,"MOZAMBIQUE_ZAMBÉZIA_MOLUMBO_CORROMANA","Mozambique",14.4508629998514,0.00512780950779046,"TNR_Ship"
"1143","1143",15.2514336970647,"MOZAMBIQUE_ZAMBÉZIA_MOLUMBO_MOLUMBO SEDE","Mozambique",15.2561290140968,0.00469531703206272,"TNR_Ship"
"1144","1144",24.6556400866658,"MOZAMBIQUE_ZAMBÉZIA_MOPEIA_CAMPO","Mozambique",24.803119592094,0.147479505428169,"TNR_Ship"
"1145","1145",23.9838348792456,"MOZAMBIQUE_ZAMBÉZIA_MOPEIA_MOPEIA SEDE","Mozambique",24.2322393581676,0.248404478922037,"TNR_Ship"
"1146","1146",17.3426676289286,"MOZAMBIQUE_ZAMBÉZIA_MORRUMBALA_CHIRE","Mozambique",17.3868464205618,0.0441787916332608,"TNR_Ship"
"1147","1147",20.0825120900731,"MOZAMBIQUE_ZAMBÉZIA_MORRUMBALA_MEGAZA","Mozambique",20.3801826659958,0.297670575922705,"TNR_Ship"
"1148","1148",22.4158871599655,"MOZAMBIQUE_ZAMBÉZIA_MORRUMBALA_MORRUMBALA SEDE","Mozambique",22.6086738447679,0.192786684802385,"TNR_Ship"
"1149","1149",20.3510113035131,"MOZAMBIQUE_ZAMBÉZIA_MULEVALA_CHIRACO","Mozambique",20.3622921208682,0.0112808173551429,"TNR_Ship"
"1150","1150",21.722152217072,"MOZAMBIQUE_ZAMBÉZIA_MULEVALA_M BAUANE","Mozambique",21.7347045132635,0.0125522961915152,"TNR_Ship"
"1151","1151",19.6288165236458,"MOZAMBIQUE_ZAMBÉZIA_NAMACURRA_MACUSE","Mozambique",19.6777812673257,0.0489647436798677,"TNR_Ship"
"1152","1152",28.5966589420346,"MOZAMBIQUE_ZAMBÉZIA_NAMACURRA_MALEI","Mozambique",28.640499957704,0.0438410156694324,"TNR_Ship"
"1153","1153",23.3697773035579,"MOZAMBIQUE_ZAMBÉZIA_NAMACURRA_NAMACURRA SEDE","Mozambique",23.4249369572886,0.0551596537307262,"TNR_Ship"
"1154","1154",30.3094347698094,"MOZAMBIQUE_ZAMBÉZIA_NAMARROI_NAMARROI","Mozambique",30.3171919056469,0.00775713583742998,"TNR_Ship"
"1155","1155",21.9721097509681,"MOZAMBIQUE_ZAMBÉZIA_NAMARROI_REGONE","Mozambique",21.9778383626503,0.0057286116822084,"TNR_Ship"
"1156","1156",29.9544779713619,"MOZAMBIQUE_ZAMBÉZIA_NICOADALA_MUNHONHA","Mozambique",30.0502539152384,0.0957759438765038,"TNR_Ship"
"1157","1157",26.3435718630308,"MOZAMBIQUE_ZAMBÉZIA_NICOADALA_NICOADALA SEDE","Mozambique",26.4201467402038,0.0765748771730799,"TNR_Ship"
"1158","1158",19.8946618204023,"MOZAMBIQUE_ZAMBÉZIA_PEBANE_MULELA","Mozambique",19.9088068511228,0.014145030720492,"TNR_Ship"
"1159","1159",20.5340861370733,"MOZAMBIQUE_ZAMBÉZIA_PEBANE_NABURI","Mozambique",20.5453100728514,0.0112239357780979,"TNR_Ship"
"1160","1160",18.5580576991733,"MOZAMBIQUE_ZAMBÉZIA_PEBANE_PEBANE SEDE","Mozambique",18.5746447148143,0.0165870156409618,"TNR_Ship"
"1161","1161",17.7660989145652,"MOZAMBIQUE_ZAMBÉZIA_QUELIMANE_MAQUIVAL","Mozambique",17.8303272637215,0.0642283491563234,"TNR_Ship"
"1162","1162",18.9666449831987,"MOZAMBIQUE_ZAMBÉZIA_QUELIMANE_QUELIMANE","Mozambique",19.0411034351452,0.0744584519465619,"TNR_Ship"
"1163","1163",14.8167894642092,"MOZAMBIQUE_SOFALA_CIDADE DA BEIRA_INHAMIZUA","Mozambique",14.8506668860695,0.0338774218603142,"TNR_Ship"
"1164","1164",9.49011296136962,"MOZAMBIQUE_CABO DELGADO_QUISSANGA_QUISSANGA","Mozambique",9.49209918927385,0.00198622790423109,"TNR_Ship"
"1165","1165",20.267041007194,"MOZAMBIQUE_ZAMBÉZIA_NICOADALA_NAMACATA","Mozambique",20.3407499053613,0.0737088981672613,"TNR_Ship"
"1166","1166",11.4174159930781,"NAMIBIA_ZAMBEZI_KABBE","Namibia",11.4381413639108,0.0207253708327215,"TNR_Ship"
"1167","1167",12.3039890605643,"NAMIBIA_ZAMBEZI_KATIMA MULILO RURAL","Namibia",12.3227282460137,0.0187391854493519,"TNR_Ship"
"1168","1168",14.4985813749627,"NAMIBIA_ZAMBEZI_KATIMA MULILO URBAN","Namibia",14.5198014360203,0.0212200610576545,"TNR_Ship"
"1169","1169",9.69955090582752,"NAMIBIA_ZAMBEZI_KONGOLA","Namibia",9.7044050508044,0.00485414497687486,"TNR_Ship"
"1170","1170",10.6845032155463,"NAMIBIA_ZAMBEZI_LINYANTI","Namibia",10.6919936653564,0.00749044981015956,"TNR_Ship"
"1171","1171",11.7519131881452,"NAMIBIA_ZAMBEZI_SIBBINDA","Namibia",11.7665551296341,0.0146419414889536,"TNR_Ship"
"1172","1172",2.4062220217527,"NAMIBIA_ERONGO_ARANDIS","Namibia",2.41654887809309,0.010326856340396,"TNR_Ship"
"1173","1173",2.88605546053749,"NAMIBIA_ERONGO_DAURES","Namibia",2.89002305783855,0.00396759730105778,"TNR_Ship"
"1174","1174",5.14694782706182,"NAMIBIA_ERONGO_KARIBIB","Namibia",5.15789275949609,0.0109449324342661,"TNR_Ship"
"1175","1175",4.3560944958696,"NAMIBIA_ERONGO_OMARURU","Namibia",4.35986160369054,0.00376710782094225,"TNR_Ship"
"1176","1176",2.41294806530905,"NAMIBIA_ERONGO_SWAKOPMUND","Namibia",2.43816882902676,0.025220763717702,"TNR_Ship"
"1177","1177",2.82336920237464,"NAMIBIA_ERONGO_WALVIS BAY RURAL","Namibia",2.88113212161687,0.0577629192422267,"TNR_Ship"
"1178","1178",2.28009617461152,"NAMIBIA_ERONGO_WALVIS BAY URBAN","Namibia",2.62123690041769,0.341140725806174,"TNR_Ship"
"1179","1179",3.1248008062395,"NAMIBIA_HARDAP_GIBEON","Namibia",3.12903626184816,0.00423545560865701,"TNR_Ship"
"1180","1180",4.26494479884086,"NAMIBIA_HARDAP_MARIENTAL RURAL","Namibia",4.26900858768548,0.00406378884462288,"TNR_Ship"
"1181","1181",3.84966635761274,"NAMIBIA_HARDAP_MARIENTAL URBAN","Namibia",3.853713215231,0.00404685761826062,"TNR_Ship"
"1182","1182",4.17491251417836,"NAMIBIA_HARDAP_REHOBOTH RURAL","Namibia",4.17921574897239,0.0043032347940315,"TNR_Ship"
"1183","1183",6.41052718468937,"NAMIBIA_HARDAP_REHOBOTH URBAN EAST","Namibia",6.41549751508497,0.00497033039559902,"TNR_Ship"
"1184","1184",6.47815538077354,"NAMIBIA_HARDAP_REHOBOTH URBAN WEST","Namibia",6.48380279056795,0.00564740979440703,"TNR_Ship"
"1185","1185",3.0319274201596,"NAMIBIA_//KARAS_BERSEBA","Namibia",3.03730392199169,0.00537650183209015,"TNR_Ship"
"1186","1186",3.56415762204922,"NAMIBIA_//KARAS_KARASBURG","Namibia",3.57838333895595,0.0142257169067301,"TNR_Ship"
"1187","1187",4.06864941999505,"NAMIBIA_//KARAS_KEETMANSHOOP RURAL","Namibia",4.07710380992831,0.00845438993326031,"TNR_Ship"
"1188","1188",3.54980773353394,"NAMIBIA_//KARAS_KEETMANSHOOP URBAN","Namibia",3.55669000604061,0.00688227250667195,"TNR_Ship"
"1189","1189",2.39914049503601,"NAMIBIA_//KARAS_LUDERITZ","Namibia",2.40428086109069,0.00514036605467716,"TNR_Ship"
"1190","1190",2.45808122070985,"NAMIBIA_//KARAS_ORANJEMUND","Namibia",2.48869986982457,0.030618649114714,"TNR_Ship"
"1191","1191",7.33167728883233,"NAMIBIA_KAVANGO EAST_MASHARE","Namibia",7.33439769071237,0.00272040188004397,"TNR_Ship"
"1192","1192",8.52704795966389,"NAMIBIA_KAVANGO EAST_MUKWE","Namibia",8.53011686167794,0.00306890201405174,"TNR_Ship"
"1193","1193",8.40498756174685,"NAMIBIA_KAVANGO EAST_NDIYONA","Namibia",8.40763658868439,0.00264902693753299,"TNR_Ship"
"1194","1194",7.69789382487219,"NAMIBIA_KAVANGO EAST_RUNDU RURAL WEST","Namibia",7.70030243231842,0.00240860744622928,"TNR_Ship"
"1195","1195",7.34607530151472,"NAMIBIA_KAVANGO EAST_RUNDU URBAN","Namibia",7.34868601667098,0.00261071515625311,"TNR_Ship"
"1196","1196",7.33835962092084,"NAMIBIA_KAVANGO EAST_RUNDU RURAL EAST","Namibia",7.34100168481041,0.00264206388956989,"TNR_Ship"
"1197","1197",9.00165516596068,"NAMIBIA_KHOMAS_TOBIAS HAINYEKO","Namibia",9.006979404175,0.00532423821431216,"TNR_Ship"
"1198","1198",9.43227165986158,"NAMIBIA_KHOMAS_KATUTURA CENTRAL","Namibia",9.43733008025577,0.00505842039418525,"TNR_Ship"
"1199","1199",9.24336249970848,"NAMIBIA_KHOMAS_KATUTURA EAST","Namibia",9.24864921506852,0.0052867153600431,"TNR_Ship"
"1200","1200",9.67732362415877,"NAMIBIA_KHOMAS_KHOMASDAL NORTH","Namibia",9.68248672211039,0.00516309795161973,"TNR_Ship"
"1201","1201",9.12514985839702,"NAMIBIA_KHOMAS_SOWETO","Namibia",9.13028931030468,0.00513945190766307,"TNR_Ship"
"1202","1202",9.04160575596642,"NAMIBIA_KHOMAS_SAMORA MACHEL","Namibia",9.04682892200644,0.0052231660400146,"TNR_Ship"
"1203","1203",11.6336370202379,"NAMIBIA_KHOMAS_WINDHOEK EAST","Namibia",11.638418043311,0.00478102307311623,"TNR_Ship"
"1204","1204",4.93316318163732,"NAMIBIA_KHOMAS_WINDHOEK RURAL","Namibia",4.93842566559798,0.00526248396066809,"TNR_Ship"
"1205","1205",11.5279630915073,"NAMIBIA_KHOMAS_WINDHOEK WEST","Namibia",11.5332795564512,0.00531646494389193,"TNR_Ship"
"1206","1206",8.16304187884777,"NAMIBIA_KHOMAS_MOSES //GAROEB","Namibia",8.16837384153292,0.00533196268514935,"TNR_Ship"
"1207","1207",2.24540328225188,"NAMIBIA_KUNENE_EPUPA","Namibia",2.24733043066712,0.00192714841523589,"TNR_Ship"
"1208","1208",4.73742010168996,"NAMIBIA_KUNENE_KAMANAJB","Namibia",4.73945976443851,0.00203966274854928,"TNR_Ship"
"1209","1209",2.78966913020066,"NAMIBIA_KUNENE_KHORIXAS","Namibia",2.79204167117979,0.00237254097913731,"TNR_Ship"
"1210","1210",2.86708173226075,"NAMIBIA_KUNENE_OPUWO","Namibia",2.86871246418159,0.00163073192084084,"TNR_Ship"
"1211","1211",5.35953062376874,"NAMIBIA_KUNENE_OUTJO","Namibia",5.36148931270367,0.00195868893493412,"TNR_Ship"
"1212","1212",2.42488306208912,"NAMIBIA_KUNENE_SESFONTEIN","Namibia",2.42670097653487,0.00181791444575108,"TNR_Ship"
"1213","1213",5.48743691241275,"NAMIBIA_OHANGWENA_EENHANA","Namibia",5.48997489038172,0.00253797796897093,"TNR_Ship"
"1214","1214",4.88473209352175,"NAMIBIA_OHANGWENA_ENDOLA","Namibia",4.88739972175927,0.00266762823751687,"TNR_Ship"
"1215","1215",4.74214278818103,"NAMIBIA_OHANGWENA_ENGELA","Namibia",4.74479873096141,0.00265594278037984,"TNR_Ship"
"1216","1216",5.4771439494952,"NAMIBIA_OHANGWENA_EPEMBE","Namibia",5.47952596899886,0.00238201950365813,"TNR_Ship"
"1217","1217",4.9226495851778,"NAMIBIA_OHANGWENA_OHANGWENA","Namibia",4.92531728815857,0.0026677029807729,"TNR_Ship"
"1218","1218",5.50310884224245,"NAMIBIA_OHANGWENA_OKONGO","Namibia",5.50578655652259,0.00267771428013219,"TNR_Ship"
"1219","1219",6.68186683288943,"NAMIBIA_OHANGWENA_OMUNDAUNGILO","Namibia",6.68449810494697,0.00263127205754543,"TNR_Ship"
"1220","1220",5.64277156146862,"NAMIBIA_OHANGWENA_ONDOBE","Namibia",5.64545208183336,0.00268052036473954,"TNR_Ship"
"1221","1221",4.48087992757376,"NAMIBIA_OHANGWENA_ONGENGA","Namibia",4.48351502233334,0.00263509475957857,"TNR_Ship"
"1222","1222",5.37033424605618,"NAMIBIA_OHANGWENA_OSHIKANGO","Namibia",5.37306699675464,0.00273275069846513,"TNR_Ship"
"1223","1223",5.06498164088101,"NAMIBIA_OHANGWENA_OMULONGA","Namibia",5.06747204370124,0.00249040282022328,"TNR_Ship"
"1224","1224",5.05485549241484,"NAMIBIA_OMAHEKE_AMINUIS","Namibia",5.0583497286901,0.0034942362752588,"TNR_Ship"
"1225","1225",5.61768391074703,"NAMIBIA_OMAHEKE_GOBABIS","Namibia",5.621308697107,0.00362478635996499,"TNR_Ship"
"1226","1226",5.42109586132999,"NAMIBIA_OMAHEKE_KALAHARI","Namibia",5.4244772643456,0.00338140301561296,"TNR_Ship"
"1227","1227",4.92561882427941,"NAMIBIA_OMAHEKE_OTJINENE","Namibia",4.92874909138543,0.00313026710601605,"TNR_Ship"
"1228","1228",5.45148521502168,"NAMIBIA_OMAHEKE_OTJOMBINDE","Namibia",5.45481733992569,0.00333212490401724,"TNR_Ship"
"1229","1229",5.09624867362095,"NAMIBIA_OMAHEKE_STEINHAUSEN","Namibia",5.09967425944339,0.00342558582243591,"TNR_Ship"
"1230","1230",5.19613017481759,"NAMIBIA_OMAHEKE_EPUKIRO","Namibia",5.19918421418051,0.00305403936292237,"TNR_Ship"
"1231","1231",3.96763942884178,"NAMIBIA_OMUSATI_ANAMULENGE","Namibia",3.97028641747648,0.00264698863469537,"TNR_Ship"
"1232","1232",4.1481982272035,"NAMIBIA_OMUSATI_ELIM","Namibia",4.15087011101997,0.00267188381646921,"TNR_Ship"
"1233","1233",4.53266637237453,"NAMIBIA_OMUSATI_ETAYI","Namibia",4.53534745396451,0.00268108158998182,"TNR_Ship"
"1234","1234",4.00064297200529,"NAMIBIA_OMUSATI_OGONGO","Namibia",4.00330482407682,0.00266185207153136,"TNR_Ship"
"1235","1235",3.7312718877074,"NAMIBIA_OMUSATI_OKAHAO","Namibia",3.73350562190523,0.00223373419783446,"TNR_Ship"
"1236","1236",4.09851398283321,"NAMIBIA_OMUSATI_OKALONGO","Namibia",4.10115343904402,0.00263945621081341,"TNR_Ship"
"1237","1237",3.47636415074238,"NAMIBIA_OMUSATI_ONESI","Namibia",3.47889602158578,0.00253187084340212,"TNR_Ship"
"1238","1238",4.19352284026124,"NAMIBIA_OMUSATI_OSHIKUKU","Namibia",4.19619034980806,0.00266750954682404,"TNR_Ship"
"1239","1239",3.78456975474619,"NAMIBIA_OMUSATI_OUTAPI","Namibia",3.78713499105102,0.00256523630482786,"TNR_Ship"
"1240","1240",3.29535781201438,"NAMIBIA_OMUSATI_RUACANA","Namibia",3.29757179698892,0.00221398497454217,"TNR_Ship"
"1241","1241",4.31757621666731,"NAMIBIA_OMUSATI_TSANDI","Namibia",4.32008722621719,0.00251100954988193,"TNR_Ship"
"1242","1242",4.31479194804244,"NAMIBIA_OMUSATI_OTAMANZI","Namibia",4.3171162656118,0.00232431756936524,"TNR_Ship"
"1243","1243",4.86541410162123,"NAMIBIA_OSHANA_OKAKU","Namibia",4.86796261844572,0.00254851682448543,"TNR_Ship"
"1244","1244",4.53343040946861,"NAMIBIA_OSHANA_OKATANA","Namibia",4.53613324177344,0.00270283230482526,"TNR_Ship"
"1245","1245",4.51298621126661,"NAMIBIA_OSHANA_OKATJALI","Namibia",4.51558227885876,0.00259606759215192,"TNR_Ship"
"1246","1246",4.39369251932282,"NAMIBIA_OSHANA_OMPUNDJA","Namibia",4.39630165257227,0.00260913324944934,"TNR_Ship"
"1247","1247",4.82574757515141,"NAMIBIA_OSHANA_ONDANGWA","Namibia",4.82831415636776,0.00256658121634956,"TNR_Ship"
"1248","1248",4.7497528353923,"NAMIBIA_OSHANA_ONGWEDIVA","Namibia",4.75242871941572,0.00267588402341445,"TNR_Ship"
"1249","1249",4.60892492204312,"NAMIBIA_OSHANA_OSHAKATI EAST","Namibia",4.61147000146754,0.00254507942441329,"TNR_Ship"
"1250","1250",4.61736658288562,"NAMIBIA_OSHANA_OSHAKATI WEST","Namibia",4.62008250784053,0.00271592495490758,"TNR_Ship"
"1251","1251",4.83828195581079,"NAMIBIA_OSHANA_UUKWIYU","Namibia",4.84085853021117,0.00257657440038805,"TNR_Ship"
"1252","1252",4.50762650568939,"NAMIBIA_OSHANA_UUVUDHIYA","Namibia",4.51000458119635,0.00237807550695912,"TNR_Ship"
"1253","1253",5.72984553575224,"NAMIBIA_OSHIKOTO_EENGONDI","Namibia",5.73254754981354,0.00270201406129456,"TNR_Ship"
"1254","1254",5.37200120144727,"NAMIBIA_OSHIKOTO_GUINAS","Namibia",5.37410261309644,0.00210141164916777,"TNR_Ship"
"1255","1255",4.86491669608058,"NAMIBIA_OSHIKOTO_OKANKOLO","Namibia",4.86694262749301,0.00202593141243046,"TNR_Ship"
"1256","1256",4.82439763513274,"NAMIBIA_OSHIKOTO_OLUKONDA","Namibia",4.82688588584217,0.00248825070943237,"TNR_Ship"
"1257","1257",4.63243476193913,"NAMIBIA_OSHIKOTO_OMUNTELE","Namibia",4.63468214770654,0.00224738576741679,"TNR_Ship"
"1258","1258",4.48361208143754,"NAMIBIA_OSHIKOTO_OMUTHIYAGWIIPUNDI","Namibia",4.48543065463419,0.00181857319664758,"TNR_Ship"
"1259","1259",4.98921126301856,"NAMIBIA_OSHIKOTO_ONAYENA","Namibia",4.99172677824719,0.00251551522862492,"TNR_Ship"
"1260","1260",4.97006535693884,"NAMIBIA_OSHIKOTO_ONIIPA","Namibia",4.97254731299882,0.00248195605998358,"TNR_Ship"
"1261","1261",4.87957328240485,"NAMIBIA_OSHIKOTO_ONYAANYA","Namibia",4.88183786531321,0.00226458290836717,"TNR_Ship"
"1262","1262",7.46688095067046,"NAMIBIA_OSHIKOTO_TSUMEB","Namibia",7.46909384157719,0.00221289090672805,"TNR_Ship"
"1263","1263",5.55703287510454,"NAMIBIA_OTJOZONDJUPA_GROOTFONTEIN","Namibia",5.55951745326503,0.0024845781604883,"TNR_Ship"
"1264","1264",5.64898036792412,"NAMIBIA_OTJOZONDJUPA_OKAHANDJA","Namibia",5.65384514182717,0.00486477390305318,"TNR_Ship"
"1265","1265",5.05840594790167,"NAMIBIA_OTJOZONDJUPA_OKAKARARA","Namibia",5.06115101453238,0.00274506663071072,"TNR_Ship"
"1266","1266",5.00593868797728,"NAMIBIA_OTJOZONDJUPA_OMATAKO","Namibia",5.00920471871077,0.00326603073348508,"TNR_Ship"
"1267","1267",5.58247933714897,"NAMIBIA_OTJOZONDJUPA_OTAVI","Namibia",5.5850315657329,0.00255222858392035,"TNR_Ship"
"1268","1268",4.4194173689376,"NAMIBIA_OTJOZONDJUPA_OTJIWARONGO","Namibia",4.42217985958065,0.00276249064305656,"TNR_Ship"
"1269","1269",6.5254312259961,"NAMIBIA_OTJOZONDJUPA_TSUMKWE","Namibia",6.52830289849883,0.0028716725027369,"TNR_Ship"
"1270","1270",6.34026136456078,"NAMIBIA_KAVANGO WEST_KAHENGE","Namibia",6.3427373417192,0.00247597715842041,"TNR_Ship"
"1271","1271",7.28064828132221,"NAMIBIA_KAVANGO WEST_KAPAKO","Namibia",7.28304497063565,0.00239668931344106,"TNR_Ship"
"1272","1272",8.49545079571317,"NAMIBIA_KAVANGO WEST_MPUNGU","Namibia",8.49830919865303,0.00285840293985551,"TNR_Ship"
"1273","1273",7.10953078517808,"Buffalo City (BUF)","South Africa",7.12026793263616,0.0107371474580829,"TNR_Ship"
"1274","1274",5.32158648937184,"City of Cape Town (CPT)","South Africa",5.42650277605169,0.10491628667985,"TNR_Ship"
"1275","1275",8.03530502800153,"Camdeboo/Ikwezi/Baviaans (EC101)","South Africa",8.04805726132995,0.0127522333284134,"TNR_Ship"
"1276","1276",6.70060888200932,"Blue Crane Rout/ie (EC102)","South Africa",6.72590947182308,0.0253005898137619,"TNR_Ship"
"1277","1277",6.45571840621368,"Makana (EC104)","South Africa",6.4747371161607,0.0190187099470194,"TNR_Ship"
"1278","1278",5.53115053173757,"Ndlambe (EC105)","South Africa",5.54400782200291,0.0128572902653445,"TNR_Ship"
"1279","1279",8.14160919052952,"Sundays River Valley (EC106)","South Africa",8.22599750993079,0.0843883194012687,"TNR_Ship"
"1280","1280",6.21062190717926,"Kouga (EC108)","South Africa",6.24249703252068,0.0318751253414131,"TNR_Ship"
"1281","1281",6.71146738049476,"Kou-Kamma (EC109)","South Africa",6.72446679340265,0.0129994129078872,"TNR_Ship"
"1282","1282",8.3078273139115,"Mbhashe (EC121)","South Africa",8.31971433064724,0.0118870167357414,"TNR_Ship"
"1283","1283",8.30941638455896,"Mnquma (EC122)","South Africa",8.31991026010222,0.0104938755432666,"TNR_Ship"
"1284","1284",7.7715389174434,"Great Kei (EC123)","South Africa",7.78243355890796,0.0108946414645574,"TNR_Ship"
"1285","1285",8.05318361649745,"Amahlathi (EC124)","South Africa",8.06436091326268,0.0111772967652257,"TNR_Ship"
"1286","1286",6.32789812786895,"Ngqushwa (EC126)","South Africa",6.3393597231335,0.0114615952645511,"TNR_Ship"
"1287","1287",7.80933904877666,"Nkonkobe/Nxuba (EC129)","South Africa",7.82345566978096,0.0141166210043027,"TNR_Ship"
"1288","1288",6.94455143067408,"Inxuba Yethemba (EC131)","South Africa",6.95552575255675,0.0109743218826761,"TNR_Ship"
"1289","1289",8.90795631893695,"Intsika Yethu (EC135)","South Africa",8.91873298041637,0.0107766614794187,"TNR_Ship"
"1290","1290",8.81823443439036,"Emalahleni (EC136)","South Africa",8.82892962661599,0.0106951922256275,"TNR_Ship"
"1291","1291",11.7802000732179,"Engcobo (EC137)","South Africa",11.7906578989658,0.0104578257478849,"TNR_Ship"
"1292","1292",10.935925679629,"Sakhisizwe (EC138)","South Africa",10.9475478783196,0.0116221986905511,"TNR_Ship"
"1293","1293",7.9625019727719,"Tsolwana/Inkwanca/Lukanji (EC139)","South Africa",7.97338449510638,0.0108825223344793,"TNR_Ship"
"1294","1294",11.2755451631199,"Elundini (EC141)","South Africa",11.2869915446591,0.0114463815391712,"TNR_Ship"
"1295","1295",9.86884979704211,"Senqu (EC142)","South Africa",9.87882188865987,0.00997209161775992,"TNR_Ship"
"1296","1296",8.42218683996085,"Maletswai/Gariep (EC145)","South Africa",8.43169164197534,0.00950480201448123,"TNR_Ship"
"1297","1297",10.35618398954,"Ngquza Hill (EC153)","South Africa",10.3762887701176,0.0201047805775882,"TNR_Ship"
"1298","1298",9.31704719513871,"Port St Johns (EC154)","South Africa",9.33322703597455,0.0161798408358376,"TNR_Ship"
"1299","1299",10.2425585550862,"Nyandeni (EC155)","South Africa",10.2552274619498,0.0126689068636345,"TNR_Ship"
"1300","1300",11.8449467420219,"Mhlontlo (EC156)","South Africa",11.8593320888339,0.0143853468119666,"TNR_Ship"
"1301","1301",9.44643171026543,"King Sabata Dalindyebo (EC157)","South Africa",9.45788316062582,0.0114514503603864,"TNR_Ship"
"1302","1302",11.365663160194,"Matatiele (EC441)","South Africa",11.3807526192872,0.0150894590931898,"TNR_Ship"
"1303","1303",11.5165488010933,"Umzimvubu (EC442)","South Africa",11.5344900769129,0.017941275819604,"TNR_Ship"
"1304","1304",11.1325177676614,"Mbizana (EC443)","South Africa",11.1596372512484,0.027119483586997,"TNR_Ship"
"1305","1305",12.0952577984721,"Ntabankulu (EC444)","South Africa",12.1133920204713,0.0181342219992171,"TNR_Ship"
"1306","1306",33.3495146635868,"Ekurhuleni (EKU)","South Africa",33.3583861031569,0.00887143957013592,"TNR_Ship"
"1307","1307",15.9808057567472,"eThekwini (ETH)","South Africa",16.1923369094101,0.211531152662863,"TNR_Ship"
"1308","1308",8.76187063573057,"Letsemeng (FS161)","South Africa",8.7690455759906,0.00717494026002896,"TNR_Ship"
"1309","1309",9.15831767531419,"Kopanong (FS162)","South Africa",9.1670761594567,0.00875848414251124,"TNR_Ship"
"1310","1310",9.86349737257169,"Mohokare (FS163)","South Africa",9.87396157897499,0.010464206403304,"TNR_Ship"
"1311","1311",11.0822099380597,"Masilonyana (FS181)","South Africa",11.0899441099098,0.00773417185008718,"TNR_Ship"
"1312","1312",9.07534949237261,"Tokologo (FS182)","South Africa",9.08131844558113,0.0059689532085283,"TNR_Ship"
"1313","1313",10.4162447822556,"Tswelopele (FS183)","South Africa",10.4221799006815,0.00593511842589933,"TNR_Ship"
"1314","1314",13.1396839896442,"Matjhabeng (FS184)","South Africa",13.1464668205553,0.00678283091112419,"TNR_Ship"
"1315","1315",12.3181189775189,"Nala (FS185)","South Africa",12.3241442399036,0.00602526238465018,"TNR_Ship"
"1316","1316",13.3492634611276,"Setsoto (FS191)","South Africa",13.3575675245415,0.00830406341387047,"TNR_Ship"
"1317","1317",16.3912851951443,"Dihlabeng (FS192)","South Africa",16.4027404473929,0.0114552522486342,"TNR_Ship"
"1318","1318",18.1165583354253,"Nketoana (FS193)","South Africa",18.1272583741928,0.010700038767574,"TNR_Ship"
"1319","1319",20.59727838879,"Maluti a Phofung (FS194)","South Africa",20.6131557948176,0.0158774060276414,"TNR_Ship"
"1320","1320",22.7890825046478,"Phumelela (FS195)","South Africa",22.8050584112003,0.0159759065524838,"TNR_Ship"
"1321","1321",11.7381610534962,"Mantsopa (FS196)","South Africa",11.7470878512873,0.00892679779106409,"TNR_Ship"
"1322","1322",14.8848180339039,"Moqhaka (FS201)","South Africa",14.8923245149292,0.00750648102535045,"TNR_Ship"
"1323","1323",19.4758102831884,"Ngwathe (FS203)","South Africa",19.4842582620219,0.00844797883348036,"TNR_Ship"
"1324","1324",22.3000196053459,"Metsimaholo (FS204)","South Africa",22.3083382210527,0.00831861570671677,"TNR_Ship"
"1325","1325",22.3977093343262,"Mafube (FS205)","South Africa",22.4097751909621,0.0120658566358678,"TNR_Ship"
"1326","1326",32.1723991145976,"Emfuleni (GT421)","South Africa",32.1798717185416,0.00747260394408045,"TNR_Ship"
"1327","1327",25.503273055712,"Midvaal (GT422)","South Africa",25.5128298624553,0.00955680674329784,"TNR_Ship"
"1328","1328",25.3819039740703,"Lesedi (GT423)","South Africa",25.3916064463406,0.00970247227031962,"TNR_Ship"
"1329","1329",36.4499889830123,"Mogale City (GT481)","South Africa",36.457816752551,0.00782776953872855,"TNR_Ship"
"1330","1330",29.7568313246717,"Merafong City (GT484)","South Africa",29.7636589330186,0.00682760834694918,"TNR_Ship"
"1331","1331",43.3665971155843,"New (GT485)","South Africa",43.3737644355553,0.00716731997098918,"TNR_Ship"
"1332","1332",38.3086456319131,"City of Johannesburg (JHB)","South Africa",38.3170605114695,0.00841487955637632,"TNR_Ship"
"1333","1333",13.8083356613847,"Umdoni (KZN212)","South Africa",13.9021642562776,0.0938285948928375,"TNR_Ship"
"1334","1334",12.2409426441292,"Umzumbe (KZN213)","South Africa",12.2998237521201,0.058881107990878,"TNR_Ship"
"1335","1335",12.0644987538274,"uMuziwabantu (KZN214)","South Africa",12.0956480897609,0.0311493359335699,"TNR_Ship"
"1336","1336",10.5028957490794,"Hibiscus Coast (KZN216)","South Africa",10.5407186014663,0.0378228523868458,"TNR_Ship"
"1337","1337",21.0797690946142,"uMshwathi (KZN221)","South Africa",21.3103975919788,0.230628497364595,"TNR_Ship"
"1338","1338",19.1223242572393,"uMngeni (KZN222)","South Africa",19.1951067936158,0.0727825363765113,"TNR_Ship"
"1339","1339",19.8003544136341,"Mpofana (KZN223)","South Africa",19.8622716691399,0.0619172555058185,"TNR_Ship"
"1340","1340",16.1784757259864,"Impendle (KZN224)","South Africa",16.216260716346,0.0377849903596434,"TNR_Ship"
"1341","1341",17.4231074133217,"The Msunduzi (KZN225)","South Africa",17.5227618144422,0.0996544011205032,"TNR_Ship"
"1342","1342",17.3441134966681,"Mkhambathini (KZN226)","South Africa",17.5566788607558,0.212565364087681,"TNR_Ship"
"1343","1343",16.7469241311702,"Richmond (KZN227)","South Africa",16.8609119324056,0.113987801235364,"TNR_Ship"
"1344","1344",19.8290961522484,"Okhahlamba (KZN235)","South Africa",19.8497646255662,0.0206684733178015,"TNR_Ship"
"1345","1345",19.89326394661,"New (KZN237)","South Africa",19.9325697442314,0.0393057976213882,"TNR_Ship"
"1346","1346",20.1746258878542,"New (KZN238)","South Africa",20.208450436302,0.0338245484478001,"TNR_Ship"
"1347","1347",18.3981476842363,"Endumeni (KZN241)","South Africa",18.4224680712469,0.0243203870106612,"TNR_Ship"
"1348","1348",15.2753263567334,"Nqutu (KZN242)","South Africa",15.2973550538241,0.0220286970906312,"TNR_Ship"
"1349","1349",18.8672096866208,"Msinga (KZN244)","South Africa",18.9087778978927,0.0415682112719438,"TNR_Ship"
"1350","1350",16.9212654772511,"Umvoti (KZN245)","South Africa",16.9723240216759,0.051058544424837,"TNR_Ship"
"1351","1351",23.7027867382653,"Newcastle (KZN252)","South Africa",23.7252041835498,0.022417445284546,"TNR_Ship"
"1352","1352",19.6281029450602,"Emadlangeni (KZN253)","South Africa",19.6454429267987,0.0173399817384947,"TNR_Ship"
"1353","1353",28.1000157978234,"Dannhauser (KZN254)","South Africa",28.1274899459947,0.0274741481712759,"TNR_Ship"
"1354","1354",16.2108783891648,"eDumbe (KZN261)","South Africa",16.2231502506707,0.0122718615059938,"TNR_Ship"
"1355","1355",12.9217075935499,"uPhongolo (KZN262)","South Africa",12.9369706285479,0.0152630349980054,"TNR_Ship"
"1356","1356",14.4532036886407,"Abaqulusi (KZN263)","South Africa",14.468787592036,0.0155839033953136,"TNR_Ship"
"1357","1357",10.9755458301438,"Nongoma (KZN265)","South Africa",10.9937641593706,0.0182183292268654,"TNR_Ship"
"1358","1358",13.5646602185461,"Ulundi (KZN266)","South Africa",13.5932101825098,0.0285499639636093,"TNR_Ship"
"1359","1359",9.57329565568043,"Umhlabuyalingana (KZN271)","South Africa",9.58944362342934,0.0161479677489158,"TNR_Ship"
"1360","1360",10.490762278878,"Jozini (KZN272)","South Africa",10.5064750861255,0.0157128072475388,"TNR_Ship"
"1361","1361",9.0128021937653,"Mtubatuba (KZN275)","South Africa",9.0425367446352,0.029734550869895,"TNR_Ship"
"1362","1362",9.25792516316247,"New (KZN276)","South Africa",9.28199103711775,0.0240658739552853,"TNR_Ship"
"1363","1363",10.2134471876696,"Mfolozi (KZN281)","South Africa",10.2675509116909,0.0541037240212976,"TNR_Ship"
"1364","1364",10.3524849211976,"uMhlathuze (KZN282)","South Africa",10.4174643026662,0.0649793814686301,"TNR_Ship"
"1365","1365",12.7769616488056,"uMlalazi (KZN284)","South Africa",12.8316666038344,0.0547049550288818,"TNR_Ship"
"1366","1366",13.2386520300751,"Mthonjaneni (KZN285)","South Africa",13.2829399749273,0.0442879448522184,"TNR_Ship"
"1367","1367",14.9361975603337,"Nkandla (KZN286)","South Africa",14.9722855921942,0.0360880318604853,"TNR_Ship"
"1368","1368",12.0697824202772,"Mandeni (KZN291)","South Africa",12.1185034928708,0.0487210725935885,"TNR_Ship"
"1369","1369",13.1009765930849,"KwaDukuza (KZN292)","South Africa",13.1713565180126,0.070379924927721,"TNR_Ship"
"1370","1370",14.5599874041405,"Ndwedwe (KZN293)","South Africa",14.6707521866151,0.110764782474615,"TNR_Ship"
"1371","1371",15.1647110230269,"Maphumulo (KZN294)","South Africa",15.2267347028851,0.0620236798581857,"TNR_Ship"
"1372","1372",12.7358604202496,"Greater Kokstad (KZN433)","South Africa",12.7577934814142,0.02193306116461,"TNR_Ship"
"1373","1373",14.4010984284229,"Ubuhlebezwe (KZN434)","South Africa",14.4745937689326,0.0734953405097158,"TNR_Ship"
"1374","1374",13.8459250755115,"Umzimkhulu (KZN435)","South Africa",13.8791054500163,0.0331803745047949,"TNR_Ship"
"1375","1375",17.4840528609401,"New (KZN436)","South Africa",17.5238677543301,0.0398148933900302,"TNR_Ship"
"1376","1376",12.5367408734335,"Greater Giyani (LIM331)","South Africa",12.5424259477361,0.00568507430255139,"TNR_Ship"
"1377","1377",19.0941698463379,"Greater Letaba (LIM332)","South Africa",19.0995834653013,0.00541361896344483,"TNR_Ship"
"1378","1378",16.8017663536137,"Greater Tzaneen (LIM333)","South Africa",16.8073191576607,0.00555280404696745,"TNR_Ship"
"1379","1379",13.3332088961968,"Ba-Phalaborwa (LIM334)","South Africa",13.3393918081339,0.00618291193712039,"TNR_Ship"
"1380","1380",14.8021736564691,"Maruleng (LIM335)","South Africa",14.8084345266864,0.00626087021721844,"TNR_Ship"
"1381","1381",13.4568081435905,"Musina (LIM341)","South Africa",13.4619982207236,0.00519007713313968,"TNR_Ship"
"1382","1382",14.5604242236655,"Thulamela (LIM343)","South Africa",14.5658854972485,0.00546127358300552,"TNR_Ship"
"1383","1383",12.3666827385051,"Makhado (LIM344)","South Africa",12.3717716969669,0.00508895846179236,"TNR_Ship"
"1384","1384",11.7954550441803,"New (LIM345)","South Africa",11.8010857052313,0.00563066105097398,"TNR_Ship"
"1385","1385",11.5027879976166,"Blouberg (LIM351)","South Africa",11.5076782741748,0.00489027655826213,"TNR_Ship"
"1386","1386",12.6767479097039,"Molemole (LIM353)","South Africa",12.6825294446496,0.00578153494575062,"TNR_Ship"
"1387","1387",14.4893390948412,"Polokwane (LIM354)","South Africa",14.4952123766394,0.00587328179828894,"TNR_Ship"
"1388","1388",14.1986859163462,"Lepele-Nkumpi (LIM355)","South Africa",14.2049537178446,0.00626780149844031,"TNR_Ship"
"1389","1389",15.9373811794249,"Thabazimbi (LIM361)","South Africa",15.9433123341896,0.00593115476470096,"TNR_Ship"
"1390","1390",12.660268373307,"Lephalale (LIM362)","South Africa",12.6664996026534,0.00623122934644904,"TNR_Ship"
"1391","1391",20.6915398007801,"Bela-Bela (LIM366)","South Africa",20.6994431712648,0.0079033704846907,"TNR_Ship"
"1392","1392",14.4592916023738,"Mogalakwena (LIM367)","South Africa",14.4646679363796,0.00537633400579551,"TNR_Ship"
"1393","1393",18.2500080674148,"Modimolle/Mookgophong (LIM368)","South Africa",18.2574887314107,0.00748066399588154,"TNR_Ship"
"1394","1394",19.6543641479018,"Ephraim Mogale (LIM471)","South Africa",19.6613229315572,0.00695878365537439,"TNR_Ship"
"1395","1395",22.9192318160255,"Elias Motsoaledi (LIM472)","South Africa",22.9266605936141,0.00742877758865035,"TNR_Ship"
"1396","1396",16.3781460493029,"Makhuduthamaga (LIM473)","South Africa",16.3850602010545,0.00691415175156962,"TNR_Ship"
"1397","1397",16.9264009124856,"Greater Tubatse/Fetakgomo (LIM476)","South Africa",16.9324037052495,0.00600279276394744,"TNR_Ship"
"1398","1398",10.2802633980045,"Mangaung (MAN)","South Africa",10.2886726501857,0.00840925218117228,"TNR_Ship"
"1399","1399",20.0952049831256,"Chief Albert Luthuli (MP301)","South Africa",20.1031935253164,0.00798854219075551,"TNR_Ship"
"1400","1400",24.2353408671208,"Msukaligwa (MP302)","South Africa",24.2456753426384,0.0103344755175847,"TNR_Ship"
"1401","1401",17.272205568591,"Mkhondo (MP303)","South Africa",17.2824814850612,0.0102759164701851,"TNR_Ship"
"1402","1402",23.5620972131471,"Dr Pixley Ka Isaka Seme (MP304)","South Africa",23.5747049189457,0.0126077057986151,"TNR_Ship"
"1403","1403",26.6187994529667,"Lekwa (MP305)","South Africa",26.633084876641,0.0142854236743162,"TNR_Ship"
"1404","1404",23.7866756276843,"Dipaleseng (MP306)","South Africa",23.7975269077175,0.0108512800332043,"TNR_Ship"
"1405","1405",28.554161241027,"Govan Mbeki (MP307)","South Africa",28.5664247214951,0.012263480468043,"TNR_Ship"
"1406","1406",29.8286083202603,"Victor Khanye (MP311)","South Africa",29.8391756388622,0.0105673186019288,"TNR_Ship"
"1407","1407",29.8045251191249,"Emalahleni (MP312)","South Africa",29.815414078851,0.0108889597261239,"TNR_Ship"
"1408","1408",26.9534972324519,"Steve Tshwete (MP313)","South Africa",26.9618839149782,0.0083866825262362,"TNR_Ship"
"1409","1409",20.211208705253,"Emakhazeni (MP314)","South Africa",20.2184730470752,0.00726434182217517,"TNR_Ship"
"1410","1410",27.7233752057214,"Thembisile (MP315)","South Africa",27.7326894109589,0.00931420523748372,"TNR_Ship"
"1411","1411",20.1477845715257,"Dr JS Moroka (MP316)","South Africa",20.1561290966896,0.00834452516387429,"TNR_Ship"
"1412","1412",20.2475721746382,"Thaba Chweu (MP321)","South Africa",20.2545816957673,0.00700952112907061,"TNR_Ship"
"1413","1413",13.1703628425912,"Nkomazi (MP324)","South Africa",13.1805631080978,0.010200265506576,"TNR_Ship"
"1414","1414",12.680379094425,"Bushbuckridge (MP325)","South Africa",12.6869810345686,0.00660194014362858,"TNR_Ship"
"1415","1415",20.3500158193696,"Mbombela/Umjindi (MP326)","South Africa",20.3589578964707,0.00894207710110351,"TNR_Ship"
"1416","1416",2.59236140106338,"Richtersveld (NC061)","South Africa",2.61804318071535,0.0256817796519786,"TNR_Ship"
"1417","1417",3.04627424091494,"Nama Khoi (NC062)","South Africa",3.06265162896179,0.0163773880468487,"TNR_Ship"
"1418","1418",3.56364995614856,"Kamiesberg (NC064)","South Africa",3.57411867642166,0.0104687202730953,"TNR_Ship"
"1419","1419",5.02167977722913,"Hantam (NC065)","South Africa",5.03135883210818,0.00967905487905529,"TNR_Ship"
"1420","1420",3.74526253413331,"Karoo Hoogland (NC066)","South Africa",3.75179236171579,0.00652982758247722,"TNR_Ship"
"1421","1421",3.45221809334701,"Khâi-Ma (NC067)","South Africa",3.46309659414826,0.0108785008012515,"TNR_Ship"
"1422","1422",5.06974896279437,"Ubuntu (NC071)","South Africa",5.07703846083868,0.00728949804431522,"TNR_Ship"
"1423","1423",7.50056915284621,"Umsobomvu (NC072)","South Africa",7.5089772450038,0.0084080921575902,"TNR_Ship"
"1424","1424",6.13989752964378,"Emthanjeni (NC073)","South Africa",6.1474431619949,0.00754563235111672,"TNR_Ship"
"1425","1425",4.83166976231539,"Kareeberg (NC074)","South Africa",4.83832972484022,0.00665996252483136,"TNR_Ship"
"1426","1426",7.642775676628,"Renosterberg (NC075)","South Africa",7.65050539109684,0.00772971446884618,"TNR_Ship"
"1427","1427",6.78409760358377,"Thembelihle (NC076)","South Africa",6.79082910726288,0.00673150367910136,"TNR_Ship"
"1428","1428",5.84032222967007,"Siyathemba (NC077)","South Africa",5.84714377622636,0.0068215465562913,"TNR_Ship"
"1429","1429",6.93191282126265,"Siyancuma (NC078)","South Africa",6.93831839165684,0.00640557039418432,"TNR_Ship"
"1430","1430",4.35820230756119,"Kai !Garib (NC082)","South Africa",4.36679100257666,0.00858869501546788,"TNR_Ship"
"1431","1431",5.17602125096088,"!Kheis (NC084)","South Africa",5.18299915179549,0.0069779008346158,"TNR_Ship"
"1432","1432",7.14843895822293,"Tsantsabane (NC085)","South Africa",7.1537776371822,0.00533867895926576,"TNR_Ship"
"1433","1433",8.44277927124615,"Kgatelopele (NC086)","South Africa",8.44833272938606,0.00555345813990904,"TNR_Ship"
"1434","1434",4.98980931678205,"//Khara Hais/Mier (NC087)","South Africa",4.99502777682228,0.00521846004022475,"TNR_Ship"
"1435","1435",8.3998953066713,"Sol Plaatjie (NC091)","South Africa",8.40623182236853,0.00633651569723526,"TNR_Ship"
"1436","1436",8.55481164343209,"Dikgatlong (NC092)","South Africa",8.56020491206068,0.00539326862859113,"TNR_Ship"
"1437","1437",9.08437956267677,"Magareng (NC093)","South Africa",9.08995655653002,0.00557699385325883,"TNR_Ship"
"1438","1438",9.59194566342068,"Phokwane (NC094)","South Africa",9.59744139150233,0.00549572808164278,"TNR_Ship"
"1439","1439",7.93910968264134,"Joe Morolong (NC451)","South Africa",7.94340538713591,0.00429570449457284,"TNR_Ship"
"1440","1440",8.97157842064894,"Ga-Segonyana (NC452)","South Africa",8.97668145683676,0.00510303618782437,"TNR_Ship"
"1441","1441",9.04710699520892,"Gamagara (NC453)","South Africa",9.05216404120125,0.0050570459923307,"TNR_Ship"
"1442","1442",7.18334537274301,"Nelson Mandela Bay (NMA)","South Africa",7.29020995453196,0.106864581788944,"TNR_Ship"
"1443","1443",25.6804993754568,"Moretele (NW371)","South Africa",25.6883953583436,0.00789598288675819,"TNR_Ship"
"1444","1444",25.5586067114122,"Local Municipality of Madibeng (NW372)","South Africa",25.5658701975943,0.00726348618207595,"TNR_Ship"
"1445","1445",28.2360260024118,"Rustenburg (NW373)","South Africa",28.2432982584283,0.00727225601657722,"TNR_Ship"
"1446","1446",22.5897887097409,"Kgetlengrivier (NW374)","South Africa",22.5957491228874,0.00596041314641838,"TNR_Ship"
"1447","1447",19.5641680838385,"Moses Kotane (NW375)","South Africa",19.5704639511607,0.00629586732212672,"TNR_Ship"
"1448","1448",12.9918317462928,"Ratlou (NW381)","South Africa",12.9965873878078,0.00475564151502361,"TNR_Ship"
"1449","1449",14.3068330845565,"Tswaing (NW382)","South Africa",14.3121775038099,0.00534441925342755,"TNR_Ship"
"1450","1450",15.136592790916,"Mafikeng (NW383)","South Africa",15.1415620595456,0.00496926862964919,"TNR_Ship"
"1451","1451",17.5926834122259,"Ditsobotla (NW384)","South Africa",17.5984514347132,0.00576802248723851,"TNR_Ship"
"1452","1452",16.2572542725223,"Ramotshere Moiloa (NW385)","South Africa",16.2625663949045,0.00531212238219325,"TNR_Ship"
"1453","1453",11.0314980161692,"Naledi (NW392)","South Africa",11.0362749339043,0.0047769177350947,"TNR_Ship"
"1454","1454",11.3234927460725,"Mamusa (NW393)","South Africa",11.3284502650623,0.00495751898981744,"TNR_Ship"
"1455","1455",12.0397998811767,"Greater Taung (NW394)","South Africa",12.0445735498268,0.00477366865013806,"TNR_Ship"
"1456","1456",10.3929611390392,"Lekwa-Teemane (NW396)","South Africa",10.3983896465241,0.00542850748492363,"TNR_Ship"
"1457","1457",8.88979013370667,"Kagisano/Molopo (NW397)","South Africa",8.89388025963085,0.00409012592418811,"TNR_Ship"
"1458","1458",16.9789290189331,"City of Matlosana (NW403)","South Africa",16.9848375695174,0.00590855058434769,"TNR_Ship"
"1459","1459",12.9743104064633,"Maquassi Hills (NW404)","South Africa",12.9803931190269,0.00608271256356652,"TNR_Ship"
"1460","1460",24.0737776607481,"Ventersdorp/Tlokwe (NW405)","South Africa",24.0803359307513,0.00655827000327491,"TNR_Ship"
"1461","1461",30.4463609431059,"City of Tshwane (TSH)","South Africa",30.455503595748,0.00914265264206549,"TNR_Ship"
"1462","1462",3.14421126188066,"Matzikama (WC011)","South Africa",3.15177920480091,0.00756794292025154,"TNR_Ship"
"1463","1463",4.51844813150795,"Cederberg (WC012)","South Africa",4.52808218004181,0.00963404853385441,"TNR_Ship"
"1464","1464",4.20638012760138,"Bergrivier (WC013)","South Africa",4.22226869699821,0.0158885693968278,"TNR_Ship"
"1465","1465",3.48396592112818,"Saldanha Bay (WC014)","South Africa",3.51431086178583,0.0303449406576428,"TNR_Ship"
"1466","1466",4.05651017343985,"Swartland (WC015)","South Africa",4.0883171967228,0.0318070232829504,"TNR_Ship"
"1467","1467",4.56801278106065,"Witzenberg (WC022)","South Africa",4.57898501251428,0.0109722314536338,"TNR_Ship"
"1468","1468",5.08172527631531,"Drakenstein (WC023)","South Africa",5.10936364436302,0.0276383680477092,"TNR_Ship"
"1469","1469",7.84199849881035,"Stellenbosch (WC024)","South Africa",7.95543021066293,0.113431711852581,"TNR_Ship"
"1470","1470",5.05622353960646,"Breede Valley (WC025)","South Africa",5.07788761010063,0.02166407049417,"TNR_Ship"
"1471","1471",5.88643664366255,"Langeberg (WC026)","South Africa",5.90760088002191,0.0211642363593665,"TNR_Ship"
"1472","1472",6.06380897643939,"Theewaterskloof (WC031)","South Africa",6.11685560549929,0.0530466290598994,"TNR_Ship"
"1473","1473",4.85656115085524,"Overstrand (WC032)","South Africa",4.89623398371925,0.0396728328640137,"TNR_Ship"
"1474","1474",5.01075404604179,"Cape Agulhas (WC033)","South Africa",5.03891187473114,0.0281578286893494,"TNR_Ship"
"1475","1475",5.6901636212688,"Swellendam (WC034)","South Africa",5.70980556819538,0.0196419469265843,"TNR_Ship"
"1476","1476",6.00349095455824,"Kannaland (WC041)","South Africa",6.01499334450105,0.0115023899428124,"TNR_Ship"
"1477","1477",6.36519861622468,"Hessequa (WC042)","South Africa",6.3815696749503,0.0163710587256194,"TNR_Ship"
"1478","1478",7.70620712602272,"Mossel Bay (WC043)","South Africa",7.72347903131669,0.0172719052939687,"TNR_Ship"
"1479","1479",17.3770560721303,"George (WC044)","South Africa",17.390141294042,0.013085221911691,"TNR_Ship"
"1480","1480",8.34771118903869,"Oudtshoorn (WC045)","South Africa",8.35827881295777,0.0105676239190799,"TNR_Ship"
"1481","1481",9.83718714332582,"Bitou (WC047)","South Africa",9.84652203815999,0.00933489483417382,"TNR_Ship"
"1482","1482",22.3134065233551,"Knysna (WC048)","South Africa",22.3256876846242,0.0122811612691613,"TNR_Ship"
"1483","1483",4.28463712993835,"Laingsburg (WC051)","South Africa",4.29353969634283,0.00890256640447795,"TNR_Ship"
"1484","1484",4.6976219795463,"Prince Albert (WC052)","South Africa",4.70688632300022,0.00926434345391147,"TNR_Ship"
"1485","1485",4.831320978377,"Beaufort West (WC053)","South Africa",4.83932627109345,0.00800529271645445,"TNR_Ship"
"1486","1486",15.9358729972564,"Timphisini","Eswatini",15.9468892367224,0.0110162394660041,"TNR_Ship"
"1487","1487",17.4575190402251,"Ntfonjeni","Eswatini",17.4682273058109,0.0107082655857944,"TNR_Ship"
"1488","1488",15.1985232897769,"Mayiwane","Eswatini",15.2099660274248,0.011442737647906,"TNR_Ship"
"1489","1489",13.8903318208853,"Mhlangatane","Eswatini",13.9024127720481,0.0120809511627957,"TNR_Ship"
"1490","1490",16.1618787036387,"Ndzingeni","Eswatini",16.1726487363682,0.0107700327295319,"TNR_Ship"
"1491","1491",15.223529888805,"Madlangempisi","Eswatini",15.2343538295329,0.01082394072791,"TNR_Ship"
"1492","1492",15.8639009190571,"Maphalaleni","Eswatini",15.8747099830298,0.0108090639727791,"TNR_Ship"
"1493","1493",17.4960064383481,"Pigg's Peak","Eswatini",17.5064335673827,0.0104271290346638,"TNR_Ship"
"1494","1494",17.0314812633623,"Nkhaba","Eswatini",17.0414365110584,0.00995524769612288,"TNR_Ship"
"1495","1495",16.1248115126525,"Motjane","Eswatini",16.1348540385521,0.0100425258995891,"TNR_Ship"
"1496","1496",16.1279023621634,"Mbabane West","Eswatini",16.1384814768444,0.0105791146810112,"TNR_Ship"
"1497","1497",16.7017621754215,"Mbabane East","Eswatini",16.7126702589633,0.0109080835418247,"TNR_Ship"
"1498","1498",16.0023835528582,"Hhukwini","Eswatini",16.0132264479463,0.0108428950880857,"TNR_Ship"
"1499","1499",16.2844056397428,"Lobamba","Eswatini",16.2953842076466,0.010978567903809,"TNR_Ship"
"1500","1500",14.2253992525011,"Mkhiweni","Eswatini",14.2366296463828,0.0112303938816947,"TNR_Ship"
"1501","1501",14.3633918025302,"Kukhanyeni","Eswatini",14.3747069061082,0.0113151035779921,"TNR_Ship"
"1502","1502",13.7103940182604,"Mafutseni","Eswatini",13.7214468550638,0.0110528368033957,"TNR_Ship"
"1503","1503",14.1456246570537,"Mthongwaneni","Eswatini",14.1568546434714,0.0112299864177228,"TNR_Ship"
"1504","1504",14.1320171990134,"Manzini North","Eswatini",14.1432961129217,0.0112789139082459,"TNR_Ship"
"1505","1505",14.2250897815728,"Manzini South","Eswatini",14.2364450980206,0.0113553164477498,"TNR_Ship"
"1506","1506",14.6475461405539,"Kwaluseni","Eswatini",14.6587950856436,0.0112489450896902,"TNR_Ship"
"1507","1507",15.2311634586188,"Ludzeludze","Eswatini",15.2424156436706,0.0112521850518057,"TNR_Ship"
"1508","1508",15.1005616602351,"Lobamba Lomdzala","Eswatini",15.1113142197938,0.0107525595586573,"TNR_Ship"
"1509","1509",13.8594563630671,"Nhlambeni","Eswatini",13.8707294432727,0.011273080205628,"TNR_Ship"
"1510","1510",15.3312038392366,"Ntondozi","Eswatini",15.3421809493784,0.0109771101417309,"TNR_Ship"
"1511","1511",14.7800530663561,"La-Mgabhi","Eswatini",14.7902854061533,0.0102323397971968,"TNR_Ship"
"1512","1512",16.1874934005954,"Mhlambanyatsi","Eswatini",16.1973621355934,0.00986873499803664,"TNR_Ship"
"1513","1513",17.2967021867426,"Mangcongco","Eswatini",17.3060718004699,0.00936961372725875,"TNR_Ship"
"1514","1514",15.9363623526844,"Ngwempisi","Eswatini",15.9464231077849,0.0100607551004792,"TNR_Ship"
"1515","1515",15.4874237865191,"Mahlangatsha","Eswatini",15.4984100476518,0.0109862611327269,"TNR_Ship"
"1516","1516",14.0456278807524,"Kubuta","Eswatini",14.0573319690731,0.0117040883207498,"TNR_Ship"
"1517","1517",14.4373540293182,"Nkwene","Eswatini",14.448622995599,0.011268966280781,"TNR_Ship"
"1518","1518",14.2049010032442,"Mtsambama","Eswatini",14.2165672550555,0.011666251811306,"TNR_Ship"
"1519","1519",15.0802805513472,"Gege","Eswatini",15.0909611503351,0.0106805989879355,"TNR_Ship"
"1520","1520",14.2833922588789,"Mbangweni","Eswatini",14.2952932703564,0.0119010114775016,"TNR_Ship"
"1521","1521",14.9435084644615,"Maseyisini","Eswatini",14.9552509558067,0.0117424913451192,"TNR_Ship"
"1522","1522",14.8430664804209,"Sandleni","Eswatini",14.8559399283806,0.0128734479596027,"TNR_Ship"
"1523","1523",14.1561521688675,"Ngudzeni","Eswatini",14.168930063777,0.0127778949095489,"TNR_Ship"
"1524","1524",14.5442478463261,"Zombodze","Eswatini",14.5569978403582,0.0127499940320597,"TNR_Ship"
"1525","1525",14.8425287868251,"Shiselweni","Eswatini",14.8560905712197,0.013561784394664,"TNR_Ship"
"1526","1526",14.2160869154194,"Hosea","Eswatini",14.229798630251,0.0137117148316488,"TNR_Ship"
"1527","1527",13.6943836841288,"Sigwe","Eswatini",13.7069897272834,0.0126060431546051,"TNR_Ship"
"1528","1528",13.3746641983544,"Matsanjeni South","Eswatini",13.3882437455594,0.0135795472049605,"TNR_Ship"
"1529","1529",12.3901686235143,"Somntongo","Eswatini",12.405446782347,0.0152781588326683,"TNR_Ship"
"1530","1530",12.094809133354,"Lubuli","Eswatini",12.1079859602203,0.0131768268663262,"TNR_Ship"
"1531","1531",13.5144617315939,"Sithobela","Eswatini",13.5262728577058,0.0118111261118781,"TNR_Ship"
"1532","1532",11.8910769105214,"Nkilongo","Eswatini",11.9042926985876,0.0132157880661854,"TNR_Ship"
"1533","1533",12.696229673698,"Siphofaneni","Eswatini",12.7076984104103,0.0114687367123736,"TNR_Ship"
"1534","1534",11.9777815838177,"Mpolonjeni","Eswatini",11.9894038838857,0.0116223000679927,"TNR_Ship"
"1535","1535",12.0105908660677,"Matsanjeni North","Eswatini",12.0235810751227,0.0129902090549994,"TNR_Ship"
"1536","1536",12.2259260028419,"Lugongolweni","Eswatini",12.2385958416855,0.0126698388435198,"TNR_Ship"
"1537","1537",12.4673531897726,"Dvokodvweni","Eswatini",12.4786993244056,0.0113461346330581,"TNR_Ship"
"1538","1538",12.8622891699422,"Hlane","Eswatini",12.873601321081,0.0113121511387693,"TNR_Ship"
"1539","1539",12.908026788407,"Mhlume","Eswatini",12.9201796784033,0.012152889996301,"TNR_Ship"
"1540","1540",13.0796278441744,"Lomahasha","Eswatini",13.0937341637364,0.0141063195620781,"TNR_Ship"
"1541","1541",15.3017787730114,"ZAMBIA_CENTRAL_CHIBOMBO_CHISAMBA","Zambia",15.3050425682836,0.00326379527217036,"TNR_Ship"
"1542","1542",10.9253685240498,"ZAMBIA_CENTRAL_CHIBOMBO_KATUBA","Zambia",10.9294836017415,0.00411507769177355,"TNR_Ship"
"1543","1543",10.0035100363593,"ZAMBIA_CENTRAL_CHIBOMBO_KEEMBE","Zambia",10.0058047071593,0.00229467079999957,"TNR_Ship"
"1544","1544",21.678019630294,"ZAMBIA_CENTRAL_KABWE_BWACHA","Zambia",21.6807885446763,0.00276891438237925,"TNR_Ship"
"1545","1545",11.9280990223448,"ZAMBIA_CENTRAL_KABWE_KABWE CENTRAL","Zambia",11.9302104149115,0.00211139256668602,"TNR_Ship"
"1546","1546",30.9400680589741,"ZAMBIA_CENTRAL_KAPIRI MPOSHI_KAPIRI MPOSHI","Zambia",30.9426740311897,0.00260597221555514,"TNR_Ship"
"1547","1547",10.2029629702145,"ZAMBIA_CENTRAL_MKUSHI_MKUSHI NORTH","Zambia",10.2045199906208,0.00155702040627226,"TNR_Ship"
"1548","1548",14.0720727549892,"ZAMBIA_CENTRAL_MKUSHI_MKUSHI SOUTH","Zambia",14.074081074044,0.00200831905475773,"TNR_Ship"
"1549","1549",19.4858947627144,"ZAMBIA_CENTRAL_MUMBWA_MUMBWA","Zambia",19.490185931556,0.00429116884165026,"TNR_Ship"
"1550","1550",11.8840904745433,"ZAMBIA_CENTRAL_MUMBWA_MWEMBESHI","Zambia",11.888379303478,0.00428882893471538,"TNR_Ship"
"1551","1551",9.7529858065359,"ZAMBIA_CENTRAL_MUMBWA_NANGOMA","Zambia",9.75613568367487,0.00314987713896642,"TNR_Ship"
"1552","1552",11.2630404278662,"ZAMBIA_CENTRAL_SERENJE_CHITAMBO","Zambia",11.2643438345051,0.00130340663883999,"TNR_Ship"
"1553","1553",26.6659587916703,"ZAMBIA_CENTRAL_SERENJE_MUCHINGA","Zambia",26.6679115508829,0.00195275921259253,"TNR_Ship"
"1554","1554",12.1043661249622,"ZAMBIA_CENTRAL_SERENJE_SERENJE","Zambia",12.1059281245641,0.00156199960180814,"TNR_Ship"
"1555","1555",11.4983858007721,"ZAMBIA_COPPERBELT_CHILILABOMBWE_CHILILABOMBWE","Zambia",11.4995499511527,0.00116415038059436,"TNR_Ship"
"1556","1556",9.54380863567761,"ZAMBIA_COPPERBELT_CHINGOLA_CHINGOLA","Zambia",9.54508164374295,0.00127300806534691,"TNR_Ship"
"1557","1557",14.8939805208182,"ZAMBIA_COPPERBELT_CHINGOLA_NCHANGA","Zambia",14.8951452260355,0.00116470521729894,"TNR_Ship"
"1558","1558",19.5100558199256,"ZAMBIA_COPPERBELT_KALULUSHI_KALULUSHI","Zambia",19.5111835876847,0.00112776775916501,"TNR_Ship"
"1559","1559",15.768366680722,"ZAMBIA_COPPERBELT_KITWE_CHIMWEMWE","Zambia",15.7695528861456,0.00118620542357029,"TNR_Ship"
"1560","1560",17.9037326838299,"ZAMBIA_COPPERBELT_KITWE_KAMFINSA","Zambia",17.9049316195027,0.00119893567277529,"TNR_Ship"
"1561","1561",15.55487940128,"ZAMBIA_COPPERBELT_KITWE_KWACHA","Zambia",15.5560733348657,0.00119393358568942,"TNR_Ship"
"1562","1562",16.7639074883458,"ZAMBIA_COPPERBELT_KITWE_NKANA","Zambia",16.7651255076681,0.00121801932224486,"TNR_Ship"
"1563","1563",17.6899990369198,"ZAMBIA_COPPERBELT_KITWE_WUSAKILE","Zambia",17.6912341453622,0.0012351084423905,"TNR_Ship"
"1564","1564",17.2065420340977,"ZAMBIA_COPPERBELT_LUANSHYA_LUANSHYA","Zambia",17.2079106127506,0.00136857865297912,"TNR_Ship"
"1565","1565",18.162707653481,"ZAMBIA_COPPERBELT_LUANSHYA_ROAN","Zambia",18.1639777482046,0.00127009472365103,"TNR_Ship"
"1566","1566",14.4290095932432,"ZAMBIA_COPPERBELT_LUFWANYAMA_LUFWANYAMA","Zambia",14.4305361794963,0.00152658625313862,"TNR_Ship"
"1567","1567",14.4212607086017,"ZAMBIA_COPPERBELT_MASAITI_KAFULAFUTA","Zambia",14.4226844153483,0.0014237067465892,"TNR_Ship"
"1568","1568",17.6388075551146,"ZAMBIA_COPPERBELT_MASAITI_MASAITI","Zambia",17.6402477484154,0.00144019330072354,"TNR_Ship"
"1569","1569",21.578416523418,"ZAMBIA_COPPERBELT_MPONGWE_MPONGWE","Zambia",21.5804115545998,0.0019950311818171,"TNR_Ship"
"1570","1570",10.4153588819027,"ZAMBIA_COPPERBELT_MUFULIRA_KANKOYO","Zambia",10.4165155384297,0.00115665652707264,"TNR_Ship"
"1571","1571",9.01009795441596,"ZAMBIA_COPPERBELT_MUFULIRA_KANTANSHI","Zambia",9.01125428392612,0.00115632951015954,"TNR_Ship"
"1572","1572",12.1718545048859,"ZAMBIA_COPPERBELT_MUFULIRA_MUFULIRA","Zambia",12.1730302039896,0.00117569910373838,"TNR_Ship"
"1573","1573",16.1073008744559,"ZAMBIA_COPPERBELT_NDOLA_BWANA MKUBWA","Zambia",16.1085493269238,0.00124845246788041,"TNR_Ship"
"1574","1574",13.4953803372298,"ZAMBIA_COPPERBELT_NDOLA_CHIFUBU","Zambia",13.4966000064825,0.00121966925271266,"TNR_Ship"
"1575","1575",15.2314663337319,"ZAMBIA_COPPERBELT_NDOLA_KABUSHI","Zambia",15.2327043155202,0.00123798178824153,"TNR_Ship"
"1576","1576",16.4794547656838,"ZAMBIA_COPPERBELT_NDOLA_NDOLA","Zambia",16.4806712564306,0.00121649074678842,"TNR_Ship"
"1577","1577",8.45985101553283,"ZAMBIA_EASTERN_CHADIZA_CHADIZA","Zambia",8.46268648452804,0.00283546899520637,"TNR_Ship"
"1578","1578",10.0070454418806,"ZAMBIA_EASTERN_CHADIZA_VUBWI","Zambia",10.0095043635994,0.00245892171871276,"TNR_Ship"
"1579","1579",10.2340237032404,"ZAMBIA_EASTERN_CHIPATA_CHIPANGALI","Zambia",10.2357067767123,0.00168307347181518,"TNR_Ship"
"1580","1580",11.0184795418854,"ZAMBIA_EASTERN_CHIPATA_CHIPATA","Zambia",11.0204840686267,0.00200452674132023,"TNR_Ship"
"1581","1581",10.0090282030296,"ZAMBIA_EASTERN_CHIPATA_KASENENGWA","Zambia",10.0112136290968,0.00218542606714145,"TNR_Ship"
"1582","1582",10.1879233732413,"ZAMBIA_EASTERN_CHIPATA_LUANGENI","Zambia",10.1902392545527,0.00231588131138771,"TNR_Ship"
"1583","1583",10.3922174387064,"ZAMBIA_EASTERN_KATETE_MILANZI","Zambia",10.394921601444,0.00270416273759899,"TNR_Ship"
"1584","1584",9.24337965336249,"ZAMBIA_EASTERN_KATETE_MKAIKA","Zambia",9.24564925387892,0.00226960051643488,"TNR_Ship"
"1585","1585",12.5955313029362,"ZAMBIA_EASTERN_KATETE_SINDA","Zambia",12.5981696520019,0.00263834906570182,"TNR_Ship"
"1586","1586",8.39436792095086,"ZAMBIA_EASTERN_LUNDAZI_CHASEFU","Zambia",8.39545939887069,0.00109147791983233,"TNR_Ship"
"1587","1587",9.1884945871848,"ZAMBIA_EASTERN_LUNDAZI_LUMEZI","Zambia",9.18981424199442,0.00131965480962926,"TNR_Ship"
"1588","1588",8.05240746441498,"ZAMBIA_EASTERN_LUNDAZI_LUNDAZI","Zambia",8.0536433158339,0.00123585141891702,"TNR_Ship"
"1589","1589",9.4792304418803,"ZAMBIA_EASTERN_MAMBWE_MALAMBO","Zambia",9.48099847630868,0.00176803442837503,"TNR_Ship"
"1590","1590",12.5899124188969,"ZAMBIA_EASTERN_NYIMBA_NYIMBA","Zambia",12.5924335542085,0.00252113531164433,"TNR_Ship"
"1591","1591",10.0549564614418,"ZAMBIA_EASTERN_PETAUKE_KAPOCHE","Zambia",10.0582275833936,0.00327112195178003,"TNR_Ship"
"1592","1592",10.9558426279256,"ZAMBIA_EASTERN_PETAUKE_MSANZALA","Zambia",10.9585218489219,0.0026792209963169,"TNR_Ship"
"1593","1593",11.6100790126764,"ZAMBIA_EASTERN_PETAUKE_PETAUKE","Zambia",11.6121709324982,0.00209191982182055,"TNR_Ship"
"1594","1594",9.28560369899476,"ZAMBIA_LUAPULA_CHIENGE_CHIENGE","Zambia",9.28635849490585,0.000754795911090511,"TNR_Ship"
"1595","1595",13.1182811688398,"ZAMBIA_LUAPULA_KAWAMBWA_KAWAMBWA","Zambia",13.1190958295164,0.000814660676626389,"TNR_Ship"
"1596","1596",10.0982795598629,"ZAMBIA_LUAPULA_KAWAMBWA_MWANSABOMBWE","Zambia",10.0991298970848,0.000850337221852016,"TNR_Ship"
"1597","1597",12.5204538057444,"ZAMBIA_LUAPULA_KAWAMBWA_PAMBASHE","Zambia",12.5213140118812,0.000860206136806596,"TNR_Ship"
"1598","1598",10.1423040307932,"ZAMBIA_LUAPULA_MANSA_BAHATI","Zambia",10.1433762040349,0.001072173241635,"TNR_Ship"
"1599","1599",9.76581739605114,"ZAMBIA_LUAPULA_MANSA_MANSA","Zambia",9.76694806925486,0.0011306732037184,"TNR_Ship"
"1600","1600",18.6802444725619,"ZAMBIA_LUAPULA_MILENGE_CHEMBE","Zambia",18.6813999740711,0.00115550150912114,"TNR_Ship"
"1601","1601",13.5356114239994,"ZAMBIA_LUAPULA_MWENSE_CHIPILI","Zambia",13.5365597678293,0.000948343829971776,"TNR_Ship"
"1602","1602",8.9335351118447,"ZAMBIA_LUAPULA_MWENSE_MAMBILIMA","Zambia",8.93454575101132,0.00101063916662447,"TNR_Ship"
"1603","1603",12.6255594268403,"ZAMBIA_LUAPULA_MWENSE_MWENSE","Zambia",12.6265042846009,0.000944857760650564,"TNR_Ship"
"1604","1604",7.51521846041778,"ZAMBIA_LUAPULA_NCHELENGE_NCHELENGE","Zambia",7.51601887923153,0.000800418813750703,"TNR_Ship"
"1605","1605",16.0518836137718,"ZAMBIA_LUAPULA_SAMFYA_BANGEULU","Zambia",16.0530401521341,0.00115653836237684,"TNR_Ship"
"1606","1606",20.8532929270089,"ZAMBIA_LUAPULA_SAMFYA_CHIFUNABULI","Zambia",20.8543551858999,0.00106225889100386,"TNR_Ship"
"1607","1607",11.5406515823575,"ZAMBIA_LUAPULA_SAMFYA_LUAPULA","Zambia",11.5417464946889,0.00109491233143189,"TNR_Ship"
"1608","1608",17.1654376047729,"ZAMBIA_LUSAKA_CHONGWE_CHONGWE","Zambia",17.1698416003478,0.00440399557481541,"TNR_Ship"
"1609","1609",15.8389960401756,"ZAMBIA_LUSAKA_CHONGWE_RUFUNSA","Zambia",15.8436523836997,0.00465634352401878,"TNR_Ship"
"1610","1610",13.0408333483935,"ZAMBIA_LUSAKA_KAFUE_CHILANGA","Zambia",13.0452532068458,0.00441985845230874,"TNR_Ship"
"1611","1611",18.7999420696634,"ZAMBIA_LUSAKA_KAFUE_KAFUE","Zambia",18.804772523441,0.00483045377758629,"TNR_Ship"
"1612","1612",14.8693488042728,"ZAMBIA_LUSAKA_LUANGWA_FEIRA","Zambia",14.8787691514225,0.00942034714968187,"TNR_Ship"
"1613","1613",15.3969702257124,"ZAMBIA_LUSAKA_LUSAKA_CHAWAMA","Zambia",15.4020499942723,0.00507976855991998,"TNR_Ship"
"1614","1614",14.2855386886298,"ZAMBIA_LUSAKA_LUSAKA_KABWATA","Zambia",14.2899606144063,0.00442192577653877,"TNR_Ship"
"1615","1615",14.7477007261969,"ZAMBIA_LUSAKA_LUSAKA_KANYAMA","Zambia",14.7520782813466,0.00437755514970917,"TNR_Ship"
"1616","1616",14.8253752711429,"ZAMBIA_LUSAKA_LUSAKA_LUSAKA CENTRAL","Zambia",14.8298241543748,0.00444888323189119,"TNR_Ship"
"1617","1617",12.085258641908,"ZAMBIA_LUSAKA_LUSAKA_MANDEVU","Zambia",12.0894550896082,0.00419644770018834,"TNR_Ship"
"1618","1618",11.5651935487593,"ZAMBIA_LUSAKA_LUSAKA_MATERO","Zambia",11.569360511012,0.00416696225272339,"TNR_Ship"
"1619","1619",13.6177040227281,"ZAMBIA_LUSAKA_LUSAKA_MUNALI","Zambia",13.6219211302678,0.00421710753967197,"TNR_Ship"
"1620","1620",12.855925693447,"ZAMBIA_MUCHINGA_CHAMA_CHAMA NORTH","Zambia",12.8567909729412,0.000865279494265181,"TNR_Ship"
"1621","1621",11.4472455009664,"ZAMBIA_MUCHINGA_CHAMA_CHAMA SOUTH","Zambia",11.4482605386345,0.00101503766800448,"TNR_Ship"
"1622","1622",14.1884614446953,"ZAMBIA_MUCHINGA_CHINSALI_CHINSALI","Zambia",14.1892774834763,0.000816038780975248,"TNR_Ship"
"1623","1623",9.78676487304349,"ZAMBIA_MUCHINGA_CHINSALI_SHIWANGANDU","Zambia",9.78773049534122,0.000965622297732338,"TNR_Ship"
"1624","1624",7.56475363171074,"ZAMBIA_MUCHINGA_ISOKA_ISOKA","Zambia",7.56552994466164,0.000776312950903524,"TNR_Ship"
"1625","1625",20.3341048817361,"ZAMBIA_MUCHINGA_MAFINGA_MAFINGA","Zambia",20.334963624238,0.000858742501929299,"TNR_Ship"
"1626","1626",11.6063532656542,"ZAMBIA_MUCHINGA_MPIKA_KANCHIBIYA","Zambia",11.6075336785205,0.00118041286629378,"TNR_Ship"
"1627","1627",10.8523392028412,"ZAMBIA_MUCHINGA_MPIKA_MFUWE","Zambia",10.8537196453719,0.00138044253072422,"TNR_Ship"
"1628","1628",13.5920512735889,"ZAMBIA_MUCHINGA_MPIKA_MPIKA","Zambia",13.5932160415861,0.00116476799711762,"TNR_Ship"
"1629","1629",3.97462287621215,"ZAMBIA_MUCHINGA_NAKONDE_NAKONDE","Zambia",3.97534361989564,0.000720743683496838,"TNR_Ship"
"1630","1630",13.5470843276384,"ZAMBIA_NORTH-WESTERN_CHAVUMA_CHAVUMA","Zambia",13.5694626946771,0.0223783670386482,"TNR_Ship"
"1631","1631",6.86944311365798,"ZAMBIA_NORTH-WESTERN_IKELENGE_IKELENGE","Zambia",6.8710061855492,0.00156307189121474,"TNR_Ship"
"1632","1632",16.1395707818927,"ZAMBIA_NORTH-WESTERN_KABOMPO_KABOMPO EAST","Zambia",16.1477975062672,0.00822672437456973,"TNR_Ship"
"1633","1633",20.2586309426313,"ZAMBIA_NORTH-WESTERN_KABOMPO_KABOMPO WEST","Zambia",20.2775490062261,0.0189180635947714,"TNR_Ship"
"1634","1634",13.8641561945381,"ZAMBIA_NORTH-WESTERN_KASEMPA_KASEMPA","Zambia",13.8665141149535,0.00235792041543803,"TNR_Ship"
"1635","1635",14.1530977383214,"ZAMBIA_NORTH-WESTERN_MUFUMBWE_MUFUMBWE","Zambia",14.1591771107901,0.00607937246864587,"TNR_Ship"
"1636","1636",12.0325511148971,"ZAMBIA_NORTH-WESTERN_MWINILUNGA_MWINILUNGA","Zambia",12.0349705710309,0.00241945613382377,"TNR_Ship"
"1637","1637",9.62424094539296,"ZAMBIA_NORTH-WESTERN_SOLWEZI_SOLWEZI CENTRAL","Zambia",9.62553283622343,0.00129189083046377,"TNR_Ship"
"1638","1638",8.56940880349966,"ZAMBIA_NORTH-WESTERN_SOLWEZI_SOLWEZI EAST","Zambia",8.57074518479622,0.00133638129656788,"TNR_Ship"
"1639","1639",12.161837293351,"ZAMBIA_NORTH-WESTERN_SOLWEZI_SOLWEZI WEST","Zambia",12.1633770886777,0.001539795326714,"TNR_Ship"
"1640","1640",18.9712657671682,"ZAMBIA_NORTH-WESTERN_ZAMBEZI_ZAMBEZI EAST","Zambia",18.9877847883344,0.016519021166129,"TNR_Ship"
"1641","1641",13.3149595774779,"ZAMBIA_NORTH-WESTERN_ZAMBEZI_ZAMBEZI WEST","Zambia",13.3281331829936,0.0131736055157035,"TNR_Ship"
"1642","1642",14.4178172815251,"ZAMBIA_NORTHERN_CHILUBI_CHILUBI","Zambia",14.4188663582365,0.00104907671137866,"TNR_Ship"
"1643","1643",10.7371329256555,"ZAMBIA_NORTHERN_KAPUTA_CHIMBAMILONGA","Zambia",10.7378387965423,0.000705870886859472,"TNR_Ship"
"1644","1644",9.13603436513332,"ZAMBIA_NORTHERN_KAPUTA_KAPUTA","Zambia",9.13674637903741,0.000712013904093922,"TNR_Ship"
"1645","1645",9.48514513123384,"ZAMBIA_NORTHERN_KASAMA_KASAMA","Zambia",9.4859826089859,0.000837477752060778,"TNR_Ship"
"1646","1646",14.4748705536581,"ZAMBIA_NORTHERN_KASAMA_LUKASHYA","Zambia",14.4757894972612,0.000918943603050337,"TNR_Ship"
"1647","1647",13.3110782293365,"ZAMBIA_NORTHERN_LUWINGU_LUBASENSHI","Zambia",13.3120421605936,0.000963931257093265,"TNR_Ship"
"1648","1648",15.4538371565438,"ZAMBIA_NORTHERN_LUWINGU_LUPOSOSHI","Zambia",15.4548236213176,0.000986464773815143,"TNR_Ship"
"1649","1649",5.82124162290172,"ZAMBIA_NORTHERN_MBALA_MBALA","Zambia",5.82192921193152,0.000687589029800151,"TNR_Ship"
"1650","1650",13.5317428363645,"ZAMBIA_NORTHERN_MBALA_NSENGA HILL","Zambia",13.532465494111,0.000722657746555555,"TNR_Ship"
"1651","1651",11.7334018658497,"ZAMBIA_NORTHERN_MPOROKOSO_LUNTE","Zambia",11.7342379109001,0.000836045050416345,"TNR_Ship"
"1652","1652",20.4525600847244,"ZAMBIA_NORTHERN_MPOROKOSO_MPOROKOSO","Zambia",20.4533270951864,0.000767010461995454,"TNR_Ship"
"1653","1653",10.5539954549435,"ZAMBIA_NORTHERN_MPULUNGU_MPULUNGU","Zambia",10.5547019500297,0.0007064950861988,"TNR_Ship"
"1654","1654",13.107167303101,"ZAMBIA_NORTHERN_MUNGWI_MALOLE","Zambia",13.1079490795788,0.000781776477811746,"TNR_Ship"
"1655","1655",12.3719443777803,"ZAMBIA_SOUTHERN_CHOMA_CHOMA","Zambia",12.377197831115,0.00525345333461225,"TNR_Ship"
"1656","1656",13.4562907124253,"ZAMBIA_SOUTHERN_CHOMA_MBABALA","Zambia",13.4611989867465,0.00490827432116703,"TNR_Ship"
"1657","1657",13.2024799733887,"ZAMBIA_SOUTHERN_CHOMA_PEMBA","Zambia",13.2076266084986,0.00514663510987745,"TNR_Ship"
"1658","1658",13.3645437364739,"ZAMBIA_SOUTHERN_GWEMBE_GWEMBE","Zambia",13.3699034345293,0.00535969805538805,"TNR_Ship"
"1659","1659",12.169429394806,"ZAMBIA_SOUTHERN_ITEZHI-TEZHI_ITEZHI-TEZHI","Zambia",12.1733034296573,0.00387403485130733,"TNR_Ship"
"1660","1660",12.5506719541898,"ZAMBIA_SOUTHERN_KALOMO_DUNDUMWEZI","Zambia",12.5558341343517,0.00516218016186798,"TNR_Ship"
"1661","1661",11.307896198998,"ZAMBIA_SOUTHERN_KALOMO_KALOMO CENTRAL","Zambia",11.3132623473193,0.00536614832132898,"TNR_Ship"
"1662","1662",12.5298071732684,"ZAMBIA_SOUTHERN_KALOMO_MAPATIZYA","Zambia",12.5352912348479,0.00548406157943404,"TNR_Ship"
"1663","1663",13.4740789028478,"ZAMBIA_SOUTHERN_KAZUNGULA_KATOMBOLA","Zambia",13.4832981430081,0.00921924016030928,"TNR_Ship"
"1664","1664",12.3695799130816,"ZAMBIA_SOUTHERN_LIVINGSTONE_LIVINGSTONE","Zambia",12.3797225980907,0.0101426850091002,"TNR_Ship"
"1665","1665",16.1817035193725,"ZAMBIA_SOUTHERN_MAZABUKA_CHIKANKANTA","Zambia",16.1868297085972,0.00512618922469343,"TNR_Ship"
"1666","1666",10.92129507401,"ZAMBIA_SOUTHERN_MAZABUKA_MAGOYE","Zambia",10.9256138844874,0.0043188104773364,"TNR_Ship"
"1667","1667",13.4544913401388,"ZAMBIA_SOUTHERN_MAZABUKA_MAZABUKA","Zambia",13.4589132632461,0.00442192310732814,"TNR_Ship"
"1668","1668",11.4315110886875,"ZAMBIA_SOUTHERN_MONZE_BWEENGWA","Zambia",11.436252682206,0.00474159351851533,"TNR_Ship"
"1669","1669",12.7946202568588,"ZAMBIA_SOUTHERN_MONZE_MONZE","Zambia",12.7998674046095,0.00524714775060886,"TNR_Ship"
"1670","1670",13.362598757119,"ZAMBIA_SOUTHERN_MONZE_MOOMBA","Zambia",13.3678297853686,0.00523102824961441,"TNR_Ship"
"1671","1671",14.7580562154573,"ZAMBIA_SOUTHERN_NAMWALA_NAMWALA","Zambia",14.762861834178,0.00480561872064555,"TNR_Ship"
"1672","1672",14.5707652377515,"ZAMBIA_SOUTHERN_SIAVONGA_SIAVONGA","Zambia",14.576352959624,0.0055877218725211,"TNR_Ship"
"1673","1673",10.7728988333426,"ZAMBIA_SOUTHERN_SINAZONGWE_SINAZONGWE","Zambia",10.7787426320003,0.00584379865764539,"TNR_Ship"
"1674","1674",11.0672761524407,"ZAMBIA_WESTERN_KALABO_KALABO","Zambia",11.0726948385983,0.00541868615761665,"TNR_Ship"
"1675","1675",11.9783943813273,"ZAMBIA_WESTERN_KALABO_LIUWA","Zambia",11.9854323299361,0.00703794860884699,"TNR_Ship"
"1676","1676",11.26411241985,"ZAMBIA_WESTERN_KALABO_SIKONGO","Zambia",11.2696673387749,0.00555491892489357,"TNR_Ship"
"1677","1677",15.5733575655482,"ZAMBIA_WESTERN_KAOMA_KAOMA CENTRAL","Zambia",15.5806821846092,0.00732461906093462,"TNR_Ship"
"1678","1678",19.9674545733639,"ZAMBIA_WESTERN_KAOMA_LUAMPA","Zambia",19.9738079043456,0.00635333098173874,"TNR_Ship"
"1679","1679",18.8822849893524,"ZAMBIA_WESTERN_KAOMA_MANGANGO","Zambia",18.8905925824753,0.00830759312298213,"TNR_Ship"
"1680","1680",17.6160737986898,"ZAMBIA_WESTERN_LUKULU_LUKULU EAST","Zambia",17.6268616247171,0.0107878260272471,"TNR_Ship"
"1681","1681",11.395258761447,"ZAMBIA_WESTERN_LUKULU_LUKULU WEST","Zambia",11.4039956124178,0.00873685097088028,"TNR_Ship"
"1682","1682",11.2007711277057,"ZAMBIA_WESTERN_MONGU_LUENA","Zambia",11.2062322652915,0.00546113758581157,"TNR_Ship"
"1683","1683",10.853160799583,"ZAMBIA_WESTERN_MONGU_MONGU","Zambia",10.8582664980526,0.00510569846963094,"TNR_Ship"
"1684","1684",11.5676875153739,"ZAMBIA_WESTERN_MONGU_NALIKWANDA","Zambia",11.5734677118325,0.00578019645860373,"TNR_Ship"
"1685","1685",10.4676330644945,"ZAMBIA_WESTERN_SENANGA_NALOLO","Zambia",10.4723414560418,0.00470839154732694,"TNR_Ship"
"1686","1686",10.8219704853374,"ZAMBIA_WESTERN_SENANGA_SENANGA","Zambia",10.8273138019063,0.00534331656886877,"TNR_Ship"
"1687","1687",12.0808385839717,"ZAMBIA_WESTERN_SESHEKE_MULOBEZI","Zambia",12.0865268805935,0.00568829662172909,"TNR_Ship"
"1688","1688",13.4358337496875,"ZAMBIA_WESTERN_SESHEKE_MWANDI","Zambia",13.4443704199519,0.0085366702643821,"TNR_Ship"
"1689","1689",10.3276937044754,"ZAMBIA_WESTERN_SESHEKE_SESHEKE","Zambia",10.3360299153906,0.00833621091517323,"TNR_Ship"
"1690","1690",8.98459966704245,"ZAMBIA_WESTERN_SHANGOMBO_SINJEMBELA","Zambia",8.98925142743672,0.00465176039427107,"TNR_Ship"
"1691","1691",17.5889938435319,"ZIMBABWE_BULAWAYO_BULAWAYO","Zimbabwe",17.5949629394396,0.00596909590769457,"TNR_Ship"
"1692","1692",16.7965336279377,"ZIMBABWE_HARARE_CHITUNGWIZA","Zimbabwe",16.8151276143428,0.0185939864051257,"TNR_Ship"
"1693","1693",16.0622818299956,"ZIMBABWE_HARARE_EPWORTH","Zimbabwe",16.082246511893,0.0199646818973633,"TNR_Ship"
"1694","1694",16.7036011521838,"ZIMBABWE_HARARE_HARARE RURAL","Zimbabwe",16.7228411412115,0.0192399890276747,"TNR_Ship"
"1695","1695",12.4905332126288,"ZIMBABWE_HARARE_HARARE URBAN","Zimbabwe",12.5078820979913,0.0173488853624644,"TNR_Ship"
"1696","1696",9.90427155222597,"ZIMBABWE_MANICALAND_BUHERA","Zimbabwe",9.91434553036654,0.010073978140575,"TNR_Ship"
"1697","1697",15.1308154763754,"ZIMBABWE_MANICALAND_CHIMANIMANI","Zimbabwe",15.140832064793,0.0100165884175496,"TNR_Ship"
"1698","1698",12.5666408567903,"ZIMBABWE_MANICALAND_CHIPINGE RURAL","Zimbabwe",12.5763847429462,0.00974388615589028,"TNR_Ship"
"1699","1699",15.1393587515203,"ZIMBABWE_MANICALAND_CHIPINGE URBAN","Zimbabwe",15.1490793977189,0.00972064619857527,"TNR_Ship"
"1700","1700",11.4051965971597,"ZIMBABWE_MANICALAND_MAKONI","Zimbabwe",11.4163934757981,0.0111968786383763,"TNR_Ship"
"1701","1701",12.3349814739222,"ZIMBABWE_MANICALAND_MUTARE RURAL","Zimbabwe",12.3454893563123,0.0105078823901668,"TNR_Ship"
"1702","1702",13.8760405511965,"ZIMBABWE_MANICALAND_MUTARE URBAN","Zimbabwe",13.8893461395141,0.0133055883176194,"TNR_Ship"
"1703","1703",14.0137905982473,"ZIMBABWE_MANICALAND_MUTASA","Zimbabwe",14.0258747765525,0.0120841783052281,"TNR_Ship"
"1704","1704",12.5531791529837,"ZIMBABWE_MANICALAND_NYANGA","Zimbabwe",12.5668329998219,0.0136538468382668,"TNR_Ship"
"1705","1705",16.3178534273048,"ZIMBABWE_MANICALAND_RUSAPE","Zimbabwe",16.3320459048596,0.0141924775548077,"TNR_Ship"
"1706","1706",11.1672726179559,"ZIMBABWE_MASHONALAND CENTRAL_BINDURA","Zimbabwe",11.1913076412618,0.0240350233058297,"TNR_Ship"
"1707","1707",18.6322775887401,"ZIMBABWE_MASHONALAND CENTRAL_BINDURA URBAN","Zimbabwe",18.6560388649094,0.0237612761693455,"TNR_Ship"
"1708","1708",10.5070922103703,"ZIMBABWE_MASHONALAND CENTRAL_CENTENARY","Zimbabwe",10.5474314302998,0.0403392199294501,"TNR_Ship"
"1709","1709",11.4875921031454,"ZIMBABWE_MASHONALAND CENTRAL_GURUVE","Zimbabwe",11.5212628145632,0.0336707114177983,"TNR_Ship"
"1710","1710",12.5319943335797,"ZIMBABWE_MASHONALAND CENTRAL_MAZOWE","Zimbabwe",12.5556848092958,0.0236904757161707,"TNR_Ship"
"1711","1711",10.9411492162351,"ZIMBABWE_MASHONALAND CENTRAL_MBIRE","Zimbabwe",10.9733514532982,0.0322022370631423,"TNR_Ship"
"1712","1712",10.4639090455906,"ZIMBABWE_MASHONALAND CENTRAL_MOUNT DARWIN","Zimbabwe",10.4885592187301,0.0246501731395199,"TNR_Ship"
"1713","1713",12.308916272556,"ZIMBABWE_MASHONALAND CENTRAL_MVURI","Zimbabwe",12.3386172691604,0.029700996604376,"TNR_Ship"
"1714","1714",9.66670548788365,"ZIMBABWE_MASHONALAND CENTRAL_RUSHINGA","Zimbabwe",9.69577693734118,0.0290714494575379,"TNR_Ship"
"1715","1715",10.8849084825229,"ZIMBABWE_MASHONALAND CENTRAL_SHAMVA","Zimbabwe",10.90119360316,0.0162851206370345,"TNR_Ship"
"1716","1716",10.1649875394317,"ZIMBABWE_MASHONALAND EAST_CHIKOMBA","Zimbabwe",10.1761282363082,0.011140696876522,"TNR_Ship"
"1717","1717",11.8545752513866,"ZIMBABWE_MASHONALAND EAST_GOROMONZI","Zimbabwe",11.874815098763,0.0202398473763807,"TNR_Ship"
"1718","1718",10.6553255425754,"ZIMBABWE_MASHONALAND EAST_HWEDZA","Zimbabwe",10.6658675038502,0.0105419612748427,"TNR_Ship"
"1719","1719",11.8208222979464,"ZIMBABWE_MASHONALAND EAST_MARONDERA","Zimbabwe",11.8346201555485,0.0137978576021016,"TNR_Ship"
"1720","1720",11.3861641871869,"ZIMBABWE_MASHONALAND EAST_MARONDERA URBAN","Zimbabwe",11.3987200556716,0.0125558684847569,"TNR_Ship"
"1721","1721",10.4918124120243,"ZIMBABWE_MASHONALAND EAST_MUDZI","Zimbabwe",10.5108956082831,0.0190831962588085,"TNR_Ship"
"1722","1722",10.498639490644,"ZIMBABWE_MASHONALAND EAST_MUREHWA","Zimbabwe",10.5135941381126,0.0149546474686879,"TNR_Ship"
"1723","1723",11.2666294153661,"ZIMBABWE_MASHONALAND EAST_MUTOKO","Zimbabwe",11.2874410129084,0.020811597542254,"TNR_Ship"
"1724","1724",17.5943673198173,"ZIMBABWE_MASHONALAND EAST_RUWA LOCAL BOARD","Zimbabwe",17.6134810374089,0.0191137175915941,"TNR_Ship"
"1725","1725",13.3719676852477,"ZIMBABWE_MASHONALAND EAST_SEKE","Zimbabwe",13.3867762754394,0.0148085901917572,"TNR_Ship"
"1726","1726",10.6593922504857,"ZIMBABWE_MASHONALAND EAST_UZUMBA-MARAMBA-PFUNGWE","Zimbabwe",10.6792587961219,0.0198665456361447,"TNR_Ship"
"1727","1727",13.3007848066334,"ZIMBABWE_MASHONALAND WEST_CHEGUTU","Zimbabwe",13.3109561447478,0.0101713381143345,"TNR_Ship"
"1728","1728",12.9874069385588,"ZIMBABWE_MASHONALAND WEST_CHEGUTU URBAN","Zimbabwe",12.9962772062987,0.00887026773998656,"TNR_Ship"
"1729","1729",12.8029665241926,"ZIMBABWE_MASHONALAND WEST_CHINHOYI","Zimbabwe",12.813012785901,0.0100462617083963,"TNR_Ship"
"1730","1730",10.5023268148722,"ZIMBABWE_MASHONALAND WEST_HURUNGWE","Zimbabwe",10.5090856580646,0.0067588431923884,"TNR_Ship"
"1731","1731",11.8555319356335,"ZIMBABWE_MASHONALAND WEST_KADOMA","Zimbabwe",11.8633812693899,0.00784933375641472,"TNR_Ship"
"1732","1732",11.3038388229038,"ZIMBABWE_MASHONALAND WEST_KARIBA","Zimbabwe",11.3096197591419,0.00578093623809828,"TNR_Ship"
"1733","1733",11.4766393579497,"ZIMBABWE_MASHONALAND WEST_KARIBA URBAN","Zimbabwe",11.4824720222078,0.00583266425809015,"TNR_Ship"
"1734","1734",13.0151012161446,"ZIMBABWE_MASHONALAND WEST_KAROI","Zimbabwe",13.0247504134345,0.00964919728987468,"TNR_Ship"
"1735","1735",12.5203443415092,"ZIMBABWE_MASHONALAND WEST_MAKONDE","Zimbabwe",12.5314622106947,0.0111178691855098,"TNR_Ship"
"1736","1736",11.8644512549921,"ZIMBABWE_MASHONALAND WEST_MHONDORONGEZI","Zimbabwe",11.872195912709,0.00774465771690913,"TNR_Ship"
"1737","1737",12.6572679851899,"ZIMBABWE_MASHONALAND WEST_NORTON","Zimbabwe",12.6699498477022,0.012681862512272,"TNR_Ship"
"1738","1738",12.7690659712833,"ZIMBABWE_MASHONALAND WEST_SANYATI","Zimbabwe",12.7759274925374,0.00686152125405748,"TNR_Ship"
"1739","1739",10.4528983695359,"ZIMBABWE_MASHONALAND WEST_ZVIMBA","Zimbabwe",10.465050315525,0.0121519459890784,"TNR_Ship"
"1740","1740",10.955929642871,"ZIMBABWE_MASVINGO_BIKITA","Zimbabwe",10.9653082036176,0.00937856074655663,"TNR_Ship"
"1741","1741",9.36731580340794,"ZIMBABWE_MASVINGO_CHIREDZI RURAL","Zimbabwe",9.37385461397578,0.00653881056784478,"TNR_Ship"
"1742","1742",9.65418302947415,"ZIMBABWE_MASVINGO_CHIREDZI URBAN","Zimbabwe",9.66088325427453,0.00670022480037957,"TNR_Ship"
"1743","1743",10.1285346956897,"ZIMBABWE_MASVINGO_CHIVI","Zimbabwe",10.1353489430382,0.00681424734844427,"TNR_Ship"
"1744","1744",9.97147404795598,"ZIMBABWE_MASVINGO_GUTU","Zimbabwe",9.98140451367479,0.00993046571880285,"TNR_Ship"
"1745","1745",9.39771705121998,"ZIMBABWE_MASVINGO_MASVINGO","Zimbabwe",9.40573524491432,0.00801819369433687,"TNR_Ship"
"1746","1746",9.51921286447537,"ZIMBABWE_MASVINGO_MASVINGO RURAL","Zimbabwe",9.52726732767804,0.00805446320267045,"TNR_Ship"
"1747","1747",9.06542809213894,"ZIMBABWE_MASVINGO_MWENEZI","Zimbabwe",9.07066279609181,0.0052347039528744,"TNR_Ship"
"1748","1748",8.83212468926159,"ZIMBABWE_MASVINGO_ZAKA","Zimbabwe",8.84114193365237,0.00901724439078322,"TNR_Ship"
"1749","1749",9.69289498347911,"ZIMBABWE_MATABELELAND NORTH_BINGA","Zimbabwe",9.6980697316481,0.005174748168983,"TNR_Ship"
"1750","1750",9.0208169236073,"ZIMBABWE_MATABELELAND NORTH_BUBI","Zimbabwe",9.02506093484194,0.00424401123464335,"TNR_Ship"
"1751","1751",10.2707888294454,"ZIMBABWE_MATABELELAND NORTH_HWANGE","Zimbabwe",10.2754258106006,0.00463698115515321,"TNR_Ship"
"1752","1752",9.85208384966514,"ZIMBABWE_MATABELELAND NORTH_HWANGE URBAN","Zimbabwe",9.85810552993524,0.00602168027010563,"TNR_Ship"
"1753","1753",8.93277233209548,"ZIMBABWE_MATABELELAND NORTH_LUPANE","Zimbabwe",8.93673840543348,0.00396607333800603,"TNR_Ship"
"1754","1754",10.0626456775246,"ZIMBABWE_MATABELELAND NORTH_NKAYI","Zimbabwe",10.0682311080316,0.00558543050699711,"TNR_Ship"
"1755","1755",8.93749460996509,"ZIMBABWE_MATABELELAND NORTH_TSHOLOTSHO","Zimbabwe",8.9416375904058,0.00414298044070982,"TNR_Ship"
"1756","1756",9.29707426483666,"ZIMBABWE_MATABELELAND NORTH_UMGUZA","Zimbabwe",9.30135835047339,0.00428408563672633,"TNR_Ship"
"1757","1757",12.0674876145124,"ZIMBABWE_MATABELELAND NORTH_VICTORIA FALLS","Zimbabwe",12.0767822787487,0.00929466423630032,"TNR_Ship"
"1758","1758",9.43868280854633,"ZIMBABWE_MATABELELAND SOUTH_BEITBRIDGE RURAL","Zimbabwe",9.44375384677593,0.00507103822959643,"TNR_Ship"
"1759","1759",17.8531386838054,"ZIMBABWE_MATABELELAND SOUTH_BEITBRIDGE URBAN","Zimbabwe",17.8593628030876,0.00622411928214461,"TNR_Ship"
"1760","1760",10.3579926105044,"ZIMBABWE_MATABELELAND SOUTH_BULILIMA","Zimbabwe",10.3618225400901,0.00382992958564543,"TNR_Ship"
"1761","1761",9.13602795918099,"ZIMBABWE_MATABELELAND SOUTH_GWANDA","Zimbabwe",9.14085754455311,0.00482958537211964,"TNR_Ship"
"1762","1762",9.46613815672867,"ZIMBABWE_MATABELELAND SOUTH_GWANDA URBAN","Zimbabwe",9.47057610360134,0.00443794687267385,"TNR_Ship"
"1763","1763",9.26104989193855,"ZIMBABWE_MATABELELAND SOUTH_INSIZA","Zimbabwe",9.26544089134253,0.00439099940397369,"TNR_Ship"
"1764","1764",9.69627263087693,"ZIMBABWE_MATABELELAND SOUTH_MATOBO","Zimbabwe",9.7006742874922,0.00440165661527736,"TNR_Ship"
"1765","1765",9.33682087840813,"ZIMBABWE_MATABELELAND SOUTH_PLUMTREE","Zimbabwe",9.34093537386598,0.0041144954578467,"TNR_Ship"
"1766","1766",10.1714454841799,"ZIMBABWE_MATABELELAND SOUTH_UMZINGWANE","Zimbabwe",10.1756733595105,0.00422787533056734,"TNR_Ship"
"1767","1767",9.79258362230955,"ZIMBABWE_MIDLANDS_CHIRUMANZU","Zimbabwe",9.80052337634872,0.00793975403917457,"TNR_Ship"
"1768","1768",10.5858522726556,"ZIMBABWE_MIDLANDS_GOKWE NORTH","Zimbabwe",10.5918686447781,0.00601637212248463,"TNR_Ship"
"1769","1769",9.7756746820719,"ZIMBABWE_MIDLANDS_GOKWE SOUTH","Zimbabwe",9.7813440654624,0.00566938339049372,"TNR_Ship"
"1770","1770",10.7748511011112,"ZIMBABWE_MIDLANDS_GOKWE TOWN","Zimbabwe",10.7805459375775,0.00569483646632385,"TNR_Ship"
"1771","1771",11.1360657255916,"ZIMBABWE_MIDLANDS_GWERU","Zimbabwe",11.1423766020032,0.0063108764116464,"TNR_Ship"
"1772","1772",10.5249413160917,"ZIMBABWE_MIDLANDS_GWERU RURAL","Zimbabwe",10.5311171083162,0.00617579222456044,"TNR_Ship"
"1773","1773",10.9847107558995,"ZIMBABWE_MIDLANDS_KWEKWE","Zimbabwe",10.991594680568,0.00688392466849486,"TNR_Ship"
"1774","1774",12.0339549651474,"ZIMBABWE_MIDLANDS_KWEKWE RURAL","Zimbabwe",12.0398767078678,0.00592174272040147,"TNR_Ship"
"1775","1775",9.36076416499403,"ZIMBABWE_MIDLANDS_MBERENGWA","Zimbabwe",9.36576407582874,0.0049999108347123,"TNR_Ship"
"1776","1776",11.8523554734387,"ZIMBABWE_MIDLANDS_REDCLIFF","Zimbabwe",11.8590893389711,0.00673386553235389,"TNR_Ship"
"1777","1777",11.5338989649838,"ZIMBABWE_MIDLANDS_SHURUGWI","Zimbabwe",11.5401895199668,0.00629055498293773,"TNR_Ship"
"1778","1778",10.784999113218,"ZIMBABWE_MIDLANDS_SHURUGWI RURAL","Zimbabwe",10.7919105378853,0.00691142466727257,"TNR_Ship"
"1779","1779",10.7358952743796,"ZIMBABWE_MIDLANDS_ZVISHAVANE","Zimbabwe",10.7423794843245,0.00648420994488141,"TNR_Ship"
"1780","1780",13.8298075252486,"ZIMBABWE_MIDLANDS_ZVISHAVANE MINE","Zimbabwe",13.83706241564,0.00725489039141181,"TNR_Ship"
"1781","1781",9.26853251094678,"ZIMBABWE_MATABELELAND SOUTH_MANGWE","Zimbabwe",9.27278583977272,0.00425332882593565,"TNR_Ship"
