"","census_id","new_PM25","geo_name","country","base_PM25","PM_sector","sector"
"1","0001",11.2652031167798,"ANGOLA_BENGO_AMBRIZ","Angola",11.2657541810451,0.000551064265312817,"TNR_Aviation_CRS"
"2","0002",21.4945055502845,"ANGOLA_BENGO_BULA ATUMBA","Angola",21.495698248001,0.00119269771653663,"TNR_Aviation_CRS"
"3","0003",13.2196364763114,"ANGOLA_BENGO_DANDE","Angola",13.220318899573,0.000682423261530118,"TNR_Aviation_CRS"
"4","0004",17.5969225620399,"ANGOLA_BENGO_DEMBOS","Angola",17.5977155758204,0.000793013780533869,"TNR_Aviation_CRS"
"5","0005",13.9575615987748,"ANGOLA_BENGO_NAMBUANGONGO","Angola",13.9582359811672,0.000674382392379158,"TNR_Aviation_CRS"
"6","0006",19.1569636578791,"ANGOLA_BENGO_PANGO ALUQUÉM","Angola",19.1577737131949,0.000810055315778158,"TNR_Aviation_CRS"
"7","0007",5.49884769870961,"ANGOLA_BENGUELA_BAÍA FARTA","Angola",5.49929779899005,0.000450100280438903,"TNR_Aviation_CRS"
"8","0008",21.6112906655877,"ANGOLA_BENGUELA_BALOMBO","Angola",21.6120076967258,0.00071703113807331,"TNR_Aviation_CRS"
"9","0009",6.4868535878244,"ANGOLA_BENGUELA_BENGUELA","Angola",6.48724733329285,0.000393745468453943,"TNR_Aviation_CRS"
"10","0010",13.9501158431962,"ANGOLA_BENGUELA_BOCOIO","Angola",13.9507262734276,0.000610430231361647,"TNR_Aviation_CRS"
"11","0011",11.3313745390409,"ANGOLA_BENGUELA_CAIMBAMBO","Angola",11.3319768872787,0.000602348237800143,"TNR_Aviation_CRS"
"12","0012",7.47541720495247,"ANGOLA_BENGUELA_CATUMBELA","Angola",7.47583227202358,0.000415067071105391,"TNR_Aviation_CRS"
"13","0013",7.81349048293551,"ANGOLA_BENGUELA_CHONGOROI","Angola",7.8140685891674,0.000578106231893472,"TNR_Aviation_CRS"
"14","0014",10.4124934152774,"ANGOLA_BENGUELA_CUBAL","Angola",10.413030434348,0.000537019070634415,"TNR_Aviation_CRS"
"15","0015",13.6749456529227,"ANGOLA_BENGUELA_GANDA","Angola",13.6754847985966,0.000539145673938535,"TNR_Aviation_CRS"
"16","0016",8.52860255502313,"ANGOLA_BENGUELA_LOBITO","Angola",8.5291435165122,0.000540961489061687,"TNR_Aviation_CRS"
"17","0017",15.5416809501017,"ANGOLA_BIÉ_ANDULO","Angola",15.5423269076499,0.000645957548238485,"TNR_Aviation_CRS"
"18","0018",14.3132090185185,"ANGOLA_BIÉ_CAMACUPA","Angola",14.3136531617011,0.000444143182630086,"TNR_Aviation_CRS"
"19","0019",14.0256418839373,"ANGOLA_BIÉ_CATABOLA","Angola",14.0261359236861,0.000494039748785369,"TNR_Aviation_CRS"
"20","0020",13.8993093646542,"ANGOLA_BIÉ_CHINGUAR","Angola",13.8998703132841,0.000560948629896529,"TNR_Aviation_CRS"
"21","0021",13.8937297573733,"ANGOLA_BIÉ_CHITEMBO","Angola",13.8942082049702,0.000478447596821141,"TNR_Aviation_CRS"
"22","0022",16.819822186111,"ANGOLA_BIÉ_CUEMBA","Angola",16.8202433677199,0.000421181608903254,"TNR_Aviation_CRS"
"23","0023",14.9443956483012,"ANGOLA_BIÉ_CUITO","Angola",14.9449123321569,0.000516683855721567,"TNR_Aviation_CRS"
"24","0024",14.2712863009208,"ANGOLA_BIÉ_CUNHINGA","Angola",14.2718248753573,0.000538574436458106,"TNR_Aviation_CRS"
"25","0025",18.4604567110885,"ANGOLA_BIÉ_NHAREA","Angola",18.4610132301947,0.000556519106197584,"TNR_Aviation_CRS"
"26","0026",5.71228514278235,"ANGOLA_CABINDA_BELIZE","Angola",5.71260186621357,0.00031672343122402,"TNR_Aviation_CRS"
"27","0027",5.91381711730592,"ANGOLA_CABINDA_BUCO ZAU","Angola",5.9140072862691,0.000190168963187354,"TNR_Aviation_CRS"
"28","0028",3.92333886248185,"ANGOLA_CABINDA_CABINDA","Angola",3.92348280618106,0.000143943699216109,"TNR_Aviation_CRS"
"29","0029",3.82625983792866,"ANGOLA_CABINDA_CACONGO","Angola",3.82640680610608,0.000146968177423989,"TNR_Aviation_CRS"
"30","0030",8.03892578433869,"ANGOLA_KUANDO KUBANGO_CALAI","Angola",8.03925558073214,0.000329796393447879,"TNR_Aviation_CRS"
"31","0031",8.21406849024707,"ANGOLA_KUANDO KUBANGO_CUANGAR","Angola",8.21438026451663,0.00031177426955864,"TNR_Aviation_CRS"
"32","0032",12.032996708455,"ANGOLA_KUANDO KUBANGO_CUCHI","Angola",12.0334533621543,0.000456653699286491,"TNR_Aviation_CRS"
"33","0033",16.5764489669864,"ANGOLA_KUANDO KUBANGO_CUITO CUANAVALE","Angola",16.5768526456636,0.000403678677201924,"TNR_Aviation_CRS"
"34","0034",14.9006240281191,"ANGOLA_KUANDO KUBANGO_DIRICO","Angola",14.9011166928157,0.000492664696627898,"TNR_Aviation_CRS"
"35","0035",10.4067042473629,"ANGOLA_KUANDO KUBANGO_MAVINGA","Angola",10.4070096519075,0.000305404544658217,"TNR_Aviation_CRS"
"36","0036",12.0658490409778,"ANGOLA_KUANDO KUBANGO_MENONGUE","Angola",12.0662870216789,0.000437980701114782,"TNR_Aviation_CRS"
"37","0037",10.5090423413939,"ANGOLA_KUANDO KUBANGO_NANCOVA","Angola",10.5094747463029,0.000432404908998762,"TNR_Aviation_CRS"
"38","0038",10.5555800183566,"ANGOLA_KUANDO KUBANGO_RIVUNGO","Angola",10.5559531253444,0.000373106987780147,"TNR_Aviation_CRS"
"39","0039",25.1029713086144,"ANGOLA_KWANZA NORTE_AMBACA","Angola",25.1040816884458,0.00111037983137052,"TNR_Aviation_CRS"
"40","0040",21.569264012379,"ANGOLA_KWANZA NORTE_BANGA","Angola",21.5703869286714,0.00112291629240246,"TNR_Aviation_CRS"
"41","0041",24.8201260095975,"ANGOLA_KWANZA NORTE_BOLONGONGO","Angola",24.8213480381826,0.00122202858513987,"TNR_Aviation_CRS"
"42","0042",17.3612663530693,"ANGOLA_KWANZA NORTE_CAMBAMBE","Angola",17.3621835027615,0.000917149692220676,"TNR_Aviation_CRS"
"43","0043",20.1671693667396,"ANGOLA_KWANZA NORTE_CAZENGO","Angola",20.1683837146591,0.00121434791946484,"TNR_Aviation_CRS"
"44","0044",26.591449658422,"ANGOLA_KWANZA NORTE_GOLUNGO ALTO","Angola",26.5927854354925,0.00133577707041965,"TNR_Aviation_CRS"
"45","0045",18.3490195098429,"ANGOLA_KWANZA NORTE_LUCALA","Angola",18.350062837788,0.00104332794511919,"TNR_Aviation_CRS"
"46","0046",22.4280069012697,"ANGOLA_KWANZA NORTE_NGONGUEMBO","Angola",22.4292731730367,0.00126627176700111,"TNR_Aviation_CRS"
"47","0047",24.8384560936567,"ANGOLA_KWANZA NORTE_QUICULUNGO","Angola",24.8396016070291,0.00114551337239632,"TNR_Aviation_CRS"
"48","0048",24.1184620015305,"ANGOLA_KWANZA NORTE_SAMBA CAJÚ","Angola",24.1194706563263,0.00100865479583945,"TNR_Aviation_CRS"
"49","0049",16.8597686742979,"ANGOLA_KWANZA SUL_AMBOIM","Angola",16.8606139099287,0.000845235630720254,"TNR_Aviation_CRS"
"50","0050",18.7133711117638,"ANGOLA_KWANZA SUL_CASSONGUE","Angola",18.7140693494345,0.00069823767069721,"TNR_Aviation_CRS"
"51","0051",17.2558352136713,"ANGOLA_KWANZA SUL_CELA","Angola",17.2565579359931,0.000722722321746971,"TNR_Aviation_CRS"
"52","0052",22.2961099972266,"ANGOLA_KWANZA SUL_CONDA","Angola",22.2969921392195,0.000882141992878616,"TNR_Aviation_CRS"
"53","0053",18.321660712148,"ANGOLA_KWANZA SUL_EBO","Angola",18.3225600841849,0.000899372036840873,"TNR_Aviation_CRS"
"54","0054",20.8196308052184,"ANGOLA_KWANZA SUL_LIBOLO","Angola",20.8207096029874,0.00107879776898301,"TNR_Aviation_CRS"
"55","0055",19.725748960334,"ANGOLA_KWANZA SUL_MUSSENDE","Angola",19.7265578909065,0.000808930572546274,"TNR_Aviation_CRS"
"56","0056",7.29314298501608,"ANGOLA_KWANZA SUL_PORTO AMBOIM","Angola",7.29362996960492,0.000486984588838446,"TNR_Aviation_CRS"
"57","0057",26.5767183258755,"ANGOLA_KWANZA SUL_QUIBALA","Angola",26.5776447838391,0.000926457963604577,"TNR_Aviation_CRS"
"58","0058",16.136179416406,"ANGOLA_KWANZA SUL_QUILENDA","Angola",16.1369670711037,0.000787654697720797,"TNR_Aviation_CRS"
"59","0059",20.4943635152041,"ANGOLA_KWANZA SUL_SELES","Angola",20.4951082389789,0.000744723774822376,"TNR_Aviation_CRS"
"60","0060",9.79107929439911,"ANGOLA_KWANZA SUL_SUMBE","Angola",9.7916789254831,0.000599631083989749,"TNR_Aviation_CRS"
"61","0061",4.59746982549404,"ANGOLA_CUNENE_CAHAMA","Angola",4.59797106520758,0.000501239713534218,"TNR_Aviation_CRS"
"62","0062",7.39134483321878,"ANGOLA_CUNENE_CUANHAMA","Angola",7.39177651709836,0.000431683879575928,"TNR_Aviation_CRS"
"63","0063",3.27827447080227,"ANGOLA_CUNENE_CUROCA","Angola",3.27863542189957,0.000360951097303275,"TNR_Aviation_CRS"
"64","0064",8.22821345130735,"ANGOLA_CUNENE_CUVELAI","Angola",8.22865521263498,0.000441761327625301,"TNR_Aviation_CRS"
"65","0065",6.08494824947185,"ANGOLA_CUNENE_NAMACUNDE","Angola",6.08536704563867,0.000418796166816726,"TNR_Aviation_CRS"
"66","0066",4.18070682635672,"ANGOLA_CUNENE_OMBADJA","Angola",4.18128477276905,0.000577946412325225,"TNR_Aviation_CRS"
"67","0067",15.4747858560519,"ANGOLA_HUAMBO_BAILUNDO","Angola",15.4754365546908,0.000650698638843039,"TNR_Aviation_CRS"
"68","0068",11.6291119464756,"ANGOLA_HUAMBO_CAÁLA","Angola",11.6297021092318,0.000590162756243018,"TNR_Aviation_CRS"
"69","0069",13.9438313635293,"ANGOLA_HUAMBO_CACHIUNGO","Angola",13.9443970981223,0.000565734593006795,"TNR_Aviation_CRS"
"70","0070",14.734612063665,"ANGOLA_HUAMBO_ECUNHA","Angola",14.735238370803,0.000626307138057669,"TNR_Aviation_CRS"
"71","0071",12.719569987221,"ANGOLA_HUAMBO_HUAMBO","Angola",12.7201462530537,0.000576265832727074,"TNR_Aviation_CRS"
"72","0072",17.3908260959345,"ANGOLA_HUAMBO_LONDUIMBALI","Angola",17.3914753018487,0.000649205914228901,"TNR_Aviation_CRS"
"73","0073",14.4229940961166,"ANGOLA_HUAMBO_LONGONJO","Angola",14.4236897898623,0.000695693745667469,"TNR_Aviation_CRS"
"74","0074",16.258983752682,"ANGOLA_HUAMBO_MUNGO","Angola",16.2596009433157,0.000617190633739995,"TNR_Aviation_CRS"
"75","0075",13.1548946696973,"ANGOLA_HUAMBO_CHICALA CHOLOHANGA","Angola",13.1554397369159,0.000545067218592266,"TNR_Aviation_CRS"
"76","0076",20.7139862258684,"ANGOLA_HUAMBO_CHINJENJE","Angola",20.7148028325108,0.000816606642381146,"TNR_Aviation_CRS"
"77","0077",16.6563547782494,"ANGOLA_HUAMBO_UCUMA","Angola",16.6570795361195,0.000724757870116832,"TNR_Aviation_CRS"
"78","0078",10.1060665901957,"ANGOLA_HUÍLA_CACONDA","Angola",10.1067195667207,0.00065297652496632,"TNR_Aviation_CRS"
"79","0079",7.53554783042128,"ANGOLA_HUÍLA_CACULA","Angola",7.53619510963171,0.000647279210425289,"TNR_Aviation_CRS"
"80","0080",8.25814903067847,"ANGOLA_HUÍLA_CALUQUEMBE","Angola",8.25883322220918,0.000684191530716305,"TNR_Aviation_CRS"
"81","0081",5.21120623352411,"ANGOLA_HUÍLA_CHIBIA","Angola",5.21187365430599,0.000667420781877759,"TNR_Aviation_CRS"
"82","0082",9.24165023997335,"ANGOLA_HUÍLA_CHICOMBA","Angola",9.24227972360862,0.000629483635263384,"TNR_Aviation_CRS"
"83","0083",10.8735585068796,"ANGOLA_HUÍLA_CHIPINDO","Angola",10.8741073124078,0.000548805528177709,"TNR_Aviation_CRS"
"84","0084",11.0901987020747,"ANGOLA_HUÍLA_CUVANGO","Angola",11.0906905634712,0.000491861396453075,"TNR_Aviation_CRS"
"85","0085",4.6727293822375,"ANGOLA_HUÍLA_GAMBOS","Angola",4.67333883974706,0.000609457509565203,"TNR_Aviation_CRS"
"86","0086",5.80557223662556,"ANGOLA_HUÍLA_HUMPATA","Angola",5.80623910799308,0.000666871367518418,"TNR_Aviation_CRS"
"87","0087",9.96874367873971,"ANGOLA_HUÍLA_JAMBA","Angola",9.96925395653675,0.000510277797038938,"TNR_Aviation_CRS"
"88","0088",5.5225641780393,"ANGOLA_HUÍLA_LUBANGO","Angola",5.52329688706865,0.000732709029355405,"TNR_Aviation_CRS"
"89","0089",7.95088157916807,"ANGOLA_HUÍLA_MATALA","Angola",7.95137790547796,0.000496326309895601,"TNR_Aviation_CRS"
"90","0090",9.18765429528552,"ANGOLA_HUÍLA_QUILENGUES","Angola",9.1887855313799,0.00113123609437338,"TNR_Aviation_CRS"
"91","0091",7.63846382061373,"ANGOLA_HUÍLA_QUIPUNGO","Angola",7.63895361505127,0.000489794437545932,"TNR_Aviation_CRS"
"92","0092",7.45220667343803,"ANGOLA_LUANDA_BELAS","Angola",7.4526078193873,0.000401145949265214,"TNR_Aviation_CRS"
"93","0093",14.1600694600844,"ANGOLA_LUANDA_CACUACO","Angola",14.1608922924553,0.000822832370896975,"TNR_Aviation_CRS"
"94","0094",9.54180091068292,"ANGOLA_LUANDA_CAZENGA","Angola",9.54223100311223,0.000430092429310136,"TNR_Aviation_CRS"
"95","0095",12.5481977034139,"ANGOLA_LUANDA_ICOLO E BENGO","Angola",12.5488194107752,0.000621707361338153,"TNR_Aviation_CRS"
"96","0096",7.87806840550308,"ANGOLA_LUANDA_LUANDA","Angola",7.87847456889091,0.000406163387832059,"TNR_Aviation_CRS"
"97","0097",8.47887979105489,"ANGOLA_LUANDA_QUISSAMA","Angola",8.47940290850114,0.000523117446254773,"TNR_Aviation_CRS"
"98","0098",13.7482197611501,"ANGOLA_LUANDA_VIANA","Angola",13.7490043615336,0.000784600383465062,"TNR_Aviation_CRS"
"99","0099",16.3141924370121,"ANGOLA_LUNDA NORTE_CAMBULO","Angola",16.3143749394026,0.000182502390572381,"TNR_Aviation_CRS"
"100","0100",18.6789991529904,"ANGOLA_LUNDA NORTE_CAPENDA CAMULEMBA","Angola",18.6793786796793,0.000379526688917053,"TNR_Aviation_CRS"
"101","0101",19.3176948832491,"ANGOLA_LUNDA NORTE_CAUNGULA","Angola",19.3180117962977,0.000316913048550305,"TNR_Aviation_CRS"
"102","0102",23.8225283166839,"ANGOLA_LUNDA NORTE_CHITATO","Angola",23.8227404497248,0.000212133040850659,"TNR_Aviation_CRS"
"103","0103",19.6377387165236,"ANGOLA_LUNDA NORTE_CUANGO","Angola",19.6381795335611,0.000440817037571151,"TNR_Aviation_CRS"
"104","0104",25.3492414812258,"ANGOLA_LUNDA NORTE_CUILO","Angola",25.3495018705082,0.000260389282395579,"TNR_Aviation_CRS"
"105","0105",23.0254245949253,"ANGOLA_LUNDA NORTE_LÓVUA","Angola",23.0256464853282,0.000221890402954728,"TNR_Aviation_CRS"
"106","0106",19.6230989690091,"ANGOLA_LUNDA NORTE_LUBALO","Angola",19.623388097713,0.000289128703919062,"TNR_Aviation_CRS"
"107","0107",22.8252975271447,"ANGOLA_LUNDA NORTE_LUCAPA","Angola",22.8255191035865,0.000221576441752802,"TNR_Aviation_CRS"
"108","0108",22.5985015582697,"ANGOLA_LUNDA NORTE_XÁ-MUTEBA","Angola",22.5990345246729,0.000532966403216761,"TNR_Aviation_CRS"
"109","0109",15.6294819785614,"ANGOLA_LUNDA SUL_CACOLO","Angola",15.6298428955015,0.000360916940119083,"TNR_Aviation_CRS"
"110","0110",15.1949031743682,"ANGOLA_LUNDA SUL_DALA","Angola",15.1951526465121,0.000249472143826424,"TNR_Aviation_CRS"
"111","0111",14.7235878427984,"ANGOLA_LUNDA SUL_MUCONDA","Angola",14.723778763947,0.00019092114858843,"TNR_Aviation_CRS"
"112","0112",13.6764339882398,"ANGOLA_LUNDA SUL_SAURIMO","Angola",13.6766414539297,0.000207465689975095,"TNR_Aviation_CRS"
"113","0113",20.3900340736953,"ANGOLA_MALANJE_CACUSO","Angola",20.3909595319544,0.000925458259089851,"TNR_Aviation_CRS"
"114","0114",21.0548546450462,"ANGOLA_MALANJE_CAHOMBO","Angola",21.0555497702768,0.000695125230592453,"TNR_Aviation_CRS"
"115","0115",18.7246260051881,"ANGOLA_MALANJE_CALANDULA","Angola",18.7254606973672,0.000834692179051189,"TNR_Aviation_CRS"
"116","0116",19.3621220447089,"ANGOLA_MALANJE_CAMBUNDI-CATEMBO","Angola",19.3626688127217,0.00054676801277509,"TNR_Aviation_CRS"
"117","0117",21.4001691009803,"ANGOLA_MALANJE_CANGANDALA","Angola",21.4008702547588,0.000701153778518204,"TNR_Aviation_CRS"
"118","0118",23.6413979596475,"ANGOLA_MALANJE_CUNDA-DIA-BAZE","Angola",23.6419607125943,0.000562752946819955,"TNR_Aviation_CRS"
"119","0119",18.5280649801142,"ANGOLA_MALANJE_KIWABA NZOJI","Angola",18.5288040477319,0.000739067617622879,"TNR_Aviation_CRS"
"120","0120",19.1230642461527,"ANGOLA_MALANJE_LUQUEMBO","Angola",19.1236349919739,0.000570745821228513,"TNR_Aviation_CRS"
"121","0121",24.7246640448343,"ANGOLA_MALANJE_MALANJE","Angola",24.7254855256045,0.000821480770245131,"TNR_Aviation_CRS"
"122","0122",22.6902985879258,"ANGOLA_MALANJE_MARIMBA","Angola",22.6909047533657,0.000606165439883455,"TNR_Aviation_CRS"
"123","0123",21.5775264876442,"ANGOLA_MALANJE_MASSANGO","Angola",21.5782286247906,0.000702137146390669,"TNR_Aviation_CRS"
"124","0124",22.0367199823729,"ANGOLA_MALANJE_MUCARI","Angola",22.0373952593463,0.000675276973389316,"TNR_Aviation_CRS"
"125","0125",23.5597411796244,"ANGOLA_MALANJE_QUELA","Angola",23.5604041738353,0.000662994210959056,"TNR_Aviation_CRS"
"126","0126",20.7578340888664,"ANGOLA_MALANJE_QUIRIMA","Angola",20.7582819072627,0.000447818396338562,"TNR_Aviation_CRS"
"127","0127",14.76824543719,"ANGOLA_MOXICO_ALTO ZAMBEZE","Angola",14.7685473084279,0.000301871237901707,"TNR_Aviation_CRS"
"128","0128",13.0256226037973,"ANGOLA_MOXICO_BUNDAS","Angola",13.0259716490785,0.000349045281197391,"TNR_Aviation_CRS"
"129","0129",13.6279652569435,"ANGOLA_MOXICO_CAMANONGUE","Angola",13.6282382259069,0.000272968963455966,"TNR_Aviation_CRS"
"130","0130",13.2341725422326,"ANGOLA_MOXICO_CAMEIA","Angola",13.2344147279549,0.000242185722324706,"TNR_Aviation_CRS"
"131","0131",16.8622614347513,"ANGOLA_MOXICO_LÉUA","Angola",16.8625335324017,0.00027209765043068,"TNR_Aviation_CRS"
"132","0132",14.0853580180946,"ANGOLA_MOXICO_LUACANO","Angola",14.0855894027147,0.00023138462008454,"TNR_Aviation_CRS"
"133","0133",13.4495171573658,"ANGOLA_MOXICO_LUAU","Angola",13.4497130010864,0.000195843720634414,"TNR_Aviation_CRS"
"134","0134",14.7613839445544,"ANGOLA_MOXICO_LUCHAZES","Angola",14.7617498057305,0.000365861176080173,"TNR_Aviation_CRS"
"135","0135",13.2864244428531,"ANGOLA_MOXICO_LUENA","Angola",13.286757826274,0.000333383420869637,"TNR_Aviation_CRS"
"136","0136",5.18847549890585,"ANGOLA_NAMIBE_BIBALA","Angola",5.18903230266827,0.000556803762415292,"TNR_Aviation_CRS"
"137","0137",4.23574416858508,"ANGOLA_NAMIBE_CAMUCUIO","Angola",4.23637226168467,0.000628093099590998,"TNR_Aviation_CRS"
"138","0138",2.57750939349771,"ANGOLA_NAMIBE_NAMIBE","Angola",2.57773271540173,0.000223321904020857,"TNR_Aviation_CRS"
"139","0139",1.91745224504919,"ANGOLA_NAMIBE_TÔMBWA","Angola",1.91758053145903,0.000128286409836198,"TNR_Aviation_CRS"
"140","0140",3.59217332615149,"ANGOLA_NAMIBE_VIREI","Angola",3.59249371374586,0.000320387594378246,"TNR_Aviation_CRS"
"141","0141",17.1590622459517,"ANGOLA_UÍGE_AMBUILA","Angola",17.160052452587,0.000990206635240298,"TNR_Aviation_CRS"
"142","0142",10.9175604862055,"ANGOLA_UÍGE_BEMBE","Angola",10.9182673895958,0.000706903390298663,"TNR_Aviation_CRS"
"143","0143",19.7103747520883,"ANGOLA_UÍGE_BUENGAS","Angola",19.7112314794308,0.000856727342526398,"TNR_Aviation_CRS"
"144","0144",17.05150434826,"ANGOLA_UÍGE_BUNGO","Angola",17.0524860062578,0.000981657997787266,"TNR_Aviation_CRS"
"145","0145",18.8447819518235,"ANGOLA_UÍGE_CANGOLA","Angola",18.8456398845641,0.000857932740586875,"TNR_Aviation_CRS"
"146","0146",16.8875281851918,"ANGOLA_UÍGE_DAMBA","Angola",16.8884788099957,0.000950624803905953,"TNR_Aviation_CRS"
"147","0147",19.6535335443208,"ANGOLA_UÍGE_MAQUELA DO ZOMBO","Angola",19.6543787093504,0.00084516502955978,"TNR_Aviation_CRS"
"148","0148",17.5741098744859,"ANGOLA_UÍGE_SANTA CRUZ","Angola",17.5748040088523,0.000694134366383992,"TNR_Aviation_CRS"
"149","0149",18.7619534288892,"ANGOLA_UÍGE_MUCABA","Angola",18.76300529469,0.00105186580075767,"TNR_Aviation_CRS"
"150","0150",20.8550259013577,"ANGOLA_UÍGE_NEGAGE","Angola",20.8561347889446,0.0011088875869163,"TNR_Aviation_CRS"
"151","0151",20.8771102583203,"ANGOLA_UÍGE_PURI","Angola",20.8780944320283,0.000984173708026503,"TNR_Aviation_CRS"
"152","0152",25.6272582523642,"ANGOLA_UÍGE_QUIMBELE","Angola",25.628099526345,0.000841273980817903,"TNR_Aviation_CRS"
"153","0153",19.3698685211988,"ANGOLA_UÍGE_QUITEXE","Angola",19.3709869396891,0.00111841849031791,"TNR_Aviation_CRS"
"154","0154",18.4298367323755,"ANGOLA_UÍGE_SANZA POMBO","Angola",18.4306594248843,0.000822692508801737,"TNR_Aviation_CRS"
"155","0155",18.5996826889428,"ANGOLA_UÍGE_SONGO","Angola",18.600723395361,0.00104070641815923,"TNR_Aviation_CRS"
"156","0156",20.4341278733554,"ANGOLA_UÍGE_UÍGE","Angola",20.435250795261,0.00112292190560481,"TNR_Aviation_CRS"
"157","0157",15.4634879985138,"ANGOLA_ZAIRE_CUIMBA","Angola",15.4642826175605,0.000794619046780909,"TNR_Aviation_CRS"
"158","0158",12.0148334421093,"ANGOLA_ZAIRE_MBANZA CONGO","Angola",12.0156566307972,0.000823188687823162,"TNR_Aviation_CRS"
"159","0159",7.30300135396944,"ANGOLA_ZAIRE_NZETO","Angola",7.3034538445466,0.000452490577158571,"TNR_Aviation_CRS"
"160","0160",8.93024082116199,"ANGOLA_ZAIRE_NÓQUI","Angola",8.93084657338867,0.000605752226675804,"TNR_Aviation_CRS"
"161","0161",4.22117139933217,"ANGOLA_ZAIRE_SOYO","Angola",4.22145771853293,0.000286319200759166,"TNR_Aviation_CRS"
"162","0162",7.74347249363702,"ANGOLA_ZAIRE_TOMBOCO","Angola",7.74396736090732,0.000494867270308674,"TNR_Aviation_CRS"
"163","0163",9.26706533389541,"BOTSWANA_CENTRAL_BOBONONG_BOBONONG","Botswana",9.26792005587429,0.00085472197888059,"TNR_Aviation_CRS"
"164","0164",9.34428767022348,"BOTSWANA_CENTRAL_BOBONONG_DAMOCHOJENA","Botswana",9.34516628459879,0.000878614375302789,"TNR_Aviation_CRS"
"165","0165",9.73614126036699,"BOTSWANA_CENTRAL_BOBONONG_KOBOJANGO","Botswana",9.73698988492713,0.000848624560138234,"TNR_Aviation_CRS"
"166","0166",9.11840721067497,"BOTSWANA_CENTRAL_BOBONONG_LENTSWELEMORITI","Botswana",9.11923280782286,0.000825597147887436,"TNR_Aviation_CRS"
"167","0167",9.33198658855964,"BOTSWANA_CENTRAL_BOBONONG_LEPOKOLE","Botswana",9.3328337683033,0.000847179743658444,"TNR_Aviation_CRS"
"168","0168",9.76121457488611,"BOTSWANA_CENTRAL_BOBONONG_MABOLWE","Botswana",9.76205333025739,0.000838755371274758,"TNR_Aviation_CRS"
"169","0169",9.70895687488854,"BOTSWANA_CENTRAL_BOBONONG_MATHATHANE","Botswana",9.70981197086151,0.000855095972966069,"TNR_Aviation_CRS"
"170","0170",9.16390379613407,"BOTSWANA_CENTRAL_BOBONONG_MMADINARE","Botswana",9.16477768073286,0.000873884598798114,"TNR_Aviation_CRS"
"171","0171",9.47754916879802,"BOTSWANA_CENTRAL_BOBONONG_MOLALATAU","Botswana",9.4784449558368,0.0008957870387718,"TNR_Aviation_CRS"
"172","0172",10.0637546606776,"BOTSWANA_CENTRAL_BOBONONG_MOLETEMANE","Botswana",10.0647322825646,0.000977621887038538,"TNR_Aviation_CRS"
"173","0173",10.0128567907175,"BOTSWANA_CENTRAL_BOBONONG_MOTLHABANENG","Botswana",10.0137214333373,0.000864642619834655,"TNR_Aviation_CRS"
"174","0174",9.51862641449688,"BOTSWANA_CENTRAL_BOBONONG_ROBELELA","Botswana",9.51948564734566,0.000859232848780422,"TNR_Aviation_CRS"
"175","0175",9.26678168375998,"BOTSWANA_CENTRAL_BOBONONG_SEFOPHE","Botswana",9.26770229131667,0.000920607556690101,"TNR_Aviation_CRS"
"176","0176",9.75247214719625,"BOTSWANA_CENTRAL_BOBONONG_SEMOLALE","Botswana",9.753298429807,0.000826282610750795,"TNR_Aviation_CRS"
"177","0177",9.4690797172421,"BOTSWANA_CENTRAL_BOBONONG_TOBANE","Botswana",9.46995118186501,0.000871464622903773,"TNR_Aviation_CRS"
"178","0178",9.58610258599951,"BOTSWANA_CENTRAL_BOBONONG_TSETSEBJWE","Botswana",9.58703791337319,0.000935327373680295,"TNR_Aviation_CRS"
"179","0179",9.42443333444,"BOTSWANA_CENTRAL_BOBONONG_TSHOKWE","Botswana",9.42529775536659,0.000864420926593112,"TNR_Aviation_CRS"
"180","0180",9.88478433177678,"BOTSWANA_CENTRAL_BOBONONG_TULI","Botswana",9.88568337212511,0.000899040348325997,"TNR_Aviation_CRS"
"181","0181",7.46068410185241,"BOTSWANA_CENTRAL_BOTETI_KEDIA","Botswana",7.46131785962108,0.00063375776866792,"TNR_Aviation_CRS"
"182","0182",8.24391503952203,"BOTSWANA_CENTRAL_BOTETI_KHWEE","Botswana",8.24462122849576,0.000706188973728317,"TNR_Aviation_CRS"
"183","0183",9.36245726690601,"BOTSWANA_CENTRAL_BOTETI_KUMAGA","Botswana",9.36310582047705,0.000648553571039656,"TNR_Aviation_CRS"
"184","0184",7.40269656060013,"BOTSWANA_CENTRAL_BOTETI_LETLHAKANE","Botswana",7.40339538645279,0.000698825852654572,"TNR_Aviation_CRS"
"185","0185",7.78603200465566,"BOTSWANA_CENTRAL_BOTETI_MAKALAMABEDI","Botswana",7.78662079165856,0.000588787002896218,"TNR_Aviation_CRS"
"186","0186",7.34696921399708,"BOTSWANA_CENTRAL_BOTETI_MMADIKOLA","Botswana",7.34758119594912,0.00061198195204426,"TNR_Aviation_CRS"
"187","0187",8.20764904089516,"BOTSWANA_CENTRAL_BOTETI_MMATSHUMO","Botswana",8.20835814468229,0.000709103787134069,"TNR_Aviation_CRS"
"188","0188",7.63456482052946,"BOTSWANA_CENTRAL_BOTETI_MOKOBOXANE","Botswana",7.6352205207281,0.000655700198636922,"TNR_Aviation_CRS"
"189","0189",8.21207761616825,"BOTSWANA_CENTRAL_BOTETI_MOPIPI","Botswana",8.21273278202423,0.000655165855981465,"TNR_Aviation_CRS"
"190","0190",8.18601851620762,"BOTSWANA_CENTRAL_BOTETI_MOREOMAOTO","Botswana",8.18661116496788,0.000592648760258996,"TNR_Aviation_CRS"
"191","0191",8.11813753071934,"BOTSWANA_CENTRAL_BOTETI_MOSU","Botswana",8.11888499136046,0.000747460641125741,"TNR_Aviation_CRS"
"192","0192",8.09010771510749,"BOTSWANA_CENTRAL_BOTETI_MOTOPI","Botswana",8.09070278832917,0.00059507322168173,"TNR_Aviation_CRS"
"193","0193",7.63216169488584,"BOTSWANA_CENTRAL_BOTETI_TOROMOJA","Botswana",7.6327842069874,0.000622512101561057,"TNR_Aviation_CRS"
"194","0194",7.39942507810153,"BOTSWANA_CENTRAL_BOTETI_TSIENYANE/RAKOPS","Botswana",7.40002880594462,0.000603727843082602,"TNR_Aviation_CRS"
"195","0195",6.91077227566188,"BOTSWANA_CENTRAL_BOTETI_XERE","Botswana",6.91135730477395,0.00058502911207281,"TNR_Aviation_CRS"
"196","0196",7.17844341635106,"BOTSWANA_CENTRAL_BOTETI_XHUMO","Botswana",7.17905489565754,0.000611479306487084,"TNR_Aviation_CRS"
"197","0197",9.95330335443436,"BOTSWANA_CENTRAL_MAHALAPYE_BONWAPITSE","Botswana",9.95439006501859,0.00108671058423049,"TNR_Aviation_CRS"
"198","0198",10.9034560542587,"BOTSWANA_CENTRAL_MAHALAPYE_BOROTSI","Botswana",10.9045226544735,0.00106660021476301,"TNR_Aviation_CRS"
"199","0199",10.8045089949871,"BOTSWANA_CENTRAL_MAHALAPYE_CHADIBE","Botswana",10.8055566772278,0.00104768224068685,"TNR_Aviation_CRS"
"200","0200",11.350586148628,"BOTSWANA_CENTRAL_MAHALAPYE_DIBETE STATION","Botswana",11.3518527015723,0.00126655294426392,"TNR_Aviation_CRS"
"201","0201",11.2069857475532,"BOTSWANA_CENTRAL_MAHALAPYE_DOVEDALE","Botswana",11.2082572456971,0.00127149814387728,"TNR_Aviation_CRS"
"202","0202",9.86986772414284,"BOTSWANA_CENTRAL_MAHALAPYE_IKONGWE","Botswana",9.87096031183146,0.00109258768861231,"TNR_Aviation_CRS"
"203","0203",9.5330753744822,"BOTSWANA_CENTRAL_MAHALAPYE_KALAMARE","Botswana",9.53409562239206,0.00102024790985666,"TNR_Aviation_CRS"
"204","0204",8.50185672479372,"BOTSWANA_CENTRAL_MAHALAPYE_KODIBELENG","Botswana",8.50276867339322,0.000911948599497947,"TNR_Aviation_CRS"
"205","0205",10.8987155812958,"BOTSWANA_CENTRAL_MAHALAPYE_KUDUMATSE","Botswana",10.8999502131103,0.00123463181450489,"TNR_Aviation_CRS"
"206","0206",10.2073034020639,"BOTSWANA_CENTRAL_MAHALAPYE_MAAPE","Botswana",10.2083521656355,0.0010487635716121,"TNR_Aviation_CRS"
"207","0207",10.7804946671271,"BOTSWANA_CENTRAL_MAHALAPYE_MACHANENG","Botswana",10.7816199958557,0.00112532872856086,"TNR_Aviation_CRS"
"208","0208",10.6146473958476,"BOTSWANA_CENTRAL_MAHALAPYE_MAHALAPYE","Botswana",10.6158239589215,0.00117656307388891,"TNR_Aviation_CRS"
"209","0209",10.798372672339,"BOTSWANA_CENTRAL_MAHALAPYE_MAKWATE","Botswana",10.7995685175256,0.00119584518661142,"TNR_Aviation_CRS"
"210","0210",10.9442595820177,"BOTSWANA_CENTRAL_MAHALAPYE_MATLHAKO","Botswana",10.9453372374214,0.00107765540361271,"TNR_Aviation_CRS"
"211","0211",10.11431215239,"BOTSWANA_CENTRAL_MAHALAPYE_MHALAPITSA","Botswana",10.1153392404819,0.0010270880919041,"TNR_Aviation_CRS"
"212","0212",11.155973740325,"BOTSWANA_CENTRAL_MAHALAPYE_MMAPHASHALALA","Botswana",11.1572193667852,0.00124562646018944,"TNR_Aviation_CRS"
"213","0213",9.94990160129546,"BOTSWANA_CENTRAL_MAHALAPYE_MMUTLANA","Botswana",9.95096454635134,0.00106294505588345,"TNR_Aviation_CRS"
"214","0214",9.59507943667266,"BOTSWANA_CENTRAL_MAHALAPYE_MOKGENENE","Botswana",9.59614951095586,0.00107007428320216,"TNR_Aviation_CRS"
"215","0215",10.837940891325,"BOTSWANA_CENTRAL_MAHALAPYE_MOKOBENG","Botswana",10.8389795223005,0.00103863097546686,"TNR_Aviation_CRS"
"216","0216",10.8372514916889,"BOTSWANA_CENTRAL_MAHALAPYE_MOKOSWANE","Botswana",10.8384890420901,0.0012375504011608,"TNR_Aviation_CRS"
"217","0217",11.8562945515854,"BOTSWANA_CENTRAL_MAHALAPYE_MOOKANE","Botswana",11.8575852009684,0.00129064938299983,"TNR_Aviation_CRS"
"218","0218",9.07290670120817,"BOTSWANA_CENTRAL_MAHALAPYE_MORALANE","Botswana",9.07388953718335,0.00098283597518467,"TNR_Aviation_CRS"
"219","0219",10.6593181451898,"BOTSWANA_CENTRAL_MAHALAPYE_MOSHOPHA","Botswana",10.6604070901318,0.00108894494200484,"TNR_Aviation_CRS"
"220","0220",9.51015919982916,"BOTSWANA_CENTRAL_MAHALAPYE_MOSOLOTSHANE","Botswana",9.51121095729358,0.00105175746441866,"TNR_Aviation_CRS"
"221","0221",10.3092600474224,"BOTSWANA_CENTRAL_MAHALAPYE_NGWAPA","Botswana",10.3102806268209,0.00102057939859179,"TNR_Aviation_CRS"
"222","0222",8.98282152761947,"BOTSWANA_CENTRAL_MAHALAPYE_OTSE","Botswana",8.9837923984732,0.00097087085372749,"TNR_Aviation_CRS"
"223","0223",10.7944059218392,"BOTSWANA_CENTRAL_MAHALAPYE_PALLA ROAD/DINOKWE","Botswana",10.7956299343321,0.00122401249286952,"TNR_Aviation_CRS"
"224","0224",10.2807628753037,"BOTSWANA_CENTRAL_MAHALAPYE_PILIKWE","Botswana",10.2818548941081,0.00109201880431442,"TNR_Aviation_CRS"
"225","0225",10.537636934383,"BOTSWANA_CENTRAL_MAHALAPYE_POLOKA","Botswana",10.5388124781411,0.00117554375807671,"TNR_Aviation_CRS"
"226","0226",10.4275804759908,"BOTSWANA_CENTRAL_MAHALAPYE_RAMOKGONAMI","Botswana",10.4286290440811,0.00104856809023346,"TNR_Aviation_CRS"
"227","0227",10.8493527903941,"BOTSWANA_CENTRAL_MAHALAPYE_SEFHARE","Botswana",10.8504223312014,0.00106954080736621,"TNR_Aviation_CRS"
"228","0228",10.6921601903415,"BOTSWANA_CENTRAL_MAHALAPYE_SELEKA","Botswana",10.6931821338341,0.00102194349263662,"TNR_Aviation_CRS"
"229","0229",10.2356316095605,"BOTSWANA_CENTRAL_MAHALAPYE_SHAKWE","Botswana",10.2367387373421,0.0011071277816459,"TNR_Aviation_CRS"
"230","0230",9.8578682910207,"BOTSWANA_CENTRAL_MAHALAPYE_SHOSHONG","Botswana",9.85899414317214,0.00112585215144811,"TNR_Aviation_CRS"
"231","0231",10.2986047806781,"BOTSWANA_CENTRAL_MAHALAPYE_TAUPYE","Botswana",10.29977400853,0.00116922785186446,"TNR_Aviation_CRS"
"232","0232",9.72304999331298,"BOTSWANA_CENTRAL_MAHALAPYE_TEWANE","Botswana",9.72410539146346,0.00105539815047884,"TNR_Aviation_CRS"
"233","0233",10.5625041915178,"BOTSWANA_CENTRAL_MAHALAPYE_TULI","Botswana",10.5637087488585,0.00120455734067804,"TNR_Aviation_CRS"
"234","0234",10.5454930228605,"BOTSWANA_CENTRAL_MAHALAPYE_TUMASERA","Botswana",10.5465099761163,0.00101695325582973,"TNR_Aviation_CRS"
"235","0235",10.2343674006256,"BOTSWANA_CENTRAL_SEROWE PALAPYE_DILORO","Botswana",10.2353370293381,0.000969628712518045,"TNR_Aviation_CRS"
"236","0236",8.55432762287133,"BOTSWANA_CENTRAL_SEROWE PALAPYE_DIMAJWE","Botswana",8.55522182921752,0.000894206346188753,"TNR_Aviation_CRS"
"237","0237",9.51850490939708,"BOTSWANA_CENTRAL_SEROWE PALAPYE_GAMABUO","Botswana",9.51949503327053,0.000990123873451765,"TNR_Aviation_CRS"
"238","0238",9.21670050131818,"BOTSWANA_CENTRAL_SEROWE PALAPYE_GOJWANE","Botswana",9.21758656442371,0.000886063105534518,"TNR_Aviation_CRS"
"239","0239",10.0754152656793,"BOTSWANA_CENTRAL_SEROWE PALAPYE_GOO-SEKGWENG","Botswana",10.0764251856023,0.00100991992302113,"TNR_Aviation_CRS"
"240","0240",10.1792891157907,"BOTSWANA_CENTRAL_SEROWE PALAPYE_GOOTAU","Botswana",10.1803060525215,0.00101693673075864,"TNR_Aviation_CRS"
"241","0241",9.88703349304436,"BOTSWANA_CENTRAL_SEROWE PALAPYE_KGAGODI","Botswana",9.88800256016009,0.000969067115738298,"TNR_Aviation_CRS"
"242","0242",10.5314784472757,"BOTSWANA_CENTRAL_SEROWE PALAPYE_LECHENG","Botswana",10.532531974994,0.00105352771832301,"TNR_Aviation_CRS"
"243","0243",10.1594920099522,"BOTSWANA_CENTRAL_SEROWE PALAPYE_LERALA","Botswana",10.1604953722736,0.00100336232142162,"TNR_Aviation_CRS"
"244","0244",10.4304315539372,"BOTSWANA_CENTRAL_SEROWE PALAPYE_LESENEPOLE/MATOLWANE","Botswana",10.4314205904832,0.000989036546089395,"TNR_Aviation_CRS"
"245","0245",9.0107496572694,"BOTSWANA_CENTRAL_SEROWE PALAPYE_MABELEAPUDI","Botswana",9.01166970827476,0.000920051005358857,"TNR_Aviation_CRS"
"246","0246",8.81344631919341,"BOTSWANA_CENTRAL_SEROWE PALAPYE_MAJWANAADIPITSE","Botswana",8.81434639525503,0.00090007606162601,"TNR_Aviation_CRS"
"247","0247",10.5083831571031,"BOTSWANA_CENTRAL_SEROWE PALAPYE_MAJWANENG","Botswana",10.5093658736818,0.000982716578688425,"TNR_Aviation_CRS"
"248","0248",9.67557407105507,"BOTSWANA_CENTRAL_SEROWE PALAPYE_MALAKA","Botswana",9.676565429877,0.000991358821933019,"TNR_Aviation_CRS"
"249","0249",8.09569160555439,"BOTSWANA_CENTRAL_SEROWE PALAPYE_MALATSWAI","Botswana",8.09648378181837,0.000792176263981759,"TNR_Aviation_CRS"
"250","0250",11.2962206265329,"BOTSWANA_CENTRAL_SEROWE PALAPYE_MANALEDI","Botswana",11.2972329225324,0.00101229599946961,"TNR_Aviation_CRS"
"251","0251",10.0852013222172,"BOTSWANA_CENTRAL_SEROWE PALAPYE_MATLHAKOLA","Botswana",10.0862241562568,0.00102283403958836,"TNR_Aviation_CRS"
"252","0252",10.3141006005296,"BOTSWANA_CENTRAL_SEROWE PALAPYE_MAUNATLALA","Botswana",10.3150696271692,0.000969026639614512,"TNR_Aviation_CRS"
"253","0253",10.0792725608198,"BOTSWANA_CENTRAL_SEROWE PALAPYE_MMASHORO","Botswana",10.0802608207682,0.000988259948485393,"TNR_Aviation_CRS"
"254","0254",10.3910827506616,"BOTSWANA_CENTRAL_SEROWE PALAPYE_MOENG","Botswana",10.3920713715836,0.000988620922029781,"TNR_Aviation_CRS"
"255","0255",9.62928520360324,"BOTSWANA_CENTRAL_SEROWE PALAPYE_MOGAPI","Botswana",9.63021690664346,0.000931703040219389,"TNR_Aviation_CRS"
"256","0256",9.8492216054845,"BOTSWANA_CENTRAL_SEROWE PALAPYE_MOGAPINYANA","Botswana",9.85015876930723,0.000937163822733567,"TNR_Aviation_CRS"
"257","0257",9.48081948876266,"BOTSWANA_CENTRAL_SEROWE PALAPYE_MOGOME","Botswana",9.48186101203763,0.00104152327497076,"TNR_Aviation_CRS"
"258","0258",10.4032328988095,"BOTSWANA_CENTRAL_SEROWE PALAPYE_MOGOROSI","Botswana",10.4042261383535,0.000993239544015978,"TNR_Aviation_CRS"
"259","0259",7.49075606263276,"BOTSWANA_CENTRAL_SEROWE PALAPYE_MOIYABANA","Botswana",7.49152284169136,0.000766779058597677,"TNR_Aviation_CRS"
"260","0260",9.60798728901253,"BOTSWANA_CENTRAL_SEROWE PALAPYE_MOKGWARE","Botswana",9.60900362746179,0.00101633844925786,"TNR_Aviation_CRS"
"261","0261",10.1462097485181,"BOTSWANA_CENTRAL_SEROWE PALAPYE_MOKHUNGWANA","Botswana",10.14722718197,0.00101743345192773,"TNR_Aviation_CRS"
"262","0262",10.2698545844201,"BOTSWANA_CENTRAL_SEROWE PALAPYE_MOKOKWANA","Botswana",10.2708233674996,0.000968783079429159,"TNR_Aviation_CRS"
"263","0263",10.4532497329438,"BOTSWANA_CENTRAL_SEROWE PALAPYE_MOREMI","Botswana",10.4542282938114,0.00097856086760828,"TNR_Aviation_CRS"
"264","0264",9.18134910129446,"BOTSWANA_CENTRAL_SEROWE PALAPYE_MOREOMABELE","Botswana",9.18227699763152,0.000927896337062251,"TNR_Aviation_CRS"
"265","0265",10.2210625867776,"BOTSWANA_CENTRAL_SEROWE PALAPYE_MOSWEU","Botswana",10.2220310573184,0.00096847054081195,"TNR_Aviation_CRS"
"266","0266",10.6931179640457,"BOTSWANA_CENTRAL_SEROWE PALAPYE_MOTSHEGALETAU","Botswana",10.6941517617603,0.00103379771461221,"TNR_Aviation_CRS"
"267","0267",8.88554479037027,"BOTSWANA_CENTRAL_SEROWE PALAPYE_PAJE","Botswana",8.88648026084286,0.000935470472594346,"TNR_Aviation_CRS"
"268","0268",10.5339156623061,"BOTSWANA_CENTRAL_SEROWE PALAPYE_PALAPYE","Botswana",10.5349487111374,0.00103304883123911,"TNR_Aviation_CRS"
"269","0269",10.1979016581343,"BOTSWANA_CENTRAL_SEROWE PALAPYE_RADISELE","Botswana",10.1989903926948,0.00108873456053082,"TNR_Aviation_CRS"
"270","0270",10.2850402408323,"BOTSWANA_CENTRAL_SEROWE PALAPYE_RATHOLO","Botswana",10.2860338779925,0.0009936371601178,"TNR_Aviation_CRS"
"271","0271",9.83920289626853,"BOTSWANA_CENTRAL_SEROWE PALAPYE_SEHUNOU","Botswana",9.84020416450544,0.00100126823691404,"TNR_Aviation_CRS"
"272","0272",11.0244872017619,"BOTSWANA_CENTRAL_SEROWE PALAPYE_SEOLWANE","Botswana",11.0254812481556,0.000994046393740788,"TNR_Aviation_CRS"
"273","0273",9.14902556037842,"BOTSWANA_CENTRAL_SEROWE PALAPYE_SEROWE","Botswana",9.14989565681671,0.000870096438291057,"TNR_Aviation_CRS"
"274","0274",9.422930857136,"BOTSWANA_CENTRAL_SEROWE PALAPYE_SERULE","Botswana",9.42383197119748,0.000901114061482744,"TNR_Aviation_CRS"
"275","0275",9.52797835753104,"BOTSWANA_CENTRAL_SEROWE PALAPYE_TAMASANE","Botswana",9.52892991740511,0.000951559874067698,"TNR_Aviation_CRS"
"276","0276",10.6393441777588,"BOTSWANA_CENTRAL_SEROWE PALAPYE_THABALA","Botswana",10.6403902283782,0.00104605061942209,"TNR_Aviation_CRS"
"277","0277",9.15872655811426,"BOTSWANA_CENTRAL_SEROWE PALAPYE_TOPISI","Botswana",9.15969249892991,0.000965940815648381,"TNR_Aviation_CRS"
"278","0278",9.09769955667908,"BOTSWANA_CENTRAL_SEROWE PALAPYE_TSHIMOYAPULA","Botswana",9.09865300829676,0.000953451617686341,"TNR_Aviation_CRS"
"279","0279",9.58359906359392,"BOTSWANA_CENTRAL_SEROWE PALAPYE_TULI","Botswana",9.58457335095033,0.000974287356417136,"TNR_Aviation_CRS"
"280","0280",9.41899799587825,"BOTSWANA_CENTRAL_TUTUME_BOROLONG","Botswana",9.4197936109719,0.00079561509365611,"TNR_Aviation_CRS"
"281","0281",9.3613327010631,"BOTSWANA_CENTRAL_TUTUME_BOROTSI","Botswana",9.36213768482675,0.000804983763647016,"TNR_Aviation_CRS"
"282","0282",9.52055076739503,"BOTSWANA_CENTRAL_TUTUME_CHADIBE","Botswana",9.52134143104495,0.000790663649922863,"TNR_Aviation_CRS"
"283","0283",9.34353166888665,"BOTSWANA_CENTRAL_TUTUME_CHANGATE","Botswana",9.34428818237499,0.000756513488340715,"TNR_Aviation_CRS"
"284","0284",9.60366645282798,"BOTSWANA_CENTRAL_TUTUME_DAGWI","Botswana",9.60443023803291,0.000763785204933143,"TNR_Aviation_CRS"
"285","0285",8.8890994031777,"BOTSWANA_CENTRAL_TUTUME_DUKWI","Botswana",8.88984012208997,0.00074071891226879,"TNR_Aviation_CRS"
"286","0286",9.13786582927164,"BOTSWANA_CENTRAL_TUTUME_GOSHWE","Botswana",9.13863245532768,0.000766626056039499,"TNR_Aviation_CRS"
"287","0287",9.20171920962041,"BOTSWANA_CENTRAL_TUTUME_GWETA","Botswana",9.20239268845453,0.000673478834116281,"TNR_Aviation_CRS"
"288","0288",9.6315159268756,"BOTSWANA_CENTRAL_TUTUME_JAMATAKA","Botswana",9.63234742183418,0.000831494958587697,"TNR_Aviation_CRS"
"289","0289",9.34653448015406,"BOTSWANA_CENTRAL_TUTUME_KUTAMOGREE","Botswana",9.34733787303535,0.000803392881289611,"TNR_Aviation_CRS"
"290","0290",8.89746271627567,"BOTSWANA_CENTRAL_TUTUME_LEPASHE","Botswana",8.89823492995696,0.000772213681296208,"TNR_Aviation_CRS"
"291","0291",9.05512393052869,"BOTSWANA_CENTRAL_TUTUME_MABESEKWA","Botswana",9.05598137749403,0.000857446965344622,"TNR_Aviation_CRS"
"292","0292",9.252648087497,"BOTSWANA_CENTRAL_TUTUME_MAFONGO/HOBONA","Botswana",9.25344894322926,0.000800855732263628,"TNR_Aviation_CRS"
"293","0293",9.35462668667936,"BOTSWANA_CENTRAL_TUTUME_MAITENGWE","Botswana",9.35536614993023,0.000739463250871708,"TNR_Aviation_CRS"
"294","0294",9.68787984387859,"BOTSWANA_CENTRAL_TUTUME_MAKOBO","Botswana",9.68871747356771,0.000837629689112163,"TNR_Aviation_CRS"
"295","0295",9.68105067314074,"BOTSWANA_CENTRAL_TUTUME_MAKUTA","Botswana",9.68184894891781,0.000798275777071922,"TNR_Aviation_CRS"
"296","0296",9.47361424591033,"BOTSWANA_CENTRAL_TUTUME_MANDUNYANE","Botswana",9.47447623450106,0.000861988590722618,"TNR_Aviation_CRS"
"297","0297",10.2893496215245,"BOTSWANA_CENTRAL_TUTUME_MAPOSA","Botswana",10.2900367379517,0.000687116427206647,"TNR_Aviation_CRS"
"298","0298",9.56710461792793,"BOTSWANA_CENTRAL_TUTUME_MARAPONG","Botswana",9.5679256524298,0.000821034501868212,"TNR_Aviation_CRS"
"299","0299",9.35135799770196,"BOTSWANA_CENTRAL_TUTUME_MAROBELA","Botswana",9.35215112231107,0.000793124609110407,"TNR_Aviation_CRS"
"300","0300",9.52271805134103,"BOTSWANA_CENTRAL_TUTUME_MATHANGWANE","Botswana",9.52351334904842,0.000795297707391285,"TNR_Aviation_CRS"
"301","0301",9.51575960521,"BOTSWANA_CENTRAL_TUTUME_MATOBO","Botswana",9.51654141337131,0.000781808161312014,"TNR_Aviation_CRS"
"302","0302",8.82802120700138,"BOTSWANA_CENTRAL_TUTUME_MATSITAMA","Botswana",8.82881465835075,0.000793451349375474,"TNR_Aviation_CRS"
"303","0303",10.7061017516215,"BOTSWANA_CENTRAL_TUTUME_MMANXOTAE","Botswana",10.7068477656463,0.000746014024858965,"TNR_Aviation_CRS"
"304","0304",8.95666536804713,"BOTSWANA_CENTRAL_TUTUME_MMEYA","Botswana",8.95744530718544,0.000779939138302765,"TNR_Aviation_CRS"
"305","0305",8.61670203147426,"BOTSWANA_CENTRAL_TUTUME_MOKUBILO","Botswana",8.61752622302292,0.000824191548662867,"TNR_Aviation_CRS"
"306","0306",8.82760471808575,"BOTSWANA_CENTRAL_TUTUME_MOSETSE","Botswana",8.82834573770728,0.00074101962152362,"TNR_Aviation_CRS"
"307","0307",9.76544978192648,"BOTSWANA_CENTRAL_TUTUME_NATA","Botswana",9.7661854534866,0.000735671560118334,"TNR_Aviation_CRS"
"308","0308",9.48413121589493,"BOTSWANA_CENTRAL_TUTUME_NATALE","Botswana",9.48497446679308,0.000843250898144632,"TNR_Aviation_CRS"
"309","0309",9.319678621496,"BOTSWANA_CENTRAL_TUTUME_NKANGE","Botswana",9.32044009629339,0.000761474797389639,"TNR_Aviation_CRS"
"310","0310",9.40732398791457,"BOTSWANA_CENTRAL_TUTUME_NSHAKASHOKWE","Botswana",9.40812679899205,0.000802811077479149,"TNR_Aviation_CRS"
"311","0311",9.44882091693863,"BOTSWANA_CENTRAL_TUTUME_NSWAZWI","Botswana",9.44962221738754,0.000801300448905806,"TNR_Aviation_CRS"
"312","0312",9.44538948486241,"BOTSWANA_CENTRAL_TUTUME_SEBINA","Botswana",9.44618738117532,0.000797896312906943,"TNR_Aviation_CRS"
"313","0313",9.52232693400505,"BOTSWANA_CENTRAL_TUTUME_SEMITWE","Botswana",9.523152552584,0.000825618578945253,"TNR_Aviation_CRS"
"314","0314",9.65486049519443,"BOTSWANA_CENTRAL_TUTUME_SENETE","Botswana",9.65560889747892,0.000748402284481031,"TNR_Aviation_CRS"
"315","0315",11.8275378733703,"BOTSWANA_CENTRAL_TUTUME_SEPAKO","Botswana",11.8282490323986,0.000711159028295327,"TNR_Aviation_CRS"
"316","0316",9.31059801022212,"BOTSWANA_CENTRAL_TUTUME_SHASHE-MOOKE","Botswana",9.31141461557009,0.000816605347971233,"TNR_Aviation_CRS"
"317","0317",9.5785584428792,"BOTSWANA_CENTRAL_TUTUME_SHASHE/SEMOTSWANE","Botswana",9.57938778697741,0.000829344098209006,"TNR_Aviation_CRS"
"318","0318",10.2940973762268,"BOTSWANA_CENTRAL_TUTUME_TONOTA","Botswana",10.2949445088289,0.000847132602149969,"TNR_Aviation_CRS"
"319","0319",12.4071240018778,"BOTSWANA_CENTRAL_TUTUME_TSHOKATSHAA","Botswana",12.4078147328831,0.000690731005306588,"TNR_Aviation_CRS"
"320","0320",9.86991199204095,"BOTSWANA_CENTRAL_TUTUME_TUTUME","Botswana",9.87067498351133,0.000762991470377727,"TNR_Aviation_CRS"
"321","0321",10.1371244855563,"BOTSWANA_CENTRAL_TUTUME_ZOROGA","Botswana",10.1377874138303,0.000662928274014263,"TNR_Aviation_CRS"
"322","0322",11.7720285384331,"BOTSWANA_CHOBE_CHOBE_KACHIKAU","Botswana",11.7724842101658,0.000455671732673579,"TNR_Aviation_CRS"
"323","0323",11.2342907082271,"BOTSWANA_CHOBE_CHOBE_KASANE","Botswana",11.2347916239966,0.000500915769523047,"TNR_Aviation_CRS"
"324","0324",9.8545332784328,"BOTSWANA_CHOBE_CHOBE_KATABA","Botswana",9.85497908070574,0.000445802272942331,"TNR_Aviation_CRS"
"325","0325",11.2520929870687,"BOTSWANA_CHOBE_CHOBE_KAVIMBA","Botswana",11.2525580548207,0.000465067752037029,"TNR_Aviation_CRS"
"326","0326",11.9568524355649,"BOTSWANA_CHOBE_CHOBE_KAZUNGULA","Botswana",11.9575627225799,0.000710287015007083,"TNR_Aviation_CRS"
"327","0327",11.4340305810168,"BOTSWANA_CHOBE_CHOBE_LESOMA","Botswana",11.4345972038001,0.000566622783299664,"TNR_Aviation_CRS"
"328","0328",11.996749426899,"BOTSWANA_CHOBE_CHOBE_MUCHINJE/MABELE","Botswana",11.9972316492334,0.000482222334337479,"TNR_Aviation_CRS"
"329","0329",10.0549041142191,"BOTSWANA_CHOBE_CHOBE_NUMBER SEVEN","Botswana",10.0554731019725,0.000568987753478467,"TNR_Aviation_CRS"
"330","0330",8.93279597930269,"BOTSWANA_CHOBE_CHOBE_PANDAMATENGA","Botswana",8.93341029839126,0.000614319088576565,"TNR_Aviation_CRS"
"331","0331",11.3479554425041,"BOTSWANA_CHOBE_CHOBE_PARAKARUNGU","Botswana",11.3483600309072,0.000404588403062789,"TNR_Aviation_CRS"
"332","0332",12.0669634407002,"BOTSWANA_CHOBE_CHOBE_SATAU","Botswana",12.067494390565,0.000530949864771202,"TNR_Aviation_CRS"
"333","0333",15.2091625126053,"BOTSWANA_GABORONE_GABORONE_GABORONE","Botswana",15.2103760830827,0.00121357047741633,"TNR_Aviation_CRS"
"334","0334",6.19691449749783,"BOTSWANA_GHANZI_CENTRAL KGALAGADI GAME RESERVE_CENTRAL KGALAGADI GAME RESERVE","Botswana",6.19752869318536,0.000614195687524521,"TNR_Aviation_CRS"
"335","0335",5.97913229144247,"BOTSWANA_GHANZI_GHANZI_B. VISSER","Botswana",5.97965330437176,0.00052101292928608,"TNR_Aviation_CRS"
"336","0336",5.66768663142384,"BOTSWANA_GHANZI_GHANZI_BERE","Botswana",5.66820291619076,0.000516284766914232,"TNR_Aviation_CRS"
"337","0337",4.98727329968751,"BOTSWANA_GHANZI_GHANZI_CHARLES HILL","Botswana",4.9876894250054,0.000416125317886262,"TNR_Aviation_CRS"
"338","0338",5.79738663622727,"BOTSWANA_GHANZI_GHANZI_CHARLES SHELDON","Botswana",5.79788650553,0.000499869302736933,"TNR_Aviation_CRS"
"339","0339",5.31056262587844,"BOTSWANA_GHANZI_GHANZI_CHOBOKWANE","Botswana",5.31102893292091,0.000466307042471747,"TNR_Aviation_CRS"
"340","0340",5.76834229451393,"BOTSWANA_GHANZI_GHANZI_DECT ETIN","Botswana",5.76883317380766,0.000490879293720603,"TNR_Aviation_CRS"
"341","0341",5.76096003473498,"BOTSWANA_GHANZI_GHANZI_DEKAR","Botswana",5.7614567168283,0.000496682093323209,"TNR_Aviation_CRS"
"342","0342",5.56086705851307,"BOTSWANA_GHANZI_GHANZI_EAST HANAHAI","Botswana",5.56139434978114,0.000527291268070051,"TNR_Aviation_CRS"
"343","0343",5.85573918070495,"BOTSWANA_GHANZI_GHANZI_GHANZI","Botswana",5.85621709080901,0.000477910104065948,"TNR_Aviation_CRS"
"344","0344",5.83126543878374,"BOTSWANA_GHANZI_GHANZI_GROOTE LAAGTE","Botswana",5.83172331392692,0.000457875143175634,"TNR_Aviation_CRS"
"345","0345",4.90629361243203,"BOTSWANA_GHANZI_GHANZI_HANS METZLER","Botswana",4.90670882523857,0.000415212806540666,"TNR_Aviation_CRS"
"346","0346",4.97469881362542,"BOTSWANA_GHANZI_GHANZI_J. RANSALL","Botswana",4.97512725912548,0.0004284455000656,"TNR_Aviation_CRS"
"347","0347",5.43822524107224,"BOTSWANA_GHANZI_GHANZI_JANKI JANKI","Botswana",5.43870535703102,0.000480115958772842,"TNR_Aviation_CRS"
"348","0348",5.73100627808111,"BOTSWANA_GHANZI_GHANZI_JERUNG","Botswana",5.73153602488264,0.000529746801524844,"TNR_Aviation_CRS"
"349","0349",6.28841529217173,"BOTSWANA_GHANZI_GHANZI_JOHN FARM","Botswana",6.2889297903904,0.00051449821867422,"TNR_Aviation_CRS"
"350","0350",5.67879193663522,"BOTSWANA_GHANZI_GHANZI_KACGAE","Botswana",5.67934728226078,0.000555345625560477,"TNR_Aviation_CRS"
"351","0351",5.06371075391069,"BOTSWANA_GHANZI_GHANZI_KARAKOBIS","Botswana",5.06414814487237,0.000437390961683271,"TNR_Aviation_CRS"
"352","0352",5.08685802370511,"BOTSWANA_GHANZI_GHANZI_KULE","Botswana",5.08728235091275,0.000424327207642961,"TNR_Aviation_CRS"
"353","0353",5.1317069213804,"BOTSWANA_GHANZI_GHANZI_MAGONO MAGONO","Botswana",5.13215943087051,0.000452509490106223,"TNR_Aviation_CRS"
"354","0354",5.48833776986542,"BOTSWANA_GHANZI_GHANZI_MAKUNDA","Botswana",5.48876706421189,0.000429294346466769,"TNR_Aviation_CRS"
"355","0355",5.51193859769125,"BOTSWANA_GHANZI_GHANZI_MASIRE'S FARM","Botswana",5.5124028029601,0.000464205268844609,"TNR_Aviation_CRS"
"356","0356",5.02267989659377,"BOTSWANA_GHANZI_GHANZI_NCOJANE","Botswana",5.02310865241695,0.000428755823177696,"TNR_Aviation_CRS"
"357","0357",5.60726820058564,"BOTSWANA_GHANZI_GHANZI_NEW XADE","Botswana",5.60779748679853,0.000529286212895386,"TNR_Aviation_CRS"
"358","0358",5.03771096500156,"BOTSWANA_GHANZI_GHANZI_NEW XANAGAS","Botswana",5.03815501682934,0.000444051827785508,"TNR_Aviation_CRS"
"359","0359",5.95240136678411,"BOTSWANA_GHANZI_GHANZI_QABO","Botswana",5.95286267289846,0.000461306114349469,"TNR_Aviation_CRS"
"360","0360",5.16761373905782,"BOTSWANA_GHANZI_GHANZI_TSOOTSHA","Botswana",5.16805983341721,0.000446094359392468,"TNR_Aviation_CRS"
"361","0361",5.51357827699053,"BOTSWANA_GHANZI_GHANZI_WEST HANAHAI","Botswana",5.51406375405829,0.000485477067764251,"TNR_Aviation_CRS"
"362","0362",9.66008914264625,"BOTSWANA_JWANENG_JWANENG_JWANENG","Botswana",9.66103005311884,0.000940910472596812,"TNR_Aviation_CRS"
"363","0363",5.53092421840813,"BOTSWANA_KGALAGADI_KGALAGADI NORTH_HUKUNTSI","Botswana",5.53145199855402,0.000527780145894496,"TNR_Aviation_CRS"
"364","0364",5.6614905799485,"BOTSWANA_KGALAGADI_KGALAGADI NORTH_HUNHUKWE","Botswana",5.66201493207036,0.000524352121856531,"TNR_Aviation_CRS"
"365","0365",6.33409944725366,"BOTSWANA_KGALAGADI_KGALAGADI NORTH_INALEGOLO","Botswana",6.33475299558003,0.00065354832637432,"TNR_Aviation_CRS"
"366","0366",5.99158846302184,"BOTSWANA_KGALAGADI_KGALAGADI NORTH_KANG","Botswana",5.99218196410392,0.000593501082075676,"TNR_Aviation_CRS"
"367","0367",5.74907552999595,"BOTSWANA_KGALAGADI_KGALAGADI NORTH_LEHUTUTU","Botswana",5.74962628907575,0.000550759079794183,"TNR_Aviation_CRS"
"368","0368",5.5776487938607,"BOTSWANA_KGALAGADI_KGALAGADI NORTH_LOKGWABE","Botswana",5.57819091563018,0.000542121769484538,"TNR_Aviation_CRS"
"369","0369",5.80412402107808,"BOTSWANA_KGALAGADI_KGALAGADI NORTH_MAKE","Botswana",5.80466286031278,0.000538839234703659,"TNR_Aviation_CRS"
"370","0370",5.64705862999369,"BOTSWANA_KGALAGADI_KGALAGADI NORTH_MONONG","Botswana",5.64756810752674,0.000509477533057634,"TNR_Aviation_CRS"
"371","0371",5.56815836037877,"BOTSWANA_KGALAGADI_KGALAGADI NORTH_NCAANG","Botswana",5.56863701600521,0.000478655626439561,"TNR_Aviation_CRS"
"372","0372",5.63429360556696,"BOTSWANA_KGALAGADI_KGALAGADI NORTH_NGWATLE","Botswana",5.63477805069103,0.000484445124075528,"TNR_Aviation_CRS"
"373","0373",6.19745309169247,"BOTSWANA_KGALAGADI_KGALAGADI NORTH_PHUDUHUDU","Botswana",6.1980614901733,0.00060839848082761,"TNR_Aviation_CRS"
"374","0374",5.70506722580237,"BOTSWANA_KGALAGADI_KGALAGADI NORTH_TSHANE","Botswana",5.70561695529086,0.000549729488493966,"TNR_Aviation_CRS"
"375","0375",5.76032389124754,"BOTSWANA_KGALAGADI_KGALAGADI NORTH_UKWI","Botswana",5.76078215706034,0.000458265812793179,"TNR_Aviation_CRS"
"376","0376",5.20990770893002,"BOTSWANA_KGALAGADI_KGALAGADI NORTH_ZUTSWA","Botswana",5.21041675582404,0.000509046894020315,"TNR_Aviation_CRS"
"377","0377",6.43391167091184,"BOTSWANA_KGALAGADI_KGALAGADI SOUTH_BOGOGOBO","Botswana",6.4346293607905,0.00071768987865628,"TNR_Aviation_CRS"
"378","0378",5.45121803739927,"BOTSWANA_KGALAGADI_KGALAGADI SOUTH_BOKSPITS","Botswana",5.45179544610964,0.000577408710373817,"TNR_Aviation_CRS"
"379","0379",9.93016215781417,"BOTSWANA_KGALAGADI_KGALAGADI SOUTH_BRAY","Botswana",9.93104266332311,0.000880505508945362,"TNR_Aviation_CRS"
"380","0380",5.91884731796979,"BOTSWANA_KGALAGADI_KGALAGADI SOUTH_GACHIBANA","Botswana",5.91950996103787,0.000662643068081614,"TNR_Aviation_CRS"
"381","0381",6.87364794448326,"BOTSWANA_KGALAGADI_KGALAGADI SOUTH_KHISA","Botswana",6.87438614066354,0.000738196180276596,"TNR_Aviation_CRS"
"382","0382",6.45425326331828,"BOTSWANA_KGALAGADI_KGALAGADI SOUTH_KHUIS","Botswana",6.45495577026042,0.000702506942137582,"TNR_Aviation_CRS"
"383","0383",5.60717653350935,"BOTSWANA_KGALAGADI_KGALAGADI SOUTH_KHWAWA","Botswana",5.60782398185093,0.000647448341577039,"TNR_Aviation_CRS"
"384","0384",7.63361990503781,"BOTSWANA_KGALAGADI_KGALAGADI SOUTH_KOKOTSHA","Botswana",7.63439907197455,0.000779166936733411,"TNR_Aviation_CRS"
"385","0385",6.41222897955849,"BOTSWANA_KGALAGADI_KGALAGADI SOUTH_KOLONKWANE","Botswana",6.41293371830847,0.00070473874997834,"TNR_Aviation_CRS"
"386","0386",7.40104712967858,"BOTSWANA_KGALAGADI_KGALAGADI SOUTH_MAKOPONG","Botswana",7.40181172159278,0.000764591914197865,"TNR_Aviation_CRS"
"387","0387",6.87097929204034,"BOTSWANA_KGALAGADI_KGALAGADI SOUTH_MALESHE","Botswana",6.87172967891653,0.000750386876188003,"TNR_Aviation_CRS"
"388","0388",6.96736811887549,"BOTSWANA_KGALAGADI_KGALAGADI SOUTH_MARALALENG","Botswana",6.96812125510278,0.000753136227293894,"TNR_Aviation_CRS"
"389","0389",6.23135056601238,"BOTSWANA_KGALAGADI_KGALAGADI SOUTH_MAUBELO","Botswana",6.23203127155981,0.00068070554743116,"TNR_Aviation_CRS"
"390","0390",6.44219215221281,"BOTSWANA_KGALAGADI_KGALAGADI SOUTH_MIDDLEPITS","Botswana",6.44290894487329,0.000716792660476528,"TNR_Aviation_CRS"
"391","0391",8.69104852583786,"BOTSWANA_KGALAGADI_KGALAGADI SOUTH_MOLOPO FARMS","Botswana",8.69193554289251,0.000887017054640893,"TNR_Aviation_CRS"
"392","0392",6.91730029357413,"BOTSWANA_KGALAGADI_KGALAGADI SOUTH_OMAWENENO","Botswana",6.91804645891937,0.00074616534524452,"TNR_Aviation_CRS"
"393","0393",6.98442264352073,"BOTSWANA_KGALAGADI_KGALAGADI SOUTH_PHEPHENG/DRAAIHOEK","Botswana",6.98515632117956,0.000733677658835141,"TNR_Aviation_CRS"
"394","0394",5.47356460684847,"BOTSWANA_KGALAGADI_KGALAGADI SOUTH_RAPPLES PAN","Botswana",5.47419325178739,0.00062864493891901,"TNR_Aviation_CRS"
"395","0395",4.86529210153484,"BOTSWANA_KGALAGADI_KGALAGADI SOUTH_STRUIZENDAM","Botswana",4.86589050717036,0.000598405635516386,"TNR_Aviation_CRS"
"396","0396",7.22300108047135,"BOTSWANA_KGALAGADI_KGALAGADI SOUTH_TSABONG","Botswana",7.22375168141275,0.000750600941401558,"TNR_Aviation_CRS"
"397","0397",5.25760890793943,"BOTSWANA_KGALAGADI_KGALAGADI SOUTH_VAALHOEK","Botswana",5.25822549340375,0.000616585464317865,"TNR_Aviation_CRS"
"398","0398",7.19876038871046,"BOTSWANA_KGALAGADI_KGALAGADI SOUTH_WERDA","Botswana",7.19952007525144,0.000759686540980908,"TNR_Aviation_CRS"
"399","0399",12.1184491033668,"BOTSWANA_KGATLENG_KGATLENG_ARTISIA","Botswana",12.1197051035521,0.0012560001853732,"TNR_Aviation_CRS"
"400","0400",13.3854309993088,"BOTSWANA_KGATLENG_KGATLENG_BOKAA","Botswana",13.3866125584617,0.0011815591529416,"TNR_Aviation_CRS"
"401","0401",11.357896678253,"BOTSWANA_KGATLENG_KGATLENG_DIKGONNYE","Botswana",11.3590643311085,0.00116765285554266,"TNR_Aviation_CRS"
"402","0402",14.0870390786033,"BOTSWANA_KGATLENG_KGATLENG_DIKWIDIDI","Botswana",14.0883222591551,0.00128318055174148,"TNR_Aviation_CRS"
"403","0403",11.3461457810192,"BOTSWANA_KGATLENG_KGATLENG_KGOMODIATSHABA","Botswana",11.3473803753141,0.00123459429492634,"TNR_Aviation_CRS"
"404","0404",10.3454421184882,"BOTSWANA_KGATLENG_KGATLENG_KHURUTSHE","Botswana",10.3465822174637,0.0011400989755419,"TNR_Aviation_CRS"
"405","0405",11.3593128104404,"BOTSWANA_KGATLENG_KGATLENG_LESHIBITSE","Botswana",11.3605598359959,0.00124702555550549,"TNR_Aviation_CRS"
"406","0406",14.4067213009325,"BOTSWANA_KGATLENG_KGATLENG_MABALANE","Botswana",14.4080272970591,0.00130599612661797,"TNR_Aviation_CRS"
"407","0407",13.9828862090946,"BOTSWANA_KGATLENG_KGATLENG_MALOLWANE","Botswana",13.9841975668443,0.00131135774963909,"TNR_Aviation_CRS"
"408","0408",12.6563965497262,"BOTSWANA_KGATLENG_KGATLENG_MALOTWANA SIDING","Botswana",12.6576226171287,0.00122606740244358,"TNR_Aviation_CRS"
"409","0409",14.0429658663677,"BOTSWANA_KGATLENG_KGATLENG_MATEBELENG","Botswana",14.0441846853244,0.00121881895666043,"TNR_Aviation_CRS"
"410","0410",14.7780982668717,"BOTSWANA_KGATLENG_KGATLENG_MMATHUBUDUKWANE","Botswana",14.7794074148071,0.00130914793534664,"TNR_Aviation_CRS"
"411","0411",13.0180916384834,"BOTSWANA_KGATLENG_KGATLENG_MOCHUDI","Botswana",13.0193963655917,0.00130472710826979,"TNR_Aviation_CRS"
"412","0412",14.3296325791215,"BOTSWANA_KGATLENG_KGATLENG_MODIPANE","Botswana",14.3309118028367,0.00127922371519951,"TNR_Aviation_CRS"
"413","0413",13.9044537886316,"BOTSWANA_KGATLENG_KGATLENG_MORWA","Botswana",13.9056998764362,0.00124608780458679,"TNR_Aviation_CRS"
"414","0414",13.5506787603928,"BOTSWANA_KGATLENG_KGATLENG_OLIPHANTS DRIFT","Botswana",13.5520283551197,0.00134959472690177,"TNR_Aviation_CRS"
"415","0415",14.3399139125667,"BOTSWANA_KGATLENG_KGATLENG_OODI","Botswana",14.3411828434861,0.00126893091945313,"TNR_Aviation_CRS"
"416","0416",13.4146658242078,"BOTSWANA_KGATLENG_KGATLENG_PILANE STATION","Botswana",13.4158990471776,0.00123322296976447,"TNR_Aviation_CRS"
"417","0417",14.5507382011161,"BOTSWANA_KGATLENG_KGATLENG_RAMONAKA","Botswana",14.5520587970404,0.00132059592431943,"TNR_Aviation_CRS"
"418","0418",12.1988531553557,"BOTSWANA_KGATLENG_KGATLENG_RAMOTLABAKI","Botswana",12.2001543758623,0.00130122050658521,"TNR_Aviation_CRS"
"419","0419",12.2623912496956,"BOTSWANA_KGATLENG_KGATLENG_RASESA","Botswana",12.2635747684945,0.00118351879891954,"TNR_Aviation_CRS"
"420","0420",14.5054577836827,"BOTSWANA_KGATLENG_KGATLENG_SIKWANE","Botswana",14.5067556031395,0.00129781945678609,"TNR_Aviation_CRS"
"421","0421",17.5831390112663,"BOTSWANA_KWENENG_KWENENG EAST_BDF MOGODITSHANE","Botswana",17.584327845707,0.00118883444076801,"TNR_Aviation_CRS"
"422","0422",9.7219431779996,"BOTSWANA_KWENENG_KWENENG EAST_BOATLANAME","Botswana",9.72298521272396,0.00104203472436382,"TNR_Aviation_CRS"
"423","0423",11.7095675261035,"BOTSWANA_KWENENG_KWENENG EAST_DIKGATLHONG","Botswana",11.7106952797271,0.00112775362360118,"TNR_Aviation_CRS"
"424","0424",11.7547659241318,"BOTSWANA_KWENENG_KWENENG EAST_DITSHUKUDU","Botswana",11.75587904251,0.00111311837818029,"TNR_Aviation_CRS"
"425","0425",13.6315159717158,"BOTSWANA_KWENENG_KWENENG EAST_GABANE","Botswana",13.6326840588951,0.00116808717929651,"TNR_Aviation_CRS"
"426","0426",12.1627344407071,"BOTSWANA_KWENENG_KWENENG EAST_GAKGATLA","Botswana",12.1638573904314,0.00112294972425175,"TNR_Aviation_CRS"
"427","0427",12.9788112578284,"BOTSWANA_KWENENG_KWENENG EAST_GAKUTLO","Botswana",12.9799508394755,0.00113958164713956,"TNR_Aviation_CRS"
"428","0428",12.3403028662169,"BOTSWANA_KWENENG_KWENENG EAST_GAMODUBU","Botswana",12.3414312232439,0.00112835702695335,"TNR_Aviation_CRS"
"429","0429",10.2278558227379,"BOTSWANA_KWENENG_KWENENG EAST_HATSALATLADI","Botswana",10.2288877436466,0.00103192090868909,"TNR_Aviation_CRS"
"430","0430",11.8953199946462,"BOTSWANA_KWENENG_KWENENG EAST_KGOPE","Botswana",11.8964753531085,0.00115535846235559,"TNR_Aviation_CRS"
"431","0431",12.4892764107537,"BOTSWANA_KWENENG_KWENENG EAST_KOPONG","Botswana",12.4904240082884,0.00114759753469862,"TNR_Aviation_CRS"
"432","0432",11.2531787119307,"BOTSWANA_KWENENG_KWENENG EAST_KUBUNG","Botswana",11.2542427275658,0.00106401563511227,"TNR_Aviation_CRS"
"433","0433",14.1687355758902,"BOTSWANA_KWENENG_KWENENG EAST_KUMAKWANE","Botswana",14.1699054774392,0.00116990154906205,"TNR_Aviation_CRS"
"434","0434",9.94942081928669,"BOTSWANA_KWENENG_KWENENG EAST_KWENENG","Botswana",9.95048649186996,0.00106567258326962,"TNR_Aviation_CRS"
"435","0435",11.3308433644611,"BOTSWANA_KWENENG_KWENENG EAST_LENTSWELETAU","Botswana",11.3319686421624,0.00112527770133397,"TNR_Aviation_CRS"
"436","0436",8.96784212231298,"BOTSWANA_KWENENG_KWENENG EAST_LEOLOGANE","Botswana",8.96878596538225,0.000943843069274308,"TNR_Aviation_CRS"
"437","0437",9.2894155992066,"BOTSWANA_KWENENG_KWENENG EAST_LEPHEPHE","Botswana",9.29039960635342,0.000984007146813681,"TNR_Aviation_CRS"
"438","0438",11.1427336173745,"BOTSWANA_KWENENG_KWENENG EAST_LOSILAKGOKONG","Botswana",11.1437875980314,0.00105398065698026,"TNR_Aviation_CRS"
"439","0439",11.3344221332102,"BOTSWANA_KWENENG_KWENENG EAST_MAHETLWE","Botswana",11.3355061757859,0.00108404257569283,"TNR_Aviation_CRS"
"440","0440",10.577301805139,"BOTSWANA_KWENENG_KWENENG EAST_MEDIE","Botswana",10.5784077755627,0.00110597042371907,"TNR_Aviation_CRS"
"441","0441",15.8996492387283,"BOTSWANA_KWENENG_KWENENG EAST_METSIMOTLHABE","Botswana",15.900830597416,0.00118135868769365,"TNR_Aviation_CRS"
"442","0442",13.4758261445728,"BOTSWANA_KWENENG_KWENENG EAST_MMANKGODI","Botswana",13.4769793943913,0.00115324981848808,"TNR_Aviation_CRS"
"443","0443",11.918923327551,"BOTSWANA_KWENENG_KWENENG EAST_MMANOKO","Botswana",11.9200339829613,0.00111065541025468,"TNR_Aviation_CRS"
"444","0444",13.8250443617124,"BOTSWANA_KWENENG_KWENENG EAST_MMATSETA","Botswana",13.8261950099995,0.00115064828707112,"TNR_Aviation_CRS"
"445","0445",13.9342411862472,"BOTSWANA_KWENENG_KWENENG EAST_MMOPANE","Botswana",13.9354126787974,0.00117149255016713,"TNR_Aviation_CRS"
"446","0446",15.3504931682953,"BOTSWANA_KWENENG_KWENENG EAST_MOGODITSHANE","Botswana",15.3516784308169,0.00118526252163598,"TNR_Aviation_CRS"
"447","0447",10.9653688888397,"BOTSWANA_KWENENG_KWENENG EAST_MOGONONO","Botswana",10.9664125055923,0.00104361675260911,"TNR_Aviation_CRS"
"448","0448",15.4338828772976,"BOTSWANA_KWENENG_KWENENG EAST_MOKOLODI","Botswana",15.4350726025324,0.00118972523478966,"TNR_Aviation_CRS"
"449","0449",11.3220399407454,"BOTSWANA_KWENENG_KWENENG EAST_MOLEPOLOLE","Botswana",11.3231229049782,0.00108296423274723,"TNR_Aviation_CRS"
"450","0450",13.4245460489853,"BOTSWANA_KWENENG_KWENENG EAST_RAMAPHATLE","Botswana",13.4256944551488,0.00114840616351763,"TNR_Aviation_CRS"
"451","0451",9.22708822749527,"BOTSWANA_KWENENG_KWENENG EAST_SHADISHADI","Botswana",9.22805052347207,0.000962295976796312,"TNR_Aviation_CRS"
"452","0452",9.31202709408189,"BOTSWANA_KWENENG_KWENENG EAST_SOJWE","Botswana",9.31299588908369,0.000968795001794476,"TNR_Aviation_CRS"
"453","0453",12.1193752656537,"BOTSWANA_KWENENG_KWENENG EAST_THAMAGA","Botswana",12.120487423215,0.00111215756125205,"TNR_Aviation_CRS"
"454","0454",13.6654703248175,"BOTSWANA_KWENENG_KWENENG EAST_TLOANENG","Botswana",13.6666418740623,0.00117154924478946,"TNR_Aviation_CRS"
"455","0455",9.34862005836665,"BOTSWANA_KWENENG_KWENENG WEST_BOTLHAPATLOU","Botswana",9.34959791250458,0.000977854137930834,"TNR_Aviation_CRS"
"456","0456",8.86623917667188,"BOTSWANA_KWENENG_KWENENG WEST_DIPHUDUHUDU","Botswana",8.86715614532504,0.000916968653166705,"TNR_Aviation_CRS"
"457","0457",9.46634064796991,"BOTSWANA_KWENENG_KWENENG WEST_DITSHEGWANE","Botswana",9.46728030409913,0.000939656129224531,"TNR_Aviation_CRS"
"458","0458",8.16171161013308,"BOTSWANA_KWENENG_KWENENG WEST_DUTLWE","Botswana",8.16247499889054,0.00076338875745563,"TNR_Aviation_CRS"
"459","0459",6.96093105986014,"BOTSWANA_KWENENG_KWENENG WEST_KAUDWANE","Botswana",6.96165301523401,0.000721955373870209,"TNR_Aviation_CRS"
"460","0460",8.5656673792261,"BOTSWANA_KWENENG_KWENENG WEST_KHUDUMELAPYE","Botswana",8.56656492305731,0.000897543831209546,"TNR_Aviation_CRS"
"461","0461",10.8303844620298,"BOTSWANA_KWENENG_KWENENG WEST_KOTOLANAME","Botswana",10.8314118176481,0.00102735561836731,"TNR_Aviation_CRS"
"462","0462",8.85985544101919,"BOTSWANA_KWENENG_KWENENG WEST_LETLHAKENG","Botswana",8.86075811062107,0.000902669601872574,"TNR_Aviation_CRS"
"463","0463",8.39576433592983,"BOTSWANA_KWENENG_KWENENG WEST_MABOANE","Botswana",8.39658721582093,0.000822879891096306,"TNR_Aviation_CRS"
"464","0464",9.79679714180991,"BOTSWANA_KWENENG_KWENENG WEST_MALWELWE","Botswana",9.79779367027374,0.000996528463824475,"TNR_Aviation_CRS"
"465","0465",9.49254792046483,"BOTSWANA_KWENENG_KWENENG WEST_MANTSHWABISI","Botswana",9.49350498489524,0.000957064430414434,"TNR_Aviation_CRS"
"466","0466",9.27709605451714,"BOTSWANA_KWENENG_KWENENG WEST_MARATSHWANE","Botswana",9.27806192084103,0.000965866323888065,"TNR_Aviation_CRS"
"467","0467",8.65870786897635,"BOTSWANA_KWENENG_KWENENG WEST_METSIBOTLHOKO","Botswana",8.65958981657867,0.000881947602318078,"TNR_Aviation_CRS"
"468","0468",9.73145311375827,"BOTSWANA_KWENENG_KWENENG WEST_MONWANE","Botswana",9.73243368824612,0.000980574487853048,"TNR_Aviation_CRS"
"469","0469",9.94636423330452,"BOTSWANA_KWENENG_KWENENG WEST_MOSHAWENG","Botswana",9.94737138450863,0.0010071512041101,"TNR_Aviation_CRS"
"470","0470",7.66537939294806,"BOTSWANA_KWENENG_KWENENG WEST_MOTOKWE","Botswana",7.66609564171345,0.000716248765391114,"TNR_Aviation_CRS"
"471","0471",8.35694925763609,"BOTSWANA_KWENENG_KWENENG WEST_NGWARE","Botswana",8.35783152981124,0.000882272175147136,"TNR_Aviation_CRS"
"472","0472",7.52383354174101,"BOTSWANA_KWENENG_KWENENG WEST_SALAJWE","Botswana",7.52459892019746,0.000765378456452304,"TNR_Aviation_CRS"
"473","0473",9.75531258652272,"BOTSWANA_KWENENG_KWENENG WEST_SERINANE","Botswana",9.75628128339358,0.000968696870854657,"TNR_Aviation_CRS"
"474","0474",8.95129666272105,"BOTSWANA_KWENENG_KWENENG WEST_SESUNG","Botswana",8.95219434773258,0.000897685011528537,"TNR_Aviation_CRS"
"475","0475",7.83352203306149,"BOTSWANA_KWENENG_KWENENG WEST_SORILATHOLO","Botswana",7.83432860476874,0.000806571707250292,"TNR_Aviation_CRS"
"476","0476",7.93077635659019,"BOTSWANA_KWENENG_KWENENG WEST_TAKATOKWANE","Botswana",7.9315277152626,0.000751358672407498,"TNR_Aviation_CRS"
"477","0477",10.0871549486824,"BOTSWANA_KWENENG_KWENENG WEST_THEBEPHATSHWA","Botswana",10.0881488075559,0.000993858873560072,"TNR_Aviation_CRS"
"478","0478",7.68603476734051,"BOTSWANA_KWENENG_KWENENG WEST_TSETSENG","Botswana",7.68672238145911,0.000687614118603186,"TNR_Aviation_CRS"
"479","0479",7.88432861959498,"BOTSWANA_KWENENG_KWENENG WEST_TSWAANE","Botswana",7.88502956790924,0.000700948314262817,"TNR_Aviation_CRS"
"480","0480",14.7245939256986,"BOTSWANA_LOBATSE_LOBATSE_LOBATSE","Botswana",14.7258194289724,0.00122550327382953,"TNR_Aviation_CRS"
"481","0481",9.25993886936771,"BOTSWANA_NORTH EAST_NORTH EAST_BOTALAOTE","Botswana",9.26072071529165,0.000781845923945923,"TNR_Aviation_CRS"
"482","0482",9.9563436285596,"BOTSWANA_NORTH EAST_NORTH EAST_BUTALE","Botswana",9.95712013496484,0.000776506405241406,"TNR_Aviation_CRS"
"483","0483",9.78093339670474,"BOTSWANA_NORTH EAST_NORTH EAST_DITLADI","Botswana",9.78173808975054,0.000804693045802551,"TNR_Aviation_CRS"
"484","0484",9.37212945725036,"BOTSWANA_NORTH EAST_NORTH EAST_GAMBULE","Botswana",9.3728906264085,0.00076116915814417,"TNR_Aviation_CRS"
"485","0485",9.27193945481864,"BOTSWANA_NORTH EAST_NORTH EAST_GULUBANE","Botswana",9.27271225800173,0.000772803183092918,"TNR_Aviation_CRS"
"486","0486",9.4133890072886,"BOTSWANA_NORTH EAST_NORTH EAST_GUNGWE","Botswana",9.4141364359194,0.000747428630800684,"TNR_Aviation_CRS"
"487","0487",9.46189922520788,"BOTSWANA_NORTH EAST_NORTH EAST_HASKINS FARM","Botswana",9.46268413401356,0.000784908805686158,"TNR_Aviation_CRS"
"488","0488",10.5421774486942,"BOTSWANA_NORTH EAST_NORTH EAST_JACKALAS 1","Botswana",10.5429309377019,0.000753489007625063,"TNR_Aviation_CRS"
"489","0489",9.64033637981599,"BOTSWANA_NORTH EAST_NORTH EAST_JACKALAS 2","Botswana",9.64112671305653,0.000790333240544783,"TNR_Aviation_CRS"
"490","0490",9.70064563367715,"BOTSWANA_NORTH EAST_NORTH EAST_JOHANNES KACHEJOHN","Botswana",9.70143682909157,0.000791195414418411,"TNR_Aviation_CRS"
"491","0491",9.37969591316618,"BOTSWANA_NORTH EAST_NORTH EAST_KALAKAMATI","Botswana",9.38046631998086,0.000770406814684321,"TNR_Aviation_CRS"
"492","0492",10.1870215625088,"BOTSWANA_NORTH EAST_NORTH EAST_KGARI","Botswana",10.1877663253541,0.000744762845265257,"TNR_Aviation_CRS"
"493","0493",9.55494425141814,"BOTSWANA_NORTH EAST_NORTH EAST_LETSHOLATHEBE","Botswana",9.55572057371615,0.000776322298007059,"TNR_Aviation_CRS"
"494","0494",9.68385468242523,"BOTSWANA_NORTH EAST_NORTH EAST_MABUDZANE","Botswana",9.68465235107704,0.000797668651811634,"TNR_Aviation_CRS"
"495","0495",9.22355297944877,"BOTSWANA_NORTH EAST_NORTH EAST_MAKALENG","Botswana",9.22432729057753,0.000774311128763472,"TNR_Aviation_CRS"
"496","0496",9.33254041842298,"BOTSWANA_NORTH EAST_NORTH EAST_MAMBO","Botswana",9.33331951426267,0.000779095839693156,"TNR_Aviation_CRS"
"497","0497",10.5108060468585,"BOTSWANA_NORTH EAST_NORTH EAST_MAPOKA","Botswana",10.5115538378007,0.000747790942195792,"TNR_Aviation_CRS"
"498","0498",9.28816995712845,"BOTSWANA_NORTH EAST_NORTH EAST_MASINGWANENG","Botswana",9.28894642319694,0.000776466068490578,"TNR_Aviation_CRS"
"499","0499",10.1344199919161,"BOTSWANA_NORTH EAST_NORTH EAST_MASUKWANE","Botswana",10.135207742492,0.000787750575829804,"TNR_Aviation_CRS"
"500","0500",9.86984691771709,"BOTSWANA_NORTH EAST_NORTH EAST_MASUNGA","Botswana",9.87062532507517,0.000778407358076549,"TNR_Aviation_CRS"
"501","0501",9.36125719231248,"BOTSWANA_NORTH EAST_NORTH EAST_MATENGE","Botswana",9.362045073021,0.000787880708520206,"TNR_Aviation_CRS"
"502","0502",9.87476747769278,"BOTSWANA_NORTH EAST_NORTH EAST_MATSHELAGABEDI","Botswana",9.87558023259964,0.000812754906858615,"TNR_Aviation_CRS"
"503","0503",9.98644010262553,"BOTSWANA_NORTH EAST_NORTH EAST_MATSILOJE","Botswana",9.98725160112534,0.000811498499805552,"TNR_Aviation_CRS"
"504","0504",9.36699149630446,"BOTSWANA_NORTH EAST_NORTH EAST_MBALAMBI","Botswana",9.36774704793292,0.000755551628463635,"TNR_Aviation_CRS"
"505","0505",10.5622040589085,"BOTSWANA_NORTH EAST_NORTH EAST_MOROKA","Botswana",10.5629537443444,0.000749685435906144,"TNR_Aviation_CRS"
"506","0506",10.1868335442,"BOTSWANA_NORTH EAST_NORTH EAST_MOSOJANE","Botswana",10.1876204062238,0.000786862023776536,"TNR_Aviation_CRS"
"507","0507",9.86484040986199,"BOTSWANA_NORTH EAST_NORTH EAST_MOWANA","Botswana",9.86564080978654,0.000800399924555606,"TNR_Aviation_CRS"
"508","0508",10.0111560367314,"BOTSWANA_NORTH EAST_NORTH EAST_MULAMBAKWENA","Botswana",10.0119303297961,0.000774293064749187,"TNR_Aviation_CRS"
"509","0509",10.5014355239088,"BOTSWANA_NORTH EAST_NORTH EAST_NLAKHWANE","Botswana",10.5022256851194,0.000790161210609597,"TNR_Aviation_CRS"
"510","0510",9.81537593743989,"BOTSWANA_NORTH EAST_NORTH EAST_PATAYAMATEBELE","Botswana",9.81620052154689,0.000824584107006032,"TNR_Aviation_CRS"
"511","0511",10.4325839481279,"BOTSWANA_NORTH EAST_NORTH EAST_POLE","Botswana",10.4333787253306,0.000794777202697716,"TNR_Aviation_CRS"
"512","0512",10.426254231957,"BOTSWANA_NORTH EAST_NORTH EAST_RAMOKGWEBANA","Botswana",10.4270033199241,0.00074908796716322,"TNR_Aviation_CRS"
"513","0513",9.3791133905411,"BOTSWANA_NORTH EAST_NORTH EAST_SECHELE","Botswana",9.3798915544088,0.000778163867707349,"TNR_Aviation_CRS"
"514","0514",9.40018815497996,"BOTSWANA_NORTH EAST_NORTH EAST_SEKAKANGWE","Botswana",9.40096116655016,0.000773011570201376,"TNR_Aviation_CRS"
"515","0515",9.79397628686209,"BOTSWANA_NORTH EAST_NORTH EAST_SENYAWE","Botswana",9.7947630103213,0.000786723459210492,"TNR_Aviation_CRS"
"516","0516",10.1292586844237,"BOTSWANA_NORTH EAST_NORTH EAST_SHASHE BRIDGE","Botswana",10.1300708598208,0.000812175397099324,"TNR_Aviation_CRS"
"517","0517",9.81883676078571,"BOTSWANA_NORTH EAST_NORTH EAST_SIVIYA","Botswana",9.81963465287083,0.000797892085117269,"TNR_Aviation_CRS"
"518","0518",9.8513667180056,"BOTSWANA_NORTH EAST_NORTH EAST_TATI SIDING","Botswana",9.85217581984908,0.000809101843479709,"TNR_Aviation_CRS"
"519","0519",9.80776482268339,"BOTSWANA_NORTH EAST_NORTH EAST_THEMASHANGA","Botswana",9.8085585597876,0.000793737104213932,"TNR_Aviation_CRS"
"520","0520",9.16276894680276,"BOTSWANA_NORTH EAST_NORTH EAST_TOTENG","Botswana",9.16354268948574,0.000773742682982359,"TNR_Aviation_CRS"
"521","0521",9.90663480064803,"BOTSWANA_NORTH EAST_NORTH EAST_TSAMAYA","Botswana",9.90743248009531,0.000797679447279265,"TNR_Aviation_CRS"
"522","0522",9.97717428083064,"BOTSWANA_NORTH EAST_NORTH EAST_TSHESEBE","Botswana",9.97797989708928,0.00080561625864739,"TNR_Aviation_CRS"
"523","0523",9.42168938481531,"BOTSWANA_NORTH EAST_NORTH EAST_VUKWI","Botswana",9.42245896316732,0.000769578352011635,"TNR_Aviation_CRS"
"524","0524",10.2046699117516,"BOTSWANA_NORTH EAST_NORTH EAST_ZWENSHAMBE","Botswana",10.2054406479195,0.00077073616792589,"TNR_Aviation_CRS"
"525","0525",8.11648620664656,"BOTSWANA_NORTH WEST_NGAMILAND DELTA_NGAMILAND DELTA","Botswana",8.11694985156226,0.000463644915701167,"TNR_Aviation_CRS"
"526","0526",6.57397357119,"BOTSWANA_NORTH WEST_NGAMILAND EAST_BODIBENG","Botswana",6.57448426591425,0.000510694724257021,"TNR_Aviation_CRS"
"527","0527",6.53513924239855,"BOTSWANA_NORTH WEST_NGAMILAND EAST_BOTLHATLOGO","Botswana",6.53566428154981,0.000525039151258788,"TNR_Aviation_CRS"
"528","0528",7.33824074474944,"BOTSWANA_NORTH WEST_NGAMILAND EAST_CHANOGA","Botswana",7.33876556180024,0.000524817050801651,"TNR_Aviation_CRS"
"529","0529",7.54792451116543,"BOTSWANA_NORTH WEST_NGAMILAND EAST_HABU","Botswana",7.54838798812362,0.000463476958191045,"TNR_Aviation_CRS"
"530","0530",6.36640074690751,"BOTSWANA_NORTH WEST_NGAMILAND EAST_KARENG","Botswana",6.36690519550978,0.000504448602272056,"TNR_Aviation_CRS"
"531","0531",6.57380717018882,"BOTSWANA_NORTH WEST_NGAMILAND EAST_KGAKGE/MAKAKUNG","Botswana",6.57431103449757,0.000503864308742052,"TNR_Aviation_CRS"
"532","0532",7.89639734708691,"BOTSWANA_NORTH WEST_NGAMILAND EAST_KOMANA","Botswana",7.89691715990467,0.000519812817760368,"TNR_Aviation_CRS"
"533","0533",9.16414008727502,"BOTSWANA_NORTH WEST_NGAMILAND EAST_MABABE","Botswana",9.16463103969956,0.000490952424540225,"TNR_Aviation_CRS"
"534","0534",7.2873292104485,"BOTSWANA_NORTH WEST_NGAMILAND EAST_MAKALAMABEDI","Botswana",7.28788329184672,0.000554081398224326,"TNR_Aviation_CRS"
"535","0535",7.75708378544711,"BOTSWANA_NORTH WEST_NGAMILAND EAST_MATLAPANA","Botswana",7.75760078106313,0.000516995616022697,"TNR_Aviation_CRS"
"536","0536",7.81603941970162,"BOTSWANA_NORTH WEST_NGAMILAND EAST_MATSAUDI/SAKAPNAE","Botswana",7.81655542846289,0.000516008761271891,"TNR_Aviation_CRS"
"537","0537",8.56807869925344,"BOTSWANA_NORTH WEST_NGAMILAND EAST_MAUN","Botswana",8.56863493425016,0.000556234996720306,"TNR_Aviation_CRS"
"538","0538",9.53817348891629,"BOTSWANA_NORTH WEST_NGAMILAND EAST_PHUDUHUDU","Botswana",9.53880471028616,0.000631221369868484,"TNR_Aviation_CRS"
"539","0539",9.43111693195764,"BOTSWANA_NORTH WEST_NGAMILAND EAST_SANKUYO","Botswana",9.43163850576261,0.000521573804970643,"TNR_Aviation_CRS"
"540","0540",6.82421134708102,"BOTSWANA_NORTH WEST_NGAMILAND EAST_SEHITHWA","Botswana",6.82470309496069,0.00049174787966777,"TNR_Aviation_CRS"
"541","0541",6.80005004756901,"BOTSWANA_NORTH WEST_NGAMILAND EAST_SEMBOYO","Botswana",6.80054117428251,0.000491126713502155,"TNR_Aviation_CRS"
"542","0542",8.52632756408466,"BOTSWANA_NORTH WEST_NGAMILAND EAST_SHOROBE","Botswana",8.52678714480433,0.000459580719677888,"TNR_Aviation_CRS"
"543","0543",7.23625672187259,"BOTSWANA_NORTH WEST_NGAMILAND EAST_TOTENG","Botswana",7.23676658730104,0.000509865428450773,"TNR_Aviation_CRS"
"544","0544",7.20786175026532,"BOTSWANA_NORTH WEST_NGAMILAND EAST_TSAO","Botswana",7.2083352309733,0.000473480707973373,"TNR_Aviation_CRS"
"545","0545",9.24575495599551,"BOTSWANA_NORTH WEST_NGAMILAND WEST_BEETSHA","Botswana",9.24614863946668,0.000393683471173745,"TNR_Aviation_CRS"
"546","0546",8.87376860454402,"BOTSWANA_NORTH WEST_NGAMILAND WEST_CHUKUMUCHU","Botswana",8.87414785646769,0.000379251923671831,"TNR_Aviation_CRS"
"547","0547",8.32711917287893,"BOTSWANA_NORTH WEST_NGAMILAND WEST_ERETSHA","Botswana",8.32752523622101,0.000406063342079932,"TNR_Aviation_CRS"
"548","0548",10.9781519074933,"BOTSWANA_NORTH WEST_NGAMILAND WEST_ETSHA 1","Botswana",10.9786716023397,0.000519694846326857,"TNR_Aviation_CRS"
"549","0549",9.82139186777589,"BOTSWANA_NORTH WEST_NGAMILAND WEST_ETSHA 13","Botswana",9.82178973252281,0.000397864746917165,"TNR_Aviation_CRS"
"550","0550",11.6218215772189,"BOTSWANA_NORTH WEST_NGAMILAND WEST_ETSHA 6","Botswana",11.6223370565152,0.000515479296275601,"TNR_Aviation_CRS"
"551","0551",9.86452364770727,"BOTSWANA_NORTH WEST_NGAMILAND WEST_GANI","Botswana",9.86490185477574,0.000378207068477465,"TNR_Aviation_CRS"
"552","0552",8.35508773528619,"BOTSWANA_NORTH WEST_NGAMILAND WEST_GONUTSUGA","Botswana",8.35549375512228,0.000406019836091787,"TNR_Aviation_CRS"
"553","0553",11.1550878124255,"BOTSWANA_NORTH WEST_NGAMILAND WEST_GUDINGWA","Botswana",11.1554741074946,0.000386295069027653,"TNR_Aviation_CRS"
"554","0554",8.97373993159769,"BOTSWANA_NORTH WEST_NGAMILAND WEST_GUMARE","Botswana",8.97415839589951,0.000418464301821686,"TNR_Aviation_CRS"
"555","0555",8.31116398838549,"BOTSWANA_NORTH WEST_NGAMILAND WEST_IKOGA","Botswana",8.31156138600772,0.000397397622231566,"TNR_Aviation_CRS"
"556","0556",9.19485065799239,"BOTSWANA_NORTH WEST_NGAMILAND WEST_KAJAJA","Botswana",9.19523035613911,0.000379698146716123,"TNR_Aviation_CRS"
"557","0557",9.51920712808314,"BOTSWANA_NORTH WEST_NGAMILAND WEST_KAUXWHI","Botswana",9.51966743400912,0.000460305925978233,"TNR_Aviation_CRS"
"558","0558",7.96208940600159,"BOTSWANA_NORTH WEST_NGAMILAND WEST_MOGOMOTHO","Botswana",7.9624649388303,0.000375532828710945,"TNR_Aviation_CRS"
"559","0559",13.5855403991569,"BOTSWANA_NORTH WEST_NGAMILAND WEST_MOHEMBO EAST","Botswana",13.5862735287443,0.000733129587437986,"TNR_Aviation_CRS"
"560","0560",10.5022914395471,"BOTSWANA_NORTH WEST_NGAMILAND WEST_MOHEMBO WEST","Botswana",10.5027597586791,0.000468319132007622,"TNR_Aviation_CRS"
"561","0561",8.39222726557927,"BOTSWANA_NORTH WEST_NGAMILAND WEST_MOKGACHA","Botswana",8.39261855775383,0.000391292174551694,"TNR_Aviation_CRS"
"562","0562",8.74973904078595,"BOTSWANA_NORTH WEST_NGAMILAND WEST_NGARANGE","Botswana",8.75010196017911,0.000362919393156247,"TNR_Aviation_CRS"
"563","0563",8.00157429387094,"BOTSWANA_NORTH WEST_NGAMILAND WEST_NOKANENG","Botswana",8.002024552143,0.000450258272065795,"TNR_Aviation_CRS"
"564","0564",9.31836473348936,"BOTSWANA_NORTH WEST_NGAMILAND WEST_NXAMASERE","Botswana",9.31884070357426,0.000475970084904631,"TNR_Aviation_CRS"
"565","0565",16.3509622928605,"BOTSWANA_NORTH WEST_NGAMILAND WEST_NXAUNXAU","Botswana",16.3514722411702,0.000509948309705521,"TNR_Aviation_CRS"
"566","0566",8.83944207689182,"BOTSWANA_NORTH WEST_NGAMILAND WEST_QANGWA","Botswana",8.83987772098073,0.00043564408890262,"TNR_Aviation_CRS"
"567","0567",10.3134054741062,"BOTSWANA_NORTH WEST_NGAMILAND WEST_SAMOCHEMA","Botswana",10.3138827179161,0.000477243809847039,"TNR_Aviation_CRS"
"568","0568",8.34197926923445,"BOTSWANA_NORTH WEST_NGAMILAND WEST_SEKONDOMBORO","Botswana",8.34234172767895,0.000362458444501002,"TNR_Aviation_CRS"
"569","0569",8.91610322993509,"BOTSWANA_NORTH WEST_NGAMILAND WEST_SEPOPA","Botswana",8.91648393315178,0.000380703216688261,"TNR_Aviation_CRS"
"570","0570",8.05001904814055,"BOTSWANA_NORTH WEST_NGAMILAND WEST_SERONGA","Botswana",8.05040912585245,0.000390077711900361,"TNR_Aviation_CRS"
"571","0571",10.5117097156308,"BOTSWANA_NORTH WEST_NGAMILAND WEST_SHAKAWE","Botswana",10.5121943391303,0.000484623499465542,"TNR_Aviation_CRS"
"572","0572",9.29672625403116,"BOTSWANA_NORTH WEST_NGAMILAND WEST_TUBU","Botswana",9.29716505519965,0.000438801168490599,"TNR_Aviation_CRS"
"573","0573",10.0842451092346,"BOTSWANA_NORTH WEST_NGAMILAND WEST_XAKAO","Botswana",10.0847092204,0.000464111165385361,"TNR_Aviation_CRS"
"574","0574",6.30100084584185,"BOTSWANA_NORTH WEST_NGAMILAND WEST_XAXA","Botswana",6.30145433680874,0.000453490966889625,"TNR_Aviation_CRS"
"575","0575",9.5682983724631,"BOTSWANA_NORTH WEST_NGAMILAND WEST_XHAUGA","Botswana",9.56877074497391,0.000472372510808228,"TNR_Aviation_CRS"
"576","0576",7.99850982786659,"BOTSWANA_ORAPA_ORAPA_ORAPA","Botswana",7.99920819483571,0.00069836696912251,"TNR_Aviation_CRS"
"577","0577",9.93968347012704,"BOTSWANA_SELIBE PHIKWE_SELIBE PHIKWE_SELIBE PHIKWE","Botswana",9.94055852138922,0.00087505126218268,"TNR_Aviation_CRS"
"578","0578",14.6581131409035,"BOTSWANA_SOUTH EAST_SOUTH EAST_DOORN LAAGTE","Botswana",14.6593449048371,0.0012317639335695,"TNR_Aviation_CRS"
"579","0579",14.5813624858874,"BOTSWANA_SOUTH EAST_SOUTH EAST_HILDAVALE","Botswana",14.582611240886,0.00124875499859733,"TNR_Aviation_CRS"
"580","0580",14.2764257649076,"BOTSWANA_SOUTH EAST_SOUTH EAST_LOBATSE ESTATES","Botswana",14.2776512845806,0.00122551967293916,"TNR_Aviation_CRS"
"581","0581",14.0553567577791,"BOTSWANA_SOUTH EAST_SOUTH EAST_MOGOBANE","Botswana",14.0565734055988,0.00121664781969777,"TNR_Aviation_CRS"
"582","0582",14.2765202734497,"BOTSWANA_SOUTH EAST_SOUTH EAST_OTSE","Botswana",14.2777495345147,0.001229261064978,"TNR_Aviation_CRS"
"583","0583",14.1726341738697,"BOTSWANA_SOUTH EAST_SOUTH EAST_RAMOTSWA","Botswana",14.173867288759,0.00123311488932032,"TNR_Aviation_CRS"
"584","0584",14.325389288623,"BOTSWANA_SOUTH EAST_SOUTH EAST_RAMOTSWA STATION/TAUNG","Botswana",14.3266158916169,0.00122660299385124,"TNR_Aviation_CRS"
"585","0585",14.3840491128728,"BOTSWANA_SOUTH EAST_SOUTH EAST_TLOKWENG","Botswana",14.3852939994987,0.00124488662589961,"TNR_Aviation_CRS"
"586","0586",14.5011148675404,"BOTSWANA_SOUTHERN_BAROLONG_BETHEL","Botswana",14.5023606161107,0.00124574857026261,"TNR_Aviation_CRS"
"587","0587",14.1084068528449,"BOTSWANA_SOUTHERN_BAROLONG_BOROBADILEPE","Botswana",14.1096371976238,0.00123034477891615,"TNR_Aviation_CRS"
"588","0588",14.2439924946485,"BOTSWANA_SOUTHERN_BAROLONG_DIGAWANA","Botswana",14.2452173182606,0.00122482361202181,"TNR_Aviation_CRS"
"589","0589",11.6583586382455,"BOTSWANA_SOUTHERN_BAROLONG_DIKHUKHUNG","Botswana",11.6595130855475,0.00115444730198888,"TNR_Aviation_CRS"
"590","0590",14.7110212346812,"BOTSWANA_SOUTHERN_BAROLONG_DINATSHANA","Botswana",14.7122752132114,0.00125397853018683,"TNR_Aviation_CRS"
"591","0591",13.3899547578524,"BOTSWANA_SOUTHERN_BAROLONG_DITLHARAPA","Botswana",13.3911654631991,0.00121070534669521,"TNR_Aviation_CRS"
"592","0592",14.1624159064079,"BOTSWANA_SOUTHERN_BAROLONG_GAMAJALELA","Botswana",14.1636315036605,0.00121559725256937,"TNR_Aviation_CRS"
"593","0593",14.247017681473,"BOTSWANA_SOUTHERN_BAROLONG_GATHWANE","Botswana",14.2482543959542,0.00123671448118223,"TNR_Aviation_CRS"
"594","0594",14.0640076280537,"BOTSWANA_SOUTHERN_BAROLONG_GOOD HOPE","Botswana",14.0652346345162,0.00122700646247687,"TNR_Aviation_CRS"
"595","0595",14.0638824106423,"BOTSWANA_SOUTHERN_BAROLONG_HEBRON","Botswana",14.0651195328585,0.00123712221610717,"TNR_Aviation_CRS"
"596","0596",12.853030328319,"BOTSWANA_SOUTHERN_BAROLONG_KANGWE","Botswana",12.854176547641,0.0011462193219689,"TNR_Aviation_CRS"
"597","0597",14.3273302183791,"BOTSWANA_SOUTHERN_BAROLONG_KGORO","Botswana",14.3285696009732,0.0012393825941146,"TNR_Aviation_CRS"
"598","0598",14.3555697147347,"BOTSWANA_SOUTHERN_BAROLONG_LEJWANA","Botswana",14.356818099419,0.00124838468428301,"TNR_Aviation_CRS"
"599","0599",11.9862092489938,"BOTSWANA_SOUTHERN_BAROLONG_LEPORUNG","Botswana",11.98736164753,0.00115239853617055,"TNR_Aviation_CRS"
"600","0600",13.8958911123964,"BOTSWANA_SOUTHERN_BAROLONG_LOGAGANE","Botswana",13.8971151864511,0.00122407405473091,"TNR_Aviation_CRS"
"601","0601",13.9531054402507,"BOTSWANA_SOUTHERN_BAROLONG_LORWANA","Botswana",13.9543214204205,0.00121598016980151,"TNR_Aviation_CRS"
"602","0602",10.8197095280375,"BOTSWANA_SOUTHERN_BAROLONG_MABULE","Botswana",10.8207976469863,0.00108811894885719,"TNR_Aviation_CRS"
"603","0603",14.3652366146164,"BOTSWANA_SOUTHERN_BAROLONG_MADINGWANA","Botswana",14.3664729115032,0.00123629688680893,"TNR_Aviation_CRS"
"604","0604",12.8118541530204,"BOTSWANA_SOUTHERN_BAROLONG_MAGORIAPITSE","Botswana",12.8130473103891,0.0011931573686681,"TNR_Aviation_CRS"
"605","0605",14.3511212642977,"BOTSWANA_SOUTHERN_BAROLONG_MAKOKWE","Botswana",14.3523523936516,0.00123112935387937,"TNR_Aviation_CRS"
"606","0606",14.269555212447,"BOTSWANA_SOUTHERN_BAROLONG_MALOKAGANYANE","Botswana",14.2707919459633,0.00123673351626508,"TNR_Aviation_CRS"
"607","0607",13.8309586726822,"BOTSWANA_SOUTHERN_BAROLONG_MAROJANE","Botswana",13.832181221706,0.00122254902380092,"TNR_Aviation_CRS"
"608","0608",12.9702658806603,"BOTSWANA_SOUTHERN_BAROLONG_METLOBO","Botswana",12.9714206766226,0.00115479596230372,"TNR_Aviation_CRS"
"609","0609",13.7760189031065,"BOTSWANA_SOUTHERN_BAROLONG_METLOJANE","Botswana",13.7772334424605,0.00121453935404148,"TNR_Aviation_CRS"
"610","0610",11.4203161850631,"BOTSWANA_SOUTHERN_BAROLONG_MMAKGORI","Botswana",11.4214543597008,0.00113817463774168,"TNR_Aviation_CRS"
"611","0611",12.530233243478,"BOTSWANA_SOUTHERN_BAROLONG_MMATHETHE","Botswana",12.5313981853337,0.00116494185566651,"TNR_Aviation_CRS"
"612","0612",13.8669766773764,"BOTSWANA_SOUTHERN_BAROLONG_MOGOJOGOJO","Botswana",13.8682006608018,0.00122398342541352,"TNR_Aviation_CRS"
"613","0613",13.5322759544388,"BOTSWANA_SOUTHERN_BAROLONG_MOGWALALE","Botswana",13.5334775945932,0.00120164015441304,"TNR_Aviation_CRS"
"614","0614",13.1907799397319,"BOTSWANA_SOUTHERN_BAROLONG_MOKATAKO","Botswana",13.1919823178434,0.00120237811147916,"TNR_Aviation_CRS"
"615","0615",12.7658692226474,"BOTSWANA_SOUTHERN_BAROLONG_MOKGOMANE","Botswana",12.7670503821645,0.0011811595170812,"TNR_Aviation_CRS"
"616","0616",13.7626584419083,"BOTSWANA_SOUTHERN_BAROLONG_MOLETE","Botswana",13.7638814154817,0.00122297357340706,"TNR_Aviation_CRS"
"617","0617",13.4546787160013,"BOTSWANA_SOUTHERN_BAROLONG_MOTSENTSHE","Botswana",13.4558856546805,0.00120693867928345,"TNR_Aviation_CRS"
"618","0618",12.4283119900163,"BOTSWANA_SOUTHERN_BAROLONG_MUSI","Botswana",12.4294869171474,0.00117492713106415,"TNR_Aviation_CRS"
"619","0619",14.635191217366,"BOTSWANA_SOUTHERN_BAROLONG_NGWATSAU","Botswana",14.6364419217843,0.00125070441830566,"TNR_Aviation_CRS"
"620","0620",14.549469568091,"BOTSWANA_SOUTHERN_BAROLONG_PAPATLO","Botswana",14.5507054158399,0.00123584774889807,"TNR_Aviation_CRS"
"621","0621",14.0803093031148,"BOTSWANA_SOUTHERN_BAROLONG_PHIHITSHWANE","Botswana",14.0815475450784,0.00123824196356992,"TNR_Aviation_CRS"
"622","0622",14.5992637015512,"BOTSWANA_SOUTHERN_BAROLONG_PITSANA-POTOKWE","Botswana",14.6005122343024,0.00124853275122661,"TNR_Aviation_CRS"
"623","0623",14.7184620088143,"BOTSWANA_SOUTHERN_BAROLONG_PITSANE SIDING","Botswana",14.7197153463873,0.00125333757300083,"TNR_Aviation_CRS"
"624","0624",12.7958143344396,"BOTSWANA_SOUTHERN_BAROLONG_PITSHANE MOLOPO","Botswana",12.7970017360614,0.00118740162189113,"TNR_Aviation_CRS"
"625","0625",14.5634515045524,"BOTSWANA_SOUTHERN_BAROLONG_RAKHUNA","Botswana",14.5647137145938,0.00126221004135374,"TNR_Aviation_CRS"
"626","0626",14.5167822094858,"BOTSWANA_SOUTHERN_BAROLONG_RAMATLABAMA","Botswana",14.518030932976,0.00124872349019078,"TNR_Aviation_CRS"
"627","0627",12.8863973318593,"BOTSWANA_SOUTHERN_BAROLONG_SEDIBENG","Botswana",12.8875857217642,0.00118838990490389,"TNR_Aviation_CRS"
"628","0628",10.3725385198664,"BOTSWANA_SOUTHERN_BAROLONG_SEKHUTLANE","Botswana",10.3735899100195,0.00105139015309952,"TNR_Aviation_CRS"
"629","0629",14.429385853798,"BOTSWANA_SOUTHERN_BAROLONG_SHEEP FARM","Botswana",14.4306286539631,0.00124280016504486,"TNR_Aviation_CRS"
"630","0630",14.7959747286424,"BOTSWANA_SOUTHERN_BAROLONG_TLHARESELEELE","Botswana",14.7972403472017,0.0012656185593265,"TNR_Aviation_CRS"
"631","0631",11.1292953605476,"BOTSWANA_SOUTHERN_BAROLONG_TSHIDILAMOLOMO","Botswana",11.1304100754263,0.00111471487872272,"TNR_Aviation_CRS"
"632","0632",11.8760843965255,"BOTSWANA_SOUTHERN_BAROLONG_TSWAANENG","Botswana",11.8772242486131,0.00113985208757938,"TNR_Aviation_CRS"
"633","0633",13.5850955405462,"BOTSWANA_SOUTHERN_BAROLONG_TSWAGARE/LOTHOJE/LOKALANA","Botswana",13.5863138450834,0.00121830453724137,"TNR_Aviation_CRS"
"634","0634",13.1643989601364,"BOTSWANA_SOUTHERN_BAROLONG_TSWANYANENG","Botswana",13.1656083582969,0.0012093981605048,"TNR_Aviation_CRS"
"635","0635",8.58337746363751,"BOTSWANA_SOUTHERN_NGWAKETSE WEST_ITHOLOKE","Botswana",8.58416780090234,0.000790337264824359,"TNR_Aviation_CRS"
"636","0636",7.48068113316613,"BOTSWANA_SOUTHERN_NGWAKETSE WEST_KANAKU","Botswana",7.48141705750735,0.000735924341214833,"TNR_Aviation_CRS"
"637","0637",8.17035813811007,"BOTSWANA_SOUTHERN_NGWAKETSE WEST_KENG","Botswana",8.17116012652495,0.000801988414877997,"TNR_Aviation_CRS"
"638","0638",7.71259332112755,"BOTSWANA_SOUTHERN_NGWAKETSE WEST_KHAKHEA","Botswana",7.71336903137557,0.000775710248020367,"TNR_Aviation_CRS"
"639","0639",8.16998535142472,"BOTSWANA_SOUTHERN_NGWAKETSE WEST_KHONKHWA","Botswana",8.17076835902928,0.000783007604560737,"TNR_Aviation_CRS"
"640","0640",7.20671414312984,"BOTSWANA_SOUTHERN_NGWAKETSE WEST_KOKONG","Botswana",7.20741944649099,0.000705303361145049,"TNR_Aviation_CRS"
"641","0641",8.25751884951805,"BOTSWANA_SOUTHERN_NGWAKETSE WEST_KUTUKU","Botswana",8.25830207424702,0.000783224728966303,"TNR_Aviation_CRS"
"642","0642",7.84555801730846,"BOTSWANA_SOUTHERN_NGWAKETSE WEST_MABUTSANE","Botswana",7.84631785090209,0.00075983359363363,"TNR_Aviation_CRS"
"643","0643",8.41876716728847,"BOTSWANA_SOUTHERN_NGWAKETSE WEST_MAHOTSHWANE","Botswana",8.41958284206061,0.000815674772141506,"TNR_Aviation_CRS"
"644","0644",7.19199650781626,"BOTSWANA_SOUTHERN_NGWAKETSE WEST_MORWAMOSU","Botswana",7.19268681281528,0.000690304999023894,"TNR_Aviation_CRS"
"645","0645",8.30342307962495,"BOTSWANA_SOUTHERN_NGWAKETSE WEST_SEKOMA","Botswana",8.30424013718874,0.00081705756378625,"TNR_Aviation_CRS"
"646","0646",10.3776146522693,"BOTSWANA_SOUTHERN_SOUTHERN_BETESANKWE","Botswana",10.3786186154413,0.0010039631720602,"TNR_Aviation_CRS"
"647","0647",13.2841639168291,"BOTSWANA_SOUTHERN_SOUTHERN_DIABO","Botswana",13.2853583374237,0.00119442059465058,"TNR_Aviation_CRS"
"648","0648",13.9534892635961,"BOTSWANA_SOUTHERN_SOUTHERN_DIPOTSANA","Botswana",13.9546990545341,0.00120979093802731,"TNR_Aviation_CRS"
"649","0649",10.9599768657323,"BOTSWANA_SOUTHERN_SOUTHERN_GASITA","Botswana",10.9610339242236,0.00105705849133919,"TNR_Aviation_CRS"
"650","0650",12.511528388933,"BOTSWANA_SOUTHERN_SOUTHERN_KANYE","Botswana",12.5126945748832,0.00116618595022899,"TNR_Aviation_CRS"
"651","0651",13.9319361273615,"BOTSWANA_SOUTHERN_SOUTHERN_KGOMOKASITWA","Botswana",13.9331730484563,0.00123692109483997,"TNR_Aviation_CRS"
"652","0652",9.96508695258815,"BOTSWANA_SOUTHERN_SOUTHERN_LEFOKO","Botswana",9.96606663324094,0.000979680652783088,"TNR_Aviation_CRS"
"653","0653",13.5316499395483,"BOTSWANA_SOUTHERN_SOUTHERN_LEKGOLOBOTLO","Botswana",13.5328469215319,0.00119698198363771,"TNR_Aviation_CRS"
"654","0654",10.0632541414865,"BOTSWANA_SOUTHERN_SOUTHERN_LOROLWANA","Botswana",10.0642503812843,0.000996239797830256,"TNR_Aviation_CRS"
"655","0655",13.3096288817307,"BOTSWANA_SOUTHERN_SOUTHERN_LOTLHAKANE","Botswana",13.3108205799516,0.00119169822094278,"TNR_Aviation_CRS"
"656","0656",11.6353671462362,"BOTSWANA_SOUTHERN_SOUTHERN_LOTLHAKANE WEST","Botswana",11.6364593398807,0.00109219364450119,"TNR_Aviation_CRS"
"657","0657",13.9818129860629,"BOTSWANA_SOUTHERN_SOUTHERN_MAGOTLHWANE","Botswana",13.9830208401454,0.00120785408252466,"TNR_Aviation_CRS"
"658","0658",13.3157491075497,"BOTSWANA_SOUTHERN_SOUTHERN_MANYANA","Botswana",13.3169191638044,0.00117005625468991,"TNR_Aviation_CRS"
"659","0659",10.1644664565764,"BOTSWANA_SOUTHERN_SOUTHERN_MAOKANE","Botswana",10.1654634216259,0.000996965049498755,"TNR_Aviation_CRS"
"660","0660",13.7210465085355,"BOTSWANA_SOUTHERN_SOUTHERN_MOGONYE","Botswana",13.7222538582369,0.00120734970138159,"TNR_Aviation_CRS"
"661","0661",9.35784386140955,"BOTSWANA_SOUTHERN_SOUTHERN_MOKHOMBA","Botswana",9.35877140417641,0.000927542766859801,"TNR_Aviation_CRS"
"662","0662",13.9486203597295,"BOTSWANA_SOUTHERN_SOUTHERN_MOLAPOWABOJANG","Botswana",13.949843397567,0.00122303783750333,"TNR_Aviation_CRS"
"663","0663",11.406071072002,"BOTSWANA_SOUTHERN_SOUTHERN_MOSHANENG","Botswana",11.4071413741621,0.00107030216008397,"TNR_Aviation_CRS"
"664","0664",12.4012757543177,"BOTSWANA_SOUTHERN_SOUTHERN_MOSHUPA","Botswana",12.4024025257113,0.00112677139358475,"TNR_Aviation_CRS"
"665","0665",13.4779210645101,"BOTSWANA_SOUTHERN_SOUTHERN_NTLHANTLHE","Botswana",13.4791234083189,0.00120234380875317,"TNR_Aviation_CRS"
"666","0666",10.5458881661742,"BOTSWANA_SOUTHERN_SOUTHERN_PITSENG","Botswana",10.5469100812037,0.00102191502947235,"TNR_Aviation_CRS"
"667","0667",10.7022283642698,"BOTSWANA_SOUTHERN_SOUTHERN_RALEKGETHO","Botswana",10.7032688114287,0.00104044715888207,"TNR_Aviation_CRS"
"668","0668",13.3139804877432,"BOTSWANA_SOUTHERN_SOUTHERN_RANAKA","Botswana",13.3151703805567,0.00118989281347304,"TNR_Aviation_CRS"
"669","0669",12.4016357334165,"BOTSWANA_SOUTHERN_SOUTHERN_SEGWAGWA","Botswana",12.4027876712752,0.00115193785868506,"TNR_Aviation_CRS"
"670","0670",10.7693533537641,"BOTSWANA_SOUTHERN_SOUTHERN_SEHERELELA","Botswana",10.7703887555158,0.00103540175173045,"TNR_Aviation_CRS"
"671","0671",11.4155420857399,"BOTSWANA_SOUTHERN_SOUTHERN_SELOKOLELA","Botswana",11.4166461511843,0.001104065444407,"TNR_Aviation_CRS"
"672","0672",8.57581113265673,"BOTSWANA_SOUTHERN_SOUTHERN_SEMANE","Botswana",8.57666430298638,0.000853170329646602,"TNR_Aviation_CRS"
"673","0673",10.0548415925994,"BOTSWANA_SOUTHERN_SOUTHERN_SESE","Botswana",10.05581920243,0.00097760983067019,"TNR_Aviation_CRS"
"674","0674",11.1213433400268,"BOTSWANA_SOUTHERN_SOUTHERN_SESUNG","Botswana",11.1224127751289,0.00106943510209767,"TNR_Aviation_CRS"
"675","0675",9.31973087802736,"BOTSWANA_SOUTHERN_SOUTHERN_TLHANKANE","Botswana",9.32066264692021,0.000931768892849405,"TNR_Aviation_CRS"
"676","0676",11.4003358034012,"BOTSWANA_SOUTHERN_SOUTHERN_TSHWAANE","Botswana",11.4014166400065,0.00108083660525082,"TNR_Aviation_CRS"
"677","0677",10.3548993611054,"BOTSWANA_SOUTHERN_SOUTHERN_TSONYANE","Botswana",10.3559093852284,0.00101002412309015,"TNR_Aviation_CRS"
"678","0678",9.2204121092437,"BOTSWANA_SOWA TOWN_SOWA TOWN_SOWA TOWN","Botswana",9.2211309428776,0.000718833633902349,"TNR_Aviation_CRS"
"679","0679",8.57306577303464,"BOTSWANA_NORTH WEST_NGAMILAND WEST_TOBERE","Botswana",8.57342809975098,0.000362326716340178,"TNR_Aviation_CRS"
"680","0680",10.1196466906961,"BOTSWANA_FRANCISTOWN_FRANCISTOWN_FRANCISTOWN","Botswana",10.1204549944065,0.000808303710343239,"TNR_Aviation_CRS"
"681","0681",9.88410839254197,"BOTSWANA_NORTH EAST_NORTH EAST_MATOPI","Botswana",9.88493787155654,0.000829479014571533,"TNR_Aviation_CRS"
"682","0682",15.155365431617,"LESOTHO_BEREA","Lesotho",15.1572079816795,0.00184255006250389,"TNR_Aviation_CRS"
"683","0683",15.9524781141611,"LESOTHO_BUTHA-BUTHE","Lesotho",15.9540871142326,0.00160900007150744,"TNR_Aviation_CRS"
"684","0684",15.4959390009126,"LESOTHO_LERIBE","Lesotho",15.4976672752136,0.00172827430097477,"TNR_Aviation_CRS"
"685","0685",12.6402054760615,"LESOTHO_MAFETENG","Lesotho",12.6423190608124,0.00211358475088019,"TNR_Aviation_CRS"
"686","0686",15.062745766554,"LESOTHO_MASERU","Lesotho",15.0646137611619,0.00186799460793985,"TNR_Aviation_CRS"
"687","0687",15.522717169871,"LESOTHO_MOHALE'S HOEK","Lesotho",15.524760864751,0.00204369487998157,"TNR_Aviation_CRS"
"688","0688",17.0699685191817,"LESOTHO_MOKHOTLONG","Lesotho",17.0716136086669,0.00164508948526532,"TNR_Aviation_CRS"
"689","0689",12.7119907547307,"LESOTHO_QACHA'S NEK","Lesotho",12.713980664663,0.00198990993234105,"TNR_Aviation_CRS"
"690","0690",12.9967589591864,"LESOTHO_QUTHING","Lesotho",12.9988659923466,0.00210703316018979,"TNR_Aviation_CRS"
"691","0691",15.077820877912,"LESOTHO_THABA-TSEKA","Lesotho",15.0799184108238,0.00209753291184356,"TNR_Aviation_CRS"
"692","0692",11.1445483458291,"MALAWI_SOUTHERN REGION_BALAKA","Malawi",11.1455984308866,0.00105008505749637,"TNR_Aviation_CRS"
"693","0693",9.63185657509474,"MALAWI_SOUTHERN REGION_BLANTYRE","Malawi",9.63237941587794,0.000522840783197864,"TNR_Aviation_CRS"
"694","0694",10.739470539374,"MALAWI_SOUTHERN REGION_BLANTYRE CITY","Malawi",10.7403370344905,0.000866495116582655,"TNR_Aviation_CRS"
"695","0695",13.0548596616507,"MALAWI_SOUTHERN REGION_CHIKWAWA","Malawi",13.0557657742791,0.000906112628419109,"TNR_Aviation_CRS"
"696","0696",11.5505777578677,"MALAWI_SOUTHERN REGION_CHIRADZULU","Malawi",11.551363161764,0.000785403896294667,"TNR_Aviation_CRS"
"697","0697",4.26974429783029,"MALAWI_NORTHERN REGION_CHITIPA","Malawi",4.26996631062334,0.000222012793048343,"TNR_Aviation_CRS"
"698","0698",8.4682632376718,"MALAWI_CENTRAL REGION_DEDZA","Malawi",8.46898600051647,0.000722762844670655,"TNR_Aviation_CRS"
"699","0699",6.54414363819031,"MALAWI_CENTRAL REGION_DOWA","Malawi",6.54471427926115,0.000570641070844147,"TNR_Aviation_CRS"
"700","0700",4.24745623128457,"MALAWI_NORTHERN REGION_KARONGA","Malawi",4.24781612807494,0.000359896790369518,"TNR_Aviation_CRS"
"701","0701",7.31936017094534,"MALAWI_CENTRAL REGION_KASUNGU","Malawi",7.31972414100151,0.000363970056173279,"TNR_Aviation_CRS"
"702","0702",4.83841504713984,"MALAWI_LAKE MALAWI_LAKE MALAWI","Malawi",4.83882313762865,0.00040809048880508,"TNR_Aviation_CRS"
"703","0703",5.92292153374462,"MALAWI_NORTHERN REGION_LIKOMA","Malawi",5.92336475498932,0.000443221244700531,"TNR_Aviation_CRS"
"704","0704",8.61712637182312,"MALAWI_CENTRAL REGION_LILONGWE","Malawi",8.61779202299896,0.00066565117584183,"TNR_Aviation_CRS"
"705","0705",9.21771197686196,"MALAWI_CENTRAL REGION_LILONGWE CITY","Malawi",9.21832163602862,0.000609659166656229,"TNR_Aviation_CRS"
"706","0706",12.4568789636704,"MALAWI_SOUTHERN REGION_MACHINGA","Malawi",12.45797142731,0.00109246363955151,"TNR_Aviation_CRS"
"707","0707",9.27041399015354,"MALAWI_SOUTHERN REGION_MANGOCHI","Malawi",9.27085097405414,0.000436983900604204,"TNR_Aviation_CRS"
"708","0708",9.10011890443923,"MALAWI_CENTRAL REGION_MCHINJI","Malawi",9.10079974843922,0.000680843999990799,"TNR_Aviation_CRS"
"709","0709",12.1313106831674,"MALAWI_SOUTHERN REGION_MULANJE","Malawi",12.1320554191439,0.000744735976445199,"TNR_Aviation_CRS"
"710","0710",12.7459650959099,"MALAWI_SOUTHERN REGION_MWANZA","Malawi",12.7469394506111,0.000974354701174462,"TNR_Aviation_CRS"
"711","0711",10.0181924279473,"MALAWI_NORTHERN REGION_MZIMBA","Malawi",10.0189631767986,0.000770748851316228,"TNR_Aviation_CRS"
"712","0712",9.41304555649038,"MALAWI_NORTHERN REGION_MZUZU CITY","Malawi",9.41361464254774,0.000569086057360835,"TNR_Aviation_CRS"
"713","0713",11.0338129343786,"MALAWI_SOUTHERN REGION_NENO","Malawi",11.0347207835946,0.000907849216012835,"TNR_Aviation_CRS"
"714","0714",9.12623592635325,"MALAWI_NORTHERN REGION_NKHATA BAY","Malawi",9.12690247744898,0.000666551095722667,"TNR_Aviation_CRS"
"715","0715",8.29113280794124,"MALAWI_CENTRAL REGION_NKHOTAKOTA","Malawi",8.29200988673889,0.000877078797646647,"TNR_Aviation_CRS"
"716","0716",13.652980926839,"MALAWI_SOUTHERN REGION_NSANJE","Malawi",13.6535203501016,0.000539423262605254,"TNR_Aviation_CRS"
"717","0717",9.18997766186579,"MALAWI_CENTRAL REGION_NTCHEU","Malawi",9.19085452404698,0.000876862181183213,"TNR_Aviation_CRS"
"718","0718",8.04528705056936,"MALAWI_CENTRAL REGION_NTCHISI","Malawi",8.04612489232643,0.000837841757070024,"TNR_Aviation_CRS"
"719","0719",12.8312993122481,"MALAWI_SOUTHERN REGION_PHALOMBE","Malawi",12.8320502270873,0.000750914839196426,"TNR_Aviation_CRS"
"720","0720",7.26638320364531,"MALAWI_NORTHERN REGION_RUMPHI","Malawi",7.26670402883471,0.000320825189395357,"TNR_Aviation_CRS"
"721","0721",6.57573690324179,"MALAWI_CENTRAL REGION_SALIMA","Malawi",6.57641462310647,0.000677719864677684,"TNR_Aviation_CRS"
"722","0722",12.0625788885482,"MALAWI_SOUTHERN REGION_THYOLO","Malawi",12.0633778442179,0.000798955669683465,"TNR_Aviation_CRS"
"723","0723",10.7074138457273,"MALAWI_SOUTHERN REGION_ZOMBA","Malawi",10.707943487594,0.000529641866712893,"TNR_Aviation_CRS"
"724","0724",9.72253700598037,"MALAWI_SOUTHERN REGION_ZOMBA CITY","Malawi",9.72307990849481,0.000542902514443,"TNR_Aviation_CRS"
"725","0725",11.8754222546265,"MOZAMBIQUE_CABO DELGADO_ANCUABE_ANCUABE SEDE","Mozambique",11.8755958314984,0.000173576871938863,"TNR_Aviation_CRS"
"726","0726",12.3476212464445,"MOZAMBIQUE_CABO DELGADO_ANCUABE_METORO","Mozambique",12.3477943763756,0.000173129931066995,"TNR_Aviation_CRS"
"727","0727",11.7820736662207,"MOZAMBIQUE_CABO DELGADO_ANCUABE_MEZA","Mozambique",11.7822572387495,0.000183572528820619,"TNR_Aviation_CRS"
"728","0728",13.1806094223681,"MOZAMBIQUE_CABO DELGADO_BALAMA_BALAMA SEDE","Mozambique",13.1808024162661,0.000192993897968563,"TNR_Aviation_CRS"
"729","0729",10.9242481475525,"MOZAMBIQUE_CABO DELGADO_BALAMA_IMPIRE","Mozambique",10.9244332375628,0.000185090010329958,"TNR_Aviation_CRS"
"730","0730",13.154716558835,"MOZAMBIQUE_CABO DELGADO_BALAMA_KWEKWE","Mozambique",13.1549255527051,0.000208993870073115,"TNR_Aviation_CRS"
"731","0731",11.994329804615,"MOZAMBIQUE_CABO DELGADO_BALAMA_MAVALA","Mozambique",11.9945021539242,0.000172349309234932,"TNR_Aviation_CRS"
"732","0732",12.6032959838907,"MOZAMBIQUE_CABO DELGADO_CHIÚRE_CHIÚRE SEDE","Mozambique",12.603483732284,0.000187748393264187,"TNR_Aviation_CRS"
"733","0733",12.1655299387266,"MOZAMBIQUE_CABO DELGADO_CHIÚRE_CHIÚRE VELHO","Mozambique",12.1657160630652,0.000186124338608096,"TNR_Aviation_CRS"
"734","0734",12.9445206086986,"MOZAMBIQUE_CABO DELGADO_CHIÚRE_KATAPUA","Mozambique",12.9447261975799,0.000205588881350138,"TNR_Aviation_CRS"
"735","0735",10.6735177970604,"MOZAMBIQUE_CABO DELGADO_CHIÚRE_MAZEZE","Mozambique",10.6736865176879,0.000168720627534924,"TNR_Aviation_CRS"
"736","0736",13.1763439475176,"MOZAMBIQUE_CABO DELGADO_CHIÚRE_NAMOGELIA","Mozambique",13.1765570036497,0.000213056132110978,"TNR_Aviation_CRS"
"737","0737",12.417724845721,"MOZAMBIQUE_CABO DELGADO_CHIÚRE_OCUA","Mozambique",12.417922844518,0.000197998797036192,"TNR_Aviation_CRS"
"738","0738",9.17352137976775,"MOZAMBIQUE_CABO DELGADO_CIDADE DE PEMBA_CIDADE DE PEMBA","Mozambique",9.17367085261542,0.000149472847670751,"TNR_Aviation_CRS"
"739","0739",7.02422407877791,"MOZAMBIQUE_CABO DELGADO_IBO_IBO SEDE","Mozambique",7.0243572117662,0.000133132988286988,"TNR_Aviation_CRS"
"740","0740",6.69914755722982,"MOZAMBIQUE_CABO DELGADO_IBO_QUIRIMBA","Mozambique",6.69928007127088,0.000132514041057519,"TNR_Aviation_CRS"
"741","0741",9.5648470337125,"MOZAMBIQUE_CABO DELGADO_MACOMIA_CHAI","Mozambique",9.56498974179566,0.000142708083158638,"TNR_Aviation_CRS"
"742","0742",10.7760427834022,"MOZAMBIQUE_CABO DELGADO_MACOMIA_MACOMIA SEDE","Mozambique",10.7761854834848,0.000142700082694347,"TNR_Aviation_CRS"
"743","0743",7.84368933604905,"MOZAMBIQUE_CABO DELGADO_MACOMIA_MUCOJO","Mozambique",7.84382226650138,0.000132930452334534,"TNR_Aviation_CRS"
"744","0744",6.934850708173,"MOZAMBIQUE_CABO DELGADO_MACOMIA_QUITERAJO","Mozambique",6.93499575704937,0.000145048876364129,"TNR_Aviation_CRS"
"745","0745",10.0879310040783,"MOZAMBIQUE_CABO DELGADO_MECÚFI_MECÚFI SEDE","Mozambique",10.0880911024174,0.000160098339106796,"TNR_Aviation_CRS"
"746","0746",10.7631226189633,"MOZAMBIQUE_CABO DELGADO_MECÚFI_MURREBUE","Mozambique",10.7632824655662,0.000159846602940661,"TNR_Aviation_CRS"
"747","0747",10.8177758327214,"MOZAMBIQUE_CABO DELGADO_MELUCO_MELUCO","Mozambique",10.8179438537624,0.000168021040975574,"TNR_Aviation_CRS"
"748","0748",11.4398844174663,"MOZAMBIQUE_CABO DELGADO_MELUCO_MUAGUIDE","Mozambique",11.4400392899018,0.000154872435523146,"TNR_Aviation_CRS"
"749","0749",10.3134698953423,"MOZAMBIQUE_CABO DELGADO_METUGE_METUGE SEDE","Mozambique",10.313623415147,0.000153519804694469,"TNR_Aviation_CRS"
"750","0750",10.4971834320581,"MOZAMBIQUE_CABO DELGADO_METUGE_MIEZE","Mozambique",10.4973341449095,0.000150712851359813,"TNR_Aviation_CRS"
"751","0751",9.05238613569584,"MOZAMBIQUE_CABO DELGADO_MOCÍMBOA DA PRAIA_DIACA","Mozambique",9.05252343033347,0.000137294637623242,"TNR_Aviation_CRS"
"752","0752",7.23242711249029,"MOZAMBIQUE_CABO DELGADO_MOCÍMBOA DA PRAIA_MBAU","Mozambique",7.23256928542532,0.000142172935031937,"TNR_Aviation_CRS"
"753","0753",7.5126646390106,"MOZAMBIQUE_CABO DELGADO_MOCÍMBOA DA PRAIA_MOCÍMBOA DA PRAIA SEDE","Mozambique",7.51280440258111,0.000139763570506268,"TNR_Aviation_CRS"
"754","0754",12.1841451736108,"MOZAMBIQUE_CABO DELGADO_MONTEPUEZ_CIDADE DE MONTEPUEZ","Mozambique",12.1843320867126,0.000186913101803299,"TNR_Aviation_CRS"
"755","0755",12.8703928681054,"MOZAMBIQUE_CABO DELGADO_MONTEPUEZ_MAPUPULO","Mozambique",12.8705896791181,0.000196811012719067,"TNR_Aviation_CRS"
"756","0756",13.4399379702575,"MOZAMBIQUE_CABO DELGADO_MONTEPUEZ_MIRATE SEDE","Mozambique",13.4401122509294,0.000174280671839,"TNR_Aviation_CRS"
"757","0757",10.0104202607927,"MOZAMBIQUE_CABO DELGADO_MONTEPUEZ_NAIROTO","Mozambique",10.0105768657597,0.000156604966949914,"TNR_Aviation_CRS"
"758","0758",12.5508294014998,"MOZAMBIQUE_CABO DELGADO_MONTEPUEZ_NAMANHUMBIR","Mozambique",12.5510102794675,0.000180877967665083,"TNR_Aviation_CRS"
"759","0759",10.4671391333367,"MOZAMBIQUE_CABO DELGADO_MUEDA_CHAPA","Mozambique",10.4672913071612,0.000152173824513824,"TNR_Aviation_CRS"
"760","0760",7.30938187580361,"MOZAMBIQUE_CABO DELGADO_MUEDA_IMBUHO SEDE","Mozambique",7.30951106173468,0.000129185931068143,"TNR_Aviation_CRS"
"761","0761",8.40583780420364,"MOZAMBIQUE_CABO DELGADO_MUEDA_MUEDA SEDE","Mozambique",8.40596773524115,0.000129931037509579,"TNR_Aviation_CRS"
"762","0762",8.8125038873011,"MOZAMBIQUE_CABO DELGADO_MUEDA_NAMAUA","Mozambique",8.81263270849243,0.000128821191328399,"TNR_Aviation_CRS"
"763","0763",6.17860014570285,"MOZAMBIQUE_CABO DELGADO_MUEDA_NEGOMANO","Mozambique",6.17871633171139,0.000116186008536801,"TNR_Aviation_CRS"
"764","0764",6.63025444231763,"MOZAMBIQUE_CABO DELGADO_MUEDA_NGAPA","Mozambique",6.63037706219259,0.000122619874960428,"TNR_Aviation_CRS"
"765","0765",8.90425081078156,"MOZAMBIQUE_CABO DELGADO_MUIDUMBE_CHITUNDA","Mozambique",8.90439303247132,0.000142221689756639,"TNR_Aviation_CRS"
"766","0766",12.7468309180973,"MOZAMBIQUE_CABO DELGADO_MUIDUMBE_MITEDA","Mozambique",12.746976642051,0.00014572395369683,"TNR_Aviation_CRS"
"767","0767",10.2018464184741,"MOZAMBIQUE_CABO DELGADO_MUIDUMBE_MUAMBULA","Mozambique",10.2019892267647,0.000142808290648944,"TNR_Aviation_CRS"
"768","0768",13.5691983120106,"MOZAMBIQUE_CABO DELGADO_NAMUNO_HUCULA","Mozambique",13.5694198403094,0.000221528298835594,"TNR_Aviation_CRS"
"769","0769",14.8633787342177,"MOZAMBIQUE_CABO DELGADO_NAMUNO_MACHOCA","Mozambique",14.8636110234096,0.000232289191872681,"TNR_Aviation_CRS"
"770","0770",12.9455790092008,"MOZAMBIQUE_CABO DELGADO_NAMUNO_MELOCO","Mozambique",12.9457866891414,0.000207679940613659,"TNR_Aviation_CRS"
"771","0771",14.6603008744774,"MOZAMBIQUE_CABO DELGADO_NAMUNO_NAMUNO SEDE","Mozambique",14.6605107063139,0.00020983183644141,"TNR_Aviation_CRS"
"772","0772",14.2706986519804,"MOZAMBIQUE_CABO DELGADO_NAMUNO_NCUMPE","Mozambique",14.2709209250476,0.000222273067148393,"TNR_Aviation_CRS"
"773","0773",13.4688174217428,"MOZAMBIQUE_CABO DELGADO_NAMUNO_PAPAI","Mozambique",13.4690491265049,0.000231704762088114,"TNR_Aviation_CRS"
"774","0774",6.52978990702828,"MOZAMBIQUE_CABO DELGADO_NANGADE_NANGADE SEDE","Mozambique",6.52990405380238,0.000114146774096824,"TNR_Aviation_CRS"
"775","0775",8.74760075484852,"MOZAMBIQUE_CABO DELGADO_NANGADE_NTAMBA","Mozambique",8.74772481691451,0.000124062065985697,"TNR_Aviation_CRS"
"776","0776",4.89401340689616,"MOZAMBIQUE_CABO DELGADO_PALMA_OLUMBE","Mozambique",4.89412006378788,0.000106656891714962,"TNR_Aviation_CRS"
"777","0777",5.01062570733755,"MOZAMBIQUE_CABO DELGADO_PALMA_PALMA","Mozambique",5.01071575292628,9.00455887276053e-05,"TNR_Aviation_CRS"
"778","0778",5.08109542468283,"MOZAMBIQUE_CABO DELGADO_PALMA_PUNDANHAR","Mozambique",5.08120031694151,0.000104892258682376,"TNR_Aviation_CRS"
"779","0779",2.66056588617573,"MOZAMBIQUE_CABO DELGADO_PALMA_QUIONGA","Mozambique",2.66065142240985,8.55362341227739e-05,"TNR_Aviation_CRS"
"780","0780",10.6656615052975,"MOZAMBIQUE_CABO DELGADO_QUISSANGA_BILIBIZA","Mozambique",10.6658092024349,0.000147697137430569,"TNR_Aviation_CRS"
"781","0781",9.91000161952941,"MOZAMBIQUE_CABO DELGADO_QUISSANGA_MAHATE","Mozambique",9.91014563719722,0.000144017667805585,"TNR_Aviation_CRS"
"782","0782",11.319764206312,"MOZAMBIQUE_CIDADE DE MAPUTO_KAMAVOTA_KAMAVOTA","Mozambique",11.3205370048724,0.000772798560401355,"TNR_Aviation_CRS"
"783","0783",11.5127352276943,"MOZAMBIQUE_CIDADE DE MAPUTO_KAMAXAKENI_KAMAXAKENI","Mozambique",11.5135169989125,0.000781771218226979,"TNR_Aviation_CRS"
"784","0784",11.4151572146039,"MOZAMBIQUE_CIDADE DE MAPUTO_KAMPFUMO_KAMPFUMO","Mozambique",11.4159261178862,0.000768903282340361,"TNR_Aviation_CRS"
"785","0785",11.6105093717525,"MOZAMBIQUE_CIDADE DE MAPUTO_KAMUBUKWANA_KAMUBUKWANA","Mozambique",11.6113101116401,0.000800739887580448,"TNR_Aviation_CRS"
"786","0786",8.84975086863512,"MOZAMBIQUE_CIDADE DE MAPUTO_KANYAKA_KANYAKA","Mozambique",8.85043986371736,0.000688995082239074,"TNR_Aviation_CRS"
"787","0787",11.565504170553,"MOZAMBIQUE_CIDADE DE MAPUTO_KATEMBE_KATEMBE","Mozambique",11.5662833837481,0.000779213195063022,"TNR_Aviation_CRS"
"788","0788",11.5608128934763,"MOZAMBIQUE_CIDADE DE MAPUTO_NHLAMANKULO_NHLAMANKULO","Mozambique",11.5615903674795,0.000777474003182732,"TNR_Aviation_CRS"
"789","0789",12.2197506458924,"MOZAMBIQUE_GAZA_BILENE_BILENE MACIA","Mozambique",12.2204939591733,0.000743313280986868,"TNR_Aviation_CRS"
"790","0790",11.7084960379673,"MOZAMBIQUE_GAZA_BILENE_INCAIA","Mozambique",11.7092228713953,0.000726833427957985,"TNR_Aviation_CRS"
"791","0791",11.4993291790849,"MOZAMBIQUE_GAZA_BILENE_MACUANE","Mozambique",11.5000490326275,0.00071985354258608,"TNR_Aviation_CRS"
"792","0792",11.5354913703765,"MOZAMBIQUE_GAZA_BILENE_MAZIVILA","Mozambique",11.5362394626114,0.000748092234927,"TNR_Aviation_CRS"
"793","0793",11.7554816780593,"MOZAMBIQUE_GAZA_BILENE_MESSANO","Mozambique",11.7562513771489,0.000769699089646636,"TNR_Aviation_CRS"
"794","0794",10.8410300599921,"MOZAMBIQUE_GAZA_BILENE_PRAIA DE BILENE","Mozambique",10.841747232769,0.000717172776941055,"TNR_Aviation_CRS"
"795","0795",9.89716265020401,"MOZAMBIQUE_GAZA_CHIBUTO_ALTO CHANGANE","Mozambique",9.89781017404383,0.000647523839822028,"TNR_Aviation_CRS"
"796","0796",9.93176326211524,"MOZAMBIQUE_GAZA_CHIBUTO_CHANGANINE","Mozambique",9.93236890629346,0.000605644178223841,"TNR_Aviation_CRS"
"797","0797",10.303033861888,"MOZAMBIQUE_GAZA_CHIBUTO_CIDADE DE CHIBUTO","Mozambique",10.3037098513452,0.000675989457178616,"TNR_Aviation_CRS"
"798","0798",9.93240567192917,"MOZAMBIQUE_GAZA_CHIBUTO_GODIDE","Mozambique",9.93306829967054,0.000662627741377264,"TNR_Aviation_CRS"
"799","0799",10.208746911852,"MOZAMBIQUE_GAZA_CHIBUTO_MALEHICE","Mozambique",10.2094089053842,0.000661993532286687,"TNR_Aviation_CRS"
"800","0800",10.5449803689832,"MOZAMBIQUE_GAZA_CHIBUTO_TCHAIMITE","Mozambique",10.5456822674239,0.000701898440684801,"TNR_Aviation_CRS"
"801","0801",11.8156188245234,"MOZAMBIQUE_GAZA_CHICUALACUALA_EDUARDO MONDLANE","Mozambique",11.8163606165202,0.000741791996789587,"TNR_Aviation_CRS"
"802","0802",10.3898248698401,"MOZAMBIQUE_GAZA_CHICUALACUALA_PAFURI","Mozambique",10.3906470384753,0.000822168635169263,"TNR_Aviation_CRS"
"803","0803",11.4726311030664,"MOZAMBIQUE_GAZA_CHIGUBO_CHIGUBO SEDE","Mozambique",11.4731975242953,0.000566421228862524,"TNR_Aviation_CRS"
"804","0804",9.90899261935599,"MOZAMBIQUE_GAZA_CHIGUBO_NDINDIZA","Mozambique",9.90957341540315,0.000580796047163545,"TNR_Aviation_CRS"
"805","0805",10.6383632668735,"MOZAMBIQUE_GAZA_CHÓKWÈ_CIDADE DE CHÓKWÈ","Mozambique",10.6391056243587,0.000742357485227885,"TNR_Aviation_CRS"
"806","0806",10.8180576297326,"MOZAMBIQUE_GAZA_CHÓKWÈ_LIONDE","Mozambique",10.8188223266887,0.000764696956132127,"TNR_Aviation_CRS"
"807","0807",10.3366359947998,"MOZAMBIQUE_GAZA_CHÓKWÈ_MACARRETANE","Mozambique",10.3373999991138,0.000764004314049771,"TNR_Aviation_CRS"
"808","0808",10.7000418734317,"MOZAMBIQUE_GAZA_CHÓKWÈ_XILEMBENE","Mozambique",10.7007563933776,0.000714519945844927,"TNR_Aviation_CRS"
"809","0809",9.604873899497,"MOZAMBIQUE_GAZA_CHONGOENE_CHONGOENE","Mozambique",9.60552095100037,0.000647051503371188,"TNR_Aviation_CRS"
"810","0810",9.87559120896973,"MOZAMBIQUE_GAZA_CHONGOENE_MAZUCANE","Mozambique",9.87618735159967,0.00059614262994323,"TNR_Aviation_CRS"
"811","0811",9.09000745524993,"MOZAMBIQUE_GAZA_CHONGOENE_NGUZENE","Mozambique",9.09061994148494,0.000612486235013421,"TNR_Aviation_CRS"
"812","0812",9.68329291272842,"MOZAMBIQUE_GAZA_CIDADE DE XAI-XAI_CIDADE DE XAI-XAI","Mozambique",9.68395940482803,0.000666492099608007,"TNR_Aviation_CRS"
"813","0813",10.0539401704966,"MOZAMBIQUE_GAZA_GUIJÁ_CHIVONGOENE","Mozambique",10.0546564969285,0.000716326431977166,"TNR_Aviation_CRS"
"814","0814",10.269888410181,"MOZAMBIQUE_GAZA_GUIJÁ_MUBANGOENE","Mozambique",10.2705949962143,0.000706586033370371,"TNR_Aviation_CRS"
"815","0815",9.94811978660965,"MOZAMBIQUE_GAZA_GUIJÁ_NALAZI","Mozambique",9.94877938056752,0.000659593957866633,"TNR_Aviation_CRS"
"816","0816",10.5743603328437,"MOZAMBIQUE_GAZA_GUIJÁ_VILA CANIÇADO","Mozambique",10.5750998274369,0.000739494593167578,"TNR_Aviation_CRS"
"817","0817",10.6728930039531,"MOZAMBIQUE_GAZA_LIMPOPO_CHICUMBANE","Mozambique",10.6735760417701,0.000683037816941123,"TNR_Aviation_CRS"
"818","0818",11.171251999706,"MOZAMBIQUE_GAZA_LIMPOPO_CHISSANO","Mozambique",11.1719652294061,0.000713229700052054,"TNR_Aviation_CRS"
"819","0819",10.2938573894022,"MOZAMBIQUE_GAZA_LIMPOPO_ZONGOENE","Mozambique",10.2945496311622,0.000692241759910672,"TNR_Aviation_CRS"
"820","0820",9.67117358250649,"MOZAMBIQUE_GAZA_MABALANE_COMBOMUNE","Mozambique",9.6718282332516,0.000654650745108398,"TNR_Aviation_CRS"
"821","0821",9.63262850791457,"MOZAMBIQUE_GAZA_MABALANE_MABALANE","Mozambique",9.63330964118472,0.000681133270152401,"TNR_Aviation_CRS"
"822","0822",9.66983835073302,"MOZAMBIQUE_GAZA_MABALANE_NTLHAVENE","Mozambique",9.67054914812078,0.000710797387759143,"TNR_Aviation_CRS"
"823","0823",9.82831914937037,"MOZAMBIQUE_GAZA_MANDLAKAZE_CHALALA","Mozambique",9.82894716181327,0.000628012442902559,"TNR_Aviation_CRS"
"824","0824",9.17143520273799,"MOZAMBIQUE_GAZA_MANDLAKAZE_CHIBONDZANE","Mozambique",9.17202502613542,0.000589823397428191,"TNR_Aviation_CRS"
"825","0825",8.80902628930911,"MOZAMBIQUE_GAZA_MANDLAKAZE_CHIDENGUELE","Mozambique",8.80961465814866,0.000588368839549602,"TNR_Aviation_CRS"
"826","0826",10.0874064788032,"MOZAMBIQUE_GAZA_MANDLAKAZE_MACUACUA","Mozambique",10.0880373791088,0.000630900305568005,"TNR_Aviation_CRS"
"827","0827",9.76294599689343,"MOZAMBIQUE_GAZA_MANDLAKAZE_MANDLAKAZE SEDE","Mozambique",9.7635784397255,0.000632442832063873,"TNR_Aviation_CRS"
"828","0828",9.44106185767234,"MOZAMBIQUE_GAZA_MAPAI_MACHAILA","Mozambique",9.44164267154708,0.000580813874735853,"TNR_Aviation_CRS"
"829","0829",10.1071543991236,"MOZAMBIQUE_GAZA_MAPAI_MAPAI","Mozambique",10.1078559184534,0.000701519329826539,"TNR_Aviation_CRS"
"830","0830",10.8166355967926,"MOZAMBIQUE_GAZA_MASSANGENA_MASSANGENA","Mozambique",10.817167805071,0.000532208278411161,"TNR_Aviation_CRS"
"831","0831",10.908308646143,"MOZAMBIQUE_GAZA_MASSANGENA_MAVUE","Mozambique",10.9089300952821,0.000621449139140751,"TNR_Aviation_CRS"
"832","0832",10.2373078548334,"MOZAMBIQUE_GAZA_MASSINGIR_MASSINGIR SEDE","Mozambique",10.2381326356704,0.000824780837039185,"TNR_Aviation_CRS"
"833","0833",10.2278654527127,"MOZAMBIQUE_GAZA_MASSINGIR_MAVODZE","Mozambique",10.2287090660882,0.000843613375561603,"TNR_Aviation_CRS"
"834","0834",9.72189303630435,"MOZAMBIQUE_GAZA_MASSINGIR_ZULO","Mozambique",9.72264118668455,0.000748150380195156,"TNR_Aviation_CRS"
"835","0835",8.1466067091239,"MOZAMBIQUE_INHAMBANE_CIDADE DA MAXIXE_CIDADE DA MAXIXE","Mozambique",8.14702625382214,0.000419544698248231,"TNR_Aviation_CRS"
"836","0836",7.1020669565356,"MOZAMBIQUE_INHAMBANE_CIDADE DE INHAMBANE_CIDADE DE INHAMBANE","Mozambique",7.10249739307764,0.000430436542041335,"TNR_Aviation_CRS"
"837","0837",11.4640909008936,"MOZAMBIQUE_INHAMBANE_FUNHALOURO_FUNHALOURO","Mozambique",11.4645713324956,0.000480431601994624,"TNR_Aviation_CRS"
"838","0838",9.86376284803937,"MOZAMBIQUE_INHAMBANE_FUNHALOURO_TOME","Mozambique",9.86422871150623,0.000465863466862615,"TNR_Aviation_CRS"
"839","0839",10.1836925818942,"MOZAMBIQUE_INHAMBANE_GOVURO_NOVA MAMBONE","Mozambique",10.1840507254576,0.000358143563484958,"TNR_Aviation_CRS"
"840","0840",10.5919298193621,"MOZAMBIQUE_INHAMBANE_GOVURO_SAVE","Mozambique",10.5923164973909,0.000386678028737819,"TNR_Aviation_CRS"
"841","0841",8.63711097169969,"MOZAMBIQUE_INHAMBANE_HOMOÍNE_HOMOÍNE SEDE","Mozambique",8.63757692624691,0.000465954547216541,"TNR_Aviation_CRS"
"842","0842",10.1967426506049,"MOZAMBIQUE_INHAMBANE_HOMOÍNE_PEMBE","Mozambique",10.1971923906201,0.000449740015200817,"TNR_Aviation_CRS"
"843","0843",7.67919872596609,"MOZAMBIQUE_INHAMBANE_INHARRIME_INHARRIME SEDE","Mozambique",7.67968300841073,0.000484282444636719,"TNR_Aviation_CRS"
"844","0844",9.41899642663538,"MOZAMBIQUE_INHAMBANE_INHARRIME_MUCUMBI","Mozambique",9.41953816919284,0.000541742557460978,"TNR_Aviation_CRS"
"845","0845",6.884436495161,"MOZAMBIQUE_INHAMBANE_INHASSORO_BAZARUTO","Mozambique",6.88477357460672,0.000337079445723809,"TNR_Aviation_CRS"
"846","0846",9.83808477705347,"MOZAMBIQUE_INHAMBANE_INHASSORO_INHASSORO","Mozambique",9.83844028635926,0.000355509305789425,"TNR_Aviation_CRS"
"847","0847",7.96632197900311,"MOZAMBIQUE_INHAMBANE_JANGAMO_CUMBANA","Mozambique",7.96679529670208,0.000473317698975961,"TNR_Aviation_CRS"
"848","0848",7.18233377260613,"MOZAMBIQUE_INHAMBANE_JANGAMO_JANGAMO","Mozambique",7.18278051291627,0.000446740310144023,"TNR_Aviation_CRS"
"849","0849",9.33290169479291,"MOZAMBIQUE_INHAMBANE_MABOTE_MABOTE","Mozambique",9.33334610567283,0.000444410879920198,"TNR_Aviation_CRS"
"850","0850",9.78175613506625,"MOZAMBIQUE_INHAMBANE_MABOTE_ZIMANE","Mozambique",9.78225285680542,0.000496721739168038,"TNR_Aviation_CRS"
"851","0851",9.73174318866191,"MOZAMBIQUE_INHAMBANE_MABOTE_ZINAVE","Mozambique",9.73220528562394,0.000462096962026592,"TNR_Aviation_CRS"
"852","0852",10.7835309023504,"MOZAMBIQUE_INHAMBANE_MASSINGA_CHICOMO","Mozambique",10.7839138714629,0.000382969112544984,"TNR_Aviation_CRS"
"853","0853",8.65302530299545,"MOZAMBIQUE_INHAMBANE_MASSINGA_MASSINGA","Mozambique",8.6534237033458,0.000398400350347217,"TNR_Aviation_CRS"
"854","0854",10.8301353258336,"MOZAMBIQUE_INHAMBANE_MORRUMBENE_MOCODUENE","Mozambique",10.8305527335552,0.000417407721606367,"TNR_Aviation_CRS"
"855","0855",9.29562398105943,"MOZAMBIQUE_INHAMBANE_MORRUMBENE_MORRUMBENE","Mozambique",9.2960360318163,0.000412050756871452,"TNR_Aviation_CRS"
"856","0856",10.7923913248713,"MOZAMBIQUE_INHAMBANE_PANDA_MAWAYELA","Mozambique",10.79296266919,0.000571344318736067,"TNR_Aviation_CRS"
"857","0857",11.065838164632,"MOZAMBIQUE_INHAMBANE_PANDA_PANDA","Mozambique",11.0663570504307,0.000518885798681978,"TNR_Aviation_CRS"
"858","0858",10.819626085739,"MOZAMBIQUE_INHAMBANE_PANDA_URRENE","Mozambique",10.820134687019,0.000508601280028387,"TNR_Aviation_CRS"
"859","0859",9.96558289670322,"MOZAMBIQUE_INHAMBANE_VILANKULO_MAPINHANE","Mozambique",9.9659415511645,0.00035865446127481,"TNR_Aviation_CRS"
"860","0860",7.89237315840123,"MOZAMBIQUE_INHAMBANE_VILANKULO_VILANKULO","Mozambique",7.89272956241764,0.000356404016415013,"TNR_Aviation_CRS"
"861","0861",7.92743878517767,"MOZAMBIQUE_INHAMBANE_ZAVALA_QUISSICO","Mozambique",7.92795322370752,0.000514438529852335,"TNR_Aviation_CRS"
"862","0862",8.6883154141791,"MOZAMBIQUE_INHAMBANE_ZAVALA_ZANDAMELA","Mozambique",8.6888702220924,0.000554807913296429,"TNR_Aviation_CRS"
"863","0863",5.2049886831043,"MOZAMBIQUE_LAKE MALAWI_LAKE MALAWI_LAKE MALAWI","Mozambique",5.20527248759786,0.000283804493556694,"TNR_Aviation_CRS"
"864","0864",20.4001610850398,"MOZAMBIQUE_MANICA_BÁRUÈ_CATANDICA","Mozambique",20.4009890173938,0.000827932353985261,"TNR_Aviation_CRS"
"865","0865",21.8478980452157,"MOZAMBIQUE_MANICA_BÁRUÈ_CHOA","Mozambique",21.8487242726743,0.000826227458574635,"TNR_Aviation_CRS"
"866","0866",13.8727296247288,"MOZAMBIQUE_MANICA_BÁRUÈ_NHAMPASSA","Mozambique",13.8734609728279,0.000731348099105134,"TNR_Aviation_CRS"
"867","0867",20.5022116074033,"MOZAMBIQUE_MANICA_CIDADE DE CHIMOIO_CHIMOIO","Mozambique",20.5029179450141,0.000706337610786534,"TNR_Aviation_CRS"
"868","0868",19.5396019402967,"MOZAMBIQUE_MANICA_GONDOLA_AMATONGAS","Mozambique",19.5402560736117,0.000654133314924366,"TNR_Aviation_CRS"
"869","0869",20.1363666773491,"MOZAMBIQUE_MANICA_GONDOLA_CAFUMPE","Mozambique",20.1370606412587,0.000693963909640161,"TNR_Aviation_CRS"
"870","0870",19.5211829329718,"MOZAMBIQUE_MANICA_GONDOLA_GONDOLA","Mozambique",19.521886728796,0.000703795824204434,"TNR_Aviation_CRS"
"871","0871",21.1750484825044,"MOZAMBIQUE_MANICA_GONDOLA_INCHOPE","Mozambique",21.1756846694722,0.000636186967778229,"TNR_Aviation_CRS"
"872","0872",10.3987902065483,"MOZAMBIQUE_MANICA_GURO_GURO SEDE","Mozambique",10.3994228302235,0.000632623675191013,"TNR_Aviation_CRS"
"873","0873",10.5444277047861,"MOZAMBIQUE_MANICA_GURO_MANDIE","Mozambique",10.544993591574,0.000565886787944336,"TNR_Aviation_CRS"
"874","0874",11.1347145978116,"MOZAMBIQUE_MANICA_GURO_MUNGARI","Mozambique",11.1352998815775,0.000585283765905942,"TNR_Aviation_CRS"
"875","0875",10.5781105901094,"MOZAMBIQUE_MANICA_GURO_NHAMASSONGE","Mozambique",10.5786743831994,0.000563793090011089,"TNR_Aviation_CRS"
"876","0876",20.7031293988902,"MOZAMBIQUE_MANICA_MACATE_MACATE SEDE","Mozambique",20.703782239444,0.000652840553893697,"TNR_Aviation_CRS"
"877","0877",17.7337701235312,"MOZAMBIQUE_MANICA_MACATE_ZEMBE","Mozambique",17.7344797819483,0.000709658417139991,"TNR_Aviation_CRS"
"878","0878",13.0523533293658,"MOZAMBIQUE_MANICA_MACHAZE_CHITOBE","Mozambique",13.052847838761,0.000494509395146281,"TNR_Aviation_CRS"
"879","0879",11.5882111988453,"MOZAMBIQUE_MANICA_MACHAZE_SAVE","Mozambique",11.588691503037,0.000480304191757597,"TNR_Aviation_CRS"
"880","0880",16.8362382760934,"MOZAMBIQUE_MANICA_MACOSSA_MACOSSA SEDE","Mozambique",16.8369361811204,0.000697905026999734,"TNR_Aviation_CRS"
"881","0881",21.3665186838711,"MOZAMBIQUE_MANICA_MACOSSA_NGUAWALA","Mozambique",21.3673401346811,0.000821450810015278,"TNR_Aviation_CRS"
"882","0882",19.7769625197931,"MOZAMBIQUE_MANICA_MACOSSA_NHAMAGUA","Mozambique",19.7777053621842,0.000742842391140641,"TNR_Aviation_CRS"
"883","0883",20.9992324592131,"MOZAMBIQUE_MANICA_MANICA_MACHIPANDA","Mozambique",21.0006060051857,0.00137354597260497,"TNR_Aviation_CRS"
"884","0884",20.9610307814361,"MOZAMBIQUE_MANICA_MANICA_MAVONDE","Mozambique",20.9618630919116,0.000832310475527009,"TNR_Aviation_CRS"
"885","0885",15.9998100386419,"MOZAMBIQUE_MANICA_MANICA_MESSICA","Mozambique",16.0006748289609,0.00086479031898179,"TNR_Aviation_CRS"
"886","0886",18.1205660897365,"MOZAMBIQUE_MANICA_MANICA_MUNICIPIO DE MANICA","Mozambique",18.1214449639254,0.000878874188906309,"TNR_Aviation_CRS"
"887","0887",14.2706718527047,"MOZAMBIQUE_MANICA_MOSSURIZE_CHIURAIRUE","Mozambique",14.271352139708,0.00068028700330558,"TNR_Aviation_CRS"
"888","0888",18.6296295746289,"MOZAMBIQUE_MANICA_MOSSURIZE_DACATA","Mozambique",18.6303155870148,0.000686012385884283,"TNR_Aviation_CRS"
"889","0889",15.0554782131054,"MOZAMBIQUE_MANICA_MOSSURIZE_ESPUNGABERA","Mozambique",15.0561915106233,0.000713297517970446,"TNR_Aviation_CRS"
"890","0890",19.077367949265,"MOZAMBIQUE_MANICA_SUSSUNDENGA_DOMBE","Mozambique",19.0780330556548,0.000665106389810433,"TNR_Aviation_CRS"
"891","0891",22.7979145681976,"MOZAMBIQUE_MANICA_SUSSUNDENGA_MUOHA","Mozambique",22.798728469224,0.000813901026443631,"TNR_Aviation_CRS"
"892","0892",16.5781111682074,"MOZAMBIQUE_MANICA_SUSSUNDENGA_ROTANDA","Mozambique",16.5788941117502,0.000782943542802172,"TNR_Aviation_CRS"
"893","0893",18.6136223815601,"MOZAMBIQUE_MANICA_SUSSUNDENGA_SUSSUNDENGA SEDE","Mozambique",18.6143045137937,0.000682132233642108,"TNR_Aviation_CRS"
"894","0894",10.9791719882384,"MOZAMBIQUE_MANICA_TAMBARA_BUZUA","Mozambique",10.9797455761582,0.000573587919832974,"TNR_Aviation_CRS"
"895","0895",10.449873602749,"MOZAMBIQUE_MANICA_TAMBARA_NHACAFULA","Mozambique",10.4504358848696,0.000562282120577962,"TNR_Aviation_CRS"
"896","0896",11.2585274449306,"MOZAMBIQUE_MANICA_TAMBARA_NHACOLO","Mozambique",11.2590915133631,0.000564068432488796,"TNR_Aviation_CRS"
"897","0897",18.4748965943609,"MOZAMBIQUE_MANICA_VANDUZI_MATSINHO","Mozambique",18.4756594477356,0.000762853374776995,"TNR_Aviation_CRS"
"898","0898",18.0847189201066,"MOZAMBIQUE_MANICA_VANDUZI_VANDUZI SEDE","Mozambique",18.0854938191942,0.000774899087630843,"TNR_Aviation_CRS"
"899","0899",11.6382767822974,"MOZAMBIQUE_MAPUTO_BOANE_BOANE","Mozambique",11.6390848962946,0.000808113997193161,"TNR_Aviation_CRS"
"900","0900",12.3920460117779,"MOZAMBIQUE_MAPUTO_BOANE_MATOLA RIO","Mozambique",12.3928701662473,0.000824154469423632,"TNR_Aviation_CRS"
"901","0901",12.1225205841195,"MOZAMBIQUE_MAPUTO_CIDADE DA MATOLA_CIDADE DA MATOLA","Mozambique",12.1233260913799,0.000805507260377425,"TNR_Aviation_CRS"
"902","0902",11.714870589941,"MOZAMBIQUE_MAPUTO_CIDADE DA MATOLA_INFULENE","Mozambique",11.7156837396166,0.000813149675657598,"TNR_Aviation_CRS"
"903","0903",12.8543454187402,"MOZAMBIQUE_MAPUTO_CIDADE DA MATOLA_MACHAVA","Mozambique",12.8551610977416,0.000815679001402003,"TNR_Aviation_CRS"
"904","0904",11.8725838240438,"MOZAMBIQUE_MAPUTO_MAGUDE_MAGUDE","Mozambique",11.873420192922,0.000836368878163185,"TNR_Aviation_CRS"
"905","0905",10.8929112563852,"MOZAMBIQUE_MAPUTO_MAGUDE_MAHELE","Mozambique",10.8937367098559,0.000825453470671533,"TNR_Aviation_CRS"
"906","0906",11.223577082393,"MOZAMBIQUE_MAPUTO_MAGUDE_MAPULANGUENE","Mozambique",11.2244715927535,0.000894510360570422,"TNR_Aviation_CRS"
"907","0907",10.8836077456721,"MOZAMBIQUE_MAPUTO_MAGUDE_MOTAZE","Mozambique",10.8844234674389,0.000815721766775468,"TNR_Aviation_CRS"
"908","0908",11.8119927625775,"MOZAMBIQUE_MAPUTO_MAGUDE_PANJANE","Mozambique",11.8128841677289,0.00089140515148145,"TNR_Aviation_CRS"
"909","0909",11.9800691497923,"MOZAMBIQUE_MAPUTO_MANHIÇA_3 DE FEVEREIRO","Mozambique",11.9808516262668,0.000782476474462612,"TNR_Aviation_CRS"
"910","0910",10.9944150357816,"MOZAMBIQUE_MAPUTO_MANHIÇA_CALANGA","Mozambique",10.9951567610839,0.000741725302248142,"TNR_Aviation_CRS"
"911","0911",12.3134376548896,"MOZAMBIQUE_MAPUTO_MANHIÇA_ILHA JOSINA MACHEL","Mozambique",12.3141993892618,0.000761734372213496,"TNR_Aviation_CRS"
"912","0912",12.3267456839706,"MOZAMBIQUE_MAPUTO_MANHIÇA_MALUANA","Mozambique",12.3275453904845,0.000799706513893383,"TNR_Aviation_CRS"
"913","0913",11.7919578154249,"MOZAMBIQUE_MAPUTO_MANHIÇA_MUNICÍPIO DE MANHIÇA","Mozambique",11.7927557587522,0.000797943327238926,"TNR_Aviation_CRS"
"914","0914",12.4004308584335,"MOZAMBIQUE_MAPUTO_MANHIÇA_XINAVANE","Mozambique",12.4012310477647,0.000800189331251033,"TNR_Aviation_CRS"
"915","0915",10.726070177058,"MOZAMBIQUE_MAPUTO_MARRACUENE_MACHUBO","Mozambique",10.7268318517546,0.00076167469661037,"TNR_Aviation_CRS"
"916","0916",12.0127896683082,"MOZAMBIQUE_MAPUTO_MARRACUENE_MARRACUENE","Mozambique",12.013576512416,0.000786844107746987,"TNR_Aviation_CRS"
"917","0917",10.0295134632345,"MOZAMBIQUE_MAPUTO_MATUTUINE_BELA VISTA","Mozambique",10.030226951474,0.000713488239448168,"TNR_Aviation_CRS"
"918","0918",10.8085608186787,"MOZAMBIQUE_MAPUTO_MATUTUINE_CATEMBE M'SIME","Mozambique",10.8093196899778,0.000758871299080255,"TNR_Aviation_CRS"
"919","0919",11.8632012713726,"MOZAMBIQUE_MAPUTO_MATUTUINE_CATUANE","Mozambique",11.8639773549543,0.000776083581765619,"TNR_Aviation_CRS"
"920","0920",8.49204936325915,"MOZAMBIQUE_MAPUTO_MATUTUINE_MACHANGULO","Mozambique",8.49271477134632,0.000665408087165531,"TNR_Aviation_CRS"
"921","0921",9.37904021749741,"MOZAMBIQUE_MAPUTO_MATUTUINE_ZITUNDO","Mozambique",9.37973137580682,0.00069115830941513,"TNR_Aviation_CRS"
"922","0922",12.6602864659442,"MOZAMBIQUE_MAPUTO_MOAMBA_MOAMBA","Mozambique",12.6611574885605,0.00087102261626093,"TNR_Aviation_CRS"
"923","0923",12.6883445621723,"MOZAMBIQUE_MAPUTO_MOAMBA_PESSENE","Mozambique",12.6891973420238,0.000852779851477692,"TNR_Aviation_CRS"
"924","0924",13.8536018545338,"MOZAMBIQUE_MAPUTO_MOAMBA_RESSANO GARCIA","Mozambique",13.8545458896621,0.000944035128345178,"TNR_Aviation_CRS"
"925","0925",12.1318981646305,"MOZAMBIQUE_MAPUTO_MOAMBA_SABIE","Mozambique",12.1327802857565,0.00088212112605035,"TNR_Aviation_CRS"
"926","0926",11.99905045787,"MOZAMBIQUE_MAPUTO_NAMAACHA_CHANGALANE","Mozambique",11.9998628942535,0.000812436383476722,"TNR_Aviation_CRS"
"927","0927",12.3527989697614,"MOZAMBIQUE_MAPUTO_NAMAACHA_NAMAACHA","Mozambique",12.3536679504154,0.000868980653967455,"TNR_Aviation_CRS"
"928","0928",11.0120867749532,"MOZAMBIQUE_NAMPULA_ANGOCHE_AUBE","Mozambique",11.0123445838286,0.000257808875442578,"TNR_Aviation_CRS"
"929","0929",12.2252763900073,"MOZAMBIQUE_NAMPULA_ANGOCHE_BOILA NAMETORIA","Mozambique",12.2255407358853,0.000264345878006722,"TNR_Aviation_CRS"
"930","0930",9.61461818829009,"MOZAMBIQUE_NAMPULA_ANGOCHE_CIDADE DE ANGOCHE","Mozambique",9.6148648625795,0.000246674289408944,"TNR_Aviation_CRS"
"931","0931",12.1451061700969,"MOZAMBIQUE_NAMPULA_ANGOCHE_NAMAPONDA","Mozambique",12.1453767985862,0.000270628489296598,"TNR_Aviation_CRS"
"932","0932",15.9441911821399,"MOZAMBIQUE_NAMPULA_CIDADE DE NAMPULA_ANCHILO","Mozambique",15.9444898415529,0.000298659412989011,"TNR_Aviation_CRS"
"933","0933",17.2533616419531,"MOZAMBIQUE_NAMPULA_CIDADE DE NAMPULA_MUATALA","Mozambique",17.253667184475,0.00030554252189674,"TNR_Aviation_CRS"
"934","0934",16.7688257044396,"MOZAMBIQUE_NAMPULA_CIDADE DE NAMPULA_MUHALA","Mozambique",16.7691284263309,0.000302721891291213,"TNR_Aviation_CRS"
"935","0935",16.3507204470782,"MOZAMBIQUE_NAMPULA_CIDADE DE NAMPULA_NAMICOPO","Mozambique",16.3510167887011,0.000296341622938456,"TNR_Aviation_CRS"
"936","0936",17.1168381688592,"MOZAMBIQUE_NAMPULA_CIDADE DE NAMPULA_NAPIPINE","Mozambique",17.1171396082163,0.000301439357066613,"TNR_Aviation_CRS"
"937","0937",17.1349036125963,"MOZAMBIQUE_NAMPULA_CIDADE DE NAMPULA_NATIKIRE","Mozambique",17.1352099185568,0.000306305960467768,"TNR_Aviation_CRS"
"938","0938",17.0527912183921,"MOZAMBIQUE_NAMPULA_CIDADE DE NAMPULA_URBANO CENTRAL","Mozambique",17.0530940223217,0.000302803929685069,"TNR_Aviation_CRS"
"939","0939",11.5707102651107,"MOZAMBIQUE_NAMPULA_ERÁTI_ALUA","Mozambique",11.570922981058,0.000212715947304432,"TNR_Aviation_CRS"
"940","0940",11.7978978716126,"MOZAMBIQUE_NAMPULA_ERÁTI_NAMAPA SEDE","Mozambique",11.7980952288768,0.000197357264227094,"TNR_Aviation_CRS"
"941","0941",12.4083170841927,"MOZAMBIQUE_NAMPULA_ERÁTI_NAMIROA","Mozambique",12.4085494663538,0.000232382161094336,"TNR_Aviation_CRS"
"942","0942",9.19599407155304,"MOZAMBIQUE_NAMPULA_ILHA DE MOÇAMBIQUE_ILHA DE MOÇAMBIQUE","Mozambique",9.19622188290286,0.000227811349823526,"TNR_Aviation_CRS"
"943","0943",10.3149683997839,"MOZAMBIQUE_NAMPULA_ILHA DE MOÇAMBIQUE_LUMBO","Mozambique",10.3152027175331,0.000234317749159274,"TNR_Aviation_CRS"
"944","0944",13.9451389346866,"MOZAMBIQUE_NAMPULA_LALAUA_LALAUA","Mozambique",13.9453850436101,0.000246108923466437,"TNR_Aviation_CRS"
"945","0945",13.2867203349297,"MOZAMBIQUE_NAMPULA_LALAUA_METI","Mozambique",13.2869625153728,0.000242180443134288,"TNR_Aviation_CRS"
"946","0946",11.6434095833413,"MOZAMBIQUE_NAMPULA_LARDE_LARDE","Mozambique",11.6436798520843,0.000270268743031821,"TNR_Aviation_CRS"
"947","0947",15.6070340622847,"MOZAMBIQUE_NAMPULA_LARDE_MUCUALI","Mozambique",15.6073151611855,0.000281098900746457,"TNR_Aviation_CRS"
"948","0948",14.3936715306456,"MOZAMBIQUE_NAMPULA_LIÚPO_LIÚPO","Mozambique",14.3939418690732,0.000270338427634798,"TNR_Aviation_CRS"
"949","0949",10.212068204558,"MOZAMBIQUE_NAMPULA_LIÚPO_QUINGA","Mozambique",10.212313117527,0.000244912969012745,"TNR_Aviation_CRS"
"950","0950",15.5269828320018,"MOZAMBIQUE_NAMPULA_MALEMA_CHILULO","Mozambique",15.5272407958178,0.000257963815998963,"TNR_Aviation_CRS"
"951","0951",14.7945805264969,"MOZAMBIQUE_NAMPULA_MALEMA_MALEMA/CANHUNHA","Mozambique",14.7948603237722,0.000279797275267057,"TNR_Aviation_CRS"
"952","0952",14.6698064237058,"MOZAMBIQUE_NAMPULA_MALEMA_MUTUALI","Mozambique",14.670100823941,0.000294400235162584,"TNR_Aviation_CRS"
"953","0953",15.4832019862764,"MOZAMBIQUE_NAMPULA_MECONTA_7 DE ABRIL","Mozambique",15.4834833178724,0.000281331595994416,"TNR_Aviation_CRS"
"954","0954",15.2895096459336,"MOZAMBIQUE_NAMPULA_MECONTA_CORRANE","Mozambique",15.2897954721845,0.000285826250911114,"TNR_Aviation_CRS"
"955","0955",15.7875082600664,"MOZAMBIQUE_NAMPULA_MECONTA_MECONTA","Mozambique",15.7877818330597,0.000273572993243931,"TNR_Aviation_CRS"
"956","0956",14.9619136248746,"MOZAMBIQUE_NAMPULA_MECONTA_NAMIALO","Mozambique",14.9621816714466,0.000268046571974878,"TNR_Aviation_CRS"
"957","0957",14.9058222404612,"MOZAMBIQUE_NAMPULA_MECUBÚRI_MECUBÚRI","Mozambique",14.9060924223267,0.000270181865477781,"TNR_Aviation_CRS"
"958","0958",14.4162432198442,"MOZAMBIQUE_NAMPULA_MECUBÚRI_MILHANA","Mozambique",14.416490979563,0.000247759718869034,"TNR_Aviation_CRS"
"959","0959",14.1075266108172,"MOZAMBIQUE_NAMPULA_MECUBÚRI_MUITE","Mozambique",14.107774717092,0.00024810627483518,"TNR_Aviation_CRS"
"960","0960",16.7447111797145,"MOZAMBIQUE_NAMPULA_MECUBÚRI_NANIMA","Mozambique",16.7449897359015,0.000278556187033985,"TNR_Aviation_CRS"
"961","0961",10.8421361827795,"MOZAMBIQUE_NAMPULA_MEMBA_CHIPENE","Mozambique",10.8423253596047,0.00018917682515962,"TNR_Aviation_CRS"
"962","0962",9.71482567700312,"MOZAMBIQUE_NAMPULA_MEMBA_LURIO","Mozambique",9.71499999680934,0.000174319806220069,"TNR_Aviation_CRS"
"963","0963",10.1515151300736,"MOZAMBIQUE_NAMPULA_MEMBA_MAZUA","Mozambique",10.1517158101089,0.000200680035389311,"TNR_Aviation_CRS"
"964","0964",9.83244257492082,"MOZAMBIQUE_NAMPULA_MEMBA_MEMBA","Mozambique",9.83265234735188,0.000209772431054134,"TNR_Aviation_CRS"
"965","0965",9.72479236564425,"MOZAMBIQUE_NAMPULA_MOGINCUAL_NAMINGE","Mozambique",9.72502975018497,0.000237384540723085,"TNR_Aviation_CRS"
"966","0966",14.199431645524,"MOZAMBIQUE_NAMPULA_MOGINCUAL_QUIXAXE","Mozambique",14.1997024773876,0.00027083186353849,"TNR_Aviation_CRS"
"967","0967",16.330139122511,"MOZAMBIQUE_NAMPULA_MOGOVOLAS_CALIPO","Mozambique",16.3304469734479,0.000307850936909659,"TNR_Aviation_CRS"
"968","0968",15.8566437525071,"MOZAMBIQUE_NAMPULA_MOGOVOLAS_ILUTE","Mozambique",15.8569544663849,0.000310713877821556,"TNR_Aviation_CRS"
"969","0969",14.590550802864,"MOZAMBIQUE_NAMPULA_MOGOVOLAS_MUATUA","Mozambique",14.590842621243,0.000291818378990172,"TNR_Aviation_CRS"
"970","0970",15.9168535057855,"MOZAMBIQUE_NAMPULA_MOGOVOLAS_NAMETIL SEDE","Mozambique",15.9171462225536,0.000292716768058199,"TNR_Aviation_CRS"
"971","0971",14.4964606957731,"MOZAMBIQUE_NAMPULA_MOGOVOLAS_NANHUPO RIO","Mozambique",14.4967495622246,0.000288866451413128,"TNR_Aviation_CRS"
"972","0972",15.9664754004684,"MOZAMBIQUE_NAMPULA_MOMA_CHALAUA","Mozambique",15.9667694918628,0.000294091394367868,"TNR_Aviation_CRS"
"973","0973",15.8045887667146,"MOZAMBIQUE_NAMPULA_MOMA_MACONE SEDE","Mozambique",15.804882155471,0.000293388756306356,"TNR_Aviation_CRS"
"974","0974",13.8471191614194,"MOZAMBIQUE_NAMPULA_MONAPO_ITUCULO","Mozambique",13.8473587798611,0.000239618441675304,"TNR_Aviation_CRS"
"975","0975",12.2850110553951,"MOZAMBIQUE_NAMPULA_MONAPO_MONAPO SEDE","Mozambique",12.2852703900845,0.000259334689488355,"TNR_Aviation_CRS"
"976","0976",13.837035597213,"MOZAMBIQUE_NAMPULA_MONAPO_NETIA","Mozambique",13.8372910509217,0.000255453708668085,"TNR_Aviation_CRS"
"977","0977",10.3761439457431,"MOZAMBIQUE_NAMPULA_MOSSURIL_LUNGA","Mozambique",10.3763821545304,0.000238208787308736,"TNR_Aviation_CRS"
"978","0978",9.12876710641466,"MOZAMBIQUE_NAMPULA_MOSSURIL_MATIBANE","Mozambique",9.12898395352504,0.000216847110383611,"TNR_Aviation_CRS"
"979","0979",10.3468886728132,"MOZAMBIQUE_NAMPULA_MOSSURIL_MOSSURIL SEDE","Mozambique",10.3471248719823,0.000236199169016515,"TNR_Aviation_CRS"
"980","0980",14.1722245787893,"MOZAMBIQUE_NAMPULA_MUECATE_IMALA","Mozambique",14.1724826848479,0.000258106058609542,"TNR_Aviation_CRS"
"981","0981",16.6319935564341,"MOZAMBIQUE_NAMPULA_MUECATE_MUCOLUANE","Mozambique",16.6322807983911,0.000287241957050099,"TNR_Aviation_CRS"
"982","0982",14.3984400532787,"MOZAMBIQUE_NAMPULA_MUECATE_MUECATE","Mozambique",14.3987113937103,0.000271340431623912,"TNR_Aviation_CRS"
"983","0983",21.3282787411407,"MOZAMBIQUE_NAMPULA_MURRUPULA_CHINGA","Mozambique",21.3286028395852,0.000324098444529852,"TNR_Aviation_CRS"
"984","0984",21.0435792879271,"MOZAMBIQUE_NAMPULA_MURRUPULA_MURRUPULA","Mozambique",21.0439055427524,0.000326254825253613,"TNR_Aviation_CRS"
"985","0985",20.0466644979085,"MOZAMBIQUE_NAMPULA_MURRUPULA_NIHESSIUE","Mozambique",20.0469994117798,0.000334913871260056,"TNR_Aviation_CRS"
"986","0986",11.1924179696488,"MOZAMBIQUE_NAMPULA_NACALA-A-VELHA_COVO","Mozambique",11.1926486532756,0.000230683626726957,"TNR_Aviation_CRS"
"987","0987",11.4077678297817,"MOZAMBIQUE_NAMPULA_NACALA-A-VELHA_NACALA-A-VELHA","Mozambique",11.4079967285189,0.000228898737226757,"TNR_Aviation_CRS"
"988","0988",9.94907292099483,"MOZAMBIQUE_NAMPULA_NACALA-PORTO_MUANONA","Mozambique",9.9492913008387,0.000218379843873961,"TNR_Aviation_CRS"
"989","0989",8.77750618154016,"MOZAMBIQUE_NAMPULA_NACALA-PORTO_MUTIVA","Mozambique",8.77771558664281,0.000209405102651772,"TNR_Aviation_CRS"
"990","0990",11.8420581778157,"MOZAMBIQUE_NAMPULA_NACARÔA_INTETE","Mozambique",11.8422838847544,0.000225706938655534,"TNR_Aviation_CRS"
"991","0991",12.7210730235188,"MOZAMBIQUE_NAMPULA_NACARÔA_NACARÔA","Mozambique",12.7213101377616,0.000237114242811032,"TNR_Aviation_CRS"
"992","0992",12.8275283691593,"MOZAMBIQUE_NAMPULA_NACARÔA_SAUA-SAUA","Mozambique",12.827764102334,0.000235733174715591,"TNR_Aviation_CRS"
"993","0993",19.0383416932712,"MOZAMBIQUE_NAMPULA_RAPALE_MUTIVAZE","Mozambique",19.038657082265,0.000315388993762156,"TNR_Aviation_CRS"
"994","0994",17.9829593866088,"MOZAMBIQUE_NAMPULA_RAPALE_NAMAITA","Mozambique",17.9832729762577,0.000313589648960999,"TNR_Aviation_CRS"
"995","0995",17.1015109413706,"MOZAMBIQUE_NAMPULA_RAPALE_RAPALE","Mozambique",17.1018095561871,0.000298614816514942,"TNR_Aviation_CRS"
"996","0996",19.1224607514778,"MOZAMBIQUE_NAMPULA_RIBÁUÈ_CUNLE","Mozambique",19.1227659970771,0.000305245599342641,"TNR_Aviation_CRS"
"997","0997",25.4404736310835,"MOZAMBIQUE_NAMPULA_RIBÁUÈ_IAPALA","Mozambique",25.4407746412283,0.000301010144756475,"TNR_Aviation_CRS"
"998","0998",15.5859381848626,"MOZAMBIQUE_NAMPULA_RIBÁUÈ_RIBÁUÈ","Mozambique",15.5862201358675,0.000281951004890146,"TNR_Aviation_CRS"
"999","0999",10.6251682255323,"MOZAMBIQUE_NIASSA_CHIMBONILA_CHIMBONILA","Mozambique",10.6255608447569,0.00039261922460021,"TNR_Aviation_CRS"
"1000","1000",10.4493933401394,"MOZAMBIQUE_NIASSA_CHIMBONILA_LIONE","Mozambique",10.4497926351099,0.000399294970531372,"TNR_Aviation_CRS"
"1001","1001",7.63862748494736,"MOZAMBIQUE_NIASSA_CHIMBONILA_MEPONDA","Mozambique",7.63897918662039,0.000351701673033666,"TNR_Aviation_CRS"
"1002","1002",11.2979224355474,"MOZAMBIQUE_NIASSA_CIDADE DE LICHINGA_CIDADE DE LICHINGA","Mozambique",11.2983001878983,0.000377752350880556,"TNR_Aviation_CRS"
"1003","1003",15.3897790485865,"MOZAMBIQUE_NIASSA_CUAMBA_CIDADE DE CUAMBA","Mozambique",15.3901466338278,0.000367585241267676,"TNR_Aviation_CRS"
"1004","1004",12.927937548276,"MOZAMBIQUE_NIASSA_CUAMBA_ETATARA","Mozambique",12.9283118218014,0.000374273525334701,"TNR_Aviation_CRS"
"1005","1005",15.8505403974888,"MOZAMBIQUE_NIASSA_CUAMBA_LÚRIO","Mozambique",15.8508614734188,0.000321075929960557,"TNR_Aviation_CRS"
"1006","1006",11.2879432267261,"MOZAMBIQUE_NIASSA_CUAMBA_MEPICA","Mozambique",11.2883292654636,0.000386038737460126,"TNR_Aviation_CRS"
"1007","1007",6.79015365286096,"MOZAMBIQUE_NIASSA_LAGO_CÓBUE","Mozambique",6.79060623668141,0.000452583820454322,"TNR_Aviation_CRS"
"1008","1008",8.73111927417999,"MOZAMBIQUE_NIASSA_LAGO_LUNHO","Mozambique",8.73140905718624,0.000289783006254041,"TNR_Aviation_CRS"
"1009","1009",12.2382919703801,"MOZAMBIQUE_NIASSA_LAGO_MANIAMBA","Mozambique",12.2386278144754,0.000335844095266324,"TNR_Aviation_CRS"
"1010","1010",8.51776864044594,"MOZAMBIQUE_NIASSA_LAGO_MELULUCA","Mozambique",8.51809584603877,0.000327205592828506,"TNR_Aviation_CRS"
"1011","1011",8.56923433427134,"MOZAMBIQUE_NIASSA_LAGO_METANGULA","Mozambique",8.56952633077134,0.000291996500008551,"TNR_Aviation_CRS"
"1012","1012",13.0917767614251,"MOZAMBIQUE_NIASSA_MAJUNE_MALANGA","Mozambique",13.0920603697258,0.000283608300712501,"TNR_Aviation_CRS"
"1013","1013",12.5158411869524,"MOZAMBIQUE_NIASSA_MAJUNE_MUAQUIA","Mozambique",12.5161231500359,0.00028196308350914,"TNR_Aviation_CRS"
"1014","1014",11.7780227061359,"MOZAMBIQUE_NIASSA_MAJUNE_NAIRRUBI","Mozambique",11.778325680547,0.000302974411113155,"TNR_Aviation_CRS"
"1015","1015",11.446987633439,"MOZAMBIQUE_NIASSA_MANDIMBA_LISSIETE","Mozambique",11.4473827164849,0.000395083045871658,"TNR_Aviation_CRS"
"1016","1016",11.4012592470563,"MOZAMBIQUE_NIASSA_MANDIMBA_MITANDE","Mozambique",11.4016086017752,0.000349354718899519,"TNR_Aviation_CRS"
"1017","1017",10.7190749621976,"MOZAMBIQUE_NIASSA_MARRUPA_MARRANGIRA","Mozambique",10.719265277456,0.000190315258354445,"TNR_Aviation_CRS"
"1018","1018",11.3255373597444,"MOZAMBIQUE_NIASSA_MARRUPA_MARRUPA SEDE","Mozambique",11.3257679112085,0.000230551464115436,"TNR_Aviation_CRS"
"1019","1019",12.9497041383707,"MOZAMBIQUE_NIASSA_MARRUPA_NUNGO","Mozambique",12.9499120364783,0.000207898107550619,"TNR_Aviation_CRS"
"1020","1020",13.9166981244208,"MOZAMBIQUE_NIASSA_MAÚA_MAIACA","Mozambique",13.9169332157178,0.00023509129696464,"TNR_Aviation_CRS"
"1021","1021",12.6992130930618,"MOZAMBIQUE_NIASSA_MAÚA_MAÚA","Mozambique",12.6994573848642,0.000244291802335539,"TNR_Aviation_CRS"
"1022","1022",8.74601949361634,"MOZAMBIQUE_NIASSA_MAVAGO_MAVAGO SEDE","Mozambique",8.74623420817957,0.000214714563227858,"TNR_Aviation_CRS"
"1023","1023",14.9025065315991,"MOZAMBIQUE_NIASSA_MAVAGO_MSAWIZE","Mozambique",14.9027477395669,0.000241207967750512,"TNR_Aviation_CRS"
"1024","1024",11.1588662412404,"MOZAMBIQUE_NIASSA_MECANHELAS_CHIUTA","Mozambique",11.1593203647837,0.000454123543264018,"TNR_Aviation_CRS"
"1025","1025",12.6722548159141,"MOZAMBIQUE_NIASSA_MECANHELAS_INSACA","Mozambique",12.6727317903289,0.000476974414791442,"TNR_Aviation_CRS"
"1026","1026",10.3567031496806,"MOZAMBIQUE_NIASSA_MECULA_MATONDOVELA","Mozambique",10.3568722470308,0.000169097350203984,"TNR_Aviation_CRS"
"1027","1027",7.04785906182078,"MOZAMBIQUE_NIASSA_MECULA_MECULA SEDE","Mozambique",7.047981966678,0.000122904857217776,"TNR_Aviation_CRS"
"1028","1028",15.311561725894,"MOZAMBIQUE_NIASSA_METARICA_NACUMUA","Mozambique",15.3118310715172,0.00026934562324854,"TNR_Aviation_CRS"
"1029","1029",13.7699192608343,"MOZAMBIQUE_NIASSA_METARICA_NAMICUNDI","Mozambique",13.7702168072573,0.000297546423047024,"TNR_Aviation_CRS"
"1030","1030",10.9522897514102,"MOZAMBIQUE_NIASSA_MUEMBE_CHICONONO","Mozambique",10.9525694293453,0.000279677935090206,"TNR_Aviation_CRS"
"1031","1031",13.1977255023689,"MOZAMBIQUE_NIASSA_MUEMBE_MUEMBE","Mozambique",13.1980259844528,0.000300482083899212,"TNR_Aviation_CRS"
"1032","1032",13.1744820289815,"MOZAMBIQUE_NIASSA_NGAUMA_ITEPELA","Mozambique",13.1748549531166,0.000372924135028541,"TNR_Aviation_CRS"
"1033","1033",10.8139278423362,"MOZAMBIQUE_NIASSA_NGAUMA_MASSANGULO","Mozambique",10.8143230389886,0.000395196652368313,"TNR_Aviation_CRS"
"1034","1034",13.7643923465022,"MOZAMBIQUE_NIASSA_NIPEPE_MULUCO","Mozambique",13.7646028272207,0.0002104807184935,"TNR_Aviation_CRS"
"1035","1035",14.5976876006224,"MOZAMBIQUE_NIASSA_NIPEPE_NIPEPE SEDE","Mozambique",14.5979069783044,0.000219377681956345,"TNR_Aviation_CRS"
"1036","1036",12.1806973434672,"MOZAMBIQUE_NIASSA_SANGA_LUSSIMBESSE","Mozambique",12.1810794191285,0.000382075661269354,"TNR_Aviation_CRS"
"1037","1037",10.4614992252279,"MOZAMBIQUE_NIASSA_SANGA_MACALOGE","Mozambique",10.4617498785871,0.000250653359142206,"TNR_Aviation_CRS"
"1038","1038",9.70194570000413,"MOZAMBIQUE_NIASSA_SANGA_MATCHEDJE","Mozambique",9.70217262389257,0.000226923888444475,"TNR_Aviation_CRS"
"1039","1039",12.3468585693444,"MOZAMBIQUE_NIASSA_SANGA_UNANGO","Mozambique",12.3471768352245,0.000318265880096646,"TNR_Aviation_CRS"
"1040","1040",15.7436530735959,"MOZAMBIQUE_SOFALA_BÚZI_BÚZI SEDE","Mozambique",15.7442015029785,0.000548429382579485,"TNR_Aviation_CRS"
"1041","1041",13.6850816429723,"MOZAMBIQUE_SOFALA_BÚZI_ESTAQUINHA","Mozambique",13.6856255554487,0.000543912476416608,"TNR_Aviation_CRS"
"1042","1042",13.1073697221984,"MOZAMBIQUE_SOFALA_BÚZI_NOVA SOFALA","Mozambique",13.107889350774,0.000519628575569087,"TNR_Aviation_CRS"
"1043","1043",17.8976650672813,"MOZAMBIQUE_SOFALA_CAIA_CAIA SEDE","Mozambique",17.8983154485183,0.000650381237008446,"TNR_Aviation_CRS"
"1044","1044",16.2705780428332,"MOZAMBIQUE_SOFALA_CAIA_MURRACA","Mozambique",16.271198561099,0.00062051826574816,"TNR_Aviation_CRS"
"1045","1045",14.871845488081,"MOZAMBIQUE_SOFALA_CAIA_SENA","Mozambique",14.8724534259657,0.000607937884709031,"TNR_Aviation_CRS"
"1046","1046",12.4553977176522,"MOZAMBIQUE_SOFALA_CHEMBA_CHEMBA","Mozambique",12.4559957182006,0.000598000548334809,"TNR_Aviation_CRS"
"1047","1047",10.9673324770624,"MOZAMBIQUE_SOFALA_CHEMBA_CHIRAMBA","Mozambique",10.9678930557368,0.000560578674374312,"TNR_Aviation_CRS"
"1048","1048",11.9465346411547,"MOZAMBIQUE_SOFALA_CHEMBA_MULIMA","Mozambique",11.9471298457497,0.000595204595059684,"TNR_Aviation_CRS"
"1049","1049",18.9611774879561,"MOZAMBIQUE_SOFALA_CHERINGOMA_INHAMINGA","Mozambique",18.9617695914745,0.000592103518329168,"TNR_Aviation_CRS"
"1050","1050",20.7062748348605,"MOZAMBIQUE_SOFALA_CHERINGOMA_INHAMITANGA","Mozambique",20.7068894889494,0.000614654088948896,"TNR_Aviation_CRS"
"1051","1051",14.9414047513933,"MOZAMBIQUE_SOFALA_CHIBABAVA_CHIBABAVA","Mozambique",14.9419891102471,0.000584358853755518,"TNR_Aviation_CRS"
"1052","1052",14.4618978304772,"MOZAMBIQUE_SOFALA_CHIBABAVA_GOONDA SEDE","Mozambique",14.4624886393457,0.000590808868549786,"TNR_Aviation_CRS"
"1053","1053",12.4211884315799,"MOZAMBIQUE_SOFALA_CHIBABAVA_MUXUNGUE","Mozambique",12.4216211039569,0.000432672377028709,"TNR_Aviation_CRS"
"1054","1054",13.1832991770599,"MOZAMBIQUE_SOFALA_CIDADE DA BEIRA_CHIVEVE","Mozambique",13.1838099091939,0.000510732133950142,"TNR_Aviation_CRS"
"1055","1055",13.5729920391134,"MOZAMBIQUE_SOFALA_CIDADE DA BEIRA_MANGA LAFORTE","Mozambique",13.5734989365796,0.000506897466234335,"TNR_Aviation_CRS"
"1056","1056",13.4404570500194,"MOZAMBIQUE_SOFALA_CIDADE DA BEIRA_MUNHAVA","Mozambique",13.4409685577789,0.000511507759489049,"TNR_Aviation_CRS"
"1057","1057",14.3009459374268,"MOZAMBIQUE_SOFALA_CIDADE DA BEIRA_NHANGAU","Mozambique",14.3014506072131,0.000504669786268508,"TNR_Aviation_CRS"
"1058","1058",15.5012281545751,"MOZAMBIQUE_SOFALA_DONDO_CIDADE DE DONDO","Mozambique",15.5017563941252,0.000528239550011023,"TNR_Aviation_CRS"
"1059","1059",18.4004763099431,"MOZAMBIQUE_SOFALA_DONDO_MAFAMBISSE","Mozambique",18.4010426482213,0.000566338278122913,"TNR_Aviation_CRS"
"1060","1060",16.162319269259,"MOZAMBIQUE_SOFALA_DONDO_SAVANE","Mozambique",16.1628430384294,0.000523769170410304,"TNR_Aviation_CRS"
"1061","1061",20.1811286384618,"MOZAMBIQUE_SOFALA_GORONGOSA_CANDA","Mozambique",20.1818550335306,0.000726395068795682,"TNR_Aviation_CRS"
"1062","1062",19.5178488689659,"MOZAMBIQUE_SOFALA_GORONGOSA_GORONGOSA","Mozambique",19.5185109405224,0.000662071556419619,"TNR_Aviation_CRS"
"1063","1063",21.7794780875246,"MOZAMBIQUE_SOFALA_GORONGOSA_VUNDUZI","Mozambique",21.7801820878171,0.000704000292465423,"TNR_Aviation_CRS"
"1064","1064",19.7965351201212,"MOZAMBIQUE_SOFALA_MACHANGA_CHILOANE","Mozambique",19.7969046366956,0.00036951657444817,"TNR_Aviation_CRS"
"1065","1065",10.3286388125326,"MOZAMBIQUE_SOFALA_MACHANGA_DIVINHE","Mozambique",10.3290219215987,0.000383109066182996,"TNR_Aviation_CRS"
"1066","1066",10.6784231623126,"MOZAMBIQUE_SOFALA_MACHANGA_MACHANGA","Mozambique",10.6788188073857,0.000395645073096418,"TNR_Aviation_CRS"
"1067","1067",12.3305489355753,"MOZAMBIQUE_SOFALA_MARÍNGUÈ_CANXIXE","Mozambique",12.3311501013526,0.000601165777267099,"TNR_Aviation_CRS"
"1068","1068",15.5672129396906,"MOZAMBIQUE_SOFALA_MARÍNGUÈ_MARÍNGUÈ SEDE","Mozambique",15.5678692193347,0.000656279644061897,"TNR_Aviation_CRS"
"1069","1069",18.672086400811,"MOZAMBIQUE_SOFALA_MARÍNGUÈ_SUBUE","Mozambique",18.6727668029691,0.000680402158064197,"TNR_Aviation_CRS"
"1070","1070",23.8169333057016,"MOZAMBIQUE_SOFALA_MARROMEU_CHUPANGA","Mozambique",23.8175251538662,0.000591848164610553,"TNR_Aviation_CRS"
"1071","1071",20.6428608788355,"MOZAMBIQUE_SOFALA_MARROMEU_MARROMEU","Mozambique",20.6434104843826,0.000549605547110588,"TNR_Aviation_CRS"
"1072","1072",19.1037988685906,"MOZAMBIQUE_SOFALA_MUANZA_GALINHA","Mozambique",19.1043616773691,0.000562808778468593,"TNR_Aviation_CRS"
"1073","1073",17.8374219826243,"MOZAMBIQUE_SOFALA_MUANZA_MUANZA","Mozambique",17.8380141977879,0.000592215163628396,"TNR_Aviation_CRS"
"1074","1074",21.6746737963573,"MOZAMBIQUE_SOFALA_NHAMATANDA_NHAMATANDA","Mozambique",21.6752859930679,0.00061219671060897,"TNR_Aviation_CRS"
"1075","1075",18.1855115297572,"MOZAMBIQUE_SOFALA_NHAMATANDA_TICA","Mozambique",18.1860969394296,0.000585409672403614,"TNR_Aviation_CRS"
"1076","1076",10.1411454348648,"MOZAMBIQUE_TETE_ANGÓNIA_DOMUE","Mozambique",10.1419631330147,0.000817698149916168,"TNR_Aviation_CRS"
"1077","1077",10.7648664755814,"MOZAMBIQUE_TETE_ANGÓNIA_ULONGUE","Mozambique",10.7657243053428,0.000857829761399032,"TNR_Aviation_CRS"
"1078","1078",9.46435211200697,"MOZAMBIQUE_TETE_CAHORA BASSA_CHINTHOLO","Mozambique",9.46477460579003,0.000422493783059252,"TNR_Aviation_CRS"
"1079","1079",10.563566159559,"MOZAMBIQUE_TETE_CAHORA BASSA_CHITIMA","Mozambique",10.5640561848436,0.000490025284625162,"TNR_Aviation_CRS"
"1080","1080",11.8811229994621,"MOZAMBIQUE_TETE_CAHORA BASSA_SONGO","Mozambique",11.8816424930904,0.0005194936282642,"TNR_Aviation_CRS"
"1081","1081",9.49801415832469,"MOZAMBIQUE_TETE_CHANGARA_CHIOCO","Mozambique",9.49857271014174,0.000558551817055886,"TNR_Aviation_CRS"
"1082","1082",9.97361776325483,"MOZAMBIQUE_TETE_CHANGARA_LUENHA","Mozambique",9.9742230788415,0.00060531558667698,"TNR_Aviation_CRS"
"1083","1083",11.2944868254634,"MOZAMBIQUE_TETE_CHIFUNDE_CHIFUNDE","Mozambique",11.2950037195836,0.000516894120174527,"TNR_Aviation_CRS"
"1084","1084",11.6012029845414,"MOZAMBIQUE_TETE_CHIFUNDE_MUALADZI","Mozambique",11.6017056021892,0.000502617647832437,"TNR_Aviation_CRS"
"1085","1085",15.8287494909377,"MOZAMBIQUE_TETE_CHIFUNDE_NSADZO","Mozambique",15.8292627588165,0.000513267878858414,"TNR_Aviation_CRS"
"1086","1086",14.6112345538984,"MOZAMBIQUE_TETE_CHIÚTA_KAZULA","Mozambique",14.6118213999216,0.000586846023203691,"TNR_Aviation_CRS"
"1087","1087",13.5886612601619,"MOZAMBIQUE_TETE_CHIÚTA_MANJE","Mozambique",13.5891713201298,0.000510059967851362,"TNR_Aviation_CRS"
"1088","1088",11.5855284794341,"MOZAMBIQUE_TETE_CIDADE DE TETE_CIDADE DE TETE","Mozambique",11.5861133554398,0.000584876005762069,"TNR_Aviation_CRS"
"1089","1089",12.8627625127235,"MOZAMBIQUE_TETE_DÔA_DÔA","Mozambique",12.8633415494409,0.000579036717395454,"TNR_Aviation_CRS"
"1090","1090",14.9141883990185,"MOZAMBIQUE_TETE_MACANGA_CHIDZOLOMONDO","Mozambique",14.9147407712916,0.000552372273073587,"TNR_Aviation_CRS"
"1091","1091",18.9121994143773,"MOZAMBIQUE_TETE_MACANGA_FURANCUNGO","Mozambique",18.9130165112732,0.000817096895875835,"TNR_Aviation_CRS"
"1092","1092",13.4812537385353,"MOZAMBIQUE_TETE_MÁGOÈ_CHINTHOPO","Mozambique",13.4816167353522,0.00036299681690366,"TNR_Aviation_CRS"
"1093","1093",11.3488181433838,"MOZAMBIQUE_TETE_MÁGOÈ_MPHENDE","Mozambique",11.3493306050962,0.000512461712368406,"TNR_Aviation_CRS"
"1094","1094",8.90816875421747,"MOZAMBIQUE_TETE_MÁGOÈ_MUCUMBURA","Mozambique",8.90851887318421,0.000350118966743196,"TNR_Aviation_CRS"
"1095","1095",10.7839979388433,"MOZAMBIQUE_TETE_MARARA_MARARA","Mozambique",10.7845464441757,0.000548505332378824,"TNR_Aviation_CRS"
"1096","1096",10.9755041198493,"MOZAMBIQUE_TETE_MARÁVIA_CHIPERA","Mozambique",10.9759750237673,0.000470903918015964,"TNR_Aviation_CRS"
"1097","1097",11.7993941945892,"MOZAMBIQUE_TETE_MARÁVIA_CHIPUTO","Mozambique",11.7998590812666,0.000464886677427501,"TNR_Aviation_CRS"
"1098","1098",10.0003551730576,"MOZAMBIQUE_TETE_MARÁVIA_FINGOE","Mozambique",10.0008014169529,0.000446243895204645,"TNR_Aviation_CRS"
"1099","1099",9.61277284684446,"MOZAMBIQUE_TETE_MARÁVIA_MALOWERA","Mozambique",9.61318888887911,0.000416042034654396,"TNR_Aviation_CRS"
"1100","1100",14.1876443490331,"MOZAMBIQUE_TETE_MOATIZE_KAMBULATSITSI","Mozambique",14.1882320756449,0.000587726611831485,"TNR_Aviation_CRS"
"1101","1101",13.1008284936077,"MOZAMBIQUE_TETE_MOATIZE_MOATIZE","Mozambique",13.1014246934227,0.000596199814914655,"TNR_Aviation_CRS"
"1102","1102",14.2342109985874,"MOZAMBIQUE_TETE_MOATIZE_ZOBUE","Mozambique",14.2347991748899,0.000588176302482424,"TNR_Aviation_CRS"
"1103","1103",16.6912005296159,"MOZAMBIQUE_TETE_MUTARARA_CHARRE","Mozambique",16.6917779257432,0.000577396127251717,"TNR_Aviation_CRS"
"1104","1104",17.9155740759336,"MOZAMBIQUE_TETE_MUTARARA_INHANGOMA","Mozambique",17.9161933719351,0.000619296001474368,"TNR_Aviation_CRS"
"1105","1105",12.9424080566758,"MOZAMBIQUE_TETE_MUTARARA_NHAMAYABUE","Mozambique",12.9429745554856,0.000566498809805083,"TNR_Aviation_CRS"
"1106","1106",10.6589583248297,"MOZAMBIQUE_TETE_TSANGANO_NTENGO-WAMBALAME","Mozambique",10.6598949247237,0.000936599893979206,"TNR_Aviation_CRS"
"1107","1107",11.3920204545744,"MOZAMBIQUE_TETE_TSANGANO_TSANGANO","Mozambique",11.3925910433148,0.000570588740462341,"TNR_Aviation_CRS"
"1108","1108",12.170171620441,"MOZAMBIQUE_TETE_ZUMBO_MUZE","Mozambique",12.1705927028796,0.000421082438622378,"TNR_Aviation_CRS"
"1109","1109",11.757217209248,"MOZAMBIQUE_TETE_ZUMBO_ZAMBUE","Mozambique",11.7575173587908,0.000300149542781014,"TNR_Aviation_CRS"
"1110","1110",10.1572948630819,"MOZAMBIQUE_TETE_ZUMBO_ZUMBO","Mozambique",10.1576248143201,0.000329951238123627,"TNR_Aviation_CRS"
"1111","1111",19.3818103427287,"MOZAMBIQUE_ZAMBÉZIA_ALTO MOLÓCUÈ_ALTO MOLÓCUÈ SEDE","Mozambique",19.382152869318,0.000342526589324876,"TNR_Aviation_CRS"
"1112","1112",17.3908004587362,"MOZAMBIQUE_ZAMBÉZIA_ALTO MOLÓCUÈ_NAUELA","Mozambique",17.3911066312464,0.00030617251024978,"TNR_Aviation_CRS"
"1113","1113",16.7502247655147,"MOZAMBIQUE_ZAMBÉZIA_CHINDE_CHINDE SEDE","Mozambique",16.7507254201716,0.000500654656907074,"TNR_Aviation_CRS"
"1114","1114",20.356133423436,"MOZAMBIQUE_ZAMBÉZIA_CHINDE_MICAUNE","Mozambique",20.3566276712867,0.000494247850689078,"TNR_Aviation_CRS"
"1115","1115",26.7007063584615,"MOZAMBIQUE_ZAMBÉZIA_DERRE_GUERISSA","Mozambique",26.7012024544899,0.00049609602837819,"TNR_Aviation_CRS"
"1116","1116",21.57382099413,"MOZAMBIQUE_ZAMBÉZIA_DERRE_MACHINDO","Mozambique",21.5742413271303,0.000420333000377582,"TNR_Aviation_CRS"
"1117","1117",21.1883641431211,"MOZAMBIQUE_ZAMBÉZIA_GILÉ_ALTO LIGONHA","Mozambique",21.1887030410898,0.000338897968713781,"TNR_Aviation_CRS"
"1118","1118",20.0788623145788,"MOZAMBIQUE_ZAMBÉZIA_GILÉ_GILÉ","Mozambique",20.0792048071227,0.000342492543900619,"TNR_Aviation_CRS"
"1119","1119",20.8343618499468,"MOZAMBIQUE_ZAMBÉZIA_GURUÈ_CIDADE DE GURUÈ","Mozambique",20.8347046567389,0.000342806792051675,"TNR_Aviation_CRS"
"1120","1120",15.4528385211657,"MOZAMBIQUE_ZAMBÉZIA_GURUÈ_LIOMA","Mozambique",15.4531673850692,0.000328863903478194,"TNR_Aviation_CRS"
"1121","1121",20.7340997775406,"MOZAMBIQUE_ZAMBÉZIA_GURUÈ_MEPUAGIUA","Mozambique",20.7344376112689,0.000337833728309533,"TNR_Aviation_CRS"
"1122","1122",21.2542646100394,"MOZAMBIQUE_ZAMBÉZIA_ILE_ILE","Mozambique",21.2546240177129,0.000359407673467871,"TNR_Aviation_CRS"
"1123","1123",23.0513010010577,"MOZAMBIQUE_ZAMBÉZIA_ILE_SOCONE","Mozambique",23.0516436077949,0.000342606737195439,"TNR_Aviation_CRS"
"1124","1124",17.7603075510443,"MOZAMBIQUE_ZAMBÉZIA_INHASSUNGE_GONHANE","Mozambique",17.7607557769503,0.000448225905998356,"TNR_Aviation_CRS"
"1125","1125",19.2313870054769,"MOZAMBIQUE_ZAMBÉZIA_INHASSUNGE_MUCUPIA","Mozambique",19.231831679093,0.000444673616144087,"TNR_Aviation_CRS"
"1126","1126",23.4874744796265,"MOZAMBIQUE_ZAMBÉZIA_LUABO_CHIMBADZO","Mozambique",23.4880335083426,0.000559028716047294,"TNR_Aviation_CRS"
"1127","1127",21.5290239760063,"MOZAMBIQUE_ZAMBÉZIA_LUABO_SAMORA MACHEL","Mozambique",21.5295429391024,0.000518963096080682,"TNR_Aviation_CRS"
"1128","1128",26.7557136553834,"MOZAMBIQUE_ZAMBÉZIA_LUGELA_LUGELA SEDE","Mozambique",26.7560852507538,0.000371595370474154,"TNR_Aviation_CRS"
"1129","1129",22.3473117346593,"MOZAMBIQUE_ZAMBÉZIA_LUGELA_MUABANAMA","Mozambique",22.3476908467853,0.000379112126019265,"TNR_Aviation_CRS"
"1130","1130",25.4680372383906,"MOZAMBIQUE_ZAMBÉZIA_LUGELA_MUNHAMADE","Mozambique",25.4684076646513,0.000370426260769108,"TNR_Aviation_CRS"
"1131","1131",32.1979270140802,"MOZAMBIQUE_ZAMBÉZIA_LUGELA_TACUANE","Mozambique",32.198324974995,0.000397960914810369,"TNR_Aviation_CRS"
"1132","1132",19.5370571963938,"MOZAMBIQUE_ZAMBÉZIA_MAGANJA DA COSTA_MAGANJA DA COSTA","Mozambique",19.5374364413052,0.000379244911421495,"TNR_Aviation_CRS"
"1133","1133",21.698399674938,"MOZAMBIQUE_ZAMBÉZIA_MAGANJA DA COSTA_NANTE","Mozambique",21.6987890205677,0.000389345629642435,"TNR_Aviation_CRS"
"1134","1134",13.9995101330523,"MOZAMBIQUE_ZAMBÉZIA_MILANGE_MAJAUA","Mozambique",13.9999796620717,0.000469529019445858,"TNR_Aviation_CRS"
"1135","1135",17.1976030130685,"MOZAMBIQUE_ZAMBÉZIA_MILANGE_MILANGE SEDE","Mozambique",17.1980217541103,0.000418741041759318,"TNR_Aviation_CRS"
"1136","1136",16.6148983177862,"MOZAMBIQUE_ZAMBÉZIA_MILANGE_MONGUE","Mozambique",16.6153354760701,0.000437158283869366,"TNR_Aviation_CRS"
"1137","1137",25.8656983588968,"MOZAMBIQUE_ZAMBÉZIA_MOCUBA_CIDADE DE MOCUBA","Mozambique",25.8661046894187,0.000406330521890652,"TNR_Aviation_CRS"
"1138","1138",23.6811551336936,"MOZAMBIQUE_ZAMBÉZIA_MOCUBA_MUGEBA","Mozambique",23.6815272160211,0.00037208232748398,"TNR_Aviation_CRS"
"1139","1139",28.7589864353527,"MOZAMBIQUE_ZAMBÉZIA_MOCUBA_NAMANJAVIRA","Mozambique",28.7593955131824,0.000409077829697679,"TNR_Aviation_CRS"
"1140","1140",17.8932384564451,"MOZAMBIQUE_ZAMBÉZIA_MOCUBELA_BAJONE","Mozambique",17.8935881873613,0.000349730916223479,"TNR_Aviation_CRS"
"1141","1141",21.5015811454919,"MOZAMBIQUE_ZAMBÉZIA_MOCUBELA_MOCUBELA","Mozambique",21.5019424224887,0.000361276996802218,"TNR_Aviation_CRS"
"1142","1142",14.4504459259807,"MOZAMBIQUE_ZAMBÉZIA_MOLUMBO_CORROMANA","Mozambique",14.4508629998514,0.000417073870707441,"TNR_Aviation_CRS"
"1143","1143",15.255737304415,"MOZAMBIQUE_ZAMBÉZIA_MOLUMBO_MOLUMBO SEDE","Mozambique",15.2561290140968,0.000391709681716534,"TNR_Aviation_CRS"
"1144","1144",24.8026227195328,"MOZAMBIQUE_ZAMBÉZIA_MOPEIA_CAMPO","Mozambique",24.803119592094,0.00049687256116826,"TNR_Aviation_CRS"
"1145","1145",24.2316717028782,"MOZAMBIQUE_ZAMBÉZIA_MOPEIA_MOPEIA SEDE","Mozambique",24.2322393581676,0.000567655289433588,"TNR_Aviation_CRS"
"1146","1146",17.3863850913521,"MOZAMBIQUE_ZAMBÉZIA_MORRUMBALA_CHIRE","Mozambique",17.3868464205618,0.000461329209716865,"TNR_Aviation_CRS"
"1147","1147",20.3796009782335,"MOZAMBIQUE_ZAMBÉZIA_MORRUMBALA_MEGAZA","Mozambique",20.3801826659958,0.000581687762334582,"TNR_Aviation_CRS"
"1148","1148",22.6081458216556,"MOZAMBIQUE_ZAMBÉZIA_MORRUMBALA_MORRUMBALA SEDE","Mozambique",22.6086738447679,0.000528023112334353,"TNR_Aviation_CRS"
"1149","1149",20.3619377124324,"MOZAMBIQUE_ZAMBÉZIA_MULEVALA_CHIRACO","Mozambique",20.3622921208682,0.000354408435846665,"TNR_Aviation_CRS"
"1150","1150",21.7343387867695,"MOZAMBIQUE_ZAMBÉZIA_MULEVALA_M BAUANE","Mozambique",21.7347045132635,0.000365726493978258,"TNR_Aviation_CRS"
"1151","1151",19.6773742016366,"MOZAMBIQUE_ZAMBÉZIA_NAMACURRA_MACUSE","Mozambique",19.6777812673257,0.000407065689159936,"TNR_Aviation_CRS"
"1152","1152",28.6400782867685,"MOZAMBIQUE_ZAMBÉZIA_NAMACURRA_MALEI","Mozambique",28.640499957704,0.000421670935466523,"TNR_Aviation_CRS"
"1153","1153",23.4245222986135,"MOZAMBIQUE_ZAMBÉZIA_NAMACURRA_NAMACURRA SEDE","Mozambique",23.4249369572886,0.00041465867506929,"TNR_Aviation_CRS"
"1154","1154",30.3168189486093,"MOZAMBIQUE_ZAMBÉZIA_NAMARROI_NAMARROI","Mozambique",30.3171919056469,0.000372957037594546,"TNR_Aviation_CRS"
"1155","1155",21.9774691116532,"MOZAMBIQUE_ZAMBÉZIA_NAMARROI_REGONE","Mozambique",21.9778383626503,0.00036925099709606,"TNR_Aviation_CRS"
"1156","1156",30.0497919241809,"MOZAMBIQUE_ZAMBÉZIA_NICOADALA_MUNHONHA","Mozambique",30.0502539152384,0.000461991057459699,"TNR_Aviation_CRS"
"1157","1157",26.419705072465,"MOZAMBIQUE_ZAMBÉZIA_NICOADALA_NICOADALA SEDE","Mozambique",26.4201467402038,0.000441667738872553,"TNR_Aviation_CRS"
"1158","1158",19.9084791151362,"MOZAMBIQUE_ZAMBÉZIA_PEBANE_MULELA","Mozambique",19.9088068511228,0.000327735986601851,"TNR_Aviation_CRS"
"1159","1159",20.5450009664224,"MOZAMBIQUE_ZAMBÉZIA_PEBANE_NABURI","Mozambique",20.5453100728514,0.000309106429064343,"TNR_Aviation_CRS"
"1160","1160",18.5743010917263,"MOZAMBIQUE_ZAMBÉZIA_PEBANE_PEBANE SEDE","Mozambique",18.5746447148143,0.000343623088014056,"TNR_Aviation_CRS"
"1161","1161",17.8299074256472,"MOZAMBIQUE_ZAMBÉZIA_QUELIMANE_MAQUIVAL","Mozambique",17.8303272637215,0.000419838074314782,"TNR_Aviation_CRS"
"1162","1162",19.0406726427621,"MOZAMBIQUE_ZAMBÉZIA_QUELIMANE_QUELIMANE","Mozambique",19.0411034351452,0.000430792383159684,"TNR_Aviation_CRS"
"1163","1163",14.8501411453164,"MOZAMBIQUE_SOFALA_CIDADE DA BEIRA_INHAMIZUA","Mozambique",14.8506668860695,0.000525740753131387,"TNR_Aviation_CRS"
"1164","1164",9.49195922298331,"MOZAMBIQUE_CABO DELGADO_QUISSANGA_QUISSANGA","Mozambique",9.49209918927385,0.000139966290534588,"TNR_Aviation_CRS"
"1165","1165",20.3403214711528,"MOZAMBIQUE_ZAMBÉZIA_NICOADALA_NAMACATA","Mozambique",20.3407499053613,0.000428434208536999,"TNR_Aviation_CRS"
"1166","1166",11.4375743697286,"NAMIBIA_ZAMBEZI_KABBE","Namibia",11.4381413639108,0.000566994182250369,"TNR_Aviation_CRS"
"1167","1167",12.3221858760471,"NAMIBIA_ZAMBEZI_KATIMA MULILO RURAL","Namibia",12.3227282460137,0.000542369966565204,"TNR_Aviation_CRS"
"1168","1168",14.5193156073392,"NAMIBIA_ZAMBEZI_KATIMA MULILO URBAN","Namibia",14.5198014360203,0.000485828681149769,"TNR_Aviation_CRS"
"1169","1169",9.70406733569111,"NAMIBIA_ZAMBEZI_KONGOLA","Namibia",9.7044050508044,0.000337715113289505,"TNR_Aviation_CRS"
"1170","1170",10.6916288645512,"NAMIBIA_ZAMBEZI_LINYANTI","Namibia",10.6919936653564,0.000364800805282783,"TNR_Aviation_CRS"
"1171","1171",11.7660805584244,"NAMIBIA_ZAMBEZI_SIBBINDA","Namibia",11.7665551296341,0.000474571209752028,"TNR_Aviation_CRS"
"1172","1172",2.41629743947863,"NAMIBIA_ERONGO_ARANDIS","Namibia",2.41654887809309,0.000251438614464305,"TNR_Aviation_CRS"
"1173","1173",2.88976131111561,"NAMIBIA_ERONGO_DAURES","Namibia",2.89002305783855,0.000261746722939105,"TNR_Aviation_CRS"
"1174","1174",5.15755742365025,"NAMIBIA_ERONGO_KARIBIB","Namibia",5.15789275949609,0.000335335845841556,"TNR_Aviation_CRS"
"1175","1175",4.35952622628872,"NAMIBIA_ERONGO_OMARURU","Namibia",4.35986160369054,0.000335377401824211,"TNR_Aviation_CRS"
"1176","1176",2.43791421890015,"NAMIBIA_ERONGO_SWAKOPMUND","Namibia",2.43816882902676,0.000254610126607435,"TNR_Aviation_CRS"
"1177","1177",2.88083378740455,"NAMIBIA_ERONGO_WALVIS BAY RURAL","Namibia",2.88113212161687,0.000298334212313733,"TNR_Aviation_CRS"
"1178","1178",2.62098932899125,"NAMIBIA_ERONGO_WALVIS BAY URBAN","Namibia",2.62123690041769,0.000247571426440718,"TNR_Aviation_CRS"
"1179","1179",3.12870441582549,"NAMIBIA_HARDAP_GIBEON","Namibia",3.12903626184816,0.000331846022666671,"TNR_Aviation_CRS"
"1180","1180",4.26859269422853,"NAMIBIA_HARDAP_MARIENTAL RURAL","Namibia",4.26900858768548,0.000415893456953143,"TNR_Aviation_CRS"
"1181","1181",3.85333967902258,"NAMIBIA_HARDAP_MARIENTAL URBAN","Namibia",3.853713215231,0.000373536208416958,"TNR_Aviation_CRS"
"1182","1182",4.17885762147852,"NAMIBIA_HARDAP_REHOBOTH RURAL","Namibia",4.17921574897239,0.000358127493874427,"TNR_Aviation_CRS"
"1183","1183",6.41512877666392,"NAMIBIA_HARDAP_REHOBOTH URBAN EAST","Namibia",6.41549751508497,0.000368738421046011,"TNR_Aviation_CRS"
"1184","1184",6.48343396336407,"NAMIBIA_HARDAP_REHOBOTH URBAN WEST","Namibia",6.48380279056795,0.000368827203875988,"TNR_Aviation_CRS"
"1185","1185",3.03689697589551,"NAMIBIA_//KARAS_BERSEBA","Namibia",3.03730392199169,0.00040694609618086,"TNR_Aviation_CRS"
"1186","1186",3.57781783683775,"NAMIBIA_//KARAS_KARASBURG","Namibia",3.57838333895595,0.000565502118197614,"TNR_Aviation_CRS"
"1187","1187",4.07659536173698,"NAMIBIA_//KARAS_KEETMANSHOOP RURAL","Namibia",4.07710380992831,0.000508448191334665,"TNR_Aviation_CRS"
"1188","1188",3.55623485447358,"NAMIBIA_//KARAS_KEETMANSHOOP URBAN","Namibia",3.55669000604061,0.000455151567031464,"TNR_Aviation_CRS"
"1189","1189",2.40389888931807,"NAMIBIA_//KARAS_LUDERITZ","Namibia",2.40428086109069,0.000381971772618339,"TNR_Aviation_CRS"
"1190","1190",2.48826666671814,"NAMIBIA_//KARAS_ORANJEMUND","Namibia",2.48869986982457,0.000433203106428692,"TNR_Aviation_CRS"
"1191","1191",7.33403225643953,"NAMIBIA_KAVANGO EAST_MASHARE","Namibia",7.33439769071237,0.000365434272842968,"TNR_Aviation_CRS"
"1192","1192",8.52976397771312,"NAMIBIA_KAVANGO EAST_MUKWE","Namibia",8.53011686167794,0.000352883964824358,"TNR_Aviation_CRS"
"1193","1193",8.40727161774139,"NAMIBIA_KAVANGO EAST_NDIYONA","Namibia",8.40763658868439,0.000364970942992926,"TNR_Aviation_CRS"
"1194","1194",7.69996310371842,"NAMIBIA_KAVANGO EAST_RUNDU RURAL WEST","Namibia",7.70030243231842,0.000339328599997302,"TNR_Aviation_CRS"
"1195","1195",7.3483266257886,"NAMIBIA_KAVANGO EAST_RUNDU URBAN","Namibia",7.34868601667098,0.000359390882375799,"TNR_Aviation_CRS"
"1196","1196",7.34064072932517,"NAMIBIA_KAVANGO EAST_RUNDU RURAL EAST","Namibia",7.34100168481041,0.000360955485231074,"TNR_Aviation_CRS"
"1197","1197",9.00660440233809,"NAMIBIA_KHOMAS_TOBIAS HAINYEKO","Namibia",9.006979404175,0.000375001836905753,"TNR_Aviation_CRS"
"1198","1198",9.43696963294488,"NAMIBIA_KHOMAS_KATUTURA CENTRAL","Namibia",9.43733008025577,0.000360447310887579,"TNR_Aviation_CRS"
"1199","1199",9.24827469425114,"NAMIBIA_KHOMAS_KATUTURA EAST","Namibia",9.24864921506852,0.000374520817382873,"TNR_Aviation_CRS"
"1200","1200",9.68211385835618,"NAMIBIA_KHOMAS_KHOMASDAL NORTH","Namibia",9.68248672211039,0.000372863754209973,"TNR_Aviation_CRS"
"1201","1201",9.12992948781539,"NAMIBIA_KHOMAS_SOWETO","Namibia",9.13028931030468,0.000359822489292227,"TNR_Aviation_CRS"
"1202","1202",9.04645671724399,"NAMIBIA_KHOMAS_SAMORA MACHEL","Namibia",9.04682892200644,0.000372204762443928,"TNR_Aviation_CRS"
"1203","1203",11.6380568385147,"NAMIBIA_KHOMAS_WINDHOEK EAST","Namibia",11.638418043311,0.000361204796332615,"TNR_Aviation_CRS"
"1204","1204",4.93806388615228,"NAMIBIA_KHOMAS_WINDHOEK RURAL","Namibia",4.93842566559798,0.000361779445701593,"TNR_Aviation_CRS"
"1205","1205",11.5328989103105,"NAMIBIA_KHOMAS_WINDHOEK WEST","Namibia",11.5332795564512,0.00038064614068567,"TNR_Aviation_CRS"
"1206","1206",8.1679995988361,"NAMIBIA_KHOMAS_MOSES //GAROEB","Namibia",8.16837384153292,0.000374242696821625,"TNR_Aviation_CRS"
"1207","1207",2.2471885236471,"NAMIBIA_KUNENE_EPUPA","Namibia",2.24733043066712,0.000141907020022813,"TNR_Aviation_CRS"
"1208","1208",4.73918883389129,"NAMIBIA_KUNENE_KAMANAJB","Namibia",4.73945976443851,0.000270930547216608,"TNR_Aviation_CRS"
"1209","1209",2.79182468040898,"NAMIBIA_KUNENE_KHORIXAS","Namibia",2.79204167117979,0.000216990770812497,"TNR_Aviation_CRS"
"1210","1210",2.86856310630334,"NAMIBIA_KUNENE_OPUWO","Namibia",2.86871246418159,0.000149357878254097,"TNR_Aviation_CRS"
"1211","1211",5.36116533793463,"NAMIBIA_KUNENE_OUTJO","Namibia",5.36148931270367,0.000323974769037783,"TNR_Aviation_CRS"
"1212","1212",2.42651908976686,"NAMIBIA_KUNENE_SESFONTEIN","Namibia",2.42670097653487,0.000181886768008788,"TNR_Aviation_CRS"
"1213","1213",5.48927942021766,"NAMIBIA_OHANGWENA_EENHANA","Namibia",5.48997489038172,0.000695470164060019,"TNR_Aviation_CRS"
"1214","1214",4.88676608835215,"NAMIBIA_OHANGWENA_ENDOLA","Namibia",4.88739972175927,0.000633633407118417,"TNR_Aviation_CRS"
"1215","1215",4.74414965320861,"NAMIBIA_OHANGWENA_ENGELA","Namibia",4.74479873096141,0.000649077752805205,"TNR_Aviation_CRS"
"1216","1216",5.4790960153299,"NAMIBIA_OHANGWENA_EPEMBE","Namibia",5.47952596899886,0.000429953668950489,"TNR_Aviation_CRS"
"1217","1217",4.92466390843391,"NAMIBIA_OHANGWENA_OHANGWENA","Namibia",4.92531728815857,0.000653379724660397,"TNR_Aviation_CRS"
"1218","1218",5.50539380829672,"NAMIBIA_OHANGWENA_OKONGO","Namibia",5.50578655652259,0.000392748225862327,"TNR_Aviation_CRS"
"1219","1219",6.68379743725365,"NAMIBIA_OHANGWENA_OMUNDAUNGILO","Namibia",6.68449810494697,0.00070066769332211,"TNR_Aviation_CRS"
"1220","1220",5.64477107187817,"NAMIBIA_OHANGWENA_ONDOBE","Namibia",5.64545208183336,0.000681009955195044,"TNR_Aviation_CRS"
"1221","1221",4.48287633858638,"NAMIBIA_OHANGWENA_ONGENGA","Namibia",4.48351502233334,0.000638683746960744,"TNR_Aviation_CRS"
"1222","1222",5.37240086705822,"NAMIBIA_OHANGWENA_OSHIKANGO","Namibia",5.37306699675464,0.000666129696422324,"TNR_Aviation_CRS"
"1223","1223",5.06680381434037,"NAMIBIA_OHANGWENA_OMULONGA","Namibia",5.06747204370124,0.000668229360867301,"TNR_Aviation_CRS"
"1224","1224",5.05794701602381,"NAMIBIA_OMAHEKE_AMINUIS","Namibia",5.0583497286901,0.00040271266628622,"TNR_Aviation_CRS"
"1225","1225",5.62093293926485,"NAMIBIA_OMAHEKE_GOBABIS","Namibia",5.621308697107,0.000375757842150826,"TNR_Aviation_CRS"
"1226","1226",5.42408192448286,"NAMIBIA_OMAHEKE_KALAHARI","Namibia",5.4244772643456,0.000395339862745203,"TNR_Aviation_CRS"
"1227","1227",4.92838103050699,"NAMIBIA_OMAHEKE_OTJINENE","Namibia",4.92874909138543,0.000368060878441767,"TNR_Aviation_CRS"
"1228","1228",5.45439490994699,"NAMIBIA_OMAHEKE_OTJOMBINDE","Namibia",5.45481733992569,0.000422429978700123,"TNR_Aviation_CRS"
"1229","1229",5.09930369490618,"NAMIBIA_OMAHEKE_STEINHAUSEN","Namibia",5.09967425944339,0.000370564537206519,"TNR_Aviation_CRS"
"1230","1230",5.19880387850468,"NAMIBIA_OMAHEKE_EPUKIRO","Namibia",5.19918421418051,0.000380335675838062,"TNR_Aviation_CRS"
"1231","1231",3.96969013487345,"NAMIBIA_OMUSATI_ANAMULENGE","Namibia",3.97028641747648,0.000596282603025244,"TNR_Aviation_CRS"
"1232","1232",4.15026065465672,"NAMIBIA_OMUSATI_ELIM","Namibia",4.15087011101997,0.000609456363252825,"TNR_Aviation_CRS"
"1233","1233",4.53471007318218,"NAMIBIA_OMUSATI_ETAYI","Namibia",4.53534745396451,0.000637380782325891,"TNR_Aviation_CRS"
"1234","1234",4.00271548055808,"NAMIBIA_OMUSATI_OGONGO","Namibia",4.00330482407682,0.000589343518738517,"TNR_Aviation_CRS"
"1235","1235",3.73318676187981,"NAMIBIA_OMUSATI_OKAHAO","Namibia",3.73350562190523,0.00031886002542203,"TNR_Aviation_CRS"
"1236","1236",4.10054078292792,"NAMIBIA_OMUSATI_OKALONGO","Namibia",4.10115343904402,0.000612656116095955,"TNR_Aviation_CRS"
"1237","1237",3.47841225208007,"NAMIBIA_OMUSATI_ONESI","Namibia",3.47889602158578,0.000483769505708942,"TNR_Aviation_CRS"
"1238","1238",4.19556351821726,"NAMIBIA_OMUSATI_OSHIKUKU","Namibia",4.19619034980806,0.000626831590799348,"TNR_Aviation_CRS"
"1239","1239",3.78659836087797,"NAMIBIA_OMUSATI_OUTAPI","Namibia",3.78713499105102,0.000536630173046948,"TNR_Aviation_CRS"
"1240","1240",3.29727947434421,"NAMIBIA_OMUSATI_RUACANA","Namibia",3.29757179698892,0.00029232264470469,"TNR_Aviation_CRS"
"1241","1241",4.31956910306682,"NAMIBIA_OMUSATI_TSANDI","Namibia",4.32008722621719,0.000518123150372141,"TNR_Aviation_CRS"
"1242","1242",4.31674589921733,"NAMIBIA_OMUSATI_OTAMANZI","Namibia",4.3171162656118,0.000370366394471411,"TNR_Aviation_CRS"
"1243","1243",4.86730367822912,"NAMIBIA_OSHANA_OKAKU","Namibia",4.86796261844572,0.000658940216602844,"TNR_Aviation_CRS"
"1244","1244",4.53548781695835,"NAMIBIA_OSHANA_OKATANA","Namibia",4.53613324177344,0.000645424815084894,"TNR_Aviation_CRS"
"1245","1245",4.51492411866308,"NAMIBIA_OSHANA_OKATJALI","Namibia",4.51558227885876,0.000658160195677659,"TNR_Aviation_CRS"
"1246","1246",4.39566702106641,"NAMIBIA_OSHANA_OMPUNDJA","Namibia",4.39630165257227,0.000634631505859851,"TNR_Aviation_CRS"
"1247","1247",4.82764173119101,"NAMIBIA_OSHANA_ONDANGWA","Namibia",4.82831415636776,0.000672425176753144,"TNR_Aviation_CRS"
"1248","1248",4.7517783033305,"NAMIBIA_OSHANA_ONGWEDIVA","Namibia",4.75242871941572,0.000650416085216321,"TNR_Aviation_CRS"
"1249","1249",4.6108247291758,"NAMIBIA_OSHANA_OSHAKATI EAST","Namibia",4.61147000146754,0.000645272291736276,"TNR_Aviation_CRS"
"1250","1250",4.61944833603327,"NAMIBIA_OSHANA_OSHAKATI WEST","Namibia",4.62008250784053,0.000634171807261552,"TNR_Aviation_CRS"
"1251","1251",4.840186105798,"NAMIBIA_OSHANA_UUKWIYU","Namibia",4.84085853021117,0.000672424413177275,"TNR_Aviation_CRS"
"1252","1252",4.50962223272455,"NAMIBIA_OSHANA_UUVUDHIYA","Namibia",4.51000458119635,0.000382348471801741,"TNR_Aviation_CRS"
"1253","1253",5.73214219758066,"NAMIBIA_OSHIKOTO_EENGONDI","Namibia",5.73254754981354,0.000405352232873746,"TNR_Aviation_CRS"
"1254","1254",5.37377056779163,"NAMIBIA_OSHIKOTO_GUINAS","Namibia",5.37410261309644,0.000332045304814343,"TNR_Aviation_CRS"
"1255","1255",4.86663214785746,"NAMIBIA_OSHIKOTO_OKANKOLO","Namibia",4.86694262749301,0.000310479635555971,"TNR_Aviation_CRS"
"1256","1256",4.82619934772956,"NAMIBIA_OSHIKOTO_OLUKONDA","Namibia",4.82688588584217,0.000686538112607771,"TNR_Aviation_CRS"
"1257","1257",4.63426002386474,"NAMIBIA_OSHIKOTO_OMUNTELE","Namibia",4.63468214770654,0.000422123841802069,"TNR_Aviation_CRS"
"1258","1258",4.48508645406878,"NAMIBIA_OSHIKOTO_OMUTHIYAGWIIPUNDI","Namibia",4.48543065463419,0.000344200565407959,"TNR_Aviation_CRS"
"1259","1259",4.99106026386325,"NAMIBIA_OSHIKOTO_ONAYENA","Namibia",4.99172677824719,0.000666514383938832,"TNR_Aviation_CRS"
"1260","1260",4.9718647132797,"NAMIBIA_OSHIKOTO_ONIIPA","Namibia",4.97254731299882,0.000682599719124433,"TNR_Aviation_CRS"
"1261","1261",4.88141591772569,"NAMIBIA_OSHIKOTO_ONYAANYA","Namibia",4.88183786531321,0.000421947587526894,"TNR_Aviation_CRS"
"1262","1262",7.46874269192184,"NAMIBIA_OSHIKOTO_TSUMEB","Namibia",7.46909384157719,0.000351149655346994,"TNR_Aviation_CRS"
"1263","1263",5.55917721320439,"NAMIBIA_OTJOZONDJUPA_GROOTFONTEIN","Namibia",5.55951745326503,0.000340240060639374,"TNR_Aviation_CRS"
"1264","1264",5.65347119016195,"NAMIBIA_OTJOZONDJUPA_OKAHANDJA","Namibia",5.65384514182717,0.000373951665226357,"TNR_Aviation_CRS"
"1265","1265",5.06078531338443,"NAMIBIA_OTJOZONDJUPA_OKAKARARA","Namibia",5.06115101453238,0.000365701147950759,"TNR_Aviation_CRS"
"1266","1266",5.00883491673875,"NAMIBIA_OTJOZONDJUPA_OMATAKO","Namibia",5.00920471871077,0.000369801972022188,"TNR_Aviation_CRS"
"1267","1267",5.58467317630553,"NAMIBIA_OTJOZONDJUPA_OTAVI","Namibia",5.5850315657329,0.000358389427366212,"TNR_Aviation_CRS"
"1268","1268",4.42184469931674,"NAMIBIA_OTJOZONDJUPA_OTJIWARONGO","Namibia",4.42217985958065,0.00033516026391478,"TNR_Aviation_CRS"
"1269","1269",6.52792943817412,"NAMIBIA_OTJOZONDJUPA_TSUMKWE","Namibia",6.52830289849883,0.000373460324717634,"TNR_Aviation_CRS"
"1270","1270",6.34240424231016,"NAMIBIA_KAVANGO WEST_KAHENGE","Namibia",6.3427373417192,0.000333099409047577,"TNR_Aviation_CRS"
"1271","1271",7.28270735439794,"NAMIBIA_KAVANGO WEST_KAPAKO","Namibia",7.28304497063565,0.00033761623771067,"TNR_Aviation_CRS"
"1272","1272",8.49792853317335,"NAMIBIA_KAVANGO WEST_MPUNGU","Namibia",8.49830919865303,0.000380665479674747,"TNR_Aviation_CRS"
"1273","1273",7.11901849090874,"Buffalo City (BUF)","South Africa",7.12026793263616,0.00124944172741603,"TNR_Aviation_CRS"
"1274","1274",5.42577723502396,"City of Cape Town (CPT)","South Africa",5.42650277605169,0.000725541027723153,"TNR_Aviation_CRS"
"1275","1275",8.04653195373623,"Camdeboo/Ikwezi/Baviaans (EC101)","South Africa",8.04805726132995,0.00152530759371672,"TNR_Aviation_CRS"
"1276","1276",6.72447820074039,"Blue Crane Rout/ie (EC102)","South Africa",6.72590947182308,0.00143127108268715,"TNR_Aviation_CRS"
"1277","1277",6.4734824736687,"Makana (EC104)","South Africa",6.4747371161607,0.00125464249200657,"TNR_Aviation_CRS"
"1278","1278",5.54278540836917,"Ndlambe (EC105)","South Africa",5.54400782200291,0.0012224136337462,"TNR_Aviation_CRS"
"1279","1279",8.22480263990878,"Sundays River Valley (EC106)","South Africa",8.22599750993079,0.00119487002201701,"TNR_Aviation_CRS"
"1280","1280",6.24109357961585,"Kouga (EC108)","South Africa",6.24249703252068,0.00140345290482369,"TNR_Aviation_CRS"
"1281","1281",6.72330954519122,"Kou-Kamma (EC109)","South Africa",6.72446679340265,0.00115724821142926,"TNR_Aviation_CRS"
"1282","1282",8.31822377616888,"Mbhashe (EC121)","South Africa",8.31971433064724,0.00149055447836233,"TNR_Aviation_CRS"
"1283","1283",8.31840683821973,"Mnquma (EC122)","South Africa",8.31991026010222,0.0015034218824912,"TNR_Aviation_CRS"
"1284","1284",7.78104966312758,"Great Kei (EC123)","South Africa",7.78243355890796,0.00138389578037845,"TNR_Aviation_CRS"
"1285","1285",8.06298970713996,"Amahlathi (EC124)","South Africa",8.06436091326268,0.00137120612271602,"TNR_Aviation_CRS"
"1286","1286",6.33809812948614,"Ngqushwa (EC126)","South Africa",6.3393597231335,0.00126159364735479,"TNR_Aviation_CRS"
"1287","1287",7.82186484694002,"Nkonkobe/Nxuba (EC129)","South Africa",7.82345566978096,0.00159082284093692,"TNR_Aviation_CRS"
"1288","1288",6.95388722859929,"Inxuba Yethemba (EC131)","South Africa",6.95552575255675,0.00163852395746211,"TNR_Aviation_CRS"
"1289","1289",8.91705436614893,"Intsika Yethu (EC135)","South Africa",8.91873298041637,0.00167861426744054,"TNR_Aviation_CRS"
"1290","1290",8.82730953137198,"Emalahleni (EC136)","South Africa",8.82892962661599,0.00162009524400197,"TNR_Aviation_CRS"
"1291","1291",11.7889508674426,"Engcobo (EC137)","South Africa",11.7906578989658,0.00170703152312335,"TNR_Aviation_CRS"
"1292","1292",10.945805574875,"Sakhisizwe (EC138)","South Africa",10.9475478783196,0.00174230344463311,"TNR_Aviation_CRS"
"1293","1293",7.97168899569479,"Tsolwana/Inkwanca/Lukanji (EC139)","South Africa",7.97338449510638,0.00169549941159008,"TNR_Aviation_CRS"
"1294","1294",11.285237051328,"Elundini (EC141)","South Africa",11.2869915446591,0.00175449333102939,"TNR_Aviation_CRS"
"1295","1295",9.87713787851419,"Senqu (EC142)","South Africa",9.87882188865987,0.00168401014568254,"TNR_Aviation_CRS"
"1296","1296",8.43000365107329,"Maletswai/Gariep (EC145)","South Africa",8.43169164197534,0.00168799090205063,"TNR_Aviation_CRS"
"1297","1297",10.3748976143875,"Ngquza Hill (EC153)","South Africa",10.3762887701176,0.00139115573006343,"TNR_Aviation_CRS"
"1298","1298",9.33193514680861,"Port St Johns (EC154)","South Africa",9.33322703597455,0.00129188916593748,"TNR_Aviation_CRS"
"1299","1299",10.2538186018499,"Nyandeni (EC155)","South Africa",10.2552274619498,0.00140886009997487,"TNR_Aviation_CRS"
"1300","1300",11.857690031238,"Mhlontlo (EC156)","South Africa",11.8593320888339,0.00164205759593372,"TNR_Aviation_CRS"
"1301","1301",9.45640042139264,"King Sabata Dalindyebo (EC157)","South Africa",9.45788316062582,0.00148273923317177,"TNR_Aviation_CRS"
"1302","1302",11.3790828490963,"Matatiele (EC441)","South Africa",11.3807526192872,0.00166977019083347,"TNR_Aviation_CRS"
"1303","1303",11.5328778761548,"Umzimvubu (EC442)","South Africa",11.5344900769129,0.0016122007581707,"TNR_Aviation_CRS"
"1304","1304",11.1583425569074,"Mbizana (EC443)","South Africa",11.1596372512484,0.00129469434098617,"TNR_Aviation_CRS"
"1305","1305",12.1118067501184,"Ntabankulu (EC444)","South Africa",12.1133920204713,0.00158527035289069,"TNR_Aviation_CRS"
"1306","1306",33.3566236187689,"Ekurhuleni (EKU)","South Africa",33.3583861031569,0.00176248438796733,"TNR_Aviation_CRS"
"1307","1307",16.1914234441695,"eThekwini (ETH)","South Africa",16.1923369094101,0.000913465240650169,"TNR_Aviation_CRS"
"1308","1308",8.76749490339699,"Letsemeng (FS161)","South Africa",8.7690455759906,0.00155067259361097,"TNR_Aviation_CRS"
"1309","1309",9.16535306898196,"Kopanong (FS162)","South Africa",9.1670761594567,0.00172309047474606,"TNR_Aviation_CRS"
"1310","1310",9.87215546103572,"Mohokare (FS163)","South Africa",9.87396157897499,0.00180611793927454,"TNR_Aviation_CRS"
"1311","1311",11.0880590006584,"Masilonyana (FS181)","South Africa",11.0899441099098,0.00188510925146446,"TNR_Aviation_CRS"
"1312","1312",9.0797723942655,"Tokologo (FS182)","South Africa",9.08131844558113,0.00154605131563379,"TNR_Aviation_CRS"
"1313","1313",10.4205119217257,"Tswelopele (FS183)","South Africa",10.4221799006815,0.00166797895582782,"TNR_Aviation_CRS"
"1314","1314",13.144645498776,"Matjhabeng (FS184)","South Africa",13.1464668205553,0.00182132177931393,"TNR_Aviation_CRS"
"1315","1315",12.3225158734111,"Nala (FS185)","South Africa",12.3241442399036,0.00162836649240994,"TNR_Aviation_CRS"
"1316","1316",13.3557127723751,"Setsoto (FS191)","South Africa",13.3575675245415,0.00185475216634323,"TNR_Aviation_CRS"
"1317","1317",16.4010961331267,"Dihlabeng (FS192)","South Africa",16.4027404473929,0.00164431426624745,"TNR_Aviation_CRS"
"1318","1318",18.1254886263212,"Nketoana (FS193)","South Africa",18.1272583741928,0.00176974787163076,"TNR_Aviation_CRS"
"1319","1319",20.6114047579299,"Maluti a Phofung (FS194)","South Africa",20.6131557948176,0.00175103688774314,"TNR_Aviation_CRS"
"1320","1320",22.8034728776731,"Phumelela (FS195)","South Africa",22.8050584112003,0.00158553352713753,"TNR_Aviation_CRS"
"1321","1321",11.7452658658269,"Mantsopa (FS196)","South Africa",11.7470878512873,0.00182198546035828,"TNR_Aviation_CRS"
"1322","1322",14.8906311895018,"Moqhaka (FS201)","South Africa",14.8923245149292,0.0016933254273912,"TNR_Aviation_CRS"
"1323","1323",19.4825394082565,"Ngwathe (FS203)","South Africa",19.4842582620219,0.00171885376537162,"TNR_Aviation_CRS"
"1324","1324",22.3066399328651,"Metsimaholo (FS204)","South Africa",22.3083382210527,0.00169828818755491,"TNR_Aviation_CRS"
"1325","1325",22.4080932028806,"Mafube (FS205)","South Africa",22.4097751909621,0.00168198808147935,"TNR_Aviation_CRS"
"1326","1326",32.1781451498545,"Emfuleni (GT421)","South Africa",32.1798717185416,0.00172656868715393,"TNR_Aviation_CRS"
"1327","1327",25.5110754680854,"Midvaal (GT422)","South Africa",25.5128298624553,0.00175439436988256,"TNR_Aviation_CRS"
"1328","1328",25.3898764923778,"Lesedi (GT423)","South Africa",25.3916064463406,0.00172995396275866,"TNR_Aviation_CRS"
"1329","1329",36.4560162848727,"Mogale City (GT481)","South Africa",36.457816752551,0.00180046767834341,"TNR_Aviation_CRS"
"1330","1330",29.7619965743248,"Merafong City (GT484)","South Africa",29.7636589330186,0.00166235869388132,"TNR_Aviation_CRS"
"1331","1331",43.3718900189875,"New (GT485)","South Africa",43.3737644355553,0.00187441656783705,"TNR_Aviation_CRS"
"1332","1332",38.3152443936313,"City of Johannesburg (JHB)","South Africa",38.3170605114695,0.00181611783812485,"TNR_Aviation_CRS"
"1333","1333",13.901178079828,"Umdoni (KZN212)","South Africa",13.9021642562776,0.000986176449565335,"TNR_Aviation_CRS"
"1334","1334",12.2987909313477,"Umzumbe (KZN213)","South Africa",12.2998237521201,0.00103282077236599,"TNR_Aviation_CRS"
"1335","1335",12.0944299419477,"uMuziwabantu (KZN214)","South Africa",12.0956480897609,0.00121814781327956,"TNR_Aviation_CRS"
"1336","1336",10.5396749055978,"Hibiscus Coast (KZN216)","South Africa",10.5407186014663,0.00104369586840924,"TNR_Aviation_CRS"
"1337","1337",21.3093061076583,"uMshwathi (KZN221)","South Africa",21.3103975919788,0.00109148432044393,"TNR_Aviation_CRS"
"1338","1338",19.1937696423512,"uMngeni (KZN222)","South Africa",19.1951067936158,0.00133715126462874,"TNR_Aviation_CRS"
"1339","1339",19.8608626367001,"Mpofana (KZN223)","South Africa",19.8622716691399,0.00140903243982393,"TNR_Aviation_CRS"
"1340","1340",16.2149060957952,"Impendle (KZN224)","South Africa",16.216260716346,0.00135462055081348,"TNR_Aviation_CRS"
"1341","1341",17.5215415475051,"The Msunduzi (KZN225)","South Africa",17.5227618144422,0.0012202669370609,"TNR_Aviation_CRS"
"1342","1342",17.5556048518493,"Mkhambathini (KZN226)","South Africa",17.5566788607558,0.00107400890652087,"TNR_Aviation_CRS"
"1343","1343",16.8597758013394,"Richmond (KZN227)","South Africa",16.8609119324056,0.00113613106618615,"TNR_Aviation_CRS"
"1344","1344",19.8481025962273,"Okhahlamba (KZN235)","South Africa",19.8497646255662,0.0016620293388776,"TNR_Aviation_CRS"
"1345","1345",19.9311832385871,"New (KZN237)","South Africa",19.9325697442314,0.00138650564438336,"TNR_Aviation_CRS"
"1346","1346",20.2070204469415,"New (KZN238)","South Africa",20.208450436302,0.00142998936057381,"TNR_Aviation_CRS"
"1347","1347",18.4211682309361,"Endumeni (KZN241)","South Africa",18.4224680712469,0.00129984031084263,"TNR_Aviation_CRS"
"1348","1348",15.2962210865764,"Nqutu (KZN242)","South Africa",15.2973550538241,0.00113396724763426,"TNR_Aviation_CRS"
"1349","1349",18.9072151023703,"Msinga (KZN244)","South Africa",18.9087778978927,0.0015627955224673,"TNR_Aviation_CRS"
"1350","1350",16.971201683601,"Umvoti (KZN245)","South Africa",16.9723240216759,0.0011223380748504,"TNR_Aviation_CRS"
"1351","1351",23.7238287924419,"Newcastle (KZN252)","South Africa",23.7252041835498,0.00137539110794549,"TNR_Aviation_CRS"
"1352","1352",19.6441732916816,"Emadlangeni (KZN253)","South Africa",19.6454429267987,0.00126963511711153,"TNR_Aviation_CRS"
"1353","1353",28.1261485819568,"Dannhauser (KZN254)","South Africa",28.1274899459947,0.001341364037863,"TNR_Aviation_CRS"
"1354","1354",16.2220061458495,"eDumbe (KZN261)","South Africa",16.2231502506707,0.00114410482123262,"TNR_Aviation_CRS"
"1355","1355",12.9360520977572,"uPhongolo (KZN262)","South Africa",12.9369706285479,0.00091853079073978,"TNR_Aviation_CRS"
"1356","1356",14.4677577795347,"Abaqulusi (KZN263)","South Africa",14.468787592036,0.00102981250133816,"TNR_Aviation_CRS"
"1357","1357",10.9929103448163,"Nongoma (KZN265)","South Africa",10.9937641593706,0.000853814554359289,"TNR_Aviation_CRS"
"1358","1358",13.5922255494829,"Ulundi (KZN266)","South Africa",13.5932101825098,0.000984633026904547,"TNR_Aviation_CRS"
"1359","1359",9.58873822713536,"Umhlabuyalingana (KZN271)","South Africa",9.58944362342934,0.00070539629398958,"TNR_Aviation_CRS"
"1360","1360",10.5056849537279,"Jozini (KZN272)","South Africa",10.5064750861255,0.000790132397581189,"TNR_Aviation_CRS"
"1361","1361",9.04185778005326,"Mtubatuba (KZN275)","South Africa",9.0425367446352,0.000678964581938502,"TNR_Aviation_CRS"
"1362","1362",9.28126994426401,"New (KZN276)","South Africa",9.28199103711775,0.000721092853742888,"TNR_Aviation_CRS"
"1363","1363",10.266842104682,"Mfolozi (KZN281)","South Africa",10.2675509116909,0.000708807008965806,"TNR_Aviation_CRS"
"1364","1364",10.416734882809,"uMhlathuze (KZN282)","South Africa",10.4174643026662,0.000729419857236735,"TNR_Aviation_CRS"
"1365","1365",12.8307832980031,"uMlalazi (KZN284)","South Africa",12.8316666038344,0.000883305831314019,"TNR_Aviation_CRS"
"1366","1366",13.2820667036623,"Mthonjaneni (KZN285)","South Africa",13.2829399749273,0.000873271264989484,"TNR_Aviation_CRS"
"1367","1367",14.971220414853,"Nkandla (KZN286)","South Africa",14.9722855921942,0.00106517734121603,"TNR_Aviation_CRS"
"1368","1368",12.1176785325256,"Mandeni (KZN291)","South Africa",12.1185034928708,0.000824960345228831,"TNR_Aviation_CRS"
"1369","1369",13.1704816215168,"KwaDukuza (KZN292)","South Africa",13.1713565180126,0.000874896495783872,"TNR_Aviation_CRS"
"1370","1370",14.6697731242899,"Ndwedwe (KZN293)","South Africa",14.6707521866151,0.000979062325267677,"TNR_Aviation_CRS"
"1371","1371",15.2257428118448,"Maphumulo (KZN294)","South Africa",15.2267347028851,0.000991891040282411,"TNR_Aviation_CRS"
"1372","1372",12.7562407519168,"Greater Kokstad (KZN433)","South Africa",12.7577934814142,0.00155272949734098,"TNR_Aviation_CRS"
"1373","1373",14.4735090694417,"Ubuhlebezwe (KZN434)","South Africa",14.4745937689326,0.0010846994908551,"TNR_Aviation_CRS"
"1374","1374",13.8778215711613,"Umzimkhulu (KZN435)","South Africa",13.8791054500163,0.0012838788549967,"TNR_Aviation_CRS"
"1375","1375",17.5224725241884,"New (KZN436)","South Africa",17.5238677543301,0.00139523014178522,"TNR_Aviation_CRS"
"1376","1376",12.5413409455062,"Greater Giyani (LIM331)","South Africa",12.5424259477361,0.00108500222984631,"TNR_Aviation_CRS"
"1377","1377",19.0983567928806,"Greater Letaba (LIM332)","South Africa",19.0995834653013,0.00122667242068886,"TNR_Aviation_CRS"
"1378","1378",16.8059842095821,"Greater Tzaneen (LIM333)","South Africa",16.8073191576607,0.00133494807863599,"TNR_Aviation_CRS"
"1379","1379",13.3381615498959,"Ba-Phalaborwa (LIM334)","South Africa",13.3393918081339,0.00123025823801193,"TNR_Aviation_CRS"
"1380","1380",14.8071398542457,"Maruleng (LIM335)","South Africa",14.8084345266864,0.00129467244064507,"TNR_Aviation_CRS"
"1381","1381",13.4610147570989,"Musina (LIM341)","South Africa",13.4619982207236,0.000983463624759651,"TNR_Aviation_CRS"
"1382","1382",14.5648033349228,"Thulamela (LIM343)","South Africa",14.5658854972485,0.00108216232570335,"TNR_Aviation_CRS"
"1383","1383",12.3707423696527,"Makhado (LIM344)","South Africa",12.3717716969669,0.00102932731417482,"TNR_Aviation_CRS"
"1384","1384",11.8001047417473,"New (LIM345)","South Africa",11.8010857052313,0.000980963484039421,"TNR_Aviation_CRS"
"1385","1385",11.5066597287645,"Blouberg (LIM351)","South Africa",11.5076782741748,0.00101854541032864,"TNR_Aviation_CRS"
"1386","1386",12.6814024138965,"Molemole (LIM353)","South Africa",12.6825294446496,0.00112703075313192,"TNR_Aviation_CRS"
"1387","1387",14.493913396015,"Polokwane (LIM354)","South Africa",14.4952123766394,0.00129898062443168,"TNR_Aviation_CRS"
"1388","1388",14.2036273829016,"Lepele-Nkumpi (LIM355)","South Africa",14.2049537178446,0.00132633494300194,"TNR_Aviation_CRS"
"1389","1389",15.9418704129087,"Thabazimbi (LIM361)","South Africa",15.9433123341896,0.00144192128084875,"TNR_Aviation_CRS"
"1390","1390",12.6651858805193,"Lephalale (LIM362)","South Africa",12.6664996026534,0.00131372213415126,"TNR_Aviation_CRS"
"1391","1391",20.6978180049923,"Bela-Bela (LIM366)","South Africa",20.6994431712648,0.00162516627252884,"TNR_Aviation_CRS"
"1392","1392",14.4633354966775,"Mogalakwena (LIM367)","South Africa",14.4646679363796,0.00133243970208952,"TNR_Aviation_CRS"
"1393","1393",18.2559678868589,"Modimolle/Mookgophong (LIM368)","South Africa",18.2574887314107,0.00152084455184465,"TNR_Aviation_CRS"
"1394","1394",19.6598518918099,"Ephraim Mogale (LIM471)","South Africa",19.6613229315572,0.00147103974726903,"TNR_Aviation_CRS"
"1395","1395",22.9250721775573,"Elias Motsoaledi (LIM472)","South Africa",22.9266605936141,0.00158841605679072,"TNR_Aviation_CRS"
"1396","1396",16.383627212954,"Makhuduthamaga (LIM473)","South Africa",16.3850602010545,0.00143298810051107,"TNR_Aviation_CRS"
"1397","1397",16.9309707153899,"Greater Tubatse/Fetakgomo (LIM476)","South Africa",16.9324037052495,0.00143298985955553,"TNR_Aviation_CRS"
"1398","1398",10.2869377229148,"Mangaung (MAN)","South Africa",10.2886726501857,0.00173492727091507,"TNR_Aviation_CRS"
"1399","1399",20.1017618068644,"Chief Albert Luthuli (MP301)","South Africa",20.1031935253164,0.0014317184519399,"TNR_Aviation_CRS"
"1400","1400",24.2439559619516,"Msukaligwa (MP302)","South Africa",24.2456753426384,0.00171938068674748,"TNR_Aviation_CRS"
"1401","1401",17.2812293528152,"Mkhondo (MP303)","South Africa",17.2824814850612,0.00125213224593068,"TNR_Aviation_CRS"
"1402","1402",23.5732686268034,"Dr Pixley Ka Isaka Seme (MP304)","South Africa",23.5747049189457,0.0014362921422979,"TNR_Aviation_CRS"
"1403","1403",26.6314969611077,"Lekwa (MP305)","South Africa",26.633084876641,0.00158791553328896,"TNR_Aviation_CRS"
"1404","1404",23.7958628252919,"Dipaleseng (MP306)","South Africa",23.7975269077175,0.00166408242560223,"TNR_Aviation_CRS"
"1405","1405",28.5647747828135,"Govan Mbeki (MP307)","South Africa",28.5664247214951,0.00164993868157737,"TNR_Aviation_CRS"
"1406","1406",29.8374682795154,"Victor Khanye (MP311)","South Africa",29.8391756388622,0.00170735934678135,"TNR_Aviation_CRS"
"1407","1407",29.8137523893122,"Emalahleni (MP312)","South Africa",29.815414078851,0.00166168953878199,"TNR_Aviation_CRS"
"1408","1408",26.9602643622332,"Steve Tshwete (MP313)","South Africa",26.9618839149782,0.0016195527449625,"TNR_Aviation_CRS"
"1409","1409",20.2170131674289,"Emakhazeni (MP314)","South Africa",20.2184730470752,0.00145987964631544,"TNR_Aviation_CRS"
"1410","1410",27.731082205361,"Thembisile (MP315)","South Africa",27.7326894109589,0.00160720559786043,"TNR_Aviation_CRS"
"1411","1411",20.1546014109609,"Dr JS Moroka (MP316)","South Africa",20.1561290966896,0.00152768572871764,"TNR_Aviation_CRS"
"1412","1412",20.2530792048568,"Thaba Chweu (MP321)","South Africa",20.2545816957673,0.00150249091048593,"TNR_Aviation_CRS"
"1413","1413",13.1795108693386,"Nkomazi (MP324)","South Africa",13.1805631080978,0.00105223875919513,"TNR_Aviation_CRS"
"1414","1414",12.6858651022091,"Bushbuckridge (MP325)","South Africa",12.6869810345686,0.00111593235949847,"TNR_Aviation_CRS"
"1415","1415",20.357654143481,"Mbombela/Umjindi (MP326)","South Africa",20.3589578964707,0.00130375298967778,"TNR_Aviation_CRS"
"1416","1416",2.61759073450081,"Richtersveld (NC061)","South Africa",2.61804318071535,0.000452446214541879,"TNR_Aviation_CRS"
"1417","1417",3.06209826508675,"Nama Khoi (NC062)","South Africa",3.06265162896179,0.000553363875039459,"TNR_Aviation_CRS"
"1418","1418",3.57350465734697,"Kamiesberg (NC064)","South Africa",3.57411867642166,0.000614019074688166,"TNR_Aviation_CRS"
"1419","1419",5.02949498648888,"Hantam (NC065)","South Africa",5.03135883210818,0.00186384561930542,"TNR_Aviation_CRS"
"1420","1420",3.7505012003273,"Karoo Hoogland (NC066)","South Africa",3.75179236171579,0.00129116138848762,"TNR_Aviation_CRS"
"1421","1421",3.46241867984337,"Khâi-Ma (NC067)","South Africa",3.46309659414826,0.000677914304886063,"TNR_Aviation_CRS"
"1422","1422",5.07565561981183,"Ubuntu (NC071)","South Africa",5.07703846083868,0.00138284102685304,"TNR_Aviation_CRS"
"1423","1423",7.50713515242573,"Umsobomvu (NC072)","South Africa",7.5089772450038,0.00184209257806867,"TNR_Aviation_CRS"
"1424","1424",6.14579286403944,"Emthanjeni (NC073)","South Africa",6.1474431619949,0.00165029795546001,"TNR_Aviation_CRS"
"1425","1425",4.83701305149916,"Kareeberg (NC074)","South Africa",4.83832972484022,0.0013166733410559,"TNR_Aviation_CRS"
"1426","1426",7.6488544401114,"Renosterberg (NC075)","South Africa",7.65050539109684,0.00165095098544299,"TNR_Aviation_CRS"
"1427","1427",6.7893833189623,"Thembelihle (NC076)","South Africa",6.79082910726288,0.00144578830057096,"TNR_Aviation_CRS"
"1428","1428",5.84597512236895,"Siyathemba (NC077)","South Africa",5.84714377622636,0.00116865385741427,"TNR_Aviation_CRS"
"1429","1429",6.93709121587649,"Siyancuma (NC078)","South Africa",6.93831839165684,0.0012271757803477,"TNR_Aviation_CRS"
"1430","1430",4.36600814470389,"Kai !Garib (NC082)","South Africa",4.36679100257666,0.000782857872769327,"TNR_Aviation_CRS"
"1431","1431",5.18203065115011,"!Kheis (NC084)","South Africa",5.18299915179549,0.000968500645386783,"TNR_Aviation_CRS"
"1432","1432",7.15281667813907,"Tsantsabane (NC085)","South Africa",7.1537776371822,0.000960959043122322,"TNR_Aviation_CRS"
"1433","1433",8.4471604087243,"Kgatelopele (NC086)","South Africa",8.44833272938606,0.00117232066176243,"TNR_Aviation_CRS"
"1434","1434",4.99438937700395,"//Khara Hais/Mier (NC087)","South Africa",4.99502777682228,0.000638399818327251,"TNR_Aviation_CRS"
"1435","1435",8.40482802440021,"Sol Plaatjie (NC091)","South Africa",8.40623182236853,0.0014037979683259,"TNR_Aviation_CRS"
"1436","1436",8.55894116608634,"Dikgatlong (NC092)","South Africa",8.56020491206068,0.00126374597433987,"TNR_Aviation_CRS"
"1437","1437",9.08860002558436,"Magareng (NC093)","South Africa",9.08995655653002,0.00135653094566024,"TNR_Aviation_CRS"
"1438","1438",9.59612256884848,"Phokwane (NC094)","South Africa",9.59744139150233,0.00131882265384498,"TNR_Aviation_CRS"
"1439","1439",7.94251344424175,"Joe Morolong (NC451)","South Africa",7.94340538713591,0.00089194289416028,"TNR_Aviation_CRS"
"1440","1440",8.97561809542899,"Ga-Segonyana (NC452)","South Africa",8.97668145683676,0.00106336140777508,"TNR_Aviation_CRS"
"1441","1441",9.05118732743248,"Gamagara (NC453)","South Africa",9.05216404120125,0.000976713768768178,"TNR_Aviation_CRS"
"1442","1442",7.28909756766005,"Nelson Mandela Bay (NMA)","South Africa",7.29020995453196,0.00111238687190429,"TNR_Aviation_CRS"
"1443","1443",25.6866694810909,"Moretele (NW371)","South Africa",25.6883953583436,0.00172587725271711,"TNR_Aviation_CRS"
"1444","1444",25.5641208755787,"Local Municipality of Madibeng (NW372)","South Africa",25.5658701975943,0.00174932201561617,"TNR_Aviation_CRS"
"1445","1445",28.2416889159099,"Rustenburg (NW373)","South Africa",28.2432982584283,0.00160934251839961,"TNR_Aviation_CRS"
"1446","1446",22.594252721807,"Kgetlengrivier (NW374)","South Africa",22.5957491228874,0.00149640108037374,"TNR_Aviation_CRS"
"1447","1447",19.5690550246404,"Moses Kotane (NW375)","South Africa",19.5704639511607,0.00140892652026281,"TNR_Aviation_CRS"
"1448","1448",12.9953665644709,"Ratlou (NW381)","South Africa",12.9965873878078,0.00122082333690265,"TNR_Aviation_CRS"
"1449","1449",14.3108179213258,"Tswaing (NW382)","South Africa",14.3121775038099,0.00135958248409729,"TNR_Aviation_CRS"
"1450","1450",15.1403006075892,"Mafikeng (NW383)","South Africa",15.1415620595456,0.00126145195647176,"TNR_Aviation_CRS"
"1451","1451",17.5970307236223,"Ditsobotla (NW384)","South Africa",17.5984514347132,0.00142071109084796,"TNR_Aviation_CRS"
"1452","1452",16.2612622434887,"Ramotshere Moiloa (NW385)","South Africa",16.2625663949045,0.00130415141579121,"TNR_Aviation_CRS"
"1453","1453",11.0350266881168,"Naledi (NW392)","South Africa",11.0362749339043,0.00124824578746896,"TNR_Aviation_CRS"
"1454","1454",11.3270508950996,"Mamusa (NW393)","South Africa",11.3284502650623,0.00139936996270684,"TNR_Aviation_CRS"
"1455","1455",12.0433871108833,"Greater Taung (NW394)","South Africa",12.0445735498268,0.00118643894349546,"TNR_Aviation_CRS"
"1456","1456",10.3969217472996,"Lekwa-Teemane (NW396)","South Africa",10.3983896465241,0.00146789922448853,"TNR_Aviation_CRS"
"1457","1457",8.89290617140256,"Kagisano/Molopo (NW397)","South Africa",8.89388025963085,0.000974088228291592,"TNR_Aviation_CRS"
"1458","1458",16.983335209461,"City of Matlosana (NW403)","South Africa",16.9848375695174,0.00150236005644544,"TNR_Aviation_CRS"
"1459","1459",12.9788508181324,"Maquassi Hills (NW404)","South Africa",12.9803931190269,0.00154230089453655,"TNR_Aviation_CRS"
"1460","1460",24.0787323414347,"Ventersdorp/Tlokwe (NW405)","South Africa",24.0803359307513,0.00160358931661264,"TNR_Aviation_CRS"
"1461","1461",30.4537078544161,"City of Tshwane (TSH)","South Africa",30.455503595748,0.00179574133192517,"TNR_Aviation_CRS"
"1462","1462",3.15107748958395,"Matzikama (WC011)","South Africa",3.15177920480091,0.000701715216961496,"TNR_Aviation_CRS"
"1463","1463",4.52720619447079,"Cederberg (WC012)","South Africa",4.52808218004181,0.000875985571021864,"TNR_Aviation_CRS"
"1464","1464",4.22134485058618,"Bergrivier (WC013)","South Africa",4.22226869699821,0.000923846412032248,"TNR_Aviation_CRS"
"1465","1465",3.51369627797138,"Saldanha Bay (WC014)","South Africa",3.51431086178583,0.00061458381445112,"TNR_Aviation_CRS"
"1466","1466",4.08768373952038,"Swartland (WC015)","South Africa",4.0883171967228,0.000633457202428467,"TNR_Aviation_CRS"
"1467","1467",4.57793370851201,"Witzenberg (WC022)","South Africa",4.57898501251428,0.00105130400226905,"TNR_Aviation_CRS"
"1468","1468",5.10865799605396,"Drakenstein (WC023)","South Africa",5.10936364436302,0.000705648309056173,"TNR_Aviation_CRS"
"1469","1469",7.95463466270265,"Stellenbosch (WC024)","South Africa",7.95543021066293,0.0007955479602888,"TNR_Aviation_CRS"
"1470","1470",5.07692126101736,"Breede Valley (WC025)","South Africa",5.07788761010063,0.000966349083274309,"TNR_Aviation_CRS"
"1471","1471",5.90666047878118,"Langeberg (WC026)","South Africa",5.90760088002191,0.000940401240733024,"TNR_Aviation_CRS"
"1472","1472",6.11600284821684,"Theewaterskloof (WC031)","South Africa",6.11685560549929,0.000852757282450156,"TNR_Aviation_CRS"
"1473","1473",4.89553096323423,"Overstrand (WC032)","South Africa",4.89623398371925,0.000703020485020467,"TNR_Aviation_CRS"
"1474","1474",5.03802632258954,"Cape Agulhas (WC033)","South Africa",5.03891187473114,0.000885552141593138,"TNR_Aviation_CRS"
"1475","1475",5.70851823923389,"Swellendam (WC034)","South Africa",5.70980556819538,0.00128732896149053,"TNR_Aviation_CRS"
"1476","1476",6.01359172681467,"Kannaland (WC041)","South Africa",6.01499334450105,0.00140161768637626,"TNR_Aviation_CRS"
"1477","1477",6.38026495665545,"Hessequa (WC042)","South Africa",6.3815696749503,0.00130471829485579,"TNR_Aviation_CRS"
"1478","1478",7.72221109620969,"Mossel Bay (WC043)","South Africa",7.72347903131669,0.00126793510699308,"TNR_Aviation_CRS"
"1479","1479",17.3884460934231,"George (WC044)","South Africa",17.390141294042,0.00169520061891504,"TNR_Aviation_CRS"
"1480","1480",8.35682568824275,"Oudtshoorn (WC045)","South Africa",8.35827881295777,0.00145312471501846,"TNR_Aviation_CRS"
"1481","1481",9.84537048493972,"Bitou (WC047)","South Africa",9.84652203815999,0.0011515532202715,"TNR_Aviation_CRS"
"1482","1482",22.3240854812474,"Knysna (WC048)","South Africa",22.3256876846242,0.00160220337680528,"TNR_Aviation_CRS"
"1483","1483",4.29215175561414,"Laingsburg (WC051)","South Africa",4.29353969634283,0.00138794072868809,"TNR_Aviation_CRS"
"1484","1484",4.70543694809015,"Prince Albert (WC052)","South Africa",4.70688632300022,0.00144937491006658,"TNR_Aviation_CRS"
"1485","1485",4.83798197371669,"Beaufort West (WC053)","South Africa",4.83932627109345,0.00134429737676545,"TNR_Aviation_CRS"
"1486","1486",15.9457401748546,"Timphisini","Eswatini",15.9468892367224,0.0011490618678458,"TNR_Aviation_CRS"
"1487","1487",17.4670174253496,"Ntfonjeni","Eswatini",17.4682273058109,0.00120988046127124,"TNR_Aviation_CRS"
"1488","1488",15.2088737305368,"Mayiwane","Eswatini",15.2099660274248,0.00109229688800561,"TNR_Aviation_CRS"
"1489","1489",13.9013560560906,"Mhlangatane","Eswatini",13.9024127720481,0.00105671595753165,"TNR_Aviation_CRS"
"1490","1490",16.1715123300144,"Ndzingeni","Eswatini",16.1726487363682,0.00113640635377976,"TNR_Aviation_CRS"
"1491","1491",15.2332985130255,"Madlangempisi","Eswatini",15.2343538295329,0.00105531650740431,"TNR_Aviation_CRS"
"1492","1492",15.8736032796093,"Maphalaleni","Eswatini",15.8747099830298,0.00110670342054142,"TNR_Aviation_CRS"
"1493","1493",17.5052040278076,"Pigg's Peak","Eswatini",17.5064335673827,0.00122953957511029,"TNR_Aviation_CRS"
"1494","1494",17.0402035599771,"Nkhaba","Eswatini",17.0414365110584,0.00123295108132027,"TNR_Aviation_CRS"
"1495","1495",16.1336895178972,"Motjane","Eswatini",16.1348540385521,0.00116452065490691,"TNR_Aviation_CRS"
"1496","1496",16.1373449310941,"Mbabane West","Eswatini",16.1384814768444,0.00113654575022792,"TNR_Aviation_CRS"
"1497","1497",16.7115226976277,"Mbabane East","Eswatini",16.7126702589633,0.00114756133557137,"TNR_Aviation_CRS"
"1498","1498",16.012100359134,"Hhukwini","Eswatini",16.0132264479463,0.00112608881231679,"TNR_Aviation_CRS"
"1499","1499",16.2942660586599,"Lobamba","Eswatini",16.2953842076466,0.0011181489867802,"TNR_Aviation_CRS"
"1500","1500",14.2356096098028,"Mkhiweni","Eswatini",14.2366296463828,0.00102003657997152,"TNR_Aviation_CRS"
"1501","1501",14.3736582619979,"Kukhanyeni","Eswatini",14.3747069061082,0.00104864411034278,"TNR_Aviation_CRS"
"1502","1502",13.7204593140453,"Mafutseni","Eswatini",13.7214468550638,0.000987541018458771,"TNR_Aviation_CRS"
"1503","1503",14.1558657334764,"Mthongwaneni","Eswatini",14.1568546434714,0.000988909994989129,"TNR_Aviation_CRS"
"1504","1504",14.1422521352572,"Manzini North","Eswatini",14.1432961129217,0.00104397766448727,"TNR_Aviation_CRS"
"1505","1505",14.235378033369,"Manzini South","Eswatini",14.2364450980206,0.001067064651604,"TNR_Aviation_CRS"
"1506","1506",14.6577091455618,"Kwaluseni","Eswatini",14.6587950856436,0.00108594008176333,"TNR_Aviation_CRS"
"1507","1507",15.2413416838609,"Ludzeludze","Eswatini",15.2424156436706,0.00107395980966274,"TNR_Aviation_CRS"
"1508","1508",15.1102022964589,"Lobamba Lomdzala","Eswatini",15.1113142197938,0.00111192333485022,"TNR_Aviation_CRS"
"1509","1509",13.8696796564126,"Nhlambeni","Eswatini",13.8707294432727,0.00104978686014512,"TNR_Aviation_CRS"
"1510","1510",15.3410948885827,"Ntondozi","Eswatini",15.3421809493784,0.00108606079568396,"TNR_Aviation_CRS"
"1511","1511",14.7891764757353,"La-Mgabhi","Eswatini",14.7902854061533,0.00110893041796523,"TNR_Aviation_CRS"
"1512","1512",16.1961871650019,"Mhlambanyatsi","Eswatini",16.1973621355934,0.00117497059149585,"TNR_Aviation_CRS"
"1513","1513",17.3048625405361,"Mangcongco","Eswatini",17.3060718004699,0.0012092599338267,"TNR_Aviation_CRS"
"1514","1514",15.9452684514545,"Ngwempisi","Eswatini",15.9464231077849,0.00115465633036393,"TNR_Aviation_CRS"
"1515","1515",15.4973594062017,"Mahlangatsha","Eswatini",15.4984100476518,0.00105064145012079,"TNR_Aviation_CRS"
"1516","1516",14.0563319930921,"Kubuta","Eswatini",14.0573319690731,0.000999975981002876,"TNR_Aviation_CRS"
"1517","1517",14.4475844729898,"Nkwene","Eswatini",14.448622995599,0.00103852260919801,"TNR_Aviation_CRS"
"1518","1518",14.215560001513,"Mtsambama","Eswatini",14.2165672550555,0.00100725354245945,"TNR_Aviation_CRS"
"1519","1519",15.0898571959895,"Gege","Eswatini",15.0909611503351,0.00110395434558974,"TNR_Aviation_CRS"
"1520","1520",14.2942804533579,"Mbangweni","Eswatini",14.2952932703564,0.00101281699842737,"TNR_Aviation_CRS"
"1521","1521",14.954216541281,"Maseyisini","Eswatini",14.9552509558067,0.00103441452569442,"TNR_Aviation_CRS"
"1522","1522",14.8549518078439,"Sandleni","Eswatini",14.8559399283806,0.000988120536662862,"TNR_Aviation_CRS"
"1523","1523",14.1679807037657,"Ngudzeni","Eswatini",14.168930063777,0.00094936001130641,"TNR_Aviation_CRS"
"1524","1524",14.5560057101192,"Zombodze","Eswatini",14.5569978403582,0.000992130238998357,"TNR_Aviation_CRS"
"1525","1525",14.8551284696161,"Shiselweni","Eswatini",14.8560905712197,0.000962101603660059,"TNR_Aviation_CRS"
"1526","1526",14.2288578927026,"Hosea","Eswatini",14.229798630251,0.000940737548418724,"TNR_Aviation_CRS"
"1527","1527",13.7060705314846,"Sigwe","Eswatini",13.7069897272834,0.000919195798843475,"TNR_Aviation_CRS"
"1528","1528",13.3873614712904,"Matsanjeni South","Eswatini",13.3882437455594,0.000882274269004668,"TNR_Aviation_CRS"
"1529","1529",12.404609536807,"Somntongo","Eswatini",12.405446782347,0.000837245539983655,"TNR_Aviation_CRS"
"1530","1530",12.1071235065504,"Lubuli","Eswatini",12.1079859602203,0.000862453669888907,"TNR_Aviation_CRS"
"1531","1531",13.5253290239386,"Sithobela","Eswatini",13.5262728577058,0.000943833767188096,"TNR_Aviation_CRS"
"1532","1532",11.9034109875166,"Nkilongo","Eswatini",11.9042926985876,0.000881711070970681,"TNR_Aviation_CRS"
"1533","1533",12.7067464796865,"Siphofaneni","Eswatini",12.7076984104103,0.000951930723834593,"TNR_Aviation_CRS"
"1534","1534",11.9885027327357,"Mpolonjeni","Eswatini",11.9894038838857,0.000901151149991009,"TNR_Aviation_CRS"
"1535","1535",12.0227288399286,"Matsanjeni North","Eswatini",12.0235810751227,0.000852235194106044,"TNR_Aviation_CRS"
"1536","1536",12.2377343705765,"Lugongolweni","Eswatini",12.2385958416855,0.000861471108981604,"TNR_Aviation_CRS"
"1537","1537",12.4777476083996,"Dvokodvweni","Eswatini",12.4786993244056,0.000951716006026615,"TNR_Aviation_CRS"
"1538","1538",12.8726550202669,"Hlane","Eswatini",12.873601321081,0.000946300814025136,"TNR_Aviation_CRS"
"1539","1539",12.9192260946029,"Mhlume","Eswatini",12.9201796784033,0.000953583800434643,"TNR_Aviation_CRS"
"1540","1540",13.0928500456395,"Lomahasha","Eswatini",13.0937341637364,0.000884118096902142,"TNR_Aviation_CRS"
"1541","1541",15.3046475341107,"ZAMBIA_CENTRAL_CHIBOMBO_CHISAMBA","Zambia",15.3050425682836,0.000395034172896658,"TNR_Aviation_CRS"
"1542","1542",10.9291037770196,"ZAMBIA_CENTRAL_CHIBOMBO_KATUBA","Zambia",10.9294836017415,0.000379824721912669,"TNR_Aviation_CRS"
"1543","1543",10.0055432012605,"ZAMBIA_CENTRAL_CHIBOMBO_KEEMBE","Zambia",10.0058047071593,0.000261505898782488,"TNR_Aviation_CRS"
"1544","1544",21.6803756193458,"ZAMBIA_CENTRAL_KABWE_BWACHA","Zambia",21.6807885446763,0.000412925330536495,"TNR_Aviation_CRS"
"1545","1545",11.9299542959669,"ZAMBIA_CENTRAL_KABWE_KABWE CENTRAL","Zambia",11.9302104149115,0.000256118944536254,"TNR_Aviation_CRS"
"1546","1546",30.9422870209318,"ZAMBIA_CENTRAL_KAPIRI MPOSHI_KAPIRI MPOSHI","Zambia",30.9426740311897,0.000387010257849596,"TNR_Aviation_CRS"
"1547","1547",10.2043046088458,"ZAMBIA_CENTRAL_MKUSHI_MKUSHI NORTH","Zambia",10.2045199906208,0.000215381774914647,"TNR_Aviation_CRS"
"1548","1548",14.0738212391965,"ZAMBIA_CENTRAL_MKUSHI_MKUSHI SOUTH","Zambia",14.074081074044,0.000259834847451401,"TNR_Aviation_CRS"
"1549","1549",19.4897354109242,"ZAMBIA_CENTRAL_MUMBWA_MUMBWA","Zambia",19.490185931556,0.000450520631844142,"TNR_Aviation_CRS"
"1550","1550",11.887973838174,"ZAMBIA_CENTRAL_MUMBWA_MWEMBESHI","Zambia",11.888379303478,0.000405465303989772,"TNR_Aviation_CRS"
"1551","1551",9.7558497312349,"ZAMBIA_CENTRAL_MUMBWA_NANGOMA","Zambia",9.75613568367487,0.000285952439966763,"TNR_Aviation_CRS"
"1552","1552",11.2640616406506,"ZAMBIA_CENTRAL_SERENJE_CHITAMBO","Zambia",11.2643438345051,0.000282193854497237,"TNR_Aviation_CRS"
"1553","1553",26.6675497596757,"ZAMBIA_CENTRAL_SERENJE_MUCHINGA","Zambia",26.6679115508829,0.000361791207151185,"TNR_Aviation_CRS"
"1554","1554",12.1056073441626,"ZAMBIA_CENTRAL_SERENJE_SERENJE","Zambia",12.1059281245641,0.000320780401469989,"TNR_Aviation_CRS"
"1555","1555",11.4994030341967,"ZAMBIA_COPPERBELT_CHILILABOMBWE_CHILILABOMBWE","Zambia",11.4995499511527,0.000146916956005327,"TNR_Aviation_CRS"
"1556","1556",9.54492704788866,"ZAMBIA_COPPERBELT_CHINGOLA_CHINGOLA","Zambia",9.54508164374295,0.00015459585428701,"TNR_Aviation_CRS"
"1557","1557",14.8949900937209,"ZAMBIA_COPPERBELT_CHINGOLA_NCHANGA","Zambia",14.8951452260355,0.000155132314542783,"TNR_Aviation_CRS"
"1558","1558",19.5110226885656,"ZAMBIA_COPPERBELT_KALULUSHI_KALULUSHI","Zambia",19.5111835876847,0.000160899119094893,"TNR_Aviation_CRS"
"1559","1559",15.7693882544585,"ZAMBIA_COPPERBELT_KITWE_CHIMWEMWE","Zambia",15.7695528861456,0.000164631687086469,"TNR_Aviation_CRS"
"1560","1560",17.9047626999523,"ZAMBIA_COPPERBELT_KITWE_KAMFINSA","Zambia",17.9049316195027,0.000168919550418423,"TNR_Aviation_CRS"
"1561","1561",15.5559082472586,"ZAMBIA_COPPERBELT_KITWE_KWACHA","Zambia",15.5560733348657,0.000165087607102876,"TNR_Aviation_CRS"
"1562","1562",16.7649596617053,"ZAMBIA_COPPERBELT_KITWE_NKANA","Zambia",16.7651255076681,0.000165845962722955,"TNR_Aviation_CRS"
"1563","1563",17.6910612378727,"ZAMBIA_COPPERBELT_KITWE_WUSAKILE","Zambia",17.6912341453622,0.000172907489428553,"TNR_Aviation_CRS"
"1564","1564",17.2077319462326,"ZAMBIA_COPPERBELT_LUANSHYA_LUANSHYA","Zambia",17.2079106127506,0.000178666518053205,"TNR_Aviation_CRS"
"1565","1565",18.1637960285371,"ZAMBIA_COPPERBELT_LUANSHYA_ROAN","Zambia",18.1639777482046,0.000181719667569524,"TNR_Aviation_CRS"
"1566","1566",14.4303524872286,"ZAMBIA_COPPERBELT_LUFWANYAMA_LUFWANYAMA","Zambia",14.4305361794963,0.000183692267739843,"TNR_Aviation_CRS"
"1567","1567",14.4224962902416,"ZAMBIA_COPPERBELT_MASAITI_KAFULAFUTA","Zambia",14.4226844153483,0.000188125106685533,"TNR_Aviation_CRS"
"1568","1568",17.6400469379522,"ZAMBIA_COPPERBELT_MASAITI_MASAITI","Zambia",17.6402477484154,0.000200810463198309,"TNR_Aviation_CRS"
"1569","1569",21.5801279707712,"ZAMBIA_COPPERBELT_MPONGWE_MPONGWE","Zambia",21.5804115545998,0.000283583828679213,"TNR_Aviation_CRS"
"1570","1570",10.4163602849733,"ZAMBIA_COPPERBELT_MUFULIRA_KANKOYO","Zambia",10.4165155384297,0.000155253456394888,"TNR_Aviation_CRS"
"1571","1571",9.01109262901856,"ZAMBIA_COPPERBELT_MUFULIRA_KANTANSHI","Zambia",9.01125428392612,0.00016165490756137,"TNR_Aviation_CRS"
"1572","1572",12.1728682132106,"ZAMBIA_COPPERBELT_MUFULIRA_MUFULIRA","Zambia",12.1730302039896,0.000161990779039556,"TNR_Aviation_CRS"
"1573","1573",16.1083698531867,"ZAMBIA_COPPERBELT_NDOLA_BWANA MKUBWA","Zambia",16.1085493269238,0.000179473737109248,"TNR_Aviation_CRS"
"1574","1574",13.4964241527445,"ZAMBIA_COPPERBELT_NDOLA_CHIFUBU","Zambia",13.4966000064825,0.000175853737989229,"TNR_Aviation_CRS"
"1575","1575",15.232528090256,"ZAMBIA_COPPERBELT_NDOLA_KABUSHI","Zambia",15.2327043155202,0.00017622526420169,"TNR_Aviation_CRS"
"1576","1576",16.4804940991197,"ZAMBIA_COPPERBELT_NDOLA_NDOLA","Zambia",16.4806712564306,0.000177157310883302,"TNR_Aviation_CRS"
"1577","1577",8.46228290702651,"ZAMBIA_EASTERN_CHADIZA_CHADIZA","Zambia",8.46268648452804,0.000403577501520758,"TNR_Aviation_CRS"
"1578","1578",10.009040969262,"ZAMBIA_EASTERN_CHADIZA_VUBWI","Zambia",10.0095043635994,0.000463394337371525,"TNR_Aviation_CRS"
"1579","1579",10.2353185778566,"ZAMBIA_EASTERN_CHIPATA_CHIPANGALI","Zambia",10.2357067767123,0.000388198855672428,"TNR_Aviation_CRS"
"1580","1580",11.020073045232,"ZAMBIA_EASTERN_CHIPATA_CHIPATA","Zambia",11.0204840686267,0.000411023394770282,"TNR_Aviation_CRS"
"1581","1581",10.010862945198,"ZAMBIA_EASTERN_CHIPATA_KASENENGWA","Zambia",10.0112136290968,0.000350683898709292,"TNR_Aviation_CRS"
"1582","1582",10.189821167742,"ZAMBIA_EASTERN_CHIPATA_LUANGENI","Zambia",10.1902392545527,0.00041808681072375,"TNR_Aviation_CRS"
"1583","1583",10.3944926462111,"ZAMBIA_EASTERN_KATETE_MILANZI","Zambia",10.394921601444,0.000428955232953498,"TNR_Aviation_CRS"
"1584","1584",9.24524989057516,"ZAMBIA_EASTERN_KATETE_MKAIKA","Zambia",9.24564925387892,0.000399363303760225,"TNR_Aviation_CRS"
"1585","1585",12.597707829985,"ZAMBIA_EASTERN_KATETE_SINDA","Zambia",12.5981696520019,0.000461822016967872,"TNR_Aviation_CRS"
"1586","1586",8.39505722188659,"ZAMBIA_EASTERN_LUNDAZI_CHASEFU","Zambia",8.39545939887069,0.000402176984106717,"TNR_Aviation_CRS"
"1587","1587",9.18945813966552,"ZAMBIA_EASTERN_LUNDAZI_LUMEZI","Zambia",9.18981424199442,0.00035610232890626,"TNR_Aviation_CRS"
"1588","1588",8.05325515966902,"ZAMBIA_EASTERN_LUNDAZI_LUNDAZI","Zambia",8.0536433158339,0.0003881561648722,"TNR_Aviation_CRS"
"1589","1589",9.48066590449774,"ZAMBIA_EASTERN_MAMBWE_MALAMBO","Zambia",9.48099847630868,0.000332571810941928,"TNR_Aviation_CRS"
"1590","1590",12.5921112121415,"ZAMBIA_EASTERN_NYIMBA_NYIMBA","Zambia",12.5924335542085,0.000322342067009984,"TNR_Aviation_CRS"
"1591","1591",10.0578309421954,"ZAMBIA_EASTERN_PETAUKE_KAPOCHE","Zambia",10.0582275833936,0.000396641198156189,"TNR_Aviation_CRS"
"1592","1592",10.9581360670809,"ZAMBIA_EASTERN_PETAUKE_MSANZALA","Zambia",10.9585218489219,0.000385781841014676,"TNR_Aviation_CRS"
"1593","1593",11.6117882106217,"ZAMBIA_EASTERN_PETAUKE_PETAUKE","Zambia",11.6121709324982,0.000382721876480474,"TNR_Aviation_CRS"
"1594","1594",9.28621208190375,"ZAMBIA_LUAPULA_CHIENGE_CHIENGE","Zambia",9.28635849490585,0.000146413002099166,"TNR_Aviation_CRS"
"1595","1595",13.1188863218256,"ZAMBIA_LUAPULA_KAWAMBWA_KAWAMBWA","Zambia",13.1190958295164,0.000209507690849264,"TNR_Aviation_CRS"
"1596","1596",10.0989409616255,"ZAMBIA_LUAPULA_KAWAMBWA_MWANSABOMBWE","Zambia",10.0991298970848,0.000188935459210171,"TNR_Aviation_CRS"
"1597","1597",12.5210919099365,"ZAMBIA_LUAPULA_KAWAMBWA_PAMBASHE","Zambia",12.5213140118812,0.000222101944677533,"TNR_Aviation_CRS"
"1598","1598",10.1431671692993,"ZAMBIA_LUAPULA_MANSA_BAHATI","Zambia",10.1433762040349,0.000209034735608071,"TNR_Aviation_CRS"
"1599","1599",9.76674567603242,"ZAMBIA_LUAPULA_MANSA_MANSA","Zambia",9.76694806925486,0.000202393222439312,"TNR_Aviation_CRS"
"1600","1600",18.6811426701396,"ZAMBIA_LUAPULA_MILENGE_CHEMBE","Zambia",18.6813999740711,0.000257303931427089,"TNR_Aviation_CRS"
"1601","1601",13.5363204004019,"ZAMBIA_LUAPULA_MWENSE_CHIPILI","Zambia",13.5365597678293,0.000239367427429471,"TNR_Aviation_CRS"
"1602","1602",8.93435600645087,"ZAMBIA_LUAPULA_MWENSE_MAMBILIMA","Zambia",8.93454575101132,0.000189744560451288,"TNR_Aviation_CRS"
"1603","1603",12.6262994558619,"ZAMBIA_LUAPULA_MWENSE_MWENSE","Zambia",12.6265042846009,0.0002048287390366,"TNR_Aviation_CRS"
"1604","1604",7.51585833904425,"ZAMBIA_LUAPULA_NCHELENGE_NCHELENGE","Zambia",7.51601887923153,0.000160540187277292,"TNR_Aviation_CRS"
"1605","1605",16.0527811345117,"ZAMBIA_LUAPULA_SAMFYA_BANGEULU","Zambia",16.0530401521341,0.000259017622425972,"TNR_Aviation_CRS"
"1606","1606",20.8540804725084,"ZAMBIA_LUAPULA_SAMFYA_CHIFUNABULI","Zambia",20.8543551858999,0.000274713391483772,"TNR_Aviation_CRS"
"1607","1607",11.5414838482126,"ZAMBIA_LUAPULA_SAMFYA_LUAPULA","Zambia",11.5417464946889,0.000262646476269168,"TNR_Aviation_CRS"
"1608","1608",17.1693207699123,"ZAMBIA_LUSAKA_CHONGWE_CHONGWE","Zambia",17.1698416003478,0.000520830435430497,"TNR_Aviation_CRS"
"1609","1609",15.8432549195772,"ZAMBIA_LUSAKA_CHONGWE_RUFUNSA","Zambia",15.8436523836997,0.000397464122485758,"TNR_Aviation_CRS"
"1610","1610",13.044808283044,"ZAMBIA_LUSAKA_KAFUE_CHILANGA","Zambia",13.0452532068458,0.000444923801833141,"TNR_Aviation_CRS"
"1611","1611",18.8041991477346,"ZAMBIA_LUSAKA_KAFUE_KAFUE","Zambia",18.804772523441,0.000573375706366619,"TNR_Aviation_CRS"
"1612","1612",14.8783620377468,"ZAMBIA_LUSAKA_LUANGWA_FEIRA","Zambia",14.8787691514225,0.000407113675699122,"TNR_Aviation_CRS"
"1613","1613",15.4012888707213,"ZAMBIA_LUSAKA_LUSAKA_CHAWAMA","Zambia",15.4020499942723,0.000761123551036746,"TNR_Aviation_CRS"
"1614","1614",14.2894882122537,"ZAMBIA_LUSAKA_LUSAKA_KABWATA","Zambia",14.2899606144063,0.000472402152649209,"TNR_Aviation_CRS"
"1615","1615",14.7516051064891,"ZAMBIA_LUSAKA_LUSAKA_KANYAMA","Zambia",14.7520782813466,0.000473174857553715,"TNR_Aviation_CRS"
"1616","1616",14.829314048806,"ZAMBIA_LUSAKA_LUSAKA_LUSAKA CENTRAL","Zambia",14.8298241543748,0.00051010556881792,"TNR_Aviation_CRS"
"1617","1617",12.0890210060896,"ZAMBIA_LUSAKA_LUSAKA_MANDEVU","Zambia",12.0894550896082,0.000434083518610962,"TNR_Aviation_CRS"
"1618","1618",11.5689358776502,"ZAMBIA_LUSAKA_LUSAKA_MATERO","Zambia",11.569360511012,0.000424633361829407,"TNR_Aviation_CRS"
"1619","1619",13.6214354260577,"ZAMBIA_LUSAKA_LUSAKA_MUNALI","Zambia",13.6219211302678,0.00048570421012073,"TNR_Aviation_CRS"
"1620","1620",12.8563673328655,"ZAMBIA_MUCHINGA_CHAMA_CHAMA NORTH","Zambia",12.8567909729412,0.000423640075709386,"TNR_Aviation_CRS"
"1621","1621",11.4477727080266,"ZAMBIA_MUCHINGA_CHAMA_CHAMA SOUTH","Zambia",11.4482605386345,0.000487830607834638,"TNR_Aviation_CRS"
"1622","1622",14.1889738473094,"ZAMBIA_MUCHINGA_CHINSALI_CHINSALI","Zambia",14.1892774834763,0.000303636166833599,"TNR_Aviation_CRS"
"1623","1623",9.78743598178414,"ZAMBIA_MUCHINGA_CHINSALI_SHIWANGANDU","Zambia",9.78773049534122,0.000294513557081544,"TNR_Aviation_CRS"
"1624","1624",7.56530487248628,"ZAMBIA_MUCHINGA_ISOKA_ISOKA","Zambia",7.56552994466164,0.000225072175364716,"TNR_Aviation_CRS"
"1625","1625",20.3341911157429,"ZAMBIA_MUCHINGA_MAFINGA_MAFINGA","Zambia",20.334963624238,0.000772508495149538,"TNR_Aviation_CRS"
"1626","1626",11.607245484741,"ZAMBIA_MUCHINGA_MPIKA_KANCHIBIYA","Zambia",11.6075336785205,0.000288193779473644,"TNR_Aviation_CRS"
"1627","1627",10.8534036617092,"ZAMBIA_MUCHINGA_MPIKA_MFUWE","Zambia",10.8537196453719,0.000315983662687813,"TNR_Aviation_CRS"
"1628","1628",13.5928790695042,"ZAMBIA_MUCHINGA_MPIKA_MPIKA","Zambia",13.5932160415861,0.000336972081839804,"TNR_Aviation_CRS"
"1629","1629",3.97518522193097,"ZAMBIA_MUCHINGA_NAKONDE_NAKONDE","Zambia",3.97534361989564,0.000158397964670876,"TNR_Aviation_CRS"
"1630","1630",13.569080293928,"ZAMBIA_NORTH-WESTERN_CHAVUMA_CHAVUMA","Zambia",13.5694626946771,0.000382400749071365,"TNR_Aviation_CRS"
"1631","1631",6.87085982410136,"ZAMBIA_NORTH-WESTERN_IKELENGE_IKELENGE","Zambia",6.8710061855492,0.000146361447841414,"TNR_Aviation_CRS"
"1632","1632",16.1473891856865,"ZAMBIA_NORTH-WESTERN_KABOMPO_KABOMPO EAST","Zambia",16.1477975062672,0.000408320580735477,"TNR_Aviation_CRS"
"1633","1633",20.2770447580978,"ZAMBIA_NORTH-WESTERN_KABOMPO_KABOMPO WEST","Zambia",20.2775490062261,0.000504248128343932,"TNR_Aviation_CRS"
"1634","1634",13.8662697170562,"ZAMBIA_NORTH-WESTERN_KASEMPA_KASEMPA","Zambia",13.8665141149535,0.000244397897315451,"TNR_Aviation_CRS"
"1635","1635",14.158758346717,"ZAMBIA_NORTH-WESTERN_MUFUMBWE_MUFUMBWE","Zambia",14.1591771107901,0.000418764073078393,"TNR_Aviation_CRS"
"1636","1636",12.0346910938114,"ZAMBIA_NORTH-WESTERN_MWINILUNGA_MWINILUNGA","Zambia",12.0349705710309,0.000279477219539359,"TNR_Aviation_CRS"
"1637","1637",9.62538563284,"ZAMBIA_NORTH-WESTERN_SOLWEZI_SOLWEZI CENTRAL","Zambia",9.62553283622343,0.000147203383425776,"TNR_Aviation_CRS"
"1638","1638",8.57058978868717,"ZAMBIA_NORTH-WESTERN_SOLWEZI_SOLWEZI EAST","Zambia",8.57074518479622,0.000155396109057904,"TNR_Aviation_CRS"
"1639","1639",12.1631851445574,"ZAMBIA_NORTH-WESTERN_SOLWEZI_SOLWEZI WEST","Zambia",12.1633770886777,0.000191944120356169,"TNR_Aviation_CRS"
"1640","1640",18.9873704729942,"ZAMBIA_NORTH-WESTERN_ZAMBEZI_ZAMBEZI EAST","Zambia",18.9877847883344,0.000414315340194094,"TNR_Aviation_CRS"
"1641","1641",13.3277721641065,"ZAMBIA_NORTH-WESTERN_ZAMBEZI_ZAMBEZI WEST","Zambia",13.3281331829936,0.000361018887073072,"TNR_Aviation_CRS"
"1642","1642",14.4186105382264,"ZAMBIA_NORTHERN_CHILUBI_CHILUBI","Zambia",14.4188663582365,0.000255820010053753,"TNR_Aviation_CRS"
"1643","1643",10.7376654010395,"ZAMBIA_NORTHERN_KAPUTA_CHIMBAMILONGA","Zambia",10.7378387965423,0.000173395502761409,"TNR_Aviation_CRS"
"1644","1644",9.13659701331672,"ZAMBIA_NORTHERN_KAPUTA_KAPUTA","Zambia",9.13674637903741,0.000149365720687911,"TNR_Aviation_CRS"
"1645","1645",9.48574733765899,"ZAMBIA_NORTHERN_KASAMA_KASAMA","Zambia",9.4859826089859,0.000235271326911146,"TNR_Aviation_CRS"
"1646","1646",14.4755232743114,"ZAMBIA_NORTHERN_KASAMA_LUKASHYA","Zambia",14.4757894972612,0.000266222949784733,"TNR_Aviation_CRS"
"1647","1647",13.3117946210045,"ZAMBIA_NORTHERN_LUWINGU_LUBASENSHI","Zambia",13.3120421605936,0.00024753958905066,"TNR_Aviation_CRS"
"1648","1648",15.4545649325395,"ZAMBIA_NORTHERN_LUWINGU_LUPOSOSHI","Zambia",15.4548236213176,0.000258688778108862,"TNR_Aviation_CRS"
"1649","1649",5.8217734149275,"ZAMBIA_NORTHERN_MBALA_MBALA","Zambia",5.82192921193152,0.000155797004024905,"TNR_Aviation_CRS"
"1650","1650",13.5322592822042,"ZAMBIA_NORTHERN_MBALA_NSENGA HILL","Zambia",13.532465494111,0.00020621190689063,"TNR_Aviation_CRS"
"1651","1651",11.7340021680111,"ZAMBIA_NORTHERN_MPOROKOSO_LUNTE","Zambia",11.7342379109001,0.000235742889024948,"TNR_Aviation_CRS"
"1652","1652",20.45309935814,"ZAMBIA_NORTHERN_MPOROKOSO_MPOROKOSO","Zambia",20.4533270951864,0.000227737046355259,"TNR_Aviation_CRS"
"1653","1653",10.5545335047646,"ZAMBIA_NORTHERN_MPULUNGU_MPULUNGU","Zambia",10.5547019500297,0.000168445265110506,"TNR_Aviation_CRS"
"1654","1654",13.1077039560896,"ZAMBIA_NORTHERN_MUNGWI_MALOLE","Zambia",13.1079490795788,0.000245123489257537,"TNR_Aviation_CRS"
"1655","1655",12.3766366856647,"ZAMBIA_SOUTHERN_CHOMA_CHOMA","Zambia",12.377197831115,0.000561145450205913,"TNR_Aviation_CRS"
"1656","1656",13.4606787954258,"ZAMBIA_SOUTHERN_CHOMA_MBABALA","Zambia",13.4611989867465,0.000520191320635632,"TNR_Aviation_CRS"
"1657","1657",13.207085399546,"ZAMBIA_SOUTHERN_CHOMA_PEMBA","Zambia",13.2076266084986,0.000541208952540728,"TNR_Aviation_CRS"
"1658","1658",13.369357629025,"ZAMBIA_SOUTHERN_GWEMBE_GWEMBE","Zambia",13.3699034345293,0.000545805504229335,"TNR_Aviation_CRS"
"1659","1659",12.1728975974304,"ZAMBIA_SOUTHERN_ITEZHI-TEZHI_ITEZHI-TEZHI","Zambia",12.1733034296573,0.000405832226903158,"TNR_Aviation_CRS"
"1660","1660",12.5552816879847,"ZAMBIA_SOUTHERN_KALOMO_DUNDUMWEZI","Zambia",12.5558341343517,0.000552446366965498,"TNR_Aviation_CRS"
"1661","1661",11.3126628428241,"ZAMBIA_SOUTHERN_KALOMO_KALOMO CENTRAL","Zambia",11.3132623473193,0.000599504495195191,"TNR_Aviation_CRS"
"1662","1662",12.5345817209307,"ZAMBIA_SOUTHERN_KALOMO_MAPATIZYA","Zambia",12.5352912348479,0.000709513917136917,"TNR_Aviation_CRS"
"1663","1663",13.4826432715834,"ZAMBIA_SOUTHERN_KAZUNGULA_KATOMBOLA","Zambia",13.4832981430081,0.000654871424654146,"TNR_Aviation_CRS"
"1664","1664",12.378997342757,"ZAMBIA_SOUTHERN_LIVINGSTONE_LIVINGSTONE","Zambia",12.3797225980907,0.000725255333707153,"TNR_Aviation_CRS"
"1665","1665",16.1863245250575,"ZAMBIA_SOUTHERN_MAZABUKA_CHIKANKANTA","Zambia",16.1868297085972,0.000505183539701193,"TNR_Aviation_CRS"
"1666","1666",10.9251672000446,"ZAMBIA_SOUTHERN_MAZABUKA_MAGOYE","Zambia",10.9256138844874,0.000446684442795942,"TNR_Aviation_CRS"
"1667","1667",13.4584359813557,"ZAMBIA_SOUTHERN_MAZABUKA_MAZABUKA","Zambia",13.4589132632461,0.000477281890464809,"TNR_Aviation_CRS"
"1668","1668",11.4357943376223,"ZAMBIA_SOUTHERN_MONZE_BWEENGWA","Zambia",11.436252682206,0.000458344583675441,"TNR_Aviation_CRS"
"1669","1669",12.7993756974776,"ZAMBIA_SOUTHERN_MONZE_MONZE","Zambia",12.7998674046095,0.000491707131898167,"TNR_Aviation_CRS"
"1670","1670",13.3673179202769,"ZAMBIA_SOUTHERN_MONZE_MOOMBA","Zambia",13.3678297853686,0.000511865091727515,"TNR_Aviation_CRS"
"1671","1671",14.7623584558693,"ZAMBIA_SOUTHERN_NAMWALA_NAMWALA","Zambia",14.762861834178,0.000503378308703617,"TNR_Aviation_CRS"
"1672","1672",14.5758152391132,"ZAMBIA_SOUTHERN_SIAVONGA_SIAVONGA","Zambia",14.576352959624,0.000537720510783046,"TNR_Aviation_CRS"
"1673","1673",10.7777872930614,"ZAMBIA_SOUTHERN_SINAZONGWE_SINAZONGWE","Zambia",10.7787426320003,0.000955338938879891,"TNR_Aviation_CRS"
"1674","1674",11.0723370803581,"ZAMBIA_WESTERN_KALABO_KALABO","Zambia",11.0726948385983,0.000357758240228989,"TNR_Aviation_CRS"
"1675","1675",11.9850694652941,"ZAMBIA_WESTERN_KALABO_LIUWA","Zambia",11.9854323299361,0.000362864642003302,"TNR_Aviation_CRS"
"1676","1676",11.2693068456532,"ZAMBIA_WESTERN_KALABO_SIKONGO","Zambia",11.2696673387749,0.000360493121721817,"TNR_Aviation_CRS"
"1677","1677",15.5802124069738,"ZAMBIA_WESTERN_KAOMA_KAOMA CENTRAL","Zambia",15.5806821846092,0.000469777635313307,"TNR_Aviation_CRS"
"1678","1678",19.9733160848578,"ZAMBIA_WESTERN_KAOMA_LUAMPA","Zambia",19.9738079043456,0.000491819487834277,"TNR_Aviation_CRS"
"1679","1679",18.8901277672209,"ZAMBIA_WESTERN_KAOMA_MANGANGO","Zambia",18.8905925824753,0.000464815254453299,"TNR_Aviation_CRS"
"1680","1680",17.6264097264003,"ZAMBIA_WESTERN_LUKULU_LUKULU EAST","Zambia",17.6268616247171,0.000451898316775612,"TNR_Aviation_CRS"
"1681","1681",11.4036343012931,"ZAMBIA_WESTERN_LUKULU_LUKULU WEST","Zambia",11.4039956124178,0.000361311124729369,"TNR_Aviation_CRS"
"1682","1682",11.2058549205116,"ZAMBIA_WESTERN_MONGU_LUENA","Zambia",11.2062322652915,0.000377344779959543,"TNR_Aviation_CRS"
"1683","1683",10.857903503026,"ZAMBIA_WESTERN_MONGU_MONGU","Zambia",10.8582664980526,0.00036299502665571,"TNR_Aviation_CRS"
"1684","1684",11.5730787967957,"ZAMBIA_WESTERN_MONGU_NALIKWANDA","Zambia",11.5734677118325,0.000388915036738879,"TNR_Aviation_CRS"
"1685","1685",10.4719870904946,"ZAMBIA_WESTERN_SENANGA_NALOLO","Zambia",10.4723414560418,0.000354365547197588,"TNR_Aviation_CRS"
"1686","1686",10.826910320672,"ZAMBIA_WESTERN_SENANGA_SENANGA","Zambia",10.8273138019063,0.000403481234290126,"TNR_Aviation_CRS"
"1687","1687",12.0860416023746,"ZAMBIA_WESTERN_SESHEKE_MULOBEZI","Zambia",12.0865268805935,0.000485278218846474,"TNR_Aviation_CRS"
"1688","1688",13.4438359494184,"ZAMBIA_WESTERN_SESHEKE_MWANDI","Zambia",13.4443704199519,0.000534470533489539,"TNR_Aviation_CRS"
"1689","1689",10.3356179043002,"ZAMBIA_WESTERN_SESHEKE_SESHEKE","Zambia",10.3360299153906,0.000412011090444864,"TNR_Aviation_CRS"
"1690","1690",8.98889892857555,"ZAMBIA_WESTERN_SHANGOMBO_SINJEMBELA","Zambia",8.98925142743672,0.000352498861163397,"TNR_Aviation_CRS"
"1691","1691",17.5934559472774,"ZIMBABWE_BULAWAYO_BULAWAYO","Zimbabwe",17.5949629394396,0.00150699216218797,"TNR_Aviation_CRS"
"1692","1692",16.8140418093321,"ZIMBABWE_HARARE_CHITUNGWIZA","Zimbabwe",16.8151276143428,0.00108580501067124,"TNR_Aviation_CRS"
"1693","1693",16.0811394264823,"ZIMBABWE_HARARE_EPWORTH","Zimbabwe",16.082246511893,0.00110708541070892,"TNR_Aviation_CRS"
"1694","1694",16.7217727528659,"ZIMBABWE_HARARE_HARARE RURAL","Zimbabwe",16.7228411412115,0.00106838834559397,"TNR_Aviation_CRS"
"1695","1695",12.5072238433247,"ZIMBABWE_HARARE_HARARE URBAN","Zimbabwe",12.5078820979913,0.000658254666539904,"TNR_Aviation_CRS"
"1696","1696",9.91357027203637,"ZIMBABWE_MANICALAND_BUHERA","Zimbabwe",9.91434553036654,0.000775258330174111,"TNR_Aviation_CRS"
"1697","1697",15.1400533736161,"ZIMBABWE_MANICALAND_CHIMANIMANI","Zimbabwe",15.140832064793,0.000778691176826385,"TNR_Aviation_CRS"
"1698","1698",12.5756399968566,"ZIMBABWE_MANICALAND_CHIPINGE RURAL","Zimbabwe",12.5763847429462,0.000744746089521797,"TNR_Aviation_CRS"
"1699","1699",15.1483144683657,"ZIMBABWE_MANICALAND_CHIPINGE URBAN","Zimbabwe",15.1490793977189,0.000764929353193722,"TNR_Aviation_CRS"
"1700","1700",11.4156512937363,"ZIMBABWE_MANICALAND_MAKONI","Zimbabwe",11.4163934757981,0.000742182061745922,"TNR_Aviation_CRS"
"1701","1701",12.3446857101601,"ZIMBABWE_MANICALAND_MUTARE RURAL","Zimbabwe",12.3454893563123,0.000803646152245818,"TNR_Aviation_CRS"
"1702","1702",13.8880292574704,"ZIMBABWE_MANICALAND_MUTARE URBAN","Zimbabwe",13.8893461395141,0.00131688204370128,"TNR_Aviation_CRS"
"1703","1703",14.0251139545212,"ZIMBABWE_MANICALAND_MUTASA","Zimbabwe",14.0258747765525,0.000760822031292463,"TNR_Aviation_CRS"
"1704","1704",12.5661514492441,"ZIMBABWE_MANICALAND_NYANGA","Zimbabwe",12.5668329998219,0.000681550577867895,"TNR_Aviation_CRS"
"1705","1705",16.3308134076022,"ZIMBABWE_MANICALAND_RUSAPE","Zimbabwe",16.3320459048596,0.00123249725746177,"TNR_Aviation_CRS"
"1706","1706",11.1907348067517,"ZIMBABWE_MASHONALAND CENTRAL_BINDURA","Zimbabwe",11.1913076412618,0.000572834510087716,"TNR_Aviation_CRS"
"1707","1707",18.6551109328622,"ZIMBABWE_MASHONALAND CENTRAL_BINDURA URBAN","Zimbabwe",18.6560388649094,0.000927932047233071,"TNR_Aviation_CRS"
"1708","1708",10.5469481744087,"ZIMBABWE_MASHONALAND CENTRAL_CENTENARY","Zimbabwe",10.5474314302998,0.000483255891058576,"TNR_Aviation_CRS"
"1709","1709",11.5207201256034,"ZIMBABWE_MASHONALAND CENTRAL_GURUVE","Zimbabwe",11.5212628145632,0.000542688959829007,"TNR_Aviation_CRS"
"1710","1710",12.55508223015,"ZIMBABWE_MASHONALAND CENTRAL_MAZOWE","Zimbabwe",12.5556848092958,0.000602579145823512,"TNR_Aviation_CRS"
"1711","1711",10.9729843963466,"ZIMBABWE_MASHONALAND CENTRAL_MBIRE","Zimbabwe",10.9733514532982,0.000367056951674272,"TNR_Aviation_CRS"
"1712","1712",10.4880166779644,"ZIMBABWE_MASHONALAND CENTRAL_MOUNT DARWIN","Zimbabwe",10.4885592187301,0.000542540765755106,"TNR_Aviation_CRS"
"1713","1713",12.3380231471992,"ZIMBABWE_MASHONALAND CENTRAL_MVURI","Zimbabwe",12.3386172691604,0.000594121961116301,"TNR_Aviation_CRS"
"1714","1714",9.69517860455134,"ZIMBABWE_MASHONALAND CENTRAL_RUSHINGA","Zimbabwe",9.69577693734118,0.000598332789840228,"TNR_Aviation_CRS"
"1715","1715",10.9006215201203,"ZIMBABWE_MASHONALAND CENTRAL_SHAMVA","Zimbabwe",10.90119360316,0.000572083039644511,"TNR_Aviation_CRS"
"1716","1716",10.1753971508138,"ZIMBABWE_MASHONALAND EAST_CHIKOMBA","Zimbabwe",10.1761282363082,0.000731085494386718,"TNR_Aviation_CRS"
"1717","1717",11.8738014054734,"ZIMBABWE_MASHONALAND EAST_GOROMONZI","Zimbabwe",11.874815098763,0.001013693289595,"TNR_Aviation_CRS"
"1718","1718",10.6651339104431,"ZIMBABWE_MASHONALAND EAST_HWEDZA","Zimbabwe",10.6658675038502,0.000733593407106881,"TNR_Aviation_CRS"
"1719","1719",11.8339107376809,"ZIMBABWE_MASHONALAND EAST_MARONDERA","Zimbabwe",11.8346201555485,0.000709417867662765,"TNR_Aviation_CRS"
"1720","1720",11.3980301802009,"ZIMBABWE_MASHONALAND EAST_MARONDERA URBAN","Zimbabwe",11.3987200556716,0.000689875470701651,"TNR_Aviation_CRS"
"1721","1721",10.510264632419,"ZIMBABWE_MASHONALAND EAST_MUDZI","Zimbabwe",10.5108956082831,0.000630975864130079,"TNR_Aviation_CRS"
"1722","1722",10.5129519380127,"ZIMBABWE_MASHONALAND EAST_MUREHWA","Zimbabwe",10.5135941381126,0.000642200099953527,"TNR_Aviation_CRS"
"1723","1723",11.2863402749936,"ZIMBABWE_MASHONALAND EAST_MUTOKO","Zimbabwe",11.2874410129084,0.00110073791472232,"TNR_Aviation_CRS"
"1724","1724",17.6124024083046,"ZIMBABWE_MASHONALAND EAST_RUWA LOCAL BOARD","Zimbabwe",17.6134810374089,0.00107862910424927,"TNR_Aviation_CRS"
"1725","1725",13.3856439477058,"ZIMBABWE_MASHONALAND EAST_SEKE","Zimbabwe",13.3867762754394,0.00113232773358085,"TNR_Aviation_CRS"
"1726","1726",10.6786124449744,"ZIMBABWE_MASHONALAND EAST_UZUMBA-MARAMBA-PFUNGWE","Zimbabwe",10.6792587961219,0.000646351147445046,"TNR_Aviation_CRS"
"1727","1727",13.3102373673717,"ZIMBABWE_MASHONALAND WEST_CHEGUTU","Zimbabwe",13.3109561447478,0.000718777376073731,"TNR_Aviation_CRS"
"1728","1728",12.9955345071506,"ZIMBABWE_MASHONALAND WEST_CHEGUTU URBAN","Zimbabwe",12.9962772062987,0.000742699148176484,"TNR_Aviation_CRS"
"1729","1729",12.8124225017647,"ZIMBABWE_MASHONALAND WEST_CHINHOYI","Zimbabwe",12.813012785901,0.000590284136306352,"TNR_Aviation_CRS"
"1730","1730",10.5086867814501,"ZIMBABWE_MASHONALAND WEST_HURUNGWE","Zimbabwe",10.5090856580646,0.000398876614530863,"TNR_Aviation_CRS"
"1731","1731",11.8626549663083,"ZIMBABWE_MASHONALAND WEST_KADOMA","Zimbabwe",11.8633812693899,0.000726303081648894,"TNR_Aviation_CRS"
"1732","1732",11.3090582057369,"ZIMBABWE_MASHONALAND WEST_KARIBA","Zimbabwe",11.3096197591419,0.00056155340501185,"TNR_Aviation_CRS"
"1733","1733",11.4819321861725,"ZIMBABWE_MASHONALAND WEST_KARIBA URBAN","Zimbabwe",11.4824720222078,0.000539836035295949,"TNR_Aviation_CRS"
"1734","1734",13.0241862542882,"ZIMBABWE_MASHONALAND WEST_KAROI","Zimbabwe",13.0247504134345,0.000564159146271948,"TNR_Aviation_CRS"
"1735","1735",12.5308777031861,"ZIMBABWE_MASHONALAND WEST_MAKONDE","Zimbabwe",12.5314622106947,0.000584507508625265,"TNR_Aviation_CRS"
"1736","1736",11.8714215716555,"ZIMBABWE_MASHONALAND WEST_MHONDORONGEZI","Zimbabwe",11.872195912709,0.000774341053515926,"TNR_Aviation_CRS"
"1737","1737",12.6692808874492,"ZIMBABWE_MASHONALAND WEST_NORTON","Zimbabwe",12.6699498477022,0.00066896025293417,"TNR_Aviation_CRS"
"1738","1738",12.7751875245576,"ZIMBABWE_MASHONALAND WEST_SANYATI","Zimbabwe",12.7759274925374,0.000739967979757949,"TNR_Aviation_CRS"
"1739","1739",10.4644689277605,"ZIMBABWE_MASHONALAND WEST_ZVIMBA","Zimbabwe",10.465050315525,0.000581387764434282,"TNR_Aviation_CRS"
"1740","1740",10.9643979316201,"ZIMBABWE_MASVINGO_BIKITA","Zimbabwe",10.9653082036176,0.000910271997485168,"TNR_Aviation_CRS"
"1741","1741",9.37319157204807,"ZIMBABWE_MASVINGO_CHIREDZI RURAL","Zimbabwe",9.37385461397578,0.000663041927708719,"TNR_Aviation_CRS"
"1742","1742",9.66020239487149,"ZIMBABWE_MASVINGO_CHIREDZI URBAN","Zimbabwe",9.66088325427453,0.000680859403042078,"TNR_Aviation_CRS"
"1743","1743",10.1344466958855,"ZIMBABWE_MASVINGO_CHIVI","Zimbabwe",10.1353489430382,0.000902247152644975,"TNR_Aviation_CRS"
"1744","1744",9.98059080886982,"ZIMBABWE_MASVINGO_GUTU","Zimbabwe",9.98140451367479,0.000813704804961901,"TNR_Aviation_CRS"
"1745","1745",9.40490753987652,"ZIMBABWE_MASVINGO_MASVINGO","Zimbabwe",9.40573524491432,0.000827705037799831,"TNR_Aviation_CRS"
"1746","1746",9.52642954990644,"ZIMBABWE_MASVINGO_MASVINGO RURAL","Zimbabwe",9.52726732767804,0.000837777771595327,"TNR_Aviation_CRS"
"1747","1747",9.06994926697216,"ZIMBABWE_MASVINGO_MWENEZI","Zimbabwe",9.07066279609181,0.000713529119650502,"TNR_Aviation_CRS"
"1748","1748",8.84030160279048,"ZIMBABWE_MASVINGO_ZAKA","Zimbabwe",8.84114193365237,0.000840330861887395,"TNR_Aviation_CRS"
"1749","1749",9.6974874728882,"ZIMBABWE_MATABELELAND NORTH_BINGA","Zimbabwe",9.6980697316481,0.000582258759894927,"TNR_Aviation_CRS"
"1750","1750",9.02437963033103,"ZIMBABWE_MATABELELAND NORTH_BUBI","Zimbabwe",9.02506093484194,0.000681304510912639,"TNR_Aviation_CRS"
"1751","1751",10.2748051636127,"ZIMBABWE_MATABELELAND NORTH_HWANGE","Zimbabwe",10.2754258106006,0.000620646987858464,"TNR_Aviation_CRS"
"1752","1752",9.85740371281762,"ZIMBABWE_MATABELELAND NORTH_HWANGE URBAN","Zimbabwe",9.85810552993524,0.000701817117617409,"TNR_Aviation_CRS"
"1753","1753",8.93618209035822,"ZIMBABWE_MATABELELAND NORTH_LUPANE","Zimbabwe",8.93673840543348,0.00055631507526499,"TNR_Aviation_CRS"
"1754","1754",10.0674058856764,"ZIMBABWE_MATABELELAND NORTH_NKAYI","Zimbabwe",10.0682311080316,0.000825222355208766,"TNR_Aviation_CRS"
"1755","1755",8.94095546362968,"ZIMBABWE_MATABELELAND NORTH_TSHOLOTSHO","Zimbabwe",8.9416375904058,0.000682126776128555,"TNR_Aviation_CRS"
"1756","1756",9.30065004484938,"ZIMBABWE_MATABELELAND NORTH_UMGUZA","Zimbabwe",9.30135835047339,0.00070830562400559,"TNR_Aviation_CRS"
"1757","1757",12.0760409071215,"ZIMBABWE_MATABELELAND NORTH_VICTORIA FALLS","Zimbabwe",12.0767822787487,0.000741371627198006,"TNR_Aviation_CRS"
"1758","1758",9.44295893883212,"ZIMBABWE_MATABELELAND SOUTH_BEITBRIDGE RURAL","Zimbabwe",9.44375384677593,0.000794907943806322,"TNR_Aviation_CRS"
"1759","1759",17.8582300089657,"ZIMBABWE_MATABELELAND SOUTH_BEITBRIDGE URBAN","Zimbabwe",17.8593628030876,0.0011327941218795,"TNR_Aviation_CRS"
"1760","1760",10.3611087320545,"ZIMBABWE_MATABELELAND SOUTH_BULILIMA","Zimbabwe",10.3618225400901,0.000713808035552432,"TNR_Aviation_CRS"
"1761","1761",9.14009981304361,"ZIMBABWE_MATABELELAND SOUTH_GWANDA","Zimbabwe",9.14085754455311,0.000757731509505533,"TNR_Aviation_CRS"
"1762","1762",9.46983448524955,"ZIMBABWE_MATABELELAND SOUTH_GWANDA URBAN","Zimbabwe",9.47057610360134,0.000741618351794315,"TNR_Aviation_CRS"
"1763","1763",9.2647130273656,"ZIMBABWE_MATABELELAND SOUTH_INSIZA","Zimbabwe",9.26544089134253,0.000727863976928589,"TNR_Aviation_CRS"
"1764","1764",9.69985122813306,"ZIMBABWE_MATABELELAND SOUTH_MATOBO","Zimbabwe",9.7006742874922,0.000823059359145617,"TNR_Aviation_CRS"
"1765","1765",9.34018676509782,"ZIMBABWE_MATABELELAND SOUTH_PLUMTREE","Zimbabwe",9.34093537386598,0.000748608768157411,"TNR_Aviation_CRS"
"1766","1766",10.1749094125537,"ZIMBABWE_MATABELELAND SOUTH_UMZINGWANE","Zimbabwe",10.1756733595105,0.000763946956819694,"TNR_Aviation_CRS"
"1767","1767",9.79975764116344,"ZIMBABWE_MIDLANDS_CHIRUMANZU","Zimbabwe",9.80052337634872,0.000765735185281002,"TNR_Aviation_CRS"
"1768","1768",10.5911964302031,"ZIMBABWE_MIDLANDS_GOKWE NORTH","Zimbabwe",10.5918686447781,0.000672214574970909,"TNR_Aviation_CRS"
"1769","1769",9.78060443023096,"ZIMBABWE_MIDLANDS_GOKWE SOUTH","Zimbabwe",9.7813440654624,0.000739635231436608,"TNR_Aviation_CRS"
"1770","1770",10.7797642493554,"ZIMBABWE_MIDLANDS_GOKWE TOWN","Zimbabwe",10.7805459375775,0.000781688222064147,"TNR_Aviation_CRS"
"1771","1771",11.1415627515567,"ZIMBABWE_MIDLANDS_GWERU","Zimbabwe",11.1423766020032,0.000813850446565567,"TNR_Aviation_CRS"
"1772","1772",10.530287065291,"ZIMBABWE_MIDLANDS_GWERU RURAL","Zimbabwe",10.5311171083162,0.000830043025269234,"TNR_Aviation_CRS"
"1773","1773",10.9908120596059,"ZIMBABWE_MIDLANDS_KWEKWE","Zimbabwe",10.991594680568,0.00078262096213777,"TNR_Aviation_CRS"
"1774","1774",12.0390701797782,"ZIMBABWE_MIDLANDS_KWEKWE RURAL","Zimbabwe",12.0398767078678,0.00080652808962256,"TNR_Aviation_CRS"
"1775","1775",9.36505801913429,"ZIMBABWE_MIDLANDS_MBERENGWA","Zimbabwe",9.36576407582874,0.000706056694445678,"TNR_Aviation_CRS"
"1776","1776",11.8582926288195,"ZIMBABWE_MIDLANDS_REDCLIFF","Zimbabwe",11.8590893389711,0.000796710151622193,"TNR_Aviation_CRS"
"1777","1777",11.5393561853478,"ZIMBABWE_MIDLANDS_SHURUGWI","Zimbabwe",11.5401895199668,0.000833334619015247,"TNR_Aviation_CRS"
"1778","1778",10.791083085515,"ZIMBABWE_MIDLANDS_SHURUGWI RURAL","Zimbabwe",10.7919105378853,0.000827452370277371,"TNR_Aviation_CRS"
"1779","1779",10.7414841937972,"ZIMBABWE_MIDLANDS_ZVISHAVANE","Zimbabwe",10.7423794843245,0.000895290527305193,"TNR_Aviation_CRS"
"1780","1780",13.8355591915528,"ZIMBABWE_MIDLANDS_ZVISHAVANE MINE","Zimbabwe",13.83706241564,0.00150322408719816,"TNR_Aviation_CRS"
"1781","1781",9.27202888379762,"ZIMBABWE_MATABELELAND SOUTH_MANGWE","Zimbabwe",9.27278583977272,0.00075695597510439,"TNR_Aviation_CRS"
