census_id,new_PM25,geo_name,country,base_PM25,PM_sector,sector
0001,11.265371494450022,ANGOLA_BENGO_AMBRIZ,Angola,11.265754181045104,3.826865950813385e-4,WWT
0002,21.49522504757485,ANGOLA_BENGO_BULA ATUMBA,Angola,21.495698248001005,4.7320042615695e-4,WWT
0003,13.218743463815873,ANGOLA_BENGO_DANDE,Angola,13.22031889957297,0.0015754357570969546,WWT
0004,17.596334707350483,ANGOLA_BENGO_DEMBOS,Angola,17.59771557582041,0.0013808684699263551,WWT
0005,13.956986439205128,ANGOLA_BENGO_NAMBUANGONGO,Angola,13.95823598116716,0.0012495419620321968,WWT
0006,19.1562469978158,ANGOLA_BENGO_PANGO ALUQUÉM,Angola,19.157773713194853,0.0015267153790539112,WWT
0007,5.499142687062086,ANGOLA_BENGUELA_BAÍA FARTA,Angola,5.499297798990049,1.5511192796235918e-4,WWT
0008,21.61138888295529,ANGOLA_BENGUELA_BALOMBO,Angola,21.612007696725776,6.188137704867813e-4,WWT
0009,6.4859188562419,ANGOLA_BENGUELA_BENGUELA,Angola,6.487247333292851,0.0013284770509507382,WWT
0010,13.949867595363564,ANGOLA_BENGUELA_BOCOIO,Angola,13.950726273427582,8.586780640182923e-4,WWT
0011,11.331361306640854,ANGOLA_BENGUELA_CAIMBAMBO,Angola,11.331976887278671,6.155806378167483e-4,WWT
0012,7.474172625747185,ANGOLA_BENGUELA_CATUMBELA,Angola,7.4758322720235775,0.001659646276392479,WWT
0013,7.813846270273042,ANGOLA_BENGUELA_CHONGOROI,Angola,7.8140685891674035,2.223188943615284e-4,WWT
0014,10.411937365895376,ANGOLA_BENGUELA_CUBAL,Angola,10.41303043434801,0.001093068452632906,WWT
0015,13.674462836181991,ANGOLA_BENGUELA_GANDA,Angola,13.675484798596647,0.0010219624146561301,WWT
0016,8.52820892180501,ANGOLA_BENGUELA_LOBITO,Angola,8.529143516512196,9.345947071857097e-4,WWT
0017,15.542141024781898,ANGOLA_BIÉ_ANDULO,Angola,15.542326907649933,1.8588286803478127e-4,WWT
0018,14.313535752719185,ANGOLA_BIÉ_CAMACUPA,Angola,14.313653161701115,1.174089819304669e-4,WWT
0019,14.025901788272773,ANGOLA_BIÉ_CATABOLA,Angola,14.026135923686109,2.3413541333638932e-4,WWT
0020,13.899592234316966,ANGOLA_BIÉ_CHINGUAR,Angola,13.899870313284104,2.780789671383843e-4,WWT
0021,13.89411580911581,ANGOLA_BIÉ_CHITEMBO,Angola,13.89420820497016,9.239585435061315e-5,WWT
0022,16.820175052929258,ANGOLA_BIÉ_CUEMBA,Angola,16.820243367719883,6.831479062441304e-5,WWT
0023,14.944575208015975,ANGOLA_BIÉ_CUITO,Angola,14.944912332156886,3.37124140910916e-4,WWT
0024,14.27159333402139,ANGOLA_BIÉ_CUNHINGA,Angola,14.271824875357307,2.3154133591773984e-4,WWT
0025,18.460819222631084,ANGOLA_BIÉ_NHAREA,Angola,18.461013230194684,1.9400756359999605e-4,WWT
0026,5.712258251924594,ANGOLA_CABINDA_BELIZE,Angola,5.71260186621357,3.436142889752247e-4,WWT
0027,5.913624773845271,ANGOLA_CABINDA_BUCO ZAU,Angola,5.914007286269104,3.825124238332478e-4,WWT
0028,3.9228035734512643,ANGOLA_CABINDA_CABINDA,Angola,3.923482806181064,6.792327297997502e-4,WWT
0029,3.82616172207865,ANGOLA_CABINDA_CACONGO,Angola,3.826406806106084,2.450840274339505e-4,WWT
0030,8.039159432288864,ANGOLA_KUANDO KUBANGO_CALAI,Angola,8.039255580732139,9.614844327465732e-5,WWT
0031,8.214274811355216,ANGOLA_KUANDO KUBANGO_CUANGAR,Angola,8.214380264516633,1.0545316141730154e-4,WWT
0032,12.033380040848424,ANGOLA_KUANDO KUBANGO_CUCHI,Angola,12.033453362154308,7.332130588366681e-5,WWT
0033,16.57681791809866,ANGOLA_KUANDO KUBANGO_CUITO CUANAVALE,Angola,16.576852645663607,3.472756494815599e-5,WWT
0034,14.901087872375342,ANGOLA_KUANDO KUBANGO_DIRICO,Angola,14.90111669281569,2.8820440347132603e-5,WWT
0035,10.40696004613872,ANGOLA_KUANDO KUBANGO_MAVINGA,Angola,10.407009651907515,4.96057687957574e-5,WWT
0036,12.066214412594368,ANGOLA_KUANDO KUBANGO_MENONGUE,Angola,12.066287021678882,7.260908451378612e-5,WWT
0037,10.509445584930095,ANGOLA_KUANDO KUBANGO_NANCOVA,Angola,10.509474746302942,2.916137284714182e-5,WWT
0038,10.555925460929208,ANGOLA_KUANDO KUBANGO_RIVUNGO,Angola,10.555953125344363,2.7664415155115307e-5,WWT
0039,25.103631581950737,ANGOLA_KWANZA NORTE_AMBACA,Angola,25.10408168844578,4.501064950446221e-4,WWT
0040,21.570016179196337,ANGOLA_KWANZA NORTE_BANGA,Angola,21.57038692867136,3.7074947502446776e-4,WWT
0041,24.820892294874174,ANGOLA_KWANZA NORTE_BOLONGONGO,Angola,24.82134803818262,4.557433084464435e-4,WWT
0042,17.361259803920625,ANGOLA_KWANZA NORTE_CAMBAMBE,Angola,17.362183502761546,9.236988409213609e-4,WWT
0043,20.16793508328137,ANGOLA_KWANZA NORTE_CAZENGO,Angola,20.16838371465905,4.486313776794759e-4,WWT
0044,26.592157850714884,ANGOLA_KWANZA NORTE_GOLUNGO ALTO,Angola,26.592785435492452,6.275847775683019e-4,WWT
0045,18.34980820241685,ANGOLA_KWANZA NORTE_LUCALA,Angola,18.350062837787995,2.5463537114589485e-4,WWT
0046,22.428788041899253,ANGOLA_KWANZA NORTE_NGONGUEMBO,Angola,22.429273173036663,4.8513113740966674e-4,WWT
0047,24.839143365560123,ANGOLA_KWANZA NORTE_QUICULUNGO,Angola,24.839601607029135,4.582414690119663e-4,WWT
0048,24.119140021078614,ANGOLA_KWANZA NORTE_SAMBA CAJÚ,Angola,24.11947065632632,3.3063524770682307e-4,WWT
0049,16.85944271780255,ANGOLA_KWANZA SUL_AMBOIM,Angola,16.860613909928652,0.0011711921261010616,WWT
0050,18.713533619637822,ANGOLA_KWANZA SUL_CASSONGUE,Angola,18.71406934943451,5.357297966881447e-4,WWT
0051,17.2560655731219,ANGOLA_KWANZA SUL_CELA,Angola,17.256557935993094,4.923628711921424e-4,WWT
0052,22.29579595066811,ANGOLA_KWANZA SUL_CONDA,Angola,22.29699213921948,0.0011961885513684933,WWT
0053,18.321625707647478,ANGOLA_KWANZA SUL_EBO,Angola,18.322560084184865,9.343765373870383e-4,WWT
0054,20.820312294641763,ANGOLA_KWANZA SUL_LIBOLO,Angola,20.820709602987407,3.9730834564366546e-4,WWT
0055,19.72639758995401,ANGOLA_KWANZA SUL_MUSSENDE,Angola,19.726557890906506,1.6030095249419674e-4,WWT
0056,7.293277320321986,ANGOLA_KWANZA SUL_PORTO AMBOIM,Angola,7.293629969604916,3.526492829299954e-4,WWT
0057,26.57720833455693,ANGOLA_KWANZA SUL_QUIBALA,Angola,26.57764478383906,4.36449282130269e-4,WWT
0058,16.13631193799626,ANGOLA_KWANZA SUL_QUILENDA,Angola,16.13696707110368,6.55133107418493e-4,WWT
0059,20.494211654197592,ANGOLA_KWANZA SUL_SELES,Angola,20.495108238978943,8.965847813513506e-4,WWT
0060,9.79100800461718,ANGOLA_KWANZA SUL_SUMBE,Angola,9.791678925483103,6.709208659234633e-4,WWT
0061,4.59796448114795,ANGOLA_CUNENE_CAHAMA,Angola,4.597971065207579,6.584059629055616e-6,WWT
0062,7.39169363187375,ANGOLA_CUNENE_CUANHAMA,Angola,7.391776517098361,8.288522461086245e-5,WWT
0063,3.2786309569293612,ANGOLA_CUNENE_CUROCA,Angola,3.278635421899574,4.464970212669783e-6,WWT
0064,8.228582497009729,ANGOLA_CUNENE_CUVELAI,Angola,8.22865521263498,7.271562525090758e-5,WWT
0065,6.085258099274446,ANGOLA_CUNENE_NAMACUNDE,Angola,6.085367045638666,1.0894636421987514e-4,WWT
0066,4.1812758983383915,ANGOLA_CUNENE_OMBADJA,Angola,4.181284772769048,8.87443065611393e-6,WWT
0067,15.47503391740091,ANGOLA_HUAMBO_BAILUNDO,Angola,15.475436554690788,4.026372898771058e-4,WWT
0068,11.629334195450687,ANGOLA_HUAMBO_CAÁLA,Angola,11.629702109231818,3.679137811314348e-4,WWT
0069,13.944042911368477,ANGOLA_HUAMBO_CACHIUNGO,Angola,13.944397098122293,3.5418675381571063e-4,WWT
0070,14.734701431907755,ANGOLA_HUAMBO_ECUNHA,Angola,14.735238370803021,5.369388952658483e-4,WWT
0071,12.71955971175743,ANGOLA_HUAMBO_HUAMBO,Angola,12.720146253053722,5.865412962915428e-4,WWT
0072,17.3909421909808,ANGOLA_HUAMBO_LONDUIMBALI,Angola,17.391475301848722,5.331108679200725e-4,WWT
0073,14.423304166272779,ANGOLA_HUAMBO_LONGONJO,Angola,14.423689789862298,3.8562358951921283e-4,WWT
0074,16.259266219816467,ANGOLA_HUAMBO_MUNGO,Angola,16.259600943315746,3.347234992787662e-4,WWT
0075,13.155046238666257,ANGOLA_HUAMBO_CHICALA CHOLOHANGA,Angola,13.155439736915886,3.934982496289763e-4,WWT
0076,20.7142816759278,ANGOLA_HUAMBO_CHINJENJE,Angola,20.7148028325108,5.211565829981168e-4,WWT
0077,16.656650407702884,ANGOLA_HUAMBO_UCUMA,Angola,16.657079536119475,4.291284165915954e-4,WWT
0078,10.10643701782601,ANGOLA_HUÍLA_CACONDA,Angola,10.106719566720713,2.8254889470247235e-4,WWT
0079,7.535899464687908,ANGOLA_HUÍLA_CACULA,Angola,7.536195109631706,2.956449437974129e-4,WWT
0080,8.258515846341599,ANGOLA_HUÍLA_CALUQUEMBE,Angola,8.258833222209184,3.1737586758495695e-4,WWT
0081,5.21185880835834,ANGOLA_HUÍLA_CHIBIA,Angola,5.21187365430599,1.4845947649888558e-5,WWT
0082,9.242027410161121,ANGOLA_HUÍLA_CHICOMBA,Angola,9.242279723608618,2.523134474969879e-4,WWT
0083,10.873925508145824,ANGOLA_HUÍLA_CHIPINDO,Angola,10.874107312407773,1.8180426194902566e-4,WWT
0084,11.090574028426149,ANGOLA_HUÍLA_CUVANGO,Angola,11.09069056347118,1.1653504503073009e-4,WWT
0085,4.673330985781377,ANGOLA_HUÍLA_GAMBOS,Angola,4.6733388397470605,7.853965683146669e-6,WWT
0086,5.806195024656556,ANGOLA_HUÍLA_HUMPATA,Angola,5.806239107993083,4.4083336526945516e-5,WWT
0087,9.96913503182709,ANGOLA_HUÍLA_JAMBA,Angola,9.969253956536749,1.189247096586854e-4,WWT
0088,5.523259427484757,ANGOLA_HUÍLA_LUBANGO,Angola,5.523296887068651,3.7459583893451054e-5,WWT
0089,7.951229234470311,ANGOLA_HUÍLA_MATALA,Angola,7.951377905477963,1.4867100765147967e-4,WWT
0090,9.188757754742227,ANGOLA_HUÍLA_QUILENGUES,Angola,9.188785531379896,2.7776637669063575e-5,WWT
0091,7.638731032513732,ANGOLA_HUÍLA_QUIPUNGO,Angola,7.638953615051275,2.2258253754259272e-4,WWT
0092,7.45023143951475,ANGOLA_LUANDA_BELAS,Angola,7.4526078193873,0.00237637987254935,WWT
0093,14.160309692309642,ANGOLA_LUANDA_CACUACO,Angola,14.160892292455344,5.826001457016616e-4,WWT
0094,9.52494450976619,ANGOLA_LUANDA_CAZENGA,Angola,9.54223100311223,0.017286493346039933,WWT
0095,12.547719070151478,ANGOLA_LUANDA_ICOLO E BENGO,Angola,12.548819410775206,0.001100340623727547,WWT
0096,7.868553066758754,ANGOLA_LUANDA_LUANDA,Angola,7.878474568890909,0.009921502132154814,WWT
0097,8.478981665071961,ANGOLA_LUANDA_QUISSAMA,Angola,8.479402908501141,4.2124342918015145e-4,WWT
0098,13.748495061275104,ANGOLA_LUANDA_VIANA,Angola,13.749004361533554,5.09300258450196e-4,WWT
0099,16.314252024799302,ANGOLA_LUNDA NORTE_CAMBULO,Angola,16.314374939402633,1.2291460333102577e-4,WWT
0100,18.679303520736397,ANGOLA_LUNDA NORTE_CAPENDA CAMULEMBA,Angola,18.67937867967933,7.515894293419478e-5,WWT
0101,19.317945676139807,ANGOLA_LUNDA NORTE_CAUNGULA,Angola,19.318011796297654,6.612015784668301e-5,WWT
0102,23.82249410199762,ANGOLA_LUNDA NORTE_CHITATO,Angola,23.822740449724776,2.463477271561487e-4,WWT
0103,19.638047516912344,ANGOLA_LUNDA NORTE_CUANGO,Angola,19.63817953356115,1.3201664880568842e-4,WWT
0104,25.349432982429942,ANGOLA_LUNDA NORTE_CUILO,Angola,25.34950187050824,6.88880782995227e-5,WWT
0105,23.02558932560305,ANGOLA_LUNDA NORTE_LÓVUA,Angola,23.025646485328238,5.7159725187716504e-5,WWT
0106,19.623335846226126,ANGOLA_LUNDA NORTE_LUBALO,Angola,19.623388097713004,5.2251486877707976e-5,WWT
0107,22.82541773961375,ANGOLA_LUNDA NORTE_LUCAPA,Angola,22.82551910358646,1.0136397270699149e-4,WWT
0108,22.598902971401664,ANGOLA_LUNDA NORTE_XÁ-MUTEBA,Angola,22.599034524672916,1.315532712524714e-4,WWT
0109,15.62979922410905,ANGOLA_LUNDA SUL_CACOLO,Angola,15.629842895501486,4.3671392436550605e-5,WWT
0110,15.195116596018263,ANGOLA_LUNDA SUL_DALA,Angola,15.195152646512062,3.6050493799066885e-5,WWT
0111,14.723736576688822,ANGOLA_LUNDA SUL_MUCONDA,Angola,14.72377876394696,4.218725813842639e-5,WWT
0112,13.67658599785726,ANGOLA_LUNDA SUL_SAURIMO,Angola,13.67664145392974,5.5456072480808416e-5,WWT
0113,20.39073098912818,ANGOLA_MALANJE_CACUSO,Angola,20.390959531954405,2.2854282622475353e-4,WWT
0114,21.055385498271683,ANGOLA_MALANJE_CAHOMBO,Angola,21.055549770276787,1.6427200510449325e-4,WWT
0115,18.725203746353994,ANGOLA_MALANJE_CALANDULA,Angola,18.725460697367176,2.5695101318135016e-4,WWT
0116,19.3625810970514,ANGOLA_MALANJE_CAMBUNDI-CATEMBO,Angola,19.362668812721665,8.771567026499838e-5,WWT
0117,21.400677614499838,ANGOLA_MALANJE_CANGANDALA,Angola,21.400870254758814,1.9264025897669512e-4,WWT
0118,23.641813584952132,ANGOLA_MALANJE_CUNDA-DIA-BAZE,Angola,23.641960712594333,1.4712764220092822e-4,WWT
0119,18.52856070046489,ANGOLA_MALANJE_KIWABA NZOJI,Angola,18.528804047731853,2.433472669629566e-4,WWT
0120,19.123503765503607,ANGOLA_MALANJE_LUQUEMBO,Angola,19.12363499197391,1.312264703017263e-4,WWT
0121,24.724790560650945,ANGOLA_MALANJE_MALANJE,Angola,24.725485525604515,6.94964953570576e-4,WWT
0122,22.69075117167506,ANGOLA_MALANJE_MARIMBA,Angola,22.69090475336573,1.5358169066814753e-4,WWT
0123,21.578047414668657,ANGOLA_MALANJE_MASSANGO,Angola,21.578228624790555,1.8121012189808994e-4,WWT
0124,22.03719480353004,ANGOLA_MALANJE_MUCARI,Angola,22.037395259346283,2.0045581624472675e-4,WWT
0125,23.560255277097514,ANGOLA_MALANJE_QUELA,Angola,23.56040417383533,1.4889673781581791e-4,WWT
0126,20.758206650254486,ANGOLA_MALANJE_QUIRIMA,Angola,20.758281907262692,7.525700820565362e-5,WWT
0127,14.768521153334323,ANGOLA_MOXICO_ALTO ZAMBEZE,Angola,14.768547308427916,2.6155093593160927e-5,WWT
0128,13.025945770487276,ANGOLA_MOXICO_BUNDAS,Angola,13.025971649078537,2.5878591261019324e-5,WWT
0129,13.628174857628313,ANGOLA_MOXICO_CAMANONGUE,Angola,13.628238225906923,6.336827861019856e-5,WWT
0130,13.234377532633925,ANGOLA_MOXICO_CAMEIA,Angola,13.234414727954924,3.7195320999217074e-5,WWT
0131,16.862415447674614,ANGOLA_MOXICO_LÉUA,Angola,16.862533532401713,1.1808472709873286e-4,WWT
0132,14.085558518062646,ANGOLA_MOXICO_LUACANO,Angola,14.08558940271471,3.088465206424473e-5,WWT
0133,13.449626542871858,ANGOLA_MOXICO_LUAU,Angola,13.449713001086415,8.645821455743885e-5,WWT
0134,14.761720466084212,ANGOLA_MOXICO_LUCHAZES,Angola,14.761749805730506,2.9339646294701538e-5,WWT
0135,13.286709321178458,ANGOLA_MOXICO_LUENA,Angola,13.286757826273991,4.850509553300242e-5,WWT
0136,5.189017953053315,ANGOLA_NAMIBE_BIBALA,Angola,5.1890323026682665,1.4349614951392198e-5,WWT
0137,4.236360803825993,ANGOLA_NAMIBE_CAMUCUIO,Angola,4.23637226168467,1.1457858676955368e-5,WWT
0138,2.57766057620261,ANGOLA_NAMIBE_NAMIBE,Angola,2.5777327154017264,7.213919911652766e-5,WWT
0139,1.9175438708666737,ANGOLA_NAMIBE_TÔMBWA,Angola,1.9175805314590302,3.666059235651886e-5,WWT
0140,3.592489150525724,ANGOLA_NAMIBE_VIREI,Angola,3.5924937137458643,4.563220140418878e-6,WWT
0141,17.159734924204677,ANGOLA_UÍGE_AMBUILA,Angola,17.16005245258698,3.1752838230403313e-4,WWT
0142,10.91778456693531,ANGOLA_UÍGE_BEMBE,Angola,10.918267389595801,4.8282266049071154e-4,WWT
0143,19.710883280906778,ANGOLA_UÍGE_BUENGAS,Angola,19.711231479430843,3.4819852406542395e-4,WWT
0144,17.05205772314925,ANGOLA_UÍGE_BUNGO,Angola,17.052486006257833,4.2828310858311625e-4,WWT
0145,18.845362506366442,ANGOLA_UÍGE_CANGOLA,Angola,18.84563988456413,2.773781976870282e-4,WWT
0146,16.88817808978476,ANGOLA_UÍGE_DAMBA,Angola,16.888478809995718,3.00720210958616e-4,WWT
0147,19.654122267706526,ANGOLA_UÍGE_MAQUELA DO ZOMBO,Angola,19.654378709350404,2.5644164387728097e-4,WWT
0148,17.574638619388132,ANGOLA_UÍGE_SANTA CRUZ,Angola,17.57480400885227,1.6538946413646727e-4,WWT
0149,18.762518897754006,ANGOLA_UÍGE_MUCABA,Angola,18.763005294689965,4.863969359583109e-4,WWT
0150,20.85553879162868,ANGOLA_UÍGE_NEGAGE,Angola,20.85613478894463,5.959973159512799e-4,WWT
0151,20.877637268786142,ANGOLA_UÍGE_PURI,Angola,20.87809443202828,4.571632421388472e-4,WWT
0152,25.627747613429747,ANGOLA_UÍGE_QUIMBELE,Angola,25.628099526345032,3.519129152849132e-4,WWT
0153,19.37059979185969,ANGOLA_UÍGE_QUITEXE,Angola,19.370986939689146,3.871478294570352e-4,WWT
0154,18.430384431478473,ANGOLA_UÍGE_SANZA POMBO,Angola,18.43065942488433,2.749934058563497e-4,WWT
0155,18.600390174333455,ANGOLA_UÍGE_SONGO,Angola,18.600723395360966,3.3322102751043303e-4,WWT
0156,20.433780119155955,ANGOLA_UÍGE_UÍGE,Angola,20.43525079526103,0.0014706761050753414,WWT
0157,15.464015210602106,ANGOLA_ZAIRE_CUIMBA,Angola,15.464282617560531,2.674069584251981e-4,WWT
0158,12.015425138341598,ANGOLA_ZAIRE_MBANZA CONGO,Angola,12.015656630797153,2.314924555548714e-4,WWT
0159,7.303103359500195,ANGOLA_ZAIRE_NZETO,Angola,7.3034538445465955,3.5048504640045053e-4,WWT
0160,8.930701727193831,ANGOLA_ZAIRE_NÓQUI,Angola,8.93084657338867,1.448461948392321e-4,WWT
0161,4.221314722664767,ANGOLA_ZAIRE_SOYO,Angola,4.221457718532934,1.4299586816690635e-4,WWT
0162,7.743668740806104,ANGOLA_ZAIRE_TOMBOCO,Angola,7.743967360907325,2.9862010122094773e-4,WWT
0163,9.267621398821097,BOTSWANA_CENTRAL_BOBONONG_BOBONONG,Botswana,9.267920055874294,2.9865705319664926e-4,WWT
0164,9.344875609113446,BOTSWANA_CENTRAL_BOBONONG_DAMOCHOJENA,Botswana,9.345166284598786,2.9067548534023047e-4,WWT
0165,9.736613732955853,BOTSWANA_CENTRAL_BOBONONG_KOBOJANGO,Botswana,9.73698988492713,3.761519712774941e-4,WWT
0166,9.118935322685001,BOTSWANA_CENTRAL_BOBONONG_LENTSWELEMORITI,Botswana,9.119232807822858,2.974851378567678e-4,WWT
0167,9.332527299187374,BOTSWANA_CENTRAL_BOBONONG_LEPOKOLE,Botswana,9.332833768303297,3.0646911592313586e-4,WWT
0168,9.761697975592591,BOTSWANA_CENTRAL_BOBONONG_MABOLWE,Botswana,9.76205333025739,3.553546647978578e-4,WWT
0169,9.709474259013117,BOTSWANA_CENTRAL_BOBONONG_MATHATHANE,Botswana,9.709811970861509,3.3771184839181956e-4,WWT
0170,9.164456702951217,BOTSWANA_CENTRAL_BOBONONG_MMADINARE,Botswana,9.164777680732865,3.2097778164796864e-4,WWT
0171,9.478163415292398,BOTSWANA_CENTRAL_BOBONONG_MOLALATAU,Botswana,9.478444955836796,2.815405443978847e-4,WWT
0172,10.064468327937956,BOTSWANA_CENTRAL_BOBONONG_MOLETEMANE,Botswana,10.064732282564613,2.639546266571813e-4,WWT
0173,10.01338963270911,BOTSWANA_CENTRAL_BOBONONG_MOTLHABANENG,Botswana,10.013721433337288,3.3180062817805833e-4,WWT
0174,9.519146988008652,BOTSWANA_CENTRAL_BOBONONG_ROBELELA,Botswana,9.519485647345657,3.38659337005609e-4,WWT
0175,9.267434179831646,BOTSWANA_CENTRAL_BOBONONG_SEFOPHE,Botswana,9.26770229131667,2.6811148502403626e-4,WWT
0176,9.752994810496688,BOTSWANA_CENTRAL_BOBONONG_SEMOLALE,Botswana,9.753298429806996,3.0361931030853384e-4,WWT
0177,9.469631273052972,BOTSWANA_CENTRAL_BOBONONG_TOBANE,Botswana,9.469951181865007,3.199088120346971e-4,WWT
0178,9.58677146656573,BOTSWANA_CENTRAL_BOBONONG_TSETSEBJWE,Botswana,9.587037913373187,2.6644680745668836e-4,WWT
0179,9.424983433934194,BOTSWANA_CENTRAL_BOBONONG_TSHOKWE,Botswana,9.42529775536659,3.1432143239484844e-4,WWT
0180,9.885397556892903,BOTSWANA_CENTRAL_BOBONONG_TULI,Botswana,9.88568337212511,2.8581523220694294e-4,WWT
0181,7.461231669866864,BOTSWANA_CENTRAL_BOTETI_KEDIA,Botswana,7.461317859621078,8.618975421370578e-5,WWT
0182,8.244473391888757,BOTSWANA_CENTRAL_BOTETI_KHWEE,Botswana,8.244621228495758,1.4783660700068424e-4,WWT
0183,9.362999411161415,BOTSWANA_CENTRAL_BOTETI_KUMAGA,Botswana,9.363105820477047,1.0640931563266065e-4,WWT
0184,7.403285097042725,BOTSWANA_CENTRAL_BOTETI_LETLHAKANE,Botswana,7.403395386452788,1.102894100624141e-4,WWT
0185,7.786533349143889,BOTSWANA_CENTRAL_BOTETI_MAKALAMABEDI,Botswana,7.78662079165856,8.744251467085462e-5,WWT
0186,7.3474991166508925,BOTSWANA_CENTRAL_BOTETI_MMADIKOLA,Botswana,7.34758119594912,8.207929822745541e-5,WWT
0187,8.208247251326355,BOTSWANA_CENTRAL_BOTETI_MMATSHUMO,Botswana,8.208358144682293,1.1089335593794658e-4,WWT
0188,7.635129103538876,BOTSWANA_CENTRAL_BOTETI_MOKOBOXANE,Botswana,7.635220520728099,9.141718922300868e-5,WWT
0189,8.212639009176097,BOTSWANA_CENTRAL_BOTETI_MOPIPI,Botswana,8.212732782024235,9.377284813716358e-5,WWT
0190,8.186507445221428,BOTSWANA_CENTRAL_BOTETI_MOREOMAOTO,Botswana,8.186611164967884,1.0371974645551063e-4,WWT
0191,8.118743927912481,BOTSWANA_CENTRAL_BOTETI_MOSU,Botswana,8.118884991360462,1.4106344798037185e-4,WWT
0192,8.090599298984474,BOTSWANA_CENTRAL_BOTETI_MOTOPI,Botswana,8.090702788329173,1.0348934469917026e-4,WWT
0193,7.632699974040093,BOTSWANA_CENTRAL_BOTETI_TOROMOJA,Botswana,7.632784206987401,8.423294730786068e-5,WWT
0194,7.399948625588367,BOTSWANA_CENTRAL_BOTETI_TSIENYANE/RAKOPS,Botswana,7.400028805944617,8.018035624957065e-5,WWT
0195,6.911289445654317,BOTSWANA_CENTRAL_BOTETI_XERE,Botswana,6.911357304773953,6.785911963635982e-5,WWT
0196,7.178975344970956,BOTSWANA_CENTRAL_BOTETI_XHUMO,Botswana,7.1790548956575435,7.955068658738185e-5,WWT
0197,9.954101495459893,BOTSWANA_CENTRAL_MAHALAPYE_BONWAPITSE,Botswana,9.954390065018591,2.885695586982706e-4,WWT
0198,10.904157701564532,BOTSWANA_CENTRAL_MAHALAPYE_BOROTSI,Botswana,10.904522654473466,3.64952908933347e-4,WWT
0199,10.805279681003238,BOTSWANA_CENTRAL_MAHALAPYE_CHADIBE,Botswana,10.80555667722783,2.769962245920965e-4,WWT
0200,11.351538741280685,BOTSWANA_CENTRAL_MAHALAPYE_DIBETE STATION,Botswana,11.351852701572255,3.139602915709361e-4,WWT
0201,11.207972226741106,BOTSWANA_CENTRAL_MAHALAPYE_DOVEDALE,Botswana,11.208257245697073,2.8501895596733107e-4,WWT
0202,9.870720827334479,BOTSWANA_CENTRAL_MAHALAPYE_IKONGWE,Botswana,9.870960311831455,2.394844969764165e-4,WWT
0203,9.533846471680025,BOTSWANA_CENTRAL_MAHALAPYE_KALAMARE,Botswana,9.534095622392055,2.4915071202968875e-4,WWT
0204,8.502609632915354,BOTSWANA_CENTRAL_MAHALAPYE_KODIBELENG,Botswana,8.502768673393222,1.5904047786818865e-4,WWT
0205,10.899665103984423,BOTSWANA_CENTRAL_MAHALAPYE_KUDUMATSE,Botswana,10.899950213110268,2.8510912584422954e-4,WWT
0206,10.208088146846936,BOTSWANA_CENTRAL_MAHALAPYE_MAAPE,Botswana,10.208352165635532,2.6401878859516614e-4,WWT
0207,10.781326114523079,BOTSWANA_CENTRAL_MAHALAPYE_MACHANENG,Botswana,10.781619995855703,2.9388133262386873e-4,WWT
0208,10.615414867760455,BOTSWANA_CENTRAL_MAHALAPYE_MAHALAPYE,Botswana,10.615823958921515,4.090911610603598e-4,WWT
0209,10.799285174365341,BOTSWANA_CENTRAL_MAHALAPYE_MAKWATE,Botswana,10.799568517525614,2.8334316027311957e-4,WWT
0210,10.944992711266936,BOTSWANA_CENTRAL_MAHALAPYE_MATLHAKO,Botswana,10.945337237421356,3.445261544197109e-4,WWT
0211,10.115043981553749,BOTSWANA_CENTRAL_MAHALAPYE_MHALAPITSA,Botswana,10.115339240481934,2.952589281850493e-4,WWT
0212,11.156924385314843,BOTSWANA_CENTRAL_MAHALAPYE_MMAPHASHALALA,Botswana,11.157219366785228,2.9498147038431455e-4,WWT
0213,9.950706168660531,BOTSWANA_CENTRAL_MAHALAPYE_MMUTLANA,Botswana,9.950964546351342,2.5837769081071826e-4,WWT
0214,9.59591495482138,BOTSWANA_CENTRAL_MAHALAPYE_MOKGENENE,Botswana,9.596149510955863,2.3455613448319923e-4,WWT
0215,10.838697092618963,BOTSWANA_CENTRAL_MAHALAPYE_MOKOBENG,Botswana,10.838979522300473,2.824296815102656e-4,WWT
0216,10.83817615369111,BOTSWANA_CENTRAL_MAHALAPYE_MOKOSWANE,Botswana,10.838489042090107,3.128883989962361e-4,WWT
0217,11.857233748203278,BOTSWANA_CENTRAL_MAHALAPYE_MOOKANE,Botswana,11.85758520096844,3.5145276516246327e-4,WWT
0218,9.07370063861305,BOTSWANA_CENTRAL_MAHALAPYE_MORALANE,Botswana,9.07388953718335,1.8889857030046642e-4,WWT
0219,10.660133616729295,BOTSWANA_CENTRAL_MAHALAPYE_MOSHOPHA,Botswana,10.66040709013179,2.7347340249406216e-4,WWT
0220,9.510985518035218,BOTSWANA_CENTRAL_MAHALAPYE_MOSOLOTSHANE,Botswana,9.511210957293585,2.254392583669329e-4,WWT
0221,10.310007678301034,BOTSWANA_CENTRAL_MAHALAPYE_NGWAPA,Botswana,10.310280626820946,2.7294851991221947e-4,WWT
0222,8.98359568088535,BOTSWANA_CENTRAL_MAHALAPYE_OTSE,Botswana,8.983792398473195,1.96717587845896e-4,WWT
0223,10.795267879340486,BOTSWANA_CENTRAL_MAHALAPYE_PALLA ROAD/DINOKWE,Botswana,10.795629934332082,3.620549915961391e-4,WWT
0224,10.281498916409255,BOTSWANA_CENTRAL_MAHALAPYE_PILIKWE,Botswana,10.281854894108063,3.5597769880801877e-4,WWT
0225,10.538539009778653,BOTSWANA_CENTRAL_MAHALAPYE_POLOKA,Botswana,10.538812478141125,2.7346836247232886e-4,WWT
0226,10.428355592838225,BOTSWANA_CENTRAL_MAHALAPYE_RAMOKGONAMI,Botswana,10.428629044081065,2.7345124284039457e-4,WWT
0227,10.850120300438075,BOTSWANA_CENTRAL_MAHALAPYE_SEFHARE,Botswana,10.850422331201429,3.0203076335411083e-4,WWT
0228,10.692901774621326,BOTSWANA_CENTRAL_MAHALAPYE_SELEKA,Botswana,10.6931821338341,2.803592127733623e-4,WWT
0229,10.236477308039948,BOTSWANA_CENTRAL_MAHALAPYE_SHAKWE,Botswana,10.236738737342131,2.614293021832026e-4,WWT
0230,9.858738581641452,BOTSWANA_CENTRAL_MAHALAPYE_SHOSHONG,Botswana,9.858994143172144,2.55561530691395e-4,WWT
0231,10.299481545682958,BOTSWANA_CENTRAL_MAHALAPYE_TAUPYE,Botswana,10.299774008529951,2.9246284699269154e-4,WWT
0232,9.723810396821646,BOTSWANA_CENTRAL_MAHALAPYE_TEWANE,Botswana,9.724105391463459,2.9499464181270696e-4,WWT
0233,10.563432778977264,BOTSWANA_CENTRAL_MAHALAPYE_TULI,Botswana,10.563708748858472,2.759698812084821e-4,WWT
0234,10.54623673228093,BOTSWANA_CENTRAL_MAHALAPYE_TUMASERA,Botswana,10.546509976116326,2.7324383539628627e-4,WWT
0235,10.235033816616005,BOTSWANA_CENTRAL_SEROWE PALAPYE_DILORO,Botswana,10.235337029338103,3.0321272209832273e-4,WWT
0236,8.555048608001863,BOTSWANA_CENTRAL_SEROWE PALAPYE_DIMAJWE,Botswana,8.555221829217517,1.7322121565399584e-4,WWT
0237,9.519292691315366,BOTSWANA_CENTRAL_SEROWE PALAPYE_GAMABUO,Botswana,9.519495033270534,2.0234195516799502e-4,WWT
0238,9.217325336643915,BOTSWANA_CENTRAL_SEROWE PALAPYE_GOJWANE,Botswana,9.217586564423714,2.612277797986451e-4,WWT
0239,10.076162405634793,BOTSWANA_CENTRAL_SEROWE PALAPYE_GOO-SEKGWENG,Botswana,10.076425185602272,2.6277996747836596e-4,WWT
0240,10.180040017973985,BOTSWANA_CENTRAL_SEROWE PALAPYE_GOOTAU,Botswana,10.18030605252149,2.6603454750429023e-4,WWT
0241,9.887707041220265,BOTSWANA_CENTRAL_SEROWE PALAPYE_KGAGODI,Botswana,9.888002560160094,2.955189398292646e-4,WWT
0242,10.532037026069062,BOTSWANA_CENTRAL_SEROWE PALAPYE_LECHENG,Botswana,10.532531974993994,4.949489249312933e-4,WWT
0243,10.160231310993689,BOTSWANA_CENTRAL_SEROWE PALAPYE_LERALA,Botswana,10.160495372273582,2.6406127989275774e-4,WWT
0244,10.431133994604172,BOTSWANA_CENTRAL_SEROWE PALAPYE_LESENEPOLE/MATOLWANE,Botswana,10.431420590483242,2.86595879069651e-4,WWT
0245,9.011480688373917,BOTSWANA_CENTRAL_SEROWE PALAPYE_MABELEAPUDI,Botswana,9.011669708274756,1.8901990083897147e-4,WWT
0246,8.814144037580371,BOTSWANA_CENTRAL_SEROWE PALAPYE_MAJWANAADIPITSE,Botswana,8.814346395255033,2.0235767466125765e-4,WWT
0247,10.50908911801816,BOTSWANA_CENTRAL_SEROWE PALAPYE_MAJWANENG,Botswana,10.509365873681752,2.767556635916435e-4,WWT
0248,9.676299709829383,BOTSWANA_CENTRAL_SEROWE PALAPYE_MALAKA,Botswana,9.676565429877005,2.657200476221533e-4,WWT
0249,8.096337114537278,BOTSWANA_CENTRAL_SEROWE PALAPYE_MALATSWAI,Botswana,8.096483781818367,1.4666728108991833e-4,WWT
0250,11.29695509971872,BOTSWANA_CENTRAL_SEROWE PALAPYE_MANALEDI,Botswana,11.297232922532356,2.7782281363641914e-4,WWT
0251,10.085946965858664,BOTSWANA_CENTRAL_SEROWE PALAPYE_MATLHAKOLA,Botswana,10.086224156256794,2.7719039812978963e-4,WWT
0252,10.31478145786345,BOTSWANA_CENTRAL_SEROWE PALAPYE_MAUNATLALA,Botswana,10.315069627169176,2.881693057261714e-4,WWT
0253,10.080050843139462,BOTSWANA_CENTRAL_SEROWE PALAPYE_MMASHORO,Botswana,10.080260820768238,2.0997762877605908e-4,WWT
0254,10.391778844312025,BOTSWANA_CENTRAL_SEROWE PALAPYE_MOENG,Botswana,10.392071371583635,2.9252727160944403e-4,WWT
0255,9.629933166587318,BOTSWANA_CENTRAL_SEROWE PALAPYE_MOGAPI,Botswana,9.63021690664346,2.837400561421788e-4,WWT
0256,9.849836514555454,BOTSWANA_CENTRAL_SEROWE PALAPYE_MOGAPINYANA,Botswana,9.850158769307232,3.2225475177760643e-4,WWT
0257,9.481586438388751,BOTSWANA_CENTRAL_SEROWE PALAPYE_MOGOME,Botswana,9.481861012037632,2.7457364888050506e-4,WWT
0258,10.403982734972814,BOTSWANA_CENTRAL_SEROWE PALAPYE_MOGOROSI,Botswana,10.404226138353522,2.434033807077185e-4,WWT
0259,7.4913995282727,BOTSWANA_CENTRAL_SEROWE PALAPYE_MOIYABANA,Botswana,7.491522841691362,1.2331341866200773e-4,WWT
0260,9.608743587901657,BOTSWANA_CENTRAL_SEROWE PALAPYE_MOKGWARE,Botswana,9.609003627461789,2.6003956013198604e-4,WWT
0261,10.146928138650491,BOTSWANA_CENTRAL_SEROWE PALAPYE_MOKHUNGWANA,Botswana,10.147227181970022,2.990433195311226e-4,WWT
0262,10.2705325359743,BOTSWANA_CENTRAL_SEROWE PALAPYE_MOKOKWANA,Botswana,10.270823367499561,2.908315252607707e-4,WWT
0263,10.453945257135455,BOTSWANA_CENTRAL_SEROWE PALAPYE_MOREMI,Botswana,10.454228293811372,2.830366759170033e-4,WWT
0264,9.18204844423536,BOTSWANA_CENTRAL_SEROWE PALAPYE_MOREOMABELE,Botswana,9.182276997631519,2.285533961590147e-4,WWT
0265,10.221744221474022,BOTSWANA_CENTRAL_SEROWE PALAPYE_MOSWEU,Botswana,10.22203105731837,2.8683584434752163e-4,WWT
0266,10.693913068175757,BOTSWANA_CENTRAL_SEROWE PALAPYE_MOTSHEGALETAU,Botswana,10.694151761760338,2.386935845812843e-4,WWT
0267,8.886280493353665,BOTSWANA_CENTRAL_SEROWE PALAPYE_PAJE,Botswana,8.886480260842864,1.997674891995871e-4,WWT
0268,10.534323916874799,BOTSWANA_CENTRAL_SEROWE PALAPYE_PALAPYE,Botswana,10.534948711137362,6.24794262563455e-4,WWT
0269,10.198608091841004,BOTSWANA_CENTRAL_SEROWE PALAPYE_RADISELE,Botswana,10.19899039269484,3.823008538361705e-4,WWT
0270,10.28576322987525,BOTSWANA_CENTRAL_SEROWE PALAPYE_RATHOLO,Botswana,10.286033877992454,2.706481172030095e-4,WWT
0271,9.839990820810595,BOTSWANA_CENTRAL_SEROWE PALAPYE_SEHUNOU,Botswana,9.840204164505444,2.1334369484904414e-4,WWT
0272,11.025194828571234,BOTSWANA_CENTRAL_SEROWE PALAPYE_SEOLWANE,Botswana,11.025481248155629,2.8641958439479254e-4,WWT
0273,9.149722389169595,BOTSWANA_CENTRAL_SEROWE PALAPYE_SEROWE,Botswana,9.149895656816707,1.7326764711178555e-4,WWT
0274,9.423580605536914,BOTSWANA_CENTRAL_SEROWE PALAPYE_SERULE,Botswana,9.423831971197478,2.513656605636072e-4,WWT
0275,9.528672887830709,BOTSWANA_CENTRAL_SEROWE PALAPYE_TAMASANE,Botswana,9.528929917405112,2.570295744028783e-4,WWT
0276,10.640145919550893,BOTSWANA_CENTRAL_SEROWE PALAPYE_THABALA,Botswana,10.640390228378191,2.443088272983118e-4,WWT
0277,9.159469511111604,BOTSWANA_CENTRAL_SEROWE PALAPYE_TOPISI,Botswana,9.159692498929909,2.2298781830443204e-4,WWT
0278,9.098454136702134,BOTSWANA_CENTRAL_SEROWE PALAPYE_TSHIMOYAPULA,Botswana,9.098653008296765,1.9887159463038984e-4,WWT
0279,9.584323448295553,BOTSWANA_CENTRAL_SEROWE PALAPYE_TULI,Botswana,9.584573350950333,2.4990265477953244e-4,WWT
0280,9.419329509634293,BOTSWANA_CENTRAL_TUTUME_BOROLONG,Botswana,9.419793610971904,4.641013376112113e-4,WWT
0281,9.361797285980924,BOTSWANA_CENTRAL_TUTUME_BOROTSI,Botswana,9.362137684826747,3.4039884582348634e-4,WWT
0282,9.520855846754573,BOTSWANA_CENTRAL_TUTUME_CHADIBE,Botswana,9.521341431044949,4.855842903754848e-4,WWT
0283,9.34403090315393,BOTSWANA_CENTRAL_TUTUME_CHANGATE,Botswana,9.344288182374989,2.572792210582264e-4,WWT
0284,9.604139576168338,BOTSWANA_CENTRAL_TUTUME_DAGWI,Botswana,9.604430238032913,2.906618645752701e-4,WWT
0285,8.8896284970922,BOTSWANA_CENTRAL_TUTUME_DUKWI,Botswana,8.889840122089973,2.1162499777283017e-4,WWT
0286,9.138384320522016,BOTSWANA_CENTRAL_TUTUME_GOSHWE,Botswana,9.138632455327675,2.4813480565910595e-4,WWT
0287,9.2022812286301,BOTSWANA_CENTRAL_TUTUME_GWETA,Botswana,9.20239268845453,1.114598244296161e-4,WWT
0288,9.632069751409997,BOTSWANA_CENTRAL_TUTUME_JAMATAKA,Botswana,9.632347421834183,2.776704241860273e-4,WWT
0289,9.347120697837038,BOTSWANA_CENTRAL_TUTUME_KUTAMOGREE,Botswana,9.347337873035354,2.1717519831554455e-4,WWT
0290,8.898040642148498,BOTSWANA_CENTRAL_TUTUME_LEPASHE,Botswana,8.898234929956962,1.942878084637556e-4,WWT
0291,9.055783216662352,BOTSWANA_CENTRAL_TUTUME_MABESEKWA,Botswana,9.055981377494032,1.9816083167967236e-4,WWT
0292,9.253144633419236,BOTSWANA_CENTRAL_TUTUME_MAFONGO/HOBONA,Botswana,9.253448943229259,3.043098100228292e-4,WWT
0293,9.355141865082228,BOTSWANA_CENTRAL_TUTUME_MAITENGWE,Botswana,9.355366149930228,2.2428484800052217e-4,WWT
0294,9.688456914083195,BOTSWANA_CENTRAL_TUTUME_MAKOBO,Botswana,9.688717473567706,2.6055948451109145e-4,WWT
0295,9.681604724571727,BOTSWANA_CENTRAL_TUTUME_MAKUTA,Botswana,9.681848948917814,2.44224346086952e-4,WWT
0296,9.4741896052766,BOTSWANA_CENTRAL_TUTUME_MANDUNYANE,Botswana,9.474476234501056,2.8662922445654715e-4,WWT
0297,10.289864859207949,BOTSWANA_CENTRAL_TUTUME_MAPOSA,Botswana,10.29003673795166,1.718787437106073e-4,WWT
0298,9.567676650916841,BOTSWANA_CENTRAL_TUTUME_MARAPONG,Botswana,9.567925652429796,2.490015129552603e-4,WWT
0299,9.351848995335013,BOTSWANA_CENTRAL_TUTUME_MAROBELA,Botswana,9.352151122311067,3.0212697605414007e-4,WWT
0300,9.523097697133327,BOTSWANA_CENTRAL_TUTUME_MATHANGWANE,Botswana,9.523513349048415,4.1565191508752264e-4,WWT
0301,9.516256083416291,BOTSWANA_CENTRAL_TUTUME_MATOBO,Botswana,9.51654141337131,2.853299550196198e-4,WWT
0302,8.828619939342445,BOTSWANA_CENTRAL_TUTUME_MATSITAMA,Botswana,8.828814658350753,1.947190083075867e-4,WWT
0303,10.706670477395363,BOTSWANA_CENTRAL_TUTUME_MMANXOTAE,Botswana,10.706847765646334,1.772882509705198e-4,WWT
0304,8.95725066861356,BOTSWANA_CENTRAL_TUTUME_MMEYA,Botswana,8.957445307185436,1.946385718767374e-4,WWT
0305,8.617358929949408,BOTSWANA_CENTRAL_TUTUME_MOKUBILO,Botswana,8.61752622302292,1.6729307351326383e-4,WWT
0306,8.828149403333517,BOTSWANA_CENTRAL_TUTUME_MOSETSE,Botswana,8.828345737707277,1.9633437375965457e-4,WWT
0307,9.765958967265503,BOTSWANA_CENTRAL_TUTUME_NATA,Botswana,9.766185453486598,2.2648622109500138e-4,WWT
0308,9.48470293131857,BOTSWANA_CENTRAL_TUTUME_NATALE,Botswana,9.484974466793075,2.7153547450531335e-4,WWT
0309,9.320200514659104,BOTSWANA_CENTRAL_TUTUME_NKANGE,Botswana,9.320440096293389,2.395816342843915e-4,WWT
0310,9.407853780133047,BOTSWANA_CENTRAL_TUTUME_NSHAKASHOKWE,Botswana,9.408126798992052,2.73018859004992e-4,WWT
0311,9.44936405237579,BOTSWANA_CENTRAL_TUTUME_NSWAZWI,Botswana,9.449622217387539,2.58165011748801e-4,WWT
0312,9.445893281115337,BOTSWANA_CENTRAL_TUTUME_SEBINA,Botswana,9.446187381175319,2.9410005998187216e-4,WWT
0313,9.522902789685146,BOTSWANA_CENTRAL_TUTUME_SEMITWE,Botswana,9.523152552584001,2.4976289885536573e-4,WWT
0314,9.65536107065036,BOTSWANA_CENTRAL_TUTUME_SENETE,Botswana,9.655608897478917,2.4782682855750693e-4,WWT
0315,11.828056051749279,BOTSWANA_CENTRAL_TUTUME_SEPAKO,Botswana,11.828249032398624,1.9298064934503145e-4,WWT
0316,9.311037725006615,BOTSWANA_CENTRAL_TUTUME_SHASHE-MOOKE,Botswana,9.311414615570094,3.7689056347822714e-4,WWT
0317,9.578975156507095,BOTSWANA_CENTRAL_TUTUME_SHASHE/SEMOTSWANE,Botswana,9.579387786977408,4.126304703131467e-4,WWT
0318,10.294593666524708,BOTSWANA_CENTRAL_TUTUME_TONOTA,Botswana,10.294944508828927,3.508423042184461e-4,WWT
0319,12.407697690804888,BOTSWANA_CENTRAL_TUTUME_TSHOKATSHAA,Botswana,12.40781473288308,1.1704207819285273e-4,WWT
0320,9.870434541673369,BOTSWANA_CENTRAL_TUTUME_TUTUME,Botswana,9.870674983511332,2.404418379633455e-4,WWT
0321,10.13764853235129,BOTSWANA_CENTRAL_TUTUME_ZOROGA,Botswana,10.137787413830331,1.388814790406201e-4,WWT
0322,11.772210699463475,BOTSWANA_CHOBE_CHOBE_KACHIKAU,Botswana,11.77248421016579,2.735107023141836e-4,WWT
0323,11.23456069060613,BOTSWANA_CHOBE_CHOBE_KASANE,Botswana,11.234791623996646,2.309333905152755e-4,WWT
0324,9.854858331990693,BOTSWANA_CHOBE_CHOBE_KATABA,Botswana,9.85497908070574,1.207487150463038e-4,WWT
0325,11.252334071052896,BOTSWANA_CHOBE_CHOBE_KAVIMBA,Botswana,11.252558054820707,2.2398376781040952e-4,WWT
0326,11.957439133145003,BOTSWANA_CHOBE_CHOBE_KAZUNGULA,Botswana,11.95756272257989,1.235894348869948e-4,WWT
0327,11.434314369711807,BOTSWANA_CHOBE_CHOBE_LESOMA,Botswana,11.434597203800074,2.8283408826723644e-4,WWT
0328,11.996967545797403,BOTSWANA_CHOBE_CHOBE_MUCHINJE/MABELE,Botswana,11.99723164923336,2.641034359562866e-4,WWT
0329,10.055330738089749,BOTSWANA_CHOBE_CHOBE_NUMBER SEVEN,Botswana,10.055473101972538,1.4236388278909828e-4,WWT
0330,8.933216653509323,BOTSWANA_CHOBE_CHOBE_PANDAMATENGA,Botswana,8.933410298391264,1.9364488194106855e-4,WWT
0331,11.348098697361541,BOTSWANA_CHOBE_CHOBE_PARAKARUNGU,Botswana,11.348360030907173,2.613335456320698e-4,WWT
0332,12.067392060838472,BOTSWANA_CHOBE_CHOBE_SATAU,Botswana,12.067494390564978,1.0232972650570105e-4,WWT
0333,15.20837733943932,BOTSWANA_GABORONE_GABORONE_GABORONE,Botswana,15.210376083082675,0.001998743643355283,WWT
0334,6.197461617191851,BOTSWANA_GHANZI_CENTRAL KGALAGADI GAME RESERVE_CENTRAL KGALAGADI GAME RESERVE,Botswana,6.197528693185357,6.707599350619375e-5,WWT
0335,5.97959849847551,BOTSWANA_GHANZI_GHANZI_B. VISSER,Botswana,5.97965330437176,5.48058962497322e-5,WWT
0336,5.668151932498228,BOTSWANA_GHANZI_GHANZI_BERE,Botswana,5.668202916190757,5.098369252909407e-5,WWT
0337,4.987584958194105,BOTSWANA_GHANZI_GHANZI_CHARLES HILL,Botswana,4.9876894250053985,1.0446681129305802e-4,WWT
0338,5.797837402597925,BOTSWANA_GHANZI_GHANZI_CHARLES SHELDON,Botswana,5.797886505530005,4.9102932079492234e-5,WWT
0339,5.3109806900681384,BOTSWANA_GHANZI_GHANZI_CHOBOKWANE,Botswana,5.311028932920914,4.824285277571505e-5,WWT
0340,5.768783801911395,BOTSWANA_GHANZI_GHANZI_DECT ETIN,Botswana,5.768833173807655,4.9371896260197445e-5,WWT
0341,5.761408852289624,BOTSWANA_GHANZI_GHANZI_DEKAR,Botswana,5.761456716828302,4.7864538678332735e-5,WWT
0342,5.561337868177955,BOTSWANA_GHANZI_GHANZI_EAST HANAHAI,Botswana,5.561394349781142,5.6481603186497864e-5,WWT
0343,5.856014231171066,BOTSWANA_GHANZI_GHANZI_GHANZI,Botswana,5.856217090809013,2.028596379464176e-4,WWT
0344,5.831671502403027,BOTSWANA_GHANZI_GHANZI_GROOTE LAAGTE,Botswana,5.831723313926917,5.181152388988863e-5,WWT
0345,4.9066489261327355,BOTSWANA_GHANZI_GHANZI_HANS METZLER,Botswana,4.906708825238572,5.989910583625857e-5,WWT
0346,4.975082317515255,BOTSWANA_GHANZI_GHANZI_J. RANSALL,Botswana,4.975127259125484,4.4941610228832474e-5,WWT
0347,5.438658717473725,BOTSWANA_GHANZI_GHANZI_JANKI JANKI,Botswana,5.438705357031015,4.6639557290006906e-5,WWT
0348,5.731484459757079,BOTSWANA_GHANZI_GHANZI_JERUNG,Botswana,5.7315360248826375,5.156512555881676e-5,WWT
0349,6.288873759545834,BOTSWANA_GHANZI_GHANZI_JOHN FARM,Botswana,6.288929790390402,5.603084456762275e-5,WWT
0350,5.679293259527906,BOTSWANA_GHANZI_GHANZI_KACGAE,Botswana,5.679347282260782,5.402273287558046e-5,WWT
0351,5.064095115392917,BOTSWANA_GHANZI_GHANZI_KARAKOBIS,Botswana,5.064148144872373,5.302947945651226e-5,WWT
0352,5.087241953156912,BOTSWANA_GHANZI_GHANZI_KULE,Botswana,5.087282350912751,4.039775583919436e-5,WWT
0353,5.132116494771858,BOTSWANA_GHANZI_GHANZI_MAGONO MAGONO,Botswana,5.132159430870507,4.293609864891579e-5,WWT
0354,5.488723070322039,BOTSWANA_GHANZI_GHANZI_MAKUNDA,Botswana,5.488767064211886,4.399388984666075e-5,WWT
0355,5.512339835912715,BOTSWANA_GHANZI_GHANZI_MASIRE'S FARM,Botswana,5.512402802960096,6.296704738151249e-5,WWT
0356,5.023068688502765,BOTSWANA_GHANZI_GHANZI_NCOJANE,Botswana,5.023108652416951,3.9963914185925375e-5,WWT
0357,5.607733475433806,BOTSWANA_GHANZI_GHANZI_NEW XADE,Botswana,5.607797486798534,6.401136472788949e-5,WWT
0358,5.038110100464148,BOTSWANA_GHANZI_GHANZI_NEW XANAGAS,Botswana,5.038155016829344,4.491636519610154e-5,WWT
0359,5.952818526780804,BOTSWANA_GHANZI_GHANZI_QABO,Botswana,5.952862672898462,4.414611765835019e-5,WWT
0360,5.16800272110035,BOTSWANA_GHANZI_GHANZI_TSOOTSHA,Botswana,5.168059833417213,5.7112316863339174e-5,WWT
0361,5.514009377968959,BOTSWANA_GHANZI_GHANZI_WEST HANAHAI,Botswana,5.514063754058293,5.437608933434035e-5,WWT
0362,9.660675359864863,BOTSWANA_JWANENG_JWANENG_JWANENG,Botswana,9.661030053118843,3.5469325398018725e-4,WWT
0363,5.531375584283035,BOTSWANA_KGALAGADI_KGALAGADI NORTH_HUKUNTSI,Botswana,5.531451998554022,7.641427098725728e-5,WWT
0364,5.661961869988605,BOTSWANA_KGALAGADI_KGALAGADI NORTH_HUNHUKWE,Botswana,5.662014932070361,5.306208175603899e-5,WWT
0365,6.334675472360917,BOTSWANA_KGALAGADI_KGALAGADI NORTH_INALEGOLO,Botswana,6.334752995580033,7.752321911524973e-5,WWT
0366,5.9921046193669,BOTSWANA_KGALAGADI_KGALAGADI NORTH_KANG,Botswana,5.992181964103915,7.73447370150393e-5,WWT
0367,5.749563990853289,BOTSWANA_KGALAGADI_KGALAGADI NORTH_LEHUTUTU,Botswana,5.749626289075746,6.22982224562918e-5,WWT
0368,5.578114970318723,BOTSWANA_KGALAGADI_KGALAGADI NORTH_LOKGWABE,Botswana,5.578190915630181,7.594531145738159e-5,WWT
0369,5.8046041979033784,BOTSWANA_KGALAGADI_KGALAGADI NORTH_MAKE,Botswana,5.80466286031278,5.866240940122225e-5,WWT
0370,5.647515219623193,BOTSWANA_KGALAGADI_KGALAGADI NORTH_MONONG,Botswana,5.6475681075267445,5.2887903551734894e-5,WWT
0371,5.56859130570505,BOTSWANA_KGALAGADI_KGALAGADI NORTH_NCAANG,Botswana,5.568637016005214,4.57103001636483e-5,WWT
0372,5.634731893650152,BOTSWANA_KGALAGADI_KGALAGADI NORTH_NGWATLE,Botswana,5.6347780506910325,4.61570408809564e-5,WWT
0373,6.197989037942125,BOTSWANA_KGALAGADI_KGALAGADI NORTH_PHUDUHUDU,Botswana,6.198061490173298,7.245223117369193e-5,WWT
0374,5.70555096099935,BOTSWANA_KGALAGADI_KGALAGADI NORTH_TSHANE,Botswana,5.705616955290862,6.599429151243896e-5,WWT
0375,5.760739972892552,BOTSWANA_KGALAGADI_KGALAGADI NORTH_UKWI,Botswana,5.760782157060336,4.218416778378753e-5,WWT
0376,5.210365655032404,BOTSWANA_KGALAGADI_KGALAGADI NORTH_ZUTSWA,Botswana,5.210416755824043,5.110079163905823e-5,WWT
0377,6.4345177727855605,BOTSWANA_KGALAGADI_KGALAGADI SOUTH_BOGOGOBO,Botswana,6.434629360790501,1.1158800494026622e-4,WWT
0378,5.45173400465578,BOTSWANA_KGALAGADI_KGALAGADI SOUTH_BOKSPITS,Botswana,5.451795446109644,6.14414538642194e-5,WWT
0379,9.930875801372373,BOTSWANA_KGALAGADI_KGALAGADI SOUTH_BRAY,Botswana,9.931042663323112,1.6686195073845056e-4,WWT
0380,5.919420593888062,BOTSWANA_KGALAGADI_KGALAGADI SOUTH_GACHIBANA,Botswana,5.919509961037872,8.936714981011562e-5,WWT
0381,6.874282287555005,BOTSWANA_KGALAGADI_KGALAGADI SOUTH_KHISA,Botswana,6.874386140663537,1.0385310853244789e-4,WWT
0382,6.454849630926985,BOTSWANA_KGALAGADI_KGALAGADI SOUTH_KHUIS,Botswana,6.454955770260421,1.0613933343606163e-4,WWT
0383,5.607741867320502,BOTSWANA_KGALAGADI_KGALAGADI SOUTH_KHWAWA,Botswana,5.60782398185093,8.211453042772376e-5,WWT
0384,7.634286427369539,BOTSWANA_KGALAGADI_KGALAGADI SOUTH_KOKOTSHA,Botswana,7.634399071974548,1.1264460500903795e-4,WWT
0385,6.41282380655553,BOTSWANA_KGALAGADI_KGALAGADI SOUTH_KOLONKWANE,Botswana,6.412933718308473,1.0991175294261524e-4,WWT
0386,7.401694558559463,BOTSWANA_KGALAGADI_KGALAGADI SOUTH_MAKOPONG,Botswana,7.401811721592777,1.1716303331432698e-4,WWT
0387,6.87161715758982,BOTSWANA_KGALAGADI_KGALAGADI SOUTH_MALESHE,Botswana,6.871729678916527,1.1252132670680481e-4,WWT
0388,6.968007673954777,BOTSWANA_KGALAGADI_KGALAGADI SOUTH_MARALALENG,Botswana,6.968121255102781,1.1358114800330554e-4,WWT
0389,6.2319472016068795,BOTSWANA_KGALAGADI_KGALAGADI SOUTH_MAUBELO,Botswana,6.232031271559815,8.406995293519515e-5,WWT
0390,6.4427986111891675,BOTSWANA_KGALAGADI_KGALAGADI SOUTH_MIDDLEPITS,Botswana,6.442908944873287,1.1033368411972333e-4,WWT
0391,8.691762721483308,BOTSWANA_KGALAGADI_KGALAGADI SOUTH_MOLOPO FARMS,Botswana,8.691935542892505,1.728214091976099e-4,WWT
0392,6.917938185556851,BOTSWANA_KGALAGADI_KGALAGADI SOUTH_OMAWENENO,Botswana,6.91804645891937,1.0827336251928443e-4,WWT
0393,6.985054474865772,BOTSWANA_KGALAGADI_KGALAGADI SOUTH_PHEPHENG/DRAAIHOEK,Botswana,6.98515632117956,1.0184631378784559e-4,WWT
0394,5.474116302709085,BOTSWANA_KGALAGADI_KGALAGADI SOUTH_RAPPLES PAN,Botswana,5.474193251787387,7.694907830213538e-5,WWT
0395,4.865823803644723,BOTSWANA_KGALAGADI_KGALAGADI SOUTH_STRUIZENDAM,Botswana,4.865890507170356,6.670352563276083e-5,WWT
0396,7.22345441832333,BOTSWANA_KGALAGADI_KGALAGADI SOUTH_TSABONG,Botswana,7.223751681412747,2.9726308941668833e-4,WWT
0397,5.2581519383357325,BOTSWANA_KGALAGADI_KGALAGADI SOUTH_VAALHOEK,Botswana,5.258225493403752,7.355506801953737e-5,WWT
0398,7.199405259676669,BOTSWANA_KGALAGADI_KGALAGADI SOUTH_WERDA,Botswana,7.199520075251445,1.1481557477566184e-4,WWT
0399,12.119349533427629,BOTSWANA_KGATLENG_KGATLENG_ARTISIA,Botswana,12.119705103552137,3.5557012450837533e-4,WWT
0400,13.385636522532614,BOTSWANA_KGATLENG_KGATLENG_BOKAA,Botswana,13.386612558461747,9.7603592913309e-4,WWT
0401,11.358693898202521,BOTSWANA_KGATLENG_KGATLENG_DIKGONNYE,Botswana,11.359064331108495,3.704329059743827e-4,WWT
0402,14.087651760697725,BOTSWANA_KGATLENG_KGATLENG_DIKWIDIDI,Botswana,14.088322259155053,6.704984573282502e-4,WWT
0403,11.34706126696966,BOTSWANA_KGATLENG_KGATLENG_KGOMODIATSHABA,Botswana,11.347380375314131,3.1910834447046454e-4,WWT
0404,10.346325524401157,BOTSWANA_KGATLENG_KGATLENG_KHURUTSHE,Botswana,10.346582217463695,2.566930625373942e-4,WWT
0405,11.360248679693479,BOTSWANA_KGATLENG_KGATLENG_LESHIBITSE,Botswana,11.360559835995897,3.111563024180697e-4,WWT
0406,14.407438579603756,BOTSWANA_KGATLENG_KGATLENG_MABALANE,Botswana,14.40802729705913,5.887174553738106e-4,WWT
0407,13.983694510892063,BOTSWANA_KGATLENG_KGATLENG_MALOLWANE,Botswana,13.984197566844273,5.030559522101186e-4,WWT
0408,12.657004214772387,BOTSWANA_KGATLENG_KGATLENG_MALOTWANA SIDING,Botswana,12.657622617128677,6.184023562898489e-4,WWT
0409,14.043156540402302,BOTSWANA_KGATLENG_KGATLENG_MATEBELENG,Botswana,14.044184685324373,0.0010281449220705952,WWT
0410,14.77885599035765,BOTSWANA_KGATLENG_KGATLENG_MMATHUBUDUKWANE,Botswana,14.77940741480706,5.514244494104759e-4,WWT
0411,13.018964671835693,BOTSWANA_KGATLENG_KGATLENG_MOCHUDI,Botswana,13.019396365591682,4.316937559885048e-4,WWT
0412,14.330187994026295,BOTSWANA_KGATLENG_KGATLENG_MODIPANE,Botswana,14.330911802836702,7.238088104077889e-4,WWT
0413,13.904750090446045,BOTSWANA_KGATLENG_KGATLENG_MORWA,Botswana,13.905699876436163,9.497859901177463e-4,WWT
0414,13.551644749692493,BOTSWANA_KGATLENG_KGATLENG_OLIPHANTS DRIFT,Botswana,13.552028355119651,3.836054271584288e-4,WWT
0415,14.340287249420768,BOTSWANA_KGATLENG_KGATLENG_OODI,Botswana,14.34118284348611,8.955940653407879e-4,WWT
0416,13.415063418759265,BOTSWANA_KGATLENG_KGATLENG_PILANE STATION,Botswana,13.415899047177607,8.356284183417273e-4,WWT
0417,14.55153312785394,BOTSWANA_KGATLENG_KGATLENG_RAMONAKA,Botswana,14.552058797040395,5.256691864552465e-4,WWT
0418,12.199816975603344,BOTSWANA_KGATLENG_KGATLENG_RAMOTLABAKI,Botswana,12.200154375862327,3.374002589833225e-4,WWT
0419,12.262874527610819,BOTSWANA_KGATLENG_KGATLENG_RASESA,Botswana,12.263574768494475,7.002408836562779e-4,WWT
0420,14.506200029474407,BOTSWANA_KGATLENG_KGATLENG_SIKWANE,Botswana,14.506755603139531,5.555736651245979e-4,WWT
0421,17.579530724899534,BOTSWANA_KWENENG_KWENENG EAST_BDF MOGODITSHANE,Botswana,17.58432784570704,0.004797120807506161,WWT
0422,9.722748263243366,BOTSWANA_KWENENG_KWENENG EAST_BOATLANAME,Botswana,9.722985212723962,2.3694948059649334e-4,WWT
0423,11.71007764813247,BOTSWANA_KWENENG_KWENENG EAST_DIKGATLHONG,Botswana,11.710695279727107,6.176315946362365e-4,WWT
0424,11.755227387223915,BOTSWANA_KWENENG_KWENENG EAST_DITSHUKUDU,Botswana,11.75587904251001,6.516552860951208e-4,WWT
0425,13.631195423521818,BOTSWANA_KWENENG_KWENENG EAST_GABANE,Botswana,13.632684058895085,0.0014886353732670443,WWT
0426,12.163102147712559,BOTSWANA_KWENENG_KWENENG EAST_GAKGATLA,Botswana,12.163857390431374,7.552427188155519e-4,WWT
0427,12.978590733922854,BOTSWANA_KWENENG_KWENENG EAST_GAKUTLO,Botswana,12.979950839475503,0.0013601055526493155,WWT
0428,12.34052167848021,BOTSWANA_KWENENG_KWENENG EAST_GAMODUBU,Botswana,12.341431223243866,9.095447636564558e-4,WWT
0429,10.228554436287052,BOTSWANA_KWENENG_KWENENG EAST_HATSALATLADI,Botswana,10.228887743646562,3.333073595097602e-4,WWT
0430,11.89589306667945,BOTSWANA_KWENENG_KWENENG EAST_KGOPE,Botswana,11.896475353108547,5.822864290969676e-4,WWT
0431,12.489530499128618,BOTSWANA_KWENENG_KWENENG EAST_KOPONG,Botswana,12.490424008288352,8.935091597344069e-4,WWT
0432,11.25365901031663,BOTSWANA_KWENENG_KWENENG EAST_KUBUNG,Botswana,11.254242727565794,5.837172491638398e-4,WWT
0433,14.16846560395901,BOTSWANA_KWENENG_KWENENG EAST_KUMAKWANE,Botswana,14.169905477439237,0.001439873480226339,WWT
0434,9.950221281184662,BOTSWANA_KWENENG_KWENENG EAST_KWENENG,Botswana,9.950486491869956,2.652106852938374e-4,WWT
0435,11.331499093394296,BOTSWANA_KWENENG_KWENENG EAST_LENTSWELETAU,Botswana,11.33196864216245,4.6954876815341606e-4,WWT
0436,8.968551767219457,BOTSWANA_KWENENG_KWENENG EAST_LEOLOGANE,Botswana,8.968785965382255,2.341981627971279e-4,WWT
0437,9.290167177162651,BOTSWANA_KWENENG_KWENENG EAST_LEPHEPHE,Botswana,9.290399606353418,2.3242919076693624e-4,WWT
0438,11.143212714385855,BOTSWANA_KWENENG_KWENENG EAST_LOSILAKGOKONG,Botswana,11.14378759803143,5.748836455747863e-4,WWT
0439,11.334802077412977,BOTSWANA_KWENENG_KWENENG EAST_MAHETLWE,Botswana,11.335506175785873,7.040983728963113e-4,WWT
0440,10.578082922707821,BOTSWANA_KWENENG_KWENENG EAST_MEDIE,Botswana,10.578407775562695,3.24852854873825e-4,WWT
0441,15.897042062619215,BOTSWANA_KWENENG_KWENENG EAST_METSIMOTLHABE,Botswana,15.90083059741602,0.0037885347968042993,WWT
0442,13.475820681393767,BOTSWANA_KWENENG_KWENENG EAST_MMANKGODI,Botswana,13.476979394391332,0.0011587129975652033,WWT
0443,11.919256325464815,BOTSWANA_KWENENG_KWENENG EAST_MMANOKO,Botswana,11.920033982961286,7.776574964708516e-4,WWT
0444,13.823966982907386,BOTSWANA_KWENENG_KWENENG EAST_MMATSETA,Botswana,13.826195009999509,0.002228027092122886,WWT
0445,13.93339238494745,BOTSWANA_KWENENG_KWENENG EAST_MMOPANE,Botswana,13.935412678797409,0.002020293849959387,WWT
0446,15.348765047493359,BOTSWANA_KWENENG_KWENENG EAST_MOGODITSHANE,Botswana,15.351678430816932,0.002913383323573271,WWT
0447,10.965761272481755,BOTSWANA_KWENENG_KWENENG EAST_MOGONONO,Botswana,10.966412505592318,6.512331105632541e-4,WWT
0448,15.432706799957295,BOTSWANA_KWENENG_KWENENG EAST_MOKOLODI,Botswana,15.43507260253238,0.0023658025750847855,WWT
0449,11.322435596643178,BOTSWANA_KWENENG_KWENENG EAST_MOLEPOLOLE,Botswana,11.323122904978156,6.873083349780984e-4,WWT
0450,13.42459112069253,BOTSWANA_KWENENG_KWENENG EAST_RAMAPHATLE,Botswana,13.42569445514884,0.0011033344563102787,WWT
0451,9.227808063536326,BOTSWANA_KWENENG_KWENENG EAST_SHADISHADI,Botswana,9.228050523472067,2.424599357411239e-4,WWT
0452,9.3126817162077,BOTSWANA_KWENENG_KWENENG EAST_SOJWE,Botswana,9.31299588908369,3.141728759885609e-4,WWT
0453,12.1197118154078,BOTSWANA_KWENENG_KWENENG EAST_THAMAGA,Botswana,12.120487423214968,7.756078071672334e-4,WWT
0454,13.665359666943697,BOTSWANA_KWENENG_KWENENG EAST_TLOANENG,Botswana,13.666641874062268,0.001282207118570966,WWT
0455,9.349332514289218,BOTSWANA_KWENENG_KWENENG WEST_BOTLHAPATLOU,Botswana,9.349597912504578,2.6539821535997987e-4,WWT
0456,8.86695915154462,BOTSWANA_KWENENG_KWENENG WEST_DIPHUDUHUDU,Botswana,8.867156145325044,1.9699378042403737e-4,WWT
0457,9.467022799107905,BOTSWANA_KWENENG_KWENENG WEST_DITSHEGWANE,Botswana,9.467280304099134,2.5750499122878523e-4,WWT
0458,8.162363559440678,BOTSWANA_KWENENG_KWENENG WEST_DUTLWE,Botswana,8.162474998890538,1.1143944986002907e-4,WWT
0459,6.961542899419828,BOTSWANA_KWENENG_KWENENG WEST_KAUDWANE,Botswana,6.961653015234014,1.1011581418607364e-4,WWT
0460,8.566372285136314,BOTSWANA_KWENENG_KWENENG WEST_KHUDUMELAPYE,Botswana,8.56656492305731,1.9263792099621924e-4,WWT
0461,10.830888502755878,BOTSWANA_KWENENG_KWENENG WEST_KOTOLANAME,Botswana,10.831411817648137,5.233148922592079e-4,WWT
0462,8.860526429322329,BOTSWANA_KWENENG_KWENENG WEST_LETLHAKENG,Botswana,8.860758110621067,2.3168129873774035e-4,WWT
0463,8.396433108005388,BOTSWANA_KWENENG_KWENENG WEST_MABOANE,Botswana,8.396587215820926,1.5410781553804043e-4,WWT
0464,9.797466873716873,BOTSWANA_KWENENG_KWENENG WEST_MALWELWE,Botswana,9.797793670273737,3.26796556864295e-4,WWT
0465,9.493237830945928,BOTSWANA_KWENENG_KWENENG WEST_MANTSHWABISI,Botswana,9.493504984895242,2.6715394931464687e-4,WWT
0466,9.277802863000195,BOTSWANA_KWENENG_KWENENG WEST_MARATSHWANE,Botswana,9.278061920841026,2.590578408305788e-4,WWT
0467,8.659400184175965,BOTSWANA_KWENENG_KWENENG WEST_METSIBOTLHOKO,Botswana,8.659589816578668,1.8963240270331028e-4,WWT
0468,9.732098755412219,BOTSWANA_KWENENG_KWENENG WEST_MONWANE,Botswana,9.732433688246118,3.34932833899515e-4,WWT
0469,9.94701728982997,BOTSWANA_KWENENG_KWENENG WEST_MOSHAWENG,Botswana,9.94737138450863,3.540946786593224e-4,WWT
0470,7.666010263832845,BOTSWANA_KWENENG_KWENENG WEST_MOTOKWE,Botswana,7.666095641713447,8.537788060181128e-5,WWT
0471,8.35766338486701,BOTSWANA_KWENENG_KWENENG WEST_NGWARE,Botswana,8.357831529811236,1.6814494422590087e-4,WWT
0472,7.524475518768902,BOTSWANA_KWENENG_KWENENG WEST_SALAJWE,Botswana,7.524598920197463,1.2340142856093195e-4,WWT
0473,9.75598523222342,BOTSWANA_KWENENG_KWENENG WEST_SERINANE,Botswana,9.756281283393577,2.960511701566304e-4,WWT
0474,8.951980083412655,BOTSWANA_KWENENG_KWENENG WEST_SESUNG,Botswana,8.95219434773258,2.1426431992388473e-4,WWT
0475,7.834186435866528,BOTSWANA_KWENENG_KWENENG WEST_SORILATHOLO,Botswana,7.834328604768743,1.4216890221518952e-4,WWT
0476,7.931408416065766,BOTSWANA_KWENENG_KWENENG WEST_TAKATOKWANE,Botswana,7.931527715262597,1.1929919683062451e-4,WWT
0477,10.087739678880755,BOTSWANA_KWENENG_KWENENG WEST_THEBEPHATSHWA,Botswana,10.08814880755591,4.091286751553014e-4,WWT
0478,7.686646502867697,BOTSWANA_KWENENG_KWENENG WEST_TSETSENG,Botswana,7.686722381459111,7.587859141366948e-5,WWT
0479,7.8849395435445295,BOTSWANA_KWENENG_KWENENG WEST_TSWAANE,Botswana,7.885029567909243,9.002436471305941e-5,WWT
0480,14.724367207581233,BOTSWANA_LOBATSE_LOBATSE_LOBATSE,Botswana,14.725819428972432,0.00145222139119916,WWT
0481,9.260448061668587,BOTSWANA_NORTH EAST_NORTH EAST_BOTALAOTE,Botswana,9.260720715291653,2.726536230657217e-4,WWT
0482,9.956715741872513,BOTSWANA_NORTH EAST_NORTH EAST_BUTALE,Botswana,9.957120134964844,4.043930923316452e-4,WWT
0483,9.781216154860182,BOTSWANA_NORTH EAST_NORTH EAST_DITLADI,Botswana,9.781738089750544,5.219348903615639e-4,WWT
0484,9.372583754044287,BOTSWANA_NORTH EAST_NORTH EAST_GAMBULE,Botswana,9.372890626408502,3.0687236421478303e-4,WWT
0485,9.272383105480424,BOTSWANA_NORTH EAST_NORTH EAST_GULUBANE,Botswana,9.272712258001727,3.291525213029445e-4,WWT
0486,9.413820196998428,BOTSWANA_NORTH EAST_NORTH EAST_GUNGWE,Botswana,9.414136435919403,3.162389209752092e-4,WWT
0487,9.462328093777664,BOTSWANA_NORTH EAST_NORTH EAST_HASKINS FARM,Botswana,9.462684134013564,3.5604023589996814e-4,WWT
0488,10.542314730980614,BOTSWANA_NORTH EAST_NORTH EAST_JACKALAS 1,Botswana,10.542930937701854,6.162067212400757e-4,WWT
0489,9.64075292785771,BOTSWANA_NORTH EAST_NORTH EAST_JACKALAS 2,Botswana,9.641126713056533,3.7378519882302896e-4,WWT
0490,9.700993152834647,BOTSWANA_NORTH EAST_NORTH EAST_JOHANNES KACHEJOHN,Botswana,9.701436829091566,4.4367625691954515e-4,WWT
0491,9.380175658382448,BOTSWANA_NORTH EAST_NORTH EAST_KALAKAMATI,Botswana,9.380466319980862,2.906615984130667e-4,WWT
0492,10.18723871810929,BOTSWANA_NORTH EAST_NORTH EAST_KGARI,Botswana,10.1877663253541,5.276072448108238e-4,WWT
0493,9.555373330133758,BOTSWANA_NORTH EAST_NORTH EAST_LETSHOLATHEBE,Botswana,9.555720573716147,3.4724358238946706e-4,WWT
0494,9.684277404448842,BOTSWANA_NORTH EAST_NORTH EAST_MABUDZANE,Botswana,9.684652351077045,3.7494662820236613e-4,WWT
0495,9.224038871480136,BOTSWANA_NORTH EAST_NORTH EAST_MAKALENG,Botswana,9.22432729057753,2.884190973944101e-4,WWT
0496,9.333012983925087,BOTSWANA_NORTH EAST_NORTH EAST_MAMBO,Botswana,9.33331951426267,3.0653033758198944e-4,WWT
0497,10.510996153589572,BOTSWANA_NORTH EAST_NORTH EAST_MAPOKA,Botswana,10.511553837800685,5.576842111132407e-4,WWT
0498,9.288642023754269,BOTSWANA_NORTH EAST_NORTH EAST_MASINGWANENG,Botswana,9.288946423196943,3.0439944267435237e-4,WWT
0499,10.134825692521032,BOTSWANA_NORTH EAST_NORTH EAST_MASUKWANE,Botswana,10.135207742491978,3.820499709465963e-4,WWT
0500,9.870231809425231,BOTSWANA_NORTH EAST_NORTH EAST_MASUNGA,Botswana,9.87062532507517,3.9351564993950205e-4,WWT
0501,9.36175483657417,BOTSWANA_NORTH EAST_NORTH EAST_MATENGE,Botswana,9.362045073020997,2.902364468280183e-4,WWT
0502,9.875048698308046,BOTSWANA_NORTH EAST_NORTH EAST_MATSHELAGABEDI,Botswana,9.875580232599638,5.315342915928056e-4,WWT
0503,9.986827324467395,BOTSWANA_NORTH EAST_NORTH EAST_MATSILOJE,Botswana,9.987251601125335,4.2427665793987046e-4,WWT
0504,9.367451229999496,BOTSWANA_NORTH EAST_NORTH EAST_MBALAMBI,Botswana,9.36774704793292,2.958179334235922e-4,WWT
0505,10.56237943474919,BOTSWANA_NORTH EAST_NORTH EAST_MOROKA,Botswana,10.562953744344412,5.74309595222644e-4,WWT
0506,10.187223559441545,BOTSWANA_NORTH EAST_NORTH EAST_MOSOJANE,Botswana,10.187620406223768,3.968467822232924e-4,WWT
0507,9.865250141628364,BOTSWANA_NORTH EAST_NORTH EAST_MOWANA,Botswana,9.865640809786544,3.906681581806737e-4,WWT
0508,10.011554812382773,BOTSWANA_NORTH EAST_NORTH EAST_MULAMBAKWENA,Botswana,10.011930329796144,3.7551741337082944e-4,WWT
0509,10.501814442554505,BOTSWANA_NORTH EAST_NORTH EAST_NLAKHWANE,Botswana,10.50222568511942,4.112425649154261e-4,WWT
0510,9.81580853804508,BOTSWANA_NORTH EAST_NORTH EAST_PATAYAMATEBELE,Botswana,9.816200521546893,3.919835018137974e-4,WWT
0511,10.432973672960205,BOTSWANA_NORTH EAST_NORTH EAST_POLE,Botswana,10.433378725330586,4.050523703806874e-4,WWT
0512,10.42643358328836,BOTSWANA_NORTH EAST_NORTH EAST_RAMOKGWEBANA,Botswana,10.427003319924141,5.69736635782192e-4,WWT
0513,9.379573447185233,BOTSWANA_NORTH EAST_NORTH EAST_SECHELE,Botswana,9.379891554408804,3.1810722357050736e-4,WWT
0514,9.400672808185806,BOTSWANA_NORTH EAST_NORTH EAST_SEKAKANGWE,Botswana,9.400961166550161,2.883583643544796e-4,WWT
0515,9.79436692871946,BOTSWANA_NORTH EAST_NORTH EAST_SENYAWE,Botswana,9.794763010321304,3.960816018437896e-4,WWT
0516,10.129359356583269,BOTSWANA_NORTH EAST_NORTH EAST_SHASHE BRIDGE,Botswana,10.130070859820837,7.115032375679675e-4,WWT
0517,9.819223127368048,BOTSWANA_NORTH EAST_NORTH EAST_SIVIYA,Botswana,9.81963465287083,4.1152550278233946e-4,WWT
0518,9.851530052450846,BOTSWANA_NORTH EAST_NORTH EAST_TATI SIDING,Botswana,9.852175819849077,6.457673982307455e-4,WWT
0519,9.80817783829645,BOTSWANA_NORTH EAST_NORTH EAST_THEMASHANGA,Botswana,9.808558559787603,3.807214911528689e-4,WWT
0520,9.163266302714213,BOTSWANA_NORTH EAST_NORTH EAST_TOTENG,Botswana,9.163542689485741,2.76386771528081e-4,WWT
0521,9.907039447351213,BOTSWANA_NORTH EAST_NORTH EAST_TSAMAYA,Botswana,9.907432480095306,3.930327440926362e-4,WWT
0522,9.977584801845248,BOTSWANA_NORTH EAST_NORTH EAST_TSHESEBE,Botswana,9.977979897089284,3.9509524403591456e-4,WWT
0523,9.4221480399763191,BOTSWANA_NORTH EAST_NORTH EAST_VUKWI,Botswana,9.422458963167324,3.1092319100523014e-4,WWT
0524,10.205050759911558,BOTSWANA_NORTH EAST_NORTH EAST_ZWENSHAMBE,Botswana,10.205440647919541,3.898880079837852e-4,WWT
0525,8.11689376513172,BOTSWANA_NORTH WEST_NGAMILAND DELTA_NGAMILAND DELTA,Botswana,8.116949851562264,5.6086430543444976e-5,WWT
0526,6.574408533656554,BOTSWANA_NORTH WEST_NGAMILAND EAST_BODIBENG,Botswana,6.574484265914252,7.573225769874625e-5,WWT
0527,6.535593602735282,BOTSWANA_NORTH WEST_NGAMILAND EAST_BOTLHATLOGO,Botswana,6.53566428154981,7.067881452815783e-5,WWT
0528,7.3386828529319015,BOTSWANA_NORTH WEST_NGAMILAND EAST_CHANOGA,Botswana,7.338765561800238,8.270886833638968e-5,WWT
0529,7.548320100249958,BOTSWANA_NORTH WEST_NGAMILAND EAST_HABU,Botswana,7.548387988123619,6.788787366129867e-5,WWT
0530,6.366851063376244,BOTSWANA_NORTH WEST_NGAMILAND EAST_KARENG,Botswana,6.366905195509777,5.41321335330025e-5,WWT
0531,6.5742501506060025,BOTSWANA_NORTH WEST_NGAMILAND EAST_KGAKGE/MAKAKUNG,Botswana,6.574311034497566,6.088389156388985e-5,WWT
0532,7.896856927331264,BOTSWANA_NORTH WEST_NGAMILAND EAST_KOMANA,Botswana,7.896917159904666,6.023257340181942e-5,WWT
0533,9.164553175416563,BOTSWANA_NORTH WEST_NGAMILAND EAST_MABABE,Botswana,9.164631039699557,7.786428299461079e-5,WWT
0534,7.287822851360396,BOTSWANA_NORTH WEST_NGAMILAND EAST_MAKALAMABEDI,Botswana,7.287883291846722,6.044048632602994e-5,WWT
0535,7.757454432602589,BOTSWANA_NORTH WEST_NGAMILAND EAST_MATLAPANA,Botswana,7.757600781063134,1.4634846054484285e-4,WWT
0536,7.816476537443587,BOTSWANA_NORTH WEST_NGAMILAND EAST_MATSAUDI/SAKAPNAE,Botswana,7.816555428462895,7.889101930746989e-5,WWT
0537,8.568538035349496,BOTSWANA_NORTH WEST_NGAMILAND EAST_MAUN,Botswana,8.568634934250161,9.689890066510998e-5,WWT
0538,9.538673350807255,BOTSWANA_NORTH WEST_NGAMILAND EAST_PHUDUHUDU,Botswana,9.538804710286158,1.3135947890319244e-4,WWT
0539,9.431566082396255,BOTSWANA_NORTH WEST_NGAMILAND EAST_SANKUYO,Botswana,9.431638505762606,7.242336635115976e-5,WWT
0540,6.824639487182187,BOTSWANA_NORTH WEST_NGAMILAND EAST_SEHITHWA,Botswana,6.824703094960688,6.360777850034083e-5,WWT
0541,6.800484469826655,BOTSWANA_NORTH WEST_NGAMILAND EAST_SEMBOYO,Botswana,6.800541174282511,5.670445585614914e-5,WWT
0542,8.526716873273429,BOTSWANA_NORTH WEST_NGAMILAND EAST_SHOROBE,Botswana,8.526787144804334,7.027153090533034e-5,WWT
0543,7.236707529210026,BOTSWANA_NORTH WEST_NGAMILAND EAST_TOTENG,Botswana,7.236766587301038,5.905809101225401e-5,WWT
0544,7.208270630160676,BOTSWANA_NORTH WEST_NGAMILAND EAST_TSAO,Botswana,7.2083352309732955,6.460081261927542e-5,WWT
0545,9.246084946317865,BOTSWANA_NORTH WEST_NGAMILAND WEST_BEETSHA,Botswana,9.246148639466682,6.369314881737864e-5,WWT
0546,8.874051819496037,BOTSWANA_NORTH WEST_NGAMILAND WEST_CHUKUMUCHU,Botswana,8.87414785646769,9.603697165339042e-5,WWT
0547,8.327466827706257,BOTSWANA_NORTH WEST_NGAMILAND WEST_ERETSHA,Botswana,8.32752523622101,5.840851475369391e-5,WWT
0548,10.97862785029162,BOTSWANA_NORTH WEST_NGAMILAND WEST_ETSHA 1,Botswana,10.978671602339677,4.3752048057399406e-5,WWT
0549,9.821680486822915,BOTSWANA_NORTH WEST_NGAMILAND WEST_ETSHA 13,Botswana,9.821789732522806,1.0924569989079203e-4,WWT
0550,11.6223001026925,BOTSWANA_NORTH WEST_NGAMILAND WEST_ETSHA 6,Botswana,11.622337056515207,3.695382270585412e-5,WWT
0551,9.86481425103674,BOTSWANA_NORTH WEST_NGAMILAND WEST_GANI,Botswana,9.864901854775743,8.76037390025175e-5,WWT
0552,8.355426081392473,BOTSWANA_NORTH WEST_NGAMILAND WEST_GONUTSUGA,Botswana,8.35549375512228,6.767372980753805e-5,WWT
0553,11.155394866321053,BOTSWANA_NORTH WEST_NGAMILAND WEST_GUDINGWA,Botswana,11.155474107494562,7.924117350910365e-5,WWT
0554,8.973960799938325,BOTSWANA_NORTH WEST_NGAMILAND WEST_GUMARE,Botswana,8.974158395899511,1.9759596118618106e-4,WWT
0555,8.311482408216554,BOTSWANA_NORTH WEST_NGAMILAND WEST_IKOGA,Botswana,8.311561386007718,7.897779116383674e-5,WWT
0556,9.195094008631246,BOTSWANA_NORTH WEST_NGAMILAND WEST_KAJAJA,Botswana,9.19523035613911,1.3634750786373218e-4,WWT
0557,9.519591625048813,BOTSWANA_NORTH WEST_NGAMILAND WEST_KAUXWHI,Botswana,9.519667434009119,7.580896030567885e-5,WWT
0558,7.962405590507199,BOTSWANA_NORTH WEST_NGAMILAND WEST_MOGOMOTHO,Botswana,7.962464938830303,5.934832310394711e-5,WWT
0559,13.586263640403486,BOTSWANA_NORTH WEST_NGAMILAND WEST_MOHEMBO EAST,Botswana,13.586273528744346,9.888340860797484e-6,WWT
0560,10.502707464205397,BOTSWANA_NORTH WEST_NGAMILAND WEST_MOHEMBO WEST,Botswana,10.502759758679094,5.229447369714535e-5,WWT
0561,8.39255338530039,BOTSWANA_NORTH WEST_NGAMILAND WEST_MOKGACHA,Botswana,8.392618557753826,6.517245343573563e-5,WWT
0562,8.74996739069341,BOTSWANA_NORTH WEST_NGAMILAND WEST_NGARANGE,Botswana,8.75010196017911,1.3456948570045313e-4,WWT
0563,8.001929296076925,BOTSWANA_NORTH WEST_NGAMILAND WEST_NOKANENG,Botswana,8.002024552143004,9.525606607851955e-5,WWT
0564,9.318790371214224,BOTSWANA_NORTH WEST_NGAMILAND WEST_NXAMASERE,Botswana,9.318840703574264,5.033236003981756e-5,WWT
0565,16.351448048780306,BOTSWANA_NORTH WEST_NGAMILAND WEST_NXAUNXAU,Botswana,16.351472241170164,2.4192389858512797e-5,WWT
0566,8.839818195330512,BOTSWANA_NORTH WEST_NGAMILAND WEST_QANGWA,Botswana,8.839877720980727,5.9525650215164205e-5,WWT
0567,10.313812703964523,BOTSWANA_NORTH WEST_NGAMILAND WEST_SAMOCHEMA,Botswana,10.313882717916073,7.001395155015189e-5,WWT
0568,8.342257339750343,BOTSWANA_NORTH WEST_NGAMILAND WEST_SEKONDOMBORO,Botswana,8.34234172767895,8.438792860587796e-5,WWT
0569,8.916340612383301,BOTSWANA_NORTH WEST_NGAMILAND WEST_SEPOPA,Botswana,8.916483933151778,1.4332076847622943e-4,WWT
0570,8.05034757117323,BOTSWANA_NORTH WEST_NGAMILAND WEST_SERONGA,Botswana,8.05040912585245,6.155467922042135e-5,WWT
0571,10.512133404213131,BOTSWANA_NORTH WEST_NGAMILAND WEST_SHAKAWE,Botswana,10.512194339130252,6.093491712100274e-5,WWT
0572,9.297082625643219,BOTSWANA_NORTH WEST_NGAMILAND WEST_TUBU,Botswana,9.297165055199647,8.242955642856487e-5,WWT
0573,10.084595634875747,BOTSWANA_NORTH WEST_NGAMILAND WEST_XAKAO,Botswana,10.084709220399986,1.135855242395678e-4,WWT
0574,6.301409285255376,BOTSWANA_NORTH WEST_NGAMILAND WEST_XAXA,Botswana,6.301454336808741,4.505155336431699e-5,WWT
0575,9.568714860674312,BOTSWANA_NORTH WEST_NGAMILAND WEST_XHAUGA,Botswana,9.56877074497391,5.5884299598574216e-5,WWT
0576,7.999022272930478,BOTSWANA_ORAPA_ORAPA_ORAPA,Botswana,7.99920819483571,1.8592190523136765e-4,WWT
0577,9.939485839557896,BOTSWANA_SELIBE PHIKWE_SELIBE PHIKWE_SELIBE PHIKWE,Botswana,9.940558521389221,0.0010726818313244735,WWT
0578,14.657920730541782,BOTSWANA_SOUTH EAST_SOUTH EAST_DOORN LAAGTE,Botswana,14.65934490483709,0.0014241742953071679,WWT
0579,14.58160200130436,BOTSWANA_SOUTH EAST_SOUTH EAST_HILDAVALE,Botswana,14.582611240885994,0.001009239581634347,WWT
0580,14.276745607679661,BOTSWANA_SOUTH EAST_SOUTH EAST_LOBATSE ESTATES,Botswana,14.277651284580568,9.056769009063714e-4,WWT
0581,14.055700087560837,BOTSWANA_SOUTH EAST_SOUTH EAST_MOGOBANE,Botswana,14.056573405598831,8.733180379945082e-4,WWT
0582,14.276827241516187,BOTSWANA_SOUTH EAST_SOUTH EAST_OTSE,Botswana,14.277749534514687,9.2229299849933e-4,WWT
0583,14.172970802991427,BOTSWANA_SOUTH EAST_SOUTH EAST_RAMOTSWA,Botswana,14.173867288759011,8.964857675834992e-4,WWT
0584,14.32548019795858,BOTSWANA_SOUTH EAST_SOUTH EAST_RAMOTSWA STATION/TAUNG,Botswana,14.326615891616864,0.0011356936582842536,WWT
0585,14.384170853468133,BOTSWANA_SOUTH EAST_SOUTH EAST_TLOKWENG,Botswana,14.385293999498652,0.0011231460305189955,WWT
0586,14.501387783878336,BOTSWANA_SOUTHERN_BAROLONG_BETHEL,Botswana,14.502360616110701,9.728322323656613e-4,WWT
0587,14.108874886581699,BOTSWANA_SOUTHERN_BAROLONG_BOROBADILEPE,Botswana,14.109637197623828,7.623110421288715e-4,WWT
0588,14.24416649557427,BOTSWANA_SOUTHERN_BAROLONG_DIGAWANA,Botswana,14.245217318260567,0.0010508226862970815,WWT
0589,11.659027413574908,BOTSWANA_SOUTHERN_BAROLONG_DIKHUKHUNG,Botswana,11.659513085547514,4.856719726067382e-4,WWT
0590,14.711292077620127,BOTSWANA_SOUTHERN_BAROLONG_DINATSHANA,Botswana,14.712275213211395,9.831355912677253e-4,WWT
0591,13.390483224254051,BOTSWANA_SOUTHERN_BAROLONG_DITLHARAPA,Botswana,13.391165463199133,6.822389450817923e-4,WWT
0592,14.162730913843227,BOTSWANA_SOUTHERN_BAROLONG_GAMAJALELA,Botswana,14.16363150366049,9.005898172631532e-4,WWT
0593,14.24734761633542,BOTSWANA_SOUTHERN_BAROLONG_GATHWANE,Botswana,14.248254395954215,9.067796187949284e-4,WWT
0594,14.064257905550866,BOTSWANA_SOUTHERN_BAROLONG_GOOD HOPE,Botswana,14.065234634516202,9.76728965335738e-4,WWT
0595,14.064380300627807,BOTSWANA_SOUTHERN_BAROLONG_HEBRON,Botswana,14.065119532858454,7.39232230646536e-4,WWT
0596,12.853637339517464,BOTSWANA_SOUTHERN_BAROLONG_KANGWE,Botswana,12.854176547640995,5.392081235306989e-4,WWT
0597,14.327552193540358,BOTSWANA_SOUTHERN_BAROLONG_KGORO,Botswana,14.328569600973173,0.0010174074328155314,WWT
0598,14.355890170285589,BOTSWANA_SOUTHERN_BAROLONG_LEJWANA,Botswana,14.356818099419002,9.279291334127748e-4,WWT
0599,11.986844246829389,BOTSWANA_SOUTHERN_BAROLONG_LEPORUNG,Botswana,11.987361647529987,5.174007005983583e-4,WWT
0600,13.896374271627613,BOTSWANA_SOUTHERN_BAROLONG_LOGAGANE,Botswana,13.897115186451087,7.409148234742702e-4,WWT
0601,13.953465533604536,BOTSWANA_SOUTHERN_BAROLONG_LORWANA,Botswana,13.954321420420456,8.558868159198596e-4,WWT
0602,10.820395381487023,BOTSWANA_SOUTHERN_BAROLONG_MABULE,Botswana,10.820797646986334,4.0226549931077216e-4,WWT
0603,14.365642237850848,BOTSWANA_SOUTHERN_BAROLONG_MADINGWANA,Botswana,14.366472911503244,8.306736523966407e-4,WWT
0604,12.81241859175386,BOTSWANA_SOUTHERN_BAROLONG_MAGORIAPITSE,Botswana,12.813047310389097,6.287186352373908e-4,WWT
0605,14.35152923773111,BOTSWANA_SOUTHERN_BAROLONG_MAKOKWE,Botswana,14.352352393651618,8.231559205071903e-4,WWT
0606,14.26986491435476,BOTSWANA_SOUTHERN_BAROLONG_MALOKAGANYANE,Botswana,14.270791945963268,9.270316085085994e-4,WWT
0607,13.831486180232497,BOTSWANA_SOUTHERN_BAROLONG_MAROJANE,Botswana,13.832181221706024,6.950414735271693e-4,WWT
0608,12.970850468736568,BOTSWANA_SOUTHERN_BAROLONG_METLOBO,Botswana,12.97142067662262,5.702078860512216e-4,WWT
0609,13.77646903231986,BOTSWANA_SOUTHERN_BAROLONG_METLOJANE,Botswana,13.777233442460533,7.644101406736326e-4,WWT
0610,11.420998548743082,BOTSWANA_SOUTHERN_BAROLONG_MMAKGORI,Botswana,11.421454359700837,4.5581095775482083e-4,WWT
0611,12.530800378602,BOTSWANA_SOUTHERN_BAROLONG_MMATHETHE,Botswana,12.531398185333664,5.978067316636526e-4,WWT
0612,13.867327377783784,BOTSWANA_SOUTHERN_BAROLONG_MOGOJOGOJO,Botswana,13.868200660801826,8.732830180413487e-4,WWT
0613,13.532728227948795,BOTSWANA_SOUTHERN_BAROLONG_MOGWALALE,Botswana,13.533477594593204,7.493666444098324e-4,WWT
0614,13.191333071207062,BOTSWANA_SOUTHERN_BAROLONG_MOKATAKO,Botswana,13.191982317843408,6.492466363461347e-4,WWT
0615,12.76644740110523,BOTSWANA_SOUTHERN_BAROLONG_MOKGOMANE,Botswana,12.7670503821645,6.029810592700358e-4,WWT
0616,13.763216379053326,BOTSWANA_SOUTHERN_BAROLONG_MOLETE,Botswana,13.763881415481709,6.650364283835586e-4,WWT
0617,13.455153756916612,BOTSWANA_SOUTHERN_BAROLONG_MOTSENTSHE,Botswana,13.455885654680547,7.318977639343416e-4,WWT
0618,12.428918415349269,BOTSWANA_SOUTHERN_BAROLONG_MUSI,Botswana,12.429486917147367,5.685017980976426e-4,WWT
0619,14.635518188088898,BOTSWANA_SOUTHERN_BAROLONG_NGWATSAU,Botswana,14.636441921784298,9.237336953997755e-4,WWT
0620,14.54981668253714,BOTSWANA_SOUTHERN_BAROLONG_PAPATLO,Botswana,14.550705415839918,8.887333027782773e-4,WWT
0621,14.080801786455595,BOTSWANA_SOUTHERN_BAROLONG_PHIHITSHWANE,Botswana,14.081547545078358,7.457586227630486e-4,WWT
0622,14.599572552622412,BOTSWANA_SOUTHERN_BAROLONG_PITSANA-POTOKWE,Botswana,14.600512234302442,9.396816800304464e-4,WWT
0623,14.71868478186095,BOTSWANA_SOUTHERN_BAROLONG_PITSANE SIDING,Botswana,14.719715346387321,0.0010305645263706253,WWT
0624,12.796406469020534,BOTSWANA_SOUTHERN_BAROLONG_PITSHANE MOLOPO,Botswana,12.797001736061446,5.952670409126171e-4,WWT
0625,14.563846069746678,BOTSWANA_SOUTHERN_BAROLONG_RAKHUNA,Botswana,14.56471371459375,8.676448470730236e-4,WWT
0626,14.517177161836216,BOTSWANA_SOUTHERN_BAROLONG_RAMATLABAMA,Botswana,14.51803093297601,8.53771139794901e-4,WWT
0627,12.886988367494713,BOTSWANA_SOUTHERN_BAROLONG_SEDIBENG,Botswana,12.887585721764163,5.973542694501788e-4,WWT
0628,10.373277443559566,BOTSWANA_SOUTHERN_BAROLONG_SEKHUTLANE,Botswana,10.373589910019529,3.124664599631899e-4,WWT
0629,14.429766485565239,BOTSWANA_SOUTHERN_BAROLONG_SHEEP FARM,Botswana,14.430628653963062,8.621683978233818e-4,WWT
0630,14.796311933765072,BOTSWANA_SOUTHERN_BAROLONG_TLHARESELEELE,Botswana,14.797240347201738,9.284134366662755e-4,WWT
0631,11.130006907205582,BOTSWANA_SOUTHERN_BAROLONG_TSHIDILAMOLOMO,Botswana,11.130410075426333,4.0316822075148195e-4,WWT
0632,11.876776272190211,BOTSWANA_SOUTHERN_BAROLONG_TSWAANENG,Botswana,11.877224248613102,4.4797642289040596e-4,WWT
0633,13.585621603190956,BOTSWANA_SOUTHERN_BAROLONG_TSWAGARE/LOTHOJE/LOKALANA,Botswana,13.586313845083394,6.922418924375506e-4,WWT
0634,13.16495910746364,BOTSWANA_SOUTHERN_BAROLONG_TSWANYANENG,Botswana,13.165608358296868,6.492508332289759e-4,WWT
0635,8.584051185923038,BOTSWANA_SOUTHERN_NGWAKETSE WEST_ITHOLOKE,Botswana,8.584167800902335,1.166149792979354e-4,WWT
0636,7.481318740215104,BOTSWANA_SOUTHERN_NGWAKETSE WEST_KANAKU,Botswana,7.481417057507349,9.831729224440977e-5,WWT
0637,8.171035238859607,BOTSWANA_SOUTHERN_NGWAKETSE WEST_KENG,Botswana,8.17116012652495,1.248876653416886e-4,WWT
0638,7.713256460368735,BOTSWANA_SOUTHERN_NGWAKETSE WEST_KHAKHEA,Botswana,7.713369031375569,1.1257100683437216e-4,WWT
0639,8.170643691526939,BOTSWANA_SOUTHERN_NGWAKETSE WEST_KHONKHWA,Botswana,8.170768359029282,1.246675023427457e-4,WWT
0640,7.207331033206574,BOTSWANA_SOUTHERN_NGWAKETSE WEST_KOKONG,Botswana,7.207419446490985,8.841328441100416e-5,WWT
0641,8.25818605598236,BOTSWANA_SOUTHERN_NGWAKETSE WEST_KUTUKU,Botswana,8.258302074247018,1.1601826465756915e-4,WWT
0642,7.846206166326672,BOTSWANA_SOUTHERN_NGWAKETSE WEST_MABUTSANE,Botswana,7.8463178509020945,1.1168457542254373e-4,WWT
0643,8.419444573536024,BOTSWANA_SOUTHERN_NGWAKETSE WEST_MAHOTSHWANE,Botswana,8.419582842060608,1.3826852458365124e-4,WWT
0644,7.192604994437245,BOTSWANA_SOUTHERN_NGWAKETSE WEST_MORWAMOSU,Botswana,7.192686812815284,8.181837803888925e-5,WWT
0645,8.304102014332315,BOTSWANA_SOUTHERN_NGWAKETSE WEST_SEKOMA,Botswana,8.304240137188739,1.3812285642345046e-4,WWT
0646,10.378204464781662,BOTSWANA_SOUTHERN_SOUTHERN_BETESANKWE,Botswana,10.378618615441324,4.1415065966177167e-4,WWT
0647,13.284641047643973,BOTSWANA_SOUTHERN_SOUTHERN_DIABO,Botswana,13.28535833742372,7.172897797467215e-4,WWT
0648,13.953916465170202,BOTSWANA_SOUTHERN_SOUTHERN_DIPOTSANA,Botswana,13.95469905453411,7.825893639079595e-4,WWT
0649,10.96062556721559,BOTSWANA_SOUTHERN_SOUTHERN_GASITA,Botswana,10.961033924223628,4.0835700803754094e-4,WWT
0650,12.511856582577906,BOTSWANA_SOUTHERN_SOUTHERN_KANYE,Botswana,12.512694574883248,8.379923053425387e-4,WWT
0651,13.932333438635276,BOTSWANA_SOUTHERN_SOUTHERN_KGOMOKASITWA,Botswana,13.933173048456311,8.396098210354808e-4,WWT
0652,9.965724851303852,BOTSWANA_SOUTHERN_SOUTHERN_LEFOKO,Botswana,9.966066633240935,3.417819370827857e-4,WWT
0653,13.531934120920408,BOTSWANA_SOUTHERN_SOUTHERN_LEKGOLOBOTLO,Botswana,13.532846921531938,9.128006115304288e-4,WWT
0654,10.063965628209996,BOTSWANA_SOUTHERN_SOUTHERN_LOROLWANA,Botswana,10.064250381284301,2.847530743057547e-4,WWT
0655,13.310014640819169,BOTSWANA_SOUTHERN_SOUTHERN_LOTLHAKANE,Botswana,13.310820579951642,8.059391324728438e-4,WWT
0656,11.635855260118158,BOTSWANA_SOUTHERN_SOUTHERN_LOTLHAKANE WEST,Botswana,11.63645933988067,6.040797625121996e-4,WWT
0657,13.98218737971834,BOTSWANA_SOUTHERN_SOUTHERN_MAGOTLHWANE,Botswana,13.983020840145421,8.334604270814339e-4,WWT
0658,13.31594988575453,BOTSWANA_SOUTHERN_SOUTHERN_MANYANA,Botswana,13.316919163804378,9.692780498475884e-4,WWT
0659,10.165132827534169,BOTSWANA_SOUTHERN_SOUTHERN_MAOKANE,Botswana,10.165463421625864,3.305940916948913e-4,WWT
0660,13.721269572589192,BOTSWANA_SOUTHERN_SOUTHERN_MOGONYE,Botswana,13.72225385823692,9.842856477284556e-4,WWT
0661,9.358493080138349,BOTSWANA_SOUTHERN_SOUTHERN_MOKHOMBA,Botswana,9.358771404176407,2.7832403805838624e-4,WWT
0662,13.948990870637006,BOTSWANA_SOUTHERN_SOUTHERN_MOLAPOWABOJANG,Botswana,13.949843397567012,8.525269300054816e-4,WWT
0663,11.406599047881139,BOTSWANA_SOUTHERN_SOUTHERN_MOSHANENG,Botswana,11.407141374162096,5.423262809571838e-4,WWT
0664,12.401602538473908,BOTSWANA_SOUTHERN_SOUTHERN_MOSHUPA,Botswana,12.402402525711326,7.999872374178096e-4,WWT
0665,13.478316326164354,BOTSWANA_SOUTHERN_SOUTHERN_NTLHANTLHE,Botswana,13.479123408318857,8.070821545036466e-4,WWT
0666,10.546535574422077,BOTSWANA_SOUTHERN_SOUTHERN_PITSENG,Botswana,10.5469100812037,3.7450678162365136e-4,WWT
0667,10.702845653652254,BOTSWANA_SOUTHERN_SOUTHERN_RALEKGETHO,Botswana,10.703268811428678,4.231577764244321e-4,WWT
0668,13.314289627484866,BOTSWANA_SOUTHERN_SOUTHERN_RANAKA,Botswana,13.315170380556706,8.807530718399903e-4,WWT
0669,12.402057486440837,BOTSWANA_SOUTHERN_SOUTHERN_SEGWAGWA,Botswana,12.402787671275158,7.301848343210793e-4,WWT
0670,10.769982607141584,BOTSWANA_SOUTHERN_SOUTHERN_SEHERELELA,Botswana,10.770388755515805,4.0614837422126016e-4,WWT
0671,11.416111099671708,BOTSWANA_SOUTHERN_SOUTHERN_SELOKOLELA,Botswana,11.416646151184299,5.350515125908117e-4,WWT
0672,8.576483299117006,BOTSWANA_SOUTHERN_SOUTHERN_SEMANE,Botswana,8.57666430298638,1.8100386937369706e-4,WWT
0673,10.055462146681132,BOTSWANA_SOUTHERN_SOUTHERN_SESE,Botswana,10.055819202430035,3.570557489034343e-4,WWT
0674,11.12194875841998,BOTSWANA_SOUTHERN_SOUTHERN_SESUNG,Botswana,11.12241277512891,4.64016708928483e-4,WWT
0675,9.320429861870283,BOTSWANA_SOUTHERN_SOUTHERN_TLHANKANE,Botswana,9.320662646920212,2.327850499295181e-4,WWT
0676,11.400880239836395,BOTSWANA_SOUTHERN_SOUTHERN_TSHWAANE,Botswana,11.401416640006463,5.364001700680632e-4,WWT
0677,10.355508631287876,BOTSWANA_SOUTHERN_SOUTHERN_TSONYANE,Botswana,10.355909385228445,4.007539405694871e-4,WWT
0678,9.220849890765814,BOTSWANA_SOWA TOWN_SOWA TOWN_SOWA TOWN,Botswana,9.2211309428776,2.8105211178619527e-4,WWT
0679,8.573347343678986,BOTSWANA_NORTH WEST_NGAMILAND WEST_TOBERE,Botswana,8.573428099750977,8.075607199131696e-5,WWT
0680,10.119447034131555,BOTSWANA_FRANCISTOWN_FRANCISTOWN_FRANCISTOWN,Botswana,10.120454994406476,0.0010079602749204497,WWT
0681,9.884568142408995,BOTSWANA_NORTH EAST_NORTH EAST_MATOPI,Botswana,9.88493787155654,3.697291475450726e-4,WWT
0682,15.155606716200467,LESOTHO_BEREA,Lesotho,15.15720798167946,0.0016012654789925307,WWT
0683,15.953100470240654,LESOTHO_BUTHA-BUTHE,Lesotho,15.95408711423261,9.866439919559156e-4,WWT
0684,15.496389993774903,LESOTHO_LERIBE,Lesotho,15.49766727521357,0.0012772814386661224,WWT
0685,12.641098243903372,LESOTHO_MAFETENG,Lesotho,12.642319060812394,0.0012208169090222043,WWT
0686,15.062678705840309,LESOTHO_MASERU,Lesotho,15.064613761161919,0.0019350553216099797,WWT
0687,15.523017802634119,LESOTHO_MOHALE'S HOEK,Lesotho,15.524760864750968,0.001743062116849714,WWT
0688,17.07069062470292,LESOTHO_MOKHOTLONG,Lesotho,17.071613608666922,9.229839640028104e-4,WWT
0689,12.713227477547283,LESOTHO_QACHA'S NEK,Lesotho,12.713980664662994,7.531871157109293e-4,WWT
0690,12.997731234354848,LESOTHO_QUTHING,Lesotho,12.99886599234662,0.001134757991771096,WWT
0691,15.078637248766139,LESOTHO_THABA-TSEKA,Lesotho,15.07991841082384,0.001281162057701124,WWT
0692,11.145510256931505,MALAWI_SOUTHERN REGION_BALAKA,Malawi,11.145598430886583,8.817395507776382e-5,WWT
0693,9.631457650939659,MALAWI_SOUTHERN REGION_BLANTYRE,Malawi,9.632379415877942,9.217649382833315e-4,WWT
0694,10.740215997386489,MALAWI_SOUTHERN REGION_BLANTYRE CITY,Malawi,10.740337034490544,1.2103710405497736e-4,WWT
0695,13.055687796356908,MALAWI_SOUTHERN REGION_CHIKWAWA,Malawi,13.055765774279127,7.797792221886368e-5,WWT
0696,11.55123433583481,MALAWI_SOUTHERN REGION_CHIRADZULU,Malawi,11.551363161763955,1.288259291456484e-4,WWT
0697,4.269870113250963,MALAWI_NORTHERN REGION_CHITIPA,Malawi,4.269966310623341,9.61973723780929e-5,WWT
0698,8.468907502828577,MALAWI_CENTRAL REGION_DEDZA,Malawi,8.468986000516468,7.849768789114364e-5,WWT
0699,6.544677529177314,MALAWI_CENTRAL REGION_DOWA,Malawi,6.544714279261154,3.675008384007583e-5,WWT
0700,4.24780707976963,MALAWI_NORTHERN REGION_KARONGA,Malawi,4.24781612807494,9.048305310344062e-6,WWT
0701,7.31942366934186,MALAWI_CENTRAL REGION_KASUNGU,Malawi,7.319724141001511,3.0047165965108036e-4,WWT
0702,4.83881362195883,MALAWI_LAKE MALAWI_LAKE MALAWI,Malawi,4.838823137628649,9.51566981832741e-6,WWT
0703,5.923347504241169,MALAWI_NORTHERN REGION_LIKOMA,Malawi,5.923364754989324,1.725074815439598e-5,WWT
0704,8.61771311314643,MALAWI_CENTRAL REGION_LILONGWE,Malawi,8.617792022998959,7.890985252956284e-5,WWT
0705,9.218180123066173,MALAWI_CENTRAL REGION_LILONGWE CITY,Malawi,9.21832163602862,1.4151296244691025e-4,WWT
0706,12.457885267971456,MALAWI_SOUTHERN REGION_MACHINGA,Malawi,12.45797142730996,8.61593385046433e-5,WWT
0707,9.270360583889232,MALAWI_SOUTHERN REGION_MANGOCHI,Malawi,9.270850974054143,4.903901649111475e-4,WWT
0708,9.100764389782576,MALAWI_CENTRAL REGION_MCHINJI,Malawi,9.100799748439222,3.535865664616722e-5,WWT
0709,12.131936178485287,MALAWI_SOUTHERN REGION_MULANJE,Malawi,12.132055419143853,1.1924065856661059e-4,WWT
0710,12.74687535324452,MALAWI_SOUTHERN REGION_MWANZA,Malawi,12.746939450611087,6.409736656820542e-5,WWT
0711,10.018935054213728,MALAWI_NORTHERN REGION_MZIMBA,Malawi,10.018963176798596,2.812258486883934e-5,WWT
0712,9.413564708571004,MALAWI_NORTHERN REGION_MZUZU CITY,Malawi,9.413614642547738,4.993397673480615e-5,WWT
0713,11.034667171454272,MALAWI_SOUTHERN REGION_NENO,Malawi,11.034720783594636,5.361214036447848e-5,WWT
0714,9.126879280920125,MALAWI_NORTHERN REGION_NKHATA BAY,Malawi,9.126902477448976,2.3196528850633058e-5,WWT
0715,8.291977300705133,MALAWI_CENTRAL REGION_NKHOTAKOTA,Malawi,8.292009886738885,3.258603375222435e-5,WWT
0716,13.652483382590269,MALAWI_SOUTHERN REGION_NSANJE,Malawi,13.653520350101587,0.0010369675113182097,WWT
0717,9.190792519126761,MALAWI_CENTRAL REGION_NTCHEU,Malawi,9.190854524046975,6.200492021335435e-5,WWT
0718,8.046070120740557,MALAWI_CENTRAL REGION_NTCHISI,Malawi,8.046124892326432,5.477158587474662e-5,WWT
0719,12.831945742404095,MALAWI_SOUTHERN REGION_PHALOMBE,Malawi,12.832050227087263,1.0448468316859305e-4,WWT
0720,7.26656130491561,MALAWI_NORTHERN REGION_RUMPHI,Malawi,7.266704028834706,1.427239190956442e-4,WWT
0721,6.576381138155236,MALAWI_CENTRAL REGION_SALIMA,Malawi,6.5764146231064675,3.3484951231343985e-5,WWT
0722,12.063237687488822,MALAWI_SOUTHERN REGION_THYOLO,Malawi,12.063377844217918,1.4015672909550858e-4,WWT
0723,10.706614487079957,MALAWI_SOUTHERN REGION_ZOMBA,Malawi,10.707943487594008,0.0013290005140511596,WWT
0724,9.72202307142421,MALAWI_SOUTHERN REGION_ZOMBA CITY,Malawi,9.723079908494814,0.0010568370706032226,WWT
0725,11.875362325925845,MOZAMBIQUE_CABO DELGADO_ANCUABE_ANCUABE SEDE,Mozambique,11.87559583149839,2.3350557254531168e-4,WWT
0726,12.34749357677924,MOZAMBIQUE_CABO DELGADO_ANCUABE_METORO,Mozambique,12.347794376375607,3.007995963670851e-4,WWT
0727,11.782055248680965,MOZAMBIQUE_CABO DELGADO_ANCUABE_MEZA,Mozambique,11.782257238749548,2.0199006858234725e-4,WWT
0728,13.180492120608836,MOZAMBIQUE_CABO DELGADO_BALAMA_BALAMA SEDE,Mozambique,13.18080241626605,3.102956572149651e-4,WWT
0729,10.924347995473372,MOZAMBIQUE_CABO DELGADO_BALAMA_IMPIRE,Mozambique,10.924433237562834,8.52420894617012e-5,WWT
0730,13.154751973524288,MOZAMBIQUE_CABO DELGADO_BALAMA_KWEKWE,Mozambique,13.154925552705073,1.7357918078531043e-4,WWT
0731,11.994416012237465,MOZAMBIQUE_CABO DELGADO_BALAMA_MAVALA,Mozambique,11.994502153924248,8.614168678278133e-5,WWT
0732,12.603048437817488,MOZAMBIQUE_CABO DELGADO_CHIÚRE_CHIÚRE SEDE,Mozambique,12.603483732283989,4.3529446650047987e-4,WWT
0733,12.165172985131859,MOZAMBIQUE_CABO DELGADO_CHIÚRE_CHIÚRE VELHO,Mozambique,12.165716063065235,5.43077933375713e-4,WWT
0734,12.944440679145693,MOZAMBIQUE_CABO DELGADO_CHIÚRE_KATAPUA,Mozambique,12.94472619757995,2.855184342571704e-4,WWT
0735,10.673270692239855,MOZAMBIQUE_CABO DELGADO_CHIÚRE_MAZEZE,Mozambique,10.673686517687923,4.158254480675083e-4,WWT
0736,13.176122364144707,MOZAMBIQUE_CABO DELGADO_CHIÚRE_NAMOGELIA,Mozambique,13.176557003649702,4.346395049950047e-4,WWT
0737,12.41745305922447,MOZAMBIQUE_CABO DELGADO_CHIÚRE_OCUA,Mozambique,12.417922844518017,4.6978529354646525e-4,WWT
0738,9.173188271584895,MOZAMBIQUE_CABO DELGADO_CIDADE DE PEMBA_CIDADE DE PEMBA,Mozambique,9.173670852615423,4.825810305284506e-4,WWT
0739,7.024207190651147,MOZAMBIQUE_CABO DELGADO_IBO_IBO SEDE,Mozambique,7.024357211766201,1.500211150542441e-4,WWT
0740,6.699138926643202,MOZAMBIQUE_CABO DELGADO_IBO_QUIRIMBA,Mozambique,6.699280071270879,1.4114462767711444e-4,WWT
0741,9.564744898322605,MOZAMBIQUE_CABO DELGADO_MACOMIA_CHAI,Mozambique,9.564989741795662,2.448434730570881e-4,WWT
0742,10.775918541614297,MOZAMBIQUE_CABO DELGADO_MACOMIA_MACOMIA SEDE,Mozambique,10.776185483484847,2.6694187054943086e-4,WWT
0743,7.84364065278269,MOZAMBIQUE_CABO DELGADO_MACOMIA_MUCOJO,Mozambique,7.843822266501381,1.8161371869140908e-4,WWT
0744,6.934822028642597,MOZAMBIQUE_CABO DELGADO_MACOMIA_QUITERAJO,Mozambique,6.934995757049368,1.7372840677065682e-4,WWT
0745,10.087700898435253,MOZAMBIQUE_CABO DELGADO_MECÚFI_MECÚFI SEDE,Mozambique,10.088091102417401,3.9020398214795193e-4,WWT
0746,10.762944147140473,MOZAMBIQUE_CABO DELGADO_MECÚFI_MURREBUE,Mozambique,10.763282465566219,3.3831842574549853e-4,WWT
0747,10.81780626734868,MOZAMBIQUE_CABO DELGADO_MELUCO_MELUCO,Mozambique,10.817943853762369,1.3758641368966096e-4,WWT
0748,11.439795047202661,MOZAMBIQUE_CABO DELGADO_MELUCO_MUAGUIDE,Mozambique,11.440039289901799,2.442426991375868e-4,WWT
0749,10.313352127990168,MOZAMBIQUE_CABO DELGADO_METUGE_METUGE SEDE,Mozambique,10.31362341514696,2.712871567922548e-4,WWT
0750,10.49691918860282,MOZAMBIQUE_CABO DELGADO_METUGE_MIEZE,Mozambique,10.497334144909495,4.1495630667398586e-4,WWT
0751,9.052249159284635,MOZAMBIQUE_CABO DELGADO_MOCÍMBOA DA PRAIA_DIACA,Mozambique,9.052523430333467,2.742710488323752e-4,WWT
0752,7.232332271956871,MOZAMBIQUE_CABO DELGADO_MOCÍMBOA DA PRAIA_MBAU,Mozambique,7.232569285425317,2.3701346844617888e-4,WWT
0753,7.512601558243374,MOZAMBIQUE_CABO DELGADO_MOCÍMBOA DA PRAIA_MOCÍMBOA DA PRAIA SEDE,Mozambique,7.512804402581105,2.0284433773110067e-4,WWT
0754,12.184074212891971,MOZAMBIQUE_CABO DELGADO_MONTEPUEZ_CIDADE DE MONTEPUEZ,Mozambique,12.184332086712622,2.5787382065090014e-4,WWT
0755,12.870349108198539,MOZAMBIQUE_CABO DELGADO_MONTEPUEZ_MAPUPULO,Mozambique,12.870589679118112,2.405709195727468e-4,WWT
0756,13.439962259824021,MOZAMBIQUE_CABO DELGADO_MONTEPUEZ_MIRATE SEDE,Mozambique,13.440112250929381,1.4999110535995896e-4,WWT
0757,10.010528537101113,MOZAMBIQUE_CABO DELGADO_MONTEPUEZ_NAIROTO,Mozambique,10.01057686575967,4.832865855775026e-5,WWT
0758,12.550797652038803,MOZAMBIQUE_CABO DELGADO_MONTEPUEZ_NAMANHUMBIR,Mozambique,12.551010279467462,2.1262742865957307e-4,WWT
0759,10.467122492991606,MOZAMBIQUE_CABO DELGADO_MUEDA_CHAPA,Mozambique,10.46729130716123,1.688141696227774e-4,WWT
0760,7.3092461955584636,MOZAMBIQUE_CABO DELGADO_MUEDA_IMBUHO SEDE,Mozambique,7.3095110617346775,2.6486617621390707e-4,WWT
0761,8.405750189355807,MOZAMBIQUE_CABO DELGADO_MUEDA_MUEDA SEDE,Mozambique,8.405967735241152,2.175458853450607e-4,WWT
0762,8.81227037535978,MOZAMBIQUE_CABO DELGADO_MUEDA_NAMAUA,Mozambique,8.81263270849243,3.6233313264943945e-4,WWT
0763,6.178687944604251,MOZAMBIQUE_CABO DELGADO_MUEDA_NEGOMANO,Mozambique,6.1787163317113905,2.838710713959358e-5,WWT
0764,6.630295234786987,MOZAMBIQUE_CABO DELGADO_MUEDA_NGAPA,Mozambique,6.630377062192594,8.182740560780388e-5,WWT
0765,8.904107846072225,MOZAMBIQUE_CABO DELGADO_MUIDUMBE_CHITUNDA,Mozambique,8.904393032471315,2.851863990898096e-4,WWT
0766,12.746573588588436,MOZAMBIQUE_CABO DELGADO_MUIDUMBE_MITEDA,Mozambique,12.746976642051017,4.03053462580516e-4,WWT
0767,10.201674246607642,MOZAMBIQUE_CABO DELGADO_MUIDUMBE_MUAMBULA,Mozambique,10.201989226764699,3.149801570572208e-4,WWT
0768,13.569067582049072,MOZAMBIQUE_CABO DELGADO_NAMUNO_HUCULA,Mozambique,13.56941984030941,3.522582603370239e-4,WWT
0769,14.863155785687958,MOZAMBIQUE_CABO DELGADO_NAMUNO_MACHOCA,Mozambique,14.863611023409593,4.552377216349157e-4,WWT
0770,12.945496691544685,MOZAMBIQUE_CABO DELGADO_NAMUNO_MELOCO,Mozambique,12.945786689141363,2.8999759667769354e-4,WWT
0771,14.659966444038798,MOZAMBIQUE_CABO DELGADO_NAMUNO_NAMUNO SEDE,Mozambique,14.660510706313879,5.442622750813086e-4,WWT
0772,14.270557125044899,MOZAMBIQUE_CABO DELGADO_NAMUNO_NCUMPE,Mozambique,14.270920925047562,3.6380000266333923e-4,WWT
0773,13.46874328420466,MOZAMBIQUE_CABO DELGADO_NAMUNO_PAPAI,Mozambique,13.469049126504906,3.0584230024643944e-4,WWT
0774,6.529736535824853,MOZAMBIQUE_CABO DELGADO_NANGADE_NANGADE SEDE,Mozambique,6.52990405380238,1.6751797752689868e-4,WWT
0775,8.74749618770041,MOZAMBIQUE_CABO DELGADO_NANGADE_NTAMBA,Mozambique,8.747724816914506,2.2862921409583237e-4,WWT
0776,4.894031230671695,MOZAMBIQUE_CABO DELGADO_PALMA_OLUMBE,Mozambique,4.894120063787877,8.883311618212986e-5,WWT
0777,5.010613528222942,MOZAMBIQUE_CABO DELGADO_PALMA_PALMA,Mozambique,5.010715752926276,1.022247033342083e-4,WWT
0778,5.081116374615348,MOZAMBIQUE_CABO DELGADO_PALMA_PUNDANHAR,Mozambique,5.0812003169415085,8.394232616026898e-5,WWT
0779,2.660607201105821,MOZAMBIQUE_CABO DELGADO_PALMA_QUIONGA,Mozambique,2.6606514224098494,4.422130402836899e-5,WWT
0780,10.665559807019708,MOZAMBIQUE_CABO DELGADO_QUISSANGA_BILIBIZA,Mozambique,10.665809202434943,2.4939541523494313e-4,WWT
0781,9.909893454341345,MOZAMBIQUE_CABO DELGADO_QUISSANGA_MAHATE,Mozambique,9.910145637197218,2.5218285587236267e-4,WWT
0782,11.316744627090577,MOZAMBIQUE_CIDADE DE MAPUTO_KAMAVOTA_KAMAVOTA,Mozambique,11.320537004872406,0.0037923777818296145,WWT
0783,11.50904133382858,MOZAMBIQUE_CIDADE DE MAPUTO_KAMAXAKENI_KAMAXAKENI,Mozambique,11.513516998912483,0.0044756650839019585,WWT
0784,11.411666739473514,MOZAMBIQUE_CIDADE DE MAPUTO_KAMPFUMO_KAMPFUMO,Mozambique,11.4159261178862,0.004259378412685422,WWT
0785,11.60741154323955,MOZAMBIQUE_CIDADE DE MAPUTO_KAMUBUKWANA_KAMUBUKWANA,Mozambique,11.611310111640051,0.00389856840050129,WWT
0786,8.849663920979626,MOZAMBIQUE_CIDADE DE MAPUTO_KANYAKA_KANYAKA,Mozambique,8.850439863717359,7.759427377322936e-4,WWT
0787,11.564096691072436,MOZAMBIQUE_CIDADE DE MAPUTO_KATEMBE_KATEMBE,Mozambique,11.566283383748072,0.0021866926756359817,WWT
0788,11.557376783987369,MOZAMBIQUE_CIDADE DE MAPUTO_NHLAMANKULO_NHLAMANKULO,Mozambique,11.561590367479528,0.0042135834921595006,WWT
0789,12.219243970094016,MOZAMBIQUE_GAZA_BILENE_BILENE MACIA,Mozambique,12.22049395917334,0.001249989079322944,WWT
0790,11.70799696990759,MOZAMBIQUE_GAZA_BILENE_INCAIA,Mozambique,11.709222871395284,0.0012259014876931928,WWT
0791,11.49899624846417,MOZAMBIQUE_GAZA_BILENE_MACUANE,Mozambique,11.500049032627459,0.0010527841632885782,WWT
0792,11.535018838345774,MOZAMBIQUE_GAZA_BILENE_MAZIVILA,Mozambique,11.536239462611437,0.0012206242656631616,WWT
0793,11.755133703366653,MOZAMBIQUE_GAZA_BILENE_MESSANO,Mozambique,11.756251377148939,0.0011176737822857774,WWT
0794,10.840713410909096,MOZAMBIQUE_GAZA_BILENE_PRAIA DE BILENE,Mozambique,10.84174723276902,0.0010338218599237337,WWT
0795,9.897311414532311,MOZAMBIQUE_GAZA_CHIBUTO_ALTO CHANGANE,Mozambique,9.897810174043833,4.987595115224508e-4,WWT
0796,9.932016182891681,MOZAMBIQUE_GAZA_CHIBUTO_CHANGANINE,Mozambique,9.932368906293464,3.5272340178238437e-4,WWT
0797,10.302359638191229,MOZAMBIQUE_GAZA_CHIBUTO_CIDADE DE CHIBUTO,Mozambique,10.303709851345221,0.001350213153992641,WWT
0798,9.932029659927345,MOZAMBIQUE_GAZA_CHIBUTO_GODIDE,Mozambique,9.933068299670543,0.0010386397431982886,WWT
0799,10.207750281251839,MOZAMBIQUE_GAZA_CHIBUTO_MALEHICE,Mozambique,10.209408905384242,0.0016586241324034745,WWT
0800,10.544611185508167,MOZAMBIQUE_GAZA_CHIBUTO_TCHAIMITE,Mozambique,10.54568226742386,0.0010710819156933837,WWT
0801,11.815965930591938,MOZAMBIQUE_GAZA_CHICUALACUALA_EDUARDO MONDLANE,Mozambique,11.816360616520175,3.94685928236882e-4,WWT
0802,10.390288423019056,MOZAMBIQUE_GAZA_CHICUALACUALA_PAFURI,Mozambique,10.390647038475315,3.5861545625870406e-4,WWT
0803,11.47298997838578,MOZAMBIQUE_GAZA_CHIGUBO_CHIGUBO SEDE,Mozambique,11.473197524295262,2.07545909482576e-4,WWT
0804,9.909348712730404,MOZAMBIQUE_GAZA_CHIGUBO_NDINDIZA,Mozambique,9.909573415403152,2.2470267274776745e-4,WWT
0805,10.638118701903368,MOZAMBIQUE_GAZA_CHÓKWÈ_CIDADE DE CHÓKWÈ,Mozambique,10.639105624358685,9.8692245531673e-4,WWT
0806,10.817954224239225,MOZAMBIQUE_GAZA_CHÓKWÈ_LIONDE,Mozambique,10.818822326688686,8.681024494610057e-4,WWT
0807,10.336673859172397,MOZAMBIQUE_GAZA_CHÓKWÈ_MACARRETANE,Mozambique,10.337399999113842,7.261399414453251e-4,WWT
0808,10.699538037603658,MOZAMBIQUE_GAZA_CHÓKWÈ_XILEMBENE,Mozambique,10.700756393377567,0.0012183557739096074,WWT
0809,9.603983821278357,MOZAMBIQUE_GAZA_CHONGOENE_CHONGOENE,Mozambique,9.605520951000367,0.0015371297220099223,WWT
0810,9.873952159151006,MOZAMBIQUE_GAZA_CHONGOENE_MAZUCANE,Mozambique,9.876187351599668,0.0022351924486621044,WWT
0811,9.089263247017893,MOZAMBIQUE_GAZA_CHONGOENE_NGUZENE,Mozambique,9.090619941484942,0.0013566944670486691,WWT
0812,9.68249965371607,MOZAMBIQUE_GAZA_CIDADE DE XAI-XAI_CIDADE DE XAI-XAI,Mozambique,9.683959404828029,0.0014597511119589512,WWT
0813,10.053945144527292,MOZAMBIQUE_GAZA_GUIJÁ_CHIVONGOENE,Mozambique,10.054656496928533,7.113524012414274e-4,WWT
0814,10.269918516928783,MOZAMBIQUE_GAZA_GUIJÁ_MUBANGOENE,Mozambique,10.27059499621435,6.764792855662449e-4,WWT
0815,9.948416554236424,MOZAMBIQUE_GAZA_GUIJÁ_NALAZI,Mozambique,9.94877938056752,3.628263310968549e-4,WWT
0816,10.574096436796202,MOZAMBIQUE_GAZA_GUIJÁ_VILA CANIÇADO,Mozambique,10.575099827436883,0.0010033906406814452,WWT
0817,10.672192958161268,MOZAMBIQUE_GAZA_LIMPOPO_CHICUMBANE,Mozambique,10.673576041770053,0.0013830836087844744,WWT
0818,11.170665471427226,MOZAMBIQUE_GAZA_LIMPOPO_CHISSANO,Mozambique,11.171965229406068,0.0012997579788418534,WWT
0819,10.29341825919397,MOZAMBIQUE_GAZA_LIMPOPO_ZONGOENE,Mozambique,10.294549631162155,0.0011313719681851353,WWT
0820,9.671608695791994,MOZAMBIQUE_GAZA_MABALANE_COMBOMUNE,Mozambique,9.671828233251595,2.1953745960168192e-4,WWT
0821,9.632965929711583,MOZAMBIQUE_GAZA_MABALANE_MABALANE,Mozambique,9.633309641184722,3.4371147313905226e-4,WWT
0822,9.670225102238,MOZAMBIQUE_GAZA_MABALANE_NTLHAVENE,Mozambique,9.670549148120777,3.240458827775683e-4,WWT
0823,9.827695484231482,MOZAMBIQUE_GAZA_MANDLAKAZE_CHALALA,Mozambique,9.828947161813268,0.0012516775817861259,WWT
0824,9.1711064809854,MOZAMBIQUE_GAZA_MANDLAKAZE_CHIBONDZANE,Mozambique,9.172025026135419,9.185451500179909e-4,WWT
0825,8.808173941044156,MOZAMBIQUE_GAZA_MANDLAKAZE_CHIDENGUELE,Mozambique,8.809614658148664,0.0014407171045078826,WWT
0826,10.087448771767907,MOZAMBIQUE_GAZA_MANDLAKAZE_MACUACUA,Mozambique,10.088037379108814,5.886073409069326e-4,WWT
0827,9.762062958348647,MOZAMBIQUE_GAZA_MANDLAKAZE_MANDLAKAZE SEDE,Mozambique,9.763578439725498,0.001515481376850758,WWT
0828,9.441423499716723,MOZAMBIQUE_GAZA_MAPAI_MACHAILA,Mozambique,9.441642671547081,2.1917183035746746e-4,WWT
0829,10.107585111726918,MOZAMBIQUE_GAZA_MAPAI_MAPAI,Mozambique,10.107855918453446,2.708067265277947e-4,WWT
0830,10.81689159670571,MOZAMBIQUE_GAZA_MASSANGENA_MASSANGENA,Mozambique,10.81716780507098,2.762083652694258e-4,WWT
0831,10.908577512606302,MOZAMBIQUE_GAZA_MASSANGENA_MAVUE,Mozambique,10.908930095282114,3.525826758128403e-4,WWT
0832,10.2376765543051,MOZAMBIQUE_GAZA_MASSINGIR_MASSINGIR SEDE,Mozambique,10.238132635670393,4.560813652929596e-4,WWT
0833,10.22831307956398,MOZAMBIQUE_GAZA_MASSINGIR_MAVODZE,Mozambique,10.228709066088236,3.9598652425532066e-4,WWT
0834,9.722213079439868,MOZAMBIQUE_GAZA_MASSINGIR_ZULO,Mozambique,9.722641186684546,4.2810724467834405e-4,WWT
0835,8.145589122542065,MOZAMBIQUE_INHAMBANE_CIDADE DA MAXIXE_CIDADE DA MAXIXE,Mozambique,8.147026253822144,0.0014371312800793845,WWT
0836,7.101742229552292,MOZAMBIQUE_INHAMBANE_CIDADE DE INHAMBANE_CIDADE DE INHAMBANE,Mozambique,7.102497393077643,7.551635253513211e-4,WWT
0837,11.464320037808534,MOZAMBIQUE_INHAMBANE_FUNHALOURO_FUNHALOURO,Mozambique,11.464571332495566,2.51294687032555e-4,WWT
0838,9.864038879943749,MOZAMBIQUE_INHAMBANE_FUNHALOURO_TOME,Mozambique,9.864228711506234,1.8983156248530975e-4,WWT
0839,10.183643515044627,MOZAMBIQUE_INHAMBANE_GOVURO_NOVA MAMBONE,Mozambique,10.184050725457638,4.072104130106169e-4,WWT
0840,10.591946801109517,MOZAMBIQUE_INHAMBANE_GOVURO_SAVE,Mozambique,10.592316497390883,3.69696281365961e-4,WWT
0841,8.636713669222566,MOZAMBIQUE_INHAMBANE_HOMOÍNE_HOMOÍNE SEDE,Mozambique,8.637576926246911,8.632570243456428e-4,WWT
0842,10.196421994790754,MOZAMBIQUE_INHAMBANE_HOMOÍNE_PEMBE,Mozambique,10.197192390620136,7.70395829382764e-4,WWT
0843,7.679148219372879,MOZAMBIQUE_INHAMBANE_INHARRIME_INHARRIME SEDE,Mozambique,7.679683008410727,5.347890378484266e-4,WWT
0844,9.418917113703554,MOZAMBIQUE_INHAMBANE_INHARRIME_MUCUMBI,Mozambique,9.419538169192835,6.210554892813747e-4,WWT
0845,6.88459943615754,MOZAMBIQUE_INHAMBANE_INHASSORO_BAZARUTO,Mozambique,6.8847735746067205,1.7413844918046095e-4,WWT
0846,9.838134749594401,MOZAMBIQUE_INHAMBANE_INHASSORO_INHASSORO,Mozambique,9.838440286359262,3.05536764861003e-4,WWT
0847,7.966139094439795,MOZAMBIQUE_INHAMBANE_JANGAMO_CUMBANA,Mozambique,7.966795296702084,6.562022622889074e-4,WWT
0848,7.182003443986531,MOZAMBIQUE_INHAMBANE_JANGAMO_JANGAMO,Mozambique,7.1827805129162705,7.770689297394995e-4,WWT
0849,9.3331419134888165,MOZAMBIQUE_INHAMBANE_MABOTE_MABOTE,Mozambique,9.33334610567283,2.0419218401279693e-4,WWT
0850,9.782056234497755,MOZAMBIQUE_INHAMBANE_MABOTE_ZIMANE,Mozambique,9.782252856805421,1.9662230766570588e-4,WWT
0851,9.731955254883344,MOZAMBIQUE_INHAMBANE_MABOTE_ZINAVE,Mozambique,9.73220528562394,2.50030740595264e-4,WWT
0852,10.783490163024318,MOZAMBIQUE_INHAMBANE_MASSINGA_CHICOMO,Mozambique,10.783913871462943,4.2370843862471474e-4,WWT
0853,8.652998943087528,MOZAMBIQUE_INHAMBANE_MASSINGA_MASSINGA,Mozambique,8.653423703345796,4.247602582676535e-4,WWT
0854,10.829955015580246,MOZAMBIQUE_INHAMBANE_MORRUMBENE_MOCODUENE,Mozambique,10.83055273355518,5.97717974933687e-4,WWT
0855,9.295281897441019,MOZAMBIQUE_INHAMBANE_MORRUMBENE_MORRUMBENE,Mozambique,9.296036031816302,7.541343752830443e-4,WWT
0856,10.79256088314655,MOZAMBIQUE_INHAMBANE_PANDA_MAWAYELA,Mozambique,10.792962669190022,4.017860434721854e-4,WWT
0857,11.065514063266571,MOZAMBIQUE_INHAMBANE_PANDA_PANDA,Mozambique,11.066357050430728,8.429871641570941e-4,WWT
0858,10.819646899125317,MOZAMBIQUE_INHAMBANE_PANDA_URRENE,Mozambique,10.820134687018998,4.877878936806468e-4,WWT
0859,9.965487725782587,MOZAMBIQUE_INHAMBANE_VILANKULO_MAPINHANE,Mozambique,9.9659415511645,4.538253819124094e-4,WWT
0860,7.892480347929222,MOZAMBIQUE_INHAMBANE_VILANKULO_VILANKULO,Mozambique,7.892729562417641,2.492144884183034e-4,WWT
0861,7.927342152001409,MOZAMBIQUE_INHAMBANE_ZAVALA_QUISSICO,Mozambique,7.927953223707521,6.110717061122983e-4,WWT
0862,8.68790527457255,MOZAMBIQUE_INHAMBANE_ZAVALA_ZANDAMELA,Mozambique,8.6888702220924,9.64947519848991e-4,WWT
0863,5.2051796280332905,MOZAMBIQUE_LAKE MALAWI_LAKE MALAWI_LAKE MALAWI,Mozambique,5.205272487597861,9.285956457016908e-5,WWT
0864,20.400402301682767,MOZAMBIQUE_MANICA_BÁRUÈ_CATANDICA,Mozambique,20.400989017393766,5.867157109982202e-4,WWT
0865,21.847943448031824,MOZAMBIQUE_MANICA_BÁRUÈ_CHOA,Mozambique,21.848724272674264,7.808246424403364e-4,WWT
0866,13.873003202530606,MOZAMBIQUE_MANICA_BÁRUÈ_NHAMPASSA,Mozambique,13.873460972827914,4.5777029730764696e-4,WWT
0867,20.50079902675709,MOZAMBIQUE_MANICA_CIDADE DE CHIMOIO_CHIMOIO,Mozambique,20.50291794501409,0.0021189182570005016,WWT
0868,19.539562159018722,MOZAMBIQUE_MANICA_GONDOLA_AMATONGAS,Mozambique,19.540256073611655,6.939145929329982e-4,WWT
0869,20.13632972471057,MOZAMBIQUE_MANICA_GONDOLA_CAFUMPE,Mozambique,20.137060641258735,7.309165481643731e-4,WWT
0870,19.521080321416996,MOZAMBIQUE_MANICA_GONDOLA_GONDOLA,Mozambique,19.52188672879602,8.064073790237103e-4,WWT
0871,21.17505399117959,MOZAMBIQUE_MANICA_GONDOLA_INCHOPE,Mozambique,21.17568466947222,6.306782926301935e-4,WWT
0872,10.399117594569793,MOZAMBIQUE_MANICA_GURO_GURO SEDE,Mozambique,10.399422830223509,3.0523565371609607e-4,WWT
0873,10.544607831628309,MOZAMBIQUE_MANICA_GURO_MANDIE,Mozambique,10.544993591573997,3.8575994568823546e-4,WWT
0874,11.134994475955079,MOZAMBIQUE_MANICA_GURO_MUNGARI,Mozambique,11.135299881577517,3.0540562243785985e-4,WWT
0875,10.57834341482656,MOZAMBIQUE_MANICA_GURO_NHAMASSONGE,Mozambique,10.578674383199365,3.309683728058843e-4,WWT
0876,20.703224394429206,MOZAMBIQUE_MANICA_MACATE_MACATE SEDE,Mozambique,20.70378223944405,5.578450148426839e-4,WWT
0877,17.733799965251265,MOZAMBIQUE_MANICA_MACATE_ZEMBE,Mozambique,17.734479781948316,6.798166970511943e-4,WWT
0878,13.052162203219734,MOZAMBIQUE_MANICA_MACHAZE_CHITOBE,Mozambique,13.052847838760979,6.856355412452331e-4,WWT
0879,11.588172948905209,MOZAMBIQUE_MANICA_MACHAZE_SAVE,Mozambique,11.588691503037019,5.185541318102338e-4,WWT
0880,16.836595999670546,MOZAMBIQUE_MANICA_MACOSSA_MACOSSA SEDE,Mozambique,16.836936181120418,3.401814498715794e-4,WWT
0881,21.366842304035245,MOZAMBIQUE_MANICA_MACOSSA_NGUAWALA,Mozambique,21.367340134681136,4.978306458909287e-4,WWT
0882,19.777217144447533,MOZAMBIQUE_MANICA_MACOSSA_NHAMAGUA,Mozambique,19.777705362184214,4.882177366809515e-4,WWT
0883,21.000505210759208,MOZAMBIQUE_MANICA_MANICA_MACHIPANDA,Mozambique,21.00060600518573,1.0079442652255466e-4,WWT
0884,20.96097257329724,MOZAMBIQUE_MANICA_MANICA_MAVONDE,Mozambique,20.961863091911606,8.905186143657318e-4,WWT
0885,15.999968369850112,MOZAMBIQUE_MANICA_MANICA_MESSICA,Mozambique,16.000674828960907,7.064591107948104e-4,WWT
0886,18.11989143111912,MOZAMBIQUE_MANICA_MANICA_MUNICIPIO DE MANICA,Mozambique,18.12144496392543,0.0015535328063087661,WWT
0887,14.270753594041498,MOZAMBIQUE_MANICA_MOSSURIZE_CHIURAIRUE,Mozambique,14.271352139707963,5.985456664650002e-4,WWT
0888,18.62961576173923,MOZAMBIQUE_MANICA_MOSSURIZE_DACATA,Mozambique,18.630315587014806,6.998252755749945e-4,WWT
0889,15.055694335703134,MOZAMBIQUE_MANICA_MOSSURIZE_ESPUNGABERA,Mozambique,15.056191510623329,4.971749201949649e-4,WWT
0890,19.077674119073514,MOZAMBIQUE_MANICA_SUSSUNDENGA_DOMBE,Mozambique,19.078033055654792,3.589365812786127e-4,WWT
0891,22.79793502706366,MOZAMBIQUE_MANICA_SUSSUNDENGA_MUOHA,Mozambique,22.798728469223995,7.934421603366104e-4,WWT
0892,16.57842508435359,MOZAMBIQUE_MANICA_SUSSUNDENGA_ROTANDA,Mozambique,16.578894111750174,4.69027396583499e-4,WWT
0893,18.613829092331766,MOZAMBIQUE_MANICA_SUSSUNDENGA_SUSSUNDENGA SEDE,Mozambique,18.614304513793744,4.754214619779873e-4,WWT
0894,10.97942571539647,MOZAMBIQUE_MANICA_TAMBARA_BUZUA,Mozambique,10.979745576158242,3.198607617722615e-4,WWT
0895,10.450071577827874,MOZAMBIQUE_MANICA_TAMBARA_NHACAFULA,Mozambique,10.450435884869595,3.643070417211902e-4,WWT
0896,11.258594541725774,MOZAMBIQUE_MANICA_TAMBARA_NHACOLO,Mozambique,11.259091513363138,4.969716373643962e-4,WWT
0897,18.475030027003193,MOZAMBIQUE_MANICA_VANDUZI_MATSINHO,Mozambique,18.475659447735637,6.294207324444301e-4,WWT
0898,18.08478973438787,MOZAMBIQUE_MANICA_VANDUZI_VANDUZI SEDE,Mozambique,18.08549381919422,7.040848063510907e-4,WWT
0899,11.637820808327259,MOZAMBIQUE_MAPUTO_BOANE_BOANE,Mozambique,11.63908489629464,0.001264087967381755,WWT
0900,12.390655406792678,MOZAMBIQUE_MAPUTO_BOANE_MATOLA RIO,Mozambique,12.392870166247324,0.002214759454645332,WWT
0901,12.120044910310472,MOZAMBIQUE_MAPUTO_CIDADE DA MATOLA_CIDADE DA MATOLA,Mozambique,12.123326091379873,0.0032811810694006738,WWT
0902,11.712127224033209,MOZAMBIQUE_MAPUTO_CIDADE DA MATOLA_INFULENE,Mozambique,11.715683739616638,0.0035565155834298423,WWT
0903,12.851421612478669,MOZAMBIQUE_MAPUTO_CIDADE DA MATOLA_MACHAVA,Mozambique,12.855161097741632,0.0037394852629635267,WWT
0904,11.872582419109175,MOZAMBIQUE_MAPUTO_MAGUDE_MAGUDE,Mozambique,11.873420192921971,8.377738127958168e-4,WWT
0905,10.89309840631407,MOZAMBIQUE_MAPUTO_MAGUDE_MAHELE,Mozambique,10.893736709855897,6.383035418267013e-4,WWT
0906,11.223901777604647,MOZAMBIQUE_MAPUTO_MAGUDE_MAPULANGUENE,Mozambique,11.224471592753538,5.698151488910952e-4,WWT
0907,10.883716154420886,MOZAMBIQUE_MAPUTO_MAGUDE_MOTAZE,Mozambique,10.884423467438918,7.073130180312859e-4,WWT
0908,11.81219102308367,MOZAMBIQUE_MAPUTO_MAGUDE_PANJANE,Mozambique,11.812884167728944,6.931446452735912e-4,WWT
0909,11.979840266085183,MOZAMBIQUE_MAPUTO_MANHIÇA_3 DE FEVEREIRO,Mozambique,11.980851626266773,0.0010113601815895379,WWT
0910,10.99419942016502,MOZAMBIQUE_MAPUTO_MANHIÇA_CALANGA,Mozambique,10.995156761083852,9.573409188323723e-4,WWT
0911,12.313101139338007,MOZAMBIQUE_MAPUTO_MANHIÇA_ILHA JOSINA MACHEL,Mozambique,12.31419938926181,0.0010982499238032517,WWT
0912,12.326329431082103,MOZAMBIQUE_MAPUTO_MANHIÇA_MALUANA,Mozambique,12.327545390484467,0.0012159594023639642,WWT
0913,11.791743150199668,MOZAMBIQUE_MAPUTO_MANHIÇA_MUNICÍPIO DE MANHIÇA,Mozambique,11.792755758752156,0.0010126085524877482,WWT
0914,12.40012210830142,MOZAMBIQUE_MAPUTO_MANHIÇA_XINAVANE,Mozambique,12.401231047764718,0.0011089394632968208,WWT
0915,10.725780998159586,MOZAMBIQUE_MAPUTO_MARRACUENE_MACHUBO,Mozambique,10.726831851754605,0.001050853595019774,WWT
0916,12.010873542663926,MOZAMBIQUE_MAPUTO_MARRACUENE_MARRACUENE,Mozambique,12.013576512415964,0.002702969752037987,WWT
0917,10.029609502993129,MOZAMBIQUE_MAPUTO_MATUTUINE_BELA VISTA,Mozambique,10.030226951473997,6.174484808685321e-4,WWT
0918,10.808184440152573,MOZAMBIQUE_MAPUTO_MATUTUINE_CATEMBE M'SIME,Mozambique,10.809319689977768,0.0011352498251948617,WWT
0919,11.863304959225806,MOZAMBIQUE_MAPUTO_MATUTUINE_CATUANE,Mozambique,11.86397735495433,6.723957285235116e-4,WWT
0920,8.492142804011435,MOZAMBIQUE_MAPUTO_MATUTUINE_MACHANGULO,Mozambique,8.49271477134632,5.719673348849597e-4,WWT
0921,9.379206080993432,MOZAMBIQUE_MAPUTO_MATUTUINE_ZITUNDO,Mozambique,9.379731375806823,5.252948133911417e-4,WWT
0922,12.660148088098126,MOZAMBIQUE_MAPUTO_MOAMBA_MOAMBA,Mozambique,12.66115748856051,0.0010094004623848463,WWT
0923,12.687680806072278,MOZAMBIQUE_MAPUTO_MOAMBA_PESSENE,Mozambique,12.689197342023826,0.0015165359515485477,WWT
0924,13.853352262130187,MOZAMBIQUE_MAPUTO_MOAMBA_RESSANO GARCIA,Mozambique,13.85454588966214,0.0011936275319524015,WWT
0925,12.132037463456777,MOZAMBIQUE_MAPUTO_MOAMBA_SABIE,Mozambique,12.132780285756509,7.428222997312162e-4,WWT
0926,11.998975588833064,MOZAMBIQUE_MAPUTO_NAMAACHA_CHANGALANE,Mozambique,11.999862894253479,8.87305420414819e-4,WWT
0927,12.35256176342175,MOZAMBIQUE_MAPUTO_NAMAACHA_NAMAACHA,Mozambique,12.353667950415403,0.0011061869936526136,WWT
0928,11.011925884053223,MOZAMBIQUE_NAMPULA_ANGOCHE_AUBE,Mozambique,11.012344583828607,4.186997753841126e-4,WWT
0929,12.225160620097363,MOZAMBIQUE_NAMPULA_ANGOCHE_BOILA NAMETORIA,Mozambique,12.225540735885334,3.8011578797103596e-4,WWT
0930,9.614447301915124,MOZAMBIQUE_NAMPULA_ANGOCHE_CIDADE DE ANGOCHE,Mozambique,9.614864862579505,4.175606643812557e-4,WWT
0931,12.144970456679502,MOZAMBIQUE_NAMPULA_ANGOCHE_NAMAPONDA,Mozambique,12.145376798586224,4.0634190672150794e-4,WWT
0932,15.94350681577349,MOZAMBIQUE_NAMPULA_CIDADE DE NAMPULA_ANCHILO,Mozambique,15.944489841552867,9.830257793765895e-4,WWT
0933,17.251077739445037,MOZAMBIQUE_NAMPULA_CIDADE DE NAMPULA_MUATALA,Mozambique,17.253667184475034,0.0025894450299972505,WWT
0934,16.766607405694597,MOZAMBIQUE_NAMPULA_CIDADE DE NAMPULA_MUHALA,Mozambique,16.76912842633088,0.0025210206362835663,WWT
0935,16.34955244170618,MOZAMBIQUE_NAMPULA_CIDADE DE NAMPULA_NAMICOPO,Mozambique,16.351016788701124,0.0014643469949433552,WWT
0936,17.115970586934278,MOZAMBIQUE_NAMPULA_CIDADE DE NAMPULA_NAPIPINE,Mozambique,17.117139608216277,0.0011690212819992496,WWT
0937,17.134188270128778,MOZAMBIQUE_NAMPULA_CIDADE DE NAMPULA_NATIKIRE,Mozambique,17.135209918556768,0.0010216484279901294,WWT
0938,17.050671448971848,MOZAMBIQUE_NAMPULA_CIDADE DE NAMPULA_URBANO CENTRAL,Mozambique,17.053094022321737,0.0024225733498894897,WWT
0939,11.570450454504883,MOZAMBIQUE_NAMPULA_ERÁTI_ALUA,Mozambique,11.570922981057993,4.72526553110697e-4,WWT
0940,11.797559962694129,MOZAMBIQUE_NAMPULA_ERÁTI_NAMAPA SEDE,Mozambique,11.798095228876793,5.352661826645289e-4,WWT
0941,12.408163342637195,MOZAMBIQUE_NAMPULA_ERÁTI_NAMIROA,Mozambique,12.4085494663538,3.8612371660562417e-4,WWT
0942,9.195455177787515,MOZAMBIQUE_NAMPULA_ILHA DE MOÇAMBIQUE_ILHA DE MOÇAMBIQUE,Mozambique,9.196221882902861,7.667051153461557e-4,WWT
0943,10.314316017218195,MOZAMBIQUE_NAMPULA_ILHA DE MOÇAMBIQUE_LUMBO,Mozambique,10.315202717533053,8.867003148580466e-4,WWT
0944,13.945126826474215,MOZAMBIQUE_NAMPULA_LALAUA_LALAUA,Mozambique,13.945385043610115,2.582171358991303e-4,WWT
0945,13.28680728483932,MOZAMBIQUE_NAMPULA_LALAUA_METI,Mozambique,13.286962515372819,1.552305334993065e-4,WWT
0946,11.643353901653086,MOZAMBIQUE_NAMPULA_LARDE_LARDE,Mozambique,11.643679852084306,3.2595043122007894e-4,WWT
0947,15.60695330943571,MOZAMBIQUE_NAMPULA_LARDE_MUCUALI,Mozambique,15.607315161185468,3.6185174975855716e-4,WWT
0948,14.393563741605394,MOZAMBIQUE_NAMPULA_LIÚPO_LIÚPO,Mozambique,14.393941869073249,3.7812746785448326e-4,WWT
0949,10.211979013229259,MOZAMBIQUE_NAMPULA_LIÚPO_QUINGA,Mozambique,10.212313117527,3.341042977407227e-4,WWT
0950,15.527070179103461,MOZAMBIQUE_NAMPULA_MALEMA_CHILULO,Mozambique,15.527240795817793,1.7061671433182823e-4,WWT
0951,14.794616834044977,MOZAMBIQUE_NAMPULA_MALEMA_MALEMA/CANHUNHA,Mozambique,14.794860323772205,2.4348972722876283e-4,WWT
0952,14.66986073748908,MOZAMBIQUE_NAMPULA_MALEMA_MUTUALI,Mozambique,14.670100823940983,2.4008645190320976e-4,WWT
0953,15.482860611576504,MOZAMBIQUE_NAMPULA_MECONTA_7 DE ABRIL,Mozambique,15.483483317872421,6.227062959176521e-4,WWT
0954,15.289293026108016,MOZAMBIQUE_NAMPULA_MECONTA_CORRANE,Mozambique,15.289795472184487,5.024460764708749e-4,WWT
0955,15.787168033190568,MOZAMBIQUE_NAMPULA_MECONTA_MECONTA,Mozambique,15.787781833059675,6.137998691073676e-4,WWT
0956,14.961513185562517,MOZAMBIQUE_NAMPULA_MECONTA_NAMIALO,Mozambique,14.962181671446576,6.684858840593222e-4,WWT
0957,14.905774123746758,MOZAMBIQUE_NAMPULA_MECUBÚRI_MECUBÚRI,Mozambique,14.906092422326651,3.182985798932947e-4,WWT
0958,14.416137462637801,MOZAMBIQUE_NAMPULA_MECUBÚRI_MILHANA,Mozambique,14.416490979563049,3.535169252479875e-4,WWT
0959,14.107387522225704,MOZAMBIQUE_NAMPULA_MECUBÚRI_MUITE,Mozambique,14.107774717092028,3.871948663238811e-4,WWT
0960,16.744633337331326,MOZAMBIQUE_NAMPULA_MECUBÚRI_NANIMA,Mozambique,16.744989735901534,3.5639857020797194e-4,WWT
0961,10.841916981682237,MOZAMBIQUE_NAMPULA_MEMBA_CHIPENE,Mozambique,10.842325359604676,4.0837792243841875e-4,WWT
0962,9.71462988319417,MOZAMBIQUE_NAMPULA_MEMBA_LURIO,Mozambique,9.714999996809336,3.7011361516547936e-4,WWT
0963,10.151330245868778,MOZAMBIQUE_NAMPULA_MEMBA_MAZUA,Mozambique,10.151715810108946,3.855642401688897e-4,WWT
0964,9.832190195258768,MOZAMBIQUE_NAMPULA_MEMBA_MEMBA,Mozambique,9.832652347351875,4.62152093106738e-4,WWT
0965,9.724768450896132,MOZAMBIQUE_NAMPULA_MOGINCUAL_NAMINGE,Mozambique,9.725029750184973,2.6129928884088827e-4,WWT
0966,14.19930366695609,MOZAMBIQUE_NAMPULA_MOGINCUAL_QUIXAXE,Mozambique,14.199702477387573,3.9881043148248807e-4,WWT
0967,16.329974254101376,MOZAMBIQUE_NAMPULA_MOGOVOLAS_CALIPO,Mozambique,16.330446973447874,4.7271934649728564e-4,WWT
0968,15.856551086950876,MOZAMBIQUE_NAMPULA_MOGOVOLAS_ILUTE,Mozambique,15.856954466384881,4.0337943400459153e-4,WWT
0969,14.590413534528292,MOZAMBIQUE_NAMPULA_MOGOVOLAS_MUATUA,Mozambique,14.590842621243006,4.2908671471408866e-4,WWT
0970,15.916621123006454,MOZAMBIQUE_NAMPULA_MOGOVOLAS_NAMETIL SEDE,Mozambique,15.917146222553576,5.250995471222097e-4,WWT
0971,14.496302045486225,MOZAMBIQUE_NAMPULA_MOGOVOLAS_NANHUPO RIO,Mozambique,14.496749562224561,4.475167383368728e-4,WWT
0972,15.966419880950431,MOZAMBIQUE_NAMPULA_MOMA_CHALAUA,Mozambique,15.966769491862754,3.496109123233282e-4,WWT
0973,15.804559771225014,MOZAMBIQUE_NAMPULA_MOMA_MACONE SEDE,Mozambique,15.804882155470956,3.2238424594233095e-4,WWT
0974,13.84680266683517,MOZAMBIQUE_NAMPULA_MONAPO_ITUCULO,Mozambique,13.847358779861063,5.56113025892202e-4,WWT
0975,12.28479111897952,MOZAMBIQUE_NAMPULA_MONAPO_MONAPO SEDE,Mozambique,12.285270390084548,4.7927110502854475e-4,WWT
0976,13.836660777969033,MOZAMBIQUE_NAMPULA_MONAPO_NETIA,Mozambique,13.837291050921712,6.302729526783679e-4,WWT
0977,10.376069442997672,MOZAMBIQUE_NAMPULA_MOSSURIL_LUNGA,Mozambique,10.376382154530411,3.127115327394847e-4,WWT
0978,9.128552522737287,MOZAMBIQUE_NAMPULA_MOSSURIL_MATIBANE,Mozambique,9.12898395352504,4.3143078775287336e-4,WWT
0979,10.34666596056681,MOZAMBIQUE_NAMPULA_MOSSURIL_MOSSURIL SEDE,Mozambique,10.347124871982254,4.589114154445184e-4,WWT
0980,14.172141640572663,MOZAMBIQUE_NAMPULA_MUECATE_IMALA,Mozambique,14.17248268484791,3.4104427524717096e-4,WWT
0981,16.631876532557882,MOZAMBIQUE_NAMPULA_MUECATE_MUCOLUANE,Mozambique,16.6322807983911,4.042658332181759e-4,WWT
0982,14.398231490810883,MOZAMBIQUE_NAMPULA_MUECATE_MUECATE,Mozambique,14.398711393710318,4.799028994355581e-4,WWT
0983,21.32808727380759,MOZAMBIQUE_NAMPULA_MURRUPULA_CHINGA,Mozambique,21.32860283958524,5.155657776505507e-4,WWT
0984,21.043380528410164,MOZAMBIQUE_NAMPULA_MURRUPULA_MURRUPULA,Mozambique,21.043905542752363,5.250143421982045e-4,WWT
0985,20.046515698023804,MOZAMBIQUE_NAMPULA_MURRUPULA_NIHESSIUE,Mozambique,20.04699941177977,4.8371375596545363e-4,WWT
0986,11.192188567203052,MOZAMBIQUE_NAMPULA_NACALA-A-VELHA_COVO,Mozambique,11.192648653275569,4.600860725165745e-4,WWT
0987,11.407415670273064,MOZAMBIQUE_NAMPULA_NACALA-A-VELHA_NACALA-A-VELHA,Mozambique,11.40799672851891,5.810582458458668e-4,WWT
0988,9.948585417517886,MOZAMBIQUE_NAMPULA_NACALA-PORTO_MUANONA,Mozambique,9.949291300838702,7.05883320815559e-4,WWT
0989,8.77726988280704,MOZAMBIQUE_NAMPULA_NACALA-PORTO_MUTIVA,Mozambique,8.777715586642811,4.4570383577102746e-4,WWT
0990,11.841846440639415,MOZAMBIQUE_NAMPULA_NACARÔA_INTETE,Mozambique,11.842283884754373,4.374441149579411e-4,WWT
0991,12.720867781175986,MOZAMBIQUE_NAMPULA_NACARÔA_NACARÔA,Mozambique,12.721310137761613,4.4235658562641333e-4,WWT
0992,12.827389477110817,MOZAMBIQUE_NAMPULA_NACARÔA_SAUA-SAUA,Mozambique,12.827764102333978,3.74625223161118e-4,WWT
0993,19.038162094692794,MOZAMBIQUE_NAMPULA_RAPALE_MUTIVAZE,Mozambique,19.038657082264997,4.949875722033426e-4,WWT
0994,17.98256048144824,MOZAMBIQUE_NAMPULA_RAPALE_NAMAITA,Mozambique,17.983272976257723,7.124948094840988e-4,WWT
0995,17.101204181501124,MOZAMBIQUE_NAMPULA_RAPALE_RAPALE,Mozambique,17.10180955618712,6.053746859961961e-4,WWT
0996,19.122386930040044,MOZAMBIQUE_NAMPULA_RIBÁUÈ_CUNLE,Mozambique,19.122765997077096,3.790670370520388e-4,WWT
0997,25.440182200159807,MOZAMBIQUE_NAMPULA_RIBÁUÈ_IAPALA,Mozambique,25.4407746412283,5.924410684912118e-4,WWT
0998,15.585898986876394,MOZAMBIQUE_NAMPULA_RIBÁUÈ_RIBÁUÈ,Mozambique,15.58622013586746,3.211489910661669e-4,WWT
0999,10.625316578298694,MOZAMBIQUE_NIASSA_CHIMBONILA_CHIMBONILA,Mozambique,10.625560844756933,2.442664582389398e-4,WWT
1000,10.449416944261056,MOZAMBIQUE_NIASSA_CHIMBONILA_LIONE,Mozambique,10.44979263510994,3.756908488838917e-4,WWT
1001,7.638817963499626,MOZAMBIQUE_NIASSA_CHIMBONILA_MEPONDA,Mozambique,7.63897918662039,1.6122312076394252e-4,WWT
1002,11.297667834637448,MOZAMBIQUE_NIASSA_CIDADE DE LICHINGA_CIDADE DE LICHINGA,Mozambique,11.298300187898281,6.323532608334403e-4,WWT
1003,15.389777002902196,MOZAMBIQUE_NIASSA_CUAMBA_CIDADE DE CUAMBA,Mozambique,15.390146633827786,3.696309255900587e-4,WWT
1004,12.928032452918085,MOZAMBIQUE_NIASSA_CUAMBA_ETATARA,Mozambique,12.928311821801358,2.793688832731789e-4,WWT
1005,15.85060486350692,MOZAMBIQUE_NIASSA_CUAMBA_LÚRIO,Mozambique,15.850861473418751,2.5660991183151793e-4,WWT
1006,11.288065379410963,MOZAMBIQUE_NIASSA_CUAMBA_MEPICA,Mozambique,11.28832926546355,2.638860525880915e-4,WWT
1007,6.790598110039673,MOZAMBIQUE_NIASSA_LAGO_CÓBUE,Mozambique,6.790606236681411,8.126641738215312e-6,WWT
1008,8.7313148438439,MOZAMBIQUE_NIASSA_LAGO_LUNHO,Mozambique,8.73140905718624,9.421334234005485e-5,WWT
1009,12.238432862940464,MOZAMBIQUE_NIASSA_LAGO_MANIAMBA,Mozambique,12.238627814475379,1.94951534915333e-4,WWT
1010,8.517939413708831,MOZAMBIQUE_NIASSA_LAGO_MELULUCA,Mozambique,8.518095846038772,1.5643232994122513e-4,WWT
1011,8.569281900633827,MOZAMBIQUE_NIASSA_LAGO_METANGULA,Mozambique,8.569526330771344,2.44430137517071e-4,WWT
1012,13.091993467745429,MOZAMBIQUE_NIASSA_MAJUNE_MALANGA,Mozambique,13.092060369725782,6.690198035386175e-5,WWT
1013,12.516066317362252,MOZAMBIQUE_NIASSA_MAJUNE_MUAQUIA,Mozambique,12.516123150035904,5.683267365164113e-5,WWT
1014,11.778232941869138,MOZAMBIQUE_NIASSA_MAJUNE_NAIRRUBI,Mozambique,11.778325680547013,9.273867787484846e-5,WWT
1015,11.447029115626126,MOZAMBIQUE_NIASSA_MANDIMBA_LISSIETE,Mozambique,11.447382716484901,3.53600858774783e-4,WWT
1016,11.401429527641803,MOZAMBIQUE_NIASSA_MANDIMBA_MITANDE,Mozambique,11.40160860177518,1.7907413337781009e-4,WWT
1017,10.719235030293042,MOZAMBIQUE_NIASSA_MARRUPA_MARRANGIRA,Mozambique,10.719265277455978,3.024716293609231e-5,WWT
1018,11.325723180269991,MOZAMBIQUE_NIASSA_MARRUPA_MARRUPA SEDE,Mozambique,11.325767911208501,4.4730938510539886e-5,WWT
1019,12.949847555404023,MOZAMBIQUE_NIASSA_MARRUPA_NUNGO,Mozambique,12.949912036478292,6.448107426848537e-5,WWT
1020,13.916812190245658,MOZAMBIQUE_NIASSA_MAÚA_MAIACA,Mozambique,13.916933215717783,1.2102547212577974e-4,WWT
1021,12.699381051188997,MOZAMBIQUE_NIASSA_MAÚA_MAÚA,Mozambique,12.69945738486415,7.633367515325062e-5,WWT
1022,8.746199839908826,MOZAMBIQUE_NIASSA_MAVAGO_MAVAGO SEDE,Mozambique,8.746234208179573,3.436827074665416e-5,WWT
1023,14.902708521303737,MOZAMBIQUE_NIASSA_MAVAGO_MSAWIZE,Mozambique,14.90274773956687,3.92182631330229e-5,WWT
1024,11.158969999784809,MOZAMBIQUE_NIASSA_MECANHELAS_CHIUTA,Mozambique,11.159320364783678,3.503649988694235e-4,WWT
1025,12.67205834223818,MOZAMBIQUE_NIASSA_MECANHELAS_INSACA,Mozambique,12.672731790328868,6.734480906871454e-4,WWT
1026,10.356847448044393,MOZAMBIQUE_NIASSA_MECULA_MATONDOVELA,Mozambique,10.356872247030797,2.4798986403951062e-5,WWT
1027,7.047957974889346,MOZAMBIQUE_NIASSA_MECULA_MECULA SEDE,Mozambique,7.047981966678002,2.399178865530871e-5,WWT
1028,15.311669146269,MOZAMBIQUE_NIASSA_METARICA_NACUMUA,Mozambique,15.311831071517231,1.6192524823033239e-4,WWT
1029,13.770074675797582,MOZAMBIQUE_NIASSA_METARICA_NAMICUNDI,Mozambique,13.770216807257327,1.4213145974473207e-4,WWT
1030,10.952506987682662,MOZAMBIQUE_NIASSA_MUEMBE_CHICONONO,Mozambique,10.95256942934526,6.244166259783412e-5,WWT
1031,13.19789534863413,MOZAMBIQUE_NIASSA_MUEMBE_MUEMBE,Mozambique,13.198025984452823,1.306358186923262e-4,WWT
1032,13.174643708013758,MOZAMBIQUE_NIASSA_NGAUMA_ITEPELA,Mozambique,13.174854953116567,2.1124510280934317e-4,WWT
1033,10.814021247783353,MOZAMBIQUE_NIASSA_NGAUMA_MASSANGULO,Mozambique,10.814323038988617,3.017912052634131e-4,WWT
1034,13.764469080282518,MOZAMBIQUE_NIASSA_NIPEPE_MULUCO,Mozambique,13.76460282722072,1.337469382018952e-4,WWT
1035,14.597722611899139,MOZAMBIQUE_NIASSA_NIPEPE_NIPEPE SEDE,Mozambique,14.597906978304366,1.8436640522700998e-4,WWT
1036,12.18082412461865,MOZAMBIQUE_NIASSA_SANGA_LUSSIMBESSE,Mozambique,12.18107941912846,2.5529450980954493e-4,WWT
1037,10.461688273224933,MOZAMBIQUE_NIASSA_SANGA_MACALOGE,Mozambique,10.461749878587081,6.160536214849799e-5,WWT
1038,9.702129120572152,MOZAMBIQUE_NIASSA_SANGA_MATCHEDJE,Mozambique,9.702172623892572,4.3503320419802094e-5,WWT
1039,12.347035455255675,MOZAMBIQUE_NIASSA_SANGA_UNANGO,Mozambique,12.347176835224491,1.4137996881657955e-4,WWT
1040,15.743879442768916,MOZAMBIQUE_SOFALA_BÚZI_BÚZI SEDE,Mozambique,15.744201502978461,3.220602095446168e-4,WWT
1041,13.68539778949162,MOZAMBIQUE_SOFALA_BÚZI_ESTAQUINHA,Mozambique,13.685625555448702,2.2776595708151604e-4,WWT
1042,13.107664680852494,MOZAMBIQUE_SOFALA_BÚZI_NOVA SOFALA,Mozambique,13.107889350773977,2.2466992148295617e-4,WWT
1043,17.89793833203699,MOZAMBIQUE_SOFALA_CAIA_CAIA SEDE,Mozambique,17.898315448518325,3.7711648133509357e-4,WWT
1044,16.270747482558793,MOZAMBIQUE_SOFALA_CAIA_MURRACA,Mozambique,16.27119856109898,4.51078540187666e-4,WWT
1045,14.872043026239604,MOZAMBIQUE_SOFALA_CAIA_SENA,Mozambique,14.872453425965695,4.1039972609091535e-4,WWT
1046,12.455607712375082,MOZAMBIQUE_SOFALA_CHEMBA_CHEMBA,Mozambique,12.45599571820057,3.8800582548859097e-4,WWT
1047,10.9675110145309,MOZAMBIQUE_SOFALA_CHEMBA_CHIRAMBA,Mozambique,10.967893055736763,3.820412058637146e-4,WWT
1048,11.946805414341142,MOZAMBIQUE_SOFALA_CHEMBA_MULIMA,Mozambique,11.947129845749739,3.2443140859683695e-4,WWT
1049,18.961491392226883,MOZAMBIQUE_SOFALA_CHERINGOMA_INHAMINGA,Mozambique,18.961769591474464,2.781992475817674e-4,WWT
1050,20.70652851209133,MOZAMBIQUE_SOFALA_CHERINGOMA_INHAMITANGA,Mozambique,20.706889488949436,3.609768581043227e-4,WWT
1051,14.941758220251996,MOZAMBIQUE_SOFALA_CHIBABAVA_CHIBABAVA,Mozambique,14.94198911024705,2.30889995053829e-4,WWT
1052,14.462226141514794,MOZAMBIQUE_SOFALA_CHIBABAVA_GOONDA SEDE,Mozambique,14.462488639345711,2.6249783091714107e-4,WWT
1053,12.42107355607219,MOZAMBIQUE_SOFALA_CHIBABAVA_MUXUNGUE,Mozambique,12.421621103956937,5.475478847465354e-4,WWT
1054,13.182627088662194,MOZAMBIQUE_SOFALA_CIDADE DA BEIRA_CHIVEVE,Mozambique,13.18380990919388,0.0011828205316852802,WWT
1055,13.572859715047969,MOZAMBIQUE_SOFALA_CIDADE DA BEIRA_MANGA LAFORTE,Mozambique,13.573498936579607,6.392215316388672e-4,WWT
1056,13.439927317918666,MOZAMBIQUE_SOFALA_CIDADE DA BEIRA_MUNHAVA,Mozambique,13.4409685577789,0.0010412398602337447,WWT
1057,14.301089229381896,MOZAMBIQUE_SOFALA_CIDADE DA BEIRA_NHANGAU,Mozambique,14.301450607213058,3.613778311617466e-4,WWT
1058,15.501355380338435,MOZAMBIQUE_SOFALA_DONDO_CIDADE DE DONDO,Mozambique,15.501756394125152,4.010137867176411e-4,WWT
1059,18.400619005979053,MOZAMBIQUE_SOFALA_DONDO_MAFAMBISSE,Mozambique,18.401042648221267,4.236422422145836e-4,WWT
1060,16.162564477392493,MOZAMBIQUE_SOFALA_DONDO_SAVANE,Mozambique,16.16284303842937,2.785610368754021e-4,WWT
1061,20.18135463463227,MOZAMBIQUE_SOFALA_GORONGOSA_CANDA,Mozambique,20.18185503353057,5.003988982998919e-4,WWT
1062,19.518109015352415,MOZAMBIQUE_SOFALA_GORONGOSA_GORONGOSA,Mozambique,19.51851094052236,4.019251699460824e-4,WWT
1063,21.779696039021324,MOZAMBIQUE_SOFALA_GORONGOSA_VUNDUZI,Mozambique,21.78018208781708,4.8604879575719906e-4,WWT
1064,19.79648676542025,MOZAMBIQUE_SOFALA_MACHANGA_CHILOANE,Mozambique,19.796904636695633,4.1787127538128743e-4,WWT
1065,10.328570943519882,MOZAMBIQUE_SOFALA_MACHANGA_DIVINHE,Mozambique,10.329021921598745,4.509780788630735e-4,WWT
1066,10.678380069518463,MOZAMBIQUE_SOFALA_MACHANGA_MACHANGA,Mozambique,10.678818807385673,4.3873786720993735e-4,WWT
1067,12.330886255906774,MOZAMBIQUE_SOFALA_MARÍNGUÈ_CANXIXE,Mozambique,12.331150101352568,2.6384544579372005e-4,WWT
1068,15.56758359667157,MOZAMBIQUE_SOFALA_MARÍNGUÈ_MARÍNGUÈ SEDE,Mozambique,15.567869219334696,2.856226631262615e-4,WWT
1069,18.67242689979313,MOZAMBIQUE_SOFALA_MARÍNGUÈ_SUBUE,Mozambique,18.672766802969107,3.399031759769855e-4,WWT
1070,23.817083658317326,MOZAMBIQUE_SOFALA_MARROMEU_CHUPANGA,Mozambique,23.817525153866185,4.414955488591943e-4,WWT
1071,20.64309599529828,MOZAMBIQUE_SOFALA_MARROMEU_MARROMEU,Mozambique,20.64341048438261,3.1448908432807343e-4,WWT
1072,19.10409726568433,MOZAMBIQUE_SOFALA_MUANZA_GALINHA,Mozambique,19.10436167736909,2.64411684760546e-4,WWT
1073,17.837688321436364,MOZAMBIQUE_SOFALA_MUANZA_MUANZA,Mozambique,17.83801419778792,3.258763515567864e-4,WWT
1074,21.67461136529742,MOZAMBIQUE_SOFALA_NHAMATANDA_NHAMATANDA,Mozambique,21.675285993067934,6.746277705147463e-4,WWT
1075,18.18563768518088,MOZAMBIQUE_SOFALA_NHAMATANDA_TICA,Mozambique,18.186096939429596,4.5925424871740006e-4,WWT
1076,10.141888505380333,MOZAMBIQUE_TETE_ANGÓNIA_DOMUE,Mozambique,10.14196313301472,7.462763438681463e-5,WWT
1077,10.765620404343217,MOZAMBIQUE_TETE_ANGÓNIA_ULONGUE,Mozambique,10.765724305342811,1.0390099959423083e-4,WWT
1078,9.464375747127853,MOZAMBIQUE_TETE_CAHORA BASSA_CHINTHOLO,Mozambique,9.46477460579003,3.9885866217659327e-4,WWT
1079,10.563902894701739,MOZAMBIQUE_TETE_CAHORA BASSA_CHITIMA,Mozambique,10.564056184843576,1.532901418368482e-4,WWT
1080,11.881397979070435,MOZAMBIQUE_TETE_CAHORA BASSA_SONGO,Mozambique,11.881642493090414,2.445140199789364e-4,WWT
1081,9.498330436227363,MOZAMBIQUE_TETE_CHANGARA_CHIOCO,Mozambique,9.498572710141744,2.422739143810304e-4,WWT
1082,9.973981264599159,MOZAMBIQUE_TETE_CHANGARA_LUENHA,Mozambique,9.9742230788415025,2.4181424234370752e-4,WWT
1083,11.294717050883797,MOZAMBIQUE_TETE_CHIFUNDE_CHIFUNDE,Mozambique,11.295003719583562,2.866686997649026e-4,WWT
1084,11.601189924266514,MOZAMBIQUE_TETE_CHIFUNDE_MUALADZI,Mozambique,11.60170560218923,5.156779227171171e-4,WWT
1085,15.828986050616123,MOZAMBIQUE_TETE_CHIFUNDE_NSADZO,Mozambique,15.829262758816512,2.7670820038849797e-4,WWT
1086,14.611370133935115,MOZAMBIQUE_TETE_CHIÚTA_KAZULA,Mozambique,14.61182139992156,4.512659864452928e-4,WWT
1087,13.588737756014797,MOZAMBIQUE_TETE_CHIÚTA_MANJE,Mozambique,13.5891713201298,4.33564115002838e-4,WWT
1088,11.58556369521837,MOZAMBIQUE_TETE_CIDADE DE TETE_CIDADE DE TETE,Mozambique,11.586113355439844,5.496602214734025e-4,WWT
1089,12.862661786948042,MOZAMBIQUE_TETE_DÔA_DÔA,Mozambique,12.863341549440893,6.797624928509549e-4,WWT
1090,14.913942679820117,MOZAMBIQUE_TETE_MACANGA_CHIDZOLOMONDO,Mozambique,14.914740771291555,7.98091471438056e-4,WWT
1091,18.912937318910096,MOZAMBIQUE_TETE_MACANGA_FURANCUNGO,Mozambique,18.913016511273206,7.919236310982569e-5,WWT
1092,13.481051884823426,MOZAMBIQUE_TETE_MÁGOÈ_CHINTHOPO,Mozambique,13.48161673535223,5.648505288036176e-4,WWT
1093,11.349220328057978,MOZAMBIQUE_TETE_MÁGOÈ_MPHENDE,Mozambique,11.34933060509616,1.1027703818200507e-4,WWT
1094,8.908246186862847,MOZAMBIQUE_TETE_MÁGOÈ_MUCUMBURA,Mozambique,8.908518873184214,2.726863213666775e-4,WWT
1095,10.784226838336622,MOZAMBIQUE_TETE_MARARA_MARARA,Mozambique,10.784546444175714,3.1960583909196316e-4,WWT
1096,10.9758180454449,MOZAMBIQUE_TETE_MARÁVIA_CHIPERA,Mozambique,10.975975023767301,1.5697832240135767e-4,WWT
1097,11.799703861427547,MOZAMBIQUE_TETE_MARÁVIA_CHIPUTO,Mozambique,11.799859081266613,1.552198390655235e-4,WWT
1098,10.000710668449557,MOZAMBIQUE_TETE_MARÁVIA_FINGOE,Mozambique,10.000801416952854,9.074850329682249e-5,WWT
1099,9.613084281771762,MOZAMBIQUE_TETE_MARÁVIA_MALOWERA,Mozambique,9.613188888879112,1.0460710734960799e-4,WWT
1100,14.187795500813476,MOZAMBIQUE_TETE_MOATIZE_KAMBULATSITSI,Mozambique,14.18823207564494,4.365748314647533e-4,WWT
1101,13.101024281303289,MOZAMBIQUE_TETE_MOATIZE_MOATIZE,Mozambique,13.101424693422654,4.0041211936525656e-4,WWT
1102,14.234244682443702,MOZAMBIQUE_TETE_MOATIZE_ZOBUE,Mozambique,14.234799174889886,5.544924461844403e-4,WWT
1103,16.691074281792144,MOZAMBIQUE_TETE_MUTARARA_CHARRE,Mozambique,16.691777925743168,7.036439510237358e-4,WWT
1104,17.91553929644393,MOZAMBIQUE_TETE_MUTARARA_INHANGOMA,Mozambique,17.916193371935087,6.540754911554814e-4,WWT
1105,12.942481534563202,MOZAMBIQUE_TETE_MUTARARA_NHAMAYABUE,Mozambique,12.942974555485604,4.930209224021098e-4,WWT
1106,10.659820200126823,MOZAMBIQUE_TETE_TSANGANO_NTENGO-WAMBALAME,Mozambique,10.659894924723684,7.472459686042043e-5,WWT
1107,11.391850569524198,MOZAMBIQUE_TETE_TSANGANO_TSANGANO,Mozambique,11.392591043314821,7.404737906231418e-4,WWT
1108,12.170460467354248,MOZAMBIQUE_TETE_ZUMBO_MUZE,Mozambique,12.170592702879603,1.3223552535457372e-4,WWT
1109,11.757268337940484,MOZAMBIQUE_TETE_ZUMBO_ZAMBUE,Mozambique,11.757517358790794,2.490208503100888e-4,WWT
1110,10.157335641817635,MOZAMBIQUE_TETE_ZUMBO_ZUMBO,Mozambique,10.157624814320062,2.891725024269931e-4,WWT
1111,19.381786714790373,MOZAMBIQUE_ZAMBÉZIA_ALTO MOLÓCUÈ_ALTO MOLÓCUÈ SEDE,Mozambique,19.382152869317988,3.661545276152367e-4,WWT
1112,17.39072558683064,MOZAMBIQUE_ZAMBÉZIA_ALTO MOLÓCUÈ_NAUELA,Mozambique,17.391106631246444,3.810444158034443e-4,WWT
1113,16.750480773309118,MOZAMBIQUE_ZAMBÉZIA_CHINDE_CHINDE SEDE,Mozambique,16.75072542017164,2.446468625230125e-4,WWT
1114,20.356288167578917,MOZAMBIQUE_ZAMBÉZIA_CHINDE_MICAUNE,Mozambique,20.35662767128668,3.395037077638108e-4,WWT
1115,26.700671685112148,MOZAMBIQUE_ZAMBÉZIA_DERRE_GUERISSA,Mozambique,26.701202454489867,5.307693777183431e-4,WWT
1116,21.57378004391566,MOZAMBIQUE_ZAMBÉZIA_DERRE_MACHINDO,Mozambique,21.574241327130338,4.6128321467620026e-4,WWT
1117,21.188355073424496,MOZAMBIQUE_ZAMBÉZIA_GILÉ_ALTO LIGONHA,Mozambique,21.18870304108977,3.479676652737851e-4,WWT
1118,20.07892541760436,MOZAMBIQUE_ZAMBÉZIA_GILÉ_GILÉ,Mozambique,20.079204807122718,2.793895183579309e-4,WWT
1119,20.834049706578107,MOZAMBIQUE_ZAMBÉZIA_GURUÈ_CIDADE DE GURUÈ,Mozambique,20.834704656738893,6.549501607864272e-4,WWT
1120,15.452823430752495,MOZAMBIQUE_ZAMBÉZIA_GURUÈ_LIOMA,Mozambique,15.453167385069172,3.439543166763315e-4,WWT
1121,20.73385015526062,MOZAMBIQUE_ZAMBÉZIA_GURUÈ_MEPUAGIUA,Mozambique,20.734437611268874,5.874560082546054e-4,WWT
1122,21.25412876193063,MOZAMBIQUE_ZAMBÉZIA_ILE_ILE,Mozambique,21.254624017712906,4.952557822761605e-4,WWT
1123,23.0510898181751,MOZAMBIQUE_ZAMBÉZIA_ILE_SOCONE,Mozambique,23.051643607794876,5.53789619775813e-4,WWT
1124,17.760273618389704,MOZAMBIQUE_ZAMBÉZIA_INHASSUNGE_GONHANE,Mozambique,17.76075577695034,4.82158560636492e-4,WWT
1125,19.231049759788633,MOZAMBIQUE_ZAMBÉZIA_INHASSUNGE_MUCUPIA,Mozambique,19.23183167909304,7.819193044085182e-4,WWT
1126,23.487533473639736,MOZAMBIQUE_ZAMBÉZIA_LUABO_CHIMBADZO,Mozambique,23.488033508342582,5.000347028456531e-4,WWT
1127,21.529200104484733,MOZAMBIQUE_ZAMBÉZIA_LUABO_SAMORA MACHEL,Mozambique,21.52954293910242,3.428346176868047e-4,WWT
1128,26.755503566841966,MOZAMBIQUE_ZAMBÉZIA_LUGELA_LUGELA SEDE,Mozambique,26.756085250753838,5.816839118715222e-4,WWT
1129,22.346994428872154,MOZAMBIQUE_ZAMBÉZIA_LUGELA_MUABANAMA,Mozambique,22.34769084678534,6.964179131863091e-4,WWT
1130,25.46786581469246,MOZAMBIQUE_ZAMBÉZIA_LUGELA_MUNHAMADE,Mozambique,25.46840766465134,5.41849958882068e-4,WWT
1131,32.197582349981026,MOZAMBIQUE_ZAMBÉZIA_LUGELA_TACUANE,Mozambique,32.19832497499504,7.426250140127877e-4,WWT
1132,19.536937141935155,MOZAMBIQUE_ZAMBÉZIA_MAGANJA DA COSTA_MAGANJA DA COSTA,Mozambique,19.537436441305196,4.992993700412285e-4,WWT
1133,21.698258513344243,MOZAMBIQUE_ZAMBÉZIA_MAGANJA DA COSTA_NANTE,Mozambique,21.69878902056768,5.305072234378372e-4,WWT
1134,13.998169209125715,MOZAMBIQUE_ZAMBÉZIA_MILANGE_MAJAUA,Mozambique,13.999979662071697,0.0018104529459819219,WWT
1135,17.196878217334692,MOZAMBIQUE_ZAMBÉZIA_MILANGE_MILANGE SEDE,Mozambique,17.198021754110307,0.0011435367756149617,WWT
1136,16.614144151916037,MOZAMBIQUE_ZAMBÉZIA_MILANGE_MONGUE,Mozambique,16.61533547607006,0.0011913241540248976,WWT
1137,25.865584392203573,MOZAMBIQUE_ZAMBÉZIA_MOCUBA_CIDADE DE MOCUBA,Mozambique,25.866104689418655,5.202972150826213e-4,WWT
1138,23.681039892968816,MOZAMBIQUE_ZAMBÉZIA_MOCUBA_MUGEBA,Mozambique,23.6815272160211,0.00048732305228327277,WWT
1139,28.75883095352807,MOZAMBIQUE_ZAMBÉZIA_MOCUBA_NAMANJAVIRA,Mozambique,28.75939551318236,5.64559654289809e-4,WWT
1140,17.893276400386714,MOZAMBIQUE_ZAMBÉZIA_MOCUBELA_BAJONE,Mozambique,17.89358818736133,3.117869746169788e-4,WWT
1141,21.501598222469894,MOZAMBIQUE_ZAMBÉZIA_MOCUBELA_MOCUBELA,Mozambique,21.501942422488703,3.4420001880874906e-4,WWT
1142,14.449816302176036,MOZAMBIQUE_ZAMBÉZIA_MOLUMBO_CORROMANA,Mozambique,14.450862999851449,0.0010466976754130997,WWT
1143,15.255448692733639,MOZAMBIQUE_ZAMBÉZIA_MOLUMBO_MOLUMBO SEDE,Mozambique,15.256129014096754,6.803213631147997e-4,WWT
1144,24.802688809495823,MOZAMBIQUE_ZAMBÉZIA_MOPEIA_CAMPO,Mozambique,24.803119592093978,4.307825981548774e-4,WWT
1145,24.231707279138718,MOZAMBIQUE_ZAMBÉZIA_MOPEIA_MOPEIA SEDE,Mozambique,24.23223935816763,5.320790289111699e-4,WWT
1146,17.385952081619592,MOZAMBIQUE_ZAMBÉZIA_MORRUMBALA_CHIRE,Mozambique,17.386846420561827,8.943389422348957e-4,WWT
1147,20.37934248414416,MOZAMBIQUE_ZAMBÉZIA_MORRUMBALA_MEGAZA,Mozambique,20.380182665995818,8.401818516574622e-4,WWT
1148,22.60797875150167,MOZAMBIQUE_ZAMBÉZIA_MORRUMBALA_MORRUMBALA SEDE,Mozambique,22.6086738447679,6.950932662306286e-4,WWT
1149,20.36195729387949,MOZAMBIQUE_ZAMBÉZIA_MULEVALA_CHIRACO,Mozambique,20.36229212086821,3.34826988719783e-4,WWT
1150,21.734302116672858,MOZAMBIQUE_ZAMBÉZIA_MULEVALA_M BAUANE,Mozambique,21.734704513263512,4.023965906547744e-4,WWT
1151,19.677199613275913,MOZAMBIQUE_ZAMBÉZIA_NAMACURRA_MACUSE,Mozambique,19.677781267325713,5.816540497995959e-4,WWT
1152,28.63981520777762,MOZAMBIQUE_ZAMBÉZIA_NAMACURRA_MALEI,Mozambique,28.64049995770401,6.847499263891166e-4,WWT
1153,23.424319161467025,MOZAMBIQUE_ZAMBÉZIA_NAMACURRA_NAMACURRA SEDE,Mozambique,23.424936957288587,6.177958215616286e-4,WWT
1154,30.31640609596912,MOZAMBIQUE_ZAMBÉZIA_NAMARROI_NAMARROI,Mozambique,30.317191905646865,7.858096777439982e-4,WWT
1155,21.977277158043883,MOZAMBIQUE_ZAMBÉZIA_NAMARROI_REGONE,Mozambique,21.977838362650296,5.612046064129572e-4,WWT
1156,30.049661032186833,MOZAMBIQUE_ZAMBÉZIA_NICOADALA_MUNHONHA,Mozambique,30.0502539152384,5.92883051567128e-4,WWT
1157,26.41963329926892,MOZAMBIQUE_ZAMBÉZIA_NICOADALA_NICOADALA SEDE,Mozambique,26.42014674020384,5.134409349203395e-4,WWT
1158,19.908549636287553,MOZAMBIQUE_ZAMBÉZIA_PEBANE_MULELA,Mozambique,19.908806851122804,2.5721483525131816e-4,WWT
1159,20.545010549384486,MOZAMBIQUE_ZAMBÉZIA_PEBANE_NABURI,Mozambique,20.545310072851425,2.9952346693917775e-4,WWT
1160,18.57437714911087,MOZAMBIQUE_ZAMBÉZIA_PEBANE_PEBANE SEDE,Mozambique,18.57464471481427,2.67565703399697e-4,WWT
1161,17.829659447954533,MOZAMBIQUE_ZAMBÉZIA_QUELIMANE_MAQUIVAL,Mozambique,17.830327263721536,6.678157670023666e-4,WWT
1162,19.040352159677603,MOZAMBIQUE_ZAMBÉZIA_QUELIMANE_QUELIMANE,Mozambique,19.04110343514522,7.512754676177735e-4,WWT
1163,14.849990555286276,MOZAMBIQUE_SOFALA_CIDADE DA BEIRA_INHAMIZUA,Mozambique,14.850666886069515,6.76330783239365e-4,WWT
1164,9.491886548427795,MOZAMBIQUE_CABO DELGADO_QUISSANGA_QUISSANGA,Mozambique,9.492099189273848,2.126408460529916e-4,WWT
1165,20.34018379848974,MOZAMBIQUE_ZAMBÉZIA_NICOADALA_NAMACATA,Mozambique,20.340749905361292,5.66106871552563e-4,WWT
1166,11.438071775170027,NAMIBIA_ZAMBEZI_KABBE,Namibia,11.438141363910823,6.958874079643351e-5,WWT
1167,12.32264411606549,NAMIBIA_ZAMBEZI_KATIMA MULILO RURAL,Namibia,12.322728246013684,8.41299481937341e-5,WWT
1168,14.519651440561233,NAMIBIA_ZAMBEZI_KATIMA MULILO URBAN,Namibia,14.519801436020348,1.4999545911464907e-4,WWT
1169,9.704287488794677,NAMIBIA_ZAMBEZI_KONGOLA,Namibia,9.704405050804397,1.1756200972001807e-4,WWT
1170,10.691853731518478,NAMIBIA_ZAMBEZI_LINYANTI,Namibia,10.69199366535645,1.3993383797128445e-4,WWT
1171,11.766496256761776,NAMIBIA_ZAMBEZI_SIBBINDA,Namibia,11.766555129634114,5.8872872337190074e-5,WWT
1172,2.416496883536152,NAMIBIA_ERONGO_ARANDIS,Namibia,2.416548878093092,5.1994556939938263e-5,WWT
1173,2.889989442603021,NAMIBIA_ERONGO_DAURES,Namibia,2.8900230578385457,3.361523552491974e-5,WWT
1174,5.157820136901431,NAMIBIA_ERONGO_KARIBIB,Namibia,5.157892759496088,7.262259465701248e-5,WWT
1175,4.359806327568795,NAMIBIA_ERONGO_OMARURU,Namibia,4.359861603690541,5.527612174560659e-5,WWT
1176,2.4377582609991113,NAMIBIA_ERONGO_SWAKOPMUND,Namibia,2.4381688290267554,4.1056802764405376e-4,WWT
1177,2.8810658473358473,NAMIBIA_ERONGO_WALVIS BAY RURAL,Namibia,2.881132121616867,6.627428101957378e-5,WWT
1178,2.6208739253541005,NAMIBIA_ERONGO_WALVIS BAY URBAN,Namibia,2.6212369004176903,3.629750635898432e-4,WWT
1179,3.1290090726408915,NAMIBIA_HARDAP_GIBEON,Namibia,3.1290362618481558,2.7189207264299853e-5,WWT
1180,4.268970562118429,NAMIBIA_HARDAP_MARIENTAL RURAL,Namibia,4.269008587685479,3.8025567050681275e-5,WWT
1181,3.8536721234734124,NAMIBIA_HARDAP_MARIENTAL URBAN,Namibia,3.853713215231001,4.109175758859607e-5,WWT
1182,4.179165244321952,NAMIBIA_HARDAP_REHOBOTH RURAL,Namibia,4.1792157489723945,5.0504650442206867e-005,WWT
1183,6.415275298583333,NAMIBIA_HARDAP_REHOBOTH URBAN EAST,Namibia,6.4154975150849705,2.222165016378952e-4,WWT
1184,6.483510507528406,NAMIBIA_HARDAP_REHOBOTH URBAN WEST,Namibia,6.48380279056795,2.9228303954376145e-4,WWT
1185,3.0372732928116033,NAMIBIA_//KARAS_BERSEBA,Namibia,3.03730392199169,3.062918008689408e-5,WWT
1186,3.5783386044420595,NAMIBIA_//KARAS_KARASBURG,Namibia,3.578383338955945,4.4734513885646976e-5,WWT
1187,4.077061906774692,NAMIBIA_//KARAS_KEETMANSHOOP RURAL,Namibia,4.077103809928312,4.1903153619848865e-5,WWT
1188,3.5565991020999417,NAMIBIA_//KARAS_KEETMANSHOOP URBAN,Namibia,3.5566900060406135,9.090394067179375e-5,WWT
1189,2.4042586091911686,NAMIBIA_//KARAS_LUDERITZ,Namibia,2.404280861090692,2.2251899523428875e-5,WWT
1190,2.4886542047992792,NAMIBIA_//KARAS_ORANJEMUND,Namibia,2.4886998698245666,4.566502528735583e-5,WWT
1191,7.334280540847996,NAMIBIA_KAVANGO EAST_MASHARE,Namibia,7.334397690712374,1.1714986437727504e-4,WWT
1192,8.530030262440459,NAMIBIA_KAVANGO EAST_MUKWE,Namibia,8.530116861677943,8.659923748410847e-5,WWT
1193,8.407505307314741,NAMIBIA_KAVANGO EAST_NDIYONA,Namibia,8.407636588684387,1.31281369645464e-4,WWT
1194,7.7000517967541136,NAMIBIA_KAVANGO EAST_RUNDU RURAL WEST,Namibia,7.70030243231842,2.5063556430637846e-4,WWT
1195,7.3483169387498775,NAMIBIA_KAVANGO EAST_RUNDU URBAN,Namibia,7.348686016670977,3.690779210998585e-4,WWT
1196,7.340804712263952,NAMIBIA_KAVANGO EAST_RUNDU RURAL EAST,Namibia,7.341001684810405,1.9697254645301143e-4,WWT
1197,9.003776191043382,NAMIBIA_KHOMAS_TOBIAS HAINYEKO,Namibia,9.006979404174995,0.00320321313161287,WWT
1198,9.429833862416231,NAMIBIA_KHOMAS_KATUTURA CENTRAL,Namibia,9.437330080255768,0.0074962178395363566,WWT
1199,9.244383333093696,NAMIBIA_KHOMAS_KATUTURA EAST,Namibia,9.24864921506852,0.004265881974824026,WWT
1200,9.67629089327729,NAMIBIA_KHOMAS_KHOMASDAL NORTH,Namibia,9.682486722110394,0.006195828833103434,WWT
1201,9.124728853195982,NAMIBIA_KHOMAS_SOWETO,Namibia,9.130289310304684,0.0055604571087020105,WWT
1202,9.041611701866103,NAMIBIA_KHOMAS_SAMORA MACHEL,Namibia,9.046828922006435,0.005217220140332657,WWT
1203,11.636492761153562,NAMIBIA_KHOMAS_WINDHOEK EAST,Namibia,11.638418043311034,0.0019252821574724521,WWT
1204,4.938094919725816,NAMIBIA_KHOMAS_WINDHOEK RURAL,Namibia,4.9384256655979835,3.3074587216752604e-4,WWT
1205,11.530393595143904,NAMIBIA_KHOMAS_WINDHOEK WEST,Namibia,11.533279556451209,0.002885961307304896,WWT
1206,8.16665697555077,NAMIBIA_KHOMAS_MOSES //GAROEB,Namibia,8.168373841532917,0.0017168659821464871,WWT
1207,2.247285812070345,NAMIBIA_KUNENE_EPUPA,Namibia,2.2473304306671187,4.4618596773737806e-5,WWT
1208,4.739388232995092,NAMIBIA_KUNENE_KAMANAJB,Namibia,4.73945976443851,7.153144341831563e-5,WWT
1209,2.7920102919934724,NAMIBIA_KUNENE_KHORIXAS,Namibia,2.7920416711797937,3.137918632134529e-5,WWT
1210,2.8686445287551834,NAMIBIA_KUNENE_OPUWO,Namibia,2.8687124641815895,6.793542640615158e-5,WWT
1211,5.361398302385716,NAMIBIA_KUNENE_OUTJO,Namibia,5.361489312703671,9.10103179547761e-5,WWT
1212,2.426669800938962,NAMIBIA_KUNENE_SESFONTEIN,Namibia,2.426700976534873,3.1175595911037135e-5,WWT
1213,5.489962039247689,NAMIBIA_OHANGWENA_EENHANA,Namibia,5.48997489038172,1.2851134030711364e-5,WWT
1214,4.887379434992887,NAMIBIA_OHANGWENA_ENDOLA,Namibia,4.88739972175927,2.0286766383215138e-5,WWT
1215,4.7447840156236625,NAMIBIA_OHANGWENA_ENGELA,Namibia,4.744798730961411,1.4715337748327784e-5,WWT
1216,5.479404406035754,NAMIBIA_OHANGWENA_EPEMBE,Namibia,5.479525968998855,1.2156296310106285e-4,WWT
1217,4.925300985943792,NAMIBIA_OHANGWENA_OHANGWENA,Namibia,4.925317288158573,1.6302214780772317e-5,WWT
1218,5.505741953500573,NAMIBIA_OHANGWENA_OKONGO,Namibia,5.505786556522587,4.4603022013589566e-5,WWT
1219,6.684482679194739,NAMIBIA_OHANGWENA_OMUNDAUNGILO,Namibia,6.684498104946973,1.5425752234676793e-5,WWT
1220,5.645437610250925,NAMIBIA_OHANGWENA_ONDOBE,Namibia,5.645452081833364,1.4471582439057329e-5,WWT
1221,4.483501788806118,NAMIBIA_OHANGWENA_ONGENGA,Namibia,4.483515022333343,1.3233527225153807e-5,WWT
1222,5.3730494229994274,NAMIBIA_OHANGWENA_OSHIKANGO,Namibia,5.373066996754644,1.757375521638238e-5,WWT
1223,5.067456816666599,NAMIBIA_OHANGWENA_OMULONGA,Namibia,5.067472043701235,1.5227034635856285e-5,WWT
1224,5.0583078567587485,NAMIBIA_OMAHEKE_AMINUIS,Namibia,5.058349728690097,4.187193134885803e-5,WWT
1225,5.621250006072879,NAMIBIA_OMAHEKE_GOBABIS,Namibia,5.621308697106997,5.869103411804133e-5,WWT
1226,5.424433332553077,NAMIBIA_OMAHEKE_KALAHARI,Namibia,5.424477264345602,4.393179252470958e-5,WWT
1227,4.928704752311464,NAMIBIA_OMAHEKE_OTJINENE,Namibia,4.928749091385427,4.433907396261816e-5,WWT
1228,5.454775779635466,NAMIBIA_OMAHEKE_OTJOMBINDE,Namibia,5.454817339925694,4.1560290227948826e-5,WWT
1229,5.099631466376046,NAMIBIA_OMAHEKE_STEINHAUSEN,Namibia,5.09967425944339,4.2793067343893654e-5,WWT
1230,5.199143528295466,NAMIBIA_OMAHEKE_EPUKIRO,Namibia,5.199184214180515,4.068588504857473e-5,WWT
1231,3.9702769382974186,NAMIBIA_OMUSATI_ANAMULENGE,Namibia,3.970286417476477,9.4791790585802e-6,WWT
1232,4.150860158570733,NAMIBIA_OMUSATI_ELIM,Namibia,4.150870111019969,9.952449235406391e-6,WWT
1233,4.535333693598285,NAMIBIA_OMUSATI_ETAYI,Namibia,4.53534745396451,1.3760366225135101e-5,WWT
1234,4.003295607399161,NAMIBIA_OMUSATI_OGONGO,Namibia,4.003304824076819,9.216677658407946e-6,WWT
1235,3.733471013415061,NAMIBIA_OMUSATI_OKAHAO,Namibia,3.7335056219052336,3.460849017278278e-5,WWT
1236,4.101143216687889,NAMIBIA_OMUSATI_OKALONGO,Namibia,4.10115343904402,1.0222356130462629e-5,WWT
1237,3.478889492752575,NAMIBIA_OMUSATI_ONESI,Namibia,3.4788960215857814,6.528833206509432e-6,WWT
1238,4.196179251566277,NAMIBIA_OMUSATI_OSHIKUKU,Namibia,4.196190349808063,1.1098241786022811e-5,WWT
1239,3.7871255386806197,NAMIBIA_OMUSATI_OUTAPI,Namibia,3.787134991051019,9.452370399287702e-6,WWT
1240,3.2975366019025167,NAMIBIA_OMUSATI_RUACANA,Namibia,3.297571796988918,3.51950864012629e-5,WWT
1241,4.320078586596834,NAMIBIA_OMUSATI_TSANDI,Namibia,4.320087226217188,8.639620354244926e-6,WWT
1242,4.3170622714729765,NAMIBIA_OMUSATI_OTAMANZI,Namibia,4.3171162656118005,5.3994138824009497e-5,WWT
1243,4.86794274091546,NAMIBIA_OSHANA_OKAKU,Namibia,4.867962618445718,1.9877530258227694e-5,WWT
1244,4.536116529179653,NAMIBIA_OSHANA_OKATANA,Namibia,4.536133241773438,1.6712593785328522e-5,WWT
1245,4.515571117346608,NAMIBIA_OSHANA_OKATJALI,Namibia,4.51558227885876,1.1161512151858233e-5,WWT
1246,4.396289837834418,NAMIBIA_OSHANA_OMPUNDJA,Namibia,4.396301652572272,1.1814737853832469e-5,WWT
1247,4.8282938684202215,NAMIBIA_OSHANA_ONDANGWA,Namibia,4.82831415636776,2.0287947538832896e-5,WWT
1248,4.752407549507327,NAMIBIA_OSHANA_ONGWEDIVA,Namibia,4.752428719415719,2.1169908392515424e-5,WWT
1249,4.611450996578207,NAMIBIA_OSHANA_OSHAKATI EAST,Namibia,4.611470001467538,1.9004889330709318e-5,WWT
1250,4.620064461673332,NAMIBIA_OSHANA_OSHAKATI WEST,Namibia,4.620082507840532,1.80461672005805e-5,WWT
1251,4.840838915268176,NAMIBIA_OSHANA_UUKWIYU,Namibia,4.840858530211174,1.9614942998735785e-5,WWT
1252,4.509949205061533,NAMIBIA_OSHANA_UUVUDHIYA,Namibia,4.510004581196348,5.5376134815432465e-5,WWT
1253,5.7324911378922625,NAMIBIA_OSHIKOTO_EENGONDI,Namibia,5.732547549813536,5.641192127381345e-5,WWT
1254,5.374008065712862,NAMIBIA_OSHIKOTO_GUINAS,Namibia,5.37410261309644,9.454738357828063e-5,WWT
1255,4.8667919354708005,NAMIBIA_OSHIKOTO_OKANKOLO,Namibia,4.866942627493015,1.5069202221429379e-4,WWT
1256,4.826871219205267,NAMIBIA_OSHIKOTO_OLUKONDA,Namibia,4.826885885842171,1.4666636904081543e-5,WWT
1257,4.6345869423758685,NAMIBIA_OSHIKOTO_OMUNTELE,Namibia,4.634682147706542,9.520533067330916e-5,WWT
1258,4.485297746274057,NAMIBIA_OSHIKOTO_OMUTHIYAGWIIPUNDI,Namibia,4.4854306546341896,1.3290836013268859e-4,WWT
1259,4.991712458989106,NAMIBIA_OSHIKOTO_ONAYENA,Namibia,4.991726778247189,1.4319258083261843e-5,WWT
1260,4.972530017438283,NAMIBIA_OSHIKOTO_ONIIPA,Namibia,4.972547312998822,1.7295560539309918e-5,WWT
1261,4.88171367799563,NAMIBIA_OSHIKOTO_ONYAANYA,Namibia,4.881837865313213,1.241873175832353e-4,WWT
1262,7.468808576019571,NAMIBIA_OSHIKOTO_TSUMEB,Namibia,7.469093841577186,2.852655576148777e-4,WWT
1263,5.5594463282953,NAMIBIA_OTJOZONDJUPA_GROOTFONTEIN,Namibia,5.559517453265025,7.112496972538906e-5,WWT
1264,5.653738973287241,NAMIBIA_OTJOZONDJUPA_OKAHANDJA,Namibia,5.6538451418271745,1.0616853993372644e-4,WWT
1265,5.061097426211822,NAMIBIA_OTJOZONDJUPA_OKAKARARA,Namibia,5.061151014532383,5.358832056145957e-5,WWT
1266,5.00914732506937,NAMIBIA_OTJOZONDJUPA_OMATAKO,Namibia,5.009204718710768,5.739364139767389e-5,WWT
1267,5.584974779434889,NAMIBIA_OTJOZONDJUPA_OTAVI,Namibia,5.585031565732895,5.678629800609514e-5,WWT
1268,4.42211830799927,NAMIBIA_OTJOZONDJUPA_OTJIWARONGO,Namibia,4.422179859580652,6.155158138199113e-5,WWT
1269,6.528244063254431,NAMIBIA_OTJOZONDJUPA_TSUMKWE,Namibia,6.528302898498834,5.8835244402644093e-005,WWT
1270,6.342645382141139,NAMIBIA_KAVANGO WEST_KAHENGE,Namibia,6.342737341719204,9.195957806440447e-5,WWT
1271,7.282846347118484,NAMIBIA_KAVANGO WEST_KAPAKO,Namibia,7.283044970635649,1.9862351716426474e-4,WWT
1272,8.498271401914813,NAMIBIA_KAVANGO WEST_MPUNGU,Namibia,8.498309198653029,3.779673821568963e-5,WWT
1273,7.119280356407904,Buffalo City (BUF),South Africa,7.120267932636159,9.875762282547385e-4,WWT
1274,5.4246568245451545,City of Cape Town (CPT),South Africa,5.426502776051685,0.0018459515065307741,WWT
1275,8.047831042361288,Camdeboo/Ikwezi/Baviaans (EC101),South Africa,8.048057261329948,2.2621896865970825e-4,WWT
1276,6.725646565143586,Blue Crane Rout/ie (EC102),South Africa,6.72590947182308,2.629066794934687e-4,WWT
1277,6.474381874812278,Makana (EC104),South Africa,6.474737116160703,3.5524134842468413e-4,WWT
1278,5.54369079326417,Ndlambe (EC105),South Africa,5.544007822002913,3.1702873874372983e-4,WWT
1279,8.224941427044037,Sundays River Valley (EC106),South Africa,8.225997509930792,0.001056082886755405,WWT
1280,6.2421394366435585,Kouga (EC108),South Africa,6.242497032520676,3.575958771175891e-4,WWT
1281,6.724268564675571,Kou-Kamma (EC109),South Africa,6.724466793402646,1.9822872707564443e-4,WWT
1282,8.318840466074402,Mbhashe (EC121),South Africa,8.319714330647239,8.7386457283678e-4,WWT
1283,8.319116653201572,Mnquma (EC122),South Africa,8.319910260102223,7.936069006504454e-4,WWT
1284,7.7818186642887275,Great Kei (EC123),South Africa,7.782433558907957,6.148946192299221e-4,WWT
1285,8.06374829692876,Amahlathi (EC124),South Africa,8.064360913262675,6.126163339157387e-4,WWT
1286,6.338844568834656,Ngqushwa (EC126),South Africa,6.3393597231335,5.151542988439672e-4,WWT
1287,7.8229825467740675,Nkonkobe/Nxuba (EC129),South Africa,7.823455669780961,4.731230068939496e-4,WWT
1288,6.955330419617779,Inxuba Yethemba (EC131),South Africa,6.955525752556753,1.9533293897389115e-4,WWT
1289,8.917979843151493,Intsika Yethu (EC135),South Africa,8.918732980416369,7.531372648763579e-4,WWT
1290,8.828385590659343,Emalahleni (EC136),South Africa,8.828929626615986,5.440359566435404e-4,WWT
1291,11.788568390139233,Engcobo (EC137),South Africa,11.790657898965751,0.0020895088265184825,WWT
1292,10.946575049471525,Sakhisizwe (EC138),South Africa,10.947547878319584,9.728288480594927e-4,WWT
1293,7.973039011289215,Tsolwana/Inkwanca/Lukanji (EC139),South Africa,7.973384495106383,3.454838171679242e-4,WWT
1294,11.286075597932685,Elundini (EC141),South Africa,11.28699154465905,9.159467263657461e-4,WWT
1295,9.878215585197962,Senqu (EC142),South Africa,9.87882188865987,6.06303461907487e-4,WWT
1296,8.431373092502215,Maletswai/Gariep (EC145),South Africa,8.431691641975336,3.185494731212657e-4,WWT
1297,10.374947819663308,Ngquza Hill (EC153),South Africa,10.3762887701176,0.0013409504542920558,WWT
1298,9.332064902436183,Port St Johns (EC154),South Africa,9.333227035974549,0.0011621335383651399,WWT
1299,10.253650765938001,Nyandeni (EC155),South Africa,10.255227461949833,0.0015766960118313023,WWT
1300,11.857698787000537,Mhlontlo (EC156),South Africa,11.859332088833902,0.0016333018333654081,WWT
1301,9.456593915795576,King Sabata Dalindyebo (EC157),South Africa,9.457883160625816,0.001289244830239511,WWT
1302,11.379890443476274,Matatiele (EC441),South Africa,11.380752619287167,8.621758108926514e-4,WWT
1303,11.533286935416049,Umzimvubu (EC442),South Africa,11.534490076912922,0.0012031414968731724,WWT
1304,11.15806044137081,Mbizana (EC443),South Africa,11.159637251248409,0.0015768098775978956,WWT
1305,12.111676643042262,Ntabankulu (EC444),South Africa,12.113392020471267,0.0017153774290044055,WWT
1306,33.350074119192,Ekurhuleni (EKU),South Africa,33.3583861031569,0.008311983964901515,WWT
1307,16.187125080986426,eThekwini (ETH),South Africa,16.192336909410106,0.005211828423679066,WWT
1308,8.768791061275339,Letsemeng (FS161),South Africa,8.769045575990603,2.545147152641647e-4,WWT
1309,9.166697985219171,Kopanong (FS162),South Africa,9.167076159456704,3.7817423753239154e-4,WWT
1310,9.87342787964548,Mohokare (FS163),South Africa,9.873961578974994,5.336993295141923e-4,WWT
1311,11.089419460088914,Masilonyana (FS181),South Africa,11.089944109909819,5.246498209050543e-4,WWT
1312,9.08103560684988,Tokologo (FS182),South Africa,9.081318445581134,2.828387312536762e-4,WWT
1313,10.421790353064964,Tswelopele (FS183),South Africa,10.422179900681495,3.895476165318712e-4,WWT
1314,13.145798258557114,Matjhabeng (FS184),South Africa,13.146466820555318,6.685619982036428e-4,WWT
1315,12.323610581243798,Nala (FS185),South Africa,12.324144239903557,5.33658659758629e-4,WWT
1316,13.35695987373328,Setsoto (FS191),South Africa,13.35756752454148,6.076508082006882e-4,WWT
1317,16.40208625995166,Dihlabeng (FS192),South Africa,16.402740447392947,6.541874412882009e-4,WWT
1318,18.126575112135054,Nketoana (FS193),South Africa,18.12725837419285,6.832620577945647e-4,WWT
1319,20.611911035104306,Maluti a Phofung (FS194),South Africa,20.61315579481764,0.0012447597133338206,WWT
1320,22.804380590436498,Phumelela (FS195),South Africa,22.80505841120028,6.778207637836431e-4,WWT
1321,11.746448548730958,Mantsopa (FS196),South Africa,11.747087851287278,6.393025563191657e-4,WWT
1322,14.891598270090954,Moqhaka (FS201),South Africa,14.892324514929218,7.262448382636677e-4,WWT
1323,19.48317376548467,Ngwathe (FS203),South Africa,19.48425826202185,0.0010844965371816784,WWT
1324,22.306397567051178,Metsimaholo (FS204),South Africa,22.308338221052658,0.0019406540014799134,WWT
1325,22.408875119558644,Mafube (FS205),South Africa,22.409775190962115,9.000714034712587e-4,WWT
1326,32.17344252607822,Emfuleni (GT421),South Africa,32.17987171854164,0.0064291924634218844,WWT
1327,25.509845341825613,Midvaal (GT422),South Africa,25.512829862455266,0.0029845206296528204,WWT
1328,25.38892240743855,Lesedi (GT423),South Africa,25.391606446340596,0.0026840389020463817,WWT
1329,36.450630305809405,Mogale City (GT481),South Africa,36.45781675255102,0.007186446741613395,WWT
1330,29.75942231277822,Merafong City (GT484),South Africa,29.763658933018633,0.004236620240412492,WWT
1331,43.359011899505084,New (GT485),South Africa,43.37376443555532,0.014752536050238518,WWT
1332,38.30469249867365,City of Johannesburg (JHB),South Africa,38.31706051146947,0.012368012795818117,WWT
1333,13.899869038436616,Umdoni (KZN212),South Africa,13.902164256277567,0.0022952178409507695,WWT
1334,12.298250628426961,Umzumbe (KZN213),South Africa,12.299823752120103,0.0015731236931415538,WWT
1335,12.094138156432543,uMuziwabantu (KZN214),South Africa,12.095648089760942,0.0015099333283998817,WWT
1336,10.539327642985853,Hibiscus Coast (KZN216),South Africa,10.540718601466258,0.0013909584804050468,WWT
1337,21.30630320592433,uMshwathi (KZN221),South Africa,21.310397591978766,0.004094386054436683,WWT
1338,19.192575570366813,uMngeni (KZN222),South Africa,19.195106793615835,0.0025312232490222186,WWT
1339,19.86018216378696,Mpofana (KZN223),South Africa,19.8622716691399,0.002089505352941501,WWT
1340,16.215031536841394,Impendle (KZN224),South Africa,16.216260716346017,0.0012291795046230902,WWT
1341,17.519472059678947,The Msunduzi (KZN225),South Africa,17.522761814442184,0.0032897547632373403,WWT
1342,17.55230346767145,Mkhambathini (KZN226),South Africa,17.556678860755774,0.004375393084323775,WWT
1343,16.85817771714793,Richmond (KZN227),South Africa,16.8609119324056,0.002734215257667927,WWT
1344,19.848541452098186,Okhahlamba (KZN235),South Africa,19.849764625566227,0.0012231734680412387,WWT
1345,19.930725001295315,New (KZN237),South Africa,19.932569744231436,0.0018447429361216905,WWT
1346,20.206859864755888,New (KZN238),South Africa,20.20845043630203,0.0015905715461421721,WWT
1347,18.4214416760786,Endumeni (KZN241),South Africa,18.42246807124694,0.0010263951683384676,WWT
1348,15.296264275224223,Nqutu (KZN242),South Africa,15.297355053824054,0.0010907785998313102,WWT
1349,18.907134177416598,Msinga (KZN244),South Africa,18.908777897892733,0.0016437204761352575,WWT
1350,16.970696118838895,Umvoti (KZN245),South Africa,16.972324021675895,0.0016279028370007609,WWT
1351,23.723694777266374,Newcastle (KZN252),South Africa,23.72520418354981,0.0015094062834357658,WWT
1352,19.64466782320254,Emadlangeni (KZN253),South Africa,19.6454429267987,7.751035961618413e-4,WWT
1353,28.12487851705371,Dannhauser (KZN254),South Africa,28.127489945994707,0.002611428940998195,WWT
1354,16.222266649615715,eDumbe (KZN261),South Africa,16.223150250670745,8.836010550297146e-4,WWT
1355,12.9360677181229,uPhongolo (KZN262),South Africa,12.93697062854791,9.029104250100062e-4,WWT
1356,14.4678468565484,Abaqulusi (KZN263),South Africa,14.468787592036028,9.407354876280749e-4,WWT
1357,10.992911289868905,Nongoma (KZN265),South Africa,10.993764159370626,8.528695017204768e-4,WWT
1358,13.592146904229404,Ulundi (KZN266),South Africa,13.593210182509756,0.0010632782803519092,WWT
1359,9.58886099897068,Umhlabuyalingana (KZN271),South Africa,9.589443623429343,5.826244586621954e-4,WWT
1360,10.505813343717033,Jozini (KZN272),South Africa,10.506475086125493,6.617424084591761e-4,WWT
1361,9.041808815293985,Mtubatuba (KZN275),South Africa,9.042536744635198,7.279293412132404e-4,WWT
1362,9.28138771206469,New (KZN276),South Africa,9.281991037117752,6.033250530617096e-4,WWT
1363,10.266543027393672,Mfolozi (KZN281),South Africa,10.267550911690915,0.001007884297242967,WWT
1364,10.416351286128387,uMhlathuze (KZN282),South Africa,10.417464302666218,0.0011130165378308021,WWT
1365,12.830260035093652,uMlalazi (KZN284),South Africa,12.831666603834442,0.0014065687407907035,WWT
1366,13.28181144931237,Mthonjaneni (KZN285),South Africa,13.282939974927313,0.0011285256149431433,WWT
1367,14.970997705663072,Nkandla (KZN286),South Africa,14.97228559219421,0.0012878865311378718,WWT
1368,12.116985546557345,Mandeni (KZN291),South Africa,12.118503492870783,0.0015179463134380455,WWT
1369,13.16950666320067,KwaDukuza (KZN292),South Africa,13.171356518012582,0.0018498548119119107,WWT
1370,14.668427280666785,Ndwedwe (KZN293),South Africa,14.670752186615136,0.002324905948350775,WWT
1371,15.224808395721519,Maphumulo (KZN294),South Africa,15.22673470288511,0.0019263071635915452,WWT
1372,12.756731385554737,Greater Kokstad (KZN433),South Africa,12.757793481414183,0.001062095859445833,WWT
1373,14.472756380541952,Ubuhlebezwe (KZN434),South Africa,14.47459376893258,0.0018373883906281918,WWT
1374,13.877622696716916,Umzimkhulu (KZN435),South Africa,13.879105450016292,0.0014827532993759718,WWT
1375,17.522308033760588,New (KZN436),South Africa,17.523867754330148,0.001559720569559886,WWT
1376,12.541358494668305,Greater Giyani (LIM331),South Africa,12.542425947736096,0.001067453067790325,WWT
1377,19.09718663077603,Greater Letaba (LIM332),South Africa,19.099583465301325,0.0023968345252960432,WWT
1378,16.805724362156187,Greater Tzaneen (LIM333),South Africa,16.807319157660697,0.00159479550450925,WWT
1379,13.338574593637473,Ba-Phalaborwa (LIM334),South Africa,13.339391808133945,8.172144964717631e-4,WWT
1380,14.807438150961286,Maruleng (LIM335),South Africa,14.808434526686352,9.963757250659455e-4,WWT
1381,13.461392059016669,Musina (LIM341),South Africa,13.461998220723622,6.061617069530456e-4,WWT
1382,14.564377814675701,Thulamela (LIM343),South Africa,14.56588549724852,0.00150768257281797,WWT
1383,12.371033799386067,Makhado (LIM344),South Africa,12.371771696966915,7.378975808478572e-4,WWT
1384,11.800033498079708,New (LIM345),South Africa,11.801085705231312,0.0010522071516039233,WWT
1385,11.50718681568748,Blouberg (LIM351),South Africa,11.507678274174848,4.914584873692007e-4,WWT
1386,12.681804332265052,Molemole (LIM353),South Africa,12.682529444649646,7.251123845932739e-4,WWT
1387,14.493906864151306,Polokwane (LIM354),South Africa,14.495212376639447,0.0013055124881411473,WWT
1388,14.204031189852618,Lepele-Nkumpi (LIM355),South Africa,14.204953717844635,9.22527992017308e-4,WWT
1389,15.942783994163221,Thabazimbi (LIM361),South Africa,15.943312334189574,5.283400263529359e-4,WWT
1390,12.66612267493217,Lephalale (LIM362),South Africa,12.666499602653415,3.769277212448685e-4,WWT
1391,20.698167358448995,Bela-Bela (LIM366),South Africa,20.6994431712648,0.001275812815805466,WWT
1392,14.463741414294752,Mogalakwena (LIM367),South Africa,14.464667936379616,9.265220848639899e-4,WWT
1393,18.25648763910133,Modimolle/Mookgophong (LIM368),South Africa,18.25748873141073,0.0010010923094014856,WWT
1394,19.659963865405526,Ephraim Mogale (LIM471),South Africa,19.661322931557176,0.0013590661516502678,WWT
1395,22.9247693096117,Elias Motsoaledi (LIM472),South Africa,22.92666059361413,0.0018912840024292166,WWT
1396,16.383731341712288,Makhuduthamaga (LIM473),South Africa,16.38506020105451,0.0013288593422231543,WWT
1397,16.931127801930877,Greater Tubatse/Fetakgomo (LIM476),South Africa,16.9324037052495,0.0012759033186213742,WWT
1398,10.288068723250314,Mangaung (MAN),South Africa,10.288672650185703,6.039269353887988e-4,WWT
1399,20.102335852970587,Chief Albert Luthuli (MP301),South Africa,20.103193525316353,8.576723457665025e-4,WWT
1400,24.244816762294594,Msukaligwa (MP302),South Africa,24.245675342638354,8.585803437597406e-4,WWT
1401,17.28162550058203,Mkhondo (MP303),South Africa,17.28248148506115,8.559844791200533e-4,WWT
1402,23.573971755019965,Dr Pixley Ka Isaka Seme (MP304),South Africa,23.574704918945745,7.331639257799338e-4,WWT
1403,26.632185801242006,Lekwa (MP305),South Africa,26.63308487664099,8.990753989834843e-4,WWT
1404,23.796074921648735,Dipaleseng (MP306),South Africa,23.797526907717533,0.001451986068797595,WWT
1405,28.564945516179918,Govan Mbeki (MP307),South Africa,28.56642472149509,0.0014792053151708728,WWT
1406,29.836115160355373,Victor Khanye (MP311),South Africa,29.8391756388622,0.0030604785068284457,WWT
1407,29.81307149846573,Emalahleni (MP312),South Africa,29.81541407885102,0.002342580385288784,WWT
1408,26.96017940470056,Steve Tshwete (MP313),South Africa,26.961883914978184,0.0017045102776229726,WWT
1409,20.217545566672108,Emakhazeni (MP314),South Africa,20.218473047075204,9.274804030958705e-4,WWT
1410,27.729888949952777,Thembisile (MP315),South Africa,27.732689410958887,0.002800461006110311,WWT
1411,20.15451149075576,Dr JS Moroka (MP316),South Africa,20.15612909668957,0.0016176059338093296,WWT
1412,20.253702994688112,Thaba Chweu (MP321),South Africa,20.254581695767264,8.787010791522221e-4,WWT
1413,13.179555428008584,Nkomazi (MP324),South Africa,13.180563108097754,0.001007680089170293,WWT
1414,12.686270006261323,Bushbuckridge (MP325),South Africa,12.686981034568607,7.110283072844226e-4,WWT
1415,20.357407842894588,Mbombela/Umjindi (MP326),South Africa,20.358957896470667,0.001550053576078625,WWT
1416,2.618009352680094,Richtersveld (NC061),South Africa,2.618043180715355,3.382803526097433e-5,WWT
1417,3.0625969934314705,Nama Khoi (NC062),South Africa,3.062651628961793,5.463553032258872e-5,WWT
1418,3.5740571351140225,Kamiesberg (NC064),South Africa,3.574118676421658,6.154130763569299e-5,WWT
1419,5.031354954012798,Hantam (NC065),South Africa,5.031358832108181,3.878095382603419e-6,WWT
1420,3.7517316417611544,Karoo Hoogland (NC066),South Africa,3.7517923617157916,6.071995463718949e-5,WWT
1421,3.4630449118169473,Khâi-Ma (NC067),South Africa,3.4630965941482565,5.168233130925515e-5,WWT
1422,5.076949299766512,Ubuntu (NC071),South Africa,5.077038460838684,8.916107217160629e-5,WWT
1423,7.5087745339352905,Umsobomvu (NC072),South Africa,7.5089772450038,2.0271106850966447e-4,WWT
1424,6.147311828081861,Emthanjeni (NC073),South Africa,6.147443161994901,1.313339130399882e-4,WWT
1425,4.838253904154013,Kareeberg (NC074),South Africa,4.83832972484022,7.582068620681781e-5,WWT
1426,7.650323903578128,Renosterberg (NC075),South Africa,7.650505391096842,1.8148751871382984e-4,WWT
1427,6.790684445840795,Thembelihle (NC076),South Africa,6.7908291072628755,1.4466142208036104e-4,WWT
1428,5.847041991211801,Siyathemba (NC077),South Africa,5.847143776226364,1.0178501456348243e-4,WWT
1429,6.938146366119213,Siyancuma (NC078),South Africa,6.9383183916568365,1.7202553762363237e-4,WWT
1430,4.366719543636811,Kai !Garib (NC082),South Africa,4.366791002576662,7.145893985072149e-5,WWT
1431,5.182914403717596,!Kheis (NC084),South Africa,5.182999151795493,8.474807789760064e-5,WWT
1432,7.153603980364416,Tsantsabane (NC085),South Africa,7.153777637182197,1.7365681778080955e-4,WWT
1433,8.448089143956594,Kgatelopele (NC086),South Africa,8.44833272938606,2.4358542946600892e-4,WWT
1434,4.994952888402818,//Khara Hais/Mier (NC087),South Africa,4.995027776822277,7.488841945946234e-5,WWT
1435,8.405783138475785,Sol Plaatjie (NC091),South Africa,8.406231822368532,4.486838927473258e-4,WWT
1436,8.559943257347006,Dikgatlong (NC092),South Africa,8.56020491206068,2.6165471367356474e-4,WWT
1437,9.089616756320874,Magareng (NC093),South Africa,9.089956556530025,3.39800209150809e-4,WWT
1438,9.596990550302387,Phokwane (NC094),South Africa,9.597441391502327,4.5084119994065475e-4,WWT
1439,7.9431969061652135,Joe Morolong (NC451),South Africa,7.943405387135913,2.0848097069947613e-4,WWT
1440,8.976339914750557,Ga-Segonyana (NC452),South Africa,8.976681456836765,3.415420862076246e-4,WWT
1441,9.051845568585486,Gamagara (NC453),South Africa,9.052164041201253,3.1847261576700703e-4,WWT
1442,7.288249502496699,Nelson Mandela Bay (NMA),South Africa,7.2902099545319565,0.0019604520352576316,WWT
1443,25.686128038872248,Moretele (NW371),South Africa,25.688395358343577,0.0022673194713291878,WWT
1444,25.563373024552845,Local Municipality of Madibeng (NW372),South Africa,25.565870197594293,0.002497173041447809,WWT
1445,28.239902436381968,Rustenburg (NW373),South Africa,28.243298258428332,0.0033958220463645716,WWT
1446,22.59417037441306,Kgetlengrivier (NW374),South Africa,22.595749122887362,0.0015787484743015057,WWT
1447,19.569416801798717,Moses Kotane (NW375),South Africa,19.570463951160676,0.0010471493619590433,WWT
1448,12.995825310069522,Ratlou (NW381),South Africa,12.996587387807818,7.6207773829573e-4,WWT
1449,14.311285816900426,Tswaing (NW382),South Africa,14.312177503809927,8.916869095010327e-4,WWT
1450,15.14060640246323,Mafikeng (NW383),South Africa,15.14156205954563,9.556570823985311e-4,WWT
1451,17.597484221954044,Ditsobotla (NW384),South Africa,17.59845143471315,9.672127591073831e-4,WWT
1452,16.26175733631003,Ramotshere Moiloa (NW385),South Africa,16.262566394904457,8.090585944273698e-4,WWT
1453,11.035780962366026,Naledi (NW392),South Africa,11.036274933904284,4.939715382583643e-4,WWT
1454,11.327914482893078,Mamusa (NW393),South Africa,11.328450265062344,5.357821692655307e-4,WWT
1455,12.043259467738059,Greater Taung (NW394),South Africa,12.044573549826845,0.0013140820887862503,WWT
1456,10.397983346849355,Lekwa-Teemane (NW396),South Africa,10.398389646524137,4.0629967478267304e-4,WWT
1457,8.893633470129416,Kagisano/Molopo (NW397),South Africa,8.893880259630855,2.4678950143908196e-4,WWT
1458,16.9836330748389,City of Matlosana (NW403),South Africa,16.984837569517406,0.0012044946785074728,WWT
1459,12.979771521169923,Maquassi Hills (NW404),South Africa,12.9803931190269,6.215978569770186e-4,WWT
1460,24.078117532499643,Ventersdorp/Tlokwe (NW405),South Africa,24.08033593075133,0.0022183982516850165,WWT
1461,30.4512396167611,City of Tshwane (TSH),South Africa,30.455503595747984,0.004263978986884354,WWT
1462,3.1517065670190925,Matzikama (WC011),South Africa,3.1517792048009077,7.263778181521019e-5,WWT
1463,4.5279517192097964,Cederberg (WC012),South Africa,4.5280821800418085,1.3046083201206926e-4,WWT
1464,4.222028156976704,Bergrivier (WC013),South Africa,4.222268696998211,2.4054002150641907e-4,WWT
1465,3.5140283699671078,Saldanha Bay (WC014),South Africa,3.5143108617858267,2.8249181871897733e-4,WWT
1466,4.087856583514875,Swartland (WC015),South Africa,4.088317196722804,4.60613207929228e-4,WWT
1467,4.578748420530056,Witzenberg (WC022),South Africa,4.578985012514283,2.3659198422709693e-4,WWT
1468,5.108438291380452,Drakenstein (WC023),South Africa,5.109363644363016,9.253529825645757e-4,WWT
1469,7.95181256613022,Stellenbosch (WC024),South Africa,7.955430210662934,0.0036176445327136264,WWT
1470,5.077368771032102,Breede Valley (WC025),South Africa,5.07788761010063,5.188390685280098e-4,WWT
1471,5.906925294709146,Langeberg (WC026),South Africa,5.907600880021913,6.75585312766458e-4,WWT
1472,6.115926902785693,Theewaterskloof (WC031),South Africa,6.116855605499287,9.287027135940207e-4,WWT
1473,4.89561255943618,Overstrand (WC032),South Africa,4.896233983719251,6.214242830706596e-4,WWT
1474,5.038544596920376,Cape Agulhas (WC033),South Africa,5.038911874731138,3.672778107617347e-4,WWT
1475,5.709466388721244,Swellendam (WC034),South Africa,5.709805568195382,3.391794741380849e-4,WWT
1476,6.014760832439288,Kannaland (WC041),South Africa,6.01499334450105,2.3251206176233552e-4,WWT
1477,6.381330823485982,Hessequa (WC042),South Africa,6.381569674950301,2.3885146431901205e-4,WWT
1478,7.7231885723331,Mossel Bay (WC043),South Africa,7.723479031316687,2.9045898358681654e-4,WWT
1479,17.389974668470135,George (WC044),South Africa,17.39014129404197,1.6662557183622084e-4,WWT
1480,8.357896635400587,Oudtshoorn (WC045),South Africa,8.358278812957765,3.82177557177954e-4,WWT
1481,9.84598742207844,Bitou (WC047),South Africa,9.84652203815999,5.34616081548478e-4,WWT
1482,22.325531579150045,Knysna (WC048),South Africa,22.325687684624214,1.5610547416855525e-4,WWT
1483,4.293422840601749,Laingsburg (WC051),South Africa,4.293539696342827,1.168557410782256e-4,WWT
1484,4.706789755517383,Prince Albert (WC052),South Africa,4.706886323000216,9.656748283237704e-5,WWT
1485,4.839237747802334,Beaufort West (WC053),South Africa,4.839326271093451,8.852329111697088e-5,WWT
1486,15.94531179471645,Timphisini,Eswatini,15.946889236722424,0.0015774420059742056,WWT
1487,17.466602724409054,Ntfonjeni,Eswatini,17.468227305810874,0.0016245814018205351,WWT
1488,15.208511371058218,Mayiwane,Eswatini,15.209966027424773,0.0014546563665547296,WWT
1489,13.901122286026402,Mhlangatane,Eswatini,13.90241277204814,0.0012904860217375358,WWT
1490,16.171193568071615,Ndzingeni,Eswatini,16.172648736368213,0.001455168296597975,WWT
1491,15.232916518939536,Madlangempisi,Eswatini,15.234353829532918,0.001437310593381369,WWT
1492,15.873361410043344,Maphalaleni,Eswatini,15.874709983029843,0.0013485729864992635,WWT
1493,17.505001273492752,Pigg's Peak,Eswatini,17.506433567382736,0.0014322938899837823,WWT
1494,17.040166889427724,Nkhaba,Eswatini,17.041436511058446,0.0012696216307226393,WWT
1495,16.13362244853029,Motjane,Eswatini,16.134854038552064,0.0012315900217743092,WWT
1496,16.137080696223542,Mbabane West,Eswatini,16.138481476844362,0.0014007806208198303,WWT
1497,16.711051407567385,Mbabane East,Eswatini,16.712670258963307,0.001618851395921439,WWT
1498,16.011839127081863,Hhukwini,Eswatini,16.013226447946327,0.0013873208644632484,WWT
1499,16.293615745855686,Lobamba,Eswatini,16.295384207646645,0.0017684617909594635,WWT
1500,14.235392325057706,Mkhiweni,Eswatini,14.236629646382799,0.0012373213250924664,WWT
1501,14.373164872999222,Kukhanyeni,Eswatini,14.374706906108216,0.0015420331089934791,WWT
1502,13.719943745903562,Mafutseni,Eswatini,13.721446855063753,0.0015031091601915847,WWT
1503,14.155269720311209,Mthongwaneni,Eswatini,14.156854643471432,0.001584923160223184,WWT
1504,14.141694515369899,Manzini North,Eswatini,14.14329611292166,0.001601597551761813,WWT
1505,14.234791599024447,Manzini South,Eswatini,14.236445098020582,0.0016534989961343172,WWT
1506,14.657135446583853,Kwaluseni,Eswatini,14.658795085643566,0.001659639059713669,WWT
1507,15.240765003978744,Ludzeludze,Eswatini,15.242415643670611,0.001650639691867184,WWT
1508,15.109771942866532,Lobamba Lomdzala,Eswatini,15.111314219793789,0.001542276927256836,WWT
1509,13.869332922756403,Nhlambeni,Eswatini,13.870729443272701,0.0013965205162982386,WWT
1510,15.340631989517195,Ntondozi,Eswatini,15.342180949378367,0.0015489598611715394,WWT
1511,14.789109411604112,La-Mgabhi,Eswatini,14.790285406153304,0.0011759945491913726,WWT
1512,16.196267526373752,Mhlambanyatsi,Eswatini,16.19736213559341,0.0010946092196562063,WWT
1513,17.30515348629373,Mangcongco,Eswatini,17.306071800469887,9.183141761575087e-4,WWT
1514,15.945428838463947,Ngwempisi,Eswatini,15.94642310778488,9.942693209339382e-4,WWT
1515,15.497154752030264,Mahlangatsha,Eswatini,15.498410047651848,0.0012552956215845512,WWT
1516,14.056240444487594,Kubuta,Eswatini,14.057331969073102,0.0010915245855080968,WWT
1517,14.447565903818786,Nkwene,Eswatini,14.448622995598987,0.0010570917802006363,WWT
1518,14.215490722952675,Mtsambama,Eswatini,14.216567255055496,0.001076532102821659,WWT
1519,15.090018814945035,Gege,Eswatini,15.090961150335135,9.423353900999132e-4,WWT
1520,14.294252748774738,Mbangweni,Eswatini,14.295293270356357,0.001040521581618492,WWT
1521,14.95420993719595,Maseyisini,Eswatini,14.955250955806667,0.0010410186107172592,WWT
1522,14.854507866364994,Sandleni,Eswatini,14.85593992838055,0.0014320620155565678,WWT
1523,14.167679178369466,Ngudzeni,Eswatini,14.168930063777001,0.0012508854075345965,WWT
1524,14.555796568049267,Zombodze,Eswatini,14.556997840358168,0.0012012723089007693,WWT
1525,14.854725315369532,Shiselweni,Eswatini,14.856090571219742,0.0013652558502101897,WWT
1526,14.228514827277959,Hosea,Eswatini,14.229798630251018,0.0012838029730595224,WWT
1527,13.705843242341178,Sigwe,Eswatini,13.706989727283442,0.0011464849422644363,WWT
1528,13.387254822253968,Matsanjeni South,Eswatini,13.388243745559382,9.889233054138913e-4,WWT
1529,12.40463346321587,Somntongo,Eswatini,12.405446782347006,8.133191311365806e-4,WWT
1530,12.107181859804282,Lubuli,Eswatini,12.10798596022029,8.041004160084242e-4,WWT
1531,13.525231856885876,Sithobela,Eswatini,13.52627285770576,0.001041000819883564,WWT
1532,11.903446974733416,Nkilongo,Eswatini,11.904292698587614,8.457238541978995e-4,WWT
1533,12.70664464943022,Siphofaneni,Eswatini,12.707698410410341,0.001053760980120444,WWT
1534,11.988526941833799,Mpolonjeni,Eswatini,11.98940388388565,8.769420518515147e-4,WWT
1535,12.022814851341263,Matsanjeni North,Eswatini,12.02358107512267,7.662237814081152e-4,WWT
1536,12.237766662940913,Lugongolweni,Eswatini,12.238595841685466,8.291787445529053e-4,WWT
1537,12.477673834460562,Dvokodvweni,Eswatini,12.478699324405648,0.001025489945085667,WWT
1538,12.872710727830446,Hlane,Eswatini,12.873601321080951,8.905932505047787e-4,WWT
1539,12.919233650896068,Mhlume,Eswatini,12.920179678403343,9.460275072754598e-4,WWT
1540,13.092662676103856,Lomahasha,Eswatini,13.093734163736446,0.001071487632589907,WWT
1541,15.30475445305628,ZAMBIA_CENTRAL_CHIBOMBO_CHISAMBA,Zambia,15.305042568283604,2.8811522732397066e-4,WWT
1542,10.929232486192168,ZAMBIA_CENTRAL_CHIBOMBO_KATUBA,Zambia,10.929483601741541,2.5111554937318203e-4,WWT
1543,10.005406611317522,ZAMBIA_CENTRAL_CHIBOMBO_KEEMBE,Zambia,10.005804707159253,3.9809584173156054e-4,WWT
1544,21.68046510571882,ZAMBIA_CENTRAL_KABWE_BWACHA,Zambia,21.680788544676332,3.2343895751196783e-4,WWT
1545,11.92950966224927,ZAMBIA_CENTRAL_KABWE_KABWE CENTRAL,Zambia,11.930210414911476,7.00752662206483e-4,WWT
1546,30.942249649894684,ZAMBIA_CENTRAL_KAPIRI MPOSHI_KAPIRI MPOSHI,Zambia,30.94267403118965,4.243812949660253e-4,WWT
1547,10.20419461700515,ZAMBIA_CENTRAL_MKUSHI_MKUSHI NORTH,Zambia,10.204519990620764,3.2537361561324474e-4,WWT
1548,14.073660761764154,ZAMBIA_CENTRAL_MKUSHI_MKUSHI SOUTH,Zambia,14.074081074043997,4.203122798429604e-4,WWT
1549,19.490114843108515,ZAMBIA_CENTRAL_MUMBWA_MUMBWA,Zambia,19.49018593155605,7.108844753389576e-5,WWT
1550,11.888076425384366,ZAMBIA_CENTRAL_MUMBWA_MWEMBESHI,Zambia,11.888379303477981,3.028780936151776e-4,WWT
1551,9.755696920293452,ZAMBIA_CENTRAL_MUMBWA_NANGOMA,Zambia,9.7561356836748665,4.3876338141402016e-4,WWT
1552,11.26426354498646,ZAMBIA_CENTRAL_SERENJE_CHITAMBO,Zambia,11.26434383450508,8.028951862115719e-5,WWT
1553,26.667748233829155,ZAMBIA_CENTRAL_SERENJE_MUCHINGA,Zambia,26.66791155088286,1.6331705370475902e-4,WWT
1554,12.105847107983767,ZAMBIA_CENTRAL_SERENJE_SERENJE,Zambia,12.105928124564052,8.101658028536463e-5,WWT
1555,11.498724886215308,ZAMBIA_COPPERBELT_CHILILABOMBWE_CHILILABOMBWE,Zambia,11.499549951152677,8.250649373682251e-4,WWT
1556,9.54464915232666,ZAMBIA_COPPERBELT_CHINGOLA_CHINGOLA,Zambia,9.545081643742952,4.324914162925353e-4,WWT
1557,14.894005411613573,ZAMBIA_COPPERBELT_CHINGOLA_NCHANGA,Zambia,14.895145226035485,0.001139814421911467,WWT
1558,19.509208327096378,ZAMBIA_COPPERBELT_KALULUSHI_KALULUSHI,Zambia,19.51118358768472,0.001975260588341854,WWT
1559,15.76779978825423,ZAMBIA_COPPERBELT_KITWE_CHIMWEMWE,Zambia,15.769552886145593,0.0017530978913633533,WWT
1560,17.902941494065146,ZAMBIA_COPPERBELT_KITWE_KAMFINSA,Zambia,17.90493161950269,0.001990125437544066,WWT
1561,15.554497304844983,ZAMBIA_COPPERBELT_KITWE_KWACHA,Zambia,15.55607333486573,0.0015760300207467992,WWT
1562,16.763220533210305,ZAMBIA_COPPERBELT_KITWE_NKANA,Zambia,16.76512550766806,0.0019049744577550598,WWT
1563,17.689185325314508,ZAMBIA_COPPERBELT_KITWE_WUSAKILE,Zambia,17.691234145362177,0.002048820047669153,WWT
1564,17.206352715952935,ZAMBIA_COPPERBELT_LUANSHYA_LUANSHYA,Zambia,17.207910612750638,0.0015578967977027958,WWT
1565,18.162234595843106,ZAMBIA_COPPERBELT_LUANSHYA_ROAN,Zambia,18.163977748204637,0.0017431523615307754,WWT
1566,14.43025034102466,ZAMBIA_COPPERBELT_LUFWANYAMA_LUFWANYAMA,Zambia,14.430536179496297,2.858384716368789e-4,WWT
1567,14.421600057612029,ZAMBIA_COPPERBELT_MASAITI_KAFULAFUTA,Zambia,14.422684415348286,0.0010843577362571466,WWT
1568,17.63903984911629,ZAMBIA_COPPERBELT_MASAITI_MASAITI,Zambia,17.640247748415362,0.001207899299071613,WWT
1569,21.580203921913476,ZAMBIA_COPPERBELT_MPONGWE_MPONGWE,Zambia,21.580411554599834,2.076326863580391e-4,WWT
1570,10.416058389200696,ZAMBIA_COPPERBELT_MUFULIRA_KANKOYO,Zambia,10.416515538429735,4.571492290388335e-4,WWT
1571,9.010822829423011,ZAMBIA_COPPERBELT_MUFULIRA_KANTANSHI,Zambia,9.01125428392612,4.3145450310788647e-4,WWT
1572,12.17235448813095,ZAMBIA_COPPERBELT_MUFULIRA_MUFULIRA,Zambia,12.173030203989633,6.757158586836454e-4,WWT
1573,16.106772374179343,ZAMBIA_COPPERBELT_NDOLA_BWANA MKUBWA,Zambia,16.10854932692376,0.0017769527444180255,WWT
1574,13.49556502609829,ZAMBIA_COPPERBELT_NDOLA_CHIFUBU,Zambia,13.496600006482524,0.0010349803842331085,WWT
1575,15.230799175069578,ZAMBIA_COPPERBELT_NDOLA_KABUSHI,Zambia,15.232704315520174,0.0019051404505958658,WWT
1576,16.479378914387205,ZAMBIA_COPPERBELT_NDOLA_NDOLA,Zambia,16.480671256430554,0.0012923420433494925,WWT
1577,8.462478241792763,ZAMBIA_EASTERN_CHADIZA_CHADIZA,Zambia,8.462686484528035,2.0824273527253467e-4,WWT
1578,10.009029788637987,ZAMBIA_EASTERN_CHADIZA_VUBWI,Zambia,10.009504363599358,4.745749613714878e-4,WWT
1579,10.235550636805279,ZAMBIA_EASTERN_CHIPATA_CHIPANGALI,Zambia,10.235706776712263,1.5613990698426505e-4,WWT
1580,11.020126949203032,ZAMBIA_EASTERN_CHIPATA_CHIPATA,Zambia,11.020484068626736,3.5711942370397765e-4,WWT
1581,10.011046864247515,ZAMBIA_EASTERN_CHIPATA_KASENENGWA,Zambia,10.011213629096758,1.667648492436058e-4,WWT
1582,10.189856954259996,ZAMBIA_EASTERN_CHIPATA_LUANGENI,Zambia,10.190239254552695,3.823002926992558e-4,WWT
1583,10.39463578084167,ZAMBIA_EASTERN_KATETE_MILANZI,Zambia,10.394921601444034,2.8582060236459483e-4,WWT
1584,9.24549749976515,ZAMBIA_EASTERN_KATETE_MKAIKA,Zambia,9.245649253878923,1.5175411377299497e-4,WWT
1585,12.598011383090558,ZAMBIA_EASTERN_KATETE_SINDA,Zambia,12.598169652001923,1.5826891136505594e-4,WWT
1586,8.395351228724863,ZAMBIA_EASTERN_LUNDAZI_CHASEFU,Zambia,8.395459398870692,1.0817014582897855e-4,WWT
1587,9.189712671790446,ZAMBIA_EASTERN_LUNDAZI_LUMEZI,Zambia,9.189814241994423,1.0157020397727479e-4,WWT
1588,8.053467067510155,ZAMBIA_EASTERN_LUNDAZI_LUNDAZI,Zambia,8.053643315833897,1.762483237417456e-4,WWT
1589,9.480931894376447,ZAMBIA_EASTERN_MAMBWE_MALAMBO,Zambia,9.480998476308681,6.658193223429976e-5,WWT
1590,12.592369361513132,ZAMBIA_EASTERN_NYIMBA_NYIMBA,Zambia,12.592433554208501,6.419269536905858e-5,WWT
1591,10.058116770162961,ZAMBIA_EASTERN_PETAUKE_KAPOCHE,Zambia,10.058227583393606,1.1081323064487947e-4,WWT
1592,10.95842605687285,ZAMBIA_EASTERN_PETAUKE_MSANZALA,Zambia,10.95852184892189,9.579204903964467e-5,WWT
1593,11.61207575830267,ZAMBIA_EASTERN_PETAUKE_PETAUKE,Zambia,11.6121709324982,9.517419553084494e-5,WWT
1594,9.286234879599155,ZAMBIA_LUAPULA_CHIENGE_CHIENGE,Zambia,9.286358494905851,0.00012361530669657839,WWT
1595,13.118989731531517,ZAMBIA_LUAPULA_KAWAMBWA_KAWAMBWA,Zambia,13.11909582951643,1.0609798491323374e-4,WWT
1596,10.09897468591749,ZAMBIA_LUAPULA_KAWAMBWA_MWANSABOMBWE,Zambia,10.099129897084758,1.552111672680212e-4,WWT
1597,12.521213515488062,ZAMBIA_LUAPULA_KAWAMBWA_PAMBASHE,Zambia,12.52131401188117,1.0049639310771852e-4,WWT
1598,10.143251469765325,ZAMBIA_LUAPULA_MANSA_BAHATI,Zambia,10.143376204034876,1.2473426955139644e-4,WWT
1599,9.766851981230438,ZAMBIA_LUAPULA_MANSA_MANSA,Zambia,9.766948069254855,9.608802441718467e-5,WWT
1600,18.68123416965998,ZAMBIA_LUAPULA_MILENGE_CHEMBE,Zambia,18.681399974071066,1.6580441108615673e-4,WWT
1601,13.53639499276898,ZAMBIA_LUAPULA_MWENSE_CHIPILI,Zambia,13.536559767829324,1.6477506034462408e-4,WWT
1602,8.934444288789408,ZAMBIA_LUAPULA_MWENSE_MAMBILIMA,Zambia,8.93454575101132,1.0146222191309562e-4,WWT
1603,12.625996980581654,ZAMBIA_LUAPULA_MWENSE_MWENSE,Zambia,12.62650428460092,5.073040192655753e-4,WWT
1604,7.515909026333342,ZAMBIA_LUAPULA_NCHELENGE_NCHELENGE,Zambia,7.516018879231532,1.0985289818954413e-4,WWT
1605,16.05286362355396,ZAMBIA_LUAPULA_SAMFYA_BANGEULU,Zambia,16.05304015213413,1.7652858016958817e-4,WWT
1606,20.85388362328613,ZAMBIA_LUAPULA_SAMFYA_CHIFUNABULI,Zambia,20.85435518589987,4.7156261373970665e-4,WWT
1607,11.54164917971065,ZAMBIA_LUAPULA_SAMFYA_LUAPULA,Zambia,11.541746494688894,9.731497824461144e-5,WWT
1608,17.169344537836658,ZAMBIA_LUSAKA_CHONGWE_CHONGWE,Zambia,17.169841600347752,4.970625110942706e-4,WWT
1609,15.843563885879387,ZAMBIA_LUSAKA_CHONGWE_RUFUNSA,Zambia,15.84365238369966,8.849782027198216e-5,WWT
1610,13.044570464175155,ZAMBIA_LUSAKA_KAFUE_CHILANGA,Zambia,13.045253206845835,6.827426706799145e-4,WWT
1611,18.804059202597056,ZAMBIA_LUSAKA_KAFUE_KAFUE,Zambia,18.80477252344101,7.133208439533689e-4,WWT
1612,14.87867823105359,ZAMBIA_LUSAKA_LUANGWA_FEIRA,Zambia,14.878769151422484,9.09203688941318e-5,WWT
1613,15.40184344468448,ZAMBIA_LUSAKA_LUSAKA_CHAWAMA,Zambia,15.40204999427229,2.065495878085244e-4,WWT
1614,14.287297284287256,ZAMBIA_LUSAKA_LUSAKA_KABWATA,Zambia,14.289960614406342,0.002663330119085927,WWT
1615,14.74867149550158,ZAMBIA_LUSAKA_LUSAKA_KANYAMA,Zambia,14.752078281346616,0.0034067858450370636,WWT
1616,14.828266328110198,ZAMBIA_LUSAKA_LUSAKA_LUSAKA CENTRAL,Zambia,14.829824154374826,0.0015578262646283036,WWT
1617,12.087462170633403,ZAMBIA_LUSAKA_LUSAKA_MANDEVU,Zambia,12.089455089608172,0.0019929189747696086,WWT
1618,11.56762912230206,ZAMBIA_LUSAKA_LUSAKA_MATERO,Zambia,11.569360511011983,0.001731388709922399,WWT
1619,13.620960463009814,ZAMBIA_LUSAKA_LUSAKA_MUNALI,Zambia,13.6219211302678,9.606672579867137e-4,WWT
1620,12.85665857642096,ZAMBIA_MUCHINGA_CHAMA_CHAMA NORTH,Zambia,12.856790972941244,1.3239652028396165e-4,WWT
1621,11.448149888305169,ZAMBIA_MUCHINGA_CHAMA_CHAMA SOUTH,Zambia,11.44826053863445,1.1065032928136986e-4,WWT
1622,14.18911636703763,ZAMBIA_MUCHINGA_CHINSALI_CHINSALI,Zambia,14.189277483476264,1.6111643863325753e-4,WWT
1623,9.787657445345676,ZAMBIA_MUCHINGA_CHINSALI_SHIWANGANDU,Zambia,9.787730495341222,7.304999554591518e-5,WWT
1624,7.565427185523615,ZAMBIA_MUCHINGA_ISOKA_ISOKA,Zambia,7.565529944661644,1.0275913802892944e-4,WWT
1625,20.334926823261732,ZAMBIA_MUCHINGA_MAFINGA_MAFINGA,Zambia,20.33496362423804,3.6800976307205246e-5,WWT
1626,11.607464082868564,ZAMBIA_MUCHINGA_MPIKA_KANCHIBIYA,Zambia,11.607533678520479,6.959565191522188e-5,WWT
1627,10.85366251285513,ZAMBIA_MUCHINGA_MPIKA_MFUWE,Zambia,10.853719645371886,5.7132516754876406e-5,WWT
1628,13.593141913469545,ZAMBIA_MUCHINGA_MPIKA_MPIKA,Zambia,13.59321604158606,7.412811651619222e-5,WWT
1629,3.9752943380603405,ZAMBIA_MUCHINGA_NAKONDE_NAKONDE,Zambia,3.975343619895642,4.928183530150676e-5,WWT
1630,13.56941723553513,ZAMBIA_NORTH-WESTERN_CHAVUMA_CHAVUMA,Zambia,13.569462694677078,4.5459141947645776e-5,WWT
1631,6.870919210224061,ZAMBIA_NORTH-WESTERN_IKELENGE_IKELENGE,Zambia,6.871006185549199,8.697532513757267e-5,WWT
1632,16.14774656146286,ZAMBIA_NORTH-WESTERN_KABOMPO_KABOMPO EAST,Zambia,16.14779750626725,5.094480438927462e-5,WWT
1633,20.277501453452757,ZAMBIA_NORTH-WESTERN_KABOMPO_KABOMPO WEST,Zambia,20.27754900622611,4.755277335277697e-5,WWT
1634,13.86636349795537,ZAMBIA_NORTH-WESTERN_KASEMPA_KASEMPA,Zambia,13.866514114953524,1.5061699815532847e-4,WWT
1635,14.159142683274716,ZAMBIA_NORTH-WESTERN_MUFUMBWE_MUFUMBWE,Zambia,14.159177110790063,3.4427515346990845e-5,WWT
1636,12.034931242273752,ZAMBIA_NORTH-WESTERN_MWINILUNGA_MWINILUNGA,Zambia,12.034970571030897,3.932875714518502e-5,WWT
1637,9.625277173963914,ZAMBIA_NORTH-WESTERN_SOLWEZI_SOLWEZI CENTRAL,Zambia,9.625532836223426,2.5566225951223487e-4,WWT
1638,8.570618149962089,ZAMBIA_NORTH-WESTERN_SOLWEZI_SOLWEZI EAST,Zambia,8.570745184796223,1.270348341346761e-4,WWT
1639,12.163227272984962,ZAMBIA_NORTH-WESTERN_SOLWEZI_SOLWEZI WEST,Zambia,12.16337708867771,1.498156927475236e-4,WWT
1640,18.987735278904445,ZAMBIA_NORTH-WESTERN_ZAMBEZI_ZAMBEZI EAST,Zambia,18.987784788334366,4.9509429921101855e-5,WWT
1641,13.32808868066471,ZAMBIA_NORTH-WESTERN_ZAMBEZI_ZAMBEZI WEST,Zambia,13.328133182993604,4.4502328893969434e-5,WWT
1642,14.418738252366559,ZAMBIA_NORTHERN_CHILUBI_CHILUBI,Zambia,14.418866358236471,1.281058699120763e-4,WWT
1643,10.737746351080588,ZAMBIA_NORTHERN_KAPUTA_CHIMBAMILONGA,Zambia,10.737838796542313,9.24454617248216e-5,WWT
1644,9.136654744632363,ZAMBIA_NORTHERN_KAPUTA_KAPUTA,Zambia,9.136746379037412,9.16344050487794e-5,WWT
1645,9.485867077358868,ZAMBIA_NORTHERN_KASAMA_KASAMA,Zambia,9.485982608985905,1.1553162703670239e-4,WWT
1646,14.475630830374964,ZAMBIA_NORTHERN_KASAMA_LUKASHYA,Zambia,14.475789497261175,1.5866688621102298e-4,WWT
1647,13.31193439234921,ZAMBIA_NORTHERN_LUWINGU_LUBASENSHI,Zambia,13.312042160593599,1.0776824438885058e-4,WWT
1648,15.454673803346203,ZAMBIA_NORTHERN_LUWINGU_LUPOSOSHI,Zambia,15.454823621317592,1.4981797138879926e-4,WWT
1649,5.821844467618478,ZAMBIA_NORTHERN_MBALA_MBALA,Zambia,5.821929211931522,8.474431304428265e-5,WWT
1650,13.532224319934354,ZAMBIA_NORTHERN_MBALA_NSENGA HILL,Zambia,13.532465494111047,2.4117417669344832e-4,WWT
1651,11.7341282636648,ZAMBIA_NORTHERN_MPOROKOSO_LUNTE,Zambia,11.73423791090013,1.0964723533035681e-4,WWT
1652,20.453170305820507,ZAMBIA_NORTHERN_MPOROKOSO_MPOROKOSO,Zambia,20.453327095186374,1.5678936586738246e-4,WWT
1653,10.554628225407946,ZAMBIA_NORTHERN_MPULUNGU_MPULUNGU,Zambia,10.554701950029738,7.372462179233708e-5,WWT
1654,13.107792845894833,ZAMBIA_NORTHERN_MUNGWI_MALOLE,Zambia,13.10794907957883,1.5623368399708681e-4,WWT
1655,12.37684581374351,ZAMBIA_SOUTHERN_CHOMA_CHOMA,Zambia,12.377197831114955,3.5201737144596734e-4,WWT
1656,13.460884592653912,ZAMBIA_SOUTHERN_CHOMA_MBABALA,Zambia,13.46119898674647,3.143940925589561e-4,WWT
1657,13.207183753158773,ZAMBIA_SOUTHERN_CHOMA_PEMBA,Zambia,13.20762660849855,4.4285533977728164e-4,WWT
1658,13.369406282067764,ZAMBIA_SOUTHERN_GWEMBE_GWEMBE,Zambia,13.369903434529263,4.971524614987288e-4,WWT
1659,12.173162683410844,ZAMBIA_SOUTHERN_ITEZHI-TEZHI_ITEZHI-TEZHI,Zambia,12.173303429657263,1.407462464193543e-4,WWT
1660,12.555738230728196,ZAMBIA_SOUTHERN_KALOMO_DUNDUMWEZI,Zambia,12.555834134351663,9.590362346756365e-5,WWT
1661,11.313080625613072,ZAMBIA_SOUTHERN_KALOMO_KALOMO CENTRAL,Zambia,11.313262347319334,1.8172170626229445e-4,WWT
1662,12.53503239386692,ZAMBIA_SOUTHERN_KALOMO_MAPATIZYA,Zambia,12.535291234847875,2.588409809547443e-4,WWT
1663,13.48320026906874,ZAMBIA_SOUTHERN_KAZUNGULA_KATOMBOLA,Zambia,13.48329814300807,9.787393933002875e-5,WWT
1664,12.3793256169755,ZAMBIA_SOUTHERN_LIVINGSTONE_LIVINGSTONE,Zambia,12.379722598090698,3.969811151982583e-4,WWT
1665,16.18579631192154,ZAMBIA_SOUTHERN_MAZABUKA_CHIKANKANTA,Zambia,16.186829708597188,0.0010333966756483903,WWT
1666,10.925311812635274,ZAMBIA_SOUTHERN_MAZABUKA_MAGOYE,Zambia,10.925613884487358,3.0207185208475096e-4,WWT
1667,13.458304335197614,ZAMBIA_SOUTHERN_MAZABUKA_MAZABUKA,Zambia,13.45891326324612,6.089280485070958e-4,WWT
1668,11.435977671273783,ZAMBIA_SOUTHERN_MONZE_BWEENGWA,Zambia,11.436252682206007,2.750109322242622e-4,WWT
1669,12.799400002905449,ZAMBIA_SOUTHERN_MONZE_MONZE,Zambia,12.799867404609454,4.6740170400561e-4,WWT
1670,13.367339654672211,ZAMBIA_SOUTHERN_MONZE_MOOMBA,Zambia,13.367829785368645,4.901306964342211e-4,WWT
1671,14.762690244684007,ZAMBIA_SOUTHERN_NAMWALA_NAMWALA,Zambia,14.762861834177968,1.7158949396112178e-4,WWT
1672,14.575709715743733,ZAMBIA_SOUTHERN_SIAVONGA_SIAVONGA,Zambia,14.576352959623984,6.432438802512763e-4,WWT
1673,10.778724506826483,ZAMBIA_SOUTHERN_SINAZONGWE_SINAZONGWE,Zambia,10.778742632000268,1.8125173784966364e-5,WWT
1674,11.07260771484037,ZAMBIA_WESTERN_KALABO_KALABO,Zambia,11.072694838598341,8.712375797159666e-5,WWT
1675,11.985386214078627,ZAMBIA_WESTERN_KALABO_LIUWA,Zambia,11.9854323299361,4.611585747227309e-5,WWT
1676,11.26961160689346,ZAMBIA_WESTERN_KALABO_SIKONGO,Zambia,11.26966733877488,5.5731881420939544e-5,WWT
1677,15.580620511624112,ZAMBIA_WESTERN_KAOMA_KAOMA CENTRAL,Zambia,15.58068218460916,6.167298504777818e-5,WWT
1678,19.97371850679363,ZAMBIA_WESTERN_KAOMA_LUAMPA,Zambia,19.973807904345612,8.939755198156263e-5,WWT
1679,18.890490541446106,ZAMBIA_WESTERN_KAOMA_MANGANGO,Zambia,18.890592582475342,1.0204102923694336e-4,WWT
1680,17.626807156377716,ZAMBIA_WESTERN_LUKULU_LUKULU EAST,Zambia,17.62686162471706,5.446833934286133e-5,WWT
1681,11.403952346189003,ZAMBIA_WESTERN_LUKULU_LUKULU WEST,Zambia,11.403995612417848,4.3266228844984767e-5,WWT
1682,11.20617177595901,ZAMBIA_WESTERN_MONGU_LUENA,Zambia,11.20623226529154,6.048933252955635e-5,WWT
1683,10.85812096274596,ZAMBIA_WESTERN_MONGU_MONGU,Zambia,10.858266498052613,1.4553530665217806e-4,WWT
1684,11.573392099124657,ZAMBIA_WESTERN_MONGU_NALIKWANDA,Zambia,11.573467711832475,7.561270781764051e-5,WWT
1685,10.472236471987959,ZAMBIA_WESTERN_SENANGA_NALOLO,Zambia,10.472341456041846,1.0498405388759124e-4,WWT
1686,10.827236771174912,ZAMBIA_WESTERN_SENANGA_SENANGA,Zambia,10.827313801906291,7.703073137932392e-5,WWT
1687,12.086479926677299,ZAMBIA_WESTERN_SESHEKE_MULOBEZI,Zambia,12.086526880593471,4.6953916172043364e-5,WWT
1688,13.444320891953963,ZAMBIA_WESTERN_SESHEKE_MWANDI,Zambia,13.44437041995191,4.952799794821772e-5,WWT
1689,10.335980171995939,ZAMBIA_WESTERN_SESHEKE_SESHEKE,Zambia,10.336029915390597,4.974339465846356e-5,WWT
1690,8.989189430279634,ZAMBIA_WESTERN_SHANGOMBO_SINJEMBELA,Zambia,8.989251427436718,6.19971570845479e-5,WWT
1691,17.594745843405956,ZIMBABWE_BULAWAYO_BULAWAYO,Zimbabwe,17.594962939439572,2.1709603361586005e-4,WWT
1692,16.8149811634131,ZIMBABWE_HARARE_CHITUNGWIZA,Zimbabwe,16.81512761434279,1.464509296873473e-4,WWT
1693,16.082114091562055,ZIMBABWE_HARARE_EPWORTH,Zimbabwe,16.082246511893004,1.3242033094940098e-4,WWT
1694,16.722680842826392,ZIMBABWE_HARARE_HARARE RURAL,Zimbabwe,16.722841141211504,1.602983851114459e-4,WWT
1695,12.506688522650943,ZIMBABWE_HARARE_HARARE URBAN,Zimbabwe,12.507882097991267,0.001193575340323605,WWT
1696,9.91394353638608,ZIMBABWE_MANICALAND_BUHERA,Zimbabwe,9.914345530366539,4.0199398045892565e-4,WWT
1697,15.140270255812164,ZIMBABWE_MANICALAND_CHIMANIMANI,Zimbabwe,15.14083206479297,5.618089808070437e-4,WWT
1698,12.575990628551676,ZIMBABWE_MANICALAND_CHIPINGE RURAL,Zimbabwe,12.576384742946153,3.9411439447789576e-4,WWT
1699,15.148562327286696,ZIMBABWE_MANICALAND_CHIPINGE URBAN,Zimbabwe,15.149079397718921,5.17070432225708e-4,WWT
1700,11.415900617246091,ZIMBABWE_MANICALAND_MAKONI,Zimbabwe,11.416393475798097,4.928585520058704e-4,WWT
1701,12.344857925838085,ZIMBABWE_MANICALAND_MUTARE RURAL,Zimbabwe,12.345489356312338,6.314304742538468e-4,WWT
1702,13.88928549833674,ZIMBABWE_MANICALAND_MUTARE URBAN,Zimbabwe,13.889346139514144,6.064117740400832e-5,WWT
1703,14.025238397172036,ZIMBABWE_MANICALAND_MUTASA,Zimbabwe,14.025874776552538,6.363793805022055e-4,WWT
1704,12.566423380416134,ZIMBABWE_MANICALAND_NYANGA,Zimbabwe,12.56683299982194,4.0961940580608314e-4,WWT
1705,16.331970220162596,ZIMBABWE_MANICALAND_RUSAPE,Zimbabwe,16.33204590485964,7.568469704466452e-5,WWT
1706,11.190956331795,ZIMBABWE_MASHONALAND CENTRAL_BINDURA,Zimbabwe,11.191307641261758,3.513094667582095e-4,WWT
1707,18.65596975529838,ZIMBABWE_MASHONALAND CENTRAL_BINDURA URBAN,Zimbabwe,18.656038864909412,6.910961103301361e-5,WWT
1708,10.547228308857559,ZIMBABWE_MASHONALAND CENTRAL_CENTENARY,Zimbabwe,10.547431430299774,2.0312144221534822e-4,WWT
1709,11.5210401820834,ZIMBABWE_MASHONALAND CENTRAL_GURUVE,Zimbabwe,11.521262814563203,2.2263247980269796e-4,WWT
1710,12.555233828180732,ZIMBABWE_MASHONALAND CENTRAL_MAZOWE,Zimbabwe,12.555684809295823,4.509811150903431e-4,WWT
1711,10.97302460676918,ZIMBABWE_MASHONALAND CENTRAL_MBIRE,Zimbabwe,10.97335145329825,3.268465290702238e-4,WWT
1712,10.488296261642773,ZIMBABWE_MASHONALAND CENTRAL_MOUNT DARWIN,Zimbabwe,10.488559218730117,2.6295708734380696e-4,WWT
1713,12.338211175735239,ZIMBABWE_MASHONALAND CENTRAL_MVURI,Zimbabwe,12.338617269160352,4.060934251128856e-4,WWT
1714,9.69555188615146,ZIMBABWE_MASHONALAND CENTRAL_RUSHINGA,Zimbabwe,9.695776937341183,2.2505118972304672e-4,WWT
1715,10.900862163453937,ZIMBABWE_MASHONALAND CENTRAL_SHAMVA,Zimbabwe,10.901193603159983,3.3143970604676554e-4,WWT
1716,10.17571700588992,ZIMBABWE_MASHONALAND EAST_CHIKOMBA,Zimbabwe,10.1761282363082,4.1123041827972884e-4,WWT
1717,11.874773738035953,ZIMBABWE_MASHONALAND EAST_GOROMONZI,Zimbabwe,11.874815098762987,4.136072703353477e-5,WWT
1718,10.665385454927073,ZIMBABWE_MASHONALAND EAST_HWEDZA,Zimbabwe,10.665867503850247,4.8204892317471604e-4,WWT
1719,11.833971377099262,ZIMBABWE_MASHONALAND EAST_MARONDERA,Zimbabwe,11.834620155548528,6.487784492659188e-4,WWT
1720,11.398123608170032,ZIMBABWE_MASHONALAND EAST_MARONDERA URBAN,Zimbabwe,11.398720055671646,5.964475016142501e-4,WWT
1721,10.510542450946009,ZIMBABWE_MASHONALAND EAST_MUDZI,Zimbabwe,10.510895608283082,3.531573370736396e-4,WWT
1722,10.513180903599316,ZIMBABWE_MASHONALAND EAST_MUREHWA,Zimbabwe,10.513594138112639,4.132345133225357e-4,WWT
1723,11.287404053835754,ZIMBABWE_MASHONALAND EAST_MUTOKO,Zimbabwe,11.287441012908351,3.6959072597042564e-5,WWT
1724,17.613377579566368,ZIMBABWE_MASHONALAND EAST_RUWA LOCAL BOARD,Zimbabwe,17.613481037408867,1.0345784249921053e-4,WWT
1725,13.386702056342685,ZIMBABWE_MASHONALAND EAST_SEKE,Zimbabwe,13.386776275439427,7.421909674221183e-5,WWT
1726,10.678889928808228,ZIMBABWE_MASHONALAND EAST_UZUMBA-MARAMBA-PFUNGWE,Zimbabwe,10.679258796121882,3.6886731365370906e-4,WWT
1727,13.310436764447534,ZIMBABWE_MASHONALAND WEST_CHEGUTU,Zimbabwe,13.310956144747777,5.193803002434549e-4,WWT
1728,12.99576387770557,ZIMBABWE_MASHONALAND WEST_CHEGUTU URBAN,Zimbabwe,12.996277206298746,5.133285931755438e-4,WWT
1729,12.81264680580751,ZIMBABWE_MASHONALAND WEST_CHINHOYI,Zimbabwe,12.813012785901027,3.6598009351607175e-4,WWT
1730,10.508645891678439,ZIMBABWE_MASHONALAND WEST_HURUNGWE,Zimbabwe,10.509085658064633,4.3976638619369623e-4,WWT
1731,11.862985162805108,ZIMBABWE_MASHONALAND WEST_KADOMA,Zimbabwe,11.863381269389937,3.961065848283596e-4,WWT
1732,11.30935917604041,ZIMBABWE_MASHONALAND WEST_KARIBA,Zimbabwe,11.309619759141903,2.6058310149323916e-4,WWT
1733,11.482079161329935,ZIMBABWE_MASHONALAND WEST_KARIBA URBAN,Zimbabwe,11.482472022207833,3.92860877898471e-4,WWT
1734,13.024463366280834,ZIMBABWE_MASHONALAND WEST_KAROI,Zimbabwe,13.024750413434468,2.8704715363403466e-4,WWT
1735,12.531217249954889,ZIMBABWE_MASHONALAND WEST_MAKONDE,Zimbabwe,12.531462210694729,2.4496073984003885e-4,WWT
1736,11.87176046616071,ZIMBABWE_MASHONALAND WEST_MHONDORONGEZI,Zimbabwe,11.872195912708978,4.354465482681036e-4,WWT
1737,12.669364563138664,ZIMBABWE_MASHONALAND WEST_NORTON,Zimbabwe,12.669949847702178,5.852845635132553e-4,WWT
1738,12.77563559531248,ZIMBABWE_MASHONALAND WEST_SANYATI,Zimbabwe,12.775927492537354,2.9189722487465986e-4,WWT
1739,10.464792162361615,ZIMBABWE_MASHONALAND WEST_ZVIMBA,Zimbabwe,10.465050315524955,2.5815316334032445e-4,WWT
1740,10.964907505336726,ZIMBABWE_MASVINGO_BIKITA,Zimbabwe,10.965308203617603,4.006982808775206e-4,WWT
1741,9.373254438816303,ZIMBABWE_MASVINGO_CHIREDZI RURAL,Zimbabwe,9.37385461397578,6.001751594766347e-4,WWT
1742,9.659980460344295,ZIMBABWE_MASVINGO_CHIREDZI URBAN,Zimbabwe,9.660883254274534,9.027939302388432e-4,WWT
1743,10.135036965612493,ZIMBABWE_MASVINGO_CHIVI,Zimbabwe,10.13534894303816,3.1197742566746456e-4,WWT
1744,9.981074268503576,ZIMBABWE_MASVINGO_GUTU,Zimbabwe,9.981404513674786,3.302451712094978e-4,WWT
1745,9.405358637649917,ZIMBABWE_MASVINGO_MASVINGO,Zimbabwe,9.405735244914318,3.76607264401585e-4,WWT
1746,9.526990681321209,ZIMBABWE_MASVINGO_MASVINGO RURAL,Zimbabwe,9.527267327678038,2.7664635682889127e-4,WWT
1747,9.070077941808913,ZIMBABWE_MASVINGO_MWENEZI,Zimbabwe,9.070662796091813,5.848542829003378e-4,WWT
1748,8.840923926339435,ZIMBABWE_MASVINGO_ZAKA,Zimbabwe,8.84114193365237,2.1800731293453168e-4,WWT
1749,9.697918720675174,ZIMBABWE_MATABELELAND NORTH_BINGA,Zimbabwe,9.698069731648097,1.5101097292280485e-4,WWT
1750,9.024639387490819,ZIMBABWE_MATABELELAND NORTH_BUBI,Zimbabwe,9.025060934841942,4.215473511237633e-4,WWT
1751,10.275095196897315,ZIMBABWE_MATABELELAND NORTH_HWANGE,Zimbabwe,10.2754258106006,3.30613703285465e-4,WWT
1752,9.857911413078972,ZIMBABWE_MATABELELAND NORTH_HWANGE URBAN,Zimbabwe,9.858105529935239,1.9411685626735675e-4,WWT
1753,8.936444955022035,ZIMBABWE_MATABELELAND NORTH_LUPANE,Zimbabwe,8.936738405433484,2.934504114495695e-4,WWT
1754,10.068075023636329,ZIMBABWE_MATABELELAND NORTH_NKAYI,Zimbabwe,10.068231108031597,1.5608439526815232e-4,WWT
1755,8.941392719219284,ZIMBABWE_MATABELELAND NORTH_TSHOLOTSHO,Zimbabwe,8.941637590405804,2.4487118652061213e-4,WWT
1756,9.301016398327896,ZIMBABWE_MATABELELAND NORTH_UMGUZA,Zimbabwe,9.30135835047339,3.419521454937069e-4,WWT
1757,12.076328220890815,ZIMBABWE_MATABELELAND NORTH_VICTORIA FALLS,Zimbabwe,12.076782278748695,4.5405785787977493e-4,WWT
1758,9.443388437469904,ZIMBABWE_MATABELELAND SOUTH_BEITBRIDGE RURAL,Zimbabwe,9.443753846775927,3.6540930602235733e-4,WWT
1759,17.85900955127267,ZIMBABWE_MATABELELAND SOUTH_BEITBRIDGE URBAN,Zimbabwe,17.859362803087585,3.532518149143016e-4,WWT
1760,10.361323487705596,ZIMBABWE_MATABELELAND SOUTH_BULILIMA,Zimbabwe,10.361822540090085,4.990523844892181e-4,WWT
1761,9.140448380421995,ZIMBABWE_MATABELELAND SOUTH_GWANDA,Zimbabwe,9.140857544553112,4.0916413111702354e-4,WWT
1762,9.469865422345437,ZIMBABWE_MATABELELAND SOUTH_GWANDA URBAN,Zimbabwe,9.47057610360134,7.106812559030118e-4,WWT
1763,9.264877119931818,ZIMBABWE_MATABELELAND SOUTH_INSIZA,Zimbabwe,9.265440891342529,5.637714107109559e-4,WWT
1764,9.700230954687534,ZIMBABWE_MATABELELAND SOUTH_MATOBO,Zimbabwe,9.700674287492204,4.4333280466979375e-4,WWT
1765,9.340559115513841,ZIMBABWE_MATABELELAND SOUTH_PLUMTREE,Zimbabwe,9.340935373865978,3.7625835213717096e-4,WWT
1766,10.175049616909046,ZIMBABWE_MATABELELAND SOUTH_UMZINGWANE,Zimbabwe,10.175673359510476,6.237426014301661e-4,WWT
1767,9.800238925431145,ZIMBABWE_MIDLANDS_CHIRUMANZU,Zimbabwe,9.800523376348723,2.8445091757767216e-4,WWT
1768,10.591678268341967,ZIMBABWE_MIDLANDS_GOKWE NORTH,Zimbabwe,10.591868644778085,1.9037643611774513e-4,WWT
1769,9.781178802485844,ZIMBABWE_MIDLANDS_GOKWE SOUTH,Zimbabwe,9.781344065462397,1.6526297655339306e-4,WWT
1770,10.780281586729442,ZIMBABWE_MIDLANDS_GOKWE TOWN,Zimbabwe,10.78054593757749,2.643508480471013e-4,WWT
1771,11.14197772516173,ZIMBABWE_MIDLANDS_GWERU,Zimbabwe,11.142376602003242,3.988768415119637e-4,WWT
1772,10.53085379609674,ZIMBABWE_MIDLANDS_GWERU RURAL,Zimbabwe,10.531117108316236,2.6331221949682515e-4,WWT
1773,10.991176528901175,ZIMBABWE_MIDLANDS_KWEKWE,Zimbabwe,10.991594680568038,4.1815166686376415e-4,WWT
1774,12.039545650850798,ZIMBABWE_MIDLANDS_KWEKWE RURAL,Zimbabwe,12.039876707867801,3.310570170036442e-4,WWT
1775,9.365034503735862,ZIMBABWE_MIDLANDS_MBERENGWA,Zimbabwe,9.36576407582874,7.295720928777172e-4,WWT
1776,11.858703256547024,ZIMBABWE_MIDLANDS_REDCLIFF,Zimbabwe,11.859089338971089,3.8608242406468207e-4,WWT
1777,11.539771549756724,ZIMBABWE_MIDLANDS_SHURUGWI,Zimbabwe,11.540189519966775,4.1797021005152146e-4,WWT
1778,10.791601784091752,ZIMBABWE_MIDLANDS_SHURUGWI RURAL,Zimbabwe,10.79191053788529,3.0875379353823007e-4,WWT
1779,10.742023650973657,ZIMBABWE_MIDLANDS_ZVISHAVANE,Zimbabwe,10.74237948432448,3.5583335082378653e-4,WWT
1780,13.837005190170732,ZIMBABWE_MIDLANDS_ZVISHAVANE MINE,Zimbabwe,13.837062415639966,5.7225469234367665e-5,WWT
1781,9.272409284950923,ZIMBABWE_MATABELELAND SOUTH_MANGWE,Zimbabwe,9.272785839772721,3.76554821798436e-4,WWT
