census_id,emis,geo_name,lon,lat,country,code,poll
0001,0.16317892578994447,ANGOLA_BENGO_AMBRIZ,13.500573856748415,-7.941839245075118,Angola,IND,BC
0002,0.2047233382950286,ANGOLA_BENGO_BULA ATUMBA,14.820908751789867,-8.634475645495783,Angola,IND,BC
0003,6.173253927693526,ANGOLA_BENGO_DANDE,13.841710609854086,-8.53534736049627,Angola,IND,BC
0004,0.3752181300988128,ANGOLA_BENGO_DEMBOS,14.552452662474186,-8.506656679922113,Angola,IND,BC
0005,0.7576090564599549,ANGOLA_BENGO_NAMBUANGONGO,14.25926486683566,-8.047643790272277,Angola,IND,BC
0006,0.07778489621769269,ANGOLA_BENGO_PANGO ALUQUÉM,14.467187741962098,-8.753291428515478,Angola,IND,BC
0007,1.2055053603748154,ANGOLA_BENGUELA_BAÍA FARTA,13.110895429150032,-13.169353899832894,Angola,IND,BC
0008,1.7342859980162626,ANGOLA_BENGUELA_BALOMBO,14.785534807000774,-12.362142938317604,Angola,IND,BC
0009,6.283811791815229,ANGOLA_BENGUELA_BENGUELA,13.613234701433782,-12.750903810317325,Angola,IND,BC
0010,2.277499629912196,ANGOLA_BENGUELA_BOCOIO,14.273806030010297,-12.337517465231237,Angola,IND,BC
0011,1.2606799969166573,ANGOLA_BENGUELA_CAIMBAMBO,13.925466200463916,-13.103370379840863,Angola,IND,BC
0012,1.0299061745634477,ANGOLA_BENGUELA_CATUMBELA,13.680172800346687,-12.477296385532492,Angola,IND,BC
0013,1.1690406227658114,ANGOLA_BENGUELA_CHONGOROI,13.804725364547245,-13.596741410412521,Angola,IND,BC
0014,4.978372677540806,ANGOLA_BENGUELA_CUBAL,14.349577634106108,-13.16149142143734,Angola,IND,BC
0015,4.306778663790822,ANGOLA_BENGUELA_GANDA,14.733920867955561,-13.122131963632688,Angola,IND,BC
0016,4.281918908246998,ANGOLA_BENGUELA_LOBITO,13.886545783996153,-12.092395259332209,Angola,IND,BC
0017,4.176205531640742,ANGOLA_BIÉ_ANDULO,16.463299708517784,-11.274658946317146,Angola,IND,BC
0018,2.4009856931609592,ANGOLA_BIÉ_CAMACUPA,17.780227977541617,-12.451681506672221,Angola,IND,BC
0019,2.1461727791860796,ANGOLA_BIÉ_CATABOLA,17.254341809340623,-12.147939255129183,Angola,IND,BC
0020,1.7559111668533054,ANGOLA_BIÉ_CHINGUAR,16.57220235885333,-12.562961032395926,Angola,IND,BC
0021,1.1298032243304579,ANGOLA_BIÉ_CHITEMBO,17.2256685420672,-13.4761375683222,Angola,IND,BC
0022,0.6918506824370116,ANGOLA_BIÉ_CUEMBA,18.450876402365434,-11.812583973776919,Angola,IND,BC
0023,8.272495104552881,ANGOLA_BIÉ_CUITO,17.0195337801636,-12.539053407735349,Angola,IND,BC
0024,0.6172692313041361,ANGOLA_BIÉ_CUNHINGA,16.806485043535446,-11.988245606222938,Angola,IND,BC
0025,1.5572870086921105,ANGOLA_BIÉ_NHAREA,17.157724905821997,-11.308602978499657,Angola,IND,BC
0026,0.40504763443694775,ANGOLA_CABINDA_BELIZE,12.84464336058737,-4.605790961567085,Angola,IND,BC
0027,0.6653300664122151,ANGOLA_CABINDA_BUCO ZAU,12.545868870473262,-4.802124175234638,Angola,IND,BC
0028,6.808443850882117,ANGOLA_CABINDA_CABINDA,12.36403326270615,-5.461872414729606,Angola,IND,BC
0029,0.6221612701499385,ANGOLA_CABINDA_CACONGO,12.242228043574034,-5.043712430446504,Angola,IND,BC
0030,0.6984526551291108,ANGOLA_KUANDO KUBANGO_CALAI,19.414268804995988,-17.367954683212766,Angola,IND,BC
0031,0.4666964472726716,ANGOLA_KUANDO KUBANGO_CUANGAR,18.15299180710266,-17.054777832805367,Angola,IND,BC
0032,0.7303208592540497,ANGOLA_KUANDO KUBANGO_CUCHI,16.962579756983985,-14.692891199511664,Angola,IND,BC
0033,0.6432279035868149,ANGOLA_KUANDO KUBANGO_CUITO CUANAVALE,18.841355039845936,-14.950150376556852,Angola,IND,BC
0034,0.34452377175649745,ANGOLA_KUANDO KUBANGO_DIRICO,20.825162039879295,-17.52729673830151,Angola,IND,BC
0035,0.46190237926803246,ANGOLA_KUANDO KUBANGO_MAVINGA,20.292091111981065,-16.124977275218903,Angola,IND,BC
0036,5.587127218637523,ANGOLA_KUANDO KUBANGO_MENONGUE,17.745373647024998,-15.225709939331868,Angola,IND,BC
0037,0.06513838929489194,ANGOLA_KUANDO KUBANGO_NANCOVA,18.73240828489362,-16.388826303005242,Angola,IND,BC
0038,1.178149443239233,ANGOLA_KUANDO KUBANGO_RIVUNGO,21.95105197046031,-16.860900758284263,Angola,IND,BC
0039,0.7768438749313774,ANGOLA_KWANZA NORTE_AMBACA,15.509119051943488,-8.223269097816729,Angola,IND,BC
0040,0.11822856941777027,ANGOLA_KWANZA NORTE_BANGA,15.153253461606287,-8.689616530469744,Angola,IND,BC
0041,0.11300161214840869,ANGOLA_KWANZA NORTE_BOLONGONGO,15.113302487330705,-8.382132376680488,Angola,IND,BC
0042,1.2881518891137314,ANGOLA_KWANZA NORTE_CAMBAMBE,14.521816633134614,-9.433964278230446,Angola,IND,BC
0043,2.862370530727915,ANGOLA_KWANZA NORTE_CAZENGO,14.779870946066733,-9.320031680889498,Angola,IND,BC
0044,0.5978023986977703,ANGOLA_KWANZA NORTE_GOLUNGO ALTO,14.666387710001,-9.076507922069805,Angola,IND,BC
0045,0.29620377208984144,ANGOLA_KWANZA NORTE_LUCALA,15.238258650636386,-9.139267281380702,Angola,IND,BC
0046,0.0763788338166392,ANGOLA_KWANZA NORTE_NGONGUEMBO,14.901663408090647,-8.902563767131948,Angola,IND,BC
0047,0.07380310007841198,ANGOLA_KWANZA NORTE_QUICULUNGO,15.319625776448795,-8.49002907643525,Angola,IND,BC
0048,0.3470012370968204,ANGOLA_KWANZA NORTE_SAMBA CAJÚ,15.494620704324683,-8.808515207926657,Angola,IND,BC
0049,4.182582578862411,ANGOLA_KWANZA SUL_AMBOIM,14.409446053756277,-10.888247311555114,Angola,IND,BC
0050,2.0482892323010686,ANGOLA_KWANZA SUL_CASSONGUE,14.969245996228281,-11.823486279155278,Angola,IND,BC
0051,3.5142695446259657,ANGOLA_KWANZA SUL_CELA,15.327509138494797,-11.286611386444985,Angola,IND,BC
0052,1.529334871622126,ANGOLA_KWANZA SUL_CONDA,14.457113187835018,-11.173469665594153,Angola,IND,BC
0053,2.8786915700819686,ANGOLA_KWANZA SUL_EBO,14.756355439021709,-10.954311333786544,Angola,IND,BC
0054,1.3396642323391204,ANGOLA_KWANZA SUL_LIBOLO,14.990540118658812,-10.063463539441377,Angola,IND,BC
0055,1.209249131240445,ANGOLA_KWANZA SUL_MUSSENDE,15.978658982493396,-10.268786589120642,Angola,IND,BC
0056,1.655001017405206,ANGOLA_KWANZA SUL_PORTO AMBOIM,13.942283729197893,-10.627805552833145,Angola,IND,BC
0057,1.9479835968748767,ANGOLA_KWANZA SUL_QUIBALA,15.335713103750756,-10.699008506951671,Angola,IND,BC
0058,1.4874359182751669,ANGOLA_KWANZA SUL_QUILENDA,14.370237419617364,-10.524491857097443,Angola,IND,BC
0059,2.8245841450726825,ANGOLA_KWANZA SUL_SELES,14.50091627350989,-11.457587720793851,Angola,IND,BC
0060,3.024047122417614,ANGOLA_KWANZA SUL_SUMBE,14.04934311345206,-11.49811492361192,Angola,IND,BC
0061,1.4126497186487526,ANGOLA_CUNENE_CAHAMA,14.247669093888437,-16.41710354139286,Angola,IND,BC
0062,7.377355098392665,ANGOLA_CUNENE_CUANHAMA,16.320547599774045,-16.48223334568777,Angola,IND,BC
0063,0.3792179600992532,ANGOLA_CUNENE_CUROCA,13.788175609536145,-16.932294476395295,Angola,IND,BC
0064,1.2242468880950899,ANGOLA_CUNENE_CUVELAI,16.136146428177735,-15.746368160393057,Angola,IND,BC
0065,3.8522478222416243,ANGOLA_CUNENE_NAMACUNDE,16.606272115792553,-17.074018548021083,Angola,IND,BC
0066,5.967633442582245,ANGOLA_CUNENE_OMBADJA,14.941895100531925,-16.768959146811532,Angola,IND,BC
0067,4.784448959741165,ANGOLA_HUAMBO_BAILUNDO,15.850466201739053,-11.950050465566608,Angola,IND,BC
0068,4.627758224671556,ANGOLA_HUAMBO_CAÁLA,15.572188198073116,-13.27102876067493,Angola,IND,BC
0069,2.3954963396174573,ANGOLA_HUAMBO_CACHIUNGO,16.319644201016246,-12.759421533499594,Angola,IND,BC
0070,1.2421066445651188,ANGOLA_HUAMBO_ECUNHA,15.49134958273524,-12.53401934231182,Angola,IND,BC
0071,12.503737695866006,ANGOLA_HUAMBO_HUAMBO,15.79536569507517,-12.819324307871682,Angola,IND,BC
0072,2.029165468013966,ANGOLA_HUAMBO_LONDUIMBALI,15.292015045757923,-12.235996591708586,Angola,IND,BC
0073,1.5702757974218127,ANGOLA_HUAMBO_LONGONJO,15.22279516795389,-13.084757821818668,Angola,IND,BC
0074,1.9765843652727528,ANGOLA_HUAMBO_MUNGO,16.20588037491343,-11.755072951814116,Angola,IND,BC
0075,1.9616931329366156,ANGOLA_HUAMBO_CHICALA CHOLOHANGA,16.092706109508978,-12.95985009260693,Angola,IND,BC
0076,0.7471316080417049,ANGOLA_HUAMBO_CHINJENJE,14.940107561316543,-12.818781665594054,Angola,IND,BC
0077,0.5779244107227969,ANGOLA_HUAMBO_UCUMA,15.15058241504692,-12.745033355569538,Angola,IND,BC
0078,3.015186836594629,ANGOLA_HUÍLA_CACONDA,15.158416365277283,-13.778376463063532,Angola,IND,BC
0079,2.4170141497332436,ANGOLA_HUÍLA_CACULA,14.291948368736596,-14.437668897988177,Angola,IND,BC
0080,2.93217346323755,ANGOLA_HUÍLA_CALUQUEMBE,14.553605248971426,-13.943434135545042,Angola,IND,BC
0081,3.1346341984129067,ANGOLA_HUÍLA_CHIBIA,13.860963321337298,-15.220319449437994,Angola,IND,BC
0082,2.5222354436148295,ANGOLA_HUÍLA_CHICOMBA,15.019421703365952,-14.30430435864405,Angola,IND,BC
0083,1.0570053786099118,ANGOLA_HUÍLA_CHIPINDO,15.73591828652565,-13.88531948048917,Angola,IND,BC
0084,1.619725527154483,ANGOLA_HUÍLA_CUVANGO,16.318716983084595,-14.2140670585581,Angola,IND,BC
0085,1.6325921687933131,ANGOLA_HUÍLA_GAMBOS,14.0555441801658,-15.836380299367216,Angola,IND,BC
0086,5.410579781508996,ANGOLA_HUÍLA_HUMPATA,13.37340825793292,-15.07711619840059,Angola,IND,BC
0087,1.9531741340809499,ANGOLA_HUÍLA_JAMBA,15.84246469273556,-14.813136321719922,Angola,IND,BC
0088,11.259586138331727,ANGOLA_HUÍLA_LUBANGO,13.74650625251509,-14.782265363665282,Angola,IND,BC
0089,4.974156666231175,ANGOLA_HUÍLA_MATALA,15.162569522619448,-15.264035381319765,Angola,IND,BC
0090,1.561523250589496,ANGOLA_HUÍLA_QUILENGUES,13.926712495367244,-14.10284606537322,Angola,IND,BC
0091,2.794458824000469,ANGOLA_HUÍLA_QUIPUNGO,14.584346812183863,-15.11197852346331,Angola,IND,BC
0092,24.865459848719965,ANGOLA_LUANDA_BELAS,13.174021473379,-9.08837444152561,Angola,IND,BC
0093,17.73349742158977,ANGOLA_LUANDA_CACUACO,13.451339905381309,-8.81991357363531,Angola,IND,BC
0094,9.151307834318242,ANGOLA_LUANDA_CAZENGA,13.300213504677842,-8.82313810517484,Angola,IND,BC
0095,2.083013223915134,ANGOLA_LUANDA_ICOLO E BENGO,13.862681054977354,-9.152861347234415,Angola,IND,BC
0096,33.87243374188594,ANGOLA_LUANDA_LUANDA,13.252264930379923,-8.85095461326464,Angola,IND,BC
0097,0.5061684296596755,ANGOLA_LUANDA_QUISSAMA,13.850629524262196,-9.831116523016574,Angola,IND,BC
0098,35.39102893675469,ANGOLA_LUANDA_VIANA,13.400581493461187,-9.003465052028048,Angola,IND,BC
0099,2.800274661680018,ANGOLA_LUNDA NORTE_CAMBULO,21.496387269915466,-7.900107950052335,Angola,IND,BC
0100,1.0094235584865532,ANGOLA_LUNDA NORTE_CAPENDA CAMULEMBA,18.86907773627034,-9.675389036317052,Angola,IND,BC
0101,0.3665810254527016,ANGOLA_LUNDA NORTE_CAUNGULA,18.82247560938972,-8.340339422591542,Angola,IND,BC
0102,4.187035094878653,ANGOLA_LUNDA NORTE_CHITATO,20.86681232898085,-7.553523750605493,Angola,IND,BC
0103,2.43322168243094,ANGOLA_LUNDA NORTE_CUANGO,18.060888555716936,-8.601096909504287,Angola,IND,BC
0104,0.3794517957907849,ANGOLA_LUNDA NORTE_CUILO,19.68851489115215,-8.128052490802382,Angola,IND,BC
0105,0.2845121717821949,ANGOLA_LUNDA NORTE_LÓVUA,20.13536631533787,-7.292391189166928,Angola,IND,BC
0106,0.2454732988488177,ANGOLA_LUNDA NORTE_LUBALO,19.297321892350976,-9.188561260843436,Angola,IND,BC
0107,2.3129688148060508,ANGOLA_LUNDA NORTE_LUCAPA,20.47673092828323,-8.42331409755646,Angola,IND,BC
0108,1.3634623120773153,ANGOLA_LUNDA NORTE_XÁ-MUTEBA,17.85122654394,-9.277995251698849,Angola,IND,BC
0109,0.4987384315456489,ANGOLA_LUNDA SUL_CACOLO,19.178913301145815,-10.547328172202947,Angola,IND,BC
0110,0.35400218012428764,ANGOLA_LUNDA SUL_DALA,20.352238837105524,-10.92405164265005,Angola,IND,BC
0111,0.9251139800010841,ANGOLA_LUNDA SUL_MUCONDA,21.424847286291374,-10.154651759138405,Angola,IND,BC
0112,7.89190652074362,ANGOLA_LUNDA SUL_SAURIMO,20.688380679682755,-9.477233643283244,Angola,IND,BC
0113,1.1451176246425439,ANGOLA_MALANJE_CACUSO,15.62849098111707,-9.490292469411429,Angola,IND,BC
0114,0.21227746486679283,ANGOLA_MALANJE_CAHOMBO,16.66605389643875,-8.647102372057851,Angola,IND,BC
0115,1.1161490789495532,ANGOLA_MALANJE_CALANDULA,16.005245178381916,-8.695990183498342,Angola,IND,BC
0116,0.6092134174252396,ANGOLA_MALANJE_CAMBUNDI-CATEMBO,17.84709415122643,-10.125145503710968,Angola,IND,BC
0117,0.7364516238871305,ANGOLA_MALANJE_CANGANDALA,16.683252748189343,-9.952367021939013,Angola,IND,BC
0118,0.1233794501778037,ANGOLA_MALANJE_CUNDA-DIA-BAZE,17.352728983670623,-8.66125398022735,Angola,IND,BC
0119,0.07758624214624933,ANGOLA_MALANJE_KIWABA NZOJI,16.45736622164412,-9.037971690115318,Angola,IND,BC
0120,0.8193597527115287,ANGOLA_MALANJE_LUQUEMBO,17.384986684590697,-10.792874181396483,Angola,IND,BC
0121,9.231328137757645,ANGOLA_MALANJE_MALANJE,16.35498305019854,-9.482474776585153,Angola,IND,BC
0122,0.4924998150011799,ANGOLA_MALANJE_MARIMBA,17.11151213033175,-8.168436018156713,Angola,IND,BC
0123,0.5015129758726066,ANGOLA_MALANJE_MASSANGO,16.599614024908476,-7.763456075510212,Angola,IND,BC
0124,0.3939407056508542,ANGOLA_MALANJE_MUCARI,16.919365558811112,-9.481804740501817,Angola,IND,BC
0125,0.19902632934726264,ANGOLA_MALANJE_QUELA,17.28820754724371,-9.318539247011007,Angola,IND,BC
0126,0.33047259731779455,ANGOLA_MALANJE_QUIRIMA,18.2681837365498,-11.068909718662896,Angola,IND,BC
0127,1.9947714652182105,ANGOLA_MOXICO_ALTO ZAMBEZE,22.90799374709926,-12.209683357686718,Angola,IND,BC
0128,1.3550322895217135,ANGOLA_MOXICO_BUNDAS,21.31907325919521,-14.210473217747047,Angola,IND,BC
0129,0.6106644555794174,ANGOLA_MOXICO_CAMANONGUE,20.234534061632754,-11.408959591622152,Angola,IND,BC
0130,0.35888749662966,ANGOLA_MOXICO_CAMEIA,21.26339460023485,-11.838370789228382,Angola,IND,BC
0131,0.6756901257284936,ANGOLA_MOXICO_LÉUA,20.575562544579704,-11.74380358626066,Angola,IND,BC
0132,0.26873291049085146,ANGOLA_MOXICO_LUACANO,22.046284955949286,-11.669871723573195,Angola,IND,BC
0133,3.2497137517583963,ANGOLA_MOXICO_LUAU,21.997475474347006,-10.901812727972676,Angola,IND,BC
0134,0.28122317299926064,ANGOLA_MOXICO_LUCHAZES,19.530239402686032,-13.751962349149917,Angola,IND,BC
0135,7.16291490525723,ANGOLA_MOXICO_LUENA,19.776770525882704,-12.327720581169427,Angola,IND,BC
0136,0.6826470594346532,ANGOLA_NAMIBE_BIBALA,13.139576640553054,-14.685793467915335,Angola,IND,BC
0137,0.8217747796507147,ANGOLA_NAMIBE_CAMUCUIO,13.0324059676621,-14.003701587165244,Angola,IND,BC
0138,4.579111323211738,ANGOLA_NAMIBE_NAMIBE,12.457905307074512,-14.720315334187738,Angola,IND,BC
0139,0.7024280727079735,ANGOLA_NAMIBE_TÔMBWA,12.359284305310362,-16.564898961646183,Angola,IND,BC
0140,0.5239046648228389,ANGOLA_NAMIBE_VIREI,12.94168325673447,-15.813548331274848,Angola,IND,BC
0141,0.3397989967984575,ANGOLA_UÍGE_AMBUILA,14.468179065511844,-7.587449047134571,Angola,IND,BC
0142,0.45565678480312993,ANGOLA_UÍGE_BEMBE,14.277664721920273,-7.052417289665407,Angola,IND,BC
0143,0.6072164167691178,ANGOLA_UÍGE_BUENGAS,15.825059286515511,-6.668373974646913,Angola,IND,BC
0144,0.5372267066763106,ANGOLA_UÍGE_BUNGO,15.447113463583449,-7.392017748161813,Angola,IND,BC
0145,0.637167060010922,ANGOLA_UÍGE_CANGOLA,15.953541847191238,-7.839972087285049,Angola,IND,BC
0146,0.608985753520244,ANGOLA_UÍGE_DAMBA,15.216117046210005,-6.730711730495686,Angola,IND,BC
0147,2.596295171064875,ANGOLA_UÍGE_MAQUELA DO ZOMBO,15.504832114047753,-6.115762646049738,Angola,IND,BC
0148,0.5852102799699836,ANGOLA_UÍGE_SANTA CRUZ,16.58039852859364,-7.043057290518152,Angola,IND,BC
0149,0.4604393192566634,ANGOLA_UÍGE_MUCABA,15.044844983137867,-7.104479137048426,Angola,IND,BC
0150,2.076073365651271,ANGOLA_UÍGE_NEGAGE,15.387803110685544,-7.82670187011252,Angola,IND,BC
0151,0.4473501631953097,ANGOLA_UÍGE_PURI,15.677588319493356,-7.6520448609471,Angola,IND,BC
0152,2.1433814788705474,ANGOLA_UÍGE_QUIMBELE,16.358827373391733,-6.339946266586419,Angola,IND,BC
0153,0.4187633264838341,ANGOLA_UÍGE_QUITEXE,14.916309357718397,-8.05805649608166,Angola,IND,BC
0154,0.865948396736817,ANGOLA_UÍGE_SANZA POMBO,16.05132046706061,-7.225080931426597,Angola,IND,BC
0155,0.802971172302937,ANGOLA_UÍGE_SONGO,14.789371774574954,-7.15444085578491,Angola,IND,BC
0156,8.605588574295556,ANGOLA_UÍGE_UÍGE,15.086269927234868,-7.569389383460002,Angola,IND,BC
0157,1.1891408908645993,ANGOLA_ZAIRE_CUIMBA,14.656648047034412,-6.211094387740501,Angola,IND,BC
0158,4.295915810452427,ANGOLA_ZAIRE_MBANZA CONGO,14.17814621079705,-6.310144184559853,Angola,IND,BC
0159,0.449624348289237,ANGOLA_ZAIRE_NZETO,13.396012085498478,-7.329332397443156,Angola,IND,BC
0160,10.682222300225485,ANGOLA_ZAIRE_NÓQUI,13.505068524452918,-6.150797500748508,Angola,IND,BC
0161,10.659167230869098,ANGOLA_ZAIRE_SOYO,12.72456320103429,-6.276748486180679,Angola,IND,BC
0162,0.6928402493083482,ANGOLA_ZAIRE_TOMBOCO,13.360813071321832,-6.70704141475642,Angola,IND,BC
0163,0.282973687871395,BOTSWANA_CENTRAL_BOBONONG_BOBONONG,28.439270006020617,-21.904588768680572,Botswana,IND,BC
0164,0,BOTSWANA_CENTRAL_BOBONONG_DAMOCHOJENA,27.46425717187249,-21.89586472598768,Botswana,IND,BC
0165,0.0995679387842403,BOTSWANA_CENTRAL_BOBONONG_KOBOJANGO,28.763918196572497,-21.785636334108606,Botswana,IND,BC
0166,0.9078479905126522,BOTSWANA_CENTRAL_BOBONONG_LENTSWELEMORITI,29.09263730127421,-22.126071452194022,Botswana,IND,BC
0167,0,BOTSWANA_CENTRAL_BOBONONG_LEPOKOLE,28.342120180879903,-21.78828871071267,Botswana,IND,BC
0168,0,BOTSWANA_CENTRAL_BOBONONG_MABOLWE,28.93856360422732,-21.822911107503458,Botswana,IND,BC
0169,0.07725479016886388,BOTSWANA_CENTRAL_BOBONONG_MATHATHANE,28.765707084954567,-22.164921148469332,Botswana,IND,BC
0170,6.837658311120297,BOTSWANA_CENTRAL_BOBONONG_MMADINARE,27.61927099292336,-21.939530032971234,Botswana,IND,BC
0171,0.04170929415133722,BOTSWANA_CENTRAL_BOBONONG_MOLALATAU,28.546028057555482,-22.244047061148887,Botswana,IND,BC
0172,0,BOTSWANA_CENTRAL_BOBONONG_MOLETEMANE,28.24551458680093,-22.49838952314233,Botswana,IND,BC
0173,0.020251315368712997,BOTSWANA_CENTRAL_BOBONONG_MOTLHABANENG,28.847671161031595,-22.0878861675696,Botswana,IND,BC
0174,0,BOTSWANA_CENTRAL_BOBONONG_ROBELELA,28.01614217627893,-21.606755627584164,Botswana,IND,BC
0175,0.004041355063706874,BOTSWANA_CENTRAL_BOBONONG_SEFOPHE,28.010768080362112,-22.202415922887717,Botswana,IND,BC
0176,0,BOTSWANA_CENTRAL_BOBONONG_SEMOLALE,28.901373465716713,-21.94234612580183,Botswana,IND,BC
0177,0.2351771898846634,BOTSWANA_CENTRAL_BOBONONG_TOBANE,28.034740456942973,-21.715331266156507,Botswana,IND,BC
0178,0,BOTSWANA_CENTRAL_BOBONONG_TSETSEBJWE,28.261512057832615,-22.323234206617617,Botswana,IND,BC
0179,0,BOTSWANA_CENTRAL_BOBONONG_TSHOKWE,28.12020929554016,-21.7461736340543,Botswana,IND,BC
0180,0.04382704072664046,BOTSWANA_CENTRAL_BOBONONG_TULI,28.659593038222404,-22.426510831132365,Botswana,IND,BC
0181,0,BOTSWANA_CENTRAL_BOTETI_KEDIA,24.838048952453185,-21.403241698591675,Botswana,IND,BC
0182,0,BOTSWANA_CENTRAL_BOTETI_KHWEE,25.42160849963441,-21.949084316434682,Botswana,IND,BC
0183,0,BOTSWANA_CENTRAL_BOTETI_KUMAGA,24.694403521304178,-20.43709104783157,Botswana,IND,BC
0184,8.695564358665491,BOTSWANA_CENTRAL_BOTETI_LETLHAKANE,25.324076768019342,-21.74281229869488,Botswana,IND,BC
0185,0,BOTSWANA_CENTRAL_BOTETI_MAKALAMABEDI,24.027537186531372,-20.329731365780997,Botswana,IND,BC
0186,0,BOTSWANA_CENTRAL_BOTETI_MMADIKOLA,24.505648562137157,-21.04540148259183,Botswana,IND,BC
0187,7.666430580158252,BOTSWANA_CENTRAL_BOTETI_MMATSHUMO,25.608635534616877,-21.055357574481494,Botswana,IND,BC
0188,0,BOTSWANA_CENTRAL_BOTETI_MOKOBOXANE,25.01278736428241,-21.374661912697718,Botswana,IND,BC
0189,3.310446414399287,BOTSWANA_CENTRAL_BOTETI_MOPIPI,25.06130611972133,-20.957019464880865,Botswana,IND,BC
0190,0,BOTSWANA_CENTRAL_BOTETI_MOREOMAOTO,24.225653269651804,-20.326805973885744,Botswana,IND,BC
0191,0.028316449318905132,BOTSWANA_CENTRAL_BOTETI_MOSU,26.096038009772478,-21.108931183794436,Botswana,IND,BC
0192,0,BOTSWANA_CENTRAL_BOTETI_MOTOPI,24.143658950831586,-20.239487705166916,Botswana,IND,BC
0193,0,BOTSWANA_CENTRAL_BOTETI_TOROMOJA,24.68875163244386,-21.028858930681245,Botswana,IND,BC
0194,0,BOTSWANA_CENTRAL_BOTETI_TSIENYANE/RAKOPS,24.297459830504376,-20.770824097320627,Botswana,IND,BC
0195,0,BOTSWANA_CENTRAL_BOTETI_XERE,23.995091776720663,-21.05103701376487,Botswana,IND,BC
0196,0,BOTSWANA_CENTRAL_BOTETI_XHUMO,24.543580068860226,-21.43138653458584,Botswana,IND,BC
0197,0,BOTSWANA_CENTRAL_MAHALAPYE_BONWAPITSE,26.696499319837177,-23.016977775399745,Botswana,IND,BC
0198,0.01037303424493126,BOTSWANA_CENTRAL_MAHALAPYE_BOROTSI,27.574845464339035,-23.03787815480758,Botswana,IND,BC
0199,0.001559804663174443,BOTSWANA_CENTRAL_MAHALAPYE_CHADIBE,27.653472614061975,-23.04213517690895,Botswana,IND,BC
0200,0.034339924001887234,BOTSWANA_CENTRAL_MAHALAPYE_DIBETE STATION,26.60466673565762,-23.712578892238895,Botswana,IND,BC
0201,0.6726418743444984,BOTSWANA_CENTRAL_MAHALAPYE_DOVEDALE,27.0584095397386,-23.43747251689984,Botswana,IND,BC
0202,0,BOTSWANA_CENTRAL_MAHALAPYE_IKONGWE,26.42368516567563,-23.133332920110572,Botswana,IND,BC
0203,0,BOTSWANA_CENTRAL_MAHALAPYE_KALAMARE,26.676800027450167,-22.85145869530537,Botswana,IND,BC
0204,0,BOTSWANA_CENTRAL_MAHALAPYE_KODIBELENG,25.8565320473089,-23.06990009465882,Botswana,IND,BC
0205,0.41214630871343644,BOTSWANA_CENTRAL_MAHALAPYE_KUDUMATSE,27.163558620828415,-23.343825570073967,Botswana,IND,BC
0206,0.001012421331228415,BOTSWANA_CENTRAL_MAHALAPYE_MAAPE,27.298633726872115,-22.801071310840364,Botswana,IND,BC
0207,0.003041257983851908,BOTSWANA_CENTRAL_MAHALAPYE_MACHANENG,27.430989788355014,-23.17527950233516,Botswana,IND,BC
0208,1.2096905217574556,BOTSWANA_CENTRAL_MAHALAPYE_MAHALAPYE,26.92364672437042,-23.059367128880574,Botswana,IND,BC
0209,0,BOTSWANA_CENTRAL_MAHALAPYE_MAKWATE,27.289572829578482,-23.25066866242674,Botswana,IND,BC
0210,0.010766189295460903,BOTSWANA_CENTRAL_MAHALAPYE_MATLHAKO,27.57730747946278,-23.092868816729595,Botswana,IND,BC
0211,0.034043196250680814,BOTSWANA_CENTRAL_MAHALAPYE_MHALAPITSA,27.241670153565362,-22.750141129591885,Botswana,IND,BC
0212,0.0027663417798398362,BOTSWANA_CENTRAL_MAHALAPYE_MMAPHASHALALA,26.85959307803958,-23.525191663403213,Botswana,IND,BC
0213,0.0333249582604703,BOTSWANA_CENTRAL_MAHALAPYE_MMUTLANA,26.603632318980285,-22.97161859276938,Botswana,IND,BC
0214,0,BOTSWANA_CENTRAL_MAHALAPYE_MOKGENENE,26.039953432163163,-23.53987260084274,Botswana,IND,BC
0215,0,BOTSWANA_CENTRAL_MAHALAPYE_MOKOBENG,27.693890294840614,-22.97362584906358,Botswana,IND,BC
0216,0,BOTSWANA_CENTRAL_MAHALAPYE_MOKOSWANE,26.94190877928232,-23.316220505173856,Botswana,IND,BC
0217,0.009507454182142229,BOTSWANA_CENTRAL_MAHALAPYE_MOOKANE,26.698166386924417,-23.694975957356803,Botswana,IND,BC
0218,0,BOTSWANA_CENTRAL_MAHALAPYE_MORALANE,26.215414450162044,-22.936420739953075,Botswana,IND,BC
0219,0,BOTSWANA_CENTRAL_MAHALAPYE_MOSHOPHA,27.314662802995976,-22.947407012331485,Botswana,IND,BC
0220,0.2030696414778853,BOTSWANA_CENTRAL_MAHALAPYE_MOSOLOTSHANE,26.428423160167153,-22.91931594278049,Botswana,IND,BC
0221,0,BOTSWANA_CENTRAL_MAHALAPYE_NGWAPA,27.77944253096159,-22.919703336193177,Botswana,IND,BC
0222,0.011209541229006524,BOTSWANA_CENTRAL_MAHALAPYE_OTSE,25.946626364668234,-23.32358945282839,Botswana,IND,BC
0223,0.027121860022031756,BOTSWANA_CENTRAL_MAHALAPYE_PALLA ROAD/DINOKWE,26.77659555732254,-23.360515846147123,Botswana,IND,BC
0224,0.548583260631342,BOTSWANA_CENTRAL_MAHALAPYE_PILIKWE,27.12830992169561,-22.797803953113785,Botswana,IND,BC
0225,0,BOTSWANA_CENTRAL_MAHALAPYE_POLOKA,26.288048197015442,-23.601986580637178,Botswana,IND,BC
0226,0.2969097428239974,BOTSWANA_CENTRAL_MAHALAPYE_RAMOKGONAMI,27.427775976491716,-22.856906588140728,Botswana,IND,BC
0227,0.036222547182294104,BOTSWANA_CENTRAL_MAHALAPYE_SEFHARE,27.497480197007754,-23.01846757513452,Botswana,IND,BC
0228,0.48681127761922793,BOTSWANA_CENTRAL_MAHALAPYE_SELEKA,27.541179586978274,-22.862211127370156,Botswana,IND,BC
0229,0,BOTSWANA_CENTRAL_MAHALAPYE_SHAKWE,27.285868545141952,-23.098563338666022,Botswana,IND,BC
0230,1.8929500109440862,BOTSWANA_CENTRAL_MAHALAPYE_SHOSHONG,26.387666419486898,-23.28181618855284,Botswana,IND,BC
0231,0,BOTSWANA_CENTRAL_MAHALAPYE_TAUPYE,27.086389543341017,-23.181122303718336,Botswana,IND,BC
0232,0.0012322043679515876,BOTSWANA_CENTRAL_MAHALAPYE_TEWANE,26.8808106284804,-22.855065985054686,Botswana,IND,BC
0233,1.478382439706382,BOTSWANA_CENTRAL_MAHALAPYE_TULI,27.376483753636418,-23.358300442845334,Botswana,IND,BC
0234,1.2025317151627404,BOTSWANA_CENTRAL_MAHALAPYE_TUMASERA,27.625135322324592,-22.873322197159712,Botswana,IND,BC
0235,0,BOTSWANA_CENTRAL_SEROWE PALAPYE_DILORO,27.615763781482226,-22.42069872982587,Botswana,IND,BC
0236,0,BOTSWANA_CENTRAL_SEROWE PALAPYE_DIMAJWE,26.75499325012916,-21.701835892951095,Botswana,IND,BC
0237,0,BOTSWANA_CENTRAL_SEROWE PALAPYE_GAMABUO,26.34887363421504,-22.621942368691556,Botswana,IND,BC
0238,0,BOTSWANA_CENTRAL_SEROWE PALAPYE_GOJWANE,27.274583799149916,-21.783314177365938,Botswana,IND,BC
0239,0,BOTSWANA_CENTRAL_SEROWE PALAPYE_GOO-SEKGWENG,27.378852556607093,-22.684458968010347,Botswana,IND,BC
0240,0,BOTSWANA_CENTRAL_SEROWE PALAPYE_GOOTAU,27.424470969841263,-22.695172167140004,Botswana,IND,BC
0241,0,BOTSWANA_CENTRAL_SEROWE PALAPYE_KGAGODI,27.50339317555218,-22.29477672423486,Botswana,IND,BC
0242,0.09537482811974887,BOTSWANA_CENTRAL_SEROWE PALAPYE_LECHENG,27.185275817151037,-22.673190570584637,Botswana,IND,BC
0243,0.07093202396210409,BOTSWANA_CENTRAL_SEROWE PALAPYE_LERALA,27.844813325817267,-22.74868745754991,Botswana,IND,BC
0244,0,BOTSWANA_CENTRAL_SEROWE PALAPYE_LESENEPOLE/MATOLWANE,27.57647005773152,-22.540521067100062,Botswana,IND,BC
0245,0,BOTSWANA_CENTRAL_SEROWE PALAPYE_MABELEAPUDI,26.825166966464483,-22.128040644255414,Botswana,IND,BC
0246,0,BOTSWANA_CENTRAL_SEROWE PALAPYE_MAJWANAADIPITSE,27.005264767504467,-21.94020945810498,Botswana,IND,BC
0247,0,BOTSWANA_CENTRAL_SEROWE PALAPYE_MAJWANENG,27.649493814512812,-22.75586221108769,Botswana,IND,BC
0248,0.4701814623999865,BOTSWANA_CENTRAL_SEROWE PALAPYE_MALAKA,27.34590226161426,-22.592437093749382,Botswana,IND,BC
0249,0.7711225044910813,BOTSWANA_CENTRAL_SEROWE PALAPYE_MALATSWAI,26.22277867959262,-21.857375536824936,Botswana,IND,BC
0250,0,BOTSWANA_CENTRAL_SEROWE PALAPYE_MANALEDI,27.5051048457668,-22.739538071182494,Botswana,IND,BC
0251,0,BOTSWANA_CENTRAL_SEROWE PALAPYE_MATLHAKOLA,27.317001132592853,-22.71429972506726,Botswana,IND,BC
0252,0.028753237981271815,BOTSWANA_CENTRAL_SEROWE PALAPYE_MAUNATLALA,27.815623496542926,-22.549960915979852,Botswana,IND,BC
0253,0,BOTSWANA_CENTRAL_SEROWE PALAPYE_MMASHORO,26.545528327992464,-21.913528088466634,Botswana,IND,BC
0254,0,BOTSWANA_CENTRAL_SEROWE PALAPYE_MOENG,27.61182691600207,-22.684247954870994,Botswana,IND,BC
0255,0,BOTSWANA_CENTRAL_SEROWE PALAPYE_MOGAPI,27.90355332352727,-22.400536057043198,Botswana,IND,BC
0256,0,BOTSWANA_CENTRAL_SEROWE PALAPYE_MOGAPINYANA,27.656777003289175,-22.30921854076872,Botswana,IND,BC
0257,0,BOTSWANA_CENTRAL_SEROWE PALAPYE_MOGOME,26.8788884869847,-22.780246290758782,Botswana,IND,BC
0258,0.0192088387021796,BOTSWANA_CENTRAL_SEROWE PALAPYE_MOGOROSI,26.50681705808967,-22.435754433322103,Botswana,IND,BC
0259,0,BOTSWANA_CENTRAL_SEROWE PALAPYE_MOIYABANA,25.735420719204132,-22.568416950895624,Botswana,IND,BC
0260,0,BOTSWANA_CENTRAL_SEROWE PALAPYE_MOKGWARE,26.78655204288414,-22.77384105120242,Botswana,IND,BC
0261,0.0019626289420268173,BOTSWANA_CENTRAL_SEROWE PALAPYE_MOKHUNGWANA,27.306318999794403,-22.66250272126858,Botswana,IND,BC
0262,0.21810121339084082,BOTSWANA_CENTRAL_SEROWE PALAPYE_MOKOKWANA,27.68970066181251,-22.615814171525756,Botswana,IND,BC
0263,0,BOTSWANA_CENTRAL_SEROWE PALAPYE_MOREMI,27.48231653767836,-22.53631545317506,Botswana,IND,BC
0264,0,BOTSWANA_CENTRAL_SEROWE PALAPYE_MOREOMABELE,27.19509262463396,-21.997866632985815,Botswana,IND,BC
0265,0,BOTSWANA_CENTRAL_SEROWE PALAPYE_MOSWEU,27.643842814290796,-22.648861924159835,Botswana,IND,BC
0266,0,BOTSWANA_CENTRAL_SEROWE PALAPYE_MOTSHEGALETAU,26.39728909838941,-22.561009612981003,Botswana,IND,BC
0267,0,BOTSWANA_CENTRAL_SEROWE PALAPYE_PAJE,26.816328935481604,-22.26070768401234,Botswana,IND,BC
0268,3.6874057550744355,BOTSWANA_CENTRAL_SEROWE PALAPYE_PALAPYE,27.16786344665423,-22.55497413257865,Botswana,IND,BC
0269,0,BOTSWANA_CENTRAL_SEROWE PALAPYE_RADISELE,26.988408471288807,-22.81090444695215,Botswana,IND,BC
0270,0,BOTSWANA_CENTRAL_SEROWE PALAPYE_RATHOLO,27.53938699821314,-22.68681419937455,Botswana,IND,BC
0271,0,BOTSWANA_CENTRAL_SEROWE PALAPYE_SEHUNOU,26.385003835935297,-22.59514869100243,Botswana,IND,BC
0272,1.6685041770357432,BOTSWANA_CENTRAL_SEROWE PALAPYE_SEOLWANE,27.762620325390287,-22.666448768729584,Botswana,IND,BC
0273,5.120874940774973,BOTSWANA_CENTRAL_SEROWE PALAPYE_SEROWE,26.50285991859318,-21.991307902066985,Botswana,IND,BC
0274,0.004094041557338006,BOTSWANA_CENTRAL_SEROWE PALAPYE_SERULE,27.237798390462725,-21.890009585678992,Botswana,IND,BC
0275,0,BOTSWANA_CENTRAL_SEROWE PALAPYE_TAMASANE,27.396841887713986,-22.3814578521284,Botswana,IND,BC
0276,0,BOTSWANA_CENTRAL_SEROWE PALAPYE_THABALA,26.421061666211095,-22.511119340536165,Botswana,IND,BC
0277,0.37687758566657753,BOTSWANA_CENTRAL_SEROWE PALAPYE_TOPISI,27.22337506343467,-22.227424247307294,Botswana,IND,BC
0278,0,BOTSWANA_CENTRAL_SEROWE PALAPYE_TSHIMOYAPULA,27.019142014452218,-22.119432295799754,Botswana,IND,BC
0279,0,BOTSWANA_CENTRAL_SEROWE PALAPYE_TULI,28.061256491221307,-22.727203098241798,Botswana,IND,BC
0280,0.020280310805169333,BOTSWANA_CENTRAL_TUTUME_BOROLONG,27.32637665560921,-21.091395459266185,Botswana,IND,BC
0281,0.009812381750157919,BOTSWANA_CENTRAL_TUTUME_BOROTSI,27.251654267811457,-21.026993493948527,Botswana,IND,BC
0282,0.029403243070620706,BOTSWANA_CENTRAL_TUTUME_CHADIBE,27.342256409557447,-21.066229746391034,Botswana,IND,BC
0283,2.3268745394355237e-4,BOTSWANA_CENTRAL_TUTUME_CHANGATE,27.246529169011538,-20.323681695475976,Botswana,IND,BC
0284,0.01038489364224092,BOTSWANA_CENTRAL_TUTUME_DAGWI,27.24543111493109,-20.205531255072483,Botswana,IND,BC
0285,0.22081188184940842,BOTSWANA_CENTRAL_TUTUME_DUKWI,26.284620970093016,-20.67546283807841,Botswana,IND,BC
0286,0,BOTSWANA_CENTRAL_TUTUME_GOSHWE,27.21557874997618,-20.535609785786193,Botswana,IND,BC
0287,2.2623277160932322,BOTSWANA_CENTRAL_TUTUME_GWETA,25.591976234675478,-19.905319536886395,Botswana,IND,BC
0288,0,BOTSWANA_CENTRAL_TUTUME_JAMATAKA,27.15547496011975,-21.068951470145485,Botswana,IND,BC
0289,0,BOTSWANA_CENTRAL_TUTUME_KUTAMOGREE,26.880512190693914,-20.75110495387822,Botswana,IND,BC
0290,0.699672461831441,BOTSWANA_CENTRAL_TUTUME_LEPASHE,26.66685337113433,-20.812417757916798,Botswana,IND,BC
0291,0,BOTSWANA_CENTRAL_TUTUME_MABESEKWA,26.832739428334428,-21.176734877732674,Botswana,IND,BC
0292,1.5768135649686998e-4,BOTSWANA_CENTRAL_TUTUME_MAFONGO/HOBONA,27.235943246400137,-20.94573521021701,Botswana,IND,BC
0293,0.03302090201689602,BOTSWANA_CENTRAL_TUTUME_MAITENGWE,27.011808968202775,-20.116667928999114,Botswana,IND,BC
0294,0,BOTSWANA_CENTRAL_TUTUME_MAKOBO,27.107677079222814,-21.02576555193948,Botswana,IND,BC
0295,0.014062632728334308,BOTSWANA_CENTRAL_TUTUME_MAKUTA,26.936411463806042,-20.611020613663403,Botswana,IND,BC
0296,0.005246245252269299,BOTSWANA_CENTRAL_TUTUME_MANDUNYANE,27.164838306199922,-21.29997484522961,Botswana,IND,BC
0297,0.019539472975221003,BOTSWANA_CENTRAL_TUTUME_MAPOSA,26.227831043889193,-20.105672557073913,Botswana,IND,BC
0298,0,BOTSWANA_CENTRAL_TUTUME_MARAPONG,27.060904032209528,-20.875646900092942,Botswana,IND,BC
0299,8.88488073740287e-4,BOTSWANA_CENTRAL_TUTUME_MAROBELA,27.22684904528886,-20.86226718353111,Botswana,IND,BC
0300,0.05833624720704325,BOTSWANA_CENTRAL_TUTUME_MATHANGWANE,27.301597561179328,-20.96526881266621,Botswana,IND,BC
0301,0.027457903568430274,BOTSWANA_CENTRAL_TUTUME_MATOBO,27.07410815569497,-20.55396589314004,Botswana,IND,BC
0302,0.9407230737579596,BOTSWANA_CENTRAL_TUTUME_MATSITAMA,26.795600326944548,-20.91574597947195,Botswana,IND,BC
0303,0,BOTSWANA_CENTRAL_TUTUME_MMANXOTAE,26.39231628230285,-20.11189737769122,Botswana,IND,BC
0304,0.3489185999601577,BOTSWANA_CENTRAL_TUTUME_MMEYA,26.45632418802842,-20.83403038639063,Botswana,IND,BC
0305,0,BOTSWANA_CENTRAL_TUTUME_MOKUBILO,26.522301620359478,-21.211068795354347,Botswana,IND,BC
0306,0.02529658566101182,BOTSWANA_CENTRAL_TUTUME_MOSETSE,26.717225408615494,-20.61414488681695,Botswana,IND,BC
0307,0.6633490905213604,BOTSWANA_CENTRAL_TUTUME_NATA,26.421106250465357,-20.364015464327988,Botswana,IND,BC
0308,0.0032800226284220575,BOTSWANA_CENTRAL_TUTUME_NATALE,27.13819661363051,-21.12190933916731,Botswana,IND,BC
0309,0,BOTSWANA_CENTRAL_TUTUME_NKANGE,27.150899768186317,-20.292280125711056,Botswana,IND,BC
0310,7.244343506850014e-5,BOTSWANA_CENTRAL_TUTUME_NSHAKASHOKWE,27.19448164625436,-20.800715019251136,Botswana,IND,BC
0311,0.0015685390911358732,BOTSWANA_CENTRAL_TUTUME_NSWAZWI,27.11079707796551,-20.717051379328918,Botswana,IND,BC
0312,7.525573361646119e-4,BOTSWANA_CENTRAL_TUTUME_SEBINA,27.212125328697905,-20.8229088309246,Botswana,IND,BC
0313,7.595602046373189e-4,BOTSWANA_CENTRAL_TUTUME_SEMITWE,27.057568754807466,-20.9304846145358,Botswana,IND,BC
0314,0.010611185252210248,BOTSWANA_CENTRAL_TUTUME_SENETE,27.061521930586494,-20.338940466599496,Botswana,IND,BC
0315,1.6351141311168356e-4,BOTSWANA_CENTRAL_TUTUME_SEPAKO,26.42176865500974,-19.91292710159379,Botswana,IND,BC
0316,0.03484988184532556,BOTSWANA_CENTRAL_TUTUME_SHASHE-MOOKE,27.294622390104607,-21.200689259821715,Botswana,IND,BC
0317,0.016810882955189302,BOTSWANA_CENTRAL_TUTUME_SHASHE/SEMOTSWANE,27.353975033981698,-21.4004850680266,Botswana,IND,BC
0318,0,BOTSWANA_CENTRAL_TUTUME_TONOTA,27.390007578405545,-21.56581687363627,Botswana,IND,BC
0319,3.4677336553179644e-4,BOTSWANA_CENTRAL_TUTUME_TSHOKATSHAA,25.411457316681155,-20.073274987651395,Botswana,IND,BC
0320,0.10726565679983599,BOTSWANA_CENTRAL_TUTUME_TUTUME,26.93343318392142,-20.358110222677443,Botswana,IND,BC
0321,0.16644045275144373,BOTSWANA_CENTRAL_TUTUME_ZOROGA,25.931132083826565,-20.225947339100205,Botswana,IND,BC
0322,0.01775288632734865,BOTSWANA_CHOBE_CHOBE_KACHIKAU,24.593403269312077,-18.19955337118612,Botswana,IND,BC
0323,0.3658587691859092,BOTSWANA_CHOBE_CHOBE_KASANE,25.053605518831368,-17.95621200218165,Botswana,IND,BC
0324,0.005323335883160035,BOTSWANA_CHOBE_CHOBE_KATABA,24.208556915615702,-18.516556039211913,Botswana,IND,BC
0325,0.01120384851062746,BOTSWANA_CHOBE_CHOBE_KAVIMBA,24.673787397731,-18.131513519062572,Botswana,IND,BC
0326,0.3675465250731266,BOTSWANA_CHOBE_CHOBE_KAZUNGULA,25.239551399880288,-17.81715309318576,Botswana,IND,BC
0327,0.0032643365279368002,BOTSWANA_CHOBE_CHOBE_LESOMA,25.22616409411994,-17.924922498851625,Botswana,IND,BC
0328,0.020069173972203997,BOTSWANA_CHOBE_CHOBE_MUCHINJE/MABELE,24.80594102179805,-18.000000788213598,Botswana,IND,BC
0329,0.04091088503612243,BOTSWANA_CHOBE_CHOBE_NUMBER SEVEN,25.091530617419757,-18.628521496100262,Botswana,IND,BC
0330,0,BOTSWANA_CHOBE_CHOBE_PANDAMATENGA,25.62991931175742,-18.55507084642917,Botswana,IND,BC
0331,0.029751062058413158,BOTSWANA_CHOBE_CHOBE_PARAKARUNGU,24.3003425097673,-18.078920152986736,Botswana,IND,BC
0332,0.0053820079472840605,BOTSWANA_CHOBE_CHOBE_SATAU,24.4229631549193,-18.021010667013208,Botswana,IND,BC
0333,2.7279880076177014,BOTSWANA_GABORONE_GABORONE_GABORONE,25.88095190745218,-24.686452843134287,Botswana,IND,BC
0334,5.958131519772981,BOTSWANA_GHANZI_CENTRAL KGALAGADI GAME RESERVE_CENTRAL KGALAGADI GAME RESERVE,23.84354631529824,-22.32227292696922,Botswana,IND,BC
0335,0,BOTSWANA_GHANZI_GHANZI_B. VISSER,22.55838233704724,-21.32992655115972,Botswana,IND,BC
0336,0,BOTSWANA_GHANZI_GHANZI_BERE,21.79557213181817,-22.740271290335002,Botswana,IND,BC
0337,0.05066061178940767,BOTSWANA_GHANZI_GHANZI_CHARLES HILL,20.07849051397565,-22.30448292484571,Botswana,IND,BC
0338,0,BOTSWANA_GHANZI_GHANZI_CHARLES SHELDON,22.10987199508711,-21.572165997131027,Botswana,IND,BC
0339,0,BOTSWANA_GHANZI_GHANZI_CHOBOKWANE,21.24948179474576,-22.480947513304624,Botswana,IND,BC
0340,0.008668572360862447,BOTSWANA_GHANZI_GHANZI_DECT ETIN,21.87694726048196,-21.572322965589386,Botswana,IND,BC
0341,0,BOTSWANA_GHANZI_GHANZI_DEKAR,22.065436232878568,-21.366520787607246,Botswana,IND,BC
0342,0.022150622701132456,BOTSWANA_GHANZI_GHANZI_EAST HANAHAI,22.296004965831617,-22.138606212752848,Botswana,IND,BC
0343,0.25207010415974773,BOTSWANA_GHANZI_GHANZI_GHANZI,21.636172818729325,-21.69600936266415,Botswana,IND,BC
0344,0.14243688772150953,BOTSWANA_GHANZI_GHANZI_GROOTE LAAGTE,21.349883074115542,-21.38859908504291,Botswana,IND,BC
0345,0.08305955829997427,BOTSWANA_GHANZI_GHANZI_HANS METZLER,20.164337868142784,-22.12061746486461,Botswana,IND,BC
0346,0,BOTSWANA_GHANZI_GHANZI_J. RANSALL,20.422333298998613,-22.140780374743333,Botswana,IND,BC
0347,0,BOTSWANA_GHANZI_GHANZI_JANKI JANKI,21.346606317490824,-23.123137224643713,Botswana,IND,BC
0348,0,BOTSWANA_GHANZI_GHANZI_JERUNG,22.462289483631174,-21.771073127188487,Botswana,IND,BC
0349,0.010299333566586388,BOTSWANA_GHANZI_GHANZI_JOHN FARM,22.325500764273656,-21.113654988029502,Botswana,IND,BC
0350,0.012310154817235791,BOTSWANA_GHANZI_GHANZI_KACGAE,22.25670639051408,-22.78108355380457,Botswana,IND,BC
0351,0.009179348456313945,BOTSWANA_GHANZI_GHANZI_KARAKOBIS,20.69787418591688,-22.076318449477853,Botswana,IND,BC
0352,0,BOTSWANA_GHANZI_GHANZI_KULE,20.25485884411168,-22.82990220520822,Botswana,IND,BC
0353,0,BOTSWANA_GHANZI_GHANZI_MAGONO MAGONO,20.74295662591417,-23.122989899939387,Botswana,IND,BC
0354,0,BOTSWANA_GHANZI_GHANZI_MAKUNDA,20.356137474087205,-22.403140017753746,Botswana,IND,BC
0355,0.03399402217380489,BOTSWANA_GHANZI_GHANZI_MASIRE'S FARM,21.364735361374258,-21.90738889293877,Botswana,IND,BC
0356,0,BOTSWANA_GHANZI_GHANZI_NCOJANE,20.259249043024266,-23.18993344999315,Botswana,IND,BC
0357,0.010882497677640057,BOTSWANA_GHANZI_GHANZI_NEW XADE,22.47638609723249,-22.059709596306462,Botswana,IND,BC
0358,0.013177859740563498,BOTSWANA_GHANZI_GHANZI_NEW XANAGAS,20.800274167066778,-22.572525810989912,Botswana,IND,BC
0359,0,BOTSWANA_GHANZI_GHANZI_QABO,21.72658991626723,-21.05161346564646,Botswana,IND,BC
0360,0.004861417149904605,BOTSWANA_GHANZI_GHANZI_TSOOTSHA,20.91109497610415,-22.075747207834585,Botswana,IND,BC
0361,0,BOTSWANA_GHANZI_GHANZI_WEST HANAHAI,21.65082272869238,-22.135855131778566,Botswana,IND,BC
0362,0.014182158113128325,BOTSWANA_JWANENG_JWANENG_JWANENG,24.757853176422884,-24.58932918017088,Botswana,IND,BC
0363,0.02597699279039629,BOTSWANA_KGALAGADI_KGALAGADI NORTH_HUKUNTSI,21.663906534181816,-23.998763591814352,Botswana,IND,BC
0364,0,BOTSWANA_KGALAGADI_KGALAGADI NORTH_HUNHUKWE,21.77076341928267,-23.455768999361656,Botswana,IND,BC
0365,0.0049094760613511155,BOTSWANA_KGALAGADI_KGALAGADI NORTH_INALEGOLO,22.658513508974664,-24.45585560542118,Botswana,IND,BC
0366,0.23459581249337746,BOTSWANA_KGALAGADI_KGALAGADI NORTH_KANG,22.631383747199003,-23.529403386876705,Botswana,IND,BC
0367,0.001333803855167671,BOTSWANA_KGALAGADI_KGALAGADI NORTH_LEHUTUTU,22.00790879280739,-23.84360826239536,Botswana,IND,BC
0368,0.010634618891081382,BOTSWANA_KGALAGADI_KGALAGADI NORTH_LOKGWABE,21.7851453687414,-24.07867771129318,Botswana,IND,BC
0369,0,BOTSWANA_KGALAGADI_KGALAGADI NORTH_MAKE,21.994205625425362,-23.680770428270183,Botswana,IND,BC
0370,0.0016083044870656398,BOTSWANA_KGALAGADI_KGALAGADI NORTH_MONONG,21.544688834846603,-23.73920927317219,Botswana,IND,BC
0371,0,BOTSWANA_KGALAGADI_KGALAGADI NORTH_NCAANG,21.1223824590204,-23.44041697965504,Botswana,IND,BC
0372,0,BOTSWANA_KGALAGADI_KGALAGADI NORTH_NGWATLE,21.117355141120534,-23.647886311201248,Botswana,IND,BC
0373,0.004201073647003807,BOTSWANA_KGALAGADI_KGALAGADI NORTH_PHUDUHUDU,22.580063911251433,-23.93036127904691,Botswana,IND,BC
0374,0.005057897660036387,BOTSWANA_KGALAGADI_KGALAGADI NORTH_TSHANE,22.009218648598967,-23.97480857848694,Botswana,IND,BC
0375,0,BOTSWANA_KGALAGADI_KGALAGADI NORTH_UKWI,20.54965855676176,-23.64224465777984,Botswana,IND,BC
0376,0.007318595317921564,BOTSWANA_KGALAGADI_KGALAGADI NORTH_ZUTSWA,21.06879673283048,-24.378159867529472,Botswana,IND,BC
0377,0,BOTSWANA_KGALAGADI_KGALAGADI SOUTH_BOGOGOBO,21.939941061820672,-26.643776855439175,Botswana,IND,BC
0378,0,BOTSWANA_KGALAGADI_KGALAGADI SOUTH_BOKSPITS,21.314513491670507,-25.52305062333103,Botswana,IND,BC
0379,0.039683223937741006,BOTSWANA_KGALAGADI_KGALAGADI SOUTH_BRAY,23.752155151918004,-25.314612046817558,Botswana,IND,BC
0380,0,BOTSWANA_KGALAGADI_KGALAGADI SOUTH_GACHIBANA,21.318615947145076,-26.76135876855932,Botswana,IND,BC
0381,0,BOTSWANA_KGALAGADI_KGALAGADI SOUTH_KHISA,22.627311790636153,-25.661301014142644,Botswana,IND,BC
0382,0,BOTSWANA_KGALAGADI_KGALAGADI SOUTH_KHUIS,21.778745594602643,-26.61621321259511,Botswana,IND,BC
0383,0,BOTSWANA_KGALAGADI_KGALAGADI SOUTH_KHWAWA,21.536389504618732,-26.33146231350371,Botswana,IND,BC
0384,0,BOTSWANA_KGALAGADI_KGALAGADI SOUTH_KOKOTSHA,23.282665786747692,-24.952596354252385,Botswana,IND,BC
0385,0,BOTSWANA_KGALAGADI_KGALAGADI SOUTH_KOLONKWANE,21.998886440804885,-26.46695305601831,Botswana,IND,BC
0386,0,BOTSWANA_KGALAGADI_KGALAGADI SOUTH_MAKOPONG,23.00557554126552,-25.279785016029198,Botswana,IND,BC
0387,0,BOTSWANA_KGALAGADI_KGALAGADI SOUTH_MALESHE,22.578885408820124,-25.861705230970156,Botswana,IND,BC
0388,0,BOTSWANA_KGALAGADI_KGALAGADI SOUTH_MARALALENG,22.68707487230088,-25.784682276497044,Botswana,IND,BC
0389,1.4164627702244602e-4,BOTSWANA_KGALAGADI_KGALAGADI SOUTH_MAUBELO,22.38337590834033,-25.32060395255863,Botswana,IND,BC
0390,0,BOTSWANA_KGALAGADI_KGALAGADI SOUTH_MIDDLEPITS,21.88965522829646,-26.64510622003729,Botswana,IND,BC
0391,0.026906418886744384,BOTSWANA_KGALAGADI_KGALAGADI SOUTH_MOLOPO FARMS,23.901539179894392,-25.218667431791786,Botswana,IND,BC
0392,0,BOTSWANA_KGALAGADI_KGALAGADI SOUTH_OMAWENENO,22.58460683893281,-25.787109823452095,Botswana,IND,BC
0393,0,BOTSWANA_KGALAGADI_KGALAGADI SOUTH_PHEPHENG/DRAAIHOEK,22.78105010135853,-25.353110330504997,Botswana,IND,BC
0394,0,BOTSWANA_KGALAGADI_KGALAGADI SOUTH_RAPPLES PAN,21.008575646663,-26.638159980643096,Botswana,IND,BC
0395,0,BOTSWANA_KGALAGADI_KGALAGADI SOUTH_STRUIZENDAM,20.634736317115014,-26.674011578479416,Botswana,IND,BC
0396,0.26609593739498705,BOTSWANA_KGALAGADI_KGALAGADI SOUTH_TSABONG,22.533675678870342,-26.03261068358875,Botswana,IND,BC
0397,0,BOTSWANA_KGALAGADI_KGALAGADI SOUTH_VAALHOEK,20.899174768893236,-26.63085165782585,Botswana,IND,BC
0398,0.2919122567026306,BOTSWANA_KGALAGADI_KGALAGADI SOUTH_WERDA,23.074307700309763,-25.079935228446647,Botswana,IND,BC
0399,0,BOTSWANA_KGATLENG_KGATLENG_ARTISIA,26.329598045283216,-24.01646307301413,Botswana,IND,BC
0400,0.16366644622802495,BOTSWANA_KGATLENG_KGATLENG_BOKAA,25.97195065976654,-24.450230086407068,Botswana,IND,BC
0401,0,BOTSWANA_KGATLENG_KGATLENG_DIKGONNYE,26.029703255813914,-24.096171191247226,Botswana,IND,BC
0402,0,BOTSWANA_KGATLENG_KGATLENG_DIKWIDIDI,26.17999949757091,-24.55666835671585,Botswana,IND,BC
0403,1.6284394144026815,BOTSWANA_KGATLENG_KGATLENG_KGOMODIATSHABA,26.269863148495805,-23.959055603855354,Botswana,IND,BC
0404,0,BOTSWANA_KGATLENG_KGATLENG_KHURUTSHE,26.132859344771337,-23.690545327799267,Botswana,IND,BC
0405,0,BOTSWANA_KGATLENG_KGATLENG_LESHIBITSE,26.406165055796965,-23.83651089330935,Botswana,IND,BC
0406,0,BOTSWANA_KGATLENG_KGATLENG_MABALANE,26.28893676301754,-24.621655976454754,Botswana,IND,BC
0407,0,BOTSWANA_KGATLENG_KGATLENG_MALOLWANE,26.430380010494872,-24.457842437404707,Botswana,IND,BC
0408,0.09908854802234818,BOTSWANA_KGATLENG_KGATLENG_MALOTWANA SIDING,26.151012846299633,-24.29179457997145,Botswana,IND,BC
0409,0.02897414049942342,BOTSWANA_KGATLENG_KGATLENG_MATEBELENG,26.04953135972325,-24.525143676862136,Botswana,IND,BC
0410,0.0013373995052760968,BOTSWANA_KGATLENG_KGATLENG_MMATHUBUDUKWANE,26.402194016452356,-24.58953432239364,Botswana,IND,BC
0411,0.4888458109341816,BOTSWANA_KGATLENG_KGATLENG_MOCHUDI,26.47677571716603,-24.23454264974918,Botswana,IND,BC
0412,0,BOTSWANA_KGATLENG_KGATLENG_MODIPANE,26.172106866832117,-24.61311568769224,Botswana,IND,BC
0413,0.17906543909133388,BOTSWANA_KGATLENG_KGATLENG_MORWA,26.089564160859158,-24.467876815246445,Botswana,IND,BC
0414,0,BOTSWANA_KGATLENG_KGATLENG_OLIPHANTS DRIFT,26.833613302849894,-24.18652011472838,Botswana,IND,BC
0415,0.021535183839973895,BOTSWANA_KGATLENG_KGATLENG_OODI,26.09229785618965,-24.566777150464368,Botswana,IND,BC
0416,0.06390481180967408,BOTSWANA_KGATLENG_KGATLENG_PILANE STATION,26.10483646643129,-24.415535218505003,Botswana,IND,BC
0417,3.489524134865453e-5,BOTSWANA_KGATLENG_KGATLENG_RAMONAKA,26.446902425513134,-24.542320856771433,Botswana,IND,BC
0418,0.0031164805923506313,BOTSWANA_KGATLENG_KGATLENG_RAMOTLABAKI,26.871752159032944,-23.894065124338375,Botswana,IND,BC
0419,0.2217432736356739,BOTSWANA_KGATLENG_KGATLENG_RASESA,26.029082284030856,-24.334812008927873,Botswana,IND,BC
0420,6.231928563343672e-4,BOTSWANA_KGATLENG_KGATLENG_SIKWANE,26.40976832130963,-24.631382480577347,Botswana,IND,BC
0421,0.057637484856516076,BOTSWANA_KWENENG_KWENENG EAST_BDF MOGODITSHANE,25.866597567365684,-24.60177989688917,Botswana,IND,BC
0422,0,BOTSWANA_KWENENG_KWENENG EAST_BOATLANAME,25.90698626304365,-23.603697827888347,Botswana,IND,BC
0423,0.011809347021349953,BOTSWANA_KWENENG_KWENENG EAST_DIKGATLHONG,25.890773108192004,-24.22990108004598,Botswana,IND,BC
0424,0.04244224850875086,BOTSWANA_KWENENG_KWENENG EAST_DITSHUKUDU,25.79018424903999,-24.31657903586985,Botswana,IND,BC
0425,0.34780346854458777,BOTSWANA_KWENENG_KWENENG EAST_GABANE,25.724856086362443,-24.625622432889752,Botswana,IND,BC
0426,0,BOTSWANA_KWENENG_KWENENG EAST_GAKGATLA,25.558388738489484,-24.555893651556392,Botswana,IND,BC
0427,0.19949158195891997,BOTSWANA_KWENENG_KWENENG EAST_GAKUTLO,25.795893008492364,-24.485500847618265,Botswana,IND,BC
0428,0,BOTSWANA_KWENENG_KWENENG EAST_GAMODUBU,25.71707045103724,-24.50745373492028,Botswana,IND,BC
0429,0.006234740286127818,BOTSWANA_KWENENG_KWENENG EAST_HATSALATLADI,25.655128743903163,-24.053036283307804,Botswana,IND,BC
0430,0.02092764039357218,BOTSWANA_KWENENG_KWENENG EAST_KGOPE,25.90730765578967,-24.309697924278826,Botswana,IND,BC
0431,0.1331632137601156,BOTSWANA_KWENENG_KWENENG EAST_KOPONG,25.870465764300775,-24.444158127481042,Botswana,IND,BC
0432,0,BOTSWANA_KWENENG_KWENENG EAST_KUBUNG,25.360366076259005,-24.614971635386656,Botswana,IND,BC
0433,0.14104867840203625,BOTSWANA_KWENENG_KWENENG EAST_KUMAKWANE,25.672697196778568,-24.673575670712168,Botswana,IND,BC
0434,0.369762914959166,BOTSWANA_KWENENG_KWENENG EAST_KWENENG,25.828354177294415,-23.852566021088684,Botswana,IND,BC
0435,0.10476295846187435,BOTSWANA_KWENENG_KWENENG EAST_LENTSWELETAU,25.870136138465416,-24.167826671475748,Botswana,IND,BC
0436,0.02666728854849065,BOTSWANA_KWENENG_KWENENG EAST_LEOLOGANE,25.64433800339369,-23.434433772014575,Botswana,IND,BC
0437,0.011195967550840407,BOTSWANA_KWENENG_KWENENG EAST_LEPHEPHE,25.894174284633333,-23.40765559827626,Botswana,IND,BC
0438,0,BOTSWANA_KWENENG_KWENENG EAST_LOSILAKGOKONG,25.34988894663335,-24.571135771940597,Botswana,IND,BC
0439,0.2704158449094218,BOTSWANA_KWENENG_KWENENG EAST_MAHETLWE,25.665185137212088,-24.23905297400607,Botswana,IND,BC
0440,0,BOTSWANA_KWENENG_KWENENG EAST_MEDIE,25.874565240962703,-24.031116366980243,Botswana,IND,BC
0441,0.481805606681999,BOTSWANA_KWENENG_KWENENG EAST_METSIMOTLHABE,25.814813747961594,-24.57843758628985,Botswana,IND,BC
0442,2.0898157287422676,BOTSWANA_KWENENG_KWENENG EAST_MMANKGODI,25.623117562536567,-24.72944762315122,Botswana,IND,BC
0443,0.023425860561435308,BOTSWANA_KWENENG_KWENENG EAST_MMANOKO,25.64934009640395,-24.42250311648915,Botswana,IND,BC
0444,0.07965296289502896,BOTSWANA_KWENENG_KWENENG EAST_MMATSETA,25.85895904561137,-24.512431056468085,Botswana,IND,BC
0445,1.0784326688872483,BOTSWANA_KWENENG_KWENENG EAST_MMOPANE,25.831916673401516,-24.543107056933852,Botswana,IND,BC
0446,0.5698529112335636,BOTSWANA_KWENENG_KWENENG EAST_MOGODITSHANE,25.85842184630358,-24.60738400491993,Botswana,IND,BC
0447,0.018344676796725305,BOTSWANA_KWENENG_KWENENG EAST_MOGONONO,25.577935957073354,-24.234385269062876,Botswana,IND,BC
0448,0.040082606422751556,BOTSWANA_KWENENG_KWENENG EAST_MOKOLODI,25.81603234528639,-24.697241109077822,Botswana,IND,BC
0449,1.6810612873779427,BOTSWANA_KWENENG_KWENENG EAST_MOLEPOLOLE,25.5497055386965,-24.395542548425816,Botswana,IND,BC
0450,0.5105862484419337,BOTSWANA_KWENENG_KWENENG EAST_RAMAPHATLE,25.61446897045962,-24.70394371590776,Botswana,IND,BC
0451,0.031089265876244974,BOTSWANA_KWENENG_KWENENG EAST_SHADISHADI,25.6542773445706,-23.631687537826256,Botswana,IND,BC
0452,0.07075373032668239,BOTSWANA_KWENENG_KWENENG EAST_SOJWE,25.81060306743436,-23.447805731300946,Botswana,IND,BC
0453,0.027534808866788756,BOTSWANA_KWENENG_KWENENG EAST_THAMAGA,25.512202536353346,-24.636709032733712,Botswana,IND,BC
0454,0.294062500532296,BOTSWANA_KWENENG_KWENENG EAST_TLOANENG,25.718436819740113,-24.748830124610986,Botswana,IND,BC
0455,0,BOTSWANA_KWENENG_KWENENG WEST_BOTLHAPATLOU,25.49433742402101,-23.950964377275472,Botswana,IND,BC
0456,0,BOTSWANA_KWENENG_KWENENG WEST_DIPHUDUHUDU,25.361313831639055,-23.66424037279965,Botswana,IND,BC
0457,0,BOTSWANA_KWENENG_KWENENG WEST_DITSHEGWANE,24.967494356636315,-24.325453739104706,Botswana,IND,BC
0458,0,BOTSWANA_KWENENG_KWENENG WEST_DUTLWE,24.010209606049106,-24.0766543302552,Botswana,IND,BC
0459,0,BOTSWANA_KWENENG_KWENENG WEST_KAUDWANE,24.659436878890112,-23.367661970601763,Botswana,IND,BC
0460,0.006453283501709646,BOTSWANA_KWENENG_KWENENG WEST_KHUDUMELAPYE,25.170144578603114,-23.791371348563107,Botswana,IND,BC
0461,0.033456286860228265,BOTSWANA_KWENENG_KWENENG WEST_KOTOLANAME,25.344981106952105,-24.426360101349005,Botswana,IND,BC
0462,2.7722705140739157,BOTSWANA_KWENENG_KWENENG WEST_LETLHAKENG,25.055504504543418,-24.07736578153483,Botswana,IND,BC
0463,0.020598950142847273,BOTSWANA_KWENENG_KWENENG WEST_MABOANE,24.62981126929652,-24.01531720256432,Botswana,IND,BC
0464,6.02531212139942e-5,BOTSWANA_KWENENG_KWENENG WEST_MALWELWE,25.388569305562967,-24.124123864830562,Botswana,IND,BC
0465,0.0014095253186631,BOTSWANA_KWENENG_KWENENG WEST_MANTSHWABISI,25.20948564723073,-24.090430074502226,Botswana,IND,BC
0466,0.0020679469170898886,BOTSWANA_KWENENG_KWENENG WEST_MARATSHWANE,25.27943300340971,-24.00543002229499,Botswana,IND,BC
0467,1.2258888783916706,BOTSWANA_KWENENG_KWENENG WEST_METSIBOTLHOKO,24.88334535341407,-24.02100921043726,Botswana,IND,BC
0468,0,BOTSWANA_KWENENG_KWENENG WEST_MONWANE,25.208167783087692,-24.31675483950471,Botswana,IND,BC
0469,0,BOTSWANA_KWENENG_KWENENG WEST_MOSHAWENG,25.126758323030916,-24.50223959697767,Botswana,IND,BC
0470,0,BOTSWANA_KWENENG_KWENENG WEST_MOTOKWE,23.393326314118752,-23.949217767767472,Botswana,IND,BC
0471,0.012912277068631555,BOTSWANA_KWENENG_KWENENG WEST_NGWARE,25.472317051558928,-23.407189666362918,Botswana,IND,BC
0472,1.9660090655142834,BOTSWANA_KWENENG_KWENENG WEST_SALAJWE,24.700069233188845,-23.586968168257275,Botswana,IND,BC
0473,0,BOTSWANA_KWENENG_KWENENG WEST_SERINANE,25.19951548113084,-24.18969812658127,Botswana,IND,BC
0474,0,BOTSWANA_KWENENG_KWENENG WEST_SESUNG,24.920484389582054,-24.098764991625394,Botswana,IND,BC
0475,0,BOTSWANA_KWENENG_KWENENG WEST_SORILATHOLO,25.06367528301778,-23.48111009752001,Botswana,IND,BC
0476,0.001243052799933133,BOTSWANA_KWENENG_KWENENG WEST_TAKATOKWANE,24.333986142124967,-23.897263235861104,Botswana,IND,BC
0477,0.011034690765828893,BOTSWANA_KWENENG_KWENENG WEST_THEBEPHATSHWA,25.33911813426609,-24.229770927348877,Botswana,IND,BC
0478,0,BOTSWANA_KWENENG_KWENENG WEST_TSETSENG,23.346608409362428,-23.556625874898454,Botswana,IND,BC
0479,0,BOTSWANA_KWENENG_KWENENG WEST_TSWAANE,23.844303310573697,-23.677953470418096,Botswana,IND,BC
0480,0.3253780423880116,BOTSWANA_LOBATSE_LOBATSE_LOBATSE,25.680222039240462,-25.21156716052995,Botswana,IND,BC
0481,0,BOTSWANA_NORTH EAST_NORTH EAST_BOTALAOTE,27.23593919430158,-20.74011790617292,Botswana,IND,BC
0482,0.0023374557141039804,BOTSWANA_NORTH EAST_NORTH EAST_BUTALE,27.676071500645865,-20.656116388620305,Botswana,IND,BC
0483,0.14587958094954337,BOTSWANA_NORTH EAST_NORTH EAST_DITLADI,27.593853189898606,-21.357392846398774,Botswana,IND,BC
0484,0,BOTSWANA_NORTH EAST_NORTH EAST_GAMBULE,27.39900708699297,-20.563127167228444,Botswana,IND,BC
0485,0.016214566314985177,BOTSWANA_NORTH EAST_NORTH EAST_GULUBANE,27.31358281638026,-20.901873558761327,Botswana,IND,BC
0486,0.0023230421539180103,BOTSWANA_NORTH EAST_NORTH EAST_GUNGWE,27.38271596277986,-20.484327285782342,Botswana,IND,BC
0487,0.03976682587051725,BOTSWANA_NORTH EAST_NORTH EAST_HASKINS FARM,27.53856707842432,-20.942088468645853,Botswana,IND,BC
0488,0.030465812833685258,BOTSWANA_NORTH EAST_NORTH EAST_JACKALAS 1,27.70190501415433,-20.551898920198756,Botswana,IND,BC
0489,0.001340091913674122,BOTSWANA_NORTH EAST_NORTH EAST_JACKALAS 2,27.684263288454705,-20.943529822684937,Botswana,IND,BC
0490,0.30409471968511187,BOTSWANA_NORTH EAST_NORTH EAST_JOHANNES KACHEJOHN,27.416370017173527,-21.032990996945774,Botswana,IND,BC
0491,0,BOTSWANA_NORTH EAST_NORTH EAST_KALAKAMATI,27.325085093746505,-20.616599567778596,Botswana,IND,BC
0492,0,BOTSWANA_NORTH EAST_NORTH EAST_KGARI,27.62095491247424,-20.59772226024511,Botswana,IND,BC
0493,0.043804476688300016,BOTSWANA_NORTH EAST_NORTH EAST_LETSHOLATHEBE,27.42289424926035,-20.718374886141437,Botswana,IND,BC
0494,6.382424219851542e-4,BOTSWANA_NORTH EAST_NORTH EAST_MABUDZANE,27.65030964853915,-20.906207513366976,Botswana,IND,BC
0495,8.309860499223108e-4,BOTSWANA_NORTH EAST_NORTH EAST_MAKALENG,27.285094240822392,-20.79040562603129,Botswana,IND,BC
0496,0,BOTSWANA_NORTH EAST_NORTH EAST_MAMBO,27.339806500913884,-20.78191758239405,Botswana,IND,BC
0497,0.0025844222917261695,BOTSWANA_NORTH EAST_NORTH EAST_MAPOKA,27.583403081931646,-20.534321559571424,Botswana,IND,BC
0498,8.791419969322553e-4,BOTSWANA_NORTH EAST_NORTH EAST_MASINGWANENG,27.31796380391279,-20.837868143226277,Botswana,IND,BC
0499,0,BOTSWANA_NORTH EAST_NORTH EAST_MASUKWANE,27.54938882946871,-20.590964331617293,Botswana,IND,BC
0500,0.03431571062055971,BOTSWANA_NORTH EAST_NORTH EAST_MASUNGA,27.434400286669504,-20.627325508955153,Botswana,IND,BC
0501,0.0021018438039948004,BOTSWANA_NORTH EAST_NORTH EAST_MATENGE,27.243163563094196,-20.824890359812834,Botswana,IND,BC
0502,0.850301377764259,BOTSWANA_NORTH EAST_NORTH EAST_MATSHELAGABEDI,27.625910201894996,-21.12872037207013,Botswana,IND,BC
0503,2.3023720854208904,BOTSWANA_NORTH EAST_NORTH EAST_MATSILOJE,27.79748603303526,-21.272615331495285,Botswana,IND,BC
0504,0.010657227641372679,BOTSWANA_NORTH EAST_NORTH EAST_MBALAMBI,27.339335713407475,-20.51403109309788,Botswana,IND,BC
0505,0.0017623085768517235,BOTSWANA_NORTH EAST_NORTH EAST_MOROKA,27.64533883665974,-20.526246843989444,Botswana,IND,BC
0506,0.017397468674628627,BOTSWANA_NORTH EAST_NORTH EAST_MOSOJANE,27.510648322475955,-20.605682710993673,Botswana,IND,BC
0507,0.0038696100051383324,BOTSWANA_NORTH EAST_NORTH EAST_MOWANA,27.63647955779588,-20.777830273205144,Botswana,IND,BC
0508,0.0052828432900255224,BOTSWANA_NORTH EAST_NORTH EAST_MULAMBAKWENA,27.46594067350093,-20.57301251814986,Botswana,IND,BC
0509,0.007098316032182694,BOTSWANA_NORTH EAST_NORTH EAST_NLAKHWANE,27.517632990383536,-20.518539158214796,Botswana,IND,BC
0510,0.0045045401774947355,BOTSWANA_NORTH EAST_NORTH EAST_PATAYAMATEBELE,27.737992823316166,-21.4643350004061,Botswana,IND,BC
0511,0,BOTSWANA_NORTH EAST_NORTH EAST_POLE,27.574132779023316,-20.610493660531436,Botswana,IND,BC
0512,0,BOTSWANA_NORTH EAST_NORTH EAST_RAMOKGWEBANA,27.662924110656288,-20.583729469679355,Botswana,IND,BC
0513,0,BOTSWANA_NORTH EAST_NORTH EAST_SECHELE,27.38485539651099,-20.797350422844442,Botswana,IND,BC
0514,0,BOTSWANA_NORTH EAST_NORTH EAST_SEKAKANGWE,27.324905899544337,-20.566292847964146,Botswana,IND,BC
0515,0.022490947860877603,BOTSWANA_NORTH EAST_NORTH EAST_SENYAWE,27.6781087349486,-20.734971000867784,Botswana,IND,BC
0516,0.18856196031540248,BOTSWANA_NORTH EAST_NORTH EAST_SHASHE BRIDGE,27.441314891279994,-21.258844535487142,Botswana,IND,BC
0517,0.015232682194460412,BOTSWANA_NORTH EAST_NORTH EAST_SIVIYA,27.69697685871457,-20.82969467830003,Botswana,IND,BC
0518,0.02768057608926421,BOTSWANA_NORTH EAST_NORTH EAST_TATI SIDING,27.46845579652601,-21.26452617148856,Botswana,IND,BC
0519,0.04585422329781279,BOTSWANA_NORTH EAST_NORTH EAST_THEMASHANGA,27.55069700154272,-20.72636426785868,Botswana,IND,BC
0520,0,BOTSWANA_NORTH EAST_NORTH EAST_TOTENG,27.270345176482714,-20.719997560519936,Botswana,IND,BC
0521,1.9001380513357693e-6,BOTSWANA_NORTH EAST_NORTH EAST_TSAMAYA,27.65197854641795,-20.83445747757975,Botswana,IND,BC
0522,0.0030489633218542555,BOTSWANA_NORTH EAST_NORTH EAST_TSHESEBE,27.60488659969322,-20.718620239818698,Botswana,IND,BC
0523,0.0023722001237437653,BOTSWANA_NORTH EAST_NORTH EAST_VUKWI,27.38708622858749,-20.607139935771677,Botswana,IND,BC
0524,0.02876153786408755,BOTSWANA_NORTH EAST_NORTH EAST_ZWENSHAMBE,27.448183551665426,-20.504176199278817,Botswana,IND,BC
0525,0,BOTSWANA_NORTH WEST_NGAMILAND DELTA_NGAMILAND DELTA,22.960336814344046,-19.43828751092393,Botswana,IND,BC
0526,0.02518086950938732,BOTSWANA_NORTH WEST_NGAMILAND EAST_BODIBENG,22.600564390842983,-20.54248828687454,Botswana,IND,BC
0527,0.07963404265865033,BOTSWANA_NORTH WEST_NGAMILAND EAST_BOTLHATLOGO,22.726763405990695,-20.74674723011069,Botswana,IND,BC
0528,0,BOTSWANA_NORTH WEST_NGAMILAND EAST_CHANOGA,23.67422168898431,-20.16363542170472,Botswana,IND,BC
0529,0,BOTSWANA_NORTH WEST_NGAMILAND EAST_HABU,22.399450144071537,-19.835986974771608,Botswana,IND,BC
0530,0.012186158977296161,BOTSWANA_NORTH WEST_NGAMILAND EAST_KARENG,22.300472651793307,-20.754601900098116,Botswana,IND,BC
0531,0,BOTSWANA_NORTH WEST_NGAMILAND EAST_KGAKGE/MAKAKUNG,22.500435832111794,-20.540049424101177,Botswana,IND,BC
0532,0,BOTSWANA_NORTH WEST_NGAMILAND EAST_KOMANA,23.23556501767629,-20.197324460737033,Botswana,IND,BC
0533,0,BOTSWANA_NORTH WEST_NGAMILAND EAST_MABABE,23.997011922196286,-19.182027762406623,Botswana,IND,BC
0534,1.985644026140542,BOTSWANA_NORTH WEST_NGAMILAND EAST_MAKALAMABEDI,23.41521287773188,-20.67081042197008,Botswana,IND,BC
0535,0.05052979343855273,BOTSWANA_NORTH WEST_NGAMILAND EAST_MATLAPANA,23.546036955690333,-19.921555467159827,Botswana,IND,BC
0536,0,BOTSWANA_NORTH WEST_NGAMILAND EAST_MATSAUDI/SAKAPNAE,23.675283205409393,-19.806194245710948,Botswana,IND,BC
0537,1.3841693298966522,BOTSWANA_NORTH WEST_NGAMILAND EAST_MAUN,24.199903111118402,-19.619553541252102,Botswana,IND,BC
0538,0.025106903894322647,BOTSWANA_NORTH WEST_NGAMILAND EAST_PHUDUHUDU,24.645957266286953,-20.051304523225582,Botswana,IND,BC
0539,0,BOTSWANA_NORTH WEST_NGAMILAND EAST_SANKUYO,23.881724902731463,-19.421659901868495,Botswana,IND,BC
0540,0.13709128185046424,BOTSWANA_NORTH WEST_NGAMILAND EAST_SEHITHWA,22.677793302639653,-20.237066774603015,Botswana,IND,BC
0541,0,BOTSWANA_NORTH WEST_NGAMILAND EAST_SEMBOYO,22.27649485221952,-20.354376077745215,Botswana,IND,BC
0542,0,BOTSWANA_NORTH WEST_NGAMILAND EAST_SHOROBE,23.712796248799126,-19.11296691544541,Botswana,IND,BC
0543,1.8936521018546504,BOTSWANA_NORTH WEST_NGAMILAND EAST_TOTENG,22.999306808598018,-20.32082005396448,Botswana,IND,BC
0544,0.008712417700581326,BOTSWANA_NORTH WEST_NGAMILAND EAST_TSAO,22.28659245098526,-20.02090488822863,Botswana,IND,BC
0545,0.011219862862704875,BOTSWANA_NORTH WEST_NGAMILAND WEST_BEETSHA,22.953920477145694,-18.380166226946653,Botswana,IND,BC
0546,0.008861505892000233,BOTSWANA_NORTH WEST_NGAMILAND WEST_CHUKUMUCHU,21.598703917965935,-18.74824397962615,Botswana,IND,BC
0547,0.006201205781410779,BOTSWANA_NORTH WEST_NGAMILAND WEST_ERETSHA,22.86584821151028,-18.79052805025673,Botswana,IND,BC
0548,0.10372798055158887,BOTSWANA_NORTH WEST_NGAMILAND WEST_ETSHA 1,22.224044369783737,-19.242642574470672,Botswana,IND,BC
0549,0,BOTSWANA_NORTH WEST_NGAMILAND WEST_ETSHA 13,22.229743070714033,-19.017116669937373,Botswana,IND,BC
0550,0.015661875675843855,BOTSWANA_NORTH WEST_NGAMILAND WEST_ETSHA 6,22.229066360329956,-19.108258691269373,Botswana,IND,BC
0551,0,BOTSWANA_NORTH WEST_NGAMILAND WEST_GANI,21.444696927418082,-18.405419080628068,Botswana,IND,BC
0552,0.0166029889885056,BOTSWANA_NORTH WEST_NGAMILAND WEST_GONUTSUGA,22.59253926092765,-18.87801840211525,Botswana,IND,BC
0553,0,BOTSWANA_NORTH WEST_NGAMILAND WEST_GUDINGWA,22.905784262247845,-18.563529796191204,Botswana,IND,BC
0554,0.18352487635021839,BOTSWANA_NORTH WEST_NGAMILAND WEST_GUMARE,22.131570836874936,-19.394550571792966,Botswana,IND,BC
0555,0.009859826864871322,BOTSWANA_NORTH WEST_NGAMILAND WEST_IKOGA,22.218249775302052,-18.888300198172978,Botswana,IND,BC
0556,0,BOTSWANA_NORTH WEST_NGAMILAND WEST_KAJAJA,21.992248859877353,-18.703015404036154,Botswana,IND,BC
0557,0.04840004631106745,BOTSWANA_NORTH WEST_NGAMILAND WEST_KAUXWHI,21.93273566781973,-18.270501890330234,Botswana,IND,BC
0558,2.938904458196627e-5,BOTSWANA_NORTH WEST_NGAMILAND WEST_MOGOMOTHO,22.252300749707768,-18.492510662073524,Botswana,IND,BC
0559,0.00825806389607679,BOTSWANA_NORTH WEST_NGAMILAND WEST_MOHEMBO EAST,21.802957716080922,-18.266524959816728,Botswana,IND,BC
0560,0.005086750260218919,BOTSWANA_NORTH WEST_NGAMILAND WEST_MOHEMBO WEST,21.66725143544976,-18.312119665836942,Botswana,IND,BC
0561,5.362215860439644e-4,BOTSWANA_NORTH WEST_NGAMILAND WEST_MOKGACHA,22.28535493171085,-18.701773297683296,Botswana,IND,BC
0562,0,BOTSWANA_NORTH WEST_NGAMILAND WEST_NGARANGE,22.04454772324353,-18.490470871633665,Botswana,IND,BC
0563,0,BOTSWANA_NORTH WEST_NGAMILAND WEST_NOKANENG,22.21151988099178,-19.64313399653268,Botswana,IND,BC
0564,0,BOTSWANA_NORTH WEST_NGAMILAND WEST_NXAMASERE,21.95986197574487,-18.61796345462013,Botswana,IND,BC
0565,0,BOTSWANA_NORTH WEST_NGAMILAND WEST_NXAUNXAU,21.351524290127983,-18.90359537023587,Botswana,IND,BC
0566,0.019990074187143016,BOTSWANA_NORTH WEST_NGAMILAND WEST_QANGWA,21.56450523279803,-19.49744243797423,Botswana,IND,BC
0567,0.004501114748324253,BOTSWANA_NORTH WEST_NGAMILAND WEST_SAMOCHEMA,21.807530849136374,-18.491110966045003,Botswana,IND,BC
0568,0,BOTSWANA_NORTH WEST_NGAMILAND WEST_SEKONDOMBORO,22.116154551020507,-18.31395834682349,Botswana,IND,BC
0569,0.03525541453554972,BOTSWANA_NORTH WEST_NGAMILAND WEST_SEPOPA,22.058884839789098,-18.787426270755017,Botswana,IND,BC
0570,0.0091365469101803,BOTSWANA_NORTH WEST_NGAMILAND WEST_SERONGA,22.432137134077763,-18.68657047380979,Botswana,IND,BC
0571,0.03120604460252187,BOTSWANA_NORTH WEST_NGAMILAND WEST_SHAKAWE,21.734262044931864,-18.42525466967516,Botswana,IND,BC
0572,0,BOTSWANA_NORTH WEST_NGAMILAND WEST_TUBU,22.343676013963407,-19.42290273539071,Botswana,IND,BC
0573,0.0708776437550416,BOTSWANA_NORTH WEST_NGAMILAND WEST_XAKAO,21.89184146965982,-18.35122741006872,Botswana,IND,BC
0574,0.02965259869116907,BOTSWANA_NORTH WEST_NGAMILAND WEST_XAXA,21.481474650920102,-20.367126109392327,Botswana,IND,BC
0575,0.0016481197407617874,BOTSWANA_NORTH WEST_NGAMILAND WEST_XHAUGA,21.8600876919785,-18.555460050065392,Botswana,IND,BC
0576,1.1662810072245957,BOTSWANA_ORAPA_ORAPA_ORAPA,25.3996206036354,-21.263370671233456,Botswana,IND,BC
0577,6.20206776924047,BOTSWANA_SELIBE PHIKWE_SELIBE PHIKWE_SELIBE PHIKWE,27.837207638783738,-21.958685691075345,Botswana,IND,BC
0578,0.9712058291477711,BOTSWANA_SOUTH EAST_SOUTH EAST_DOORN LAAGTE,25.651786031535003,-25.28255683886919,Botswana,IND,BC
0579,0.15622143764550925,BOTSWANA_SOUTH EAST_SOUTH EAST_HILDAVALE,25.616656741956373,-25.403085615302597,Botswana,IND,BC
0580,0.45777388800395485,BOTSWANA_SOUTH EAST_SOUTH EAST_LOBATSE ESTATES,25.699833727272946,-25.141969237065187,Botswana,IND,BC
0581,0.01996028435695789,BOTSWANA_SOUTH EAST_SOUTH EAST_MOGOBANE,25.702998989332475,-24.943145974483425,Botswana,IND,BC
0582,0.48055097200854524,BOTSWANA_SOUTH EAST_SOUTH EAST_OTSE,25.756324039083623,-25.045000276937234,Botswana,IND,BC
0583,0.2974377631528814,BOTSWANA_SOUTH EAST_SOUTH EAST_RAMOTSWA,25.829789056966593,-24.901951101856636,Botswana,IND,BC
0584,0,BOTSWANA_SOUTH EAST_SOUTH EAST_RAMOTSWA STATION/TAUNG,25.770154438973417,-24.815461657589147,Botswana,IND,BC
0585,1.9089026143660717,BOTSWANA_SOUTH EAST_SOUTH EAST_TLOKWENG,26.035546995861406,-24.647763400719953,Botswana,IND,BC
0586,0.010799484367293308,BOTSWANA_SOUTHERN_BAROLONG_BETHEL,25.523180210457173,-25.455324991549087,Botswana,IND,BC
0587,0.004985414540080288,BOTSWANA_SOUTHERN_BAROLONG_BOROBADILEPE,25.45763854772069,-25.624399960180156,Botswana,IND,BC
0588,0.0012433654910084244,BOTSWANA_SOUTHERN_BAROLONG_DIGAWANA,25.554337853260883,-25.336847733509767,Botswana,IND,BC
0589,1.525734755307604e-4,BOTSWANA_SOUTHERN_BAROLONG_DIKHUKHUNG,24.885447065593745,-25.800063981646993,Botswana,IND,BC
0590,0.018817646837902942,BOTSWANA_SOUTHERN_BAROLONG_DINATSHANA,25.561032468363326,-25.459552008174736,Botswana,IND,BC
0591,0.033969603021434064,BOTSWANA_SOUTHERN_BAROLONG_DITLHARAPA,25.26534775604463,-25.74503088773403,Botswana,IND,BC
0592,0.02185288340950054,BOTSWANA_SOUTHERN_BAROLONG_GAMAJALELA,25.422867167043186,-25.383535663638526,Botswana,IND,BC
0593,0.002112418191026122,BOTSWANA_SOUTHERN_BAROLONG_GATHWANE,25.50825122582933,-25.39225799661276,Botswana,IND,BC
0594,0.08798004609160615,BOTSWANA_SOUTHERN_BAROLONG_GOOD HOPE,25.425540411603592,-25.474044252271263,Botswana,IND,BC
0595,0.004056379222710327,BOTSWANA_SOUTHERN_BAROLONG_HEBRON,25.41118276541949,-25.696194884502404,Botswana,IND,BC
0596,0,BOTSWANA_SOUTHERN_BAROLONG_KANGWE,25.079061936844482,-25.406209192834304,Botswana,IND,BC
0597,0.052260939803959766,BOTSWANA_SOUTHERN_BAROLONG_KGORO,25.486735775180065,-25.453486474188907,Botswana,IND,BC
0598,0.006845380395673996,BOTSWANA_SOUTHERN_BAROLONG_LEJWANA,25.53432726709042,-25.415801471703258,Botswana,IND,BC
0599,0.011442164245344746,BOTSWANA_SOUTHERN_BAROLONG_LEPORUNG,25.008424229579703,-25.672891074188268,Botswana,IND,BC
0600,0.0034513968300191977,BOTSWANA_SOUTHERN_BAROLONG_LOGAGANE,25.398915672259538,-25.611615010488325,Botswana,IND,BC
0601,9.215355388434778e-5,BOTSWANA_SOUTHERN_BAROLONG_LORWANA,25.502074910123632,-25.286996269753118,Botswana,IND,BC
0602,0.050136521734143194,BOTSWANA_SOUTHERN_BAROLONG_MABULE,24.537508834961965,-25.73692702390118,Botswana,IND,BC
0603,0.07584533861132352,BOTSWANA_SOUTHERN_BAROLONG_MADINGWANA,25.481261650329014,-25.576730325456165,Botswana,IND,BC
0604,0,BOTSWANA_SOUTHERN_BAROLONG_MAGORIAPITSE,25.27977947866948,-25.44137079227652,Botswana,IND,BC
0605,0.00409429121355851,BOTSWANA_SOUTHERN_BAROLONG_MAKOKWE,25.475459011292934,-25.66937770824479,Botswana,IND,BC
0606,0.05038278114692956,BOTSWANA_SOUTHERN_BAROLONG_MALOKAGANYANE,25.488358562103294,-25.502299871489452,Botswana,IND,BC
0607,0.0017247407487605236,BOTSWANA_SOUTHERN_BAROLONG_MAROJANE,25.341901927422153,-25.73640142441916,Botswana,IND,BC
0608,0,BOTSWANA_SOUTHERN_BAROLONG_METLOBO,25.124348846065626,-25.39253659443453,Botswana,IND,BC
0609,0.011880233437582311,BOTSWANA_SOUTHERN_BAROLONG_METLOJANE,25.375187769980677,-25.552026515853672,Botswana,IND,BC
0610,0.0076497792153550955,BOTSWANA_SOUTHERN_BAROLONG_MMAKGORI,24.800927173643334,-25.789358109184104,Botswana,IND,BC
0611,0.002647252931243507,BOTSWANA_SOUTHERN_BAROLONG_MMATHETHE,25.16245192169214,-25.332818623646105,Botswana,IND,BC
0612,0.08850588566681714,BOTSWANA_SOUTHERN_BAROLONG_MOGOJOGOJO,25.472237292279374,-25.35846674488226,Botswana,IND,BC
0613,0.00854063250971888,BOTSWANA_SOUTHERN_BAROLONG_MOGWALALE,25.3618167413177,-25.480322244471722,Botswana,IND,BC
0614,0.03500480117772659,BOTSWANA_SOUTHERN_BAROLONG_MOKATAKO,25.21324864044004,-25.72876284416883,Botswana,IND,BC
0615,3.763147113848999e-4,BOTSWANA_SOUTHERN_BAROLONG_MOKGOMANE,25.21261347084866,-25.518245387897743,Botswana,IND,BC
0616,0.009374567054978028,BOTSWANA_SOUTHERN_BAROLONG_MOLETE,25.308791189937068,-25.671084438672697,Botswana,IND,BC
0617,9.765604171724422e-4,BOTSWANA_SOUTHERN_BAROLONG_MOTSENTSHE,25.375726428046065,-25.379180264622413,Botswana,IND,BC
0618,0.04068183152880074,BOTSWANA_SOUTHERN_BAROLONG_MUSI,25.08334912114238,-25.688286393457503,Botswana,IND,BC
0619,0.01381288561644591,BOTSWANA_SOUTHERN_BAROLONG_NGWATSAU,25.540401017789634,-25.553981728114238,Botswana,IND,BC
0620,0.07357991675796029,BOTSWANA_SOUTHERN_BAROLONG_PAPATLO,25.50091785142035,-25.65156471920203,Botswana,IND,BC
0621,0.0033251716011553877,BOTSWANA_SOUTHERN_BAROLONG_PHIHITSHWANE,25.414087664638753,-25.65601906088651,Botswana,IND,BC
0622,0.018764557032537738,BOTSWANA_SOUTHERN_BAROLONG_PITSANA-POTOKWE,25.556580548078113,-25.50806204359263,Botswana,IND,BC
0623,0.037663647620149954,BOTSWANA_SOUTHERN_BAROLONG_PITSANE SIDING,25.604250914974468,-25.46943866185844,Botswana,IND,BC
0624,0.0018355043365869265,BOTSWANA_SOUTHERN_BAROLONG_PITSHANE MOLOPO,25.119834443362777,-25.744597939849236,Botswana,IND,BC
0625,0.12675320470521834,BOTSWANA_SOUTHERN_BAROLONG_RAKHUNA,25.578883997684116,-25.582003199973805,Botswana,IND,BC
0626,0.2860117406734399,BOTSWANA_SOUTHERN_BAROLONG_RAMATLABAMA,25.542590563183143,-25.63663806930263,Botswana,IND,BC
0627,0,BOTSWANA_SOUTHERN_BAROLONG_SEDIBENG,25.16840936243981,-25.684656039464652,Botswana,IND,BC
0628,0,BOTSWANA_SOUTHERN_BAROLONG_SEKHUTLANE,24.48911487032339,-25.502857393367236,Botswana,IND,BC
0629,0.0030780066826637973,BOTSWANA_SOUTHERN_BAROLONG_SHEEP FARM,25.494453226915,-25.550549245917278,Botswana,IND,BC
0630,0.17829282688440307,BOTSWANA_SOUTHERN_BAROLONG_TLHARESELEELE,25.6164016549552,-25.509947342258574,Botswana,IND,BC
0631,0.04586221393433476,BOTSWANA_SOUTHERN_BAROLONG_TSHIDILAMOLOMO,24.680774921105087,-25.71938467094859,Botswana,IND,BC
0632,0,BOTSWANA_SOUTHERN_BAROLONG_TSWAANENG,24.874731933296207,-25.481179488719636,Botswana,IND,BC
0633,0.002409902377602485,BOTSWANA_SOUTHERN_BAROLONG_TSWAGARE/LOTHOJE/LOKALANA,25.32250003507171,-25.608673297419177,Botswana,IND,BC
0634,0.0012786825225590533,BOTSWANA_SOUTHERN_BAROLONG_TSWANYANENG,25.26289447863055,-25.6163734983762,Botswana,IND,BC
0635,0,BOTSWANA_SOUTHERN_NGWAKETSE WEST_ITHOLOKE,23.49754475940133,-24.802379212464427,Botswana,IND,BC
0636,0.007584822869302455,BOTSWANA_SOUTHERN_NGWAKETSE WEST_KANAKU,23.536569449983585,-24.292118077279163,Botswana,IND,BC
0637,0,BOTSWANA_SOUTHERN_NGWAKETSE WEST_KENG,23.822720476728055,-24.619062130504958,Botswana,IND,BC
0638,0,BOTSWANA_SOUTHERN_NGWAKETSE WEST_KHAKHEA,23.52876267152225,-24.69951083983683,Botswana,IND,BC
0639,0,BOTSWANA_SOUTHERN_NGWAKETSE WEST_KHONKHWA,23.935454133373597,-24.46012666914766,Botswana,IND,BC
0640,0,BOTSWANA_SOUTHERN_NGWAKETSE WEST_KOKONG,23.160513999524845,-24.39362019765512,Botswana,IND,BC
0641,0,BOTSWANA_SOUTHERN_NGWAKETSE WEST_KUTUKU,23.639126946319017,-24.680282589894166,Botswana,IND,BC
0642,5.742638074510887e-4,BOTSWANA_SOUTHERN_NGWAKETSE WEST_MABUTSANE,23.705699680104797,-24.459760111464377,Botswana,IND,BC
0643,0,BOTSWANA_SOUTHERN_NGWAKETSE WEST_MAHOTSHWANE,24.187255352450173,-24.38400662626752,Botswana,IND,BC
0644,0,BOTSWANA_SOUTHERN_NGWAKETSE WEST_MORWAMOSU,23.122520350392715,-24.153854514850522,Botswana,IND,BC
0645,0,BOTSWANA_SOUTHERN_NGWAKETSE WEST_SEKOMA,24.02445527149606,-24.579997053681147,Botswana,IND,BC
0646,0,BOTSWANA_SOUTHERN_SOUTHERN_BETESANKWE,24.8941696227703,-24.719678878206103,Botswana,IND,BC
0647,0,BOTSWANA_SOUTHERN_SOUTHERN_DIABO,25.365536715216567,-25.223190983743812,Botswana,IND,BC
0648,0,BOTSWANA_SOUTHERN_SOUTHERN_DIPOTSANA,25.446292913079866,-25.212561776849554,Botswana,IND,BC
0649,0,BOTSWANA_SOUTHERN_SOUTHERN_GASITA,24.82803541943543,-25.124083589756676,Botswana,IND,BC
0650,4.6642306384630245,BOTSWANA_SOUTHERN_SOUTHERN_KANYE,25.289267678855026,-25.048656911618565,Botswana,IND,BC
0651,0.552717995728331,BOTSWANA_SOUTHERN_SOUTHERN_KGOMOKASITWA,25.611112091400322,-25.09686032652438,Botswana,IND,BC
0652,0,BOTSWANA_SOUTHERN_SOUTHERN_LEFOKO,24.690111852640598,-24.8470312136434,Botswana,IND,BC
0653,0.26457201534417457,BOTSWANA_SOUTHERN_SOUTHERN_LEKGOLOBOTLO,25.61615083241098,-24.885307065481175,Botswana,IND,BC
0654,0,BOTSWANA_SOUTHERN_SOUTHERN_LOROLWANA,24.459937704580028,-25.2535967198016,Botswana,IND,BC
0655,0.009777129857209934,BOTSWANA_SOUTHERN_SOUTHERN_LOTLHAKANE,25.435707774440367,-25.08771727806122,Botswana,IND,BC
0656,0.08928820983513955,BOTSWANA_SOUTHERN_SOUTHERN_LOTLHAKANE WEST,25.295371153997333,-24.784930431562245,Botswana,IND,BC
0657,8.832053794574023e-4,BOTSWANA_SOUTHERN_SOUTHERN_MAGOTLHWANE,25.599116726068054,-24.996853415826646,Botswana,IND,BC
0658,2.499653646862495,BOTSWANA_SOUTHERN_SOUTHERN_MANYANA,25.574934396304805,-24.79875482887838,Botswana,IND,BC
0659,0,BOTSWANA_SOUTHERN_SOUTHERN_MAOKANE,24.649164740852807,-24.988391174828216,Botswana,IND,BC
0660,0,BOTSWANA_SOUTHERN_SOUTHERN_MOGONYE,25.67857687556797,-24.842313481878563,Botswana,IND,BC
0661,0.028001258076905587,BOTSWANA_SOUTHERN_SOUTHERN_MOKHOMBA,24.61814743618357,-24.716762968297573,Botswana,IND,BC
0662,3.5093952404371302,BOTSWANA_SOUTHERN_SOUTHERN_MOLAPOWABOJANG,25.545639385657516,-25.196418239986023,Botswana,IND,BC
0663,7.917423005367024,BOTSWANA_SOUTHERN_SOUTHERN_MOSHANENG,25.208444254843652,-24.835326824262772,Botswana,IND,BC
0664,2.417232797018141,BOTSWANA_SOUTHERN_SOUTHERN_MOSHUPA,25.42468410253782,-24.802239950537796,Botswana,IND,BC
0665,0.032242493769672684,BOTSWANA_SOUTHERN_SOUTHERN_NTLHANTLHE,25.563433827213757,-25.01680148927233,Botswana,IND,BC
0666,0,BOTSWANA_SOUTHERN_SOUTHERN_PITSENG,25.026961859107356,-24.671811025950742,Botswana,IND,BC
0667,0,BOTSWANA_SOUTHERN_SOUTHERN_RALEKGETHO,25.153983418889254,-24.651674927885143,Botswana,IND,BC
0668,0.13430039622157763,BOTSWANA_SOUTHERN_SOUTHERN_RANAKA,25.49210433716248,-24.953019551938723,Botswana,IND,BC
0669,0,BOTSWANA_SOUTHERN_SOUTHERN_SEGWAGWA,25.154246986825143,-25.20370107041337,Botswana,IND,BC
0670,0,BOTSWANA_SOUTHERN_SOUTHERN_SEHERELELA,24.966365412487043,-24.85255338029039,Botswana,IND,BC
0671,1.816367086378959,BOTSWANA_SOUTHERN_SOUTHERN_SELOKOLELA,25.08619153157018,-25.012511421456256,Botswana,IND,BC
0672,0.010816079760117704,BOTSWANA_SOUTHERN_SOUTHERN_SEMANE,24.36060822534978,-24.5838070534333,Botswana,IND,BC
0673,0.11314692013640042,BOTSWANA_SOUTHERN_SOUTHERN_SESE,24.837457767676273,-24.623316789302145,Botswana,IND,BC
0674,0.8479737146397135,BOTSWANA_SOUTHERN_SOUTHERN_SESUNG,25.085978537640155,-24.864295490303654,Botswana,IND,BC
0675,0,BOTSWANA_SOUTHERN_SOUTHERN_TLHANKANE,24.375461207737164,-24.957536336747538,Botswana,IND,BC
0676,0,BOTSWANA_SOUTHERN_SOUTHERN_TSHWAANE,25.273421585713766,-24.711641454327474,Botswana,IND,BC
0677,0,BOTSWANA_SOUTHERN_SOUTHERN_TSONYANE,24.813855404067922,-24.839469110997843,Botswana,IND,BC
0678,0.21583156582938567,BOTSWANA_SOWA TOWN_SOWA TOWN_SOWA TOWN,26.205474065724133,-20.525655504329873,Botswana,IND,BC
0679,0,BOTSWANA_NORTH WEST_NGAMILAND WEST_TOBERE,22.060761168763293,-18.2277220943275,Botswana,IND,BC
0680,0.6492009263558196,BOTSWANA_FRANCISTOWN_FRANCISTOWN_FRANCISTOWN,27.527173396825056,-21.15325240029203,Botswana,IND,BC
0681,0,BOTSWANA_NORTH EAST_NORTH EAST_MATOPI,27.91115579539766,-21.482192037003767,Botswana,IND,BC
0682,14.590239287967133,LESOTHO_BEREA,27.916543179927878,-29.196133964322186,Lesotho,IND,BC
0683,4.016814626333699,LESOTHO_BUTHA-BUTHE,28.564194113912084,-28.80291309387294,Lesotho,IND,BC
0684,13.031327221086997,LESOTHO_LERIBE,28.262778693785734,-29.01811492119529,Lesotho,IND,BC
0685,8.636494040228927,LESOTHO_MAFETENG,27.392581280663943,-29.77903326417238,Lesotho,IND,BC
0686,19.56433522257785,LESOTHO_MASERU,27.818410139103523,-29.578708001027245,Lesotho,IND,BC
0687,10.731519078540092,LESOTHO_MOHALE'S HOEK,27.81073935217726,-30.05732318594617,Lesotho,IND,BC
0688,6.428528200950799,LESOTHO_MOKHOTLONG,29.030965902973236,-29.219387585513097,Lesotho,IND,BC
0689,3.454894615024953,LESOTHO_QACHA'S NEK,28.738216934631595,-29.96551989191937,Lesotho,IND,BC
0690,5.026621877858833,LESOTHO_QUTHING,27.985860217458367,-30.361098997601832,Lesotho,IND,BC
0691,6.224342304849119,LESOTHO_THABA-TSEKA,28.592501565541635,-29.5707462455164,Lesotho,IND,BC
0692,16.294328893757072,MALAWI_SOUTHERN REGION_BALAKA,35.057010057789576,-15.035291543995603,Malawi,IND,BC
0693,33.4509559293524,MALAWI_SOUTHERN REGION_BLANTYRE,34.93215294645478,-15.653521070374605,Malawi,IND,BC
0694,40.73936774585345,MALAWI_SOUTHERN REGION_BLANTYRE CITY,35.049846087604834,-15.788155512634402,Malawi,IND,BC
0695,23.02735964479663,MALAWI_SOUTHERN REGION_CHIKWAWA,34.70903689510921,-16.164449793446956,Malawi,IND,BC
0696,21.511544019084617,MALAWI_SOUTHERN REGION_CHIRADZULU,35.21401510212054,-15.74504273186666,Malawi,IND,BC
0697,4.028151960230281,MALAWI_NORTHERN REGION_CHITIPA,33.50075697273936,-9.961323805951439,Malawi,IND,BC
0698,43.219391231713914,MALAWI_CENTRAL REGION_DEDZA,34.227546152785884,-14.26666414364504,Malawi,IND,BC
0699,33.04983272892962,MALAWI_CENTRAL REGION_DOWA,33.7882007354298,-13.568943726666408,Malawi,IND,BC
0700,12.154397744595572,MALAWI_NORTHERN REGION_KARONGA,33.88286491576761,-10.085628973711133,Malawi,IND,BC
0701,22.516285496524013,MALAWI_CENTRAL REGION_KASUNGU,33.38591920703449,-12.984592469489298,Malawi,IND,BC
0702,28.08798856222399,MALAWI_LAKE MALAWI_LAKE MALAWI,34.46342187078561,-11.83542210532386,Malawi,IND,BC
0703,0.38810405208714616,MALAWI_NORTHERN REGION_LIKOMA,34.68456952933858,-12.049251389757782,Malawi,IND,BC
0704,110.16472270617622,MALAWI_CENTRAL REGION_LILONGWE,33.678384246204125,-14.02262845680586,Malawi,IND,BC
0705,42.37771556204027,MALAWI_CENTRAL REGION_LILONGWE CITY,33.777412227707195,-13.917060812410538,Malawi,IND,BC
0706,29.245433580031087,MALAWI_SOUTHERN REGION_MACHINGA,35.56621569203856,-14.939743540640112,Malawi,IND,BC
0707,39.70044115621327,MALAWI_SOUTHERN REGION_MANGOCHI,35.188672100825926,-14.35745673152043,Malawi,IND,BC
0708,36.19583569792597,MALAWI_CENTRAL REGION_MCHINJI,33.05678421553763,-13.693204790303813,Malawi,IND,BC
0709,42.564096857891954,MALAWI_SOUTHERN REGION_MULANJE,35.510601697456494,-15.937493088013312,Malawi,IND,BC
0710,5.939408352818415,MALAWI_SOUTHERN REGION_MWANZA,34.51070572282828,-15.653498412560298,Malawi,IND,BC
0711,24.84178061907303,MALAWI_NORTHERN REGION_MZIMBA,33.63357391674036,-11.774662616846621,Malawi,IND,BC
0712,6.064666432314791,MALAWI_NORTHERN REGION_MZUZU CITY,34.008085621399474,-11.435033136665401,Malawi,IND,BC
0713,4.41234172576514,MALAWI_SOUTHERN REGION_NENO,34.69511229098429,-15.46855436212607,Malawi,IND,BC
0714,6.483374638892949,MALAWI_NORTHERN REGION_NKHATA BAY,34.04155946420708,-11.671744085857307,Malawi,IND,BC
0715,8.265579633392028,MALAWI_CENTRAL REGION_NKHOTAKOTA,34.088412143637505,-12.844968406478515,Malawi,IND,BC
0716,10.782023646564378,MALAWI_SOUTHERN REGION_NSANJE,35.14256102689594,-16.7458281066411,Malawi,IND,BC
0717,26.966628319458366,MALAWI_CENTRAL REGION_NTCHEU,34.7150219403129,-14.809209532624244,Malawi,IND,BC
0718,6.0756071149327395,MALAWI_CENTRAL REGION_NTCHISI,33.919435671123914,-13.29729664939087,Malawi,IND,BC
0719,17.168230966603055,MALAWI_SOUTHERN REGION_PHALOMBE,35.69103908738544,-15.669471595035306,Malawi,IND,BC
0720,3.3370485135250374,MALAWI_NORTHERN REGION_RUMPHI,33.814313155835954,-10.819178535708213,Malawi,IND,BC
0721,17.121975541567906,MALAWI_CENTRAL REGION_SALIMA,34.38342391012431,-13.73580013859686,Malawi,IND,BC
0722,47.064315898648935,MALAWI_SOUTHERN REGION_THYOLO,35.14513805866104,-16.103293124272504,Malawi,IND,BC
0723,42.778685670280105,MALAWI_SOUTHERN REGION_ZOMBA,35.431720494463534,-15.397965042950926,Malawi,IND,BC
0724,2.0180662929515587,MALAWI_SOUTHERN REGION_ZOMBA CITY,35.32958370864326,-15.389038184748701,Malawi,IND,BC
0725,1.0707708389859387,MOZAMBIQUE_CABO DELGADO_ANCUABE_ANCUABE SEDE,39.81250434636672,-12.844910167361961,Mozambique,IND,BC
0726,1.2064315453930874,MOZAMBIQUE_CABO DELGADO_ANCUABE_METORO,39.98166464165771,-13.123343510947777,Mozambique,IND,BC
0727,1.0379339014337077,MOZAMBIQUE_CABO DELGADO_ANCUABE_MEZA,39.50077329178648,-13.002763030349875,Mozambique,IND,BC
0728,2.3703302946265508,MOZAMBIQUE_CABO DELGADO_BALAMA_BALAMA SEDE,38.60741548928212,-13.34632445565341,Mozambique,IND,BC
0729,0.4721740697909601,MOZAMBIQUE_CABO DELGADO_BALAMA_IMPIRE,38.234370073203195,-13.36117175168839,Mozambique,IND,BC
0730,1.0227418676918247,MOZAMBIQUE_CABO DELGADO_BALAMA_KWEKWE,38.360631459274536,-13.719258906829074,Mozambique,IND,BC
0731,0.4820955010262168,MOZAMBIQUE_CABO DELGADO_BALAMA_MAVALA,38.44433858639442,-13.127397794272662,Mozambique,IND,BC
0732,2.5672986398507276,MOZAMBIQUE_CABO DELGADO_CHIÚRE_CHIÚRE SEDE,39.78631866112433,-13.334949533035196,Mozambique,IND,BC
0733,0.8546491912350839,MOZAMBIQUE_CABO DELGADO_CHIÚRE_CHIÚRE VELHO,39.9790643743911,-13.394863091288299,Mozambique,IND,BC
0734,0.7399425685927739,MOZAMBIQUE_CABO DELGADO_CHIÚRE_KATAPUA,39.46036839056145,-13.3790182741743,Mozambique,IND,BC
0735,0.44447244710191836,MOZAMBIQUE_CABO DELGADO_CHIÚRE_MAZEZE,40.26493789258037,-13.394800824078336,Mozambique,IND,BC
0736,1.0242924403714613,MOZAMBIQUE_CABO DELGADO_CHIÚRE_NAMOGELIA,39.39543595419324,-13.73917584393942,Mozambique,IND,BC
0737,1.4288176421844065,MOZAMBIQUE_CABO DELGADO_CHIÚRE_OCUA,39.70712436514545,-13.593555718225081,Mozambique,IND,BC
0738,1.6117615118504116,MOZAMBIQUE_CABO DELGADO_CIDADE DE PEMBA_CIDADE DE PEMBA,40.5301137002399,-13.01866368362211,Mozambique,IND,BC
0739,0.04672840709881176,MOZAMBIQUE_CABO DELGADO_IBO_IBO SEDE,40.58966660854597,-12.296434453801252,Mozambique,IND,BC
0740,0.001820911047299534,MOZAMBIQUE_CABO DELGADO_IBO_QUIRIMBA,40.60573197983616,-12.436621233927731,Mozambique,IND,BC
0741,0.484273273169961,MOZAMBIQUE_CABO DELGADO_MACOMIA_CHAI,40.09939009869904,-11.975771317344952,Mozambique,IND,BC
0742,1.1420133355063382,MOZAMBIQUE_CABO DELGADO_MACOMIA_MACOMIA SEDE,40.00966789367028,-12.185963022208076,Mozambique,IND,BC
0743,0.3004662586932817,MOZAMBIQUE_CABO DELGADO_MACOMIA_MUCOJO,40.39838621183561,-12.132019600349427,Mozambique,IND,BC
0744,0.10261465709315322,MOZAMBIQUE_CABO DELGADO_MACOMIA_QUITERAJO,40.34862064188187,-11.822248596272631,Mozambique,IND,BC
0745,0.5635959594796136,MOZAMBIQUE_CABO DELGADO_MECÚFI_MECÚFI SEDE,40.44136931989843,-13.314578160765912,Mozambique,IND,BC
0746,0.4858288744513439,MOZAMBIQUE_CABO DELGADO_MECÚFI_MURREBUE,40.3621691122671,-13.16275211422268,Mozambique,IND,BC
0747,0.1896920021603495,MOZAMBIQUE_CABO DELGADO_MELUCO_MELUCO,39.519008675605434,-12.466558692060977,Mozambique,IND,BC
0748,0.2800310872364401,MOZAMBIQUE_CABO DELGADO_MELUCO_MUAGUIDE,40.006147820712634,-12.461564676608146,Mozambique,IND,BC
0749,1.0546505560107255,MOZAMBIQUE_CABO DELGADO_METUGE_METUGE SEDE,40.30149518097115,-12.881110538127228,Mozambique,IND,BC
0750,0.7858954749783017,MOZAMBIQUE_CABO DELGADO_METUGE_MIEZE,40.42604082004337,-13.071741165509883,Mozambique,IND,BC
0751,0.5637977740629139,MOZAMBIQUE_CABO DELGADO_MOCÍMBOA DA PRAIA_DIACA,39.98361766384434,-11.50941232931751,Mozambique,IND,BC
0752,0.23148091651580438,MOZAMBIQUE_CABO DELGADO_MOCÍMBOA DA PRAIA_MBAU,40.264033426645,-11.61011746355292,Mozambique,IND,BC
0753,1.4891654003552561,MOZAMBIQUE_CABO DELGADO_MOCÍMBOA DA PRAIA_MOCÍMBOA DA PRAIA SEDE,40.221732345886586,-11.307039802847223,Mozambique,IND,BC
0754,3.601876058379734,MOZAMBIQUE_CABO DELGADO_MONTEPUEZ_CIDADE DE MONTEPUEZ,39.10336496633387,-13.155831594194833,Mozambique,IND,BC
0755,0.3898708598990174,MOZAMBIQUE_CABO DELGADO_MONTEPUEZ_MAPUPULO,38.85156103637511,-13.296202609826898,Mozambique,IND,BC
0756,1.3675567263774595,MOZAMBIQUE_CABO DELGADO_MONTEPUEZ_MIRATE SEDE,38.889102884866084,-12.858163088415916,Mozambique,IND,BC
0757,0.18719439504957147,MOZAMBIQUE_CABO DELGADO_MONTEPUEZ_NAIROTO,38.60846512227451,-12.417692004693443,Mozambique,IND,BC
0758,0.6472917108823376,MOZAMBIQUE_CABO DELGADO_MONTEPUEZ_NAMANHUMBIR,39.29331479236441,-13.03734599713965,Mozambique,IND,BC
0759,0.5449893516566718,MOZAMBIQUE_CABO DELGADO_MUEDA_CHAPA,39.300669871212165,-11.933739048526274,Mozambique,IND,BC
0760,0.2586038747985222,MOZAMBIQUE_CABO DELGADO_MUEDA_IMBUHO SEDE,39.71330104587685,-11.492354708140468,Mozambique,IND,BC
0761,1.609330895857482,MOZAMBIQUE_CABO DELGADO_MUEDA_MUEDA SEDE,39.52799055312814,-11.615490131717069,Mozambique,IND,BC
0762,0.27016661519045404,MOZAMBIQUE_CABO DELGADO_MUEDA_NAMAUA,39.71135420448486,-11.578853289361819,Mozambique,IND,BC
0763,0.07176238237860086,MOZAMBIQUE_CABO DELGADO_MUEDA_NEGOMANO,38.68032202017621,-11.555132251334204,Mozambique,IND,BC
0764,1.0523858023352346,MOZAMBIQUE_CABO DELGADO_MUEDA_NGAPA,39.181606916419916,-11.449464889051079,Mozambique,IND,BC
0765,0.42161494604483857,MOZAMBIQUE_CABO DELGADO_MUIDUMBE_CHITUNDA,40.02853944757149,-11.798368536527168,Mozambique,IND,BC
0766,0.5028046682574289,MOZAMBIQUE_CABO DELGADO_MUIDUMBE_MITEDA,39.64749196598334,-11.853991027094667,Mozambique,IND,BC
0767,0.9327880078466135,MOZAMBIQUE_CABO DELGADO_MUIDUMBE_MUAMBULA,39.82130488684691,-11.841747965829844,Mozambique,IND,BC
0768,0.6215642473428696,MOZAMBIQUE_CABO DELGADO_NAMUNO_HUCULA,39.027034408935776,-13.807982550463722,Mozambique,IND,BC
0769,1.04293916364,MOZAMBIQUE_CABO DELGADO_NAMUNO_MACHOCA,38.9025822941826,-13.935861472055366,Mozambique,IND,BC
0770,0.8137235660609174,MOZAMBIQUE_CABO DELGADO_NAMUNO_MELOCO,39.16332069555443,-13.55331427408594,Mozambique,IND,BC
0771,2.5232720332927667,MOZAMBIQUE_CABO DELGADO_NAMUNO_NAMUNO SEDE,38.85042931380327,-13.571803785012364,Mozambique,IND,BC
0772,1.0338251661006101,MOZAMBIQUE_CABO DELGADO_NAMUNO_NCUMPE,38.64829661522544,-13.759868655212932,Mozambique,IND,BC
0773,0.5096187183018748,MOZAMBIQUE_CABO DELGADO_NAMUNO_PAPAI,38.6112488248292,-14.01083078018285,Mozambique,IND,BC
0774,2.064385041252008,MOZAMBIQUE_CABO DELGADO_NANGADE_NANGADE SEDE,39.74862940454096,-11.083424646974992,Mozambique,IND,BC
0775,0.48765194845665166,MOZAMBIQUE_CABO DELGADO_NANGADE_NTAMBA,39.82186362422569,-11.298924991205137,Mozambique,IND,BC
0776,0.18832436972125277,MOZAMBIQUE_CABO DELGADO_PALMA_OLUMBE,40.37722280987631,-11.022253412786055,Mozambique,IND,BC
0777,0.6142984714406636,MOZAMBIQUE_CABO DELGADO_PALMA_PALMA,40.36752760276333,-10.781107321340652,Mozambique,IND,BC
0778,0.16475733890720687,MOZAMBIQUE_CABO DELGADO_PALMA_PUNDANHAR,40.10649223692033,-10.915061660907167,Mozambique,IND,BC
0779,0.21158432570948846,MOZAMBIQUE_CABO DELGADO_PALMA_QUIONGA,40.39832171975072,-10.605188674355327,Mozambique,IND,BC
0780,0.3055287951467573,MOZAMBIQUE_CABO DELGADO_QUISSANGA_BILIBIZA,40.19654727032573,-12.609796456581662,Mozambique,IND,BC
0781,0.34358993011602174,MOZAMBIQUE_CABO DELGADO_QUISSANGA_MAHATE,40.41919917872787,-12.635885089192568,Mozambique,IND,BC
0782,6.239836106014425,MOZAMBIQUE_CIDADE DE MAPUTO_KAMAVOTA_KAMAVOTA,32.634886641291224,-25.887693649593853,Mozambique,IND,BC
0783,1.2399783148844692,MOZAMBIQUE_CIDADE DE MAPUTO_KAMAXAKENI_KAMAXAKENI,32.59944117113847,-25.93889789948286,Mozambique,IND,BC
0784,1.8368541698325294,MOZAMBIQUE_CIDADE DE MAPUTO_KAMPFUMO_KAMPFUMO,32.586471991569425,-25.963392495074924,Mozambique,IND,BC
0785,7.976342525243598,MOZAMBIQUE_CIDADE DE MAPUTO_KAMUBUKWANA_KAMUBUKWANA,32.57628175378329,-25.874280175789803,Mozambique,IND,BC
0786,0.018309760983137503,MOZAMBIQUE_CIDADE DE MAPUTO_KANYAKA_KANYAKA,32.942792473320985,-26.019854398302623,Mozambique,IND,BC
0787,3.24222271068484,MOZAMBIQUE_CIDADE DE MAPUTO_KATEMBE_KATEMBE,32.52558521951384,-26.037162300504427,Mozambique,IND,BC
0788,1.639769774321141,MOZAMBIQUE_CIDADE DE MAPUTO_NHLAMANKULO_NHLAMANKULO,32.557337897173184,-25.94748667088231,Mozambique,IND,BC
0789,0.5659000481808026,MOZAMBIQUE_GAZA_BILENE_BILENE MACIA,33.12170844184735,-25.024345210123222,Mozambique,IND,BC
0790,0.1159776710028303,MOZAMBIQUE_GAZA_BILENE_INCAIA,33.23389036385305,-24.972836632632283,Mozambique,IND,BC
0791,0.7194590291958721,MOZAMBIQUE_GAZA_BILENE_MACUANE,33.16406911785151,-25.13186013405694,Mozambique,IND,BC
0792,0.41161770061600284,MOZAMBIQUE_GAZA_BILENE_MAZIVILA,33.15771945972996,-24.86159285857413,Mozambique,IND,BC
0793,0.7488389365396574,MOZAMBIQUE_GAZA_BILENE_MESSANO,32.994801638202425,-24.9711864826169,Mozambique,IND,BC
0794,0.14353455356226447,MOZAMBIQUE_GAZA_BILENE_PRAIA DE BILENE,33.22313026811176,-25.268200454905273,Mozambique,IND,BC
0795,0.24409495264595868,MOZAMBIQUE_GAZA_CHIBUTO_ALTO CHANGANE,33.532709699998925,-24.239915954397528,Mozambique,IND,BC
0796,0.01147390548801066,MOZAMBIQUE_GAZA_CHIBUTO_CHANGANINE,33.78000414254853,-24.004994838500192,Mozambique,IND,BC
0797,0.4821730424624237,MOZAMBIQUE_GAZA_CHIBUTO_CIDADE DE CHIBUTO,33.56479821975432,-24.69579299181594,Mozambique,IND,BC
0798,1.3545656493112794,MOZAMBIQUE_GAZA_CHIBUTO_GODIDE,33.664009941160174,-24.59383871859075,Mozambique,IND,BC
0799,1.8165808269502632,MOZAMBIQUE_GAZA_CHIBUTO_MALEHICE,33.68651799951757,-24.751639870695612,Mozambique,IND,BC
0800,1.0930911569099109,MOZAMBIQUE_GAZA_CHIBUTO_TCHAIMITE,33.40913649471263,-24.6274038248804,Mozambique,IND,BC
0801,0.10652621898952284,MOZAMBIQUE_GAZA_CHICUALACUALA_EDUARDO MONDLANE,31.90283759038279,-22.22474259936432,Mozambique,IND,BC
0802,0.2688411643318484,MOZAMBIQUE_GAZA_CHICUALACUALA_PAFURI,31.839636613036426,-23.062508500431342,Mozambique,IND,BC
0803,0.059457104892827656,MOZAMBIQUE_GAZA_CHIGUBO_CHIGUBO SEDE,33.28327880896511,-22.55689162530508,Mozambique,IND,BC
0804,0.25803689474487773,MOZAMBIQUE_GAZA_CHIGUBO_NDINDIZA,33.50940091714144,-23.45508178763895,Mozambique,IND,BC
0805,0.44995250683416427,MOZAMBIQUE_GAZA_CHÓKWÈ_CIDADE DE CHÓKWÈ,32.99328794506374,-24.520208875238563,Mozambique,IND,BC
0806,1.8055246711263562,MOZAMBIQUE_GAZA_CHÓKWÈ_LIONDE,33.00856327547369,-24.690277510511446,Mozambique,IND,BC
0807,1.3198100956785963,MOZAMBIQUE_GAZA_CHÓKWÈ_MACARRETANE,32.75708982206706,-24.37253995423536,Mozambique,IND,BC
0808,1.252320652041341,MOZAMBIQUE_GAZA_CHÓKWÈ_XILEMBENE,33.295896826319776,-24.740800650273098,Mozambique,IND,BC
0809,3.472951535582522,MOZAMBIQUE_GAZA_CHONGOENE_CHONGOENE,33.78738388968989,-24.95612324064541,Mozambique,IND,BC
0810,0.4411557759735637,MOZAMBIQUE_GAZA_CHONGOENE_MAZUCANE,33.94816589854456,-24.75078182642919,Mozambique,IND,BC
0811,0.12789972665145682,MOZAMBIQUE_GAZA_CHONGOENE_NGUZENE,33.99174761296743,-24.900424006547656,Mozambique,IND,BC
0812,3.16770483374337,MOZAMBIQUE_GAZA_CIDADE DE XAI-XAI_CIDADE DE XAI-XAI,33.6238199287902,-25.095602356591947,Mozambique,IND,BC
0813,0.9976443832413163,MOZAMBIQUE_GAZA_GUIJÁ_CHIVONGOENE,33.233221538781685,-24.47489638296496,Mozambique,IND,BC
0814,0.8788409318218092,MOZAMBIQUE_GAZA_GUIJÁ_MUBANGOENE,32.95074527970149,-24.269396021473018,Mozambique,IND,BC
0815,0.0907822866935117,MOZAMBIQUE_GAZA_GUIJÁ_NALAZI,33.17804626234287,-24.007141668394482,Mozambique,IND,BC
0816,0.1421039947624278,MOZAMBIQUE_GAZA_GUIJÁ_VILA CANIÇADO,33.03370976279583,-24.496154209395023,Mozambique,IND,BC
0817,2.3319844459376284,MOZAMBIQUE_GAZA_LIMPOPO_CHICUMBANE,33.50935105307376,-24.95521044053618,Mozambique,IND,BC
0818,1.0126038310495988,MOZAMBIQUE_GAZA_LIMPOPO_CHISSANO,33.36595620036372,-24.917774625636756,Mozambique,IND,BC
0819,0.18778987021070856,MOZAMBIQUE_GAZA_LIMPOPO_ZONGOENE,33.41768385775187,-25.15027705143945,Mozambique,IND,BC
0820,0.2733490895752778,MOZAMBIQUE_GAZA_MABALANE_COMBOMUNE,32.76206527578445,-23.248510922783225,Mozambique,IND,BC
0821,0.08122460133275837,MOZAMBIQUE_GAZA_MABALANE_MABALANE,32.830014386359615,-23.86472905225202,Mozambique,IND,BC
0822,0.147773361508342,MOZAMBIQUE_GAZA_MABALANE_NTLHAVENE,32.55611135942274,-23.700477308848008,Mozambique,IND,BC
0823,0.25328547429082887,MOZAMBIQUE_GAZA_MANDLAKAZE_CHALALA,33.898816970795764,-24.62204362818058,Mozambique,IND,BC
0824,0.5533956875503232,MOZAMBIQUE_GAZA_MANDLAKAZE_CHIBONDZANE,34.20993805079586,-24.617150832754188,Mozambique,IND,BC
0825,0.6664190379432279,MOZAMBIQUE_GAZA_MANDLAKAZE_CHIDENGUELE,34.222185883991216,-24.846464693637397,Mozambique,IND,BC
0826,0.1455510701451083,MOZAMBIQUE_GAZA_MANDLAKAZE_MACUACUA,33.93793587874184,-24.351855632078426,Mozambique,IND,BC
0827,0.3506564570200508,MOZAMBIQUE_GAZA_MANDLAKAZE_MANDLAKAZE SEDE,33.881734623458314,-24.717454952391012,Mozambique,IND,BC
0828,0.24104554564056907,MOZAMBIQUE_GAZA_MAPAI_MACHAILA,32.8972792264127,-22.46107250918086,Mozambique,IND,BC
0829,0.328082353843393,MOZAMBIQUE_GAZA_MAPAI_MAPAI,32.340153357812774,-22.66221263505515,Mozambique,IND,BC
0830,0.19169894282620537,MOZAMBIQUE_GAZA_MASSANGENA_MASSANGENA,33.024968092166,-21.76228030255321,Mozambique,IND,BC
0831,0.17355817207817537,MOZAMBIQUE_GAZA_MASSANGENA_MAVUE,32.44873445655671,-21.74455920732843,Mozambique,IND,BC
0832,0.1989925963664053,MOZAMBIQUE_GAZA_MASSINGIR_MASSINGIR SEDE,32.14188192707758,-24.083427448323647,Mozambique,IND,BC
0833,0.06774026068793124,MOZAMBIQUE_GAZA_MASSINGIR_MAVODZE,31.957192936094224,-23.682084241320673,Mozambique,IND,BC
0834,0.025958237221388143,MOZAMBIQUE_GAZA_MASSINGIR_ZULO,32.44746940415907,-24.081905716979545,Mozambique,IND,BC
0835,2.829899152313792,MOZAMBIQUE_INHAMBANE_CIDADE DA MAXIXE_CIDADE DA MAXIXE,35.30847837373539,-23.88280148067849,Mozambique,IND,BC
0836,0.8600129475647519,MOZAMBIQUE_INHAMBANE_CIDADE DE INHAMBANE_CIDADE DE INHAMBANE,35.4669344326235,-23.887608905915176,Mozambique,IND,BC
0837,0.8744204026250958,MOZAMBIQUE_INHAMBANE_FUNHALOURO_FUNHALOURO,34.40493526211412,-23.279005264339535,Mozambique,IND,BC
0838,0.39805092937665204,MOZAMBIQUE_INHAMBANE_FUNHALOURO_TOME,34.123107711970896,-22.6492454413369,Mozambique,IND,BC
0839,0.28215768619673165,MOZAMBIQUE_INHAMBANE_GOVURO_NOVA MAMBONE,34.91124864499755,-21.24838028736193,Mozambique,IND,BC
0840,0.5605349930892564,MOZAMBIQUE_INHAMBANE_GOVURO_SAVE,34.50273875747384,-21.372352488268987,Mozambique,IND,BC
0841,2.8032525421575794,MOZAMBIQUE_INHAMBANE_HOMOÍNE_HOMOÍNE SEDE,35.11348463085394,-23.979574815302524,Mozambique,IND,BC
0842,0.28811451303992497,MOZAMBIQUE_INHAMBANE_HOMOÍNE_PEMBE,34.954010052320086,-23.75585650680714,Mozambique,IND,BC
0843,2.420855112408384,MOZAMBIQUE_INHAMBANE_INHARRIME_INHARRIME SEDE,35.0629320946627,-24.377713765160113,Mozambique,IND,BC
0844,0.45738231282331987,MOZAMBIQUE_INHAMBANE_INHARRIME_MUCUMBI,34.57231599403387,-24.417768147569834,Mozambique,IND,BC
0845,0.004140909824608395,MOZAMBIQUE_INHAMBANE_INHASSORO_BAZARUTO,35.465173197521,-21.65725826320277,Mozambique,IND,BC
0846,1.121781952617927,MOZAMBIQUE_INHAMBANE_INHASSORO_INHASSORO,34.84605588804438,-21.753052479230316,Mozambique,IND,BC
0847,1.1330203033536492,MOZAMBIQUE_INHAMBANE_JANGAMO_CUMBANA,35.150833362602604,-24.21294386364807,Mozambique,IND,BC
0848,0.8972365104948213,MOZAMBIQUE_INHAMBANE_JANGAMO_JANGAMO,35.3828405134123,-24.118279758970523,Mozambique,IND,BC
0849,0.6668136034714136,MOZAMBIQUE_INHAMBANE_MABOTE_MABOTE,34.1237933010753,-22.071272031528167,Mozambique,IND,BC
0850,0.28564378613422803,MOZAMBIQUE_INHAMBANE_MABOTE_ZIMANE,33.53428838953659,-22.259421319452596,Mozambique,IND,BC
0851,0.34336733645179585,MOZAMBIQUE_INHAMBANE_MABOTE_ZINAVE,33.78047603814595,-21.630829138429963,Mozambique,IND,BC
0852,0.8037879082644143,MOZAMBIQUE_INHAMBANE_MASSINGA_CHICOMO,34.91593880649871,-22.694580178891357,Mozambique,IND,BC
0853,4.266421342784875,MOZAMBIQUE_INHAMBANE_MASSINGA_MASSINGA,35.28967211538618,-23.208309768202906,Mozambique,IND,BC
0854,1.5275165291928205,MOZAMBIQUE_INHAMBANE_MORRUMBENE_MOCODUENE,35.03823145580892,-23.43542902200303,Mozambique,IND,BC
0855,0.7977396152560242,MOZAMBIQUE_INHAMBANE_MORRUMBENE_MORRUMBENE,35.31512127790291,-23.62003628600982,Mozambique,IND,BC
0856,0.09792210724068881,MOZAMBIQUE_INHAMBANE_PANDA_MAWAYELA,34.116370299409866,-24.001901283449012,Mozambique,IND,BC
0857,0.4098927362079161,MOZAMBIQUE_INHAMBANE_PANDA_PANDA,34.5701782475298,-24.112499270772535,Mozambique,IND,BC
0858,0.15021479525459,MOZAMBIQUE_INHAMBANE_PANDA_URRENE,34.644908571251904,-23.83766104214481,Mozambique,IND,BC
0859,1.564973770996003,MOZAMBIQUE_INHAMBANE_VILANKULO_MAPINHANE,35.04533061414311,-22.371051282087183,Mozambique,IND,BC
0860,1.0211101681186885,MOZAMBIQUE_INHAMBANE_VILANKULO_VILANKULO,35.3062246160536,-22.14744435743396,Mozambique,IND,BC
0861,1.3292144879313101,MOZAMBIQUE_INHAMBANE_ZAVALA_QUISSICO,34.83275046669489,-24.629624369539606,Mozambique,IND,BC
0862,1.2046060246818284,MOZAMBIQUE_INHAMBANE_ZAVALA_ZANDAMELA,34.4860299379439,-24.67609745657631,Mozambique,IND,BC
0863,0.5738787098741984,MOZAMBIQUE_LAKE MALAWI_LAKE MALAWI_LAKE MALAWI,34.66958894981475,-12.465931949774122,Mozambique,IND,BC
0864,4.256837489645268,MOZAMBIQUE_MANICA_BÁRUÈ_CATANDICA,33.30152827468673,-18.240536298661056,Mozambique,IND,BC
0865,0.36882059160816305,MOZAMBIQUE_MANICA_BÁRUÈ_CHOA,33.04569434614779,-18.064104442461606,Mozambique,IND,BC
0866,0.012273834906389901,MOZAMBIQUE_MANICA_BÁRUÈ_NHAMPASSA,33.184551019135135,-17.597094490855643,Mozambique,IND,BC
0867,6.737841502237982,MOZAMBIQUE_MANICA_CIDADE DE CHIMOIO_CHIMOIO,33.45536740007841,-19.127720352606506,Mozambique,IND,BC
0868,1.4446308683819573,MOZAMBIQUE_MANICA_GONDOLA_AMATONGAS,33.81580808058416,-19.088843340895576,Mozambique,IND,BC
0869,1.7942560786058075,MOZAMBIQUE_MANICA_GONDOLA_CAFUMPE,33.73252675700257,-18.96598115326139,Mozambique,IND,BC
0870,0.46304918260433964,MOZAMBIQUE_MANICA_GONDOLA_GONDOLA,33.66706225815283,-19.067556713895804,Mozambique,IND,BC
0871,1.1652764686817445,MOZAMBIQUE_MANICA_GONDOLA_INCHOPE,33.855910359091254,-19.34910726017252,Mozambique,IND,BC
0872,0,MOZAMBIQUE_MANICA_GURO_GURO SEDE,33.28735962339221,-17.287981286704778,Mozambique,IND,BC
0873,0.4339005391514897,MOZAMBIQUE_MANICA_GURO_MANDIE,33.67962216440644,-16.54401479200918,Mozambique,IND,BC
0874,0,MOZAMBIQUE_MANICA_GURO_MUNGARI,33.54831007111624,-17.10496669776008,Mozambique,IND,BC
0875,0.22550461024693794,MOZAMBIQUE_MANICA_GURO_NHAMASSONGE,33.596453539786765,-16.77407345471343,Mozambique,IND,BC
0876,1.806361364875144,MOZAMBIQUE_MANICA_MACATE_MACATE SEDE,33.58000277986244,-19.400692718644812,Mozambique,IND,BC
0877,1.5402458434317838,MOZAMBIQUE_MANICA_MACATE_ZEMBE,33.35412342370635,-19.22767890720999,Mozambique,IND,BC
0878,2.777528755345168,MOZAMBIQUE_MANICA_MACHAZE_CHITOBE,33.306459347363266,-20.88553205985008,Mozambique,IND,BC
0879,1.0943125698017495,MOZAMBIQUE_MANICA_MACHAZE_SAVE,33.21143246815166,-21.301458761861632,Mozambique,IND,BC
0880,0.6793843447694763,MOZAMBIQUE_MANICA_MACOSSA_MACOSSA SEDE,33.93258269449586,-17.783133366418287,Mozambique,IND,BC
0881,0.31500298264102033,MOZAMBIQUE_MANICA_MACOSSA_NGUAWALA,33.639533569018866,-18.34411311077633,Mozambique,IND,BC
0882,0.3592352519326819,MOZAMBIQUE_MANICA_MACOSSA_NHAMAGUA,33.51483956167798,-17.75456736936627,Mozambique,IND,BC
0883,1.4603147354132702,MOZAMBIQUE_MANICA_MANICA_MACHIPANDA,32.85545139808637,-18.879904801552133,Mozambique,IND,BC
0884,1.0852428670567023,MOZAMBIQUE_MANICA_MANICA_MAVONDE,33.05466930685875,-18.601929350510918,Mozambique,IND,BC
0885,1.53854450971052,MOZAMBIQUE_MANICA_MANICA_MESSICA,33.034928611751994,-19.04617280907505,Mozambique,IND,BC
0886,0.9871879242324627,MOZAMBIQUE_MANICA_MANICA_MUNICIPIO DE MANICA,32.87567656092327,-18.944254944375942,Mozambique,IND,BC
0887,0,MOZAMBIQUE_MANICA_MOSSURIZE_CHIURAIRUE,32.81274306891318,-20.739522288509274,Mozambique,IND,BC
0888,0.14881650427354076,MOZAMBIQUE_MANICA_MOSSURIZE_DACATA,33.08962587563526,-20.311252884140636,Mozambique,IND,BC
0889,0.4951955811114638,MOZAMBIQUE_MANICA_MOSSURIZE_ESPUNGABERA,32.802896674454466,-20.52340497291208,Mozambique,IND,BC
0890,1.543310696644627,MOZAMBIQUE_MANICA_SUSSUNDENGA_DOMBE,33.398614696729936,-19.90088894894896,Mozambique,IND,BC
0891,0.6184585441356618,MOZAMBIQUE_MANICA_SUSSUNDENGA_MUOHA,33.124555743177076,-19.350567086646706,Mozambique,IND,BC
0892,0.20799970830231782,MOZAMBIQUE_MANICA_SUSSUNDENGA_ROTANDA,32.98367765963056,-19.498315171914083,Mozambique,IND,BC
0893,1.84626339184155,MOZAMBIQUE_MANICA_SUSSUNDENGA_SUSSUNDENGA SEDE,33.39688667188607,-19.55883675489867,Mozambique,IND,BC
0894,0.013045334693458819,MOZAMBIQUE_MANICA_TAMBARA_BUZUA,34.12771071863433,-17.124856875787454,Mozambique,IND,BC
0895,0,MOZAMBIQUE_MANICA_TAMBARA_NHACAFULA,33.94471979664244,-16.860581221473716,Mozambique,IND,BC
0896,1.0316799634096934,MOZAMBIQUE_MANICA_TAMBARA_NHACOLO,34.257266964940285,-16.782606471479635,Mozambique,IND,BC
0897,2.2275904524678967,MOZAMBIQUE_MANICA_VANDUZI_MATSINHO,33.562813117614425,-18.856539716123457,Mozambique,IND,BC
0898,2.2773183421131096,MOZAMBIQUE_MANICA_VANDUZI_VANDUZI SEDE,33.26441975503835,-18.840475151767034,Mozambique,IND,BC
0899,1.1873948570245016,MOZAMBIQUE_MAPUTO_BOANE_BOANE,32.34035370899738,-26.08445441643418,Mozambique,IND,BC
0900,5.055831921180038,MOZAMBIQUE_MAPUTO_BOANE_MATOLA RIO,32.385947237971614,-25.894018223674056,Mozambique,IND,BC
0901,5.770205258585808,MOZAMBIQUE_MAPUTO_CIDADE DA MATOLA_CIDADE DA MATOLA,32.45895180757802,-25.935412363609455,Mozambique,IND,BC
0902,12.856713209792966,MOZAMBIQUE_MAPUTO_CIDADE DA MATOLA_INFULENE,32.535005856471074,-25.794670956061914,Mozambique,IND,BC
0903,7.067411462078102,MOZAMBIQUE_MAPUTO_CIDADE DA MATOLA_MACHAVA,32.469180128394825,-25.837376960910778,Mozambique,IND,BC
0904,1.1286082074319708,MOZAMBIQUE_MAPUTO_MAGUDE_MAGUDE,32.61075121973975,-25.022037525237383,Mozambique,IND,BC
0905,0.09375178931005915,MOZAMBIQUE_MAPUTO_MAGUDE_MAHELE,32.54075600639742,-24.492112517985618,Mozambique,IND,BC
0906,0,MOZAMBIQUE_MAPUTO_MAGUDE_MAPULANGUENE,32.20329983157022,-24.507823782731254,Mozambique,IND,BC
0907,0.05777340735884667,MOZAMBIQUE_MAPUTO_MAGUDE_MOTAZE,32.709351138737226,-24.71535123184659,Mozambique,IND,BC
0908,8.125249685536349e-4,MOZAMBIQUE_MAPUTO_MAGUDE_PANJANE,32.389312226449206,-24.870818989222865,Mozambique,IND,BC
0909,1.3775809939593469,MOZAMBIQUE_MAPUTO_MANHIÇA_3 DE FEVEREIRO,32.82054683811158,-25.208390101324238,Mozambique,IND,BC
0910,0.18862708065245232,MOZAMBIQUE_MAPUTO_MANHIÇA_CALANGA,33.00084214854617,-25.35071525423053,Mozambique,IND,BC
0911,0.12818617593041534,MOZAMBIQUE_MAPUTO_MANHIÇA_ILHA JOSINA MACHEL,32.946022649902154,-25.170914273804748,Mozambique,IND,BC
0912,0.7597365505517645,MOZAMBIQUE_MAPUTO_MANHIÇA_MALUANA,32.64334243048221,-25.49818169410212,Mozambique,IND,BC
0913,0.8879411950869152,MOZAMBIQUE_MAPUTO_MANHIÇA_MUNICÍPIO DE MANHIÇA,32.724753253319165,-25.360399766782734,Mozambique,IND,BC
0914,0.43911728106336884,MOZAMBIQUE_MAPUTO_MANHIÇA_XINAVANE,32.81889559595267,-25.03141860388646,Mozambique,IND,BC
0915,0.060433075054014504,MOZAMBIQUE_MAPUTO_MARRACUENE_MACHUBO,32.81266574227231,-25.54972386244347,Mozambique,IND,BC
0916,7.020548200414534,MOZAMBIQUE_MAPUTO_MARRACUENE_MARRACUENE,32.660662063959514,-25.71381174508608,Mozambique,IND,BC
0917,0.1418968696335437,MOZAMBIQUE_MAPUTO_MATUTUINE_BELA VISTA,32.645581759560066,-26.45851112867402,Mozambique,IND,BC
0918,0.08253126213040389,MOZAMBIQUE_MAPUTO_MATUTUINE_CATEMBE M'SIME,32.53741836502509,-26.163141580325597,Mozambique,IND,BC
0919,0.06606588586958406,MOZAMBIQUE_MAPUTO_MATUTUINE_CATUANE,32.28250028994303,-26.662117878264368,Mozambique,IND,BC
0920,0.0011251787830473493,MOZAMBIQUE_MAPUTO_MATUTUINE_MACHANGULO,32.91305429949867,-26.21651617955071,Mozambique,IND,BC
0921,0.13846539180504538,MOZAMBIQUE_MAPUTO_MATUTUINE_ZITUNDO,32.66218188529151,-26.782492068760977,Mozambique,IND,BC
0922,0.30420291307642056,MOZAMBIQUE_MAPUTO_MOAMBA_MOAMBA,32.3326091155693,-25.499060096245582,Mozambique,IND,BC
0923,0.2438600315087348,MOZAMBIQUE_MAPUTO_MOAMBA_PESSENE,32.39574490260445,-25.695218912241263,Mozambique,IND,BC
0924,0.09724671900062966,MOZAMBIQUE_MAPUTO_MOAMBA_RESSANO GARCIA,32.06292546188341,-25.524791985906663,Mozambique,IND,BC
0925,0.1621482805121488,MOZAMBIQUE_MAPUTO_MOAMBA_SABIE,32.18675953290936,-25.158239910785245,Mozambique,IND,BC
0926,0.22958898843729575,MOZAMBIQUE_MAPUTO_NAMAACHA_CHANGALANE,32.221223944789266,-26.330019105258224,Mozambique,IND,BC
0927,13.353886899264078,MOZAMBIQUE_MAPUTO_NAMAACHA_NAMAACHA,32.12662388876005,-25.9088344940042,Mozambique,IND,BC
0928,3.1770363269035435,MOZAMBIQUE_NAMPULA_ANGOCHE_AUBE,39.75852334490812,-16.336839936374812,Mozambique,IND,BC
0929,2.6291779279784655,MOZAMBIQUE_NAMPULA_ANGOCHE_BOILA NAMETORIA,39.70290960696779,-16.100643339566087,Mozambique,IND,BC
0930,0.5564271153329415,MOZAMBIQUE_NAMPULA_ANGOCHE_CIDADE DE ANGOCHE,39.98119984744425,-16.102624069451156,Mozambique,IND,BC
0931,1.2940719897742947,MOZAMBIQUE_NAMPULA_ANGOCHE_NAMAPONDA,39.89454505581379,-15.89709080920383,Mozambique,IND,BC
0932,4.9876710299765685,MOZAMBIQUE_NAMPULA_CIDADE DE NAMPULA_ANCHILO,39.346700309798294,-15.22913786136925,Mozambique,IND,BC
0933,6.751078249818342,MOZAMBIQUE_NAMPULA_CIDADE DE NAMPULA_MUATALA,39.22135093911949,-15.1593659383683,Mozambique,IND,BC
0934,5.004784072002041,MOZAMBIQUE_NAMPULA_CIDADE DE NAMPULA_MUHALA,39.306298419558225,-15.143595959458594,Mozambique,IND,BC
0935,1.4839965755938664,MOZAMBIQUE_NAMPULA_CIDADE DE NAMPULA_NAMICOPO,39.34525426178243,-15.074628282390453,Mozambique,IND,BC
0936,0.9976579056512536,MOZAMBIQUE_NAMPULA_CIDADE DE NAMPULA_NAPIPINE,39.25129320752563,-15.062109621505412,Mozambique,IND,BC
0937,2.138221657327749,MOZAMBIQUE_NAMPULA_CIDADE DE NAMPULA_NATIKIRE,39.191184088730786,-15.102448366937157,Mozambique,IND,BC
0938,0.4654100817840174,MOZAMBIQUE_NAMPULA_CIDADE DE NAMPULA_URBANO CENTRAL,39.26026156001214,-15.125287189299852,Mozambique,IND,BC
0939,2.902022290009468,MOZAMBIQUE_NAMPULA_ERÁTI_ALUA,39.89489894828684,-14.015072975322239,Mozambique,IND,BC
0940,4.047628407534925,MOZAMBIQUE_NAMPULA_ERÁTI_NAMAPA SEDE,39.89264212180842,-13.722799866022642,Mozambique,IND,BC
0941,0.9532655370061816,MOZAMBIQUE_NAMPULA_ERÁTI_NAMIROA,39.437336879824,-14.089576975293262,Mozambique,IND,BC
0942,0.3659083768982897,MOZAMBIQUE_NAMPULA_ILHA DE MOÇAMBIQUE_ILHA DE MOÇAMBIQUE,40.67676981409689,-15.059117781685298,Mozambique,IND,BC
0943,0.4332067780622114,MOZAMBIQUE_NAMPULA_ILHA DE MOÇAMBIQUE_LUMBO,40.593069155304626,-15.048959749366846,Mozambique,IND,BC
0944,1.66891501265528,MOZAMBIQUE_NAMPULA_LALAUA_LALAUA,38.27740706902064,-14.383261448419889,Mozambique,IND,BC
0945,0.26333893241766393,MOZAMBIQUE_NAMPULA_LALAUA_METI,37.86423737401499,-14.530463178154468,Mozambique,IND,BC
0946,1.3403497950627814,MOZAMBIQUE_NAMPULA_LARDE_LARDE,39.589862180815906,-16.482975798802265,Mozambique,IND,BC
0947,0.5890423396265259,MOZAMBIQUE_NAMPULA_LARDE_MUCUALI,39.41790695893417,-16.287090861188318,Mozambique,IND,BC
0948,1.2073299617346578,MOZAMBIQUE_NAMPULA_LIÚPO_LIÚPO,39.94138165076237,-15.619173498171499,Mozambique,IND,BC
0949,1.493020329237828,MOZAMBIQUE_NAMPULA_LIÚPO_QUINGA,40.157694999874806,-15.780114581820921,Mozambique,IND,BC
0950,0.3655746217301218,MOZAMBIQUE_NAMPULA_MALEMA_CHILULO,37.49996661674137,-14.582880564434472,Mozambique,IND,BC
0951,3.5346148385928102,MOZAMBIQUE_NAMPULA_MALEMA_MALEMA/CANHUNHA,37.573319940795386,-14.919357085909676,Mozambique,IND,BC
0952,1.809552018200883,MOZAMBIQUE_NAMPULA_MALEMA_MUTUALI,37.081432441192284,-14.83921892153854,Mozambique,IND,BC
0953,0.46128418097803847,MOZAMBIQUE_NAMPULA_MECONTA_7 DE ABRIL,39.7199341583495,-15.117491589999613,Mozambique,IND,BC
0954,1.9314776603870936,MOZAMBIQUE_NAMPULA_MECONTA_CORRANE,39.54876435760044,-15.421969554300855,Mozambique,IND,BC
0955,0.4562747640169938,MOZAMBIQUE_NAMPULA_MECONTA_MECONTA,39.82355388116307,-15.033425935687111,Mozambique,IND,BC
0956,1.8066835459076565,MOZAMBIQUE_NAMPULA_MECONTA_NAMIALO,39.94047851888918,-14.94333164575556,Mozambique,IND,BC
0957,2.575922844945512,MOZAMBIQUE_NAMPULA_MECUBÚRI_MECUBÚRI,38.91630435171187,-14.607000995672898,Mozambique,IND,BC
0958,0.35213259240996764,MOZAMBIQUE_NAMPULA_MECUBÚRI_MILHANA,39.127654237397486,-14.281829730798503,Mozambique,IND,BC
0959,1.2684303078864567,MOZAMBIQUE_NAMPULA_MECUBÚRI_MUITE,38.88511350311829,-14.17769262196541,Mozambique,IND,BC
0960,0.7771452665961911,MOZAMBIQUE_NAMPULA_MECUBÚRI_NANIMA,38.617221520409196,-14.762009037141098,Mozambique,IND,BC
0961,0.9287346519118195,MOZAMBIQUE_NAMPULA_MEMBA_CHIPENE,40.29531026163154,-13.784944312169863,Mozambique,IND,BC
0962,0.5577027747300524,MOZAMBIQUE_NAMPULA_MEMBA_LURIO,40.42969149388564,-13.60745895695087,Mozambique,IND,BC
0963,1.9677408498316742,MOZAMBIQUE_NAMPULA_MEMBA_MAZUA,40.34452950636614,-13.975095364086036,Mozambique,IND,BC
0964,2.8029282302751866,MOZAMBIQUE_NAMPULA_MEMBA_MEMBA,40.48276911284229,-14.242242078752795,Mozambique,IND,BC
0965,0.29453829274937793,MOZAMBIQUE_NAMPULA_MOGINCUAL_NAMINGE,40.30844201844057,-15.56760468837137,Mozambique,IND,BC
0966,0.803496003869985,MOZAMBIQUE_NAMPULA_MOGINCUAL_QUIXAXE,40.05536393377276,-15.321131966629133,Mozambique,IND,BC
0967,0.8093434222723441,MOZAMBIQUE_NAMPULA_MOGOVOLAS_CALIPO,39.058913588331414,-15.530947657322523,Mozambique,IND,BC
0968,3.2663232018025923,MOZAMBIQUE_NAMPULA_MOGOVOLAS_ILUTE,39.04192013771539,-15.797541445237854,Mozambique,IND,BC
0969,1.3067171060274285,MOZAMBIQUE_NAMPULA_MOGOVOLAS_MUATUA,39.66247406833886,-15.748169028736038,Mozambique,IND,BC
0970,3.8900343533250514,MOZAMBIQUE_NAMPULA_MOGOVOLAS_NAMETIL SEDE,39.38310472440292,-15.732437675168812,Mozambique,IND,BC
0971,1.5075430256214553,MOZAMBIQUE_NAMPULA_MOGOVOLAS_NANHUPO RIO,39.48451889216197,-15.93529808811821,Mozambique,IND,BC
0972,2.487336477685647,MOZAMBIQUE_NAMPULA_MOMA_CHALAUA,39.136312137632906,-16.068904552909896,Mozambique,IND,BC
0973,4.615375658326424,MOZAMBIQUE_NAMPULA_MOMA_MACONE SEDE,39.18460905278941,-16.514079368820905,Mozambique,IND,BC
0974,1.0970242283259941,MOZAMBIQUE_NAMPULA_MONAPO_ITUCULO,40.24618932007347,-14.64048511059819,Mozambique,IND,BC
0975,4.6063073092799405,MOZAMBIQUE_NAMPULA_MONAPO_MONAPO SEDE,40.137517062624255,-15.018378371016844,Mozambique,IND,BC
0976,4.515860867260276,MOZAMBIQUE_NAMPULA_MONAPO_NETIA,39.995063284132854,-14.706425832874704,Mozambique,IND,BC
0977,0.5219463754128802,MOZAMBIQUE_NAMPULA_MOSSURIL_LUNGA,40.43246793584781,-15.262329440298691,Mozambique,IND,BC
0978,0.7678835964274288,MOZAMBIQUE_NAMPULA_MOSSURIL_MATIBANE,40.72180005361815,-14.737223520198267,Mozambique,IND,BC
0979,1.129069970241215,MOZAMBIQUE_NAMPULA_MOSSURIL_MOSSURIL SEDE,40.51219848506181,-14.903379159287029,Mozambique,IND,BC
0980,1.1915064780120224,MOZAMBIQUE_NAMPULA_MUECATE_IMALA,39.45961702371391,-14.506131562026775,Mozambique,IND,BC
0981,0.49990708512859017,MOZAMBIQUE_NAMPULA_MUECATE_MUCOLUANE,39.346844589295436,-14.772718872651845,Mozambique,IND,BC
0982,2.6227730065240498,MOZAMBIQUE_NAMPULA_MUECATE_MUECATE,39.674472160839436,-14.750405729993048,Mozambique,IND,BC
0983,0.6552248430256669,MOZAMBIQUE_NAMPULA_MURRUPULA_CHINGA,38.63575073821358,-15.171362107258943,Mozambique,IND,BC
0984,4.03431234305561,MOZAMBIQUE_NAMPULA_MURRUPULA_MURRUPULA,38.65453769328181,-15.40126150281662,Mozambique,IND,BC
0985,0.6179142237975126,MOZAMBIQUE_NAMPULA_MURRUPULA_NIHESSIUE,38.705843526253894,-15.632443438924252,Mozambique,IND,BC
0986,0.6924271392334413,MOZAMBIQUE_NAMPULA_NACALA-A-VELHA_COVO,40.369538959835154,-14.497710962103438,Mozambique,IND,BC
0987,2.7901609397134646,MOZAMBIQUE_NAMPULA_NACALA-A-VELHA_NACALA-A-VELHA,40.519787648403145,-14.585074942847683,Mozambique,IND,BC
0988,1.6927772049692147,MOZAMBIQUE_NAMPULA_NACALA-PORTO_MUANONA,40.65231715877891,-14.62078918917591,Mozambique,IND,BC
0989,2.083185469009636,MOZAMBIQUE_NAMPULA_NACALA-PORTO_MUTIVA,40.74125943838887,-14.510895004706317,Mozambique,IND,BC
0990,0.524999408647877,MOZAMBIQUE_NAMPULA_NACARÔA_INTETE,40.18830219819722,-14.339300888601866,Mozambique,IND,BC
0991,2.029665921109854,MOZAMBIQUE_NAMPULA_NACARÔA_NACARÔA,39.93302344885562,-14.403489324317396,Mozambique,IND,BC
0992,0.3303921449055656,MOZAMBIQUE_NAMPULA_NACARÔA_SAUA-SAUA,39.70222666069944,-14.278122143645904,Mozambique,IND,BC
0993,0.7575154994615765,MOZAMBIQUE_NAMPULA_RAPALE_MUTIVAZE,38.86687949184624,-15.018807059185013,Mozambique,IND,BC
0994,2.559518711562627,MOZAMBIQUE_NAMPULA_RAPALE_NAMAITA,38.99863263319021,-15.219861952374297,Mozambique,IND,BC
0995,2.280123556099616,MOZAMBIQUE_NAMPULA_RAPALE_RAPALE,39.16149044871234,-14.974807379007945,Mozambique,IND,BC
0996,1.1776167773000707,MOZAMBIQUE_NAMPULA_RIBÁUÈ_CUNLE,38.27686663788419,-15.228219850470028,Mozambique,IND,BC
0997,3.0832449627440774,MOZAMBIQUE_NAMPULA_RIBÁUÈ_IAPALA,37.96696312231578,-14.993085543848041,Mozambique,IND,BC
0998,3.268238210615793,MOZAMBIQUE_NAMPULA_RIBÁUÈ_RIBÁUÈ,38.41380839889487,-14.881044564938612,Mozambique,IND,BC
0999,3.4904623705951345,MOZAMBIQUE_NIASSA_CHIMBONILA_CHIMBONILA,35.408928981746264,-13.368174436939729,Mozambique,IND,BC
1000,1.2989466005584795,MOZAMBIQUE_NIASSA_CHIMBONILA_LIONE,35.129139572126896,-13.602588135727931,Mozambique,IND,BC
1001,0.14450649134388377,MOZAMBIQUE_NIASSA_CHIMBONILA_MEPONDA,34.91488092078617,-13.29985997149095,Mozambique,IND,BC
1002,4.863505375264071,MOZAMBIQUE_NIASSA_CIDADE DE LICHINGA_CIDADE DE LICHINGA,35.24558878755181,-13.298038006470582,Mozambique,IND,BC
1003,4.168339353361246,MOZAMBIQUE_NIASSA_CUAMBA_CIDADE DE CUAMBA,36.43225300678852,-14.65151757200614,Mozambique,IND,BC
1004,1.5471057621003432,MOZAMBIQUE_NIASSA_CUAMBA_ETATARA,36.50604736569097,-15.067722646032196,Mozambique,IND,BC
1005,0.060330796920666174,MOZAMBIQUE_NIASSA_CUAMBA_LÚRIO,36.74388384413436,-14.643139941997887,Mozambique,IND,BC
1006,0,MOZAMBIQUE_NIASSA_CUAMBA_MEPICA,36.27342275841742,-14.590957907953893,Mozambique,IND,BC
1007,0.610256961279819,MOZAMBIQUE_NIASSA_LAGO_CÓBUE,35.0221799648129,-11.988797384472345,Mozambique,IND,BC
1008,0.1226592670449852,MOZAMBIQUE_NIASSA_LAGO_LUNHO,34.93957981389291,-12.442879629662482,Mozambique,IND,BC
1009,0.7509717765230328,MOZAMBIQUE_NIASSA_LAGO_MANIAMBA,35.03282976741832,-12.708593517824148,Mozambique,IND,BC
1010,0.2019745523325162,MOZAMBIQUE_NIASSA_LAGO_MELULUCA,34.858334813639914,-12.908685961985746,Mozambique,IND,BC
1011,1.521954761740646,MOZAMBIQUE_NIASSA_LAGO_METANGULA,34.86215758962762,-12.665576315058521,Mozambique,IND,BC
1012,0.7625395220755308,MOZAMBIQUE_NIASSA_MAJUNE_MALANGA,36.33165472317088,-13.08401614787644,Mozambique,IND,BC
1013,0.05982081443445464,MOZAMBIQUE_NIASSA_MAJUNE_MUAQUIA,36.67128728604254,-13.41002543814736,Mozambique,IND,BC
1014,0.21009519191911832,MOZAMBIQUE_NIASSA_MAJUNE_NAIRRUBI,36.15642160714719,-13.643230834070724,Mozambique,IND,BC
1015,4.756721052760971,MOZAMBIQUE_NIASSA_MANDIMBA_LISSIETE,35.73028508291114,-14.332441674005302,Mozambique,IND,BC
1016,1.2559045407282985,MOZAMBIQUE_NIASSA_MANDIMBA_MITANDE,35.98013612645266,-14.147764062736895,Mozambique,IND,BC
1017,0.1548519877759085,MOZAMBIQUE_NIASSA_MARRUPA_MARRANGIRA,37.72889340449302,-12.68953895503554,Mozambique,IND,BC
1018,1.5928005498951276,MOZAMBIQUE_NIASSA_MARRUPA_MARRUPA SEDE,37.19633769132261,-13.146463272129202,Mozambique,IND,BC
1019,0.19890254434414578,MOZAMBIQUE_NIASSA_MARRUPA_NUNGO,37.81925447353719,-13.478328866752053,Mozambique,IND,BC
1020,0.24183159659762807,MOZAMBIQUE_NIASSA_MAÚA_MAIACA,37.3005706489584,-14.114170204450419,Mozambique,IND,BC
1021,1.3853891801311162,MOZAMBIQUE_NIASSA_MAÚA_MAÚA,36.95858875508161,-13.837399370259327,Mozambique,IND,BC
1022,0.6958500475745609,MOZAMBIQUE_NIASSA_MAVAGO_MAVAGO SEDE,36.182550803240666,-12.258018044524356,Mozambique,IND,BC
1023,0.09832730443847633,MOZAMBIQUE_NIASSA_MAVAGO_MSAWIZE,36.597826594641965,-12.217689955331863,Mozambique,IND,BC
1024,0.7330584800849117,MOZAMBIQUE_NIASSA_MECANHELAS_CHIUTA,36.08847717751292,-14.74364623777168,Mozambique,IND,BC
1025,5.570994857221046,MOZAMBIQUE_NIASSA_MECANHELAS_INSACA,36.06761006964796,-15.20035211382043,Mozambique,IND,BC
1026,0.22056718033451023,MOZAMBIQUE_NIASSA_MECULA_MATONDOVELA,37.1193193013008,-12.085419283276117,Mozambique,IND,BC
1027,0.4933647785036521,MOZAMBIQUE_NIASSA_MECULA_MECULA SEDE,37.94951162557012,-11.849337861322065,Mozambique,IND,BC
1028,0.306832826429104,MOZAMBIQUE_NIASSA_METARICA_NACUMUA,37.16022891434504,-14.413133439925444,Mozambique,IND,BC
1029,0.7599885846017709,MOZAMBIQUE_NIASSA_METARICA_NAMICUNDI,36.60578243101672,-14.246532016438536,Mozambique,IND,BC
1030,0.7619896236242945,MOZAMBIQUE_NIASSA_MUEMBE_CHICONONO,35.825200631872406,-12.703703422754193,Mozambique,IND,BC
1031,0.5430389650084674,MOZAMBIQUE_NIASSA_MUEMBE_MUEMBE,35.78045415030022,-13.116180648877394,Mozambique,IND,BC
1032,0.29991910450288267,MOZAMBIQUE_NIASSA_NGAUMA_ITEPELA,35.72513460549021,-13.747122663104934,Mozambique,IND,BC
1033,2.6126165891645603,MOZAMBIQUE_NIASSA_NGAUMA_MASSANGULO,35.43617637765224,-13.89029757440695,Mozambique,IND,BC
1034,0.007257091757910043,MOZAMBIQUE_NIASSA_NIPEPE_MULUCO,38.03235704715008,-13.729080948075778,Mozambique,IND,BC
1035,1.1498985830452886,MOZAMBIQUE_NIASSA_NIPEPE_NIPEPE SEDE,37.868200779972554,-14.05769630156578,Mozambique,IND,BC
1036,1.0575673375694452,MOZAMBIQUE_NIASSA_SANGA_LUSSIMBESSE,35.17879893805198,-13.045539587648593,Mozambique,IND,BC
1037,0.47028316623623434,MOZAMBIQUE_NIASSA_SANGA_MACALOGE,35.50896840865773,-12.2274899473508,Mozambique,IND,BC
1038,0.3018520922942077,MOZAMBIQUE_NIASSA_SANGA_MATCHEDJE,35.75189053128633,-11.753298058450781,Mozambique,IND,BC
1039,0.42176610883331,MOZAMBIQUE_NIASSA_SANGA_UNANGO,35.34018877756437,-12.783844219315524,Mozambique,IND,BC
1040,3.0000606931206817,MOZAMBIQUE_SOFALA_BÚZI_BÚZI SEDE,34.36044794827508,-19.819912163773225,Mozambique,IND,BC
1041,1.119499656782932,MOZAMBIQUE_SOFALA_BÚZI_ESTAQUINHA,34.16777219776005,-20.149116281359227,Mozambique,IND,BC
1042,0.39653555514707844,MOZAMBIQUE_SOFALA_BÚZI_NOVA SOFALA,34.51923951284964,-20.29614767325403,Mozambique,IND,BC
1043,1.4128388195908403,MOZAMBIQUE_SOFALA_CAIA_CAIA SEDE,35.01870022079462,-17.9131888576579,Mozambique,IND,BC
1044,0,MOZAMBIQUE_SOFALA_CAIA_MURRACA,35.043543737221526,-17.704599519075483,Mozambique,IND,BC
1045,1.8289939612551103,MOZAMBIQUE_SOFALA_CAIA_SENA,34.958614543889205,-17.545518104260157,Mozambique,IND,BC
1046,0.8279528340162201,MOZAMBIQUE_SOFALA_CHEMBA_CHEMBA,34.796784909165844,-17.161346900583574,Mozambique,IND,BC
1047,0.1904212864006748,MOZAMBIQUE_SOFALA_CHEMBA_CHIRAMBA,34.46911953038281,-17.053102795299342,Mozambique,IND,BC
1048,0,MOZAMBIQUE_SOFALA_CHEMBA_MULIMA,34.63667292129747,-17.357412370668445,Mozambique,IND,BC
1049,1.0036694060246096,MOZAMBIQUE_SOFALA_CHERINGOMA_INHAMINGA,35.225847778954645,-18.633629386192386,Mozambique,IND,BC
1050,0.4516232410056502,MOZAMBIQUE_SOFALA_CHERINGOMA_INHAMITANGA,35.21803732270835,-18.19602497310624,Mozambique,IND,BC
1051,0.36221101172509823,MOZAMBIQUE_SOFALA_CHIBABAVA_CHIBABAVA,33.625822885571004,-20.32409844006914,Mozambique,IND,BC
1052,1.0677591954501962,MOZAMBIQUE_SOFALA_CHIBABAVA_GOONDA SEDE,33.78093779690099,-20.00140681012032,Mozambique,IND,BC
1053,2.4494221199986064,MOZAMBIQUE_SOFALA_CHIBABAVA_MUXUNGUE,34.00746860191191,-20.588553113130725,Mozambique,IND,BC
1054,1.213285866471184,MOZAMBIQUE_SOFALA_CIDADE DA BEIRA_CHIVEVE,34.85910823293791,-19.837591338553143,Mozambique,IND,BC
1055,0.6092201949858312,MOZAMBIQUE_SOFALA_CIDADE DA BEIRA_MANGA LAFORTE,34.91731660730856,-19.78865079306362,Mozambique,IND,BC
1056,1.8473514297102305,MOZAMBIQUE_SOFALA_CIDADE DA BEIRA_MUNHAVA,34.87242987491962,-19.81345968978157,Mozambique,IND,BC
1057,0.711579816683298,MOZAMBIQUE_SOFALA_CIDADE DA BEIRA_NHANGAU,34.98285843795014,-19.693063426738647,Mozambique,IND,BC
1058,2.780960337913033,MOZAMBIQUE_SOFALA_DONDO_CIDADE DE DONDO,34.813763994435696,-19.59912984557761,Mozambique,IND,BC
1059,1.4044120345915392,MOZAMBIQUE_SOFALA_DONDO_MAFAMBISSE,34.6172248295846,-19.41411670725845,Mozambique,IND,BC
1060,0.015811186270412274,MOZAMBIQUE_SOFALA_DONDO_SAVANE,34.99777842679284,-19.497504876595226,Mozambique,IND,BC
1061,2.4823956420614,MOZAMBIQUE_SOFALA_GORONGOSA_CANDA,33.9411113462195,-18.5269605629544,Mozambique,IND,BC
1062,1.1472398643735304,MOZAMBIQUE_SOFALA_GORONGOSA_GORONGOSA,34.32971484173921,-18.78446107770377,Mozambique,IND,BC
1063,0.7071434975668036,MOZAMBIQUE_SOFALA_GORONGOSA_VUNDUZI,34.343011287797125,-18.424602841983976,Mozambique,IND,BC
1064,8.854028403092949e-4,MOZAMBIQUE_SOFALA_MACHANGA_CHILOANE,34.92828212630066,-20.64925660347249,Mozambique,IND,BC
1065,0.18833901733055036,MOZAMBIQUE_SOFALA_MACHANGA_DIVINHE,34.674247443709874,-20.722876694861167,Mozambique,IND,BC
1066,0.7782393301098628,MOZAMBIQUE_SOFALA_MACHANGA_MACHANGA,34.442424245334195,-21.012616087372496,Mozambique,IND,BC
1067,0.6834899316749934,MOZAMBIQUE_SOFALA_MARÍNGUÈ_CANXIXE,34.37321686017075,-17.493505870047716,Mozambique,IND,BC
1068,1.4090588852488097,MOZAMBIQUE_SOFALA_MARÍNGUÈ_MARÍNGUÈ SEDE,34.485093419015286,-17.81780849718521,Mozambique,IND,BC
1069,0.48436147255964307,MOZAMBIQUE_SOFALA_MARÍNGUÈ_SUBUE,34.568189920354946,-18.170574357241573,Mozambique,IND,BC
1070,2.388396664261186,MOZAMBIQUE_SOFALA_MARROMEU_CHUPANGA,35.53979136875223,-18.153606344651298,Mozambique,IND,BC
1071,1.7992084200426224,MOZAMBIQUE_SOFALA_MARROMEU_MARROMEU,35.850161288958624,-18.569407020896904,Mozambique,IND,BC
1072,0.36305205229520965,MOZAMBIQUE_SOFALA_MUANZA_GALINHA,35.16349786444109,-19.124539501625424,Mozambique,IND,BC
1073,0.20625410569121336,MOZAMBIQUE_SOFALA_MUANZA_MUANZA,34.678605858109435,-18.938987307842137,Mozambique,IND,BC
1074,6.40998160223178,MOZAMBIQUE_SOFALA_NHAMATANDA_NHAMATANDA,34.133897175511564,-19.33606727775627,Mozambique,IND,BC
1075,2.091774438625011,MOZAMBIQUE_SOFALA_NHAMATANDA_TICA,34.40940265650747,-19.335470302125614,Mozambique,IND,BC
1076,6.84261346161809,MOZAMBIQUE_TETE_ANGÓNIA_DOMUE,34.06227681421749,-14.699140503078468,Mozambique,IND,BC
1077,4.923201294305298,MOZAMBIQUE_TETE_ANGÓNIA_ULONGUE,34.349106886594804,-14.631151521449059,Mozambique,IND,BC
1078,0.34671720072157974,MOZAMBIQUE_TETE_CAHORA BASSA_CHINTHOLO,32.430533039546916,-16.216233615153374,Mozambique,IND,BC
1079,2.031728244902743,MOZAMBIQUE_TETE_CAHORA BASSA_CHITIMA,32.56262609101031,-15.785800626605736,Mozambique,IND,BC
1080,0.9038440573192361,MOZAMBIQUE_TETE_CAHORA BASSA_SONGO,32.85012635482207,-15.642404356099279,Mozambique,IND,BC
1081,1.660568393913169,MOZAMBIQUE_TETE_CHANGARA_CHIOCO,33.14018587060284,-16.42341231628667,Mozambique,IND,BC
1082,0.8788120950693278,MOZAMBIQUE_TETE_CHANGARA_LUENHA,33.11909292885668,-16.867569202571328,Mozambique,IND,BC
1083,0.7598534376342845,MOZAMBIQUE_TETE_CHIFUNDE_CHIFUNDE,32.92346063358836,-14.975687318128626,Mozambique,IND,BC
1084,3.771116131423856,MOZAMBIQUE_TETE_CHIFUNDE_MUALADZI,32.96393250347011,-14.33950073375169,Mozambique,IND,BC
1085,0.22638999056777473,MOZAMBIQUE_TETE_CHIFUNDE_NSADZO,32.51914214687114,-14.524178249655883,Mozambique,IND,BC
1086,0.4052506683838347,MOZAMBIQUE_TETE_CHIÚTA_KAZULA,33.72636156193938,-15.477753515522302,Mozambique,IND,BC
1087,2.299136975715641,MOZAMBIQUE_TETE_CHIÚTA_MANJE,33.25470436942447,-15.466819453220635,Mozambique,IND,BC
1088,4.620864275046988,MOZAMBIQUE_TETE_CIDADE DE TETE_CIDADE DE TETE,33.5668919310786,-16.139469255826608,Mozambique,IND,BC
1089,4.576175164799905,MOZAMBIQUE_TETE_DÔA_DÔA,34.51760621797523,-16.598152740102016,Mozambique,IND,BC
1090,1.6973020903203626,MOZAMBIQUE_TETE_MACANGA_CHIDZOLOMONDO,33.35197753831337,-14.918724310435108,Mozambique,IND,BC
1091,4.771747397917354,MOZAMBIQUE_TETE_MACANGA_FURANCUNGO,33.59727820804702,-14.761837402785105,Mozambique,IND,BC
1092,0,MOZAMBIQUE_TETE_MÁGOÈ_CHINTHOPO,30.78042037609181,-15.830563886420572,Mozambique,IND,BC
1093,0.4348678953923662,MOZAMBIQUE_TETE_MÁGOÈ_MPHENDE,31.891504022092988,-15.845371567366845,Mozambique,IND,BC
1094,1.6310977104178734,MOZAMBIQUE_TETE_MÁGOÈ_MUCUMBURA,31.574958142664922,-15.994013693857134,Mozambique,IND,BC
1095,1.9482355925473023,MOZAMBIQUE_TETE_MARARA_MARARA,33.1767871500584,-16.057806017371547,Mozambique,IND,BC
1096,0.5576201624417507,MOZAMBIQUE_TETE_MARÁVIA_CHIPERA,32.4829526094224,-15.434262338278346,Mozambique,IND,BC
1097,0.2606889856179491,MOZAMBIQUE_TETE_MARÁVIA_CHIPUTO,32.35344851188519,-15.03500771920889,Mozambique,IND,BC
1098,0.7840778074448685,MOZAMBIQUE_TETE_MARÁVIA_FINGOE,31.820992594832912,-15.343028415557255,Mozambique,IND,BC
1099,2.1255373608577215,MOZAMBIQUE_TETE_MARÁVIA_MALOWERA,31.85357215677831,-14.713623464787132,Mozambique,IND,BC
1100,1.1648188814024136,MOZAMBIQUE_TETE_MOATIZE_KAMBULATSITSI,34.20055460887969,-16.077264075157483,Mozambique,IND,BC
1101,4.3054879509182,MOZAMBIQUE_TETE_MOATIZE_MOATIZE,33.83033269026306,-16.159543586050585,Mozambique,IND,BC
1102,3.567946787067246,MOZAMBIQUE_TETE_MOATIZE_ZOBUE,34.11068253295919,-15.64316936974153,Mozambique,IND,BC
1103,0.3957023714367367,MOZAMBIQUE_TETE_MUTARARA_CHARRE,35.188552287821736,-17.238598593622232,Mozambique,IND,BC
1104,2.736052294936273,MOZAMBIQUE_TETE_MUTARARA_INHANGOMA,35.23245595498249,-17.507231579651293,Mozambique,IND,BC
1105,0.7957160058054323,MOZAMBIQUE_TETE_MUTARARA_NHAMAYABUE,35.003122661755604,-17.054371243733755,Mozambique,IND,BC
1106,6.9571700190051216,MOZAMBIQUE_TETE_TSANGANO_NTENGO-WAMBALAME,34.41780906847001,-14.917178859746276,Mozambique,IND,BC
1107,2.2810634253626976,MOZAMBIQUE_TETE_TSANGANO_TSANGANO,34.29919561554582,-15.250900940934416,Mozambique,IND,BC
1108,0,MOZAMBIQUE_TETE_ZUMBO_MUZE,31.19697252624993,-15.017374487026439,Mozambique,IND,BC
1109,3.724523707581313,MOZAMBIQUE_TETE_ZUMBO_ZAMBUE,30.627783948317607,-15.080209177689394,Mozambique,IND,BC
1110,0,MOZAMBIQUE_TETE_ZUMBO_ZUMBO,30.98718853424653,-15.492944910698794,Mozambique,IND,BC
1111,3.856207564713005,MOZAMBIQUE_ZAMBÉZIA_ALTO MOLÓCUÈ_ALTO MOLÓCUÈ SEDE,37.75169980366362,-15.82968886527511,Mozambique,IND,BC
1112,6.855734187697141,MOZAMBIQUE_ZAMBÉZIA_ALTO MOLÓCUÈ_NAUELA,37.535152030135166,-15.39189561707578,Mozambique,IND,BC
1113,0.35832603243866407,MOZAMBIQUE_ZAMBÉZIA_CHINDE_CHINDE SEDE,36.270548844123184,-18.688008655189545,Mozambique,IND,BC
1114,1.0295318189488007,MOZAMBIQUE_ZAMBÉZIA_CHINDE_MICAUNE,36.474996279882056,-18.29299927576296,Mozambique,IND,BC
1115,0.5017781646195665,MOZAMBIQUE_ZAMBÉZIA_DERRE_GUERISSA,36.07517658059888,-17.391883949116988,Mozambique,IND,BC
1116,2.0605008074185096,MOZAMBIQUE_ZAMBÉZIA_DERRE_MACHINDO,36.14501762444021,-17.028813436740112,Mozambique,IND,BC
1117,1.9291626542005171,MOZAMBIQUE_ZAMBÉZIA_GILÉ_ALTO LIGONHA,38.32552055604672,-15.659236148992102,Mozambique,IND,BC
1118,4.209039585154975,MOZAMBIQUE_ZAMBÉZIA_GILÉ_GILÉ,38.2910835056982,-16.135614998196157,Mozambique,IND,BC
1119,6.4662094539975925,MOZAMBIQUE_ZAMBÉZIA_GURUÈ_CIDADE DE GURUÈ,36.97092700344254,-15.416132819173738,Mozambique,IND,BC
1120,5.302753291733509,MOZAMBIQUE_ZAMBÉZIA_GURUÈ_LIOMA,36.85133659882104,-15.21304720853839,Mozambique,IND,BC
1121,2.088176421660835,MOZAMBIQUE_ZAMBÉZIA_GURUÈ_MEPUAGIUA,37.13396038762665,-15.585338686929129,Mozambique,IND,BC
1122,4.991094531586831,MOZAMBIQUE_ZAMBÉZIA_ILE_ILE,37.33517260666365,-16.094439327573667,Mozambique,IND,BC
1123,1.6938355748393463,MOZAMBIQUE_ZAMBÉZIA_ILE_SOCONE,37.24742867277951,-15.78891794152016,Mozambique,IND,BC
1124,0.582876469887706,MOZAMBIQUE_ZAMBÉZIA_INHASSUNGE_GONHANE,36.76819719164744,-18.129199806980733,Mozambique,IND,BC
1125,1.202119474848538,MOZAMBIQUE_ZAMBÉZIA_INHASSUNGE_MUCUPIA,36.82679627550589,-18.02052955876717,Mozambique,IND,BC
1126,2.0505248544047814,MOZAMBIQUE_ZAMBÉZIA_LUABO_CHIMBADZO,35.97977141123299,-18.196016220231943,Mozambique,IND,BC
1127,0.4079793936315674,MOZAMBIQUE_ZAMBÉZIA_LUABO_SAMORA MACHEL,36.18071023228471,-18.394390454565023,Mozambique,IND,BC
1128,1.4591137408828778,MOZAMBIQUE_ZAMBÉZIA_LUGELA_LUGELA SEDE,36.792817501899684,-16.327386357024547,Mozambique,IND,BC
1129,1.3972648015736873,MOZAMBIQUE_ZAMBÉZIA_LUGELA_MUABANAMA,36.47880843926437,-16.107038995469004,Mozambique,IND,BC
1130,1.3593922189194971,MOZAMBIQUE_ZAMBÉZIA_LUGELA_MUNHAMADE,36.953559162628835,-16.485068132775538,Mozambique,IND,BC
1131,1.245552368833708,MOZAMBIQUE_ZAMBÉZIA_LUGELA_TACUANE,36.46670382747136,-16.401970766492536,Mozambique,IND,BC
1132,3.4415750079408167,MOZAMBIQUE_ZAMBÉZIA_MAGANJA DA COSTA_MAGANJA DA COSTA,37.557492419314904,-17.31794215732248,Mozambique,IND,BC
1133,1.9295274336686066,MOZAMBIQUE_ZAMBÉZIA_MAGANJA DA COSTA_NANTE,37.278741977984176,-17.32317306931781,Mozambique,IND,BC
1134,3.1307773667104777,MOZAMBIQUE_ZAMBÉZIA_MILANGE_MAJAUA,35.436624982155294,-16.253643814284985,Mozambique,IND,BC
1135,7.499415043641875,MOZAMBIQUE_ZAMBÉZIA_MILANGE_MILANGE SEDE,35.963973872998274,-16.234450769061095,Mozambique,IND,BC
1136,3.564276102214463,MOZAMBIQUE_ZAMBÉZIA_MILANGE_MONGUE,35.65648738221003,-16.442722119703557,Mozambique,IND,BC
1137,5.856267981646604,MOZAMBIQUE_ZAMBÉZIA_MOCUBA_CIDADE DE MOCUBA,36.92085203297691,-17.018379997773273,Mozambique,IND,BC
1138,2.7619746261735174,MOZAMBIQUE_ZAMBÉZIA_MOCUBA_MUGEBA,37.29714017190822,-16.637901594506356,Mozambique,IND,BC
1139,1.7308116894738537,MOZAMBIQUE_ZAMBÉZIA_MOCUBA_NAMANJAVIRA,36.48988287703119,-16.806628981302676,Mozambique,IND,BC
1140,1.7254091433695138,MOZAMBIQUE_ZAMBÉZIA_MOCUBELA_BAJONE,37.895522331552115,-17.22544194310728,Mozambique,IND,BC
1141,1.3124314562215196,MOZAMBIQUE_ZAMBÉZIA_MOCUBELA_MOCUBELA,37.68028351815039,-16.88555041335021,Mozambique,IND,BC
1142,1.125650271579928,MOZAMBIQUE_ZAMBÉZIA_MOLUMBO_CORROMANA,36.05791686767938,-15.749566179759793,Mozambique,IND,BC
1143,2.012493520729238,MOZAMBIQUE_ZAMBÉZIA_MOLUMBO_MOLUMBO SEDE,36.32068964426865,-15.602898065813545,Mozambique,IND,BC
1144,1.5756608186028451,MOZAMBIQUE_ZAMBÉZIA_MOPEIA_CAMPO,36.34626125703182,-17.82259550049933,Mozambique,IND,BC
1145,4.129278247502026,MOZAMBIQUE_ZAMBÉZIA_MOPEIA_MOPEIA SEDE,35.80351735470755,-17.841703764849772,Mozambique,IND,BC
1146,3.3325125295206157,MOZAMBIQUE_ZAMBÉZIA_MORRUMBALA_CHIRE,35.53140807640189,-16.71068394183522,Mozambique,IND,BC
1147,0.8935168037210731,MOZAMBIQUE_ZAMBÉZIA_MORRUMBALA_MEGAZA,35.44414710494373,-17.34322259459494,Mozambique,IND,BC
1148,5.197849119409933,MOZAMBIQUE_ZAMBÉZIA_MORRUMBALA_MORRUMBALA SEDE,35.71818601432962,-17.24576425945072,Mozambique,IND,BC
1149,0.19962679506186812,MOZAMBIQUE_ZAMBÉZIA_MULEVALA_CHIRACO,37.76125440346422,-16.32163858126515,Mozambique,IND,BC
1150,2.0679115170377482,MOZAMBIQUE_ZAMBÉZIA_MULEVALA_M BAUANE,37.54642716961419,-16.40909467076002,Mozambique,IND,BC
1151,1.2052510621941317,MOZAMBIQUE_ZAMBÉZIA_NAMACURRA_MACUSE,37.22484678245629,-17.591775752107008,Mozambique,IND,BC
1152,0.25026847344943914,MOZAMBIQUE_ZAMBÉZIA_NAMACURRA_MALEI,37.01133444499841,-17.298645809649788,Mozambique,IND,BC
1153,3.818562208182724,MOZAMBIQUE_ZAMBÉZIA_NAMACURRA_NAMACURRA SEDE,36.999724466727024,-17.475100608613698,Mozambique,IND,BC
1154,3.270017744808241,MOZAMBIQUE_ZAMBÉZIA_NAMARROI_NAMARROI,36.932601372279954,-15.997062158730339,Mozambique,IND,BC
1155,1.6207416510961383,MOZAMBIQUE_ZAMBÉZIA_NAMARROI_REGONE,36.703202241179774,-15.741498193552788,Mozambique,IND,BC
1156,0.2382175897190866,MOZAMBIQUE_ZAMBÉZIA_NICOADALA_MUNHONHA,36.585288815320006,-17.577946128566236,Mozambique,IND,BC
1157,3.358407086111358,MOZAMBIQUE_ZAMBÉZIA_NICOADALA_NICOADALA SEDE,36.663687161432556,-17.524080596030704,Mozambique,IND,BC
1158,2.381789289424586,MOZAMBIQUE_ZAMBÉZIA_PEBANE_MULELA,38.453959254758885,-16.77972576468378,Mozambique,IND,BC
1159,1.5927134963563787,MOZAMBIQUE_ZAMBÉZIA_PEBANE_NABURI,38.84329914869052,-16.53846306968174,Mozambique,IND,BC
1160,1.9458676488733535,MOZAMBIQUE_ZAMBÉZIA_PEBANE_PEBANE SEDE,38.11397763950611,-16.944696335246178,Mozambique,IND,BC
1161,2.895295548839108,MOZAMBIQUE_ZAMBÉZIA_QUELIMANE_MAQUIVAL,37.05066199126774,-17.80539223477135,Mozambique,IND,BC
1162,2.7831979164528367,MOZAMBIQUE_ZAMBÉZIA_QUELIMANE_QUELIMANE,36.917031879996124,-17.859838300308013,Mozambique,IND,BC
1163,2.426830594169433,MOZAMBIQUE_SOFALA_CIDADE DA BEIRA_INHAMIZUA,34.80944811048006,-19.7342235382873,Mozambique,IND,BC
1164,0.106338195323178,MOZAMBIQUE_CABO DELGADO_QUISSANGA_QUISSANGA,40.34522572679413,-12.388146823567476,Mozambique,IND,BC
1165,3.38120807280015,MOZAMBIQUE_ZAMBÉZIA_NICOADALA_NAMACATA,36.87753030165205,-17.747483505410734,Mozambique,IND,BC
1166,9.415484942187753,NAMIBIA_ZAMBEZI_KABBE,24.793790035168254,-17.667984075409294,Namibia,IND,BC
1167,2.4318778623952206,NAMIBIA_ZAMBEZI_KATIMA MULILO RURAL,24.454538835228554,-17.783707702671318,Namibia,IND,BC
1168,1.0320354442255282,NAMIBIA_ZAMBEZI_KATIMA MULILO URBAN,24.279746190016365,-17.50806511335707,Namibia,IND,BC
1169,0.07149230718967636,NAMIBIA_ZAMBEZI_KONGOLA,23.264204346697873,-17.80294902774862,Namibia,IND,BC
1170,0.08912259490533611,NAMIBIA_ZAMBEZI_LINYANTI,23.671437828262256,-18.092266566594112,Namibia,IND,BC
1171,0.04217185559052443,NAMIBIA_ZAMBEZI_SIBBINDA,24.108590663155443,-17.85835022128321,Namibia,IND,BC
1172,1.1564871343982612,NAMIBIA_ERONGO_ARANDIS,14.691497629475606,-22.264372494788464,Namibia,IND,BC
1173,3.2689213965816633,NAMIBIA_ERONGO_DAURES,14.93756663805144,-21.37524651621252,Namibia,IND,BC
1174,1.410289392873622,NAMIBIA_ERONGO_KARIBIB,15.787173934663985,-22.30410061850206,Namibia,IND,BC
1175,0.8090775187345867,NAMIBIA_ERONGO_OMARURU,15.95833063241253,-21.31749516745864,Namibia,IND,BC
1176,1.3721684688795341,NAMIBIA_ERONGO_SWAKOPMUND,14.59907978731461,-22.6202601717113,Namibia,IND,BC
1177,3.363796638640165,NAMIBIA_ERONGO_WALVIS BAY RURAL,15.043164785735584,-23.30666115914993,Namibia,IND,BC
1178,0.31318439214105737,NAMIBIA_ERONGO_WALVIS BAY URBAN,14.51062497535283,-22.954088068577146,Namibia,IND,BC
1179,0.3769972120712895,NAMIBIA_HARDAP_GIBEON,16.211055584954146,-24.728927802737125,Namibia,IND,BC
1180,0.4619659417838996,NAMIBIA_HARDAP_MARIENTAL RURAL,18.931178051035655,-24.55690325528673,Namibia,IND,BC
1181,0.3806916573219131,NAMIBIA_HARDAP_MARIENTAL URBAN,17.552231711371142,-24.506156912910303,Namibia,IND,BC
1182,0.33917611255416347,NAMIBIA_HARDAP_REHOBOTH RURAL,16.94802061214784,-23.797424696279414,Namibia,IND,BC
1183,0.7814875206436186,NAMIBIA_HARDAP_REHOBOTH URBAN EAST,17.140914395565115,-23.302814761538283,Namibia,IND,BC
1184,0.8237409351179973,NAMIBIA_HARDAP_REHOBOTH URBAN WEST,17.035406416002225,-23.29213818904565,Namibia,IND,BC
1185,0.07919760509563284,NAMIBIA_//KARAS_BERSEBA,17.43213672122362,-26.402137402623683,Namibia,IND,BC
1186,1.8547708898890172,NAMIBIA_//KARAS_KARASBURG,18.711773230367335,-28.093418586403676,Namibia,IND,BC
1187,0.22318796464045162,NAMIBIA_//KARAS_KEETMANSHOOP RURAL,18.963044948025257,-26.591724991032446,Namibia,IND,BC
1188,0.6412058235242515,NAMIBIA_//KARAS_KEETMANSHOOP URBAN,18.13828868505545,-26.52392990789683,Namibia,IND,BC
1189,1.1064656905535442,NAMIBIA_//KARAS_LUDERITZ,15.864291361495141,-26.644991721573984,Namibia,IND,BC
1190,1.2420573488465485,NAMIBIA_//KARAS_ORANJEMUND,16.84821332532997,-28.056930475767597,Namibia,IND,BC
1191,0.21791628864520204,NAMIBIA_KAVANGO EAST_MASHARE,20.090779832016132,-18.617546949007107,Namibia,IND,BC
1192,0.3635539155098392,NAMIBIA_KAVANGO EAST_MUKWE,21.71929868242943,-18.093691738891703,Namibia,IND,BC
1193,0.5607053947042496,NAMIBIA_KAVANGO EAST_NDIYONA,20.70537677949861,-18.57519053865166,Namibia,IND,BC
1194,1.8591576774485543,NAMIBIA_KAVANGO EAST_RUNDU RURAL WEST,19.729735628949058,-18.20829568264125,Namibia,IND,BC
1195,0.2561085311333286,NAMIBIA_KAVANGO EAST_RUNDU URBAN,19.77048535736296,-17.905684519464447,Namibia,IND,BC
1196,0.5269256740148456,NAMIBIA_KAVANGO EAST_RUNDU RURAL EAST,19.918903908289927,-18.018190028726913,Namibia,IND,BC
1197,0.6434772998794308,NAMIBIA_KHOMAS_TOBIAS HAINYEKO,17.064566285247462,-22.491571002219786,Namibia,IND,BC
1198,0.21907697184854003,NAMIBIA_KHOMAS_KATUTURA CENTRAL,17.053093806653106,-22.5235276855212,Namibia,IND,BC
1199,0.28482388905066286,NAMIBIA_KHOMAS_KATUTURA EAST,17.064629491748327,-22.520906899274305,Namibia,IND,BC
1200,2.262134470306955,NAMIBIA_KHOMAS_KHOMASDAL NORTH,17.02393885405345,-22.546692524938113,Namibia,IND,BC
1201,0.2036465579002471,NAMIBIA_KHOMAS_SOWETO,17.04634348136182,-22.518971599270618,Namibia,IND,BC
1202,1.407367701250792,NAMIBIA_KHOMAS_SAMORA MACHEL,17.011693927957612,-22.515093718237296,Namibia,IND,BC
1203,1.4261961230333964,NAMIBIA_KHOMAS_WINDHOEK EAST,17.14408226450097,-22.62046223783627,Namibia,IND,BC
1204,5.512492741510343,NAMIBIA_KHOMAS_WINDHOEK RURAL,17.152644209354136,-22.919981679213087,Namibia,IND,BC
1205,4.826743366748921,NAMIBIA_KHOMAS_WINDHOEK WEST,16.999274417411097,-22.61413420573047,Namibia,IND,BC
1206,0.5697379862529837,NAMIBIA_KHOMAS_MOSES //GAROEB,17.04398509888085,-22.46917693709735,Namibia,IND,BC
1207,0.322329766029703,NAMIBIA_KUNENE_EPUPA,12.951182297756084,-17.577768817143944,Namibia,IND,BC
1208,0.3880289955450527,NAMIBIA_KUNENE_KAMANAJB,15.32465722582946,-19.802405761415024,Namibia,IND,BC
1209,0.5171170173255812,NAMIBIA_KUNENE_KHORIXAS,14.18082561343677,-20.491501565211138,Namibia,IND,BC
1210,0.5112943036996823,NAMIBIA_KUNENE_OPUWO,13.206749264241742,-18.475898236405577,Namibia,IND,BC
1211,0.666299807629428,NAMIBIA_KUNENE_OUTJO,16.274442963394687,-19.825265069447923,Namibia,IND,BC
1212,0.06858811899622855,NAMIBIA_KUNENE_SESFONTEIN,13.640868650570905,-19.49338092253463,Namibia,IND,BC
1213,0.19712568100496738,NAMIBIA_OHANGWENA_EENHANA,16.353020701398215,-17.671032492551955,Namibia,IND,BC
1214,0.09684317764561982,NAMIBIA_OHANGWENA_ENDOLA,15.820859010662058,-17.625815642509547,Namibia,IND,BC
1215,0.37331680016962343,NAMIBIA_OHANGWENA_ENGELA,15.748718902094708,-17.518181174101677,Namibia,IND,BC
1216,0.05646418460666202,NAMIBIA_OHANGWENA_EPEMBE,16.685598245035656,-17.66735533080767,Namibia,IND,BC
1217,0.14334468348493956,NAMIBIA_OHANGWENA_OHANGWENA,15.882643502502614,-17.520931558141168,Namibia,IND,BC
1218,0.10934402824531841,NAMIBIA_OHANGWENA_OKONGO,17.455737413504714,-17.57117050323505,Namibia,IND,BC
1219,0.16901075291704062,NAMIBIA_OHANGWENA_OMUNDAUNGILO,16.578551766563972,-17.449506206889357,Namibia,IND,BC
1220,0.10545911512533986,NAMIBIA_OHANGWENA_ONDOBE,16.18459197141436,-17.477949671341534,Namibia,IND,BC
1221,0.35833351121397594,NAMIBIA_OHANGWENA_ONGENGA,15.668516925400173,-17.447258578058655,Namibia,IND,BC
1222,0.2006069773891104,NAMIBIA_OHANGWENA_OSHIKANGO,15.988943461829676,-17.457271133054828,Namibia,IND,BC
1223,0.13713002367015012,NAMIBIA_OHANGWENA_OMULONGA,16.093754261365657,-17.654017776298947,Namibia,IND,BC
1224,0.3162979045784379,NAMIBIA_OMAHEKE_AMINUIS,19.295775953525137,-23.417526891993003,Namibia,IND,BC
1225,0.7850798088603046,NAMIBIA_OMAHEKE_GOBABIS,18.604707150106318,-22.71498381235896,Namibia,IND,BC
1226,0.12237892339191554,NAMIBIA_OMAHEKE_KALAHARI,19.48312846470799,-22.503052429131507,Namibia,IND,BC
1227,0.07030256741878009,NAMIBIA_OMAHEKE_OTJINENE,18.982375532173915,-20.874933868522408,Namibia,IND,BC
1228,0.028458576658906515,NAMIBIA_OMAHEKE_OTJOMBINDE,20.498308652977602,-21.175886752549744,Namibia,IND,BC
1229,0.13563467291435574,NAMIBIA_OMAHEKE_STEINHAUSEN,18.80813704803802,-21.78488609292944,Namibia,IND,BC
1230,0.012268110652571948,NAMIBIA_OMAHEKE_EPUKIRO,19.646436307793838,-20.93506528769702,Namibia,IND,BC
1231,0.024768049854259473,NAMIBIA_OMUSATI_ANAMULENGE,15.10483056097633,-17.506116865915512,Namibia,IND,BC
1232,0.0027660570831294358,NAMIBIA_OMUSATI_ELIM,15.413739072297282,-17.82200407359759,Namibia,IND,BC
1233,0.11683329345340346,NAMIBIA_OMUSATI_ETAYI,15.519494125234022,-17.546723554965112,Namibia,IND,BC
1234,0.012321471930252154,NAMIBIA_OMUSATI_OGONGO,15.170545752866131,-17.721649210815624,Namibia,IND,BC
1235,0.02897012700063794,NAMIBIA_OMUSATI_OKAHAO,14.876116003002421,-18.693051850022275,Namibia,IND,BC
1236,0.08512933887096223,NAMIBIA_OMUSATI_OKALONGO,15.28878445011893,-17.500821675929387,Namibia,IND,BC
1237,0.029716443794604447,NAMIBIA_OMUSATI_ONESI,14.628083358790452,-17.577424359547425,Namibia,IND,BC
1238,0.07991449422609617,NAMIBIA_OMUSATI_OSHIKUKU,15.392620794511467,-17.690835725085098,Namibia,IND,BC
1239,0.22312882217962676,NAMIBIA_OMUSATI_OUTAPI,14.846441471749827,-17.517573911214274,Namibia,IND,BC
1240,0.10484668783719062,NAMIBIA_OMUSATI_RUACANA,14.407777044865957,-18.097615436899044,Namibia,IND,BC
1241,0.0544419849138023,NAMIBIA_OMUSATI_TSANDI,14.78614887515016,-17.886312407797114,Namibia,IND,BC
1242,0.31064386469113153,NAMIBIA_OMUSATI_OTAMANZI,15.358988115665142,-18.525957641318243,Namibia,IND,BC
1243,0.16143801184700599,NAMIBIA_OSHANA_OKAKU,15.943162766854906,-17.77022559144506,Namibia,IND,BC
1244,0.9321943315387637,NAMIBIA_OSHANA_OKATANA,15.574759437909428,-17.820795199376207,Namibia,IND,BC
1245,0.0182513685808987,NAMIBIA_OSHANA_OKATJALI,15.924923293889925,-18.15395120107729,Namibia,IND,BC
1246,0.02008231707344677,NAMIBIA_OSHANA_OMPUNDJA,15.659629403226038,-18.011357008061164,Namibia,IND,BC
1247,0.5042894389974276,NAMIBIA_OSHANA_ONDANGWA,15.89055793163545,-17.88939506257595,Namibia,IND,BC
1248,0.840491137232572,NAMIBIA_OSHANA_ONGWEDIVA,15.823548294632106,-17.763524478913496,Namibia,IND,BC
1249,0.43438437284269493,NAMIBIA_OSHANA_OSHAKATI EAST,15.735869553936352,-17.86260914126032,Namibia,IND,BC
1250,0.19831398866601987,NAMIBIA_OSHANA_OSHAKATI WEST,15.624549764682277,-17.857865215295526,Namibia,IND,BC
1251,0.5683691745995126,NAMIBIA_OSHANA_UUKWIYU,15.884221094272657,-17.99618085800174,Namibia,IND,BC
1252,0.32106729877491763,NAMIBIA_OSHANA_UUVUDHIYA,15.696372341891102,-18.671160629838095,Namibia,IND,BC
1253,0.01807370725805435,NAMIBIA_OSHIKOTO_EENGONDI,17.332440762836534,-18.19310832303004,Namibia,IND,BC
1254,3.983707459104629,NAMIBIA_OSHIKOTO_GUINAS,17.594343489923055,-18.89437399671328,Namibia,IND,BC
1255,0.04131724768115881,NAMIBIA_OSHIKOTO_OKANKOLO,17.177875343763045,-17.878323021444082,Namibia,IND,BC
1256,0.20375694336135353,NAMIBIA_OSHIKOTO_OLUKONDA,16.068385898650977,-18.038011932787096,Namibia,IND,BC
1257,0.022906189144988626,NAMIBIA_OSHIKOTO_OMUNTELE,16.169328087187097,-18.334827887672034,Namibia,IND,BC
1258,0.03029636340830746,NAMIBIA_OSHIKOTO_OMUTHIYAGWIIPUNDI,16.51029242566859,-18.898858129359702,Namibia,IND,BC
1259,0.13359473003351074,NAMIBIA_OSHIKOTO_ONAYENA,16.207793411083593,-17.950862651129206,Namibia,IND,BC
1260,0.19483551108510655,NAMIBIA_OSHIKOTO_ONIIPA,16.069902480232454,-17.845135062553666,Namibia,IND,BC
1261,0.077184129198673,NAMIBIA_OSHIKOTO_ONYAANYA,16.357556814301276,-18.090881069656568,Namibia,IND,BC
1262,0.8933838454021628,NAMIBIA_OSHIKOTO_TSUMEB,17.719219426941624,-19.233610933756992,Namibia,IND,BC
1263,2.058025911766879,NAMIBIA_OTJOZONDJUPA_GROOTFONTEIN,18.435300956629483,-19.307687617586755,Namibia,IND,BC
1264,0.8368736933334916,NAMIBIA_OTJOZONDJUPA_OKAHANDJA,16.668747555463238,-21.83565240672381,Namibia,IND,BC
1265,0.37351269771384904,NAMIBIA_OTJOZONDJUPA_OKAKARARA,18.334564244255255,-20.38760912604105,Namibia,IND,BC
1266,3.35174533083967,NAMIBIA_OTJOZONDJUPA_OMATAKO,17.282520645457858,-21.20096061005428,Namibia,IND,BC
1267,43.67009795569671,NAMIBIA_OTJOZONDJUPA_OTAVI,17.328950067683728,-19.86763044479583,Namibia,IND,BC
1268,1.8631715761025487,NAMIBIA_OTJOZONDJUPA_OTJIWARONGO,16.251829448720684,-20.505042965104394,Namibia,IND,BC
1269,0.08669953402040799,NAMIBIA_OTJOZONDJUPA_TSUMKWE,19.9533987514376,-19.722419209002222,Namibia,IND,BC
1270,0.4119420784998535,NAMIBIA_KAVANGO WEST_KAHENGE,18.861763150665734,-18.28861226947196,Namibia,IND,BC
1271,0.5734297291338055,NAMIBIA_KAVANGO WEST_KAPAKO,19.43557328650503,-18.551716439141092,Namibia,IND,BC
1272,0.3101182884067554,NAMIBIA_KAVANGO WEST_MPUNGU,18.26159001570929,-18.04481891772234,Namibia,IND,BC
1273,51.47392748180658,Buffalo City (BUF),27.598864254477117,-32.94800582792056,SA,IND,BC
1274,279.0118797523714,City of Cape Town (CPT),18.594296829494326,-33.892706933725236,SA,IND,BC
1275,5.189015262193259,Camdeboo/Ikwezi/Baviaans (EC101),24.089957646273938,-32.8452024220234,SA,IND,BC
1276,2.6791277681213153,Blue Crane Rout/ie (EC102),25.41308680240521,-32.778160968279536,SA,IND,BC
1277,6.336426181375757,Makana (EC104),26.408254634609886,-33.23516631902399,SA,IND,BC
1278,4.09276367442982,Ndlambe (EC105),26.743980167056392,-33.52310164874916,SA,IND,BC
1279,4.38553540038721,Sundays River Valley (EC106),25.496722441767997,-33.51169278867713,SA,IND,BC
1280,5.310903100331876,Kouga (EC108),24.79959562862642,-33.90429867869783,SA,IND,BC
1281,2.27755476099213,Kou-Kamma (EC109),24.060086657020488,-33.867609516127736,SA,IND,BC
1282,4.117961767411324,Mbhashe (EC121),28.575231014835296,-32.13220971938858,SA,IND,BC
1283,11.417385564677033,Mnquma (EC122),28.156661393124235,-32.34546010162823,SA,IND,BC
1284,1.1983882014952405,Great Kei (EC123),28.009533893856762,-32.65908476816192,SA,IND,BC
1285,5.486641475650678,Amahlathi (EC124),27.33351960038348,-32.502457790779154,SA,IND,BC
1286,2.011760115777101,Ngqushwa (EC126),27.190552108198407,-33.197883930507096,SA,IND,BC
1287,7.049410092471291,Nkonkobe/Nxuba (EC129),26.56395343016319,-32.68648839664744,SA,IND,BC
1288,5.117619001245822,Inxuba Yethemba (EC131),25.321553083523288,-31.86297467718648,SA,IND,BC
1289,2.2276989041341655,Intsika Yethu (EC135),27.65645293007968,-31.967410209741036,SA,IND,BC
1290,3.816997095659327,Emalahleni (EC136),27.196289987483134,-31.59599819484559,SA,IND,BC
1291,1.9331393475950327,Engcobo (EC137),28.091140856688877,-31.681331250222897,SA,IND,BC
1292,2.5615690213284936,Sakhisizwe (EC138),27.784464653423093,-31.443073463199052,SA,IND,BC
1293,15.521875353686632,Tsolwana/Inkwanca/Lukanji (EC139),26.44231171599927,-31.82713277165301,SA,IND,BC
1294,3.2901954207337054,Elundini (EC141),28.332923728488446,-30.924613490171907,SA,IND,BC
1295,5.385880564725438,Senqu (EC142),27.561052438944984,-30.865504121282964,SA,IND,BC
1296,5.447512819222284,Maletswai/Gariep (EC145),26.297982166534812,-30.99072562439091,SA,IND,BC
1297,11.887838251034704,Ngquza Hill (EC153),29.61936077896737,-31.240526584482595,SA,IND,BC
1298,4.568485628661409,Port St Johns (EC154),29.42127994736776,-31.536133432650935,SA,IND,BC
1299,12.167002662225045,Nyandeni (EC155),29.06791507221619,-31.593568922888913,SA,IND,BC
1300,4.449437716803689,Mhlontlo (EC156),28.77986734009031,-31.200925478397178,SA,IND,BC
1301,18.165226999731573,King Sabata Dalindyebo (EC157),28.67245651353882,-31.763159249936695,SA,IND,BC
1302,8.037627829994976,Matatiele (EC441),28.799576805046378,-30.346800314394653,SA,IND,BC
1303,5.762458382155205,Umzimvubu (EC442),29.024650004658934,-30.77669158331251,SA,IND,BC
1304,13.15528236414658,Mbizana (EC443),29.846100390912305,-30.94913834267403,SA,IND,BC
1305,4.6012685376651294,Ntabankulu (EC444),29.301335289494258,-30.979143187316314,SA,IND,BC
1306,304.6950783881238,Ekurhuleni (EKU),28.312610799006872,-26.19890180039359,SA,IND,BC
1307,268.163386916522,eThekwini (ETH),30.83613967872446,-29.834217800959394,SA,IND,BC
1308,18.898789362637846,Letsemeng (FS161),25.014921531561004,-29.358108946328255,SA,IND,BC
1309,3.1336397151430746,Kopanong (FS162),25.64114039286138,-29.975908538082983,SA,IND,BC
1310,3.738569366797964,Mohokare (FS163),26.70843376153791,-30.20845860575575,SA,IND,BC
1311,6.238031260122696,Masilonyana (FS181),26.617458659326235,-28.631554189395228,SA,IND,BC
1312,72.95748057773827,Tokologo (FS182),25.355991999884054,-28.472588777335627,SA,IND,BC
1313,3.8443212433203935,Tswelopele (FS183),25.931548564559048,-28.066074672660065,SA,IND,BC
1314,85.02975708843209,Matjhabeng (FS184),26.91629852178738,-28.044206331040705,SA,IND,BC
1315,10.00257419089895,Nala (FS185),26.443501057951472,-27.620085113823276,SA,IND,BC
1316,9.084073586704827,Setsoto (FS191),27.611849107223822,-28.597460113677133,SA,IND,BC
1317,8.98954383655766,Dihlabeng (FS192),28.293898689286305,-28.362439638603284,SA,IND,BC
1318,3.6628051774000125,Nketoana (FS193),28.246098639230098,-27.849730288880405,SA,IND,BC
1319,23.97613965228205,Maluti a Phofung (FS194),29.025155447117413,-28.332211824313816,SA,IND,BC
1320,112.37302106314027,Phumelela (FS195),29.22855332756709,-27.676780478565117,SA,IND,BC
1321,6.802459314196088,Mantsopa (FS196),27.217597861072438,-29.135212154732272,SA,IND,BC
1322,13.312371218692487,Moqhaka (FS201),27.193724011739675,-27.500952572439758,SA,IND,BC
1323,7.529184663862534,Ngwathe (FS203),27.731911356224305,-27.2957570942759,SA,IND,BC
1324,15.460051931108756,Metsimaholo (FS204),28.043759146658957,-26.929132626752555,SA,IND,BC
1325,3.707321340301231,Mafube (FS205),28.60779443701931,-27.269640781466524,SA,IND,BC
1326,59.20091474229019,Emfuleni (GT421),27.78119575062538,-26.628372404139963,SA,IND,BC
1327,20.320239699419407,Midvaal (GT422),28.12922429452965,-26.623049056706034,SA,IND,BC
1328,18.337994690590662,Lesedi (GT423),28.506672206506963,-26.461472069502342,SA,IND,BC
1329,64.93421568201602,Mogale City (GT481),27.683044173467124,-25.9870777312359,SA,IND,BC
1330,321.18940697040057,Merafong City (GT484),27.39947301236414,-26.416916316259925,SA,IND,BC
1331,177.29268510614162,New (GT485),27.630358282577387,-26.305377895109828,SA,IND,BC
1332,393.28347759486377,City of Johannesburg (JHB),27.963520457163874,-26.17673292466971,SA,IND,BC
1333,7.054500509845753,Umdoni (KZN212),30.564296422383766,-30.26941215278416,SA,IND,BC
1334,16.059863245692977,Umzumbe (KZN213),30.34109349485651,-30.48625213454723,SA,IND,BC
1335,5.387645157648697,uMuziwabantu (KZN214),29.876024661538295,-30.631036716984855,SA,IND,BC
1336,19.101614245261935,Hibiscus Coast (KZN216),30.256268392679218,-30.777445434896816,SA,IND,BC
1337,10.528226532986343,uMshwathi (KZN221),30.57723304743919,-29.382907146378955,SA,IND,BC
1338,9.26051591810033,uMngeni (KZN222),30.090331468395576,-29.437893652146563,SA,IND,BC
1339,1.5126280188350643,Mpofana (KZN223),30.025271395990348,-29.190997264613035,SA,IND,BC
1340,1.8786195180411198,Impendle (KZN224),29.731276209974812,-29.554937527064798,SA,IND,BC
1341,38.405305671782514,The Msunduzi (KZN225),30.265492525577752,-29.670137497352023,SA,IND,BC
1342,5.568173498137918,Mkhambathini (KZN226),30.54531080327023,-29.843574776336624,SA,IND,BC
1343,5.761357055491947,Richmond (KZN227),30.284544545669366,-29.892451867819272,SA,IND,BC
1344,6.930152563654286,Okhahlamba (KZN235),29.316126781081834,-28.755389135601764,SA,IND,BC
1345,13.920710113562206,New (KZN237),29.823208639417057,-28.98844294297501,SA,IND,BC
1346,18.822003892597163,New (KZN238),29.85903127009922,-28.465502298380606,SA,IND,BC
1347,7.071362157319673,Endumeni (KZN241),30.298724252947004,-28.170872262516635,SA,IND,BC
1348,6.428404022476175,Nqutu (KZN242),30.738402602971842,-28.3057856426724,SA,IND,BC
1349,7.745935088576471,Msinga (KZN244),30.448438956915833,-28.605909275422903,SA,IND,BC
1350,6.428902898220619,Umvoti (KZN245),30.674407652928558,-29.025108014344248,SA,IND,BC
1351,26.834338217286025,Newcastle (KZN252),29.876255990263406,-27.739276183545844,SA,IND,BC
1352,6.716786718128666,Emadlangeni (KZN253),30.321232039938934,-27.617907330365107,SA,IND,BC
1353,11.654334362488111,Dannhauser (KZN254),30.002289977265942,-28.021393744339566,SA,IND,BC
1354,4.134779339907879,eDumbe (KZN261),30.81062292956855,-27.469617673094547,SA,IND,BC
1355,14.040607791390341,uPhongolo (KZN262),31.598159005752375,-27.483608832173115,SA,IND,BC
1356,16.754508834797903,Abaqulusi (KZN263),31.05300673776844,-27.8257482171015,SA,IND,BC
1357,7.519467843665395,Nongoma (KZN265),31.745560356874247,-27.911780178568517,SA,IND,BC
1358,7.914333381301489,Ulundi (KZN266),31.309444916664436,-28.239580055499665,SA,IND,BC
1359,3.646163879908777,Umhlabuyalingana (KZN271),32.56381651356431,-27.243472986556462,SA,IND,BC
1360,13.1106636356971,Jozini (KZN272),32.14557048188946,-27.36815301488439,SA,IND,BC
1361,7.786722342991059,Mtubatuba (KZN275),32.29495200731668,-28.28774563454697,SA,IND,BC
1362,3.3687186830848908,New (KZN276),32.196439917229256,-28.03451780762441,SA,IND,BC
1363,16.36211789786632,Mfolozi (KZN281),32.08205666681106,-28.54943900730811,SA,IND,BC
1364,25.92165147563659,uMhlathuze (KZN282),31.879279732627545,-28.731153462649306,SA,IND,BC
1365,12.133636709092062,uMlalazi (KZN284),31.444902303281012,-28.904859982322336,SA,IND,BC
1366,3.3463559316142297,Mthonjaneni (KZN285),31.46989521594373,-28.566641254058112,SA,IND,BC
1367,4.198983258753569,Nkandla (KZN286),30.992847475348313,-28.65874298560281,SA,IND,BC
1368,6.627316810257201,Mandeni (KZN291),31.467602405876107,-29.12389810299933,SA,IND,BC
1369,17.726347511867306,KwaDukuza (KZN292),31.25513058898549,-29.355999737664646,SA,IND,BC
1370,7.36938136665736,Ndwedwe (KZN293),30.971145236611328,-29.424489832181724,SA,IND,BC
1371,3.9300861805520553,Maphumulo (KZN294),31.061676575865707,-29.11112579364772,SA,IND,BC
1372,5.089166984343188,Greater Kokstad (KZN433),29.333985724860153,-30.300940129030153,SA,IND,BC
1373,5.599392374721266,Ubuhlebezwe (KZN434),30.164623949729094,-30.19252582259694,SA,IND,BC
1374,8.750182394702819,Umzimkhulu (KZN435),29.73770155638459,-30.291659472535116,SA,IND,BC
1375,3.79062909557346,New (KZN436),29.59925971197213,-29.82995036987778,SA,IND,BC
1376,20.862756694401373,Greater Giyani (LIM331),30.899690443403223,-23.363950859740118,SA,IND,BC
1377,13.240950510975246,Greater Letaba (LIM332),30.27459722174666,-23.51164855271159,SA,IND,BC
1378,29.244256096132013,Greater Tzaneen (LIM333),30.25340441091674,-23.835977770536683,SA,IND,BC
1379,27.61060755267265,Ba-Phalaborwa (LIM334),31.191583756193857,-23.776931100454973,SA,IND,BC
1380,6.496239500078645,Maruleng (LIM335),30.785641757876952,-24.291507940529854,SA,IND,BC
1381,25.52396538621264,Musina (LIM341),30.05077110077547,-22.452444078436113,SA,IND,BC
1382,30.518317976591288,Thulamela (LIM343),30.555384649799517,-22.785680862120937,SA,IND,BC
1383,30.6164061605612,Makhado (LIM344),29.7486767332841,-22.99957537797423,SA,IND,BC
1384,23.713280031924427,New (LIM345),30.973389530004273,-22.98859241312989,SA,IND,BC
1385,9.292101435210181,Blouberg (LIM351),28.75025951576327,-22.96754705620071,SA,IND,BC
1386,9.0869921504955,Molemole (LIM353),29.53603926457335,-23.498363807532403,SA,IND,BC
1387,53.65727855464423,Polokwane (LIM354),29.382116648858307,-23.8911198474484,SA,IND,BC
1388,25.642878314220837,Lepele-Nkumpi (LIM355),29.706098724754902,-24.26602472477329,SA,IND,BC
1389,40.635977472200835,Thabazimbi (LIM361),27.18648986644449,-24.54368940298091,SA,IND,BC
1390,15.36295015969483,Lephalale (LIM362),27.797673264901547,-23.67621029455612,SA,IND,BC
1391,10.674335049856415,Bela-Bela (LIM366),28.27202559364255,-24.9540355998598,SA,IND,BC
1392,38.25277769898144,Mogalakwena (LIM367),28.693646429401138,-23.846776659349114,SA,IND,BC
1393,16.64324285353313,Modimolle/Mookgophong (LIM368),28.554318378198634,-24.50378204783512,SA,IND,BC
1394,7.614443232615973,Ephraim Mogale (LIM471),29.336691696763047,-24.90184812517883,SA,IND,BC
1395,24.022877539387014,Elias Motsoaledi (LIM472),29.56162199731176,-25.195958709787416,SA,IND,BC
1396,18.43739689985805,Makhuduthamaga (LIM473),29.77376805671483,-24.72156702551684,SA,IND,BC
1397,59.48638228715031,Greater Tubatse/Fetakgomo (LIM476),30.220512409351578,-24.60034155788023,SA,IND,BC
1398,60.2563881730571,Mangaung (MAN),26.50052991738285,-29.331493385874897,SA,IND,BC
1399,18.51431218397778,Chief Albert Luthuli (MP301),30.486023915525898,-26.055659215342654,SA,IND,BC
1400,22.232030487946815,Msukaligwa (MP302),30.12962179212915,-26.468179957263942,SA,IND,BC
1401,22.584667379465007,Mkhondo (MP303),30.704664805360647,-26.99281043647496,SA,IND,BC
1402,46.83534933301424,Dr Pixley Ka Isaka Seme (MP304),29.955868602689744,-27.12849724731941,SA,IND,BC
1403,9.644882305251196,Lekwa (MP305),29.35167338257744,-26.879837519268875,SA,IND,BC
1404,5.526266045807913,Dipaleseng (MP306),28.641164057979545,-26.781729068806687,SA,IND,BC
1405,41.82534891729257,Govan Mbeki (MP307),29.19601841151445,-26.46697143683172,SA,IND,BC
1406,33.69908916592923,Victor Khanye (MP311),28.768849144433155,-26.132617697943477,SA,IND,BC
1407,51.918758289119886,Emalahleni (MP312),29.162096257324418,-26.01795048880191,SA,IND,BC
1408,37.58972844369105,Steve Tshwete (MP313),29.551938218276963,-25.836944103856947,SA,IND,BC
1409,7.4566929071762225,Emakhazeni (MP314),30.106821848663742,-25.596921237314394,SA,IND,BC
1410,55.82338948293073,Thembisile (MP315),28.95192824101233,-25.470336038962238,SA,IND,BC
1411,16.901005406273253,Dr JS Moroka (MP316),28.801472347773178,-25.103882758045668,SA,IND,BC
1412,9.163713351050259,Thaba Chweu (MP321),30.57153056410513,-25.064888911517013,SA,IND,BC
1413,39.94635005708359,Nkomazi (MP324),31.730184896139622,-25.502441880044394,SA,IND,BC
1414,36.929927779615234,Bushbuckridge (MP325),31.524554777444788,-24.556740864902537,SA,IND,BC
1415,66.50234249419425,Mbombela/Umjindi (MP326),31.096583710647025,-25.432684098533255,SA,IND,BC
1416,4.594931468225761,Richtersveld (NC061),17.059551072172134,-28.768234043160607,SA,IND,BC
1417,14.146958373052069,Nama Khoi (NC062),17.91494133561911,-29.45640456833637,SA,IND,BC
1418,3.3310918265966363,Kamiesberg (NC064),18.13015961792784,-30.375500419763604,SA,IND,BC
1419,1.3283160419424562,Hantam (NC065),19.96076903840225,-30.97326387632367,SA,IND,BC
1420,0.7464502996974631,Karoo Hoogland (NC066),21.045367164738153,-31.72866537697112,SA,IND,BC
1421,7.868134961061905,Khâi-Ma (NC067),19.26135370838769,-29.537786385108184,SA,IND,BC
1422,1.1352537317906024,Ubuntu (NC071),23.13370561544698,-31.37353482138949,SA,IND,BC
1423,2.082904840680683,Umsobomvu (NC072),25.04764999855825,-30.848177029851588,SA,IND,BC
1424,3.2103930696460092,Emthanjeni (NC073),23.85840547035036,-30.67860320584649,SA,IND,BC
1425,0.7324360246675413,Kareeberg (NC074),22.13482818835018,-30.54560022973702,SA,IND,BC
1426,0.7162238779017799,Renosterberg (NC075),24.450629664298948,-30.255674893884255,SA,IND,BC
1427,1.0775423846873813,Thembelihle (NC076),23.765002948711334,-29.708430373289627,SA,IND,BC
1428,8.332000642644404,Siyathemba (NC077),22.5520117599244,-29.633449473297446,SA,IND,BC
1429,4.091193519756873,Siyancuma (NC078),23.368135189529266,-28.983648115956267,SA,IND,BC
1430,6.122367195994123,Kai !Garib (NC082),20.415779221325927,-28.968415397154022,SA,IND,BC
1431,1.4526823431390805,!Kheis (NC084),21.603495266524188,-29.232655553883756,SA,IND,BC
1432,14.043854022917275,Tsantsabane (NC085),22.553384843403045,-28.038581659653413,SA,IND,BC
1433,4.872000191640154,Kgatelopele (NC086),23.63233217640869,-28.217463600827454,SA,IND,BC
1434,8.015250187019452,//Khara Hais/Mier (NC087),20.833021354286817,-27.068953107729545,SA,IND,BC
1435,24.91512784178774,Sol Plaatjie (NC091),24.514285167088513,-28.743361921797487,SA,IND,BC
1436,9.101670633237141,Dikgatlong (NC092),24.192269532669194,-28.193349409504034,SA,IND,BC
1437,2.5060356968664736,Magareng (NC093),24.780465069795653,-28.167755341807677,SA,IND,BC
1438,2.777020305857705,Phokwane (NC094),24.808908824292622,-27.795177260115924,SA,IND,BC
1439,29.287796911860557,Joe Morolong (NC451),22.937720996816267,-26.838253106736673,SA,IND,BC
1440,9.958266576613777,Ga-Segonyana (NC452),23.560536877064965,-27.622586314678973,SA,IND,BC
1441,10.308712096815405,Gamagara (NC453),22.99607417546456,-27.643424226884566,SA,IND,BC
1442,88.32173751555374,Nelson Mandela Bay (NMA),25.492325010511415,-33.804018235171306,SA,IND,BC
1443,18.554047698656127,Moretele (NW371),28.03908368696291,-25.176894569186302,SA,IND,BC
1444,46.041549198317064,Local Municipality of Madibeng (NW372),27.73365092436683,-25.441079324120807,SA,IND,BC
1445,85.33402099471799,Rustenburg (NW373),27.331450416242784,-25.66090837141418,SA,IND,BC
1446,4.749938909920063,Kgetlengrivier (NW374),26.864344191252787,-25.72345587170004,SA,IND,BC
1447,27.110420237333944,Moses Kotane (NW375),26.866123855951283,-25.13362782615747,SA,IND,BC
1448,4.585852534081366,Ratlou (NW381),25.063605925319113,-26.08201587807829,SA,IND,BC
1449,6.8436019825781536,Tswaing (NW382),25.66098471544643,-26.615774445678632,SA,IND,BC
1450,43.190489600923385,Mafikeng (NW383),25.672832054041375,-25.886091780262618,SA,IND,BC
1451,72.70462134169371,Ditsobotla (NW384),26.239308215127412,-26.115261364090596,SA,IND,BC
1452,26.961034663400547,Ramotshere Moiloa (NW385),26.123471368618137,-25.218995566189637,SA,IND,BC
1453,4.802509831426562,Naledi (NW392),24.79527413051862,-26.86329306541285,SA,IND,BC
1454,4.536621440220007,Mamusa (NW393),25.277113001282956,-27.22305181117706,SA,IND,BC
1455,10.841932720935434,Greater Taung (NW394),24.439135473722978,-27.502819297224146,SA,IND,BC
1456,4.024153086944723,Lekwa-Teemane (NW396),25.32923774851763,-27.63922701964027,SA,IND,BC
1457,7.354247186064968,Kagisano/Molopo (NW397),23.765026014343153,-26.118051281941728,SA,IND,BC
1458,40.141185886274904,City of Matlosana (NW403),26.488149960518996,-26.811358748287205,SA,IND,BC
1459,6.624661064871407,Maquassi Hills (NW404),26.033886103084164,-27.23835835490209,SA,IND,BC
1460,31.878139102876,Ventersdorp/Tlokwe (NW405),27.004510453933847,-26.488692826418728,SA,IND,BC
1461,292.02794493287894,City of Tshwane (TSH),28.443433217250625,-25.659851428790624,SA,IND,BC
1462,6.087589098999086,Matzikama (WC011),18.499074499468698,-31.255840123869305,SA,IND,BC
1463,2.6456849777570812,Cederberg (WC012),18.924252686680997,-32.25674181208767,SA,IND,BC
1464,13.765281346305033,Bergrivier (WC013),18.672795192444063,-32.787492869446815,SA,IND,BC
1465,34.3894381409686,Saldanha Bay (WC014),18.176134163611852,-33.010183399822495,SA,IND,BC
1466,15.705443579276729,Swartland (WC015),18.620246203734677,-33.30973980958506,SA,IND,BC
1467,7.871213951304285,Witzenberg (WC022),19.68890243028827,-32.94978723975034,SA,IND,BC
1468,20.427968993646566,Drakenstein (WC023),19.003058669393468,-33.596786916383564,SA,IND,BC
1469,22.531057159985878,Stellenbosch (WC024),18.944796363106693,-33.926035417528176,SA,IND,BC
1470,11.22347012754574,Breede Valley (WC025),19.699592583285963,-33.571874326586304,SA,IND,BC
1471,6.043196665562861,Langeberg (WC026),20.05499702391179,-33.78591943557983,SA,IND,BC
1472,5.164994836530585,Theewaterskloof (WC031),19.436205803645056,-34.161235777032985,SA,IND,BC
1473,2.6665634831162213,Overstrand (WC032),19.376341302447013,-34.476351826606134,SA,IND,BC
1474,2.0180437766357016,Cape Agulhas (WC033),20.05759261209885,-34.49792816727761,SA,IND,BC
1475,2.116805178321734,Swellendam (WC034),20.508876422488118,-34.03689398202183,SA,IND,BC
1476,1.2257373978188328,Kannaland (WC041),21.318929071812132,-33.60348228547038,SA,IND,BC
1477,3.2104605927754966,Hessequa (WC042),21.227498281104747,-34.13450499418741,SA,IND,BC
1478,4.834765266301244,Mossel Bay (WC043),21.94268858486633,-34.04142256573831,SA,IND,BC
1479,12.51987881120217,George (WC044),22.93003160882857,-33.695282456579825,SA,IND,BC
1480,6.5632788391384125,Oudtshoorn (WC045),22.22097775698059,-33.59287178340578,SA,IND,BC
1481,3.6787571692581804,Bitou (WC047),23.407081210262664,-33.937355597794785,SA,IND,BC
1482,3.895656400084041,Knysna (WC048),22.984307307129328,-33.94604481371343,SA,IND,BC
1483,0.4852093834600474,Laingsburg (WC051),20.966020283495638,-33.10361314083431,SA,IND,BC
1484,0.8668716061103661,Prince Albert (WC052),22.130117608349714,-33.05111998769453,SA,IND,BC
1485,3.7063935841108466,Beaufort West (WC053),22.746542364789725,-32.27710950336613,SA,IND,BC
1486,5.805609170209376,Timphisini,31.427527777467557,-25.77919829327425,swz,IND,BC
1487,15.808108317474911,Ntfonjeni,31.343619162235765,-25.829286995179224,swz,IND,BC
1488,7.973436706689002,Mayiwane,31.509506281238203,-25.861738695993047,swz,IND,BC
1489,17.266953198254523,Mhlangatane,31.621950825737503,-25.939695519246623,swz,IND,BC
1490,15.585089775223679,Ndzingeni,31.43455167846427,-26.004089857679194,swz,IND,BC
1491,11.221878680046492,Madlangempisi,31.567436769117936,-26.099284349171477,swz,IND,BC
1492,19.994216832566345,Maphalaleni,31.365091924296856,-26.197321168361256,swz,IND,BC
1493,26.193710118751458,Pigg's Peak,31.25696321866851,-25.964805122665727,swz,IND,BC
1494,27.085316594018657,Nkhaba,31.143956798528553,-26.137239773416546,swz,IND,BC
1495,32.298996501997856,Motjane,31.02818299839431,-26.30685187288155,swz,IND,BC
1496,15.954402332064086,Mbabane West,31.107872683509882,-26.336291548391436,swz,IND,BC
1497,15.580623444941697,Mbabane East,31.141081832025073,-26.3027236876315,swz,IND,BC
1498,23.707571111506414,Hhukwini,31.222081322674427,-26.32065034848908,swz,IND,BC
1499,35.09859729259627,Lobamba,31.181490419840365,-26.413527114735945,swz,IND,BC
1500,20.5035490903645,Mkhiweni,31.577441575897375,-26.29070166832214,swz,IND,BC
1501,28.40519164840302,Kukhanyeni,31.41051368673318,-26.3747085735696,swz,IND,BC
1502,18.05518450591841,Mafutseni,31.523011856624002,-26.45582801367826,swz,IND,BC
1503,20.56207341200859,Mthongwaneni,31.501356709255482,-26.569704960391807,swz,IND,BC
1504,23.606013358581393,Manzini North,31.394419676034722,-26.481334398718516,swz,IND,BC
1505,6.381898421811731,Manzini South,31.36837555950807,-26.520560596292356,swz,IND,BC
1506,15.309935588840506,Kwaluseni,31.31330758484104,-26.500651000600236,swz,IND,BC
1507,41.17977478869074,Ludzeludze,31.317859732245438,-26.394848493062067,swz,IND,BC
1508,25.39858293806216,Lobamba Lomdzala,31.21153822321666,-26.525643141694285,swz,IND,BC
1509,50.376131172650425,Nhlambeni,31.408562511847816,-26.630530181944778,swz,IND,BC
1510,15.214869908820488,Ntondozi,31.255721117118,-26.631017055506103,swz,IND,BC
1511,13.582092860585673,La-Mgabhi,31.070807855360105,-26.564658624068162,swz,IND,BC
1512,13.388966937484719,Mhlambanyatsi,30.98674877164096,-26.450529398348344,swz,IND,BC
1513,4.278143283063258,Mangcongco,30.884645646846423,-26.578126273491335,swz,IND,BC
1514,23.66215830206425,Ngwempisi,31.004022599726948,-26.710945657075314,swz,IND,BC
1515,17.792575295973645,Mahlangatsha,31.228735687622677,-26.771547360075047,swz,IND,BC
1516,5.483868855839409,Kubuta,31.452603410394964,-26.829896157699594,swz,IND,BC
1517,8.970640106392773,Nkwene,31.25402793120817,-26.88316670443372,swz,IND,BC
1518,18.946457664158327,Mtsambama,31.385175952460738,-26.957586651949224,swz,IND,BC
1519,12.65110731238516,Gege,31.04308782697033,-26.922942294717792,swz,IND,BC
1520,18.563361288866172,Mbangweni,31.250469017568943,-27.053399828647212,swz,IND,BC
1521,34.91063383577869,Maseyisini,31.162763105989555,-27.134686006761925,swz,IND,BC
1522,12.600974177839484,Sandleni,31.429835958875884,-27.064513697748147,swz,IND,BC
1523,7.242670516900491,Ngudzeni,31.543105154501283,-27.034785219989786,swz,IND,BC
1524,16.363083159792982,Zombodze,31.334568927601403,-27.200313835720486,swz,IND,BC
1525,10.467109134675862,Shiselweni,31.49631059380805,-27.253953663192778,swz,IND,BC
1526,23.768574093417367,Hosea,31.53433592419686,-27.16191857513413,swz,IND,BC
1527,11.712840254389763,Sigwe,31.6594023333631,-27.07259114844248,swz,IND,BC
1528,12.940181396795937,Matsanjeni South,31.724633678774154,-27.216897918466156,swz,IND,BC
1529,2.6961606460588,Somntongo,31.88647265075323,-27.224260883938804,swz,IND,BC
1530,14.42064703535799,Lubuli,31.871656751031274,-27.032830900051994,swz,IND,BC
1531,14.669094949934657,Sithobela,31.655947353909568,-26.867080532878518,swz,IND,BC
1532,16.30568921415351,Nkilongo,31.89239374698797,-26.83443092667109,swz,IND,BC
1533,18.379483536876254,Siphofaneni,31.66300159138905,-26.6791978798675,swz,IND,BC
1534,24.024410351436945,Mpolonjeni,31.874527778817235,-26.583288999847156,swz,IND,BC
1535,6.122843419249043,Matsanjeni North,32.071056369994956,-26.659618839604153,swz,IND,BC
1536,13.676064251909871,Lugongolweni,32.01662145780792,-26.34892589847767,swz,IND,BC
1537,32.66685351118572,Dvokodvweni,31.74874438011335,-26.450224696421593,swz,IND,BC
1538,4.378589371795547,Hlane,31.805244033997365,-26.296408623452134,swz,IND,BC
1539,16.722394762848502,Mhlume,31.808997857429535,-26.10217970032939,swz,IND,BC
1540,8.864000913722712,Lomahasha,32.003415605057185,-26.06346037693349,swz,IND,BC
1541,25.342566945039035,ZAMBIA_CENTRAL_CHIBOMBO_CHISAMBA,28.5661943716429,-14.846792545063325,Zambia,IND,BC
1542,102.45779848332822,ZAMBIA_CENTRAL_CHIBOMBO_KATUBA,27.98219959351392,-15.171132204750865,Zambia,IND,BC
1543,27.666113270482562,ZAMBIA_CENTRAL_CHIBOMBO_KEEMBE,27.6736546747429,-14.727345017193953,Zambia,IND,BC
1544,37.07475292814566,ZAMBIA_CENTRAL_KABWE_BWACHA,28.341941228042526,-14.476746683885342,Zambia,IND,BC
1545,43.455962357375775,ZAMBIA_CENTRAL_KABWE_KABWE CENTRAL,28.516948134035072,-14.407877676196723,Zambia,IND,BC
1546,86.1467645136888,ZAMBIA_CENTRAL_KAPIRI MPOSHI_KAPIRI MPOSHI,28.102119922151484,-14.120700762098181,Zambia,IND,BC
1547,50.4123381020838,ZAMBIA_CENTRAL_MKUSHI_MKUSHI NORTH,29.469436639963092,-13.730329792225124,Zambia,IND,BC
1548,6.375030077579918,ZAMBIA_CENTRAL_MKUSHI_MKUSHI SOUTH,29.569217404421003,-14.436411331188475,Zambia,IND,BC
1549,46.81170856025097,ZAMBIA_CENTRAL_MUMBWA_MUMBWA,26.364188448292417,-14.900633988434736,Zambia,IND,BC
1550,13.331937974810526,ZAMBIA_CENTRAL_MUMBWA_MWEMBESHI,27.701977895362777,-15.40446287674476,Zambia,IND,BC
1551,29.461447195108786,ZAMBIA_CENTRAL_MUMBWA_NANGOMA,27.306575058954532,-15.258227671528992,Zambia,IND,BC
1552,20.364365839680424,ZAMBIA_CENTRAL_SERENJE_CHITAMBO,30.253472648282777,-12.560317914404294,Zambia,IND,BC
1553,38.38160695673671,ZAMBIA_CENTRAL_SERENJE_MUCHINGA,30.687809502617156,-13.471349520459055,Zambia,IND,BC
1554,27.013149488663103,ZAMBIA_CENTRAL_SERENJE_SERENJE,30.10589973967512,-13.040469573298045,Zambia,IND,BC
1555,47.13181161221042,ZAMBIA_COPPERBELT_CHILILABOMBWE_CHILILABOMBWE,27.81464871496207,-12.361165489706172,Zambia,IND,BC
1556,60.887471428515,ZAMBIA_COPPERBELT_CHINGOLA_CHINGOLA,27.669026385939425,-12.505121590267066,Zambia,IND,BC
1557,28.326055382949686,ZAMBIA_COPPERBELT_CHINGOLA_NCHANGA,27.97081023345629,-12.528814058526129,Zambia,IND,BC
1558,52.93737413411116,ZAMBIA_COPPERBELT_KALULUSHI_KALULUSHI,27.96391886764875,-12.770501908865587,Zambia,IND,BC
1559,27.121107577813824,ZAMBIA_COPPERBELT_KITWE_CHIMWEMWE,28.18492901942876,-12.717092029024544,Zambia,IND,BC
1560,39.44296965010709,ZAMBIA_COPPERBELT_KITWE_KAMFINSA,28.35330783309189,-12.8095822567081,Zambia,IND,BC
1561,35.29025676421369,ZAMBIA_COPPERBELT_KITWE_KWACHA,28.302830727693767,-12.77594738834159,Zambia,IND,BC
1562,38.29815851959536,ZAMBIA_COPPERBELT_KITWE_NKANA,28.16694032204235,-12.811008579347963,Zambia,IND,BC
1563,41.061616508853085,ZAMBIA_COPPERBELT_KITWE_WUSAKILE,28.222488074533018,-12.92465702761479,Zambia,IND,BC
1564,39.26316388137355,ZAMBIA_COPPERBELT_LUANSHYA_LUANSHYA,28.46004980991987,-13.107078377377691,Zambia,IND,BC
1565,16.482509454754645,ZAMBIA_COPPERBELT_LUANSHYA_ROAN,28.303596506825578,-13.06750066483788,Zambia,IND,BC
1566,14.804394185464147,ZAMBIA_COPPERBELT_LUFWANYAMA_LUFWANYAMA,27.47764081880377,-12.975834907523659,Zambia,IND,BC
1567,15.750353265692867,ZAMBIA_COPPERBELT_MASAITI_KAFULAFUTA,28.808078308441427,-13.326356335242059,Zambia,IND,BC
1568,8.445332949530632,ZAMBIA_COPPERBELT_MASAITI_MASAITI,28.553011385110448,-13.359027007303364,Zambia,IND,BC
1569,15.214855931528106,ZAMBIA_COPPERBELT_MPONGWE_MPONGWE,27.790650304373813,-13.595789579892758,Zambia,IND,BC
1570,19.395664242738683,ZAMBIA_COPPERBELT_MUFULIRA_KANKOYO,28.155127636110944,-12.495158993380908,Zambia,IND,BC
1571,22.341465797228537,ZAMBIA_COPPERBELT_MUFULIRA_KANTANSHI,28.326104841902225,-12.506850254258554,Zambia,IND,BC
1572,44.5677554615547,ZAMBIA_COPPERBELT_MUFULIRA_MUFULIRA,28.338024388673514,-12.6431226302504,Zambia,IND,BC
1573,87.40725164140612,ZAMBIA_COPPERBELT_NDOLA_BWANA MKUBWA,28.64549902864361,-13.056256733012118,Zambia,IND,BC
1574,24.60871481789154,ZAMBIA_COPPERBELT_NDOLA_CHIFUBU,28.60823451656592,-12.89879660397216,Zambia,IND,BC
1575,7.044344789756352,ZAMBIA_COPPERBELT_NDOLA_KABUSHI,28.627156043953665,-13.001741922109233,Zambia,IND,BC
1576,57.69935658956335,ZAMBIA_COPPERBELT_NDOLA_NDOLA,28.49890269696238,-12.901589820311179,Zambia,IND,BC
1577,22.60225467332255,ZAMBIA_EASTERN_CHADIZA_CHADIZA,32.39627549044243,-14.079002215254139,Zambia,IND,BC
1578,13.70814582775137,ZAMBIA_EASTERN_CHADIZA_VUBWI,32.76493860383449,-14.052840040124526,Zambia,IND,BC
1579,41.044832797044315,ZAMBIA_EASTERN_CHIPATA_CHIPANGALI,32.638200923536886,-13.30842953137994,Zambia,IND,BC
1580,68.65934376819574,ZAMBIA_EASTERN_CHIPATA_CHIPATA,32.60383734056898,-13.637216206455038,Zambia,IND,BC
1581,34.37164076930069,ZAMBIA_EASTERN_CHIPATA_KASENENGWA,32.26713323087467,-13.669423091567161,Zambia,IND,BC
1582,22.91572653225538,ZAMBIA_EASTERN_CHIPATA_LUANGENI,32.605070390811335,-13.843705990807868,Zambia,IND,BC
1583,20.19121773015918,ZAMBIA_EASTERN_KATETE_MILANZI,32.16528245031478,-14.1891307534823,Zambia,IND,BC
1584,49.58085532140634,ZAMBIA_EASTERN_KATETE_MKAIKA,31.9768863225823,-13.972148532747518,Zambia,IND,BC
1585,31.13475222409907,ZAMBIA_EASTERN_KATETE_SINDA,31.73979584134408,-14.178052121693852,Zambia,IND,BC
1586,44.42270651417849,ZAMBIA_EASTERN_LUNDAZI_CHASEFU,33.05328766635874,-11.996456926575963,Zambia,IND,BC
1587,34.91267027680206,ZAMBIA_EASTERN_LUNDAZI_LUMEZI,32.5895037879343,-12.649881756316528,Zambia,IND,BC
1588,45.48815142528099,ZAMBIA_EASTERN_LUNDAZI_LUNDAZI,33.2259898380257,-12.406307107286958,Zambia,IND,BC
1589,26.22785277786545,ZAMBIA_EASTERN_MAMBWE_MALAMBO,31.981789689929077,-13.346646229523834,Zambia,IND,BC
1590,31.345114209661542,ZAMBIA_EASTERN_NYIMBA_NYIMBA,30.58228012538245,-14.399411197527083,Zambia,IND,BC
1591,50.703797568774036,ZAMBIA_EASTERN_PETAUKE_KAPOCHE,31.494550896982194,-14.472461671217527,Zambia,IND,BC
1592,20.767496107112464,ZAMBIA_EASTERN_PETAUKE_MSANZALA,31.295942721648927,-14.317042186360203,Zambia,IND,BC
1593,54.487205414640364,ZAMBIA_EASTERN_PETAUKE_PETAUKE,31.395540922703685,-13.831094629172307,Zambia,IND,BC
1594,44.65248220141715,ZAMBIA_LUAPULA_CHIENGE_CHIENGE,29.126088992773784,-8.743468946806065,Zambia,IND,BC
1595,17.64860298799525,ZAMBIA_LUAPULA_KAWAMBWA_KAWAMBWA,29.075760100164228,-9.771943441852208,Zambia,IND,BC
1596,15.757114284153795,ZAMBIA_LUAPULA_KAWAMBWA_MWANSABOMBWE,28.789708265128425,-9.924894823988827,Zambia,IND,BC
1597,14.794438130239786,ZAMBIA_LUAPULA_KAWAMBWA_PAMBASHE,29.50887712310463,-9.839951270716938,Zambia,IND,BC
1598,80.53864044376297,ZAMBIA_LUAPULA_MANSA_BAHATI,28.96351540414113,-11.185629960923388,Zambia,IND,BC
1599,64.34974744744702,ZAMBIA_LUAPULA_MANSA_MANSA,28.819764023233848,-11.47139263102599,Zambia,IND,BC
1600,8.224967325170683,ZAMBIA_LUAPULA_MILENGE_CHEMBE,29.17293034277804,-11.937612639540122,Zambia,IND,BC
1601,9.789178817193275,ZAMBIA_LUAPULA_MWENSE_CHIPILI,29.127537230682734,-10.416802146820574,Zambia,IND,BC
1602,5.261551535643961,ZAMBIA_LUAPULA_MWENSE_MAMBILIMA,28.708979324819012,-10.72243901358301,Zambia,IND,BC
1603,36.02243770957349,ZAMBIA_LUAPULA_MWENSE_MWENSE,28.704288885428422,-10.233840547996117,Zambia,IND,BC
1604,67.05518178320196,ZAMBIA_LUAPULA_NCHELENGE_NCHELENGE,28.799279562604337,-9.357480292222682,Zambia,IND,BC
1605,30.979283506254482,ZAMBIA_LUAPULA_SAMFYA_BANGEULU,29.625015084138838,-11.781064127014634,Zambia,IND,BC
1606,23.544789874347032,ZAMBIA_LUAPULA_SAMFYA_CHIFUNABULI,29.66126127594006,-11.049808045494856,Zambia,IND,BC
1607,6.499356510907489,ZAMBIA_LUAPULA_SAMFYA_LUAPULA,30.081224160051487,-11.57555382096848,Zambia,IND,BC
1608,116.13024850916169,ZAMBIA_LUSAKA_CHONGWE_CHONGWE,28.62232043220776,-15.375229425875759,Zambia,IND,BC
1609,23.692165984655244,ZAMBIA_LUSAKA_CHONGWE_RUFUNSA,29.502907057767036,-15.155837602230632,Zambia,IND,BC
1610,122.25896069872189,ZAMBIA_LUSAKA_KAFUE_CHILANGA,28.066936325812314,-15.44535490638688,Zambia,IND,BC
1611,68.96274122333081,ZAMBIA_LUSAKA_KAFUE_KAFUE,28.633553227376076,-15.719700213855967,Zambia,IND,BC
1612,7.458620037350738,ZAMBIA_LUSAKA_LUANGWA_FEIRA,30.001466666180438,-15.436979115223238,Zambia,IND,BC
1613,52.16144603719142,ZAMBIA_LUSAKA_LUSAKA_CHAWAMA,28.277892786058786,-15.494825189970678,Zambia,IND,BC
1614,49.4368732204659,ZAMBIA_LUSAKA_LUSAKA_KABWATA,28.313576899992587,-15.469141457864835,Zambia,IND,BC
1615,156.9206165681692,ZAMBIA_LUSAKA_LUSAKA_KANYAMA,28.241833786918246,-15.448835877623589,Zambia,IND,BC
1616,83.58656113318122,ZAMBIA_LUSAKA_LUSAKA_LUSAKA CENTRAL,28.385718227507034,-15.443614423440085,Zambia,IND,BC
1617,89.5178018953734,ZAMBIA_LUSAKA_LUSAKA_MANDEVU,28.30690375089146,-15.355502657994798,Zambia,IND,BC
1618,89.34153712161678,ZAMBIA_LUSAKA_LUSAKA_MATERO,28.24892453686191,-15.368176359794754,Zambia,IND,BC
1619,65.60356857346278,ZAMBIA_LUSAKA_LUSAKA_MUNALI,28.36012897447861,-15.383652678329005,Zambia,IND,BC
1620,13.038065679863173,ZAMBIA_MUCHINGA_CHAMA_CHAMA NORTH,32.81643744468033,-10.880583533092976,Zambia,IND,BC
1621,29.65827716237442,ZAMBIA_MUCHINGA_CHAMA_CHAMA SOUTH,32.78471054140707,-11.6247965412926,Zambia,IND,BC
1622,31.71921072490372,ZAMBIA_MUCHINGA_CHINSALI_CHINSALI,32.20205651587303,-10.323776635389398,Zambia,IND,BC
1623,22.776931157326022,ZAMBIA_MUCHINGA_CHINSALI_SHIWANGANDU,31.721073704369985,-11.018271642196154,Zambia,IND,BC
1624,32.42160293540664,ZAMBIA_MUCHINGA_ISOKA_ISOKA,32.83157916201906,-10.015458694518209,Zambia,IND,BC
1625,29.202133294051954,ZAMBIA_MUCHINGA_MAFINGA_MAFINGA,33.320064435132885,-10.350038785725467,Zambia,IND,BC
1626,27.764899326844382,ZAMBIA_MUCHINGA_MPIKA_KANCHIBIYA,30.767597782864076,-11.793121981043948,Zambia,IND,BC
1627,9.680656772586635,ZAMBIA_MUCHINGA_MPIKA_MFUWE,31.68140990235467,-12.460736570531072,Zambia,IND,BC
1628,40.707015463150846,ZAMBIA_MUCHINGA_MPIKA_MPIKA,31.600995341696276,-11.82141862258269,Zambia,IND,BC
1629,50.35243595868776,ZAMBIA_MUCHINGA_NAKONDE_NAKONDE,32.59445867875421,-9.48933692360338,Zambia,IND,BC
1630,14.302722428845396,ZAMBIA_NORTH-WESTERN_CHAVUMA_CHAVUMA,22.42573267284074,-13.22307607264871,Zambia,IND,BC
1631,13.44227086877044,ZAMBIA_NORTH-WESTERN_IKELENGE_IKELENGE,24.265566159411794,-11.264693559055068,Zambia,IND,BC
1632,19.41517245843376,ZAMBIA_NORTH-WESTERN_KABOMPO_KABOMPO EAST,24.333259981075226,-13.000787615759398,Zambia,IND,BC
1633,18.032217022565746,ZAMBIA_NORTH-WESTERN_KABOMPO_KABOMPO WEST,23.967433420364337,-13.543246354862898,Zambia,IND,BC
1634,22.570809609514143,ZAMBIA_NORTH-WESTERN_KASEMPA_KASEMPA,26.225215837797798,-13.697546089000006,Zambia,IND,BC
1635,23.138800070553057,ZAMBIA_NORTH-WESTERN_MUFUMBWE_MUFUMBWE,25.222580629080518,-13.82667330878823,Zambia,IND,BC
1636,39.849053187017795,ZAMBIA_NORTH-WESTERN_MWINILUNGA_MWINILUNGA,24.66864327756739,-12.00169258239465,Zambia,IND,BC
1637,54.237899023273464,ZAMBIA_NORTH-WESTERN_SOLWEZI_SOLWEZI CENTRAL,26.44180853806062,-12.23351559486465,Zambia,IND,BC
1638,18.42782167606807,ZAMBIA_NORTH-WESTERN_SOLWEZI_SOLWEZI EAST,26.924860431725694,-12.47471580400728,Zambia,IND,BC
1639,33.46969584426636,ZAMBIA_NORTH-WESTERN_SOLWEZI_SOLWEZI WEST,25.64177287198704,-12.432625474734706,Zambia,IND,BC
1640,28.14843128659021,ZAMBIA_NORTH-WESTERN_ZAMBEZI_ZAMBEZI EAST,23.352098742368717,-13.506899960265104,Zambia,IND,BC
1641,9.01974794798379,ZAMBIA_NORTH-WESTERN_ZAMBEZI_ZAMBEZI WEST,22.68845582256741,-13.661697661175266,Zambia,IND,BC
1642,30.723392092517077,ZAMBIA_NORTHERN_CHILUBI_CHILUBI,30.23872612353324,-11.097573495570215,Zambia,IND,BC
1643,11.678465798776834,ZAMBIA_NORTHERN_KAPUTA_CHIMBAMILONGA,30.119408096016002,-8.840847206858331,Zambia,IND,BC
1644,25.336837424269213,ZAMBIA_NORTHERN_KAPUTA_KAPUTA,29.670380201705797,-8.747788369420219,Zambia,IND,BC
1645,60.20186873681287,ZAMBIA_NORTHERN_KASAMA_KASAMA,30.925954822365615,-10.044291996416009,Zambia,IND,BC
1646,53.36115443247035,ZAMBIA_NORTHERN_KASAMA_LUKASHYA,30.961511545081454,-10.567400463097538,Zambia,IND,BC
1647,28.264373496096972,ZAMBIA_NORTHERN_LUWINGU_LUBASENSHI,30.35622609217487,-10.619038732815206,Zambia,IND,BC
1648,26.062300162572036,ZAMBIA_NORTHERN_LUWINGU_LUPOSOSHI,29.69126154256829,-10.62270072169756,Zambia,IND,BC
1649,47.719550709984105,ZAMBIA_NORTHERN_MBALA_MBALA,31.42437500732999,-8.951021217432977,Zambia,IND,BC
1650,32.97641187599818,ZAMBIA_NORTHERN_MBALA_NSENGA HILL,31.655127392254517,-9.319794073965294,Zambia,IND,BC
1651,21.45334604396606,ZAMBIA_NORTHERN_MPOROKOSO_LUNTE,30.403652875074233,-9.823323451491882,Zambia,IND,BC
1652,15.754981969200447,ZAMBIA_NORTHERN_MPOROKOSO_MPOROKOSO,29.883883348105797,-9.437855153817008,Zambia,IND,BC
1653,41.78701782686728,ZAMBIA_NORTHERN_MPULUNGU_MPULUNGU,30.78636919692387,-8.968610296667714,Zambia,IND,BC
1654,53.8885824954749,ZAMBIA_NORTHERN_MUNGWI_MALOLE,31.728489567287085,-9.896913955738247,Zambia,IND,BC
1655,65.40934477957512,ZAMBIA_SOUTHERN_CHOMA_CHOMA,27.03480670841098,-16.91005369465202,Zambia,IND,BC
1656,10.168941950392528,ZAMBIA_SOUTHERN_CHOMA_MBABALA,26.878091190949394,-16.397242287620944,Zambia,IND,BC
1657,17.94983027061292,ZAMBIA_SOUTHERN_CHOMA_PEMBA,27.389336109531165,-16.6922264694868,Zambia,IND,BC
1658,13.925273842414912,ZAMBIA_SOUTHERN_GWEMBE_GWEMBE,27.902856111757792,-16.68233138263457,Zambia,IND,BC
1659,30.698874086974765,ZAMBIA_SOUTHERN_ITEZHI-TEZHI_ITEZHI-TEZHI,26.020217543791258,-15.7607528165834,Zambia,IND,BC
1660,27.500948799714696,ZAMBIA_SOUTHERN_KALOMO_DUNDUMWEZI,26.347684943863122,-16.562181114840755,Zambia,IND,BC
1661,51.91054797313205,ZAMBIA_SOUTHERN_KALOMO_KALOMO CENTRAL,26.543830205005484,-17.04577047621827,Zambia,IND,BC
1662,23.964616564203553,ZAMBIA_SOUTHERN_KALOMO_MAPATIZYA,26.573648865923055,-17.60560978993712,Zambia,IND,BC
1663,32.864791316420714,ZAMBIA_SOUTHERN_KAZUNGULA_KATOMBOLA,25.620145077663306,-17.10654461326524,Zambia,IND,BC
1664,57.90987589448785,ZAMBIA_SOUTHERN_LIVINGSTONE_LIVINGSTONE,25.839580948996286,-17.78612641067007,Zambia,IND,BC
1665,22.97339363435073,ZAMBIA_SOUTHERN_MAZABUKA_CHIKANKANTA,28.249723480811323,-16.043422007395407,Zambia,IND,BC
1666,23.805589055203143,ZAMBIA_SOUTHERN_MAZABUKA_MAGOYE,27.622182683908022,-15.892078551482996,Zambia,IND,BC
1667,36.80657864173423,ZAMBIA_SOUTHERN_MAZABUKA_MAZABUKA,27.866970138091503,-15.883245062553383,Zambia,IND,BC
1668,39.53563849768369,ZAMBIA_SOUTHERN_MONZE_BWEENGWA,27.295625399394282,-16.052573578414865,Zambia,IND,BC
1669,22.544040347691826,ZAMBIA_SOUTHERN_MONZE_MONZE,27.424178441098487,-16.37563866559767,Zambia,IND,BC
1670,7.314501072411714,ZAMBIA_SOUTHERN_MONZE_MOOMBA,27.74187104427267,-16.27482011727548,Zambia,IND,BC
1671,38.07940798941008,ZAMBIA_SOUTHERN_NAMWALA_NAMWALA,26.754936143714463,-15.941500457068749,Zambia,IND,BC
1672,30.91720420538106,ZAMBIA_SOUTHERN_SIAVONGA_SIAVONGA,28.558985238419726,-16.299401498003242,Zambia,IND,BC
1673,40.31881849336928,ZAMBIA_SOUTHERN_SINAZONGWE_SINAZONGWE,27.2807179112331,-17.412421319914454,Zambia,IND,BC
1674,11.61909161431828,ZAMBIA_WESTERN_KALABO_KALABO,22.668138967214684,-15.307899116519774,Zambia,IND,BC
1675,13.235812765318167,ZAMBIA_WESTERN_KALABO_LIUWA,22.52502997101939,-14.544065929033211,Zambia,IND,BC
1676,19.004573892831754,ZAMBIA_WESTERN_KALABO_SIKONGO,22.23056038773834,-15.257742796071241,Zambia,IND,BC
1677,17.44719678897768,ZAMBIA_WESTERN_KAOMA_KAOMA CENTRAL,25.04922080679012,-14.711954129645061,Zambia,IND,BC
1678,21.6701109937909,ZAMBIA_WESTERN_KAOMA_LUAMPA,24.7584458265249,-15.368086057238425,Zambia,IND,BC
1679,34.2788629862348,ZAMBIA_WESTERN_KAOMA_MANGANGO,24.20746270318245,-14.68910855437414,Zambia,IND,BC
1680,23.945342968352936,ZAMBIA_WESTERN_LUKULU_LUKULU EAST,23.81996806853094,-14.315822982748186,Zambia,IND,BC
1681,13.541036401662648,ZAMBIA_WESTERN_LUKULU_LUKULU WEST,22.70316851981578,-14.164055699101722,Zambia,IND,BC
1682,17.213907160447672,ZAMBIA_WESTERN_MONGU_LUENA,23.38135094476587,-14.985379948947877,Zambia,IND,BC
1683,48.11661080611722,ZAMBIA_WESTERN_MONGU_MONGU,23.068428950456155,-15.31687093689524,Zambia,IND,BC
1684,9.918076431949478,ZAMBIA_WESTERN_MONGU_NALIKWANDA,23.72533656058688,-15.414725554230015,Zambia,IND,BC
1685,23.499579610503513,ZAMBIA_WESTERN_SENANGA_NALOLO,22.99253670582597,-15.779390158424558,Zambia,IND,BC
1686,18.672186285967932,ZAMBIA_WESTERN_SENANGA_SENANGA,23.792887275411474,-16.016325554311614,Zambia,IND,BC
1687,12.20744364419983,ZAMBIA_WESTERN_SESHEKE_MULOBEZI,24.724112710511307,-16.289759152706516,Zambia,IND,BC
1688,2.8115505028177608,ZAMBIA_WESTERN_SESHEKE_MWANDI,24.670803007655817,-17.12205319673227,Zambia,IND,BC
1689,15.529662616498063,ZAMBIA_WESTERN_SESHEKE_SESHEKE,23.916635107519514,-17.092487993044916,Zambia,IND,BC
1690,32.627689334790716,ZAMBIA_WESTERN_SHANGOMBO_SINJEMBELA,22.839280468061588,-16.556734241433883,Zambia,IND,BC
1691,30.33485761807218,ZIMBABWE_BULAWAYO_BULAWAYO,28.55567706568358,-20.121806460207072,Zimbabwe,IND,BC
1692,3.9999229519244754,ZIMBABWE_HARARE_CHITUNGWIZA,31.062838912942162,-18.014236385326917,Zimbabwe,IND,BC
1693,2.7552644176281604,ZIMBABWE_HARARE_EPWORTH,31.158844682035582,-17.895344948865215,Zimbabwe,IND,BC
1694,11.074165457436854,ZIMBABWE_HARARE_HARARE RURAL,31.033297352175815,-17.944938825553283,Zimbabwe,IND,BC
1695,65.8369262432018,ZIMBABWE_HARARE_HARARE URBAN,31.053673281248084,-17.8087732583129,Zimbabwe,IND,BC
1696,8.425214295523356,ZIMBABWE_MANICALAND_BUHERA,31.868285637589167,-19.44901571975412,Zimbabwe,IND,BC
1697,6.340662187981726,ZIMBABWE_MANICALAND_CHIMANIMANI,32.72164024280516,-19.784108007827292,Zimbabwe,IND,BC
1698,11.737119654281784,ZIMBABWE_MANICALAND_CHIPINGE RURAL,32.47381587494327,-20.496658221164754,Zimbabwe,IND,BC
1699,0.1616873888269861,ZIMBABWE_MANICALAND_CHIPINGE URBAN,32.62525066931281,-20.203342282599305,Zimbabwe,IND,BC
1700,9.951591470760956,ZIMBABWE_MANICALAND_MAKONI,32.182681398233086,-18.362321102437782,Zimbabwe,IND,BC
1701,11.158835099845607,ZIMBABWE_MANICALAND_MUTARE RURAL,32.42405654036695,-19.23143328486722,Zimbabwe,IND,BC
1702,4.940789888554705,ZIMBABWE_MANICALAND_MUTARE URBAN,32.620103748244716,-18.993444874807192,Zimbabwe,IND,BC
1703,9.03805718256068,ZIMBABWE_MANICALAND_MUTASA,32.708920145094964,-18.63951558406826,Zimbabwe,IND,BC
1704,3.592535689747024,ZIMBABWE_MANICALAND_NYANGA,32.75779759089013,-17.937869291717597,Zimbabwe,IND,BC
1705,0.33213786862182165,ZIMBABWE_MANICALAND_RUSAPE,32.13124708351301,-18.538249469398476,Zimbabwe,IND,BC
1706,5.689111274883783,ZIMBABWE_MASHONALAND CENTRAL_BINDURA,31.308333991475948,-17.245810503074562,Zimbabwe,IND,BC
1707,0.2956375552035009,ZIMBABWE_MASHONALAND CENTRAL_BINDURA URBAN,31.338858234356994,-17.3093886532423,Zimbabwe,IND,BC
1708,4.562782890644449,ZIMBABWE_MASHONALAND CENTRAL_CENTENARY,31.143553067008124,-16.426346851768386,Zimbabwe,IND,BC
1709,3.895047097212512,ZIMBABWE_MASHONALAND CENTRAL_GURUVE,30.657935830574306,-16.684420866652317,Zimbabwe,IND,BC
1710,11.843747920205889,ZIMBABWE_MASHONALAND CENTRAL_MAZOWE,30.931668747440714,-17.252158251526673,Zimbabwe,IND,BC
1711,1.5327523592445051,ZIMBABWE_MASHONALAND CENTRAL_MBIRE,30.519312056760068,-16.11820181165008,Zimbabwe,IND,BC
1712,8.59388003299364,ZIMBABWE_MASHONALAND CENTRAL_MOUNT DARWIN,31.651491668814078,-16.571909628015707,Zimbabwe,IND,BC
1713,0.055859019869310945,ZIMBABWE_MASHONALAND CENTRAL_MVURI,30.85020407197247,-17.024637648570337,Zimbabwe,IND,BC
1714,3.9521074872362854,ZIMBABWE_MASHONALAND CENTRAL_RUSHINGA,32.294391117865416,-16.608502576184932,Zimbabwe,IND,BC
1715,4.068435726236826,ZIMBABWE_MASHONALAND CENTRAL_SHAMVA,31.63881570830867,-17.094658891017033,Zimbabwe,IND,BC
1716,3.838102227584556,ZIMBABWE_MASHONALAND EAST_CHIKOMBA,31.10402641900697,-18.890937479797454,Zimbabwe,IND,BC
1717,11.216666930087483,ZIMBABWE_MASHONALAND EAST_GOROMONZI,31.33811610926192,-17.784846519288877,Zimbabwe,IND,BC
1718,2.613480939709452,ZIMBABWE_MASHONALAND EAST_HWEDZA,31.63567042276917,-18.735938924713302,Zimbabwe,IND,BC
1719,5.045769725686027,ZIMBABWE_MASHONALAND EAST_MARONDERA,31.497737809885596,-18.2710373540706,Zimbabwe,IND,BC
1720,0.7694330745785511,ZIMBABWE_MASHONALAND EAST_MARONDERA URBAN,31.548361807518038,-18.199991583553473,Zimbabwe,IND,BC
1721,5.1235229614622755,ZIMBABWE_MASHONALAND EAST_MUDZI,32.63753498981691,-17.031754865127553,Zimbabwe,IND,BC
1722,6.555183176116776,ZIMBABWE_MASHONALAND EAST_MUREHWA,31.821688822036187,-17.796798612607663,Zimbabwe,IND,BC
1723,3.98356045931799,ZIMBABWE_MASHONALAND EAST_MUTOKO,32.27426153980204,-17.444387012058822,Zimbabwe,IND,BC
1724,1.5716855571700852,ZIMBABWE_MASHONALAND EAST_RUWA LOCAL BOARD,31.228165448921906,-17.884607511234528,Zimbabwe,IND,BC
1725,13.028861792122182,ZIMBABWE_MASHONALAND EAST_SEKE,30.953065122788516,-18.254181114854948,Zimbabwe,IND,BC
1726,4.574996338420237,ZIMBABWE_MASHONALAND EAST_UZUMBA-MARAMBA-PFUNGWE,32.043136848699056,-17.081573218275697,Zimbabwe,IND,BC
1727,7.137189772304028,ZIMBABWE_MASHONALAND WEST_CHEGUTU,30.395139990113776,-18.143600800629375,Zimbabwe,IND,BC
1728,0.7472318589511165,ZIMBABWE_MASHONALAND WEST_CHEGUTU URBAN,30.13470538711357,-18.12439557940687,Zimbabwe,IND,BC
1729,1.9230254598589311,ZIMBABWE_MASHONALAND WEST_CHINHOYI,30.129570688206996,-17.358929514724238,Zimbabwe,IND,BC
1730,18.28752666778764,ZIMBABWE_MASHONALAND WEST_HURUNGWE,29.53703485277088,-16.437165238308324,Zimbabwe,IND,BC
1731,3.362156329184799,ZIMBABWE_MASHONALAND WEST_KADOMA,29.92798975734448,-18.33918663580368,Zimbabwe,IND,BC
1732,8.12734510081529,ZIMBABWE_MASHONALAND WEST_KARIBA,28.61128807360195,-16.89292695403643,Zimbabwe,IND,BC
1733,1.0211262948163242,ZIMBABWE_MASHONALAND WEST_KARIBA URBAN,28.808652741937127,-16.523383393233598,Zimbabwe,IND,BC
1734,0.12637299030522958,ZIMBABWE_MASHONALAND WEST_KAROI,29.694591418294163,-16.820573750915116,Zimbabwe,IND,BC
1735,7.192526137411303,ZIMBABWE_MASHONALAND WEST_MAKONDE,30.012073182765725,-17.123223173134424,Zimbabwe,IND,BC
1736,4.482256165431175,ZIMBABWE_MASHONALAND WEST_MHONDORONGEZI,30.163967503298224,-18.577761621097395,Zimbabwe,IND,BC
1737,0.9197396470473853,ZIMBABWE_MASHONALAND WEST_NORTON,30.678320648378314,-17.88198298430611,Zimbabwe,IND,BC
1738,6.881716177141054,ZIMBABWE_MASHONALAND WEST_SANYATI,29.581196326682427,-18.02169161774344,Zimbabwe,IND,BC
1739,9.277697021386313,ZIMBABWE_MASHONALAND WEST_ZVIMBA,30.44738003368097,-17.503589961775102,Zimbabwe,IND,BC
1740,6.626209910759512,ZIMBABWE_MASVINGO_BIKITA,31.91211467778198,-20.145279592483647,Zimbabwe,IND,BC
1741,12.65957807908869,ZIMBABWE_MASVINGO_CHIREDZI RURAL,31.683341413535224,-21.347708807444196,Zimbabwe,IND,BC
1742,0.36391175557652433,ZIMBABWE_MASVINGO_CHIREDZI URBAN,31.67971758814407,-21.029338840368688,Zimbabwe,IND,BC
1743,9.144218826111551,ZIMBABWE_MASVINGO_CHIVI,30.575374256749075,-20.490369810018144,Zimbabwe,IND,BC
1744,6.411778033043322,ZIMBABWE_MASVINGO_GUTU,31.242523750576176,-19.610801584902255,Zimbabwe,IND,BC
1745,1.5649029203607632,ZIMBABWE_MASVINGO_MASVINGO,30.83494037723815,-20.07306774396139,Zimbabwe,IND,BC
1746,12.472007293179475,ZIMBABWE_MASVINGO_MASVINGO RURAL,30.910738382293413,-20.260376828144526,Zimbabwe,IND,BC
1747,5.512959391235,ZIMBABWE_MASVINGO_MWENEZI,30.691741175078764,-21.36544378064084,Zimbabwe,IND,BC
1748,7.992288366286596,ZIMBABWE_MASVINGO_ZAKA,31.42731784993799,-20.386700025852814,Zimbabwe,IND,BC
1749,6.579867878010084,ZIMBABWE_MATABELELAND NORTH_BINGA,27.656210711179945,-17.789917553155632,Zimbabwe,IND,BC
1750,3.6208199189046177,ZIMBABWE_MATABELELAND NORTH_BUBI,28.685180931499218,-19.513947345699094,Zimbabwe,IND,BC
1751,14.415829825332947,ZIMBABWE_MATABELELAND NORTH_HWANGE,26.423179889687354,-18.71113404476513,Zimbabwe,IND,BC
1752,1.0870239210667991,ZIMBABWE_MATABELELAND NORTH_HWANGE URBAN,26.46801043565975,-18.372016600758958,Zimbabwe,IND,BC
1753,4.480329757252895,ZIMBABWE_MATABELELAND NORTH_LUPANE,27.79328072988368,-18.839114218902946,Zimbabwe,IND,BC
1754,3.8677913156957637,ZIMBABWE_MATABELELAND NORTH_NKAYI,28.661176006857257,-18.88355717575602,Zimbabwe,IND,BC
1755,3.7407201264530134,ZIMBABWE_MATABELELAND NORTH_TSHOLOTSHO,27.414283617138953,-19.61964010445645,Zimbabwe,IND,BC
1756,5.975052001235892,ZIMBABWE_MATABELELAND NORTH_UMGUZA,28.271066028232603,-19.819869340116053,Zimbabwe,IND,BC
1757,0.6285855295834217,ZIMBABWE_MATABELELAND NORTH_VICTORIA FALLS,25.829883287476026,-17.92990704990956,Zimbabwe,IND,BC
1758,7.139010088447522,ZIMBABWE_MATABELELAND SOUTH_BEITBRIDGE RURAL,30.032227315484988,-21.908181587615122,Zimbabwe,IND,BC
1759,2.316658206797271,ZIMBABWE_MATABELELAND SOUTH_BEITBRIDGE URBAN,30.005198690269744,-22.19816655945671,Zimbabwe,IND,BC
1760,3.424804843944234,ZIMBABWE_MATABELELAND SOUTH_BULILIMA,27.573442352722388,-20.169421371289143,Zimbabwe,IND,BC
1761,10.927622630597275,ZIMBABWE_MATABELELAND SOUTH_GWANDA,29.162201344353758,-21.236732145513137,Zimbabwe,IND,BC
1762,0.09540967659786788,ZIMBABWE_MATABELELAND SOUTH_GWANDA URBAN,29.001018112960306,-20.93393035805012,Zimbabwe,IND,BC
1763,4.3563930739645285,ZIMBABWE_MATABELELAND SOUTH_INSIZA,29.405124054354932,-20.257921118201494,Zimbabwe,IND,BC
1764,3.923183729870208,ZIMBABWE_MATABELELAND SOUTH_MATOBO,28.491004036525954,-20.955582194378135,Zimbabwe,IND,BC
1765,0.2440513984614013,ZIMBABWE_MATABELELAND SOUTH_PLUMTREE,27.816351882493578,-20.50409730643698,Zimbabwe,IND,BC
1766,2.373136648140694,ZIMBABWE_MATABELELAND SOUTH_UMZINGWANE,28.94552119766589,-20.34465698117629,Zimbabwe,IND,BC
1767,3.9129765857351884,ZIMBABWE_MIDLANDS_CHIRUMANZU,30.481519343037423,-19.319633373328976,Zimbabwe,IND,BC
1768,10.302459972505192,ZIMBABWE_MIDLANDS_GOKWE NORTH,28.837677893701187,-17.570419471118004,Zimbabwe,IND,BC
1769,11.774800396969423,ZIMBABWE_MIDLANDS_GOKWE SOUTH,28.645633627572618,-18.206523936363304,Zimbabwe,IND,BC
1770,0.17230576353423274,ZIMBABWE_MIDLANDS_GOKWE TOWN,28.940176689013466,-18.22128365220127,Zimbabwe,IND,BC
1771,3.892767282953212,ZIMBABWE_MIDLANDS_GWERU,29.817923337717286,-19.45269647021317,Zimbabwe,IND,BC
1772,7.439904685857706,ZIMBABWE_MIDLANDS_GWERU RURAL,29.63690224470826,-19.466810605052125,Zimbabwe,IND,BC
1773,2.472201228794212,ZIMBABWE_MIDLANDS_KWEKWE,29.81635406697312,-18.917482667926965,Zimbabwe,IND,BC
1774,27.8817993225794,ZIMBABWE_MIDLANDS_KWEKWE RURAL,29.551841911899576,-18.878863937431618,Zimbabwe,IND,BC
1775,8.439714854259918,ZIMBABWE_MIDLANDS_MBERENGWA,30.01016178871132,-20.74365987883918,Zimbabwe,IND,BC
1776,1.0507258096212975,ZIMBABWE_MIDLANDS_REDCLIFF,29.76586767080143,-19.022868422004397,Zimbabwe,IND,BC
1777,1.1092823573813873,ZIMBABWE_MIDLANDS_SHURUGWI,29.99793599865513,-19.69370465973288,Zimbabwe,IND,BC
1778,3.715033854993466,ZIMBABWE_MIDLANDS_SHURUGWI RURAL,30.15294241347956,-19.750231393050633,Zimbabwe,IND,BC
1779,4.395246572305608,ZIMBABWE_MIDLANDS_ZVISHAVANE,30.078676585245802,-20.27716243014893,Zimbabwe,IND,BC
1780,1.1079230654592775,ZIMBABWE_MIDLANDS_ZVISHAVANE MINE,30.053840966799243,-20.319854351134133,Zimbabwe,IND,BC
1781,3.7401765789515014,ZIMBABWE_MATABELELAND SOUTH_MANGWE,28.019398455119735,-20.990691255910058,Zimbabwe,IND,BC
