census_id,emis,geo_name,lon,lat,country,code,poll
0001,0.15974258108115216,ANGOLA_BENGO_AMBRIZ,13.500573856748415,-7.941839245075118,Angola,WWT,NH3
0002,0.24614215836463982,ANGOLA_BENGO_BULA ATUMBA,14.820908751789867,-8.634475645495783,Angola,WWT,NH3
0003,2.4582998131265996,ANGOLA_BENGO_DANDE,13.841710609854086,-8.53534736049627,Angola,WWT,NH3
0004,0.2922815798089584,ANGOLA_BENGO_DEMBOS,14.552452662474186,-8.506656679922113,Angola,WWT,NH3
0005,0.8639614685314018,ANGOLA_BENGO_NAMBUANGONGO,14.25926486683566,-8.047643790272277,Angola,WWT,NH3
0006,0.09147375132843547,ANGOLA_BENGO_PANGO ALUQUÉM,14.467187741962098,-8.753291428515478,Angola,WWT,NH3
0007,1.0391343096058685,ANGOLA_BENGUELA_BAÍA FARTA,13.110895429150032,-13.169353899832894,Angola,WWT,NH3
0008,0.7778629310877233,ANGOLA_BENGUELA_BALOMBO,14.785534807000774,-12.362142938317604,Angola,WWT,NH3
0009,1.7864662389057966,ANGOLA_BENGUELA_BENGUELA,13.613234701433782,-12.750903810317325,Angola,WWT,NH3
0010,1.5272350465258042,ANGOLA_BENGUELA_BOCOIO,14.273806030010297,-12.337517465231237,Angola,WWT,NH3
0011,0.881232322389393,ANGOLA_BENGUELA_CAIMBAMBO,13.925466200463916,-13.103370379840863,Angola,WWT,NH3
0012,0.3215994825799044,ANGOLA_BENGUELA_CATUMBELA,13.680172800346687,-12.477296385532492,Angola,WWT,NH3
0013,0.8468786579108596,ANGOLA_BENGUELA_CHONGOROI,13.804725364547245,-13.596741410412521,Angola,WWT,NH3
0014,1.343162277397723,ANGOLA_BENGUELA_CUBAL,14.349577634106108,-13.16149142143734,Angola,WWT,NH3
0015,1.2198844423312423,ANGOLA_BENGUELA_GANDA,14.733920867955561,-13.122131963632688,Angola,WWT,NH3
0016,1.539243363492621,ANGOLA_BENGUELA_LOBITO,13.886545783996153,-12.092395259332209,Angola,WWT,NH3
0017,1.3209198619038403,ANGOLA_BIÉ_ANDULO,16.463299708517784,-11.274658946317146,Angola,WWT,NH3
0018,0.8357832930758808,ANGOLA_BIÉ_CAMACUPA,17.780227977541617,-12.451681506672221,Angola,WWT,NH3
0019,0.8010088701551874,ANGOLA_BIÉ_CATABOLA,17.254341809340623,-12.147939255129183,Angola,WWT,NH3
0020,0.7151884832558222,ANGOLA_BIÉ_CHINGUAR,16.57220235885333,-12.562961032395926,Angola,WWT,NH3
0021,0.4247603223066218,ANGOLA_BIÉ_CHITEMBO,17.2256685420672,-13.4761375683222,Angola,WWT,NH3
0022,0.3981273395848835,ANGOLA_BIÉ_CUEMBA,18.450876402365434,-11.812583973776919,Angola,WWT,NH3
0023,2.2765409315040044,ANGOLA_BIÉ_CUITO,17.0195337801636,-12.539053407735349,Angola,WWT,NH3
0024,0.2981255256950671,ANGOLA_BIÉ_CUNHINGA,16.806485043535446,-11.988245606222938,Angola,WWT,NH3
0025,0.958668704555203,ANGOLA_BIÉ_NHAREA,17.157724905821997,-11.308602978499657,Angola,WWT,NH3
0026,0.20114006708604432,ANGOLA_CABINDA_BELIZE,12.84464336058737,-4.605790961567085,Angola,WWT,NH3
0027,0.3353813251506683,ANGOLA_CABINDA_BUCO ZAU,12.545868870473262,-4.802124175234638,Angola,WWT,NH3
0028,1.9218824507630046,ANGOLA_CABINDA_CABINDA,12.36403326270615,-5.461872414729606,Angola,WWT,NH3
0029,0.2763411922421446,ANGOLA_CABINDA_CACONGO,12.242228043574034,-5.043712430446504,Angola,WWT,NH3
0030,0.30400151309994417,ANGOLA_KUANDO KUBANGO_CALAI,19.414268804995988,-17.367954683212766,Angola,WWT,NH3
0031,0.23876663793484693,ANGOLA_KUANDO KUBANGO_CUANGAR,18.15299180710266,-17.054777832805367,Angola,WWT,NH3
0032,0.3578495604547043,ANGOLA_KUANDO KUBANGO_CUCHI,16.962579756983985,-14.692891199511664,Angola,WWT,NH3
0033,0.30881931235039245,ANGOLA_KUANDO KUBANGO_CUITO CUANAVALE,18.841355039845936,-14.950150376556852,Angola,WWT,NH3
0034,0.21265549444378876,ANGOLA_KUANDO KUBANGO_DIRICO,20.825162039879295,-17.52729673830151,Angola,WWT,NH3
0035,0.1407301169589376,ANGOLA_KUANDO KUBANGO_MAVINGA,20.292091111981065,-16.124977275218903,Angola,WWT,NH3
0036,1.5572778311251922,ANGOLA_KUANDO KUBANGO_MENONGUE,17.745373647024998,-15.225709939331868,Angola,WWT,NH3
0037,0.055098243583371107,ANGOLA_KUANDO KUBANGO_NANCOVA,18.73240828489362,-16.388826303005242,Angola,WWT,NH3
0038,0.18620487913517708,ANGOLA_KUANDO KUBANGO_RIVUNGO,21.95105197046031,-16.860900758284263,Angola,WWT,NH3
0039,0.5608177379925603,ANGOLA_KWANZA NORTE_AMBACA,15.509119051943488,-8.223269097816729,Angola,WWT,NH3
0040,0.17224051208404845,ANGOLA_KWANZA NORTE_BANGA,15.153253461606287,-8.689616530469744,Angola,WWT,NH3
0041,0.1468376544228854,ANGOLA_KWANZA NORTE_BOLONGONGO,15.113302487330705,-8.382132376680488,Angola,WWT,NH3
0042,0.5352322550021399,ANGOLA_KWANZA NORTE_CAMBAMBE,14.521816633134614,-9.433964278230446,Angola,WWT,NH3
0043,0.7872746719197974,ANGOLA_KWANZA NORTE_CAZENGO,14.779870946066733,-9.320031680889498,Angola,WWT,NH3
0044,0.23894079667383103,ANGOLA_KWANZA NORTE_GOLUNGO ALTO,14.666387710001,-9.076507922069805,Angola,WWT,NH3
0045,0.13796846996886752,ANGOLA_KWANZA NORTE_LUCALA,15.238258650636386,-9.139267281380702,Angola,WWT,NH3
0046,0.09060794742027224,ANGOLA_KWANZA NORTE_NGONGUEMBO,14.901663408090647,-8.902563767131948,Angola,WWT,NH3
0047,0.0770169717528898,ANGOLA_KWANZA NORTE_QUICULUNGO,15.319625776448795,-8.49002907643525,Angola,WWT,NH3
0048,0.2749499428092142,ANGOLA_KWANZA NORTE_SAMBA CAJÚ,15.494620704324683,-8.808515207926657,Angola,WWT,NH3
0049,1.9366318674157328,ANGOLA_KWANZA SUL_AMBOIM,14.409446053756277,-10.888247311555114,Angola,WWT,NH3
0050,1.294121409146118,ANGOLA_KWANZA SUL_CASSONGUE,14.969245996228281,-11.823486279155278,Angola,WWT,NH3
0051,2.034380662226098,ANGOLA_KWANZA SUL_CELA,15.327509138494797,-11.286611386444985,Angola,WWT,NH3
0052,0.9192236907895857,ANGOLA_KWANZA SUL_CONDA,14.457113187835018,-11.173469665594153,Angola,WWT,NH3
0053,2.0188679617762384,ANGOLA_KWANZA SUL_EBO,14.756355439021709,-10.954311333786544,Angola,WWT,NH3
0054,0.6289807496881634,ANGOLA_KWANZA SUL_LIBOLO,14.990540118658812,-10.063463539441377,Angola,WWT,NH3
0055,0.5677165397779231,ANGOLA_KWANZA SUL_MUSSENDE,15.978658982493396,-10.268786589120642,Angola,WWT,NH3
0056,0.7009622427947075,ANGOLA_KWANZA SUL_PORTO AMBOIM,13.942283729197893,-10.627805552833145,Angola,WWT,NH3
0057,1.3366929663300597,ANGOLA_KWANZA SUL_QUIBALA,15.335713103750756,-10.699008506951671,Angola,WWT,NH3
0058,1.1330007214520712,ANGOLA_KWANZA SUL_QUILENDA,14.370237419617364,-10.524491857097443,Angola,WWT,NH3
0059,1.6659553233082938,ANGOLA_KWANZA SUL_SELES,14.50091627350989,-11.457587720793851,Angola,WWT,NH3
0060,1.2466442821694423,ANGOLA_KWANZA SUL_SUMBE,14.04934311345206,-11.49811492361192,Angola,WWT,NH3
0061,0.4487243086553954,ANGOLA_CUNENE_CAHAMA,14.247669093888437,-16.41710354139286,Angola,WWT,NH3
0062,1.9574655730042108,ANGOLA_CUNENE_CUANHAMA,16.320547599774045,-16.48223334568777,Angola,WWT,NH3
0063,0.25678051869099155,ANGOLA_CUNENE_CUROCA,13.788175609536145,-16.932294476395295,Angola,WWT,NH3
0064,0.3504981025990465,ANGOLA_CUNENE_CUVELAI,16.136146428177735,-15.746368160393057,Angola,WWT,NH3
0065,1.0084999363100178,ANGOLA_CUNENE_NAMACUNDE,16.606272115792553,-17.074018548021083,Angola,WWT,NH3
0066,1.7161402054694772,ANGOLA_CUNENE_OMBADJA,14.941895100531925,-16.768959146811532,Angola,WWT,NH3
0067,1.622907387405603,ANGOLA_HUAMBO_BAILUNDO,15.850466201739053,-11.950050465566608,Angola,WWT,NH3
0068,1.5622340322219193,ANGOLA_HUAMBO_CAÁLA,15.572188198073116,-13.27102876067493,Angola,WWT,NH3
0069,0.683609123617136,ANGOLA_HUAMBO_CACHIUNGO,16.319644201016246,-12.759421533499594,Angola,WWT,NH3
0070,0.6677078062311212,ANGOLA_HUAMBO_ECUNHA,15.49134958273524,-12.53401934231182,Angola,WWT,NH3
0071,3.3366193692064137,ANGOLA_HUAMBO_HUAMBO,15.79536569507517,-12.819324307871682,Angola,WWT,NH3
0072,0.8831441095090212,ANGOLA_HUAMBO_LONDUIMBALI,15.292015045757923,-12.235996591708586,Angola,WWT,NH3
0073,0.5731623248387951,ANGOLA_HUAMBO_LONGONJO,15.22279516795389,-13.084757821818668,Angola,WWT,NH3
0074,0.6679505211316324,ANGOLA_HUAMBO_MUNGO,16.20588037491343,-11.755072951814116,Angola,WWT,NH3
0075,0.7100468701838664,ANGOLA_HUAMBO_CHICALA CHOLOHANGA,16.092706109508978,-12.95985009260693,Angola,WWT,NH3
0076,0.20207081596962373,ANGOLA_HUAMBO_CHINJENJE,14.940107561316543,-12.818781665594054,Angola,WWT,NH3
0077,0.18097931918394117,ANGOLA_HUAMBO_UCUMA,15.15058241504692,-12.745033355569538,Angola,WWT,NH3
0078,1.412748862053689,ANGOLA_HUÍLA_CACONDA,15.158416365277283,-13.778376463063532,Angola,WWT,NH3
0079,0.9275159999830215,ANGOLA_HUÍLA_CACULA,14.291948368736596,-14.437668897988177,Angola,WWT,NH3
0080,1.2890216371156529,ANGOLA_HUÍLA_CALUQUEMBE,14.553605248971426,-13.943434135545042,Angola,WWT,NH3
0081,0.9747168830811999,ANGOLA_HUÍLA_CHIBIA,13.860963321337298,-15.220319449437994,Angola,WWT,NH3
0082,0.7111559534714407,ANGOLA_HUÍLA_CHICOMBA,15.019421703365952,-14.30430435864405,Angola,WWT,NH3
0083,0.36574976398901154,ANGOLA_HUÍLA_CHIPINDO,15.73591828652565,-13.88531948048917,Angola,WWT,NH3
0084,0.6319872907053097,ANGOLA_HUÍLA_CUVANGO,16.318716983084595,-14.2140670585581,Angola,WWT,NH3
0085,0.3874645373829412,ANGOLA_HUÍLA_GAMBOS,14.0555441801658,-15.836380299367216,Angola,WWT,NH3
0086,1.4193475591284213,ANGOLA_HUÍLA_HUMPATA,13.37340825793292,-15.07711619840059,Angola,WWT,NH3
0087,0.9045063394530588,ANGOLA_HUÍLA_JAMBA,15.84246469273556,-14.813136321719922,Angola,WWT,NH3
0088,3.30259061890534,ANGOLA_HUÍLA_LUBANGO,13.74650625251509,-14.782265363665282,Angola,WWT,NH3
0089,1.3379395549771853,ANGOLA_HUÍLA_MATALA,15.162569522619448,-15.264035381319765,Angola,WWT,NH3
0090,0.7920708981761972,ANGOLA_HUÍLA_QUILENGUES,13.926712495367244,-14.10284606537322,Angola,WWT,NH3
0091,0.9163306510747851,ANGOLA_HUÍLA_QUIPUNGO,14.584346812183863,-15.11197852346331,Angola,WWT,NH3
0092,6.322905244846781,ANGOLA_LUANDA_BELAS,13.174021473379,-9.08837444152561,Angola,WWT,NH3
0093,4.366387441738808,ANGOLA_LUANDA_CACUACO,13.451339905381309,-8.81991357363531,Angola,WWT,NH3
0094,2.173433798067336,ANGOLA_LUANDA_CAZENGA,13.300213504677842,-8.82313810517484,Angola,WWT,NH3
0095,1.026239641486084,ANGOLA_LUANDA_ICOLO E BENGO,13.862681054977354,-9.152861347234415,Angola,WWT,NH3
0096,8.03950990308197,ANGOLA_LUANDA_LUANDA,13.252264930379923,-8.85095461326464,Angola,WWT,NH3
0097,0.43488549468913623,ANGOLA_LUANDA_QUISSAMA,13.850629524262196,-9.831116523016574,Angola,WWT,NH3
0098,8.67533003855803,ANGOLA_LUANDA_VIANA,13.400581493461187,-9.003465052028048,Angola,WWT,NH3
0099,1.1665529279299798,ANGOLA_LUNDA NORTE_CAMBULO,21.496387269915466,-7.900107950052335,Angola,WWT,NH3
0100,0.5448199832595757,ANGOLA_LUNDA NORTE_CAPENDA CAMULEMBA,18.86907773627034,-9.675389036317052,Angola,WWT,NH3
0101,0.4281295871828689,ANGOLA_LUNDA NORTE_CAUNGULA,18.82247560938972,-8.340339422591542,Angola,WWT,NH3
0102,1.109202966142555,ANGOLA_LUNDA NORTE_CHITATO,20.86681232898085,-7.553523750605493,Angola,WWT,NH3
0103,0.9528259329007405,ANGOLA_LUNDA NORTE_CUANGO,18.060888555716936,-8.601096909504287,Angola,WWT,NH3
0104,0.15133264778587255,ANGOLA_LUNDA NORTE_CUILO,19.68851489115215,-8.128052490802382,Angola,WWT,NH3
0105,0.09377038767542853,ANGOLA_LUNDA NORTE_LÓVUA,20.13536631533787,-7.292391189166928,Angola,WWT,NH3
0106,0.17100218673046344,ANGOLA_LUNDA NORTE_LUBALO,19.297321892350976,-9.188561260843436,Angola,WWT,NH3
0107,1.4046467948989423,ANGOLA_LUNDA NORTE_LUCAPA,20.47673092828323,-8.42331409755646,Angola,WWT,NH3
0108,0.9024578524352416,ANGOLA_LUNDA NORTE_XÁ-MUTEBA,17.85122654394,-9.277995251698849,Angola,WWT,NH3
0109,0.21670652894005446,ANGOLA_LUNDA SUL_CACOLO,19.178913301145815,-10.547328172202947,Angola,WWT,NH3
0110,0.20717662276964205,ANGOLA_LUNDA SUL_DALA,20.352238837105524,-10.92405164265005,Angola,WWT,NH3
0111,0.5037923436757888,ANGOLA_LUNDA SUL_MUCONDA,21.424847286291374,-10.154651759138405,Angola,WWT,NH3
0112,2.2969369418600123,ANGOLA_LUNDA SUL_SAURIMO,20.688380679682755,-9.477233643283244,Angola,WWT,NH3
0113,0.7384904266874985,ANGOLA_MALANJE_CACUSO,15.62849098111707,-9.490292469411429,Angola,WWT,NH3
0114,0.3135436848797709,ANGOLA_MALANJE_CAHOMBO,16.66605389643875,-8.647102372057851,Angola,WWT,NH3
0115,0.9862570366119632,ANGOLA_MALANJE_CALANDULA,16.005245178381916,-8.695990183498342,Angola,WWT,NH3
0116,0.5114764895107304,ANGOLA_MALANJE_CAMBUNDI-CATEMBO,17.84709415122643,-10.125145503710968,Angola,WWT,NH3
0117,0.42496351648126457,ANGOLA_MALANJE_CANGANDALA,16.683252748189343,-9.952367021939013,Angola,WWT,NH3
0118,0.18072196839441132,ANGOLA_MALANJE_CUNDA-DIA-BAZE,17.352728983670623,-8.66125398022735,Angola,WWT,NH3
0119,0.17643123481960363,ANGOLA_MALANJE_KIWABA NZOJI,16.45736622164412,-9.037971690115318,Angola,WWT,NH3
0120,0.6194691842667138,ANGOLA_MALANJE_LUQUEMBO,17.384986684590697,-10.792874181396483,Angola,WWT,NH3
0121,2.523797433843444,ANGOLA_MALANJE_MALANJE,16.35498305019854,-9.482474776585153,Angola,WWT,NH3
0122,0.41426203349234286,ANGOLA_MALANJE_MARIMBA,17.11151213033175,-8.168436018156713,Angola,WWT,NH3
0123,0.45812839934537236,ANGOLA_MALANJE_MASSANGO,16.599614024908476,-7.763456075510212,Angola,WWT,NH3
0124,0.25423420852437545,ANGOLA_MALANJE_MUCARI,16.919365558811112,-9.481804740501817,Angola,WWT,NH3
0125,0.23043790638290193,ANGOLA_MALANJE_QUELA,17.28820754724371,-9.318539247011007,Angola,WWT,NH3
0126,0.22792785507164134,ANGOLA_MALANJE_QUIRIMA,18.2681837365498,-11.068909718662896,Angola,WWT,NH3
0127,0.6607324339660021,ANGOLA_MOXICO_ALTO ZAMBEZE,22.90799374709926,-12.209683357686718,Angola,WWT,NH3
0128,0.3932797789144007,ANGOLA_MOXICO_BUNDAS,21.31907325919521,-14.210473217747047,Angola,WWT,NH3
0129,0.2664210648901154,ANGOLA_MOXICO_CAMANONGUE,20.234534061632754,-11.408959591622152,Angola,WWT,NH3
0130,0.15287228836860814,ANGOLA_MOXICO_CAMEIA,21.26339460023485,-11.838370789228382,Angola,WWT,NH3
0131,0.30793006822615643,ANGOLA_MOXICO_LÉUA,20.575562544579704,-11.74380358626066,Angola,WWT,NH3
0132,0.27625311622235277,ANGOLA_MOXICO_LUACANO,22.046284955949286,-11.669871723573195,Angola,WWT,NH3
0133,0.5923844715400465,ANGOLA_MOXICO_LUAU,21.997475474347006,-10.901812727972676,Angola,WWT,NH3
0134,0.23968200573652673,ANGOLA_MOXICO_LUCHAZES,19.530239402686032,-13.751962349149917,Angola,WWT,NH3
0135,1.973584551685294,ANGOLA_MOXICO_LUENA,19.776770525882704,-12.327720581169427,Angola,WWT,NH3
0136,0.7423408415788637,ANGOLA_NAMIBE_BIBALA,13.139576640553054,-14.685793467915335,Angola,WWT,NH3
0137,0.6886763356277321,ANGOLA_NAMIBE_CAMUCUIO,13.0324059676621,-14.003701587165244,Angola,WWT,NH3
0138,1.3150946598859357,ANGOLA_NAMIBE_NAMIBE,12.457905307074512,-14.720315334187738,Angola,WWT,NH3
0139,0.22017653534393253,ANGOLA_NAMIBE_TÔMBWA,12.359284305310362,-16.564898961646183,Angola,WWT,NH3
0140,0.29694169440538665,ANGOLA_NAMIBE_VIREI,12.94168325673447,-15.813548331274848,Angola,WWT,NH3
0141,0.3333246538067811,ANGOLA_UÍGE_AMBUILA,14.468179065511844,-7.587449047134571,Angola,WWT,NH3
0142,0.5341816574078567,ANGOLA_UÍGE_BEMBE,14.277664721920273,-7.052417289665407,Angola,WWT,NH3
0143,0.7116287151299815,ANGOLA_UÍGE_BUENGAS,15.825059286515511,-6.668373974646913,Angola,WWT,NH3
0144,0.39336365408065865,ANGOLA_UÍGE_BUNGO,15.447113463583449,-7.392017748161813,Angola,WWT,NH3
0145,0.5111735562036449,ANGOLA_UÍGE_CANGOLA,15.953541847191238,-7.839972087285049,Angola,WWT,NH3
0146,0.6161470957480205,ANGOLA_UÍGE_DAMBA,15.216117046210005,-6.730711730495686,Angola,WWT,NH3
0147,1.1675675185251533,ANGOLA_UÍGE_MAQUELA DO ZOMBO,15.504832114047753,-6.115762646049738,Angola,WWT,NH3
0148,0.5968572582505598,ANGOLA_UÍGE_SANTA CRUZ,16.58039852859364,-7.043057290518152,Angola,WWT,NH3
0149,0.410480599764912,ANGOLA_UÍGE_MUCABA,15.044844983137867,-7.104479137048426,Angola,WWT,NH3
0150,1.1331679314094945,ANGOLA_UÍGE_NEGAGE,15.387803110685544,-7.82670187011252,Angola,WWT,NH3
0151,0.3266060557334245,ANGOLA_UÍGE_PURI,15.677588319493356,-7.6520448609471,Angola,WWT,NH3
0152,1.4107075668960605,ANGOLA_UÍGE_QUIMBELE,16.358827373391733,-6.339946266586419,Angola,WWT,NH3
0153,0.3527274072255981,ANGOLA_UÍGE_QUITEXE,14.916309357718397,-8.05805649608166,Angola,WWT,NH3
0154,0.7879216653048646,ANGOLA_UÍGE_SANZA POMBO,16.05132046706061,-7.225080931426597,Angola,WWT,NH3
0155,0.48283163643173455,ANGOLA_UÍGE_SONGO,14.789371774574954,-7.15444085578491,Angola,WWT,NH3
0156,2.689333393989541,ANGOLA_UÍGE_UÍGE,15.086269927234868,-7.569389383460002,Angola,WWT,NH3
0157,0.5345828645105721,ANGOLA_ZAIRE_CUIMBA,14.656648047034412,-6.211094387740501,Angola,WWT,NH3
0158,1.3996443652342974,ANGOLA_ZAIRE_MBANZA CONGO,14.17814621079705,-6.310144184559853,Angola,WWT,NH3
0159,0.3410843176048954,ANGOLA_ZAIRE_NZETO,13.396012085498478,-7.329332397443156,Angola,WWT,NH3
0160,0.5515521135651908,ANGOLA_ZAIRE_NÓQUI,13.505068524452918,-6.150797500748508,Angola,WWT,NH3
0161,1.4495328753304786,ANGOLA_ZAIRE_SOYO,12.72456320103429,-6.276748486180679,Angola,WWT,NH3
0162,0.4154656933523202,ANGOLA_ZAIRE_TOMBOCO,13.360813071321832,-6.70704141475642,Angola,WWT,NH3
0163,0.10766964452471277,BOTSWANA_CENTRAL_BOBONONG_BOBONONG,28.439270006020617,-21.904588768680572,Botswana,WWT,NH3
0164,0,BOTSWANA_CENTRAL_BOBONONG_DAMOCHOJENA,27.46425717187249,-21.89586472598768,Botswana,WWT,NH3
0165,0.03329696573297586,BOTSWANA_CENTRAL_BOBONONG_KOBOJANGO,28.763918196572497,-21.785636334108606,Botswana,WWT,NH3
0166,0.0014702842349435116,BOTSWANA_CENTRAL_BOBONONG_LENTSWELEMORITI,29.09263730127421,-22.126071452194022,Botswana,WWT,NH3
0167,0,BOTSWANA_CENTRAL_BOBONONG_LEPOKOLE,28.342120180879903,-21.78828871071267,Botswana,WWT,NH3
0168,0.0012330274933337652,BOTSWANA_CENTRAL_BOBONONG_MABOLWE,28.93856360422732,-21.822911107503458,Botswana,WWT,NH3
0169,0.05506075911042555,BOTSWANA_CENTRAL_BOBONONG_MATHATHANE,28.765707084954567,-22.164921148469332,Botswana,WWT,NH3
0170,0.1852987578896319,BOTSWANA_CENTRAL_BOBONONG_MMADINARE,27.61927099292336,-21.939530032971234,Botswana,WWT,NH3
0171,0.05573616398995376,BOTSWANA_CENTRAL_BOBONONG_MOLALATAU,28.546028057555482,-22.244047061148887,Botswana,WWT,NH3
0172,2.1606572596222904e-5,BOTSWANA_CENTRAL_BOBONONG_MOLETEMANE,28.24551458680093,-22.49838952314233,Botswana,WWT,NH3
0173,0.02685828023987749,BOTSWANA_CENTRAL_BOBONONG_MOTLHABANENG,28.847671161031595,-22.0878861675696,Botswana,WWT,NH3
0174,3.634874217699255e-4,BOTSWANA_CENTRAL_BOBONONG_ROBELELA,28.01614217627893,-21.606755627584164,Botswana,WWT,NH3
0175,0.007086411570431214,BOTSWANA_CENTRAL_BOBONONG_SEFOPHE,28.010768080362112,-22.202415922887717,Botswana,WWT,NH3
0176,0.0013624257676525188,BOTSWANA_CENTRAL_BOBONONG_SEMOLALE,28.901373465716713,-21.94234612580183,Botswana,WWT,NH3
0177,0.015844341705909308,BOTSWANA_CENTRAL_BOBONONG_TOBANE,28.034740456942973,-21.715331266156507,Botswana,WWT,NH3
0178,0.0020708750413114953,BOTSWANA_CENTRAL_BOBONONG_TSETSEBJWE,28.261512057832615,-22.323234206617617,Botswana,WWT,NH3
0179,0,BOTSWANA_CENTRAL_BOBONONG_TSHOKWE,28.12020929554016,-21.7461736340543,Botswana,WWT,NH3
0180,0.0074230496018566836,BOTSWANA_CENTRAL_BOBONONG_TULI,28.659593038222404,-22.426510831132365,Botswana,WWT,NH3
0181,3.4193585533131444e-5,BOTSWANA_CENTRAL_BOTETI_KEDIA,24.838048952453185,-21.403241698591675,Botswana,WWT,NH3
0182,8.33509570443196e-4,BOTSWANA_CENTRAL_BOTETI_KHWEE,25.42160849963441,-21.949084316434682,Botswana,WWT,NH3
0183,0.0015604967183935308,BOTSWANA_CENTRAL_BOTETI_KUMAGA,24.694403521304178,-20.43709104783157,Botswana,WWT,NH3
0184,0.24743843118532408,BOTSWANA_CENTRAL_BOTETI_LETLHAKANE,25.324076768019342,-21.74281229869488,Botswana,WWT,NH3
0185,2.8869456097652894e-4,BOTSWANA_CENTRAL_BOTETI_MAKALAMABEDI,24.027537186531372,-20.329731365780997,Botswana,WWT,NH3
0186,9.439711230249156e-4,BOTSWANA_CENTRAL_BOTETI_MMADIKOLA,24.505648562137157,-21.04540148259183,Botswana,WWT,NH3
0187,0.015376130047983222,BOTSWANA_CENTRAL_BOTETI_MMATSHUMO,25.608635534616877,-21.055357574481494,Botswana,WWT,NH3
0188,5.38320187529416e-4,BOTSWANA_CENTRAL_BOTETI_MOKOBOXANE,25.01278736428241,-21.374661912697718,Botswana,WWT,NH3
0189,0.0166778083957731,BOTSWANA_CENTRAL_BOTETI_MOPIPI,25.06130611972133,-20.957019464880865,Botswana,WWT,NH3
0190,2.981981559037826e-4,BOTSWANA_CENTRAL_BOTETI_MOREOMAOTO,24.225653269651804,-20.326805973885744,Botswana,WWT,NH3
0191,0.02455756623239524,BOTSWANA_CENTRAL_BOTETI_MOSU,26.096038009772478,-21.108931183794436,Botswana,WWT,NH3
0192,4.4098262438965844e-4,BOTSWANA_CENTRAL_BOTETI_MOTOPI,24.143658950831586,-20.239487705166916,Botswana,WWT,NH3
0193,3.711416455498476e-5,BOTSWANA_CENTRAL_BOTETI_TOROMOJA,24.68875163244386,-21.028858930681245,Botswana,WWT,NH3
0194,0.002972873296315497,BOTSWANA_CENTRAL_BOTETI_TSIENYANE/RAKOPS,24.297459830504376,-20.770824097320627,Botswana,WWT,NH3
0195,0,BOTSWANA_CENTRAL_BOTETI_XERE,23.995091776720663,-21.05103701376487,Botswana,WWT,NH3
0196,1.8090494059107374e-4,BOTSWANA_CENTRAL_BOTETI_XHUMO,24.543580068860226,-21.43138653458584,Botswana,WWT,NH3
0197,0.001314724711859283,BOTSWANA_CENTRAL_MAHALAPYE_BONWAPITSE,26.696499319837177,-23.016977775399745,Botswana,WWT,NH3
0198,0.00792555001647021,BOTSWANA_CENTRAL_MAHALAPYE_BOROTSI,27.574845464339035,-23.03787815480758,Botswana,WWT,NH3
0199,0.001715846160832851,BOTSWANA_CENTRAL_MAHALAPYE_CHADIBE,27.653472614061975,-23.04213517690895,Botswana,WWT,NH3
0200,0.03611789909534231,BOTSWANA_CENTRAL_MAHALAPYE_DIBETE STATION,26.60466673565762,-23.712578892238895,Botswana,WWT,NH3
0201,7.137270751970048e-4,BOTSWANA_CENTRAL_MAHALAPYE_DOVEDALE,27.0584095397386,-23.43747251689984,Botswana,WWT,NH3
0202,2.8919444191308412e-5,BOTSWANA_CENTRAL_MAHALAPYE_IKONGWE,26.42368516567563,-23.133332920110572,Botswana,WWT,NH3
0203,0.010659164254449483,BOTSWANA_CENTRAL_MAHALAPYE_KALAMARE,26.676800027450167,-22.85145869530537,Botswana,WWT,NH3
0204,8.787111882174578e-4,BOTSWANA_CENTRAL_MAHALAPYE_KODIBELENG,25.8565320473089,-23.06990009465882,Botswana,WWT,NH3
0205,0.0010799615767033079,BOTSWANA_CENTRAL_MAHALAPYE_KUDUMATSE,27.163558620828415,-23.343825570073967,Botswana,WWT,NH3
0206,0.0022212424638595163,BOTSWANA_CENTRAL_MAHALAPYE_MAAPE,27.298633726872115,-22.801071310840364,Botswana,WWT,NH3
0207,0.006345313222634472,BOTSWANA_CENTRAL_MAHALAPYE_MACHANENG,27.430989788355014,-23.17527950233516,Botswana,WWT,NH3
0208,0.4458621290418295,BOTSWANA_CENTRAL_MAHALAPYE_MAHALAPYE,26.92364672437042,-23.059367128880574,Botswana,WWT,NH3
0209,5.693352623059828e-4,BOTSWANA_CENTRAL_MAHALAPYE_MAKWATE,27.289572829578482,-23.25066866242674,Botswana,WWT,NH3
0210,0.008778295859712862,BOTSWANA_CENTRAL_MAHALAPYE_MATLHAKO,27.57730747946278,-23.092868816729595,Botswana,WWT,NH3
0211,7.688435157497457e-4,BOTSWANA_CENTRAL_MAHALAPYE_MHALAPITSA,27.241670153565362,-22.750141129591885,Botswana,WWT,NH3
0212,0.0036735720146537647,BOTSWANA_CENTRAL_MAHALAPYE_MMAPHASHALALA,26.85959307803958,-23.525191663403213,Botswana,WWT,NH3
0213,0.0022708711808540026,BOTSWANA_CENTRAL_MAHALAPYE_MMUTLANA,26.603632318980285,-22.97161859276938,Botswana,WWT,NH3
0214,4.03531020639246e-5,BOTSWANA_CENTRAL_MAHALAPYE_MOKGENENE,26.039953432163163,-23.53987260084274,Botswana,WWT,NH3
0215,4.394528476303849e-4,BOTSWANA_CENTRAL_MAHALAPYE_MOKOBENG,27.693890294840614,-22.97362584906358,Botswana,WWT,NH3
0216,5.618963962306055e-4,BOTSWANA_CENTRAL_MAHALAPYE_MOKOSWANE,26.94190877928232,-23.316220505173856,Botswana,WWT,NH3
0217,0.007831557319752321,BOTSWANA_CENTRAL_MAHALAPYE_MOOKANE,26.698166386924417,-23.694975957356803,Botswana,WWT,NH3
0218,1.614241407715511e-6,BOTSWANA_CENTRAL_MAHALAPYE_MORALANE,26.215414450162044,-22.936420739953075,Botswana,WWT,NH3
0219,0.002175751988383512,BOTSWANA_CENTRAL_MAHALAPYE_MOSHOPHA,27.314662802995976,-22.947407012331485,Botswana,WWT,NH3
0220,0.01845657215924315,BOTSWANA_CENTRAL_MAHALAPYE_MOSOLOTSHANE,26.428423160167153,-22.91931594278049,Botswana,WWT,NH3
0221,2.2228502278228526e-6,BOTSWANA_CENTRAL_MAHALAPYE_NGWAPA,27.77944253096159,-22.919703336193177,Botswana,WWT,NH3
0222,0.01019672119937026,BOTSWANA_CENTRAL_MAHALAPYE_OTSE,25.946626364668234,-23.32358945282839,Botswana,WWT,NH3
0223,0.021091251151774307,BOTSWANA_CENTRAL_MAHALAPYE_PALLA ROAD/DINOKWE,26.77659555732254,-23.360515846147123,Botswana,WWT,NH3
0224,6.198302316895313e-4,BOTSWANA_CENTRAL_MAHALAPYE_PILIKWE,27.12830992169561,-22.797803953113785,Botswana,WWT,NH3
0225,0.0011769072074411578,BOTSWANA_CENTRAL_MAHALAPYE_POLOKA,26.288048197015442,-23.601986580637178,Botswana,WWT,NH3
0226,0.0044373586722638,BOTSWANA_CENTRAL_MAHALAPYE_RAMOKGONAMI,27.427775976491716,-22.856906588140728,Botswana,WWT,NH3
0227,0.028813037888357103,BOTSWANA_CENTRAL_MAHALAPYE_SEFHARE,27.497480197007754,-23.01846757513452,Botswana,WWT,NH3
0228,3.955500402597384e-4,BOTSWANA_CENTRAL_MAHALAPYE_SELEKA,27.541179586978274,-22.862211127370156,Botswana,WWT,NH3
0229,4.8398186221566315e-4,BOTSWANA_CENTRAL_MAHALAPYE_SHAKWE,27.285868545141952,-23.098563338666022,Botswana,WWT,NH3
0230,0.1177124219491617,BOTSWANA_CENTRAL_MAHALAPYE_SHOSHONG,26.387666419486898,-23.28181618855284,Botswana,WWT,NH3
0231,0.003558135306507082,BOTSWANA_CENTRAL_MAHALAPYE_TAUPYE,27.086389543341017,-23.181122303718336,Botswana,WWT,NH3
0232,0.0024925162147692984,BOTSWANA_CENTRAL_MAHALAPYE_TEWANE,26.8808106284804,-22.855065985054686,Botswana,WWT,NH3
0233,0.020942371623573722,BOTSWANA_CENTRAL_MAHALAPYE_TULI,27.376483753636418,-23.358300442845334,Botswana,WWT,NH3
0234,0.004795788476828645,BOTSWANA_CENTRAL_MAHALAPYE_TUMASERA,27.625135322324592,-22.873322197159712,Botswana,WWT,NH3
0235,3.005406753128458e-4,BOTSWANA_CENTRAL_SEROWE PALAPYE_DILORO,27.615763781482226,-22.42069872982587,Botswana,WWT,NH3
0236,8.233279819314618e-5,BOTSWANA_CENTRAL_SEROWE PALAPYE_DIMAJWE,26.75499325012916,-21.701835892951095,Botswana,WWT,NH3
0237,3.5099804361377584e-5,BOTSWANA_CENTRAL_SEROWE PALAPYE_GAMABUO,26.34887363421504,-22.621942368691556,Botswana,WWT,NH3
0238,0.0018545484086736536,BOTSWANA_CENTRAL_SEROWE PALAPYE_GOJWANE,27.274583799149916,-21.783314177365938,Botswana,WWT,NH3
0239,5.857372123678704e-4,BOTSWANA_CENTRAL_SEROWE PALAPYE_GOO-SEKGWENG,27.378852556607093,-22.684458968010347,Botswana,WWT,NH3
0240,9.158559195594823e-5,BOTSWANA_CENTRAL_SEROWE PALAPYE_GOOTAU,27.424470969841263,-22.695172167140004,Botswana,WWT,NH3
0241,0.001058833264425462,BOTSWANA_CENTRAL_SEROWE PALAPYE_KGAGODI,27.50339317555218,-22.29477672423486,Botswana,WWT,NH3
0242,0.009829648633048915,BOTSWANA_CENTRAL_SEROWE PALAPYE_LECHENG,27.185275817151037,-22.673190570584637,Botswana,WWT,NH3
0243,0.0023872974619282192,BOTSWANA_CENTRAL_SEROWE PALAPYE_LERALA,27.844813325817267,-22.74868745754991,Botswana,WWT,NH3
0244,0.0011030378253362974,BOTSWANA_CENTRAL_SEROWE PALAPYE_LESENEPOLE/MATOLWANE,27.57647005773152,-22.540521067100062,Botswana,WWT,NH3
0245,0.0022294380962823305,BOTSWANA_CENTRAL_SEROWE PALAPYE_MABELEAPUDI,26.825166966464483,-22.128040644255414,Botswana,WWT,NH3
0246,5.3860067630736e-4,BOTSWANA_CENTRAL_SEROWE PALAPYE_MAJWANAADIPITSE,27.005264767504467,-21.94020945810498,Botswana,WWT,NH3
0247,2.1571589093810254e-4,BOTSWANA_CENTRAL_SEROWE PALAPYE_MAJWANENG,27.649493814512812,-22.75586221108769,Botswana,WWT,NH3
0248,2.966780933295855e-4,BOTSWANA_CENTRAL_SEROWE PALAPYE_MALAKA,27.34590226161426,-22.592437093749382,Botswana,WWT,NH3
0249,5.36479613948883e-4,BOTSWANA_CENTRAL_SEROWE PALAPYE_MALATSWAI,26.22277867959262,-21.857375536824936,Botswana,WWT,NH3
0250,6.086135079319331e-4,BOTSWANA_CENTRAL_SEROWE PALAPYE_MANALEDI,27.5051048457668,-22.739538071182494,Botswana,WWT,NH3
0251,2.8879336841553554e-5,BOTSWANA_CENTRAL_SEROWE PALAPYE_MATLHAKOLA,27.317001132592853,-22.71429972506726,Botswana,WWT,NH3
0252,0.0030186280438459774,BOTSWANA_CENTRAL_SEROWE PALAPYE_MAUNATLALA,27.815623496542926,-22.549960915979852,Botswana,WWT,NH3
0253,0.004254622209976483,BOTSWANA_CENTRAL_SEROWE PALAPYE_MMASHORO,26.545528327992464,-21.913528088466634,Botswana,WWT,NH3
0254,3.5838970199169896e-4,BOTSWANA_CENTRAL_SEROWE PALAPYE_MOENG,27.61182691600207,-22.684247954870994,Botswana,WWT,NH3
0255,0.0020136566506338254,BOTSWANA_CENTRAL_SEROWE PALAPYE_MOGAPI,27.90355332352727,-22.400536057043198,Botswana,WWT,NH3
0256,2.470400431831562e-4,BOTSWANA_CENTRAL_SEROWE PALAPYE_MOGAPINYANA,27.656777003289175,-22.30921854076872,Botswana,WWT,NH3
0257,2.2955382924967488e-4,BOTSWANA_CENTRAL_SEROWE PALAPYE_MOGOME,26.8788884869847,-22.780246290758782,Botswana,WWT,NH3
0258,0.018495987606217477,BOTSWANA_CENTRAL_SEROWE PALAPYE_MOGOROSI,26.50681705808967,-22.435754433322103,Botswana,WWT,NH3
0259,0.0026073591832346367,BOTSWANA_CENTRAL_SEROWE PALAPYE_MOIYABANA,25.735420719204132,-22.568416950895624,Botswana,WWT,NH3
0260,3.8911798999718256e-4,BOTSWANA_CENTRAL_SEROWE PALAPYE_MOKGWARE,26.78655204288414,-22.77384105120242,Botswana,WWT,NH3
0261,0.0032497653208131997,BOTSWANA_CENTRAL_SEROWE PALAPYE_MOKHUNGWANA,27.306318999794403,-22.66250272126858,Botswana,WWT,NH3
0262,0.002221902597123751,BOTSWANA_CENTRAL_SEROWE PALAPYE_MOKOKWANA,27.68970066181251,-22.615814171525756,Botswana,WWT,NH3
0263,0.0018269719763091355,BOTSWANA_CENTRAL_SEROWE PALAPYE_MOREMI,27.48231653767836,-22.53631545317506,Botswana,WWT,NH3
0264,0.002854069422719257,BOTSWANA_CENTRAL_SEROWE PALAPYE_MOREOMABELE,27.19509262463396,-21.997866632985815,Botswana,WWT,NH3
0265,5.293333735616582e-4,BOTSWANA_CENTRAL_SEROWE PALAPYE_MOSWEU,27.643842814290796,-22.648861924159835,Botswana,WWT,NH3
0266,1.622070607143856e-5,BOTSWANA_CENTRAL_SEROWE PALAPYE_MOTSHEGALETAU,26.39728909838941,-22.561009612981003,Botswana,WWT,NH3
0267,0.0017602811137363123,BOTSWANA_CENTRAL_SEROWE PALAPYE_PAJE,26.816328935481604,-22.26070768401234,Botswana,WWT,NH3
0268,0.42829112370156264,BOTSWANA_CENTRAL_SEROWE PALAPYE_PALAPYE,27.16786344665423,-22.55497413257865,Botswana,WWT,NH3
0269,5.984214281355086e-4,BOTSWANA_CENTRAL_SEROWE PALAPYE_RADISELE,26.988408471288807,-22.81090444695215,Botswana,WWT,NH3
0270,0.00299528214582662,BOTSWANA_CENTRAL_SEROWE PALAPYE_RATHOLO,27.53938699821314,-22.68681419937455,Botswana,WWT,NH3
0271,1.3696923430935842e-5,BOTSWANA_CENTRAL_SEROWE PALAPYE_SEHUNOU,26.385003835935297,-22.59514869100243,Botswana,WWT,NH3
0272,0.004470657552075635,BOTSWANA_CENTRAL_SEROWE PALAPYE_SEOLWANE,27.762620325390287,-22.666448768729584,Botswana,WWT,NH3
0273,0.36861927519999305,BOTSWANA_CENTRAL_SEROWE PALAPYE_SEROWE,26.50285991859318,-21.991307902066985,Botswana,WWT,NH3
0274,0.00593189092576503,BOTSWANA_CENTRAL_SEROWE PALAPYE_SERULE,27.237798390462725,-21.890009585678992,Botswana,WWT,NH3
0275,2.8482847405798045e-5,BOTSWANA_CENTRAL_SEROWE PALAPYE_TAMASANE,27.396841887713986,-22.3814578521284,Botswana,WWT,NH3
0276,0.0030210685278914467,BOTSWANA_CENTRAL_SEROWE PALAPYE_THABALA,26.421061666211095,-22.511119340536165,Botswana,WWT,NH3
0277,0.0030350293664055117,BOTSWANA_CENTRAL_SEROWE PALAPYE_TOPISI,27.22337506343467,-22.227424247307294,Botswana,WWT,NH3
0278,5.174936704947253e-4,BOTSWANA_CENTRAL_SEROWE PALAPYE_TSHIMOYAPULA,27.019142014452218,-22.119432295799754,Botswana,WWT,NH3
0279,0.0024673152318124207,BOTSWANA_CENTRAL_SEROWE PALAPYE_TULI,28.061256491221307,-22.727203098241798,Botswana,WWT,NH3
0280,0.00761624624778166,BOTSWANA_CENTRAL_TUTUME_BOROLONG,27.32637665560921,-21.091395459266185,Botswana,WWT,NH3
0281,0.0084977576859181,BOTSWANA_CENTRAL_TUTUME_BOROTSI,27.251654267811457,-21.026993493948527,Botswana,WWT,NH3
0282,0.01038380438024298,BOTSWANA_CENTRAL_TUTUME_CHADIBE,27.342256409557447,-21.066229746391034,Botswana,WWT,NH3
0283,6.643903921370768e-4,BOTSWANA_CENTRAL_TUTUME_CHANGATE,27.246529169011538,-20.323681695475976,Botswana,WWT,NH3
0284,0.005203746710260358,BOTSWANA_CENTRAL_TUTUME_DAGWI,27.24543111493109,-20.205531255072483,Botswana,WWT,NH3
0285,0.09543170604502059,BOTSWANA_CENTRAL_TUTUME_DUKWI,26.284620970093016,-20.67546283807841,Botswana,WWT,NH3
0286,4.5095871988248636e-4,BOTSWANA_CENTRAL_TUTUME_GOSHWE,27.21557874997618,-20.535609785786193,Botswana,WWT,NH3
0287,0.1048062749269436,BOTSWANA_CENTRAL_TUTUME_GWETA,25.591976234675478,-19.905319536886395,Botswana,WWT,NH3
0288,1.7434192153804163e-4,BOTSWANA_CENTRAL_TUTUME_JAMATAKA,27.15547496011975,-21.068951470145485,Botswana,WWT,NH3
0289,0.001737830404980956,BOTSWANA_CENTRAL_TUTUME_KUTAMOGREE,26.880512190693914,-20.75110495387822,Botswana,WWT,NH3
0290,6.285835297199291e-4,BOTSWANA_CENTRAL_TUTUME_LEPASHE,26.66685337113433,-20.812417757916798,Botswana,WWT,NH3
0291,0.0028421406514850915,BOTSWANA_CENTRAL_TUTUME_MABESEKWA,26.832739428334428,-21.176734877732674,Botswana,WWT,NH3
0292,0.0017380888253686463,BOTSWANA_CENTRAL_TUTUME_MAFONGO/HOBONA,27.235943246400137,-20.94573521021701,Botswana,WWT,NH3
0293,0.016767725027825114,BOTSWANA_CENTRAL_TUTUME_MAITENGWE,27.011808968202775,-20.116667928999114,Botswana,WWT,NH3
0294,2.5674076055260525e-4,BOTSWANA_CENTRAL_TUTUME_MAKOBO,27.107677079222814,-21.02576555193948,Botswana,WWT,NH3
0295,0.015910805269323286,BOTSWANA_CENTRAL_TUTUME_MAKUTA,26.936411463806042,-20.611020613663403,Botswana,WWT,NH3
0296,0.006740987182229736,BOTSWANA_CENTRAL_TUTUME_MANDUNYANE,27.164838306199922,-21.29997484522961,Botswana,WWT,NH3
0297,0.014425627168694414,BOTSWANA_CENTRAL_TUTUME_MAPOSA,26.227831043889193,-20.105672557073913,Botswana,WWT,NH3
0298,0.002071806872955135,BOTSWANA_CENTRAL_TUTUME_MARAPONG,27.060904032209528,-20.875646900092942,Botswana,WWT,NH3
0299,0.0015965848954505135,BOTSWANA_CENTRAL_TUTUME_MAROBELA,27.22684904528886,-20.86226718353111,Botswana,WWT,NH3
0300,0.02351173620942988,BOTSWANA_CENTRAL_TUTUME_MATHANGWANE,27.301597561179328,-20.96526881266621,Botswana,WWT,NH3
0301,0.028277043772208105,BOTSWANA_CENTRAL_TUTUME_MATOBO,27.07410815569497,-20.55396589314004,Botswana,WWT,NH3
0302,0.0017917155504537606,BOTSWANA_CENTRAL_TUTUME_MATSITAMA,26.795600326944548,-20.91574597947195,Botswana,WWT,NH3
0303,0.005276307398454164,BOTSWANA_CENTRAL_TUTUME_MMANXOTAE,26.39231628230285,-20.11189737769122,Botswana,WWT,NH3
0304,0.0057041739966031575,BOTSWANA_CENTRAL_TUTUME_MMEYA,26.45632418802842,-20.83403038639063,Botswana,WWT,NH3
0305,0.004086114299538181,BOTSWANA_CENTRAL_TUTUME_MOKUBILO,26.522301620359478,-21.211068795354347,Botswana,WWT,NH3
0306,0.022744676862969007,BOTSWANA_CENTRAL_TUTUME_MOSETSE,26.717225408615494,-20.61414488681695,Botswana,WWT,NH3
0307,0.24094749100704732,BOTSWANA_CENTRAL_TUTUME_NATA,26.421106250465357,-20.364015464327988,Botswana,WWT,NH3
0308,0.005838362537159109,BOTSWANA_CENTRAL_TUTUME_NATALE,27.13819661363051,-21.12190933916731,Botswana,WWT,NH3
0309,0.0010450199968009236,BOTSWANA_CENTRAL_TUTUME_NKANGE,27.150899768186317,-20.292280125711056,Botswana,WWT,NH3
0310,3.9203231403369646e-4,BOTSWANA_CENTRAL_TUTUME_NSHAKASHOKWE,27.19448164625436,-20.800715019251136,Botswana,WWT,NH3
0311,0.009015160629663416,BOTSWANA_CENTRAL_TUTUME_NSWAZWI,27.11079707796551,-20.717051379328918,Botswana,WWT,NH3
0312,0.0013669743847345014,BOTSWANA_CENTRAL_TUTUME_SEBINA,27.212125328697905,-20.8229088309246,Botswana,WWT,NH3
0313,0.006515564717018424,BOTSWANA_CENTRAL_TUTUME_SEMITWE,27.057568754807466,-20.9304846145358,Botswana,WWT,NH3
0314,0.010235364089440714,BOTSWANA_CENTRAL_TUTUME_SENETE,27.061521930586494,-20.338940466599496,Botswana,WWT,NH3
0315,0.04435602704834654,BOTSWANA_CENTRAL_TUTUME_SEPAKO,26.42176865500974,-19.91292710159379,Botswana,WWT,NH3
0316,0.02061964100475081,BOTSWANA_CENTRAL_TUTUME_SHASHE-MOOKE,27.294622390104607,-21.200689259821715,Botswana,WWT,NH3
0317,0.016069039446324797,BOTSWANA_CENTRAL_TUTUME_SHASHE/SEMOTSWANE,27.353975033981698,-21.4004850680266,Botswana,WWT,NH3
0318,0.008942794802363567,BOTSWANA_CENTRAL_TUTUME_TONOTA,27.390007578405545,-21.56581687363627,Botswana,WWT,NH3
0319,0.001018035491219792,BOTSWANA_CENTRAL_TUTUME_TSHOKATSHAA,25.411457316681155,-20.073274987651395,Botswana,WWT,NH3
0320,0.10190512831119856,BOTSWANA_CENTRAL_TUTUME_TUTUME,26.93343318392142,-20.358110222677443,Botswana,WWT,NH3
0321,0.053576297049275814,BOTSWANA_CENTRAL_TUTUME_ZOROGA,25.931132083826565,-20.225947339100205,Botswana,WWT,NH3
0322,0.013441973608818433,BOTSWANA_CHOBE_CHOBE_KACHIKAU,24.593403269312077,-18.19955337118612,Botswana,WWT,NH3
0323,0.025868125974701898,BOTSWANA_CHOBE_CHOBE_KASANE,25.053605518831368,-17.95621200218165,Botswana,WWT,NH3
0324,0.0063916864149227955,BOTSWANA_CHOBE_CHOBE_KATABA,24.208556915615702,-18.516556039211913,Botswana,WWT,NH3
0325,0.009997812278438004,BOTSWANA_CHOBE_CHOBE_KAVIMBA,24.673787397731,-18.131513519062572,Botswana,WWT,NH3
0326,0.010707477580652153,BOTSWANA_CHOBE_CHOBE_KAZUNGULA,25.239551399880288,-17.81715309318576,Botswana,WWT,NH3
0327,0.0033512340254263128,BOTSWANA_CHOBE_CHOBE_LESOMA,25.22616409411994,-17.924922498851625,Botswana,WWT,NH3
0328,0.009056513237472157,BOTSWANA_CHOBE_CHOBE_MUCHINJE/MABELE,24.80594102179805,-18.000000788213598,Botswana,WWT,NH3
0329,0.0015791012694350579,BOTSWANA_CHOBE_CHOBE_NUMBER SEVEN,25.091530617419757,-18.628521496100262,Botswana,WWT,NH3
0330,0.0013052371853766334,BOTSWANA_CHOBE_CHOBE_PANDAMATENGA,25.62991931175742,-18.55507084642917,Botswana,WWT,NH3
0331,0.022626742501472515,BOTSWANA_CHOBE_CHOBE_PARAKARUNGU,24.3003425097673,-18.078920152986736,Botswana,WWT,NH3
0332,0.005856364460268057,BOTSWANA_CHOBE_CHOBE_SATAU,24.4229631549193,-18.021010667013208,Botswana,WWT,NH3
0333,0.5187071467262276,BOTSWANA_GABORONE_GABORONE_GABORONE,25.88095190745218,-24.686452843134287,Botswana,WWT,NH3
0334,0.002639923502551196,BOTSWANA_GHANZI_CENTRAL KGALAGADI GAME RESERVE_CENTRAL KGALAGADI GAME RESERVE,23.84354631529824,-22.32227292696922,Botswana,WWT,NH3
0335,0,BOTSWANA_GHANZI_GHANZI_B. VISSER,22.55838233704724,-21.32992655115972,Botswana,WWT,NH3
0336,0.0023626086425985976,BOTSWANA_GHANZI_GHANZI_BERE,21.79557213181817,-22.740271290335002,Botswana,WWT,NH3
0337,0.023971350613106672,BOTSWANA_GHANZI_GHANZI_CHARLES HILL,20.07849051397565,-22.30448292484571,Botswana,WWT,NH3
0338,2.4524649693674703e-4,BOTSWANA_GHANZI_GHANZI_CHARLES SHELDON,22.10987199508711,-21.572165997131027,Botswana,WWT,NH3
0339,1.7397953325141728e-4,BOTSWANA_GHANZI_GHANZI_CHOBOKWANE,21.24948179474576,-22.480947513304624,Botswana,WWT,NH3
0340,0.007632781063995763,BOTSWANA_GHANZI_GHANZI_DECT ETIN,21.87694726048196,-21.572322965589386,Botswana,WWT,NH3
0341,2.5746129006833253e-4,BOTSWANA_GHANZI_GHANZI_DEKAR,22.065436232878568,-21.366520787607246,Botswana,WWT,NH3
0342,0.017355898369667548,BOTSWANA_GHANZI_GHANZI_EAST HANAHAI,22.296004965831617,-22.138606212752848,Botswana,WWT,NH3
0343,0.08029492297412187,BOTSWANA_GHANZI_GHANZI_GHANZI,21.636172818729325,-21.69600936266415,Botswana,WWT,NH3
0344,0.0445871349748013,BOTSWANA_GHANZI_GHANZI_GROOTE LAAGTE,21.349883074115542,-21.38859908504291,Botswana,WWT,NH3
0345,0.03932038597870175,BOTSWANA_GHANZI_GHANZI_HANS METZLER,20.164337868142784,-22.12061746486461,Botswana,WWT,NH3
0346,1.3069560982393902e-4,BOTSWANA_GHANZI_GHANZI_J. RANSALL,20.422333298998613,-22.140780374743333,Botswana,WWT,NH3
0347,0,BOTSWANA_GHANZI_GHANZI_JANKI JANKI,21.346606317490824,-23.123137224643713,Botswana,WWT,NH3
0348,0,BOTSWANA_GHANZI_GHANZI_JERUNG,22.462289483631174,-21.771073127188487,Botswana,WWT,NH3
0349,0.01019909107797689,BOTSWANA_GHANZI_GHANZI_JOHN FARM,22.325500764273656,-21.113654988029502,Botswana,WWT,NH3
0350,0.010140756987634263,BOTSWANA_GHANZI_GHANZI_KACGAE,22.25670639051408,-22.78108355380457,Botswana,WWT,NH3
0351,0.011732155680656142,BOTSWANA_GHANZI_GHANZI_KARAKOBIS,20.69787418591688,-22.076318449477853,Botswana,WWT,NH3
0352,6.246905297102306e-5,BOTSWANA_GHANZI_GHANZI_KULE,20.25485884411168,-22.82990220520822,Botswana,WWT,NH3
0353,0.0012274001769794498,BOTSWANA_GHANZI_GHANZI_MAGONO MAGONO,20.74295662591417,-23.122989899939387,Botswana,WWT,NH3
0354,2.7393598005870677e-4,BOTSWANA_GHANZI_GHANZI_MAKUNDA,20.356137474087205,-22.403140017753746,Botswana,WWT,NH3
0355,0.015483549269660455,BOTSWANA_GHANZI_GHANZI_MASIRE'S FARM,21.364735361374258,-21.90738889293877,Botswana,WWT,NH3
0356,2.2143708524148412e-4,BOTSWANA_GHANZI_GHANZI_NCOJANE,20.259249043024266,-23.18993344999315,Botswana,WWT,NH3
0357,0.007955092336262466,BOTSWANA_GHANZI_GHANZI_NEW XADE,22.47638609723249,-22.059709596306462,Botswana,WWT,NH3
0358,0.012575290484702727,BOTSWANA_GHANZI_GHANZI_NEW XANAGAS,20.800274167066778,-22.572525810989912,Botswana,WWT,NH3
0359,0,BOTSWANA_GHANZI_GHANZI_QABO,21.72658991626723,-21.05161346564646,Botswana,WWT,NH3
0360,0.004639124564301357,BOTSWANA_GHANZI_GHANZI_TSOOTSHA,20.91109497610415,-22.075747207834585,Botswana,WWT,NH3
0361,0.0028368247700966145,BOTSWANA_GHANZI_GHANZI_WEST HANAHAI,21.65082272869238,-22.135855131778566,Botswana,WWT,NH3
0362,0.007039083318684622,BOTSWANA_JWANENG_JWANENG_JWANENG,24.757853176422884,-24.58932918017088,Botswana,WWT,NH3
0363,0.022908171588053992,BOTSWANA_KGALAGADI_KGALAGADI NORTH_HUKUNTSI,21.663906534181816,-23.998763591814352,Botswana,WWT,NH3
0364,5.462167555345672e-4,BOTSWANA_KGALAGADI_KGALAGADI NORTH_HUNHUKWE,21.77076341928267,-23.455768999361656,Botswana,WWT,NH3
0365,0.004254492469301923,BOTSWANA_KGALAGADI_KGALAGADI NORTH_INALEGOLO,22.658513508974664,-24.45585560542118,Botswana,WWT,NH3
0366,0.0773244081040153,BOTSWANA_KGALAGADI_KGALAGADI NORTH_KANG,22.631383747199003,-23.529403386876705,Botswana,WWT,NH3
0367,0.0015284908025660466,BOTSWANA_KGALAGADI_KGALAGADI NORTH_LEHUTUTU,22.00790879280739,-23.84360826239536,Botswana,WWT,NH3
0368,0.008305698269988922,BOTSWANA_KGALAGADI_KGALAGADI NORTH_LOKGWABE,21.7851453687414,-24.07867771129318,Botswana,WWT,NH3
0369,0,BOTSWANA_KGALAGADI_KGALAGADI NORTH_MAKE,21.994205625425362,-23.680770428270183,Botswana,WWT,NH3
0370,0.001430472026212335,BOTSWANA_KGALAGADI_KGALAGADI NORTH_MONONG,21.544688834846603,-23.73920927317219,Botswana,WWT,NH3
0371,0,BOTSWANA_KGALAGADI_KGALAGADI NORTH_NCAANG,21.1223824590204,-23.44041697965504,Botswana,WWT,NH3
0372,0,BOTSWANA_KGALAGADI_KGALAGADI NORTH_NGWATLE,21.117355141120534,-23.647886311201248,Botswana,WWT,NH3
0373,0.0034397803015603014,BOTSWANA_KGALAGADI_KGALAGADI NORTH_PHUDUHUDU,22.580063911251433,-23.93036127904691,Botswana,WWT,NH3
0374,0.005445002558442142,BOTSWANA_KGALAGADI_KGALAGADI NORTH_TSHANE,22.009218648598967,-23.97480857848694,Botswana,WWT,NH3
0375,4.41268296551974e-4,BOTSWANA_KGALAGADI_KGALAGADI NORTH_UKWI,20.54965855676176,-23.64224465777984,Botswana,WWT,NH3
0376,0.0074803117685556504,BOTSWANA_KGALAGADI_KGALAGADI NORTH_ZUTSWA,21.06879673283048,-24.378159867529472,Botswana,WWT,NH3
0377,0,BOTSWANA_KGALAGADI_KGALAGADI SOUTH_BOGOGOBO,21.939941061820672,-26.643776855439175,Botswana,WWT,NH3
0378,0.006124204547960437,BOTSWANA_KGALAGADI_KGALAGADI SOUTH_BOKSPITS,21.314513491670507,-25.52305062333103,Botswana,WWT,NH3
0379,0.006916376339313205,BOTSWANA_KGALAGADI_KGALAGADI SOUTH_BRAY,23.752155151918004,-25.314612046817558,Botswana,WWT,NH3
0380,5.760836870032052e-4,BOTSWANA_KGALAGADI_KGALAGADI SOUTH_GACHIBANA,21.318615947145076,-26.76135876855932,Botswana,WWT,NH3
0381,0,BOTSWANA_KGALAGADI_KGALAGADI SOUTH_KHISA,22.627311790636153,-25.661301014142644,Botswana,WWT,NH3
0382,3.376262839610608e-4,BOTSWANA_KGALAGADI_KGALAGADI SOUTH_KHUIS,21.778745594602643,-26.61621321259511,Botswana,WWT,NH3
0383,2.4812309301154535e-5,BOTSWANA_KGALAGADI_KGALAGADI SOUTH_KHWAWA,21.536389504618732,-26.33146231350371,Botswana,WWT,NH3
0384,0.00178641876560109,BOTSWANA_KGALAGADI_KGALAGADI SOUTH_KOKOTSHA,23.282665786747692,-24.952596354252385,Botswana,WWT,NH3
0385,7.85295592311214e-6,BOTSWANA_KGALAGADI_KGALAGADI SOUTH_KOLONKWANE,21.998886440804885,-26.46695305601831,Botswana,WWT,NH3
0386,1.9321222874568294e-4,BOTSWANA_KGALAGADI_KGALAGADI SOUTH_MAKOPONG,23.00557554126552,-25.279785016029198,Botswana,WWT,NH3
0387,0,BOTSWANA_KGALAGADI_KGALAGADI SOUTH_MALESHE,22.578885408820124,-25.861705230970156,Botswana,WWT,NH3
0388,0,BOTSWANA_KGALAGADI_KGALAGADI SOUTH_MARALALENG,22.68707487230088,-25.784682276497044,Botswana,WWT,NH3
0389,0.0029592617081675085,BOTSWANA_KGALAGADI_KGALAGADI SOUTH_MAUBELO,22.38337590834033,-25.32060395255863,Botswana,WWT,NH3
0390,1.2900517706806113e-4,BOTSWANA_KGALAGADI_KGALAGADI SOUTH_MIDDLEPITS,21.88965522829646,-26.64510622003729,Botswana,WWT,NH3
0391,0.00751433263819791,BOTSWANA_KGALAGADI_KGALAGADI SOUTH_MOLOPO FARMS,23.901539179894392,-25.218667431791786,Botswana,WWT,NH3
0392,0,BOTSWANA_KGALAGADI_KGALAGADI SOUTH_OMAWENENO,22.58460683893281,-25.787109823452095,Botswana,WWT,NH3
0393,8.31559894450366e-4,BOTSWANA_KGALAGADI_KGALAGADI SOUTH_PHEPHENG/DRAAIHOEK,22.78105010135853,-25.353110330504997,Botswana,WWT,NH3
0394,2.4013321368345775e-005,BOTSWANA_KGALAGADI_KGALAGADI SOUTH_RAPPLES PAN,21.008575646663,-26.638159980643096,Botswana,WWT,NH3
0395,1.0363315794791412e-6,BOTSWANA_KGALAGADI_KGALAGADI SOUTH_STRUIZENDAM,20.634736317115014,-26.674011578479416,Botswana,WWT,NH3
0396,0.09677804371136617,BOTSWANA_KGALAGADI_KGALAGADI SOUTH_TSABONG,22.533675678870342,-26.03261068358875,Botswana,WWT,NH3
0397,1.8966709694519095e-005,BOTSWANA_KGALAGADI_KGALAGADI SOUTH_VAALHOEK,20.899174768893236,-26.63085165782585,Botswana,WWT,NH3
0398,0.058458954172372804,BOTSWANA_KGALAGADI_KGALAGADI SOUTH_WERDA,23.074307700309763,-25.079935228446647,Botswana,WWT,NH3
0399,8.948555946300059e-4,BOTSWANA_KGATLENG_KGATLENG_ARTISIA,26.329598045283216,-24.01646307301413,Botswana,WWT,NH3
0400,0.07142449656539447,BOTSWANA_KGATLENG_KGATLENG_BOKAA,25.97195065976654,-24.450230086407068,Botswana,WWT,NH3
0401,2.4615408770821813e-4,BOTSWANA_KGATLENG_KGATLENG_DIKGONNYE,26.029703255813914,-24.096171191247226,Botswana,WWT,NH3
0402,1.3060954016023963e-4,BOTSWANA_KGATLENG_KGATLENG_DIKWIDIDI,26.17999949757091,-24.55666835671585,Botswana,WWT,NH3
0403,0.01325519856338299,BOTSWANA_KGATLENG_KGATLENG_KGOMODIATSHABA,26.269863148495805,-23.959055603855354,Botswana,WWT,NH3
0404,6.911853956034941e-5,BOTSWANA_KGATLENG_KGATLENG_KHURUTSHE,26.132859344771337,-23.690545327799267,Botswana,WWT,NH3
0405,6.12243757554387e-4,BOTSWANA_KGATLENG_KGATLENG_LESHIBITSE,26.406165055796965,-23.83651089330935,Botswana,WWT,NH3
0406,0.003078115347766176,BOTSWANA_KGATLENG_KGATLENG_MABALANE,26.28893676301754,-24.621655976454754,Botswana,WWT,NH3
0407,0.0031673316775333096,BOTSWANA_KGATLENG_KGATLENG_MALOLWANE,26.430380010494872,-24.457842437404707,Botswana,WWT,NH3
0408,0.030706718322368813,BOTSWANA_KGATLENG_KGATLENG_MALOTWANA SIDING,26.151012846299633,-24.29179457997145,Botswana,WWT,NH3
0409,0.02367810404901415,BOTSWANA_KGATLENG_KGATLENG_MATEBELENG,26.04953135972325,-24.525143676862136,Botswana,WWT,NH3
0410,0.0025455391465548,BOTSWANA_KGATLENG_KGATLENG_MMATHUBUDUKWANE,26.402194016452356,-24.58953432239364,Botswana,WWT,NH3
0411,0.17037333648379693,BOTSWANA_KGATLENG_KGATLENG_MOCHUDI,26.47677571716603,-24.23454264974918,Botswana,WWT,NH3
0412,0.002317919987910726,BOTSWANA_KGATLENG_KGATLENG_MODIPANE,26.172106866832117,-24.61311568769224,Botswana,WWT,NH3
0413,0.06707828071542551,BOTSWANA_KGATLENG_KGATLENG_MORWA,26.089564160859158,-24.467876815246445,Botswana,WWT,NH3
0414,0.0016572271996696752,BOTSWANA_KGATLENG_KGATLENG_OLIPHANTS DRIFT,26.833613302849894,-24.18652011472838,Botswana,WWT,NH3
0415,0.0189560696362536,BOTSWANA_KGATLENG_KGATLENG_OODI,26.09229785618965,-24.566777150464368,Botswana,WWT,NH3
0416,0.02138012681108296,BOTSWANA_KGATLENG_KGATLENG_PILANE STATION,26.10483646643129,-24.415535218505003,Botswana,WWT,NH3
0417,0.0032113340510556837,BOTSWANA_KGATLENG_KGATLENG_RAMONAKA,26.446902425513134,-24.542320856771433,Botswana,WWT,NH3
0418,0.013990267960286743,BOTSWANA_KGATLENG_KGATLENG_RAMOTLABAKI,26.871752159032944,-23.894065124338375,Botswana,WWT,NH3
0419,0.11248386698940493,BOTSWANA_KGATLENG_KGATLENG_RASESA,26.029082284030856,-24.334812008927873,Botswana,WWT,NH3
0420,6.234367068686677e-4,BOTSWANA_KGATLENG_KGATLENG_SIKWANE,26.40976832130963,-24.631382480577347,Botswana,WWT,NH3
0421,0.01778824214541335,BOTSWANA_KWENENG_KWENENG EAST_BDF MOGODITSHANE,25.866597567365684,-24.60177989688917,Botswana,WWT,NH3
0422,0.002995788578412068,BOTSWANA_KWENENG_KWENENG EAST_BOATLANAME,25.90698626304365,-23.603697827888347,Botswana,WWT,NH3
0423,0.005735212650447153,BOTSWANA_KWENENG_KWENENG EAST_DIKGATLHONG,25.890773108192004,-24.22990108004598,Botswana,WWT,NH3
0424,0.029169785411873837,BOTSWANA_KWENENG_KWENENG EAST_DITSHUKUDU,25.79018424903999,-24.31657903586985,Botswana,WWT,NH3
0425,0.12090037139690804,BOTSWANA_KWENENG_KWENENG EAST_GABANE,25.724856086362443,-24.625622432889752,Botswana,WWT,NH3
0426,2.8470857944658042e-5,BOTSWANA_KWENENG_KWENENG EAST_GAKGATLA,25.558388738489484,-24.555893651556392,Botswana,WWT,NH3
0427,0.06493633072668333,BOTSWANA_KWENENG_KWENENG EAST_GAKUTLO,25.795893008492364,-24.485500847618265,Botswana,WWT,NH3
0428,4.980418099681042e-4,BOTSWANA_KWENENG_KWENENG EAST_GAMODUBU,25.71707045103724,-24.50745373492028,Botswana,WWT,NH3
0429,0.007000949320527956,BOTSWANA_KWENENG_KWENENG EAST_HATSALATLADI,25.655128743903163,-24.053036283307804,Botswana,WWT,NH3
0430,0.01504632882009416,BOTSWANA_KWENENG_KWENENG EAST_KGOPE,25.90730765578967,-24.309697924278826,Botswana,WWT,NH3
0431,0.056297620909572785,BOTSWANA_KWENENG_KWENENG EAST_KOPONG,25.870465764300775,-24.444158127481042,Botswana,WWT,NH3
0432,5.115020224133137e-4,BOTSWANA_KWENENG_KWENENG EAST_KUBUNG,25.360366076259005,-24.614971635386656,Botswana,WWT,NH3
0433,0.01693258488854626,BOTSWANA_KWENENG_KWENENG EAST_KUMAKWANE,25.672697196778568,-24.673575670712168,Botswana,WWT,NH3
0434,0.003152541099137103,BOTSWANA_KWENENG_KWENENG EAST_KWENENG,25.828354177294415,-23.852566021088684,Botswana,WWT,NH3
0435,0.06033248167558996,BOTSWANA_KWENENG_KWENENG EAST_LENTSWELETAU,25.870136138465416,-24.167826671475748,Botswana,WWT,NH3
0436,0.020801124634748404,BOTSWANA_KWENENG_KWENENG EAST_LEOLOGANE,25.64433800339369,-23.434433772014575,Botswana,WWT,NH3
0437,0.009786383660722929,BOTSWANA_KWENENG_KWENENG EAST_LEPHEPHE,25.894174284633333,-23.40765559827626,Botswana,WWT,NH3
0438,1.1622515414878972e-5,BOTSWANA_KWENENG_KWENENG EAST_LOSILAKGOKONG,25.34988894663335,-24.571135771940597,Botswana,WWT,NH3
0439,0.18383821160056046,BOTSWANA_KWENENG_KWENENG EAST_MAHETLWE,25.665185137212088,-24.23905297400607,Botswana,WWT,NH3
0440,0.0016368074207877509,BOTSWANA_KWENENG_KWENENG EAST_MEDIE,25.874565240962703,-24.031116366980243,Botswana,WWT,NH3
0441,0.1487064829266679,BOTSWANA_KWENENG_KWENENG EAST_METSIMOTLHABE,25.814813747961594,-24.57843758628985,Botswana,WWT,NH3
0442,0.019994675482920516,BOTSWANA_KWENENG_KWENENG EAST_MMANKGODI,25.623117562536567,-24.72944762315122,Botswana,WWT,NH3
0443,0.011201354124765354,BOTSWANA_KWENENG_KWENENG EAST_MMANOKO,25.64934009640395,-24.42250311648915,Botswana,WWT,NH3
0444,0.024526092966994303,BOTSWANA_KWENENG_KWENENG EAST_MMATSETA,25.85895904561137,-24.512431056468085,Botswana,WWT,NH3
0445,0.34382048511581614,BOTSWANA_KWENENG_KWENENG EAST_MMOPANE,25.831916673401516,-24.543107056933852,Botswana,WWT,NH3
0446,0.17673485172928538,BOTSWANA_KWENENG_KWENENG EAST_MOGODITSHANE,25.85842184630358,-24.60738400491993,Botswana,WWT,NH3
0447,0.02005254012217518,BOTSWANA_KWENENG_KWENENG EAST_MOGONONO,25.577935957073354,-24.234385269062876,Botswana,WWT,NH3
0448,0.012578039822372895,BOTSWANA_KWENENG_KWENENG EAST_MOKOLODI,25.81603234528639,-24.697241109077822,Botswana,WWT,NH3
0449,0.5549232054403345,BOTSWANA_KWENENG_KWENENG EAST_MOLEPOLOLE,25.5497055386965,-24.395542548425816,Botswana,WWT,NH3
0450,0.005355564486925332,BOTSWANA_KWENENG_KWENENG EAST_RAMAPHATLE,25.61446897045962,-24.70394371590776,Botswana,WWT,NH3
0451,0.024479635347891715,BOTSWANA_KWENENG_KWENENG EAST_SHADISHADI,25.6542773445706,-23.631687537826256,Botswana,WWT,NH3
0452,0.0538096625158323,BOTSWANA_KWENENG_KWENENG EAST_SOJWE,25.81060306743436,-23.447805731300946,Botswana,WWT,NH3
0453,0.028807987169283622,BOTSWANA_KWENENG_KWENENG EAST_THAMAGA,25.512202536353346,-24.636709032733712,Botswana,WWT,NH3
0454,0.003518290526937829,BOTSWANA_KWENENG_KWENENG EAST_TLOANENG,25.718436819740113,-24.748830124610986,Botswana,WWT,NH3
0455,4.7545192563663586e-4,BOTSWANA_KWENENG_KWENENG WEST_BOTLHAPATLOU,25.49433742402101,-23.950964377275472,Botswana,WWT,NH3
0456,0.001668094706846886,BOTSWANA_KWENENG_KWENENG WEST_DIPHUDUHUDU,25.361313831639055,-23.66424037279965,Botswana,WWT,NH3
0457,0.0015804340314048287,BOTSWANA_KWENENG_KWENENG WEST_DITSHEGWANE,24.967494356636315,-24.325453739104706,Botswana,WWT,NH3
0458,3.089054635786955e-5,BOTSWANA_KWENENG_KWENENG WEST_DUTLWE,24.010209606049106,-24.0766543302552,Botswana,WWT,NH3
0459,7.269538691157366e-5,BOTSWANA_KWENENG_KWENENG WEST_KAUDWANE,24.659436878890112,-23.367661970601763,Botswana,WWT,NH3
0460,0.006105619656966782,BOTSWANA_KWENENG_KWENENG WEST_KHUDUMELAPYE,25.170144578603114,-23.791371348563107,Botswana,WWT,NH3
0461,0.01337241688472789,BOTSWANA_KWENENG_KWENENG WEST_KOTOLANAME,25.344981106952105,-24.426360101349005,Botswana,WWT,NH3
0462,0.03154892134468477,BOTSWANA_KWENENG_KWENENG WEST_LETLHAKENG,25.055504504543418,-24.07736578153483,Botswana,WWT,NH3
0463,2.5247152918885786e-5,BOTSWANA_KWENENG_KWENENG WEST_MABOANE,24.62981126929652,-24.01531720256432,Botswana,WWT,NH3
0464,2.0100285653183709e-4,BOTSWANA_KWENENG_KWENENG WEST_MALWELWE,25.388569305562967,-24.124123864830562,Botswana,WWT,NH3
0465,0.0021925736802633276,BOTSWANA_KWENENG_KWENENG WEST_MANTSHWABISI,25.20948564723073,-24.090430074502226,Botswana,WWT,NH3
0466,0.0016339114563741432,BOTSWANA_KWENENG_KWENENG WEST_MARATSHWANE,25.27943300340971,-24.00543002229499,Botswana,WWT,NH3
0467,3.887974253234629e-4,BOTSWANA_KWENENG_KWENENG WEST_METSIBOTLHOKO,24.88334535341407,-24.02100921043726,Botswana,WWT,NH3
0468,9.762303550674827e-7,BOTSWANA_KWENENG_KWENENG WEST_MONWANE,25.208167783087692,-24.31675483950471,Botswana,WWT,NH3
0469,0.0010164124714299972,BOTSWANA_KWENENG_KWENENG WEST_MOSHAWENG,25.126758323030916,-24.50223959697767,Botswana,WWT,NH3
0470,9.768786966477558e-4,BOTSWANA_KWENENG_KWENENG WEST_MOTOKWE,23.393326314118752,-23.949217767767472,Botswana,WWT,NH3
0471,0.014501293896986778,BOTSWANA_KWENENG_KWENENG WEST_NGWARE,25.472317051558928,-23.407189666362918,Botswana,WWT,NH3
0472,3.1107079152450776e-4,BOTSWANA_KWENENG_KWENENG WEST_SALAJWE,24.700069233188845,-23.586968168257275,Botswana,WWT,NH3
0473,2.322276133304895e-5,BOTSWANA_KWENENG_KWENENG WEST_SERINANE,25.19951548113084,-24.18969812658127,Botswana,WWT,NH3
0474,1.0755136446925165e-4,BOTSWANA_KWENENG_KWENENG WEST_SESUNG,24.920484389582054,-24.098764991625394,Botswana,WWT,NH3
0475,4.11750945836598e-4,BOTSWANA_KWENENG_KWENENG WEST_SORILATHOLO,25.06367528301778,-23.48111009752001,Botswana,WWT,NH3
0476,0.0013395214171056235,BOTSWANA_KWENENG_KWENENG WEST_TAKATOKWANE,24.333986142124967,-23.897263235861104,Botswana,WWT,NH3
0477,0.01131509084824155,BOTSWANA_KWENENG_KWENENG WEST_THEBEPHATSHWA,25.33911813426609,-24.229770927348877,Botswana,WWT,NH3
0478,0.0015711830600538361,BOTSWANA_KWENENG_KWENENG WEST_TSETSENG,23.346608409362428,-23.556625874898454,Botswana,WWT,NH3
0479,9.17939841500349e-5,BOTSWANA_KWENENG_KWENENG WEST_TSWAANE,23.844303310573697,-23.677953470418096,Botswana,WWT,NH3
0480,0.09149615704699893,BOTSWANA_LOBATSE_LOBATSE_LOBATSE,25.680222039240462,-25.21156716052995,Botswana,WWT,NH3
0481,2.3447260807464058e-4,BOTSWANA_NORTH EAST_NORTH EAST_BOTALAOTE,27.23593919430158,-20.74011790617292,Botswana,WWT,NH3
0482,0.002331829158955564,BOTSWANA_NORTH EAST_NORTH EAST_BUTALE,27.676071500645865,-20.656116388620305,Botswana,WWT,NH3
0483,0.07814334434966334,BOTSWANA_NORTH EAST_NORTH EAST_DITLADI,27.593853189898606,-21.357392846398774,Botswana,WWT,NH3
0484,0.0011570611074787742,BOTSWANA_NORTH EAST_NORTH EAST_GAMBULE,27.39900708699297,-20.563127167228444,Botswana,WWT,NH3
0485,0.008314731223566728,BOTSWANA_NORTH EAST_NORTH EAST_GULUBANE,27.31358281638026,-20.901873558761327,Botswana,WWT,NH3
0486,7.456473984439719e-4,BOTSWANA_NORTH EAST_NORTH EAST_GUNGWE,27.38271596277986,-20.484327285782342,Botswana,WWT,NH3
0487,0.017544704941604882,BOTSWANA_NORTH EAST_NORTH EAST_HASKINS FARM,27.53856707842432,-20.942088468645853,Botswana,WWT,NH3
0488,0.011760676298873715,BOTSWANA_NORTH EAST_NORTH EAST_JACKALAS 1,27.70190501415433,-20.551898920198756,Botswana,WWT,NH3
0489,8.421285974606507e-4,BOTSWANA_NORTH EAST_NORTH EAST_JACKALAS 2,27.684263288454705,-20.943529822684937,Botswana,WWT,NH3
0490,0.11143744620540652,BOTSWANA_NORTH EAST_NORTH EAST_JOHANNES KACHEJOHN,27.416370017173527,-21.032990996945774,Botswana,WWT,NH3
0491,2.5327038828772727e-4,BOTSWANA_NORTH EAST_NORTH EAST_KALAKAMATI,27.325085093746505,-20.616599567778596,Botswana,WWT,NH3
0492,8.115657573052885e-4,BOTSWANA_NORTH EAST_NORTH EAST_KGARI,27.62095491247424,-20.59772226024511,Botswana,WWT,NH3
0493,0.016567014031457057,BOTSWANA_NORTH EAST_NORTH EAST_LETSHOLATHEBE,27.42289424926035,-20.718374886141437,Botswana,WWT,NH3
0494,0.0030061489572788852,BOTSWANA_NORTH EAST_NORTH EAST_MABUDZANE,27.65030964853915,-20.906207513366976,Botswana,WWT,NH3
0495,0.002214703353971152,BOTSWANA_NORTH EAST_NORTH EAST_MAKALENG,27.285094240822392,-20.79040562603129,Botswana,WWT,NH3
0496,7.252038004416805e-4,BOTSWANA_NORTH EAST_NORTH EAST_MAMBO,27.339806500913884,-20.78191758239405,Botswana,WWT,NH3
0497,0.004557394729795098,BOTSWANA_NORTH EAST_NORTH EAST_MAPOKA,27.583403081931646,-20.534321559571424,Botswana,WWT,NH3
0498,0.0023332794134775948,BOTSWANA_NORTH EAST_NORTH EAST_MASINGWANENG,27.31796380391279,-20.837868143226277,Botswana,WWT,NH3
0499,3.3446177116421276e-4,BOTSWANA_NORTH EAST_NORTH EAST_MASUKWANE,27.54938882946871,-20.590964331617293,Botswana,WWT,NH3
0500,0.011980407432187265,BOTSWANA_NORTH EAST_NORTH EAST_MASUNGA,27.434400286669504,-20.627325508955153,Botswana,WWT,NH3
0501,0.003929201452755247,BOTSWANA_NORTH EAST_NORTH EAST_MATENGE,27.243163563094196,-20.824890359812834,Botswana,WWT,NH3
0502,0.2349509344506385,BOTSWANA_NORTH EAST_NORTH EAST_MATSHELAGABEDI,27.625910201894996,-21.12872037207013,Botswana,WWT,NH3
0503,0.04445033444463968,BOTSWANA_NORTH EAST_NORTH EAST_MATSILOJE,27.79748603303526,-21.272615331495285,Botswana,WWT,NH3
0504,0.003957243762253002,BOTSWANA_NORTH EAST_NORTH EAST_MBALAMBI,27.339335713407475,-20.51403109309788,Botswana,WWT,NH3
0505,0.0037043458190050243,BOTSWANA_NORTH EAST_NORTH EAST_MOROKA,27.64533883665974,-20.526246843989444,Botswana,WWT,NH3
0506,0.007695570230884324,BOTSWANA_NORTH EAST_NORTH EAST_MOSOJANE,27.510648322475955,-20.605682710993673,Botswana,WWT,NH3
0507,0.003850817475385822,BOTSWANA_NORTH EAST_NORTH EAST_MOWANA,27.63647955779588,-20.777830273205144,Botswana,WWT,NH3
0508,0.002723511123609822,BOTSWANA_NORTH EAST_NORTH EAST_MULAMBAKWENA,27.46594067350093,-20.57301251814986,Botswana,WWT,NH3
0509,0.00501596846652649,BOTSWANA_NORTH EAST_NORTH EAST_NLAKHWANE,27.517632990383536,-20.518539158214796,Botswana,WWT,NH3
0510,0.005954849882279932,BOTSWANA_NORTH EAST_NORTH EAST_PATAYAMATEBELE,27.737992823316166,-21.4643350004061,Botswana,WWT,NH3
0511,7.522550024171206e-4,BOTSWANA_NORTH EAST_NORTH EAST_POLE,27.574132779023316,-20.610493660531436,Botswana,WWT,NH3
0512,0.0018700526027358362,BOTSWANA_NORTH EAST_NORTH EAST_RAMOKGWEBANA,27.662924110656288,-20.583729469679355,Botswana,WWT,NH3
0513,0.0038473259875030424,BOTSWANA_NORTH EAST_NORTH EAST_SECHELE,27.38485539651099,-20.797350422844442,Botswana,WWT,NH3
0514,2.451028081057575e-4,BOTSWANA_NORTH EAST_NORTH EAST_SEKAKANGWE,27.324905899544337,-20.566292847964146,Botswana,WWT,NH3
0515,0.011498025584054963,BOTSWANA_NORTH EAST_NORTH EAST_SENYAWE,27.6781087349486,-20.734971000867784,Botswana,WWT,NH3
0516,0.09033810198932118,BOTSWANA_NORTH EAST_NORTH EAST_SHASHE BRIDGE,27.441314891279994,-21.258844535487142,Botswana,WWT,NH3
0517,0.006244680807841737,BOTSWANA_NORTH EAST_NORTH EAST_SIVIYA,27.69697685871457,-20.82969467830003,Botswana,WWT,NH3
0518,0.012422686753321414,BOTSWANA_NORTH EAST_NORTH EAST_TATI SIDING,27.46845579652601,-21.26452617148856,Botswana,WWT,NH3
0519,0.03132298281546385,BOTSWANA_NORTH EAST_NORTH EAST_THEMASHANGA,27.55069700154272,-20.72636426785868,Botswana,WWT,NH3
0520,0.002312006584134191,BOTSWANA_NORTH EAST_NORTH EAST_TOTENG,27.270345176482714,-20.719997560519936,Botswana,WWT,NH3
0521,0.0022045560020450172,BOTSWANA_NORTH EAST_NORTH EAST_TSAMAYA,27.65197854641795,-20.83445747757975,Botswana,WWT,NH3
0522,0.0025788781814589682,BOTSWANA_NORTH EAST_NORTH EAST_TSHESEBE,27.60488659969322,-20.718620239818698,Botswana,WWT,NH3
0523,9.056968505661439e-4,BOTSWANA_NORTH EAST_NORTH EAST_VUKWI,27.38708622858749,-20.607139935771677,Botswana,WWT,NH3
0524,0.010906966714579875,BOTSWANA_NORTH EAST_NORTH EAST_ZWENSHAMBE,27.448183551665426,-20.504176199278817,Botswana,WWT,NH3
0525,0.0014722127003957476,BOTSWANA_NORTH WEST_NGAMILAND DELTA_NGAMILAND DELTA,22.960336814344046,-19.43828751092393,Botswana,WWT,NH3
0526,0.00942450778298036,BOTSWANA_NORTH WEST_NGAMILAND EAST_BODIBENG,22.600564390842983,-20.54248828687454,Botswana,WWT,NH3
0527,0.025295791280813395,BOTSWANA_NORTH WEST_NGAMILAND EAST_BOTLHATLOGO,22.726763405990695,-20.74674723011069,Botswana,WWT,NH3
0528,4.546488462194195e-4,BOTSWANA_NORTH WEST_NGAMILAND EAST_CHANOGA,23.67422168898431,-20.16363542170472,Botswana,WWT,NH3
0529,0,BOTSWANA_NORTH WEST_NGAMILAND EAST_HABU,22.399450144071537,-19.835986974771608,Botswana,WWT,NH3
0530,0.011066804783626415,BOTSWANA_NORTH WEST_NGAMILAND EAST_KARENG,22.300472651793307,-20.754601900098116,Botswana,WWT,NH3
0531,0,BOTSWANA_NORTH WEST_NGAMILAND EAST_KGAKGE/MAKAKUNG,22.500435832111794,-20.540049424101177,Botswana,WWT,NH3
0532,9.432798551231024e-7,BOTSWANA_NORTH WEST_NGAMILAND EAST_KOMANA,23.23556501767629,-20.197324460737033,Botswana,WWT,NH3
0533,0,BOTSWANA_NORTH WEST_NGAMILAND EAST_MABABE,23.997011922196286,-19.182027762406623,Botswana,WWT,NH3
0534,0.0010685237062466283,BOTSWANA_NORTH WEST_NGAMILAND EAST_MAKALAMABEDI,23.41521287773188,-20.67081042197008,Botswana,WWT,NH3
0535,0.01835199396732642,BOTSWANA_NORTH WEST_NGAMILAND EAST_MATLAPANA,23.546036955690333,-19.921555467159827,Botswana,WWT,NH3
0536,3.867741920285607e-5,BOTSWANA_NORTH WEST_NGAMILAND EAST_MATSAUDI/SAKAPNAE,23.675283205409393,-19.806194245710948,Botswana,WWT,NH3
0537,0.47271642152376914,BOTSWANA_NORTH WEST_NGAMILAND EAST_MAUN,24.199903111118402,-19.619553541252102,Botswana,WWT,NH3
0538,0.014271761519751961,BOTSWANA_NORTH WEST_NGAMILAND EAST_PHUDUHUDU,24.645957266286953,-20.051304523225582,Botswana,WWT,NH3
0539,2.305205061454716e-4,BOTSWANA_NORTH WEST_NGAMILAND EAST_SANKUYO,23.881724902731463,-19.421659901868495,Botswana,WWT,NH3
0540,0.028675378464400273,BOTSWANA_NORTH WEST_NGAMILAND EAST_SEHITHWA,22.677793302639653,-20.237066774603015,Botswana,WWT,NH3
0541,0.0014660693189929486,BOTSWANA_NORTH WEST_NGAMILAND EAST_SEMBOYO,22.27649485221952,-20.354376077745215,Botswana,WWT,NH3
0542,0.001194227536552166,BOTSWANA_NORTH WEST_NGAMILAND EAST_SHOROBE,23.712796248799126,-19.11296691544541,Botswana,WWT,NH3
0543,0.012731507424869712,BOTSWANA_NORTH WEST_NGAMILAND EAST_TOTENG,22.999306808598018,-20.32082005396448,Botswana,WWT,NH3
0544,0.006043487602376049,BOTSWANA_NORTH WEST_NGAMILAND EAST_TSAO,22.28659245098526,-20.02090488822863,Botswana,WWT,NH3
0545,0.010428322417742554,BOTSWANA_NORTH WEST_NGAMILAND WEST_BEETSHA,22.953920477145694,-18.380166226946653,Botswana,WWT,NH3
0546,0.007409023782489088,BOTSWANA_NORTH WEST_NGAMILAND WEST_CHUKUMUCHU,21.598703917965935,-18.74824397962615,Botswana,WWT,NH3
0547,0.004926155939581809,BOTSWANA_NORTH WEST_NGAMILAND WEST_ERETSHA,22.86584821151028,-18.79052805025673,Botswana,WWT,NH3
0548,0.045007815035979844,BOTSWANA_NORTH WEST_NGAMILAND WEST_ETSHA 1,22.224044369783737,-19.242642574470672,Botswana,WWT,NH3
0549,0.0022656942104569587,BOTSWANA_NORTH WEST_NGAMILAND WEST_ETSHA 13,22.229743070714033,-19.017116669937373,Botswana,WWT,NH3
0550,0.014246145356313192,BOTSWANA_NORTH WEST_NGAMILAND WEST_ETSHA 6,22.229066360329956,-19.108258691269373,Botswana,WWT,NH3
0551,8.458531102427725e-6,BOTSWANA_NORTH WEST_NGAMILAND WEST_GANI,21.444696927418082,-18.405419080628068,Botswana,WWT,NH3
0552,0.014425158126357017,BOTSWANA_NORTH WEST_NGAMILAND WEST_GONUTSUGA,22.59253926092765,-18.87801840211525,Botswana,WWT,NH3
0553,0,BOTSWANA_NORTH WEST_NGAMILAND WEST_GUDINGWA,22.905784262247845,-18.563529796191204,Botswana,WWT,NH3
0554,0.06473561204200609,BOTSWANA_NORTH WEST_NGAMILAND WEST_GUMARE,22.131570836874936,-19.394550571792966,Botswana,WWT,NH3
0555,0.007141546690118306,BOTSWANA_NORTH WEST_NGAMILAND WEST_IKOGA,22.218249775302052,-18.888300198172978,Botswana,WWT,NH3
0556,0.0012930889701124489,BOTSWANA_NORTH WEST_NGAMILAND WEST_KAJAJA,21.992248859877353,-18.703015404036154,Botswana,WWT,NH3
0557,0.036716182949347004,BOTSWANA_NORTH WEST_NGAMILAND WEST_KAUXWHI,21.93273566781973,-18.270501890330234,Botswana,WWT,NH3
0558,0.0010554118015996727,BOTSWANA_NORTH WEST_NGAMILAND WEST_MOGOMOTHO,22.252300749707768,-18.492510662073524,Botswana,WWT,NH3
0559,0.006231180298298868,BOTSWANA_NORTH WEST_NGAMILAND WEST_MOHEMBO EAST,21.802957716080922,-18.266524959816728,Botswana,WWT,NH3
0560,0.0045970056069985265,BOTSWANA_NORTH WEST_NGAMILAND WEST_MOHEMBO WEST,21.66725143544976,-18.312119665836942,Botswana,WWT,NH3
0561,5.083353837183736e-4,BOTSWANA_NORTH WEST_NGAMILAND WEST_MOKGACHA,22.28535493171085,-18.701773297683296,Botswana,WWT,NH3
0562,3.370965782443512e-4,BOTSWANA_NORTH WEST_NGAMILAND WEST_NGARANGE,22.04454772324353,-18.490470871633665,Botswana,WWT,NH3
0563,0.003545227222118744,BOTSWANA_NORTH WEST_NGAMILAND WEST_NOKANENG,22.21151988099178,-19.64313399653268,Botswana,WWT,NH3
0564,6.048323643656371e-4,BOTSWANA_NORTH WEST_NGAMILAND WEST_NXAMASERE,21.95986197574487,-18.61796345462013,Botswana,WWT,NH3
0565,1.7302298006148403e-4,BOTSWANA_NORTH WEST_NGAMILAND WEST_NXAUNXAU,21.351524290127983,-18.90359537023587,Botswana,WWT,NH3
0566,0.01386873179599245,BOTSWANA_NORTH WEST_NGAMILAND WEST_QANGWA,21.56450523279803,-19.49744243797423,Botswana,WWT,NH3
0567,0.003122257700222684,BOTSWANA_NORTH WEST_NGAMILAND WEST_SAMOCHEMA,21.807530849136374,-18.491110966045003,Botswana,WWT,NH3
0568,0.0011516845003276574,BOTSWANA_NORTH WEST_NGAMILAND WEST_SEKONDOMBORO,22.116154551020507,-18.31395834682349,Botswana,WWT,NH3
0569,0.025856922467320586,BOTSWANA_NORTH WEST_NGAMILAND WEST_SEPOPA,22.058884839789098,-18.787426270755017,Botswana,WWT,NH3
0570,0.00798974654305494,BOTSWANA_NORTH WEST_NGAMILAND WEST_SERONGA,22.432137134077763,-18.68657047380979,Botswana,WWT,NH3
0571,0.02333862261082919,BOTSWANA_NORTH WEST_NGAMILAND WEST_SHAKAWE,21.734262044931864,-18.42525466967516,Botswana,WWT,NH3
0572,3.787718158033937e-4,BOTSWANA_NORTH WEST_NGAMILAND WEST_TUBU,22.343676013963407,-19.42290273539071,Botswana,WWT,NH3
0573,0.05603163544728542,BOTSWANA_NORTH WEST_NGAMILAND WEST_XAKAO,21.89184146965982,-18.35122741006872,Botswana,WWT,NH3
0574,0.02119406478792259,BOTSWANA_NORTH WEST_NGAMILAND WEST_XAXA,21.481474650920102,-20.367126109392327,Botswana,WWT,NH3
0575,0.0013100790594793093,BOTSWANA_NORTH WEST_NGAMILAND WEST_XHAUGA,21.8600876919785,-18.555460050065392,Botswana,WWT,NH3
0576,0.04858228557695163,BOTSWANA_ORAPA_ORAPA_ORAPA,25.3996206036354,-21.263370671233456,Botswana,WWT,NH3
0577,0.2544307186328754,BOTSWANA_SELIBE PHIKWE_SELIBE PHIKWE_SELIBE PHIKWE,27.837207638783738,-21.958685691075345,Botswana,WWT,NH3
0578,0.28654601782810524,BOTSWANA_SOUTH EAST_SOUTH EAST_DOORN LAAGTE,25.651786031535003,-25.28255683886919,Botswana,WWT,NH3
0579,0.06315520460424077,BOTSWANA_SOUTH EAST_SOUTH EAST_HILDAVALE,25.616656741956373,-25.403085615302597,Botswana,WWT,NH3
0580,0.036836621619565815,BOTSWANA_SOUTH EAST_SOUTH EAST_LOBATSE ESTATES,25.699833727272946,-25.141969237065187,Botswana,WWT,NH3
0581,0.022353682726368403,BOTSWANA_SOUTH EAST_SOUTH EAST_MOGOBANE,25.702998989332475,-24.943145974483425,Botswana,WWT,NH3
0582,0.10120990048811636,BOTSWANA_SOUTH EAST_SOUTH EAST_OTSE,25.756324039083623,-25.045000276937234,Botswana,WWT,NH3
0583,0.043635854860468885,BOTSWANA_SOUTH EAST_SOUTH EAST_RAMOTSWA,25.829789056966593,-24.901951101856636,Botswana,WWT,NH3
0584,0.010165108021050199,BOTSWANA_SOUTH EAST_SOUTH EAST_RAMOTSWA STATION/TAUNG,25.770154438973417,-24.815461657589147,Botswana,WWT,NH3
0585,0.32545753597263066,BOTSWANA_SOUTH EAST_SOUTH EAST_TLOKWENG,26.035546995861406,-24.647763400719953,Botswana,WWT,NH3
0586,0.0037150264693278003,BOTSWANA_SOUTHERN_BAROLONG_BETHEL,25.523180210457173,-25.455324991549087,Botswana,WWT,NH3
0587,0.003777861914160908,BOTSWANA_SOUTHERN_BAROLONG_BOROBADILEPE,25.45763854772069,-25.624399960180156,Botswana,WWT,NH3
0588,0.0015939238083348933,BOTSWANA_SOUTHERN_BAROLONG_DIGAWANA,25.554337853260883,-25.336847733509767,Botswana,WWT,NH3
0589,2.9474762554434954e-4,BOTSWANA_SOUTHERN_BAROLONG_DIKHUKHUNG,24.885447065593745,-25.800063981646993,Botswana,WWT,NH3
0590,0.006473277215437387,BOTSWANA_SOUTHERN_BAROLONG_DINATSHANA,25.561032468363326,-25.459552008174736,Botswana,WWT,NH3
0591,0.007834844492545217,BOTSWANA_SOUTHERN_BAROLONG_DITLHARAPA,25.26534775604463,-25.74503088773403,Botswana,WWT,NH3
0592,0.008811085784725472,BOTSWANA_SOUTHERN_BAROLONG_GAMAJALELA,25.422867167043186,-25.383535663638526,Botswana,WWT,NH3
0593,0.0011212800235802462,BOTSWANA_SOUTHERN_BAROLONG_GATHWANE,25.50825122582933,-25.39225799661276,Botswana,WWT,NH3
0594,0.03538070481673739,BOTSWANA_SOUTHERN_BAROLONG_GOOD HOPE,25.425540411603592,-25.474044252271263,Botswana,WWT,NH3
0595,0.005645782789971431,BOTSWANA_SOUTHERN_BAROLONG_HEBRON,25.41118276541949,-25.696194884502404,Botswana,WWT,NH3
0596,4.7513954724393406e-8,BOTSWANA_SOUTHERN_BAROLONG_KANGWE,25.079061936844482,-25.406209192834304,Botswana,WWT,NH3
0597,0.020738073964456545,BOTSWANA_SOUTHERN_BAROLONG_KGORO,25.486735775180065,-25.453486474188907,Botswana,WWT,NH3
0598,0.0023548132945647535,BOTSWANA_SOUTHERN_BAROLONG_LEJWANA,25.53432726709042,-25.415801471703258,Botswana,WWT,NH3
0599,0.005868627407277211,BOTSWANA_SOUTHERN_BAROLONG_LEPORUNG,25.008424229579703,-25.672891074188268,Botswana,WWT,NH3
0600,0.002537296313668555,BOTSWANA_SOUTHERN_BAROLONG_LOGAGANE,25.398915672259538,-25.611615010488325,Botswana,WWT,NH3
0601,0.0015517561667565964,BOTSWANA_SOUTHERN_BAROLONG_LORWANA,25.502074910123632,-25.286996269753118,Botswana,WWT,NH3
0602,0.01505189410270606,BOTSWANA_SOUTHERN_BAROLONG_MABULE,24.537508834961965,-25.73692702390118,Botswana,WWT,NH3
0603,0.00940726924529083,BOTSWANA_SOUTHERN_BAROLONG_MADINGWANA,25.481261650329014,-25.576730325456165,Botswana,WWT,NH3
0604,1.6146934435944568e-4,BOTSWANA_SOUTHERN_BAROLONG_MAGORIAPITSE,25.27977947866948,-25.44137079227652,Botswana,WWT,NH3
0605,0.002735416808618106,BOTSWANA_SOUTHERN_BAROLONG_MAKOKWE,25.475459011292934,-25.66937770824479,Botswana,WWT,NH3
0606,0.021721634136270308,BOTSWANA_SOUTHERN_BAROLONG_MALOKAGANYANE,25.488358562103294,-25.502299871489452,Botswana,WWT,NH3
0607,0.0013187612349292942,BOTSWANA_SOUTHERN_BAROLONG_MAROJANE,25.341901927422153,-25.73640142441916,Botswana,WWT,NH3
0608,2.117173812062165e-5,BOTSWANA_SOUTHERN_BAROLONG_METLOBO,25.124348846065626,-25.39253659443453,Botswana,WWT,NH3
0609,0.00824092190305123,BOTSWANA_SOUTHERN_BAROLONG_METLOJANE,25.375187769980677,-25.552026515853672,Botswana,WWT,NH3
0610,0.001598061208753633,BOTSWANA_SOUTHERN_BAROLONG_MMAKGORI,24.800927173643334,-25.789358109184104,Botswana,WWT,NH3
0611,0.004659506316033967,BOTSWANA_SOUTHERN_BAROLONG_MMATHETHE,25.16245192169214,-25.332818623646105,Botswana,WWT,NH3
0612,0.038499964820578166,BOTSWANA_SOUTHERN_BAROLONG_MOGOJOGOJO,25.472237292279374,-25.35846674488226,Botswana,WWT,NH3
0613,0.004994550092629807,BOTSWANA_SOUTHERN_BAROLONG_MOGWALALE,25.3618167413177,-25.480322244471722,Botswana,WWT,NH3
0614,0.008922844706015266,BOTSWANA_SOUTHERN_BAROLONG_MOKATAKO,25.21324864044004,-25.72876284416883,Botswana,WWT,NH3
0615,3.049661815920408e-4,BOTSWANA_SOUTHERN_BAROLONG_MOKGOMANE,25.21261347084866,-25.518245387897743,Botswana,WWT,NH3
0616,0.002251199223077392,BOTSWANA_SOUTHERN_BAROLONG_MOLETE,25.308791189937068,-25.671084438672697,Botswana,WWT,NH3
0617,4.663308922382948e-4,BOTSWANA_SOUTHERN_BAROLONG_MOTSENTSHE,25.375726428046065,-25.379180264622413,Botswana,WWT,NH3
0618,0.007959597535663363,BOTSWANA_SOUTHERN_BAROLONG_MUSI,25.08334912114238,-25.688286393457503,Botswana,WWT,NH3
0619,0.010339991466237304,BOTSWANA_SOUTHERN_BAROLONG_NGWATSAU,25.540401017789634,-25.553981728114238,Botswana,WWT,NH3
0620,0.00580954823959459,BOTSWANA_SOUTHERN_BAROLONG_PAPATLO,25.50091785142035,-25.65156471920203,Botswana,WWT,NH3
0621,0.002519758196447206,BOTSWANA_SOUTHERN_BAROLONG_PHIHITSHWANE,25.414087664638753,-25.65601906088651,Botswana,WWT,NH3
0622,0.010638536208135081,BOTSWANA_SOUTHERN_BAROLONG_PITSANA-POTOKWE,25.556580548078113,-25.50806204359263,Botswana,WWT,NH3
0623,0.014538864982320193,BOTSWANA_SOUTHERN_BAROLONG_PITSANE SIDING,25.604250914974468,-25.46943866185844,Botswana,WWT,NH3
0624,0.0010583370476640254,BOTSWANA_SOUTHERN_BAROLONG_PITSHANE MOLOPO,25.119834443362777,-25.744597939849236,Botswana,WWT,NH3
0625,0.016571995996717496,BOTSWANA_SOUTHERN_BAROLONG_RAKHUNA,25.578883997684116,-25.582003199973805,Botswana,WWT,NH3
0626,0.019036763435424733,BOTSWANA_SOUTHERN_BAROLONG_RAMATLABAMA,25.542590563183143,-25.63663806930263,Botswana,WWT,NH3
0627,0.0020206120056596097,BOTSWANA_SOUTHERN_BAROLONG_SEDIBENG,25.16840936243981,-25.684656039464652,Botswana,WWT,NH3
0628,9.017541650215944e-4,BOTSWANA_SOUTHERN_BAROLONG_SEKHUTLANE,24.48911487032339,-25.502857393367236,Botswana,WWT,NH3
0629,0.00230412121808,BOTSWANA_SOUTHERN_BAROLONG_SHEEP FARM,25.494453226915,-25.550549245917278,Botswana,WWT,NH3
0630,0.020276442739643297,BOTSWANA_SOUTHERN_BAROLONG_TLHARESELEELE,25.6164016549552,-25.509947342258574,Botswana,WWT,NH3
0631,0.015704665858554852,BOTSWANA_SOUTHERN_BAROLONG_TSHIDILAMOLOMO,24.680774921105087,-25.71938467094859,Botswana,WWT,NH3
0632,2.591563011486413e-4,BOTSWANA_SOUTHERN_BAROLONG_TSWAANENG,24.874731933296207,-25.481179488719636,Botswana,WWT,NH3
0633,0.0016716689442291912,BOTSWANA_SOUTHERN_BAROLONG_TSWAGARE/LOTHOJE/LOKALANA,25.32250003507171,-25.608673297419177,Botswana,WWT,NH3
0634,8.869794404772354e-4,BOTSWANA_SOUTHERN_BAROLONG_TSWANYANENG,25.26289447863055,-25.6163734983762,Botswana,WWT,NH3
0635,8.385153996521979e-5,BOTSWANA_SOUTHERN_NGWAKETSE WEST_ITHOLOKE,23.49754475940133,-24.802379212464427,Botswana,WWT,NH3
0636,0.008384957506034916,BOTSWANA_SOUTHERN_NGWAKETSE WEST_KANAKU,23.536569449983585,-24.292118077279163,Botswana,WWT,NH3
0637,3.940374767453407e-5,BOTSWANA_SOUTHERN_NGWAKETSE WEST_KENG,23.822720476728055,-24.619062130504958,Botswana,WWT,NH3
0638,7.641653037875816e-4,BOTSWANA_SOUTHERN_NGWAKETSE WEST_KHAKHEA,23.52876267152225,-24.69951083983683,Botswana,WWT,NH3
0639,2.5655396483620062e-5,BOTSWANA_SOUTHERN_NGWAKETSE WEST_KHONKHWA,23.935454133373597,-24.46012666914766,Botswana,WWT,NH3
0640,6.162634389954431e-4,BOTSWANA_SOUTHERN_NGWAKETSE WEST_KOKONG,23.160513999524845,-24.39362019765512,Botswana,WWT,NH3
0641,3.874095919148917e-5,BOTSWANA_SOUTHERN_NGWAKETSE WEST_KUTUKU,23.639126946319017,-24.680282589894166,Botswana,WWT,NH3
0642,6.497671504912896e-4,BOTSWANA_SOUTHERN_NGWAKETSE WEST_MABUTSANE,23.705699680104797,-24.459760111464377,Botswana,WWT,NH3
0643,0,BOTSWANA_SOUTHERN_NGWAKETSE WEST_MAHOTSHWANE,24.187255352450173,-24.38400662626752,Botswana,WWT,NH3
0644,2.2276129620419466e-6,BOTSWANA_SOUTHERN_NGWAKETSE WEST_MORWAMOSU,23.122520350392715,-24.153854514850522,Botswana,WWT,NH3
0645,3.550482318698109e-5,BOTSWANA_SOUTHERN_NGWAKETSE WEST_SEKOMA,24.02445527149606,-24.579997053681147,Botswana,WWT,NH3
0646,0.008740302642477727,BOTSWANA_SOUTHERN_SOUTHERN_BETESANKWE,24.8941696227703,-24.719678878206103,Botswana,WWT,NH3
0647,0.0017652254502689602,BOTSWANA_SOUTHERN_SOUTHERN_DIABO,25.365536715216567,-25.223190983743812,Botswana,WWT,NH3
0648,0.0037547031730951943,BOTSWANA_SOUTHERN_SOUTHERN_DIPOTSANA,25.446292913079866,-25.212561776849554,Botswana,WWT,NH3
0649,0.002556931680950997,BOTSWANA_SOUTHERN_SOUTHERN_GASITA,24.82803541943543,-25.124083589756676,Botswana,WWT,NH3
0650,0.445048078156726,BOTSWANA_SOUTHERN_SOUTHERN_KANYE,25.289267678855026,-25.048656911618565,Botswana,WWT,NH3
0651,0.01223097439470217,BOTSWANA_SOUTHERN_SOUTHERN_KGOMOKASITWA,25.611112091400322,-25.09686032652438,Botswana,WWT,NH3
0652,0.0025963450490421843,BOTSWANA_SOUTHERN_SOUTHERN_LEFOKO,24.690111852640598,-24.8470312136434,Botswana,WWT,NH3
0653,0.0020275250121207728,BOTSWANA_SOUTHERN_SOUTHERN_LEKGOLOBOTLO,25.61615083241098,-24.885307065481175,Botswana,WWT,NH3
0654,5.48697855878345e-4,BOTSWANA_SOUTHERN_SOUTHERN_LOROLWANA,24.459937704580028,-25.2535967198016,Botswana,WWT,NH3
0655,0.010861255302720266,BOTSWANA_SOUTHERN_SOUTHERN_LOTLHAKANE,25.435707774440367,-25.08771727806122,Botswana,WWT,NH3
0656,0.0022348255769917957,BOTSWANA_SOUTHERN_SOUTHERN_LOTLHAKANE WEST,25.295371153997333,-24.784930431562245,Botswana,WWT,NH3
0657,0.0012276567251720332,BOTSWANA_SOUTHERN_SOUTHERN_MAGOTLHWANE,25.599116726068054,-24.996853415826646,Botswana,WWT,NH3
0658,0.03446880783311704,BOTSWANA_SOUTHERN_SOUTHERN_MANYANA,25.574934396304805,-24.79875482887838,Botswana,WWT,NH3
0659,8.255679882919286e-5,BOTSWANA_SOUTHERN_SOUTHERN_MAOKANE,24.649164740852807,-24.988391174828216,Botswana,WWT,NH3
0660,3.5333559298492237e-4,BOTSWANA_SOUTHERN_SOUTHERN_MOGONYE,25.67857687556797,-24.842313481878563,Botswana,WWT,NH3
0661,0.03648256933066133,BOTSWANA_SOUTHERN_SOUTHERN_MOKHOMBA,24.61814743618357,-24.716762968297573,Botswana,WWT,NH3
0662,0.037556464473518535,BOTSWANA_SOUTHERN_SOUTHERN_MOLAPOWABOJANG,25.545639385657516,-25.196418239986023,Botswana,WWT,NH3
0663,0.009568579908708477,BOTSWANA_SOUTHERN_SOUTHERN_MOSHANENG,25.208444254843652,-24.835326824262772,Botswana,WWT,NH3
0664,0.0812314513555366,BOTSWANA_SOUTHERN_SOUTHERN_MOSHUPA,25.42468410253782,-24.802239950537796,Botswana,WWT,NH3
0665,0.014650900811776531,BOTSWANA_SOUTHERN_SOUTHERN_NTLHANTLHE,25.563433827213757,-25.01680148927233,Botswana,WWT,NH3
0666,7.119199688303748e-5,BOTSWANA_SOUTHERN_SOUTHERN_PITSENG,25.026961859107356,-24.671811025950742,Botswana,WWT,NH3
0667,2.579763926449845e-4,BOTSWANA_SOUTHERN_SOUTHERN_RALEKGETHO,25.153983418889254,-24.651674927885143,Botswana,WWT,NH3
0668,0.024920227118794467,BOTSWANA_SOUTHERN_SOUTHERN_RANAKA,25.49210433716248,-24.953019551938723,Botswana,WWT,NH3
0669,0.0016228927697420593,BOTSWANA_SOUTHERN_SOUTHERN_SEGWAGWA,25.154246986825143,-25.20370107041337,Botswana,WWT,NH3
0670,2.2490215895732294e-4,BOTSWANA_SOUTHERN_SOUTHERN_SEHERELELA,24.966365412487043,-24.85255338029039,Botswana,WWT,NH3
0671,6.281472003309039e-4,BOTSWANA_SOUTHERN_SOUTHERN_SELOKOLELA,25.08619153157018,-25.012511421456256,Botswana,WWT,NH3
0672,0.005830558853575316,BOTSWANA_SOUTHERN_SOUTHERN_SEMANE,24.36060822534978,-24.5838070534333,Botswana,WWT,NH3
0673,0.09399931746026458,BOTSWANA_SOUTHERN_SOUTHERN_SESE,24.837457767676273,-24.623316789302145,Botswana,WWT,NH3
0674,9.56019700268806e-5,BOTSWANA_SOUTHERN_SOUTHERN_SESUNG,25.085978537640155,-24.864295490303654,Botswana,WWT,NH3
0675,2.7284573584233717e-5,BOTSWANA_SOUTHERN_SOUTHERN_TLHANKANE,24.375461207737164,-24.957536336747538,Botswana,WWT,NH3
0676,0.0038017026343130558,BOTSWANA_SOUTHERN_SOUTHERN_TSHWAANE,25.273421585713766,-24.711641454327474,Botswana,WWT,NH3
0677,0.05683686106844043,BOTSWANA_SOUTHERN_SOUTHERN_TSONYANE,24.813855404067922,-24.839469110997843,Botswana,WWT,NH3
0678,0.06986258963341437,BOTSWANA_SOWA TOWN_SOWA TOWN_SOWA TOWN,26.205474065724133,-20.525655504329873,Botswana,WWT,NH3
0679,0,BOTSWANA_NORTH WEST_NGAMILAND WEST_TOBERE,22.060761168763293,-18.2277220943275,Botswana,WWT,NH3
0680,0.19226590018503867,BOTSWANA_FRANCISTOWN_FRANCISTOWN_FRANCISTOWN,27.527173396825056,-21.15325240029203,Botswana,WWT,NH3
0681,0.0020747591390234826,BOTSWANA_NORTH EAST_NORTH EAST_MATOPI,27.91115579539766,-21.482192037003767,Botswana,WWT,NH3
0682,2.083966257058553,LESOTHO_BEREA,27.916543179927878,-29.196133964322186,Lesotho,WWT,NH3
0683,0.8396927801017101,LESOTHO_BUTHA-BUTHE,28.564194113912084,-28.80291309387294,Lesotho,WWT,NH3
0684,2.309164645816665,LESOTHO_LERIBE,28.262778693785734,-29.01811492119529,Lesotho,WWT,NH3
0685,1.2872445933790104,LESOTHO_MAFETENG,27.392581280663943,-29.77903326417238,Lesotho,WWT,NH3
0686,2.538303787655556,LESOTHO_MASERU,27.818410139103523,-29.578708001027245,Lesotho,WWT,NH3
0687,0.9480698494045143,LESOTHO_MOHALE'S HOEK,27.81073935217726,-30.05732318594617,Lesotho,WWT,NH3
0688,0.4061144835558293,LESOTHO_MOKHOTLONG,29.030965902973236,-29.219387585513097,Lesotho,WWT,NH3
0689,0.17631825061418674,LESOTHO_QACHA'S NEK,28.738216934631595,-29.96551989191937,Lesotho,WWT,NH3
0690,0.38933572661331356,LESOTHO_QUTHING,27.985860217458367,-30.361098997601832,Lesotho,WWT,NH3
0691,0.5765694779404795,LESOTHO_THABA-TSEKA,28.592501565541635,-29.5707462455164,Lesotho,WWT,NH3
0692,2.564254205142789,MALAWI_SOUTHERN REGION_BALAKA,35.057010057789576,-15.035291543995603,Malawi,WWT,NH3
0693,2.892650857543256,MALAWI_SOUTHERN REGION_BLANTYRE,34.93215294645478,-15.653521070374605,Malawi,WWT,NH3
0694,1.1876906644321847,MALAWI_SOUTHERN REGION_BLANTYRE CITY,35.049846087604834,-15.788155512634402,Malawi,WWT,NH3
0695,3.482258766379795,MALAWI_SOUTHERN REGION_CHIKWAWA,34.70903689510921,-16.164449793446956,Malawi,WWT,NH3
0696,2.5008289080693107,MALAWI_SOUTHERN REGION_CHIRADZULU,35.21401510212054,-15.74504273186666,Malawi,WWT,NH3
0697,1.244357693428267,MALAWI_NORTHERN REGION_CHITIPA,33.50075697273936,-9.961323805951439,Malawi,WWT,NH3
0698,5.609324615287322,MALAWI_CENTRAL REGION_DEDZA,34.227546152785884,-14.26666414364504,Malawi,WWT,NH3
0699,4.779450797086503,MALAWI_CENTRAL REGION_DOWA,33.7882007354298,-13.568943726666408,Malawi,WWT,NH3
0700,1.745239937359856,MALAWI_NORTHERN REGION_KARONGA,33.88286491576761,-10.085628973711133,Malawi,WWT,NH3
0701,4.767494636409912,MALAWI_CENTRAL REGION_KASUNGU,33.38591920703449,-12.984592469489298,Malawi,WWT,NH3
0702,3.148726884538645,MALAWI_LAKE MALAWI_LAKE MALAWI,34.46342187078561,-11.83542210532386,Malawi,WWT,NH3
0703,0.18570626027808707,MALAWI_NORTHERN REGION_LIKOMA,34.68456952933858,-12.049251389757782,Malawi,WWT,NH3
0704,11.564924290520233,MALAWI_CENTRAL REGION_LILONGWE,33.678384246204125,-14.02262845680586,Malawi,WWT,NH3
0705,1.5707607431548238,MALAWI_CENTRAL REGION_LILONGWE CITY,33.777412227707195,-13.917060812410538,Malawi,WWT,NH3
0706,4.420572047549599,MALAWI_SOUTHERN REGION_MACHINGA,35.56621569203856,-14.939743540640112,Malawi,WWT,NH3
0707,5.3822493290431,MALAWI_SOUTHERN REGION_MANGOCHI,35.188672100825926,-14.35745673152043,Malawi,WWT,NH3
0708,3.8301916991807077,MALAWI_CENTRAL REGION_MCHINJI,33.05678421553763,-13.693204790303813,Malawi,WWT,NH3
0709,5.060842342324528,MALAWI_SOUTHERN REGION_MULANJE,35.510601697456494,-15.937493088013312,Malawi,WWT,NH3
0710,0.9078852922253025,MALAWI_SOUTHERN REGION_MWANZA,34.51070572282828,-15.653498412560298,Malawi,WWT,NH3
0711,5.807730928813037,MALAWI_NORTHERN REGION_MZIMBA,33.63357391674036,-11.774662616846621,Malawi,WWT,NH3
0712,0.2662391558867337,MALAWI_NORTHERN REGION_MZUZU CITY,34.008085621399474,-11.435033136665401,Malawi,WWT,NH3
0713,0.9608340073325039,MALAWI_SOUTHERN REGION_NENO,34.69511229098429,-15.46855436212607,Malawi,WWT,NH3
0714,1.4748379538670375,MALAWI_NORTHERN REGION_NKHATA BAY,34.04155946420708,-11.671744085857307,Malawi,WWT,NH3
0715,2.025000940329721,MALAWI_CENTRAL REGION_NKHOTAKOTA,34.088412143637505,-12.844968406478515,Malawi,WWT,NH3
0716,1.6970493352898446,MALAWI_SOUTHERN REGION_NSANJE,35.14256102689594,-16.7458281066411,Malawi,WWT,NH3
0717,4.046990887492715,MALAWI_CENTRAL REGION_NTCHEU,34.7150219403129,-14.809209532624244,Malawi,WWT,NH3
0718,1.7788479356439797,MALAWI_CENTRAL REGION_NTCHISI,33.919435671123914,-13.29729664939087,Malawi,WWT,NH3
0719,2.428703803161623,MALAWI_SOUTHERN REGION_PHALOMBE,35.69103908738544,-15.669471595035306,Malawi,WWT,NH3
0720,1.1846583092026861,MALAWI_NORTHERN REGION_RUMPHI,33.814313155835954,-10.819178535708213,Malawi,WWT,NH3
0721,2.384377310071694,MALAWI_CENTRAL REGION_SALIMA,34.38342391012431,-13.73580013859686,Malawi,WWT,NH3
0722,5.356575258991604,MALAWI_SOUTHERN REGION_THYOLO,35.14513805866104,-16.103293124272504,Malawi,WWT,NH3
0723,5.246197282921399,MALAWI_SOUTHERN REGION_ZOMBA,35.431720494463534,-15.397965042950926,Malawi,WWT,NH3
0724,0.11213490450886064,MALAWI_SOUTHERN REGION_ZOMBA CITY,35.32958370864326,-15.389038184748701,Malawi,WWT,NH3
0725,0.6875936716202851,MOZAMBIQUE_CABO DELGADO_ANCUABE_ANCUABE SEDE,39.81250434636672,-12.844910167361961,Mozambique,WWT,NH3
0726,0.3339973865081343,MOZAMBIQUE_CABO DELGADO_ANCUABE_METORO,39.98166464165771,-13.123343510947777,Mozambique,WWT,NH3
0727,0.41140383591241175,MOZAMBIQUE_CABO DELGADO_ANCUABE_MEZA,39.50077329178648,-13.002763030349875,Mozambique,WWT,NH3
0728,0.7071603426206019,MOZAMBIQUE_CABO DELGADO_BALAMA_BALAMA SEDE,38.60741548928212,-13.34632445565341,Mozambique,WWT,NH3
0729,0.07938359123708441,MOZAMBIQUE_CABO DELGADO_BALAMA_IMPIRE,38.234370073203195,-13.36117175168839,Mozambique,WWT,NH3
0730,0.33951469176808635,MOZAMBIQUE_CABO DELGADO_BALAMA_KWEKWE,38.360631459274536,-13.719258906829074,Mozambique,WWT,NH3
0731,0.12645006907027426,MOZAMBIQUE_CABO DELGADO_BALAMA_MAVALA,38.44433858639442,-13.127397794272662,Mozambique,WWT,NH3
0732,0.44484998289584093,MOZAMBIQUE_CABO DELGADO_CHIÚRE_CHIÚRE SEDE,39.78631866112433,-13.334949533035196,Mozambique,WWT,NH3
0733,0.5063251585281329,MOZAMBIQUE_CABO DELGADO_CHIÚRE_CHIÚRE VELHO,39.9790643743911,-13.394863091288299,Mozambique,WWT,NH3
0734,0.2511928247187393,MOZAMBIQUE_CABO DELGADO_CHIÚRE_KATAPUA,39.46036839056145,-13.3790182741743,Mozambique,WWT,NH3
0735,0.3665932090629076,MOZAMBIQUE_CABO DELGADO_CHIÚRE_MAZEZE,40.26493789258037,-13.394800824078336,Mozambique,WWT,NH3
0736,0.5880244787750178,MOZAMBIQUE_CABO DELGADO_CHIÚRE_NAMOGELIA,39.39543595419324,-13.73917584393942,Mozambique,WWT,NH3
0737,0.6445782705093984,MOZAMBIQUE_CABO DELGADO_CHIÚRE_OCUA,39.70712436514545,-13.593555718225081,Mozambique,WWT,NH3
0738,0.21582330022966326,MOZAMBIQUE_CABO DELGADO_CIDADE DE PEMBA_CIDADE DE PEMBA,40.5301137002399,-13.01866368362211,Mozambique,WWT,NH3
0739,0.01123831279421111,MOZAMBIQUE_CABO DELGADO_IBO_IBO SEDE,40.58966660854597,-12.296434453801252,Mozambique,WWT,NH3
0740,0.002936442770024637,MOZAMBIQUE_CABO DELGADO_IBO_QUIRIMBA,40.60573197983616,-12.436621233927731,Mozambique,WWT,NH3
0741,0.25834796187055536,MOZAMBIQUE_CABO DELGADO_MACOMIA_CHAI,40.09939009869904,-11.975771317344952,Mozambique,WWT,NH3
0742,0.3885313170477862,MOZAMBIQUE_CABO DELGADO_MACOMIA_MACOMIA SEDE,40.00966789367028,-12.185963022208076,Mozambique,WWT,NH3
0743,0.31269627141793477,MOZAMBIQUE_CABO DELGADO_MACOMIA_MUCOJO,40.39838621183561,-12.132019600349427,Mozambique,WWT,NH3
0744,0.11345248753120665,MOZAMBIQUE_CABO DELGADO_MACOMIA_QUITERAJO,40.34862064188187,-11.822248596272631,Mozambique,WWT,NH3
0745,0.2952599433397808,MOZAMBIQUE_CABO DELGADO_MECÚFI_MECÚFI SEDE,40.44136931989843,-13.314578160765912,Mozambique,WWT,NH3
0746,0.17413527403540607,MOZAMBIQUE_CABO DELGADO_MECÚFI_MURREBUE,40.3621691122671,-13.16275211422268,Mozambique,WWT,NH3
0747,0.2568622122518488,MOZAMBIQUE_CABO DELGADO_MELUCO_MELUCO,39.519008675605434,-12.466558692060977,Mozambique,WWT,NH3
0748,0.2864375085176932,MOZAMBIQUE_CABO DELGADO_MELUCO_MUAGUIDE,40.006147820712634,-12.461564676608146,Mozambique,WWT,NH3
0749,0.48871678138583613,MOZAMBIQUE_CABO DELGADO_METUGE_METUGE SEDE,40.30149518097115,-12.881110538127228,Mozambique,WWT,NH3
0750,0.13608544000355627,MOZAMBIQUE_CABO DELGADO_METUGE_MIEZE,40.42604082004337,-13.071741165509883,Mozambique,WWT,NH3
0751,0.291295301333755,MOZAMBIQUE_CABO DELGADO_MOCÍMBOA DA PRAIA_DIACA,39.98361766384434,-11.50941232931751,Mozambique,WWT,NH3
0752,0.1929951924913638,MOZAMBIQUE_CABO DELGADO_MOCÍMBOA DA PRAIA_MBAU,40.264033426645,-11.61011746355292,Mozambique,WWT,NH3
0753,0.4620679971266953,MOZAMBIQUE_CABO DELGADO_MOCÍMBOA DA PRAIA_MOCÍMBOA DA PRAIA SEDE,40.221732345886586,-11.307039802847223,Mozambique,WWT,NH3
0754,0.6733822492341224,MOZAMBIQUE_CABO DELGADO_MONTEPUEZ_CIDADE DE MONTEPUEZ,39.10336496633387,-13.155831594194833,Mozambique,WWT,NH3
0755,0.30271570390994507,MOZAMBIQUE_CABO DELGADO_MONTEPUEZ_MAPUPULO,38.85156103637511,-13.296202609826898,Mozambique,WWT,NH3
0756,0.8274705227491675,MOZAMBIQUE_CABO DELGADO_MONTEPUEZ_MIRATE SEDE,38.889102884866084,-12.858163088415916,Mozambique,WWT,NH3
0757,0.23191848072423576,MOZAMBIQUE_CABO DELGADO_MONTEPUEZ_NAIROTO,38.60846512227451,-12.417692004693443,Mozambique,WWT,NH3
0758,0.13845790212301676,MOZAMBIQUE_CABO DELGADO_MONTEPUEZ_NAMANHUMBIR,39.29331479236441,-13.03734599713965,Mozambique,WWT,NH3
0759,0.22896513350767914,MOZAMBIQUE_CABO DELGADO_MUEDA_CHAPA,39.300669871212165,-11.933739048526274,Mozambique,WWT,NH3
0760,0.1557920615718338,MOZAMBIQUE_CABO DELGADO_MUEDA_IMBUHO SEDE,39.71330104587685,-11.492354708140468,Mozambique,WWT,NH3
0761,0.5443810167276084,MOZAMBIQUE_CABO DELGADO_MUEDA_MUEDA SEDE,39.52799055312814,-11.615490131717069,Mozambique,WWT,NH3
0762,0.19993670154937845,MOZAMBIQUE_CABO DELGADO_MUEDA_NAMAUA,39.71135420448486,-11.578853289361819,Mozambique,WWT,NH3
0763,0.05453726960116294,MOZAMBIQUE_CABO DELGADO_MUEDA_NEGOMANO,38.68032202017621,-11.555132251334204,Mozambique,WWT,NH3
0764,0.5307981718996422,MOZAMBIQUE_CABO DELGADO_MUEDA_NGAPA,39.181606916419916,-11.449464889051079,Mozambique,WWT,NH3
0765,0.22867296207353885,MOZAMBIQUE_CABO DELGADO_MUIDUMBE_CHITUNDA,40.02853944757149,-11.798368536527168,Mozambique,WWT,NH3
0766,0.17970484753034313,MOZAMBIQUE_CABO DELGADO_MUIDUMBE_MITEDA,39.64749196598334,-11.853991027094667,Mozambique,WWT,NH3
0767,0.4237561613921351,MOZAMBIQUE_CABO DELGADO_MUIDUMBE_MUAMBULA,39.82130488684691,-11.841747965829844,Mozambique,WWT,NH3
0768,0.2782388094700369,MOZAMBIQUE_CABO DELGADO_NAMUNO_HUCULA,39.027034408935776,-13.807982550463722,Mozambique,WWT,NH3
0769,0.4209571361553466,MOZAMBIQUE_CABO DELGADO_NAMUNO_MACHOCA,38.9025822941826,-13.935861472055366,Mozambique,WWT,NH3
0770,0.21592360734559926,MOZAMBIQUE_CABO DELGADO_NAMUNO_MELOCO,39.16332069555443,-13.55331427408594,Mozambique,WWT,NH3
0771,0.7175171069728811,MOZAMBIQUE_CABO DELGADO_NAMUNO_NAMUNO SEDE,38.85042931380327,-13.571803785012364,Mozambique,WWT,NH3
0772,0.2806112954124689,MOZAMBIQUE_CABO DELGADO_NAMUNO_NCUMPE,38.64829661522544,-13.759868655212932,Mozambique,WWT,NH3
0773,0.3671192642992336,MOZAMBIQUE_CABO DELGADO_NAMUNO_PAPAI,38.6112488248292,-14.01083078018285,Mozambique,WWT,NH3
0774,0.5917455872245423,MOZAMBIQUE_CABO DELGADO_NANGADE_NANGADE SEDE,39.74862940454096,-11.083424646974992,Mozambique,WWT,NH3
0775,0.3003633265846027,MOZAMBIQUE_CABO DELGADO_NANGADE_NTAMBA,39.82186362422569,-11.298924991205137,Mozambique,WWT,NH3
0776,0.2295885550860753,MOZAMBIQUE_CABO DELGADO_PALMA_OLUMBE,40.37722280987631,-11.022253412786055,Mozambique,WWT,NH3
0777,0.19216649534861543,MOZAMBIQUE_CABO DELGADO_PALMA_PALMA,40.36752760276333,-10.781107321340652,Mozambique,WWT,NH3
0778,0.12425564675945001,MOZAMBIQUE_CABO DELGADO_PALMA_PUNDANHAR,40.10649223692033,-10.915061660907167,Mozambique,WWT,NH3
0779,0.13632900039324308,MOZAMBIQUE_CABO DELGADO_PALMA_QUIONGA,40.39832171975072,-10.605188674355327,Mozambique,WWT,NH3
0780,0.2712981088660561,MOZAMBIQUE_CABO DELGADO_QUISSANGA_BILIBIZA,40.19654727032573,-12.609796456581662,Mozambique,WWT,NH3
0781,0.33526706954277796,MOZAMBIQUE_CABO DELGADO_QUISSANGA_MAHATE,40.41919917872787,-12.635885089192568,Mozambique,WWT,NH3
0782,0.601423086314189,MOZAMBIQUE_CIDADE DE MAPUTO_KAMAVOTA_KAMAVOTA,32.634886641291224,-25.887693649593853,Mozambique,WWT,NH3
0783,0.11116431949085426,MOZAMBIQUE_CIDADE DE MAPUTO_KAMAXAKENI_KAMAXAKENI,32.59944117113847,-25.93889789948286,Mozambique,WWT,NH3
0784,0.16343742241154338,MOZAMBIQUE_CIDADE DE MAPUTO_KAMPFUMO_KAMPFUMO,32.586471991569425,-25.963392495074924,Mozambique,WWT,NH3
0785,0.7094030718995543,MOZAMBIQUE_CIDADE DE MAPUTO_KAMUBUKWANA_KAMUBUKWANA,32.57628175378329,-25.874280175789803,Mozambique,WWT,NH3
0786,0.03036179686178105,MOZAMBIQUE_CIDADE DE MAPUTO_KANYAKA_KANYAKA,32.942792473320985,-26.019854398302623,Mozambique,WWT,NH3
0787,0.33127488176504183,MOZAMBIQUE_CIDADE DE MAPUTO_KATEMBE_KATEMBE,32.52558521951384,-26.037162300504427,Mozambique,WWT,NH3
0788,0.14559133550286113,MOZAMBIQUE_CIDADE DE MAPUTO_NHLAMANKULO_NHLAMANKULO,32.557337897173184,-25.94748667088231,Mozambique,WWT,NH3
0789,0.06583041216001641,MOZAMBIQUE_GAZA_BILENE_BILENE MACIA,33.12170844184735,-25.024345210123222,Mozambique,WWT,NH3
0790,0.07833324771756925,MOZAMBIQUE_GAZA_BILENE_INCAIA,33.23389036385305,-24.972836632632283,Mozambique,WWT,NH3
0791,0.21076591768769856,MOZAMBIQUE_GAZA_BILENE_MACUANE,33.16406911785151,-25.13186013405694,Mozambique,WWT,NH3
0792,0.20111166395721913,MOZAMBIQUE_GAZA_BILENE_MAZIVILA,33.15771945972996,-24.86159285857413,Mozambique,WWT,NH3
0793,0.2073226275730038,MOZAMBIQUE_GAZA_BILENE_MESSANO,32.994801638202425,-24.9711864826169,Mozambique,WWT,NH3
0794,0.1734580689867285,MOZAMBIQUE_GAZA_BILENE_PRAIA DE BILENE,33.22313026811176,-25.268200454905273,Mozambique,WWT,NH3
0795,0.479120476916969,MOZAMBIQUE_GAZA_CHIBUTO_ALTO CHANGANE,33.532709699998925,-24.239915954397528,Mozambique,WWT,NH3
0796,0.0648422361722154,MOZAMBIQUE_GAZA_CHIBUTO_CHANGANINE,33.78000414254853,-24.004994838500192,Mozambique,WWT,NH3
0797,0.05489885362275266,MOZAMBIQUE_GAZA_CHIBUTO_CIDADE DE CHIBUTO,33.56479821975432,-24.69579299181594,Mozambique,WWT,NH3
0798,0.419764290493805,MOZAMBIQUE_GAZA_CHIBUTO_GODIDE,33.664009941160174,-24.59383871859075,Mozambique,WWT,NH3
0799,0.7843782057900919,MOZAMBIQUE_GAZA_CHIBUTO_MALEHICE,33.68651799951757,-24.751639870695612,Mozambique,WWT,NH3
0800,0.30393280471073797,MOZAMBIQUE_GAZA_CHIBUTO_TCHAIMITE,33.40913649471263,-24.6274038248804,Mozambique,WWT,NH3
0801,0.24859642390478398,MOZAMBIQUE_GAZA_CHICUALACUALA_EDUARDO MONDLANE,31.90283759038279,-22.22474259936432,Mozambique,WWT,NH3
0802,0.2909220920464344,MOZAMBIQUE_GAZA_CHICUALACUALA_PAFURI,31.839636613036426,-23.062508500431342,Mozambique,WWT,NH3
0803,0.04113264468855018,MOZAMBIQUE_GAZA_CHIGUBO_CHIGUBO SEDE,33.28327880896511,-22.55689162530508,Mozambique,WWT,NH3
0804,0.315036539248372,MOZAMBIQUE_GAZA_CHIGUBO_NDINDIZA,33.50940091714144,-23.45508178763895,Mozambique,WWT,NH3
0805,0.057807871180314066,MOZAMBIQUE_GAZA_CHÓKWÈ_CIDADE DE CHÓKWÈ,32.99328794506374,-24.520208875238563,Mozambique,WWT,NH3
0806,0.3646130016140341,MOZAMBIQUE_GAZA_CHÓKWÈ_LIONDE,33.00856327547369,-24.690277510511446,Mozambique,WWT,NH3
0807,0.6665831624591367,MOZAMBIQUE_GAZA_CHÓKWÈ_MACARRETANE,32.75708982206706,-24.37253995423536,Mozambique,WWT,NH3
0808,0.49585909964368546,MOZAMBIQUE_GAZA_CHÓKWÈ_XILEMBENE,33.295896826319776,-24.740800650273098,Mozambique,WWT,NH3
0809,0.8817278982295611,MOZAMBIQUE_GAZA_CHONGOENE_CHONGOENE,33.78738388968989,-24.95612324064541,Mozambique,WWT,NH3
0810,0.3769479367471825,MOZAMBIQUE_GAZA_CHONGOENE_MAZUCANE,33.94816589854456,-24.75078182642919,Mozambique,WWT,NH3
0811,0.2554796399653659,MOZAMBIQUE_GAZA_CHONGOENE_NGUZENE,33.99174761296743,-24.900424006547656,Mozambique,WWT,NH3
0812,0.444288787953029,MOZAMBIQUE_GAZA_CIDADE DE XAI-XAI_CIDADE DE XAI-XAI,33.6238199287902,-25.095602356591947,Mozambique,WWT,NH3
0813,0.2452980516052065,MOZAMBIQUE_GAZA_GUIJÁ_CHIVONGOENE,33.233221538781685,-24.47489638296496,Mozambique,WWT,NH3
0814,0.5982272972300292,MOZAMBIQUE_GAZA_GUIJÁ_MUBANGOENE,32.95074527970149,-24.269396021473018,Mozambique,WWT,NH3
0815,0.20905557318643908,MOZAMBIQUE_GAZA_GUIJÁ_NALAZI,33.17804626234287,-24.007141668394482,Mozambique,WWT,NH3
0816,0.03633406988448342,MOZAMBIQUE_GAZA_GUIJÁ_VILA CANIÇADO,33.03370976279583,-24.496154209395023,Mozambique,WWT,NH3
0817,0.3920595870789427,MOZAMBIQUE_GAZA_LIMPOPO_CHICUMBANE,33.50935105307376,-24.95521044053618,Mozambique,WWT,NH3
0818,0.16270277224490218,MOZAMBIQUE_GAZA_LIMPOPO_CHISSANO,33.36595620036372,-24.917774625636756,Mozambique,WWT,NH3
0819,0.17656420470517026,MOZAMBIQUE_GAZA_LIMPOPO_ZONGOENE,33.41768385775187,-25.15027705143945,Mozambique,WWT,NH3
0820,0.0553096418389905,MOZAMBIQUE_GAZA_MABALANE_COMBOMUNE,32.76206527578445,-23.248510922783225,Mozambique,WWT,NH3
0821,0.25335796802881627,MOZAMBIQUE_GAZA_MABALANE_MABALANE,32.830014386359615,-23.86472905225202,Mozambique,WWT,NH3
0822,0.25218704709342615,MOZAMBIQUE_GAZA_MABALANE_NTLHAVENE,32.55611135942274,-23.700477308848008,Mozambique,WWT,NH3
0823,0.21449048942842536,MOZAMBIQUE_GAZA_MANDLAKAZE_CHALALA,33.898816970795764,-24.62204362818058,Mozambique,WWT,NH3
0824,0.5431251140809099,MOZAMBIQUE_GAZA_MANDLAKAZE_CHIBONDZANE,34.20993805079586,-24.617150832754188,Mozambique,WWT,NH3
0825,0.83542503558457,MOZAMBIQUE_GAZA_MANDLAKAZE_CHIDENGUELE,34.222185883991216,-24.846464693637397,Mozambique,WWT,NH3
0826,0.24391680046664632,MOZAMBIQUE_GAZA_MANDLAKAZE_MACUACUA,33.93793587874184,-24.351855632078426,Mozambique,WWT,NH3
0827,0.19574855143569664,MOZAMBIQUE_GAZA_MANDLAKAZE_MANDLAKAZE SEDE,33.881734623458314,-24.717454952391012,Mozambique,WWT,NH3
0828,0.07852067329068695,MOZAMBIQUE_GAZA_MAPAI_MACHAILA,32.8972792264127,-22.46107250918086,Mozambique,WWT,NH3
0829,0.2794523847033777,MOZAMBIQUE_GAZA_MAPAI_MAPAI,32.340153357812774,-22.66221263505515,Mozambique,WWT,NH3
0830,0.03830270212388821,MOZAMBIQUE_GAZA_MASSANGENA_MASSANGENA,33.024968092166,-21.76228030255321,Mozambique,WWT,NH3
0831,0.1303237161628341,MOZAMBIQUE_GAZA_MASSANGENA_MAVUE,32.44873445655671,-21.74455920732843,Mozambique,WWT,NH3
0832,0.15528545211154493,MOZAMBIQUE_GAZA_MASSINGIR_MASSINGIR SEDE,32.14188192707758,-24.083427448323647,Mozambique,WWT,NH3
0833,0.20644767307531292,MOZAMBIQUE_GAZA_MASSINGIR_MAVODZE,31.957192936094224,-23.682084241320673,Mozambique,WWT,NH3
0834,0.1812682844166761,MOZAMBIQUE_GAZA_MASSINGIR_ZULO,32.44746940415907,-24.081905716979545,Mozambique,WWT,NH3
0835,0.49967445808337385,MOZAMBIQUE_INHAMBANE_CIDADE DA MAXIXE_CIDADE DA MAXIXE,35.30847837373539,-23.88280148067849,Mozambique,WWT,NH3
0836,0.34540968284864904,MOZAMBIQUE_INHAMBANE_CIDADE DE INHAMBANE_CIDADE DE INHAMBANE,35.4669344326235,-23.887608905915176,Mozambique,WWT,NH3
0837,0.46288156694855725,MOZAMBIQUE_INHAMBANE_FUNHALOURO_FUNHALOURO,34.40493526211412,-23.279005264339535,Mozambique,WWT,NH3
0838,0.03453806303787167,MOZAMBIQUE_INHAMBANE_FUNHALOURO_TOME,34.123107711970896,-22.6492454413369,Mozambique,WWT,NH3
0839,0.3066413827948384,MOZAMBIQUE_INHAMBANE_GOVURO_NOVA MAMBONE,34.91124864499755,-21.24838028736193,Mozambique,WWT,NH3
0840,0.0487917655855761,MOZAMBIQUE_INHAMBANE_GOVURO_SAVE,34.50273875747384,-21.372352488268987,Mozambique,WWT,NH3
0841,0.9247634101634669,MOZAMBIQUE_INHAMBANE_HOMOÍNE_HOMOÍNE SEDE,35.11348463085394,-23.979574815302524,Mozambique,WWT,NH3
0842,0.3311778038170518,MOZAMBIQUE_INHAMBANE_HOMOÍNE_PEMBE,34.954010052320086,-23.75585650680714,Mozambique,WWT,NH3
0843,0.3311337214025221,MOZAMBIQUE_INHAMBANE_INHARRIME_INHARRIME SEDE,35.0629320946627,-24.377713765160113,Mozambique,WWT,NH3
0844,0.42493234142878655,MOZAMBIQUE_INHAMBANE_INHARRIME_MUCUMBI,34.57231599403387,-24.417768147569834,Mozambique,WWT,NH3
0845,0.013729235881144644,MOZAMBIQUE_INHAMBANE_INHASSORO_BAZARUTO,35.465173197521,-21.65725826320277,Mozambique,WWT,NH3
0846,0.2816784245404152,MOZAMBIQUE_INHAMBANE_INHASSORO_INHASSORO,34.84605588804438,-21.753052479230316,Mozambique,WWT,NH3
0847,0.1198538729774083,MOZAMBIQUE_INHAMBANE_JANGAMO_CUMBANA,35.150833362602604,-24.21294386364807,Mozambique,WWT,NH3
0848,0.38579064850713884,MOZAMBIQUE_INHAMBANE_JANGAMO_JANGAMO,35.3828405134123,-24.118279758970523,Mozambique,WWT,NH3
0849,0.17236982577768165,MOZAMBIQUE_INHAMBANE_MABOTE_MABOTE,34.1237933010753,-22.071272031528167,Mozambique,WWT,NH3
0850,0.046977566860475654,MOZAMBIQUE_INHAMBANE_MABOTE_ZIMANE,33.53428838953659,-22.259421319452596,Mozambique,WWT,NH3
0851,0.15809146289432818,MOZAMBIQUE_INHAMBANE_MABOTE_ZINAVE,33.78047603814595,-21.630829138429963,Mozambique,WWT,NH3
0852,0.5590023368134326,MOZAMBIQUE_INHAMBANE_MASSINGA_CHICOMO,34.91593880649871,-22.694580178891357,Mozambique,WWT,NH3
0853,0.8102124052282155,MOZAMBIQUE_INHAMBANE_MASSINGA_MASSINGA,35.28967211538618,-23.208309768202906,Mozambique,WWT,NH3
0854,0.6927373729386436,MOZAMBIQUE_INHAMBANE_MORRUMBENE_MOCODUENE,35.03823145580892,-23.43542902200303,Mozambique,WWT,NH3
0855,0.2895739196270405,MOZAMBIQUE_INHAMBANE_MORRUMBENE_MORRUMBENE,35.31512127790291,-23.62003628600982,Mozambique,WWT,NH3
0856,0.22333770504774833,MOZAMBIQUE_INHAMBANE_PANDA_MAWAYELA,34.116370299409866,-24.001901283449012,Mozambique,WWT,NH3
0857,0.6159150968668066,MOZAMBIQUE_INHAMBANE_PANDA_PANDA,34.5701782475298,-24.112499270772535,Mozambique,WWT,NH3
0858,0.21017863935987788,MOZAMBIQUE_INHAMBANE_PANDA_URRENE,34.644908571251904,-23.83766104214481,Mozambique,WWT,NH3
0859,0.6876525042989532,MOZAMBIQUE_INHAMBANE_VILANKULO_MAPINHANE,35.04533061414311,-22.371051282087183,Mozambique,WWT,NH3
0860,0.3332092729905962,MOZAMBIQUE_INHAMBANE_VILANKULO_VILANKULO,35.3062246160536,-22.14744435743396,Mozambique,WWT,NH3
0861,0.41849042820138965,MOZAMBIQUE_INHAMBANE_ZAVALA_QUISSICO,34.83275046669489,-24.629624369539606,Mozambique,WWT,NH3
0862,0.9697502239958112,MOZAMBIQUE_INHAMBANE_ZAVALA_ZANDAMELA,34.4860299379439,-24.67609745657631,Mozambique,WWT,NH3
0863,0.15926431374679031,MOZAMBIQUE_LAKE MALAWI_LAKE MALAWI_LAKE MALAWI,34.66958894981475,-12.465931949774122,Mozambique,WWT,NH3
0864,0.8973132484856937,MOZAMBIQUE_MANICA_BÁRUÈ_CATANDICA,33.30152827468673,-18.240536298661056,Mozambique,WWT,NH3
0865,0.17747059942773033,MOZAMBIQUE_MANICA_BÁRUÈ_CHOA,33.04569434614779,-18.064104442461606,Mozambique,WWT,NH3
0866,0.7365147984771003,MOZAMBIQUE_MANICA_BÁRUÈ_NHAMPASSA,33.184551019135135,-17.597094490855643,Mozambique,WWT,NH3
0867,0.7207232911130903,MOZAMBIQUE_MANICA_CIDADE DE CHIMOIO_CHIMOIO,33.45536740007841,-19.127720352606506,Mozambique,WWT,NH3
0868,0.5079523417066176,MOZAMBIQUE_MANICA_GONDOLA_AMATONGAS,33.81580808058416,-19.088843340895576,Mozambique,WWT,NH3
0869,0.5242355973361562,MOZAMBIQUE_MANICA_GONDOLA_CAFUMPE,33.73252675700257,-18.96598115326139,Mozambique,WWT,NH3
0870,0.05827675531704462,MOZAMBIQUE_MANICA_GONDOLA_GONDOLA,33.66706225815283,-19.067556713895804,Mozambique,WWT,NH3
0871,0.3684089930373139,MOZAMBIQUE_MANICA_GONDOLA_INCHOPE,33.855910359091254,-19.34910726017252,Mozambique,WWT,NH3
0872,0.5260900798286315,MOZAMBIQUE_MANICA_GURO_GURO SEDE,33.28735962339221,-17.287981286704778,Mozambique,WWT,NH3
0873,0.4002566743084362,MOZAMBIQUE_MANICA_GURO_MANDIE,33.67962216440644,-16.54401479200918,Mozambique,WWT,NH3
0874,0.4048478595831889,MOZAMBIQUE_MANICA_GURO_MUNGARI,33.54831007111624,-17.10496669776008,Mozambique,WWT,NH3
0875,0.1808625350248942,MOZAMBIQUE_MANICA_GURO_NHAMASSONGE,33.596453539786765,-16.77407345471343,Mozambique,WWT,NH3
0876,0.3070641057274718,MOZAMBIQUE_MANICA_MACATE_MACATE SEDE,33.58000277986244,-19.400692718644812,Mozambique,WWT,NH3
0877,0.22193612455913989,MOZAMBIQUE_MANICA_MACATE_ZEMBE,33.35412342370635,-19.22767890720999,Mozambique,WWT,NH3
0878,0.8574542937228463,MOZAMBIQUE_MANICA_MACHAZE_CHITOBE,33.306459347363266,-20.88553205985008,Mozambique,WWT,NH3
0879,0.20185217263496708,MOZAMBIQUE_MANICA_MACHAZE_SAVE,33.21143246815166,-21.301458761861632,Mozambique,WWT,NH3
0880,0.5162185135242029,MOZAMBIQUE_MANICA_MACOSSA_MACOSSA SEDE,33.93258269449586,-17.783133366418287,Mozambique,WWT,NH3
0881,0.15336379359705685,MOZAMBIQUE_MANICA_MACOSSA_NGUAWALA,33.639533569018866,-18.34411311077633,Mozambique,WWT,NH3
0882,0.09168841813537963,MOZAMBIQUE_MANICA_MACOSSA_NHAMAGUA,33.51483956167798,-17.75456736936627,Mozambique,WWT,NH3
0883,0.35000990804102866,MOZAMBIQUE_MANICA_MANICA_MACHIPANDA,32.85545139808637,-18.879904801552133,Mozambique,WWT,NH3
0884,0.5159842367608379,MOZAMBIQUE_MANICA_MANICA_MAVONDE,33.05466930685875,-18.601929350510918,Mozambique,WWT,NH3
0885,0.477230747772268,MOZAMBIQUE_MANICA_MANICA_MESSICA,33.034928611751994,-19.04617280907505,Mozambique,WWT,NH3
0886,0.18106765356886365,MOZAMBIQUE_MANICA_MANICA_MUNICIPIO DE MANICA,32.87567656092327,-18.944254944375942,Mozambique,WWT,NH3
0887,1.7529997068162706,MOZAMBIQUE_MANICA_MOSSURIZE_CHIURAIRUE,32.81274306891318,-20.739522288509274,Mozambique,WWT,NH3
0888,1.980825339952597,MOZAMBIQUE_MANICA_MOSSURIZE_DACATA,33.08962587563526,-20.311252884140636,Mozambique,WWT,NH3
0889,0.1550826739595867,MOZAMBIQUE_MANICA_MOSSURIZE_ESPUNGABERA,32.802896674454466,-20.52340497291208,Mozambique,WWT,NH3
0890,0.2852981257478046,MOZAMBIQUE_MANICA_SUSSUNDENGA_DOMBE,33.398614696729936,-19.90088894894896,Mozambique,WWT,NH3
0891,0.41546078403417425,MOZAMBIQUE_MANICA_SUSSUNDENGA_MUOHA,33.124555743177076,-19.350567086646706,Mozambique,WWT,NH3
0892,0.24442409874975599,MOZAMBIQUE_MANICA_SUSSUNDENGA_ROTANDA,32.98367765963056,-19.498315171914083,Mozambique,WWT,NH3
0893,0.37478495273798806,MOZAMBIQUE_MANICA_SUSSUNDENGA_SUSSUNDENGA SEDE,33.39688667188607,-19.55883675489867,Mozambique,WWT,NH3
0894,0.19180490944609668,MOZAMBIQUE_MANICA_TAMBARA_BUZUA,34.12771071863433,-17.124856875787454,Mozambique,WWT,NH3
0895,0.13864381369216225,MOZAMBIQUE_MANICA_TAMBARA_NHACAFULA,33.94471979664244,-16.860581221473716,Mozambique,WWT,NH3
0896,0.47324383379317186,MOZAMBIQUE_MANICA_TAMBARA_NHACOLO,34.257266964940285,-16.782606471479635,Mozambique,WWT,NH3
0897,0.7246004466070205,MOZAMBIQUE_MANICA_VANDUZI_MATSINHO,33.562813117614425,-18.856539716123457,Mozambique,WWT,NH3
0898,0.7504370266193786,MOZAMBIQUE_MANICA_VANDUZI_VANDUZI SEDE,33.26441975503835,-18.840475151767034,Mozambique,WWT,NH3
0899,0.44809764886957,MOZAMBIQUE_MAPUTO_BOANE_BOANE,32.34035370899738,-26.08445441643418,Mozambique,WWT,NH3
0900,0.5216044095843515,MOZAMBIQUE_MAPUTO_BOANE_MATOLA RIO,32.385947237971614,-25.894018223674056,Mozambique,WWT,NH3
0901,0.5172292926136579,MOZAMBIQUE_MAPUTO_CIDADE DA MATOLA_CIDADE DA MATOLA,32.45895180757802,-25.935412363609455,Mozambique,WWT,NH3
0902,1.1807129056608592,MOZAMBIQUE_MAPUTO_CIDADE DA MATOLA_INFULENE,32.535005856471074,-25.794670956061914,Mozambique,WWT,NH3
0903,0.709035359311702,MOZAMBIQUE_MAPUTO_CIDADE DA MATOLA_MACHAVA,32.469180128394825,-25.837376960910778,Mozambique,WWT,NH3
0904,0.5404396852005485,MOZAMBIQUE_MAPUTO_MAGUDE_MAGUDE,32.61075121973975,-25.022037525237383,Mozambique,WWT,NH3
0905,0.12461879440530026,MOZAMBIQUE_MAPUTO_MAGUDE_MAHELE,32.54075600639742,-24.492112517985618,Mozambique,WWT,NH3
0906,0.06332847212470462,MOZAMBIQUE_MAPUTO_MAGUDE_MAPULANGUENE,32.20329983157022,-24.507823782731254,Mozambique,WWT,NH3
0907,0.11989249309353778,MOZAMBIQUE_MAPUTO_MAGUDE_MOTAZE,32.709351138737226,-24.71535123184659,Mozambique,WWT,NH3
0908,0.05500265249661308,MOZAMBIQUE_MAPUTO_MAGUDE_PANJANE,32.389312226449206,-24.870818989222865,Mozambique,WWT,NH3
0909,0.2204310852783119,MOZAMBIQUE_MAPUTO_MANHIÇA_3 DE FEVEREIRO,32.82054683811158,-25.208390101324238,Mozambique,WWT,NH3
0910,0.1669622525078617,MOZAMBIQUE_MAPUTO_MANHIÇA_CALANGA,33.00084214854617,-25.35071525423053,Mozambique,WWT,NH3
0911,0.06509775353059784,MOZAMBIQUE_MAPUTO_MANHIÇA_ILHA JOSINA MACHEL,32.946022649902154,-25.170914273804748,Mozambique,WWT,NH3
0912,0.26052641896785667,MOZAMBIQUE_MAPUTO_MANHIÇA_MALUANA,32.64334243048221,-25.49818169410212,Mozambique,WWT,NH3
0913,0.20196125085779507,MOZAMBIQUE_MAPUTO_MANHIÇA_MUNICÍPIO DE MANHIÇA,32.724753253319165,-25.360399766782734,Mozambique,WWT,NH3
0914,0.10707902879898024,MOZAMBIQUE_MAPUTO_MANHIÇA_XINAVANE,32.81889559595267,-25.03141860388646,Mozambique,WWT,NH3
0915,0.0691529549616598,MOZAMBIQUE_MAPUTO_MARRACUENE_MACHUBO,32.81266574227231,-25.54972386244347,Mozambique,WWT,NH3
0916,0.9223511733915584,MOZAMBIQUE_MAPUTO_MARRACUENE_MARRACUENE,32.660662063959514,-25.71381174508608,Mozambique,WWT,NH3
0917,0.31998184119684386,MOZAMBIQUE_MAPUTO_MATUTUINE_BELA VISTA,32.645581759560066,-26.45851112867402,Mozambique,WWT,NH3
0918,0.08237889024001081,MOZAMBIQUE_MAPUTO_MATUTUINE_CATEMBE M'SIME,32.53741836502509,-26.163141580325597,Mozambique,WWT,NH3
0919,0.07948627686912264,MOZAMBIQUE_MAPUTO_MATUTUINE_CATUANE,32.28250028994303,-26.662117878264368,Mozambique,WWT,NH3
0920,0.027530536603892077,MOZAMBIQUE_MAPUTO_MATUTUINE_MACHANGULO,32.91305429949867,-26.21651617955071,Mozambique,WWT,NH3
0921,0.14725991621123763,MOZAMBIQUE_MAPUTO_MATUTUINE_ZITUNDO,32.66218188529151,-26.782492068760977,Mozambique,WWT,NH3
0922,0.5135569058329568,MOZAMBIQUE_MAPUTO_MOAMBA_MOAMBA,32.3326091155693,-25.499060096245582,Mozambique,WWT,NH3
0923,0.3147709489937986,MOZAMBIQUE_MAPUTO_MOAMBA_PESSENE,32.39574490260445,-25.695218912241263,Mozambique,WWT,NH3
0924,0.055169055020586125,MOZAMBIQUE_MAPUTO_MOAMBA_RESSANO GARCIA,32.06292546188341,-25.524791985906663,Mozambique,WWT,NH3
0925,0.3550687570547603,MOZAMBIQUE_MAPUTO_MOAMBA_SABIE,32.18675953290936,-25.158239910785245,Mozambique,WWT,NH3
0926,0.1824304726771244,MOZAMBIQUE_MAPUTO_NAMAACHA_CHANGALANE,32.221223944789266,-26.330019105258224,Mozambique,WWT,NH3
0927,0.3953047586815763,MOZAMBIQUE_MAPUTO_NAMAACHA_NAMAACHA,32.12662388876005,-25.9088344940042,Mozambique,WWT,NH3
0928,0.48278434205161713,MOZAMBIQUE_NAMPULA_ANGOCHE_AUBE,39.75852334490812,-16.336839936374812,Mozambique,WWT,NH3
0929,0.47706066541140285,MOZAMBIQUE_NAMPULA_ANGOCHE_BOILA NAMETORIA,39.70290960696779,-16.100643339566087,Mozambique,WWT,NH3
0930,0.37819298887388725,MOZAMBIQUE_NAMPULA_ANGOCHE_CIDADE DE ANGOCHE,39.98119984744425,-16.102624069451156,Mozambique,WWT,NH3
0931,0.33991616512544026,MOZAMBIQUE_NAMPULA_ANGOCHE_NAMAPONDA,39.89454505581379,-15.89709080920383,Mozambique,WWT,NH3
0932,1.102715627596146,MOZAMBIQUE_NAMPULA_CIDADE DE NAMPULA_ANCHILO,39.346700309798294,-15.22913786136925,Mozambique,WWT,NH3
0933,0.6166551947552396,MOZAMBIQUE_NAMPULA_CIDADE DE NAMPULA_MUATALA,39.22135093911949,-15.1593659383683,Mozambique,WWT,NH3
0934,0.5484711840706411,MOZAMBIQUE_NAMPULA_CIDADE DE NAMPULA_MUHALA,39.306298419558225,-15.143595959458594,Mozambique,WWT,NH3
0935,0.3368030806039757,MOZAMBIQUE_NAMPULA_CIDADE DE NAMPULA_NAMICOPO,39.34525426178243,-15.074628282390453,Mozambique,WWT,NH3
0936,0.11117783817609025,MOZAMBIQUE_NAMPULA_CIDADE DE NAMPULA_NAPIPINE,39.25129320752563,-15.062109621505412,Mozambique,WWT,NH3
0937,0.27398207767844096,MOZAMBIQUE_NAMPULA_CIDADE DE NAMPULA_NATIKIRE,39.191184088730786,-15.102448366937157,Mozambique,WWT,NH3
0938,0.042151033714423025,MOZAMBIQUE_NAMPULA_CIDADE DE NAMPULA_URBANO CENTRAL,39.26026156001214,-15.125287189299852,Mozambique,WWT,NH3
0939,0.8482242074731674,MOZAMBIQUE_NAMPULA_ERÁTI_ALUA,39.89489894828684,-14.015072975322239,Mozambique,WWT,NH3
0940,1.6064558412601577,MOZAMBIQUE_NAMPULA_ERÁTI_NAMAPA SEDE,39.89264212180842,-13.722799866022642,Mozambique,WWT,NH3
0941,0.5455554645777173,MOZAMBIQUE_NAMPULA_ERÁTI_NAMIROA,39.437336879824,-14.089576975293262,Mozambique,WWT,NH3
0942,0.20980195350583034,MOZAMBIQUE_NAMPULA_ILHA DE MOÇAMBIQUE_ILHA DE MOÇAMBIQUE,40.67676981409689,-15.059117781685298,Mozambique,WWT,NH3
0943,0.2870207790138695,MOZAMBIQUE_NAMPULA_ILHA DE MOÇAMBIQUE_LUMBO,40.593069155304626,-15.048959749366846,Mozambique,WWT,NH3
0944,0.792116253783468,MOZAMBIQUE_NAMPULA_LALAUA_LALAUA,38.27740706902064,-14.383261448419889,Mozambique,WWT,NH3
0945,0.03431518098109254,MOZAMBIQUE_NAMPULA_LALAUA_METI,37.86423737401499,-14.530463178154468,Mozambique,WWT,NH3
0946,0.3360247028990086,MOZAMBIQUE_NAMPULA_LARDE_LARDE,39.589862180815906,-16.482975798802265,Mozambique,WWT,NH3
0947,0.09957703504659425,MOZAMBIQUE_NAMPULA_LARDE_MUCUALI,39.41790695893417,-16.287090861188318,Mozambique,WWT,NH3
0948,0.2868019788362379,MOZAMBIQUE_NAMPULA_LIÚPO_LIÚPO,39.94138165076237,-15.619173498171499,Mozambique,WWT,NH3
0949,0.5007112665116531,MOZAMBIQUE_NAMPULA_LIÚPO_QUINGA,40.157694999874806,-15.780114581820921,Mozambique,WWT,NH3
0950,0.07382314337633716,MOZAMBIQUE_NAMPULA_MALEMA_CHILULO,37.49996661674137,-14.582880564434472,Mozambique,WWT,NH3
0951,0.5875050098810783,MOZAMBIQUE_NAMPULA_MALEMA_MALEMA/CANHUNHA,37.573319940795386,-14.919357085909676,Mozambique,WWT,NH3
0952,0.38742795142910647,MOZAMBIQUE_NAMPULA_MALEMA_MUTUALI,37.081432441192284,-14.83921892153854,Mozambique,WWT,NH3
0953,0.17567698248644126,MOZAMBIQUE_NAMPULA_MECONTA_7 DE ABRIL,39.7199341583495,-15.117491589999613,Mozambique,WWT,NH3
0954,0.3685103183781077,MOZAMBIQUE_NAMPULA_MECONTA_CORRANE,39.54876435760044,-15.421969554300855,Mozambique,WWT,NH3
0955,0.06036178802410563,MOZAMBIQUE_NAMPULA_MECONTA_MECONTA,39.82355388116307,-15.033425935687111,Mozambique,WWT,NH3
0956,0.2220784398096704,MOZAMBIQUE_NAMPULA_MECONTA_NAMIALO,39.94047851888918,-14.94333164575556,Mozambique,WWT,NH3
0957,0.5188402125967563,MOZAMBIQUE_NAMPULA_MECUBÚRI_MECUBÚRI,38.91630435171187,-14.607000995672898,Mozambique,WWT,NH3
0958,0.04515783702651742,MOZAMBIQUE_NAMPULA_MECUBÚRI_MILHANA,39.127654237397486,-14.281829730798503,Mozambique,WWT,NH3
0959,0.5752430881512213,MOZAMBIQUE_NAMPULA_MECUBÚRI_MUITE,38.88511350311829,-14.17769262196541,Mozambique,WWT,NH3
0960,0.15621998152769678,MOZAMBIQUE_NAMPULA_MECUBÚRI_NANIMA,38.617221520409196,-14.762009037141098,Mozambique,WWT,NH3
0961,0.14648762819198266,MOZAMBIQUE_NAMPULA_MEMBA_CHIPENE,40.29531026163154,-13.784944312169863,Mozambique,WWT,NH3
0962,0.2557836825263989,MOZAMBIQUE_NAMPULA_MEMBA_LURIO,40.42969149388564,-13.60745895695087,Mozambique,WWT,NH3
0963,0.3966444062255624,MOZAMBIQUE_NAMPULA_MEMBA_MAZUA,40.34452950636614,-13.975095364086036,Mozambique,WWT,NH3
0964,1.030567607522543,MOZAMBIQUE_NAMPULA_MEMBA_MEMBA,40.48276911284229,-14.242242078752795,Mozambique,WWT,NH3
0965,0.07353446358281221,MOZAMBIQUE_NAMPULA_MOGINCUAL_NAMINGE,40.30844201844057,-15.56760468837137,Mozambique,WWT,NH3
0966,0.13184410618937706,MOZAMBIQUE_NAMPULA_MOGINCUAL_QUIXAXE,40.05536393377276,-15.321131966629133,Mozambique,WWT,NH3
0967,0.1834282422895178,MOZAMBIQUE_NAMPULA_MOGOVOLAS_CALIPO,39.058913588331414,-15.530947657322523,Mozambique,WWT,NH3
0968,0.3918733368984169,MOZAMBIQUE_NAMPULA_MOGOVOLAS_ILUTE,39.04192013771539,-15.797541445237854,Mozambique,WWT,NH3
0969,0.12117798745494678,MOZAMBIQUE_NAMPULA_MOGOVOLAS_MUATUA,39.66247406833886,-15.748169028736038,Mozambique,WWT,NH3
0970,0.4405119813458803,MOZAMBIQUE_NAMPULA_MOGOVOLAS_NAMETIL SEDE,39.38310472440292,-15.732437675168812,Mozambique,WWT,NH3
0971,0.29972315368326974,MOZAMBIQUE_NAMPULA_MOGOVOLAS_NANHUPO RIO,39.48451889216197,-15.93529808811821,Mozambique,WWT,NH3
0972,0.32137031402770877,MOZAMBIQUE_NAMPULA_MOMA_CHALAUA,39.136312137632906,-16.068904552909896,Mozambique,WWT,NH3
0973,0.8960078924964171,MOZAMBIQUE_NAMPULA_MOMA_MACONE SEDE,39.18460905278941,-16.514079368820905,Mozambique,WWT,NH3
0974,0.1872059180867154,MOZAMBIQUE_NAMPULA_MONAPO_ITUCULO,40.24618932007347,-14.64048511059819,Mozambique,WWT,NH3
0975,0.5440937106411706,MOZAMBIQUE_NAMPULA_MONAPO_MONAPO SEDE,40.137517062624255,-15.018378371016844,Mozambique,WWT,NH3
0976,0.6195650006649042,MOZAMBIQUE_NAMPULA_MONAPO_NETIA,39.995063284132854,-14.706425832874704,Mozambique,WWT,NH3
0977,0.3931272438679038,MOZAMBIQUE_NAMPULA_MOSSURIL_LUNGA,40.43246793584781,-15.262329440298691,Mozambique,WWT,NH3
0978,0.3152040110383626,MOZAMBIQUE_NAMPULA_MOSSURIL_MATIBANE,40.72180005361815,-14.737223520198267,Mozambique,WWT,NH3
0979,0.4984607985914979,MOZAMBIQUE_NAMPULA_MOSSURIL_MOSSURIL SEDE,40.51219848506181,-14.903379159287029,Mozambique,WWT,NH3
0980,0.18488744499242857,MOZAMBIQUE_NAMPULA_MUECATE_IMALA,39.45961702371391,-14.506131562026775,Mozambique,WWT,NH3
0981,0.08285675889164236,MOZAMBIQUE_NAMPULA_MUECATE_MUCOLUANE,39.346844589295436,-14.772718872651845,Mozambique,WWT,NH3
0982,0.4181853697412843,MOZAMBIQUE_NAMPULA_MUECATE_MUECATE,39.674472160839436,-14.750405729993048,Mozambique,WWT,NH3
0983,0.1916072039160648,MOZAMBIQUE_NAMPULA_MURRUPULA_CHINGA,38.63575073821358,-15.171362107258943,Mozambique,WWT,NH3
0984,0.7011658537603557,MOZAMBIQUE_NAMPULA_MURRUPULA_MURRUPULA,38.65453769328181,-15.40126150281662,Mozambique,WWT,NH3
0985,0.25921033495047036,MOZAMBIQUE_NAMPULA_MURRUPULA_NIHESSIUE,38.705843526253894,-15.632443438924252,Mozambique,WWT,NH3
0986,0.06459407191288496,MOZAMBIQUE_NAMPULA_NACALA-A-VELHA_COVO,40.369538959835154,-14.497710962103438,Mozambique,WWT,NH3
0987,0.4886227506915223,MOZAMBIQUE_NAMPULA_NACALA-A-VELHA_NACALA-A-VELHA,40.519787648403145,-14.585074942847683,Mozambique,WWT,NH3
0988,0.24793287756276042,MOZAMBIQUE_NAMPULA_NACALA-PORTO_MUANONA,40.65231715877891,-14.62078918917591,Mozambique,WWT,NH3
0989,0.331450566824091,MOZAMBIQUE_NAMPULA_NACALA-PORTO_MUTIVA,40.74125943838887,-14.510895004706317,Mozambique,WWT,NH3
0990,0.12252009845941096,MOZAMBIQUE_NAMPULA_NACARÔA_INTETE,40.18830219819722,-14.339300888601866,Mozambique,WWT,NH3
0991,0.329963688911803,MOZAMBIQUE_NAMPULA_NACARÔA_NACARÔA,39.93302344885562,-14.403489324317396,Mozambique,WWT,NH3
0992,0.05592629845605556,MOZAMBIQUE_NAMPULA_NACARÔA_SAUA-SAUA,39.70222666069944,-14.278122143645904,Mozambique,WWT,NH3
0993,0.24891114469915518,MOZAMBIQUE_NAMPULA_RAPALE_MUTIVAZE,38.86687949184624,-15.018807059185013,Mozambique,WWT,NH3
0994,0.5959592964521645,MOZAMBIQUE_NAMPULA_RAPALE_NAMAITA,38.99863263319021,-15.219861952374297,Mozambique,WWT,NH3
0995,0.5691184696799567,MOZAMBIQUE_NAMPULA_RAPALE_RAPALE,39.16149044871234,-14.974807379007945,Mozambique,WWT,NH3
0996,0.14491346198586366,MOZAMBIQUE_NAMPULA_RIBÁUÈ_CUNLE,38.27686663788419,-15.228219850470028,Mozambique,WWT,NH3
0997,0.6145996380164724,MOZAMBIQUE_NAMPULA_RIBÁUÈ_IAPALA,37.96696312231578,-14.993085543848041,Mozambique,WWT,NH3
0998,0.6242021912887441,MOZAMBIQUE_NAMPULA_RIBÁUÈ_RIBÁUÈ,38.41380839889487,-14.881044564938612,Mozambique,WWT,NH3
0999,0.8584970879728531,MOZAMBIQUE_NIASSA_CHIMBONILA_CHIMBONILA,35.408928981746264,-13.368174436939729,Mozambique,WWT,NH3
1000,0.17926734490341928,MOZAMBIQUE_NIASSA_CHIMBONILA_LIONE,35.129139572126896,-13.602588135727931,Mozambique,WWT,NH3
1001,0.015003096956560229,MOZAMBIQUE_NIASSA_CHIMBONILA_MEPONDA,34.91488092078617,-13.29985997149095,Mozambique,WWT,NH3
1002,0.6629441589474686,MOZAMBIQUE_NIASSA_CIDADE DE LICHINGA_CIDADE DE LICHINGA,35.24558878755181,-13.298038006470582,Mozambique,WWT,NH3
1003,0.4380113259569728,MOZAMBIQUE_NIASSA_CUAMBA_CIDADE DE CUAMBA,36.43225300678852,-14.65151757200614,Mozambique,WWT,NH3
1004,0.19342486001810047,MOZAMBIQUE_NIASSA_CUAMBA_ETATARA,36.50604736569097,-15.067722646032196,Mozambique,WWT,NH3
1005,0.018103586190689986,MOZAMBIQUE_NIASSA_CUAMBA_LÚRIO,36.74388384413436,-14.643139941997887,Mozambique,WWT,NH3
1006,0.0020124509688298083,MOZAMBIQUE_NIASSA_CUAMBA_MEPICA,36.27342275841742,-14.590957907953893,Mozambique,WWT,NH3
1007,0.16904659956026735,MOZAMBIQUE_NIASSA_LAGO_CÓBUE,35.0221799648129,-11.988797384472345,Mozambique,WWT,NH3
1008,0.027287210606266214,MOZAMBIQUE_NIASSA_LAGO_LUNHO,34.93957981389291,-12.442879629662482,Mozambique,WWT,NH3
1009,0.11607263568328752,MOZAMBIQUE_NIASSA_LAGO_MANIAMBA,35.03282976741832,-12.708593517824148,Mozambique,WWT,NH3
1010,0.03219715334912787,MOZAMBIQUE_NIASSA_LAGO_MELULUCA,34.858334813639914,-12.908685961985746,Mozambique,WWT,NH3
1011,0.13428672496881405,MOZAMBIQUE_NIASSA_LAGO_METANGULA,34.86215758962762,-12.665576315058521,Mozambique,WWT,NH3
1012,0.21088283865130333,MOZAMBIQUE_NIASSA_MAJUNE_MALANGA,36.33165472317088,-13.08401614787644,Mozambique,WWT,NH3
1013,0.0413842894975408,MOZAMBIQUE_NIASSA_MAJUNE_MUAQUIA,36.67128728604254,-13.41002543814736,Mozambique,WWT,NH3
1014,0.050971165117237656,MOZAMBIQUE_NIASSA_MAJUNE_NAIRRUBI,36.15642160714719,-13.643230834070724,Mozambique,WWT,NH3
1015,0.5254448140115686,MOZAMBIQUE_NIASSA_MANDIMBA_LISSIETE,35.73028508291114,-14.332441674005302,Mozambique,WWT,NH3
1016,0.16270085757812938,MOZAMBIQUE_NIASSA_MANDIMBA_MITANDE,35.98013612645266,-14.147764062736895,Mozambique,WWT,NH3
1017,0.023559757881278856,MOZAMBIQUE_NIASSA_MARRUPA_MARRANGIRA,37.72889340449302,-12.68953895503554,Mozambique,WWT,NH3
1018,0.21472724113890193,MOZAMBIQUE_NIASSA_MARRUPA_MARRUPA SEDE,37.19633769132261,-13.146463272129202,Mozambique,WWT,NH3
1019,0.033311469481939845,MOZAMBIQUE_NIASSA_MARRUPA_NUNGO,37.81925447353719,-13.478328866752053,Mozambique,WWT,NH3
1020,0.15364882957326806,MOZAMBIQUE_NIASSA_MAÚA_MAIACA,37.3005706489584,-14.114170204450419,Mozambique,WWT,NH3
1021,0.22756736070116457,MOZAMBIQUE_NIASSA_MAÚA_MAÚA,36.95858875508161,-13.837399370259327,Mozambique,WWT,NH3
1022,0.09926117507563069,MOZAMBIQUE_NIASSA_MAVAGO_MAVAGO SEDE,36.182550803240666,-12.258018044524356,Mozambique,WWT,NH3
1023,0.06488398060717693,MOZAMBIQUE_NIASSA_MAVAGO_MSAWIZE,36.597826594641965,-12.217689955331863,Mozambique,WWT,NH3
1024,0.10467410987980859,MOZAMBIQUE_NIASSA_MECANHELAS_CHIUTA,36.08847717751292,-14.74364623777168,Mozambique,WWT,NH3
1025,1.1233993870120753,MOZAMBIQUE_NIASSA_MECANHELAS_INSACA,36.06761006964796,-15.20035211382043,Mozambique,WWT,NH3
1026,0.07176145425826687,MOZAMBIQUE_NIASSA_MECULA_MATONDOVELA,37.1193193013008,-12.085419283276117,Mozambique,WWT,NH3
1027,0.1760296788106863,MOZAMBIQUE_NIASSA_MECULA_MECULA SEDE,37.94951162557012,-11.849337861322065,Mozambique,WWT,NH3
1028,0.0836489822014986,MOZAMBIQUE_NIASSA_METARICA_NACUMUA,37.16022891434504,-14.413133439925444,Mozambique,WWT,NH3
1029,0.07287880335375746,MOZAMBIQUE_NIASSA_METARICA_NAMICUNDI,36.60578243101672,-14.246532016438536,Mozambique,WWT,NH3
1030,0.10918785091111576,MOZAMBIQUE_NIASSA_MUEMBE_CHICONONO,35.825200631872406,-12.703703422754193,Mozambique,WWT,NH3
1031,0.19332405106018424,MOZAMBIQUE_NIASSA_MUEMBE_MUEMBE,35.78045415030022,-13.116180648877394,Mozambique,WWT,NH3
1032,0.08932385837393786,MOZAMBIQUE_NIASSA_NGAUMA_ITEPELA,35.72513460549021,-13.747122663104934,Mozambique,WWT,NH3
1033,0.4400803937089087,MOZAMBIQUE_NIASSA_NGAUMA_MASSANGULO,35.43617637765224,-13.89029757440695,Mozambique,WWT,NH3
1034,0.1586709626957593,MOZAMBIQUE_NIASSA_NIPEPE_MULUCO,38.03235704715008,-13.729080948075778,Mozambique,WWT,NH3
1035,0.5070238199427104,MOZAMBIQUE_NIASSA_NIPEPE_NIPEPE SEDE,37.868200779972554,-14.05769630156578,Mozambique,WWT,NH3
1036,0.4086965735066147,MOZAMBIQUE_NIASSA_SANGA_LUSSIMBESSE,35.17879893805198,-13.045539587648593,Mozambique,WWT,NH3
1037,0.17219878659230606,MOZAMBIQUE_NIASSA_SANGA_MACALOGE,35.50896840865773,-12.2274899473508,Mozambique,WWT,NH3
1038,0.033151353571369245,MOZAMBIQUE_NIASSA_SANGA_MATCHEDJE,35.75189053128633,-11.753298058450781,Mozambique,WWT,NH3
1039,0.20497826591783827,MOZAMBIQUE_NIASSA_SANGA_UNANGO,35.34018877756437,-12.783844219315524,Mozambique,WWT,NH3
1040,0.46444504100701883,MOZAMBIQUE_SOFALA_BÚZI_BÚZI SEDE,34.36044794827508,-19.819912163773225,Mozambique,WWT,NH3
1041,0.10600888228412626,MOZAMBIQUE_SOFALA_BÚZI_ESTAQUINHA,34.16777219776005,-20.149116281359227,Mozambique,WWT,NH3
1042,0.28510504877888243,MOZAMBIQUE_SOFALA_BÚZI_NOVA SOFALA,34.51923951284964,-20.29614767325403,Mozambique,WWT,NH3
1043,0.38166955255513324,MOZAMBIQUE_SOFALA_CAIA_CAIA SEDE,35.01870022079462,-17.9131888576579,Mozambique,WWT,NH3
1044,0.27350689493345925,MOZAMBIQUE_SOFALA_CAIA_MURRACA,35.043543737221526,-17.704599519075483,Mozambique,WWT,NH3
1045,0.2639695774743288,MOZAMBIQUE_SOFALA_CAIA_SENA,34.958614543889205,-17.545518104260157,Mozambique,WWT,NH3
1046,0.13715932276336285,MOZAMBIQUE_SOFALA_CHEMBA_CHEMBA,34.796784909165844,-17.161346900583574,Mozambique,WWT,NH3
1047,0.049398452609519,MOZAMBIQUE_SOFALA_CHEMBA_CHIRAMBA,34.46911953038281,-17.053102795299342,Mozambique,WWT,NH3
1048,0.39697550825564515,MOZAMBIQUE_SOFALA_CHEMBA_MULIMA,34.63667292129747,-17.357412370668445,Mozambique,WWT,NH3
1049,0.28903733262261716,MOZAMBIQUE_SOFALA_CHERINGOMA_INHAMINGA,35.225847778954645,-18.633629386192386,Mozambique,WWT,NH3
1050,0.07888796340122861,MOZAMBIQUE_SOFALA_CHERINGOMA_INHAMITANGA,35.21803732270835,-18.19602497310624,Mozambique,WWT,NH3
1051,0.0647526880422666,MOZAMBIQUE_SOFALA_CHIBABAVA_CHIBABAVA,33.625822885571004,-20.32409844006914,Mozambique,WWT,NH3
1052,0.20353921189355131,MOZAMBIQUE_SOFALA_CHIBABAVA_GOONDA SEDE,33.78093779690099,-20.00140681012032,Mozambique,WWT,NH3
1053,0.42144174871060586,MOZAMBIQUE_SOFALA_CHIBABAVA_MUXUNGUE,34.00746860191191,-20.588553113130725,Mozambique,WWT,NH3
1054,0.10612374930295196,MOZAMBIQUE_SOFALA_CIDADE DA BEIRA_CHIVEVE,34.85910823293791,-19.837591338553143,Mozambique,WWT,NH3
1055,0.08054466045116597,MOZAMBIQUE_SOFALA_CIDADE DA BEIRA_MANGA LAFORTE,34.91731660730856,-19.78865079306362,Mozambique,WWT,NH3
1056,0.17096528525728266,MOZAMBIQUE_SOFALA_CIDADE DA BEIRA_MUNHAVA,34.87242987491962,-19.81345968978157,Mozambique,WWT,NH3
1057,0.16384830595550995,MOZAMBIQUE_SOFALA_CIDADE DA BEIRA_NHANGAU,34.98285843795014,-19.693063426738647,Mozambique,WWT,NH3
1058,0.4311694860954237,MOZAMBIQUE_SOFALA_DONDO_CIDADE DE DONDO,34.813763994435696,-19.59912984557761,Mozambique,WWT,NH3
1059,0.24449588215773865,MOZAMBIQUE_SOFALA_DONDO_MAFAMBISSE,34.6172248295846,-19.41411670725845,Mozambique,WWT,NH3
1060,0.03487450710605069,MOZAMBIQUE_SOFALA_DONDO_SAVANE,34.99777842679284,-19.497504876595226,Mozambique,WWT,NH3
1061,0.8579492204628649,MOZAMBIQUE_SOFALA_GORONGOSA_CANDA,33.9411113462195,-18.5269605629544,Mozambique,WWT,NH3
1062,0.3090122956015194,MOZAMBIQUE_SOFALA_GORONGOSA_GORONGOSA,34.32971484173921,-18.78446107770377,Mozambique,WWT,NH3
1063,0.4925437989457245,MOZAMBIQUE_SOFALA_GORONGOSA_VUNDUZI,34.343011287797125,-18.424602841983976,Mozambique,WWT,NH3
1064,0.004314063882753931,MOZAMBIQUE_SOFALA_MACHANGA_CHILOANE,34.92828212630066,-20.64925660347249,Mozambique,WWT,NH3
1065,0.20271163452583268,MOZAMBIQUE_SOFALA_MACHANGA_DIVINHE,34.674247443709874,-20.722876694861167,Mozambique,WWT,NH3
1066,0.44479789158377825,MOZAMBIQUE_SOFALA_MACHANGA_MACHANGA,34.442424245334195,-21.012616087372496,Mozambique,WWT,NH3
1067,0.09022711487036823,MOZAMBIQUE_SOFALA_MARÍNGUÈ_CANXIXE,34.37321686017075,-17.493505870047716,Mozambique,WWT,NH3
1068,0.19835952949324298,MOZAMBIQUE_SOFALA_MARÍNGUÈ_MARÍNGUÈ SEDE,34.485093419015286,-17.81780849718521,Mozambique,WWT,NH3
1069,0.2245299268993224,MOZAMBIQUE_SOFALA_MARÍNGUÈ_SUBUE,34.568189920354946,-18.170574357241573,Mozambique,WWT,NH3
1070,0.236486982187668,MOZAMBIQUE_SOFALA_MARROMEU_CHUPANGA,35.53979136875223,-18.153606344651298,Mozambique,WWT,NH3
1071,0.3638418184794347,MOZAMBIQUE_SOFALA_MARROMEU_MARROMEU,35.850161288958624,-18.569407020896904,Mozambique,WWT,NH3
1072,0.535352561190398,MOZAMBIQUE_SOFALA_MUANZA_GALINHA,35.16349786444109,-19.124539501625424,Mozambique,WWT,NH3
1073,0.18368126436979734,MOZAMBIQUE_SOFALA_MUANZA_MUANZA,34.678605858109435,-18.938987307842137,Mozambique,WWT,NH3
1074,1.0794756339688538,MOZAMBIQUE_SOFALA_NHAMATANDA_NHAMATANDA,34.133897175511564,-19.33606727775627,Mozambique,WWT,NH3
1075,0.528551017410726,MOZAMBIQUE_SOFALA_NHAMATANDA_TICA,34.40940265650747,-19.335470302125614,Mozambique,WWT,NH3
1076,1.4199942690940335,MOZAMBIQUE_TETE_ANGÓNIA_DOMUE,34.06227681421749,-14.699140503078468,Mozambique,WWT,NH3
1077,1.053857728410443,MOZAMBIQUE_TETE_ANGÓNIA_ULONGUE,34.349106886594804,-14.631151521449059,Mozambique,WWT,NH3
1078,0.026018649301132415,MOZAMBIQUE_TETE_CAHORA BASSA_CHINTHOLO,32.430533039546916,-16.216233615153374,Mozambique,WWT,NH3
1079,0.2553174871313256,MOZAMBIQUE_TETE_CAHORA BASSA_CHITIMA,32.56262609101031,-15.785800626605736,Mozambique,WWT,NH3
1080,0.10824198602409119,MOZAMBIQUE_TETE_CAHORA BASSA_SONGO,32.85012635482207,-15.642404356099279,Mozambique,WWT,NH3
1081,0.8746381152920655,MOZAMBIQUE_TETE_CHANGARA_CHIOCO,33.14018587060284,-16.42341231628667,Mozambique,WWT,NH3
1082,0.5145100804224315,MOZAMBIQUE_TETE_CHANGARA_LUENHA,33.11909292885668,-16.867569202571328,Mozambique,WWT,NH3
1083,0.3647823042532932,MOZAMBIQUE_TETE_CHIFUNDE_CHIFUNDE,32.92346063358836,-14.975687318128626,Mozambique,WWT,NH3
1084,0.2989213423910563,MOZAMBIQUE_TETE_CHIFUNDE_MUALADZI,32.96393250347011,-14.33950073375169,Mozambique,WWT,NH3
1085,0.016255394248962204,MOZAMBIQUE_TETE_CHIFUNDE_NSADZO,32.51914214687114,-14.524178249655883,Mozambique,WWT,NH3
1086,0.19925585526566272,MOZAMBIQUE_TETE_CHIÚTA_KAZULA,33.72636156193938,-15.477753515522302,Mozambique,WWT,NH3
1087,0.7539832122026537,MOZAMBIQUE_TETE_CHIÚTA_MANJE,33.25470436942447,-15.466819453220635,Mozambique,WWT,NH3
1088,0.6092578010411801,MOZAMBIQUE_TETE_CIDADE DE TETE_CIDADE DE TETE,33.5668919310786,-16.139469255826608,Mozambique,WWT,NH3
1089,0.7516035745938783,MOZAMBIQUE_TETE_DÔA_DÔA,34.51760621797523,-16.598152740102016,Mozambique,WWT,NH3
1090,0.34189113084443,MOZAMBIQUE_TETE_MACANGA_CHIDZOLOMONDO,33.35197753831337,-14.918724310435108,Mozambique,WWT,NH3
1091,1.481229196925349,MOZAMBIQUE_TETE_MACANGA_FURANCUNGO,33.59727820804702,-14.761837402785105,Mozambique,WWT,NH3
1092,0.5286922671221542,MOZAMBIQUE_TETE_MÁGOÈ_CHINTHOPO,30.78042037609181,-15.830563886420572,Mozambique,WWT,NH3
1093,0.08380184023191964,MOZAMBIQUE_TETE_MÁGOÈ_MPHENDE,31.891504022092988,-15.845371567366845,Mozambique,WWT,NH3
1094,0.15990387043165574,MOZAMBIQUE_TETE_MÁGOÈ_MUCUMBURA,31.574958142664922,-15.994013693857134,Mozambique,WWT,NH3
1095,0.9340197153074888,MOZAMBIQUE_TETE_MARARA_MARARA,33.1767871500584,-16.057806017371547,Mozambique,WWT,NH3
1096,0.0913280222555651,MOZAMBIQUE_TETE_MARÁVIA_CHIPERA,32.4829526094224,-15.434262338278346,Mozambique,WWT,NH3
1097,0.061968948615155256,MOZAMBIQUE_TETE_MARÁVIA_CHIPUTO,32.35344851188519,-15.03500771920889,Mozambique,WWT,NH3
1098,0.0896910082584825,MOZAMBIQUE_TETE_MARÁVIA_FINGOE,31.820992594832912,-15.343028415557255,Mozambique,WWT,NH3
1099,0.1909589407861544,MOZAMBIQUE_TETE_MARÁVIA_MALOWERA,31.85357215677831,-14.713623464787132,Mozambique,WWT,NH3
1100,0.12156346618843558,MOZAMBIQUE_TETE_MOATIZE_KAMBULATSITSI,34.20055460887969,-16.077264075157483,Mozambique,WWT,NH3
1101,0.9629033098873812,MOZAMBIQUE_TETE_MOATIZE_MOATIZE,33.83033269026306,-16.159543586050585,Mozambique,WWT,NH3
1102,0.5276648912672169,MOZAMBIQUE_TETE_MOATIZE_ZOBUE,34.11068253295919,-15.64316936974153,Mozambique,WWT,NH3
1103,0.5415741695100602,MOZAMBIQUE_TETE_MUTARARA_CHARRE,35.188552287821736,-17.238598593622232,Mozambique,WWT,NH3
1104,0.38731143604837165,MOZAMBIQUE_TETE_MUTARARA_INHANGOMA,35.23245595498249,-17.507231579651293,Mozambique,WWT,NH3
1105,0.2550469500801538,MOZAMBIQUE_TETE_MUTARARA_NHAMAYABUE,35.003122661755604,-17.054371243733755,Mozambique,WWT,NH3
1106,1.2228931507701895,MOZAMBIQUE_TETE_TSANGANO_NTENGO-WAMBALAME,34.41780906847001,-14.917178859746276,Mozambique,WWT,NH3
1107,0.6975662191625752,MOZAMBIQUE_TETE_TSANGANO_TSANGANO,34.29919561554582,-15.250900940934416,Mozambique,WWT,NH3
1108,0.6731068903498091,MOZAMBIQUE_TETE_ZUMBO_MUZE,31.19697252624993,-15.017374487026439,Mozambique,WWT,NH3
1109,0.1936128752682113,MOZAMBIQUE_TETE_ZUMBO_ZAMBUE,30.627783948317607,-15.080209177689394,Mozambique,WWT,NH3
1110,0.4103532437469963,MOZAMBIQUE_TETE_ZUMBO_ZUMBO,30.98718853424653,-15.492944910698794,Mozambique,WWT,NH3
1111,0.48993633002096076,MOZAMBIQUE_ZAMBÉZIA_ALTO MOLÓCUÈ_ALTO MOLÓCUÈ SEDE,37.75169980366362,-15.82968886527511,Mozambique,WWT,NH3
1112,0.683513121593195,MOZAMBIQUE_ZAMBÉZIA_ALTO MOLÓCUÈ_NAUELA,37.535152030135166,-15.39189561707578,Mozambique,WWT,NH3
1113,0.048988095023549574,MOZAMBIQUE_ZAMBÉZIA_CHINDE_CHINDE SEDE,36.270548844123184,-18.688008655189545,Mozambique,WWT,NH3
1114,0.2436943721901959,MOZAMBIQUE_ZAMBÉZIA_CHINDE_MICAUNE,36.474996279882056,-18.29299927576296,Mozambique,WWT,NH3
1115,0.043538192589336173,MOZAMBIQUE_ZAMBÉZIA_DERRE_GUERISSA,36.07517658059888,-17.391883949116988,Mozambique,WWT,NH3
1116,0.20020153630269638,MOZAMBIQUE_ZAMBÉZIA_DERRE_MACHINDO,36.14501762444021,-17.028813436740112,Mozambique,WWT,NH3
1117,0.3356439468343776,MOZAMBIQUE_ZAMBÉZIA_GILÉ_ALTO LIGONHA,38.32552055604672,-15.659236148992102,Mozambique,WWT,NH3
1118,0.3652100192619547,MOZAMBIQUE_ZAMBÉZIA_GILÉ_GILÉ,38.2910835056982,-16.135614998196157,Mozambique,WWT,NH3
1119,0.7838003221622332,MOZAMBIQUE_ZAMBÉZIA_GURUÈ_CIDADE DE GURUÈ,36.97092700344254,-15.416132819173738,Mozambique,WWT,NH3
1120,0.7782119878363934,MOZAMBIQUE_ZAMBÉZIA_GURUÈ_LIOMA,36.85133659882104,-15.21304720853839,Mozambique,WWT,NH3
1121,0.2009330019832385,MOZAMBIQUE_ZAMBÉZIA_GURUÈ_MEPUAGIUA,37.13396038762665,-15.585338686929129,Mozambique,WWT,NH3
1122,0.4665292719482819,MOZAMBIQUE_ZAMBÉZIA_ILE_ILE,37.33517260666365,-16.094439327573667,Mozambique,WWT,NH3
1123,0.16391713408259112,MOZAMBIQUE_ZAMBÉZIA_ILE_SOCONE,37.24742867277951,-15.78891794152016,Mozambique,WWT,NH3
1124,0.18128667847512092,MOZAMBIQUE_ZAMBÉZIA_INHASSUNGE_GONHANE,36.76819719164744,-18.129199806980733,Mozambique,WWT,NH3
1125,0.42631156357151623,MOZAMBIQUE_ZAMBÉZIA_INHASSUNGE_MUCUPIA,36.82679627550589,-18.02052955876717,Mozambique,WWT,NH3
1126,0.24822435855582584,MOZAMBIQUE_ZAMBÉZIA_LUABO_CHIMBADZO,35.97977141123299,-18.196016220231943,Mozambique,WWT,NH3
1127,0.03658581231244793,MOZAMBIQUE_ZAMBÉZIA_LUABO_SAMORA MACHEL,36.18071023228471,-18.394390454565023,Mozambique,WWT,NH3
1128,0.12660358937904934,MOZAMBIQUE_ZAMBÉZIA_LUGELA_LUGELA SEDE,36.792817501899684,-16.327386357024547,Mozambique,WWT,NH3
1129,0.19984815384891344,MOZAMBIQUE_ZAMBÉZIA_LUGELA_MUABANAMA,36.47880843926437,-16.107038995469004,Mozambique,WWT,NH3
1130,0.22551654390996215,MOZAMBIQUE_ZAMBÉZIA_LUGELA_MUNHAMADE,36.953559162628835,-16.485068132775538,Mozambique,WWT,NH3
1131,0.16328844203181386,MOZAMBIQUE_ZAMBÉZIA_LUGELA_TACUANE,36.46670382747136,-16.401970766492536,Mozambique,WWT,NH3
1132,0.7476709047390521,MOZAMBIQUE_ZAMBÉZIA_MAGANJA DA COSTA_MAGANJA DA COSTA,37.557492419314904,-17.31794215732248,Mozambique,WWT,NH3
1133,0.5971936358223651,MOZAMBIQUE_ZAMBÉZIA_MAGANJA DA COSTA_NANTE,37.278741977984176,-17.32317306931781,Mozambique,WWT,NH3
1134,0.5094317651977311,MOZAMBIQUE_ZAMBÉZIA_MILANGE_MAJAUA,35.436624982155294,-16.253643814284985,Mozambique,WWT,NH3
1135,1.1998811756384262,MOZAMBIQUE_ZAMBÉZIA_MILANGE_MILANGE SEDE,35.963973872998274,-16.234450769061095,Mozambique,WWT,NH3
1136,0.3651329853160327,MOZAMBIQUE_ZAMBÉZIA_MILANGE_MONGUE,35.65648738221003,-16.442722119703557,Mozambique,WWT,NH3
1137,0.8014000782444343,MOZAMBIQUE_ZAMBÉZIA_MOCUBA_CIDADE DE MOCUBA,36.92085203297691,-17.018379997773273,Mozambique,WWT,NH3
1138,0.48296665999810545,MOZAMBIQUE_ZAMBÉZIA_MOCUBA_MUGEBA,37.29714017190822,-16.637901594506356,Mozambique,WWT,NH3
1139,0.4832402290711453,MOZAMBIQUE_ZAMBÉZIA_MOCUBA_NAMANJAVIRA,36.48988287703119,-16.806628981302676,Mozambique,WWT,NH3
1140,0.14971022311324916,MOZAMBIQUE_ZAMBÉZIA_MOCUBELA_BAJONE,37.895522331552115,-17.22544194310728,Mozambique,WWT,NH3
1141,0.14889737191819963,MOZAMBIQUE_ZAMBÉZIA_MOCUBELA_MOCUBELA,37.68028351815039,-16.88555041335021,Mozambique,WWT,NH3
1142,0.19674912798941846,MOZAMBIQUE_ZAMBÉZIA_MOLUMBO_CORROMANA,36.05791686767938,-15.749566179759793,Mozambique,WWT,NH3
1143,0.3019325924824589,MOZAMBIQUE_ZAMBÉZIA_MOLUMBO_MOLUMBO SEDE,36.32068964426865,-15.602898065813545,Mozambique,WWT,NH3
1144,0.29240410218419627,MOZAMBIQUE_ZAMBÉZIA_MOPEIA_CAMPO,36.34626125703182,-17.82259550049933,Mozambique,WWT,NH3
1145,0.4451495691439802,MOZAMBIQUE_ZAMBÉZIA_MOPEIA_MOPEIA SEDE,35.80351735470755,-17.841703764849772,Mozambique,WWT,NH3
1146,0.5723150845734101,MOZAMBIQUE_ZAMBÉZIA_MORRUMBALA_CHIRE,35.53140807640189,-16.71068394183522,Mozambique,WWT,NH3
1147,0.7332119163577878,MOZAMBIQUE_ZAMBÉZIA_MORRUMBALA_MEGAZA,35.44414710494373,-17.34322259459494,Mozambique,WWT,NH3
1148,0.5558725852555927,MOZAMBIQUE_ZAMBÉZIA_MORRUMBALA_MORRUMBALA SEDE,35.71818601432962,-17.24576425945072,Mozambique,WWT,NH3
1149,0.043009520412881364,MOZAMBIQUE_ZAMBÉZIA_MULEVALA_CHIRACO,37.76125440346422,-16.32163858126515,Mozambique,WWT,NH3
1150,0.1794276373185126,MOZAMBIQUE_ZAMBÉZIA_MULEVALA_M BAUANE,37.54642716961419,-16.40909467076002,Mozambique,WWT,NH3
1151,0.4109718364343683,MOZAMBIQUE_ZAMBÉZIA_NAMACURRA_MACUSE,37.22484678245629,-17.591775752107008,Mozambique,WWT,NH3
1152,0.1200195489653588,MOZAMBIQUE_ZAMBÉZIA_NAMACURRA_MALEI,37.01133444499841,-17.298645809649788,Mozambique,WWT,NH3
1153,0.5944437752237671,MOZAMBIQUE_ZAMBÉZIA_NAMACURRA_NAMACURRA SEDE,36.999724466727024,-17.475100608613698,Mozambique,WWT,NH3
1154,0.6149831604161602,MOZAMBIQUE_ZAMBÉZIA_NAMARROI_NAMARROI,36.932601372279954,-15.997062158730339,Mozambique,WWT,NH3
1155,0.2041050989302302,MOZAMBIQUE_ZAMBÉZIA_NAMARROI_REGONE,36.703202241179774,-15.741498193552788,Mozambique,WWT,NH3
1156,0.10676830660041779,MOZAMBIQUE_ZAMBÉZIA_NICOADALA_MUNHONHA,36.585288815320006,-17.577946128566236,Mozambique,WWT,NH3
1157,0.4816076697480133,MOZAMBIQUE_ZAMBÉZIA_NICOADALA_NICOADALA SEDE,36.663687161432556,-17.524080596030704,Mozambique,WWT,NH3
1158,0.4378739394284995,MOZAMBIQUE_ZAMBÉZIA_PEBANE_MULELA,38.453959254758885,-16.77972576468378,Mozambique,WWT,NH3
1159,0.42989527654906057,MOZAMBIQUE_ZAMBÉZIA_PEBANE_NABURI,38.84329914869052,-16.53846306968174,Mozambique,WWT,NH3
1160,0.23371153000285483,MOZAMBIQUE_ZAMBÉZIA_PEBANE_PEBANE SEDE,38.11397763950611,-16.944696335246178,Mozambique,WWT,NH3
1161,0.6945396789528528,MOZAMBIQUE_ZAMBÉZIA_QUELIMANE_MAQUIVAL,37.05066199126774,-17.80539223477135,Mozambique,WWT,NH3
1162,0.30498278005993457,MOZAMBIQUE_ZAMBÉZIA_QUELIMANE_QUELIMANE,36.917031879996124,-17.859838300308013,Mozambique,WWT,NH3
1163,0.3206639613076107,MOZAMBIQUE_SOFALA_CIDADE DA BEIRA_INHAMIZUA,34.80944811048006,-19.7342235382873,Mozambique,WWT,NH3
1164,0.09836138553784296,MOZAMBIQUE_CABO DELGADO_QUISSANGA_QUISSANGA,40.34522572679413,-12.388146823567476,Mozambique,WWT,NH3
1165,0.41509637693772544,MOZAMBIQUE_ZAMBÉZIA_NICOADALA_NAMACATA,36.87753030165205,-17.747483505410734,Mozambique,WWT,NH3
1166,0.21861535149850822,NAMIBIA_ZAMBEZI_KABBE,24.793790035168254,-17.667984075409294,Namibia,WWT,NH3
1167,0.20071214592714567,NAMIBIA_ZAMBEZI_KATIMA MULILO RURAL,24.454538835228554,-17.783707702671318,Namibia,WWT,NH3
1168,0.033343810740258245,NAMIBIA_ZAMBEZI_KATIMA MULILO URBAN,24.279746190016365,-17.50806511335707,Namibia,WWT,NH3
1169,0.05056415872514174,NAMIBIA_ZAMBEZI_KONGOLA,23.264204346697873,-17.80294902774862,Namibia,WWT,NH3
1170,0.07185320788746177,NAMIBIA_ZAMBEZI_LINYANTI,23.671437828262256,-18.092266566594112,Namibia,WWT,NH3
1171,0.047801304934075514,NAMIBIA_ZAMBEZI_SIBBINDA,24.108590663155443,-17.85835022128321,Namibia,WWT,NH3
1172,0.06382251023938262,NAMIBIA_ERONGO_ARANDIS,14.691497629475606,-22.264372494788464,Namibia,WWT,NH3
1173,0.053401736700939506,NAMIBIA_ERONGO_DAURES,14.93756663805144,-21.37524651621252,Namibia,WWT,NH3
1174,0.10602890281904817,NAMIBIA_ERONGO_KARIBIB,15.787173934663985,-22.30410061850206,Namibia,WWT,NH3
1175,0.07371385470755819,NAMIBIA_ERONGO_OMARURU,15.95833063241253,-21.31749516745864,Namibia,WWT,NH3
1176,0.19578282870668934,NAMIBIA_ERONGO_SWAKOPMUND,14.59907978731461,-22.6202601717113,Namibia,WWT,NH3
1177,0.3375326996921326,NAMIBIA_ERONGO_WALVIS BAY RURAL,15.043164785735584,-23.30666115914993,Namibia,WWT,NH3
1178,0.04490437687124734,NAMIBIA_ERONGO_WALVIS BAY URBAN,14.51062497535283,-22.954088068577146,Namibia,WWT,NH3
1179,0.078477344778828,NAMIBIA_HARDAP_GIBEON,16.211055584954146,-24.728927802737125,Namibia,WWT,NH3
1180,0.1416287255648225,NAMIBIA_HARDAP_MARIENTAL RURAL,18.931178051035655,-24.55690325528673,Namibia,WWT,NH3
1181,0.06970812665435654,NAMIBIA_HARDAP_MARIENTAL URBAN,17.552231711371142,-24.506156912910303,Namibia,WWT,NH3
1182,0.035540940319668576,NAMIBIA_HARDAP_REHOBOTH RURAL,16.94802061214784,-23.797424696279414,Namibia,WWT,NH3
1183,0.0704311999923402,NAMIBIA_HARDAP_REHOBOTH URBAN EAST,17.140914395565115,-23.302814761538283,Namibia,WWT,NH3
1184,0.11077633594401748,NAMIBIA_HARDAP_REHOBOTH URBAN WEST,17.035406416002225,-23.29213818904565,Namibia,WWT,NH3
1185,0.05895300451031943,NAMIBIA_//KARAS_BERSEBA,17.43213672122362,-26.402137402623683,Namibia,WWT,NH3
1186,0.13692635413059642,NAMIBIA_//KARAS_KARASBURG,18.711773230367335,-28.093418586403676,Namibia,WWT,NH3
1187,0.06852842004794141,NAMIBIA_//KARAS_KEETMANSHOOP RURAL,18.963044948025257,-26.591724991032446,Namibia,WWT,NH3
1188,0.09679116893176991,NAMIBIA_//KARAS_KEETMANSHOOP URBAN,18.13828868505545,-26.52392990789683,Namibia,WWT,NH3
1189,0.06075660063009716,NAMIBIA_//KARAS_LUDERITZ,15.864291361495141,-26.644991721573984,Namibia,WWT,NH3
1190,0.11186378272137083,NAMIBIA_//KARAS_ORANJEMUND,16.84821332532997,-28.056930475767597,Namibia,WWT,NH3
1191,0.09741685330574737,NAMIBIA_KAVANGO EAST_MASHARE,20.090779832016132,-18.617546949007107,Namibia,WWT,NH3
1192,0.20101828357666257,NAMIBIA_KAVANGO EAST_MUKWE,21.71929868242943,-18.093691738891703,Namibia,WWT,NH3
1193,0.3071820205233709,NAMIBIA_KAVANGO EAST_NDIYONA,20.70537677949861,-18.57519053865166,Namibia,WWT,NH3
1194,0.34674416795714924,NAMIBIA_KAVANGO EAST_RUNDU RURAL WEST,19.729735628949058,-18.20829568264125,Namibia,WWT,NH3
1195,0.04233051581235626,NAMIBIA_KAVANGO EAST_RUNDU URBAN,19.77048535736296,-17.905684519464447,Namibia,WWT,NH3
1196,0.13551163700182287,NAMIBIA_KAVANGO EAST_RUNDU RURAL EAST,19.918903908289927,-18.018190028726913,Namibia,WWT,NH3
1197,0.09151625143767396,NAMIBIA_KHOMAS_TOBIAS HAINYEKO,17.064566285247462,-22.491571002219786,Namibia,WWT,NH3
1198,0.030802982155751436,NAMIBIA_KHOMAS_KATUTURA CENTRAL,17.053093806653106,-22.5235276855212,Namibia,WWT,NH3
1199,0.040047226771168114,NAMIBIA_KHOMAS_KATUTURA EAST,17.064629491748327,-22.520906899274305,Namibia,WWT,NH3
1200,0.3180917257490976,NAMIBIA_KHOMAS_KHOMASDAL NORTH,17.02393885405345,-22.546692524938113,Namibia,WWT,NH3
1201,0.0286334124310351,NAMIBIA_KHOMAS_SOWETO,17.04634348136182,-22.518971599270618,Namibia,WWT,NH3
1202,0.19803760141892973,NAMIBIA_KHOMAS_SAMORA MACHEL,17.011693927957612,-22.515093718237296,Namibia,WWT,NH3
1203,0.20233609274475864,NAMIBIA_KHOMAS_WINDHOEK EAST,17.14408226450097,-22.62046223783627,Namibia,WWT,NH3
1204,0.4539087696360462,NAMIBIA_KHOMAS_WINDHOEK RURAL,17.152644209354136,-22.919981679213087,Namibia,WWT,NH3
1205,0.6794077362553357,NAMIBIA_KHOMAS_WINDHOEK WEST,16.999274417411097,-22.61413420573047,Namibia,WWT,NH3
1206,0.08237266949679078,NAMIBIA_KHOMAS_MOSES //GAROEB,17.04398509888085,-22.46917693709735,Namibia,WWT,NH3
1207,0.278387000409368,NAMIBIA_KUNENE_EPUPA,12.951182297756084,-17.577768817143944,Namibia,WWT,NH3
1208,0.055482490557904475,NAMIBIA_KUNENE_KAMANAJB,15.32465722582946,-19.802405761415024,Namibia,WWT,NH3
1209,0.0748774907761218,NAMIBIA_KUNENE_KHORIXAS,14.18082561343677,-20.491501565211138,Namibia,WWT,NH3
1210,0.1943833406618604,NAMIBIA_KUNENE_OPUWO,13.206749264241742,-18.475898236405577,Namibia,WWT,NH3
1211,0.08198870777022804,NAMIBIA_KUNENE_OUTJO,16.274442963394687,-19.825265069447923,Namibia,WWT,NH3
1212,0.046762328899527666,NAMIBIA_KUNENE_SESFONTEIN,13.640868650570905,-19.49338092253463,Namibia,WWT,NH3
1213,0.11749758918747213,NAMIBIA_OHANGWENA_EENHANA,16.353020701398215,-17.671032492551955,Namibia,WWT,NH3
1214,0.12118348447329655,NAMIBIA_OHANGWENA_ENDOLA,15.820859010662058,-17.625815642509547,Namibia,WWT,NH3
1215,0.1601518903717661,NAMIBIA_OHANGWENA_ENGELA,15.748718902094708,-17.518181174101677,Namibia,WWT,NH3
1216,0.08277130566773523,NAMIBIA_OHANGWENA_EPEMBE,16.685598245035656,-17.66735533080767,Namibia,WWT,NH3
1217,0.09132622071508127,NAMIBIA_OHANGWENA_OHANGWENA,15.882643502502614,-17.520931558141168,Namibia,WWT,NH3
1218,0.13333970252770821,NAMIBIA_OHANGWENA_OKONGO,17.455737413504714,-17.57117050323505,Namibia,WWT,NH3
1219,0.06634731117669634,NAMIBIA_OHANGWENA_OMUNDAUNGILO,16.578551766563972,-17.449506206889357,Namibia,WWT,NH3
1220,0.11280328499183172,NAMIBIA_OHANGWENA_ONDOBE,16.18459197141436,-17.477949671341534,Namibia,WWT,NH3
1221,0.1588622952251863,NAMIBIA_OHANGWENA_ONGENGA,15.668516925400173,-17.447258578058655,Namibia,WWT,NH3
1222,0.14175948975877958,NAMIBIA_OHANGWENA_OSHIKANGO,15.988943461829676,-17.457271133054828,Namibia,WWT,NH3
1223,0.17408683669010488,NAMIBIA_OHANGWENA_OMULONGA,16.093754261365657,-17.654017776298947,Namibia,WWT,NH3
1224,0.05663134304579913,NAMIBIA_OMAHEKE_AMINUIS,19.295775953525137,-23.417526891993003,Namibia,WWT,NH3
1225,0.14372720895278762,NAMIBIA_OMAHEKE_GOBABIS,18.604707150106318,-22.71498381235896,Namibia,WWT,NH3
1226,0.04871473016456735,NAMIBIA_OMAHEKE_KALAHARI,19.48312846470799,-22.503052429131507,Namibia,WWT,NH3
1227,0.03439777151795249,NAMIBIA_OMAHEKE_OTJINENE,18.982375532173915,-20.874933868522408,Namibia,WWT,NH3
1228,0.03449884609913048,NAMIBIA_OMAHEKE_OTJOMBINDE,20.498308652977602,-21.175886752549744,Namibia,WWT,NH3
1229,0.05997952088836528,NAMIBIA_OMAHEKE_STEINHAUSEN,18.80813704803802,-21.78488609292944,Namibia,WWT,NH3
1230,0.026268008089025425,NAMIBIA_OMAHEKE_EPUKIRO,19.646436307793838,-20.93506528769702,Namibia,WWT,NH3
1231,0.06125212757188624,NAMIBIA_OMUSATI_ANAMULENGE,15.10483056097633,-17.506116865915512,Namibia,WWT,NH3
1232,0.047991034315793026,NAMIBIA_OMUSATI_ELIM,15.413739072297282,-17.82200407359759,Namibia,WWT,NH3
1233,0.1667627871928166,NAMIBIA_OMUSATI_ETAYI,15.519494125234022,-17.546723554965112,Namibia,WWT,NH3
1234,0.09581516450275827,NAMIBIA_OMUSATI_OGONGO,15.170545752866131,-17.721649210815624,Namibia,WWT,NH3
1235,0.07907785220763504,NAMIBIA_OMUSATI_OKAHAO,14.876116003002421,-18.693051850022275,Namibia,WWT,NH3
1236,0.13786022511740617,NAMIBIA_OMUSATI_OKALONGO,15.28878445011893,-17.500821675929387,Namibia,WWT,NH3
1237,0.05934607723184689,NAMIBIA_OMUSATI_ONESI,14.628083358790452,-17.577424359547425,Namibia,WWT,NH3
1238,0.049812177491907986,NAMIBIA_OMUSATI_OSHIKUKU,15.392620794511467,-17.690835725085098,Namibia,WWT,NH3
1239,0.17723906675750895,NAMIBIA_OMUSATI_OUTAPI,14.846441471749827,-17.517573911214274,Namibia,WWT,NH3
1240,0.0877440369433778,NAMIBIA_OMUSATI_RUACANA,14.407777044865957,-18.097615436899044,Namibia,WWT,NH3
1241,0.13749934273393363,NAMIBIA_OMUSATI_TSANDI,14.78614887515016,-17.886312407797114,Namibia,WWT,NH3
1242,0.05713608405785409,NAMIBIA_OMUSATI_OTAMANZI,15.358988115665142,-18.525957641318243,Namibia,WWT,NH3
1243,0.10969248250585038,NAMIBIA_OSHANA_OKAKU,15.943162766854906,-17.77022559144506,Namibia,WWT,NH3
1244,0.19272268368036619,NAMIBIA_OSHANA_OKATANA,15.574759437909428,-17.820795199376207,Namibia,WWT,NH3
1245,0.023810977354289792,NAMIBIA_OSHANA_OKATJALI,15.924923293889925,-18.15395120107729,Namibia,WWT,NH3
1246,0.02978283155675561,NAMIBIA_OSHANA_OMPUNDJA,15.659629403226038,-18.011357008061164,Namibia,WWT,NH3
1247,0.15046221086270234,NAMIBIA_OSHANA_ONDANGWA,15.89055793163545,-17.88939506257595,Namibia,WWT,NH3
1248,0.19461263981046176,NAMIBIA_OSHANA_ONGWEDIVA,15.823548294632106,-17.763524478913496,Namibia,WWT,NH3
1249,0.11085213135413183,NAMIBIA_OSHANA_OSHAKATI EAST,15.735869553936352,-17.86260914126032,Namibia,WWT,NH3
1250,0.04992258222456975,NAMIBIA_OSHANA_OSHAKATI WEST,15.624549764682277,-17.857865215295526,Namibia,WWT,NH3
1251,0.13970453316292566,NAMIBIA_OSHANA_UUKWIYU,15.884221094272657,-17.99618085800174,Namibia,WWT,NH3
1252,0.029638738781388955,NAMIBIA_OSHANA_UUVUDHIYA,15.696372341891102,-18.671160629838095,Namibia,WWT,NH3
1253,0.11440533423316841,NAMIBIA_OSHIKOTO_EENGONDI,17.332440762836534,-18.19310832303004,Namibia,WWT,NH3
1254,0.08544020606068062,NAMIBIA_OSHIKOTO_GUINAS,17.594343489923055,-18.89437399671328,Namibia,WWT,NH3
1255,0.08526304112120194,NAMIBIA_OSHIKOTO_OKANKOLO,17.177875343763045,-17.878323021444082,Namibia,WWT,NH3
1256,0.06371273650303946,NAMIBIA_OSHIKOTO_OLUKONDA,16.068385898650977,-18.038011932787096,Namibia,WWT,NH3
1257,0.08055851942897249,NAMIBIA_OSHIKOTO_OMUNTELE,16.169328087187097,-18.334827887672034,Namibia,WWT,NH3
1258,0.1296168895453888,NAMIBIA_OSHIKOTO_OMUTHIYAGWIIPUNDI,16.51029242566859,-18.898858129359702,Namibia,WWT,NH3
1259,0.08673695691462427,NAMIBIA_OSHIKOTO_ONAYENA,16.207793411083593,-17.950862651129206,Namibia,WWT,NH3
1260,0.11212423658792522,NAMIBIA_OSHIKOTO_ONIIPA,16.069902480232454,-17.845135062553666,Namibia,WWT,NH3
1261,0.10274302870708359,NAMIBIA_OSHIKOTO_ONYAANYA,16.357556814301276,-18.090881069656568,Namibia,WWT,NH3
1262,0.0972724716791449,NAMIBIA_OSHIKOTO_TSUMEB,17.719219426941624,-19.233610933756992,Namibia,WWT,NH3
1263,0.13900429424841151,NAMIBIA_OTJOZONDJUPA_GROOTFONTEIN,18.435300956629483,-19.307687617586755,Namibia,WWT,NH3
1264,0.14997712884326994,NAMIBIA_OTJOZONDJUPA_OKAHANDJA,16.668747555463238,-21.83565240672381,Namibia,WWT,NH3
1265,0.08934636462075447,NAMIBIA_OTJOZONDJUPA_OKAKARARA,18.334564244255255,-20.38760912604105,Namibia,WWT,NH3
1266,0.1566056556857087,NAMIBIA_OTJOZONDJUPA_OMATAKO,17.282520645457858,-21.20096061005428,Namibia,WWT,NH3
1267,0.06705381102739712,NAMIBIA_OTJOZONDJUPA_OTAVI,17.328950067683728,-19.86763044479583,Namibia,WWT,NH3
1268,0.15492361154169532,NAMIBIA_OTJOZONDJUPA_OTJIWARONGO,16.251829448720684,-20.505042965104394,Namibia,WWT,NH3
1269,0.05708705978044061,NAMIBIA_OTJOZONDJUPA_TSUMKWE,19.9533987514376,-19.722419209002222,Namibia,WWT,NH3
1270,0.23391796436490614,NAMIBIA_KAVANGO WEST_KAHENGE,18.861763150665734,-18.28861226947196,Namibia,WWT,NH3
1271,0.22780083331881376,NAMIBIA_KAVANGO WEST_KAPAKO,19.43557328650503,-18.551716439141092,Namibia,WWT,NH3
1272,0.13924356766792276,NAMIBIA_KAVANGO WEST_MPUNGU,18.26159001570929,-18.04481891772234,Namibia,WWT,NH3
1273,3.7254013313595693,Buffalo City (BUF),27.598864254477117,-32.94800582792056,SA,WWT,NH3
1274,15.498928089342119,City of Cape Town (CPT),18.594296829494326,-33.892706933725236,SA,WWT,NH3
1275,0.45880578831755015,Camdeboo/Ikwezi/Baviaans (EC101),24.089957646273938,-32.8452024220234,SA,WWT,NH3
1276,0.28092139477606964,Blue Crane Rout/ie (EC102),25.41308680240521,-32.778160968279536,SA,WWT,NH3
1277,0.3943722881306782,Makana (EC104),26.408254634609886,-33.23516631902399,SA,WWT,NH3
1278,0.3243613901776985,Ndlambe (EC105),26.743980167056392,-33.52310164874916,SA,WWT,NH3
1279,0.36070138798345047,Sundays River Valley (EC106),25.496722441767997,-33.51169278867713,SA,WWT,NH3
1280,0.4960184824672421,Kouga (EC108),24.79959562862642,-33.90429867869783,SA,WWT,NH3
1281,0.3060157519779201,Kou-Kamma (EC109),24.060086657020488,-33.867609516127736,SA,WWT,NH3
1282,1.4725301790655536,Mbhashe (EC121),28.575231014835296,-32.13220971938858,SA,WWT,NH3
1283,1.3911510113189767,Mnquma (EC122),28.156661393124235,-32.34546010162823,SA,WWT,NH3
1284,0.19575868130898108,Great Kei (EC123),28.009533893856762,-32.65908476816192,SA,WWT,NH3
1285,0.6995681159884998,Amahlathi (EC124),27.33351960038348,-32.502457790779154,SA,WWT,NH3
1286,0.4146542286280904,Ngqushwa (EC126),27.190552108198407,-33.197883930507096,SA,WWT,NH3
1287,0.9039769014157272,Nkonkobe/Nxuba (EC129),26.56395343016319,-32.68648839664744,SA,WWT,NH3
1288,0.3366691522001457,Inxuba Yethemba (EC131),25.321553083523288,-31.86297467718648,SA,WWT,NH3
1289,0.7821513209829257,Intsika Yethu (EC135),27.65645293007968,-31.967410209741036,SA,WWT,NH3
1290,0.7232006325973489,Emalahleni (EC136),27.196289987483134,-31.59599819484559,SA,WWT,NH3
1291,0.8794762682841815,Engcobo (EC137),28.091140856688877,-31.681331250222897,SA,WWT,NH3
1292,0.3945289577953468,Sakhisizwe (EC138),27.784464653423093,-31.443073463199052,SA,WWT,NH3
1293,1.4601286445989319,Tsolwana/Inkwanca/Lukanji (EC139),26.44231171599927,-31.82713277165301,SA,WWT,NH3
1294,0.8099923594356869,Elundini (EC141),28.332923728488446,-30.924613490171907,SA,WWT,NH3
1295,0.8797379163603678,Senqu (EC142),27.561052438944984,-30.865504121282964,SA,WWT,NH3
1296,0.47033369039752604,Maletswai/Gariep (EC145),26.297982166534812,-30.99072562439091,SA,WWT,NH3
1297,2.1017555493169238,Ngquza Hill (EC153),29.61936077896737,-31.240526584482595,SA,WWT,NH3
1298,1.0348631394350933,Port St Johns (EC154),29.42127994736776,-31.536133432650935,SA,WWT,NH3
1299,2.1695334560698667,Nyandeni (EC155),29.06791507221619,-31.593568922888913,SA,WWT,NH3
1300,1.2735853031827633,Mhlontlo (EC156),28.77986734009031,-31.200925478397178,SA,WWT,NH3
1301,2.813129723216342,King Sabata Dalindyebo (EC157),28.67245651353882,-31.763159249936695,SA,WWT,NH3
1302,1.4404773023782587,Matatiele (EC441),28.799576805046378,-30.346800314394653,SA,WWT,NH3
1303,1.1620837712668415,Umzimvubu (EC442),29.024650004658934,-30.77669158331251,SA,WWT,NH3
1304,2.159914897299755,Mbizana (EC443),29.846100390912305,-30.94913834267403,SA,WWT,NH3
1305,0.8856874057715324,Ntabankulu (EC444),29.301335289494258,-30.979143187316314,SA,WWT,NH3
1306,14.487080056465807,Ekurhuleni (EKU),28.312610799006872,-26.19890180039359,SA,WWT,NH3
1307,15.157798717620159,eThekwini (ETH),30.83613967872446,-29.834217800959394,SA,WWT,NH3
1308,0.2174254445395254,Letsemeng (FS161),25.014921531561004,-29.358108946328255,SA,WWT,NH3
1309,0.36811950218563605,Kopanong (FS162),25.64114039286138,-29.975908538082983,SA,WWT,NH3
1310,0.33617372052972744,Mohokare (FS163),26.70843376153791,-30.20845860575575,SA,WWT,NH3
1311,0.33182490637174766,Masilonyana (FS181),26.617458659326235,-28.631554189395228,SA,WWT,NH3
1312,0.2082729404550732,Tokologo (FS182),25.355991999884054,-28.472588777335627,SA,WWT,NH3
1313,0.25244049446875777,Tswelopele (FS183),25.931548564559048,-28.066074672660065,SA,WWT,NH3
1314,1.8682941643233446,Matjhabeng (FS184),26.91629852178738,-28.044206331040705,SA,WWT,NH3
1315,0.3748737412994874,Nala (FS185),26.443501057951472,-27.620085113823276,SA,WWT,NH3
1316,0.7514494753879242,Setsoto (FS191),27.611849107223822,-28.597460113677133,SA,WWT,NH3
1317,0.8210723248437933,Dihlabeng (FS192),28.293898689286305,-28.362439638603284,SA,WWT,NH3
1318,0.31228464656804533,Nketoana (FS193),28.246098639230098,-27.849730288880405,SA,WWT,NH3
1319,1.53933590043294,Maluti a Phofung (FS194),29.025155447117413,-28.332211824313816,SA,WWT,NH3
1320,0.2283708350934637,Phumelela (FS195),29.22855332756709,-27.676780478565117,SA,WWT,NH3
1321,0.5855880750635832,Mantsopa (FS196),27.217597861072438,-29.135212154732272,SA,WWT,NH3
1322,0.824302640183841,Moqhaka (FS201),27.193724011739675,-27.500952572439758,SA,WWT,NH3
1323,0.517476023054895,Ngwathe (FS203),27.731911356224305,-27.2957570942759,SA,WWT,NH3
1324,0.9357566021715525,Metsimaholo (FS204),28.043759146658957,-26.929132626752555,SA,WWT,NH3
1325,0.26193069239631633,Mafube (FS205),28.60779443701931,-27.269640781466524,SA,WWT,NH3
1326,3.347051224185965,Emfuleni (GT421),27.78119575062538,-26.628372404139963,SA,WWT,NH3
1327,1.3363768143655008,Midvaal (GT422),28.12922429452965,-26.623049056706034,SA,WWT,NH3
1328,0.877868267188483,Lesedi (GT423),28.506672206506963,-26.461472069502342,SA,WWT,NH3
1329,2.0215985290332967,Mogale City (GT481),27.683044173467124,-25.9870777312359,SA,WWT,NH3
1330,1.0044708653825976,Merafong City (GT484),27.39947301236414,-26.416916316259925,SA,WWT,NH3
1331,1.8025146773604888,New (GT485),27.630358282577387,-26.305377895109828,SA,WWT,NH3
1332,20.720243888605854,City of Johannesburg (JHB),27.963520457163874,-26.17673292466971,SA,WWT,NH3
1333,0.822108517954985,Umdoni (KZN212),30.564296422383766,-30.26941215278416,SA,WWT,NH3
1334,0.8029416952785394,Umzumbe (KZN213),30.34109349485651,-30.48625213454723,SA,WWT,NH3
1335,0.7981610846031133,uMuziwabantu (KZN214),29.876024661538295,-30.631036716984855,SA,WWT,NH3
1336,1.8562860482427868,Hibiscus Coast (KZN216),30.256268392679218,-30.777445434896816,SA,WWT,NH3
1337,1.161079902839694,uMshwathi (KZN221),30.57723304743919,-29.382907146378955,SA,WWT,NH3
1338,0.8176350499443567,uMngeni (KZN222),30.090331468395576,-29.437893652146563,SA,WWT,NH3
1339,0.19630339296557728,Mpofana (KZN223),30.025271395990348,-29.190997264613035,SA,WWT,NH3
1340,0.3148690413646649,Impendle (KZN224),29.731276209974812,-29.554937527064798,SA,WWT,NH3
1341,2.719044774944257,The Msunduzi (KZN225),30.265492525577752,-29.670137497352023,SA,WWT,NH3
1342,0.6401310769339716,Mkhambathini (KZN226),30.54531080327023,-29.843574776336624,SA,WWT,NH3
1343,0.6983767531810533,Richmond (KZN227),30.284544545669366,-29.892451867819272,SA,WWT,NH3
1344,1.0667404215161953,Okhahlamba (KZN235),29.316126781081834,-28.755389135601764,SA,WWT,NH3
1345,1.5557627336882858,New (KZN237),29.823208639417057,-28.98844294297501,SA,WWT,NH3
1346,1.93291695576474,New (KZN238),29.85903127009922,-28.465502298380606,SA,WWT,NH3
1347,0.3823843875992402,Endumeni (KZN241),30.298724252947004,-28.170872262516635,SA,WWT,NH3
1348,1.148324080673572,Nqutu (KZN242),30.738402602971842,-28.3057856426724,SA,WWT,NH3
1349,1.2886318586446743,Msinga (KZN244),30.448438956915833,-28.605909275422903,SA,WWT,NH3
1350,0.9301554373547287,Umvoti (KZN245),30.674407652928558,-29.025108014344248,SA,WWT,NH3
1351,1.5918868701667646,Newcastle (KZN252),29.876255990263406,-27.739276183545844,SA,WWT,NH3
1352,0.4383006711191431,Emadlangeni (KZN253),30.321232039938934,-27.617907330365107,SA,WWT,NH3
1353,0.8566806990237058,Dannhauser (KZN254),30.002289977265942,-28.021393744339566,SA,WWT,NH3
1354,0.4804183956044781,eDumbe (KZN261),30.81062292956855,-27.469617673094547,SA,WWT,NH3
1355,0.9104141222510245,uPhongolo (KZN262),31.598159005752375,-27.483608832173115,SA,WWT,NH3
1356,1.4932058270474236,Abaqulusi (KZN263),31.05300673776844,-27.8257482171015,SA,WWT,NH3
1357,1.2749147229474003,Nongoma (KZN265),31.745560356874247,-27.911780178568517,SA,WWT,NH3
1358,1.285557484084463,Ulundi (KZN266),31.309444916664436,-28.239580055499665,SA,WWT,NH3
1359,1.0415092423546026,Umhlabuyalingana (KZN271),32.56381651356431,-27.243472986556462,SA,WWT,NH3
1360,1.308672631853462,Jozini (KZN272),32.14557048188946,-27.36815301488439,SA,WWT,NH3
1361,1.141212003169965,Mtubatuba (KZN275),32.29495200731668,-28.28774563454697,SA,WWT,NH3
1362,0.7996147246257421,New (KZN276),32.196439917229256,-28.03451780762441,SA,WWT,NH3
1363,1.0016876716871703,Mfolozi (KZN281),32.08205666681106,-28.54943900730811,SA,WWT,NH3
1364,1.8908741012248942,uMhlathuze (KZN282),31.879279732627545,-28.731153462649306,SA,WWT,NH3
1365,1.728405258475299,uMlalazi (KZN284),31.444902303281012,-28.904859982322336,SA,WWT,NH3
1366,0.5708398223190733,Mthonjaneni (KZN285),31.46989521594373,-28.566641254058112,SA,WWT,NH3
1367,0.7086419230973723,Nkandla (KZN286),30.992847475348313,-28.65874298560281,SA,WWT,NH3
1368,0.71273219592636194,Mandeni (KZN291),31.467602405876107,-29.12389810299933,SA,WWT,NH3
1369,1.2309787313509475,KwaDukuza (KZN292),31.25513058898549,-29.355999737664646,SA,WWT,NH3
1370,1.0976281832494112,Ndwedwe (KZN293),30.971145236611328,-29.424489832181724,SA,WWT,NH3
1371,0.6672567620827492,Maphumulo (KZN294),31.061676575865707,-29.11112579364772,SA,WWT,NH3
1372,0.443932132130006,Greater Kokstad (KZN433),29.333985724860153,-30.300940129030153,SA,WWT,NH3
1373,0.7790210701953613,Ubuhlebezwe (KZN434),30.164623949729094,-30.19252582259694,SA,WWT,NH3
1374,1.2682973834472429,Umzimkhulu (KZN435),29.73770155638459,-30.291659472535116,SA,WWT,NH3
1375,0.7619546559030306,New (KZN436),29.59925971197213,-29.82995036987778,SA,WWT,NH3
1376,1.782070424505536,Greater Giyani (LIM331),30.899690443403223,-23.363950859740118,SA,WWT,NH3
1377,1.280841347027024,Greater Letaba (LIM332),30.27459722174666,-23.51164855271159,SA,WWT,NH3
1378,2.0494779566541985,Greater Tzaneen (LIM333),30.25340441091674,-23.835977770536683,SA,WWT,NH3
1379,0.7828495227107853,Ba-Phalaborwa (LIM334),31.191583756193857,-23.776931100454973,SA,WWT,NH3
1380,0.6741832405386772,Maruleng (LIM335),30.785641757876952,-24.291507940529854,SA,WWT,NH3
1381,1.405437707952712,Musina (LIM341),30.05077110077547,-22.452444078436113,SA,WWT,NH3
1382,2.7131353386675645,Thulamela (LIM343),30.555384649799517,-22.785680862120937,SA,WWT,NH3
1383,2.4108150235417356,Makhado (LIM344),29.7486767332841,-22.99957537797423,SA,WWT,NH3
1384,2.3478061399064853,New (LIM345),30.973389530004273,-22.98859241312989,SA,WWT,NH3
1385,1.219155351029781,Blouberg (LIM351),28.75025951576327,-22.96754705620071,SA,WWT,NH3
1386,0.8371216933566217,Molemole (LIM353),29.53603926457335,-23.498363807532403,SA,WWT,NH3
1387,4.22207880885685,Polokwane (LIM354),29.382116648858307,-23.8911198474484,SA,WWT,NH3
1388,1.539969146507205,Lepele-Nkumpi (LIM355),29.706098724754902,-24.26602472477329,SA,WWT,NH3
1389,0.5966479893341141,Thabazimbi (LIM361),27.18648986644449,-24.54368940298091,SA,WWT,NH3
1390,0.8359290887962976,Lephalale (LIM362),27.797673264901547,-23.67621029455612,SA,WWT,NH3
1391,0.534530342922673,Bela-Bela (LIM366),28.27202559364255,-24.9540355998598,SA,WWT,NH3
1392,1.9206014824042137,Mogalakwena (LIM367),28.693646429401138,-23.846776659349114,SA,WWT,NH3
1393,0.6175541823077789,Modimolle/Mookgophong (LIM368),28.554318378198634,-24.50378204783512,SA,WWT,NH3
1394,0.8796199915261784,Ephraim Mogale (LIM471),29.336691696763047,-24.90184812517883,SA,WWT,NH3
1395,1.5479832905961401,Elias Motsoaledi (LIM472),29.56162199731176,-25.195958709787416,SA,WWT,NH3
1396,1.8648896866113953,Makhuduthamaga (LIM473),29.77376805671483,-24.72156702551684,SA,WWT,NH3
1397,3.0830347527190582,Greater Tubatse/Fetakgomo (LIM476),30.220512409351578,-24.60034155788023,SA,WWT,NH3
1398,3.7366333738994566,Mangaung (MAN),26.50052991738285,-29.331493385874897,SA,WWT,NH3
1399,1.0233544677934856,Chief Albert Luthuli (MP301),30.486023915525898,-26.055659215342654,SA,WWT,NH3
1400,0.8787707118123285,Msukaligwa (MP302),30.12962179212915,-26.468179957263942,SA,WWT,NH3
1401,1.3154657112439896,Mkhondo (MP303),30.704664805360647,-26.99281043647496,SA,WWT,NH3
1402,0.5014961958747032,Dr Pixley Ka Isaka Seme (MP304),29.955868602689744,-27.12849724731941,SA,WWT,NH3
1403,0.5673132962343741,Lekwa (MP305),29.35167338257744,-26.879837519268875,SA,WWT,NH3
1404,0.28298855445106463,Dipaleseng (MP306),28.641164057979545,-26.781729068806687,SA,WWT,NH3
1405,1.4796945386307931,Govan Mbeki (MP307),29.19601841151445,-26.46697143683172,SA,WWT,NH3
1406,0.5032660059095815,Victor Khanye (MP311),28.768849144433155,-26.132617697943477,SA,WWT,NH3
1407,2.0969641559874646,Emalahleni (MP312),29.162096257324418,-26.01795048880191,SA,WWT,NH3
1408,1.3926990182745123,Steve Tshwete (MP313),29.551938218276963,-25.836944103856947,SA,WWT,NH3
1409,0.2873829588801902,Emakhazeni (MP314),30.106821848663742,-25.596921237314394,SA,WWT,NH3
1410,1.5885778504705501,Thembisile (MP315),28.95192824101233,-25.470336038962238,SA,WWT,NH3
1411,1.1616990558653848,Dr JS Moroka (MP316),28.801472347773178,-25.103882758045668,SA,WWT,NH3
1412,0.6662649617377371,Thaba Chweu (MP321),30.57153056410513,-25.064888911517013,SA,WWT,NH3
1413,2.27330381780251,Nkomazi (MP324),31.730184896139622,-25.502441880044394,SA,WWT,NH3
1414,2.808574959238402,Bushbuckridge (MP325),31.524554777444788,-24.556740864902537,SA,WWT,NH3
1415,3.373967533084517,Mbombela/Umjindi (MP326),31.096583710647025,-25.432684098533255,SA,WWT,NH3
1416,0.05454337390294216,Richtersveld (NC061),17.059551072172134,-28.768234043160607,SA,WWT,NH3
1417,0.3758041535353989,Nama Khoi (NC062),17.91494133561911,-29.45640456833637,SA,WWT,NH3
1418,0.07000896856962313,Kamiesberg (NC064),18.13015961792784,-30.375500419763604,SA,WWT,NH3
1419,0.1448538069479952,Hantam (NC065),19.96076903840225,-30.97326387632367,SA,WWT,NH3
1420,0.11041440387554391,Karoo Hoogland (NC066),21.045367164738153,-31.72866537697112,SA,WWT,NH3
1421,0.09258187500202403,Khâi-Ma (NC067),19.26135370838769,-29.537786385108184,SA,WWT,NH3
1422,0.13206719310815787,Ubuntu (NC071),23.13370561544698,-31.37353482138949,SA,WWT,NH3
1423,0.17829378117862052,Umsobomvu (NC072),25.04764999855825,-30.848177029851588,SA,WWT,NH3
1424,0.258743575039456,Emthanjeni (NC073),23.85840547035036,-30.67860320584649,SA,WWT,NH3
1425,0.10700732844173895,Kareeberg (NC074),22.13482818835018,-30.54560022973702,SA,WWT,NH3
1426,0.10211510863324381,Renosterberg (NC075),24.450629664298948,-30.255674893884255,SA,WWT,NH3
1427,0.09158757093397524,Thembelihle (NC076),23.765002948711334,-29.708430373289627,SA,WWT,NH3
1428,0.15292515119214872,Siyathemba (NC077),22.5520117599244,-29.633449473297446,SA,WWT,NH3
1429,0.269485296766634,Siyancuma (NC078),23.368135189529266,-28.983648115956267,SA,WWT,NH3
1430,0.470369033911905,Kai !Garib (NC082),20.415779221325927,-28.968415397154022,SA,WWT,NH3
1431,0.11790407921379835,!Kheis (NC084),21.603495266524188,-29.232655553883756,SA,WWT,NH3
1432,0.20528001181027986,Tsantsabane (NC085),22.553384843403045,-28.038581659653413,SA,WWT,NH3
1433,0.11216348740925518,Kgatelopele (NC086),23.63233217640869,-28.217463600827454,SA,WWT,NH3
1434,0.5636480893196463,//Khara Hais/Mier (NC087),20.833021354286817,-27.068953107729545,SA,WWT,NH3
1435,1.1987894386212672,Sol Plaatjie (NC091),24.514285167088513,-28.743361921797487,SA,WWT,NH3
1436,0.27423679330202716,Dikgatlong (NC092),24.192269532669194,-28.193349409504034,SA,WWT,NH3
1437,0.1826306292564185,Magareng (NC093),24.780465069795653,-28.167755341807677,SA,WWT,NH3
1438,0.26034337689343556,Phokwane (NC094),24.808908824292622,-27.795177260115924,SA,WWT,NH3
1439,0.667864577163354,Joe Morolong (NC451),22.937720996816267,-26.838253106736673,SA,WWT,NH3
1440,0.6573416763454334,Ga-Segonyana (NC452),23.560536877064965,-27.622586314678973,SA,WWT,NH3
1441,0.3706157098047658,Gamagara (NC453),22.99607417546456,-27.643424226884566,SA,WWT,NH3
1442,4.989551836539559,Nelson Mandela Bay (NMA),25.492325010511415,-33.804018235171306,SA,WWT,NH3
1443,1.2752002198463956,Moretele (NW371),28.03908368696291,-25.176894569186302,SA,WWT,NH3
1444,2.829195885138653,Local Municipality of Madibeng (NW372),27.73365092436683,-25.441079324120807,SA,WWT,NH3
1445,2.9011875845821242,Rustenburg (NW373),27.331450416242784,-25.66090837141418,SA,WWT,NH3
1446,0.4386127844461527,Kgetlengrivier (NW374),26.864344191252787,-25.72345587170004,SA,WWT,NH3
1447,1.5555805711265915,Moses Kotane (NW375),26.866123855951283,-25.13362782615747,SA,WWT,NH3
1448,0.7135247129169683,Ratlou (NW381),25.063605925319113,-26.08201587807829,SA,WWT,NH3
1449,0.9215905734035627,Tswaing (NW382),25.66098471544643,-26.615774445678632,SA,WWT,NH3
1450,1.8148353087124618,Mafikeng (NW383),25.672832054041375,-25.886091780262618,SA,WWT,NH3
1451,1.0087664773839715,Ditsobotla (NW384),26.239308215127412,-26.115261364090596,SA,WWT,NH3
1452,1.3331855824276562,Ramotshere Moiloa (NW385),26.123471368618137,-25.218995566189637,SA,WWT,NH3
1453,0.42026409273744814,Naledi (NW392),24.79527413051862,-26.86329306541285,SA,WWT,NH3
1454,0.3886795342525416,Mamusa (NW393),25.277113001282956,-27.22305181117706,SA,WWT,NH3
1455,1.2813214809342313,Greater Taung (NW394),24.439135473722978,-27.502819297224146,SA,WWT,NH3
1456,0.3270103601912937,Lekwa-Teemane (NW396),25.32923774851763,-27.63922701964027,SA,WWT,NH3
1457,0.8838839512125813,Kagisano/Molopo (NW397),23.765026014343153,-26.118051281941728,SA,WWT,NH3
1458,1.8757003555216711,City of Matlosana (NW403),26.488149960518996,-26.811358748287205,SA,WWT,NH3
1459,0.45663033934282343,Maquassi Hills (NW404),26.033886103084164,-27.23835835490209,SA,WWT,NH3
1460,1.2912491511304067,Ventersdorp/Tlokwe (NW405),27.004510453933847,-26.488692826418728,SA,WWT,NH3
1461,14.459930016341843,City of Tshwane (TSH),28.443433217250625,-25.659851428790624,SA,WWT,NH3
1462,0.45837768153188735,Matzikama (WC011),18.499074499468698,-31.255840123869305,SA,WWT,NH3
1463,0.3082230291834601,Cederberg (WC012),18.924252686680997,-32.25674181208767,SA,WWT,NH3
1464,0.3459231295159573,Bergrivier (WC013),18.672795192444063,-32.787492869446815,SA,WWT,NH3
1465,0.39599167551973286,Saldanha Bay (WC014),18.176134163611852,-33.010183399822495,SA,WWT,NH3
1466,0.8302919239903661,Swartland (WC015),18.620246203734677,-33.30973980958506,SA,WWT,NH3
1467,0.7634232524326618,Witzenberg (WC022),19.68890243028827,-32.94978723975034,SA,WWT,NH3
1468,1.3834528793667664,Drakenstein (WC023),19.003058669393468,-33.596786916383564,SA,WWT,NH3
1469,1.3947835752440954,Stellenbosch (WC024),18.944796363106693,-33.926035417528176,SA,WWT,NH3
1470,0.9259123831054361,Breede Valley (WC025),19.699592583285963,-33.571874326586304,SA,WWT,NH3
1471,0.5672905138798686,Langeberg (WC026),20.05499702391179,-33.78591943557983,SA,WWT,NH3
1472,0.5132132988403582,Theewaterskloof (WC031),19.436205803645056,-34.161235777032985,SA,WWT,NH3
1473,0.20890266371128252,Overstrand (WC032),19.376341302447013,-34.476351826606134,SA,WWT,NH3
1474,0.19481744968312248,Cape Agulhas (WC033),20.05759261209885,-34.49792816727761,SA,WWT,NH3
1475,0.22621639817031147,Swellendam (WC034),20.508876422488118,-34.03689398202183,SA,WWT,NH3
1476,0.16359917319447725,Kannaland (WC041),21.318929071812132,-33.60348228547038,SA,WWT,NH3
1477,0.31643148602347065,Hessequa (WC042),21.227498281104747,-34.13450499418741,SA,WWT,NH3
1478,0.36495754292286897,Mossel Bay (WC043),21.94268858486633,-34.04142256573831,SA,WWT,NH3
1479,0.9038159140837766,George (WC044),22.93003160882857,-33.695282456579825,SA,WWT,NH3
1480,0.5044629252820634,Oudtshoorn (WC045),22.22097775698059,-33.59287178340578,SA,WWT,NH3
1481,0.29518918822550705,Bitou (WC047),23.407081210262664,-33.937355597794785,SA,WWT,NH3
1482,0.2923823384905789,Knysna (WC048),22.984307307129328,-33.94604481371343,SA,WWT,NH3
1483,0.07570541431213033,Laingsburg (WC051),20.966020283495638,-33.10361314083431,SA,WWT,NH3
1484,0.0945674781242053,Prince Albert (WC052),22.130117608349714,-33.05111998769453,SA,WWT,NH3
1485,0.28048259420029614,Beaufort West (WC053),22.746542364789725,-32.27710950336613,SA,WWT,NH3
1486,0.08578479213067751,Timphisini,31.427527777467557,-25.77919829327425,swz,WWT,NH3
1487,0.14660381465135836,Ntfonjeni,31.343619162235765,-25.829286995179224,swz,WWT,NH3
1488,0.09820258196390448,Mayiwane,31.509506281238203,-25.861738695993047,swz,WWT,NH3
1489,0.18263682313116736,Mhlangatane,31.621950825737503,-25.939695519246623,swz,WWT,NH3
1490,0.15111224797313408,Ndzingeni,31.43455167846427,-26.004089857679194,swz,WWT,NH3
1491,0.14761906774810848,Madlangempisi,31.567436769117936,-26.099284349171477,swz,WWT,NH3
1492,0.19423466910788328,Maphalaleni,31.365091924296856,-26.197321168361256,swz,WWT,NH3
1493,0.20125868063809368,Pigg's Peak,31.25696321866851,-25.964805122665727,swz,WWT,NH3
1494,0.16624182140112653,Nkhaba,31.143956798528553,-26.137239773416546,swz,WWT,NH3
1495,0.19405510871089188,Motjane,31.02818299839431,-26.30685187288155,swz,WWT,NH3
1496,0.0434458714514175,Mbabane West,31.107872683509882,-26.336291548391436,swz,WWT,NH3
1497,0.04037126274392684,Mbabane East,31.141081832025073,-26.3027236876315,swz,WWT,NH3
1498,0.09264941596001051,Hhukwini,31.222081322674427,-26.32065034848908,swz,WWT,NH3
1499,0.10750499467819358,Lobamba,31.181490419840365,-26.413527114735945,swz,WWT,NH3
1500,0.22042913721137022,Mkhiweni,31.577441575897375,-26.29070166832214,swz,WWT,NH3
1501,0.12723121586716737,Kukhanyeni,31.41051368673318,-26.3747085735696,swz,WWT,NH3
1502,0.14499692941679446,Mafutseni,31.523011856624002,-26.45582801367826,swz,WWT,NH3
1503,0.1451805821007997,Mthongwaneni,31.501356709255482,-26.569704960391807,swz,WWT,NH3
1504,0.0686484606767438,Manzini North,31.394419676034722,-26.481334398718516,swz,WWT,NH3
1505,0.016317127822265708,Manzini South,31.36837555950807,-26.520560596292356,swz,WWT,NH3
1506,0.038912608048681796,Kwaluseni,31.31330758484104,-26.500651000600236,swz,WWT,NH3
1507,0.12175338724192807,Ludzeludze,31.317859732245438,-26.394848493062067,swz,WWT,NH3
1508,0.14400645777748913,Lobamba Lomdzala,31.21153822321666,-26.525643141694285,swz,WWT,NH3
1509,0.1985643439331358,Nhlambeni,31.408562511847816,-26.630530181944778,swz,WWT,NH3
1510,0.11723209637551436,Ntondozi,31.255721117118,-26.631017055506103,swz,WWT,NH3
1511,0.08192722565184163,La-Mgabhi,31.070807855360105,-26.564658624068162,swz,WWT,NH3
1512,0.10653399880672429,Mhlambanyatsi,30.98674877164096,-26.450529398348344,swz,WWT,NH3
1513,0.06449041783691299,Mangcongco,30.884645646846423,-26.578126273491335,swz,WWT,NH3
1514,0.23272076950495435,Ngwempisi,31.004022599726948,-26.710945657075314,swz,WWT,NH3
1515,0.14434532754232182,Mahlangatsha,31.228735687622677,-26.771547360075047,swz,WWT,NH3
1516,0.0694585426653478,Kubuta,31.452603410394964,-26.829896157699594,swz,WWT,NH3
1517,0.06278062039848308,Nkwene,31.25402793120817,-26.88316670443372,swz,WWT,NH3
1518,0.06623406395407903,Mtsambama,31.385175952460738,-26.957586651949224,swz,WWT,NH3
1519,0.10176981425363646,Gege,31.04308782697033,-26.922942294717792,swz,WWT,NH3
1520,0.08604216187911155,Mbangweni,31.250469017568943,-27.053399828647212,swz,WWT,NH3
1521,0.10971447456311173,Maseyisini,31.162763105989555,-27.134686006761925,swz,WWT,NH3
1522,0.09652830537873237,Sandleni,31.429835958875884,-27.064513697748147,swz,WWT,NH3
1523,0.05561542491345402,Ngudzeni,31.543105154501283,-27.034785219989786,swz,WWT,NH3
1524,0.15946058028167348,Zombodze,31.334568927601403,-27.200313835720486,swz,WWT,NH3
1525,0.13624573721179953,Shiselweni,31.49631059380805,-27.253953663192778,swz,WWT,NH3
1526,0.20162115349163906,Hosea,31.53433592419686,-27.16191857513413,swz,WWT,NH3
1527,0.09796030070446836,Sigwe,31.6594023333631,-27.07259114844248,swz,WWT,NH3
1528,0.11750140316235416,Matsanjeni South,31.724633678774154,-27.216897918466156,swz,WWT,NH3
1529,0.04068016012231399,Somntongo,31.88647265075323,-27.224260883938804,swz,WWT,NH3
1530,0.1432966779753382,Lubuli,31.871656751031274,-27.032830900051994,swz,WWT,NH3
1531,0.1827723542897326,Sithobela,31.655947353909568,-26.867080532878518,swz,WWT,NH3
1532,0.18614198647777175,Nkilongo,31.89239374698797,-26.83443092667109,swz,WWT,NH3
1533,0.2211520618479003,Siphofaneni,31.66300159138905,-26.6791978798675,swz,WWT,NH3
1534,0.19665128567912332,Mpolonjeni,31.874527778817235,-26.583288999847156,swz,WWT,NH3
1535,0.05874251170552559,Matsanjeni North,32.071056369994956,-26.659618839604153,swz,WWT,NH3
1536,0.07940639295135637,Lugongolweni,32.01662145780792,-26.34892589847767,swz,WWT,NH3
1537,0.28066992570074917,Dvokodvweni,31.74874438011335,-26.450224696421593,swz,WWT,NH3
1538,0.06253375033780127,Hlane,31.805244033997365,-26.296408623452134,swz,WWT,NH3
1539,0.16265022057535802,Mhlume,31.808997857429535,-26.10217970032939,swz,WWT,NH3
1540,0.10462610743097439,Lomahasha,32.003415605057185,-26.06346037693349,swz,WWT,NH3
1541,1.2356009801799588,ZAMBIA_CENTRAL_CHIBOMBO_CHISAMBA,28.5661943716429,-14.846792545063325,Zambia,WWT,NH3
1542,1.32199655966083,ZAMBIA_CENTRAL_CHIBOMBO_KATUBA,27.98219959351392,-15.171132204750865,Zambia,WWT,NH3
1543,1.4826145960656554,ZAMBIA_CENTRAL_CHIBOMBO_KEEMBE,27.6736546747429,-14.727345017193953,Zambia,WWT,NH3
1544,0.36733029708882436,ZAMBIA_CENTRAL_KABWE_BWACHA,28.341941228042526,-14.476746683885342,Zambia,WWT,NH3
1545,0.40599347590891627,ZAMBIA_CENTRAL_KABWE_KABWE CENTRAL,28.516948134035072,-14.407877676196723,Zambia,WWT,NH3
1546,2.1112338732766305,ZAMBIA_CENTRAL_KAPIRI MPOSHI_KAPIRI MPOSHI,28.102119922151484,-14.120700762098181,Zambia,WWT,NH3
1547,1.4279281397205452,ZAMBIA_CENTRAL_MKUSHI_MKUSHI NORTH,29.469436639963092,-13.730329792225124,Zambia,WWT,NH3
1548,0.05136650169619934,ZAMBIA_CENTRAL_MKUSHI_MKUSHI SOUTH,29.569217404421003,-14.436411331188475,Zambia,WWT,NH3
1549,0.5424504064555393,ZAMBIA_CENTRAL_MUMBWA_MUMBWA,26.364188448292417,-14.900633988434736,Zambia,WWT,NH3
1550,0.2939636202541699,ZAMBIA_CENTRAL_MUMBWA_MWEMBESHI,27.701977895362777,-15.40446287674476,Zambia,WWT,NH3
1551,0.8544240783939655,ZAMBIA_CENTRAL_MUMBWA_NANGOMA,27.306575058954532,-15.258227671528992,Zambia,WWT,NH3
1552,0.5152469373999587,ZAMBIA_CENTRAL_SERENJE_CHITAMBO,30.253472648282777,-12.560317914404294,Zambia,WWT,NH3
1553,0.5898576581242116,ZAMBIA_CENTRAL_SERENJE_MUCHINGA,30.687809502617156,-13.471349520459055,Zambia,WWT,NH3
1554,0.42320712460933174,ZAMBIA_CENTRAL_SERENJE_SERENJE,30.10589973967512,-13.040469573298045,Zambia,WWT,NH3
1555,0.6959597253858542,ZAMBIA_COPPERBELT_CHILILABOMBWE_CHILILABOMBWE,27.81464871496207,-12.361165489706172,Zambia,WWT,NH3
1556,0.7668312985011445,ZAMBIA_COPPERBELT_CHINGOLA_CHINGOLA,27.669026385939425,-12.505121590267066,Zambia,WWT,NH3
1557,0.25871286955683365,ZAMBIA_COPPERBELT_CHINGOLA_NCHANGA,27.97081023345629,-12.528814058526129,Zambia,WWT,NH3
1558,0.657168127853092,ZAMBIA_COPPERBELT_KALULUSHI_KALULUSHI,27.96391886764875,-12.770501908865587,Zambia,WWT,NH3
1559,0.26482246550794364,ZAMBIA_COPPERBELT_KITWE_CHIMWEMWE,28.18492901942876,-12.717092029024544,Zambia,WWT,NH3
1560,0.37105229321292266,ZAMBIA_COPPERBELT_KITWE_KAMFINSA,28.35330783309189,-12.8095822567081,Zambia,WWT,NH3
1561,0.30050018409301177,ZAMBIA_COPPERBELT_KITWE_KWACHA,28.302830727693767,-12.77594738834159,Zambia,WWT,NH3
1562,0.3702223699208039,ZAMBIA_COPPERBELT_KITWE_NKANA,28.16694032204235,-12.811008579347963,Zambia,WWT,NH3
1563,0.5028654568509245,ZAMBIA_COPPERBELT_KITWE_WUSAKILE,28.222488074533018,-12.92465702761479,Zambia,WWT,NH3
1564,0.4785028172997259,ZAMBIA_COPPERBELT_LUANSHYA_LUANSHYA,28.46004980991987,-13.107078377377691,Zambia,WWT,NH3
1565,0.3197327737651707,ZAMBIA_COPPERBELT_LUANSHYA_ROAN,28.303596506825578,-13.06750066483788,Zambia,WWT,NH3
1566,0.9814998942484566,ZAMBIA_COPPERBELT_LUFWANYAMA_LUFWANYAMA,27.47764081880377,-12.975834907523659,Zambia,WWT,NH3
1567,0.6412945323102216,ZAMBIA_COPPERBELT_MASAITI_KAFULAFUTA,28.808078308441427,-13.326356335242059,Zambia,WWT,NH3
1568,0.7746978960576041,ZAMBIA_COPPERBELT_MASAITI_MASAITI,28.553011385110448,-13.359027007303364,Zambia,WWT,NH3
1569,1.5415246023649518,ZAMBIA_COPPERBELT_MPONGWE_MPONGWE,27.790650304373813,-13.595789579892758,Zambia,WWT,NH3
1570,0.19088576624676082,ZAMBIA_COPPERBELT_MUFULIRA_KANKOYO,28.155127636110944,-12.495158993380908,Zambia,WWT,NH3
1571,0.24019882750754964,ZAMBIA_COPPERBELT_MUFULIRA_KANTANSHI,28.326104841902225,-12.506850254258554,Zambia,WWT,NH3
1572,0.4571012468825468,ZAMBIA_COPPERBELT_MUFULIRA_MUFULIRA,28.338024388673514,-12.6431226302504,Zambia,WWT,NH3
1573,0.8472725401906124,ZAMBIA_COPPERBELT_NDOLA_BWANA MKUBWA,28.64549902864361,-13.056256733012118,Zambia,WWT,NH3
1574,0.21582607078219623,ZAMBIA_COPPERBELT_NDOLA_CHIFUBU,28.60823451656592,-12.89879660397216,Zambia,WWT,NH3
1575,0.05966556262956796,ZAMBIA_COPPERBELT_NDOLA_KABUSHI,28.627156043953665,-13.001741922109233,Zambia,WWT,NH3
1576,0.6623065461194358,ZAMBIA_COPPERBELT_NDOLA_NDOLA,28.49890269696238,-12.901589820311179,Zambia,WWT,NH3
1577,0.2723353728122822,ZAMBIA_EASTERN_CHADIZA_CHADIZA,32.39627549044243,-14.079002215254139,Zambia,WWT,NH3
1578,0.536788958053373,ZAMBIA_EASTERN_CHADIZA_VUBWI,32.76493860383449,-14.052840040124526,Zambia,WWT,NH3
1579,0.5886775378285981,ZAMBIA_EASTERN_CHIPATA_CHIPANGALI,32.638200923536886,-13.30842953137994,Zambia,WWT,NH3
1580,0.8250647008475473,ZAMBIA_EASTERN_CHIPATA_CHIPATA,32.60383734056898,-13.637216206455038,Zambia,WWT,NH3
1581,0.7857222114597144,ZAMBIA_EASTERN_CHIPATA_KASENENGWA,32.26713323087467,-13.669423091567161,Zambia,WWT,NH3
1582,0.6259330162346921,ZAMBIA_EASTERN_CHIPATA_LUANGENI,32.605070390811335,-13.843705990807868,Zambia,WWT,NH3
1583,0.1837461511595268,ZAMBIA_EASTERN_KATETE_MILANZI,32.16528245031478,-14.1891307534823,Zambia,WWT,NH3
1584,0.6305127771670989,ZAMBIA_EASTERN_KATETE_MKAIKA,31.9768863225823,-13.972148532747518,Zambia,WWT,NH3
1585,0.24519777030877607,ZAMBIA_EASTERN_KATETE_SINDA,31.73979584134408,-14.178052121693852,Zambia,WWT,NH3
1586,0.4766033392696445,ZAMBIA_EASTERN_LUNDAZI_CHASEFU,33.05328766635874,-11.996456926575963,Zambia,WWT,NH3
1587,1.1400477831534477,ZAMBIA_EASTERN_LUNDAZI_LUMEZI,32.5895037879343,-12.649881756316528,Zambia,WWT,NH3
1588,0.7139360231556288,ZAMBIA_EASTERN_LUNDAZI_LUNDAZI,33.2259898380257,-12.406307107286958,Zambia,WWT,NH3
1589,0.31648322135317225,ZAMBIA_EASTERN_MAMBWE_MALAMBO,31.981789689929077,-13.346646229523834,Zambia,WWT,NH3
1590,0.2982531071824392,ZAMBIA_EASTERN_NYIMBA_NYIMBA,30.58228012538245,-14.399411197527083,Zambia,WWT,NH3
1591,0.42123450327992534,ZAMBIA_EASTERN_PETAUKE_KAPOCHE,31.494550896982194,-14.472461671217527,Zambia,WWT,NH3
1592,0.2242421869300065,ZAMBIA_EASTERN_PETAUKE_MSANZALA,31.295942721648927,-14.317042186360203,Zambia,WWT,NH3
1593,0.4360362052675138,ZAMBIA_EASTERN_PETAUKE_PETAUKE,31.395540922703685,-13.831094629172307,Zambia,WWT,NH3
1594,1.1096100550641745,ZAMBIA_LUAPULA_CHIENGE_CHIENGE,29.126088992773784,-8.743468946806065,Zambia,WWT,NH3
1595,0.2707646083355358,ZAMBIA_LUAPULA_KAWAMBWA_KAWAMBWA,29.075760100164228,-9.771943441852208,Zambia,WWT,NH3
1596,0.35815627558698654,ZAMBIA_LUAPULA_KAWAMBWA_MWANSABOMBWE,28.789708265128425,-9.924894823988827,Zambia,WWT,NH3
1597,0.46750869703047826,ZAMBIA_LUAPULA_KAWAMBWA_PAMBASHE,29.50887712310463,-9.839951270716938,Zambia,WWT,NH3
1598,1.4913130867295301,ZAMBIA_LUAPULA_MANSA_BAHATI,28.96351540414113,-11.185629960923388,Zambia,WWT,NH3
1599,0.7962920856061534,ZAMBIA_LUAPULA_MANSA_MANSA,28.819764023233848,-11.47139263102599,Zambia,WWT,NH3
1600,0.37489741189819237,ZAMBIA_LUAPULA_MILENGE_CHEMBE,29.17293034277804,-11.937612639540122,Zambia,WWT,NH3
1601,0.6130274202057768,ZAMBIA_LUAPULA_MWENSE_CHIPILI,29.127537230682734,-10.416802146820574,Zambia,WWT,NH3
1602,0.2105217712753617,ZAMBIA_LUAPULA_MWENSE_MAMBILIMA,28.708979324819012,-10.72243901358301,Zambia,WWT,NH3
1603,0.9084792550187845,ZAMBIA_LUAPULA_MWENSE_MWENSE,28.704288885428422,-10.233840547996117,Zambia,WWT,NH3
1604,1.172446897986661,ZAMBIA_LUAPULA_NCHELENGE_NCHELENGE,28.799279562604337,-9.357480292222682,Zambia,WWT,NH3
1605,0.4444350875813764,ZAMBIA_LUAPULA_SAMFYA_BANGEULU,29.625015084138838,-11.781064127014634,Zambia,WWT,NH3
1606,0.8760720104270512,ZAMBIA_LUAPULA_SAMFYA_CHIFUNABULI,29.66126127594006,-11.049808045494856,Zambia,WWT,NH3
1607,0.05061732348741657,ZAMBIA_LUAPULA_SAMFYA_LUAPULA,30.081224160051487,-11.57555382096848,Zambia,WWT,NH3
1608,1.6603611037926596,ZAMBIA_LUSAKA_CHONGWE_CHONGWE,28.62232043220776,-15.375229425875759,Zambia,WWT,NH3
1609,0.20185025142115282,ZAMBIA_LUSAKA_CHONGWE_RUFUNSA,29.502907057767036,-15.155837602230632,Zambia,WWT,NH3
1610,1.841926257425669,ZAMBIA_LUSAKA_KAFUE_CHILANGA,28.066936325812314,-15.44535490638688,Zambia,WWT,NH3
1611,0.901591848344521,ZAMBIA_LUSAKA_KAFUE_KAFUE,28.633553227376076,-15.719700213855967,Zambia,WWT,NH3
1612,0.16549388999774675,ZAMBIA_LUSAKA_LUANGWA_FEIRA,30.001466666180438,-15.436979115223238,Zambia,WWT,NH3
1613,0.46607719890690513,ZAMBIA_LUSAKA_LUSAKA_CHAWAMA,28.277892786058786,-15.494825189970678,Zambia,WWT,NH3
1614,0.41078791450147506,ZAMBIA_LUSAKA_LUSAKA_KABWATA,28.313576899992587,-15.469141457864835,Zambia,WWT,NH3
1615,1.3246400007047983,ZAMBIA_LUSAKA_LUSAKA_KANYAMA,28.241833786918246,-15.448835877623589,Zambia,WWT,NH3
1616,0.7043631085195022,ZAMBIA_LUSAKA_LUSAKA_LUSAKA CENTRAL,28.385718227507034,-15.443614423440085,Zambia,WWT,NH3
1617,0.7458889791812,ZAMBIA_LUSAKA_LUSAKA_MANDEVU,28.30690375089146,-15.355502657994798,Zambia,WWT,NH3
1618,0.7333121770377925,ZAMBIA_LUSAKA_LUSAKA_MATERO,28.24892453686191,-15.368176359794754,Zambia,WWT,NH3
1619,0.5546413121738304,ZAMBIA_LUSAKA_LUSAKA_MUNALI,28.36012897447861,-15.383652678329005,Zambia,WWT,NH3
1620,0.44388526620044333,ZAMBIA_MUCHINGA_CHAMA_CHAMA NORTH,32.81643744468033,-10.880583533092976,Zambia,WWT,NH3
1621,0.4391696916388535,ZAMBIA_MUCHINGA_CHAMA_CHAMA SOUTH,32.78471054140707,-11.6247965412926,Zambia,WWT,NH3
1622,0.4464490121703124,ZAMBIA_MUCHINGA_CHINSALI_CHINSALI,32.20205651587303,-10.323776635389398,Zambia,WWT,NH3
1623,0.6425110857538439,ZAMBIA_MUCHINGA_CHINSALI_SHIWANGANDU,31.721073704369985,-11.018271642196154,Zambia,WWT,NH3
1624,0.43841489386270516,ZAMBIA_MUCHINGA_ISOKA_ISOKA,32.83157916201906,-10.015458694518209,Zambia,WWT,NH3
1625,0.3980349652093528,ZAMBIA_MUCHINGA_MAFINGA_MAFINGA,33.320064435132885,-10.350038785725467,Zambia,WWT,NH3
1626,0.39635652868682175,ZAMBIA_MUCHINGA_MPIKA_KANCHIBIYA,30.767597782864076,-11.793121981043948,Zambia,WWT,NH3
1627,0.3059275587249901,ZAMBIA_MUCHINGA_MPIKA_MFUWE,31.68140990235467,-12.460736570531072,Zambia,WWT,NH3
1628,0.5655136840157161,ZAMBIA_MUCHINGA_MPIKA_MPIKA,31.600995341696276,-11.82141862258269,Zambia,WWT,NH3
1629,0.7016781267943055,ZAMBIA_MUCHINGA_NAKONDE_NAKONDE,32.59445867875421,-9.48933692360338,Zambia,WWT,NH3
1630,0.2953151157703314,ZAMBIA_NORTH-WESTERN_CHAVUMA_CHAVUMA,22.42573267284074,-13.22307607264871,Zambia,WWT,NH3
1631,0.2162138652543106,ZAMBIA_NORTH-WESTERN_IKELENGE_IKELENGE,24.265566159411794,-11.264693559055068,Zambia,WWT,NH3
1632,0.3873143623103153,ZAMBIA_NORTH-WESTERN_KABOMPO_KABOMPO EAST,24.333259981075226,-13.000787615759398,Zambia,WWT,NH3
1633,0.2684389239092855,ZAMBIA_NORTH-WESTERN_KABOMPO_KABOMPO WEST,23.967433420364337,-13.543246354862898,Zambia,WWT,NH3
1634,0.7659214110392202,ZAMBIA_NORTH-WESTERN_KASEMPA_KASEMPA,26.225215837797798,-13.697546089000006,Zambia,WWT,NH3
1635,0.33366093762996374,ZAMBIA_NORTH-WESTERN_MUFUMBWE_MUFUMBWE,25.222580629080518,-13.82667330878823,Zambia,WWT,NH3
1636,0.7762684886236391,ZAMBIA_NORTH-WESTERN_MWINILUNGA_MWINILUNGA,24.66864327756739,-12.00169258239465,Zambia,WWT,NH3
1637,0.7225896766714875,ZAMBIA_NORTH-WESTERN_SOLWEZI_SOLWEZI CENTRAL,26.44180853806062,-12.23351559486465,Zambia,WWT,NH3
1638,0.7562568260846635,ZAMBIA_NORTH-WESTERN_SOLWEZI_SOLWEZI EAST,26.924860431725694,-12.47471580400728,Zambia,WWT,NH3
1639,1.0002606674233734,ZAMBIA_NORTH-WESTERN_SOLWEZI_SOLWEZI WEST,25.64177287198704,-12.432625474734706,Zambia,WWT,NH3
1640,0.32279359810656083,ZAMBIA_NORTH-WESTERN_ZAMBEZI_ZAMBEZI EAST,23.352098742368717,-13.506899960265104,Zambia,WWT,NH3
1641,0.1084312572822499,ZAMBIA_NORTH-WESTERN_ZAMBEZI_ZAMBEZI WEST,22.68845582256741,-13.661697661175266,Zambia,WWT,NH3
1642,0.3959523367280674,ZAMBIA_NORTHERN_CHILUBI_CHILUBI,30.23872612353324,-11.097573495570215,Zambia,WWT,NH3
1643,0.7495270808464647,ZAMBIA_NORTHERN_KAPUTA_CHIMBAMILONGA,30.119408096016002,-8.840847206858331,Zambia,WWT,NH3
1644,0.9191105751185772,ZAMBIA_NORTHERN_KAPUTA_KAPUTA,29.670380201705797,-8.747788369420219,Zambia,WWT,NH3
1645,0.7192235688511945,ZAMBIA_NORTHERN_KASAMA_KASAMA,30.925954822365615,-10.044291996416009,Zambia,WWT,NH3
1646,0.5873783321943348,ZAMBIA_NORTHERN_KASAMA_LUKASHYA,30.961511545081454,-10.567400463097538,Zambia,WWT,NH3
1647,0.4623281352854729,ZAMBIA_NORTHERN_LUWINGU_LUBASENSHI,30.35622609217487,-10.619038732815206,Zambia,WWT,NH3
1648,0.872959838802343,ZAMBIA_NORTHERN_LUWINGU_LUPOSOSHI,29.69126154256829,-10.62270072169756,Zambia,WWT,NH3
1649,0.6828741354354628,ZAMBIA_NORTHERN_MBALA_MBALA,31.42437500732999,-8.951021217432977,Zambia,WWT,NH3
1650,0.9113382294137616,ZAMBIA_NORTHERN_MBALA_NSENGA HILL,31.655127392254517,-9.319794073965294,Zambia,WWT,NH3
1651,0.9649559280770038,ZAMBIA_NORTHERN_MPOROKOSO_LUNTE,30.403652875074233,-9.823323451491882,Zambia,WWT,NH3
1652,0.4238577860983112,ZAMBIA_NORTHERN_MPOROKOSO_MPOROKOSO,29.883883348105797,-9.437855153817008,Zambia,WWT,NH3
1653,0.7170148673312254,ZAMBIA_NORTHERN_MPULUNGU_MPULUNGU,30.78636919692387,-8.968610296667714,Zambia,WWT,NH3
1654,1.0699514052256123,ZAMBIA_NORTHERN_MUNGWI_MALOLE,31.728489567287085,-9.896913955738247,Zambia,WWT,NH3
1655,0.9774562027091775,ZAMBIA_SOUTHERN_CHOMA_CHOMA,27.03480670841098,-16.91005369465202,Zambia,WWT,NH3
1656,0.4208279882161034,ZAMBIA_SOUTHERN_CHOMA_MBABALA,26.878091190949394,-16.397242287620944,Zambia,WWT,NH3
1657,0.4785072727081896,ZAMBIA_SOUTHERN_CHOMA_PEMBA,27.389336109531165,-16.6922264694868,Zambia,WWT,NH3
1658,0.8496035029349127,ZAMBIA_SOUTHERN_GWEMBE_GWEMBE,27.902856111757792,-16.68233138263457,Zambia,WWT,NH3
1659,0.390248145976704,ZAMBIA_SOUTHERN_ITEZHI-TEZHI_ITEZHI-TEZHI,26.020217543791258,-15.7607528165834,Zambia,WWT,NH3
1660,0.2342436137732628,ZAMBIA_SOUTHERN_KALOMO_DUNDUMWEZI,26.347684943863122,-16.562181114840755,Zambia,WWT,NH3
1661,0.6577250068232459,ZAMBIA_SOUTHERN_KALOMO_KALOMO CENTRAL,26.543830205005484,-17.04577047621827,Zambia,WWT,NH3
1662,0.7694330254817713,ZAMBIA_SOUTHERN_KALOMO_MAPATIZYA,26.573648865923055,-17.60560978993712,Zambia,WWT,NH3
1663,1.007762162470484,ZAMBIA_SOUTHERN_KAZUNGULA_KATOMBOLA,25.620145077663306,-17.10654461326524,Zambia,WWT,NH3
1664,0.5692262755200788,ZAMBIA_SOUTHERN_LIVINGSTONE_LIVINGSTONE,25.839580948996286,-17.78612641067007,Zambia,WWT,NH3
1665,0.851547743629452,ZAMBIA_SOUTHERN_MAZABUKA_CHIKANKANTA,28.249723480811323,-16.043422007395407,Zambia,WWT,NH3
1666,0.7213444021080656,ZAMBIA_SOUTHERN_MAZABUKA_MAGOYE,27.622182683908022,-15.892078551482996,Zambia,WWT,NH3
1667,0.6284214066183282,ZAMBIA_SOUTHERN_MAZABUKA_MAZABUKA,27.866970138091503,-15.883245062553383,Zambia,WWT,NH3
1668,1.1281648840809966,ZAMBIA_SOUTHERN_MONZE_BWEENGWA,27.295625399394282,-16.052573578414865,Zambia,WWT,NH3
1669,0.4152112398662937,ZAMBIA_SOUTHERN_MONZE_MONZE,27.424178441098487,-16.37563866559767,Zambia,WWT,NH3
1670,0.35284998755467256,ZAMBIA_SOUTHERN_MONZE_MOOMBA,27.74187104427267,-16.27482011727548,Zambia,WWT,NH3
1671,1.1568039550878964,ZAMBIA_SOUTHERN_NAMWALA_NAMWALA,26.754936143714463,-15.941500457068749,Zambia,WWT,NH3
1672,1.3410066110465397,ZAMBIA_SOUTHERN_SIAVONGA_SIAVONGA,28.558985238419726,-16.299401498003242,Zambia,WWT,NH3
1673,0.7761071131177077,ZAMBIA_SOUTHERN_SINAZONGWE_SINAZONGWE,27.2807179112331,-17.412421319914454,Zambia,WWT,NH3
1674,0.3240740301290402,ZAMBIA_WESTERN_KALABO_KALABO,22.668138967214684,-15.307899116519774,Zambia,WWT,NH3
1675,0.25011518008677625,ZAMBIA_WESTERN_KALABO_LIUWA,22.52502997101939,-14.544065929033211,Zambia,WWT,NH3
1676,0.5351935494905743,ZAMBIA_WESTERN_KALABO_SIKONGO,22.23056038773834,-15.257742796071241,Zambia,WWT,NH3
1677,0.3842558198997515,ZAMBIA_WESTERN_KAOMA_KAOMA CENTRAL,25.04922080679012,-14.711954129645061,Zambia,WWT,NH3
1678,0.37734720147675255,ZAMBIA_WESTERN_KAOMA_LUAMPA,24.7584458265249,-15.368086057238425,Zambia,WWT,NH3
1679,0.6968258650785363,ZAMBIA_WESTERN_KAOMA_MANGANGO,24.20746270318245,-14.68910855437414,Zambia,WWT,NH3
1680,0.42438169923277347,ZAMBIA_WESTERN_LUKULU_LUKULU EAST,23.81996806853094,-14.315822982748186,Zambia,WWT,NH3
1681,0.3972460959727861,ZAMBIA_WESTERN_LUKULU_LUKULU WEST,22.70316851981578,-14.164055699101722,Zambia,WWT,NH3
1682,0.3316072942779439,ZAMBIA_WESTERN_MONGU_LUENA,23.38135094476587,-14.985379948947877,Zambia,WWT,NH3
1683,0.5004129739231981,ZAMBIA_WESTERN_MONGU_MONGU,23.068428950456155,-15.31687093689524,Zambia,WWT,NH3
1684,0.3161029632372057,ZAMBIA_WESTERN_MONGU_NALIKWANDA,23.72533656058688,-15.414725554230015,Zambia,WWT,NH3
1685,0.5168152862813532,ZAMBIA_WESTERN_SENANGA_NALOLO,22.99253670582597,-15.779390158424558,Zambia,WWT,NH3
1686,0.3991559613947146,ZAMBIA_WESTERN_SENANGA_SENANGA,23.792887275411474,-16.016325554311614,Zambia,WWT,NH3
1687,0.2235454153151366,ZAMBIA_WESTERN_SESHEKE_MULOBEZI,24.724112710511307,-16.289759152706516,Zambia,WWT,NH3
1688,0.039585094868948095,ZAMBIA_WESTERN_SESHEKE_MWANDI,24.670803007655817,-17.12205319673227,Zambia,WWT,NH3
1689,0.21466061058262248,ZAMBIA_WESTERN_SESHEKE_SESHEKE,23.916635107519514,-17.092487993044916,Zambia,WWT,NH3
1690,1.2707590547559195,ZAMBIA_WESTERN_SHANGOMBO_SINJEMBELA,22.839280468061588,-16.556734241433883,Zambia,WWT,NH3
1691,1.9990566631401894,ZIMBABWE_BULAWAYO_BULAWAYO,28.55567706568358,-20.121806460207072,Zimbabwe,WWT,NH3
1692,0.24287367757699582,ZIMBABWE_HARARE_CHITUNGWIZA,31.062838912942162,-18.014236385326917,Zimbabwe,WWT,NH3
1693,0.1692410176649595,ZIMBABWE_HARARE_EPWORTH,31.158844682035582,-17.895344948865215,Zimbabwe,WWT,NH3
1694,0.710828979749352,ZIMBABWE_HARARE_HARARE RURAL,31.033297352175815,-17.944938825553283,Zimbabwe,WWT,NH3
1695,3.6481477513047715,ZIMBABWE_HARARE_HARARE URBAN,31.053673281248084,-17.8087732583129,Zimbabwe,WWT,NH3
1696,2.0574240770694376,ZIMBABWE_MANICALAND_BUHERA,31.868285637589167,-19.44901571975412,Zimbabwe,WWT,NH3
1697,0.9204959064324008,ZIMBABWE_MANICALAND_CHIMANIMANI,32.72164024280516,-19.784108007827292,Zimbabwe,WWT,NH3
1698,1.1641213109686934,ZIMBABWE_MANICALAND_CHIPINGE RURAL,32.47381587494327,-20.496658221164754,Zimbabwe,WWT,NH3
1699,0.01135697626547593,ZIMBABWE_MANICALAND_CHIPINGE URBAN,32.62525066931281,-20.203342282599305,Zimbabwe,WWT,NH3
1700,2.797218806448552,ZIMBABWE_MANICALAND_MAKONI,32.182681398233086,-18.362321102437782,Zimbabwe,WWT,NH3
1701,3.250718633417145,ZIMBABWE_MANICALAND_MUTARE RURAL,32.42405654036695,-19.23143328486722,Zimbabwe,WWT,NH3
1702,0.3503752077081448,ZIMBABWE_MANICALAND_MUTARE URBAN,32.620103748244716,-18.993444874807192,Zimbabwe,WWT,NH3
1703,1.6278992602483953,ZIMBABWE_MANICALAND_MUTASA,32.708920145094964,-18.63951558406826,Zimbabwe,WWT,NH3
1704,1.5429916448750134,ZIMBABWE_MANICALAND_NYANGA,32.75779759089013,-17.937869291717597,Zimbabwe,WWT,NH3
1705,0.03292541001077193,ZIMBABWE_MANICALAND_RUSAPE,32.13124708351301,-18.538249469398476,Zimbabwe,WWT,NH3
1706,0.954161712655459,ZIMBABWE_MASHONALAND CENTRAL_BINDURA,31.308333991475948,-17.245810503074562,Zimbabwe,WWT,NH3
1707,0.02556813381295018,ZIMBABWE_MASHONALAND CENTRAL_BINDURA URBAN,31.338858234356994,-17.3093886532423,Zimbabwe,WWT,NH3
1708,1.3307471398876662,ZIMBABWE_MASHONALAND CENTRAL_CENTENARY,31.143553067008124,-16.426346851768386,Zimbabwe,WWT,NH3
1709,1.255261120135059,ZIMBABWE_MASHONALAND CENTRAL_GURUVE,30.657935830574306,-16.684420866652317,Zimbabwe,WWT,NH3
1710,2.5359147682410357,ZIMBABWE_MASHONALAND CENTRAL_MAZOWE,30.931668747440714,-17.252158251526673,Zimbabwe,WWT,NH3
1711,0.13037421168376495,ZIMBABWE_MASHONALAND CENTRAL_MBIRE,30.519312056760068,-16.11820181165008,Zimbabwe,WWT,NH3
1712,1.4964606953545148,ZIMBABWE_MASHONALAND CENTRAL_MOUNT DARWIN,31.651491668814078,-16.571909628015707,Zimbabwe,WWT,NH3
1713,0.005411567978330629,ZIMBABWE_MASHONALAND CENTRAL_MVURI,30.85020407197247,-17.024637648570337,Zimbabwe,WWT,NH3
1714,0.83437327461367,ZIMBABWE_MASHONALAND CENTRAL_RUSHINGA,32.294391117865416,-16.608502576184932,Zimbabwe,WWT,NH3
1715,0.8284771952080607,ZIMBABWE_MASHONALAND CENTRAL_SHAMVA,31.63881570830867,-17.094658891017033,Zimbabwe,WWT,NH3
1716,0.9519618310089771,ZIMBABWE_MASHONALAND EAST_CHIKOMBA,31.10402641900697,-18.890937479797454,Zimbabwe,WWT,NH3
1717,2.5088425705251396,ZIMBABWE_MASHONALAND EAST_GOROMONZI,31.33811610926192,-17.784846519288877,Zimbabwe,WWT,NH3
1718,0.7416179926371965,ZIMBABWE_MASHONALAND EAST_HWEDZA,31.63567042276917,-18.735938924713302,Zimbabwe,WWT,NH3
1719,1.5385376297916822,ZIMBABWE_MASHONALAND EAST_MARONDERA,31.497737809885596,-18.2710373540706,Zimbabwe,WWT,NH3
1720,0.06976945159785435,ZIMBABWE_MASHONALAND EAST_MARONDERA URBAN,31.548361807518038,-18.199991583553473,Zimbabwe,WWT,NH3
1721,2.232832938342074,ZIMBABWE_MASHONALAND EAST_MUDZI,32.63753498981691,-17.031754865127553,Zimbabwe,WWT,NH3
1722,1.7947989034339213,ZIMBABWE_MASHONALAND EAST_MUREHWA,31.821688822036187,-17.796798612607663,Zimbabwe,WWT,NH3
1723,1.8072738851556993,ZIMBABWE_MASHONALAND EAST_MUTOKO,32.27426153980204,-17.444387012058822,Zimbabwe,WWT,NH3
1724,0.1617015939463786,ZIMBABWE_MASHONALAND EAST_RUWA LOCAL BOARD,31.228165448921906,-17.884607511234528,Zimbabwe,WWT,NH3
1725,1.8768284742879968,ZIMBABWE_MASHONALAND EAST_SEKE,30.953065122788516,-18.254181114854948,Zimbabwe,WWT,NH3
1726,1.4106446095138923,ZIMBABWE_MASHONALAND EAST_UZUMBA-MARAMBA-PFUNGWE,32.043136848699056,-17.081573218275697,Zimbabwe,WWT,NH3
1727,1.9985598246679586,ZIMBABWE_MASHONALAND WEST_CHEGUTU,30.395139990113776,-18.143600800629375,Zimbabwe,WWT,NH3
1728,0.07489371553357106,ZIMBABWE_MASHONALAND WEST_CHEGUTU URBAN,30.13470538711357,-18.12439557940687,Zimbabwe,WWT,NH3
1729,0.18603528593293867,ZIMBABWE_MASHONALAND WEST_CHINHOYI,30.129570688206996,-17.358929514724238,Zimbabwe,WWT,NH3
1730,3.190354531716029,ZIMBABWE_MASHONALAND WEST_HURUNGWE,29.53703485277088,-16.437165238308324,Zimbabwe,WWT,NH3
1731,0.24691096204792315,ZIMBABWE_MASHONALAND WEST_KADOMA,29.92798975734448,-18.33918663580368,Zimbabwe,WWT,NH3
1732,0.4309666208135595,ZIMBABWE_MASHONALAND WEST_KARIBA,28.61128807360195,-16.89292695403643,Zimbabwe,WWT,NH3
1733,0.028343384199359202,ZIMBABWE_MASHONALAND WEST_KARIBA URBAN,28.808652741937127,-16.523383393233598,Zimbabwe,WWT,NH3
1734,0.015345751012234413,ZIMBABWE_MASHONALAND WEST_KAROI,29.694591418294163,-16.820573750915116,Zimbabwe,WWT,NH3
1735,1.8054835362634323,ZIMBABWE_MASHONALAND WEST_MAKONDE,30.012073182765725,-17.123223173134424,Zimbabwe,WWT,NH3
1736,1.1069565754632311,ZIMBABWE_MASHONALAND WEST_MHONDORONGEZI,30.163967503298224,-18.577761621097395,Zimbabwe,WWT,NH3
1737,0.08929497826810859,ZIMBABWE_MASHONALAND WEST_NORTON,30.678320648378314,-17.88198298430611,Zimbabwe,WWT,NH3
1738,0.8031089220105483,ZIMBABWE_MASHONALAND WEST_SANYATI,29.581196326682427,-18.02169161774344,Zimbabwe,WWT,NH3
1739,2.1546665317275746,ZIMBABWE_MASHONALAND WEST_ZVIMBA,30.44738003368097,-17.503589961775102,Zimbabwe,WWT,NH3
1740,0.5963524407397095,ZIMBABWE_MASVINGO_BIKITA,31.91211467778198,-20.145279592483647,Zimbabwe,WWT,NH3
1741,1.302825992740951,ZIMBABWE_MASVINGO_CHIREDZI RURAL,31.683341413535224,-21.347708807444196,Zimbabwe,WWT,NH3
1742,0.036192812793128894,ZIMBABWE_MASVINGO_CHIREDZI URBAN,31.67971758814407,-21.029338840368688,Zimbabwe,WWT,NH3
1743,1.4205790930604445,ZIMBABWE_MASVINGO_CHIVI,30.575374256749075,-20.490369810018144,Zimbabwe,WWT,NH3
1744,1.3869309181622804,ZIMBABWE_MASVINGO_GUTU,31.242523750576176,-19.610801584902255,Zimbabwe,WWT,NH3
1745,0.12915136131275087,ZIMBABWE_MASVINGO_MASVINGO,30.83494037723815,-20.07306774396139,Zimbabwe,WWT,NH3
1746,1.1358852625495328,ZIMBABWE_MASVINGO_MASVINGO RURAL,30.910738382293413,-20.260376828144526,Zimbabwe,WWT,NH3
1747,0.951822884131361,ZIMBABWE_MASVINGO_MWENEZI,30.691741175078764,-21.36544378064084,Zimbabwe,WWT,NH3
1748,0.4347159599593053,ZIMBABWE_MASVINGO_ZAKA,31.42731784993799,-20.386700025852814,Zimbabwe,WWT,NH3
1749,0.7779887495868983,ZIMBABWE_MATABELELAND NORTH_BINGA,27.656210711179945,-17.789917553155632,Zimbabwe,WWT,NH3
1750,0.33119933361751075,ZIMBABWE_MATABELELAND NORTH_BUBI,28.685180931499218,-19.513947345699094,Zimbabwe,WWT,NH3
1751,0.8780998373129021,ZIMBABWE_MATABELELAND NORTH_HWANGE,26.423179889687354,-18.71113404476513,Zimbabwe,WWT,NH3
1752,0.20441062062562668,ZIMBABWE_MATABELELAND NORTH_HWANGE URBAN,26.46801043565975,-18.372016600758958,Zimbabwe,WWT,NH3
1753,0.32553457195203184,ZIMBABWE_MATABELELAND NORTH_LUPANE,27.79328072988368,-18.839114218902946,Zimbabwe,WWT,NH3
1754,0.20702539902123118,ZIMBABWE_MATABELELAND NORTH_NKAYI,28.661176006857257,-18.88355717575602,Zimbabwe,WWT,NH3
1755,0.8920813802313212,ZIMBABWE_MATABELELAND NORTH_TSHOLOTSHO,27.414283617138953,-19.61964010445645,Zimbabwe,WWT,NH3
1756,0.7544406984984501,ZIMBABWE_MATABELELAND NORTH_UMGUZA,28.271066028232603,-19.819869340116053,Zimbabwe,WWT,NH3
1757,0.032497890627730334,ZIMBABWE_MATABELELAND NORTH_VICTORIA FALLS,25.829883287476026,-17.92990704990956,Zimbabwe,WWT,NH3
1758,0.9425780481305371,ZIMBABWE_MATABELELAND SOUTH_BEITBRIDGE RURAL,30.032227315484988,-21.908181587615122,Zimbabwe,WWT,NH3
1759,0.07072980630665587,ZIMBABWE_MATABELELAND SOUTH_BEITBRIDGE URBAN,30.005198690269744,-22.19816655945671,Zimbabwe,WWT,NH3
1760,0.7490026866593333,ZIMBABWE_MATABELELAND SOUTH_BULILIMA,27.573442352722388,-20.169421371289143,Zimbabwe,WWT,NH3
1761,0.84094385774153535,ZIMBABWE_MATABELELAND SOUTH_GWANDA,29.162201344353758,-21.236732145513137,Zimbabwe,WWT,NH3
1762,0.012649881481429936,ZIMBABWE_MATABELELAND SOUTH_GWANDA URBAN,29.001018112960306,-20.93393035805012,Zimbabwe,WWT,NH3
1763,0.6863366557942987,ZIMBABWE_MATABELELAND SOUTH_INSIZA,29.405124054354932,-20.257921118201494,Zimbabwe,WWT,NH3
1764,0.8942704502086413,ZIMBABWE_MATABELELAND SOUTH_MATOBO,28.491004036525954,-20.955582194378135,Zimbabwe,WWT,NH3
1765,0.052224563954465314,ZIMBABWE_MATABELELAND SOUTH_PLUMTREE,27.816351882493578,-20.50409730643698,Zimbabwe,WWT,NH3
1766,0.5328464324166595,ZIMBABWE_MATABELELAND SOUTH_UMZINGWANE,28.94552119766589,-20.34465698117629,Zimbabwe,WWT,NH3
1767,0.6555649376860907,ZIMBABWE_MIDLANDS_CHIRUMANZU,30.481519343037423,-19.319633373328976,Zimbabwe,WWT,NH3
1768,0.6459958317348385,ZIMBABWE_MIDLANDS_GOKWE NORTH,28.837677893701187,-17.570419471118004,Zimbabwe,WWT,NH3
1769,0.7008168071474404,ZIMBABWE_MIDLANDS_GOKWE SOUTH,28.645633627572618,-18.206523936363304,Zimbabwe,WWT,NH3
1770,0.019160120742152134,ZIMBABWE_MIDLANDS_GOKWE TOWN,28.940176689013466,-18.22128365220127,Zimbabwe,WWT,NH3
1771,0.3106346758300491,ZIMBABWE_MIDLANDS_GWERU,29.817923337717286,-19.45269647021317,Zimbabwe,WWT,NH3
1772,0.9356726945480429,ZIMBABWE_MIDLANDS_GWERU RURAL,29.63690224470826,-19.466810605052125,Zimbabwe,WWT,NH3
1773,0.16504837917768952,ZIMBABWE_MIDLANDS_KWEKWE,29.81635406697312,-18.917482667926965,Zimbabwe,WWT,NH3
1774,1.4140440827619523,ZIMBABWE_MIDLANDS_KWEKWE RURAL,29.551841911899576,-18.878863937431618,Zimbabwe,WWT,NH3
1775,0.9935185149921082,ZIMBABWE_MIDLANDS_MBERENGWA,30.01016178871132,-20.74365987883918,Zimbabwe,WWT,NH3
1776,0.07622770854831286,ZIMBABWE_MIDLANDS_REDCLIFF,29.76586767080143,-19.022868422004397,Zimbabwe,WWT,NH3
1777,0.12892406416102903,ZIMBABWE_MIDLANDS_SHURUGWI,29.99793599865513,-19.69370465973288,Zimbabwe,WWT,NH3
1778,0.5055517080580324,ZIMBABWE_MIDLANDS_SHURUGWI RURAL,30.15294241347956,-19.750231393050633,Zimbabwe,WWT,NH3
1779,0.7502633659000669,ZIMBABWE_MIDLANDS_ZVISHAVANE,30.078676585245802,-20.27716243014893,Zimbabwe,WWT,NH3
1780,0.09048015682268545,ZIMBABWE_MIDLANDS_ZVISHAVANE MINE,30.053840966799243,-20.319854351134133,Zimbabwe,WWT,NH3
1781,0.7255112609361516,ZIMBABWE_MATABELELAND SOUTH_MANGWE,28.019398455119735,-20.990691255910058,Zimbabwe,WWT,NH3
