census_id,emis,geo_name,lon,lat,country,code,poll
0001,0.3453377093878728,ANGOLA_BENGO_AMBRIZ,13.500573856748415,-7.941839245075118,Angola,FOO_PAP,NMVOC
0002,0.4332600449586869,ANGOLA_BENGO_BULA ATUMBA,14.820908751789867,-8.634475645495783,Angola,FOO_PAP,NMVOC
0003,13.064572869855404,ANGOLA_BENGO_DANDE,13.841710609854086,-8.53534736049627,Angola,FOO_PAP,NMVOC
0004,0.7940819821948958,ANGOLA_BENGO_DEMBOS,14.552452662474186,-8.506656679922113,Angola,FOO_PAP,NMVOC
0005,1.6033433700660205,ANGOLA_BENGO_NAMBUANGONGO,14.25926486683566,-8.047643790272277,Angola,FOO_PAP,NMVOC
0006,0.16461774145683675,ANGOLA_BENGO_PANGO ALUQUÉM,14.467187741962098,-8.753291428515478,Angola,FOO_PAP,NMVOC
0007,2.5512353490410336,ANGOLA_BENGUELA_BAÍA FARTA,13.110895429150032,-13.169353899832894,Angola,FOO_PAP,NMVOC
0008,3.670308463430253,ANGOLA_BENGUELA_BALOMBO,14.785534807000774,-12.362142938317604,Angola,FOO_PAP,NMVOC
0009,13.298543198863992,ANGOLA_BENGUELA_BENGUELA,13.613234701433782,-12.750903810317325,Angola,FOO_PAP,NMVOC
0010,4.819907193703143,ANGOLA_BENGUELA_BOCOIO,14.273806030010297,-12.337517465231237,Angola,FOO_PAP,NMVOC
0011,2.6680035139323923,ANGOLA_BENGUELA_CAIMBAMBO,13.925466200463916,-13.103370379840863,Angola,FOO_PAP,NMVOC
0012,2.179606397454472,ANGOLA_BENGUELA_CATUMBELA,13.680172800346687,-12.477296385532492,Angola,FOO_PAP,NMVOC
0013,2.474065179180929,ANGOLA_BENGUELA_CHONGOROI,13.804725364547245,-13.596741410412521,Angola,FOO_PAP,NMVOC
0014,10.535861329033061,ANGOLA_BENGUELA_CUBAL,14.349577634106108,-13.16149142143734,Angola,FOO_PAP,NMVOC
0015,9.11451719401837,ANGOLA_BENGUELA_GANDA,14.733920867955561,-13.122131963632688,Angola,FOO_PAP,NMVOC
0016,9.061896312457458,ANGOLA_BENGUELA_LOBITO,13.886545783996153,-12.092395259332209,Angola,FOO_PAP,NMVOC
0017,8.838177431236263,ANGOLA_BIÉ_ANDULO,16.463299708517784,-11.274658946317146,Angola,FOO_PAP,NMVOC
0018,5.081258143897583,ANGOLA_BIÉ_CAMACUPA,17.780227977541617,-12.451681506672221,Angola,FOO_PAP,NMVOC
0019,4.54198861280884,ANGOLA_BIÉ_CATABOLA,17.254341809340623,-12.147939255129183,Angola,FOO_PAP,NMVOC
0020,3.71607164636114,ANGOLA_BIÉ_CHINGUAR,16.57220235885333,-12.562961032395926,Angola,FOO_PAP,NMVOC
0021,2.3910216523978054,ANGOLA_BIÉ_CHITEMBO,17.2256685420672,-13.4761375683222,Angola,FOO_PAP,NMVOC
0022,1.4641733937306824,ANGOLA_BIÉ_CUEMBA,18.450876402365434,-11.812583973776919,Angola,FOO_PAP,NMVOC
0023,17.507272865375104,ANGOLA_BIÉ_CUITO,17.0195337801636,-12.539053407735349,Angola,FOO_PAP,NMVOC
0024,1.3063406207555488,ANGOLA_BIÉ_CUNHINGA,16.806485043535446,-11.988245606222938,Angola,FOO_PAP,NMVOC
0025,3.2957177670889277,ANGOLA_BIÉ_NHAREA,17.157724905821997,-11.308602978499657,Angola,FOO_PAP,NMVOC
0026,1.11487538628883,ANGOLA_CABINDA_BELIZE,12.84464336058737,-4.605790961567085,Angola,FOO_PAP,NMVOC
0027,1.0652968507445089,ANGOLA_CABINDA_BUCO ZAU,12.545868870473262,-4.802124175234638,Angola,FOO_PAP,NMVOC
0028,13.25174362993642,ANGOLA_CABINDA_CABINDA,12.36403326270615,-5.461872414729606,Angola,FOO_PAP,NMVOC
0029,2.5981064741676616,ANGOLA_CABINDA_CACONGO,12.242228043574034,-5.043712430446504,Angola,FOO_PAP,NMVOC
0030,1.8853243984583004,ANGOLA_KUANDO KUBANGO_CALAI,19.414268804995988,-17.367954683212766,Angola,FOO_PAP,NMVOC
0031,1.1674328277600527,ANGOLA_KUANDO KUBANGO_CUANGAR,18.15299180710266,-17.054777832805367,Angola,FOO_PAP,NMVOC
0032,1.5455936769340461,ANGOLA_KUANDO KUBANGO_CUCHI,16.962579756983985,-14.692891199511664,Angola,FOO_PAP,NMVOC
0033,1.361272046396349,ANGOLA_KUANDO KUBANGO_CUITO CUANAVALE,18.841355039845936,-14.950150376556852,Angola,FOO_PAP,NMVOC
0034,0.9708270769879556,ANGOLA_KUANDO KUBANGO_DIRICO,20.825162039879295,-17.52729673830151,Angola,FOO_PAP,NMVOC
0035,0.9775319038101482,ANGOLA_KUANDO KUBANGO_MAVINGA,20.292091111981065,-16.124977275218903,Angola,FOO_PAP,NMVOC
0036,11.824134046215084,ANGOLA_KUANDO KUBANGO_MENONGUE,17.745373647024998,-15.225709939331868,Angola,FOO_PAP,NMVOC
0037,0.13785350773214125,ANGOLA_KUANDO KUBANGO_NANCOVA,18.73240828489362,-16.388826303005242,Angola,FOO_PAP,NMVOC
0038,1.2285788995077942,ANGOLA_KUANDO KUBANGO_RIVUNGO,21.95105197046031,-16.860900758284263,Angola,FOO_PAP,NMVOC
0039,1.6440463449169465,ANGOLA_KWANZA NORTE_AMBACA,15.509119051943488,-8.223269097816729,Angola,FOO_PAP,NMVOC
0040,0.25020920344058295,ANGOLA_KWANZA NORTE_BANGA,15.153253461606287,-8.689616530469744,Angola,FOO_PAP,NMVOC
0041,0.2391475983614266,ANGOLA_KWANZA NORTE_BOLONGONGO,15.113302487330705,-8.382132376680488,Angola,FOO_PAP,NMVOC
0042,2.7261393078976304,ANGOLA_KWANZA NORTE_CAMBAMBE,14.521816633134614,-9.433964278230446,Angola,FOO_PAP,NMVOC
0043,6.057692825155533,ANGOLA_KWANZA NORTE_CAZENGO,14.779870946066733,-9.320031680889498,Angola,FOO_PAP,NMVOC
0044,1.2651407402991033,ANGOLA_KWANZA NORTE_GOLUNGO ALTO,14.666387710001,-9.076507922069805,Angola,FOO_PAP,NMVOC
0045,0.6268619928932804,ANGOLA_KWANZA NORTE_LUCALA,15.238258650636386,-9.139267281380702,Angola,FOO_PAP,NMVOC
0046,0.16164208928729953,ANGOLA_KWANZA NORTE_NGONGUEMBO,14.901663408090647,-8.902563767131948,Angola,FOO_PAP,NMVOC
0047,0.15619043802672797,ANGOLA_KWANZA NORTE_QUICULUNGO,15.319625776448795,-8.49002907643525,Angola,FOO_PAP,NMVOC
0048,0.7343662732386436,ANGOLA_KWANZA NORTE_SAMBA CAJÚ,15.494620704324683,-8.808515207926657,Angola,FOO_PAP,NMVOC
0049,8.851683082058786,ANGOLA_KWANZA SUL_AMBOIM,14.409446053756277,-10.888247311555114,Angola,FOO_PAP,NMVOC
0050,4.334839411213658,ANGOLA_KWANZA SUL_CASSONGUE,14.969245996228281,-11.823486279155278,Angola,FOO_PAP,NMVOC
0051,7.43731151461976,ANGOLA_KWANZA SUL_CELA,15.327509138494797,-11.286611386444985,Angola,FOO_PAP,NMVOC
0052,3.236561282460279,ANGOLA_KWANZA SUL_CONDA,14.457113187835018,-11.173469665594153,Angola,FOO_PAP,NMVOC
0053,6.0922326034643,ANGOLA_KWANZA SUL_EBO,14.756355439021709,-10.954311333786544,Angola,FOO_PAP,NMVOC
0054,2.8351576480071996,ANGOLA_KWANZA SUL_LIBOLO,14.990540118658812,-10.063463539441377,Angola,FOO_PAP,NMVOC
0055,2.559154098704461,ANGOLA_KWANZA SUL_MUSSENDE,15.978658982493396,-10.268786589120642,Angola,FOO_PAP,NMVOC
0056,3.5025148219378535,ANGOLA_KWANZA SUL_PORTO AMBOIM,13.942283729197893,-10.627805552833145,Angola,FOO_PAP,NMVOC
0057,4.122550966895441,ANGOLA_KWANZA SUL_QUIBALA,15.335713103750756,-10.699008506951671,Angola,FOO_PAP,NMVOC
0058,3.1478914652603787,ANGOLA_KWANZA SUL_QUILENDA,14.370237419617364,-10.524491857097443,Angola,FOO_PAP,NMVOC
0059,5.977717356053298,ANGOLA_KWANZA SUL_SELES,14.50091627350989,-11.457587720793851,Angola,FOO_PAP,NMVOC
0060,6.399846667632467,ANGOLA_KWANZA SUL_SUMBE,14.04934311345206,-11.49811492361192,Angola,FOO_PAP,NMVOC
0061,2.989623243355728,ANGOLA_CUNENE_CAHAMA,14.247669093888437,-16.41710354139286,Angola,FOO_PAP,NMVOC
0062,15.612854041095812,ANGOLA_CUNENE_CUANHAMA,16.320547599774045,-16.48223334568777,Angola,FOO_PAP,NMVOC
0063,0.887003109628784,ANGOLA_CUNENE_CUROCA,13.788175609536145,-16.932294476395295,Angola,FOO_PAP,NMVOC
0064,2.590901189661226,ANGOLA_CUNENE_CUVELAI,16.136146428177735,-15.746368160393057,Angola,FOO_PAP,NMVOC
0065,9.335153718907193,ANGOLA_CUNENE_NAMACUNDE,16.606272115792553,-17.074018548021083,Angola,FOO_PAP,NMVOC
0066,12.66728813170186,ANGOLA_CUNENE_OMBADJA,14.941895100531925,-16.768959146811532,Angola,FOO_PAP,NMVOC
0067,10.125413110428244,ANGOLA_HUAMBO_BAILUNDO,15.850466201739053,-11.950050465566608,Angola,FOO_PAP,NMVOC
0068,9.79381650469731,ANGOLA_HUAMBO_CAÁLA,15.572188198073116,-13.27102876067493,Angola,FOO_PAP,NMVOC
0069,5.069631999903203,ANGOLA_HUAMBO_CACHIUNGO,16.319644201016246,-12.759421533499594,Angola,FOO_PAP,NMVOC
0070,2.6286975470514418,ANGOLA_HUAMBO_ECUNHA,15.49134958273524,-12.53401934231182,Angola,FOO_PAP,NMVOC
0071,26.4618533256165,ANGOLA_HUAMBO_HUAMBO,15.79536569507517,-12.819324307871682,Angola,FOO_PAP,NMVOC
0072,4.294362826839979,ANGOLA_HUAMBO_LONDUIMBALI,15.292015045757923,-12.235996591708586,Angola,FOO_PAP,NMVOC
0073,3.323210051897767,ANGOLA_HUAMBO_LONGONJO,15.22279516795389,-13.084757821818668,Angola,FOO_PAP,NMVOC
0074,4.183098052701664,ANGOLA_HUAMBO_MUNGO,16.20588037491343,-11.755072951814116,Angola,FOO_PAP,NMVOC
0075,4.151578459735428,ANGOLA_HUAMBO_CHICALA CHOLOHANGA,16.092706109508978,-12.95985009260693,Angola,FOO_PAP,NMVOC
0076,1.5811699674575306,ANGOLA_HUAMBO_CHINJENJE,14.940107561316543,-12.818781665594054,Angola,FOO_PAP,NMVOC
0077,1.2230709383290925,ANGOLA_HUAMBO_UCUMA,15.15058241504692,-12.745033355569538,Angola,FOO_PAP,NMVOC
0078,6.38109953076968,ANGOLA_HUÍLA_CACONDA,15.158416365277283,-13.778376463063532,Angola,FOO_PAP,NMVOC
0079,5.1151684650788285,ANGOLA_HUÍLA_CACULA,14.291948368736596,-14.437668897988177,Angola,FOO_PAP,NMVOC
0080,6.205429496147015,ANGOLA_HUÍLA_CALUQUEMBE,14.553605248971426,-13.943434135545042,Angola,FOO_PAP,NMVOC
0081,6.633884961364865,ANGOLA_HUÍLA_CHIBIA,13.860963321337298,-15.220319449437994,Angola,FOO_PAP,NMVOC
0082,5.337854529996681,ANGOLA_HUÍLA_CHICOMBA,15.019421703365952,-14.30430435864405,Angola,FOO_PAP,NMVOC
0083,2.2369631571919366,ANGOLA_HUÍLA_CHIPINDO,15.73591828652565,-13.88531948048917,Angola,FOO_PAP,NMVOC
0084,3.427851325863453,ANGOLA_HUÍLA_CUVANGO,16.318716983084595,-14.2140670585581,Angola,FOO_PAP,NMVOC
0085,3.4550767305125065,ANGOLA_HUÍLA_GAMBOS,14.0555441801658,-15.836380299367216,Angola,FOO_PAP,NMVOC
0086,11.450502663816437,ANGOLA_HUÍLA_HUMPATA,13.37340825793292,-15.07711619840059,Angola,FOO_PAP,NMVOC
0087,4.133542831367867,ANGOLA_HUÍLA_JAMBA,15.84246469273556,-14.813136321719922,Angola,FOO_PAP,NMVOC
0088,23.82881852222269,ANGOLA_HUÍLA_LUBANGO,13.74650625251509,-14.782265363665282,Angola,FOO_PAP,NMVOC
0089,10.526903166153426,ANGOLA_HUÍLA_MATALA,15.162569522619448,-15.264035381319765,Angola,FOO_PAP,NMVOC
0090,3.304677819254068,ANGOLA_HUÍLA_QUILENGUES,13.926712495367244,-14.10284606537322,Angola,FOO_PAP,NMVOC
0091,5.913958894021668,ANGOLA_HUÍLA_QUIPUNGO,14.584346812183863,-15.11197852346331,Angola,FOO_PAP,NMVOC
0092,52.623223667076914,ANGOLA_LUANDA_BELAS,13.174021473379,-9.08837444152561,Angola,FOO_PAP,NMVOC
0093,37.52980220854358,ANGOLA_LUANDA_CACUACO,13.451339905381309,-8.81991357363531,Angola,FOO_PAP,NMVOC
0094,19.36709531325248,ANGOLA_LUANDA_CAZENGA,13.300213504677842,-8.82313810517484,Angola,FOO_PAP,NMVOC
0095,4.408328217615043,ANGOLA_LUANDA_ICOLO E BENGO,13.862681054977354,-9.152861347234415,Angola,FOO_PAP,NMVOC
0096,71.68484510837919,ANGOLA_LUANDA_LUANDA,13.252264930379923,-8.85095461326464,Angola,FOO_PAP,NMVOC
0097,1.0712149937514732,ANGOLA_LUANDA_QUISSAMA,13.850629524262196,-9.831116523016574,Angola,FOO_PAP,NMVOC
0098,74.8987316268259,ANGOLA_LUANDA_VIANA,13.400581493461187,-9.003465052028048,Angola,FOO_PAP,NMVOC
0099,3.246571652351123,ANGOLA_LUNDA NORTE_CAMBULO,21.496387269915466,-7.900107950052335,Angola,FOO_PAP,NMVOC
0100,2.136264102358757,ANGOLA_LUNDA NORTE_CAPENDA CAMULEMBA,18.86907773627034,-9.675389036317052,Angola,FOO_PAP,NMVOC
0101,0.7758037579465398,ANGOLA_LUNDA NORTE_CAUNGULA,18.82247560938972,-8.340339422591542,Angola,FOO_PAP,NMVOC
0102,7.546703877878968,ANGOLA_LUNDA NORTE_CHITATO,20.86681232898085,-7.553523750605493,Angola,FOO_PAP,NMVOC
0103,5.137382430688607,ANGOLA_LUNDA NORTE_CUANGO,18.060888555716936,-8.601096909504287,Angola,FOO_PAP,NMVOC
0104,0.6049108586991083,ANGOLA_LUNDA NORTE_CUILO,19.68851489115215,-8.128052490802382,Angola,FOO_PAP,NMVOC
0105,0.10227864592891948,ANGOLA_LUNDA NORTE_LÓVUA,20.13536631533787,-7.292391189166928,Angola,FOO_PAP,NMVOC
0106,0.5194991324145853,ANGOLA_LUNDA NORTE_LUBALO,19.297321892350976,-9.188561260843436,Angola,FOO_PAP,NMVOC
0107,4.89498168804357,ANGOLA_LUNDA NORTE_LUCAPA,20.47673092828323,-8.42331409755646,Angola,FOO_PAP,NMVOC
0108,2.885521897177391,ANGOLA_LUNDA NORTE_XÁ-MUTEBA,17.85122654394,-9.277995251698849,Angola,FOO_PAP,NMVOC
0109,1.055490831450806,ANGOLA_LUNDA SUL_CACOLO,19.178913301145815,-10.547328172202947,Angola,FOO_PAP,NMVOC
0110,0.7491829173684462,ANGOLA_LUNDA SUL_DALA,20.352238837105524,-10.92405164265005,Angola,FOO_PAP,NMVOC
0111,1.387523667663556,ANGOLA_LUNDA SUL_MUCONDA,21.424847286291374,-10.154651759138405,Angola,FOO_PAP,NMVOC
0112,16.70185327846808,ANGOLA_LUNDA SUL_SAURIMO,20.688380679682755,-9.477233643283244,Angola,FOO_PAP,NMVOC
0113,2.4234340966349204,ANGOLA_MALANJE_CACUSO,15.62849098111707,-9.490292469411429,Angola,FOO_PAP,NMVOC
0114,0.4492475975252539,ANGOLA_MALANJE_CAHOMBO,16.66605389643875,-8.647102372057851,Angola,FOO_PAP,NMVOC
0115,2.3621295096428554,ANGOLA_MALANJE_CALANDULA,16.005245178381916,-8.695990183498342,Angola,FOO_PAP,NMVOC
0116,1.2892889873890534,ANGOLA_MALANJE_CAMBUNDI-CATEMBO,17.84709415122643,-10.125145503710968,Angola,FOO_PAP,NMVOC
0117,1.5585642540541687,ANGOLA_MALANJE_CANGANDALA,16.683252748189343,-9.952367021939013,Angola,FOO_PAP,NMVOC
0118,0.26110979777211024,ANGOLA_MALANJE_CUNDA-DIA-BAZE,17.352728983670623,-8.66125398022735,Angola,FOO_PAP,NMVOC
0119,0.16419737359158856,ANGOLA_MALANJE_KIWABA NZOJI,16.45736622164412,-9.037971690115318,Angola,FOO_PAP,NMVOC
0120,1.7340280917689392,ANGOLA_MALANJE_LUQUEMBO,17.384986684590697,-10.792874181396483,Angola,FOO_PAP,NMVOC
0121,19.536453874086863,ANGOLA_MALANJE_MALANJE,16.35498305019854,-9.482474776585153,Angola,FOO_PAP,NMVOC
0122,0.8008589014095926,ANGOLA_MALANJE_MARIMBA,17.11151213033175,-8.168436018156713,Angola,FOO_PAP,NMVOC
0123,0.6177671852219202,ANGOLA_MALANJE_MASSANGO,16.599614024908476,-7.763456075510212,Angola,FOO_PAP,NMVOC
0124,0.833705655029351,ANGOLA_MALANJE_MUCARI,16.919365558811112,-9.481804740501817,Angola,FOO_PAP,NMVOC
0125,0.4212041316589611,ANGOLA_MALANJE_QUELA,17.28820754724371,-9.318539247011007,Angola,FOO_PAP,NMVOC
0126,0.6993854102820803,ANGOLA_MALANJE_QUIRIMA,18.2681837365498,-11.068909718662896,Angola,FOO_PAP,NMVOC
0127,4.065455927047421,ANGOLA_MOXICO_ALTO ZAMBEZE,22.90799374709926,-12.209683357686718,Angola,FOO_PAP,NMVOC
0128,2.8466818648586014,ANGOLA_MOXICO_BUNDAS,21.31907325919521,-14.210473217747047,Angola,FOO_PAP,NMVOC
0129,1.2923581097097063,ANGOLA_MOXICO_CAMANONGUE,20.234534061632754,-11.408959591622152,Angola,FOO_PAP,NMVOC
0130,0.7595235598866724,ANGOLA_MOXICO_CAMEIA,21.26339460023485,-11.838370789228382,Angola,FOO_PAP,NMVOC
0131,1.4299768582455226,ANGOLA_MOXICO_LÉUA,20.575562544579704,-11.74380358626066,Angola,FOO_PAP,NMVOC
0132,0.5687250362502045,ANGOLA_MOXICO_LUACANO,22.046284955949286,-11.669871723573195,Angola,FOO_PAP,NMVOC
0133,3.295477420053025,ANGOLA_MOXICO_LUAU,21.997475474347006,-10.901812727972676,Angola,FOO_PAP,NMVOC
0134,0.5951585793533561,ANGOLA_MOXICO_LUCHAZES,19.530239402686032,-13.751962349149917,Angola,FOO_PAP,NMVOC
0135,15.159024015261025,ANGOLA_MOXICO_LUENA,19.776770525882704,-12.327720581169427,Angola,FOO_PAP,NMVOC
0136,1.4446970218055284,ANGOLA_NAMIBE_BIBALA,13.139576640553054,-14.685793467915335,Angola,FOO_PAP,NMVOC
0137,1.7391383833599539,ANGOLA_NAMIBE_CAMUCUIO,13.0324059676621,-14.003701587165244,Angola,FOO_PAP,NMVOC
0138,9.690873529753619,ANGOLA_NAMIBE_NAMIBE,12.457905307074512,-14.720315334187738,Angola,FOO_PAP,NMVOC
0139,1.486558452719454,ANGOLA_NAMIBE_TÔMBWA,12.359284305310362,-16.564898961646183,Angola,FOO_PAP,NMVOC
0140,1.1087489984675178,ANGOLA_NAMIBE_VIREI,12.94168325673447,-15.813548331274848,Angola,FOO_PAP,NMVOC
0141,0.7191230051059527,ANGOLA_UÍGE_AMBUILA,14.468179065511844,-7.587449047134571,Angola,FOO_PAP,NMVOC
0142,0.9643162113308844,ANGOLA_UÍGE_BEMBE,14.277664721920273,-7.052417289665407,Angola,FOO_PAP,NMVOC
0143,1.2850646086197555,ANGOLA_UÍGE_BUENGAS,15.825059286515511,-6.668373974646913,Angola,FOO_PAP,NMVOC
0144,1.1369436824298758,ANGOLA_UÍGE_BUNGO,15.447113463583449,-7.392017748161813,Angola,FOO_PAP,NMVOC
0145,1.3484493224375087,ANGOLA_UÍGE_CANGOLA,15.953541847191238,-7.839972087285049,Angola,FOO_PAP,NMVOC
0146,1.2888075409756228,ANGOLA_UÍGE_DAMBA,15.216117046210005,-6.730711730495686,Angola,FOO_PAP,NMVOC
0147,3.293033341026538,ANGOLA_UÍGE_MAQUELA DO ZOMBO,15.504832114047753,-6.115762646049738,Angola,FOO_PAP,NMVOC
0148,1.0568931881709747,ANGOLA_UÍGE_SANTA CRUZ,16.58039852859364,-7.043057290518152,Angola,FOO_PAP,NMVOC
0149,0.9744370298218679,ANGOLA_UÍGE_MUCABA,15.044844983137867,-7.104479137048426,Angola,FOO_PAP,NMVOC
0150,4.3936300078943455,ANGOLA_UÍGE_NEGAGE,15.387803110685544,-7.82670187011252,Angola,FOO_PAP,NMVOC
0151,0.9467355519495806,ANGOLA_UÍGE_PURI,15.677588319493356,-7.6520448609471,Angola,FOO_PAP,NMVOC
0152,3.5240927394276396,ANGOLA_UÍGE_QUIMBELE,16.358827373391733,-6.339946266586419,Angola,FOO_PAP,NMVOC
0153,0.88623643039668,ANGOLA_UÍGE_QUITEXE,14.916309357718397,-8.05805649608166,Angola,FOO_PAP,NMVOC
0154,1.8326246497286411,ANGOLA_UÍGE_SANZA POMBO,16.05132046706061,-7.225080931426597,Angola,FOO_PAP,NMVOC
0155,1.699345079074521,ANGOLA_UÍGE_SONGO,14.789371774574954,-7.15444085578491,Angola,FOO_PAP,NMVOC
0156,18.212152434803865,ANGOLA_UÍGE_UÍGE,15.086269927234868,-7.569389383460002,Angola,FOO_PAP,NMVOC
0157,2.489128660190458,ANGOLA_ZAIRE_CUIMBA,14.656648047034412,-6.211094387740501,Angola,FOO_PAP,NMVOC
0158,7.100507657731765,ANGOLA_ZAIRE_MBANZA CONGO,14.17814621079705,-6.310144184559853,Angola,FOO_PAP,NMVOC
0159,0.9515490424090808,ANGOLA_ZAIRE_NZETO,13.396012085498478,-7.329332397443156,Angola,FOO_PAP,NMVOC
0160,2.4834869686494936,ANGOLA_ZAIRE_NÓQUI,13.505068524452918,-6.150797500748508,Angola,FOO_PAP,NMVOC
0161,8.703036217314448,ANGOLA_ZAIRE_SOYO,12.72456320103429,-6.276748486180679,Angola,FOO_PAP,NMVOC
0162,1.4662718279093423,ANGOLA_ZAIRE_TOMBOCO,13.360813071321832,-6.70704141475642,Angola,FOO_PAP,NMVOC
0163,0.7223136850670595,BOTSWANA_CENTRAL_BOBONONG_BOBONONG,28.439270006020617,-21.904588768680572,Botswana,FOO_PAP,NMVOC
0164,0,BOTSWANA_CENTRAL_BOBONONG_DAMOCHOJENA,27.46425717187249,-21.89586472598768,Botswana,FOO_PAP,NMVOC
0165,0.08173710510634492,BOTSWANA_CENTRAL_BOBONONG_KOBOJANGO,28.763918196572497,-21.785636334108606,Botswana,FOO_PAP,NMVOC
0166,0,BOTSWANA_CENTRAL_BOBONONG_LENTSWELEMORITI,29.09263730127421,-22.126071452194022,Botswana,FOO_PAP,NMVOC
0167,0,BOTSWANA_CENTRAL_BOBONONG_LEPOKOLE,28.342120180879903,-21.78828871071267,Botswana,FOO_PAP,NMVOC
0168,0,BOTSWANA_CENTRAL_BOBONONG_MABOLWE,28.93856360422732,-21.822911107503458,Botswana,FOO_PAP,NMVOC
0169,0.24912190268175022,BOTSWANA_CENTRAL_BOBONONG_MATHATHANE,28.765707084954567,-22.164921148469332,Botswana,FOO_PAP,NMVOC
0170,1.3631148507150812,BOTSWANA_CENTRAL_BOBONONG_MMADINARE,27.61927099292336,-21.939530032971234,Botswana,FOO_PAP,NMVOC
0171,0.13449913466487165,BOTSWANA_CENTRAL_BOBONONG_MOLALATAU,28.546028057555482,-22.244047061148887,Botswana,FOO_PAP,NMVOC
0172,0,BOTSWANA_CENTRAL_BOBONONG_MOLETEMANE,28.24551458680093,-22.49838952314233,Botswana,FOO_PAP,NMVOC
0173,0.06530382084055686,BOTSWANA_CENTRAL_BOBONONG_MOTLHABANENG,28.847671161031595,-22.0878861675696,Botswana,FOO_PAP,NMVOC
0174,0,BOTSWANA_CENTRAL_BOBONONG_ROBELELA,28.01614217627893,-21.606755627584164,Botswana,FOO_PAP,NMVOC
0175,0.013031994865460892,BOTSWANA_CENTRAL_BOBONONG_SEFOPHE,28.010768080362112,-22.202415922887717,Botswana,FOO_PAP,NMVOC
0176,0,BOTSWANA_CENTRAL_BOBONONG_SEMOLALE,28.901373465716713,-21.94234612580183,Botswana,FOO_PAP,NMVOC
0177,0.1373620230971571,BOTSWANA_CENTRAL_BOBONONG_TOBANE,28.034740456942973,-21.715331266156507,Botswana,FOO_PAP,NMVOC
0178,0,BOTSWANA_CENTRAL_BOBONONG_TSETSEBJWE,28.261512057832615,-22.323234206617617,Botswana,FOO_PAP,NMVOC
0179,0,BOTSWANA_CENTRAL_BOBONONG_TSHOKWE,28.12020929554016,-21.7461736340543,Botswana,FOO_PAP,NMVOC
0180,0.02098697565731653,BOTSWANA_CENTRAL_BOBONONG_TULI,28.659593038222404,-22.426510831132365,Botswana,FOO_PAP,NMVOC
0181,0,BOTSWANA_CENTRAL_BOTETI_KEDIA,24.838048952453185,-21.403241698591675,Botswana,FOO_PAP,NMVOC
0182,0,BOTSWANA_CENTRAL_BOTETI_KHWEE,25.42160849963441,-21.949084316434682,Botswana,FOO_PAP,NMVOC
0183,0,BOTSWANA_CENTRAL_BOTETI_KUMAGA,24.694403521304178,-20.43709104783157,Botswana,FOO_PAP,NMVOC
0184,2.4237296111036746,BOTSWANA_CENTRAL_BOTETI_LETLHAKANE,25.324076768019342,-21.74281229869488,Botswana,FOO_PAP,NMVOC
0185,0,BOTSWANA_CENTRAL_BOTETI_MAKALAMABEDI,24.027537186531372,-20.329731365780997,Botswana,FOO_PAP,NMVOC
0186,0,BOTSWANA_CENTRAL_BOTETI_MMADIKOLA,24.505648562137157,-21.04540148259183,Botswana,FOO_PAP,NMVOC
0187,0.08855708673498339,BOTSWANA_CENTRAL_BOTETI_MMATSHUMO,25.608635534616877,-21.055357574481494,Botswana,FOO_PAP,NMVOC
0188,0,BOTSWANA_CENTRAL_BOTETI_MOKOBOXANE,25.01278736428241,-21.374661912697718,Botswana,FOO_PAP,NMVOC
0189,0.16418158245963754,BOTSWANA_CENTRAL_BOTETI_MOPIPI,25.06130611972133,-20.957019464880865,Botswana,FOO_PAP,NMVOC
0190,0,BOTSWANA_CENTRAL_BOTETI_MOREOMAOTO,24.225653269651804,-20.326805973885744,Botswana,FOO_PAP,NMVOC
0191,0.09131122591310135,BOTSWANA_CENTRAL_BOTETI_MOSU,26.096038009772478,-21.108931183794436,Botswana,FOO_PAP,NMVOC
0192,0,BOTSWANA_CENTRAL_BOTETI_MOTOPI,24.143658950831586,-20.239487705166916,Botswana,FOO_PAP,NMVOC
0193,0,BOTSWANA_CENTRAL_BOTETI_TOROMOJA,24.68875163244386,-21.028858930681245,Botswana,FOO_PAP,NMVOC
0194,0,BOTSWANA_CENTRAL_BOTETI_TSIENYANE/RAKOPS,24.297459830504376,-20.770824097320627,Botswana,FOO_PAP,NMVOC
0195,0,BOTSWANA_CENTRAL_BOTETI_XERE,23.995091776720663,-21.05103701376487,Botswana,FOO_PAP,NMVOC
0196,0,BOTSWANA_CENTRAL_BOTETI_XHUMO,24.543580068860226,-21.43138653458584,Botswana,FOO_PAP,NMVOC
0197,0,BOTSWANA_CENTRAL_MAHALAPYE_BONWAPITSE,26.696499319837177,-23.016977775399745,Botswana,FOO_PAP,NMVOC
0198,0.03344963528501857,BOTSWANA_CENTRAL_MAHALAPYE_BOROTSI,27.574845464339035,-23.03787815480758,Botswana,FOO_PAP,NMVOC
0199,0.005029859897865175,BOTSWANA_CENTRAL_MAHALAPYE_CHADIBE,27.653472614061975,-23.04213517690895,Botswana,FOO_PAP,NMVOC
0200,0.1107355960897644,BOTSWANA_CENTRAL_MAHALAPYE_DIBETE STATION,26.60466673565762,-23.712578892238895,Botswana,FOO_PAP,NMVOC
0201,0,BOTSWANA_CENTRAL_MAHALAPYE_DOVEDALE,27.0584095397386,-23.43747251689984,Botswana,FOO_PAP,NMVOC
0202,0,BOTSWANA_CENTRAL_MAHALAPYE_IKONGWE,26.42368516567563,-23.133332920110572,Botswana,FOO_PAP,NMVOC
0203,0,BOTSWANA_CENTRAL_MAHALAPYE_KALAMARE,26.676800027450167,-22.85145869530537,Botswana,FOO_PAP,NMVOC
0204,0,BOTSWANA_CENTRAL_MAHALAPYE_KODIBELENG,25.8565320473089,-23.06990009465882,Botswana,FOO_PAP,NMVOC
0205,0,BOTSWANA_CENTRAL_MAHALAPYE_KUDUMATSE,27.163558620828415,-23.343825570073967,Botswana,FOO_PAP,NMVOC
0206,0,BOTSWANA_CENTRAL_MAHALAPYE_MAAPE,27.298633726872115,-22.801071310840364,Botswana,FOO_PAP,NMVOC
0207,0.009807095662322109,BOTSWANA_CENTRAL_MAHALAPYE_MACHANENG,27.430989788355014,-23.17527950233516,Botswana,FOO_PAP,NMVOC
0208,3.900854728882086,BOTSWANA_CENTRAL_MAHALAPYE_MAHALAPYE,26.92364672437042,-23.059367128880574,Botswana,FOO_PAP,NMVOC
0209,0,BOTSWANA_CENTRAL_MAHALAPYE_MAKWATE,27.289572829578482,-23.25066866242674,Botswana,FOO_PAP,NMVOC
0210,0.03471744468524805,BOTSWANA_CENTRAL_MAHALAPYE_MATLHAKO,27.57730747946278,-23.092868816729595,Botswana,FOO_PAP,NMVOC
0211,0,BOTSWANA_CENTRAL_MAHALAPYE_MHALAPITSA,27.241670153565362,-22.750141129591885,Botswana,FOO_PAP,NMVOC
0212,0.00892053646344452,BOTSWANA_CENTRAL_MAHALAPYE_MMAPHASHALALA,26.85959307803958,-23.525191663403213,Botswana,FOO_PAP,NMVOC
0213,0.004435459012906211,BOTSWANA_CENTRAL_MAHALAPYE_MMUTLANA,26.603632318980285,-22.97161859276938,Botswana,FOO_PAP,NMVOC
0214,0,BOTSWANA_CENTRAL_MAHALAPYE_MOKGENENE,26.039953432163163,-23.53987260084274,Botswana,FOO_PAP,NMVOC
0215,0,BOTSWANA_CENTRAL_MAHALAPYE_MOKOBENG,27.693890294840614,-22.97362584906358,Botswana,FOO_PAP,NMVOC
0216,0,BOTSWANA_CENTRAL_MAHALAPYE_MOKOSWANE,26.94190877928232,-23.316220505173856,Botswana,FOO_PAP,NMVOC
0217,0.030658591788799358,BOTSWANA_CENTRAL_MAHALAPYE_MOOKANE,26.698166386924417,-23.694975957356803,Botswana,FOO_PAP,NMVOC
0218,0,BOTSWANA_CENTRAL_MAHALAPYE_MORALANE,26.215414450162044,-22.936420739953075,Botswana,FOO_PAP,NMVOC
0219,0,BOTSWANA_CENTRAL_MAHALAPYE_MOSHOPHA,27.314662802995976,-22.947407012331485,Botswana,FOO_PAP,NMVOC
0220,0.04243580985930864,BOTSWANA_CENTRAL_MAHALAPYE_MOSOLOTSHANE,26.428423160167153,-22.91931594278049,Botswana,FOO_PAP,NMVOC
0221,0,BOTSWANA_CENTRAL_MAHALAPYE_NGWAPA,27.77944253096159,-22.919703336193177,Botswana,FOO_PAP,NMVOC
0222,0.036147111277121384,BOTSWANA_CENTRAL_MAHALAPYE_OTSE,25.946626364668234,-23.32358945282839,Botswana,FOO_PAP,NMVOC
0223,0.08745922418119344,BOTSWANA_CENTRAL_MAHALAPYE_PALLA ROAD/DINOKWE,26.77659555732254,-23.360515846147123,Botswana,FOO_PAP,NMVOC
0224,0,BOTSWANA_CENTRAL_MAHALAPYE_PILIKWE,27.12830992169561,-22.797803953113785,Botswana,FOO_PAP,NMVOC
0225,0,BOTSWANA_CENTRAL_MAHALAPYE_POLOKA,26.288048197015442,-23.601986580637178,Botswana,FOO_PAP,NMVOC
0226,0,BOTSWANA_CENTRAL_MAHALAPYE_RAMOKGONAMI,27.427775976491716,-22.856906588140728,Botswana,FOO_PAP,NMVOC
0227,0.1168058563902124,BOTSWANA_CENTRAL_MAHALAPYE_SEFHARE,27.497480197007754,-23.01846757513452,Botswana,FOO_PAP,NMVOC
0228,0,BOTSWANA_CENTRAL_MAHALAPYE_SELEKA,27.541179586978274,-22.862211127370156,Botswana,FOO_PAP,NMVOC
0229,0,BOTSWANA_CENTRAL_MAHALAPYE_SHAKWE,27.285868545141952,-23.098563338666022,Botswana,FOO_PAP,NMVOC
0230,0.4138564195627065,BOTSWANA_CENTRAL_MAHALAPYE_SHOSHONG,26.387666419486898,-23.28181618855284,Botswana,FOO_PAP,NMVOC
0231,0,BOTSWANA_CENTRAL_MAHALAPYE_TAUPYE,27.086389543341017,-23.181122303718336,Botswana,FOO_PAP,NMVOC
0232,0.003973455743053086,BOTSWANA_CENTRAL_MAHALAPYE_TEWANE,26.8808106284804,-22.855065985054686,Botswana,FOO_PAP,NMVOC
0233,0.020161798427250258,BOTSWANA_CENTRAL_MAHALAPYE_TULI,27.376483753636418,-23.358300442845334,Botswana,FOO_PAP,NMVOC
0234,0,BOTSWANA_CENTRAL_MAHALAPYE_TUMASERA,27.625135322324592,-22.873322197159712,Botswana,FOO_PAP,NMVOC
0235,0,BOTSWANA_CENTRAL_SEROWE PALAPYE_DILORO,27.615763781482226,-22.42069872982587,Botswana,FOO_PAP,NMVOC
0236,0,BOTSWANA_CENTRAL_SEROWE PALAPYE_DIMAJWE,26.75499325012916,-21.701835892951095,Botswana,FOO_PAP,NMVOC
0237,0,BOTSWANA_CENTRAL_SEROWE PALAPYE_GAMABUO,26.34887363421504,-22.621942368691556,Botswana,FOO_PAP,NMVOC
0238,0,BOTSWANA_CENTRAL_SEROWE PALAPYE_GOJWANE,27.274583799149916,-21.783314177365938,Botswana,FOO_PAP,NMVOC
0239,0,BOTSWANA_CENTRAL_SEROWE PALAPYE_GOO-SEKGWENG,27.378852556607093,-22.684458968010347,Botswana,FOO_PAP,NMVOC
0240,0,BOTSWANA_CENTRAL_SEROWE PALAPYE_GOOTAU,27.424470969841263,-22.695172167140004,Botswana,FOO_PAP,NMVOC
0241,0,BOTSWANA_CENTRAL_SEROWE PALAPYE_KGAGODI,27.50339317555218,-22.29477672423486,Botswana,FOO_PAP,NMVOC
0242,0.014205742997792632,BOTSWANA_CENTRAL_SEROWE PALAPYE_LECHENG,27.185275817151037,-22.673190570584637,Botswana,FOO_PAP,NMVOC
0243,0,BOTSWANA_CENTRAL_SEROWE PALAPYE_LERALA,27.844813325817267,-22.74868745754991,Botswana,FOO_PAP,NMVOC
0244,0,BOTSWANA_CENTRAL_SEROWE PALAPYE_LESENEPOLE/MATOLWANE,27.57647005773152,-22.540521067100062,Botswana,FOO_PAP,NMVOC
0245,0,BOTSWANA_CENTRAL_SEROWE PALAPYE_MABELEAPUDI,26.825166966464483,-22.128040644255414,Botswana,FOO_PAP,NMVOC
0246,0,BOTSWANA_CENTRAL_SEROWE PALAPYE_MAJWANAADIPITSE,27.005264767504467,-21.94020945810498,Botswana,FOO_PAP,NMVOC
0247,0,BOTSWANA_CENTRAL_SEROWE PALAPYE_MAJWANENG,27.649493814512812,-22.75586221108769,Botswana,FOO_PAP,NMVOC
0248,0,BOTSWANA_CENTRAL_SEROWE PALAPYE_MALAKA,27.34590226161426,-22.592437093749382,Botswana,FOO_PAP,NMVOC
0249,0,BOTSWANA_CENTRAL_SEROWE PALAPYE_MALATSWAI,26.22277867959262,-21.857375536824936,Botswana,FOO_PAP,NMVOC
0250,0,BOTSWANA_CENTRAL_SEROWE PALAPYE_MANALEDI,27.5051048457668,-22.739538071182494,Botswana,FOO_PAP,NMVOC
0251,0,BOTSWANA_CENTRAL_SEROWE PALAPYE_MATLHAKOLA,27.317001132592853,-22.71429972506726,Botswana,FOO_PAP,NMVOC
0252,0,BOTSWANA_CENTRAL_SEROWE PALAPYE_MAUNATLALA,27.815623496542926,-22.549960915979852,Botswana,FOO_PAP,NMVOC
0253,0,BOTSWANA_CENTRAL_SEROWE PALAPYE_MMASHORO,26.545528327992464,-21.913528088466634,Botswana,FOO_PAP,NMVOC
0254,0,BOTSWANA_CENTRAL_SEROWE PALAPYE_MOENG,27.61182691600207,-22.684247954870994,Botswana,FOO_PAP,NMVOC
0255,0,BOTSWANA_CENTRAL_SEROWE PALAPYE_MOGAPI,27.90355332352727,-22.400536057043198,Botswana,FOO_PAP,NMVOC
0256,0,BOTSWANA_CENTRAL_SEROWE PALAPYE_MOGAPINYANA,27.656777003289175,-22.30921854076872,Botswana,FOO_PAP,NMVOC
0257,0,BOTSWANA_CENTRAL_SEROWE PALAPYE_MOGOME,26.8788884869847,-22.780246290758782,Botswana,FOO_PAP,NMVOC
0258,0.06194236486383681,BOTSWANA_CENTRAL_SEROWE PALAPYE_MOGOROSI,26.50681705808967,-22.435754433322103,Botswana,FOO_PAP,NMVOC
0259,0,BOTSWANA_CENTRAL_SEROWE PALAPYE_MOIYABANA,25.735420719204132,-22.568416950895624,Botswana,FOO_PAP,NMVOC
0260,0,BOTSWANA_CENTRAL_SEROWE PALAPYE_MOKGWARE,26.78655204288414,-22.77384105120242,Botswana,FOO_PAP,NMVOC
0261,0.006328846588250483,BOTSWANA_CENTRAL_SEROWE PALAPYE_MOKHUNGWANA,27.306318999794403,-22.66250272126858,Botswana,FOO_PAP,NMVOC
0262,0,BOTSWANA_CENTRAL_SEROWE PALAPYE_MOKOKWANA,27.68970066181251,-22.615814171525756,Botswana,FOO_PAP,NMVOC
0263,0,BOTSWANA_CENTRAL_SEROWE PALAPYE_MOREMI,27.48231653767836,-22.53631545317506,Botswana,FOO_PAP,NMVOC
0264,0,BOTSWANA_CENTRAL_SEROWE PALAPYE_MOREOMABELE,27.19509262463396,-21.997866632985815,Botswana,FOO_PAP,NMVOC
0265,0,BOTSWANA_CENTRAL_SEROWE PALAPYE_MOSWEU,27.643842814290796,-22.648861924159835,Botswana,FOO_PAP,NMVOC
0266,0,BOTSWANA_CENTRAL_SEROWE PALAPYE_MOTSHEGALETAU,26.39728909838941,-22.561009612981003,Botswana,FOO_PAP,NMVOC
0267,0,BOTSWANA_CENTRAL_SEROWE PALAPYE_PAJE,26.816328935481604,-22.26070768401234,Botswana,FOO_PAP,NMVOC
0268,4.459987676459582,BOTSWANA_CENTRAL_SEROWE PALAPYE_PALAPYE,27.16786344665423,-22.55497413257865,Botswana,FOO_PAP,NMVOC
0269,0,BOTSWANA_CENTRAL_SEROWE PALAPYE_RADISELE,26.988408471288807,-22.81090444695215,Botswana,FOO_PAP,NMVOC
0270,0,BOTSWANA_CENTRAL_SEROWE PALAPYE_RATHOLO,27.53938699821314,-22.68681419937455,Botswana,FOO_PAP,NMVOC
0271,0,BOTSWANA_CENTRAL_SEROWE PALAPYE_SEHUNOU,26.385003835935297,-22.59514869100243,Botswana,FOO_PAP,NMVOC
0272,0,BOTSWANA_CENTRAL_SEROWE PALAPYE_SEOLWANE,27.762620325390287,-22.666448768729584,Botswana,FOO_PAP,NMVOC
0273,3.421122042568895,BOTSWANA_CENTRAL_SEROWE PALAPYE_SEROWE,26.50285991859318,-21.991307902066985,Botswana,FOO_PAP,NMVOC
0274,0.01320193228100197,BOTSWANA_CENTRAL_SEROWE PALAPYE_SERULE,27.237798390462725,-21.890009585678992,Botswana,FOO_PAP,NMVOC
0275,0,BOTSWANA_CENTRAL_SEROWE PALAPYE_TAMASANE,27.396841887713986,-22.3814578521284,Botswana,FOO_PAP,NMVOC
0276,0,BOTSWANA_CENTRAL_SEROWE PALAPYE_THABALA,26.421061666211095,-22.511119340536165,Botswana,FOO_PAP,NMVOC
0277,0,BOTSWANA_CENTRAL_SEROWE PALAPYE_TOPISI,27.22337506343467,-22.227424247307294,Botswana,FOO_PAP,NMVOC
0278,0,BOTSWANA_CENTRAL_SEROWE PALAPYE_TSHIMOYAPULA,27.019142014452218,-22.119432295799754,Botswana,FOO_PAP,NMVOC
0279,0,BOTSWANA_CENTRAL_SEROWE PALAPYE_TULI,28.061256491221307,-22.727203098241798,Botswana,FOO_PAP,NMVOC
0280,0.06539731320284056,BOTSWANA_CENTRAL_TUTUME_BOROLONG,27.32637665560921,-21.091395459266185,Botswana,FOO_PAP,NMVOC
0281,0.03164169375940649,BOTSWANA_CENTRAL_TUTUME_BOROTSI,27.251654267811457,-21.026993493948527,Botswana,FOO_PAP,NMVOC
0282,0.09481575793349033,BOTSWANA_CENTRAL_TUTUME_CHADIBE,27.342256409557447,-21.066229746391034,Botswana,FOO_PAP,NMVOC
0283,1.9101737120261265e-4,BOTSWANA_CENTRAL_TUTUME_CHANGATE,27.246529169011538,-20.323681695475976,Botswana,FOO_PAP,NMVOC
0284,0.012606655477020418,BOTSWANA_CENTRAL_TUTUME_DAGWI,27.24543111493109,-20.205531255072483,Botswana,FOO_PAP,NMVOC
0285,0.7120479373625048,BOTSWANA_CENTRAL_TUTUME_DUKWI,26.284620970093016,-20.67546283807841,Botswana,FOO_PAP,NMVOC
0286,0,BOTSWANA_CENTRAL_TUTUME_GOSHWE,27.21557874997618,-20.535609785786193,Botswana,FOO_PAP,NMVOC
0287,0.8923935453287448,BOTSWANA_CENTRAL_TUTUME_GWETA,25.591976234675478,-19.905319536886395,Botswana,FOO_PAP,NMVOC
0288,0,BOTSWANA_CENTRAL_TUTUME_JAMATAKA,27.15547496011975,-21.068951470145485,Botswana,FOO_PAP,NMVOC
0289,0,BOTSWANA_CENTRAL_TUTUME_KUTAMOGREE,26.880512190693914,-20.75110495387822,Botswana,FOO_PAP,NMVOC
0290,0,BOTSWANA_CENTRAL_TUTUME_LEPASHE,26.66685337113433,-20.812417757916798,Botswana,FOO_PAP,NMVOC
0291,0,BOTSWANA_CENTRAL_TUTUME_MABESEKWA,26.832739428334428,-21.176734877732674,Botswana,FOO_PAP,NMVOC
0292,5.084714758083136e-4,BOTSWANA_CENTRAL_TUTUME_MAFONGO/HOBONA,27.235943246400137,-20.94573521021701,Botswana,FOO_PAP,NMVOC
0293,0.04079649022113529,BOTSWANA_CENTRAL_TUTUME_MAITENGWE,27.011808968202775,-20.116667928999114,Botswana,FOO_PAP,NMVOC
0294,0,BOTSWANA_CENTRAL_TUTUME_MAKOBO,27.107677079222814,-21.02576555193948,Botswana,FOO_PAP,NMVOC
0295,0.045347518743046183,BOTSWANA_CENTRAL_TUTUME_MAKUTA,26.936411463806042,-20.611020613663403,Botswana,FOO_PAP,NMVOC
0296,0.016917457345879447,BOTSWANA_CENTRAL_TUTUME_MANDUNYANE,27.164838306199922,-21.29997484522961,Botswana,FOO_PAP,NMVOC
0297,0.06300831633368785,BOTSWANA_CENTRAL_TUTUME_MAPOSA,26.227831043889193,-20.105672557073913,Botswana,FOO_PAP,NMVOC
0298,0,BOTSWANA_CENTRAL_TUTUME_MARAPONG,27.060904032209528,-20.875646900092942,Botswana,FOO_PAP,NMVOC
0299,0.0028650872375123003,BOTSWANA_CENTRAL_TUTUME_MAROBELA,27.22684904528886,-20.86226718353111,Botswana,FOO_PAP,NMVOC
0300,0.1881151937193911,BOTSWANA_CENTRAL_TUTUME_MATHANGWANE,27.301597561179328,-20.96526881266621,Botswana,FOO_PAP,NMVOC
0301,0.08854299625289092,BOTSWANA_CENTRAL_TUTUME_MATOBO,27.07410815569497,-20.55396589314004,Botswana,FOO_PAP,NMVOC
0302,0,BOTSWANA_CENTRAL_TUTUME_MATSITAMA,26.795600326944548,-20.91574597947195,Botswana,FOO_PAP,NMVOC
0303,0,BOTSWANA_CENTRAL_TUTUME_MMANXOTAE,26.39231628230285,-20.11189737769122,Botswana,FOO_PAP,NMVOC
0304,0.011729504290503229,BOTSWANA_CENTRAL_TUTUME_MMEYA,26.45632418802842,-20.83403038639063,Botswana,FOO_PAP,NMVOC
0305,0,BOTSWANA_CENTRAL_TUTUME_MOKUBILO,26.522301620359478,-21.211068795354347,Botswana,FOO_PAP,NMVOC
0306,0.08157316957799829,BOTSWANA_CENTRAL_TUTUME_MOSETSE,26.717225408615494,-20.61414488681695,Botswana,FOO_PAP,NMVOC
0307,2.1390841403891425,BOTSWANA_CENTRAL_TUTUME_NATA,26.421106250465357,-20.364015464327988,Botswana,FOO_PAP,NMVOC
0308,0.010576991015969813,BOTSWANA_CENTRAL_TUTUME_NATALE,27.13819661363051,-21.12190933916731,Botswana,FOO_PAP,NMVOC
0309,0,BOTSWANA_CENTRAL_TUTUME_NKANGE,27.150899768186317,-20.292280125711056,Botswana,FOO_PAP,NMVOC
0310,2.3360669365268428e-4,BOTSWANA_CENTRAL_TUTUME_NSHAKASHOKWE,27.19448164625436,-20.800715019251136,Botswana,FOO_PAP,NMVOC
0311,0.005058039502099946,BOTSWANA_CENTRAL_TUTUME_NSWAZWI,27.11079707796551,-20.717051379328918,Botswana,FOO_PAP,NMVOC
0312,0.0024267544867144085,BOTSWANA_CENTRAL_TUTUME_SEBINA,27.212125328697905,-20.8229088309246,Botswana,FOO_PAP,NMVOC
0313,0.002449336477041714,BOTSWANA_CENTRAL_TUTUME_SEMITWE,27.057568754807466,-20.9304846145358,Botswana,FOO_PAP,NMVOC
0314,0.03421755667932092,BOTSWANA_CENTRAL_TUTUME_SENETE,27.061521930586494,-20.338940466599496,Botswana,FOO_PAP,NMVOC
0315,1.3422937996144475e-4,BOTSWANA_CENTRAL_TUTUME_SEPAKO,26.42176865500974,-19.91292710159379,Botswana,FOO_PAP,NMVOC
0316,0.11237939626601037,BOTSWANA_CENTRAL_TUTUME_SHASHE-MOOKE,27.294622390104607,-21.200689259821715,Botswana,FOO_PAP,NMVOC
0317,0.054209691756241365,BOTSWANA_CENTRAL_TUTUME_SHASHE/SEMOTSWANE,27.353975033981698,-21.4004850680266,Botswana,FOO_PAP,NMVOC
0318,0,BOTSWANA_CENTRAL_TUTUME_TONOTA,27.390007578405545,-21.56581687363627,Botswana,FOO_PAP,NMVOC
0319,0.0011182304072895348,BOTSWANA_CENTRAL_TUTUME_TSHOKATSHAA,25.411457316681155,-20.073274987651395,Botswana,FOO_PAP,NMVOC
0320,0.3458963069490894,BOTSWANA_CENTRAL_TUTUME_TUTUME,26.93343318392142,-20.358110222677443,Botswana,FOO_PAP,NMVOC
0321,0.5367150959595307,BOTSWANA_CENTRAL_TUTUME_ZOROGA,25.931132083826565,-20.225947339100205,Botswana,FOO_PAP,NMVOC
0322,0.05724741870365275,BOTSWANA_CHOBE_CHOBE_KACHIKAU,24.593403269312077,-18.19955337118612,Botswana,FOO_PAP,NMVOC
0323,0.08976687552617042,BOTSWANA_CHOBE_CHOBE_KASANE,25.053605518831368,-17.95621200218165,Botswana,FOO_PAP,NMVOC
0324,0.017166067116307325,BOTSWANA_CHOBE_CHOBE_KATABA,24.208556915615702,-18.516556039211913,Botswana,FOO_PAP,NMVOC
0325,0.03612885223019262,BOTSWANA_CHOBE_CHOBE_KAVIMBA,24.673787397731,-18.131513519062572,Botswana,FOO_PAP,NMVOC
0326,0.04532887942021529,BOTSWANA_CHOBE_CHOBE_KAZUNGULA,25.239551399880288,-17.81715309318576,Botswana,FOO_PAP,NMVOC
0327,0.010526445617359418,BOTSWANA_CHOBE_CHOBE_LESOMA,25.22616409411994,-17.924922498851625,Botswana,FOO_PAP,NMVOC
0328,0.062055678188654186,BOTSWANA_CHOBE_CHOBE_MUCHINJE/MABELE,24.80594102179805,-18.000000788213598,Botswana,FOO_PAP,NMVOC
0329,0,BOTSWANA_CHOBE_CHOBE_NUMBER SEVEN,25.091530617419757,-18.628521496100262,Botswana,FOO_PAP,NMVOC
0330,0,BOTSWANA_CHOBE_CHOBE_PANDAMATENGA,25.62991931175742,-18.55507084642917,Botswana,FOO_PAP,NMVOC
0331,0.09593743788136362,BOTSWANA_CHOBE_CHOBE_PARAKARUNGU,24.3003425097673,-18.078920152986736,Botswana,FOO_PAP,NMVOC
0332,0.01735521414683607,BOTSWANA_CHOBE_CHOBE_SATAU,24.4229631549193,-18.021010667013208,Botswana,FOO_PAP,NMVOC
0333,5.348542194086638,BOTSWANA_GABORONE_GABORONE_GABORONE,25.88095190745218,-24.686452843134287,Botswana,FOO_PAP,NMVOC
0334,0,BOTSWANA_GHANZI_CENTRAL KGALAGADI GAME RESERVE_CENTRAL KGALAGADI GAME RESERVE,23.84354631529824,-22.32227292696922,Botswana,FOO_PAP,NMVOC
0335,0,BOTSWANA_GHANZI_GHANZI_B. VISSER,22.55838233704724,-21.32992655115972,Botswana,FOO_PAP,NMVOC
0336,0,BOTSWANA_GHANZI_GHANZI_BERE,21.79557213181817,-22.740271290335002,Botswana,FOO_PAP,NMVOC
0337,0.16336425681814404,BOTSWANA_GHANZI_GHANZI_CHARLES HILL,20.07849051397565,-22.30448292484571,Botswana,FOO_PAP,NMVOC
0338,0,BOTSWANA_GHANZI_GHANZI_CHARLES SHELDON,22.10987199508711,-21.572165997131027,Botswana,FOO_PAP,NMVOC
0339,0,BOTSWANA_GHANZI_GHANZI_CHOBOKWANE,21.24948179474576,-22.480947513304624,Botswana,FOO_PAP,NMVOC
0340,0.02795333605691169,BOTSWANA_GHANZI_GHANZI_DECT ETIN,21.87694726048196,-21.572322965589386,Botswana,FOO_PAP,NMVOC
0341,0,BOTSWANA_GHANZI_GHANZI_DEKAR,22.065436232878568,-21.366520787607246,Botswana,FOO_PAP,NMVOC
0342,0.07142882939216863,BOTSWANA_GHANZI_GHANZI_EAST HANAHAI,22.296004965831617,-22.138606212752848,Botswana,FOO_PAP,NMVOC
0343,0.8128434079437169,BOTSWANA_GHANZI_GHANZI_GHANZI,21.636172818729325,-21.69600936266415,Botswana,FOO_PAP,NMVOC
0344,0.4593120670063527,BOTSWANA_GHANZI_GHANZI_GROOTE LAAGTE,21.349883074115542,-21.38859908504291,Botswana,FOO_PAP,NMVOC
0345,0.26784048857766973,BOTSWANA_GHANZI_GHANZI_HANS METZLER,20.164337868142784,-22.12061746486461,Botswana,FOO_PAP,NMVOC
0346,0,BOTSWANA_GHANZI_GHANZI_J. RANSALL,20.422333298998613,-22.140780374743333,Botswana,FOO_PAP,NMVOC
0347,0,BOTSWANA_GHANZI_GHANZI_JANKI JANKI,21.346606317490824,-23.123137224643713,Botswana,FOO_PAP,NMVOC
0348,0,BOTSWANA_GHANZI_GHANZI_JERUNG,22.462289483631174,-21.771073127188487,Botswana,FOO_PAP,NMVOC
0349,0.0332120651219056,BOTSWANA_GHANZI_GHANZI_JOHN FARM,22.325500764273656,-21.113654988029502,Botswana,FOO_PAP,NMVOC
0350,0.039696257323101204,BOTSWANA_GHANZI_GHANZI_KACGAE,22.25670639051408,-22.78108355380457,Botswana,FOO_PAP,NMVOC
0351,0.029600384254365134,BOTSWANA_GHANZI_GHANZI_KARAKOBIS,20.69787418591688,-22.076318449477853,Botswana,FOO_PAP,NMVOC
0352,0,BOTSWANA_GHANZI_GHANZI_KULE,20.25485884411168,-22.82990220520822,Botswana,FOO_PAP,NMVOC
0353,0,BOTSWANA_GHANZI_GHANZI_MAGONO MAGONO,20.74295662591417,-23.122989899939387,Botswana,FOO_PAP,NMVOC
0354,0,BOTSWANA_GHANZI_GHANZI_MAKUNDA,20.356137474087205,-22.403140017753746,Botswana,FOO_PAP,NMVOC
0355,0.10961993623729793,BOTSWANA_GHANZI_GHANZI_MASIRE'S FARM,21.364735361374258,-21.90738889293877,Botswana,FOO_PAP,NMVOC
0356,0,BOTSWANA_GHANZI_GHANZI_NCOJANE,20.259249043024266,-23.18993344999315,Botswana,FOO_PAP,NMVOC
0357,0.03509265091392135,BOTSWANA_GHANZI_GHANZI_NEW XADE,22.47638609723249,-22.059709596306462,Botswana,FOO_PAP,NMVOC
0358,0.042494270026594484,BOTSWANA_GHANZI_GHANZI_NEW XANAGAS,20.800274167066778,-22.572525810989912,Botswana,FOO_PAP,NMVOC
0359,0,BOTSWANA_GHANZI_GHANZI_QABO,21.72658991626723,-21.05161346564646,Botswana,FOO_PAP,NMVOC
0360,0.015676473808874367,BOTSWANA_GHANZI_GHANZI_TSOOTSHA,20.91109497610415,-22.075747207834585,Botswana,FOO_PAP,NMVOC
0361,0,BOTSWANA_GHANZI_GHANZI_WEST HANAHAI,21.65082272869238,-22.135855131778566,Botswana,FOO_PAP,NMVOC
0362,0.04573275933755985,BOTSWANA_JWANENG_JWANENG_JWANENG,24.757853176422884,-24.58932918017088,Botswana,FOO_PAP,NMVOC
0363,0.08376736891414144,BOTSWANA_KGALAGADI_KGALAGADI NORTH_HUKUNTSI,21.663906534181816,-23.998763591814352,Botswana,FOO_PAP,NMVOC
0364,0,BOTSWANA_KGALAGADI_KGALAGADI NORTH_HUNHUKWE,21.77076341928267,-23.455768999361656,Botswana,FOO_PAP,NMVOC
0365,0.015831496061070094,BOTSWANA_KGALAGADI_KGALAGADI NORTH_INALEGOLO,22.658513508974664,-24.45585560542118,Botswana,FOO_PAP,NMVOC
0366,0.7564949661788827,BOTSWANA_KGALAGADI_KGALAGADI NORTH_KANG,22.631383747199003,-23.529403386876705,Botswana,FOO_PAP,NMVOC
0367,0.004301084823466719,BOTSWANA_KGALAGADI_KGALAGADI NORTH_LEHUTUTU,22.00790879280739,-23.84360826239536,Botswana,FOO_PAP,NMVOC
0368,0.0342931599238774,BOTSWANA_KGALAGADI_KGALAGADI NORTH_LOKGWABE,21.7851453687414,-24.07867771129318,Botswana,FOO_PAP,NMVOC
0369,0,BOTSWANA_KGALAGADI_KGALAGADI NORTH_MAKE,21.994205625425362,-23.680770428270183,Botswana,FOO_PAP,NMVOC
0370,0.005186260329081043,BOTSWANA_KGALAGADI_KGALAGADI NORTH_MONONG,21.544688834846603,-23.73920927317219,Botswana,FOO_PAP,NMVOC
0371,0,BOTSWANA_KGALAGADI_KGALAGADI NORTH_NCAANG,21.1223824590204,-23.44041697965504,Botswana,FOO_PAP,NMVOC
0372,0,BOTSWANA_KGALAGADI_KGALAGADI NORTH_NGWATLE,21.117355141120534,-23.647886311201248,Botswana,FOO_PAP,NMVOC
0373,0.013547123983022826,BOTSWANA_KGALAGADI_KGALAGADI NORTH_PHUDUHUDU,22.580063911251433,-23.93036127904691,Botswana,FOO_PAP,NMVOC
0374,0.0163100685772169,BOTSWANA_KGALAGADI_KGALAGADI NORTH_TSHANE,22.009218648598967,-23.97480857848694,Botswana,FOO_PAP,NMVOC
0375,0,BOTSWANA_KGALAGADI_KGALAGADI NORTH_UKWI,20.54965855676176,-23.64224465777984,Botswana,FOO_PAP,NMVOC
0376,0.023600062563157238,BOTSWANA_KGALAGADI_KGALAGADI NORTH_ZUTSWA,21.06879673283048,-24.378159867529472,Botswana,FOO_PAP,NMVOC
0377,0,BOTSWANA_KGALAGADI_KGALAGADI SOUTH_BOGOGOBO,21.939941061820672,-26.643776855439175,Botswana,FOO_PAP,NMVOC
0378,0,BOTSWANA_KGALAGADI_KGALAGADI SOUTH_BOKSPITS,21.314513491670507,-25.52305062333103,Botswana,FOO_PAP,NMVOC
0379,0.11200424489042132,BOTSWANA_KGALAGADI_KGALAGADI SOUTH_BRAY,23.752155151918004,-25.314612046817558,Botswana,FOO_PAP,NMVOC
0380,0,BOTSWANA_KGALAGADI_KGALAGADI SOUTH_GACHIBANA,21.318615947145076,-26.76135876855932,Botswana,FOO_PAP,NMVOC
0381,0,BOTSWANA_KGALAGADI_KGALAGADI SOUTH_KHISA,22.627311790636153,-25.661301014142644,Botswana,FOO_PAP,NMVOC
0382,0,BOTSWANA_KGALAGADI_KGALAGADI SOUTH_KHUIS,21.778745594602643,-26.61621321259511,Botswana,FOO_PAP,NMVOC
0383,0,BOTSWANA_KGALAGADI_KGALAGADI SOUTH_KHWAWA,21.536389504618732,-26.33146231350371,Botswana,FOO_PAP,NMVOC
0384,0,BOTSWANA_KGALAGADI_KGALAGADI SOUTH_KOKOTSHA,23.282665786747692,-24.952596354252385,Botswana,FOO_PAP,NMVOC
0385,0,BOTSWANA_KGALAGADI_KGALAGADI SOUTH_KOLONKWANE,21.998886440804885,-26.46695305601831,Botswana,FOO_PAP,NMVOC
0386,0,BOTSWANA_KGALAGADI_KGALAGADI SOUTH_MAKOPONG,23.00557554126552,-25.279785016029198,Botswana,FOO_PAP,NMVOC
0387,0,BOTSWANA_KGALAGADI_KGALAGADI SOUTH_MALESHE,22.578885408820124,-25.861705230970156,Botswana,FOO_PAP,NMVOC
0388,0,BOTSWANA_KGALAGADI_KGALAGADI SOUTH_MARALALENG,22.68707487230088,-25.784682276497044,Botswana,FOO_PAP,NMVOC
0389,4.567642211452876e-4,BOTSWANA_KGALAGADI_KGALAGADI SOUTH_MAUBELO,22.38337590834033,-25.32060395255863,Botswana,FOO_PAP,NMVOC
0390,0,BOTSWANA_KGALAGADI_KGALAGADI SOUTH_MIDDLEPITS,21.88965522829646,-26.64510622003729,Botswana,FOO_PAP,NMVOC
0391,0.048433398417401526,BOTSWANA_KGALAGADI_KGALAGADI SOUTH_MOLOPO FARMS,23.901539179894392,-25.218667431791786,Botswana,FOO_PAP,NMVOC
0392,0,BOTSWANA_KGALAGADI_KGALAGADI SOUTH_OMAWENENO,22.58460683893281,-25.787109823452095,Botswana,FOO_PAP,NMVOC
0393,0,BOTSWANA_KGALAGADI_KGALAGADI SOUTH_PHEPHENG/DRAAIHOEK,22.78105010135853,-25.353110330504997,Botswana,FOO_PAP,NMVOC
0394,0,BOTSWANA_KGALAGADI_KGALAGADI SOUTH_RAPPLES PAN,21.008575646663,-26.638159980643096,Botswana,FOO_PAP,NMVOC
0395,0,BOTSWANA_KGALAGADI_KGALAGADI SOUTH_STRUIZENDAM,20.634736317115014,-26.674011578479416,Botswana,FOO_PAP,NMVOC
0396,0.8580748195371638,BOTSWANA_KGALAGADI_KGALAGADI SOUTH_TSABONG,22.533675678870342,-26.03261068358875,Botswana,FOO_PAP,NMVOC
0397,0,BOTSWANA_KGALAGADI_KGALAGADI SOUTH_VAALHOEK,20.899174768893236,-26.63085165782585,Botswana,FOO_PAP,NMVOC
0398,0.8764811649058408,BOTSWANA_KGALAGADI_KGALAGADI SOUTH_WERDA,23.074307700309763,-25.079935228446647,Botswana,FOO_PAP,NMVOC
0399,0,BOTSWANA_KGATLENG_KGATLENG_ARTISIA,26.329598045283216,-24.01646307301413,Botswana,FOO_PAP,NMVOC
0400,0.5277708309468427,BOTSWANA_KGATLENG_KGATLENG_BOKAA,25.97195065976654,-24.450230086407068,Botswana,FOO_PAP,NMVOC
0401,0,BOTSWANA_KGATLENG_KGATLENG_DIKGONNYE,26.029703255813914,-24.096171191247226,Botswana,FOO_PAP,NMVOC
0402,0,BOTSWANA_KGATLENG_KGATLENG_DIKWIDIDI,26.17999949757091,-24.55666835671585,Botswana,FOO_PAP,NMVOC
0403,0.030254984475397134,BOTSWANA_KGATLENG_KGATLENG_KGOMODIATSHABA,26.269863148495805,-23.959055603855354,Botswana,FOO_PAP,NMVOC
0404,0,BOTSWANA_KGATLENG_KGATLENG_KHURUTSHE,26.132859344771337,-23.690545327799267,Botswana,FOO_PAP,NMVOC
0405,0,BOTSWANA_KGATLENG_KGATLENG_LESHIBITSE,26.406165055796965,-23.83651089330935,Botswana,FOO_PAP,NMVOC
0406,0,BOTSWANA_KGATLENG_KGATLENG_MABALANE,26.28893676301754,-24.621655976454754,Botswana,FOO_PAP,NMVOC
0407,0,BOTSWANA_KGATLENG_KGATLENG_MALOLWANE,26.430380010494872,-24.457842437404707,Botswana,FOO_PAP,NMVOC
0408,0.31952927835911843,BOTSWANA_KGATLENG_KGATLENG_MALOTWANA SIDING,26.151012846299633,-24.29179457997145,Botswana,FOO_PAP,NMVOC
0409,0.09343204026637116,BOTSWANA_KGATLENG_KGATLENG_MATEBELENG,26.04953135972325,-24.525143676862136,Botswana,FOO_PAP,NMVOC
0410,0.0043126798967751566,BOTSWANA_KGATLENG_KGATLENG_MMATHUBUDUKWANE,26.402194016452356,-24.58953432239364,Botswana,FOO_PAP,NMVOC
0411,1.576370982199404,BOTSWANA_KGATLENG_KGATLENG_MOCHUDI,26.47677571716603,-24.23454264974918,Botswana,FOO_PAP,NMVOC
0412,0,BOTSWANA_KGATLENG_KGATLENG_MODIPANE,26.172106866832117,-24.61311568769224,Botswana,FOO_PAP,NMVOC
0413,0.5774270843028096,BOTSWANA_KGATLENG_KGATLENG_MORWA,26.089564160859158,-24.467876815246445,Botswana,FOO_PAP,NMVOC
0414,0,BOTSWANA_KGATLENG_KGATLENG_OLIPHANTS DRIFT,26.833613302849894,-24.18652011472838,Botswana,FOO_PAP,NMVOC
0415,0.06944385694405697,BOTSWANA_KGATLENG_KGATLENG_OODI,26.09229785618965,-24.566777150464368,Botswana,FOO_PAP,NMVOC
0416,0.20607210058949713,BOTSWANA_KGATLENG_KGATLENG_PILANE STATION,26.10483646643129,-24.415535218505003,Botswana,FOO_PAP,NMVOC
0417,1.125258423259186e-4,BOTSWANA_KGATLENG_KGATLENG_RAMONAKA,26.446902425513134,-24.542320856771433,Botswana,FOO_PAP,NMVOC
0418,0.010049664510217991,BOTSWANA_KGATLENG_KGATLENG_RAMOTLABAKI,26.871752159032944,-23.894065124338375,Botswana,FOO_PAP,NMVOC
0419,0.7150515874345746,BOTSWANA_KGATLENG_KGATLENG_RASESA,26.029082284030856,-24.334812008927873,Botswana,FOO_PAP,NMVOC
0420,0.0020095949585178523,BOTSWANA_KGATLENG_KGATLENG_SIKWANE,26.40976832130963,-24.631382480577347,Botswana,FOO_PAP,NMVOC
0421,0.1858619775131261,BOTSWANA_KWENENG_KWENENG EAST_BDF MOGODITSHANE,25.866597567365684,-24.60177989688917,Botswana,FOO_PAP,NMVOC
0422,0,BOTSWANA_KWENENG_KWENENG EAST_BOATLANAME,25.90698626304365,-23.603697827888347,Botswana,FOO_PAP,NMVOC
0423,0.03808132223047038,BOTSWANA_KWENENG_KWENENG EAST_DIKGATLHONG,25.890773108192004,-24.22990108004598,Botswana,FOO_PAP,NMVOC
0424,0.13686250604443,BOTSWANA_KWENENG_KWENENG EAST_DITSHUKUDU,25.79018424903999,-24.31657903586985,Botswana,FOO_PAP,NMVOC
0425,1.1215528009618905,BOTSWANA_KWENENG_KWENENG EAST_GABANE,25.724856086362443,-24.625622432889752,Botswana,FOO_PAP,NMVOC
0426,0,BOTSWANA_KWENENG_KWENENG EAST_GAKGATLA,25.558388738489484,-24.555893651556392,Botswana,FOO_PAP,NMVOC
0427,0.6432943746598289,BOTSWANA_KWENENG_KWENENG EAST_GAKUTLO,25.795893008492364,-24.485500847618265,Botswana,FOO_PAP,NMVOC
0428,0,BOTSWANA_KWENENG_KWENENG EAST_GAMODUBU,25.71707045103724,-24.50745373492028,Botswana,FOO_PAP,NMVOC
0429,0.02010504489716262,BOTSWANA_KWENENG_KWENENG EAST_HATSALATLADI,25.655128743903163,-24.053036283307804,Botswana,FOO_PAP,NMVOC
0430,0.06748486736059423,BOTSWANA_KWENENG_KWENENG EAST_KGOPE,25.90730765578967,-24.309697924278826,Botswana,FOO_PAP,NMVOC
0431,0.42940819955911974,BOTSWANA_KWENENG_KWENENG EAST_KOPONG,25.870465764300775,-24.444158127481042,Botswana,FOO_PAP,NMVOC
0432,0,BOTSWANA_KWENENG_KWENENG EAST_KUBUNG,25.360366076259005,-24.614971635386656,Botswana,FOO_PAP,NMVOC
0433,0.10940569256334805,BOTSWANA_KWENENG_KWENENG EAST_KUMAKWANE,25.672697196778568,-24.673575670712168,Botswana,FOO_PAP,NMVOC
0434,0.006869872561866639,BOTSWANA_KWENENG_KWENENG EAST_KWENENG,25.828354177294415,-23.852566021088684,Botswana,FOO_PAP,NMVOC
0435,0.337826612642958,BOTSWANA_KWENENG_KWENENG EAST_LENTSWELETAU,25.870136138465416,-24.167826671475748,Botswana,FOO_PAP,NMVOC
0436,0.08599315051055467,BOTSWANA_KWENENG_KWENENG EAST_LEOLOGANE,25.64433800339369,-23.434433772014575,Botswana,FOO_PAP,NMVOC
0437,0.036103340595959085,BOTSWANA_KWENENG_KWENENG EAST_LEPHEPHE,25.894174284633333,-23.40765559827626,Botswana,FOO_PAP,NMVOC
0438,0,BOTSWANA_KWENENG_KWENENG EAST_LOSILAKGOKONG,25.34988894663335,-24.571135771940597,Botswana,FOO_PAP,NMVOC
0439,0.8720034041589249,BOTSWANA_KWENENG_KWENENG EAST_MAHETLWE,25.665185137212088,-24.23905297400607,Botswana,FOO_PAP,NMVOC
0440,0,BOTSWANA_KWENENG_KWENENG EAST_MEDIE,25.874565240962703,-24.031116366980243,Botswana,FOO_PAP,NMVOC
0441,1.5536637033605127,BOTSWANA_KWENENG_KWENENG EAST_METSIMOTLHABE,25.814813747961594,-24.57843758628985,Botswana,FOO_PAP,NMVOC
0442,0.10647979624317348,BOTSWANA_KWENENG_KWENENG EAST_MMANKGODI,25.623117562536567,-24.72944762315122,Botswana,FOO_PAP,NMVOC
0443,0.07554101446694952,BOTSWANA_KWENENG_KWENENG EAST_MMANOKO,25.64934009640395,-24.42250311648915,Botswana,FOO_PAP,NMVOC
0444,0.25685441665935765,BOTSWANA_KWENENG_KWENENG EAST_MMATSETA,25.85895904561137,-24.512431056468085,Botswana,FOO_PAP,NMVOC
0445,3.4775886795420736,BOTSWANA_KWENENG_KWENENG EAST_MMOPANE,25.831916673401516,-24.543107056933852,Botswana,FOO_PAP,NMVOC
0446,1.8375888499127289,BOTSWANA_KWENENG_KWENENG EAST_MOGODITSHANE,25.85842184630358,-24.60738400491993,Botswana,FOO_PAP,NMVOC
0447,0.05915551890917286,BOTSWANA_KWENENG_KWENENG EAST_MOGONONO,25.577935957073354,-24.234385269062876,Botswana,FOO_PAP,NMVOC
0448,0.129253387674156,BOTSWANA_KWENENG_KWENENG EAST_MOKOLODI,25.81603234528639,-24.697241109077822,Botswana,FOO_PAP,NMVOC
0449,5.4208888042346395,BOTSWANA_KWENENG_KWENENG EAST_MOLEPOLOLE,25.5497055386965,-24.395542548425816,Botswana,FOO_PAP,NMVOC
0450,0.024525047405222163,BOTSWANA_KWENENG_KWENENG EAST_RAMAPHATLE,25.61446897045962,-24.70394371590776,Botswana,FOO_PAP,NMVOC
0451,0.10025255904428655,BOTSWANA_KWENENG_KWENENG EAST_SHADISHADI,25.6542773445706,-23.631687537826256,Botswana,FOO_PAP,NMVOC
0452,0.22815728603611501,BOTSWANA_KWENENG_KWENENG EAST_SOJWE,25.81060306743436,-23.447805731300946,Botswana,FOO_PAP,NMVOC
0453,0.08879059886198751,BOTSWANA_KWENENG_KWENENG EAST_THAMAGA,25.512202536353346,-24.636709032733712,Botswana,FOO_PAP,NMVOC
0454,0.0059194484498197985,BOTSWANA_KWENENG_KWENENG EAST_TLOANENG,25.718436819740113,-24.748830124610986,Botswana,FOO_PAP,NMVOC
0455,0,BOTSWANA_KWENENG_KWENENG WEST_BOTLHAPATLOU,25.49433742402101,-23.950964377275472,Botswana,FOO_PAP,NMVOC
0456,0,BOTSWANA_KWENENG_KWENENG WEST_DIPHUDUHUDU,25.361313831639055,-23.66424037279965,Botswana,FOO_PAP,NMVOC
0457,0,BOTSWANA_KWENENG_KWENENG WEST_DITSHEGWANE,24.967494356636315,-24.325453739104706,Botswana,FOO_PAP,NMVOC
0458,0,BOTSWANA_KWENENG_KWENENG WEST_DUTLWE,24.010209606049106,-24.0766543302552,Botswana,FOO_PAP,NMVOC
0459,0,BOTSWANA_KWENENG_KWENENG WEST_KAUDWANE,24.659436878890112,-23.367661970601763,Botswana,FOO_PAP,NMVOC
0460,0.02080976675804937,BOTSWANA_KWENENG_KWENENG WEST_KHUDUMELAPYE,25.170144578603114,-23.791371348563107,Botswana,FOO_PAP,NMVOC
0461,0.1078857977304657,BOTSWANA_KWENENG_KWENENG WEST_KOTOLANAME,25.344981106952105,-24.426360101349005,Botswana,FOO_PAP,NMVOC
0462,0.07995679511046129,BOTSWANA_KWENENG_KWENENG WEST_LETLHAKENG,25.055504504543418,-24.07736578153483,Botswana,FOO_PAP,NMVOC
0463,0,BOTSWANA_KWENENG_KWENENG WEST_MABOANE,24.62981126929652,-24.01531720256432,Botswana,FOO_PAP,NMVOC
0464,1.942963833082527e-4,BOTSWANA_KWENENG_KWENENG WEST_MALWELWE,25.388569305562967,-24.124123864830562,Botswana,FOO_PAP,NMVOC
0465,0.00454525286125834,BOTSWANA_KWENENG_KWENENG WEST_MANTSHWABISI,25.20948564723073,-24.090430074502226,Botswana,FOO_PAP,NMVOC
0466,0.006668464666284555,BOTSWANA_KWENENG_KWENENG WEST_MARATSHWANE,25.27943300340971,-24.00543002229499,Botswana,FOO_PAP,NMVOC
0467,0,BOTSWANA_KWENENG_KWENENG WEST_METSIBOTLHOKO,24.88334535341407,-24.02100921043726,Botswana,FOO_PAP,NMVOC
0468,0,BOTSWANA_KWENENG_KWENENG WEST_MONWANE,25.208167783087692,-24.31675483950471,Botswana,FOO_PAP,NMVOC
0469,0,BOTSWANA_KWENENG_KWENENG WEST_MOSHAWENG,25.126758323030916,-24.50223959697767,Botswana,FOO_PAP,NMVOC
0470,0,BOTSWANA_KWENENG_KWENENG WEST_MOTOKWE,23.393326314118752,-23.949217767767472,Botswana,FOO_PAP,NMVOC
0471,0.041637854246185026,BOTSWANA_KWENENG_KWENENG WEST_NGWARE,25.472317051558928,-23.407189666362918,Botswana,FOO_PAP,NMVOC
0472,0,BOTSWANA_KWENENG_KWENENG WEST_SALAJWE,24.700069233188845,-23.586968168257275,Botswana,FOO_PAP,NMVOC
0473,0,BOTSWANA_KWENENG_KWENENG WEST_SERINANE,25.19951548113084,-24.18969812658127,Botswana,FOO_PAP,NMVOC
0474,0,BOTSWANA_KWENENG_KWENENG WEST_SESUNG,24.920484389582054,-24.098764991625394,Botswana,FOO_PAP,NMVOC
0475,0,BOTSWANA_KWENENG_KWENENG WEST_SORILATHOLO,25.06367528301778,-23.48111009752001,Botswana,FOO_PAP,NMVOC
0476,0.0040084324367847405,BOTSWANA_KWENENG_KWENENG WEST_TAKATOKWANE,24.333986142124967,-23.897263235861104,Botswana,FOO_PAP,NMVOC
0477,0.03558322728395967,BOTSWANA_KWENENG_KWENENG WEST_THEBEPHATSHWA,25.33911813426609,-24.229770927348877,Botswana,FOO_PAP,NMVOC
0478,0,BOTSWANA_KWENENG_KWENENG WEST_TSETSENG,23.346608409362428,-23.556625874898454,Botswana,FOO_PAP,NMVOC
0479,0,BOTSWANA_KWENENG_KWENENG WEST_TSWAANE,23.844303310573697,-23.677953470418096,Botswana,FOO_PAP,NMVOC
0480,0.9982641630291567,BOTSWANA_LOBATSE_LOBATSE_LOBATSE,25.680222039240462,-25.21156716052995,Botswana,FOO_PAP,NMVOC
0481,0,BOTSWANA_NORTH EAST_NORTH EAST_BOTALAOTE,27.23593919430158,-20.74011790617292,Botswana,FOO_PAP,NMVOC
0482,0.0022673006276704394,BOTSWANA_NORTH EAST_NORTH EAST_BUTALE,27.676071500645865,-20.656116388620305,Botswana,FOO_PAP,NMVOC
0483,0.4704138169855949,BOTSWANA_NORTH EAST_NORTH EAST_DITLADI,27.593853189898606,-21.357392846398774,Botswana,FOO_PAP,NMVOC
0484,0,BOTSWANA_NORTH EAST_NORTH EAST_GAMBULE,27.39900708699297,-20.563127167228444,Botswana,FOO_PAP,NMVOC
0485,0.05228666792762648,BOTSWANA_NORTH EAST_NORTH EAST_GULUBANE,27.31358281638026,-20.901873558761327,Botswana,FOO_PAP,NMVOC
0486,0.0019070269947634004,BOTSWANA_NORTH EAST_NORTH EAST_GUNGWE,27.38271596277986,-20.484327285782342,Botswana,FOO_PAP,NMVOC
0487,0.1282353173412853,BOTSWANA_NORTH EAST_NORTH EAST_HASKINS FARM,27.53856707842432,-20.942088468645853,Botswana,FOO_PAP,NMVOC
0488,0.02500990640688505,BOTSWANA_NORTH EAST_NORTH EAST_JACKALAS 1,27.70190501415433,-20.551898920198756,Botswana,FOO_PAP,NMVOC
0489,0.0011001058023754515,BOTSWANA_NORTH EAST_NORTH EAST_JACKALAS 2,27.684263288454705,-20.943529822684937,Botswana,FOO_PAP,NMVOC
0490,0.9806059399820176,BOTSWANA_NORTH EAST_NORTH EAST_JOHANNES KACHEJOHN,27.416370017173527,-21.032990996945774,Botswana,FOO_PAP,NMVOC
0491,0,BOTSWANA_NORTH EAST_NORTH EAST_KALAKAMATI,27.325085093746505,-20.616599567778596,Botswana,FOO_PAP,NMVOC
0492,0,BOTSWANA_NORTH EAST_NORTH EAST_KGARI,27.62095491247424,-20.59772226024511,Botswana,FOO_PAP,NMVOC
0493,0.14125549698145287,BOTSWANA_NORTH EAST_NORTH EAST_LETSHOLATHEBE,27.42289424926035,-20.718374886141437,Botswana,FOO_PAP,NMVOC
0494,5.239436254946452e-4,BOTSWANA_NORTH EAST_NORTH EAST_MABUDZANE,27.65030964853915,-20.906207513366976,Botswana,FOO_PAP,NMVOC
0495,0.0026796617721163863,BOTSWANA_NORTH EAST_NORTH EAST_MAKALENG,27.285094240822392,-20.79040562603129,Botswana,FOO_PAP,NMVOC
0496,0,BOTSWANA_NORTH EAST_NORTH EAST_MAMBO,27.339806500913884,-20.78191758239405,Botswana,FOO_PAP,NMVOC
0497,0.002121595053678131,BOTSWANA_NORTH EAST_NORTH EAST_MAPOKA,27.583403081931646,-20.534321559571424,Botswana,FOO_PAP,NMVOC
0498,0.0028349491566815963,BOTSWANA_NORTH EAST_NORTH EAST_MASINGWANENG,27.31796380391279,-20.837868143226277,Botswana,FOO_PAP,NMVOC
0499,0,BOTSWANA_NORTH EAST_NORTH EAST_MASUKWANE,27.54938882946871,-20.590964331617293,Botswana,FOO_PAP,NMVOC
0500,0.11065724602919474,BOTSWANA_NORTH EAST_NORTH EAST_MASUNGA,27.434400286669504,-20.627325508955153,Botswana,FOO_PAP,NMVOC
0501,0.006777767801338076,BOTSWANA_NORTH EAST_NORTH EAST_MATENGE,27.243163563094196,-20.824890359812834,Botswana,FOO_PAP,NMVOC
0502,2.431332798125136,BOTSWANA_NORTH EAST_NORTH EAST_MATSHELAGABEDI,27.625910201894996,-21.12872037207013,Botswana,FOO_PAP,NMVOC
0503,0.34460371533460443,BOTSWANA_NORTH EAST_NORTH EAST_MATSILOJE,27.79748603303526,-21.272615331495285,Botswana,FOO_PAP,NMVOC
0504,0.008748709431363027,BOTSWANA_NORTH EAST_NORTH EAST_MBALAMBI,27.339335713407475,-20.51403109309788,Botswana,FOO_PAP,NMVOC
0505,0.0014467099575470217,BOTSWANA_NORTH EAST_NORTH EAST_MOROKA,27.64533883665974,-20.526246843989444,Botswana,FOO_PAP,NMVOC
0506,0.05610129985943413,BOTSWANA_NORTH EAST_NORTH EAST_MOSOJANE,27.510648322475955,-20.605682710993673,Botswana,FOO_PAP,NMVOC
0507,0.012478238619402615,BOTSWANA_NORTH EAST_NORTH EAST_MOWANA,27.63647955779588,-20.777830273205144,Botswana,FOO_PAP,NMVOC
0508,0.017035488384372556,BOTSWANA_NORTH EAST_NORTH EAST_MULAMBAKWENA,27.46594067350093,-20.57301251814986,Botswana,FOO_PAP,NMVOC
0509,0.005827122347583435,BOTSWANA_NORTH EAST_NORTH EAST_NLAKHWANE,27.517632990383536,-20.518539158214796,Botswana,FOO_PAP,NMVOC
0510,0.014525674055731144,BOTSWANA_NORTH EAST_NORTH EAST_PATAYAMATEBELE,27.737992823316166,-21.4643350004061,Botswana,FOO_PAP,NMVOC
0511,0,BOTSWANA_NORTH EAST_NORTH EAST_POLE,27.574132779023316,-20.610493660531436,Botswana,FOO_PAP,NMVOC
0512,0,BOTSWANA_NORTH EAST_NORTH EAST_RAMOKGWEBANA,27.662924110656288,-20.583729469679355,Botswana,FOO_PAP,NMVOC
0513,0,BOTSWANA_NORTH EAST_NORTH EAST_SECHELE,27.38485539651099,-20.797350422844442,Botswana,FOO_PAP,NMVOC
0514,0,BOTSWANA_NORTH EAST_NORTH EAST_SEKAKANGWE,27.324905899544337,-20.566292847964146,Botswana,FOO_PAP,NMVOC
0515,0.028648765335113,BOTSWANA_NORTH EAST_NORTH EAST_SENYAWE,27.6781087349486,-20.734971000867784,Botswana,FOO_PAP,NMVOC
0516,0.6080516085475522,BOTSWANA_NORTH EAST_NORTH EAST_SHASHE BRIDGE,27.441314891279994,-21.258844535487142,Botswana,FOO_PAP,NMVOC
0517,0.012504757534213803,BOTSWANA_NORTH EAST_NORTH EAST_SIVIYA,27.69697685871457,-20.82969467830003,Botswana,FOO_PAP,NMVOC
0518,0.08926103398630403,BOTSWANA_NORTH EAST_NORTH EAST_TATI SIDING,27.46845579652601,-21.26452617148856,Botswana,FOO_PAP,NMVOC
0519,0.14786540002885726,BOTSWANA_NORTH EAST_NORTH EAST_THEMASHANGA,27.55069700154272,-20.72636426785868,Botswana,FOO_PAP,NMVOC
0520,0,BOTSWANA_NORTH EAST_NORTH EAST_TOTENG,27.270345176482714,-20.719997560519936,Botswana,FOO_PAP,NMVOC
0521,6.127323302087679e-6,BOTSWANA_NORTH EAST_NORTH EAST_TSAMAYA,27.65197854641795,-20.83445747757975,Botswana,FOO_PAP,NMVOC
0522,0.009831937283516497,BOTSWANA_NORTH EAST_NORTH EAST_TSHESEBE,27.60488659969322,-20.718620239818698,Botswana,FOO_PAP,NMVOC
0523,0.0076495904638596264,BOTSWANA_NORTH EAST_NORTH EAST_VUKWI,27.38708622858749,-20.607139935771677,Botswana,FOO_PAP,NMVOC
0524,0.023610835216211372,BOTSWANA_NORTH EAST_NORTH EAST_ZWENSHAMBE,27.448183551665426,-20.504176199278817,Botswana,FOO_PAP,NMVOC
0525,0,BOTSWANA_NORTH WEST_NGAMILAND DELTA_NGAMILAND DELTA,22.960336814344046,-19.43828751092393,Botswana,FOO_PAP,NMVOC
0526,0.08120013315250466,BOTSWANA_NORTH WEST_NGAMILAND EAST_BODIBENG,22.600564390842983,-20.54248828687454,Botswana,FOO_PAP,NMVOC
0527,0.256793867047519,BOTSWANA_NORTH WEST_NGAMILAND EAST_BOTLHATLOGO,22.726763405990695,-20.74674723011069,Botswana,FOO_PAP,NMVOC
0528,0,BOTSWANA_NORTH WEST_NGAMILAND EAST_CHANOGA,23.67422168898431,-20.16363542170472,Botswana,FOO_PAP,NMVOC
0529,0,BOTSWANA_NORTH WEST_NGAMILAND EAST_HABU,22.399450144071537,-19.835986974771608,Botswana,FOO_PAP,NMVOC
0530,0.03929632378281488,BOTSWANA_NORTH WEST_NGAMILAND EAST_KARENG,22.300472651793307,-20.754601900098116,Botswana,FOO_PAP,NMVOC
0531,0,BOTSWANA_NORTH WEST_NGAMILAND EAST_KGAKGE/MAKAKUNG,22.500435832111794,-20.540049424101177,Botswana,FOO_PAP,NMVOC
0532,0,BOTSWANA_NORTH WEST_NGAMILAND EAST_KOMANA,23.23556501767629,-20.197324460737033,Botswana,FOO_PAP,NMVOC
0533,0,BOTSWANA_NORTH WEST_NGAMILAND EAST_MABABE,23.997011922196286,-19.182027762406623,Botswana,FOO_PAP,NMVOC
0534,0,BOTSWANA_NORTH WEST_NGAMILAND EAST_MAKALAMABEDI,23.41521287773188,-20.67081042197008,Botswana,FOO_PAP,NMVOC
0535,0.162943107546619,BOTSWANA_NORTH WEST_NGAMILAND EAST_MATLAPANA,23.546036955690333,-19.921555467159827,Botswana,FOO_PAP,NMVOC
0536,0,BOTSWANA_NORTH WEST_NGAMILAND EAST_MATSAUDI/SAKAPNAE,23.675283205409393,-19.806194245710948,Botswana,FOO_PAP,NMVOC
0537,4.463514217078979,BOTSWANA_NORTH WEST_NGAMILAND EAST_MAUN,24.199903111118402,-19.619553541252102,Botswana,FOO_PAP,NMVOC
0538,0.08096174272956878,BOTSWANA_NORTH WEST_NGAMILAND EAST_PHUDUHUDU,24.645957266286953,-20.051304523225582,Botswana,FOO_PAP,NMVOC
0539,0,BOTSWANA_NORTH WEST_NGAMILAND EAST_SANKUYO,23.881724902731463,-19.421659901868495,Botswana,FOO_PAP,NMVOC
0540,0.12339945908531626,BOTSWANA_NORTH WEST_NGAMILAND EAST_SEHITHWA,22.677793302639653,-20.237066774603015,Botswana,FOO_PAP,NMVOC
0541,0,BOTSWANA_NORTH WEST_NGAMILAND EAST_SEMBOYO,22.27649485221952,-20.354376077745215,Botswana,FOO_PAP,NMVOC
0542,0,BOTSWANA_NORTH WEST_NGAMILAND EAST_SHOROBE,23.712796248799126,-19.11296691544541,Botswana,FOO_PAP,NMVOC
0543,0.02252849509099044,BOTSWANA_NORTH WEST_NGAMILAND EAST_TOTENG,22.999306808598018,-20.32082005396448,Botswana,FOO_PAP,NMVOC
0544,0.02809473189906791,BOTSWANA_NORTH WEST_NGAMILAND EAST_TSAO,22.28659245098526,-20.02090488822863,Botswana,FOO_PAP,NMVOC
0545,0.03618047472780935,BOTSWANA_NORTH WEST_NGAMILAND WEST_BEETSHA,22.953920477145694,-18.380166226946653,Botswana,FOO_PAP,NMVOC
0546,0.02857554490332925,BOTSWANA_NORTH WEST_NGAMILAND WEST_CHUKUMUCHU,21.598703917965935,-18.74824397962615,Botswana,FOO_PAP,NMVOC
0547,0.019996908322477372,BOTSWANA_NORTH WEST_NGAMILAND WEST_ERETSHA,22.86584821151028,-18.79052805025673,Botswana,FOO_PAP,NMVOC
0548,0.33448880596801855,BOTSWANA_NORTH WEST_NGAMILAND WEST_ETSHA 1,22.224044369783737,-19.242642574470672,Botswana,FOO_PAP,NMVOC
0549,0,BOTSWANA_NORTH WEST_NGAMILAND WEST_ETSHA 13,22.229743070714033,-19.017116669937373,Botswana,FOO_PAP,NMVOC
0550,0.050504432981565754,BOTSWANA_NORTH WEST_NGAMILAND WEST_ETSHA 6,22.229066360329956,-19.108258691269373,Botswana,FOO_PAP,NMVOC
0551,0,BOTSWANA_NORTH WEST_NGAMILAND WEST_GANI,21.444696927418082,-18.405419080628068,Botswana,FOO_PAP,NMVOC
0552,0.05353916057823351,BOTSWANA_NORTH WEST_NGAMILAND WEST_GONUTSUGA,22.59253926092765,-18.87801840211525,Botswana,FOO_PAP,NMVOC
0553,0,BOTSWANA_NORTH WEST_NGAMILAND WEST_GUDINGWA,22.905784262247845,-18.563529796191204,Botswana,FOO_PAP,NMVOC
0554,0.5918076799612971,BOTSWANA_NORTH WEST_NGAMILAND WEST_GUMARE,22.131570836874936,-19.394550571792966,Botswana,FOO_PAP,NMVOC
0555,0.0317947534964005,BOTSWANA_NORTH WEST_NGAMILAND WEST_IKOGA,22.218249775302052,-18.888300198172978,Botswana,FOO_PAP,NMVOC
0556,0,BOTSWANA_NORTH WEST_NGAMILAND WEST_KAJAJA,21.992248859877353,-18.703015404036154,Botswana,FOO_PAP,NMVOC
0557,0.15607438256002681,BOTSWANA_NORTH WEST_NGAMILAND WEST_KAUXWHI,21.93273566781973,-18.270501890330234,Botswana,FOO_PAP,NMVOC
0558,9.477016592527531e-5,BOTSWANA_NORTH WEST_NGAMILAND WEST_MOGOMOTHO,22.252300749707768,-18.492510662073524,Botswana,FOO_PAP,NMVOC
0559,0.026629562264159096,BOTSWANA_NORTH WEST_NGAMILAND WEST_MOHEMBO EAST,21.802957716080922,-18.266524959816728,Botswana,FOO_PAP,NMVOC
0560,0.01640308279112433,BOTSWANA_NORTH WEST_NGAMILAND WEST_MOHEMBO WEST,21.66725143544976,-18.312119665836942,Botswana,FOO_PAP,NMVOC
0561,0.0017291412294935119,BOTSWANA_NORTH WEST_NGAMILAND WEST_MOKGACHA,22.28535493171085,-18.701773297683296,Botswana,FOO_PAP,NMVOC
0562,0,BOTSWANA_NORTH WEST_NGAMILAND WEST_NGARANGE,22.04454772324353,-18.490470871633665,Botswana,FOO_PAP,NMVOC
0563,0,BOTSWANA_NORTH WEST_NGAMILAND WEST_NOKANENG,22.21151988099178,-19.64313399653268,Botswana,FOO_PAP,NMVOC
0564,0,BOTSWANA_NORTH WEST_NGAMILAND WEST_NXAMASERE,21.95986197574487,-18.61796345462013,Botswana,FOO_PAP,NMVOC
0565,0,BOTSWANA_NORTH WEST_NGAMILAND WEST_NXAUNXAU,21.351524290127983,-18.90359537023587,Botswana,FOO_PAP,NMVOC
0566,0.06446141165468758,BOTSWANA_NORTH WEST_NGAMILAND WEST_QANGWA,21.56450523279803,-19.49744243797423,Botswana,FOO_PAP,NMVOC
0567,0.014514657001645243,BOTSWANA_NORTH WEST_NGAMILAND WEST_SAMOCHEMA,21.807530849136374,-18.491110966045003,Botswana,FOO_PAP,NMVOC
0568,0,BOTSWANA_NORTH WEST_NGAMILAND WEST_SEKONDOMBORO,22.116154551020507,-18.31395834682349,Botswana,FOO_PAP,NMVOC
0569,0.11368731215402003,BOTSWANA_NORTH WEST_NGAMILAND WEST_SEPOPA,22.058884839789098,-18.787426270755017,Botswana,FOO_PAP,NMVOC
0570,0.029462348767041784,BOTSWANA_NORTH WEST_NGAMILAND WEST_SERONGA,22.432137134077763,-18.68657047380979,Botswana,FOO_PAP,NMVOC
0571,0.10062941640470612,BOTSWANA_NORTH WEST_NGAMILAND WEST_SHAKAWE,21.734262044931864,-18.42525466967516,Botswana,FOO_PAP,NMVOC
0572,0,BOTSWANA_NORTH WEST_NGAMILAND WEST_TUBU,22.343676013963407,-19.42290273539071,Botswana,FOO_PAP,NMVOC
0573,0.2285574278493682,BOTSWANA_NORTH WEST_NGAMILAND WEST_XAKAO,21.89184146965982,-18.35122741006872,Botswana,FOO_PAP,NMVOC
0574,0.09561985217461372,BOTSWANA_NORTH WEST_NGAMILAND WEST_XAXA,21.481474650920102,-20.367126109392327,Botswana,FOO_PAP,NMVOC
0575,0.005314659605979573,BOTSWANA_NORTH WEST_NGAMILAND WEST_XHAUGA,21.8600876919785,-18.555460050065392,Botswana,FOO_PAP,NMVOC
0576,0.4839421611345039,BOTSWANA_ORAPA_ORAPA_ORAPA,25.3996206036354,-21.263370671233456,Botswana,FOO_PAP,NMVOC
0577,2.479050532915606,BOTSWANA_SELIBE PHIKWE_SELIBE PHIKWE_SELIBE PHIKWE,27.837207638783738,-21.958685691075345,Botswana,FOO_PAP,NMVOC
0578,3.117772128202737,BOTSWANA_SOUTH EAST_SOUTH EAST_DOORN LAAGTE,25.651786031535003,-25.28255683886919,Botswana,FOO_PAP,NMVOC
0579,0.5037637509542817,BOTSWANA_SOUTH EAST_SOUTH EAST_HILDAVALE,25.616656741956373,-25.403085615302597,Botswana,FOO_PAP,NMVOC
0580,0.31029557773303484,BOTSWANA_SOUTH EAST_SOUTH EAST_LOBATSE ESTATES,25.699833727272946,-25.141969237065187,Botswana,FOO_PAP,NMVOC
0581,0.06436546176071431,BOTSWANA_SOUTH EAST_SOUTH EAST_MOGOBANE,25.702998989332475,-24.943145974483425,Botswana,FOO_PAP,NMVOC
0582,1.0689715501476846,BOTSWANA_SOUTH EAST_SOUTH EAST_OTSE,25.756324039083623,-25.045000276937234,Botswana,FOO_PAP,NMVOC
0583,0.8400987841373501,BOTSWANA_SOUTH EAST_SOUTH EAST_RAMOTSWA,25.829789056966593,-24.901951101856636,Botswana,FOO_PAP,NMVOC
0584,0,BOTSWANA_SOUTH EAST_SOUTH EAST_RAMOTSWA STATION/TAUNG,25.770154438973417,-24.815461657589147,Botswana,FOO_PAP,NMVOC
0585,3.1943342898352496,BOTSWANA_SOUTH EAST_SOUTH EAST_TLOKWENG,26.035546995861406,-24.647763400719953,Botswana,FOO_PAP,NMVOC
0586,0.03482480047085767,BOTSWANA_SOUTHERN_BAROLONG_BETHEL,25.523180210457173,-25.455324991549087,Botswana,FOO_PAP,NMVOC
0587,0.016076311972809388,BOTSWANA_SOUTHERN_BAROLONG_BOROBADILEPE,25.45763854772069,-25.624399960180156,Botswana,FOO_PAP,NMVOC
0588,0.004009452736686974,BOTSWANA_SOUTHERN_BAROLONG_DIGAWANA,25.554337853260883,-25.336847733509767,Botswana,FOO_PAP,NMVOC
0589,4.919997629184169e-4,BOTSWANA_SOUTHERN_BAROLONG_DIKHUKHUNG,24.885447065593745,-25.800063981646993,Botswana,FOO_PAP,NMVOC
0590,0.06068074865182473,BOTSWANA_SOUTHERN_BAROLONG_DINATSHANA,25.561032468363326,-25.459552008174736,Botswana,FOO_PAP,NMVOC
0591,0.09724427430056992,BOTSWANA_SOUTHERN_BAROLONG_DITLHARAPA,25.26534775604463,-25.74503088773403,Botswana,FOO_PAP,NMVOC
0592,0.0704683634802547,BOTSWANA_SOUTHERN_BAROLONG_GAMAJALELA,25.422867167043186,-25.383535663638526,Botswana,FOO_PAP,NMVOC
0593,0.006811857927165599,BOTSWANA_SOUTHERN_BAROLONG_GATHWANE,25.50825122582933,-25.39225799661276,Botswana,FOO_PAP,NMVOC
0594,0.2837067205232879,BOTSWANA_SOUTHERN_BAROLONG_GOOD HOPE,25.425540411603592,-25.474044252271263,Botswana,FOO_PAP,NMVOC
0595,0.013080480537785544,BOTSWANA_SOUTHERN_BAROLONG_HEBRON,25.41118276541949,-25.696194884502404,Botswana,FOO_PAP,NMVOC
0596,0,BOTSWANA_SOUTHERN_BAROLONG_KANGWE,25.079061936844482,-25.406209192834304,Botswana,FOO_PAP,NMVOC
0597,0.16852435269063654,BOTSWANA_SOUTHERN_BAROLONG_KGORO,25.486735775180065,-25.453486474188907,Botswana,FOO_PAP,NMVOC
0598,0.022074110051813096,BOTSWANA_SOUTHERN_BAROLONG_LEJWANA,25.53432726709042,-25.415801471703258,Botswana,FOO_PAP,NMVOC
0599,0.03478718052302425,BOTSWANA_SOUTHERN_BAROLONG_LEPORUNG,25.008424229579703,-25.672891074188268,Botswana,FOO_PAP,NMVOC
0600,0.011129626900964432,BOTSWANA_SOUTHERN_BAROLONG_LOGAGANE,25.398915672259538,-25.611615010488325,Botswana,FOO_PAP,NMVOC
0601,2.971654927605878e-4,BOTSWANA_SOUTHERN_BAROLONG_LORWANA,25.502074910123632,-25.286996269753118,Botswana,FOO_PAP,NMVOC
0602,0.1447447460385919,BOTSWANA_SOUTHERN_BAROLONG_MABULE,24.537508834961965,-25.73692702390118,Botswana,FOO_PAP,NMVOC
0603,0.0643922840751322,BOTSWANA_SOUTHERN_BAROLONG_MADINGWANA,25.481261650329014,-25.576730325456165,Botswana,FOO_PAP,NMVOC
0604,0,BOTSWANA_SOUTHERN_BAROLONG_MAGORIAPITSE,25.27977947866948,-25.44137079227652,Botswana,FOO_PAP,NMVOC
0605,0.011824913555655273,BOTSWANA_SOUTHERN_BAROLONG_MAKOKWE,25.475459011292934,-25.66937770824479,Botswana,FOO_PAP,NMVOC
0606,0.16246791740631436,BOTSWANA_SOUTHERN_BAROLONG_MALOKAGANYANE,25.488358562103294,-25.502299871489452,Botswana,FOO_PAP,NMVOC
0607,0.004937389535109091,BOTSWANA_SOUTHERN_BAROLONG_MAROJANE,25.341901927422153,-25.73640142441916,Botswana,FOO_PAP,NMVOC
0608,0,BOTSWANA_SOUTHERN_BAROLONG_METLOBO,25.124348846065626,-25.39253659443453,Botswana,FOO_PAP,NMVOC
0609,0.03830996112448579,BOTSWANA_SOUTHERN_BAROLONG_METLOJANE,25.375187769980677,-25.552026515853672,Botswana,FOO_PAP,NMVOC
0610,0.021591259293730472,BOTSWANA_SOUTHERN_BAROLONG_MMAKGORI,24.800927173643334,-25.789358109184104,Botswana,FOO_PAP,NMVOC
0611,0.008536520251690704,BOTSWANA_SOUTHERN_BAROLONG_MMATHETHE,25.16245192169214,-25.332818623646105,Botswana,FOO_PAP,NMVOC
0612,0.285402405291129,BOTSWANA_SOUTHERN_BAROLONG_MOGOJOGOJO,25.472237292279374,-25.35846674488226,Botswana,FOO_PAP,NMVOC
0613,0.027540764290551488,BOTSWANA_SOUTHERN_BAROLONG_MOGWALALE,25.3618167413177,-25.480322244471722,Botswana,FOO_PAP,NMVOC
0614,0.10020772057347561,BOTSWANA_SOUTHERN_BAROLONG_MOKATAKO,25.21324864044004,-25.72876284416883,Botswana,FOO_PAP,NMVOC
0615,0.0012134948390931162,BOTSWANA_SOUTHERN_BAROLONG_MOKGOMANE,25.21261347084866,-25.518245387897743,Botswana,FOO_PAP,NMVOC
0616,0.026836432841683643,BOTSWANA_SOUTHERN_BAROLONG_MOLETE,25.308791189937068,-25.671084438672697,Botswana,FOO_PAP,NMVOC
0617,0.0031490862394762424,BOTSWANA_SOUTHERN_BAROLONG_MOTSENTSHE,25.375726428046065,-25.379180264622413,Botswana,FOO_PAP,NMVOC
0618,0.11482262883936538,BOTSWANA_SOUTHERN_BAROLONG_MUSI,25.08334912114238,-25.688286393457503,Botswana,FOO_PAP,NMVOC
0619,0.044542025613277865,BOTSWANA_SOUTHERN_BAROLONG_NGWATSAU,25.540401017789634,-25.553981728114238,Botswana,FOO_PAP,NMVOC
0620,0.049837249920352905,BOTSWANA_SOUTHERN_BAROLONG_PAPATLO,25.50091785142035,-25.65156471920203,Botswana,FOO_PAP,NMVOC
0621,0.010722577950847639,BOTSWANA_SOUTHERN_BAROLONG_PHIHITSHWANE,25.414087664638753,-25.65601906088651,Botswana,FOO_PAP,NMVOC
0622,0.06050954613174282,BOTSWANA_SOUTHERN_BAROLONG_PITSANA-POTOKWE,25.556580548078113,-25.50806204359263,Botswana,FOO_PAP,NMVOC
0623,0.12145310753750893,BOTSWANA_SOUTHERN_BAROLONG_PITSANE SIDING,25.604250914974468,-25.46943866185844,Botswana,FOO_PAP,NMVOC
0624,0.0051806279425684245,BOTSWANA_SOUTHERN_BAROLONG_PITSHANE MOLOPO,25.119834443362777,-25.744597939849236,Botswana,FOO_PAP,NMVOC
0625,0.09514103922718999,BOTSWANA_SOUTHERN_BAROLONG_RAKHUNA,25.578883997684116,-25.582003199973805,Botswana,FOO_PAP,NMVOC
0626,0.1804172988119803,BOTSWANA_SOUTHERN_BAROLONG_RAMATLABAMA,25.542590563183143,-25.63663806930263,Botswana,FOO_PAP,NMVOC
0627,0,BOTSWANA_SOUTHERN_BAROLONG_SEDIBENG,25.16840936243981,-25.684656039464652,Botswana,FOO_PAP,NMVOC
0628,0,BOTSWANA_SOUTHERN_BAROLONG_SEKHUTLANE,24.48911487032339,-25.502857393367236,Botswana,FOO_PAP,NMVOC
0629,0.009925561993637042,BOTSWANA_SOUTHERN_BAROLONG_SHEEP FARM,25.494453226915,-25.550549245917278,Botswana,FOO_PAP,NMVOC
0630,0.14610260253438534,BOTSWANA_SOUTHERN_BAROLONG_TLHARESELEELE,25.6164016549552,-25.509947342258574,Botswana,FOO_PAP,NMVOC
0631,0.13228364267972947,BOTSWANA_SOUTHERN_BAROLONG_TSHIDILAMOLOMO,24.680774921105087,-25.71938467094859,Botswana,FOO_PAP,NMVOC
0632,0,BOTSWANA_SOUTHERN_BAROLONG_TSWAANENG,24.874731933296207,-25.481179488719636,Botswana,FOO_PAP,NMVOC
0633,0.007771166019995761,BOTSWANA_SOUTHERN_BAROLONG_TSWAGARE/LOTHOJE/LOKALANA,25.32250003507171,-25.608673297419177,Botswana,FOO_PAP,NMVOC
0634,0.004123343029172474,BOTSWANA_SOUTHERN_BAROLONG_TSWANYANENG,25.26289447863055,-25.6163734983762,Botswana,FOO_PAP,NMVOC
0635,0,BOTSWANA_SOUTHERN_NGWAKETSE WEST_ITHOLOKE,23.49754475940133,-24.802379212464427,Botswana,FOO_PAP,NMVOC
0636,0.02445863144519671,BOTSWANA_SOUTHERN_NGWAKETSE WEST_KANAKU,23.536569449983585,-24.292118077279163,Botswana,FOO_PAP,NMVOC
0637,0,BOTSWANA_SOUTHERN_NGWAKETSE WEST_KENG,23.822720476728055,-24.619062130504958,Botswana,FOO_PAP,NMVOC
0638,0,BOTSWANA_SOUTHERN_NGWAKETSE WEST_KHAKHEA,23.52876267152225,-24.69951083983683,Botswana,FOO_PAP,NMVOC
0639,0,BOTSWANA_SOUTHERN_NGWAKETSE WEST_KHONKHWA,23.935454133373597,-24.46012666914766,Botswana,FOO_PAP,NMVOC
0640,0,BOTSWANA_SOUTHERN_NGWAKETSE WEST_KOKONG,23.160513999524845,-24.39362019765512,Botswana,FOO_PAP,NMVOC
0641,0,BOTSWANA_SOUTHERN_NGWAKETSE WEST_KUTUKU,23.639126946319017,-24.680282589894166,Botswana,FOO_PAP,NMVOC
0642,0.001851817380681075,BOTSWANA_SOUTHERN_NGWAKETSE WEST_MABUTSANE,23.705699680104797,-24.459760111464377,Botswana,FOO_PAP,NMVOC
0643,0,BOTSWANA_SOUTHERN_NGWAKETSE WEST_MAHOTSHWANE,24.187255352450173,-24.38400662626752,Botswana,FOO_PAP,NMVOC
0644,0,BOTSWANA_SOUTHERN_NGWAKETSE WEST_MORWAMOSU,23.122520350392715,-24.153854514850522,Botswana,FOO_PAP,NMVOC
0645,0,BOTSWANA_SOUTHERN_NGWAKETSE WEST_SEKOMA,24.02445527149606,-24.579997053681147,Botswana,FOO_PAP,NMVOC
0646,0,BOTSWANA_SOUTHERN_SOUTHERN_BETESANKWE,24.8941696227703,-24.719678878206103,Botswana,FOO_PAP,NMVOC
0647,0,BOTSWANA_SOUTHERN_SOUTHERN_DIABO,25.365536715216567,-25.223190983743812,Botswana,FOO_PAP,NMVOC
0648,0,BOTSWANA_SOUTHERN_SOUTHERN_DIPOTSANA,25.446292913079866,-25.212561776849554,Botswana,FOO_PAP,NMVOC
0649,0,BOTSWANA_SOUTHERN_SOUTHERN_GASITA,24.82803541943543,-25.124083589756676,Botswana,FOO_PAP,NMVOC
0650,4.559091322718799,BOTSWANA_SOUTHERN_SOUTHERN_KANYE,25.289267678855026,-25.048656911618565,Botswana,FOO_PAP,NMVOC
0651,0.06981905737980043,BOTSWANA_SOUTHERN_SOUTHERN_KGOMOKASITWA,25.611112091400322,-25.09686032652438,Botswana,FOO_PAP,NMVOC
0652,0,BOTSWANA_SOUTHERN_SOUTHERN_LEFOKO,24.690111852640598,-24.8470312136434,Botswana,FOO_PAP,NMVOC
0653,0,BOTSWANA_SOUTHERN_SOUTHERN_LEKGOLOBOTLO,25.61615083241098,-24.885307065481175,Botswana,FOO_PAP,NMVOC
0654,0,BOTSWANA_SOUTHERN_SOUTHERN_LOROLWANA,24.459937704580028,-25.2535967198016,Botswana,FOO_PAP,NMVOC
0655,0.03152799667480037,BOTSWANA_SOUTHERN_SOUTHERN_LOTLHAKANE,25.435707774440367,-25.08771727806122,Botswana,FOO_PAP,NMVOC
0656,0,BOTSWANA_SOUTHERN_SOUTHERN_LOTLHAKANE WEST,25.295371153997333,-24.784930431562245,Botswana,FOO_PAP,NMVOC
0657,0.002848054294369916,BOTSWANA_SOUTHERN_SOUTHERN_MAGOTLHWANE,25.599116726068054,-24.996853415826646,Botswana,FOO_PAP,NMVOC
0658,0.23759554245491724,BOTSWANA_SOUTHERN_SOUTHERN_MANYANA,25.574934396304805,-24.79875482887838,Botswana,FOO_PAP,NMVOC
0659,0,BOTSWANA_SOUTHERN_SOUTHERN_MAOKANE,24.649164740852807,-24.988391174828216,Botswana,FOO_PAP,NMVOC
0660,0,BOTSWANA_SOUTHERN_SOUTHERN_MOGONYE,25.67857687556797,-24.842313481878563,Botswana,FOO_PAP,NMVOC
0661,0.09029493266733293,BOTSWANA_SOUTHERN_SOUTHERN_MOKHOMBA,24.61814743618357,-24.716762968297573,Botswana,FOO_PAP,NMVOC
0662,0.2637454179950094,BOTSWANA_SOUTHERN_SOUTHERN_MOLAPOWABOJANG,25.545639385657516,-25.196418239986023,Botswana,FOO_PAP,NMVOC
0663,0.02787781382277842,BOTSWANA_SOUTHERN_SOUTHERN_MOSHANENG,25.208444254843652,-24.835326824262772,Botswana,FOO_PAP,NMVOC
0664,0.6659986924433313,BOTSWANA_SOUTHERN_SOUTHERN_MOSHUPA,25.42468410253782,-24.802239950537796,Botswana,FOO_PAP,NMVOC
0665,0.0370112294903675,BOTSWANA_SOUTHERN_SOUTHERN_NTLHANTLHE,25.563433827213757,-25.01680148927233,Botswana,FOO_PAP,NMVOC
0666,0,BOTSWANA_SOUTHERN_SOUTHERN_PITSENG,25.026961859107356,-24.671811025950742,Botswana,FOO_PAP,NMVOC
0667,0,BOTSWANA_SOUTHERN_SOUTHERN_RALEKGETHO,25.153983418889254,-24.651674927885143,Botswana,FOO_PAP,NMVOC
0668,0.1767757005229437,BOTSWANA_SOUTHERN_SOUTHERN_RANAKA,25.49210433716248,-24.953019551938723,Botswana,FOO_PAP,NMVOC
0669,0,BOTSWANA_SOUTHERN_SOUTHERN_SEGWAGWA,25.154246986825143,-25.20370107041337,Botswana,FOO_PAP,NMVOC
0670,0,BOTSWANA_SOUTHERN_SOUTHERN_SEHERELELA,24.966365412487043,-24.85255338029039,Botswana,FOO_PAP,NMVOC
0671,0.0012939806690780823,BOTSWANA_SOUTHERN_SOUTHERN_SELOKOLELA,25.08619153157018,-25.012511421456256,Botswana,FOO_PAP,NMVOC
0672,0.03487836511783862,BOTSWANA_SOUTHERN_SOUTHERN_SEMANE,24.36060822534978,-24.5838070534333,Botswana,FOO_PAP,NMVOC
0673,0.3648614023753378,BOTSWANA_SOUTHERN_SOUTHERN_SESE,24.837457767676273,-24.623316789302145,Botswana,FOO_PAP,NMVOC
0674,0,BOTSWANA_SOUTHERN_SOUTHERN_SESUNG,25.085978537640155,-24.864295490303654,Botswana,FOO_PAP,NMVOC
0675,0,BOTSWANA_SOUTHERN_SOUTHERN_TLHANKANE,24.375461207737164,-24.957536336747538,Botswana,FOO_PAP,NMVOC
0676,0,BOTSWANA_SOUTHERN_SOUTHERN_TSHWAANE,25.273421585713766,-24.711641454327474,Botswana,FOO_PAP,NMVOC
0677,0,BOTSWANA_SOUTHERN_SOUTHERN_TSONYANE,24.813855404067922,-24.839469110997843,Botswana,FOO_PAP,NMVOC
0678,0.6959879361893124,BOTSWANA_SOWA TOWN_SOWA TOWN_SOWA TOWN,26.205474065724133,-20.525655504329873,Botswana,FOO_PAP,NMVOC
0679,0,BOTSWANA_NORTH WEST_NGAMILAND WEST_TOBERE,22.060761168763293,-18.2277220943275,Botswana,FOO_PAP,NMVOC
0680,2.093465769383456,BOTSWANA_FRANCISTOWN_FRANCISTOWN_FRANCISTOWN,27.527173396825056,-21.15325240029203,Botswana,FOO_PAP,NMVOC
0681,0,BOTSWANA_NORTH EAST_NORTH EAST_MATOPI,27.91115579539766,-21.482192037003767,Botswana,FOO_PAP,NMVOC
0682,8.919200077111155,LESOTHO_BEREA,27.916543179927878,-29.196133964322186,Lesotho,FOO_PAP,NMVOC
0683,2.768649131587899,LESOTHO_BUTHA-BUTHE,28.564194113912084,-28.80291309387294,Lesotho,FOO_PAP,NMVOC
0684,10.63228669152486,LESOTHO_LERIBE,28.262778693785734,-29.01811492119529,Lesotho,FOO_PAP,NMVOC
0685,5.529022627769627,LESOTHO_MAFETENG,27.392581280663943,-29.77903326417238,Lesotho,FOO_PAP,NMVOC
0686,12.723828902541355,LESOTHO_MASERU,27.818410139103523,-29.578708001027245,Lesotho,FOO_PAP,NMVOC
0687,6.682331277595608,LESOTHO_MOHALE'S HOEK,27.81073935217726,-30.05732318594617,Lesotho,FOO_PAP,NMVOC
0688,3.7026561029690472,LESOTHO_MOKHOTLONG,29.030965902973236,-29.219387585513097,Lesotho,FOO_PAP,NMVOC
0689,2.108222736957352,LESOTHO_QACHA'S NEK,28.738216934631595,-29.96551989191937,Lesotho,FOO_PAP,NMVOC
0690,3.17051760691317,LESOTHO_QUTHING,27.985860217458367,-30.361098997601832,Lesotho,FOO_PAP,NMVOC
0691,3.5312454742534394,LESOTHO_THABA-TSEKA,28.592501565541635,-29.5707462455164,Lesotho,FOO_PAP,NMVOC
0692,8.023035294853889,MALAWI_SOUTHERN REGION_BALAKA,35.057010057789576,-15.035291543995603,Malawi,FOO_PAP,NMVOC
0693,16.549775150609477,MALAWI_SOUTHERN REGION_BLANTYRE,34.93215294645478,-15.653521070374605,Malawi,FOO_PAP,NMVOC
0694,20.15573497142864,MALAWI_SOUTHERN REGION_BLANTYRE CITY,35.049846087604834,-15.788155512634402,Malawi,FOO_PAP,NMVOC
0695,11.385711409699447,MALAWI_SOUTHERN REGION_CHIKWAWA,34.70903689510921,-16.164449793446956,Malawi,FOO_PAP,NMVOC
0696,10.642783159046175,MALAWI_SOUTHERN REGION_CHIRADZULU,35.21401510212054,-15.74504273186666,Malawi,FOO_PAP,NMVOC
0697,1.6813543572649043,MALAWI_NORTHERN REGION_CHITIPA,33.50075697273936,-9.961323805951439,Malawi,FOO_PAP,NMVOC
0698,21.1653378085019,MALAWI_CENTRAL REGION_DEDZA,34.227546152785884,-14.26666414364504,Malawi,FOO_PAP,NMVOC
0699,16.31410216575605,MALAWI_CENTRAL REGION_DOWA,33.7882007354298,-13.568943726666408,Malawi,FOO_PAP,NMVOC
0700,5.225909430667812,MALAWI_NORTHERN REGION_KARONGA,33.88286491576761,-10.085628973711133,Malawi,FOO_PAP,NMVOC
0701,9.85866856701672,MALAWI_CENTRAL REGION_KASUNGU,33.38591920703449,-12.984592469489298,Malawi,FOO_PAP,NMVOC
0702,12.662388399301213,MALAWI_LAKE MALAWI_LAKE MALAWI,34.46342187078561,-11.83542210532386,Malawi,FOO_PAP,NMVOC
0703,0.05119242945621871,MALAWI_NORTHERN REGION_LIKOMA,34.68456952933858,-12.049251389757782,Malawi,FOO_PAP,NMVOC
0704,54.49712286861833,MALAWI_CENTRAL REGION_LILONGWE,33.678384246204125,-14.02262845680586,Malawi,FOO_PAP,NMVOC
0705,20.966219319547896,MALAWI_CENTRAL REGION_LILONGWE CITY,33.777412227707195,-13.917060812410538,Malawi,FOO_PAP,NMVOC
0706,13.452916320314223,MALAWI_SOUTHERN REGION_MACHINGA,35.56621569203856,-14.939743540640112,Malawi,FOO_PAP,NMVOC
0707,19.38014282089672,MALAWI_SOUTHERN REGION_MANGOCHI,35.188672100825926,-14.35745673152043,Malawi,FOO_PAP,NMVOC
0708,12.466164959870465,MALAWI_CENTRAL REGION_MCHINJI,33.05678421553763,-13.693204790303813,Malawi,FOO_PAP,NMVOC
0709,18.868837053802466,MALAWI_SOUTHERN REGION_MULANJE,35.510601697456494,-15.937493088013312,Malawi,FOO_PAP,NMVOC
0710,1.6011451335196487,MALAWI_SOUTHERN REGION_MWANZA,34.51070572282828,-15.653498412560298,Malawi,FOO_PAP,NMVOC
0711,9.569774705443978,MALAWI_NORTHERN REGION_MZIMBA,33.63357391674036,-11.774662616846621,Malawi,FOO_PAP,NMVOC
0712,3.000477385432894,MALAWI_NORTHERN REGION_MZUZU CITY,34.008085621399474,-11.435033136665401,Malawi,FOO_PAP,NMVOC
0713,2.1779904289510816,MALAWI_SOUTHERN REGION_NENO,34.69511229098429,-15.46855436212607,Malawi,FOO_PAP,NMVOC
0714,3.2076316146220885,MALAWI_NORTHERN REGION_NKHATA BAY,34.04155946420708,-11.671744085857307,Malawi,FOO_PAP,NMVOC
0715,4.076212837015522,MALAWI_CENTRAL REGION_NKHOTAKOTA,34.088412143637505,-12.844968406478515,Malawi,FOO_PAP,NMVOC
0716,5.237410119229182,MALAWI_SOUTHERN REGION_NSANJE,35.14256102689594,-16.7458281066411,Malawi,FOO_PAP,NMVOC
0717,12.987960920916198,MALAWI_CENTRAL REGION_NTCHEU,34.7150219403129,-14.809209532624244,Malawi,FOO_PAP,NMVOC
0718,3.0043722000481297,MALAWI_CENTRAL REGION_NTCHISI,33.919435671123914,-13.29729664939087,Malawi,FOO_PAP,NMVOC
0719,8.480046222437956,MALAWI_SOUTHERN REGION_PHALOMBE,35.69103908738544,-15.669471595035306,Malawi,FOO_PAP,NMVOC
0720,1.5646843637490357,MALAWI_NORTHERN REGION_RUMPHI,33.814313155835954,-10.819178535708213,Malawi,FOO_PAP,NMVOC
0721,8.471045741563266,MALAWI_CENTRAL REGION_SALIMA,34.38342391012431,-13.73580013859686,Malawi,FOO_PAP,NMVOC
0722,22.685555367782484,MALAWI_SOUTHERN REGION_THYOLO,35.14513805866104,-16.103293124272504,Malawi,FOO_PAP,NMVOC
0723,20.99603572033135,MALAWI_SOUTHERN REGION_ZOMBA,35.431720494463534,-15.397965042950926,Malawi,FOO_PAP,NMVOC
0724,0.9984327982937796,MALAWI_SOUTHERN REGION_ZOMBA CITY,35.32958370864326,-15.389038184748701,Malawi,FOO_PAP,NMVOC
0725,0.141238912395435,MOZAMBIQUE_CABO DELGADO_ANCUABE_ANCUABE SEDE,39.81250434636672,-12.844910167361961,Mozambique,FOO_PAP,NMVOC
0726,0.15913316244554052,MOZAMBIQUE_CABO DELGADO_ANCUABE_METORO,39.98166464165771,-13.123343510947777,Mozambique,FOO_PAP,NMVOC
0727,0.13690755434194296,MOZAMBIQUE_CABO DELGADO_ANCUABE_MEZA,39.50077329178648,-13.002763030349875,Mozambique,FOO_PAP,NMVOC
0728,0.3126567551686304,MOZAMBIQUE_CABO DELGADO_BALAMA_BALAMA SEDE,38.60741548928212,-13.34632445565341,Mozambique,FOO_PAP,NMVOC
0729,0.062281724598767275,MOZAMBIQUE_CABO DELGADO_BALAMA_IMPIRE,38.234370073203195,-13.36117175168839,Mozambique,FOO_PAP,NMVOC
0730,0.1349037062327469,MOZAMBIQUE_CABO DELGADO_BALAMA_KWEKWE,38.360631459274536,-13.719258906829074,Mozambique,FOO_PAP,NMVOC
0731,0.0635903063993836,MOZAMBIQUE_CABO DELGADO_BALAMA_MAVALA,38.44433858639442,-13.127397794272662,Mozambique,FOO_PAP,NMVOC
0732,0.33863738784484493,MOZAMBIQUE_CABO DELGADO_CHIÚRE_CHIÚRE SEDE,39.78631866112433,-13.334949533035196,Mozambique,FOO_PAP,NMVOC
0733,0.11273151387066607,MOZAMBIQUE_CABO DELGADO_CHIÚRE_CHIÚRE VELHO,39.9790643743911,-13.394863091288299,Mozambique,FOO_PAP,NMVOC
0734,0.09760135002244955,MOZAMBIQUE_CABO DELGADO_CHIÚRE_KATAPUA,39.46036839056145,-13.3790182741743,Mozambique,FOO_PAP,NMVOC
0735,0.05862769393195854,MOZAMBIQUE_CABO DELGADO_CHIÚRE_MAZEZE,40.26493789258037,-13.394800824078336,Mozambique,FOO_PAP,NMVOC
0736,0.13510830040601676,MOZAMBIQUE_CABO DELGADO_CHIÚRE_NAMOGELIA,39.39543595419324,-13.73917584393942,Mozambique,FOO_PAP,NMVOC
0737,0.18846686037269475,MOZAMBIQUE_CABO DELGADO_CHIÚRE_OCUA,39.70712436514545,-13.593555718225081,Mozambique,FOO_PAP,NMVOC
0738,0.21259790034544435,MOZAMBIQUE_CABO DELGADO_CIDADE DE PEMBA_CIDADE DE PEMBA,40.5301137002399,-13.01866368362211,Mozambique,FOO_PAP,NMVOC
0739,0.006163677378346606,MOZAMBIQUE_CABO DELGADO_IBO_IBO SEDE,40.58966660854597,-12.296434453801252,Mozambique,FOO_PAP,NMVOC
0740,2.401851564222755e-4,MOZAMBIQUE_CABO DELGADO_IBO_QUIRIMBA,40.60573197983616,-12.436621233927731,Mozambique,FOO_PAP,NMVOC
0741,0.06387761166820992,MOZAMBIQUE_CABO DELGADO_MACOMIA_CHAI,40.09939009869904,-11.975771317344952,Mozambique,FOO_PAP,NMVOC
0742,0.15063572875706305,MOZAMBIQUE_CABO DELGADO_MACOMIA_MACOMIA SEDE,40.00966789367028,-12.185963022208076,Mozambique,FOO_PAP,NMVOC
0743,0.039632703033477275,MOZAMBIQUE_CABO DELGADO_MACOMIA_MUCOJO,40.39838621183561,-12.132019600349427,Mozambique,FOO_PAP,NMVOC
0744,0.013535281899846721,MOZAMBIQUE_CABO DELGADO_MACOMIA_QUITERAJO,40.34862064188187,-11.822248596272631,Mozambique,FOO_PAP,NMVOC
0745,0.07434053168183492,MOZAMBIQUE_CABO DELGADO_MECÚFI_MECÚFI SEDE,40.44136931989843,-13.314578160765912,Mozambique,FOO_PAP,NMVOC
0746,0.06408280790768582,MOZAMBIQUE_CABO DELGADO_MECÚFI_MURREBUE,40.3621691122671,-13.16275211422268,Mozambique,FOO_PAP,NMVOC
0747,0.02502118784001701,MOZAMBIQUE_CABO DELGADO_MELUCO_MELUCO,39.519008675605434,-12.466558692060977,Mozambique,FOO_PAP,NMVOC
0748,0.03693722326221017,MOZAMBIQUE_CABO DELGADO_MELUCO_MUAGUIDE,40.006147820712634,-12.461564676608146,Mozambique,FOO_PAP,NMVOC
0749,0.13911258739780427,MOZAMBIQUE_CABO DELGADO_METUGE_METUGE SEDE,40.30149518097115,-12.881110538127228,Mozambique,FOO_PAP,NMVOC
0750,0.1036626268633326,MOZAMBIQUE_CABO DELGADO_METUGE_MIEZE,40.42604082004337,-13.071741165509883,Mozambique,FOO_PAP,NMVOC
0751,0.07436714698647265,MOZAMBIQUE_CABO DELGADO_MOCÍMBOA DA PRAIA_DIACA,39.98361766384434,-11.50941232931751,Mozambique,FOO_PAP,NMVOC
0752,0.030533248963635868,MOZAMBIQUE_CABO DELGADO_MOCÍMBOA DA PRAIA_MBAU,40.264033426645,-11.61011746355292,Mozambique,FOO_PAP,NMVOC
0753,0.1964266280957728,MOZAMBIQUE_CABO DELGADO_MOCÍMBOA DA PRAIA_MOCÍMBOA DA PRAIA SEDE,40.221732345886586,-11.307039802847223,Mozambique,FOO_PAP,NMVOC
0754,0.47510125435678596,MOZAMBIQUE_CABO DELGADO_MONTEPUEZ_CIDADE DE MONTEPUEZ,39.10336496633387,-13.155831594194833,Mozambique,FOO_PAP,NMVOC
0755,0.051425618817611506,MOZAMBIQUE_CABO DELGADO_MONTEPUEZ_MAPUPULO,38.85156103637511,-13.296202609826898,Mozambique,FOO_PAP,NMVOC
0756,0.1803861865607261,MOZAMBIQUE_CABO DELGADO_MONTEPUEZ_MIRATE SEDE,38.889102884866084,-12.858163088415916,Mozambique,FOO_PAP,NMVOC
0757,0.0246916878601981,MOZAMBIQUE_CABO DELGADO_MONTEPUEZ_NAIROTO,38.60846512227451,-12.417692004693443,Mozambique,FOO_PAP,NMVOC
0758,0.08538025786565756,MOZAMBIQUE_CABO DELGADO_MONTEPUEZ_NAMANHUMBIR,39.29331479236441,-13.03734599713965,Mozambique,FOO_PAP,NMVOC
0759,0.07188622739117315,MOZAMBIQUE_CABO DELGADO_MUEDA_CHAPA,39.300669871212165,-11.933739048526274,Mozambique,FOO_PAP,NMVOC
0760,0.03411089303689496,MOZAMBIQUE_CABO DELGADO_MUEDA_IMBUHO SEDE,39.71330104587685,-11.492354708140468,Mozambique,FOO_PAP,NMVOC
0761,0.21227717734196988,MOZAMBIQUE_CABO DELGADO_MUEDA_MUEDA SEDE,39.52799055312814,-11.615490131717069,Mozambique,FOO_PAP,NMVOC
0762,0.035636041852637496,MOZAMBIQUE_CABO DELGADO_MUEDA_NAMAUA,39.71135420448486,-11.578853289361819,Mozambique,FOO_PAP,NMVOC
0763,0.010105721665898309,MOZAMBIQUE_CABO DELGADO_MUEDA_NEGOMANO,38.68032202017621,-11.555132251334204,Mozambique,FOO_PAP,NMVOC
0764,0.14370553804916186,MOZAMBIQUE_CABO DELGADO_MUEDA_NGAPA,39.181606916419916,-11.449464889051079,Mozambique,FOO_PAP,NMVOC
0765,0.055612717920619184,MOZAMBIQUE_CABO DELGADO_MUIDUMBE_CHITUNDA,40.02853944757149,-11.798368536527168,Mozambique,FOO_PAP,NMVOC
0766,0.06632205952739748,MOZAMBIQUE_CABO DELGADO_MUIDUMBE_MITEDA,39.64749196598334,-11.853991027094667,Mozambique,FOO_PAP,NMVOC
0767,0.12303863474649543,MOZAMBIQUE_CABO DELGADO_MUIDUMBE_MUAMBULA,39.82130488684691,-11.841747965829844,Mozambique,FOO_PAP,NMVOC
0768,0.0819868460831056,MOZAMBIQUE_CABO DELGADO_NAMUNO_HUCULA,39.027034408935776,-13.807982550463722,Mozambique,FOO_PAP,NMVOC
0769,0.13756789165814057,MOZAMBIQUE_CABO DELGADO_NAMUNO_MACHOCA,38.9025822941826,-13.935861472055366,Mozambique,FOO_PAP,NMVOC
0770,0.10733351990958373,MOZAMBIQUE_CABO DELGADO_NAMUNO_MELOCO,39.16332069555443,-13.55331427408594,Mozambique,FOO_PAP,NMVOC
0771,0.33282934581131385,MOZAMBIQUE_CABO DELGADO_NAMUNO_NAMUNO SEDE,38.85042931380327,-13.571803785012364,Mozambique,FOO_PAP,NMVOC
0772,0.13636575026015593,MOZAMBIQUE_CABO DELGADO_NAMUNO_NCUMPE,38.64829661522544,-13.759868655212932,Mozambique,FOO_PAP,NMVOC
0773,0.06722080622130167,MOZAMBIQUE_CABO DELGADO_NAMUNO_PAPAI,38.6112488248292,-14.01083078018285,Mozambique,FOO_PAP,NMVOC
0774,0.2832030262550303,MOZAMBIQUE_CABO DELGADO_NANGADE_NANGADE SEDE,39.74862940454096,-11.083424646974992,Mozambique,FOO_PAP,NMVOC
0775,0.06432322103685673,MOZAMBIQUE_CABO DELGADO_NANGADE_NTAMBA,39.82186362422569,-11.298924991205137,Mozambique,FOO_PAP,NMVOC
0776,0.02484077879448011,MOZAMBIQUE_CABO DELGADO_PALMA_OLUMBE,40.37722280987631,-11.022253412786055,Mozambique,FOO_PAP,NMVOC
0777,0.08102839617929006,MOZAMBIQUE_CABO DELGADO_PALMA_PALMA,40.36752760276333,-10.781107321340652,Mozambique,FOO_PAP,NMVOC
0778,0.023258167961406517,MOZAMBIQUE_CABO DELGADO_PALMA_PUNDANHAR,40.10649223692033,-10.915061660907167,Mozambique,FOO_PAP,NMVOC
0779,0.030034912703527296,MOZAMBIQUE_CABO DELGADO_PALMA_QUIONGA,40.39832171975072,-10.605188674355327,Mozambique,FOO_PAP,NMVOC
0780,0.040300391023676635,MOZAMBIQUE_CABO DELGADO_QUISSANGA_BILIBIZA,40.19654727032573,-12.609796456581662,Mozambique,FOO_PAP,NMVOC
0781,0.045320978370418194,MOZAMBIQUE_CABO DELGADO_QUISSANGA_MAHATE,40.41919917872787,-12.635885089192568,Mozambique,FOO_PAP,NMVOC
0782,0.8230618448692323,MOZAMBIQUE_CIDADE DE MAPUTO_KAMAVOTA_KAMAVOTA,32.634886641291224,-25.887693649593853,Mozambique,FOO_PAP,NMVOC
0783,0.16355846675989588,MOZAMBIQUE_CIDADE DE MAPUTO_KAMAXAKENI_KAMAXAKENI,32.59944117113847,-25.93889789948286,Mozambique,FOO_PAP,NMVOC
0784,0.24228916712676876,MOZAMBIQUE_CIDADE DE MAPUTO_KAMPFUMO_KAMPFUMO,32.586471991569425,-25.963392495074924,Mozambique,FOO_PAP,NMVOC
0785,1.0521150838086253,MOZAMBIQUE_CIDADE DE MAPUTO_KAMUBUKWANA_KAMUBUKWANA,32.57628175378329,-25.874280175789803,Mozambique,FOO_PAP,NMVOC
0786,0.0024151308530045803,MOZAMBIQUE_CIDADE DE MAPUTO_KANYAKA_KANYAKA,32.942792473320985,-26.019854398302623,Mozambique,FOO_PAP,NMVOC
0787,0.42766347425521317,MOZAMBIQUE_CIDADE DE MAPUTO_KATEMBE_KATEMBE,32.52558521951384,-26.037162300504427,Mozambique,FOO_PAP,NMVOC
0788,0.216292918920789,MOZAMBIQUE_CIDADE DE MAPUTO_NHLAMANKULO_NHLAMANKULO,32.557337897173184,-25.94748667088231,Mozambique,FOO_PAP,NMVOC
0789,0.0746445080595419,MOZAMBIQUE_GAZA_BILENE_BILENE MACIA,33.12170844184735,-25.024345210123222,Mozambique,FOO_PAP,NMVOC
0790,0.01529792772769686,MOZAMBIQUE_GAZA_BILENE_INCAIA,33.23389036385305,-24.972836632632283,Mozambique,FOO_PAP,NMVOC
0791,0.09489957443050308,MOZAMBIQUE_GAZA_BILENE_MACUANE,33.16406911785151,-25.13186013405694,Mozambique,FOO_PAP,NMVOC
0792,0.05429401156377235,MOZAMBIQUE_GAZA_BILENE_MAZIVILA,33.15771945972996,-24.86159285857413,Mozambique,FOO_PAP,NMVOC
0793,0.09877471883243746,MOZAMBIQUE_GAZA_BILENE_MESSANO,32.994801638202425,-24.9711864826169,Mozambique,FOO_PAP,NMVOC
0794,0.018932728991548596,MOZAMBIQUE_GAZA_BILENE_PRAIA DE BILENE,33.22313026811176,-25.268200454905273,Mozambique,FOO_PAP,NMVOC
0795,0.03219719717597665,MOZAMBIQUE_GAZA_CHIBUTO_ALTO CHANGANE,33.532709699998925,-24.239915954397528,Mozambique,FOO_PAP,NMVOC
0796,0.0015134556684039595,MOZAMBIQUE_GAZA_CHIBUTO_CHANGANINE,33.78000414254853,-24.004994838500192,Mozambique,FOO_PAP,NMVOC
0797,0.06360052555090968,MOZAMBIQUE_GAZA_CHIBUTO_CIDADE DE CHIBUTO,33.56479821975432,-24.69579299181594,Mozambique,FOO_PAP,NMVOC
0798,0.17867255033606963,MOZAMBIQUE_GAZA_CHIBUTO_GODIDE,33.664009941160174,-24.59383871859075,Mozambique,FOO_PAP,NMVOC
0799,0.23961434452058653,MOZAMBIQUE_GAZA_CHIBUTO_MALEHICE,33.68651799951757,-24.751639870695612,Mozambique,FOO_PAP,NMVOC
0800,0.14418308997498847,MOZAMBIQUE_GAZA_CHIBUTO_TCHAIMITE,33.40913649471263,-24.6274038248804,Mozambique,FOO_PAP,NMVOC
0801,0.014051219686042768,MOZAMBIQUE_GAZA_CHICUALACUALA_EDUARDO MONDLANE,31.90283759038279,-22.22474259936432,Mozambique,FOO_PAP,NMVOC
0802,0.07617043923439626,MOZAMBIQUE_GAZA_CHICUALACUALA_PAFURI,31.839636613036426,-23.062508500431342,Mozambique,FOO_PAP,NMVOC
0803,0.007842632258916961,MOZAMBIQUE_GAZA_CHIGUBO_CHIGUBO SEDE,33.28327880896511,-22.55689162530508,Mozambique,FOO_PAP,NMVOC
0804,0.03403612659122404,MOZAMBIQUE_GAZA_CHIGUBO_NDINDIZA,33.50940091714144,-23.45508178763895,Mozambique,FOO_PAP,NMVOC
0805,0.05935047353189542,MOZAMBIQUE_GAZA_CHÓKWÈ_CIDADE DE CHÓKWÈ,32.99328794506374,-24.520208875238563,Mozambique,FOO_PAP,NMVOC
0806,0.23815609493952283,MOZAMBIQUE_GAZA_CHÓKWÈ_LIONDE,33.00856327547369,-24.690277510511446,Mozambique,FOO_PAP,NMVOC
0807,0.17408786081451,MOZAMBIQUE_GAZA_CHÓKWÈ_MACARRETANE,32.75708982206706,-24.37253995423536,Mozambique,FOO_PAP,NMVOC
0808,0.16518619798598375,MOZAMBIQUE_GAZA_CHÓKWÈ_XILEMBENE,33.295896826319776,-24.740800650273098,Mozambique,FOO_PAP,NMVOC
0809,0.45809669143599324,MOZAMBIQUE_GAZA_CHONGOENE_CHONGOENE,33.78738388968989,-24.95612324064541,Mozambique,FOO_PAP,NMVOC
0810,0.058190360596189955,MOZAMBIQUE_GAZA_CHONGOENE_MAZUCANE,33.94816589854456,-24.75078182642919,Mozambique,FOO_PAP,NMVOC
0811,0.016870500935739965,MOZAMBIQUE_GAZA_CHONGOENE_NGUZENE,33.99174761296743,-24.900424006547656,Mozambique,FOO_PAP,NMVOC
0812,0.417833554293585,MOZAMBIQUE_GAZA_CIDADE DE XAI-XAI_CIDADE DE XAI-XAI,33.6238199287902,-25.095602356591947,Mozambique,FOO_PAP,NMVOC
0813,0.13159347619527106,MOZAMBIQUE_GAZA_GUIJÁ_CHIVONGOENE,33.233221538781685,-24.47489638296496,Mozambique,FOO_PAP,NMVOC
0814,0.11592268557957718,MOZAMBIQUE_GAZA_GUIJÁ_MUBANGOENE,32.95074527970149,-24.269396021473018,Mozambique,FOO_PAP,NMVOC
0815,0.011974529792441442,MOZAMBIQUE_GAZA_GUIJÁ_NALAZI,33.17804626234287,-24.007141668394482,Mozambique,FOO_PAP,NMVOC
0816,0.018744139862814292,MOZAMBIQUE_GAZA_GUIJÁ_VILA CANIÇADO,33.03370976279583,-24.496154209395023,Mozambique,FOO_PAP,NMVOC
0817,0.30759796704737563,MOZAMBIQUE_GAZA_LIMPOPO_CHICUMBANE,33.50935105307376,-24.95521044053618,Mozambique,FOO_PAP,NMVOC
0818,0.13356648701007579,MOZAMBIQUE_GAZA_LIMPOPO_CHISSANO,33.36595620036372,-24.917774625636756,Mozambique,FOO_PAP,NMVOC
0819,0.02477025368153549,MOZAMBIQUE_GAZA_LIMPOPO_ZONGOENE,33.41768385775187,-25.15027705143945,Mozambique,FOO_PAP,NMVOC
0820,0.036055923622160105,MOZAMBIQUE_GAZA_MABALANE_COMBOMUNE,32.76206527578445,-23.248510922783225,Mozambique,FOO_PAP,NMVOC
0821,0.010713849249152278,MOZAMBIQUE_GAZA_MABALANE_MABALANE,32.830014386359615,-23.86472905225202,Mozambique,FOO_PAP,NMVOC
0822,0.019491902436042458,MOZAMBIQUE_GAZA_MABALANE_NTLHAVENE,32.55611135942274,-23.700477308848008,Mozambique,FOO_PAP,NMVOC
0823,0.03340938815533606,MOZAMBIQUE_GAZA_MANDLAKAZE_CHALALA,33.898816970795764,-24.62204362818058,Mozambique,FOO_PAP,NMVOC
0824,0.07299509960706174,MOZAMBIQUE_GAZA_MANDLAKAZE_CHIBONDZANE,34.20993805079586,-24.617150832754188,Mozambique,FOO_PAP,NMVOC
0825,0.08790326636168007,MOZAMBIQUE_GAZA_MANDLAKAZE_CHIDENGUELE,34.222185883991216,-24.846464693637397,Mozambique,FOO_PAP,NMVOC
0826,0.01919871820722469,MOZAMBIQUE_GAZA_MANDLAKAZE_MACUACUA,33.93793587874184,-24.351855632078426,Mozambique,FOO_PAP,NMVOC
0827,0.046253027516999896,MOZAMBIQUE_GAZA_MANDLAKAZE_MANDLAKAZE SEDE,33.881734623458314,-24.717454952391012,Mozambique,FOO_PAP,NMVOC
0828,0.03179484259299565,MOZAMBIQUE_GAZA_MAPAI_MACHAILA,32.8972792264127,-22.46107250918086,Mozambique,FOO_PAP,NMVOC
0829,0.04327535718892567,MOZAMBIQUE_GAZA_MAPAI_MAPAI,32.340153357812774,-22.66221263505515,Mozambique,FOO_PAP,NMVOC
0830,0.02528587945010628,MOZAMBIQUE_GAZA_MASSANGENA_MASSANGENA,33.024968092166,-21.76228030255321,Mozambique,FOO_PAP,NMVOC
0831,0.022893053579923127,MOZAMBIQUE_GAZA_MASSANGENA_MAVUE,32.44873445655671,-21.74455920732843,Mozambique,FOO_PAP,NMVOC
0832,0.026247980295006974,MOZAMBIQUE_GAZA_MASSINGIR_MASSINGIR SEDE,32.14188192707758,-24.083427448323647,Mozambique,FOO_PAP,NMVOC
0833,0.008935214897012551,MOZAMBIQUE_GAZA_MASSINGIR_MAVODZE,31.957192936094224,-23.682084241320673,Mozambique,FOO_PAP,NMVOC
0834,0.003423991795311277,MOZAMBIQUE_GAZA_MASSINGIR_ZULO,32.44746940415907,-24.081905716979545,Mozambique,FOO_PAP,NMVOC
0835,0.3732750545892319,MOZAMBIQUE_INHAMBANE_CIDADE DA MAXIXE_CIDADE DA MAXIXE,35.30847837373539,-23.88280148067849,Mozambique,FOO_PAP,NMVOC
0836,0.11343916298975625,MOZAMBIQUE_INHAMBANE_CIDADE DE INHAMBANE_CIDADE DE INHAMBANE,35.4669344326235,-23.887608905915176,Mozambique,FOO_PAP,NMVOC
0837,0.11533948465712109,MOZAMBIQUE_INHAMBANE_FUNHALOURO_FUNHALOURO,34.40493526211412,-23.279005264339535,Mozambique,FOO_PAP,NMVOC
0838,0.05250460591966411,MOZAMBIQUE_INHAMBANE_FUNHALOURO_TOME,34.123107711970896,-22.6492454413369,Mozambique,FOO_PAP,NMVOC
0839,0.03721773873188068,MOZAMBIQUE_INHAMBANE_GOVURO_NOVA MAMBONE,34.91124864499755,-21.24838028736193,Mozambique,FOO_PAP,NMVOC
0840,0.07393674161974513,MOZAMBIQUE_INHAMBANE_GOVURO_SAVE,34.50273875747384,-21.372352488268987,Mozambique,FOO_PAP,NMVOC
0841,0.36975916121531166,MOZAMBIQUE_INHAMBANE_HOMOÍNE_HOMOÍNE SEDE,35.11348463085394,-23.979574815302524,Mozambique,FOO_PAP,NMVOC
0842,0.03800342163481764,MOZAMBIQUE_INHAMBANE_HOMOÍNE_PEMBE,34.954010052320086,-23.75585650680714,Mozambique,FOO_PAP,NMVOC
0843,0.3193207553771916,MOZAMBIQUE_INHAMBANE_INHARRIME_INHARRIME SEDE,35.0629320946627,-24.377713765160113,Mozambique,FOO_PAP,NMVOC
0844,0.06033036048827533,MOZAMBIQUE_INHAMBANE_INHARRIME_MUCUMBI,34.57231599403387,-24.417768147569834,Mozambique,FOO_PAP,NMVOC
0845,5.462028233199839e-4,MOZAMBIQUE_INHAMBANE_INHASSORO_BAZARUTO,35.465173197521,-21.65725826320277,Mozambique,FOO_PAP,NMVOC
0846,0.14796752237341104,MOZAMBIQUE_INHAMBANE_INHASSORO_INHASSORO,34.84605588804438,-21.753052479230316,Mozambique,FOO_PAP,NMVOC
0847,0.14945018798221055,MOZAMBIQUE_INHAMBANE_JANGAMO_CUMBANA,35.150833362602604,-24.21294386364807,Mozambique,FOO_PAP,NMVOC
0848,0.11834922445306192,MOZAMBIQUE_INHAMBANE_JANGAMO_JANGAMO,35.3828405134123,-24.118279758970523,Mozambique,FOO_PAP,NMVOC
0849,0.08795535602826787,MOZAMBIQUE_INHAMBANE_MABOTE_MABOTE,34.1237933010753,-22.071272031528167,Mozambique,FOO_PAP,NMVOC
0850,0.037677525390742685,MOZAMBIQUE_INHAMBANE_MABOTE_ZIMANE,33.53428838953659,-22.259421319452596,Mozambique,FOO_PAP,NMVOC
0851,0.045291479783820636,MOZAMBIQUE_INHAMBANE_MABOTE_ZINAVE,33.78047603814595,-21.630829138429963,Mozambique,FOO_PAP,NMVOC
0852,0.10602292132005993,MOZAMBIQUE_INHAMBANE_MASSINGA_CHICOMO,34.91593880649871,-22.694580178891357,Mozambique,FOO_PAP,NMVOC
0853,0.5627580384701626,MOZAMBIQUE_INHAMBANE_MASSINGA_MASSINGA,35.28967211538618,-23.208309768202906,Mozambique,FOO_PAP,NMVOC
0854,0.20148559458396786,MOZAMBIQUE_INHAMBANE_MORRUMBENE_MOCODUENE,35.03823145580892,-23.43542902200303,Mozambique,FOO_PAP,NMVOC
0855,0.10522508980946985,MOZAMBIQUE_INHAMBANE_MORRUMBENE_MORRUMBENE,35.31512127790291,-23.62003628600982,Mozambique,FOO_PAP,NMVOC
0856,0.012916267068161437,MOZAMBIQUE_INHAMBANE_PANDA_MAWAYELA,34.116370299409866,-24.001901283449012,Mozambique,FOO_PAP,NMVOC
0857,0.05406663026025042,MOZAMBIQUE_INHAMBANE_PANDA_PANDA,34.5701782475298,-24.112499270772535,Mozambique,FOO_PAP,NMVOC
0858,0.019813922205291764,MOZAMBIQUE_INHAMBANE_PANDA_URRENE,34.644908571251904,-23.83766104214481,Mozambique,FOO_PAP,NMVOC
0859,0.20642642971809283,MOZAMBIQUE_INHAMBANE_VILANKULO_MAPINHANE,35.04533061414311,-22.371051282087183,Mozambique,FOO_PAP,NMVOC
0860,0.13468843166154887,MOZAMBIQUE_INHAMBANE_VILANKULO_VILANKULO,35.3062246160536,-22.14744435743396,Mozambique,FOO_PAP,NMVOC
0861,0.17532880746096813,MOZAMBIQUE_INHAMBANE_ZAVALA_QUISSICO,34.83275046669489,-24.629624369539606,Mozambique,FOO_PAP,NMVOC
0862,0.15889204260331435,MOZAMBIQUE_INHAMBANE_ZAVALA_ZANDAMELA,34.4860299379439,-24.67609745657631,Mozambique,FOO_PAP,NMVOC
0863,0.07569684437869681,MOZAMBIQUE_LAKE MALAWI_LAKE MALAWI_LAKE MALAWI,34.66958894981475,-12.465931949774122,Mozambique,FOO_PAP,NMVOC
0864,0.5614932115446943,MOZAMBIQUE_MANICA_BÁRUÈ_CATANDICA,33.30152827468673,-18.240536298661056,Mozambique,FOO_PAP,NMVOC
0865,0.07874727147922929,MOZAMBIQUE_MANICA_BÁRUÈ_CHOA,33.04569434614779,-18.064104442461606,Mozambique,FOO_PAP,NMVOC
0866,0.0016189700748328118,MOZAMBIQUE_MANICA_BÁRUÈ_NHAMPASSA,33.184551019135135,-17.597094490855643,Mozambique,FOO_PAP,NMVOC
0867,0.8887486012769135,MOZAMBIQUE_MANICA_CIDADE DE CHIMOIO_CHIMOIO,33.45536740007841,-19.127720352606506,Mozambique,FOO_PAP,NMVOC
0868,0.19055247988740934,MOZAMBIQUE_MANICA_GONDOLA_AMATONGAS,33.81580808058416,-19.088843340895576,Mozambique,FOO_PAP,NMVOC
0869,0.23666901305172652,MOZAMBIQUE_MANICA_GONDOLA_CAFUMPE,33.73252675700257,-18.96598115326139,Mozambique,FOO_PAP,NMVOC
0870,0.06107770473758537,MOZAMBIQUE_MANICA_GONDOLA_GONDOLA,33.66706225815283,-19.067556713895804,Mozambique,FOO_PAP,NMVOC
0871,0.15370439999133234,MOZAMBIQUE_MANICA_GONDOLA_INCHOPE,33.855910359091254,-19.34910726017252,Mozambique,FOO_PAP,NMVOC
0872,0,MOZAMBIQUE_MANICA_GURO_GURO SEDE,33.28735962339221,-17.287981286704778,Mozambique,FOO_PAP,NMVOC
0873,0.05723317444814108,MOZAMBIQUE_MANICA_GURO_MANDIE,33.67962216440644,-16.54401479200918,Mozambique,FOO_PAP,NMVOC
0874,0,MOZAMBIQUE_MANICA_GURO_MUNGARI,33.54831007111624,-17.10496669776008,Mozambique,FOO_PAP,NMVOC
0875,0.02974493228893312,MOZAMBIQUE_MANICA_GURO_NHAMASSONGE,33.596453539786765,-16.77407345471343,Mozambique,FOO_PAP,NMVOC
0876,0.23826557715078653,MOZAMBIQUE_MANICA_MACATE_MACATE SEDE,33.58000277986244,-19.400692718644812,Mozambique,FOO_PAP,NMVOC
0877,0.20316473848721908,MOZAMBIQUE_MANICA_MACATE_ZEMBE,33.35412342370635,-19.22767890720999,Mozambique,FOO_PAP,NMVOC
0878,0.36636702700169965,MOZAMBIQUE_MANICA_MACHAZE_CHITOBE,33.306459347363266,-20.88553205985008,Mozambique,FOO_PAP,NMVOC
0879,0.14434373965274205,MOZAMBIQUE_MANICA_MACHAZE_SAVE,33.21143246815166,-21.301458761861632,Mozambique,FOO_PAP,NMVOC
0880,0.08961356298680484,MOZAMBIQUE_MANICA_MACOSSA_MACOSSA SEDE,33.93258269449586,-17.783133366418287,Mozambique,FOO_PAP,NMVOC
0881,0.04155017263065461,MOZAMBIQUE_MANICA_MACOSSA_NGUAWALA,33.639533569018866,-18.34411311077633,Mozambique,FOO_PAP,NMVOC
0882,0.04738451654608556,MOZAMBIQUE_MANICA_MACOSSA_NHAMAGUA,33.51483956167798,-17.75456736936627,Mozambique,FOO_PAP,NMVOC
0883,0.2482694009156338,MOZAMBIQUE_MANICA_MANICA_MACHIPANDA,32.85545139808637,-18.879904801552133,Mozambique,FOO_PAP,NMVOC
0884,0.1544677110919827,MOZAMBIQUE_MANICA_MANICA_MAVONDE,33.05466930685875,-18.601929350510918,Mozambique,FOO_PAP,NMVOC
0885,0.20294018499604427,MOZAMBIQUE_MANICA_MANICA_MESSICA,33.034928611751994,-19.04617280907505,Mozambique,FOO_PAP,NMVOC
0886,0.130213724216842,MOZAMBIQUE_MANICA_MANICA_MUNICIPIO DE MANICA,32.87567656092327,-18.944254944375942,Mozambique,FOO_PAP,NMVOC
0887,0,MOZAMBIQUE_MANICA_MOSSURIZE_CHIURAIRUE,32.81274306891318,-20.739522288509274,Mozambique,FOO_PAP,NMVOC
0888,0.12216597240365157,MOZAMBIQUE_MANICA_MOSSURIZE_DACATA,33.08962587563526,-20.311252884140636,Mozambique,FOO_PAP,NMVOC
0889,0.0653180254309454,MOZAMBIQUE_MANICA_MOSSURIZE_ESPUNGABERA,32.802896674454466,-20.52340497291208,Mozambique,FOO_PAP,NMVOC
0890,0.20356835042171573,MOZAMBIQUE_MANICA_SUSSUNDENGA_DOMBE,33.398614696729936,-19.90088894894896,Mozambique,FOO_PAP,NMVOC
0891,0.08157700106726733,MOZAMBIQUE_MANICA_SUSSUNDENGA_MUOHA,33.124555743177076,-19.350567086646706,Mozambique,FOO_PAP,NMVOC
0892,0.039246052590022805,MOZAMBIQUE_MANICA_SUSSUNDENGA_ROTANDA,32.98367765963056,-19.498315171914083,Mozambique,FOO_PAP,NMVOC
0893,0.24352902705601384,MOZAMBIQUE_MANICA_SUSSUNDENGA_SUSSUNDENGA SEDE,33.39688667188607,-19.55883675489867,Mozambique,FOO_PAP,NMVOC
0894,0.0017207389767721797,MOZAMBIQUE_MANICA_TAMBARA_BUZUA,34.12771071863433,-17.124856875787454,Mozambique,FOO_PAP,NMVOC
0895,0,MOZAMBIQUE_MANICA_TAMBARA_NHACAFULA,33.94471979664244,-16.860581221473716,Mozambique,FOO_PAP,NMVOC
0896,0.13608286389643937,MOZAMBIQUE_MANICA_TAMBARA_NHACOLO,34.257266964940285,-16.782606471479635,Mozambique,FOO_PAP,NMVOC
0897,0.29382803673067304,MOZAMBIQUE_MANICA_VANDUZI_MATSINHO,33.562813117614425,-18.856539716123457,Mozambique,FOO_PAP,NMVOC
0898,0.30038772428411836,MOZAMBIQUE_MANICA_VANDUZI_VANDUZI SEDE,33.26441975503835,-18.840475151767034,Mozambique,FOO_PAP,NMVOC
0899,0.15662224382919032,MOZAMBIQUE_MAPUTO_BOANE_BOANE,32.34035370899738,-26.08445441643418,Mozambique,FOO_PAP,NMVOC
0900,0.6664823168291248,MOZAMBIQUE_MAPUTO_BOANE_MATOLA RIO,32.385947237971614,-25.894018223674056,Mozambique,FOO_PAP,NMVOC
0901,0.7609058430543418,MOZAMBIQUE_MAPUTO_CIDADE DA MATOLA_CIDADE DA MATOLA,32.45895180757802,-25.935412363609455,Mozambique,FOO_PAP,NMVOC
0902,1.6958043024458083,MOZAMBIQUE_MAPUTO_CIDADE DA MATOLA_INFULENE,32.535005856471074,-25.794670956061914,Mozambique,FOO_PAP,NMVOC
0903,0.9294546616170904,MOZAMBIQUE_MAPUTO_CIDADE DA MATOLA_MACHAVA,32.469180128394825,-25.837376960910778,Mozambique,FOO_PAP,NMVOC
0904,0.14886794762526032,MOZAMBIQUE_MAPUTO_MAGUDE_MAGUDE,32.61075121973975,-25.022037525237383,Mozambique,FOO_PAP,NMVOC
0905,0.012366227461454882,MOZAMBIQUE_MAPUTO_MAGUDE_MAHELE,32.54075600639742,-24.492112517985618,Mozambique,FOO_PAP,NMVOC
0906,0,MOZAMBIQUE_MAPUTO_MAGUDE_MAPULANGUENE,32.20329983157022,-24.507823782731254,Mozambique,FOO_PAP,NMVOC
0907,0.007620531526458416,MOZAMBIQUE_MAPUTO_MAGUDE_MOTAZE,32.709351138737226,-24.71535123184659,Mozambique,FOO_PAP,NMVOC
0908,1.0717519376171975e-4,MOZAMBIQUE_MAPUTO_MAGUDE_PANJANE,32.389312226449206,-24.870818989222865,Mozambique,FOO_PAP,NMVOC
0909,0.1817084117705656,MOZAMBIQUE_MAPUTO_MANHIÇA_3 DE FEVEREIRO,32.82054683811158,-25.208390101324238,Mozambique,FOO_PAP,NMVOC
0910,0.02488070573747747,MOZAMBIQUE_MAPUTO_MANHIÇA_CALANGA,33.00084214854617,-25.35071525423053,Mozambique,FOO_PAP,NMVOC
0911,0.016908256331581648,MOZAMBIQUE_MAPUTO_MANHIÇA_ILHA JOSINA MACHEL,32.946022649902154,-25.170914273804748,Mozambique,FOO_PAP,NMVOC
0912,0.10021233968230979,MOZAMBIQUE_MAPUTO_MANHIÇA_MALUANA,32.64334243048221,-25.49818169410212,Mozambique,FOO_PAP,NMVOC
0913,0.11712301059113031,MOZAMBIQUE_MAPUTO_MANHIÇA_MUNICÍPIO DE MANHIÇA,32.724753253319165,-25.360399766782734,Mozambique,FOO_PAP,NMVOC
0914,0.0579213495231969,MOZAMBIQUE_MAPUTO_MANHIÇA_XINAVANE,32.81889559595267,-25.03141860388646,Mozambique,FOO_PAP,NMVOC
0915,0.007971384821071464,MOZAMBIQUE_MAPUTO_MARRACUENE_MACHUBO,32.81266574227231,-25.54972386244347,Mozambique,FOO_PAP,NMVOC
0916,0.9260403307039822,MOZAMBIQUE_MAPUTO_MARRACUENE_MARRACUENE,32.660662063959514,-25.71381174508608,Mozambique,FOO_PAP,NMVOC
0917,0.017469014419208992,MOZAMBIQUE_MAPUTO_MATUTUINE_BELA VISTA,32.645581759560066,-26.45851112867402,Mozambique,FOO_PAP,NMVOC
0918,0.010681371280801334,MOZAMBIQUE_MAPUTO_MATUTUINE_CATEMBE M'SIME,32.53741836502509,-26.163141580325597,Mozambique,FOO_PAP,NMVOC
0919,0.06630475466856366,MOZAMBIQUE_MAPUTO_MATUTUINE_CATUANE,32.28250028994303,-26.662117878264368,Mozambique,FOO_PAP,NMVOC
0920,1.4841558167704133e-4,MOZAMBIQUE_MAPUTO_MATUTUINE_MACHANGULO,32.91305429949867,-26.21651617955071,Mozambique,FOO_PAP,NMVOC
0921,0.09574562533917119,MOZAMBIQUE_MAPUTO_MATUTUINE_ZITUNDO,32.66218188529151,-26.782492068760977,Mozambique,FOO_PAP,NMVOC
0922,0.04153041532074361,MOZAMBIQUE_MAPUTO_MOAMBA_MOAMBA,32.3326091155693,-25.499060096245582,Mozambique,FOO_PAP,NMVOC
0923,0.03216603169417682,MOZAMBIQUE_MAPUTO_MOAMBA_PESSENE,32.39574490260445,-25.695218912241263,Mozambique,FOO_PAP,NMVOC
0924,0.1609443548597899,MOZAMBIQUE_MAPUTO_MOAMBA_RESSANO GARCIA,32.06292546188341,-25.524791985906663,Mozambique,FOO_PAP,NMVOC
0925,0.044098892313388045,MOZAMBIQUE_MAPUTO_MOAMBA_SABIE,32.18675953290936,-25.158239910785245,Mozambique,FOO_PAP,NMVOC
0926,0.03486231527204503,MOZAMBIQUE_MAPUTO_NAMAACHA_CHANGALANE,32.221223944789266,-26.330019105258224,Mozambique,FOO_PAP,NMVOC
0927,3.366654450501787,MOZAMBIQUE_MAPUTO_NAMAACHA_NAMAACHA,32.12662388876005,-25.9088344940042,Mozambique,FOO_PAP,NMVOC
0928,0.41906374510322736,MOZAMBIQUE_NAMPULA_ANGOCHE_AUBE,39.75852334490812,-16.336839936374812,Mozambique,FOO_PAP,NMVOC
0929,0.3467993821834487,MOZAMBIQUE_NAMPULA_ANGOCHE_BOILA NAMETORIA,39.70290960696779,-16.100643339566087,Mozambique,FOO_PAP,NMVOC
0930,0.07339490847096615,MOZAMBIQUE_NAMPULA_ANGOCHE_CIDADE DE ANGOCHE,39.98119984744425,-16.102624069451156,Mozambique,FOO_PAP,NMVOC
0931,0.17069266349650208,MOZAMBIQUE_NAMPULA_ANGOCHE_NAMAPONDA,39.89454505581379,-15.89709080920383,Mozambique,FOO_PAP,NMVOC
0932,0.6578915451526078,MOZAMBIQUE_NAMPULA_CIDADE DE NAMPULA_ANCHILO,39.346700309798294,-15.22913786136925,Mozambique,FOO_PAP,NMVOC
0933,0.8904905534345766,MOZAMBIQUE_NAMPULA_CIDADE DE NAMPULA_MUATALA,39.22135093911949,-15.1593659383683,Mozambique,FOO_PAP,NMVOC
0934,0.6601483932538785,MOZAMBIQUE_NAMPULA_CIDADE DE NAMPULA_MUHALA,39.306298419558225,-15.143595959458594,Mozambique,FOO_PAP,NMVOC
0935,0.1957447134371845,MOZAMBIQUE_NAMPULA_CIDADE DE NAMPULA_NAMICOPO,39.34525426178243,-15.074628282390453,Mozambique,FOO_PAP,NMVOC
0936,0.1315950631654591,MOZAMBIQUE_NAMPULA_CIDADE DE NAMPULA_NAPIPINE,39.25129320752563,-15.062109621505412,Mozambique,FOO_PAP,NMVOC
0937,0.28203938869165107,MOZAMBIQUE_NAMPULA_CIDADE DE NAMPULA_NATIKIRE,39.191184088730786,-15.102448366937157,Mozambique,FOO_PAP,NMVOC
0938,0.06138919787777074,MOZAMBIQUE_NAMPULA_CIDADE DE NAMPULA_URBANO CENTRAL,39.26026156001214,-15.125287189299852,Mozambique,FOO_PAP,NMVOC
0939,0.38278844626321773,MOZAMBIQUE_NAMPULA_ERÁTI_ALUA,39.89489894828684,-14.015072975322239,Mozambique,FOO_PAP,NMVOC
0940,0.5338981562290759,MOZAMBIQUE_NAMPULA_ERÁTI_NAMAPA SEDE,39.89264212180842,-13.722799866022642,Mozambique,FOO_PAP,NMVOC
0941,0.12573951860145946,MOZAMBIQUE_NAMPULA_ERÁTI_NAMIROA,39.437336879824,-14.089576975293262,Mozambique,FOO_PAP,NMVOC
0942,0.04826471799245101,MOZAMBIQUE_NAMPULA_ILHA DE MOÇAMBIQUE_ILHA DE MOÇAMBIQUE,40.67676981409689,-15.059117781685298,Mozambique,FOO_PAP,NMVOC
0943,0.057141617060525444,MOZAMBIQUE_NAMPULA_ILHA DE MOÇAMBIQUE_LUMBO,40.593069155304626,-15.048959749366846,Mozambique,FOO_PAP,NMVOC
0944,0.22013635435975665,MOZAMBIQUE_NAMPULA_LALAUA_LALAUA,38.27740706902064,-14.383261448419889,Mozambique,FOO_PAP,NMVOC
0945,0.03473549867507414,MOZAMBIQUE_NAMPULA_LALAUA_METI,37.86423737401499,-14.530463178154468,Mozambique,FOO_PAP,NMVOC
0946,0.17679727979924392,MOZAMBIQUE_NAMPULA_LARDE_LARDE,39.589862180815906,-16.482975798802265,Mozambique,FOO_PAP,NMVOC
0947,0.07769701731933189,MOZAMBIQUE_NAMPULA_LARDE_MUCUALI,39.41790695893417,-16.287090861188318,Mozambique,FOO_PAP,NMVOC
0948,0.1592515689481668,MOZAMBIQUE_NAMPULA_LIÚPO_LIÚPO,39.94138165076237,-15.619173498171499,Mozambique,FOO_PAP,NMVOC
0949,0.1969347883720925,MOZAMBIQUE_NAMPULA_LIÚPO_QUINGA,40.157694999874806,-15.780114581820921,Mozambique,FOO_PAP,NMVOC
0950,0.04822085249188048,MOZAMBIQUE_NAMPULA_MALEMA_CHILULO,37.49996661674137,-14.582880564434472,Mozambique,FOO_PAP,NMVOC
0951,0.46623024846194705,MOZAMBIQUE_NAMPULA_MALEMA_MALEMA/CANHUNHA,37.573319940795386,-14.919357085909676,Mozambique,FOO_PAP,NMVOC
0952,0.23868731851049613,MOZAMBIQUE_NAMPULA_MALEMA_MUTUALI,37.081432441192284,-14.83921892153854,Mozambique,FOO_PAP,NMVOC
0953,0.06084525195396867,MOZAMBIQUE_NAMPULA_MECONTA_7 DE ABRIL,39.7199341583495,-15.117491589999613,Mozambique,FOO_PAP,NMVOC
0954,0.2547696982929073,MOZAMBIQUE_NAMPULA_MECONTA_CORRANE,39.54876435760044,-15.421969554300855,Mozambique,FOO_PAP,NMVOC
0955,0.060184507038001434,MOZAMBIQUE_NAMPULA_MECONTA_MECONTA,39.82355388116307,-15.033425935687111,Mozambique,FOO_PAP,NMVOC
0956,0.23830921086302323,MOZAMBIQUE_NAMPULA_MECONTA_NAMIALO,39.94047851888918,-14.94333164575556,Mozambique,FOO_PAP,NMVOC
0957,0.33977483020526505,MOZAMBIQUE_NAMPULA_MECUBÚRI_MECUBÚRI,38.91630435171187,-14.607000995672898,Mozambique,FOO_PAP,NMVOC
0958,0.04644765596652726,MOZAMBIQUE_NAMPULA_MECUBÚRI_MILHANA,39.127654237397486,-14.281829730798503,Mozambique,FOO_PAP,NMVOC
0959,0.16731092958919316,MOZAMBIQUE_NAMPULA_MECUBÚRI_MUITE,38.88511350311829,-14.17769262196541,Mozambique,FOO_PAP,NMVOC
0960,0.10250833355864315,MOZAMBIQUE_NAMPULA_MECUBÚRI_NANIMA,38.617221520409196,-14.762009037141098,Mozambique,FOO_PAP,NMVOC
0961,0.12250372263528418,MOZAMBIQUE_NAMPULA_MEMBA_CHIPENE,40.29531026163154,-13.784944312169863,Mozambique,FOO_PAP,NMVOC
0962,0.07356317090751875,MOZAMBIQUE_NAMPULA_MEMBA_LURIO,40.42969149388564,-13.60745895695087,Mozambique,FOO_PAP,NMVOC
0963,0.25955280577711326,MOZAMBIQUE_NAMPULA_MEMBA_MAZUA,40.34452950636614,-13.975095364086036,Mozambique,FOO_PAP,NMVOC
0964,0.36971742545067143,MOZAMBIQUE_NAMPULA_MEMBA_MEMBA,40.48276911284229,-14.242242078752795,Mozambique,FOO_PAP,NMVOC
0965,0.038850810786872095,MOZAMBIQUE_NAMPULA_MOGINCUAL_NAMINGE,40.30844201844057,-15.56760468837137,Mozambique,FOO_PAP,NMVOC
0966,0.10598433720843775,MOZAMBIQUE_NAMPULA_MOGINCUAL_QUIXAXE,40.05536393377276,-15.321131966629133,Mozambique,FOO_PAP,NMVOC
0967,0.1067555627705229,MOZAMBIQUE_NAMPULA_MOGOVOLAS_CALIPO,39.058913588331414,-15.530947657322523,Mozambique,FOO_PAP,NMVOC
0968,0.4308411714574198,MOZAMBIQUE_NAMPULA_MOGOVOLAS_ILUTE,39.04192013771539,-15.797541445237854,Mozambique,FOO_PAP,NMVOC
0969,0.17236137876232918,MOZAMBIQUE_NAMPULA_MOGOVOLAS_MUATUA,39.66247406833886,-15.748169028736038,Mozambique,FOO_PAP,NMVOC
0970,0.5131109105059675,MOZAMBIQUE_NAMPULA_MOGOVOLAS_NAMETIL SEDE,39.38310472440292,-15.732437675168812,Mozambique,FOO_PAP,NMVOC
0971,0.19885078608401327,MOZAMBIQUE_NAMPULA_MOGOVOLAS_NANHUPO RIO,39.48451889216197,-15.93529808811821,Mozambique,FOO_PAP,NMVOC
0972,0.3280895306301824,MOZAMBIQUE_NAMPULA_MOMA_CHALAUA,39.136312137632906,-16.068904552909896,Mozambique,FOO_PAP,NMVOC
0973,0.6087859081067892,MOZAMBIQUE_NAMPULA_MOMA_MACONE SEDE,39.18460905278941,-16.514079368820905,Mozambique,FOO_PAP,NMVOC
0974,0.14470190862736576,MOZAMBIQUE_NAMPULA_MONAPO_ITUCULO,40.24618932007347,-14.64048511059819,Mozambique,FOO_PAP,NMVOC
0975,0.6075908674898902,MOZAMBIQUE_NAMPULA_MONAPO_MONAPO SEDE,40.137517062624255,-15.018378371016844,Mozambique,FOO_PAP,NMVOC
0976,0.595660809955946,MOZAMBIQUE_NAMPULA_MONAPO_NETIA,39.995063284132854,-14.706425832874704,Mozambique,FOO_PAP,NMVOC
0977,0.06884681870187441,MOZAMBIQUE_NAMPULA_MOSSURIL_LUNGA,40.43246793584781,-15.262329440298691,Mozambique,FOO_PAP,NMVOC
0978,0.10128687840455687,MOZAMBIQUE_NAMPULA_MOSSURIL_MATIBANE,40.72180005361815,-14.737223520198267,Mozambique,FOO_PAP,NMVOC
0979,0.1489287057980224,MOZAMBIQUE_NAMPULA_MOSSURIL_MOSSURIL SEDE,40.51219848506181,-14.903379159287029,Mozambique,FOO_PAP,NMVOC
0980,0.1571643556428214,MOZAMBIQUE_NAMPULA_MUECATE_IMALA,39.45961702371391,-14.506131562026775,Mozambique,FOO_PAP,NMVOC
0981,0.06593972027577098,MOZAMBIQUE_NAMPULA_MUECATE_MUCOLUANE,39.346844589295436,-14.772718872651845,Mozambique,FOO_PAP,NMVOC
0982,0.34595401144108723,MOZAMBIQUE_NAMPULA_MUECATE_MUECATE,39.674472160839436,-14.750405729993048,Mozambique,FOO_PAP,NMVOC
0983,0.08642678182740979,MOZAMBIQUE_NAMPULA_MURRUPULA_CHINGA,38.63575073821358,-15.171362107258943,Mozambique,FOO_PAP,NMVOC
0984,0.5321419067328091,MOZAMBIQUE_NAMPULA_MURRUPULA_MURRUPULA,38.65453769328181,-15.40126150281662,Mozambique,FOO_PAP,NMVOC
0985,0.0815054854985466,MOZAMBIQUE_NAMPULA_MURRUPULA_NIHESSIUE,38.705843526253894,-15.632443438924252,Mozambique,FOO_PAP,NMVOC
0986,0.0913341874920187,MOZAMBIQUE_NAMPULA_NACALA-A-VELHA_COVO,40.369538959835154,-14.497710962103438,Mozambique,FOO_PAP,NMVOC
0987,0.36742980900697275,MOZAMBIQUE_NAMPULA_NACALA-A-VELHA_NACALA-A-VELHA,40.519787648403145,-14.585074942847683,Mozambique,FOO_PAP,NMVOC
0988,0.22328459935908285,MOZAMBIQUE_NAMPULA_NACALA-PORTO_MUANONA,40.65231715877891,-14.62078918917591,Mozambique,FOO_PAP,NMVOC
0989,0.27463457601803304,MOZAMBIQUE_NAMPULA_NACALA-PORTO_MUTIVA,40.74125943838887,-14.510895004706317,Mozambique,FOO_PAP,NMVOC
0990,0.069249547318529725,MOZAMBIQUE_NAMPULA_NACARÔA_INTETE,40.18830219819722,-14.339300888601866,Mozambique,FOO_PAP,NMVOC
0991,0.26772098096766656,MOZAMBIQUE_NAMPULA_NACARÔA_NACARÔA,39.93302344885562,-14.403489324317396,Mozambique,FOO_PAP,NMVOC
0992,0.043580004252631165,MOZAMBIQUE_NAMPULA_NACARÔA_SAUA-SAUA,39.70222666069944,-14.278122143645904,Mozambique,FOO_PAP,NMVOC
0993,0.099919316318119,MOZAMBIQUE_NAMPULA_RAPALE_MUTIVAZE,38.86687949184624,-15.018807059185013,Mozambique,FOO_PAP,NMVOC
0994,0.3376107587235835,MOZAMBIQUE_NAMPULA_RAPALE_NAMAITA,38.99863263319021,-15.219861952374297,Mozambique,FOO_PAP,NMVOC
0995,0.3007576411354037,MOZAMBIQUE_NAMPULA_RAPALE_RAPALE,39.16149044871234,-14.974807379007945,Mozambique,FOO_PAP,NMVOC
0996,0.15533200503554417,MOZAMBIQUE_NAMPULA_RIBÁUÈ_CUNLE,38.27686663788419,-15.228219850470028,Mozambique,FOO_PAP,NMVOC
0997,0.40669258074028214,MOZAMBIQUE_NAMPULA_RIBÁUÈ_IAPALA,37.96696312231578,-14.993085543848041,Mozambique,FOO_PAP,NMVOC
0998,0.431093264971766,MOZAMBIQUE_NAMPULA_RIBÁUÈ_RIBÁUÈ,38.41380839889487,-14.881044564938612,Mozambique,FOO_PAP,NMVOC
0999,0.4604059878154609,MOZAMBIQUE_NIASSA_CHIMBONILA_CHIMBONILA,35.408928981746264,-13.368174436939729,Mozambique,FOO_PAP,NMVOC
1000,0.25834443799163515,MOZAMBIQUE_NIASSA_CHIMBONILA_LIONE,35.129139572126896,-13.602588135727931,Mozambique,FOO_PAP,NMVOC
1001,0.019060962462818392,MOZAMBIQUE_NIASSA_CHIMBONILA_MEPONDA,34.91488092078617,-13.29985997149095,Mozambique,FOO_PAP,NMVOC
1002,0.641515767670203,MOZAMBIQUE_NIASSA_CIDADE DE LICHINGA_CIDADE DE LICHINGA,35.24558878755181,-13.298038006470582,Mozambique,FOO_PAP,NMVOC
1003,0.5498215040525879,MOZAMBIQUE_NIASSA_CUAMBA_CIDADE DE CUAMBA,36.43225300678852,-14.65151757200614,Mozambique,FOO_PAP,NMVOC
1004,0.20406938864524166,MOZAMBIQUE_NIASSA_CUAMBA_ETATARA,36.50604736569097,-15.067722646032196,Mozambique,FOO_PAP,NMVOC
1005,0.00795788400989463,MOZAMBIQUE_NIASSA_CUAMBA_LÚRIO,36.74388384413436,-14.643139941997887,Mozambique,FOO_PAP,NMVOC
1006,0,MOZAMBIQUE_NIASSA_CUAMBA_MEPICA,36.27342275841742,-14.590957907953893,Mozambique,FOO_PAP,NMVOC
1007,0.0836977666404693,MOZAMBIQUE_NIASSA_LAGO_CÓBUE,35.0221799648129,-11.988797384472345,Mozambique,FOO_PAP,NMVOC
1008,0.016179239906068708,MOZAMBIQUE_NIASSA_LAGO_LUNHO,34.93957981389291,-12.442879629662482,Mozambique,FOO_PAP,NMVOC
1009,0.09905602946509465,MOZAMBIQUE_NIASSA_LAGO_MANIAMBA,35.03282976741832,-12.708593517824148,Mozambique,FOO_PAP,NMVOC
1010,0.026641202819138933,MOZAMBIQUE_NIASSA_LAGO_MELULUCA,34.858334813639914,-12.908685961985746,Mozambique,FOO_PAP,NMVOC
1011,0.20075182396177826,MOZAMBIQUE_NIASSA_LAGO_METANGULA,34.86215758962762,-12.665576315058521,Mozambique,FOO_PAP,NMVOC
1012,0.10058204442281958,MOZAMBIQUE_NIASSA_MAJUNE_MALANGA,36.33165472317088,-13.08401614787644,Mozambique,FOO_PAP,NMVOC
1013,0.007890607801015553,MOZAMBIQUE_NIASSA_MAJUNE_MUAQUIA,36.67128728604254,-13.41002543814736,Mozambique,FOO_PAP,NMVOC
1014,0.02771245548135346,MOZAMBIQUE_NIASSA_MAJUNE_NAIRRUBI,36.15642160714719,-13.643230834070724,Mozambique,FOO_PAP,NMVOC
1015,1.0842110746341365,MOZAMBIQUE_NIASSA_MANDIMBA_LISSIETE,35.73028508291114,-14.332441674005302,Mozambique,FOO_PAP,NMVOC
1016,0.1656587742641893,MOZAMBIQUE_NIASSA_MANDIMBA_MITANDE,35.98013612645266,-14.147764062736895,Mozambique,FOO_PAP,NMVOC
1017,0.020425576375628786,MOZAMBIQUE_NIASSA_MARRUPA_MARRANGIRA,37.72889340449302,-12.68953895503554,Mozambique,FOO_PAP,NMVOC
1018,0.21009716184214522,MOZAMBIQUE_NIASSA_MARRUPA_MARRUPA SEDE,37.19633769132261,-13.146463272129202,Mozambique,FOO_PAP,NMVOC
1019,0.026235952341702527,MOZAMBIQUE_NIASSA_MARRUPA_NUNGO,37.81925447353719,-13.478328866752053,Mozambique,FOO_PAP,NMVOC
1020,0.03189853173195623,MOZAMBIQUE_NIASSA_MAÚA_MAIACA,37.3005706489584,-14.114170204450419,Mozambique,FOO_PAP,NMVOC
1021,0.182739290457634,MOZAMBIQUE_NIASSA_MAÚA_MAÚA,36.95858875508161,-13.837399370259327,Mozambique,FOO_PAP,NMVOC
1022,0.09178547997371567,MOZAMBIQUE_NIASSA_MAVAGO_MAVAGO SEDE,36.182550803240666,-12.258018044524356,Mozambique,FOO_PAP,NMVOC
1023,0.013242429236313576,MOZAMBIQUE_NIASSA_MAVAGO_MSAWIZE,36.597826594641965,-12.217689955331863,Mozambique,FOO_PAP,NMVOC
1024,0.13324378232876974,MOZAMBIQUE_NIASSA_MECANHELAS_CHIUTA,36.08847717751292,-14.74364623777168,Mozambique,FOO_PAP,NMVOC
1025,0.7553247630497528,MOZAMBIQUE_NIASSA_MECANHELAS_INSACA,36.06761006964796,-15.20035211382043,Mozambique,FOO_PAP,NMVOC
1026,0.0313330763401239,MOZAMBIQUE_NIASSA_MECULA_MATONDOVELA,37.1193193013008,-12.085419283276117,Mozambique,FOO_PAP,NMVOC
1027,0.06683370565578202,MOZAMBIQUE_NIASSA_MECULA_MECULA SEDE,37.94951162557012,-11.849337861322065,Mozambique,FOO_PAP,NMVOC
1028,0.04047247135953274,MOZAMBIQUE_NIASSA_METARICA_NACUMUA,37.16022891434504,-14.413133439925444,Mozambique,FOO_PAP,NMVOC
1029,0.10024544120650876,MOZAMBIQUE_NIASSA_METARICA_NAMICUNDI,36.60578243101672,-14.246532016438536,Mozambique,FOO_PAP,NMVOC
1030,0.10050953738822792,MOZAMBIQUE_NIASSA_MUEMBE_CHICONONO,35.825200631872406,-12.703703422754193,Mozambique,FOO_PAP,NMVOC
1031,0.07162902862756157,MOZAMBIQUE_NIASSA_MUEMBE_MUEMBE,35.78045415030022,-13.116180648877394,Mozambique,FOO_PAP,NMVOC
1032,0.0395604962595586,MOZAMBIQUE_NIASSA_NGAUMA_ITEPELA,35.72513460549021,-13.747122663104934,Mozambique,FOO_PAP,NMVOC
1033,0.3903869274524997,MOZAMBIQUE_NIASSA_NGAUMA_MASSANGULO,35.43617637765224,-13.89029757440695,Mozambique,FOO_PAP,NMVOC
1034,9.572387496558469e-4,MOZAMBIQUE_NIASSA_NIPEPE_MULUCO,38.03235704715008,-13.729080948075778,Mozambique,FOO_PAP,NMVOC
1035,0.15167615560812736,MOZAMBIQUE_NIASSA_NIPEPE_NIPEPE SEDE,37.868200779972554,-14.05769630156578,Mozambique,FOO_PAP,NMVOC
1036,0.13949719514099565,MOZAMBIQUE_NIASSA_SANGA_LUSSIMBESSE,35.17879893805198,-13.045539587648593,Mozambique,FOO_PAP,NMVOC
1037,0.06203226610847696,MOZAMBIQUE_NIASSA_SANGA_MACALOGE,35.50896840865773,-12.2274899473508,Mozambique,FOO_PAP,NMVOC
1038,0.043157047543525714,MOZAMBIQUE_NIASSA_SANGA_MATCHEDJE,35.75189053128633,-11.753298058450781,Mozambique,FOO_PAP,NMVOC
1039,0.05563260789780821,MOZAMBIQUE_NIASSA_SANGA_UNANGO,35.34018877756437,-12.783844219315524,Mozambique,FOO_PAP,NMVOC
1040,0.3957205954707982,MOZAMBIQUE_SOFALA_BÚZI_BÚZI SEDE,34.36044794827508,-19.819912163773225,Mozambique,FOO_PAP,NMVOC
1041,0.1476665201686171,MOZAMBIQUE_SOFALA_BÚZI_ESTAQUINHA,34.16777219776005,-20.149116281359227,Mozambique,FOO_PAP,NMVOC
1042,0.052304618368712454,MOZAMBIQUE_SOFALA_BÚZI_NOVA SOFALA,34.51923951284964,-20.29614767325403,Mozambique,FOO_PAP,NMVOC
1043,0.18635897090543496,MOZAMBIQUE_SOFALA_CAIA_CAIA SEDE,35.01870022079462,-17.9131888576579,Mozambique,FOO_PAP,NMVOC
1044,0,MOZAMBIQUE_SOFALA_CAIA_MURRACA,35.043543737221526,-17.704599519075483,Mozambique,FOO_PAP,NMVOC
1045,0.2412518400644263,MOZAMBIQUE_SOFALA_CAIA_SENA,34.958614543889205,-17.545518104260157,Mozambique,FOO_PAP,NMVOC
1046,0.10921032276814056,MOZAMBIQUE_SOFALA_CHEMBA_CHEMBA,34.796784909165844,-17.161346900583574,Mozambique,FOO_PAP,NMVOC
1047,0.025117288946782185,MOZAMBIQUE_SOFALA_CHEMBA_CHIRAMBA,34.46911953038281,-17.053102795299342,Mozambique,FOO_PAP,NMVOC
1048,0,MOZAMBIQUE_SOFALA_CHEMBA_MULIMA,34.63667292129747,-17.357412370668445,Mozambique,FOO_PAP,NMVOC
1049,0.13238770014544224,MOZAMBIQUE_SOFALA_CHERINGOMA_INHAMINGA,35.225847778954645,-18.633629386192386,Mozambique,FOO_PAP,NMVOC
1050,0.059570879307228465,MOZAMBIQUE_SOFALA_CHERINGOMA_INHAMITANGA,35.21803732270835,-18.19602497310624,Mozambique,FOO_PAP,NMVOC
1051,0.04777710592754907,MOZAMBIQUE_SOFALA_CHIBABAVA_CHIBABAVA,33.625822885571004,-20.32409844006914,Mozambique,FOO_PAP,NMVOC
1052,0.14084177285625754,MOZAMBIQUE_SOFALA_CHIBABAVA_GOONDA SEDE,33.78093779690099,-20.00140681012032,Mozambique,FOO_PAP,NMVOC
1053,0.32308837547907066,MOZAMBIQUE_SOFALA_CHIBABAVA_MUXUNGUE,34.00746860191191,-20.588553113130725,Mozambique,FOO_PAP,NMVOC
1054,0.16003753340186921,MOZAMBIQUE_SOFALA_CIDADE DA BEIRA_CHIVEVE,34.85910823293791,-19.837591338553143,Mozambique,FOO_PAP,NMVOC
1055,0.08035855089956959,MOZAMBIQUE_SOFALA_CIDADE DA BEIRA_MANGA LAFORTE,34.91731660730856,-19.78865079306362,Mozambique,FOO_PAP,NMVOC
1056,0.2436733849434514,MOZAMBIQUE_SOFALA_CIDADE DA BEIRA_MUNHAVA,34.87242987491962,-19.81345968978157,Mozambique,FOO_PAP,NMVOC
1057,0.09386014766836528,MOZAMBIQUE_SOFALA_CIDADE DA BEIRA_NHANGAU,34.98285843795014,-19.693063426738647,Mozambique,FOO_PAP,NMVOC
1058,0.36562278733115117,MOZAMBIQUE_SOFALA_DONDO_CIDADE DE DONDO,34.813763994435696,-19.59912984557761,Mozambique,FOO_PAP,NMVOC
1059,0.18519471340802707,MOZAMBIQUE_SOFALA_DONDO_MAFAMBISSE,34.6172248295846,-19.41411670725845,Mozambique,FOO_PAP,NMVOC
1060,0.002069044424464921,MOZAMBIQUE_SOFALA_DONDO_SAVANE,34.99777842679284,-19.497504876595226,Mozambique,FOO_PAP,NMVOC
1061,0.3274377451622509,MOZAMBIQUE_SOFALA_GORONGOSA_CANDA,33.9411113462195,-18.5269605629544,Mozambique,FOO_PAP,NMVOC
1062,0.15132530846834633,MOZAMBIQUE_SOFALA_GORONGOSA_GORONGOSA,34.32971484173921,-18.78446107770377,Mozambique,FOO_PAP,NMVOC
1063,0.09327508580854824,MOZAMBIQUE_SOFALA_GORONGOSA_VUNDUZI,34.343011287797125,-18.424602841983976,Mozambique,FOO_PAP,NMVOC
1064,1.1678823322820967e-4,MOZAMBIQUE_SOFALA_MACHANGA_CHILOANE,34.92828212630066,-20.64925660347249,Mozambique,FOO_PAP,NMVOC
1065,0.02484265559932751,MOZAMBIQUE_SOFALA_MACHANGA_DIVINHE,34.674247443709874,-20.722876694861167,Mozambique,FOO_PAP,NMVOC
1066,0.10265290370254745,MOZAMBIQUE_SOFALA_MACHANGA_MACHANGA,34.442424245334195,-21.012616087372496,Mozambique,FOO_PAP,NMVOC
1067,0.09015500443861021,MOZAMBIQUE_SOFALA_MARÍNGUÈ_CANXIXE,34.37321686017075,-17.493505870047716,Mozambique,FOO_PAP,NMVOC
1068,0.1858605261481202,MOZAMBIQUE_SOFALA_MARÍNGUÈ_MARÍNGUÈ SEDE,34.485093419015286,-17.81780849718521,Mozambique,FOO_PAP,NMVOC
1069,0.06388917258630156,MOZAMBIQUE_SOFALA_MARÍNGUÈ_SUBUE,34.568189920354946,-18.170574357241573,Mozambique,FOO_PAP,NMVOC
1070,0.3150390805785312,MOZAMBIQUE_SOFALA_MARROMEU_CHUPANGA,35.53979136875223,-18.153606344651298,Mozambique,FOO_PAP,NMVOC
1071,0.2373230214973268,MOZAMBIQUE_SOFALA_MARROMEU_MARROMEU,35.850161288958624,-18.569407020896904,Mozambique,FOO_PAP,NMVOC
1072,0.04788803380031415,MOZAMBIQUE_SOFALA_MUANZA_GALINHA,35.16349786444109,-19.124539501625424,Mozambique,FOO_PAP,NMVOC
1073,0.027205761546526326,MOZAMBIQUE_SOFALA_MUANZA_MUANZA,34.678605858109435,-18.938987307842137,Mozambique,FOO_PAP,NMVOC
1074,0.8455010569602959,MOZAMBIQUE_SOFALA_NHAMATANDA_NHAMATANDA,34.133897175511564,-19.33606727775627,Mozambique,FOO_PAP,NMVOC
1075,0.2759133917773456,MOZAMBIQUE_SOFALA_NHAMATANDA_TICA,34.40940265650747,-19.335470302125614,Mozambique,FOO_PAP,NMVOC
1076,1.426769867782701,MOZAMBIQUE_TETE_ANGÓNIA_DOMUE,34.06227681421749,-14.699140503078468,Mozambique,FOO_PAP,NMVOC
1077,1.3655617665004862,MOZAMBIQUE_TETE_ANGÓNIA_ULONGUE,34.349106886594804,-14.631151521449059,Mozambique,FOO_PAP,NMVOC
1078,0.1441885875221967,MOZAMBIQUE_TETE_CAHORA BASSA_CHINTHOLO,32.430533039546916,-16.216233615153374,Mozambique,FOO_PAP,NMVOC
1079,0.26799299608105187,MOZAMBIQUE_TETE_CAHORA BASSA_CHITIMA,32.56262609101031,-15.785800626605736,Mozambique,FOO_PAP,NMVOC
1080,0.11922090390692837,MOZAMBIQUE_TETE_CAHORA BASSA_SONGO,32.85012635482207,-15.642404356099279,Mozambique,FOO_PAP,NMVOC
1081,0.23279955749675532,MOZAMBIQUE_TETE_CHANGARA_CHIOCO,33.14018587060284,-16.42341231628667,Mozambique,FOO_PAP,NMVOC
1082,0.18059646799835447,MOZAMBIQUE_TETE_CHANGARA_LUENHA,33.11909292885668,-16.867569202571328,Mozambique,FOO_PAP,NMVOC
1083,0.10022773323615755,MOZAMBIQUE_TETE_CHIFUNDE_CHIFUNDE,32.92346063358836,-14.975687318128626,Mozambique,FOO_PAP,NMVOC
1084,0.5256045684070656,MOZAMBIQUE_TETE_CHIFUNDE_MUALADZI,32.96393250347011,-14.33950073375169,Mozambique,FOO_PAP,NMVOC
1085,0.02487490163579737,MOZAMBIQUE_TETE_CHIFUNDE_NSADZO,32.51914214687114,-14.524178249655883,Mozambique,FOO_PAP,NMVOC
1086,0.05345427949839749,MOZAMBIQUE_TETE_CHIÚTA_KAZULA,33.72636156193938,-15.477753515522302,Mozambique,FOO_PAP,NMVOC
1087,0.3032657279739977,MOZAMBIQUE_TETE_CHIÚTA_MANJE,33.25470436942447,-15.466819453220635,Mozambique,FOO_PAP,NMVOC
1088,0.6095109379092953,MOZAMBIQUE_TETE_CIDADE DE TETE_CIDADE DE TETE,33.5668919310786,-16.139469255826608,Mozambique,FOO_PAP,NMVOC
1089,0.6045467232369344,MOZAMBIQUE_TETE_DÔA_DÔA,34.51760621797523,-16.598152740102016,Mozambique,FOO_PAP,NMVOC
1090,0.22388081010576757,MOZAMBIQUE_TETE_MACANGA_CHIDZOLOMONDO,33.35197753831337,-14.918724310435108,Mozambique,FOO_PAP,NMVOC
1091,0.6591895854772897,MOZAMBIQUE_TETE_MACANGA_FURANCUNGO,33.59727820804702,-14.761837402785105,Mozambique,FOO_PAP,NMVOC
1092,0,MOZAMBIQUE_TETE_MÁGOÈ_CHINTHOPO,30.78042037609181,-15.830563886420572,Mozambique,FOO_PAP,NMVOC
1093,0.057360734655033586,MOZAMBIQUE_TETE_MÁGOÈ_MPHENDE,31.891504022092988,-15.845371567366845,Mozambique,FOO_PAP,NMVOC
1094,0.25882449815052844,MOZAMBIQUE_TETE_MÁGOÈ_MUCUMBURA,31.574958142664922,-15.994013693857134,Mozambique,FOO_PAP,NMVOC
1095,0.25697998808025957,MOZAMBIQUE_TETE_MARARA_MARARA,33.1767871500584,-16.057806017371547,Mozambique,FOO_PAP,NMVOC
1096,0.0735523708963517,MOZAMBIQUE_TETE_MARÁVIA_CHIPERA,32.4829526094224,-15.434262338278346,Mozambique,FOO_PAP,NMVOC
1097,0.03438591876352675,MOZAMBIQUE_TETE_MARÁVIA_CHIPUTO,32.35344851188519,-15.03500771920889,Mozambique,FOO_PAP,NMVOC
1098,0.10342309952487112,MOZAMBIQUE_TETE_MARÁVIA_FINGOE,31.820992594832912,-15.343028415557255,Mozambique,FOO_PAP,NMVOC
1099,0.2720028480016339,MOZAMBIQUE_TETE_MARÁVIA_MALOWERA,31.85357215677831,-14.713623464787132,Mozambique,FOO_PAP,NMVOC
1100,0.15364379417022156,MOZAMBIQUE_TETE_MOATIZE_KAMBULATSITSI,34.20055460887969,-16.077264075157483,Mozambique,FOO_PAP,NMVOC
1101,0.5679124610092339,MOZAMBIQUE_TETE_MOATIZE_MOATIZE,33.83033269026306,-16.159543586050585,Mozambique,FOO_PAP,NMVOC
1102,0.6199044399248328,MOZAMBIQUE_TETE_MOATIZE_ZOBUE,34.11068253295919,-15.64316936974153,Mozambique,FOO_PAP,NMVOC
1103,0.1957724185938233,MOZAMBIQUE_TETE_MUTARARA_CHARRE,35.188552287821736,-17.238598593622232,Mozambique,FOO_PAP,NMVOC
1104,0.3608952507470412,MOZAMBIQUE_TETE_MUTARARA_INHANGOMA,35.23245595498249,-17.507231579651293,Mozambique,FOO_PAP,NMVOC
1105,0.13378532740123633,MOZAMBIQUE_TETE_MUTARARA_NHAMAYABUE,35.003122661755604,-17.054371243733755,Mozambique,FOO_PAP,NMVOC
1106,1.9443024024961078,MOZAMBIQUE_TETE_TSANGANO_NTENGO-WAMBALAME,34.41780906847001,-14.917178859746276,Mozambique,FOO_PAP,NMVOC
1107,0.3843250469173928,MOZAMBIQUE_TETE_TSANGANO_TSANGANO,34.29919561554582,-15.250900940934416,Mozambique,FOO_PAP,NMVOC
1108,0,MOZAMBIQUE_TETE_ZUMBO_MUZE,31.19697252624993,-15.017374487026439,Mozambique,FOO_PAP,NMVOC
1109,0.3537155925434263,MOZAMBIQUE_TETE_ZUMBO_ZAMBUE,30.627783948317607,-15.080209177689394,Mozambique,FOO_PAP,NMVOC
1110,0,MOZAMBIQUE_TETE_ZUMBO_ZUMBO,30.98718853424653,-15.492944910698794,Mozambique,FOO_PAP,NMVOC
1111,0.5086499281274286,MOZAMBIQUE_ZAMBÉZIA_ALTO MOLÓCUÈ_ALTO MOLÓCUÈ SEDE,37.75169980366362,-15.82968886527511,Mozambique,FOO_PAP,NMVOC
1112,0.9042980725152477,MOZAMBIQUE_ZAMBÉZIA_ALTO MOLÓCUÈ_NAUELA,37.535152030135166,-15.39189561707578,Mozambique,FOO_PAP,NMVOC
1113,0.047264607291628756,MOZAMBIQUE_ZAMBÉZIA_CHINDE_CHINDE SEDE,36.270548844123184,-18.688008655189545,Mozambique,FOO_PAP,NMVOC
1114,0.13579932220575527,MOZAMBIQUE_ZAMBÉZIA_CHINDE_MICAUNE,36.474996279882056,-18.29299927576296,Mozambique,FOO_PAP,NMVOC
1115,0.06618663219668294,MOZAMBIQUE_ZAMBÉZIA_DERRE_GUERISSA,36.07517658059888,-17.391883949116988,Mozambique,FOO_PAP,NMVOC
1116,0.2717883494513207,MOZAMBIQUE_ZAMBÉZIA_DERRE_MACHINDO,36.14501762444021,-17.028813436740112,Mozambique,FOO_PAP,NMVOC
1117,0.25446420636278677,MOZAMBIQUE_ZAMBÉZIA_GILÉ_ALTO LIGONHA,38.32552055604672,-15.659236148992102,Mozambique,FOO_PAP,NMVOC
1118,0.5551896052431604,MOZAMBIQUE_ZAMBÉZIA_GILÉ_GILÉ,38.2910835056982,-16.135614998196157,Mozambique,FOO_PAP,NMVOC
1119,0.8529190686264871,MOZAMBIQUE_ZAMBÉZIA_GURUÈ_CIDADE DE GURUÈ,36.97092700344254,-15.416132819173738,Mozambique,FOO_PAP,NMVOC
1120,0.699454082765947,MOZAMBIQUE_ZAMBÉZIA_GURUÈ_LIOMA,36.85133659882104,-15.21304720853839,Mozambique,FOO_PAP,NMVOC
1121,0.27543897075610296,MOZAMBIQUE_ZAMBÉZIA_GURUÈ_MEPUAGIUA,37.13396038762665,-15.585338686929129,Mozambique,FOO_PAP,NMVOC
1122,0.6583457519619162,MOZAMBIQUE_ZAMBÉZIA_ILE_ILE,37.33517260666365,-16.094439327573667,Mozambique,FOO_PAP,NMVOC
1123,0.22342419532910404,MOZAMBIQUE_ZAMBÉZIA_ILE_SOCONE,37.24742867277951,-15.78891794152016,Mozambique,FOO_PAP,NMVOC
1124,0.07688349153611033,MOZAMBIQUE_ZAMBÉZIA_INHASSUNGE_GONHANE,36.76819719164744,-18.129199806980733,Mozambique,FOO_PAP,NMVOC
1125,0.15856406474479204,MOZAMBIQUE_ZAMBÉZIA_INHASSUNGE_MUCUPIA,36.82679627550589,-18.02052955876717,Mozambique,FOO_PAP,NMVOC
1126,0.2704729139513776,MOZAMBIQUE_ZAMBÉZIA_LUABO_CHIMBADZO,35.97977141123299,-18.196016220231943,Mozambique,FOO_PAP,NMVOC
1127,0.05381417431309859,MOZAMBIQUE_ZAMBÉZIA_LUABO_SAMORA MACHEL,36.18071023228471,-18.394390454565023,Mozambique,FOO_PAP,NMVOC
1128,0.19246282801733847,MOZAMBIQUE_ZAMBÉZIA_LUGELA_LUGELA SEDE,36.792817501899684,-16.327386357024547,Mozambique,FOO_PAP,NMVOC
1129,0.1843048756047002,MOZAMBIQUE_ZAMBÉZIA_LUGELA_MUABANAMA,36.47880843926437,-16.107038995469004,Mozambique,FOO_PAP,NMVOC
1130,0.17930944605554686,MOZAMBIQUE_ZAMBÉZIA_LUGELA_MUNHAMADE,36.953559162628835,-16.485068132775538,Mozambique,FOO_PAP,NMVOC
1131,0.16429322685145614,MOZAMBIQUE_ZAMBÉZIA_LUGELA_TACUANE,36.46670382747136,-16.401970766492536,Mozambique,FOO_PAP,NMVOC
1132,0.4539583879973882,MOZAMBIQUE_ZAMBÉZIA_MAGANJA DA COSTA_MAGANJA DA COSTA,37.557492419314904,-17.31794215732248,Mozambique,FOO_PAP,NMVOC
1133,0.25451240685292914,MOZAMBIQUE_ZAMBÉZIA_MAGANJA DA COSTA_NANTE,37.278741977984176,-17.32317306931781,Mozambique,FOO_PAP,NMVOC
1134,1.1519012495079504,MOZAMBIQUE_ZAMBÉZIA_MILANGE_MAJAUA,35.436624982155294,-16.253643814284985,Mozambique,FOO_PAP,NMVOC
1135,1.7289766858762186,MOZAMBIQUE_ZAMBÉZIA_MILANGE_MILANGE SEDE,35.963973872998274,-16.234450769061095,Mozambique,FOO_PAP,NMVOC
1136,0.4701423118575736,MOZAMBIQUE_ZAMBÉZIA_MILANGE_MONGUE,35.65648738221003,-16.442722119703557,Mozambique,FOO_PAP,NMVOC
1137,0.7724654055451659,MOZAMBIQUE_ZAMBÉZIA_MOCUBA_CIDADE DE MOCUBA,36.92085203297691,-17.018379997773273,Mozambique,FOO_PAP,NMVOC
1138,0.364315795564132,MOZAMBIQUE_ZAMBÉZIA_MOCUBA_MUGEBA,37.29714017190822,-16.637901594506356,Mozambique,FOO_PAP,NMVOC
1139,0.22830080124695068,MOZAMBIQUE_ZAMBÉZIA_MOCUBA_NAMANJAVIRA,36.48988287703119,-16.806628981302676,Mozambique,FOO_PAP,NMVOC
1140,0.22758843429299097,MOZAMBIQUE_ZAMBÉZIA_MOCUBELA_BAJONE,37.895522331552115,-17.22544194310728,Mozambique,FOO_PAP,NMVOC
1141,0.17311430822332816,MOZAMBIQUE_ZAMBÉZIA_MOCUBELA_MOCUBELA,37.68028351815039,-16.88555041335021,Mozambique,FOO_PAP,NMVOC
1142,0.5048243410429565,MOZAMBIQUE_ZAMBÉZIA_MOLUMBO_CORROMANA,36.05791686767938,-15.749566179759793,Mozambique,FOO_PAP,NMVOC
1143,0.26545680141261807,MOZAMBIQUE_ZAMBÉZIA_MOLUMBO_MOLUMBO SEDE,36.32068964426865,-15.602898065813545,Mozambique,FOO_PAP,NMVOC
1144,0.20783665195554196,MOZAMBIQUE_ZAMBÉZIA_MOPEIA_CAMPO,36.34626125703182,-17.82259550049933,Mozambique,FOO_PAP,NMVOC
1145,0.5446684347855073,MOZAMBIQUE_ZAMBÉZIA_MOPEIA_MOPEIA SEDE,35.80351735470755,-17.841703764849772,Mozambique,FOO_PAP,NMVOC
1146,1.2493183190357682,MOZAMBIQUE_ZAMBÉZIA_MORRUMBALA_CHIRE,35.53140807640189,-16.71068394183522,Mozambique,FOO_PAP,NMVOC
1147,0.12013610631090996,MOZAMBIQUE_ZAMBÉZIA_MORRUMBALA_MEGAZA,35.44414710494373,-17.34322259459494,Mozambique,FOO_PAP,NMVOC
1148,0.6856170220558021,MOZAMBIQUE_ZAMBÉZIA_MORRUMBALA_MORRUMBALA SEDE,35.71818601432962,-17.24576425945072,Mozambique,FOO_PAP,NMVOC
1149,0.02633158475627628,MOZAMBIQUE_ZAMBÉZIA_MULEVALA_CHIRACO,37.76125440346422,-16.32163858126515,Mozambique,FOO_PAP,NMVOC
1150,0.27276542098850193,MOZAMBIQUE_ZAMBÉZIA_MULEVALA_M BAUANE,37.54642716961419,-16.40909467076002,Mozambique,FOO_PAP,NMVOC
1151,0.15897734286994752,MOZAMBIQUE_ZAMBÉZIA_NAMACURRA_MACUSE,37.22484678245629,-17.591775752107008,Mozambique,FOO_PAP,NMVOC
1152,0.03301140263524714,MOZAMBIQUE_ZAMBÉZIA_NAMACURRA_MALEI,37.01133444499841,-17.298645809649788,Mozambique,FOO_PAP,NMVOC
1153,0.503683033141256,MOZAMBIQUE_ZAMBÉZIA_NAMACURRA_NAMACURRA SEDE,36.999724466727024,-17.475100608613698,Mozambique,FOO_PAP,NMVOC
1154,0.43132838332653906,MOZAMBIQUE_ZAMBÉZIA_NAMARROI_NAMARROI,36.932601372279954,-15.997062158730339,Mozambique,FOO_PAP,NMVOC
1155,0.21378208010818675,MOZAMBIQUE_ZAMBÉZIA_NAMARROI_REGONE,36.703202241179774,-15.741498193552788,Mozambique,FOO_PAP,NMVOC
1156,0.03142184660747229,MOZAMBIQUE_ZAMBÉZIA_NICOADALA_MUNHONHA,36.585288815320006,-17.577946128566236,Mozambique,FOO_PAP,NMVOC
1157,0.4429864377715189,MOZAMBIQUE_ZAMBÉZIA_NICOADALA_NICOADALA SEDE,36.663687161432556,-17.524080596030704,Mozambique,FOO_PAP,NMVOC
1158,0.3141677712402623,MOZAMBIQUE_ZAMBÉZIA_PEBANE_MULELA,38.453959254758885,-16.77972576468378,Mozambique,FOO_PAP,NMVOC
1159,0.21008523670243612,MOZAMBIQUE_ZAMBÉZIA_PEBANE_NABURI,38.84329914869052,-16.53846306968174,Mozambique,FOO_PAP,NMVOC
1160,0.25666756663405277,MOZAMBIQUE_ZAMBÉZIA_PEBANE_PEBANE SEDE,38.11397763950611,-16.944696335246178,Mozambique,FOO_PAP,NMVOC
1161,0.38190082147395704,MOZAMBIQUE_ZAMBÉZIA_QUELIMANE_MAQUIVAL,37.05066199126774,-17.80539223477135,Mozambique,FOO_PAP,NMVOC
1162,0.3671144489045971,MOZAMBIQUE_ZAMBÉZIA_QUELIMANE_QUELIMANE,36.917031879996124,-17.859838300308013,Mozambique,FOO_PAP,NMVOC
1163,0.32010838476296816,MOZAMBIQUE_SOFALA_CIDADE DA BEIRA_INHAMIZUA,34.80944811048006,-19.7342235382873,Mozambique,FOO_PAP,NMVOC
1164,0.014026429932406572,MOZAMBIQUE_CABO DELGADO_QUISSANGA_QUISSANGA,40.34522572679413,-12.388146823567476,Mozambique,FOO_PAP,NMVOC
1165,0.4459945968542124,MOZAMBIQUE_ZAMBÉZIA_NICOADALA_NAMACATA,36.87753030165205,-17.747483505410734,Mozambique,FOO_PAP,NMVOC
1166,1.3701897953997446,NAMIBIA_ZAMBEZI_KABBE,24.793790035168254,-17.667984075409294,Namibia,FOO_PAP,NMVOC
1167,2.629675354377894,NAMIBIA_ZAMBEZI_KATIMA MULILO RURAL,24.454538835228554,-17.783707702671318,Namibia,FOO_PAP,NMVOC
1168,0.6050872182328761,NAMIBIA_ZAMBEZI_KATIMA MULILO URBAN,24.279746190016365,-17.50806511335707,Namibia,FOO_PAP,NMVOC
1169,0.221060560792597,NAMIBIA_ZAMBEZI_KONGOLA,23.264204346697873,-17.80294902774862,Namibia,FOO_PAP,NMVOC
1170,0.2755752006746391,NAMIBIA_ZAMBEZI_LINYANTI,23.671437828262256,-18.092266566594112,Namibia,FOO_PAP,NMVOC
1171,0.13044225626296155,NAMIBIA_ZAMBEZI_SIBBINDA,24.108590663155443,-17.85835022128321,Namibia,FOO_PAP,NMVOC
1172,0.7222038289480069,NAMIBIA_ERONGO_ARANDIS,14.691497629475606,-22.264372494788464,Namibia,FOO_PAP,NMVOC
1173,0.11511407636881472,NAMIBIA_ERONGO_DAURES,14.93756663805144,-21.37524651621252,Namibia,FOO_PAP,NMVOC
1174,0.9283968104407804,NAMIBIA_ERONGO_KARIBIB,15.787173934663985,-22.30410061850206,Namibia,FOO_PAP,NMVOC
1175,0.7080138267917977,NAMIBIA_ERONGO_OMARURU,15.95833063241253,-21.31749516745864,Namibia,FOO_PAP,NMVOC
1176,4.242873124368617,NAMIBIA_ERONGO_SWAKOPMUND,14.59907978731461,-22.6202601717113,Namibia,FOO_PAP,NMVOC
1177,7.169017504845083,NAMIBIA_ERONGO_WALVIS BAY RURAL,15.043164785735584,-23.30666115914993,Namibia,FOO_PAP,NMVOC
1178,0.9683948275339,NAMIBIA_ERONGO_WALVIS BAY URBAN,14.51062497535283,-22.954088068577146,Namibia,FOO_PAP,NMVOC
1179,0.5630246428689418,NAMIBIA_HARDAP_GIBEON,16.211055584954146,-24.728927802737125,Namibia,FOO_PAP,NMVOC
1180,1.4284458191967397,NAMIBIA_HARDAP_MARIENTAL RURAL,18.931178051035655,-24.55690325528673,Namibia,FOO_PAP,NMVOC
1181,1.1771380936245717,NAMIBIA_HARDAP_MARIENTAL URBAN,17.552231711371142,-24.506156912910303,Namibia,FOO_PAP,NMVOC
1182,0.10161185336478779,NAMIBIA_HARDAP_REHOBOTH RURAL,16.94802061214784,-23.797424696279414,Namibia,FOO_PAP,NMVOC
1183,1.3820244488986855,NAMIBIA_HARDAP_REHOBOTH URBAN EAST,17.140914395565115,-23.302814761538283,Namibia,FOO_PAP,NMVOC
1184,2.2249182191323165,NAMIBIA_HARDAP_REHOBOTH URBAN WEST,17.035406416002225,-23.29213818904565,Namibia,FOO_PAP,NMVOC
1185,0.2448862437604684,NAMIBIA_//KARAS_BERSEBA,17.43213672122362,-26.402137402623683,Namibia,FOO_PAP,NMVOC
1186,1.2674352771595214,NAMIBIA_//KARAS_KARASBURG,18.711773230367335,-28.093418586403676,Namibia,FOO_PAP,NMVOC
1187,0.6901176342034858,NAMIBIA_//KARAS_KEETMANSHOOP RURAL,18.963044948025257,-26.591724991032446,Namibia,FOO_PAP,NMVOC
1188,1.9826663485323013,NAMIBIA_//KARAS_KEETMANSHOOP URBAN,18.13828868505545,-26.52392990789683,Namibia,FOO_PAP,NMVOC
1189,0.9460055190450976,NAMIBIA_//KARAS_LUDERITZ,15.864291361495141,-26.644991721573984,Namibia,FOO_PAP,NMVOC
1190,1.3388440268426858,NAMIBIA_//KARAS_ORANJEMUND,16.84821332532997,-28.056930475767597,Namibia,FOO_PAP,NMVOC
1191,0.6675092712349705,NAMIBIA_KAVANGO EAST_MASHARE,20.090779832016132,-18.617546949007107,Namibia,FOO_PAP,NMVOC
1192,1.1324471639746112,NAMIBIA_KAVANGO EAST_MUKWE,21.71929868242943,-18.093691738891703,Namibia,FOO_PAP,NMVOC
1193,1.5565675499685891,NAMIBIA_KAVANGO EAST_NDIYONA,20.70537677949861,-18.57519053865166,Namibia,FOO_PAP,NMVOC
1194,5.72896352056593,NAMIBIA_KAVANGO EAST_RUNDU RURAL WEST,19.729735628949058,-18.20829568264125,Namibia,FOO_PAP,NMVOC
1195,0.7835274432842276,NAMIBIA_KAVANGO EAST_RUNDU URBAN,19.77048535736296,-17.905684519464447,Namibia,FOO_PAP,NMVOC
1196,1.6073012561704196,NAMIBIA_KAVANGO EAST_RUNDU RURAL EAST,19.918903908289927,-18.018190028726913,Namibia,FOO_PAP,NMVOC
1197,1.989685790372275,NAMIBIA_KHOMAS_TOBIAS HAINYEKO,17.064566285247462,-22.491571002219786,Namibia,FOO_PAP,NMVOC
1198,0.6774041492863887,NAMIBIA_KHOMAS_KATUTURA CENTRAL,17.053093806653106,-22.5235276855212,Namibia,FOO_PAP,NMVOC
1199,0.8806990649487144,NAMIBIA_KHOMAS_KATUTURA EAST,17.064629491748327,-22.520906899274305,Namibia,FOO_PAP,NMVOC
1200,6.994707218653343,NAMIBIA_KHOMAS_KHOMASDAL NORTH,17.02393885405345,-22.546692524938113,Namibia,FOO_PAP,NMVOC
1201,0.6296920308214381,NAMIBIA_KHOMAS_SOWETO,17.04634348136182,-22.518971599270618,Namibia,FOO_PAP,NMVOC
1202,4.351697631068871,NAMIBIA_KHOMAS_SAMORA MACHEL,17.011693927957612,-22.515093718237296,Namibia,FOO_PAP,NMVOC
1203,4.409920081266586,NAMIBIA_KHOMAS_WINDHOEK EAST,17.14408226450097,-22.62046223783627,Namibia,FOO_PAP,NMVOC
1204,7.786910729311072,NAMIBIA_KHOMAS_WINDHOEK RURAL,17.152644209354136,-22.919981679213087,Namibia,FOO_PAP,NMVOC
1205,14.899171471276473,NAMIBIA_KHOMAS_WINDHOEK WEST,16.999274417411097,-22.61413420573047,Namibia,FOO_PAP,NMVOC
1206,1.7616785009994358,NAMIBIA_KHOMAS_MOSES //GAROEB,17.04398509888085,-22.46917693709735,Namibia,FOO_PAP,NMVOC
1207,0.7673341314244225,NAMIBIA_KUNENE_EPUPA,12.951182297756084,-17.577768817143944,Namibia,FOO_PAP,NMVOC
1208,0.3023510437634509,NAMIBIA_KUNENE_KAMANAJB,15.32465722582946,-19.802405761415024,Namibia,FOO_PAP,NMVOC
1209,0.8200091359317528,NAMIBIA_KUNENE_KHORIXAS,14.18082561343677,-20.491501565211138,Namibia,FOO_PAP,NMVOC
1210,1.5809671593390404,NAMIBIA_KUNENE_OPUWO,13.206749264241742,-18.475898236405577,Namibia,FOO_PAP,NMVOC
1211,1.1297572640132167,NAMIBIA_KUNENE_OUTJO,16.274442963394687,-19.825265069447923,Namibia,FOO_PAP,NMVOC
1212,0.21208060204567875,NAMIBIA_KUNENE_SESFONTEIN,13.640868650570905,-19.49338092253463,Namibia,FOO_PAP,NMVOC
1213,0.6095315976160429,NAMIBIA_OHANGWENA_EENHANA,16.353020701398215,-17.671032492551955,Namibia,FOO_PAP,NMVOC
1214,0.2994479220626527,NAMIBIA_OHANGWENA_ENDOLA,15.820859010662058,-17.625815642509547,Namibia,FOO_PAP,NMVOC
1215,1.0608445832653555,NAMIBIA_OHANGWENA_ENGELA,15.748718902094708,-17.518181174101677,Namibia,FOO_PAP,NMVOC
1216,0.1745924035645403,NAMIBIA_OHANGWENA_EPEMBE,16.685598245035656,-17.66735533080767,Namibia,FOO_PAP,NMVOC
1217,0.44323480716878677,NAMIBIA_OHANGWENA_OHANGWENA,15.882643502502614,-17.520931558141168,Namibia,FOO_PAP,NMVOC
1218,0.3381013494163877,NAMIBIA_OHANGWENA_OKONGO,17.455737413504714,-17.57117050323505,Namibia,FOO_PAP,NMVOC
1219,0.5216308963953189,NAMIBIA_OHANGWENA_OMUNDAUNGILO,16.578551766563972,-17.449506206889357,Namibia,FOO_PAP,NMVOC
1220,0.32608937694393414,NAMIBIA_OHANGWENA_ONDOBE,16.18459197141436,-17.477949671341534,Namibia,FOO_PAP,NMVOC
1221,0.9749592019153287,NAMIBIA_OHANGWENA_ONGENGA,15.668516925400173,-17.447258578058655,Namibia,FOO_PAP,NMVOC
1222,0.5977024101510255,NAMIBIA_OHANGWENA_OSHIKANGO,15.988943461829676,-17.457271133054828,Namibia,FOO_PAP,NMVOC
1223,0.4240188460339701,NAMIBIA_OHANGWENA_OMULONGA,16.093754261365657,-17.654017776298947,Namibia,FOO_PAP,NMVOC
1224,0.08007972565608372,NAMIBIA_OMAHEKE_AMINUIS,19.295775953525137,-23.417526891993003,Namibia,FOO_PAP,NMVOC
1225,2.4275456013898653,NAMIBIA_OMAHEKE_GOBABIS,18.604707150106318,-22.71498381235896,Namibia,FOO_PAP,NMVOC
1226,0.37840737247768896,NAMIBIA_OMAHEKE_KALAHARI,19.48312846470799,-22.503052429131507,Namibia,FOO_PAP,NMVOC
1227,0.21738202410558027,NAMIBIA_OMAHEKE_OTJINENE,18.982375532173915,-20.874933868522408,Namibia,FOO_PAP,NMVOC
1228,0.08799656084319352,NAMIBIA_OMAHEKE_OTJOMBINDE,20.498308652977602,-21.175886752549744,Namibia,FOO_PAP,NMVOC
1229,0.3327070107650216,NAMIBIA_OMAHEKE_STEINHAUSEN,18.80813704803802,-21.78488609292944,Namibia,FOO_PAP,NMVOC
1230,0.03793415327751172,NAMIBIA_OMAHEKE_EPUKIRO,19.646436307793838,-20.93506528769702,Namibia,FOO_PAP,NMVOC
1231,0.07658530429093861,NAMIBIA_OMUSATI_ANAMULENGE,15.10483056097633,-17.506116865915512,Namibia,FOO_PAP,NMVOC
1232,0.00855288754226889,NAMIBIA_OMUSATI_ELIM,15.413739072297282,-17.82200407359759,Namibia,FOO_PAP,NMVOC
1233,0.3612591836447919,NAMIBIA_OMUSATI_ETAYI,15.519494125234022,-17.546723554965112,Namibia,FOO_PAP,NMVOC
1234,0.03809911948076636,NAMIBIA_OMUSATI_OGONGO,15.170545752866131,-17.721649210815624,Namibia,FOO_PAP,NMVOC
1235,0.0895782854693151,NAMIBIA_OMUSATI_OKAHAO,14.876116003002421,-18.693051850022275,Namibia,FOO_PAP,NMVOC
1236,0.26209464041280967,NAMIBIA_OMUSATI_OKALONGO,15.28878445011893,-17.500821675929387,Namibia,FOO_PAP,NMVOC
1237,0.09137034762426761,NAMIBIA_OMUSATI_ONESI,14.628083358790452,-17.577424359547425,Namibia,FOO_PAP,NMVOC
1238,0.247102522316642,NAMIBIA_OMUSATI_OSHIKUKU,15.392620794511467,-17.690835725085098,Namibia,FOO_PAP,NMVOC
1239,0.6899349192357026,NAMIBIA_OMUSATI_OUTAPI,14.846441471749827,-17.517573911214274,Namibia,FOO_PAP,NMVOC
1240,0.32381195590230705,NAMIBIA_OMUSATI_RUACANA,14.407777044865957,-18.097615436899044,Namibia,FOO_PAP,NMVOC
1241,0.16833963418475517,NAMIBIA_OMUSATI_TSANDI,14.78614887515016,-17.886312407797114,Namibia,FOO_PAP,NMVOC
1242,0.05311247603822973,NAMIBIA_OMUSATI_OTAMANZI,15.358988115665142,-18.525957641318243,Namibia,FOO_PAP,NMVOC
1243,0.499182029736678,NAMIBIA_OSHANA_OKAKU,15.943162766854906,-17.77022559144506,Namibia,FOO_PAP,NMVOC
1244,2.882435567119697,NAMIBIA_OSHANA_OKATANA,15.574759437909428,-17.820795199376207,Namibia,FOO_PAP,NMVOC
1245,0.0564349581612105,NAMIBIA_OSHANA_OKATJALI,15.924923293889925,-18.15395120107729,Namibia,FOO_PAP,NMVOC
1246,0.06209653955242162,NAMIBIA_OSHANA_OMPUNDJA,15.659629403226038,-18.011357008061164,Namibia,FOO_PAP,NMVOC
1247,1.5593101683957586,NAMIBIA_OSHANA_ONDANGWA,15.89055793163545,-17.88939506257595,Namibia,FOO_PAP,NMVOC
1248,2.598879728130934,NAMIBIA_OSHANA_ONGWEDIVA,15.823548294632106,-17.763524478913496,Namibia,FOO_PAP,NMVOC
1249,1.3431586326004654,NAMIBIA_OSHANA_OSHAKATI EAST,15.735869553936352,-17.86260914126032,Namibia,FOO_PAP,NMVOC
1250,0.6132062724836481,NAMIBIA_OSHANA_OSHAKATI WEST,15.624549764682277,-17.857865215295526,Namibia,FOO_PAP,NMVOC
1251,1.7574486950852317,NAMIBIA_OSHANA_UUKWIYU,15.884221094272657,-17.99618085800174,Namibia,FOO_PAP,NMVOC
1252,0.1055871661283242,NAMIBIA_OSHANA_UUVUDHIYA,15.696372341891102,-18.671160629838095,Namibia,FOO_PAP,NMVOC
1253,0.055885585522067086,NAMIBIA_OSHIKOTO_EENGONDI,17.332440762836534,-18.19310832303004,Namibia,FOO_PAP,NMVOC
1254,0.7799685377907452,NAMIBIA_OSHIKOTO_GUINAS,17.594343489923055,-18.89437399671328,Namibia,FOO_PAP,NMVOC
1255,0.12775676958138313,NAMIBIA_OSHIKOTO_OKANKOLO,17.177875343763045,-17.878323021444082,Namibia,FOO_PAP,NMVOC
1256,0.6300365070129846,NAMIBIA_OSHIKOTO_OLUKONDA,16.068385898650977,-18.038011932787096,Namibia,FOO_PAP,NMVOC
1257,0.07082816063259026,NAMIBIA_OSHIKOTO_OMUNTELE,16.169328087187097,-18.334827887672034,Namibia,FOO_PAP,NMVOC
1258,0.0936792608571975,NAMIBIA_OSHIKOTO_OMUTHIYAGWIIPUNDI,16.51029242566859,-18.898858129359702,Namibia,FOO_PAP,NMVOC
1259,0.4130871795492026,NAMIBIA_OSHIKOTO_ONAYENA,16.207793411083593,-17.950862651129206,Namibia,FOO_PAP,NMVOC
1260,0.6024506009455138,NAMIBIA_OSHIKOTO_ONIIPA,16.069902480232454,-17.845135062553666,Namibia,FOO_PAP,NMVOC
1261,0.2386606865210829,NAMIBIA_OSHIKOTO_ONYAANYA,16.357556814301276,-18.090881069656568,Namibia,FOO_PAP,NMVOC
1262,1.9552954948196901,NAMIBIA_OSHIKOTO_TSUMEB,17.719219426941624,-19.233610933756992,Namibia,FOO_PAP,NMVOC
1263,1.9046726573542023,NAMIBIA_OTJOZONDJUPA_GROOTFONTEIN,18.435300956629483,-19.307687617586755,Namibia,FOO_PAP,NMVOC
1264,2.5876931165783574,NAMIBIA_OTJOZONDJUPA_OKAHANDJA,16.668747555463238,-21.83565240672381,Namibia,FOO_PAP,NMVOC
1265,0.25734515119755846,NAMIBIA_OTJOZONDJUPA_OKAKARARA,18.334564244255255,-20.38760912604105,Namibia,FOO_PAP,NMVOC
1266,1.9272840181460091,NAMIBIA_OTJOZONDJUPA_OMATAKO,17.282520645457858,-21.20096061005428,Namibia,FOO_PAP,NMVOC
1267,0.7528168117074886,NAMIBIA_OTJOZONDJUPA_OTAVI,17.328950067683728,-19.86763044479583,Namibia,FOO_PAP,NMVOC
1268,3.0463964475732435,NAMIBIA_OTJOZONDJUPA_OTJIWARONGO,16.251829448720684,-20.505042965104394,Namibia,FOO_PAP,NMVOC
1269,0.2680829773885838,NAMIBIA_OTJOZONDJUPA_TSUMKWE,19.9533987514376,-19.722419209002222,Namibia,FOO_PAP,NMVOC
1270,1.1757007089905678,NAMIBIA_KAVANGO WEST_KAHENGE,18.861763150665734,-18.28861226947196,Namibia,FOO_PAP,NMVOC
1271,1.6893773210389291,NAMIBIA_KAVANGO WEST_KAPAKO,19.43557328650503,-18.551716439141092,Namibia,FOO_PAP,NMVOC
1272,0.8398694926953718,NAMIBIA_KAVANGO WEST_MPUNGU,18.26159001570929,-18.04481891772234,Namibia,FOO_PAP,NMVOC
1273,141.25333392414834,Buffalo City (BUF),27.598864254477117,-32.94800582792056,SA,FOO_PAP,NMVOC
1274,774.0447519128287,City of Cape Town (CPT),18.594296829494326,-33.892706933725236,SA,FOO_PAP,NMVOC
1275,14.64578945053923,Camdeboo/Ikwezi/Baviaans (EC101),24.089957646273938,-32.8452024220234,SA,FOO_PAP,NMVOC
1276,7.561744501566514,Blue Crane Rout/ie (EC102),25.41308680240521,-32.778160968279536,SA,FOO_PAP,NMVOC
1277,15.869350957725823,Makana (EC104),26.408254634609886,-33.23516631902399,SA,FOO_PAP,NMVOC
1278,11.551664998549715,Ndlambe (EC105),26.743980167056392,-33.52310164874916,SA,FOO_PAP,NMVOC
1279,12.378010631701168,Sundays River Valley (EC106),25.496722441767997,-33.51169278867713,SA,FOO_PAP,NMVOC
1280,14.989816829056881,Kouga (EC108),24.79959562862642,-33.90429867869783,SA,FOO_PAP,NMVOC
1281,6.42831089437348,Kou-Kamma (EC109),24.060086657020488,-33.867609516127736,SA,FOO_PAP,NMVOC
1282,11.020598034628845,Mbhashe (EC121),28.575231014835296,-32.13220971938858,SA,FOO_PAP,NMVOC
1283,18.724618392674827,Mnquma (EC122),28.156661393124235,-32.34546010162823,SA,FOO_PAP,NMVOC
1284,3.3824061676193073,Great Kei (EC123),28.009533893856762,-32.65908476816192,SA,FOO_PAP,NMVOC
1285,15.485804547790952,Amahlathi (EC124),27.33351960038348,-32.502457790779154,SA,FOO_PAP,NMVOC
1286,5.6781131939404395,Ngqushwa (EC126),27.190552108198407,-33.197883930507096,SA,FOO_PAP,NMVOC
1287,19.896683255354265,Nkonkobe/Nxuba (EC129),26.56395343016319,-32.68648839664744,SA,FOO_PAP,NMVOC
1288,12.429848123330107,Inxuba Yethemba (EC131),25.321553083523288,-31.86297467718648,SA,FOO_PAP,NMVOC
1289,6.2875947555742995,Intsika Yethu (EC135),27.65645293007968,-31.967410209741036,SA,FOO_PAP,NMVOC
1290,8.759145514743773,Emalahleni (EC136),27.196289987483134,-31.59599819484559,SA,FOO_PAP,NMVOC
1291,5.456205621833708,Engcobo (EC137),28.091140856688877,-31.681331250222897,SA,FOO_PAP,NMVOC
1292,7.229933716195635,Sakhisizwe (EC138),27.784464653423093,-31.443073463199052,SA,FOO_PAP,NMVOC
1293,43.80988921466182,Tsolwana/Inkwanca/Lukanji (EC139),26.44231171599927,-31.82713277165301,SA,FOO_PAP,NMVOC
1294,9.28645838340746,Elundini (EC141),28.332923728488446,-30.924613490171907,SA,FOO_PAP,NMVOC
1295,14.823799503241272,Senqu (EC142),27.561052438944984,-30.865504121282964,SA,FOO_PAP,NMVOC
1296,14.676920103864289,Maletswai/Gariep (EC145),26.297982166534812,-30.99072562439091,SA,FOO_PAP,NMVOC
1297,33.55298611046325,Ngquza Hill (EC153),29.61936077896737,-31.240526584482595,SA,FOO_PAP,NMVOC
1298,12.894359076811515,Port St Johns (EC154),29.42127994736776,-31.536133432650935,SA,FOO_PAP,NMVOC
1299,34.340925775374366,Nyandeni (EC155),29.06791507221619,-31.593568922888913,SA,FOO_PAP,NMVOC
1300,12.55835943900638,Mhlontlo (EC156),28.77986734009031,-31.200925478397178,SA,FOO_PAP,NMVOC
1301,51.27057994613816,King Sabata Dalindyebo (EC157),28.67245651353882,-31.763159249936695,SA,FOO_PAP,NMVOC
1302,20.672014014544057,Matatiele (EC441),28.799576805046378,-30.346800314394653,SA,FOO_PAP,NMVOC
1303,14.399323007817067,Umzimvubu (EC442),29.024650004658934,-30.77669158331251,SA,FOO_PAP,NMVOC
1304,37.13027305862302,Mbizana (EC443),29.846100390912305,-30.94913834267403,SA,FOO_PAP,NMVOC
1305,10.824037789378437,Ntabankulu (EC444),29.301335289494258,-30.979143187316314,SA,FOO_PAP,NMVOC
1306,716.5845040514492,Ekurhuleni (EKU),28.312610799006872,-26.19890180039359,SA,FOO_PAP,NMVOC
1307,715.0606238825532,eThekwini (ETH),30.83613967872446,-29.834217800959394,SA,FOO_PAP,NMVOC
1308,6.250292494866025,Letsemeng (FS161),25.014921531561004,-29.358108946328255,SA,FOO_PAP,NMVOC
1309,6.830962569451309,Kopanong (FS162),25.64114039286138,-29.975908538082983,SA,FOO_PAP,NMVOC
1310,9.046136121517454,Mohokare (FS163),26.70843376153791,-30.20845860575575,SA,FOO_PAP,NMVOC
1311,12.994808178405185,Masilonyana (FS181),26.617458659326235,-28.631554189395228,SA,FOO_PAP,NMVOC
1312,5.537375241981416,Tokologo (FS182),25.355991999884054,-28.472588777335627,SA,FOO_PAP,NMVOC
1313,9.294495695278592,Tswelopele (FS183),25.931548564559048,-28.066074672660065,SA,FOO_PAP,NMVOC
1314,83.38740378158623,Matjhabeng (FS184),26.91629852178738,-28.044206331040705,SA,FOO_PAP,NMVOC
1315,14.44280250286079,Nala (FS185),26.443501057951472,-27.620085113823276,SA,FOO_PAP,NMVOC
1316,22.089509373543592,Setsoto (FS191),27.611849107223822,-28.597460113677133,SA,FOO_PAP,NMVOC
1317,23.635419473301635,Dihlabeng (FS192),28.293898689286305,-28.362439638603284,SA,FOO_PAP,NMVOC
1318,10.338133712740579,Nketoana (FS193),28.246098639230098,-27.849730288880405,SA,FOO_PAP,NMVOC
1319,67.67154763920317,Maluti a Phofung (FS194),29.025155447117413,-28.332211824313816,SA,FOO_PAP,NMVOC
1320,7.349627962234448,Phumelela (FS195),29.22855332756709,-27.676780478565117,SA,FOO_PAP,NMVOC
1321,11.394278949786603,Mantsopa (FS196),27.217597861072438,-29.135212154732272,SA,FOO_PAP,NMVOC
1322,33.81254246140575,Moqhaka (FS201),27.193724011739675,-27.500952572439758,SA,FOO_PAP,NMVOC
1323,21.25080563971206,Ngwathe (FS203),27.731911356224305,-27.2957570942759,SA,FOO_PAP,NMVOC
1324,42.20559306242783,Metsimaholo (FS204),28.043759146658957,-26.929132626752555,SA,FOO_PAP,NMVOC
1325,10.463773510844838,Mafube (FS205),28.60779443701931,-27.269640781466524,SA,FOO_PAP,NMVOC
1326,162.7832928949038,Emfuleni (GT421),27.78119575062538,-26.628372404139963,SA,FOO_PAP,NMVOC
1327,51.34040513246261,Midvaal (GT422),28.12922429452965,-26.623049056706034,SA,FOO_PAP,NMVOC
1328,38.06620961238039,Lesedi (GT423),28.506672206506963,-26.461472069502342,SA,FOO_PAP,NMVOC
1329,88.660558506856745,Mogale City (GT481),27.683044173467124,-25.9870777312359,SA,FOO_PAP,NMVOC
1330,38.51539300543653,Merafong City (GT484),27.39947301236414,-26.416916316259925,SA,FOO_PAP,NMVOC
1331,76.22968804196911,New (GT485),27.630358282577387,-26.305377895109828,SA,FOO_PAP,NMVOC
1332,1039.5024830121706,City of Johannesburg (JHB),27.963520457163874,-26.17673292466971,SA,FOO_PAP,NMVOC
1333,19.91104986712808,Umdoni (KZN212),30.564296422383766,-30.26941215278416,SA,FOO_PAP,NMVOC
1334,14.24563542185364,Umzumbe (KZN213),30.34109349485651,-30.48625213454723,SA,FOO_PAP,NMVOC
1335,15.206430367502389,uMuziwabantu (KZN214),29.876024661538295,-30.631036716984855,SA,FOO_PAP,NMVOC
1336,53.289536532279755,Hibiscus Coast (KZN216),30.256268392679218,-30.777445434896816,SA,FOO_PAP,NMVOC
1337,29.55311525564966,uMshwathi (KZN221),30.57723304743919,-29.382907146378955,SA,FOO_PAP,NMVOC
1338,26.137432975448654,uMngeni (KZN222),30.090331468395576,-29.437893652146563,SA,FOO_PAP,NMVOC
1339,4.269339412970473,Mpofana (KZN223),30.025271395990348,-29.190997264613035,SA,FOO_PAP,NMVOC
1340,5.302333181525286,Impendle (KZN224),29.731276209974812,-29.554937527064798,SA,FOO_PAP,NMVOC
1341,108.39751844266546,The Msunduzi (KZN225),30.265492525577752,-29.670137497352023,SA,FOO_PAP,NMVOC
1342,15.091490844711764,Mkhambathini (KZN226),30.54531080327023,-29.843574776336624,SA,FOO_PAP,NMVOC
1343,16.261202279193334,Richmond (KZN227),30.284544545669366,-29.892451867819272,SA,FOO_PAP,NMVOC
1344,19.56008389041762,Okhahlamba (KZN235),29.316126781081834,-28.755389135601764,SA,FOO_PAP,NMVOC
1345,39.29066052294921,New (KZN237),29.823208639417057,-28.98844294297501,SA,FOO_PAP,NMVOC
1346,53.12438287243968,New (KZN238),29.85903127009922,-28.465502298380606,SA,FOO_PAP,NMVOC
1347,12.806116353430452,Endumeni (KZN241),30.298724252947004,-28.170872262516635,SA,FOO_PAP,NMVOC
1348,18.14393889328123,Nqutu (KZN242),30.738402602971842,-28.3057856426724,SA,FOO_PAP,NMVOC
1349,21.86260670910742,Msinga (KZN244),30.448438956915833,-28.605909275422903,SA,FOO_PAP,NMVOC
1350,18.06664518252118,Umvoti (KZN245),30.674407652928558,-29.025108014344248,SA,FOO_PAP,NMVOC
1351,69.129114229940825,Newcastle (KZN252),29.876255990263406,-27.739276183545844,SA,FOO_PAP,NMVOC
1352,10.882090961768865,Emadlangeni (KZN253),30.321232039938934,-27.617907330365107,SA,FOO_PAP,NMVOC
1353,18.587043220227685,Dannhauser (KZN254),30.002289977265942,-28.021393744339566,SA,FOO_PAP,NMVOC
1354,8.674077752068541,eDumbe (KZN261),30.81062292956855,-27.469617673094547,SA,FOO_PAP,NMVOC
1355,18.3215403365273,uPhongolo (KZN262),31.598159005752375,-27.483608832173115,SA,FOO_PAP,NMVOC
1356,39.58321500250149,Abaqulusi (KZN263),31.05300673776844,-27.8257482171015,SA,FOO_PAP,NMVOC
1357,17.19790563881636,Nongoma (KZN265),31.745560356874247,-27.911780178568517,SA,FOO_PAP,NMVOC
1358,22.337921147859184,Ulundi (KZN266),31.309444916664436,-28.239580055499665,SA,FOO_PAP,NMVOC
1359,10.161518524435785,Umhlabuyalingana (KZN271),32.56381651356431,-27.243472986556462,SA,FOO_PAP,NMVOC
1360,15.555205989135414,Jozini (KZN272),32.14557048188946,-27.36815301488439,SA,FOO_PAP,NMVOC
1361,20.339227621254366,Mtubatuba (KZN275),32.29495200731668,-28.28774563454697,SA,FOO_PAP,NMVOC
1362,9.133600712333918,New (KZN276),32.196439917229256,-28.03451780762441,SA,FOO_PAP,NMVOC
1363,20.585635481318345,Mfolozi (KZN281),32.08205666681106,-28.54943900730811,SA,FOO_PAP,NMVOC
1364,66.92160463583524,uMhlathuze (KZN282),31.879279732627545,-28.731153462649306,SA,FOO_PAP,NMVOC
1365,32.34603674174468,uMlalazi (KZN284),31.444902303281012,-28.904859982322336,SA,FOO_PAP,NMVOC
1366,9.444955006799999,Mthonjaneni (KZN285),31.46989521594373,-28.566641254058112,SA,FOO_PAP,NMVOC
1367,7.953234730684275,Nkandla (KZN286),30.992847475348313,-28.65874298560281,SA,FOO_PAP,NMVOC
1368,18.705332785740875,Mandeni (KZN291),31.467602405876107,-29.12389810299933,SA,FOO_PAP,NMVOC
1369,50.03196258947006,KwaDukuza (KZN292),31.25513058898549,-29.355999737664646,SA,FOO_PAP,NMVOC
1370,20.799792974423813,Ndwedwe (KZN293),30.971145236611328,-29.424489832181724,SA,FOO_PAP,NMVOC
1371,10.81621867891405,Maphumulo (KZN294),31.061676575865707,-29.11112579364772,SA,FOO_PAP,NMVOC
1372,14.284241936169197,Greater Kokstad (KZN433),29.333985724860153,-30.300940129030153,SA,FOO_PAP,NMVOC
1373,15.804075655964848,Ubuhlebezwe (KZN434),30.164623949729094,-30.19252582259694,SA,FOO_PAP,NMVOC
1374,22.763142004874826,Umzimkhulu (KZN435),29.73770155638459,-30.291659472535116,SA,FOO_PAP,NMVOC
1375,10.69889635321852,New (KZN436),29.59925971197213,-29.82995036987778,SA,FOO_PAP,NMVOC
1376,47.10529436732911,Greater Giyani (LIM331),30.899690443403223,-23.363950859740118,SA,FOO_PAP,NMVOC
1377,37.22728875658995,Greater Letaba (LIM332),30.27459722174666,-23.51164855271159,SA,FOO_PAP,NMVOC
1378,72.91060977148761,Greater Tzaneen (LIM333),30.25340441091674,-23.835977770536683,SA,FOO_PAP,NMVOC
1379,32.9777583281155,Ba-Phalaborwa (LIM334),31.191583756193857,-23.776931100454973,SA,FOO_PAP,NMVOC
1380,18.275960493090786,Maruleng (LIM335),30.785641757876952,-24.291507940529854,SA,FOO_PAP,NMVOC
1381,29.374904599341836,Musina (LIM341),30.05077110077547,-22.452444078436113,SA,FOO_PAP,NMVOC
1382,82.59159646265356,Thulamela (LIM343),30.555384649799517,-22.785680862120937,SA,FOO_PAP,NMVOC
1383,78.40863927399721,Makhado (LIM344),29.7486767332841,-22.99957537797423,SA,FOO_PAP,NMVOC
1384,63.41421852846512,New (LIM345),30.973389530004273,-22.98859241312989,SA,FOO_PAP,NMVOC
1385,24.215561410310116,Blouberg (LIM351),28.75025951576327,-22.96754705620071,SA,FOO_PAP,NMVOC
1386,25.647700183483007,Molemole (LIM353),29.53603926457335,-23.498363807532403,SA,FOO_PAP,NMVOC
1387,145.8118055534754,Polokwane (LIM354),29.382116648858307,-23.8911198474484,SA,FOO_PAP,NMVOC
1388,43.029345459352626,Lepele-Nkumpi (LIM355),29.706098724754902,-24.26602472477329,SA,FOO_PAP,NMVOC
1389,16.739231710130127,Thabazimbi (LIM361),27.18648986644449,-24.54368940298091,SA,FOO_PAP,NMVOC
1390,22.32306834183399,Lephalale (LIM362),27.797673264901547,-23.67621029455612,SA,FOO_PAP,NMVOC
1391,18.80341157574225,Bela-Bela (LIM366),28.27202559364255,-24.9540355998598,SA,FOO_PAP,NMVOC
1392,57.17118810139122,Mogalakwena (LIM367),28.693646429401138,-23.846776659349114,SA,FOO_PAP,NMVOC
1393,21.826784126744688,Modimolle/Mookgophong (LIM368),28.554318378198634,-24.50378204783512,SA,FOO_PAP,NMVOC
1394,21.40257313928341,Ephraim Mogale (LIM471),29.336691696763047,-24.90184812517883,SA,FOO_PAP,NMVOC
1395,51.75069775116528,Elias Motsoaledi (LIM472),29.56162199731176,-25.195958709787416,SA,FOO_PAP,NMVOC
1396,48.57469012959506,Makhuduthamaga (LIM473),29.77376805671483,-24.72156702551684,SA,FOO_PAP,NMVOC
1397,77.19401494551292,Greater Tubatse/Fetakgomo (LIM476),30.220512409351578,-24.60034155788023,SA,FOO_PAP,NMVOC
1398,170.0218612865022,Mangaung (MAN),26.50052991738285,-29.331493385874897,SA,FOO_PAP,NMVOC
1399,30.4631272012938,Chief Albert Luthuli (MP301),30.486023915525898,-26.055659215342654,SA,FOO_PAP,NMVOC
1400,29.720139344475676,Msukaligwa (MP302),30.12962179212915,-26.468179957263942,SA,FOO_PAP,NMVOC
1401,33.46658251845976,Mkhondo (MP303),30.704664805360647,-26.99281043647496,SA,FOO_PAP,NMVOC
1402,13.551291883647771,Dr Pixley Ka Isaka Seme (MP304),29.955868602689744,-27.12849724731941,SA,FOO_PAP,NMVOC
1403,21.670055831307913,Lekwa (MP305),29.35167338257744,-26.879837519268875,SA,FOO_PAP,NMVOC
1404,8.64130489085468,Dipaleseng (MP306),28.641164057979545,-26.781729068806687,SA,FOO_PAP,NMVOC
1405,68.69097126406935,Govan Mbeki (MP307),29.19601841151445,-26.46697143683172,SA,FOO_PAP,NMVOC
1406,17.216636623954173,Victor Khanye (MP311),28.768849144433155,-26.132617697943477,SA,FOO_PAP,NMVOC
1407,93.62738569728984,Emalahleni (MP312),29.162096257324418,-26.01795048880191,SA,FOO_PAP,NMVOC
1408,54.323376865164576,Steve Tshwete (MP313),29.551938218276963,-25.836944103856947,SA,FOO_PAP,NMVOC
1409,8.066396450221163,Emakhazeni (MP314),30.106821848663742,-25.596921237314394,SA,FOO_PAP,NMVOC
1410,74.95884563772348,Thembisile (MP315),28.95192824101233,-25.470336038962238,SA,FOO_PAP,NMVOC
1411,43.16970500522275,Dr JS Moroka (MP316),28.801472347773178,-25.103882758045668,SA,FOO_PAP,NMVOC
1412,18.765730764242566,Thaba Chweu (MP321),30.57153056410513,-25.064888911517013,SA,FOO_PAP,NMVOC
1413,84.7565121800127,Nkomazi (MP324),31.730184896139622,-25.502441880044394,SA,FOO_PAP,NMVOC
1414,104.23333616473396,Bushbuckridge (MP325),31.524554777444788,-24.556740864902537,SA,FOO_PAP,NMVOC
1415,139.5949950798546,Mbombela/Umjindi (MP326),31.096583710647025,-25.432684098533255,SA,FOO_PAP,NMVOC
1416,0.8727497007090586,Richtersveld (NC061),17.059551072172134,-28.768234043160607,SA,FOO_PAP,NMVOC
1417,8.492750717519646,Nama Khoi (NC062),17.91494133561911,-29.45640456833637,SA,FOO_PAP,NMVOC
1418,1.0185912937867614,Kamiesberg (NC064),18.13015961792784,-30.375500419763604,SA,FOO_PAP,NMVOC
1419,3.749113801068814,Hantam (NC065),19.96076903840225,-30.97326387632367,SA,FOO_PAP,NMVOC
1420,2.106827815722977,Karoo Hoogland (NC066),21.045367164738153,-31.72866537697112,SA,FOO_PAP,NMVOC
1421,1.7747870771829253,Khâi-Ma (NC067),19.26135370838769,-29.537786385108184,SA,FOO_PAP,NMVOC
1422,3.204204472358448,Ubuntu (NC071),23.13370561544698,-31.37353482138949,SA,FOO_PAP,NMVOC
1423,5.878917708518347,Umsobomvu (NC072),25.04764999855825,-30.848177029851588,SA,FOO_PAP,NMVOC
1424,9.061192555437936,Emthanjeni (NC073),23.85840547035036,-30.67860320584649,SA,FOO_PAP,NMVOC
1425,2.067267359365728,Kareeberg (NC074),22.13482818835018,-30.54560022973702,SA,FOO_PAP,NMVOC
1426,2.021512460808758,Renosterberg (NC075),24.450629664298948,-30.255674893884255,SA,FOO_PAP,NMVOC
1427,3.041326219021993,Thembelihle (NC076),23.765002948711334,-29.708430373289627,SA,FOO_PAP,NMVOC
1428,4.550007345460202,Siyathemba (NC077),22.5520117599244,-29.633449473297446,SA,FOO_PAP,NMVOC
1429,8.365837474993791,Siyancuma (NC078),23.368135189529266,-28.983648115956267,SA,FOO_PAP,NMVOC
1430,10.583943907852545,Kai !Garib (NC082),20.415779221325927,-28.968415397154022,SA,FOO_PAP,NMVOC
1431,2.0868497066577545,!Kheis (NC084),21.603495266524188,-29.232655553883756,SA,FOO_PAP,NMVOC
1432,7.84737588593425,Tsantsabane (NC085),22.553384843403045,-28.038581659653413,SA,FOO_PAP,NMVOC
1433,3.8939216491549606,Kgatelopele (NC086),23.63233217640869,-28.217463600827454,SA,FOO_PAP,NMVOC
1434,20.61892410547999,//Khara Hais/Mier (NC087),20.833021354286817,-27.068953107729545,SA,FOO_PAP,NMVOC
1435,56.08495771204937,Sol Plaatjie (NC091),24.514285167088513,-28.743361921797487,SA,FOO_PAP,NMVOC
1436,9.778187032293395,Dikgatlong (NC092),24.192269532669194,-28.193349409504034,SA,FOO_PAP,NMVOC
1437,7.0731804253266795,Magareng (NC093),24.780465069795653,-28.167755341807677,SA,FOO_PAP,NMVOC
1438,7.838037156312124,Phokwane (NC094),24.808908824292622,-27.795177260115924,SA,FOO_PAP,NMVOC
1439,9.451572411272123,Joe Morolong (NC451),22.937720996816267,-26.838253106736673,SA,FOO_PAP,NMVOC
1440,17.582310021704664,Ga-Segonyana (NC452),23.560536877064965,-27.622586314678973,SA,FOO_PAP,NMVOC
1441,13.662421807543815,Gamagara (NC453),22.99607417546456,-27.643424226884566,SA,FOO_PAP,NMVOC
1442,245.24516722874714,Nelson Mandela Bay (NMA),25.492325010511415,-33.804018235171306,SA,FOO_PAP,NMVOC
1443,47.35455957795168,Moretele (NW371),28.03908368696291,-25.176894569186302,SA,FOO_PAP,NMVOC
1444,112.58337063086036,Local Municipality of Madibeng (NW372),27.73365092436683,-25.441079324120807,SA,FOO_PAP,NMVOC
1445,122.36715596871461,Rustenburg (NW373),27.331450416242784,-25.66090837141418,SA,FOO_PAP,NMVOC
1446,13.192724160673983,Kgetlengrivier (NW374),26.864344191252787,-25.72345587170004,SA,FOO_PAP,NMVOC
1447,41.70175887865093,Moses Kotane (NW375),26.866123855951283,-25.13362782615747,SA,FOO_PAP,NMVOC
1448,11.958296675198604,Ratlou (NW381),25.063605925319113,-26.08201587807829,SA,FOO_PAP,NMVOC
1449,19.2246048674232,Tswaing (NW382),25.66098471544643,-26.615774445678632,SA,FOO_PAP,NMVOC
1450,55.79388957097241,Mafikeng (NW383),25.672832054041375,-25.886091780262618,SA,FOO_PAP,NMVOC
1451,28.189270562127078,Ditsobotla (NW384),26.239308215127412,-26.115261364090596,SA,FOO_PAP,NMVOC
1452,26.304827624471006,Ramotshere Moiloa (NW385),26.123471368618137,-25.218995566189637,SA,FOO_PAP,NMVOC
1453,13.554944554808632,Naledi (NW392),24.79527413051862,-26.86329306541285,SA,FOO_PAP,NMVOC
1454,12.804434975971214,Mamusa (NW393),25.277113001282956,-27.22305181117706,SA,FOO_PAP,NMVOC
1455,28.588399301853933,Greater Taung (NW394),24.439135473722978,-27.502819297224146,SA,FOO_PAP,NMVOC
1456,11.358018605656035,Lekwa-Teemane (NW396),25.32923774851763,-27.63922701964027,SA,FOO_PAP,NMVOC
1457,14.766299812189581,Kagisano/Molopo (NW397),23.765026014343153,-26.118051281941728,SA,FOO_PAP,NMVOC
1458,81.50123919248536,City of Matlosana (NW403),26.488149960518996,-26.811358748287205,SA,FOO_PAP,NMVOC
1459,14.673013063190037,Maquassi Hills (NW404),26.033886103084164,-27.23835835490209,SA,FOO_PAP,NMVOC
1460,48.64206349732453,Ventersdorp/Tlokwe (NW405),27.004510453933847,-26.488692826418728,SA,FOO_PAP,NMVOC
1461,689.0876248957092,City of Tshwane (TSH),28.443433217250625,-25.659851428790624,SA,FOO_PAP,NMVOC
1462,12.455598599511085,Matzikama (WC011),18.499074499468698,-31.255840123869305,SA,FOO_PAP,NMVOC
1463,7.467337956594042,Cederberg (WC012),18.924252686680997,-32.25674181208767,SA,FOO_PAP,NMVOC
1464,8.247091136428551,Bergrivier (WC013),18.672795192444063,-32.787492869446815,SA,FOO_PAP,NMVOC
1465,16.605242456275434,Saldanha Bay (WC014),18.176134163611852,-33.010183399822495,SA,FOO_PAP,NMVOC
1466,25.68188536224829,Swartland (WC015),18.620246203734677,-33.30973980958506,SA,FOO_PAP,NMVOC
1467,22.216210861854105,Witzenberg (WC022),19.68890243028827,-32.94978723975034,SA,FOO_PAP,NMVOC
1468,57.65714718113253,Drakenstein (WC023),19.003058669393468,-33.596786916383564,SA,FOO_PAP,NMVOC
1469,59.56260584420303,Stellenbosch (WC024),18.944796363106693,-33.926035417528176,SA,FOO_PAP,NMVOC
1470,31.67783106456398,Breede Valley (WC025),19.699592583285963,-33.571874326586304,SA,FOO_PAP,NMVOC
1471,17.056695300026664,Langeberg (WC026),20.05499702391179,-33.78591943557983,SA,FOO_PAP,NMVOC
1472,14.577996333624316,Theewaterskloof (WC031),19.436205803645056,-34.161235777032985,SA,FOO_PAP,NMVOC
1473,7.526266206860024,Overstrand (WC032),19.376341302447013,-34.476351826606134,SA,FOO_PAP,NMVOC
1474,5.695845761773909,Cape Agulhas (WC033),20.05759261209885,-34.49792816727761,SA,FOO_PAP,NMVOC
1475,5.974597074989544,Swellendam (WC034),20.508876422488118,-34.03689398202183,SA,FOO_PAP,NMVOC
1476,3.459597873880957,Kannaland (WC041),21.318929071812132,-33.60348228547038,SA,FOO_PAP,NMVOC
1477,9.061398635098334,Hessequa (WC042),21.227498281104747,-34.13450499418741,SA,FOO_PAP,NMVOC
1478,13.645932945723937,Mossel Bay (WC043),21.94268858486633,-34.04142256573831,SA,FOO_PAP,NMVOC
1479,35.33682738236542,George (WC044),22.93003160882857,-33.695282456579825,SA,FOO_PAP,NMVOC
1480,18.524586101196928,Oudtshoorn (WC045),22.22097775698059,-33.59287178340578,SA,FOO_PAP,NMVOC
1481,10.383148538363585,Bitou (WC047),23.407081210262664,-33.937355597794785,SA,FOO_PAP,NMVOC
1482,10.995343941019648,Knysna (WC048),22.984307307129328,-33.94604481371343,SA,FOO_PAP,NMVOC
1483,1.3694825664347519,Laingsburg (WC051),20.966020283495638,-33.10361314083431,SA,FOO_PAP,NMVOC
1484,2.4467093028138125,Prince Albert (WC052),22.130117608349714,-33.05111998769453,SA,FOO_PAP,NMVOC
1485,10.461146983741262,Beaufort West (WC053),22.746542364789725,-32.27710950336613,SA,FOO_PAP,NMVOC
1486,2.70933865580353,Timphisini,31.427527777467557,-25.77919829327425,swz,FOO_PAP,NMVOC
1487,3.362211935882873,Ntfonjeni,31.343619162235765,-25.829286995179224,swz,FOO_PAP,NMVOC
1488,2.306177308009739,Mayiwane,31.509506281238203,-25.861738695993047,swz,FOO_PAP,NMVOC
1489,4.076683982812698,Mhlangatane,31.621950825737503,-25.939695519246623,swz,FOO_PAP,NMVOC
1490,3.240213670643767,Ndzingeni,31.43455167846427,-26.004089857679194,swz,FOO_PAP,NMVOC
1491,2.3330891764802835,Madlangempisi,31.567436769117936,-26.099284349171477,swz,FOO_PAP,NMVOC
1492,4.155134313815744,Maphalaleni,31.365091924296856,-26.197321168361256,swz,FOO_PAP,NMVOC
1493,5.440216862961742,Pigg's Peak,31.25696321866851,-25.964805122665727,swz,FOO_PAP,NMVOC
1494,5.821150569838678,Nkhaba,31.143956798528553,-26.137239773416546,swz,FOO_PAP,NMVOC
1495,6.8762738688140645,Motjane,31.02818299839431,-26.30685187288155,swz,FOO_PAP,NMVOC
1496,3.313656610996381,Mbabane West,31.107872683509882,-26.336291548391436,swz,FOO_PAP,NMVOC
1497,3.236672589987672,Mbabane East,31.141081832025073,-26.3027236876315,swz,FOO_PAP,NMVOC
1498,4.926231638390524,Hhukwini,31.222081322674427,-26.32065034848908,swz,FOO_PAP,NMVOC
1499,7.29252541438078,Lobamba,31.181490419840365,-26.413527114735945,swz,FOO_PAP,NMVOC
1500,4.250382429162449,Mkhiweni,31.577441575897375,-26.29070166832214,swz,FOO_PAP,NMVOC
1501,5.892182923312794,Kukhanyeni,31.41051368673318,-26.3747085735696,swz,FOO_PAP,NMVOC
1502,3.7232936006087556,Mafutseni,31.523011856624002,-26.45582801367826,swz,FOO_PAP,NMVOC
1503,4.270755443882534,Mthongwaneni,31.501356709255482,-26.569704960391807,swz,FOO_PAP,NMVOC
1504,4.897525004704592,Manzini North,31.394419676034722,-26.481334398718516,swz,FOO_PAP,NMVOC
1505,1.3254419139983602,Manzini South,31.36837555950807,-26.520560596292356,swz,FOO_PAP,NMVOC
1506,3.1817859137029987,Kwaluseni,31.31330758484104,-26.500651000600236,swz,FOO_PAP,NMVOC
1507,8.561470102026787,Ludzeludze,31.317859732245438,-26.394848493062067,swz,FOO_PAP,NMVOC
1508,5.280501784906161,Lobamba Lomdzala,31.21153822321666,-26.525643141694285,swz,FOO_PAP,NMVOC
1509,10.463870863580146,Nhlambeni,31.408562511847816,-26.630530181944778,swz,FOO_PAP,NMVOC
1510,3.162891208957223,Ntondozi,31.255721117118,-26.631017055506103,swz,FOO_PAP,NMVOC
1511,2.8237923819290986,La-Mgabhi,31.070807855360105,-26.564658624068162,swz,FOO_PAP,NMVOC
1512,2.783635392044112,Mhlambanyatsi,30.98674877164096,-26.450529398348344,swz,FOO_PAP,NMVOC
1513,0.9046707242313966,Mangcongco,30.884645646846423,-26.578126273491335,swz,FOO_PAP,NMVOC
1514,4.891781818881881,Ngwempisi,31.004022599726948,-26.710945657075314,swz,FOO_PAP,NMVOC
1515,3.699172362052723,Mahlangatsha,31.228735687622677,-26.771547360075047,swz,FOO_PAP,NMVOC
1516,1.1381631986662206,Kubuta,31.452603410394964,-26.829896157699594,swz,FOO_PAP,NMVOC
1517,1.8650438966948408,Nkwene,31.25402793120817,-26.88316670443372,swz,FOO_PAP,NMVOC
1518,3.939071725358853,Mtsambama,31.385175952460738,-26.957586651949224,swz,FOO_PAP,NMVOC
1519,2.71216759043066,Gege,31.04308782697033,-26.922942294717792,swz,FOO_PAP,NMVOC
1520,3.8594227001797115,Mbangweni,31.250469017568943,-27.053399828647212,swz,FOO_PAP,NMVOC
1521,7.405085952284596,Maseyisini,31.162763105989555,-27.134686006761925,swz,FOO_PAP,NMVOC
1522,2.6198105659542024,Sandleni,31.429835958875884,-27.064513697748147,swz,FOO_PAP,NMVOC
1523,1.505786848984659,Ngudzeni,31.543105154501283,-27.034785219989786,swz,FOO_PAP,NMVOC
1524,4.957220142348524,Zombodze,31.334568927601403,-27.200313835720486,swz,FOO_PAP,NMVOC
1525,3.394186856679398,Shiselweni,31.49631059380805,-27.253953663192778,swz,FOO_PAP,NMVOC
1526,4.941603899622887,Hosea,31.53433592419686,-27.16191857513413,swz,FOO_PAP,NMVOC
1527,2.4351639150424162,Sigwe,31.6594023333631,-27.07259114844248,swz,FOO_PAP,NMVOC
1528,2.8469394636495573,Matsanjeni South,31.724633678774154,-27.216897918466156,swz,FOO_PAP,NMVOC
1529,0.8417564030749747,Somntongo,31.88647265075323,-27.224260883938804,swz,FOO_PAP,NMVOC
1530,3.1018358844852214,Lubuli,31.871656751031274,-27.032830900051994,swz,FOO_PAP,NMVOC
1531,3.0476979335571928,Sithobela,31.655947353909568,-26.867080532878518,swz,FOO_PAP,NMVOC
1532,3.4280305428181896,Nkilongo,31.89239374698797,-26.83443092667109,swz,FOO_PAP,NMVOC
1533,3.8110794162969492,Siphofaneni,31.66300159138905,-26.6791978798675,swz,FOO_PAP,NMVOC
1534,4.994806959034182,Mpolonjeni,31.874527778817235,-26.583288999847156,swz,FOO_PAP,NMVOC
1535,1.3147352557848162,Matsanjeni North,32.071056369994956,-26.659618839604153,swz,FOO_PAP,NMVOC
1536,2.843328691399266,Lugongolweni,32.01662145780792,-26.34892589847767,swz,FOO_PAP,NMVOC
1537,6.791603019788892,Dvokodvweni,31.74874438011335,-26.450224696421593,swz,FOO_PAP,NMVOC
1538,0.9103317246762711,Hlane,31.805244033997365,-26.296408623452134,swz,FOO_PAP,NMVOC
1539,3.6462719924789684,Mhlume,31.808997857429535,-26.10217970032939,swz,FOO_PAP,NMVOC
1540,2.275549524251852,Lomahasha,32.003415605057185,-26.06346037693349,swz,FOO_PAP,NMVOC
1541,2.246167890908569,ZAMBIA_CENTRAL_CHIBOMBO_CHISAMBA,28.5661943716429,-14.846792545063325,Zambia,FOO_PAP,NMVOC
1542,9.209048143648541,ZAMBIA_CENTRAL_CHIBOMBO_KATUBA,27.98219959351392,-15.171132204750865,Zambia,FOO_PAP,NMVOC
1543,2.4658519100824794,ZAMBIA_CENTRAL_CHIBOMBO_KEEMBE,27.6736546747429,-14.727345017193953,Zambia,FOO_PAP,NMVOC
1544,3.11039778571997,ZAMBIA_CENTRAL_KABWE_BWACHA,28.341941228042526,-14.476746683885342,Zambia,FOO_PAP,NMVOC
1545,3.8188662593832925,ZAMBIA_CENTRAL_KABWE_KABWE CENTRAL,28.516948134035072,-14.407877676196723,Zambia,FOO_PAP,NMVOC
1546,7.562273548071466,ZAMBIA_CENTRAL_KAPIRI MPOSHI_KAPIRI MPOSHI,28.102119922151484,-14.120700762098181,Zambia,FOO_PAP,NMVOC
1547,4.4167949594861,ZAMBIA_CENTRAL_MKUSHI_MKUSHI NORTH,29.469436639963092,-13.730329792225124,Zambia,FOO_PAP,NMVOC
1548,0.5749686850967867,ZAMBIA_CENTRAL_MKUSHI_MKUSHI SOUTH,29.569217404421003,-14.436411331188475,Zambia,FOO_PAP,NMVOC
1549,3.701486890342601,ZAMBIA_CENTRAL_MUMBWA_MUMBWA,26.364188448292417,-14.900633988434736,Zambia,FOO_PAP,NMVOC
1550,1.1456723463173057,ZAMBIA_CENTRAL_MUMBWA_MWEMBESHI,27.701977895362777,-15.40446287674476,Zambia,FOO_PAP,NMVOC
1551,2.479928183497584,ZAMBIA_CENTRAL_MUMBWA_NANGOMA,27.306575058954532,-15.258227671528992,Zambia,FOO_PAP,NMVOC
1552,1.8300782035527416,ZAMBIA_CENTRAL_SERENJE_CHITAMBO,30.253472648282777,-12.560317914404294,Zambia,FOO_PAP,NMVOC
1553,3.48220428957434,ZAMBIA_CENTRAL_SERENJE_MUCHINGA,30.687809502617156,-13.471349520459055,Zambia,FOO_PAP,NMVOC
1554,2.4199814324553968,ZAMBIA_CENTRAL_SERENJE_SERENJE,30.10589973967512,-13.040469573298045,Zambia,FOO_PAP,NMVOC
1555,4.866105816312279,ZAMBIA_COPPERBELT_CHILILABOMBWE_CHILILABOMBWE,27.81464871496207,-12.361165489706172,Zambia,FOO_PAP,NMVOC
1556,5.358170068888325,ZAMBIA_COPPERBELT_CHINGOLA_CHINGOLA,27.669026385939425,-12.505121590267066,Zambia,FOO_PAP,NMVOC
1557,2.378274967154255,ZAMBIA_COPPERBELT_CHINGOLA_NCHANGA,27.97081023345629,-12.528814058526129,Zambia,FOO_PAP,NMVOC
1558,4.64404306494735,ZAMBIA_COPPERBELT_KALULUSHI_KALULUSHI,27.96391886764875,-12.770501908865587,Zambia,FOO_PAP,NMVOC
1559,2.355083250884811,ZAMBIA_COPPERBELT_KITWE_CHIMWEMWE,28.18492901942876,-12.717092029024544,Zambia,FOO_PAP,NMVOC
1560,3.6555897375261126,ZAMBIA_COPPERBELT_KITWE_KAMFINSA,28.35330783309189,-12.8095822567081,Zambia,FOO_PAP,NMVOC
1561,3.1875125379904587,ZAMBIA_COPPERBELT_KITWE_KWACHA,28.302830727693767,-12.77594738834159,Zambia,FOO_PAP,NMVOC
1562,3.3999354950983744,ZAMBIA_COPPERBELT_KITWE_NKANA,28.16694032204235,-12.811008579347963,Zambia,FOO_PAP,NMVOC
1563,3.6784416345319815,ZAMBIA_COPPERBELT_KITWE_WUSAKILE,28.222488074533018,-12.92465702761479,Zambia,FOO_PAP,NMVOC
1564,3.53647661542293,ZAMBIA_COPPERBELT_LUANSHYA_LUANSHYA,28.46004980991987,-13.107078377377691,Zambia,FOO_PAP,NMVOC
1565,1.3360918851897865,ZAMBIA_COPPERBELT_LUANSHYA_ROAN,28.303596506825578,-13.06750066483788,Zambia,FOO_PAP,NMVOC
1566,1.2836742307709788,ZAMBIA_COPPERBELT_LUFWANYAMA_LUFWANYAMA,27.47764081880377,-12.975834907523659,Zambia,FOO_PAP,NMVOC
1567,1.3514875734538219,ZAMBIA_COPPERBELT_MASAITI_KAFULAFUTA,28.808078308441427,-13.326356335242059,Zambia,FOO_PAP,NMVOC
1568,0.766209128808076,ZAMBIA_COPPERBELT_MASAITI_MASAITI,28.553011385110448,-13.359027007303364,Zambia,FOO_PAP,NMVOC
1569,1.3792772045160977,ZAMBIA_COPPERBELT_MPONGWE_MPONGWE,27.790650304373813,-13.595789579892758,Zambia,FOO_PAP,NMVOC
1570,1.6998525296902465,ZAMBIA_COPPERBELT_MUFULIRA_KANKOYO,28.155127636110944,-12.495158993380908,Zambia,FOO_PAP,NMVOC
1571,2.003281562352101,ZAMBIA_COPPERBELT_MUFULIRA_KANTANSHI,28.326104841902225,-12.506850254258554,Zambia,FOO_PAP,NMVOC
1572,4.031014514452992,ZAMBIA_COPPERBELT_MUFULIRA_MUFULIRA,28.338024388673514,-12.6431226302504,Zambia,FOO_PAP,NMVOC
1573,7.91280770698861,ZAMBIA_COPPERBELT_NDOLA_BWANA MKUBWA,28.64549902864361,-13.056256733012118,Zambia,FOO_PAP,NMVOC
1574,2.2081874080577037,ZAMBIA_COPPERBELT_NDOLA_CHIFUBU,28.60823451656592,-12.89879660397216,Zambia,FOO_PAP,NMVOC
1575,0.6373330713122832,ZAMBIA_COPPERBELT_NDOLA_KABUSHI,28.627156043953665,-13.001741922109233,Zambia,FOO_PAP,NMVOC
1576,5.259109831813856,ZAMBIA_COPPERBELT_NDOLA_NDOLA,28.49890269696238,-12.901589820311179,Zambia,FOO_PAP,NMVOC
1577,2.050608227989086,ZAMBIA_EASTERN_CHADIZA_CHADIZA,32.39627549044243,-14.079002215254139,Zambia,FOO_PAP,NMVOC
1578,2.4664018398251133,ZAMBIA_EASTERN_CHADIZA_VUBWI,32.76493860383449,-14.052840040124526,Zambia,FOO_PAP,NMVOC
1579,3.885876700440693,ZAMBIA_EASTERN_CHIPATA_CHIPANGALI,32.638200923536886,-13.30842953137994,Zambia,FOO_PAP,NMVOC
1580,6.343987282116513,ZAMBIA_EASTERN_CHIPATA_CHIPATA,32.60383734056898,-13.637216206455038,Zambia,FOO_PAP,NMVOC
1581,3.1183956727233353,ZAMBIA_EASTERN_CHIPATA_KASENENGWA,32.26713323087467,-13.669423091567161,Zambia,FOO_PAP,NMVOC
1582,2.441943515140575,ZAMBIA_EASTERN_CHIPATA_LUANGENI,32.605070390811335,-13.843705990807868,Zambia,FOO_PAP,NMVOC
1583,1.831862652832326,ZAMBIA_EASTERN_KATETE_MILANZI,32.16528245031478,-14.1891307534823,Zambia,FOO_PAP,NMVOC
1584,4.498263284114566,ZAMBIA_EASTERN_KATETE_MKAIKA,31.9768863225823,-13.972148532747518,Zambia,FOO_PAP,NMVOC
1585,2.8247237776701617,ZAMBIA_EASTERN_KATETE_SINDA,31.73979584134408,-14.178052121693852,Zambia,FOO_PAP,NMVOC
1586,4.0533558550025095,ZAMBIA_EASTERN_LUNDAZI_CHASEFU,33.05328766635874,-11.996456926575963,Zambia,FOO_PAP,NMVOC
1587,3.192631052176785,ZAMBIA_EASTERN_LUNDAZI_LUMEZI,32.5895037879343,-12.649881756316528,Zambia,FOO_PAP,NMVOC
1588,4.3136539741740405,ZAMBIA_EASTERN_LUNDAZI_LUNDAZI,33.2259898380257,-12.406307107286958,Zambia,FOO_PAP,NMVOC
1589,2.331240078661063,ZAMBIA_EASTERN_MAMBWE_MALAMBO,31.981789689929077,-13.346646229523834,Zambia,FOO_PAP,NMVOC
1590,2.8438111331592584,ZAMBIA_EASTERN_NYIMBA_NYIMBA,30.58228012538245,-14.399411197527083,Zambia,FOO_PAP,NMVOC
1591,4.600140858858772,ZAMBIA_EASTERN_PETAUKE_KAPOCHE,31.494550896982194,-14.472461671217527,Zambia,FOO_PAP,NMVOC
1592,1.8841454744332258,ZAMBIA_EASTERN_PETAUKE_MSANZALA,31.295942721648927,-14.317042186360203,Zambia,FOO_PAP,NMVOC
1593,4.9433894027102,ZAMBIA_EASTERN_PETAUKE_PETAUKE,31.395540922703685,-13.831094629172307,Zambia,FOO_PAP,NMVOC
1594,4.251798735775983,ZAMBIA_LUAPULA_CHIENGE_CHIENGE,29.126088992773784,-8.743468946806065,Zambia,FOO_PAP,NMVOC
1595,1.601190216622578,ZAMBIA_LUAPULA_KAWAMBWA_KAWAMBWA,29.075760100164228,-9.771943441852208,Zambia,FOO_PAP,NMVOC
1596,1.4667202798182113,ZAMBIA_LUAPULA_KAWAMBWA_MWANSABOMBWE,28.789708265128425,-9.924894823988827,Zambia,FOO_PAP,NMVOC
1597,1.3422369161632963,ZAMBIA_LUAPULA_KAWAMBWA_PAMBASHE,29.50887712310463,-9.839951270716938,Zambia,FOO_PAP,NMVOC
1598,7.1620702178503555,ZAMBIA_LUAPULA_MANSA_BAHATI,28.96351540414113,-11.185629960923388,Zambia,FOO_PAP,NMVOC
1599,5.838188373891207,ZAMBIA_LUAPULA_MANSA_MANSA,28.819764023233848,-11.47139263102599,Zambia,FOO_PAP,NMVOC
1600,0.7462161843806091,ZAMBIA_LUAPULA_MILENGE_CHEMBE,29.17293034277804,-11.937612639540122,Zambia,FOO_PAP,NMVOC
1601,0.8398429255342881,ZAMBIA_LUAPULA_MWENSE_CHIPILI,29.127537230682734,-10.416802146820574,Zambia,FOO_PAP,NMVOC
1602,0.6792323842144921,ZAMBIA_LUAPULA_MWENSE_MAMBILIMA,28.708979324819012,-10.72243901358301,Zambia,FOO_PAP,NMVOC
1603,4.411697045219494,ZAMBIA_LUAPULA_MWENSE_MWENSE,28.704288885428422,-10.233840547996117,Zambia,FOO_PAP,NMVOC
1604,6.769065162562178,ZAMBIA_LUAPULA_NCHELENGE_NCHELENGE,28.799279562604337,-9.357480292222682,Zambia,FOO_PAP,NMVOC
1605,2.8106250321348454,ZAMBIA_LUAPULA_SAMFYA_BANGEULU,29.625015084138838,-11.781064127014634,Zambia,FOO_PAP,NMVOC
1606,2.1361178831773726,ZAMBIA_LUAPULA_SAMFYA_CHIFUNABULI,29.66126127594006,-11.049808045494856,Zambia,FOO_PAP,NMVOC
1607,0.5896595708915314,ZAMBIA_LUAPULA_SAMFYA_LUAPULA,30.081224160051487,-11.57555382096848,Zambia,FOO_PAP,NMVOC
1608,10.372947472020913,ZAMBIA_LUSAKA_CHONGWE_CHONGWE,28.62232043220776,-15.375229425875759,Zambia,FOO_PAP,NMVOC
1609,1.9515637191962598,ZAMBIA_LUSAKA_CHONGWE_RUFUNSA,29.502907057767036,-15.155837602230632,Zambia,FOO_PAP,NMVOC
1610,11.005405637673492,ZAMBIA_LUSAKA_KAFUE_CHILANGA,28.066936325812314,-15.44535490638688,Zambia,FOO_PAP,NMVOC
1611,6.198256117258468,ZAMBIA_LUSAKA_KAFUE_KAFUE,28.633553227376076,-15.719700213855967,Zambia,FOO_PAP,NMVOC
1612,0.6493075749055068,ZAMBIA_LUSAKA_LUANGWA_FEIRA,30.001466666180438,-15.436979115223238,Zambia,FOO_PAP,NMVOC
1613,4.732379114706282,ZAMBIA_LUSAKA_LUSAKA_CHAWAMA,28.277892786058786,-15.494825189970678,Zambia,FOO_PAP,NMVOC
1614,4.474614715875236,ZAMBIA_LUSAKA_LUSAKA_KABWATA,28.313576899992587,-15.469141457864835,Zambia,FOO_PAP,NMVOC
1615,14.23672389986535,ZAMBIA_LUSAKA_LUSAKA_KANYAMA,28.241833786918246,-15.448835877623589,Zambia,FOO_PAP,NMVOC
1616,7.559737508426662,ZAMBIA_LUSAKA_LUSAKA_LUSAKA CENTRAL,28.385718227507034,-15.443614423440085,Zambia,FOO_PAP,NMVOC
1617,8.108208533832201,ZAMBIA_LUSAKA_LUSAKA_MANDEVU,28.30690375089146,-15.355502657994798,Zambia,FOO_PAP,NMVOC
1618,8.105587069074588,ZAMBIA_LUSAKA_LUSAKA_MATERO,28.24892453686191,-15.368176359794754,Zambia,FOO_PAP,NMVOC
1619,5.932531643235004,ZAMBIA_LUSAKA_LUSAKA_MUNALI,28.36012897447861,-15.383652678329005,Zambia,FOO_PAP,NMVOC
1620,1.1873657631748178,ZAMBIA_MUCHINGA_CHAMA_CHAMA NORTH,32.81643744468033,-10.880583533092976,Zambia,FOO_PAP,NMVOC
1621,2.702067724019978,ZAMBIA_MUCHINGA_CHAMA_CHAMA SOUTH,32.78471054140707,-11.6247965412926,Zambia,FOO_PAP,NMVOC
1622,2.877753314330002,ZAMBIA_MUCHINGA_CHINSALI_CHINSALI,32.20205651587303,-10.323776635389398,Zambia,FOO_PAP,NMVOC
1623,2.066454945658973,ZAMBIA_MUCHINGA_CHINSALI_SHIWANGANDU,31.721073704369985,-11.018271642196154,Zambia,FOO_PAP,NMVOC
1624,3.147433409752277,ZAMBIA_MUCHINGA_ISOKA_ISOKA,32.83157916201906,-10.015458694518209,Zambia,FOO_PAP,NMVOC
1625,2.700711771820193,ZAMBIA_MUCHINGA_MAFINGA_MAFINGA,33.320064435132885,-10.350038785725467,Zambia,FOO_PAP,NMVOC
1626,2.518991508936821,ZAMBIA_MUCHINGA_MPIKA_KANCHIBIYA,30.767597782864076,-11.793121981043948,Zambia,FOO_PAP,NMVOC
1627,0.8782852766620735,ZAMBIA_MUCHINGA_MPIKA_MFUWE,31.68140990235467,-12.460736570531072,Zambia,FOO_PAP,NMVOC
1628,3.693169078604469,ZAMBIA_MUCHINGA_MPIKA_MPIKA,31.600995341696276,-11.82141862258269,Zambia,FOO_PAP,NMVOC
1629,4.884494204954475,ZAMBIA_MUCHINGA_NAKONDE_NAKONDE,32.59445867875421,-9.48933692360338,Zambia,FOO_PAP,NMVOC
1630,1.4143538818520103,ZAMBIA_NORTH-WESTERN_CHAVUMA_CHAVUMA,22.42573267284074,-13.22307607264871,Zambia,FOO_PAP,NMVOC
1631,1.2195600151008494,ZAMBIA_NORTH-WESTERN_IKELENGE_IKELENGE,24.265566159411794,-11.264693559055068,Zambia,FOO_PAP,NMVOC
1632,1.7614560831335506,ZAMBIA_NORTH-WESTERN_KABOMPO_KABOMPO EAST,24.333259981075226,-13.000787615759398,Zambia,FOO_PAP,NMVOC
1633,1.6359865723170415,ZAMBIA_NORTH-WESTERN_KABOMPO_KABOMPO WEST,23.967433420364337,-13.543246354862898,Zambia,FOO_PAP,NMVOC
1634,2.0080220832825595,ZAMBIA_NORTH-WESTERN_KASEMPA_KASEMPA,26.225215837797798,-13.697546089000006,Zambia,FOO_PAP,NMVOC
1635,2.0026805560781344,ZAMBIA_NORTH-WESTERN_MUFUMBWE_MUFUMBWE,25.222580629080518,-13.82667330878823,Zambia,FOO_PAP,NMVOC
1636,3.6153344428030274,ZAMBIA_NORTH-WESTERN_MWINILUNGA_MWINILUNGA,24.66864327756739,-12.00169258239465,Zambia,FOO_PAP,NMVOC
1637,4.8885430376225525,ZAMBIA_NORTH-WESTERN_SOLWEZI_SOLWEZI CENTRAL,26.44180853806062,-12.23351559486465,Zambia,FOO_PAP,NMVOC
1638,2.4084973138716315,ZAMBIA_NORTH-WESTERN_SOLWEZI_SOLWEZI EAST,26.924860431725694,-12.47471580400728,Zambia,FOO_PAP,NMVOC
1639,2.8433873532108116,ZAMBIA_NORTH-WESTERN_SOLWEZI_SOLWEZI WEST,25.64177287198704,-12.432625474734706,Zambia,FOO_PAP,NMVOC
1640,2.5537902481742614,ZAMBIA_NORTH-WESTERN_ZAMBEZI_ZAMBEZI EAST,23.352098742368717,-13.506899960265104,Zambia,FOO_PAP,NMVOC
1641,0.8183230900266885,ZAMBIA_NORTH-WESTERN_ZAMBEZI_ZAMBEZI WEST,22.68845582256741,-13.661697661175266,Zambia,FOO_PAP,NMVOC
1642,2.7874068384132213,ZAMBIA_NORTHERN_CHILUBI_CHILUBI,30.23872612353324,-11.097573495570215,Zambia,FOO_PAP,NMVOC
1643,1.0595366659617587,ZAMBIA_NORTHERN_KAPUTA_CHIMBAMILONGA,30.119408096016002,-8.840847206858331,Zambia,FOO_PAP,NMVOC
1644,2.312985392376039,ZAMBIA_NORTHERN_KAPUTA_KAPUTA,29.670380201705797,-8.747788369420219,Zambia,FOO_PAP,NMVOC
1645,5.433436332472508,ZAMBIA_NORTHERN_KASAMA_KASAMA,30.925954822365615,-10.044291996416009,Zambia,FOO_PAP,NMVOC
1646,4.841230457785199,ZAMBIA_NORTHERN_KASAMA_LUKASHYA,30.961511545081454,-10.567400463097538,Zambia,FOO_PAP,NMVOC
1647,2.564302570630701,ZAMBIA_NORTHERN_LUWINGU_LUBASENSHI,30.35622609217487,-10.619038732815206,Zambia,FOO_PAP,NMVOC
1648,2.364521750720686,ZAMBIA_NORTHERN_LUWINGU_LUPOSOSHI,29.69126154256829,-10.62270072169756,Zambia,FOO_PAP,NMVOC
1649,4.397354051237627,ZAMBIA_NORTHERN_MBALA_MBALA,31.42437500732999,-8.951021217432977,Zambia,FOO_PAP,NMVOC
1650,2.999511526451374,ZAMBIA_NORTHERN_MBALA_NSENGA HILL,31.655127392254517,-9.319794073965294,Zambia,FOO_PAP,NMVOC
1651,1.9463713600908665,ZAMBIA_NORTHERN_MPOROKOSO_LUNTE,30.403652875074233,-9.823323451491882,Zambia,FOO_PAP,NMVOC
1652,1.4293835372753572,ZAMBIA_NORTHERN_MPOROKOSO_MPOROKOSO,29.883883348105797,-9.437855153817008,Zambia,FOO_PAP,NMVOC
1653,3.806919331674491,ZAMBIA_NORTHERN_MPULUNGU_MPULUNGU,30.78636919692387,-8.968610296667714,Zambia,FOO_PAP,NMVOC
1654,4.869214055852976,ZAMBIA_NORTHERN_MUNGWI_MALOLE,31.728489567287085,-9.896913955738247,Zambia,FOO_PAP,NMVOC
1655,5.913554271237808,ZAMBIA_SOUTHERN_CHOMA_CHOMA,27.03480670841098,-16.91005369465202,Zambia,FOO_PAP,NMVOC
1656,0.9225843914872651,ZAMBIA_SOUTHERN_CHOMA_MBABALA,26.878091190949394,-16.397242287620944,Zambia,FOO_PAP,NMVOC
1657,1.6285115244829567,ZAMBIA_SOUTHERN_CHOMA_PEMBA,27.389336109531165,-16.6922264694868,Zambia,FOO_PAP,NMVOC
1658,1.2596966282731923,ZAMBIA_SOUTHERN_GWEMBE_GWEMBE,27.902856111757792,-16.68233138263457,Zambia,FOO_PAP,NMVOC
1659,2.785174094011087,ZAMBIA_SOUTHERN_ITEZHI-TEZHI_ITEZHI-TEZHI,26.020217543791258,-15.7607528165834,Zambia,FOO_PAP,NMVOC
1660,2.495045175300444,ZAMBIA_SOUTHERN_KALOMO_DUNDUMWEZI,26.347684943863122,-16.562181114840755,Zambia,FOO_PAP,NMVOC
1661,4.709620962173863,ZAMBIA_SOUTHERN_KALOMO_KALOMO CENTRAL,26.543830205005484,-17.04577047621827,Zambia,FOO_PAP,NMVOC
1662,2.4138309462936522,ZAMBIA_SOUTHERN_KALOMO_MAPATIZYA,26.573648865923055,-17.60560978993712,Zambia,FOO_PAP,NMVOC
1663,3.3539123375213116,ZAMBIA_SOUTHERN_KAZUNGULA_KATOMBOLA,25.620145077663306,-17.10654461326524,Zambia,FOO_PAP,NMVOC
1664,5.625087544712869,ZAMBIA_SOUTHERN_LIVINGSTONE_LIVINGSTONE,25.839580948996286,-17.78612641067007,Zambia,FOO_PAP,NMVOC
1665,2.0617980956065307,ZAMBIA_SOUTHERN_MAZABUKA_CHIKANKANTA,28.249723480811323,-16.043422007395407,Zambia,FOO_PAP,NMVOC
1666,2.159780499562804,ZAMBIA_SOUTHERN_MAZABUKA_MAGOYE,27.622182683908022,-15.892078551482996,Zambia,FOO_PAP,NMVOC
1667,3.305449434193995,ZAMBIA_SOUTHERN_MAZABUKA_MAZABUKA,27.866970138091503,-15.883245062553383,Zambia,FOO_PAP,NMVOC
1668,3.5869018736552425,ZAMBIA_SOUTHERN_MONZE_BWEENGWA,27.295625399394282,-16.052573578414865,Zambia,FOO_PAP,NMVOC
1669,2.045325253901138,ZAMBIA_SOUTHERN_MONZE_MONZE,27.424178441098487,-16.37563866559767,Zambia,FOO_PAP,NMVOC
1670,0.6636131531381411,ZAMBIA_SOUTHERN_MONZE_MOOMBA,27.74187104427267,-16.27482011727548,Zambia,FOO_PAP,NMVOC
1671,3.454780410018762,ZAMBIA_SOUTHERN_NAMWALA_NAMWALA,26.754936143714463,-15.941500457068749,Zambia,FOO_PAP,NMVOC
1672,2.848033843412123,ZAMBIA_SOUTHERN_SIAVONGA_SIAVONGA,28.558985238419726,-16.299401498003242,Zambia,FOO_PAP,NMVOC
1673,4.209695953713326,ZAMBIA_SOUTHERN_SINAZONGWE_SINAZONGWE,27.2807179112331,-17.412421319914454,Zambia,FOO_PAP,NMVOC
1674,1.0541501975965661,ZAMBIA_WESTERN_KALABO_KALABO,22.668138967214684,-15.307899116519774,Zambia,FOO_PAP,NMVOC
1675,1.2008277283905797,ZAMBIA_WESTERN_KALABO_LIUWA,22.52502997101939,-14.544065929033211,Zambia,FOO_PAP,NMVOC
1676,1.7242048252138813,ZAMBIA_WESTERN_KALABO_SIKONGO,22.23056038773834,-15.257742796071241,Zambia,FOO_PAP,NMVOC
1677,1.5829104110012306,ZAMBIA_WESTERN_KAOMA_KAOMA CENTRAL,25.04922080679012,-14.711954129645061,Zambia,FOO_PAP,NMVOC
1678,1.966036952455476,ZAMBIA_WESTERN_KAOMA_LUAMPA,24.7584458265249,-15.368086057238425,Zambia,FOO_PAP,NMVOC
1679,3.1099762524776904,ZAMBIA_WESTERN_KAOMA_MANGANGO,24.20746270318245,-14.68910855437414,Zambia,FOO_PAP,NMVOC
1680,2.172464245847479,ZAMBIA_WESTERN_LUKULU_LUKULU EAST,23.81996806853094,-14.315822982748186,Zambia,FOO_PAP,NMVOC
1681,1.2285219710334274,ZAMBIA_WESTERN_LUKULU_LUKULU WEST,22.70316851981578,-14.164055699101722,Zambia,FOO_PAP,NMVOC
1682,1.490693795851826,ZAMBIA_WESTERN_MONGU_LUENA,23.38135094476587,-14.985379948947877,Zambia,FOO_PAP,NMVOC
1683,4.33984516269423,ZAMBIA_WESTERN_MONGU_MONGU,23.068428950456155,-15.31687093689524,Zambia,FOO_PAP,NMVOC
1684,0.8998259067289709,ZAMBIA_WESTERN_MONGU_NALIKWANDA,23.72533656058688,-15.414725554230015,Zambia,FOO_PAP,NMVOC
1685,2.132012847495268,ZAMBIA_WESTERN_SENANGA_NALOLO,22.99253670582597,-15.779390158424558,Zambia,FOO_PAP,NMVOC
1686,1.6940488974471728,ZAMBIA_WESTERN_SENANGA_SENANGA,23.792887275411474,-16.016325554311614,Zambia,FOO_PAP,NMVOC
1687,1.107529011619291,ZAMBIA_WESTERN_SESHEKE_MULOBEZI,24.724112710511307,-16.289759152706516,Zambia,FOO_PAP,NMVOC
1688,0.2550800025546072,ZAMBIA_WESTERN_SESHEKE_MWANDI,24.670803007655817,-17.12205319673227,Zambia,FOO_PAP,NMVOC
1689,1.9332410485406677,ZAMBIA_WESTERN_SESHEKE_SESHEKE,23.916635107519514,-17.092487993044916,Zambia,FOO_PAP,NMVOC
1690,2.9601713529504874,ZAMBIA_WESTERN_SHANGOMBO_SINJEMBELA,22.839280468061588,-16.556734241433883,Zambia,FOO_PAP,NMVOC
1691,22.632675804386658,ZIMBABWE_BULAWAYO_BULAWAYO,28.55567706568358,-20.121806460207072,Zimbabwe,FOO_PAP,NMVOC
1692,3.2835954240873306,ZIMBABWE_HARARE_CHITUNGWIZA,31.062838912942162,-18.014236385326917,Zimbabwe,FOO_PAP,NMVOC
1693,2.261833145586066,ZIMBABWE_HARARE_EPWORTH,31.158844682035582,-17.895344948865215,Zimbabwe,FOO_PAP,NMVOC
1694,9.090972365950137,ZIMBABWE_HARARE_HARARE RURAL,31.033297352175815,-17.944938825553283,Zimbabwe,FOO_PAP,NMVOC
1695,51.92746983909251,ZIMBABWE_HARARE_HARARE URBAN,31.053673281248084,-17.8087732583129,Zimbabwe,FOO_PAP,NMVOC
1696,6.863782345513008,ZIMBABWE_MANICALAND_BUHERA,31.868285637589167,-19.44901571975412,Zimbabwe,FOO_PAP,NMVOC
1697,5.200447801689911,ZIMBABWE_MANICALAND_CHIMANIMANI,32.72164024280516,-19.784108007827292,Zimbabwe,FOO_PAP,NMVOC
1698,9.404141717924364,ZIMBABWE_MANICALAND_CHIPINGE RURAL,32.47381587494327,-20.496658221164754,Zimbabwe,FOO_PAP,NMVOC
1699,0.13273230389196627,ZIMBABWE_MANICALAND_CHIPINGE URBAN,32.62525066931281,-20.203342282599305,Zimbabwe,FOO_PAP,NMVOC
1700,8.08557276798798,ZIMBABWE_MANICALAND_MAKONI,32.182681398233086,-18.362321102437782,Zimbabwe,FOO_PAP,NMVOC
1701,9.011323615974584,ZIMBABWE_MANICALAND_MUTARE RURAL,32.42405654036695,-19.23143328486722,Zimbabwe,FOO_PAP,NMVOC
1702,4.043869344031857,ZIMBABWE_MANICALAND_MUTARE URBAN,32.620103748244716,-18.993444874807192,Zimbabwe,FOO_PAP,NMVOC
1703,7.1868523637656025,ZIMBABWE_MANICALAND_MUTASA,32.708920145094964,-18.63951558406826,Zimbabwe,FOO_PAP,NMVOC
1704,2.9087699429632004,ZIMBABWE_MANICALAND_NYANGA,32.75779759089013,-17.937869291717597,Zimbabwe,FOO_PAP,NMVOC
1705,0.2726570821124704,ZIMBABWE_MANICALAND_RUSAPE,32.13124708351301,-18.538249469398476,Zimbabwe,FOO_PAP,NMVOC
1706,4.40287444612792,ZIMBABWE_MASHONALAND CENTRAL_BINDURA,31.308333991475948,-17.245810503074562,Zimbabwe,FOO_PAP,NMVOC
1707,0.2338692124307875,ZIMBABWE_MASHONALAND CENTRAL_BINDURA URBAN,31.338858234356994,-17.3093886532423,Zimbabwe,FOO_PAP,NMVOC
1708,3.7112548386284887,ZIMBABWE_MASHONALAND CENTRAL_CENTENARY,31.143553067008124,-16.426346851768386,Zimbabwe,FOO_PAP,NMVOC
1709,2.909948833299707,ZIMBABWE_MASHONALAND CENTRAL_GURUVE,30.657935830574306,-16.684420866652317,Zimbabwe,FOO_PAP,NMVOC
1710,9.411795202119455,ZIMBABWE_MASHONALAND CENTRAL_MAZOWE,30.931668747440714,-17.252158251526673,Zimbabwe,FOO_PAP,NMVOC
1711,1.2575605746302556,ZIMBABWE_MASHONALAND CENTRAL_MBIRE,30.519312056760068,-16.11820181165008,Zimbabwe,FOO_PAP,NMVOC
1712,6.896211672594547,ZIMBABWE_MASHONALAND CENTRAL_MOUNT DARWIN,31.651491668814078,-16.571909628015707,Zimbabwe,FOO_PAP,NMVOC
1713,0.04585555042430105,ZIMBABWE_MASHONALAND CENTRAL_MVURI,30.85020407197247,-17.024637648570337,Zimbabwe,FOO_PAP,NMVOC
1714,3.181246368782493,ZIMBABWE_MASHONALAND CENTRAL_RUSHINGA,32.294391117865416,-16.608502576184932,Zimbabwe,FOO_PAP,NMVOC
1715,3.2080555646025535,ZIMBABWE_MASHONALAND CENTRAL_SHAMVA,31.63881570830867,-17.094658891017033,Zimbabwe,FOO_PAP,NMVOC
1716,3.1460867875319174,ZIMBABWE_MASHONALAND EAST_CHIKOMBA,31.10402641900697,-18.890937479797454,Zimbabwe,FOO_PAP,NMVOC
1717,9.132987676742447,ZIMBABWE_MASHONALAND EAST_GOROMONZI,31.33811610926192,-17.784846519288877,Zimbabwe,FOO_PAP,NMVOC
1718,1.950738808886642,ZIMBABWE_MASHONALAND EAST_HWEDZA,31.63567042276917,-18.735938924713302,Zimbabwe,FOO_PAP,NMVOC
1719,4.142164078337006,ZIMBABWE_MASHONALAND EAST_MARONDERA,31.497737809885596,-18.2710373540706,Zimbabwe,FOO_PAP,NMVOC
1720,0.6316422276581137,ZIMBABWE_MASHONALAND EAST_MARONDERA URBAN,31.548361807518038,-18.199991583553473,Zimbabwe,FOO_PAP,NMVOC
1721,3.4817636998947656,ZIMBABWE_MASHONALAND EAST_MUDZI,32.63753498981691,-17.031754865127553,Zimbabwe,FOO_PAP,NMVOC
1722,5.381259987600215,ZIMBABWE_MASHONALAND EAST_MUREHWA,31.821688822036187,-17.796798612607663,Zimbabwe,FOO_PAP,NMVOC
1723,3.2035979536595494,ZIMBABWE_MASHONALAND EAST_MUTOKO,32.27426153980204,-17.444387012058822,Zimbabwe,FOO_PAP,NMVOC
1724,1.2902224247975091,ZIMBABWE_MASHONALAND EAST_RUWA LOCAL BOARD,31.228165448921906,-17.884607511234528,Zimbabwe,FOO_PAP,NMVOC
1725,10.69559643195882,ZIMBABWE_MASHONALAND EAST_SEKE,30.953065122788516,-18.254181114854948,Zimbabwe,FOO_PAP,NMVOC
1726,3.0350463539835406,ZIMBABWE_MASHONALAND EAST_UZUMBA-MARAMBA-PFUNGWE,32.043136848699056,-17.081573218275697,Zimbabwe,FOO_PAP,NMVOC
1727,5.198414644276502,ZIMBABWE_MASHONALAND WEST_CHEGUTU,30.395139990113776,-18.143600800629375,Zimbabwe,FOO_PAP,NMVOC
1728,0.6133747363503564,ZIMBABWE_MASHONALAND WEST_CHEGUTU URBAN,30.13470538711357,-18.12439557940687,Zimbabwe,FOO_PAP,NMVOC
1729,1.5347665273907096,ZIMBABWE_MASHONALAND WEST_CHINHOYI,30.129570688206996,-17.358929514724238,Zimbabwe,FOO_PAP,NMVOC
1730,13.6565792375515,ZIMBABWE_MASHONALAND WEST_HURUNGWE,29.53703485277088,-16.437165238308324,Zimbabwe,FOO_PAP,NMVOC
1731,2.7165847998108763,ZIMBABWE_MASHONALAND WEST_KADOMA,29.92798975734448,-18.33918663580368,Zimbabwe,FOO_PAP,NMVOC
1732,2.494254108882001,ZIMBABWE_MASHONALAND WEST_KARIBA,28.61128807360195,-16.89292695403643,Zimbabwe,FOO_PAP,NMVOC
1733,0.23887035823846545,ZIMBABWE_MASHONALAND WEST_KARIBA URBAN,28.808652741937127,-16.523383393233598,Zimbabwe,FOO_PAP,NMVOC
1734,0.10374154389481975,ZIMBABWE_MASHONALAND WEST_KAROI,29.694591418294163,-16.820573750915116,Zimbabwe,FOO_PAP,NMVOC
1735,5.343697214159388,ZIMBABWE_MASHONALAND WEST_MAKONDE,30.012073182765725,-17.123223173134424,Zimbabwe,FOO_PAP,NMVOC
1736,3.528288653824768,ZIMBABWE_MASHONALAND WEST_MHONDORONGEZI,30.163967503298224,-18.577761621097395,Zimbabwe,FOO_PAP,NMVOC
1737,0.7550288074655979,ZIMBABWE_MASHONALAND WEST_NORTON,30.678320648378314,-17.88198298430611,Zimbabwe,FOO_PAP,NMVOC
1738,5.337513954646683,ZIMBABWE_MASHONALAND WEST_SANYATI,29.581196326682427,-18.02169161774344,Zimbabwe,FOO_PAP,NMVOC
1739,7.0213187345781565,ZIMBABWE_MASHONALAND WEST_ZVIMBA,30.44738003368097,-17.503589961775102,Zimbabwe,FOO_PAP,NMVOC
1740,5.436880834243935,ZIMBABWE_MASVINGO_BIKITA,31.91211467778198,-20.145279592483647,Zimbabwe,FOO_PAP,NMVOC
1741,13.072584057121277,ZIMBABWE_MASVINGO_CHIREDZI RURAL,31.683341413535224,-21.347708807444196,Zimbabwe,FOO_PAP,NMVOC
1742,0.29874224104500985,ZIMBABWE_MASVINGO_CHIREDZI URBAN,31.67971758814407,-21.029338840368688,Zimbabwe,FOO_PAP,NMVOC
1743,7.420651932682925,ZIMBABWE_MASVINGO_CHIVI,30.575374256749075,-20.490369810018144,Zimbabwe,FOO_PAP,NMVOC
1744,5.065130359206636,ZIMBABWE_MASVINGO_GUTU,31.242523750576176,-19.610801584902255,Zimbabwe,FOO_PAP,NMVOC
1745,1.284655637982789,ZIMBABWE_MASVINGO_MASVINGO,30.83494037723815,-20.07306774396139,Zimbabwe,FOO_PAP,NMVOC
1746,10.082429267263416,ZIMBABWE_MASVINGO_MASVINGO RURAL,30.910738382293413,-20.260376828144526,Zimbabwe,FOO_PAP,NMVOC
1747,4.525679220590458,ZIMBABWE_MASVINGO_MWENEZI,30.691741175078764,-21.36544378064084,Zimbabwe,FOO_PAP,NMVOC
1748,6.561009656437278,ZIMBABWE_MASVINGO_ZAKA,31.42731784993799,-20.386700025852814,Zimbabwe,FOO_PAP,NMVOC
1749,5.359264150294108,ZIMBABWE_MATABELELAND NORTH_BINGA,27.656210711179945,-17.789917553155632,Zimbabwe,FOO_PAP,NMVOC
1750,2.8307682479876637,ZIMBABWE_MATABELELAND NORTH_BUBI,28.685180931499218,-19.513947345699094,Zimbabwe,FOO_PAP,NMVOC
1751,3.687565300861048,ZIMBABWE_MATABELELAND NORTH_HWANGE,26.423179889687354,-18.71113404476513,Zimbabwe,FOO_PAP,NMVOC
1752,0.8820919992952317,ZIMBABWE_MATABELELAND NORTH_HWANGE URBAN,26.46801043565975,-18.372016600758958,Zimbabwe,FOO_PAP,NMVOC
1753,3.6779815742507536,ZIMBABWE_MATABELELAND NORTH_LUPANE,27.79328072988368,-18.839114218902946,Zimbabwe,FOO_PAP,NMVOC
1754,3.175133857082334,ZIMBABWE_MATABELELAND NORTH_NKAYI,28.661176006857257,-18.88355717575602,Zimbabwe,FOO_PAP,NMVOC
1755,3.070819576130045,ZIMBABWE_MATABELELAND NORTH_TSHOLOTSHO,27.414283617138953,-19.61964010445645,Zimbabwe,FOO_PAP,NMVOC
1756,3.2087934790494366,ZIMBABWE_MATABELELAND NORTH_UMGUZA,28.271066028232603,-19.819869340116053,Zimbabwe,FOO_PAP,NMVOC
1757,0.3575466976563706,ZIMBABWE_MATABELELAND NORTH_VICTORIA FALLS,25.829883287476026,-17.92990704990956,Zimbabwe,FOO_PAP,NMVOC
1758,3.0710379181951586,ZIMBABWE_MATABELELAND SOUTH_BEITBRIDGE RURAL,30.032227315484988,-21.908181587615122,Zimbabwe,FOO_PAP,NMVOC
1759,0.45582456624344914,ZIMBABWE_MATABELELAND SOUTH_BEITBRIDGE URBAN,30.005198690269744,-22.19816655945671,Zimbabwe,FOO_PAP,NMVOC
1760,2.8504001588841836,ZIMBABWE_MATABELELAND SOUTH_BULILIMA,27.573442352722388,-20.169421371289143,Zimbabwe,FOO_PAP,NMVOC
1761,4.109566973006483,ZIMBABWE_MATABELELAND SOUTH_GWANDA,29.162201344353758,-21.236732145513137,Zimbabwe,FOO_PAP,NMVOC
1762,0.078323420009772,ZIMBABWE_MATABELELAND SOUTH_GWANDA URBAN,29.001018112960306,-20.93393035805012,Zimbabwe,FOO_PAP,NMVOC
1763,3.2347495563066984,ZIMBABWE_MATABELELAND SOUTH_INSIZA,29.405124054354932,-20.257921118201494,Zimbabwe,FOO_PAP,NMVOC
1764,3.1534118630687984,ZIMBABWE_MATABELELAND SOUTH_MATOBO,28.491004036525954,-20.955582194378135,Zimbabwe,FOO_PAP,NMVOC
1765,0.20034600426798654,ZIMBABWE_MATABELELAND SOUTH_PLUMTREE,27.816351882493578,-20.50409730643698,Zimbabwe,FOO_PAP,NMVOC
1766,1.8913230391990477,ZIMBABWE_MATABELELAND SOUTH_UMZINGWANE,28.94552119766589,-20.34465698117629,Zimbabwe,FOO_PAP,NMVOC
1767,2.669784844684035,ZIMBABWE_MIDLANDS_CHIRUMANZU,30.481519343037423,-19.319633373328976,Zimbabwe,FOO_PAP,NMVOC
1768,8.404704471359045,ZIMBABWE_MIDLANDS_GOKWE NORTH,28.837677893701187,-17.570419471118004,Zimbabwe,FOO_PAP,NMVOC
1769,9.665955617498147,ZIMBABWE_MIDLANDS_GOKWE SOUTH,28.645633627572618,-18.206523936363304,Zimbabwe,FOO_PAP,NMVOC
1770,0.1414482370281174,ZIMBABWE_MIDLANDS_GOKWE TOWN,28.940176689013466,-18.22128365220127,Zimbabwe,FOO_PAP,NMVOC
1771,3.1919277804218518,ZIMBABWE_MIDLANDS_GWERU,29.817923337717286,-19.45269647021317,Zimbabwe,FOO_PAP,NMVOC
1772,4.815129532871422,ZIMBABWE_MIDLANDS_GWERU RURAL,29.63690224470826,-19.466810605052125,Zimbabwe,FOO_PAP,NMVOC
1773,1.948413006410154,ZIMBABWE_MIDLANDS_KWEKWE,29.81635406697312,-18.917482667926965,Zimbabwe,FOO_PAP,NMVOC
1774,8.230866857978711,ZIMBABWE_MIDLANDS_KWEKWE RURAL,29.551841911899576,-18.878863937431618,Zimbabwe,FOO_PAP,NMVOC
1775,6.807698845824831,ZIMBABWE_MIDLANDS_MBERENGWA,30.01016178871132,-20.74365987883918,Zimbabwe,FOO_PAP,NMVOC
1776,0.8439414138959846,ZIMBABWE_MIDLANDS_REDCLIFF,29.76586767080143,-19.022868422004397,Zimbabwe,FOO_PAP,NMVOC
1777,0.8595095551563845,ZIMBABWE_MIDLANDS_SHURUGWI,29.99793599865513,-19.69370465973288,Zimbabwe,FOO_PAP,NMVOC
1778,2.6078172614710677,ZIMBABWE_MIDLANDS_SHURUGWI RURAL,30.15294241347956,-19.750231393050633,Zimbabwe,FOO_PAP,NMVOC
1779,3.294606476818388,ZIMBABWE_MIDLANDS_ZVISHAVANE,30.078676585245802,-20.27716243014893,Zimbabwe,FOO_PAP,NMVOC
1780,0.8532172985560034,ZIMBABWE_MIDLANDS_ZVISHAVANE MINE,30.053840966799243,-20.319854351134133,Zimbabwe,FOO_PAP,NMVOC
1781,1.679279537942274,ZIMBABWE_MATABELELAND SOUTH_MANGWE,28.019398455119735,-20.990691255910058,Zimbabwe,FOO_PAP,NMVOC
