census_id,emis,geo_name,lon,lat,country,code,poll
0001,9.016468278051745,ANGOLA_BENGO_AMBRIZ,13.500573856748415,-7.941839245075118,Angola,AWB,NMVOC
0002,4.219772070702332,ANGOLA_BENGO_BULA ATUMBA,14.820908751789867,-8.634475645495783,Angola,AWB,NMVOC
0003,46.726950300995625,ANGOLA_BENGO_DANDE,13.841710609854086,-8.53534736049627,Angola,AWB,NMVOC
0004,4.6959837766882435,ANGOLA_BENGO_DEMBOS,14.552452662474186,-8.506656679922113,Angola,AWB,NMVOC
0005,41.66888850676407,ANGOLA_BENGO_NAMBUANGONGO,14.25926486683566,-8.047643790272277,Angola,AWB,NMVOC
0006,1.0260079993473048,ANGOLA_BENGO_PANGO ALUQUÉM,14.467187741962098,-8.753291428515478,Angola,AWB,NMVOC
0007,44.96715094281676,ANGOLA_BENGUELA_BAÍA FARTA,13.110895429150032,-13.169353899832894,Angola,AWB,NMVOC
0008,150.93189567306047,ANGOLA_BENGUELA_BALOMBO,14.785534807000774,-12.362142938317604,Angola,AWB,NMVOC
0009,11.808189407202654,ANGOLA_BENGUELA_BENGUELA,13.613234701433782,-12.750903810317325,Angola,AWB,NMVOC
0010,273.7708113965804,ANGOLA_BENGUELA_BOCOIO,14.273806030010297,-12.337517465231237,Angola,AWB,NMVOC
0011,52.428508388095636,ANGOLA_BENGUELA_CAIMBAMBO,13.925466200463916,-13.103370379840863,Angola,AWB,NMVOC
0012,8.976207281336793,ANGOLA_BENGUELA_CATUMBELA,13.680172800346687,-12.477296385532492,Angola,AWB,NMVOC
0013,185.0119709500947,ANGOLA_BENGUELA_CHONGOROI,13.804725364547245,-13.596741410412521,Angola,AWB,NMVOC
0014,242.35792683437683,ANGOLA_BENGUELA_CUBAL,14.349577634106108,-13.16149142143734,Angola,AWB,NMVOC
0015,259.2741790616429,ANGOLA_BENGUELA_GANDA,14.733920867955561,-13.122131963632688,Angola,AWB,NMVOC
0016,36.55432179906404,ANGOLA_BENGUELA_LOBITO,13.886545783996153,-12.092395259332209,Angola,AWB,NMVOC
0017,331.85599360367553,ANGOLA_BIÉ_ANDULO,16.463299708517784,-11.274658946317146,Angola,AWB,NMVOC
0018,219.15046795899,ANGOLA_BIÉ_CAMACUPA,17.780227977541617,-12.451681506672221,Angola,AWB,NMVOC
0019,125.04888481412371,ANGOLA_BIÉ_CATABOLA,17.254341809340623,-12.147939255129183,Angola,AWB,NMVOC
0020,48.862410267188125,ANGOLA_BIÉ_CHINGUAR,16.57220235885333,-12.562961032395926,Angola,AWB,NMVOC
0021,310.48726206383117,ANGOLA_BIÉ_CHITEMBO,17.2256685420672,-13.4761375683222,Angola,AWB,NMVOC
0022,106.20263380770037,ANGOLA_BIÉ_CUEMBA,18.450876402365434,-11.812583973776919,Angola,AWB,NMVOC
0023,163.44577204090623,ANGOLA_BIÉ_CUITO,17.0195337801636,-12.539053407735349,Angola,AWB,NMVOC
0024,70.66710140006504,ANGOLA_BIÉ_CUNHINGA,16.806485043535446,-11.988245606222938,Angola,AWB,NMVOC
0025,185.34608191929155,ANGOLA_BIÉ_NHAREA,17.157724905821997,-11.308602978499657,Angola,AWB,NMVOC
0026,2.0907537066783553,ANGOLA_CABINDA_BELIZE,12.84464336058737,-4.605790961567085,Angola,AWB,NMVOC
0027,4.3311733779535455,ANGOLA_CABINDA_BUCO ZAU,12.545868870473262,-4.802124175234638,Angola,AWB,NMVOC
0028,37.56294279320791,ANGOLA_CABINDA_CABINDA,12.36403326270615,-5.461872414729606,Angola,AWB,NMVOC
0029,12.565366737744645,ANGOLA_CABINDA_CACONGO,12.242228043574034,-5.043712430446504,Angola,AWB,NMVOC
0030,14.891096261074646,ANGOLA_KUANDO KUBANGO_CALAI,19.414268804995988,-17.367954683212766,Angola,AWB,NMVOC
0031,78.94926701241363,ANGOLA_KUANDO KUBANGO_CUANGAR,18.15299180710266,-17.054777832805367,Angola,AWB,NMVOC
0032,129.96466014484602,ANGOLA_KUANDO KUBANGO_CUCHI,16.962579756983985,-14.692891199511664,Angola,AWB,NMVOC
0033,121.10879810849842,ANGOLA_KUANDO KUBANGO_CUITO CUANAVALE,18.841355039845936,-14.950150376556852,Angola,AWB,NMVOC
0034,13.529473536437875,ANGOLA_KUANDO KUBANGO_DIRICO,20.825162039879295,-17.52729673830151,Angola,AWB,NMVOC
0035,186.83072620578506,ANGOLA_KUANDO KUBANGO_MAVINGA,20.292091111981065,-16.124977275218903,Angola,AWB,NMVOC
0036,121.16165342896115,ANGOLA_KUANDO KUBANGO_MENONGUE,17.745373647024998,-15.225709939331868,Angola,AWB,NMVOC
0037,51.63727424023997,ANGOLA_KUANDO KUBANGO_NANCOVA,18.73240828489362,-16.388826303005242,Angola,AWB,NMVOC
0038,71.66778733950781,ANGOLA_KUANDO KUBANGO_RIVUNGO,21.95105197046031,-16.860900758284263,Angola,AWB,NMVOC
0039,54.20201997172946,ANGOLA_KWANZA NORTE_AMBACA,15.509119051943488,-8.223269097816729,Angola,AWB,NMVOC
0040,13.12744159745307,ANGOLA_KWANZA NORTE_BANGA,15.153253461606287,-8.689616530469744,Angola,AWB,NMVOC
0041,1.3070189598409077,ANGOLA_KWANZA NORTE_BOLONGONGO,15.113302487330705,-8.382132376680488,Angola,AWB,NMVOC
0042,33.82836249707912,ANGOLA_KWANZA NORTE_CAMBAMBE,14.521816633134614,-9.433964278230446,Angola,AWB,NMVOC
0043,18.001977769961073,ANGOLA_KWANZA NORTE_CAZENGO,14.779870946066733,-9.320031680889498,Angola,AWB,NMVOC
0044,5.896266694476433,ANGOLA_KWANZA NORTE_GOLUNGO ALTO,14.666387710001,-9.076507922069805,Angola,AWB,NMVOC
0045,23.47495204756954,ANGOLA_KWANZA NORTE_LUCALA,15.238258650636386,-9.139267281380702,Angola,AWB,NMVOC
0046,12.285910749043662,ANGOLA_KWANZA NORTE_NGONGUEMBO,14.901663408090647,-8.902563767131948,Angola,AWB,NMVOC
0047,0.9010338151631087,ANGOLA_KWANZA NORTE_QUICULUNGO,15.319625776448795,-8.49002907643525,Angola,AWB,NMVOC
0048,46.76466902894039,ANGOLA_KWANZA NORTE_SAMBA CAJÚ,15.494620704324683,-8.808515207926657,Angola,AWB,NMVOC
0049,25.439950196384423,ANGOLA_KWANZA SUL_AMBOIM,14.409446053756277,-10.888247311555114,Angola,AWB,NMVOC
0050,160.26801547565245,ANGOLA_KWANZA SUL_CASSONGUE,14.969245996228281,-11.823486279155278,Angola,AWB,NMVOC
0051,96.65640972265203,ANGOLA_KWANZA SUL_CELA,15.327509138494797,-11.286611386444985,Angola,AWB,NMVOC
0052,34.573496746583814,ANGOLA_KWANZA SUL_CONDA,14.457113187835018,-11.173469665594153,Angola,AWB,NMVOC
0053,35.56471809957029,ANGOLA_KWANZA SUL_EBO,14.756355439021709,-10.954311333786544,Angola,AWB,NMVOC
0054,71.9170190678156,ANGOLA_KWANZA SUL_LIBOLO,14.990540118658812,-10.063463539441377,Angola,AWB,NMVOC
0055,283.4232900802573,ANGOLA_KWANZA SUL_MUSSENDE,15.978658982493396,-10.268786589120642,Angola,AWB,NMVOC
0056,37.94045609300644,ANGOLA_KWANZA SUL_PORTO AMBOIM,13.942283729197893,-10.627805552833145,Angola,AWB,NMVOC
0057,149.55977974676495,ANGOLA_KWANZA SUL_QUIBALA,15.335713103750756,-10.699008506951671,Angola,AWB,NMVOC
0058,22.33931317051341,ANGOLA_KWANZA SUL_QUILENDA,14.370237419617364,-10.524491857097443,Angola,AWB,NMVOC
0059,82.52078615268783,ANGOLA_KWANZA SUL_SELES,14.50091627350989,-11.457587720793851,Angola,AWB,NMVOC
0060,41.588877204395466,ANGOLA_KWANZA SUL_SUMBE,14.04934311345206,-11.49811492361192,Angola,AWB,NMVOC
0061,155.71158982477863,ANGOLA_CUNENE_CAHAMA,14.247669093888437,-16.41710354139286,Angola,AWB,NMVOC
0062,57.811148064427535,ANGOLA_CUNENE_CUANHAMA,16.320547599774045,-16.48223334568777,Angola,AWB,NMVOC
0063,121.25265387530483,ANGOLA_CUNENE_CUROCA,13.788175609536145,-16.932294476395295,Angola,AWB,NMVOC
0064,39.26501822151683,ANGOLA_CUNENE_CUVELAI,16.136146428177735,-15.746368160393057,Angola,AWB,NMVOC
0065,27.467407009458462,ANGOLA_CUNENE_NAMACUNDE,16.606272115792553,-17.074018548021083,Angola,AWB,NMVOC
0066,44.06679463003,ANGOLA_CUNENE_OMBADJA,14.941895100531925,-16.768959146811532,Angola,AWB,NMVOC
0067,598.0587109908308,ANGOLA_HUAMBO_BAILUNDO,15.850466201739053,-11.950050465566608,Angola,AWB,NMVOC
0068,233.88319034514652,ANGOLA_HUAMBO_CAÁLA,15.572188198073116,-13.27102876067493,Angola,AWB,NMVOC
0069,148.95310276325802,ANGOLA_HUAMBO_CACHIUNGO,16.319644201016246,-12.759421533499594,Angola,AWB,NMVOC
0070,116.40327340170585,ANGOLA_HUAMBO_ECUNHA,15.49134958273524,-12.53401934231182,Angola,AWB,NMVOC
0071,171.22933487504147,ANGOLA_HUAMBO_HUAMBO,15.79536569507517,-12.819324307871682,Angola,AWB,NMVOC
0072,209.80828082470507,ANGOLA_HUAMBO_LONDUIMBALI,15.292015045757923,-12.235996591708586,Angola,AWB,NMVOC
0073,167.74752817686195,ANGOLA_HUAMBO_LONGONJO,15.22279516795389,-13.084757821818668,Angola,AWB,NMVOC
0074,261.12947173108967,ANGOLA_HUAMBO_MUNGO,16.20588037491343,-11.755072951814116,Angola,AWB,NMVOC
0075,319.2268338179842,ANGOLA_HUAMBO_CHICALA CHOLOHANGA,16.092706109508978,-12.95985009260693,Angola,AWB,NMVOC
0076,57.36761640166214,ANGOLA_HUAMBO_CHINJENJE,14.940107561316543,-12.818781665594054,Angola,AWB,NMVOC
0077,76.25998834067381,ANGOLA_HUAMBO_UCUMA,15.15058241504692,-12.745033355569538,Angola,AWB,NMVOC
0078,257.78054740830856,ANGOLA_HUÍLA_CACONDA,15.158416365277283,-13.778376463063532,Angola,AWB,NMVOC
0079,17.057368880135865,ANGOLA_HUÍLA_CACULA,14.291948368736596,-14.437668897988177,Angola,AWB,NMVOC
0080,90.40852899469112,ANGOLA_HUÍLA_CALUQUEMBE,14.553605248971426,-13.943434135545042,Angola,AWB,NMVOC
0081,35.36680110033631,ANGOLA_HUÍLA_CHIBIA,13.860963321337298,-15.220319449437994,Angola,AWB,NMVOC
0082,84.87699541196295,ANGOLA_HUÍLA_CHICOMBA,15.019421703365952,-14.30430435864405,Angola,AWB,NMVOC
0083,321.1962613675723,ANGOLA_HUÍLA_CHIPINDO,15.73591828652565,-13.88531948048917,Angola,AWB,NMVOC
0084,319.83852401464185,ANGOLA_HUÍLA_CUVANGO,16.318716983084595,-14.2140670585581,Angola,AWB,NMVOC
0085,200.49282264737866,ANGOLA_HUÍLA_GAMBOS,14.0555441801658,-15.836380299367216,Angola,AWB,NMVOC
0086,11.787388467871606,ANGOLA_HUÍLA_HUMPATA,13.37340825793292,-15.07711619840059,Angola,AWB,NMVOC
0087,233.32500495768093,ANGOLA_HUÍLA_JAMBA,15.84246469273556,-14.813136321719922,Angola,AWB,NMVOC
0088,9.976005396065435,ANGOLA_HUÍLA_LUBANGO,13.74650625251509,-14.782265363665282,Angola,AWB,NMVOC
0089,36.39948366615056,ANGOLA_HUÍLA_MATALA,15.162569522619448,-15.264035381319765,Angola,AWB,NMVOC
0090,36.918484041230485,ANGOLA_HUÍLA_QUILENGUES,13.926712495367244,-14.10284606537322,Angola,AWB,NMVOC
0091,24.66072502727058,ANGOLA_HUÍLA_QUIPUNGO,14.584346812183863,-15.11197852346331,Angola,AWB,NMVOC
0092,10.657561281968416,ANGOLA_LUANDA_BELAS,13.174021473379,-9.08837444152561,Angola,AWB,NMVOC
0093,1.355535740802486,ANGOLA_LUANDA_CACUACO,13.451339905381309,-8.81991357363531,Angola,AWB,NMVOC
0094,0.2489188501939154,ANGOLA_LUANDA_CAZENGA,13.300213504677842,-8.82313810517484,Angola,AWB,NMVOC
0095,12.246353116329486,ANGOLA_LUANDA_ICOLO E BENGO,13.862681054977354,-9.152861347234415,Angola,AWB,NMVOC
0096,0.13639465200158482,ANGOLA_LUANDA_LUANDA,13.252264930379923,-8.85095461326464,Angola,AWB,NMVOC
0097,91.96746176012137,ANGOLA_LUANDA_QUISSAMA,13.850629524262196,-9.831116523016574,Angola,AWB,NMVOC
0098,4.214686414057768,ANGOLA_LUANDA_VIANA,13.400581493461187,-9.003465052028048,Angola,AWB,NMVOC
0099,200.0797758966405,ANGOLA_LUNDA NORTE_CAMBULO,21.496387269915466,-7.900107950052335,Angola,AWB,NMVOC
0100,25.23201976629247,ANGOLA_LUNDA NORTE_CAPENDA CAMULEMBA,18.86907773627034,-9.675389036317052,Angola,AWB,NMVOC
0101,146.0950713333409,ANGOLA_LUNDA NORTE_CAUNGULA,18.82247560938972,-8.340339422591542,Angola,AWB,NMVOC
0102,166.74353613331527,ANGOLA_LUNDA NORTE_CHITATO,20.86681232898085,-7.553523750605493,Angola,AWB,NMVOC
0103,96.93932373002194,ANGOLA_LUNDA NORTE_CUANGO,18.060888555716936,-8.601096909504287,Angola,AWB,NMVOC
0104,192.65825581662804,ANGOLA_LUNDA NORTE_CUILO,19.68851489115215,-8.128052490802382,Angola,AWB,NMVOC
0105,137.08843136897812,ANGOLA_LUNDA NORTE_LÓVUA,20.13536631533787,-7.292391189166928,Angola,AWB,NMVOC
0106,128.09160501307824,ANGOLA_LUNDA NORTE_LUBALO,19.297321892350976,-9.188561260843436,Angola,AWB,NMVOC
0107,194.82880631389534,ANGOLA_LUNDA NORTE_LUCAPA,20.47673092828323,-8.42331409755646,Angola,AWB,NMVOC
0108,118.87068933847668,ANGOLA_LUNDA NORTE_XÁ-MUTEBA,17.85122654394,-9.277995251698849,Angola,AWB,NMVOC
0109,52.2223296154484,ANGOLA_LUNDA SUL_CACOLO,19.178913301145815,-10.547328172202947,Angola,AWB,NMVOC
0110,130.93356046669007,ANGOLA_LUNDA SUL_DALA,20.352238837105524,-10.92405164265005,Angola,AWB,NMVOC
0111,494.18334382814606,ANGOLA_LUNDA SUL_MUCONDA,21.424847286291374,-10.154651759138405,Angola,AWB,NMVOC
0112,415.0215446039643,ANGOLA_LUNDA SUL_SAURIMO,20.688380679682755,-9.477233643283244,Angola,AWB,NMVOC
0113,58.63467720932464,ANGOLA_MALANJE_CACUSO,15.62849098111707,-9.490292469411429,Angola,AWB,NMVOC
0114,118.68090370389064,ANGOLA_MALANJE_CAHOMBO,16.66605389643875,-8.647102372057851,Angola,AWB,NMVOC
0115,111.36863533094645,ANGOLA_MALANJE_CALANDULA,16.005245178381916,-8.695990183498342,Angola,AWB,NMVOC
0116,139.36434027114578,ANGOLA_MALANJE_CAMBUNDI-CATEMBO,17.84709415122643,-10.125145503710968,Angola,AWB,NMVOC
0117,87.92687545260256,ANGOLA_MALANJE_CANGANDALA,16.683252748189343,-9.952367021939013,Angola,AWB,NMVOC
0118,56.97603851054195,ANGOLA_MALANJE_CUNDA-DIA-BAZE,17.352728983670623,-8.66125398022735,Angola,AWB,NMVOC
0119,46.323643837484695,ANGOLA_MALANJE_KIWABA NZOJI,16.45736622164412,-9.037971690115318,Angola,AWB,NMVOC
0120,180.49658074180638,ANGOLA_MALANJE_LUQUEMBO,17.384986684590697,-10.792874181396483,Angola,AWB,NMVOC
0121,39.63892986870026,ANGOLA_MALANJE_MALANJE,16.35498305019854,-9.482474776585153,Angola,AWB,NMVOC
0122,90.30366071783705,ANGOLA_MALANJE_MARIMBA,17.11151213033175,-8.168436018156713,Angola,AWB,NMVOC
0123,69.36004862759266,ANGOLA_MALANJE_MASSANGO,16.599614024908476,-7.763456075510212,Angola,AWB,NMVOC
0124,32.957512213753155,ANGOLA_MALANJE_MUCARI,16.919365558811112,-9.481804740501817,Angola,AWB,NMVOC
0125,27.78790939934933,ANGOLA_MALANJE_QUELA,17.28820754724371,-9.318539247011007,Angola,AWB,NMVOC
0126,27.920190700054373,ANGOLA_MALANJE_QUIRIMA,18.2681837365498,-11.068909718662896,Angola,AWB,NMVOC
0127,421.33103237719695,ANGOLA_MOXICO_ALTO ZAMBEZE,22.90799374709926,-12.209683357686718,Angola,AWB,NMVOC
0128,214.84478328184298,ANGOLA_MOXICO_BUNDAS,21.31907325919521,-14.210473217747047,Angola,AWB,NMVOC
0129,17.46434508595871,ANGOLA_MOXICO_CAMANONGUE,20.234534061632754,-11.408959591622152,Angola,AWB,NMVOC
0130,102.53001352932355,ANGOLA_MOXICO_CAMEIA,21.26339460023485,-11.838370789228382,Angola,AWB,NMVOC
0131,23.264759550057335,ANGOLA_MOXICO_LÉUA,20.575562544579704,-11.74380358626066,Angola,AWB,NMVOC
0132,332.50661704086525,ANGOLA_MOXICO_LUACANO,22.046284955949286,-11.669871723573195,Angola,AWB,NMVOC
0133,43.55669407523318,ANGOLA_MOXICO_LUAU,21.997475474347006,-10.901812727972676,Angola,AWB,NMVOC
0134,123.84012144057937,ANGOLA_MOXICO_LUCHAZES,19.530239402686032,-13.751962349149917,Angola,AWB,NMVOC
0135,127.86975102103538,ANGOLA_MOXICO_LUENA,19.776770525882704,-12.327720581169427,Angola,AWB,NMVOC
0136,42.301705753293064,ANGOLA_NAMIBE_BIBALA,13.139576640553054,-14.685793467915335,Angola,AWB,NMVOC
0137,28.373797090992326,ANGOLA_NAMIBE_CAMUCUIO,13.0324059676621,-14.003701587165244,Angola,AWB,NMVOC
0138,19.875663533195016,ANGOLA_NAMIBE_NAMIBE,12.457905307074512,-14.720315334187738,Angola,AWB,NMVOC
0139,32.86094751258963,ANGOLA_NAMIBE_TÔMBWA,12.359284305310362,-16.564898961646183,Angola,AWB,NMVOC
0140,165.26774540561058,ANGOLA_NAMIBE_VIREI,12.94168325673447,-15.813548331274848,Angola,AWB,NMVOC
0141,31.32217436321474,ANGOLA_UÍGE_AMBUILA,14.468179065511844,-7.587449047134571,Angola,AWB,NMVOC
0142,25.594463679502276,ANGOLA_UÍGE_BEMBE,14.277664721920273,-7.052417289665407,Angola,AWB,NMVOC
0143,5.718884090637577,ANGOLA_UÍGE_BUENGAS,15.825059286515511,-6.668373974646913,Angola,AWB,NMVOC
0144,9.475583245434711,ANGOLA_UÍGE_BUNGO,15.447113463583449,-7.392017748161813,Angola,AWB,NMVOC
0145,8.915140382289463,ANGOLA_UÍGE_CANGOLA,15.953541847191238,-7.839972087285049,Angola,AWB,NMVOC
0146,83.87690353468278,ANGOLA_UÍGE_DAMBA,15.216117046210005,-6.730711730495686,Angola,AWB,NMVOC
0147,109.07391572431676,ANGOLA_UÍGE_MAQUELA DO ZOMBO,15.504832114047753,-6.115762646049738,Angola,AWB,NMVOC
0148,154.58326307212533,ANGOLA_UÍGE_SANTA CRUZ,16.58039852859364,-7.043057290518152,Angola,AWB,NMVOC
0149,8.74164051678032,ANGOLA_UÍGE_MUCABA,15.044844983137867,-7.104479137048426,Angola,AWB,NMVOC
0150,11.563438296595049,ANGOLA_UÍGE_NEGAGE,15.387803110685544,-7.82670187011252,Angola,AWB,NMVOC
0151,4.696183727063107,ANGOLA_UÍGE_PURI,15.677588319493356,-7.6520448609471,Angola,AWB,NMVOC
0152,115.44890248689657,ANGOLA_UÍGE_QUIMBELE,16.358827373391733,-6.339946266586419,Angola,AWB,NMVOC
0153,6.786647168254014,ANGOLA_UÍGE_QUITEXE,14.916309357718397,-8.05805649608166,Angola,AWB,NMVOC
0154,15.154059708737062,ANGOLA_UÍGE_SANZA POMBO,16.05132046706061,-7.225080931426597,Angola,AWB,NMVOC
0155,21.595182342647973,ANGOLA_UÍGE_SONGO,14.789371774574954,-7.15444085578491,Angola,AWB,NMVOC
0156,6.333945452582136,ANGOLA_UÍGE_UÍGE,15.086269927234868,-7.569389383460002,Angola,AWB,NMVOC
0157,67.59122914298298,ANGOLA_ZAIRE_CUIMBA,14.656648047034412,-6.211094387740501,Angola,AWB,NMVOC
0158,50.24982816508084,ANGOLA_ZAIRE_MBANZA CONGO,14.17814621079705,-6.310144184559853,Angola,AWB,NMVOC
0159,7.740652019012654,ANGOLA_ZAIRE_NZETO,13.396012085498478,-7.329332397443156,Angola,AWB,NMVOC
0160,8.808732753477983,ANGOLA_ZAIRE_NÓQUI,13.505068524452918,-6.150797500748508,Angola,AWB,NMVOC
0161,69.5122007389805,ANGOLA_ZAIRE_SOYO,12.72456320103429,-6.276748486180679,Angola,AWB,NMVOC
0162,15.931435125779272,ANGOLA_ZAIRE_TOMBOCO,13.360813071321832,-6.70704141475642,Angola,AWB,NMVOC
0163,10.405539742838352,BOTSWANA_CENTRAL_BOBONONG_BOBONONG,28.439270006020617,-21.904588768680572,Botswana,AWB,NMVOC
0164,0,BOTSWANA_CENTRAL_BOBONONG_DAMOCHOJENA,27.46425717187249,-21.89586472598768,Botswana,AWB,NMVOC
0165,0.15535200397741594,BOTSWANA_CENTRAL_BOBONONG_KOBOJANGO,28.763918196572497,-21.785636334108606,Botswana,AWB,NMVOC
0166,0.3260961014943442,BOTSWANA_CENTRAL_BOBONONG_LENTSWELEMORITI,29.09263730127421,-22.126071452194022,Botswana,AWB,NMVOC
0167,0.1365868204207887,BOTSWANA_CENTRAL_BOBONONG_LEPOKOLE,28.342120180879903,-21.78828871071267,Botswana,AWB,NMVOC
0168,2.3357118725764607,BOTSWANA_CENTRAL_BOBONONG_MABOLWE,28.93856360422732,-21.822911107503458,Botswana,AWB,NMVOC
0169,0.10722513266024723,BOTSWANA_CENTRAL_BOBONONG_MATHATHANE,28.765707084954567,-22.164921148469332,Botswana,AWB,NMVOC
0170,5.198556852943759,BOTSWANA_CENTRAL_BOBONONG_MMADINARE,27.61927099292336,-21.939530032971234,Botswana,AWB,NMVOC
0171,5.900748254297679,BOTSWANA_CENTRAL_BOBONONG_MOLALATAU,28.546028057555482,-22.244047061148887,Botswana,AWB,NMVOC
0172,0.24031114911778997,BOTSWANA_CENTRAL_BOBONONG_MOLETEMANE,28.24551458680093,-22.49838952314233,Botswana,AWB,NMVOC
0173,0,BOTSWANA_CENTRAL_BOBONONG_MOTLHABANENG,28.847671161031595,-22.0878861675696,Botswana,AWB,NMVOC
0174,0.7755960611941481,BOTSWANA_CENTRAL_BOBONONG_ROBELELA,28.01614217627893,-21.606755627584164,Botswana,AWB,NMVOC
0175,4.534853781557372,BOTSWANA_CENTRAL_BOBONONG_SEFOPHE,28.010768080362112,-22.202415922887717,Botswana,AWB,NMVOC
0176,0,BOTSWANA_CENTRAL_BOBONONG_SEMOLALE,28.901373465716713,-21.94234612580183,Botswana,AWB,NMVOC
0177,5.714119073941571,BOTSWANA_CENTRAL_BOBONONG_TOBANE,28.034740456942973,-21.715331266156507,Botswana,AWB,NMVOC
0178,6.39792587352443,BOTSWANA_CENTRAL_BOBONONG_TSETSEBJWE,28.261512057832615,-22.323234206617617,Botswana,AWB,NMVOC
0179,0.05651886271708596,BOTSWANA_CENTRAL_BOBONONG_TSHOKWE,28.12020929554016,-21.7461736340543,Botswana,AWB,NMVOC
0180,23.117975351804855,BOTSWANA_CENTRAL_BOBONONG_TULI,28.659593038222404,-22.426510831132365,Botswana,AWB,NMVOC
0181,0.8365895676309032,BOTSWANA_CENTRAL_BOTETI_KEDIA,24.838048952453185,-21.403241698591675,Botswana,AWB,NMVOC
0182,1.0384696443705286,BOTSWANA_CENTRAL_BOTETI_KHWEE,25.42160849963441,-21.949084316434682,Botswana,AWB,NMVOC
0183,0.056746206228878514,BOTSWANA_CENTRAL_BOTETI_KUMAGA,24.694403521304178,-20.43709104783157,Botswana,AWB,NMVOC
0184,4.35916797107867,BOTSWANA_CENTRAL_BOTETI_LETLHAKANE,25.324076768019342,-21.74281229869488,Botswana,AWB,NMVOC
0185,0.05373973424792727,BOTSWANA_CENTRAL_BOTETI_MAKALAMABEDI,24.027537186531372,-20.329731365780997,Botswana,AWB,NMVOC
0186,0.01012183841473254,BOTSWANA_CENTRAL_BOTETI_MMADIKOLA,24.505648562137157,-21.04540148259183,Botswana,AWB,NMVOC
0187,1.2885344588335013,BOTSWANA_CENTRAL_BOTETI_MMATSHUMO,25.608635534616877,-21.055357574481494,Botswana,AWB,NMVOC
0188,0.5839794237110177,BOTSWANA_CENTRAL_BOTETI_MOKOBOXANE,25.01278736428241,-21.374661912697718,Botswana,AWB,NMVOC
0189,1.4013577380950741,BOTSWANA_CENTRAL_BOTETI_MOPIPI,25.06130611972133,-20.957019464880865,Botswana,AWB,NMVOC
0190,0.10881067023646158,BOTSWANA_CENTRAL_BOTETI_MOREOMAOTO,24.225653269651804,-20.326805973885744,Botswana,AWB,NMVOC
0191,1.2419336547973676,BOTSWANA_CENTRAL_BOTETI_MOSU,26.096038009772478,-21.108931183794436,Botswana,AWB,NMVOC
0192,9.488673009394432e-4,BOTSWANA_CENTRAL_BOTETI_MOTOPI,24.143658950831586,-20.239487705166916,Botswana,AWB,NMVOC
0193,0.08523355652965375,BOTSWANA_CENTRAL_BOTETI_TOROMOJA,24.68875163244386,-21.028858930681245,Botswana,AWB,NMVOC
0194,1.3532727825307305,BOTSWANA_CENTRAL_BOTETI_TSIENYANE/RAKOPS,24.297459830504376,-20.770824097320627,Botswana,AWB,NMVOC
0195,0.046352755160686925,BOTSWANA_CENTRAL_BOTETI_XERE,23.995091776720663,-21.05103701376487,Botswana,AWB,NMVOC
0196,1.073319432103688,BOTSWANA_CENTRAL_BOTETI_XHUMO,24.543580068860226,-21.43138653458584,Botswana,AWB,NMVOC
0197,0.10891835127928473,BOTSWANA_CENTRAL_MAHALAPYE_BONWAPITSE,26.696499319837177,-23.016977775399745,Botswana,AWB,NMVOC
0198,0.14403914668594492,BOTSWANA_CENTRAL_MAHALAPYE_BOROTSI,27.574845464339035,-23.03787815480758,Botswana,AWB,NMVOC
0199,0.9030839646739668,BOTSWANA_CENTRAL_MAHALAPYE_CHADIBE,27.653472614061975,-23.04213517690895,Botswana,AWB,NMVOC
0200,2.8440615749029563,BOTSWANA_CENTRAL_MAHALAPYE_DIBETE STATION,26.60466673565762,-23.712578892238895,Botswana,AWB,NMVOC
0201,1.0304238500232943,BOTSWANA_CENTRAL_MAHALAPYE_DOVEDALE,27.0584095397386,-23.43747251689984,Botswana,AWB,NMVOC
0202,0.03272172190051089,BOTSWANA_CENTRAL_MAHALAPYE_IKONGWE,26.42368516567563,-23.133332920110572,Botswana,AWB,NMVOC
0203,0.5319200443751482,BOTSWANA_CENTRAL_MAHALAPYE_KALAMARE,26.676800027450167,-22.85145869530537,Botswana,AWB,NMVOC
0204,1.121696538841627,BOTSWANA_CENTRAL_MAHALAPYE_KODIBELENG,25.8565320473089,-23.06990009465882,Botswana,AWB,NMVOC
0205,1.4286616167874497,BOTSWANA_CENTRAL_MAHALAPYE_KUDUMATSE,27.163558620828415,-23.343825570073967,Botswana,AWB,NMVOC
0206,0.6503884910261356,BOTSWANA_CENTRAL_MAHALAPYE_MAAPE,27.298633726872115,-22.801071310840364,Botswana,AWB,NMVOC
0207,1.5521019409059826,BOTSWANA_CENTRAL_MAHALAPYE_MACHANENG,27.430989788355014,-23.17527950233516,Botswana,AWB,NMVOC
0208,5.766863087103066,BOTSWANA_CENTRAL_MAHALAPYE_MAHALAPYE,26.92364672437042,-23.059367128880574,Botswana,AWB,NMVOC
0209,0.9852862437658179,BOTSWANA_CENTRAL_MAHALAPYE_MAKWATE,27.289572829578482,-23.25066866242674,Botswana,AWB,NMVOC
0210,0.19100925961364867,BOTSWANA_CENTRAL_MAHALAPYE_MATLHAKO,27.57730747946278,-23.092868816729595,Botswana,AWB,NMVOC
0211,0.14778599291233058,BOTSWANA_CENTRAL_MAHALAPYE_MHALAPITSA,27.241670153565362,-22.750141129591885,Botswana,AWB,NMVOC
0212,1.446770948353626,BOTSWANA_CENTRAL_MAHALAPYE_MMAPHASHALALA,26.85959307803958,-23.525191663403213,Botswana,AWB,NMVOC
0213,0.06811278532691649,BOTSWANA_CENTRAL_MAHALAPYE_MMUTLANA,26.603632318980285,-22.97161859276938,Botswana,AWB,NMVOC
0214,0.019086008409746676,BOTSWANA_CENTRAL_MAHALAPYE_MOKGENENE,26.039953432163163,-23.53987260084274,Botswana,AWB,NMVOC
0215,0.026379301875340287,BOTSWANA_CENTRAL_MAHALAPYE_MOKOBENG,27.693890294840614,-22.97362584906358,Botswana,AWB,NMVOC
0216,2.362411833115877,BOTSWANA_CENTRAL_MAHALAPYE_MOKOSWANE,26.94190877928232,-23.316220505173856,Botswana,AWB,NMVOC
0217,0.12943740105641596,BOTSWANA_CENTRAL_MAHALAPYE_MOOKANE,26.698166386924417,-23.694975957356803,Botswana,AWB,NMVOC
0218,0.03274694907936472,BOTSWANA_CENTRAL_MAHALAPYE_MORALANE,26.215414450162044,-22.936420739953075,Botswana,AWB,NMVOC
0219,0.5788740119350766,BOTSWANA_CENTRAL_MAHALAPYE_MOSHOPHA,27.314662802995976,-22.947407012331485,Botswana,AWB,NMVOC
0220,0.784673497702993,BOTSWANA_CENTRAL_MAHALAPYE_MOSOLOTSHANE,26.428423160167153,-22.91931594278049,Botswana,AWB,NMVOC
0221,0.18050167678064594,BOTSWANA_CENTRAL_MAHALAPYE_NGWAPA,27.77944253096159,-22.919703336193177,Botswana,AWB,NMVOC
0222,1.1015192208296847,BOTSWANA_CENTRAL_MAHALAPYE_OTSE,25.946626364668234,-23.32358945282839,Botswana,AWB,NMVOC
0223,1.5237161887614048,BOTSWANA_CENTRAL_MAHALAPYE_PALLA ROAD/DINOKWE,26.77659555732254,-23.360515846147123,Botswana,AWB,NMVOC
0224,0.39628286913727545,BOTSWANA_CENTRAL_MAHALAPYE_PILIKWE,27.12830992169561,-22.797803953113785,Botswana,AWB,NMVOC
0225,0.6564035551615269,BOTSWANA_CENTRAL_MAHALAPYE_POLOKA,26.288048197015442,-23.601986580637178,Botswana,AWB,NMVOC
0226,0.8580408747693264,BOTSWANA_CENTRAL_MAHALAPYE_RAMOKGONAMI,27.427775976491716,-22.856906588140728,Botswana,AWB,NMVOC
0227,1.1275605836445302,BOTSWANA_CENTRAL_MAHALAPYE_SEFHARE,27.497480197007754,-23.01846757513452,Botswana,AWB,NMVOC
0228,0.041929693847598475,BOTSWANA_CENTRAL_MAHALAPYE_SELEKA,27.541179586978274,-22.862211127370156,Botswana,AWB,NMVOC
0229,1.4585160897593787,BOTSWANA_CENTRAL_MAHALAPYE_SHAKWE,27.285868545141952,-23.098563338666022,Botswana,AWB,NMVOC
0230,5.7570350638951115,BOTSWANA_CENTRAL_MAHALAPYE_SHOSHONG,26.387666419486898,-23.28181618855284,Botswana,AWB,NMVOC
0231,1.2233938232894406,BOTSWANA_CENTRAL_MAHALAPYE_TAUPYE,27.086389543341017,-23.181122303718336,Botswana,AWB,NMVOC
0232,0.18217427047871446,BOTSWANA_CENTRAL_MAHALAPYE_TEWANE,26.8808106284804,-22.855065985054686,Botswana,AWB,NMVOC
0233,10.529084039559532,BOTSWANA_CENTRAL_MAHALAPYE_TULI,27.376483753636418,-23.358300442845334,Botswana,AWB,NMVOC
0234,0.6917769224765968,BOTSWANA_CENTRAL_MAHALAPYE_TUMASERA,27.625135322324592,-22.873322197159712,Botswana,AWB,NMVOC
0235,0.4656756850861718,BOTSWANA_CENTRAL_SEROWE PALAPYE_DILORO,27.615763781482226,-22.42069872982587,Botswana,AWB,NMVOC
0236,0.038355162570437674,BOTSWANA_CENTRAL_SEROWE PALAPYE_DIMAJWE,26.75499325012916,-21.701835892951095,Botswana,AWB,NMVOC
0237,0.015617051719796687,BOTSWANA_CENTRAL_SEROWE PALAPYE_GAMABUO,26.34887363421504,-22.621942368691556,Botswana,AWB,NMVOC
0238,0.2946715849102835,BOTSWANA_CENTRAL_SEROWE PALAPYE_GOJWANE,27.274583799149916,-21.783314177365938,Botswana,AWB,NMVOC
0239,0.2910358370982516,BOTSWANA_CENTRAL_SEROWE PALAPYE_GOO-SEKGWENG,27.378852556607093,-22.684458968010347,Botswana,AWB,NMVOC
0240,0.07057014955956706,BOTSWANA_CENTRAL_SEROWE PALAPYE_GOOTAU,27.424470969841263,-22.695172167140004,Botswana,AWB,NMVOC
0241,0.33905196869087323,BOTSWANA_CENTRAL_SEROWE PALAPYE_KGAGODI,27.50339317555218,-22.29477672423486,Botswana,AWB,NMVOC
0242,0.33385517777069984,BOTSWANA_CENTRAL_SEROWE PALAPYE_LECHENG,27.185275817151037,-22.673190570584637,Botswana,AWB,NMVOC
0243,1.2540639179821236,BOTSWANA_CENTRAL_SEROWE PALAPYE_LERALA,27.844813325817267,-22.74868745754991,Botswana,AWB,NMVOC
0244,0.1567644949483246,BOTSWANA_CENTRAL_SEROWE PALAPYE_LESENEPOLE/MATOLWANE,27.57647005773152,-22.540521067100062,Botswana,AWB,NMVOC
0245,0.7047126447089803,BOTSWANA_CENTRAL_SEROWE PALAPYE_MABELEAPUDI,26.825166966464483,-22.128040644255414,Botswana,AWB,NMVOC
0246,2.321125590447811,BOTSWANA_CENTRAL_SEROWE PALAPYE_MAJWANAADIPITSE,27.005264767504467,-21.94020945810498,Botswana,AWB,NMVOC
0247,0.32295125929204355,BOTSWANA_CENTRAL_SEROWE PALAPYE_MAJWANENG,27.649493814512812,-22.75586221108769,Botswana,AWB,NMVOC
0248,0.12488647964111231,BOTSWANA_CENTRAL_SEROWE PALAPYE_MALAKA,27.34590226161426,-22.592437093749382,Botswana,AWB,NMVOC
0249,1.2174340665182444,BOTSWANA_CENTRAL_SEROWE PALAPYE_MALATSWAI,26.22277867959262,-21.857375536824936,Botswana,AWB,NMVOC
0250,0.20633411983297328,BOTSWANA_CENTRAL_SEROWE PALAPYE_MANALEDI,27.5051048457668,-22.739538071182494,Botswana,AWB,NMVOC
0251,0.02929793074038796,BOTSWANA_CENTRAL_SEROWE PALAPYE_MATLHAKOLA,27.317001132592853,-22.71429972506726,Botswana,AWB,NMVOC
0252,3.041677618201232,BOTSWANA_CENTRAL_SEROWE PALAPYE_MAUNATLALA,27.815623496542926,-22.549960915979852,Botswana,AWB,NMVOC
0253,1.1934615890615032,BOTSWANA_CENTRAL_SEROWE PALAPYE_MMASHORO,26.545528327992464,-21.913528088466634,Botswana,AWB,NMVOC
0254,0.03362123070896663,BOTSWANA_CENTRAL_SEROWE PALAPYE_MOENG,27.61182691600207,-22.684247954870994,Botswana,AWB,NMVOC
0255,3.6815508142877436,BOTSWANA_CENTRAL_SEROWE PALAPYE_MOGAPI,27.90355332352727,-22.400536057043198,Botswana,AWB,NMVOC
0256,0.07933966129327044,BOTSWANA_CENTRAL_SEROWE PALAPYE_MOGAPINYANA,27.656777003289175,-22.30921854076872,Botswana,AWB,NMVOC
0257,0.18563667036302836,BOTSWANA_CENTRAL_SEROWE PALAPYE_MOGOME,26.8788884869847,-22.780246290758782,Botswana,AWB,NMVOC
0258,0.19071599771602007,BOTSWANA_CENTRAL_SEROWE PALAPYE_MOGOROSI,26.50681705808967,-22.435754433322103,Botswana,AWB,NMVOC
0259,3.4422600301634767,BOTSWANA_CENTRAL_SEROWE PALAPYE_MOIYABANA,25.735420719204132,-22.568416950895624,Botswana,AWB,NMVOC
0260,0.13812341016059593,BOTSWANA_CENTRAL_SEROWE PALAPYE_MOKGWARE,26.78655204288414,-22.77384105120242,Botswana,AWB,NMVOC
0261,0.18653054760546783,BOTSWANA_CENTRAL_SEROWE PALAPYE_MOKHUNGWANA,27.306318999794403,-22.66250272126858,Botswana,AWB,NMVOC
0262,0.21580890671390973,BOTSWANA_CENTRAL_SEROWE PALAPYE_MOKOKWANA,27.68970066181251,-22.615814171525756,Botswana,AWB,NMVOC
0263,0.24265122014234433,BOTSWANA_CENTRAL_SEROWE PALAPYE_MOREMI,27.48231653767836,-22.53631545317506,Botswana,AWB,NMVOC
0264,0.8439809571324686,BOTSWANA_CENTRAL_SEROWE PALAPYE_MOREOMABELE,27.19509262463396,-21.997866632985815,Botswana,AWB,NMVOC
0265,0.049564753596794554,BOTSWANA_CENTRAL_SEROWE PALAPYE_MOSWEU,27.643842814290796,-22.648861924159835,Botswana,AWB,NMVOC
0266,0.008701301188662225,BOTSWANA_CENTRAL_SEROWE PALAPYE_MOTSHEGALETAU,26.39728909838941,-22.561009612981003,Botswana,AWB,NMVOC
0267,0.06561212791544216,BOTSWANA_CENTRAL_SEROWE PALAPYE_PAJE,26.816328935481604,-22.26070768401234,Botswana,AWB,NMVOC
0268,2.6292110239917186,BOTSWANA_CENTRAL_SEROWE PALAPYE_PALAPYE,27.16786344665423,-22.55497413257865,Botswana,AWB,NMVOC
0269,0.1591645525666922,BOTSWANA_CENTRAL_SEROWE PALAPYE_RADISELE,26.988408471288807,-22.81090444695215,Botswana,AWB,NMVOC
0270,0.9189933432115799,BOTSWANA_CENTRAL_SEROWE PALAPYE_RATHOLO,27.53938699821314,-22.68681419937455,Botswana,AWB,NMVOC
0271,0.007547088510324654,BOTSWANA_CENTRAL_SEROWE PALAPYE_SEHUNOU,26.385003835935297,-22.59514869100243,Botswana,AWB,NMVOC
0272,0.37368963671550126,BOTSWANA_CENTRAL_SEROWE PALAPYE_SEOLWANE,27.762620325390287,-22.666448768729584,Botswana,AWB,NMVOC
0273,20.41472707968121,BOTSWANA_CENTRAL_SEROWE PALAPYE_SEROWE,26.50285991859318,-21.991307902066985,Botswana,AWB,NMVOC
0274,0.5997564039294392,BOTSWANA_CENTRAL_SEROWE PALAPYE_SERULE,27.237798390462725,-21.890009585678992,Botswana,AWB,NMVOC
0275,0.17082525464887507,BOTSWANA_CENTRAL_SEROWE PALAPYE_TAMASANE,27.396841887713986,-22.3814578521284,Botswana,AWB,NMVOC
0276,0.06388260493564989,BOTSWANA_CENTRAL_SEROWE PALAPYE_THABALA,26.421061666211095,-22.511119340536165,Botswana,AWB,NMVOC
0277,2.7719309107761303,BOTSWANA_CENTRAL_SEROWE PALAPYE_TOPISI,27.22337506343467,-22.227424247307294,Botswana,AWB,NMVOC
0278,0.6294508669956892,BOTSWANA_CENTRAL_SEROWE PALAPYE_TSHIMOYAPULA,27.019142014452218,-22.119432295799754,Botswana,AWB,NMVOC
0279,6.347426635537601,BOTSWANA_CENTRAL_SEROWE PALAPYE_TULI,28.061256491221307,-22.727203098241798,Botswana,AWB,NMVOC
0280,0.27652716317081816,BOTSWANA_CENTRAL_TUTUME_BOROLONG,27.32637665560921,-21.091395459266185,Botswana,AWB,NMVOC
0281,0.6681275656513206,BOTSWANA_CENTRAL_TUTUME_BOROTSI,27.251654267811457,-21.026993493948527,Botswana,AWB,NMVOC
0282,0.4168643310344051,BOTSWANA_CENTRAL_TUTUME_CHADIBE,27.342256409557447,-21.066229746391034,Botswana,AWB,NMVOC
0283,0.1510310303134651,BOTSWANA_CENTRAL_TUTUME_CHANGATE,27.246529169011538,-20.323681695475976,Botswana,AWB,NMVOC
0284,0.21044386665186054,BOTSWANA_CENTRAL_TUTUME_DAGWI,27.24543111493109,-20.205531255072483,Botswana,AWB,NMVOC
0285,4.698458518189842,BOTSWANA_CENTRAL_TUTUME_DUKWI,26.284620970093016,-20.67546283807841,Botswana,AWB,NMVOC
0286,0.07105163461482002,BOTSWANA_CENTRAL_TUTUME_GOSHWE,27.21557874997618,-20.535609785786193,Botswana,AWB,NMVOC
0287,16.072812093288405,BOTSWANA_CENTRAL_TUTUME_GWETA,25.591976234675478,-19.905319536886395,Botswana,AWB,NMVOC
0288,0.05737901104314226,BOTSWANA_CENTRAL_TUTUME_JAMATAKA,27.15547496011975,-21.068951470145485,Botswana,AWB,NMVOC
0289,1.0490598642825284,BOTSWANA_CENTRAL_TUTUME_KUTAMOGREE,26.880512190693914,-20.75110495387822,Botswana,AWB,NMVOC
0290,0.29494561367170646,BOTSWANA_CENTRAL_TUTUME_LEPASHE,26.66685337113433,-20.812417757916798,Botswana,AWB,NMVOC
0291,4.805892838620459,BOTSWANA_CENTRAL_TUTUME_MABESEKWA,26.832739428334428,-21.176734877732674,Botswana,AWB,NMVOC
0292,0.2607786772760885,BOTSWANA_CENTRAL_TUTUME_MAFONGO/HOBONA,27.235943246400137,-20.94573521021701,Botswana,AWB,NMVOC
0293,7.652125555756249,BOTSWANA_CENTRAL_TUTUME_MAITENGWE,27.011808968202775,-20.116667928999114,Botswana,AWB,NMVOC
0294,0.1693551512694834,BOTSWANA_CENTRAL_TUTUME_MAKOBO,27.107677079222814,-21.02576555193948,Botswana,AWB,NMVOC
0295,1.0379547251531207,BOTSWANA_CENTRAL_TUTUME_MAKUTA,26.936411463806042,-20.611020613663403,Botswana,AWB,NMVOC
0296,2.474020142694483,BOTSWANA_CENTRAL_TUTUME_MANDUNYANE,27.164838306199922,-21.29997484522961,Botswana,AWB,NMVOC
0297,0.3472287385536909,BOTSWANA_CENTRAL_TUTUME_MAPOSA,26.227831043889193,-20.105672557073913,Botswana,AWB,NMVOC
0298,0.2303458845684361,BOTSWANA_CENTRAL_TUTUME_MARAPONG,27.060904032209528,-20.875646900092942,Botswana,AWB,NMVOC
0299,0.13758876885958837,BOTSWANA_CENTRAL_TUTUME_MAROBELA,27.22684904528886,-20.86226718353111,Botswana,AWB,NMVOC
0300,1.0747852949660528,BOTSWANA_CENTRAL_TUTUME_MATHANGWANE,27.301597561179328,-20.96526881266621,Botswana,AWB,NMVOC
0301,0.2537715723483898,BOTSWANA_CENTRAL_TUTUME_MATOBO,27.07410815569497,-20.55396589314004,Botswana,AWB,NMVOC
0302,3.1762760632941416,BOTSWANA_CENTRAL_TUTUME_MATSITAMA,26.795600326944548,-20.91574597947195,Botswana,AWB,NMVOC
0303,0.3909675805995614,BOTSWANA_CENTRAL_TUTUME_MMANXOTAE,26.39231628230285,-20.11189737769122,Botswana,AWB,NMVOC
0304,4.339519928264035,BOTSWANA_CENTRAL_TUTUME_MMEYA,26.45632418802842,-20.83403038639063,Botswana,AWB,NMVOC
0305,3.8530006328597195,BOTSWANA_CENTRAL_TUTUME_MOKUBILO,26.522301620359478,-21.211068795354347,Botswana,AWB,NMVOC
0306,1.822339248186963,BOTSWANA_CENTRAL_TUTUME_MOSETSE,26.717225408615494,-20.61414488681695,Botswana,AWB,NMVOC
0307,5.7920324651748505,BOTSWANA_CENTRAL_TUTUME_NATA,26.421106250465357,-20.364015464327988,Botswana,AWB,NMVOC
0308,2.06810181017857,BOTSWANA_CENTRAL_TUTUME_NATALE,27.13819661363051,-21.12190933916731,Botswana,AWB,NMVOC
0309,0.43530730852134125,BOTSWANA_CENTRAL_TUTUME_NKANGE,27.150899768186317,-20.292280125711056,Botswana,AWB,NMVOC
0310,0.16835538862089164,BOTSWANA_CENTRAL_TUTUME_NSHAKASHOKWE,27.19448164625436,-20.800715019251136,Botswana,AWB,NMVOC
0311,2.0683985135156067,BOTSWANA_CENTRAL_TUTUME_NSWAZWI,27.11079707796551,-20.717051379328918,Botswana,AWB,NMVOC
0312,0.1255417116072519,BOTSWANA_CENTRAL_TUTUME_SEBINA,27.212125328697905,-20.8229088309246,Botswana,AWB,NMVOC
0313,1.5297022282404191,BOTSWANA_CENTRAL_TUTUME_SEMITWE,27.057568754807466,-20.9304846145358,Botswana,AWB,NMVOC
0314,0.3988281561799438,BOTSWANA_CENTRAL_TUTUME_SENETE,27.061521930586494,-20.338940466599496,Botswana,AWB,NMVOC
0315,6.370320642988481,BOTSWANA_CENTRAL_TUTUME_SEPAKO,26.42176865500974,-19.91292710159379,Botswana,AWB,NMVOC
0316,1.3616404663324266,BOTSWANA_CENTRAL_TUTUME_SHASHE-MOOKE,27.294622390104607,-21.200689259821715,Botswana,AWB,NMVOC
0317,0.9960886229825339,BOTSWANA_CENTRAL_TUTUME_SHASHE/SEMOTSWANE,27.353975033981698,-21.4004850680266,Botswana,AWB,NMVOC
0318,3.950057863922589,BOTSWANA_CENTRAL_TUTUME_TONOTA,27.390007578405545,-21.56581687363627,Botswana,AWB,NMVOC
0319,0.46689186177000735,BOTSWANA_CENTRAL_TUTUME_TSHOKATSHAA,25.411457316681155,-20.073274987651395,Botswana,AWB,NMVOC
0320,5.004057098767439,BOTSWANA_CENTRAL_TUTUME_TUTUME,26.93343318392142,-20.358110222677443,Botswana,AWB,NMVOC
0321,0.21745590484911204,BOTSWANA_CENTRAL_TUTUME_ZOROGA,25.931132083826565,-20.225947339100205,Botswana,AWB,NMVOC
0322,0.022717959104800255,BOTSWANA_CHOBE_CHOBE_KACHIKAU,24.593403269312077,-18.19955337118612,Botswana,AWB,NMVOC
0323,3.57145705316114,BOTSWANA_CHOBE_CHOBE_KASANE,25.053605518831368,-17.95621200218165,Botswana,AWB,NMVOC
0324,1.5338667744544423,BOTSWANA_CHOBE_CHOBE_KATABA,24.208556915615702,-18.516556039211913,Botswana,AWB,NMVOC
0325,0.23962257536592,BOTSWANA_CHOBE_CHOBE_KAVIMBA,24.673787397731,-18.131513519062572,Botswana,AWB,NMVOC
0326,0.011394103373466672,BOTSWANA_CHOBE_CHOBE_KAZUNGULA,25.239551399880288,-17.81715309318576,Botswana,AWB,NMVOC
0327,0.034419459310728276,BOTSWANA_CHOBE_CHOBE_LESOMA,25.22616409411994,-17.924922498851625,Botswana,AWB,NMVOC
0328,1.1714667370003564,BOTSWANA_CHOBE_CHOBE_MUCHINJE/MABELE,24.80594102179805,-18.000000788213598,Botswana,AWB,NMVOC
0329,13.877372257519884,BOTSWANA_CHOBE_CHOBE_NUMBER SEVEN,25.091530617419757,-18.628521496100262,Botswana,AWB,NMVOC
0330,0.7205561823246138,BOTSWANA_CHOBE_CHOBE_PANDAMATENGA,25.62991931175742,-18.55507084642917,Botswana,AWB,NMVOC
0331,0.13471445650976907,BOTSWANA_CHOBE_CHOBE_PARAKARUNGU,24.3003425097673,-18.078920152986736,Botswana,AWB,NMVOC
0332,0.3528281311812975,BOTSWANA_CHOBE_CHOBE_SATAU,24.4229631549193,-18.021010667013208,Botswana,AWB,NMVOC
0333,0.671600422851603,BOTSWANA_GABORONE_GABORONE_GABORONE,25.88095190745218,-24.686452843134287,Botswana,AWB,NMVOC
0334,2.4662351185466806,BOTSWANA_GHANZI_CENTRAL KGALAGADI GAME RESERVE_CENTRAL KGALAGADI GAME RESERVE,23.84354631529824,-22.32227292696922,Botswana,AWB,NMVOC
0335,0.9636322698850529,BOTSWANA_GHANZI_GHANZI_B. VISSER,22.55838233704724,-21.32992655115972,Botswana,AWB,NMVOC
0336,0.962173029845876,BOTSWANA_GHANZI_GHANZI_BERE,21.79557213181817,-22.740271290335002,Botswana,AWB,NMVOC
0337,0.23234339983068086,BOTSWANA_GHANZI_GHANZI_CHARLES HILL,20.07849051397565,-22.30448292484571,Botswana,AWB,NMVOC
0338,0.19530641717811045,BOTSWANA_GHANZI_GHANZI_CHARLES SHELDON,22.10987199508711,-21.572165997131027,Botswana,AWB,NMVOC
0339,0.7505660184264926,BOTSWANA_GHANZI_GHANZI_CHOBOKWANE,21.24948179474576,-22.480947513304624,Botswana,AWB,NMVOC
0340,0.8880330437382591,BOTSWANA_GHANZI_GHANZI_DECT ETIN,21.87694726048196,-21.572322965589386,Botswana,AWB,NMVOC
0341,0.2525965510122092,BOTSWANA_GHANZI_GHANZI_DEKAR,22.065436232878568,-21.366520787607246,Botswana,AWB,NMVOC
0342,0.4679156577010555,BOTSWANA_GHANZI_GHANZI_EAST HANAHAI,22.296004965831617,-22.138606212752848,Botswana,AWB,NMVOC
0343,0,BOTSWANA_GHANZI_GHANZI_GHANZI,21.636172818729325,-21.69600936266415,Botswana,AWB,NMVOC
0344,2.839152570207417,BOTSWANA_GHANZI_GHANZI_GROOTE LAAGTE,21.349883074115542,-21.38859908504291,Botswana,AWB,NMVOC
0345,0.21777582276276922,BOTSWANA_GHANZI_GHANZI_HANS METZLER,20.164337868142784,-22.12061746486461,Botswana,AWB,NMVOC
0346,0.002502138942332592,BOTSWANA_GHANZI_GHANZI_J. RANSALL,20.422333298998613,-22.140780374743333,Botswana,AWB,NMVOC
0347,0.9803670551920971,BOTSWANA_GHANZI_GHANZI_JANKI JANKI,21.346606317490824,-23.123137224643713,Botswana,AWB,NMVOC
0348,0.8431351961613287,BOTSWANA_GHANZI_GHANZI_JERUNG,22.462289483631174,-21.771073127188487,Botswana,AWB,NMVOC
0349,1.3663804268750455,BOTSWANA_GHANZI_GHANZI_JOHN FARM,22.325500764273656,-21.113654988029502,Botswana,AWB,NMVOC
0350,0.6216626707149085,BOTSWANA_GHANZI_GHANZI_KACGAE,22.25670639051408,-22.78108355380457,Botswana,AWB,NMVOC
0351,0.016573259626685547,BOTSWANA_GHANZI_GHANZI_KARAKOBIS,20.69787418591688,-22.076318449477853,Botswana,AWB,NMVOC
0352,2.95663424192707,BOTSWANA_GHANZI_GHANZI_KULE,20.25485884411168,-22.82990220520822,Botswana,AWB,NMVOC
0353,1.52988968322441,BOTSWANA_GHANZI_GHANZI_MAGONO MAGONO,20.74295662591417,-23.122989899939387,Botswana,AWB,NMVOC
0354,0.6833905927798297,BOTSWANA_GHANZI_GHANZI_MAKUNDA,20.356137474087205,-22.403140017753746,Botswana,AWB,NMVOC
0355,0.6681576436488331,BOTSWANA_GHANZI_GHANZI_MASIRE'S FARM,21.364735361374258,-21.90738889293877,Botswana,AWB,NMVOC
0356,2.9422345833023185,BOTSWANA_GHANZI_GHANZI_NCOJANE,20.259249043024266,-23.18993344999315,Botswana,AWB,NMVOC
0357,0.024992557021619018,BOTSWANA_GHANZI_GHANZI_NEW XADE,22.47638609723249,-22.059709596306462,Botswana,AWB,NMVOC
0358,1.4479074426569603,BOTSWANA_GHANZI_GHANZI_NEW XANAGAS,20.800274167066778,-22.572525810989912,Botswana,AWB,NMVOC
0359,0.16504585502824506,BOTSWANA_GHANZI_GHANZI_QABO,21.72658991626723,-21.05161346564646,Botswana,AWB,NMVOC
0360,0.006377698354583844,BOTSWANA_GHANZI_GHANZI_TSOOTSHA,20.91109497610415,-22.075747207834585,Botswana,AWB,NMVOC
0361,0.09631938831104822,BOTSWANA_GHANZI_GHANZI_WEST HANAHAI,21.65082272869238,-22.135855131778566,Botswana,AWB,NMVOC
0362,0.0014799331627752064,BOTSWANA_JWANENG_JWANENG_JWANENG,24.757853176422884,-24.58932918017088,Botswana,AWB,NMVOC
0363,0.004879838337416266,BOTSWANA_KGALAGADI_KGALAGADI NORTH_HUKUNTSI,21.663906534181816,-23.998763591814352,Botswana,AWB,NMVOC
0364,0.6668594715850117,BOTSWANA_KGALAGADI_KGALAGADI NORTH_HUNHUKWE,21.77076341928267,-23.455768999361656,Botswana,AWB,NMVOC
0365,2.9357283826296263,BOTSWANA_KGALAGADI_KGALAGADI NORTH_INALEGOLO,22.658513508974664,-24.45585560542118,Botswana,AWB,NMVOC
0366,0.12319639670073086,BOTSWANA_KGALAGADI_KGALAGADI NORTH_KANG,22.631383747199003,-23.529403386876705,Botswana,AWB,NMVOC
0367,0.09874906413447236,BOTSWANA_KGALAGADI_KGALAGADI NORTH_LEHUTUTU,22.00790879280739,-23.84360826239536,Botswana,AWB,NMVOC
0368,0.0010488457949852446,BOTSWANA_KGALAGADI_KGALAGADI NORTH_LOKGWABE,21.7851453687414,-24.07867771129318,Botswana,AWB,NMVOC
0369,0.34957341936616565,BOTSWANA_KGALAGADI_KGALAGADI NORTH_MAKE,21.994205625425362,-23.680770428270183,Botswana,AWB,NMVOC
0370,1.0915367917652588,BOTSWANA_KGALAGADI_KGALAGADI NORTH_MONONG,21.544688834846603,-23.73920927317219,Botswana,AWB,NMVOC
0371,0.9302909586111615,BOTSWANA_KGALAGADI_KGALAGADI NORTH_NCAANG,21.1223824590204,-23.44041697965504,Botswana,AWB,NMVOC
0372,0.5363122719173044,BOTSWANA_KGALAGADI_KGALAGADI NORTH_NGWATLE,21.117355141120534,-23.647886311201248,Botswana,AWB,NMVOC
0373,0.5640424793376989,BOTSWANA_KGALAGADI_KGALAGADI NORTH_PHUDUHUDU,22.580063911251433,-23.93036127904691,Botswana,AWB,NMVOC
0374,0.01899721258232617,BOTSWANA_KGALAGADI_KGALAGADI NORTH_TSHANE,22.009218648598967,-23.97480857848694,Botswana,AWB,NMVOC
0375,7.066358849659966,BOTSWANA_KGALAGADI_KGALAGADI NORTH_UKWI,20.54965855676176,-23.64224465777984,Botswana,AWB,NMVOC
0376,8.219472579113033,BOTSWANA_KGALAGADI_KGALAGADI NORTH_ZUTSWA,21.06879673283048,-24.378159867529472,Botswana,AWB,NMVOC
0377,0,BOTSWANA_KGALAGADI_KGALAGADI SOUTH_BOGOGOBO,21.939941061820672,-26.643776855439175,Botswana,AWB,NMVOC
0378,4.145182839082793,BOTSWANA_KGALAGADI_KGALAGADI SOUTH_BOKSPITS,21.314513491670507,-25.52305062333103,Botswana,AWB,NMVOC
0379,6.487896640026722,BOTSWANA_KGALAGADI_KGALAGADI SOUTH_BRAY,23.752155151918004,-25.314612046817558,Botswana,AWB,NMVOC
0380,0.07559261368446821,BOTSWANA_KGALAGADI_KGALAGADI SOUTH_GACHIBANA,21.318615947145076,-26.76135876855932,Botswana,AWB,NMVOC
0381,0.6658942503848478,BOTSWANA_KGALAGADI_KGALAGADI SOUTH_KHISA,22.627311790636153,-25.661301014142644,Botswana,AWB,NMVOC
0382,0.0016251739353213357,BOTSWANA_KGALAGADI_KGALAGADI SOUTH_KHUIS,21.778745594602643,-26.61621321259511,Botswana,AWB,NMVOC
0383,0.09416711285978904,BOTSWANA_KGALAGADI_KGALAGADI SOUTH_KHWAWA,21.536389504618732,-26.33146231350371,Botswana,AWB,NMVOC
0384,1.327149129897953,BOTSWANA_KGALAGADI_KGALAGADI SOUTH_KOKOTSHA,23.282665786747692,-24.952596354252385,Botswana,AWB,NMVOC
0385,0.022042884446037816,BOTSWANA_KGALAGADI_KGALAGADI SOUTH_KOLONKWANE,21.998886440804885,-26.46695305601831,Botswana,AWB,NMVOC
0386,0.13296969571648806,BOTSWANA_KGALAGADI_KGALAGADI SOUTH_MAKOPONG,23.00557554126552,-25.279785016029198,Botswana,AWB,NMVOC
0387,0.4766652490540029,BOTSWANA_KGALAGADI_KGALAGADI SOUTH_MALESHE,22.578885408820124,-25.861705230970156,Botswana,AWB,NMVOC
0388,0.01017957028825125,BOTSWANA_KGALAGADI_KGALAGADI SOUTH_MARALALENG,22.68707487230088,-25.784682276497044,Botswana,AWB,NMVOC
0389,8.476438790885537,BOTSWANA_KGALAGADI_KGALAGADI SOUTH_MAUBELO,22.38337590834033,-25.32060395255863,Botswana,AWB,NMVOC
0390,0,BOTSWANA_KGALAGADI_KGALAGADI SOUTH_MIDDLEPITS,21.88965522829646,-26.64510622003729,Botswana,AWB,NMVOC
0391,44.265523711227374,BOTSWANA_KGALAGADI_KGALAGADI SOUTH_MOLOPO FARMS,23.901539179894392,-25.218667431791786,Botswana,AWB,NMVOC
0392,0.014029398166873132,BOTSWANA_KGALAGADI_KGALAGADI SOUTH_OMAWENENO,22.58460683893281,-25.787109823452095,Botswana,AWB,NMVOC
0393,4.955255814721243,BOTSWANA_KGALAGADI_KGALAGADI SOUTH_PHEPHENG/DRAAIHOEK,22.78105010135853,-25.353110330504997,Botswana,AWB,NMVOC
0394,0.024170988599608242,BOTSWANA_KGALAGADI_KGALAGADI SOUTH_RAPPLES PAN,21.008575646663,-26.638159980643096,Botswana,AWB,NMVOC
0395,0,BOTSWANA_KGALAGADI_KGALAGADI SOUTH_STRUIZENDAM,20.634736317115014,-26.674011578479416,Botswana,AWB,NMVOC
0396,1.7555467311314932,BOTSWANA_KGALAGADI_KGALAGADI SOUTH_TSABONG,22.533675678870342,-26.03261068358875,Botswana,AWB,NMVOC
0397,0.1670869498735497,BOTSWANA_KGALAGADI_KGALAGADI SOUTH_VAALHOEK,20.899174768893236,-26.63085165782585,Botswana,AWB,NMVOC
0398,2.6687199699758954,BOTSWANA_KGALAGADI_KGALAGADI SOUTH_WERDA,23.074307700309763,-25.079935228446647,Botswana,AWB,NMVOC
0399,0.0419115088922792,BOTSWANA_KGATLENG_KGATLENG_ARTISIA,26.329598045283216,-24.01646307301413,Botswana,AWB,NMVOC
0400,0.3450637949389528,BOTSWANA_KGATLENG_KGATLENG_BOKAA,25.97195065976654,-24.450230086407068,Botswana,AWB,NMVOC
0401,0.20210188071100088,BOTSWANA_KGATLENG_KGATLENG_DIKGONNYE,26.029703255813914,-24.096171191247226,Botswana,AWB,NMVOC
0402,0.225797471761441,BOTSWANA_KGATLENG_KGATLENG_DIKWIDIDI,26.17999949757091,-24.55666835671585,Botswana,AWB,NMVOC
0403,3.272832809096799,BOTSWANA_KGATLENG_KGATLENG_KGOMODIATSHABA,26.269863148495805,-23.959055603855354,Botswana,AWB,NMVOC
0404,0.19270678906122013,BOTSWANA_KGATLENG_KGATLENG_KHURUTSHE,26.132859344771337,-23.690545327799267,Botswana,AWB,NMVOC
0405,0.35324062690129604,BOTSWANA_KGATLENG_KGATLENG_LESHIBITSE,26.406165055796965,-23.83651089330935,Botswana,AWB,NMVOC
0406,0.46171669263874066,BOTSWANA_KGATLENG_KGATLENG_MABALANE,26.28893676301754,-24.621655976454754,Botswana,AWB,NMVOC
0407,0.5869228908737513,BOTSWANA_KGATLENG_KGATLENG_MALOLWANE,26.430380010494872,-24.457842437404707,Botswana,AWB,NMVOC
0408,0.10135175985311837,BOTSWANA_KGATLENG_KGATLENG_MALOTWANA SIDING,26.151012846299633,-24.29179457997145,Botswana,AWB,NMVOC
0409,0.0038299794952948193,BOTSWANA_KGATLENG_KGATLENG_MATEBELENG,26.04953135972325,-24.525143676862136,Botswana,AWB,NMVOC
0410,0.14616316074346364,BOTSWANA_KGATLENG_KGATLENG_MMATHUBUDUKWANE,26.402194016452356,-24.58953432239364,Botswana,AWB,NMVOC
0411,10.027813610256109,BOTSWANA_KGATLENG_KGATLENG_MOCHUDI,26.47677571716603,-24.23454264974918,Botswana,AWB,NMVOC
0412,0.4133159196577766,BOTSWANA_KGATLENG_KGATLENG_MODIPANE,26.172106866832117,-24.61311568769224,Botswana,AWB,NMVOC
0413,0.09605755413035957,BOTSWANA_KGATLENG_KGATLENG_MORWA,26.089564160859158,-24.467876815246445,Botswana,AWB,NMVOC
0414,0.11937719512082291,BOTSWANA_KGATLENG_KGATLENG_OLIPHANTS DRIFT,26.833613302849894,-24.18652011472838,Botswana,AWB,NMVOC
0415,0.10971351901362432,BOTSWANA_KGATLENG_KGATLENG_OODI,26.09229785618965,-24.566777150464368,Botswana,AWB,NMVOC
0416,0.019047154321831027,BOTSWANA_KGATLENG_KGATLENG_PILANE STATION,26.10483646643129,-24.415535218505003,Botswana,AWB,NMVOC
0417,0.07961625734877906,BOTSWANA_KGATLENG_KGATLENG_RAMONAKA,26.446902425513134,-24.542320856771433,Botswana,AWB,NMVOC
0418,0.7889416487464948,BOTSWANA_KGATLENG_KGATLENG_RAMOTLABAKI,26.871752159032944,-23.894065124338375,Botswana,AWB,NMVOC
0419,0.5356410788182956,BOTSWANA_KGATLENG_KGATLENG_RASESA,26.029082284030856,-24.334812008927873,Botswana,AWB,NMVOC
0420,0.041780129044266916,BOTSWANA_KGATLENG_KGATLENG_SIKWANE,26.40976832130963,-24.631382480577347,Botswana,AWB,NMVOC
0421,0.001557926953313033,BOTSWANA_KWENENG_KWENENG EAST_BDF MOGODITSHANE,25.866597567365684,-24.60177989688917,Botswana,AWB,NMVOC
0422,0.8160063350909862,BOTSWANA_KWENENG_KWENENG EAST_BOATLANAME,25.90698626304365,-23.603697827888347,Botswana,AWB,NMVOC
0423,0.015344259577871226,BOTSWANA_KWENENG_KWENENG EAST_DIKGATLHONG,25.890773108192004,-24.22990108004598,Botswana,AWB,NMVOC
0424,0.5374307468276142,BOTSWANA_KWENENG_KWENENG EAST_DITSHUKUDU,25.79018424903999,-24.31657903586985,Botswana,AWB,NMVOC
0425,0.7675843042756956,BOTSWANA_KWENENG_KWENENG EAST_GABANE,25.724856086362443,-24.625622432889752,Botswana,AWB,NMVOC
0426,0.17634584423450148,BOTSWANA_KWENENG_KWENENG EAST_GAKGATLA,25.558388738489484,-24.555893651556392,Botswana,AWB,NMVOC
0427,0.09482573887259507,BOTSWANA_KWENENG_KWENENG EAST_GAKUTLO,25.795893008492364,-24.485500847618265,Botswana,AWB,NMVOC
0428,0.00977597273437832,BOTSWANA_KWENENG_KWENENG EAST_GAMODUBU,25.71707045103724,-24.50745373492028,Botswana,AWB,NMVOC
0429,1.1649242826655948,BOTSWANA_KWENENG_KWENENG EAST_HATSALATLADI,25.655128743903163,-24.053036283307804,Botswana,AWB,NMVOC
0430,0.2212834358877351,BOTSWANA_KWENENG_KWENENG EAST_KGOPE,25.90730765578967,-24.309697924278826,Botswana,AWB,NMVOC
0431,0.11081801838658735,BOTSWANA_KWENENG_KWENENG EAST_KOPONG,25.870465764300775,-24.444158127481042,Botswana,AWB,NMVOC
0432,0.22364041899335727,BOTSWANA_KWENENG_KWENENG EAST_KUBUNG,25.360366076259005,-24.614971635386656,Botswana,AWB,NMVOC
0433,0.342507969455679,BOTSWANA_KWENENG_KWENENG EAST_KUMAKWANE,25.672697196778568,-24.673575670712168,Botswana,AWB,NMVOC
0434,1.2615976286330133,BOTSWANA_KWENENG_KWENENG EAST_KWENENG,25.828354177294415,-23.852566021088684,Botswana,AWB,NMVOC
0435,0.8519550386313784,BOTSWANA_KWENENG_KWENENG EAST_LENTSWELETAU,25.870136138465416,-24.167826671475748,Botswana,AWB,NMVOC
0436,0.1629664963802227,BOTSWANA_KWENENG_KWENENG EAST_LEOLOGANE,25.64433800339369,-23.434433772014575,Botswana,AWB,NMVOC
0437,0.37226648136836576,BOTSWANA_KWENENG_KWENENG EAST_LEPHEPHE,25.894174284633333,-23.40765559827626,Botswana,AWB,NMVOC
0438,0.02739231439354519,BOTSWANA_KWENENG_KWENENG EAST_LOSILAKGOKONG,25.34988894663335,-24.571135771940597,Botswana,AWB,NMVOC
0439,0.9891221903407313,BOTSWANA_KWENENG_KWENENG EAST_MAHETLWE,25.665185137212088,-24.23905297400607,Botswana,AWB,NMVOC
0440,0.23240940506164254,BOTSWANA_KWENENG_KWENENG EAST_MEDIE,25.874565240962703,-24.031116366980243,Botswana,AWB,NMVOC
0441,0.01371133785461468,BOTSWANA_KWENENG_KWENENG EAST_METSIMOTLHABE,25.814813747961594,-24.57843758628985,Botswana,AWB,NMVOC
0442,0.5354614250267024,BOTSWANA_KWENENG_KWENENG EAST_MMANKGODI,25.623117562536567,-24.72944762315122,Botswana,AWB,NMVOC
0443,0.10938069221667432,BOTSWANA_KWENENG_KWENENG EAST_MMANOKO,25.64934009640395,-24.42250311648915,Botswana,AWB,NMVOC
0444,0.0022880308837120917,BOTSWANA_KWENENG_KWENENG EAST_MMATSETA,25.85895904561137,-24.512431056468085,Botswana,AWB,NMVOC
0445,0.053329309328149485,BOTSWANA_KWENENG_KWENENG EAST_MMOPANE,25.831916673401516,-24.543107056933852,Botswana,AWB,NMVOC
0446,0.017274959668836725,BOTSWANA_KWENENG_KWENENG EAST_MOGODITSHANE,25.85842184630358,-24.60738400491993,Botswana,AWB,NMVOC
0447,0.09189016666815607,BOTSWANA_KWENENG_KWENENG EAST_MOGONONO,25.577935957073354,-24.234385269062876,Botswana,AWB,NMVOC
0448,0.013391106406239039,BOTSWANA_KWENENG_KWENENG EAST_MOKOLODI,25.81603234528639,-24.697241109077822,Botswana,AWB,NMVOC
0449,3.080223498676134,BOTSWANA_KWENENG_KWENENG EAST_MOLEPOLOLE,25.5497055386965,-24.395542548425816,Botswana,AWB,NMVOC
0450,0.15187915594112422,BOTSWANA_KWENENG_KWENENG EAST_RAMAPHATLE,25.61446897045962,-24.70394371590776,Botswana,AWB,NMVOC
0451,1.287044678508753,BOTSWANA_KWENENG_KWENENG EAST_SHADISHADI,25.6542773445706,-23.631687537826256,Botswana,AWB,NMVOC
0452,0.39193776079829057,BOTSWANA_KWENENG_KWENENG EAST_SOJWE,25.81060306743436,-23.447805731300946,Botswana,AWB,NMVOC
0453,0.34828195996590705,BOTSWANA_KWENENG_KWENENG EAST_THAMAGA,25.512202536353346,-24.636709032733712,Botswana,AWB,NMVOC
0454,0.19823055954362678,BOTSWANA_KWENENG_KWENENG EAST_TLOANENG,25.718436819740113,-24.748830124610986,Botswana,AWB,NMVOC
0455,0.7435961913112934,BOTSWANA_KWENENG_KWENENG WEST_BOTLHAPATLOU,25.49433742402101,-23.950964377275472,Botswana,AWB,NMVOC
0456,0.017655302111239547,BOTSWANA_KWENENG_KWENENG WEST_DIPHUDUHUDU,25.361313831639055,-23.66424037279965,Botswana,AWB,NMVOC
0457,1.1050059551491571,BOTSWANA_KWENENG_KWENENG WEST_DITSHEGWANE,24.967494356636315,-24.325453739104706,Botswana,AWB,NMVOC
0458,0.025094977641808607,BOTSWANA_KWENENG_KWENENG WEST_DUTLWE,24.010209606049106,-24.0766543302552,Botswana,AWB,NMVOC
0459,0.10168444490185215,BOTSWANA_KWENENG_KWENENG WEST_KAUDWANE,24.659436878890112,-23.367661970601763,Botswana,AWB,NMVOC
0460,0.5032872375897981,BOTSWANA_KWENENG_KWENENG WEST_KHUDUMELAPYE,25.170144578603114,-23.791371348563107,Botswana,AWB,NMVOC
0461,1.0248866880897523,BOTSWANA_KWENENG_KWENENG WEST_KOTOLANAME,25.344981106952105,-24.426360101349005,Botswana,AWB,NMVOC
0462,2.2358900575631795,BOTSWANA_KWENENG_KWENENG WEST_LETLHAKENG,25.055504504543418,-24.07736578153483,Botswana,AWB,NMVOC
0463,0.13138920106694787,BOTSWANA_KWENENG_KWENENG WEST_MABOANE,24.62981126929652,-24.01531720256432,Botswana,AWB,NMVOC
0464,0.638823567300744,BOTSWANA_KWENENG_KWENENG WEST_MALWELWE,25.388569305562967,-24.124123864830562,Botswana,AWB,NMVOC
0465,0.4859779067818432,BOTSWANA_KWENENG_KWENENG WEST_MANTSHWABISI,25.20948564723073,-24.090430074502226,Botswana,AWB,NMVOC
0466,0.27492204111133445,BOTSWANA_KWENENG_KWENENG WEST_MARATSHWANE,25.27943300340971,-24.00543002229499,Botswana,AWB,NMVOC
0467,0.028680056880876017,BOTSWANA_KWENENG_KWENENG WEST_METSIBOTLHOKO,24.88334535341407,-24.02100921043726,Botswana,AWB,NMVOC
0468,0.12047087253827564,BOTSWANA_KWENENG_KWENENG WEST_MONWANE,25.208167783087692,-24.31675483950471,Botswana,AWB,NMVOC
0469,2.189632405645541,BOTSWANA_KWENENG_KWENENG WEST_MOSHAWENG,25.126758323030916,-24.50223959697767,Botswana,AWB,NMVOC
0470,0.025776851995377475,BOTSWANA_KWENENG_KWENENG WEST_MOTOKWE,23.393326314118752,-23.949217767767472,Botswana,AWB,NMVOC
0471,1.0258552247753545,BOTSWANA_KWENENG_KWENENG WEST_NGWARE,25.472317051558928,-23.407189666362918,Botswana,AWB,NMVOC
0472,1.0570992509658728,BOTSWANA_KWENENG_KWENENG WEST_SALAJWE,24.700069233188845,-23.586968168257275,Botswana,AWB,NMVOC
0473,0.043386409410984074,BOTSWANA_KWENENG_KWENENG WEST_SERINANE,25.19951548113084,-24.18969812658127,Botswana,AWB,NMVOC
0474,0.0033842610255661737,BOTSWANA_KWENENG_KWENENG WEST_SESUNG,24.920484389582054,-24.098764991625394,Botswana,AWB,NMVOC
0475,0.11858933819974801,BOTSWANA_KWENENG_KWENENG WEST_SORILATHOLO,25.06367528301778,-23.48111009752001,Botswana,AWB,NMVOC
0476,0.44908349946873677,BOTSWANA_KWENENG_KWENENG WEST_TAKATOKWANE,24.333986142124967,-23.897263235861104,Botswana,AWB,NMVOC
0477,0.1157428144761909,BOTSWANA_KWENENG_KWENENG WEST_THEBEPHATSHWA,25.33911813426609,-24.229770927348877,Botswana,AWB,NMVOC
0478,0.010281166785724084,BOTSWANA_KWENENG_KWENENG WEST_TSETSENG,23.346608409362428,-23.556625874898454,Botswana,AWB,NMVOC
0479,0.1029658422881995,BOTSWANA_KWENENG_KWENENG WEST_TSWAANE,23.844303310573697,-23.677953470418096,Botswana,AWB,NMVOC
0480,0.5146995203917676,BOTSWANA_LOBATSE_LOBATSE_LOBATSE,25.680222039240462,-25.21156716052995,Botswana,AWB,NMVOC
0481,0.1440731716119518,BOTSWANA_NORTH EAST_NORTH EAST_BOTALAOTE,27.23593919430158,-20.74011790617292,Botswana,AWB,NMVOC
0482,0.09209821696646596,BOTSWANA_NORTH EAST_NORTH EAST_BUTALE,27.676071500645865,-20.656116388620305,Botswana,AWB,NMVOC
0483,5.326945914539355,BOTSWANA_NORTH EAST_NORTH EAST_DITLADI,27.593853189898606,-21.357392846398774,Botswana,AWB,NMVOC
0484,0.06560220625675907,BOTSWANA_NORTH EAST_NORTH EAST_GAMBULE,27.39900708699297,-20.563127167228444,Botswana,AWB,NMVOC
0485,0.6306941612521086,BOTSWANA_NORTH EAST_NORTH EAST_GULUBANE,27.31358281638026,-20.901873558761327,Botswana,AWB,NMVOC
0486,0.04206979027410307,BOTSWANA_NORTH EAST_NORTH EAST_GUNGWE,27.38271596277986,-20.484327285782342,Botswana,AWB,NMVOC
0487,2.8629520569611993,BOTSWANA_NORTH EAST_NORTH EAST_HASKINS FARM,27.53856707842432,-20.942088468645853,Botswana,AWB,NMVOC
0488,0.060049634766746685,BOTSWANA_NORTH EAST_NORTH EAST_JACKALAS 1,27.70190501415433,-20.551898920198756,Botswana,AWB,NMVOC
0489,0.037214655651796144,BOTSWANA_NORTH EAST_NORTH EAST_JACKALAS 2,27.684263288454705,-20.943529822684937,Botswana,AWB,NMVOC
0490,5.48567200208083,BOTSWANA_NORTH EAST_NORTH EAST_JOHANNES KACHEJOHN,27.416370017173527,-21.032990996945774,Botswana,AWB,NMVOC
0491,0.12986165402352473,BOTSWANA_NORTH EAST_NORTH EAST_KALAKAMATI,27.325085093746505,-20.616599567778596,Botswana,AWB,NMVOC
0492,0.016800302952444116,BOTSWANA_NORTH EAST_NORTH EAST_KGARI,27.62095491247424,-20.59772226024511,Botswana,AWB,NMVOC
0493,1.600100577244525,BOTSWANA_NORTH EAST_NORTH EAST_LETSHOLATHEBE,27.42289424926035,-20.718374886141437,Botswana,AWB,NMVOC
0494,0.04871451667805675,BOTSWANA_NORTH EAST_NORTH EAST_MABUDZANE,27.65030964853915,-20.906207513366976,Botswana,AWB,NMVOC
0495,0.45214351559477706,BOTSWANA_NORTH EAST_NORTH EAST_MAKALENG,27.285094240822392,-20.79040562603129,Botswana,AWB,NMVOC
0496,0.15651851184709548,BOTSWANA_NORTH EAST_NORTH EAST_MAMBO,27.339806500913884,-20.78191758239405,Botswana,AWB,NMVOC
0497,0.2936245567033816,BOTSWANA_NORTH EAST_NORTH EAST_MAPOKA,27.583403081931646,-20.534321559571424,Botswana,AWB,NMVOC
0498,0.837915939320851,BOTSWANA_NORTH EAST_NORTH EAST_MASINGWANENG,27.31796380391279,-20.837868143226277,Botswana,AWB,NMVOC
0499,0.014264627576462218,BOTSWANA_NORTH EAST_NORTH EAST_MASUKWANE,27.54938882946871,-20.590964331617293,Botswana,AWB,NMVOC
0500,0.1395702996338345,BOTSWANA_NORTH EAST_NORTH EAST_MASUNGA,27.434400286669504,-20.627325508955153,Botswana,AWB,NMVOC
0501,0.4190398580862656,BOTSWANA_NORTH EAST_NORTH EAST_MATENGE,27.243163563094196,-20.824890359812834,Botswana,AWB,NMVOC
0502,3.6780456508091612,BOTSWANA_NORTH EAST_NORTH EAST_MATSHELAGABEDI,27.625910201894996,-21.12872037207013,Botswana,AWB,NMVOC
0503,2.091031136009185,BOTSWANA_NORTH EAST_NORTH EAST_MATSILOJE,27.79748603303526,-21.272615331495285,Botswana,AWB,NMVOC
0504,0.30961978046159494,BOTSWANA_NORTH EAST_NORTH EAST_MBALAMBI,27.339335713407475,-20.51403109309788,Botswana,AWB,NMVOC
0505,0.21747706174611342,BOTSWANA_NORTH EAST_NORTH EAST_MOROKA,27.64533883665974,-20.526246843989444,Botswana,AWB,NMVOC
0506,0.1631587273567056,BOTSWANA_NORTH EAST_NORTH EAST_MOSOJANE,27.510648322475955,-20.605682710993673,Botswana,AWB,NMVOC
0507,0.07821079692249064,BOTSWANA_NORTH EAST_NORTH EAST_MOWANA,27.63647955779588,-20.777830273205144,Botswana,AWB,NMVOC
0508,0.020750012699877883,BOTSWANA_NORTH EAST_NORTH EAST_MULAMBAKWENA,27.46594067350093,-20.57301251814986,Botswana,AWB,NMVOC
0509,0.2465909989664673,BOTSWANA_NORTH EAST_NORTH EAST_NLAKHWANE,27.517632990383536,-20.518539158214796,Botswana,AWB,NMVOC
0510,1.631124877472237,BOTSWANA_NORTH EAST_NORTH EAST_PATAYAMATEBELE,27.737992823316166,-21.4643350004061,Botswana,AWB,NMVOC
0511,0.06466626899204894,BOTSWANA_NORTH EAST_NORTH EAST_POLE,27.574132779023316,-20.610493660531436,Botswana,AWB,NMVOC
0512,0.027819763278000387,BOTSWANA_NORTH EAST_NORTH EAST_RAMOKGWEBANA,27.662924110656288,-20.583729469679355,Botswana,AWB,NMVOC
0513,1.8104267724284075,BOTSWANA_NORTH EAST_NORTH EAST_SECHELE,27.38485539651099,-20.797350422844442,Botswana,AWB,NMVOC
0514,0.0540517856098767,BOTSWANA_NORTH EAST_NORTH EAST_SEKAKANGWE,27.324905899544337,-20.566292847964146,Botswana,AWB,NMVOC
0515,0.21386652758267172,BOTSWANA_NORTH EAST_NORTH EAST_SENYAWE,27.6781087349486,-20.734971000867784,Botswana,AWB,NMVOC
0516,2.4217399486607767,BOTSWANA_NORTH EAST_NORTH EAST_SHASHE BRIDGE,27.441314891279994,-21.258844535487142,Botswana,AWB,NMVOC
0517,1.677149443694258e-8,BOTSWANA_NORTH EAST_NORTH EAST_SIVIYA,27.69697685871457,-20.82969467830003,Botswana,AWB,NMVOC
0518,0.5147903660879269,BOTSWANA_NORTH EAST_NORTH EAST_TATI SIDING,27.46845579652601,-21.26452617148856,Botswana,AWB,NMVOC
0519,1.3607887480432925,BOTSWANA_NORTH EAST_NORTH EAST_THEMASHANGA,27.55069700154272,-20.72636426785868,Botswana,AWB,NMVOC
0520,0.8817737373018281,BOTSWANA_NORTH EAST_NORTH EAST_TOTENG,27.270345176482714,-20.719997560519936,Botswana,AWB,NMVOC
0521,3.299586426883688e-5,BOTSWANA_NORTH EAST_NORTH EAST_TSAMAYA,27.65197854641795,-20.83445747757975,Botswana,AWB,NMVOC
0522,0.0846947158459035,BOTSWANA_NORTH EAST_NORTH EAST_TSHESEBE,27.60488659969322,-20.718620239818698,Botswana,AWB,NMVOC
0523,0.05252982073892872,BOTSWANA_NORTH EAST_NORTH EAST_VUKWI,27.38708622858749,-20.607139935771677,Botswana,AWB,NMVOC
0524,0.06640188054207156,BOTSWANA_NORTH EAST_NORTH EAST_ZWENSHAMBE,27.448183551665426,-20.504176199278817,Botswana,AWB,NMVOC
0525,1.6190278386220314,BOTSWANA_NORTH WEST_NGAMILAND DELTA_NGAMILAND DELTA,22.960336814344046,-19.43828751092393,Botswana,AWB,NMVOC
0526,0.0551558940178623,BOTSWANA_NORTH WEST_NGAMILAND EAST_BODIBENG,22.600564390842983,-20.54248828687454,Botswana,AWB,NMVOC
0527,0.16242666346632656,BOTSWANA_NORTH WEST_NGAMILAND EAST_BOTLHATLOGO,22.726763405990695,-20.74674723011069,Botswana,AWB,NMVOC
0528,7.8778216158278e-4,BOTSWANA_NORTH WEST_NGAMILAND EAST_CHANOGA,23.67422168898431,-20.16363542170472,Botswana,AWB,NMVOC
0529,0.0352324129584725,BOTSWANA_NORTH WEST_NGAMILAND EAST_HABU,22.399450144071537,-19.835986974771608,Botswana,AWB,NMVOC
0530,2.1817989099021444,BOTSWANA_NORTH WEST_NGAMILAND EAST_KARENG,22.300472651793307,-20.754601900098116,Botswana,AWB,NMVOC
0531,0.08699247572614867,BOTSWANA_NORTH WEST_NGAMILAND EAST_KGAKGE/MAKAKUNG,22.500435832111794,-20.540049424101177,Botswana,AWB,NMVOC
0532,0.004243922612511781,BOTSWANA_NORTH WEST_NGAMILAND EAST_KOMANA,23.23556501767629,-20.197324460737033,Botswana,AWB,NMVOC
0533,0.09785416512940948,BOTSWANA_NORTH WEST_NGAMILAND EAST_MABABE,23.997011922196286,-19.182027762406623,Botswana,AWB,NMVOC
0534,0.4925053540408439,BOTSWANA_NORTH WEST_NGAMILAND EAST_MAKALAMABEDI,23.41521287773188,-20.67081042197008,Botswana,AWB,NMVOC
0535,0.02556073049836036,BOTSWANA_NORTH WEST_NGAMILAND EAST_MATLAPANA,23.546036955690333,-19.921555467159827,Botswana,AWB,NMVOC
0536,0.0037916800264647197,BOTSWANA_NORTH WEST_NGAMILAND EAST_MATSAUDI/SAKAPNAE,23.675283205409393,-19.806194245710948,Botswana,AWB,NMVOC
0537,6.108124980231811,BOTSWANA_NORTH WEST_NGAMILAND EAST_MAUN,24.199903111118402,-19.619553541252102,Botswana,AWB,NMVOC
0538,2.7147887212100867,BOTSWANA_NORTH WEST_NGAMILAND EAST_PHUDUHUDU,24.645957266286953,-20.051304523225582,Botswana,AWB,NMVOC
0539,0.04748494570523961,BOTSWANA_NORTH WEST_NGAMILAND EAST_SANKUYO,23.881724902731463,-19.421659901868495,Botswana,AWB,NMVOC
0540,0.36377515638276325,BOTSWANA_NORTH WEST_NGAMILAND EAST_SEHITHWA,22.677793302639653,-20.237066774603015,Botswana,AWB,NMVOC
0541,1.0664749453293196,BOTSWANA_NORTH WEST_NGAMILAND EAST_SEMBOYO,22.27649485221952,-20.354376077745215,Botswana,AWB,NMVOC
0542,1.8420982250540279,BOTSWANA_NORTH WEST_NGAMILAND EAST_SHOROBE,23.712796248799126,-19.11296691544541,Botswana,AWB,NMVOC
0543,0.3240617570000286,BOTSWANA_NORTH WEST_NGAMILAND EAST_TOTENG,22.999306808598018,-20.32082005396448,Botswana,AWB,NMVOC
0544,2.3019064695021743,BOTSWANA_NORTH WEST_NGAMILAND EAST_TSAO,22.28659245098526,-20.02090488822863,Botswana,AWB,NMVOC
0545,1.8595708385228529,BOTSWANA_NORTH WEST_NGAMILAND WEST_BEETSHA,22.953920477145694,-18.380166226946653,Botswana,AWB,NMVOC
0546,0.43714641853814085,BOTSWANA_NORTH WEST_NGAMILAND WEST_CHUKUMUCHU,21.598703917965935,-18.74824397962615,Botswana,AWB,NMVOC
0547,0.14589690495583063,BOTSWANA_NORTH WEST_NGAMILAND WEST_ERETSHA,22.86584821151028,-18.79052805025673,Botswana,AWB,NMVOC
0548,0.24005292660486627,BOTSWANA_NORTH WEST_NGAMILAND WEST_ETSHA 1,22.224044369783737,-19.242642574470672,Botswana,AWB,NMVOC
0549,0.03438377056031279,BOTSWANA_NORTH WEST_NGAMILAND WEST_ETSHA 13,22.229743070714033,-19.017116669937373,Botswana,AWB,NMVOC
0550,0.01666546006013165,BOTSWANA_NORTH WEST_NGAMILAND WEST_ETSHA 6,22.229066360329956,-19.108258691269373,Botswana,AWB,NMVOC
0551,0.15025375103690025,BOTSWANA_NORTH WEST_NGAMILAND WEST_GANI,21.444696927418082,-18.405419080628068,Botswana,AWB,NMVOC
0552,0.0238738492772871,BOTSWANA_NORTH WEST_NGAMILAND WEST_GONUTSUGA,22.59253926092765,-18.87801840211525,Botswana,AWB,NMVOC
0553,0.005977195291869042,BOTSWANA_NORTH WEST_NGAMILAND WEST_GUDINGWA,22.905784262247845,-18.563529796191204,Botswana,AWB,NMVOC
0554,0.2449986517655979,BOTSWANA_NORTH WEST_NGAMILAND WEST_GUMARE,22.131570836874936,-19.394550571792966,Botswana,AWB,NMVOC
0555,0.014595848328755297,BOTSWANA_NORTH WEST_NGAMILAND WEST_IKOGA,22.218249775302052,-18.888300198172978,Botswana,AWB,NMVOC
0556,0,BOTSWANA_NORTH WEST_NGAMILAND WEST_KAJAJA,21.992248859877353,-18.703015404036154,Botswana,AWB,NMVOC
0557,0.059159083653837506,BOTSWANA_NORTH WEST_NGAMILAND WEST_KAUXWHI,21.93273566781973,-18.270501890330234,Botswana,AWB,NMVOC
0558,0.31151239447366397,BOTSWANA_NORTH WEST_NGAMILAND WEST_MOGOMOTHO,22.252300749707768,-18.492510662073524,Botswana,AWB,NMVOC
0559,0.006533034106261768,BOTSWANA_NORTH WEST_NGAMILAND WEST_MOHEMBO EAST,21.802957716080922,-18.266524959816728,Botswana,AWB,NMVOC
0560,0.09488492255711381,BOTSWANA_NORTH WEST_NGAMILAND WEST_MOHEMBO WEST,21.66725143544976,-18.312119665836942,Botswana,AWB,NMVOC
0561,0.010986160234921966,BOTSWANA_NORTH WEST_NGAMILAND WEST_MOKGACHA,22.28535493171085,-18.701773297683296,Botswana,AWB,NMVOC
0562,0,BOTSWANA_NORTH WEST_NGAMILAND WEST_NGARANGE,22.04454772324353,-18.490470871633665,Botswana,AWB,NMVOC
0563,1.4837184346351888,BOTSWANA_NORTH WEST_NGAMILAND WEST_NOKANENG,22.21151988099178,-19.64313399653268,Botswana,AWB,NMVOC
0564,0,BOTSWANA_NORTH WEST_NGAMILAND WEST_NXAMASERE,21.95986197574487,-18.61796345462013,Botswana,AWB,NMVOC
0565,3.5918538149689025,BOTSWANA_NORTH WEST_NGAMILAND WEST_NXAUNXAU,21.351524290127983,-18.90359537023587,Botswana,AWB,NMVOC
0566,2.286279505591673,BOTSWANA_NORTH WEST_NGAMILAND WEST_QANGWA,21.56450523279803,-19.49744243797423,Botswana,AWB,NMVOC
0567,0.00993205909235264,BOTSWANA_NORTH WEST_NGAMILAND WEST_SAMOCHEMA,21.807530849136374,-18.491110966045003,Botswana,AWB,NMVOC
0568,0.09364533651169976,BOTSWANA_NORTH WEST_NGAMILAND WEST_SEKONDOMBORO,22.116154551020507,-18.31395834682349,Botswana,AWB,NMVOC
0569,0,BOTSWANA_NORTH WEST_NGAMILAND WEST_SEPOPA,22.058884839789098,-18.787426270755017,Botswana,AWB,NMVOC
0570,0.28805875765805095,BOTSWANA_NORTH WEST_NGAMILAND WEST_SERONGA,22.432137134077763,-18.68657047380979,Botswana,AWB,NMVOC
0571,0.050201271519132326,BOTSWANA_NORTH WEST_NGAMILAND WEST_SHAKAWE,21.734262044931864,-18.42525466967516,Botswana,AWB,NMVOC
0572,0.266061740716444,BOTSWANA_NORTH WEST_NGAMILAND WEST_TUBU,22.343676013963407,-19.42290273539071,Botswana,AWB,NMVOC
0573,0.007284982658242076,BOTSWANA_NORTH WEST_NGAMILAND WEST_XAKAO,21.89184146965982,-18.35122741006872,Botswana,AWB,NMVOC
0574,13.575340456881046,BOTSWANA_NORTH WEST_NGAMILAND WEST_XAXA,21.481474650920102,-20.367126109392327,Botswana,AWB,NMVOC
0575,0,BOTSWANA_NORTH WEST_NGAMILAND WEST_XHAUGA,21.8600876919785,-18.555460050065392,Botswana,AWB,NMVOC
0576,0.09407057946442639,BOTSWANA_ORAPA_ORAPA_ORAPA,25.3996206036354,-21.263370671233456,Botswana,AWB,NMVOC
0577,0.6184174275007447,BOTSWANA_SELIBE PHIKWE_SELIBE PHIKWE_SELIBE PHIKWE,27.837207638783738,-21.958685691075345,Botswana,AWB,NMVOC
0578,1.8712561400722827,BOTSWANA_SOUTH EAST_SOUTH EAST_DOORN LAAGTE,25.651786031535003,-25.28255683886919,Botswana,AWB,NMVOC
0579,1.56924438985261,BOTSWANA_SOUTH EAST_SOUTH EAST_HILDAVALE,25.616656741956373,-25.403085615302597,Botswana,AWB,NMVOC
0580,1.6227502928294828,BOTSWANA_SOUTH EAST_SOUTH EAST_LOBATSE ESTATES,25.699833727272946,-25.141969237065187,Botswana,AWB,NMVOC
0581,2.1212502104711137,BOTSWANA_SOUTH EAST_SOUTH EAST_MOGOBANE,25.702998989332475,-24.943145974483425,Botswana,AWB,NMVOC
0582,1.882928377856496,BOTSWANA_SOUTH EAST_SOUTH EAST_OTSE,25.756324039083623,-25.045000276937234,Botswana,AWB,NMVOC
0583,0.6470530588017384,BOTSWANA_SOUTH EAST_SOUTH EAST_RAMOTSWA,25.829789056966593,-24.901951101856636,Botswana,AWB,NMVOC
0584,1.001734066547864,BOTSWANA_SOUTH EAST_SOUTH EAST_RAMOTSWA STATION/TAUNG,25.770154438973417,-24.815461657589147,Botswana,AWB,NMVOC
0585,0.7663680245533615,BOTSWANA_SOUTH EAST_SOUTH EAST_TLOKWENG,26.035546995861406,-24.647763400719953,Botswana,AWB,NMVOC
0586,0.2687940356103222,BOTSWANA_SOUTHERN_BAROLONG_BETHEL,25.523180210457173,-25.455324991549087,Botswana,AWB,NMVOC
0587,0.32559002756840794,BOTSWANA_SOUTHERN_BAROLONG_BOROBADILEPE,25.45763854772069,-25.624399960180156,Botswana,AWB,NMVOC
0588,0.14893176385201906,BOTSWANA_SOUTHERN_BAROLONG_DIGAWANA,25.554337853260883,-25.336847733509767,Botswana,AWB,NMVOC
0589,0.1229974187649065,BOTSWANA_SOUTHERN_BAROLONG_DIKHUKHUNG,24.885447065593745,-25.800063981646993,Botswana,AWB,NMVOC
0590,0.4683622904782688,BOTSWANA_SOUTHERN_BAROLONG_DINATSHANA,25.561032468363326,-25.459552008174736,Botswana,AWB,NMVOC
0591,0.39360996962223554,BOTSWANA_SOUTHERN_BAROLONG_DITLHARAPA,25.26534775604463,-25.74503088773403,Botswana,AWB,NMVOC
0592,0.364147270598023,BOTSWANA_SOUTHERN_BAROLONG_GAMAJALELA,25.422867167043186,-25.383535663638526,Botswana,AWB,NMVOC
0593,0.0877229235686845,BOTSWANA_SOUTHERN_BAROLONG_GATHWANE,25.50825122582933,-25.39225799661276,Botswana,AWB,NMVOC
0594,0.8456247500274521,BOTSWANA_SOUTHERN_BAROLONG_GOOD HOPE,25.425540411603592,-25.474044252271263,Botswana,AWB,NMVOC
0595,0.7196589615907774,BOTSWANA_SOUTHERN_BAROLONG_HEBRON,25.41118276541949,-25.696194884502404,Botswana,AWB,NMVOC
0596,0.4623186623404013,BOTSWANA_SOUTHERN_BAROLONG_KANGWE,25.079061936844482,-25.406209192834304,Botswana,AWB,NMVOC
0597,0.5051207350901824,BOTSWANA_SOUTHERN_BAROLONG_KGORO,25.486735775180065,-25.453486474188907,Botswana,AWB,NMVOC
0598,0.17037826615254958,BOTSWANA_SOUTHERN_BAROLONG_LEJWANA,25.53432726709042,-25.415801471703258,Botswana,AWB,NMVOC
0599,6.616440953174734,BOTSWANA_SOUTHERN_BAROLONG_LEPORUNG,25.008424229579703,-25.672891074188268,Botswana,AWB,NMVOC
0600,0.7945673594296674,BOTSWANA_SOUTHERN_BAROLONG_LOGAGANE,25.398915672259538,-25.611615010488325,Botswana,AWB,NMVOC
0601,0.20063406788258006,BOTSWANA_SOUTHERN_BAROLONG_LORWANA,25.502074910123632,-25.286996269753118,Botswana,AWB,NMVOC
0602,1.108351831128516,BOTSWANA_SOUTHERN_BAROLONG_MABULE,24.537508834961965,-25.73692702390118,Botswana,AWB,NMVOC
0603,1.0013775096158641,BOTSWANA_SOUTHERN_BAROLONG_MADINGWANA,25.481261650329014,-25.576730325456165,Botswana,AWB,NMVOC
0604,0.6712378815691222,BOTSWANA_SOUTHERN_BAROLONG_MAGORIAPITSE,25.27977947866948,-25.44137079227652,Botswana,AWB,NMVOC
0605,0.2226849892464147,BOTSWANA_SOUTHERN_BAROLONG_MAKOKWE,25.475459011292934,-25.66937770824479,Botswana,AWB,NMVOC
0606,1.038890197553815,BOTSWANA_SOUTHERN_BAROLONG_MALOKAGANYANE,25.488358562103294,-25.502299871489452,Botswana,AWB,NMVOC
0607,0.7026090169806536,BOTSWANA_SOUTHERN_BAROLONG_MAROJANE,25.341901927422153,-25.73640142441916,Botswana,AWB,NMVOC
0608,0.3559987316629799,BOTSWANA_SOUTHERN_BAROLONG_METLOBO,25.124348846065626,-25.39253659443453,Botswana,AWB,NMVOC
0609,1.5780212872675181,BOTSWANA_SOUTHERN_BAROLONG_METLOJANE,25.375187769980677,-25.552026515853672,Botswana,AWB,NMVOC
0610,0.9602599581180054,BOTSWANA_SOUTHERN_BAROLONG_MMAKGORI,24.800927173643334,-25.789358109184104,Botswana,AWB,NMVOC
0611,8.11448171763325,BOTSWANA_SOUTHERN_BAROLONG_MMATHETHE,25.16245192169214,-25.332818623646105,Botswana,AWB,NMVOC
0612,1.8401930101423838,BOTSWANA_SOUTHERN_BAROLONG_MOGOJOGOJO,25.472237292279374,-25.35846674488226,Botswana,AWB,NMVOC
0613,1.4219858632607443,BOTSWANA_SOUTHERN_BAROLONG_MOGWALALE,25.3618167413177,-25.480322244471722,Botswana,AWB,NMVOC
0614,0.6065429827521209,BOTSWANA_SOUTHERN_BAROLONG_MOKATAKO,25.21324864044004,-25.72876284416883,Botswana,AWB,NMVOC
0615,3.0245376051122084,BOTSWANA_SOUTHERN_BAROLONG_MOKGOMANE,25.21261347084866,-25.518245387897743,Botswana,AWB,NMVOC
0616,1.663362224901716,BOTSWANA_SOUTHERN_BAROLONG_MOLETE,25.308791189937068,-25.671084438672697,Botswana,AWB,NMVOC
0617,0.5137667392869985,BOTSWANA_SOUTHERN_BAROLONG_MOTSENTSHE,25.375726428046065,-25.379180264622413,Botswana,AWB,NMVOC
0618,1.1110221430217453,BOTSWANA_SOUTHERN_BAROLONG_MUSI,25.08334912114238,-25.688286393457503,Botswana,AWB,NMVOC
0619,0.6500046580409671,BOTSWANA_SOUTHERN_BAROLONG_NGWATSAU,25.540401017789634,-25.553981728114238,Botswana,AWB,NMVOC
0620,0.22338929231647356,BOTSWANA_SOUTHERN_BAROLONG_PAPATLO,25.50091785142035,-25.65156471920203,Botswana,AWB,NMVOC
0621,0.29332307871046465,BOTSWANA_SOUTHERN_BAROLONG_PHIHITSHWANE,25.414087664638753,-25.65601906088651,Botswana,AWB,NMVOC
0622,0.6962729845624381,BOTSWANA_SOUTHERN_BAROLONG_PITSANA-POTOKWE,25.556580548078113,-25.50806204359263,Botswana,AWB,NMVOC
0623,0.2748681709838045,BOTSWANA_SOUTHERN_BAROLONG_PITSANE SIDING,25.604250914974468,-25.46943866185844,Botswana,AWB,NMVOC
0624,0.14547189425182083,BOTSWANA_SOUTHERN_BAROLONG_PITSHANE MOLOPO,25.119834443362777,-25.744597939849236,Botswana,AWB,NMVOC
0625,1.1322263762865654,BOTSWANA_SOUTHERN_BAROLONG_RAKHUNA,25.578883997684116,-25.582003199973805,Botswana,AWB,NMVOC
0626,0.5592640697141184,BOTSWANA_SOUTHERN_BAROLONG_RAMATLABAMA,25.542590563183143,-25.63663806930263,Botswana,AWB,NMVOC
0627,1.5187629211959377,BOTSWANA_SOUTHERN_BAROLONG_SEDIBENG,25.16840936243981,-25.684656039464652,Botswana,AWB,NMVOC
0628,17.103595505899865,BOTSWANA_SOUTHERN_BAROLONG_SEKHUTLANE,24.48911487032339,-25.502857393367236,Botswana,AWB,NMVOC
0629,0.31903942565858395,BOTSWANA_SOUTHERN_BAROLONG_SHEEP FARM,25.494453226915,-25.550549245917278,Botswana,AWB,NMVOC
0630,1.2956994239533182,BOTSWANA_SOUTHERN_BAROLONG_TLHARESELEELE,25.6164016549552,-25.509947342258574,Botswana,AWB,NMVOC
0631,8.580052273453408,BOTSWANA_SOUTHERN_BAROLONG_TSHIDILAMOLOMO,24.680774921105087,-25.71938467094859,Botswana,AWB,NMVOC
0632,25.54275023554899,BOTSWANA_SOUTHERN_BAROLONG_TSWAANENG,24.874731933296207,-25.481179488719636,Botswana,AWB,NMVOC
0633,0.8845629564002379,BOTSWANA_SOUTHERN_BAROLONG_TSWAGARE/LOTHOJE/LOKALANA,25.32250003507171,-25.608673297419177,Botswana,AWB,NMVOC
0634,0.9792496886054853,BOTSWANA_SOUTHERN_BAROLONG_TSWANYANENG,25.26289447863055,-25.6163734983762,Botswana,AWB,NMVOC
0635,0.048418567085195714,BOTSWANA_SOUTHERN_NGWAKETSE WEST_ITHOLOKE,23.49754475940133,-24.802379212464427,Botswana,AWB,NMVOC
0636,0.3552141823586626,BOTSWANA_SOUTHERN_NGWAKETSE WEST_KANAKU,23.536569449983585,-24.292118077279163,Botswana,AWB,NMVOC
0637,0,BOTSWANA_SOUTHERN_NGWAKETSE WEST_KENG,23.822720476728055,-24.619062130504958,Botswana,AWB,NMVOC
0638,1.5911890034045009,BOTSWANA_SOUTHERN_NGWAKETSE WEST_KHAKHEA,23.52876267152225,-24.69951083983683,Botswana,AWB,NMVOC
0639,0.01144688242608701,BOTSWANA_SOUTHERN_NGWAKETSE WEST_KHONKHWA,23.935454133373597,-24.46012666914766,Botswana,AWB,NMVOC
0640,0.5330863534474306,BOTSWANA_SOUTHERN_NGWAKETSE WEST_KOKONG,23.160513999524845,-24.39362019765512,Botswana,AWB,NMVOC
0641,0,BOTSWANA_SOUTHERN_NGWAKETSE WEST_KUTUKU,23.639126946319017,-24.680282589894166,Botswana,AWB,NMVOC
0642,0.18969527933048072,BOTSWANA_SOUTHERN_NGWAKETSE WEST_MABUTSANE,23.705699680104797,-24.459760111464377,Botswana,AWB,NMVOC
0643,0.006342098113730551,BOTSWANA_SOUTHERN_NGWAKETSE WEST_MAHOTSHWANE,24.187255352450173,-24.38400662626752,Botswana,AWB,NMVOC
0644,0.018077752770156965,BOTSWANA_SOUTHERN_NGWAKETSE WEST_MORWAMOSU,23.122520350392715,-24.153854514850522,Botswana,AWB,NMVOC
0645,0,BOTSWANA_SOUTHERN_NGWAKETSE WEST_SEKOMA,24.02445527149606,-24.579997053681147,Botswana,AWB,NMVOC
0646,0.026314306712079696,BOTSWANA_SOUTHERN_SOUTHERN_BETESANKWE,24.8941696227703,-24.719678878206103,Botswana,AWB,NMVOC
0647,1.013717036407286,BOTSWANA_SOUTHERN_SOUTHERN_DIABO,25.365536715216567,-25.223190983743812,Botswana,AWB,NMVOC
0648,1.0085933280800492,BOTSWANA_SOUTHERN_SOUTHERN_DIPOTSANA,25.446292913079866,-25.212561776849554,Botswana,AWB,NMVOC
0649,13.017609269511523,BOTSWANA_SOUTHERN_SOUTHERN_GASITA,24.82803541943543,-25.124083589756676,Botswana,AWB,NMVOC
0650,7.722153888760242,BOTSWANA_SOUTHERN_SOUTHERN_KANYE,25.289267678855026,-25.048656911618565,Botswana,AWB,NMVOC
0651,0.5907113575914208,BOTSWANA_SOUTHERN_SOUTHERN_KGOMOKASITWA,25.611112091400322,-25.09686032652438,Botswana,AWB,NMVOC
0652,0.5956203556423029,BOTSWANA_SOUTHERN_SOUTHERN_LEFOKO,24.690111852640598,-24.8470312136434,Botswana,AWB,NMVOC
0653,0.7174885672107023,BOTSWANA_SOUTHERN_SOUTHERN_LEKGOLOBOTLO,25.61615083241098,-24.885307065481175,Botswana,AWB,NMVOC
0654,10.993071618601538,BOTSWANA_SOUTHERN_SOUTHERN_LOROLWANA,24.459937704580028,-25.2535967198016,Botswana,AWB,NMVOC
0655,0.7001124133131622,BOTSWANA_SOUTHERN_SOUTHERN_LOTLHAKANE,25.435707774440367,-25.08771727806122,Botswana,AWB,NMVOC
0656,0.26766424918869214,BOTSWANA_SOUTHERN_SOUTHERN_LOTLHAKANE WEST,25.295371153997333,-24.784930431562245,Botswana,AWB,NMVOC
0657,0.1592497161501669,BOTSWANA_SOUTHERN_SOUTHERN_MAGOTLHWANE,25.599116726068054,-24.996853415826646,Botswana,AWB,NMVOC
0658,1.529258320966465,BOTSWANA_SOUTHERN_SOUTHERN_MANYANA,25.574934396304805,-24.79875482887838,Botswana,AWB,NMVOC
0659,3.643101727114225,BOTSWANA_SOUTHERN_SOUTHERN_MAOKANE,24.649164740852807,-24.988391174828216,Botswana,AWB,NMVOC
0660,0.607256762947385,BOTSWANA_SOUTHERN_SOUTHERN_MOGONYE,25.67857687556797,-24.842313481878563,Botswana,AWB,NMVOC
0661,1.763744766304109,BOTSWANA_SOUTHERN_SOUTHERN_MOKHOMBA,24.61814743618357,-24.716762968297573,Botswana,AWB,NMVOC
0662,2.0424574915406395,BOTSWANA_SOUTHERN_SOUTHERN_MOLAPOWABOJANG,25.545639385657516,-25.196418239986023,Botswana,AWB,NMVOC
0663,2.025552497640012,BOTSWANA_SOUTHERN_SOUTHERN_MOSHANENG,25.208444254843652,-24.835326824262772,Botswana,AWB,NMVOC
0664,1.4912517626312045,BOTSWANA_SOUTHERN_SOUTHERN_MOSHUPA,25.42468410253782,-24.802239950537796,Botswana,AWB,NMVOC
0665,1.73389033388941,BOTSWANA_SOUTHERN_SOUTHERN_NTLHANTLHE,25.563433827213757,-25.01680148927233,Botswana,AWB,NMVOC
0666,1.0693603722788791,BOTSWANA_SOUTHERN_SOUTHERN_PITSENG,25.026961859107356,-24.671811025950742,Botswana,AWB,NMVOC
0667,0.6835216837630285,BOTSWANA_SOUTHERN_SOUTHERN_RALEKGETHO,25.153983418889254,-24.651674927885143,Botswana,AWB,NMVOC
0668,1.230284145243442,BOTSWANA_SOUTHERN_SOUTHERN_RANAKA,25.49210433716248,-24.953019551938723,Botswana,AWB,NMVOC
0669,5.536974637966681,BOTSWANA_SOUTHERN_SOUTHERN_SEGWAGWA,25.154246986825143,-25.20370107041337,Botswana,AWB,NMVOC
0670,1.6724472855409045,BOTSWANA_SOUTHERN_SOUTHERN_SEHERELELA,24.966365412487043,-24.85255338029039,Botswana,AWB,NMVOC
0671,2.1425556907457346,BOTSWANA_SOUTHERN_SOUTHERN_SELOKOLELA,25.08619153157018,-25.012511421456256,Botswana,AWB,NMVOC
0672,0.7119089393159083,BOTSWANA_SOUTHERN_SOUTHERN_SEMANE,24.36060822534978,-24.5838070534333,Botswana,AWB,NMVOC
0673,0.2302839717276501,BOTSWANA_SOUTHERN_SOUTHERN_SESE,24.837457767676273,-24.623316789302145,Botswana,AWB,NMVOC
0674,0.6043758709055187,BOTSWANA_SOUTHERN_SOUTHERN_SESUNG,25.085978537640155,-24.864295490303654,Botswana,AWB,NMVOC
0675,8.205669063584514,BOTSWANA_SOUTHERN_SOUTHERN_TLHANKANE,24.375461207737164,-24.957536336747538,Botswana,AWB,NMVOC
0676,0.6433739560523447,BOTSWANA_SOUTHERN_SOUTHERN_TSHWAANE,25.273421585713766,-24.711641454327474,Botswana,AWB,NMVOC
0677,0.9232529101851179,BOTSWANA_SOUTHERN_SOUTHERN_TSONYANE,24.813855404067922,-24.839469110997843,Botswana,AWB,NMVOC
0678,0.6818698197169686,BOTSWANA_SOWA TOWN_SOWA TOWN_SOWA TOWN,26.205474065724133,-20.525655504329873,Botswana,AWB,NMVOC
0679,0.006672541546255574,BOTSWANA_NORTH WEST_NGAMILAND WEST_TOBERE,22.060761168763293,-18.2277220943275,Botswana,AWB,NMVOC
0680,0.8248377087553014,BOTSWANA_FRANCISTOWN_FRANCISTOWN_FRANCISTOWN,27.527173396825056,-21.15325240029203,Botswana,AWB,NMVOC
0681,3.0856400610165027,BOTSWANA_NORTH EAST_NORTH EAST_MATOPI,27.91115579539766,-21.482192037003767,Botswana,AWB,NMVOC
0682,131.65084634104653,LESOTHO_BEREA,27.916543179927878,-29.196133964322186,Lesotho,AWB,NMVOC
0683,23.89258961932054,LESOTHO_BUTHA-BUTHE,28.564194113912084,-28.80291309387294,Lesotho,AWB,NMVOC
0684,89.24521073745136,LESOTHO_LERIBE,28.262778693785734,-29.01811492119529,Lesotho,AWB,NMVOC
0685,38.40208531577445,LESOTHO_MAFETENG,27.392581280663943,-29.77903326417238,Lesotho,AWB,NMVOC
0686,165.16516181037966,LESOTHO_MASERU,27.818410139103523,-29.578708001027245,Lesotho,AWB,NMVOC
0687,56.833455979244924,LESOTHO_MOHALE'S HOEK,27.81073935217726,-30.05732318594617,Lesotho,AWB,NMVOC
0688,31.87806354076275,LESOTHO_MOKHOTLONG,29.030965902973236,-29.219387585513097,Lesotho,AWB,NMVOC
0689,8.397576318163997,LESOTHO_QACHA'S NEK,28.738216934631595,-29.96551989191937,Lesotho,AWB,NMVOC
0690,21.36515878868953,LESOTHO_QUTHING,27.985860217458367,-30.361098997601832,Lesotho,AWB,NMVOC
0691,49.84605361883278,LESOTHO_THABA-TSEKA,28.592501565541635,-29.5707462455164,Lesotho,AWB,NMVOC
0692,12.314178976368247,MALAWI_SOUTHERN REGION_BALAKA,35.057010057789576,-15.035291543995603,Malawi,AWB,NMVOC
0693,58.15748270241856,MALAWI_SOUTHERN REGION_BLANTYRE,34.93215294645478,-15.653521070374605,Malawi,AWB,NMVOC
0694,7.040312078019861,MALAWI_SOUTHERN REGION_BLANTYRE CITY,35.049846087604834,-15.788155512634402,Malawi,AWB,NMVOC
0695,251.4401933150354,MALAWI_SOUTHERN REGION_CHIKWAWA,34.70903689510921,-16.164449793446956,Malawi,AWB,NMVOC
0696,49.775788325982255,MALAWI_SOUTHERN REGION_CHIRADZULU,35.21401510212054,-15.74504273186666,Malawi,AWB,NMVOC
0697,303.0762714339411,MALAWI_NORTHERN REGION_CHITIPA,33.50075697273936,-9.961323805951439,Malawi,AWB,NMVOC
0698,162.54181979558362,MALAWI_CENTRAL REGION_DEDZA,34.227546152785884,-14.26666414364504,Malawi,AWB,NMVOC
0699,158.99390787975946,MALAWI_CENTRAL REGION_DOWA,33.7882007354298,-13.568943726666408,Malawi,AWB,NMVOC
0700,97.92881060008966,MALAWI_NORTHERN REGION_KARONGA,33.88286491576761,-10.085628973711133,Malawi,AWB,NMVOC
0701,568.093867835508,MALAWI_CENTRAL REGION_KASUNGU,33.38591920703449,-12.984592469489298,Malawi,AWB,NMVOC
0702,170.27909066077606,MALAWI_LAKE MALAWI_LAKE MALAWI,34.46342187078561,-11.83542210532386,Malawi,AWB,NMVOC
0703,1.2654310101843766,MALAWI_NORTHERN REGION_LIKOMA,34.68456952933858,-12.049251389757782,Malawi,AWB,NMVOC
0704,250.41367054508154,MALAWI_CENTRAL REGION_LILONGWE,33.678384246204125,-14.02262845680586,Malawi,AWB,NMVOC
0705,17.46132964580324,MALAWI_CENTRAL REGION_LILONGWE CITY,33.777412227707195,-13.917060812410538,Malawi,AWB,NMVOC
0706,46.38188480069795,MALAWI_SOUTHERN REGION_MACHINGA,35.56621569203856,-14.939743540640112,Malawi,AWB,NMVOC
0707,112.7727127539244,MALAWI_SOUTHERN REGION_MANGOCHI,35.188672100825926,-14.35745673152043,Malawi,AWB,NMVOC
0708,124.3041542902077,MALAWI_CENTRAL REGION_MCHINJI,33.05678421553763,-13.693204790303813,Malawi,AWB,NMVOC
0709,306.2186068054609,MALAWI_SOUTHERN REGION_MULANJE,35.510601697456494,-15.937493088013312,Malawi,AWB,NMVOC
0710,39.816467411322115,MALAWI_SOUTHERN REGION_MWANZA,34.51070572282828,-15.653498412560298,Malawi,AWB,NMVOC
0711,100.5296052690232,MALAWI_NORTHERN REGION_MZIMBA,33.63357391674036,-11.774662616846621,Malawi,AWB,NMVOC
0712,0.8147280438453494,MALAWI_NORTHERN REGION_MZUZU CITY,34.008085621399474,-11.435033136665401,Malawi,AWB,NMVOC
0713,89.19315048230338,MALAWI_SOUTHERN REGION_NENO,34.69511229098429,-15.46855436212607,Malawi,AWB,NMVOC
0714,11.970547352230959,MALAWI_NORTHERN REGION_NKHATA BAY,34.04155946420708,-11.671744085857307,Malawi,AWB,NMVOC
0715,240.09790530645495,MALAWI_CENTRAL REGION_NKHOTAKOTA,34.088412143637505,-12.844968406478515,Malawi,AWB,NMVOC
0716,59.67365613774533,MALAWI_SOUTHERN REGION_NSANJE,35.14256102689594,-16.7458281066411,Malawi,AWB,NMVOC
0717,133.47521092697923,MALAWI_CENTRAL REGION_NTCHEU,34.7150219403129,-14.809209532624244,Malawi,AWB,NMVOC
0718,56.702702895802695,MALAWI_CENTRAL REGION_NTCHISI,33.919435671123914,-13.29729664939087,Malawi,AWB,NMVOC
0719,112.39653608823507,MALAWI_SOUTHERN REGION_PHALOMBE,35.69103908738544,-15.669471595035306,Malawi,AWB,NMVOC
0720,361.64338796348517,MALAWI_NORTHERN REGION_RUMPHI,33.814313155835954,-10.819178535708213,Malawi,AWB,NMVOC
0721,34.59208299057167,MALAWI_CENTRAL REGION_SALIMA,34.38342391012431,-13.73580013859686,Malawi,AWB,NMVOC
0722,154.95881143745433,MALAWI_SOUTHERN REGION_THYOLO,35.14513805866104,-16.103293124272504,Malawi,AWB,NMVOC
0723,102.20441446644364,MALAWI_SOUTHERN REGION_ZOMBA,35.431720494463534,-15.397965042950926,Malawi,AWB,NMVOC
0724,0.27728212746322134,MALAWI_SOUTHERN REGION_ZOMBA CITY,35.32958370864326,-15.389038184748701,Malawi,AWB,NMVOC
0725,1.8380656962296735,MOZAMBIQUE_CABO DELGADO_ANCUABE_ANCUABE SEDE,39.81250434636672,-12.844910167361961,Mozambique,AWB,NMVOC
0726,1.545717663992531,MOZAMBIQUE_CABO DELGADO_ANCUABE_METORO,39.98166464165771,-13.123343510947777,Mozambique,AWB,NMVOC
0727,2.0119698552257694,MOZAMBIQUE_CABO DELGADO_ANCUABE_MEZA,39.50077329178648,-13.002763030349875,Mozambique,AWB,NMVOC
0728,1.4276203290102214,MOZAMBIQUE_CABO DELGADO_BALAMA_BALAMA SEDE,38.60741548928212,-13.34632445565341,Mozambique,AWB,NMVOC
0729,2.9703680773502072,MOZAMBIQUE_CABO DELGADO_BALAMA_IMPIRE,38.234370073203195,-13.36117175168839,Mozambique,AWB,NMVOC
0730,9.543500891529868,MOZAMBIQUE_CABO DELGADO_BALAMA_KWEKWE,38.360631459274536,-13.719258906829074,Mozambique,AWB,NMVOC
0731,0.6070611219425661,MOZAMBIQUE_CABO DELGADO_BALAMA_MAVALA,38.44433858639442,-13.127397794272662,Mozambique,AWB,NMVOC
0732,0.15590667394102178,MOZAMBIQUE_CABO DELGADO_CHIÚRE_CHIÚRE SEDE,39.78631866112433,-13.334949533035196,Mozambique,AWB,NMVOC
0733,0.09011648471208798,MOZAMBIQUE_CABO DELGADO_CHIÚRE_CHIÚRE VELHO,39.9790643743911,-13.394863091288299,Mozambique,AWB,NMVOC
0734,2.5027681990711894,MOZAMBIQUE_CABO DELGADO_CHIÚRE_KATAPUA,39.46036839056145,-13.3790182741743,Mozambique,AWB,NMVOC
0735,0.607250507729689,MOZAMBIQUE_CABO DELGADO_CHIÚRE_MAZEZE,40.26493789258037,-13.394800824078336,Mozambique,AWB,NMVOC
0736,1.868675716776135,MOZAMBIQUE_CABO DELGADO_CHIÚRE_NAMOGELIA,39.39543595419324,-13.73917584393942,Mozambique,AWB,NMVOC
0737,1.7862205835680058,MOZAMBIQUE_CABO DELGADO_CHIÚRE_OCUA,39.70712436514545,-13.593555718225081,Mozambique,AWB,NMVOC
0738,9.46032927184617e-4,MOZAMBIQUE_CABO DELGADO_CIDADE DE PEMBA_CIDADE DE PEMBA,40.5301137002399,-13.01866368362211,Mozambique,AWB,NMVOC
0739,0,MOZAMBIQUE_CABO DELGADO_IBO_IBO SEDE,40.58966660854597,-12.296434453801252,Mozambique,AWB,NMVOC
0740,0,MOZAMBIQUE_CABO DELGADO_IBO_QUIRIMBA,40.60573197983616,-12.436621233927731,Mozambique,AWB,NMVOC
0741,5.252607735620978,MOZAMBIQUE_CABO DELGADO_MACOMIA_CHAI,40.09939009869904,-11.975771317344952,Mozambique,AWB,NMVOC
0742,3.7973207767238915,MOZAMBIQUE_CABO DELGADO_MACOMIA_MACOMIA SEDE,40.00966789367028,-12.185963022208076,Mozambique,AWB,NMVOC
0743,3.8885117686201265,MOZAMBIQUE_CABO DELGADO_MACOMIA_MUCOJO,40.39838621183561,-12.132019600349427,Mozambique,AWB,NMVOC
0744,1.616146483021381,MOZAMBIQUE_CABO DELGADO_MACOMIA_QUITERAJO,40.34862064188187,-11.822248596272631,Mozambique,AWB,NMVOC
0745,1.176820612926167,MOZAMBIQUE_CABO DELGADO_MECÚFI_MECÚFI SEDE,40.44136931989843,-13.314578160765912,Mozambique,AWB,NMVOC
0746,0.822904542140444,MOZAMBIQUE_CABO DELGADO_MECÚFI_MURREBUE,40.3621691122671,-13.16275211422268,Mozambique,AWB,NMVOC
0747,5.214174040006125,MOZAMBIQUE_CABO DELGADO_MELUCO_MELUCO,39.519008675605434,-12.466558692060977,Mozambique,AWB,NMVOC
0748,1.695954066723128,MOZAMBIQUE_CABO DELGADO_MELUCO_MUAGUIDE,40.006147820712634,-12.461564676608146,Mozambique,AWB,NMVOC
0749,2.7852808611332334,MOZAMBIQUE_CABO DELGADO_METUGE_METUGE SEDE,40.30149518097115,-12.881110538127228,Mozambique,AWB,NMVOC
0750,0.045239074820329274,MOZAMBIQUE_CABO DELGADO_METUGE_MIEZE,40.42604082004337,-13.071741165509883,Mozambique,AWB,NMVOC
0751,1.805431497855215,MOZAMBIQUE_CABO DELGADO_MOCÍMBOA DA PRAIA_DIACA,39.98361766384434,-11.50941232931751,Mozambique,AWB,NMVOC
0752,1.301335842756486,MOZAMBIQUE_CABO DELGADO_MOCÍMBOA DA PRAIA_MBAU,40.264033426645,-11.61011746355292,Mozambique,AWB,NMVOC
0753,1.8077335191162998,MOZAMBIQUE_CABO DELGADO_MOCÍMBOA DA PRAIA_MOCÍMBOA DA PRAIA SEDE,40.221732345886586,-11.307039802847223,Mozambique,AWB,NMVOC
0754,0.9189471293689971,MOZAMBIQUE_CABO DELGADO_MONTEPUEZ_CIDADE DE MONTEPUEZ,39.10336496633387,-13.155831594194833,Mozambique,AWB,NMVOC
0755,1.0141048977260887,MOZAMBIQUE_CABO DELGADO_MONTEPUEZ_MAPUPULO,38.85156103637511,-13.296202609826898,Mozambique,AWB,NMVOC
0756,1.8271600241589603,MOZAMBIQUE_CABO DELGADO_MONTEPUEZ_MIRATE SEDE,38.889102884866084,-12.858163088415916,Mozambique,AWB,NMVOC
0757,2.300989924226429,MOZAMBIQUE_CABO DELGADO_MONTEPUEZ_NAIROTO,38.60846512227451,-12.417692004693443,Mozambique,AWB,NMVOC
0758,1.574908168234304,MOZAMBIQUE_CABO DELGADO_MONTEPUEZ_NAMANHUMBIR,39.29331479236441,-13.03734599713965,Mozambique,AWB,NMVOC
0759,2.5806885790221026,MOZAMBIQUE_CABO DELGADO_MUEDA_CHAPA,39.300669871212165,-11.933739048526274,Mozambique,AWB,NMVOC
0760,0.2929738222730234,MOZAMBIQUE_CABO DELGADO_MUEDA_IMBUHO SEDE,39.71330104587685,-11.492354708140468,Mozambique,AWB,NMVOC
0761,4.416548045639836,MOZAMBIQUE_CABO DELGADO_MUEDA_MUEDA SEDE,39.52799055312814,-11.615490131717069,Mozambique,AWB,NMVOC
0762,0.42476396747794254,MOZAMBIQUE_CABO DELGADO_MUEDA_NAMAUA,39.71135420448486,-11.578853289361819,Mozambique,AWB,NMVOC
0763,3.0690108036688306,MOZAMBIQUE_CABO DELGADO_MUEDA_NEGOMANO,38.68032202017621,-11.555132251334204,Mozambique,AWB,NMVOC
0764,20.26235627536051,MOZAMBIQUE_CABO DELGADO_MUEDA_NGAPA,39.181606916419916,-11.449464889051079,Mozambique,AWB,NMVOC
0765,3.8845337518171554,MOZAMBIQUE_CABO DELGADO_MUIDUMBE_CHITUNDA,40.02853944757149,-11.798368536527168,Mozambique,AWB,NMVOC
0766,1.6390775945851255,MOZAMBIQUE_CABO DELGADO_MUIDUMBE_MITEDA,39.64749196598334,-11.853991027094667,Mozambique,AWB,NMVOC
0767,3.568694553012698,MOZAMBIQUE_CABO DELGADO_MUIDUMBE_MUAMBULA,39.82130488684691,-11.841747965829844,Mozambique,AWB,NMVOC
0768,0.6044358581666744,MOZAMBIQUE_CABO DELGADO_NAMUNO_HUCULA,39.027034408935776,-13.807982550463722,Mozambique,AWB,NMVOC
0769,1.2827755820140774,MOZAMBIQUE_CABO DELGADO_NAMUNO_MACHOCA,38.9025822941826,-13.935861472055366,Mozambique,AWB,NMVOC
0770,2.725625377978472,MOZAMBIQUE_CABO DELGADO_NAMUNO_MELOCO,39.16332069555443,-13.55331427408594,Mozambique,AWB,NMVOC
0771,1.9123437815694273,MOZAMBIQUE_CABO DELGADO_NAMUNO_NAMUNO SEDE,38.85042931380327,-13.571803785012364,Mozambique,AWB,NMVOC
0772,1.4027230666936643,MOZAMBIQUE_CABO DELGADO_NAMUNO_NCUMPE,38.64829661522544,-13.759868655212932,Mozambique,AWB,NMVOC
0773,0.8933361994025281,MOZAMBIQUE_CABO DELGADO_NAMUNO_PAPAI,38.6112488248292,-14.01083078018285,Mozambique,AWB,NMVOC
0774,6.430290486641103,MOZAMBIQUE_CABO DELGADO_NANGADE_NANGADE SEDE,39.74862940454096,-11.083424646974992,Mozambique,AWB,NMVOC
0775,1.08753605514833,MOZAMBIQUE_CABO DELGADO_NANGADE_NTAMBA,39.82186362422569,-11.298924991205137,Mozambique,AWB,NMVOC
0776,1.1733938740004792,MOZAMBIQUE_CABO DELGADO_PALMA_OLUMBE,40.37722280987631,-11.022253412786055,Mozambique,AWB,NMVOC
0777,1.1353645019473044,MOZAMBIQUE_CABO DELGADO_PALMA_PALMA,40.36752760276333,-10.781107321340652,Mozambique,AWB,NMVOC
0778,2.13869870507218,MOZAMBIQUE_CABO DELGADO_PALMA_PUNDANHAR,40.10649223692033,-10.915061660907167,Mozambique,AWB,NMVOC
0779,5.964380000731207,MOZAMBIQUE_CABO DELGADO_PALMA_QUIONGA,40.39832171975072,-10.605188674355327,Mozambique,AWB,NMVOC
0780,2.045412366090836,MOZAMBIQUE_CABO DELGADO_QUISSANGA_BILIBIZA,40.19654727032573,-12.609796456581662,Mozambique,AWB,NMVOC
0781,2.0235716691934846,MOZAMBIQUE_CABO DELGADO_QUISSANGA_MAHATE,40.41919917872787,-12.635885089192568,Mozambique,AWB,NMVOC
0782,0.6115667586303064,MOZAMBIQUE_CIDADE DE MAPUTO_KAMAVOTA_KAMAVOTA,32.634886641291224,-25.887693649593853,Mozambique,AWB,NMVOC
0783,0.02118425079682667,MOZAMBIQUE_CIDADE DE MAPUTO_KAMAXAKENI_KAMAXAKENI,32.59944117113847,-25.93889789948286,Mozambique,AWB,NMVOC
0784,0.03933719458883392,MOZAMBIQUE_CIDADE DE MAPUTO_KAMPFUMO_KAMPFUMO,32.586471991569425,-25.963392495074924,Mozambique,AWB,NMVOC
0785,0.43202558387677137,MOZAMBIQUE_CIDADE DE MAPUTO_KAMUBUKWANA_KAMUBUKWANA,32.57628175378329,-25.874280175789803,Mozambique,AWB,NMVOC
0786,0,MOZAMBIQUE_CIDADE DE MAPUTO_KANYAKA_KANYAKA,32.942792473320985,-26.019854398302623,Mozambique,AWB,NMVOC
0787,0.8221412732124863,MOZAMBIQUE_CIDADE DE MAPUTO_KATEMBE_KATEMBE,32.52558521951384,-26.037162300504427,Mozambique,AWB,NMVOC
0788,0.03711130700184189,MOZAMBIQUE_CIDADE DE MAPUTO_NHLAMANKULO_NHLAMANKULO,32.557337897173184,-25.94748667088231,Mozambique,AWB,NMVOC
0789,1.2010806724228682,MOZAMBIQUE_GAZA_BILENE_BILENE MACIA,33.12170844184735,-25.024345210123222,Mozambique,AWB,NMVOC
0790,2.430417311868363,MOZAMBIQUE_GAZA_BILENE_INCAIA,33.23389036385305,-24.972836632632283,Mozambique,AWB,NMVOC
0791,5.421530184521004,MOZAMBIQUE_GAZA_BILENE_MACUANE,33.16406911785151,-25.13186013405694,Mozambique,AWB,NMVOC
0792,7.014872280946251,MOZAMBIQUE_GAZA_BILENE_MAZIVILA,33.15771945972996,-24.86159285857413,Mozambique,AWB,NMVOC
0793,15.16198337483087,MOZAMBIQUE_GAZA_BILENE_MESSANO,32.994801638202425,-24.9711864826169,Mozambique,AWB,NMVOC
0794,4.505111790068173,MOZAMBIQUE_GAZA_BILENE_PRAIA DE BILENE,33.22313026811176,-25.268200454905273,Mozambique,AWB,NMVOC
0795,28.376413510708026,MOZAMBIQUE_GAZA_CHIBUTO_ALTO CHANGANE,33.532709699998925,-24.239915954397528,Mozambique,AWB,NMVOC
0796,21.687229308868464,MOZAMBIQUE_GAZA_CHIBUTO_CHANGANINE,33.78000414254853,-24.004994838500192,Mozambique,AWB,NMVOC
0797,1.0854272242610097,MOZAMBIQUE_GAZA_CHIBUTO_CIDADE DE CHIBUTO,33.56479821975432,-24.69579299181594,Mozambique,AWB,NMVOC
0798,6.011361815706196,MOZAMBIQUE_GAZA_CHIBUTO_GODIDE,33.664009941160174,-24.59383871859075,Mozambique,AWB,NMVOC
0799,7.342310443270399,MOZAMBIQUE_GAZA_CHIBUTO_MALEHICE,33.68651799951757,-24.751639870695612,Mozambique,AWB,NMVOC
0800,7.7615914830714745,MOZAMBIQUE_GAZA_CHIBUTO_TCHAIMITE,33.40913649471263,-24.6274038248804,Mozambique,AWB,NMVOC
0801,4.640798269185762,MOZAMBIQUE_GAZA_CHICUALACUALA_EDUARDO MONDLANE,31.90283759038279,-22.22474259936432,Mozambique,AWB,NMVOC
0802,10.552438078961924,MOZAMBIQUE_GAZA_CHICUALACUALA_PAFURI,31.839636613036426,-23.062508500431342,Mozambique,AWB,NMVOC
0803,1.8133964881827638,MOZAMBIQUE_GAZA_CHIGUBO_CHIGUBO SEDE,33.28327880896511,-22.55689162530508,Mozambique,AWB,NMVOC
0804,10.90317455305227,MOZAMBIQUE_GAZA_CHIGUBO_NDINDIZA,33.50940091714144,-23.45508178763895,Mozambique,AWB,NMVOC
0805,0.5966295639677163,MOZAMBIQUE_GAZA_CHÓKWÈ_CIDADE DE CHÓKWÈ,32.99328794506374,-24.520208875238563,Mozambique,AWB,NMVOC
0806,15.796168592717578,MOZAMBIQUE_GAZA_CHÓKWÈ_LIONDE,33.00856327547369,-24.690277510511446,Mozambique,AWB,NMVOC
0807,15.93842649979014,MOZAMBIQUE_GAZA_CHÓKWÈ_MACARRETANE,32.75708982206706,-24.37253995423536,Mozambique,AWB,NMVOC
0808,7.030595206659225,MOZAMBIQUE_GAZA_CHÓKWÈ_XILEMBENE,33.295896826319776,-24.740800650273098,Mozambique,AWB,NMVOC
0809,17.477779389104978,MOZAMBIQUE_GAZA_CHONGOENE_CHONGOENE,33.78738388968989,-24.95612324064541,Mozambique,AWB,NMVOC
0810,2.47329972542721,MOZAMBIQUE_GAZA_CHONGOENE_MAZUCANE,33.94816589854456,-24.75078182642919,Mozambique,AWB,NMVOC
0811,2.5544382901046943,MOZAMBIQUE_GAZA_CHONGOENE_NGUZENE,33.99174761296743,-24.900424006547656,Mozambique,AWB,NMVOC
0812,8.813431643535251,MOZAMBIQUE_GAZA_CIDADE DE XAI-XAI_CIDADE DE XAI-XAI,33.6238199287902,-25.095602356591947,Mozambique,AWB,NMVOC
0813,7.658091230828024,MOZAMBIQUE_GAZA_GUIJÁ_CHIVONGOENE,33.233221538781685,-24.47489638296496,Mozambique,AWB,NMVOC
0814,12.657255691782284,MOZAMBIQUE_GAZA_GUIJÁ_MUBANGOENE,32.95074527970149,-24.269396021473018,Mozambique,AWB,NMVOC
0815,16.209414264202884,MOZAMBIQUE_GAZA_GUIJÁ_NALAZI,33.17804626234287,-24.007141668394482,Mozambique,AWB,NMVOC
0816,0.40504639096862904,MOZAMBIQUE_GAZA_GUIJÁ_VILA CANIÇADO,33.03370976279583,-24.496154209395023,Mozambique,AWB,NMVOC
0817,10.627543834906731,MOZAMBIQUE_GAZA_LIMPOPO_CHICUMBANE,33.50935105307376,-24.95521044053618,Mozambique,AWB,NMVOC
0818,1.589853873063476,MOZAMBIQUE_GAZA_LIMPOPO_CHISSANO,33.36595620036372,-24.917774625636756,Mozambique,AWB,NMVOC
0819,4.305769515667829,MOZAMBIQUE_GAZA_LIMPOPO_ZONGOENE,33.41768385775187,-25.15027705143945,Mozambique,AWB,NMVOC
0820,8.558875422064773,MOZAMBIQUE_GAZA_MABALANE_COMBOMUNE,32.76206527578445,-23.248510922783225,Mozambique,AWB,NMVOC
0821,5.049877285788405,MOZAMBIQUE_GAZA_MABALANE_MABALANE,32.830014386359615,-23.86472905225202,Mozambique,AWB,NMVOC
0822,3.900631455517119,MOZAMBIQUE_GAZA_MABALANE_NTLHAVENE,32.55611135942274,-23.700477308848008,Mozambique,AWB,NMVOC
0823,4.003436700845383,MOZAMBIQUE_GAZA_MANDLAKAZE_CHALALA,33.898816970795764,-24.62204362818058,Mozambique,AWB,NMVOC
0824,26.113858328376335,MOZAMBIQUE_GAZA_MANDLAKAZE_CHIBONDZANE,34.20993805079586,-24.617150832754188,Mozambique,AWB,NMVOC
0825,5.515170201897065,MOZAMBIQUE_GAZA_MANDLAKAZE_CHIDENGUELE,34.222185883991216,-24.846464693637397,Mozambique,AWB,NMVOC
0826,10.885963742673983,MOZAMBIQUE_GAZA_MANDLAKAZE_MACUACUA,33.93793587874184,-24.351855632078426,Mozambique,AWB,NMVOC
0827,1.060933357126367,MOZAMBIQUE_GAZA_MANDLAKAZE_MANDLAKAZE SEDE,33.881734623458314,-24.717454952391012,Mozambique,AWB,NMVOC
0828,4.083503831824438,MOZAMBIQUE_GAZA_MAPAI_MACHAILA,32.8972792264127,-22.46107250918086,Mozambique,AWB,NMVOC
0829,7.192286732624741,MOZAMBIQUE_GAZA_MAPAI_MAPAI,32.340153357812774,-22.66221263505515,Mozambique,AWB,NMVOC
0830,1.7611229131437365,MOZAMBIQUE_GAZA_MASSANGENA_MASSANGENA,33.024968092166,-21.76228030255321,Mozambique,AWB,NMVOC
0831,9.346403125600721,MOZAMBIQUE_GAZA_MASSANGENA_MAVUE,32.44873445655671,-21.74455920732843,Mozambique,AWB,NMVOC
0832,1.1916690397193772,MOZAMBIQUE_GAZA_MASSINGIR_MASSINGIR SEDE,32.14188192707758,-24.083427448323647,Mozambique,AWB,NMVOC
0833,3.1810050968186854,MOZAMBIQUE_GAZA_MASSINGIR_MAVODZE,31.957192936094224,-23.682084241320673,Mozambique,AWB,NMVOC
0834,1.164587801936437,MOZAMBIQUE_GAZA_MASSINGIR_ZULO,32.44746940415907,-24.081905716979545,Mozambique,AWB,NMVOC
0835,2.193515658718346,MOZAMBIQUE_INHAMBANE_CIDADE DA MAXIXE_CIDADE DA MAXIXE,35.30847837373539,-23.88280148067849,Mozambique,AWB,NMVOC
0836,2.6055818704452296,MOZAMBIQUE_INHAMBANE_CIDADE DE INHAMBANE_CIDADE DE INHAMBANE,35.4669344326235,-23.887608905915176,Mozambique,AWB,NMVOC
0837,13.55419555849122,MOZAMBIQUE_INHAMBANE_FUNHALOURO_FUNHALOURO,34.40493526211412,-23.279005264339535,Mozambique,AWB,NMVOC
0838,5.763848132718072,MOZAMBIQUE_INHAMBANE_FUNHALOURO_TOME,34.123107711970896,-22.6492454413369,Mozambique,AWB,NMVOC
0839,7.993458856394562,MOZAMBIQUE_INHAMBANE_GOVURO_NOVA MAMBONE,34.91124864499755,-21.24838028736193,Mozambique,AWB,NMVOC
0840,6.255301218978139,MOZAMBIQUE_INHAMBANE_GOVURO_SAVE,34.50273875747384,-21.372352488268987,Mozambique,AWB,NMVOC
0841,7.091412968375799,MOZAMBIQUE_INHAMBANE_HOMOÍNE_HOMOÍNE SEDE,35.11348463085394,-23.979574815302524,Mozambique,AWB,NMVOC
0842,6.29989816197118,MOZAMBIQUE_INHAMBANE_HOMOÍNE_PEMBE,34.954010052320086,-23.75585650680714,Mozambique,AWB,NMVOC
0843,18.319066293190495,MOZAMBIQUE_INHAMBANE_INHARRIME_INHARRIME SEDE,35.0629320946627,-24.377713765160113,Mozambique,AWB,NMVOC
0844,4.132677741937804,MOZAMBIQUE_INHAMBANE_INHARRIME_MUCUMBI,34.57231599403387,-24.417768147569834,Mozambique,AWB,NMVOC
0845,0,MOZAMBIQUE_INHAMBANE_INHASSORO_BAZARUTO,35.465173197521,-21.65725826320277,Mozambique,AWB,NMVOC
0846,21.54537145614375,MOZAMBIQUE_INHAMBANE_INHASSORO_INHASSORO,34.84605588804438,-21.753052479230316,Mozambique,AWB,NMVOC
0847,7.677370736484498,MOZAMBIQUE_INHAMBANE_JANGAMO_CUMBANA,35.150833362602604,-24.21294386364807,Mozambique,AWB,NMVOC
0848,8.972294428588338,MOZAMBIQUE_INHAMBANE_JANGAMO_JANGAMO,35.3828405134123,-24.118279758970523,Mozambique,AWB,NMVOC
0849,12.302209170028897,MOZAMBIQUE_INHAMBANE_MABOTE_MABOTE,34.1237933010753,-22.071272031528167,Mozambique,AWB,NMVOC
0850,15.318748550682969,MOZAMBIQUE_INHAMBANE_MABOTE_ZIMANE,33.53428838953659,-22.259421319452596,Mozambique,AWB,NMVOC
0851,25.578708242812283,MOZAMBIQUE_INHAMBANE_MABOTE_ZINAVE,33.78047603814595,-21.630829138429963,Mozambique,AWB,NMVOC
0852,2.726287711923853,MOZAMBIQUE_INHAMBANE_MASSINGA_CHICOMO,34.91593880649871,-22.694580178891357,Mozambique,AWB,NMVOC
0853,7.742238540992416,MOZAMBIQUE_INHAMBANE_MASSINGA_MASSINGA,35.28967211538618,-23.208309768202906,Mozambique,AWB,NMVOC
0854,6.107556194551284,MOZAMBIQUE_INHAMBANE_MORRUMBENE_MOCODUENE,35.03823145580892,-23.43542902200303,Mozambique,AWB,NMVOC
0855,8.451595579412649,MOZAMBIQUE_INHAMBANE_MORRUMBENE_MORRUMBENE,35.31512127790291,-23.62003628600982,Mozambique,AWB,NMVOC
0856,19.81070433920562,MOZAMBIQUE_INHAMBANE_PANDA_MAWAYELA,34.116370299409866,-24.001901283449012,Mozambique,AWB,NMVOC
0857,19.6080293718432,MOZAMBIQUE_INHAMBANE_PANDA_PANDA,34.5701782475298,-24.112499270772535,Mozambique,AWB,NMVOC
0858,7.885594653380707,MOZAMBIQUE_INHAMBANE_PANDA_URRENE,34.644908571251904,-23.83766104214481,Mozambique,AWB,NMVOC
0859,12.529567487089052,MOZAMBIQUE_INHAMBANE_VILANKULO_MAPINHANE,35.04533061414311,-22.371051282087183,Mozambique,AWB,NMVOC
0860,8.931949498010583,MOZAMBIQUE_INHAMBANE_VILANKULO_VILANKULO,35.3062246160536,-22.14744435743396,Mozambique,AWB,NMVOC
0861,2.3534821399496457,MOZAMBIQUE_INHAMBANE_ZAVALA_QUISSICO,34.83275046669489,-24.629624369539606,Mozambique,AWB,NMVOC
0862,6.9432739107334855,MOZAMBIQUE_INHAMBANE_ZAVALA_ZANDAMELA,34.4860299379439,-24.67609745657631,Mozambique,AWB,NMVOC
0863,2.164367535954071,MOZAMBIQUE_LAKE MALAWI_LAKE MALAWI_LAKE MALAWI,34.66958894981475,-12.465931949774122,Mozambique,AWB,NMVOC
0864,25.772418379374386,MOZAMBIQUE_MANICA_BÁRUÈ_CATANDICA,33.30152827468673,-18.240536298661056,Mozambique,AWB,NMVOC
0865,7.5221492597495185,MOZAMBIQUE_MANICA_BÁRUÈ_CHOA,33.04569434614779,-18.064104442461606,Mozambique,AWB,NMVOC
0866,16.929731565347385,MOZAMBIQUE_MANICA_BÁRUÈ_NHAMPASSA,33.184551019135135,-17.597094490855643,Mozambique,AWB,NMVOC
0867,2.2325526558063653,MOZAMBIQUE_MANICA_CIDADE DE CHIMOIO_CHIMOIO,33.45536740007841,-19.127720352606506,Mozambique,AWB,NMVOC
0868,9.369892790445862,MOZAMBIQUE_MANICA_GONDOLA_AMATONGAS,33.81580808058416,-19.088843340895576,Mozambique,AWB,NMVOC
0869,10.810071819256722,MOZAMBIQUE_MANICA_GONDOLA_CAFUMPE,33.73252675700257,-18.96598115326139,Mozambique,AWB,NMVOC
0870,0.8383583075877699,MOZAMBIQUE_MANICA_GONDOLA_GONDOLA,33.66706225815283,-19.067556713895804,Mozambique,AWB,NMVOC
0871,6.877532022847224,MOZAMBIQUE_MANICA_GONDOLA_INCHOPE,33.855910359091254,-19.34910726017252,Mozambique,AWB,NMVOC
0872,13.32148452700769,MOZAMBIQUE_MANICA_GURO_GURO SEDE,33.28735962339221,-17.287981286704778,Mozambique,AWB,NMVOC
0873,1.2316560821414377,MOZAMBIQUE_MANICA_GURO_MANDIE,33.67962216440644,-16.54401479200918,Mozambique,AWB,NMVOC
0874,24.869769766371174,MOZAMBIQUE_MANICA_GURO_MUNGARI,33.54831007111624,-17.10496669776008,Mozambique,AWB,NMVOC
0875,4.001599416938785,MOZAMBIQUE_MANICA_GURO_NHAMASSONGE,33.596453539786765,-16.77407345471343,Mozambique,AWB,NMVOC
0876,8.855235103041048,MOZAMBIQUE_MANICA_MACATE_MACATE SEDE,33.58000277986244,-19.400692718644812,Mozambique,AWB,NMVOC
0877,8.192749032859634,MOZAMBIQUE_MANICA_MACATE_ZEMBE,33.35412342370635,-19.22767890720999,Mozambique,AWB,NMVOC
0878,9.962782700495483,MOZAMBIQUE_MANICA_MACHAZE_CHITOBE,33.306459347363266,-20.88553205985008,Mozambique,AWB,NMVOC
0879,13.207219391818082,MOZAMBIQUE_MANICA_MACHAZE_SAVE,33.21143246815166,-21.301458761861632,Mozambique,AWB,NMVOC
0880,16.538514107158242,MOZAMBIQUE_MANICA_MACOSSA_MACOSSA SEDE,33.93258269449586,-17.783133366418287,Mozambique,AWB,NMVOC
0881,8.07293889889456,MOZAMBIQUE_MANICA_MACOSSA_NGUAWALA,33.639533569018866,-18.34411311077633,Mozambique,AWB,NMVOC
0882,5.469909966846419,MOZAMBIQUE_MANICA_MACOSSA_NHAMAGUA,33.51483956167798,-17.75456736936627,Mozambique,AWB,NMVOC
0883,6.075307171083844,MOZAMBIQUE_MANICA_MANICA_MACHIPANDA,32.85545139808637,-18.879904801552133,Mozambique,AWB,NMVOC
0884,11.245350294310319,MOZAMBIQUE_MANICA_MANICA_MAVONDE,33.05466930685875,-18.601929350510918,Mozambique,AWB,NMVOC
0885,6.06534098060865,MOZAMBIQUE_MANICA_MANICA_MESSICA,33.034928611751994,-19.04617280907505,Mozambique,AWB,NMVOC
0886,1.0973903842658093,MOZAMBIQUE_MANICA_MANICA_MUNICIPIO DE MANICA,32.87567656092327,-18.944254944375942,Mozambique,AWB,NMVOC
0887,8.75928117639486,MOZAMBIQUE_MANICA_MOSSURIZE_CHIURAIRUE,32.81274306891318,-20.739522288509274,Mozambique,AWB,NMVOC
0888,1.0843763821831442,MOZAMBIQUE_MANICA_MOSSURIZE_DACATA,33.08962587563526,-20.311252884140636,Mozambique,AWB,NMVOC
0889,0.00629102056041699,MOZAMBIQUE_MANICA_MOSSURIZE_ESPUNGABERA,32.802896674454466,-20.52340497291208,Mozambique,AWB,NMVOC
0890,6.772405585083666,MOZAMBIQUE_MANICA_SUSSUNDENGA_DOMBE,33.398614696729936,-19.90088894894896,Mozambique,AWB,NMVOC
0891,9.564516799109034,MOZAMBIQUE_MANICA_SUSSUNDENGA_MUOHA,33.124555743177076,-19.350567086646706,Mozambique,AWB,NMVOC
0892,21.36076557014709,MOZAMBIQUE_MANICA_SUSSUNDENGA_ROTANDA,32.98367765963056,-19.498315171914083,Mozambique,AWB,NMVOC
0893,8.695580216534946,MOZAMBIQUE_MANICA_SUSSUNDENGA_SUSSUNDENGA SEDE,33.39688667188607,-19.55883675489867,Mozambique,AWB,NMVOC
0894,8.795761568435669,MOZAMBIQUE_MANICA_TAMBARA_BUZUA,34.12771071863433,-17.124856875787454,Mozambique,AWB,NMVOC
0895,2.9307157028406245,MOZAMBIQUE_MANICA_TAMBARA_NHACAFULA,33.94471979664244,-16.860581221473716,Mozambique,AWB,NMVOC
0896,4.355784472908985,MOZAMBIQUE_MANICA_TAMBARA_NHACOLO,34.257266964940285,-16.782606471479635,Mozambique,AWB,NMVOC
0897,15.550644787150448,MOZAMBIQUE_MANICA_VANDUZI_MATSINHO,33.562813117614425,-18.856539716123457,Mozambique,AWB,NMVOC
0898,27.032703735747607,MOZAMBIQUE_MANICA_VANDUZI_VANDUZI SEDE,33.26441975503835,-18.840475151767034,Mozambique,AWB,NMVOC
0899,3.6746745949546376,MOZAMBIQUE_MAPUTO_BOANE_BOANE,32.34035370899738,-26.08445441643418,Mozambique,AWB,NMVOC
0900,1.596107805048748,MOZAMBIQUE_MAPUTO_BOANE_MATOLA RIO,32.385947237971614,-25.894018223674056,Mozambique,AWB,NMVOC
0901,0.37645319923750864,MOZAMBIQUE_MAPUTO_CIDADE DA MATOLA_CIDADE DA MATOLA,32.45895180757802,-25.935412363609455,Mozambique,AWB,NMVOC
0902,0.9022605124563632,MOZAMBIQUE_MAPUTO_CIDADE DA MATOLA_INFULENE,32.535005856471074,-25.794670956061914,Mozambique,AWB,NMVOC
0903,0.48065061089714634,MOZAMBIQUE_MAPUTO_CIDADE DA MATOLA_MACHAVA,32.469180128394825,-25.837376960910778,Mozambique,AWB,NMVOC
0904,18.311858025499884,MOZAMBIQUE_MAPUTO_MAGUDE_MAGUDE,32.61075121973975,-25.022037525237383,Mozambique,AWB,NMVOC
0905,4.011893352748314,MOZAMBIQUE_MAPUTO_MAGUDE_MAHELE,32.54075600639742,-24.492112517985618,Mozambique,AWB,NMVOC
0906,13.355942561564587,MOZAMBIQUE_MAPUTO_MAGUDE_MAPULANGUENE,32.20329983157022,-24.507823782731254,Mozambique,AWB,NMVOC
0907,11.610664713962011,MOZAMBIQUE_MAPUTO_MAGUDE_MOTAZE,32.709351138737226,-24.71535123184659,Mozambique,AWB,NMVOC
0908,3.929501913084727,MOZAMBIQUE_MAPUTO_MAGUDE_PANJANE,32.389312226449206,-24.870818989222865,Mozambique,AWB,NMVOC
0909,7.4435063207270105,MOZAMBIQUE_MAPUTO_MANHIÇA_3 DE FEVEREIRO,32.82054683811158,-25.208390101324238,Mozambique,AWB,NMVOC
0910,4.592841767008778,MOZAMBIQUE_MAPUTO_MANHIÇA_CALANGA,33.00084214854617,-25.35071525423053,Mozambique,AWB,NMVOC
0911,1.5013906065821163,MOZAMBIQUE_MAPUTO_MANHIÇA_ILHA JOSINA MACHEL,32.946022649902154,-25.170914273804748,Mozambique,AWB,NMVOC
0912,10.085901649922576,MOZAMBIQUE_MAPUTO_MANHIÇA_MALUANA,32.64334243048221,-25.49818169410212,Mozambique,AWB,NMVOC
0913,5.999751855450322,MOZAMBIQUE_MAPUTO_MANHIÇA_MUNICÍPIO DE MANHIÇA,32.724753253319165,-25.360399766782734,Mozambique,AWB,NMVOC
0914,0.9509207272516336,MOZAMBIQUE_MAPUTO_MANHIÇA_XINAVANE,32.81889559595267,-25.03141860388646,Mozambique,AWB,NMVOC
0915,4.999000554349867,MOZAMBIQUE_MAPUTO_MARRACUENE_MACHUBO,32.81266574227231,-25.54972386244347,Mozambique,AWB,NMVOC
0916,4.399320269926643,MOZAMBIQUE_MAPUTO_MARRACUENE_MARRACUENE,32.660662063959514,-25.71381174508608,Mozambique,AWB,NMVOC
0917,25.14638497505485,MOZAMBIQUE_MAPUTO_MATUTUINE_BELA VISTA,32.645581759560066,-26.45851112867402,Mozambique,AWB,NMVOC
0918,2.479350046892716,MOZAMBIQUE_MAPUTO_MATUTUINE_CATEMBE M'SIME,32.53741836502509,-26.163141580325597,Mozambique,AWB,NMVOC
0919,24.651075627186906,MOZAMBIQUE_MAPUTO_MATUTUINE_CATUANE,32.28250028994303,-26.662117878264368,Mozambique,AWB,NMVOC
0920,0.02376597484439276,MOZAMBIQUE_MAPUTO_MATUTUINE_MACHANGULO,32.91305429949867,-26.21651617955071,Mozambique,AWB,NMVOC
0921,39.814941143973826,MOZAMBIQUE_MAPUTO_MATUTUINE_ZITUNDO,32.66218188529151,-26.782492068760977,Mozambique,AWB,NMVOC
0922,9.494872576266488,MOZAMBIQUE_MAPUTO_MOAMBA_MOAMBA,32.3326091155693,-25.499060096245582,Mozambique,AWB,NMVOC
0923,3.4718297062026076,MOZAMBIQUE_MAPUTO_MOAMBA_PESSENE,32.39574490260445,-25.695218912241263,Mozambique,AWB,NMVOC
0924,3.1939873012607363,MOZAMBIQUE_MAPUTO_MOAMBA_RESSANO GARCIA,32.06292546188341,-25.524791985906663,Mozambique,AWB,NMVOC
0925,11.580768863024383,MOZAMBIQUE_MAPUTO_MOAMBA_SABIE,32.18675953290936,-25.158239910785245,Mozambique,AWB,NMVOC
0926,6.799145810579871,MOZAMBIQUE_MAPUTO_NAMAACHA_CHANGALANE,32.221223944789266,-26.330019105258224,Mozambique,AWB,NMVOC
0927,9.197312594594399,MOZAMBIQUE_MAPUTO_NAMAACHA_NAMAACHA,32.12662388876005,-25.9088344940042,Mozambique,AWB,NMVOC
0928,3.829386667332554,MOZAMBIQUE_NAMPULA_ANGOCHE_AUBE,39.75852334490812,-16.336839936374812,Mozambique,AWB,NMVOC
0929,11.45664557837903,MOZAMBIQUE_NAMPULA_ANGOCHE_BOILA NAMETORIA,39.70290960696779,-16.100643339566087,Mozambique,AWB,NMVOC
0930,5.565391665458905,MOZAMBIQUE_NAMPULA_ANGOCHE_CIDADE DE ANGOCHE,39.98119984744425,-16.102624069451156,Mozambique,AWB,NMVOC
0931,7.121658832713759,MOZAMBIQUE_NAMPULA_ANGOCHE_NAMAPONDA,39.89454505581379,-15.89709080920383,Mozambique,AWB,NMVOC
0932,7.817555802577706,MOZAMBIQUE_NAMPULA_CIDADE DE NAMPULA_ANCHILO,39.346700309798294,-15.22913786136925,Mozambique,AWB,NMVOC
0933,0.20459445600114917,MOZAMBIQUE_NAMPULA_CIDADE DE NAMPULA_MUATALA,39.22135093911949,-15.1593659383683,Mozambique,AWB,NMVOC
0934,0.1428144578643047,MOZAMBIQUE_NAMPULA_CIDADE DE NAMPULA_MUHALA,39.306298419558225,-15.143595959458594,Mozambique,AWB,NMVOC
0935,0.04138040549989852,MOZAMBIQUE_NAMPULA_CIDADE DE NAMPULA_NAMICOPO,39.34525426178243,-15.074628282390453,Mozambique,AWB,NMVOC
0936,0.011273037018412325,MOZAMBIQUE_NAMPULA_CIDADE DE NAMPULA_NAPIPINE,39.25129320752563,-15.062109621505412,Mozambique,AWB,NMVOC
0937,0.20747175643040836,MOZAMBIQUE_NAMPULA_CIDADE DE NAMPULA_NATIKIRE,39.191184088730786,-15.102448366937157,Mozambique,AWB,NMVOC
0938,0.011762509969108319,MOZAMBIQUE_NAMPULA_CIDADE DE NAMPULA_URBANO CENTRAL,39.26026156001214,-15.125287189299852,Mozambique,AWB,NMVOC
0939,9.27162069587968,MOZAMBIQUE_NAMPULA_ERÁTI_ALUA,39.89489894828684,-14.015072975322239,Mozambique,AWB,NMVOC
0940,5.252371564695501,MOZAMBIQUE_NAMPULA_ERÁTI_NAMAPA SEDE,39.89264212180842,-13.722799866022642,Mozambique,AWB,NMVOC
0941,2.568547865655151,MOZAMBIQUE_NAMPULA_ERÁTI_NAMIROA,39.437336879824,-14.089576975293262,Mozambique,AWB,NMVOC
0942,0.2996005499377405,MOZAMBIQUE_NAMPULA_ILHA DE MOÇAMBIQUE_ILHA DE MOÇAMBIQUE,40.67676981409689,-15.059117781685298,Mozambique,AWB,NMVOC
0943,1.331288337310547,MOZAMBIQUE_NAMPULA_ILHA DE MOÇAMBIQUE_LUMBO,40.593069155304626,-15.048959749366846,Mozambique,AWB,NMVOC
0944,22.76636174992009,MOZAMBIQUE_NAMPULA_LALAUA_LALAUA,38.27740706902064,-14.383261448419889,Mozambique,AWB,NMVOC
0945,23.680081595699544,MOZAMBIQUE_NAMPULA_LALAUA_METI,37.86423737401499,-14.530463178154468,Mozambique,AWB,NMVOC
0946,7.836440799613106,MOZAMBIQUE_NAMPULA_LARDE_LARDE,39.589862180815906,-16.482975798802265,Mozambique,AWB,NMVOC
0947,16.172948740583802,MOZAMBIQUE_NAMPULA_LARDE_MUCUALI,39.41790695893417,-16.287090861188318,Mozambique,AWB,NMVOC
0948,14.939460080160284,MOZAMBIQUE_NAMPULA_LIÚPO_LIÚPO,39.94138165076237,-15.619173498171499,Mozambique,AWB,NMVOC
0949,3.777239161071515,MOZAMBIQUE_NAMPULA_LIÚPO_QUINGA,40.157694999874806,-15.780114581820921,Mozambique,AWB,NMVOC
0950,10.374855251478877,MOZAMBIQUE_NAMPULA_MALEMA_CHILULO,37.49996661674137,-14.582880564434472,Mozambique,AWB,NMVOC
0951,23.446271508826968,MOZAMBIQUE_NAMPULA_MALEMA_MALEMA/CANHUNHA,37.573319940795386,-14.919357085909676,Mozambique,AWB,NMVOC
0952,18.16213550183415,MOZAMBIQUE_NAMPULA_MALEMA_MUTUALI,37.081432441192284,-14.83921892153854,Mozambique,AWB,NMVOC
0953,6.22085605145045,MOZAMBIQUE_NAMPULA_MECONTA_7 DE ABRIL,39.7199341583495,-15.117491589999613,Mozambique,AWB,NMVOC
0954,33.312426349181784,MOZAMBIQUE_NAMPULA_MECONTA_CORRANE,39.54876435760044,-15.421969554300855,Mozambique,AWB,NMVOC
0955,2.7375678155192853,MOZAMBIQUE_NAMPULA_MECONTA_MECONTA,39.82355388116307,-15.033425935687111,Mozambique,AWB,NMVOC
0956,2.46041910798582,MOZAMBIQUE_NAMPULA_MECONTA_NAMIALO,39.94047851888918,-14.94333164575556,Mozambique,AWB,NMVOC
0957,36.1539153517799,MOZAMBIQUE_NAMPULA_MECUBÚRI_MECUBÚRI,38.91630435171187,-14.607000995672898,Mozambique,AWB,NMVOC
0958,18.575615504795266,MOZAMBIQUE_NAMPULA_MECUBÚRI_MILHANA,39.127654237397486,-14.281829730798503,Mozambique,AWB,NMVOC
0959,12.178585593096107,MOZAMBIQUE_NAMPULA_MECUBÚRI_MUITE,38.88511350311829,-14.17769262196541,Mozambique,AWB,NMVOC
0960,9.281410112052294,MOZAMBIQUE_NAMPULA_MECUBÚRI_NANIMA,38.617221520409196,-14.762009037141098,Mozambique,AWB,NMVOC
0961,10.091150871331461,MOZAMBIQUE_NAMPULA_MEMBA_CHIPENE,40.29531026163154,-13.784944312169863,Mozambique,AWB,NMVOC
0962,2.4097167096840924,MOZAMBIQUE_NAMPULA_MEMBA_LURIO,40.42969149388564,-13.60745895695087,Mozambique,AWB,NMVOC
0963,9.180312505620197,MOZAMBIQUE_NAMPULA_MEMBA_MAZUA,40.34452950636614,-13.975095364086036,Mozambique,AWB,NMVOC
0964,3.7332823271917195,MOZAMBIQUE_NAMPULA_MEMBA_MEMBA,40.48276911284229,-14.242242078752795,Mozambique,AWB,NMVOC
0965,6.455897802475832,MOZAMBIQUE_NAMPULA_MOGINCUAL_NAMINGE,40.30844201844057,-15.56760468837137,Mozambique,AWB,NMVOC
0966,22.756273289197274,MOZAMBIQUE_NAMPULA_MOGINCUAL_QUIXAXE,40.05536393377276,-15.321131966629133,Mozambique,AWB,NMVOC
0967,9.879286894555854,MOZAMBIQUE_NAMPULA_MOGOVOLAS_CALIPO,39.058913588331414,-15.530947657322523,Mozambique,AWB,NMVOC
0968,16.69190635211353,MOZAMBIQUE_NAMPULA_MOGOVOLAS_ILUTE,39.04192013771539,-15.797541445237854,Mozambique,AWB,NMVOC
0969,1.64780439520868,MOZAMBIQUE_NAMPULA_MOGOVOLAS_MUATUA,39.66247406833886,-15.748169028736038,Mozambique,AWB,NMVOC
0970,13.603537717839842,MOZAMBIQUE_NAMPULA_MOGOVOLAS_NAMETIL SEDE,39.38310472440292,-15.732437675168812,Mozambique,AWB,NMVOC
0971,5.207207700314244,MOZAMBIQUE_NAMPULA_MOGOVOLAS_NANHUPO RIO,39.48451889216197,-15.93529808811821,Mozambique,AWB,NMVOC
0972,33.85391494784699,MOZAMBIQUE_NAMPULA_MOMA_CHALAUA,39.136312137632906,-16.068904552909896,Mozambique,AWB,NMVOC
0973,62.37823828583467,MOZAMBIQUE_NAMPULA_MOMA_MACONE SEDE,39.18460905278941,-16.514079368820905,Mozambique,AWB,NMVOC
0974,14.50104681944775,MOZAMBIQUE_NAMPULA_MONAPO_ITUCULO,40.24618932007347,-14.64048511059819,Mozambique,AWB,NMVOC
0975,20.748707001982062,MOZAMBIQUE_NAMPULA_MONAPO_MONAPO SEDE,40.137517062624255,-15.018378371016844,Mozambique,AWB,NMVOC
0976,7.864679680831361,MOZAMBIQUE_NAMPULA_MONAPO_NETIA,39.995063284132854,-14.706425832874704,Mozambique,AWB,NMVOC
0977,11.406281359650714,MOZAMBIQUE_NAMPULA_MOSSURIL_LUNGA,40.43246793584781,-15.262329440298691,Mozambique,AWB,NMVOC
0978,6.747345524791816,MOZAMBIQUE_NAMPULA_MOSSURIL_MATIBANE,40.72180005361815,-14.737223520198267,Mozambique,AWB,NMVOC
0979,8.7275230902249,MOZAMBIQUE_NAMPULA_MOSSURIL_MOSSURIL SEDE,40.51219848506181,-14.903379159287029,Mozambique,AWB,NMVOC
0980,11.223373537844475,MOZAMBIQUE_NAMPULA_MUECATE_IMALA,39.45961702371391,-14.506131562026775,Mozambique,AWB,NMVOC
0981,9.562627405087808,MOZAMBIQUE_NAMPULA_MUECATE_MUCOLUANE,39.346844589295436,-14.772718872651845,Mozambique,AWB,NMVOC
0982,12.834852016719834,MOZAMBIQUE_NAMPULA_MUECATE_MUECATE,39.674472160839436,-14.750405729993048,Mozambique,AWB,NMVOC
0983,7.223883525332661,MOZAMBIQUE_NAMPULA_MURRUPULA_CHINGA,38.63575073821358,-15.171362107258943,Mozambique,AWB,NMVOC
0984,37.789706837972496,MOZAMBIQUE_NAMPULA_MURRUPULA_MURRUPULA,38.65453769328181,-15.40126150281662,Mozambique,AWB,NMVOC
0985,5.565461676202412,MOZAMBIQUE_NAMPULA_MURRUPULA_NIHESSIUE,38.705843526253894,-15.632443438924252,Mozambique,AWB,NMVOC
0986,1.048592496215425,MOZAMBIQUE_NAMPULA_NACALA-A-VELHA_COVO,40.369538959835154,-14.497710962103438,Mozambique,AWB,NMVOC
0987,4.516819603039588,MOZAMBIQUE_NAMPULA_NACALA-A-VELHA_NACALA-A-VELHA,40.519787648403145,-14.585074942847683,Mozambique,AWB,NMVOC
0988,0.7871222308367888,MOZAMBIQUE_NAMPULA_NACALA-PORTO_MUANONA,40.65231715877891,-14.62078918917591,Mozambique,AWB,NMVOC
0989,0.9718732714308285,MOZAMBIQUE_NAMPULA_NACALA-PORTO_MUTIVA,40.74125943838887,-14.510895004706317,Mozambique,AWB,NMVOC
0990,1.8881537802498916,MOZAMBIQUE_NAMPULA_NACARÔA_INTETE,40.18830219819722,-14.339300888601866,Mozambique,AWB,NMVOC
0991,1.5396301473297411,MOZAMBIQUE_NAMPULA_NACARÔA_NACARÔA,39.93302344885562,-14.403489324317396,Mozambique,AWB,NMVOC
0992,1.232355471767567,MOZAMBIQUE_NAMPULA_NACARÔA_SAUA-SAUA,39.70222666069944,-14.278122143645904,Mozambique,AWB,NMVOC
0993,6.155594713976595,MOZAMBIQUE_NAMPULA_RAPALE_MUTIVAZE,38.86687949184624,-15.018807059185013,Mozambique,AWB,NMVOC
0994,7.202797503728035,MOZAMBIQUE_NAMPULA_RAPALE_NAMAITA,38.99863263319021,-15.219861952374297,Mozambique,AWB,NMVOC
0995,2.002136845982243,MOZAMBIQUE_NAMPULA_RAPALE_RAPALE,39.16149044871234,-14.974807379007945,Mozambique,AWB,NMVOC
0996,23.78241489238259,MOZAMBIQUE_NAMPULA_RIBÁUÈ_CUNLE,38.27686663788419,-15.228219850470028,Mozambique,AWB,NMVOC
0997,35.82846390301246,MOZAMBIQUE_NAMPULA_RIBÁUÈ_IAPALA,37.96696312231578,-14.993085543848041,Mozambique,AWB,NMVOC
0998,19.823686039895577,MOZAMBIQUE_NAMPULA_RIBÁUÈ_RIBÁUÈ,38.41380839889487,-14.881044564938612,Mozambique,AWB,NMVOC
0999,18.118693881432698,MOZAMBIQUE_NIASSA_CHIMBONILA_CHIMBONILA,35.408928981746264,-13.368174436939729,Mozambique,AWB,NMVOC
1000,45.442445607619575,MOZAMBIQUE_NIASSA_CHIMBONILA_LIONE,35.129139572126896,-13.602588135727931,Mozambique,AWB,NMVOC
1001,9.666418765770157,MOZAMBIQUE_NIASSA_CHIMBONILA_MEPONDA,34.91488092078617,-13.29985997149095,Mozambique,AWB,NMVOC
1002,1.1761218787756107,MOZAMBIQUE_NIASSA_CIDADE DE LICHINGA_CIDADE DE LICHINGA,35.24558878755181,-13.298038006470582,Mozambique,AWB,NMVOC
1003,25.16263205209904,MOZAMBIQUE_NIASSA_CUAMBA_CIDADE DE CUAMBA,36.43225300678852,-14.65151757200614,Mozambique,AWB,NMVOC
1004,8.97990761596084,MOZAMBIQUE_NIASSA_CUAMBA_ETATARA,36.50604736569097,-15.067722646032196,Mozambique,AWB,NMVOC
1005,6.919221632553958,MOZAMBIQUE_NIASSA_CUAMBA_LÚRIO,36.74388384413436,-14.643139941997887,Mozambique,AWB,NMVOC
1006,9.989557430100259,MOZAMBIQUE_NIASSA_CUAMBA_MEPICA,36.27342275841742,-14.590957907953893,Mozambique,AWB,NMVOC
1007,21.983982825435195,MOZAMBIQUE_NIASSA_LAGO_CÓBUE,35.0221799648129,-11.988797384472345,Mozambique,AWB,NMVOC
1008,5.296365532143765,MOZAMBIQUE_NIASSA_LAGO_LUNHO,34.93957981389291,-12.442879629662482,Mozambique,AWB,NMVOC
1009,8.71901482363675,MOZAMBIQUE_NIASSA_LAGO_MANIAMBA,35.03282976741832,-12.708593517824148,Mozambique,AWB,NMVOC
1010,5.850870459208324,MOZAMBIQUE_NIASSA_LAGO_MELULUCA,34.858334813639914,-12.908685961985746,Mozambique,AWB,NMVOC
1011,0.35016889121170214,MOZAMBIQUE_NIASSA_LAGO_METANGULA,34.86215758962762,-12.665576315058521,Mozambique,AWB,NMVOC
1012,16.770195636053238,MOZAMBIQUE_NIASSA_MAJUNE_MALANGA,36.33165472317088,-13.08401614787644,Mozambique,AWB,NMVOC
1013,12.38845035670921,MOZAMBIQUE_NIASSA_MAJUNE_MUAQUIA,36.67128728604254,-13.41002543814736,Mozambique,AWB,NMVOC
1014,14.5398900586288,MOZAMBIQUE_NIASSA_MAJUNE_NAIRRUBI,36.15642160714719,-13.643230834070724,Mozambique,AWB,NMVOC
1015,34.01544931134197,MOZAMBIQUE_NIASSA_MANDIMBA_LISSIETE,35.73028508291114,-14.332441674005302,Mozambique,AWB,NMVOC
1016,35.79064488183558,MOZAMBIQUE_NIASSA_MANDIMBA_MITANDE,35.98013612645266,-14.147764062736895,Mozambique,AWB,NMVOC
1017,1.9012017829677341,MOZAMBIQUE_NIASSA_MARRUPA_MARRANGIRA,37.72889340449302,-12.68953895503554,Mozambique,AWB,NMVOC
1018,10.4057130484757,MOZAMBIQUE_NIASSA_MARRUPA_MARRUPA SEDE,37.19633769132261,-13.146463272129202,Mozambique,AWB,NMVOC
1019,9.877434333491228,MOZAMBIQUE_NIASSA_MARRUPA_NUNGO,37.81925447353719,-13.478328866752053,Mozambique,AWB,NMVOC
1020,2.4291247505922215,MOZAMBIQUE_NIASSA_MAÚA_MAIACA,37.3005706489584,-14.114170204450419,Mozambique,AWB,NMVOC
1021,24.652921346948414,MOZAMBIQUE_NIASSA_MAÚA_MAÚA,36.95858875508161,-13.837399370259327,Mozambique,AWB,NMVOC
1022,18.582786729940363,MOZAMBIQUE_NIASSA_MAVAGO_MAVAGO SEDE,36.182550803240666,-12.258018044524356,Mozambique,AWB,NMVOC
1023,18.700724852385658,MOZAMBIQUE_NIASSA_MAVAGO_MSAWIZE,36.597826594641965,-12.217689955331863,Mozambique,AWB,NMVOC
1024,14.801167677538437,MOZAMBIQUE_NIASSA_MECANHELAS_CHIUTA,36.08847717751292,-14.74364623777168,Mozambique,AWB,NMVOC
1025,17.580574979626558,MOZAMBIQUE_NIASSA_MECANHELAS_INSACA,36.06761006964796,-15.20035211382043,Mozambique,AWB,NMVOC
1026,9.088947275433565,MOZAMBIQUE_NIASSA_MECULA_MATONDOVELA,37.1193193013008,-12.085419283276117,Mozambique,AWB,NMVOC
1027,1.5230949551909343,MOZAMBIQUE_NIASSA_MECULA_MECULA SEDE,37.94951162557012,-11.849337861322065,Mozambique,AWB,NMVOC
1028,2.721675198265417,MOZAMBIQUE_NIASSA_METARICA_NACUMUA,37.16022891434504,-14.413133439925444,Mozambique,AWB,NMVOC
1029,15.076815700672578,MOZAMBIQUE_NIASSA_METARICA_NAMICUNDI,36.60578243101672,-14.246532016438536,Mozambique,AWB,NMVOC
1030,9.229624064372096,MOZAMBIQUE_NIASSA_MUEMBE_CHICONONO,35.825200631872406,-12.703703422754193,Mozambique,AWB,NMVOC
1031,2.990181628579465,MOZAMBIQUE_NIASSA_MUEMBE_MUEMBE,35.78045415030022,-13.116180648877394,Mozambique,AWB,NMVOC
1032,11.066863821544626,MOZAMBIQUE_NIASSA_NGAUMA_ITEPELA,35.72513460549021,-13.747122663104934,Mozambique,AWB,NMVOC
1033,73.98640975655631,MOZAMBIQUE_NIASSA_NGAUMA_MASSANGULO,35.43617637765224,-13.89029757440695,Mozambique,AWB,NMVOC
1034,3.953639764006324,MOZAMBIQUE_NIASSA_NIPEPE_MULUCO,38.03235704715008,-13.729080948075778,Mozambique,AWB,NMVOC
1035,19.919518764368114,MOZAMBIQUE_NIASSA_NIPEPE_NIPEPE SEDE,37.868200779972554,-14.05769630156578,Mozambique,AWB,NMVOC
1036,5.261221683810143,MOZAMBIQUE_NIASSA_SANGA_LUSSIMBESSE,35.17879893805198,-13.045539587648593,Mozambique,AWB,NMVOC
1037,20.20353691893326,MOZAMBIQUE_NIASSA_SANGA_MACALOGE,35.50896840865773,-12.2274899473508,Mozambique,AWB,NMVOC
1038,12.927108207925802,MOZAMBIQUE_NIASSA_SANGA_MATCHEDJE,35.75189053128633,-11.753298058450781,Mozambique,AWB,NMVOC
1039,12.085572971141291,MOZAMBIQUE_NIASSA_SANGA_UNANGO,35.34018877756437,-12.783844219315524,Mozambique,AWB,NMVOC
1040,29.565187624248168,MOZAMBIQUE_SOFALA_BÚZI_BÚZI SEDE,34.36044794827508,-19.819912163773225,Mozambique,AWB,NMVOC
1041,11.991764068081851,MOZAMBIQUE_SOFALA_BÚZI_ESTAQUINHA,34.16777219776005,-20.149116281359227,Mozambique,AWB,NMVOC
1042,27.74572527209482,MOZAMBIQUE_SOFALA_BÚZI_NOVA SOFALA,34.51923951284964,-20.29614767325403,Mozambique,AWB,NMVOC
1043,22.90868068915812,MOZAMBIQUE_SOFALA_CAIA_CAIA SEDE,35.01870022079462,-17.9131888576579,Mozambique,AWB,NMVOC
1044,16.124981426369168,MOZAMBIQUE_SOFALA_CAIA_MURRACA,35.043543737221526,-17.704599519075483,Mozambique,AWB,NMVOC
1045,27.343961307299352,MOZAMBIQUE_SOFALA_CAIA_SENA,34.958614543889205,-17.545518104260157,Mozambique,AWB,NMVOC
1046,16.54142179170614,MOZAMBIQUE_SOFALA_CHEMBA_CHEMBA,34.796784909165844,-17.161346900583574,Mozambique,AWB,NMVOC
1047,14.357572173569189,MOZAMBIQUE_SOFALA_CHEMBA_CHIRAMBA,34.46911953038281,-17.053102795299342,Mozambique,AWB,NMVOC
1048,12.402169129685594,MOZAMBIQUE_SOFALA_CHEMBA_MULIMA,34.63667292129747,-17.357412370668445,Mozambique,AWB,NMVOC
1049,10.336510840493654,MOZAMBIQUE_SOFALA_CHERINGOMA_INHAMINGA,35.225847778954645,-18.633629386192386,Mozambique,AWB,NMVOC
1050,5.976794471386722,MOZAMBIQUE_SOFALA_CHERINGOMA_INHAMITANGA,35.21803732270835,-18.19602497310624,Mozambique,AWB,NMVOC
1051,6.581358589075985,MOZAMBIQUE_SOFALA_CHIBABAVA_CHIBABAVA,33.625822885571004,-20.32409844006914,Mozambique,AWB,NMVOC
1052,19.48504126077401,MOZAMBIQUE_SOFALA_CHIBABAVA_GOONDA SEDE,33.78093779690099,-20.00140681012032,Mozambique,AWB,NMVOC
1053,16.09468247715327,MOZAMBIQUE_SOFALA_CHIBABAVA_MUXUNGUE,34.00746860191191,-20.588553113130725,Mozambique,AWB,NMVOC
1054,0,MOZAMBIQUE_SOFALA_CIDADE DA BEIRA_CHIVEVE,34.85910823293791,-19.837591338553143,Mozambique,AWB,NMVOC
1055,1.0831418077285473,MOZAMBIQUE_SOFALA_CIDADE DA BEIRA_MANGA LAFORTE,34.91731660730856,-19.78865079306362,Mozambique,AWB,NMVOC
1056,0,MOZAMBIQUE_SOFALA_CIDADE DA BEIRA_MUNHAVA,34.87242987491962,-19.81345968978157,Mozambique,AWB,NMVOC
1057,14.436588979139202,MOZAMBIQUE_SOFALA_CIDADE DA BEIRA_NHANGAU,34.98285843795014,-19.693063426738647,Mozambique,AWB,NMVOC
1058,16.158497813456265,MOZAMBIQUE_SOFALA_DONDO_CIDADE DE DONDO,34.813763994435696,-19.59912984557761,Mozambique,AWB,NMVOC
1059,7.459012453568634,MOZAMBIQUE_SOFALA_DONDO_MAFAMBISSE,34.6172248295846,-19.41411670725845,Mozambique,AWB,NMVOC
1060,7.648753005479598,MOZAMBIQUE_SOFALA_DONDO_SAVANE,34.99777842679284,-19.497504876595226,Mozambique,AWB,NMVOC
1061,13.860274024394823,MOZAMBIQUE_SOFALA_GORONGOSA_CANDA,33.9411113462195,-18.5269605629544,Mozambique,AWB,NMVOC
1062,16.78193214702765,MOZAMBIQUE_SOFALA_GORONGOSA_GORONGOSA,34.32971484173921,-18.78446107770377,Mozambique,AWB,NMVOC
1063,10.253263912865311,MOZAMBIQUE_SOFALA_GORONGOSA_VUNDUZI,34.343011287797125,-18.424602841983976,Mozambique,AWB,NMVOC
1064,0.027039382725620714,MOZAMBIQUE_SOFALA_MACHANGA_CHILOANE,34.92828212630066,-20.64925660347249,Mozambique,AWB,NMVOC
1065,24.298601202822248,MOZAMBIQUE_SOFALA_MACHANGA_DIVINHE,34.674247443709874,-20.722876694861167,Mozambique,AWB,NMVOC
1066,31.62938929900579,MOZAMBIQUE_SOFALA_MACHANGA_MACHANGA,34.442424245334195,-21.012616087372496,Mozambique,AWB,NMVOC
1067,20.469313564641606,MOZAMBIQUE_SOFALA_MARÍNGUÈ_CANXIXE,34.37321686017075,-17.493505870047716,Mozambique,AWB,NMVOC
1068,26.79896401867277,MOZAMBIQUE_SOFALA_MARÍNGUÈ_MARÍNGUÈ SEDE,34.485093419015286,-17.81780849718521,Mozambique,AWB,NMVOC
1069,18.01137533450266,MOZAMBIQUE_SOFALA_MARÍNGUÈ_SUBUE,34.568189920354946,-18.170574357241573,Mozambique,AWB,NMVOC
1070,7.9306354952782065,MOZAMBIQUE_SOFALA_MARROMEU_CHUPANGA,35.53979136875223,-18.153606344651298,Mozambique,AWB,NMVOC
1071,14.308607138521527,MOZAMBIQUE_SOFALA_MARROMEU_MARROMEU,35.850161288958624,-18.569407020896904,Mozambique,AWB,NMVOC
1072,18.846715153747535,MOZAMBIQUE_SOFALA_MUANZA_GALINHA,35.16349786444109,-19.124539501625424,Mozambique,AWB,NMVOC
1073,2.4965767264120555,MOZAMBIQUE_SOFALA_MUANZA_MUANZA,34.678605858109435,-18.938987307842137,Mozambique,AWB,NMVOC
1074,59.487788177236354,MOZAMBIQUE_SOFALA_NHAMATANDA_NHAMATANDA,34.133897175511564,-19.33606727775627,Mozambique,AWB,NMVOC
1075,22.14410371472994,MOZAMBIQUE_SOFALA_NHAMATANDA_TICA,34.40940265650747,-19.335470302125614,Mozambique,AWB,NMVOC
1076,74.66733476327553,MOZAMBIQUE_TETE_ANGÓNIA_DOMUE,34.06227681421749,-14.699140503078468,Mozambique,AWB,NMVOC
1077,57.57847727837724,MOZAMBIQUE_TETE_ANGÓNIA_ULONGUE,34.349106886594804,-14.631151521449059,Mozambique,AWB,NMVOC
1078,32.33370654538025,MOZAMBIQUE_TETE_CAHORA BASSA_CHINTHOLO,32.430533039546916,-16.216233615153374,Mozambique,AWB,NMVOC
1079,3.9517652571249373,MOZAMBIQUE_TETE_CAHORA BASSA_CHITIMA,32.56262609101031,-15.785800626605736,Mozambique,AWB,NMVOC
1080,2.2227518978513143,MOZAMBIQUE_TETE_CAHORA BASSA_SONGO,32.85012635482207,-15.642404356099279,Mozambique,AWB,NMVOC
1081,4.940042884554272,MOZAMBIQUE_TETE_CHANGARA_CHIOCO,33.14018587060284,-16.42341231628667,Mozambique,AWB,NMVOC
1082,4.0475635480184335,MOZAMBIQUE_TETE_CHANGARA_LUENHA,33.11909292885668,-16.867569202571328,Mozambique,AWB,NMVOC
1083,9.337613380188206,MOZAMBIQUE_TETE_CHIFUNDE_CHIFUNDE,32.92346063358836,-14.975687318128626,Mozambique,AWB,NMVOC
1084,30.24624807507291,MOZAMBIQUE_TETE_CHIFUNDE_MUALADZI,32.96393250347011,-14.33950073375169,Mozambique,AWB,NMVOC
1085,19.066555321466687,MOZAMBIQUE_TETE_CHIFUNDE_NSADZO,32.51914214687114,-14.524178249655883,Mozambique,AWB,NMVOC
1086,11.982718793697105,MOZAMBIQUE_TETE_CHIÚTA_KAZULA,33.72636156193938,-15.477753515522302,Mozambique,AWB,NMVOC
1087,13.208422553105256,MOZAMBIQUE_TETE_CHIÚTA_MANJE,33.25470436942447,-15.466819453220635,Mozambique,AWB,NMVOC
1088,0.12969690911933157,MOZAMBIQUE_TETE_CIDADE DE TETE_CIDADE DE TETE,33.5668919310786,-16.139469255826608,Mozambique,AWB,NMVOC
1089,21.893981463108563,MOZAMBIQUE_TETE_DÔA_DÔA,34.51760621797523,-16.598152740102016,Mozambique,AWB,NMVOC
1090,6.432212275562541,MOZAMBIQUE_TETE_MACANGA_CHIDZOLOMONDO,33.35197753831337,-14.918724310435108,Mozambique,AWB,NMVOC
1091,28.9278067775518,MOZAMBIQUE_TETE_MACANGA_FURANCUNGO,33.59727820804702,-14.761837402785105,Mozambique,AWB,NMVOC
1092,1.6268826354931898,MOZAMBIQUE_TETE_MÁGOÈ_CHINTHOPO,30.78042037609181,-15.830563886420572,Mozambique,AWB,NMVOC
1093,0.21650631750816457,MOZAMBIQUE_TETE_MÁGOÈ_MPHENDE,31.891504022092988,-15.845371567366845,Mozambique,AWB,NMVOC
1094,8.507475094312074,MOZAMBIQUE_TETE_MÁGOÈ_MUCUMBURA,31.574958142664922,-15.994013693857134,Mozambique,AWB,NMVOC
1095,0.7652800481491115,MOZAMBIQUE_TETE_MARARA_MARARA,33.1767871500584,-16.057806017371547,Mozambique,AWB,NMVOC
1096,1.9574728541532307,MOZAMBIQUE_TETE_MARÁVIA_CHIPERA,32.4829526094224,-15.434262338278346,Mozambique,AWB,NMVOC
1097,6.172504951148644,MOZAMBIQUE_TETE_MARÁVIA_CHIPUTO,32.35344851188519,-15.03500771920889,Mozambique,AWB,NMVOC
1098,6.469553016104108,MOZAMBIQUE_TETE_MARÁVIA_FINGOE,31.820992594832912,-15.343028415557255,Mozambique,AWB,NMVOC
1099,15.613186936337263,MOZAMBIQUE_TETE_MARÁVIA_MALOWERA,31.85357215677831,-14.713623464787132,Mozambique,AWB,NMVOC
1100,19.20314055135135,MOZAMBIQUE_TETE_MOATIZE_KAMBULATSITSI,34.20055460887969,-16.077264075157483,Mozambique,AWB,NMVOC
1101,7.952384428782712,MOZAMBIQUE_TETE_MOATIZE_MOATIZE,33.83033269026306,-16.159543586050585,Mozambique,AWB,NMVOC
1102,47.425141004321674,MOZAMBIQUE_TETE_MOATIZE_ZOBUE,34.11068253295919,-15.64316936974153,Mozambique,AWB,NMVOC
1103,1.2682213298339367,MOZAMBIQUE_TETE_MUTARARA_CHARRE,35.188552287821736,-17.238598593622232,Mozambique,AWB,NMVOC
1104,1.8243482209780055,MOZAMBIQUE_TETE_MUTARARA_INHANGOMA,35.23245595498249,-17.507231579651293,Mozambique,AWB,NMVOC
1105,9.03526752039716,MOZAMBIQUE_TETE_MUTARARA_NHAMAYABUE,35.003122661755604,-17.054371243733755,Mozambique,AWB,NMVOC
1106,48.536501370718035,MOZAMBIQUE_TETE_TSANGANO_NTENGO-WAMBALAME,34.41780906847001,-14.917178859746276,Mozambique,AWB,NMVOC
1107,45.87643569615943,MOZAMBIQUE_TETE_TSANGANO_TSANGANO,34.29919561554582,-15.250900940934416,Mozambique,AWB,NMVOC
1108,27.345799558137283,MOZAMBIQUE_TETE_ZUMBO_MUZE,31.19697252624993,-15.017374487026439,Mozambique,AWB,NMVOC
1109,37.119836479467665,MOZAMBIQUE_TETE_ZUMBO_ZAMBUE,30.627783948317607,-15.080209177689394,Mozambique,AWB,NMVOC
1110,8.591815874136186,MOZAMBIQUE_TETE_ZUMBO_ZUMBO,30.98718853424653,-15.492944910698794,Mozambique,AWB,NMVOC
1111,64.64219392559345,MOZAMBIQUE_ZAMBÉZIA_ALTO MOLÓCUÈ_ALTO MOLÓCUÈ SEDE,37.75169980366362,-15.82968886527511,Mozambique,AWB,NMVOC
1112,47.3634426137685,MOZAMBIQUE_ZAMBÉZIA_ALTO MOLÓCUÈ_NAUELA,37.535152030135166,-15.39189561707578,Mozambique,AWB,NMVOC
1113,0.6329598851275996,MOZAMBIQUE_ZAMBÉZIA_CHINDE_CHINDE SEDE,36.270548844123184,-18.688008655189545,Mozambique,AWB,NMVOC
1114,4.592855556349702,MOZAMBIQUE_ZAMBÉZIA_CHINDE_MICAUNE,36.474996279882056,-18.29299927576296,Mozambique,AWB,NMVOC
1115,8.455221011135402,MOZAMBIQUE_ZAMBÉZIA_DERRE_GUERISSA,36.07517658059888,-17.391883949116988,Mozambique,AWB,NMVOC
1116,20.50669850855042,MOZAMBIQUE_ZAMBÉZIA_DERRE_MACHINDO,36.14501762444021,-17.028813436740112,Mozambique,AWB,NMVOC
1117,56.24945640942036,MOZAMBIQUE_ZAMBÉZIA_GILÉ_ALTO LIGONHA,38.32552055604672,-15.659236148992102,Mozambique,AWB,NMVOC
1118,52.82918017266345,MOZAMBIQUE_ZAMBÉZIA_GILÉ_GILÉ,38.2910835056982,-16.135614998196157,Mozambique,AWB,NMVOC
1119,21.616724725250226,MOZAMBIQUE_ZAMBÉZIA_GURUÈ_CIDADE DE GURUÈ,36.97092700344254,-15.416132819173738,Mozambique,AWB,NMVOC
1120,39.19712281717286,MOZAMBIQUE_ZAMBÉZIA_GURUÈ_LIOMA,36.85133659882104,-15.21304720853839,Mozambique,AWB,NMVOC
1121,15.89108987880713,MOZAMBIQUE_ZAMBÉZIA_GURUÈ_MEPUAGIUA,37.13396038762665,-15.585338686929129,Mozambique,AWB,NMVOC
1122,36.89738072070275,MOZAMBIQUE_ZAMBÉZIA_ILE_ILE,37.33517260666365,-16.094439327573667,Mozambique,AWB,NMVOC
1123,19.93577102962432,MOZAMBIQUE_ZAMBÉZIA_ILE_SOCONE,37.24742867277951,-15.78891794152016,Mozambique,AWB,NMVOC
1124,0,MOZAMBIQUE_ZAMBÉZIA_INHASSUNGE_GONHANE,36.76819719164744,-18.129199806980733,Mozambique,AWB,NMVOC
1125,1.3315704242299236,MOZAMBIQUE_ZAMBÉZIA_INHASSUNGE_MUCUPIA,36.82679627550589,-18.02052955876717,Mozambique,AWB,NMVOC
1126,3.976589637847254,MOZAMBIQUE_ZAMBÉZIA_LUABO_CHIMBADZO,35.97977141123299,-18.196016220231943,Mozambique,AWB,NMVOC
1127,2.326624787761783,MOZAMBIQUE_ZAMBÉZIA_LUABO_SAMORA MACHEL,36.18071023228471,-18.394390454565023,Mozambique,AWB,NMVOC
1128,9.212379490511035,MOZAMBIQUE_ZAMBÉZIA_LUGELA_LUGELA SEDE,36.792817501899684,-16.327386357024547,Mozambique,AWB,NMVOC
1129,18.18563197646557,MOZAMBIQUE_ZAMBÉZIA_LUGELA_MUABANAMA,36.47880843926437,-16.107038995469004,Mozambique,AWB,NMVOC
1130,24.886981521518138,MOZAMBIQUE_ZAMBÉZIA_LUGELA_MUNHAMADE,36.953559162628835,-16.485068132775538,Mozambique,AWB,NMVOC
1131,7.696567260400499,MOZAMBIQUE_ZAMBÉZIA_LUGELA_TACUANE,36.46670382747136,-16.401970766492536,Mozambique,AWB,NMVOC
1132,3.3538519713778143,MOZAMBIQUE_ZAMBÉZIA_MAGANJA DA COSTA_MAGANJA DA COSTA,37.557492419314904,-17.31794215732248,Mozambique,AWB,NMVOC
1133,2.3137773461660056,MOZAMBIQUE_ZAMBÉZIA_MAGANJA DA COSTA_NANTE,37.278741977984176,-17.32317306931781,Mozambique,AWB,NMVOC
1134,13.474064925343853,MOZAMBIQUE_ZAMBÉZIA_MILANGE_MAJAUA,35.436624982155294,-16.253643814284985,Mozambique,AWB,NMVOC
1135,143.63146153456447,MOZAMBIQUE_ZAMBÉZIA_MILANGE_MILANGE SEDE,35.963973872998274,-16.234450769061095,Mozambique,AWB,NMVOC
1136,10.988433063512355,MOZAMBIQUE_ZAMBÉZIA_MILANGE_MONGUE,35.65648738221003,-16.442722119703557,Mozambique,AWB,NMVOC
1137,2.3681924179164584,MOZAMBIQUE_ZAMBÉZIA_MOCUBA_CIDADE DE MOCUBA,36.92085203297691,-17.018379997773273,Mozambique,AWB,NMVOC
1138,4.606726277541291,MOZAMBIQUE_ZAMBÉZIA_MOCUBA_MUGEBA,37.29714017190822,-16.637901594506356,Mozambique,AWB,NMVOC
1139,5.419826674032281,MOZAMBIQUE_ZAMBÉZIA_MOCUBA_NAMANJAVIRA,36.48988287703119,-16.806628981302676,Mozambique,AWB,NMVOC
1140,4.5998846754045015,MOZAMBIQUE_ZAMBÉZIA_MOCUBELA_BAJONE,37.895522331552115,-17.22544194310728,Mozambique,AWB,NMVOC
1141,58.3595475207445,MOZAMBIQUE_ZAMBÉZIA_MOCUBELA_MOCUBELA,37.68028351815039,-16.88555041335021,Mozambique,AWB,NMVOC
1142,31.94061724150946,MOZAMBIQUE_ZAMBÉZIA_MOLUMBO_CORROMANA,36.05791686767938,-15.749566179759793,Mozambique,AWB,NMVOC
1143,13.69304156951687,MOZAMBIQUE_ZAMBÉZIA_MOLUMBO_MOLUMBO SEDE,36.32068964426865,-15.602898065813545,Mozambique,AWB,NMVOC
1144,16.98819396131178,MOZAMBIQUE_ZAMBÉZIA_MOPEIA_CAMPO,36.34626125703182,-17.82259550049933,Mozambique,AWB,NMVOC
1145,16.895340993479525,MOZAMBIQUE_ZAMBÉZIA_MOPEIA_MOPEIA SEDE,35.80351735470755,-17.841703764849772,Mozambique,AWB,NMVOC
1146,97.65313500416349,MOZAMBIQUE_ZAMBÉZIA_MORRUMBALA_CHIRE,35.53140807640189,-16.71068394183522,Mozambique,AWB,NMVOC
1147,29.74528655253896,MOZAMBIQUE_ZAMBÉZIA_MORRUMBALA_MEGAZA,35.44414710494373,-17.34322259459494,Mozambique,AWB,NMVOC
1148,73.93603432196049,MOZAMBIQUE_ZAMBÉZIA_MORRUMBALA_MORRUMBALA SEDE,35.71818601432962,-17.24576425945072,Mozambique,AWB,NMVOC
1149,17.353907712018152,MOZAMBIQUE_ZAMBÉZIA_MULEVALA_CHIRACO,37.76125440346422,-16.32163858126515,Mozambique,AWB,NMVOC
1150,17.0250720374114,MOZAMBIQUE_ZAMBÉZIA_MULEVALA_M BAUANE,37.54642716961419,-16.40909467076002,Mozambique,AWB,NMVOC
1151,0.02927500925490773,MOZAMBIQUE_ZAMBÉZIA_NAMACURRA_MACUSE,37.22484678245629,-17.591775752107008,Mozambique,AWB,NMVOC
1152,2.0868907480407426,MOZAMBIQUE_ZAMBÉZIA_NAMACURRA_MALEI,37.01133444499841,-17.298645809649788,Mozambique,AWB,NMVOC
1153,0.025848308402553408,MOZAMBIQUE_ZAMBÉZIA_NAMACURRA_NAMACURRA SEDE,36.999724466727024,-17.475100608613698,Mozambique,AWB,NMVOC
1154,24.784625743129638,MOZAMBIQUE_ZAMBÉZIA_NAMARROI_NAMARROI,36.932601372279954,-15.997062158730339,Mozambique,AWB,NMVOC
1155,56.75399295079669,MOZAMBIQUE_ZAMBÉZIA_NAMARROI_REGONE,36.703202241179774,-15.741498193552788,Mozambique,AWB,NMVOC
1156,2.202032176452786,MOZAMBIQUE_ZAMBÉZIA_NICOADALA_MUNHONHA,36.585288815320006,-17.577946128566236,Mozambique,AWB,NMVOC
1157,1.9039169253111823,MOZAMBIQUE_ZAMBÉZIA_NICOADALA_NICOADALA SEDE,36.663687161432556,-17.524080596030704,Mozambique,AWB,NMVOC
1158,45.307829735219634,MOZAMBIQUE_ZAMBÉZIA_PEBANE_MULELA,38.453959254758885,-16.77972576468378,Mozambique,AWB,NMVOC
1159,47.596256477969696,MOZAMBIQUE_ZAMBÉZIA_PEBANE_NABURI,38.84329914869052,-16.53846306968174,Mozambique,AWB,NMVOC
1160,13.279959727196257,MOZAMBIQUE_ZAMBÉZIA_PEBANE_PEBANE SEDE,38.11397763950611,-16.944696335246178,Mozambique,AWB,NMVOC
1161,0,MOZAMBIQUE_ZAMBÉZIA_QUELIMANE_MAQUIVAL,37.05066199126774,-17.80539223477135,Mozambique,AWB,NMVOC
1162,0,MOZAMBIQUE_ZAMBÉZIA_QUELIMANE_QUELIMANE,36.917031879996124,-17.859838300308013,Mozambique,AWB,NMVOC
1163,0.5824117495022028,MOZAMBIQUE_SOFALA_CIDADE DA BEIRA_INHAMIZUA,34.80944811048006,-19.7342235382873,Mozambique,AWB,NMVOC
1164,1.2102323094330119,MOZAMBIQUE_CABO DELGADO_QUISSANGA_QUISSANGA,40.34522572679413,-12.388146823567476,Mozambique,AWB,NMVOC
1165,4.769050669677789,MOZAMBIQUE_ZAMBÉZIA_NICOADALA_NAMACATA,36.87753030165205,-17.747483505410734,Mozambique,AWB,NMVOC
1166,5.254899512108621,NAMIBIA_ZAMBEZI_KABBE,24.793790035168254,-17.667984075409294,Namibia,AWB,NMVOC
1167,3.6754357397060464,NAMIBIA_ZAMBEZI_KATIMA MULILO RURAL,24.454538835228554,-17.783707702671318,Namibia,AWB,NMVOC
1168,0.0025250599183094706,NAMIBIA_ZAMBEZI_KATIMA MULILO URBAN,24.279746190016365,-17.50806511335707,Namibia,AWB,NMVOC
1169,4.99534307743866,NAMIBIA_ZAMBEZI_KONGOLA,23.264204346697873,-17.80294902774862,Namibia,AWB,NMVOC
1170,6.262985843803941,NAMIBIA_ZAMBEZI_LINYANTI,23.671437828262256,-18.092266566594112,Namibia,AWB,NMVOC
1171,2.1197324875659533,NAMIBIA_ZAMBEZI_SIBBINDA,24.108590663155443,-17.85835022128321,Namibia,AWB,NMVOC
1172,0,NAMIBIA_ERONGO_ARANDIS,14.691497629475606,-22.264372494788464,Namibia,AWB,NMVOC
1173,13.615467235365736,NAMIBIA_ERONGO_DAURES,14.93756663805144,-21.37524651621252,Namibia,AWB,NMVOC
1174,28.219188344015,NAMIBIA_ERONGO_KARIBIB,15.787173934663985,-22.30410061850206,Namibia,AWB,NMVOC
1175,94.27147412492862,NAMIBIA_ERONGO_OMARURU,15.95833063241253,-21.31749516745864,Namibia,AWB,NMVOC
1176,0,NAMIBIA_ERONGO_SWAKOPMUND,14.59907978731461,-22.6202601717113,Namibia,AWB,NMVOC
1177,0,NAMIBIA_ERONGO_WALVIS BAY RURAL,15.043164785735584,-23.30666115914993,Namibia,AWB,NMVOC
1178,0,NAMIBIA_ERONGO_WALVIS BAY URBAN,14.51062497535283,-22.954088068577146,Namibia,AWB,NMVOC
1179,35.09313470369891,NAMIBIA_HARDAP_GIBEON,16.211055584954146,-24.728927802737125,Namibia,AWB,NMVOC
1180,14.797480231770908,NAMIBIA_HARDAP_MARIENTAL RURAL,18.931178051035655,-24.55690325528673,Namibia,AWB,NMVOC
1181,10.274147947620618,NAMIBIA_HARDAP_MARIENTAL URBAN,17.552231711371142,-24.506156912910303,Namibia,AWB,NMVOC
1182,7.728756017676419,NAMIBIA_HARDAP_REHOBOTH RURAL,16.94802061214784,-23.797424696279414,Namibia,AWB,NMVOC
1183,0.3642174604001096,NAMIBIA_HARDAP_REHOBOTH URBAN EAST,17.140914395565115,-23.302814761538283,Namibia,AWB,NMVOC
1184,1.3405675517508966,NAMIBIA_HARDAP_REHOBOTH URBAN WEST,17.035406416002225,-23.29213818904565,Namibia,AWB,NMVOC
1185,19.896978925605428,NAMIBIA_//KARAS_BERSEBA,17.43213672122362,-26.402137402623683,Namibia,AWB,NMVOC
1186,27.623524068320865,NAMIBIA_//KARAS_KARASBURG,18.711773230367335,-28.093418586403676,Namibia,AWB,NMVOC
1187,10.163406274076161,NAMIBIA_//KARAS_KEETMANSHOOP RURAL,18.963044948025257,-26.591724991032446,Namibia,AWB,NMVOC
1188,0.0010772645152265458,NAMIBIA_//KARAS_KEETMANSHOOP URBAN,18.13828868505545,-26.52392990789683,Namibia,AWB,NMVOC
1189,0.6183358142345611,NAMIBIA_//KARAS_LUDERITZ,15.864291361495141,-26.644991721573984,Namibia,AWB,NMVOC
1190,0,NAMIBIA_//KARAS_ORANJEMUND,16.84821332532997,-28.056930475767597,Namibia,AWB,NMVOC
1191,40.68851414298477,NAMIBIA_KAVANGO EAST_MASHARE,20.090779832016132,-18.617546949007107,Namibia,AWB,NMVOC
1192,2.0247297144237475,NAMIBIA_KAVANGO EAST_MUKWE,21.71929868242943,-18.093691738891703,Namibia,AWB,NMVOC
1193,18.910086496704402,NAMIBIA_KAVANGO EAST_NDIYONA,20.70537677949861,-18.57519053865166,Namibia,AWB,NMVOC
1194,5.284103839349987,NAMIBIA_KAVANGO EAST_RUNDU RURAL WEST,19.729735628949058,-18.20829568264125,Namibia,AWB,NMVOC
1195,0,NAMIBIA_KAVANGO EAST_RUNDU URBAN,19.77048535736296,-17.905684519464447,Namibia,AWB,NMVOC
1196,1.0974600588249668,NAMIBIA_KAVANGO EAST_RUNDU RURAL EAST,19.918903908289927,-18.018190028726913,Namibia,AWB,NMVOC
1197,0.08187120825812978,NAMIBIA_KHOMAS_TOBIAS HAINYEKO,17.064566285247462,-22.491571002219786,Namibia,AWB,NMVOC
1198,9.80182736449565e-4,NAMIBIA_KHOMAS_KATUTURA CENTRAL,17.053093806653106,-22.5235276855212,Namibia,AWB,NMVOC
1199,0.0012743441568514016,NAMIBIA_KHOMAS_KATUTURA EAST,17.064629491748327,-22.520906899274305,Namibia,AWB,NMVOC
1200,0.017212791454502174,NAMIBIA_KHOMAS_KHOMASDAL NORTH,17.02393885405345,-22.546692524938113,Namibia,AWB,NMVOC
1201,9.11144784898711e-4,NAMIBIA_KHOMAS_SOWETO,17.04634348136182,-22.518971599270618,Namibia,AWB,NMVOC
1202,0.02393254690348397,NAMIBIA_KHOMAS_SAMORA MACHEL,17.011693927957612,-22.515093718237296,Namibia,AWB,NMVOC
1203,0.5931180384643072,NAMIBIA_KHOMAS_WINDHOEK EAST,17.14408226450097,-22.62046223783627,Namibia,AWB,NMVOC
1204,81.13028486459294,NAMIBIA_KHOMAS_WINDHOEK RURAL,17.152644209354136,-22.919981679213087,Namibia,AWB,NMVOC
1205,1.0054750914421404,NAMIBIA_KHOMAS_WINDHOEK WEST,16.999274417411097,-22.61413420573047,Namibia,AWB,NMVOC
1206,0.1744417815141247,NAMIBIA_KHOMAS_MOSES //GAROEB,17.04398509888085,-22.46917693709735,Namibia,AWB,NMVOC
1207,145.24532519741877,NAMIBIA_KUNENE_EPUPA,12.951182297756084,-17.577768817143944,Namibia,AWB,NMVOC
1208,97.85600941458668,NAMIBIA_KUNENE_KAMANAJB,15.32465722582946,-19.802405761415024,Namibia,AWB,NMVOC
1209,12.116572726509032,NAMIBIA_KUNENE_KHORIXAS,14.18082561343677,-20.491501565211138,Namibia,AWB,NMVOC
1210,116.57019986980706,NAMIBIA_KUNENE_OPUWO,13.206749264241742,-18.475898236405577,Namibia,AWB,NMVOC
1211,29.576653602383736,NAMIBIA_KUNENE_OUTJO,16.274442963394687,-19.825265069447923,Namibia,AWB,NMVOC
1212,49.56375213779775,NAMIBIA_KUNENE_SESFONTEIN,13.640868650570905,-19.49338092253463,Namibia,AWB,NMVOC
1213,0.15568769614107542,NAMIBIA_OHANGWENA_EENHANA,16.353020701398215,-17.671032492551955,Namibia,AWB,NMVOC
1214,1.4492891114283402,NAMIBIA_OHANGWENA_ENDOLA,15.820859010662058,-17.625815642509547,Namibia,AWB,NMVOC
1215,3.0426526873305852,NAMIBIA_OHANGWENA_ENGELA,15.748718902094708,-17.518181174101677,Namibia,AWB,NMVOC
1216,0.8470270698270196,NAMIBIA_OHANGWENA_EPEMBE,16.685598245035656,-17.66735533080767,Namibia,AWB,NMVOC
1217,0.24511371478185445,NAMIBIA_OHANGWENA_OHANGWENA,15.882643502502614,-17.520931558141168,Namibia,AWB,NMVOC
1218,2.6160087898253703,NAMIBIA_OHANGWENA_OKONGO,17.455737413504714,-17.57117050323505,Namibia,AWB,NMVOC
1219,0.4219608563548722,NAMIBIA_OHANGWENA_OMUNDAUNGILO,16.578551766563972,-17.449506206889357,Namibia,AWB,NMVOC
1220,0.0024341264791307095,NAMIBIA_OHANGWENA_ONDOBE,16.18459197141436,-17.477949671341534,Namibia,AWB,NMVOC
1221,5.301597916938167,NAMIBIA_OHANGWENA_ONGENGA,15.668516925400173,-17.447258578058655,Namibia,AWB,NMVOC
1222,0.04116818744351966,NAMIBIA_OHANGWENA_OSHIKANGO,15.988943461829676,-17.457271133054828,Namibia,AWB,NMVOC
1223,0.2481471805314508,NAMIBIA_OHANGWENA_OMULONGA,16.093754261365657,-17.654017776298947,Namibia,AWB,NMVOC
1224,11.227752869216314,NAMIBIA_OMAHEKE_AMINUIS,19.295775953525137,-23.417526891993003,Namibia,AWB,NMVOC
1225,12.140676836445346,NAMIBIA_OMAHEKE_GOBABIS,18.604707150106318,-22.71498381235896,Namibia,AWB,NMVOC
1226,26.336919394415528,NAMIBIA_OMAHEKE_KALAHARI,19.48312846470799,-22.503052429131507,Namibia,AWB,NMVOC
1227,1.0524571880254456,NAMIBIA_OMAHEKE_OTJINENE,18.982375532173915,-20.874933868522408,Namibia,AWB,NMVOC
1228,7.946713065510567,NAMIBIA_OMAHEKE_OTJOMBINDE,20.498308652977602,-21.175886752549744,Namibia,AWB,NMVOC
1229,18.32243556665197,NAMIBIA_OMAHEKE_STEINHAUSEN,18.80813704803802,-21.78488609292944,Namibia,AWB,NMVOC
1230,0.5044095029838652,NAMIBIA_OMAHEKE_EPUKIRO,19.646436307793838,-20.93506528769702,Namibia,AWB,NMVOC
1231,3.8289551556437385,NAMIBIA_OMUSATI_ANAMULENGE,15.10483056097633,-17.506116865915512,Namibia,AWB,NMVOC
1232,36.44580417633323,NAMIBIA_OMUSATI_ELIM,15.413739072297282,-17.82200407359759,Namibia,AWB,NMVOC
1233,15.050354582754565,NAMIBIA_OMUSATI_ETAYI,15.519494125234022,-17.546723554965112,Namibia,AWB,NMVOC
1234,27.575187125777923,NAMIBIA_OMUSATI_OGONGO,15.170545752866131,-17.721649210815624,Namibia,AWB,NMVOC
1235,64.63832596944668,NAMIBIA_OMUSATI_OKAHAO,14.876116003002421,-18.693051850022275,Namibia,AWB,NMVOC
1236,11.946882610908673,NAMIBIA_OMUSATI_OKALONGO,15.28878445011893,-17.500821675929387,Namibia,AWB,NMVOC
1237,5.733978843663063,NAMIBIA_OMUSATI_ONESI,14.628083358790452,-17.577424359547425,Namibia,AWB,NMVOC
1238,10.614701665509209,NAMIBIA_OMUSATI_OSHIKUKU,15.392620794511467,-17.690835725085098,Namibia,AWB,NMVOC
1239,7.506205325474037,NAMIBIA_OMUSATI_OUTAPI,14.846441471749827,-17.517573911214274,Namibia,AWB,NMVOC
1240,26.551367485266226,NAMIBIA_OMUSATI_RUACANA,14.407777044865957,-18.097615436899044,Namibia,AWB,NMVOC
1241,15.585830003191184,NAMIBIA_OMUSATI_TSANDI,14.78614887515016,-17.886312407797114,Namibia,AWB,NMVOC
1242,44.02110169129169,NAMIBIA_OMUSATI_OTAMANZI,15.358988115665142,-18.525957641318243,Namibia,AWB,NMVOC
1243,2.0569809580931944,NAMIBIA_OSHANA_OKAKU,15.943162766854906,-17.77022559144506,Namibia,AWB,NMVOC
1244,33.20672732533411,NAMIBIA_OSHANA_OKATANA,15.574759437909428,-17.820795199376207,Namibia,AWB,NMVOC
1245,42.79792373448603,NAMIBIA_OSHANA_OKATJALI,15.924923293889925,-18.15395120107729,Namibia,AWB,NMVOC
1246,44.782677424186865,NAMIBIA_OSHANA_OMPUNDJA,15.659629403226038,-18.011357008061164,Namibia,AWB,NMVOC
1247,7.913043704146862,NAMIBIA_OSHANA_ONDANGWA,15.89055793163545,-17.88939506257595,Namibia,AWB,NMVOC
1248,2.6773707533371143,NAMIBIA_OSHANA_ONGWEDIVA,15.823548294632106,-17.763524478913496,Namibia,AWB,NMVOC
1249,10.854655264886887,NAMIBIA_OSHANA_OSHAKATI EAST,15.735869553936352,-17.86260914126032,Namibia,AWB,NMVOC
1250,23.275160779345715,NAMIBIA_OSHANA_OSHAKATI WEST,15.624549764682277,-17.857865215295526,Namibia,AWB,NMVOC
1251,22.733816986313347,NAMIBIA_OSHANA_UUKWIYU,15.884221094272657,-17.99618085800174,Namibia,AWB,NMVOC
1252,170.0474225610924,NAMIBIA_OSHANA_UUVUDHIYA,15.696372341891102,-18.671160629838095,Namibia,AWB,NMVOC
1253,3.290771615006552,NAMIBIA_OSHIKOTO_EENGONDI,17.332440762836534,-18.19310832303004,Namibia,AWB,NMVOC
1254,144.15327063159774,NAMIBIA_OSHIKOTO_GUINAS,17.594343489923055,-18.89437399671328,Namibia,AWB,NMVOC
1255,0.4117727908146169,NAMIBIA_OSHIKOTO_OKANKOLO,17.177875343763045,-17.878323021444082,Namibia,AWB,NMVOC
1256,15.588867815214392,NAMIBIA_OSHIKOTO_OLUKONDA,16.068385898650977,-18.038011932787096,Namibia,AWB,NMVOC
1257,59.08122518371671,NAMIBIA_OSHIKOTO_OMUNTELE,16.169328087187097,-18.334827887672034,Namibia,AWB,NMVOC
1258,22.731843103728963,NAMIBIA_OSHIKOTO_OMUTHIYAGWIIPUNDI,16.51029242566859,-18.898858129359702,Namibia,AWB,NMVOC
1259,8.705508427438735,NAMIBIA_OSHIKOTO_ONAYENA,16.207793411083593,-17.950862651129206,Namibia,AWB,NMVOC
1260,6.525816542053442,NAMIBIA_OSHIKOTO_ONIIPA,16.069902480232454,-17.845135062553666,Namibia,AWB,NMVOC
1261,1.775557577354786,NAMIBIA_OSHIKOTO_ONYAANYA,16.357556814301276,-18.090881069656568,Namibia,AWB,NMVOC
1262,4.722936425969412,NAMIBIA_OSHIKOTO_TSUMEB,17.719219426941624,-19.233610933756992,Namibia,AWB,NMVOC
1263,46.03156237686581,NAMIBIA_OTJOZONDJUPA_GROOTFONTEIN,18.435300956629483,-19.307687617586755,Namibia,AWB,NMVOC
1264,34.36329319475522,NAMIBIA_OTJOZONDJUPA_OKAHANDJA,16.668747555463238,-21.83565240672381,Namibia,AWB,NMVOC
1265,6.633634982930614,NAMIBIA_OTJOZONDJUPA_OKAKARARA,18.334564244255255,-20.38760912604105,Namibia,AWB,NMVOC
1266,51.318583839686944,NAMIBIA_OTJOZONDJUPA_OMATAKO,17.282520645457858,-21.20096061005428,Namibia,AWB,NMVOC
1267,71.99230184402562,NAMIBIA_OTJOZONDJUPA_OTAVI,17.328950067683728,-19.86763044479583,Namibia,AWB,NMVOC
1268,22.163488807381345,NAMIBIA_OTJOZONDJUPA_OTJIWARONGO,16.251829448720684,-20.505042965104394,Namibia,AWB,NMVOC
1269,63.122658224339645,NAMIBIA_OTJOZONDJUPA_TSUMKWE,19.9533987514376,-19.722419209002222,Namibia,AWB,NMVOC
1270,17.9197096300583,NAMIBIA_KAVANGO WEST_KAHENGE,18.861763150665734,-18.28861226947196,Namibia,AWB,NMVOC
1271,15.14036758110721,NAMIBIA_KAVANGO WEST_KAPAKO,19.43557328650503,-18.551716439141092,Namibia,AWB,NMVOC
1272,38.393171106800494,NAMIBIA_KAVANGO WEST_MPUNGU,18.26159001570929,-18.04481891772234,Namibia,AWB,NMVOC
1273,31.45345987399975,Buffalo City (BUF),27.598864254477117,-32.94800582792056,SA,AWB,NMVOC
1274,61.281317081269634,City of Cape Town (CPT),18.594296829494326,-33.892706933725236,SA,AWB,NMVOC
1275,114.15478569035773,Camdeboo/Ikwezi/Baviaans (EC101),24.089957646273938,-32.8452024220234,SA,AWB,NMVOC
1276,57.72793604546272,Blue Crane Rout/ie (EC102),25.41308680240521,-32.778160968279536,SA,AWB,NMVOC
1277,54.14709323363884,Makana (EC104),26.408254634609886,-33.23516631902399,SA,AWB,NMVOC
1278,18.486742360960275,Ndlambe (EC105),26.743980167056392,-33.52310164874916,SA,AWB,NMVOC
1279,71.22695863479981,Sundays River Valley (EC106),25.496722441767997,-33.51169278867713,SA,AWB,NMVOC
1280,37.785457058323814,Kouga (EC108),24.79959562862642,-33.90429867869783,SA,AWB,NMVOC
1281,43.34849828192545,Kou-Kamma (EC109),24.060086657020488,-33.867609516127736,SA,AWB,NMVOC
1282,36.8588105266722,Mbhashe (EC121),28.575231014835296,-32.13220971938858,SA,AWB,NMVOC
1283,37.2925097350901,Mnquma (EC122),28.156661393124235,-32.34546010162823,SA,AWB,NMVOC
1284,16.74866607350182,Great Kei (EC123),28.009533893856762,-32.65908476816192,SA,AWB,NMVOC
1285,52.469587856693344,Amahlathi (EC124),27.33351960038348,-32.502457790779154,SA,AWB,NMVOC
1286,28.294772958803946,Ngqushwa (EC126),27.190552108198407,-33.197883930507096,SA,AWB,NMVOC
1287,88.31181248541331,Nkonkobe/Nxuba (EC129),26.56395343016319,-32.68648839664744,SA,AWB,NMVOC
1288,28.71812879649445,Inxuba Yethemba (EC131),25.321553083523288,-31.86297467718648,SA,AWB,NMVOC
1289,24.686465513222675,Intsika Yethu (EC135),27.65645293007968,-31.967410209741036,SA,AWB,NMVOC
1290,45.00953839988032,Emalahleni (EC136),27.196289987483134,-31.59599819484559,SA,AWB,NMVOC
1291,25.926419640298462,Engcobo (EC137),28.091140856688877,-31.681331250222897,SA,AWB,NMVOC
1292,48.72524533456183,Sakhisizwe (EC138),27.784464653423093,-31.443073463199052,SA,AWB,NMVOC
1293,95.07516256567793,Tsolwana/Inkwanca/Lukanji (EC139),26.44231171599927,-31.82713277165301,SA,AWB,NMVOC
1294,95.9881026315066,Elundini (EC141),28.332923728488446,-30.924613490171907,SA,AWB,NMVOC
1295,39.19416755323319,Senqu (EC142),27.561052438944984,-30.865504121282964,SA,AWB,NMVOC
1296,37.76027747620557,Maletswai/Gariep (EC145),26.297982166534812,-30.99072562439091,SA,AWB,NMVOC
1297,27.397459593610584,Ngquza Hill (EC153),29.61936077896737,-31.240526584482595,SA,AWB,NMVOC
1298,12.059235235332608,Port St Johns (EC154),29.42127994736776,-31.536133432650935,SA,AWB,NMVOC
1299,19.123827813631433,Nyandeni (EC155),29.06791507221619,-31.593568922888913,SA,AWB,NMVOC
1300,15.323491645238226,Mhlontlo (EC156),28.77986734009031,-31.200925478397178,SA,AWB,NMVOC
1301,28.458536410606275,King Sabata Dalindyebo (EC157),28.67245651353882,-31.763159249936695,SA,AWB,NMVOC
1302,62.359155402640084,Matatiele (EC441),28.799576805046378,-30.346800314394653,SA,AWB,NMVOC
1303,42.07324758677467,Umzimvubu (EC442),29.024650004658934,-30.77669158331251,SA,AWB,NMVOC
1304,66.60034789174566,Mbizana (EC443),29.846100390912305,-30.94913834267403,SA,AWB,NMVOC
1305,13.425709185668547,Ntabankulu (EC444),29.301335289494258,-30.979143187316314,SA,AWB,NMVOC
1306,149.86713339626937,Ekurhuleni (EKU),28.312610799006872,-26.19890180039359,SA,AWB,NMVOC
1307,286.40647528044303,eThekwini (ETH),30.83613967872446,-29.834217800959394,SA,AWB,NMVOC
1308,331.3326866712768,Letsemeng (FS161),25.014921531561004,-29.358108946328255,SA,AWB,NMVOC
1309,161.91667161462215,Kopanong (FS162),25.64114039286138,-29.975908538082983,SA,AWB,NMVOC
1310,131.06790855594642,Mohokare (FS163),26.70843376153791,-30.20845860575575,SA,AWB,NMVOC
1311,477.98898440633394,Masilonyana (FS181),26.617458659326235,-28.631554189395228,SA,AWB,NMVOC
1312,587.6621815508539,Tokologo (FS182),25.355991999884054,-28.472588777335627,SA,AWB,NMVOC
1313,1101.9009333183628,Tswelopele (FS183),25.931548564559048,-28.066074672660065,SA,AWB,NMVOC
1314,826.9998288869447,Matjhabeng (FS184),26.91629852178738,-28.044206331040705,SA,AWB,NMVOC
1315,780.9895667607727,Nala (FS185),26.443501057951472,-27.620085113823276,SA,AWB,NMVOC
1316,630.4028459999098,Setsoto (FS191),27.611849107223822,-28.597460113677133,SA,AWB,NMVOC
1317,659.9578209953137,Dihlabeng (FS192),28.293898689286305,-28.362439638603284,SA,AWB,NMVOC
1318,852.2236720131692,Nketoana (FS193),28.246098639230098,-27.849730288880405,SA,AWB,NMVOC
1319,255.81499155068494,Maluti a Phofung (FS194),29.025155447117413,-28.332211824313816,SA,AWB,NMVOC
1320,754.3505721205275,Phumelela (FS195),29.22855332756709,-27.676780478565117,SA,AWB,NMVOC
1321,250.00145857178936,Mantsopa (FS196),27.217597861072438,-29.135212154732272,SA,AWB,NMVOC
1322,1684.5635062944884,Moqhaka (FS201),27.193724011739675,-27.500952572439758,SA,AWB,NMVOC
1323,1664.9737120535679,Ngwathe (FS203),27.731911356224305,-27.2957570942759,SA,AWB,NMVOC
1324,388.0007177884648,Metsimaholo (FS204),28.043759146658957,-26.929132626752555,SA,AWB,NMVOC
1325,969.7558471344549,Mafube (FS205),28.60779443701931,-27.269640781466524,SA,AWB,NMVOC
1326,113.01375899751704,Emfuleni (GT421),27.78119575062538,-26.628372404139963,SA,AWB,NMVOC
1327,266.0973408477172,Midvaal (GT422),28.12922429452965,-26.623049056706034,SA,AWB,NMVOC
1328,311.10996692464226,Lesedi (GT423),28.506672206506963,-26.461472069502342,SA,AWB,NMVOC
1329,42.73330840377585,Mogale City (GT481),27.683044173467124,-25.9870777312359,SA,AWB,NMVOC
1330,197.0297416597263,Merafong City (GT484),27.39947301236414,-26.416916316259925,SA,AWB,NMVOC
1331,168.0781417993357,New (GT485),27.630358282577387,-26.305377895109828,SA,AWB,NMVOC
1332,40.979310043070335,City of Johannesburg (JHB),27.963520457163874,-26.17673292466971,SA,AWB,NMVOC
1333,189.2025006329975,Umdoni (KZN212),30.564296422383766,-30.26941215278416,SA,AWB,NMVOC
1334,34.478154323698796,Umzumbe (KZN213),30.34109349485651,-30.48625213454723,SA,AWB,NMVOC
1335,124.70901317376389,uMuziwabantu (KZN214),29.876024661538295,-30.631036716984855,SA,AWB,NMVOC
1336,788.2457451954945,Hibiscus Coast (KZN216),30.256268392679218,-30.777445434896816,SA,AWB,NMVOC
1337,1245.644205448236,uMshwathi (KZN221),30.57723304743919,-29.382907146378955,SA,AWB,NMVOC
1338,90.4164944722424,uMngeni (KZN222),30.090331468395576,-29.437893652146563,SA,AWB,NMVOC
1339,99.2739034034737,Mpofana (KZN223),30.025271395990348,-29.190997264613035,SA,AWB,NMVOC
1340,39.456076250937535,Impendle (KZN224),29.731276209974812,-29.554937527064798,SA,AWB,NMVOC
1341,92.4399083918231,The Msunduzi (KZN225),30.265492525577752,-29.670137497352023,SA,AWB,NMVOC
1342,322.8243498215791,Mkhambathini (KZN226),30.54531080327023,-29.843574776336624,SA,AWB,NMVOC
1343,188.01032656212737,Richmond (KZN227),30.284544545669366,-29.892451867819272,SA,AWB,NMVOC
1344,175.0484695032171,Okhahlamba (KZN235),29.316126781081834,-28.755389135601764,SA,AWB,NMVOC
1345,97.7585592611763,New (KZN237),29.823208639417057,-28.98844294297501,SA,AWB,NMVOC
1346,72.89860039327867,New (KZN238),29.85903127009922,-28.465502298380606,SA,AWB,NMVOC
1347,44.77903647421703,Endumeni (KZN241),30.298724252947004,-28.170872262516635,SA,AWB,NMVOC
1348,19.898550953570446,Nqutu (KZN242),30.738402602971842,-28.3057856426724,SA,AWB,NMVOC
1349,64.39723872405139,Msinga (KZN244),30.448438956915833,-28.605909275422903,SA,AWB,NMVOC
1350,192.05153949502107,Umvoti (KZN245),30.674407652928558,-29.025108014344248,SA,AWB,NMVOC
1351,67.78883487986732,Newcastle (KZN252),29.876255990263406,-27.739276183545844,SA,AWB,NMVOC
1352,119.80633142493787,Emadlangeni (KZN253),30.321232039938934,-27.617907330365107,SA,AWB,NMVOC
1353,45.05667865059528,Dannhauser (KZN254),30.002289977265942,-28.021393744339566,SA,AWB,NMVOC
1354,92.2973239326943,eDumbe (KZN261),30.81062292956855,-27.469617673094547,SA,AWB,NMVOC
1355,122.48529796147153,uPhongolo (KZN262),31.598159005752375,-27.483608832173115,SA,AWB,NMVOC
1356,180.3706506714947,Abaqulusi (KZN263),31.05300673776844,-27.8257482171015,SA,AWB,NMVOC
1357,39.855016706561464,Nongoma (KZN265),31.745560356874247,-27.911780178568517,SA,AWB,NMVOC
1358,95.47317646127526,Ulundi (KZN266),31.309444916664436,-28.239580055499665,SA,AWB,NMVOC
1359,51.547389376804496,Umhlabuyalingana (KZN271),32.56381651356431,-27.243472986556462,SA,AWB,NMVOC
1360,49.35408334691633,Jozini (KZN272),32.14557048188946,-27.36815301488439,SA,AWB,NMVOC
1361,219.46474703232536,Mtubatuba (KZN275),32.29495200731668,-28.28774563454697,SA,AWB,NMVOC
1362,271.5420568857155,New (KZN276),32.196439917229256,-28.03451780762441,SA,AWB,NMVOC
1363,123.59622411434461,Mfolozi (KZN281),32.08205666681106,-28.54943900730811,SA,AWB,NMVOC
1364,287.5499874359217,uMhlathuze (KZN282),31.879279732627545,-28.731153462649306,SA,AWB,NMVOC
1365,918.2935396076202,uMlalazi (KZN284),31.444902303281012,-28.904859982322336,SA,AWB,NMVOC
1366,259.0770265975637,Mthonjaneni (KZN285),31.46989521594373,-28.566641254058112,SA,AWB,NMVOC
1367,99.82441456011851,Nkandla (KZN286),30.992847475348313,-28.65874298560281,SA,AWB,NMVOC
1368,426.62360151749454,Mandeni (KZN291),31.467602405876107,-29.12389810299933,SA,AWB,NMVOC
1369,1110.398082555155,KwaDukuza (KZN292),31.25513058898549,-29.355999737664646,SA,AWB,NMVOC
1370,593.3655981144184,Ndwedwe (KZN293),30.971145236611328,-29.424489832181724,SA,AWB,NMVOC
1371,75.16101312094034,Maphumulo (KZN294),31.061676575865707,-29.11112579364772,SA,AWB,NMVOC
1372,84.93982979519743,Greater Kokstad (KZN433),29.333985724860153,-30.300940129030153,SA,AWB,NMVOC
1373,32.59507440264715,Ubuhlebezwe (KZN434),30.164623949729094,-30.19252582259694,SA,AWB,NMVOC
1374,33.94714872911523,Umzimkhulu (KZN435),29.73770155638459,-30.291659472535116,SA,AWB,NMVOC
1375,72.76238182691613,New (KZN436),29.59925971197213,-29.82995036987778,SA,AWB,NMVOC
1376,10.279175043659759,Greater Giyani (LIM331),30.899690443403223,-23.363950859740118,SA,AWB,NMVOC
1377,4.316391931928139,Greater Letaba (LIM332),30.27459722174666,-23.51164855271159,SA,AWB,NMVOC
1378,8.6511773970202,Greater Tzaneen (LIM333),30.25340441091674,-23.835977770536683,SA,AWB,NMVOC
1379,30.71267785300757,Ba-Phalaborwa (LIM334),31.191583756193857,-23.776931100454973,SA,AWB,NMVOC
1380,20.297705688979633,Maruleng (LIM335),30.785641757876952,-24.291507940529854,SA,AWB,NMVOC
1381,203.8394539574622,Musina (LIM341),30.05077110077547,-22.452444078436113,SA,AWB,NMVOC
1382,7.741550632092847,Thulamela (LIM343),30.555384649799517,-22.785680862120937,SA,AWB,NMVOC
1383,69.09261291710217,Makhado (LIM344),29.7486767332841,-22.99957537797423,SA,AWB,NMVOC
1384,11.85930355928363,New (LIM345),30.973389530004273,-22.98859241312989,SA,AWB,NMVOC
1385,99.14477359291415,Blouberg (LIM351),28.75025951576327,-22.96754705620071,SA,AWB,NMVOC
1386,20.74038355674764,Molemole (LIM353),29.53603926457335,-23.498363807532403,SA,AWB,NMVOC
1387,66.2268521725437,Polokwane (LIM354),29.382116648858307,-23.8911198474484,SA,AWB,NMVOC
1388,26.403901843331386,Lepele-Nkumpi (LIM355),29.706098724754902,-24.26602472477329,SA,AWB,NMVOC
1389,175.02571437079862,Thabazimbi (LIM361),27.18648986644449,-24.54368940298091,SA,AWB,NMVOC
1390,182.67967783943266,Lephalale (LIM362),27.797673264901547,-23.67621029455612,SA,AWB,NMVOC
1391,137.77856885599465,Bela-Bela (LIM366),28.27202559364255,-24.9540355998598,SA,AWB,NMVOC
1392,82.9191212530723,Mogalakwena (LIM367),28.693646429401138,-23.846776659349114,SA,AWB,NMVOC
1393,298.18865272607763,Modimolle/Mookgophong (LIM368),28.554318378198634,-24.50378204783512,SA,AWB,NMVOC
1394,22.174489388949187,Ephraim Mogale (LIM471),29.336691696763047,-24.90184812517883,SA,AWB,NMVOC
1395,124.07659108463064,Elias Motsoaledi (LIM472),29.56162199731176,-25.195958709787416,SA,AWB,NMVOC
1396,10.79263430469769,Makhuduthamaga (LIM473),29.77376805671483,-24.72156702551684,SA,AWB,NMVOC
1397,86.14038857905719,Greater Tubatse/Fetakgomo (LIM476),30.220512409351578,-24.60034155788023,SA,AWB,NMVOC
1398,361.11570412756924,Mangaung (MAN),26.50052991738285,-29.331493385874897,SA,AWB,NMVOC
1399,325.40075785220824,Chief Albert Luthuli (MP301),30.486023915525898,-26.055659215342654,SA,AWB,NMVOC
1400,591.671819749814,Msukaligwa (MP302),30.12962179212915,-26.468179957263942,SA,AWB,NMVOC
1401,315.6437273600289,Mkhondo (MP303),30.704664805360647,-26.99281043647496,SA,AWB,NMVOC
1402,457.59916712855386,Dr Pixley Ka Isaka Seme (MP304),29.955868602689744,-27.12849724731941,SA,AWB,NMVOC
1403,860.2158705724258,Lekwa (MP305),29.35167338257744,-26.879837519268875,SA,AWB,NMVOC
1404,554.3657819119007,Dipaleseng (MP306),28.641164057979545,-26.781729068806687,SA,AWB,NMVOC
1405,502.5034210781631,Govan Mbeki (MP307),29.19601841151445,-26.46697143683172,SA,AWB,NMVOC
1406,435.3520880615885,Victor Khanye (MP311),28.768849144433155,-26.132617697943477,SA,AWB,NMVOC
1407,549.1869388518612,Emalahleni (MP312),29.162096257324418,-26.01795048880191,SA,AWB,NMVOC
1408,982.6040691374752,Steve Tshwete (MP313),29.551938218276963,-25.836944103856947,SA,AWB,NMVOC
1409,333.7064620171818,Emakhazeni (MP314),30.106821848663742,-25.596921237314394,SA,AWB,NMVOC
1410,73.40758674208033,Thembisile (MP315),28.95192824101233,-25.470336038962238,SA,AWB,NMVOC
1411,11.277444970614143,Dr JS Moroka (MP316),28.801472347773178,-25.103882758045668,SA,AWB,NMVOC
1412,72.7743068808777,Thaba Chweu (MP321),30.57153056410513,-25.064888911517013,SA,AWB,NMVOC
1413,338.9344215179624,Nkomazi (MP324),31.730184896139622,-25.502441880044394,SA,AWB,NMVOC
1414,28.179379819583364,Bushbuckridge (MP325),31.524554777444788,-24.556740864902537,SA,AWB,NMVOC
1415,191.62111605711775,Mbombela/Umjindi (MP326),31.096583710647025,-25.432684098533255,SA,AWB,NMVOC
1416,3.1556490434476125,Richtersveld (NC061),17.059551072172134,-28.768234043160607,SA,AWB,NMVOC
1417,7.720648232912288,Nama Khoi (NC062),17.91494133561911,-29.45640456833637,SA,AWB,NMVOC
1418,67.38791268328029,Kamiesberg (NC064),18.13015961792784,-30.375500419763604,SA,AWB,NMVOC
1419,209.07809096844016,Hantam (NC065),19.96076903840225,-30.97326387632367,SA,AWB,NMVOC
1420,238.50017495555866,Karoo Hoogland (NC066),21.045367164738153,-31.72866537697112,SA,AWB,NMVOC
1421,0.49177913202031687,Khâi-Ma (NC067),19.26135370838769,-29.537786385108184,SA,AWB,NMVOC
1422,322.6723206993881,Ubuntu (NC071),23.13370561544698,-31.37353482138949,SA,AWB,NMVOC
1423,25.705011874007443,Umsobomvu (NC072),25.04764999855825,-30.848177029851588,SA,AWB,NMVOC
1424,159.87104389046155,Emthanjeni (NC073),23.85840547035036,-30.67860320584649,SA,AWB,NMVOC
1425,65.60042511025338,Kareeberg (NC074),22.13482818835018,-30.54560022973702,SA,AWB,NMVOC
1426,74.5712754370093,Renosterberg (NC075),24.450629664298948,-30.255674893884255,SA,AWB,NMVOC
1427,68.18100616284089,Thembelihle (NC076),23.765002948711334,-29.708430373289627,SA,AWB,NMVOC
1428,85.61179082551418,Siyathemba (NC077),22.5520117599244,-29.633449473297446,SA,AWB,NMVOC
1429,91.50795307804775,Siyancuma (NC078),23.368135189529266,-28.983648115956267,SA,AWB,NMVOC
1430,52.579899339078196,Kai !Garib (NC082),20.415779221325927,-28.968415397154022,SA,AWB,NMVOC
1431,26.286591427256205,!Kheis (NC084),21.603495266524188,-29.232655553883756,SA,AWB,NMVOC
1432,14.290957787728969,Tsantsabane (NC085),22.553384843403045,-28.038581659653413,SA,AWB,NMVOC
1433,4.8107246118045985,Kgatelopele (NC086),23.63233217640869,-28.217463600827454,SA,AWB,NMVOC
1434,32.26479480339958,//Khara Hais/Mier (NC087),20.833021354286817,-27.068953107729545,SA,AWB,NMVOC
1435,13.583685117604377,Sol Plaatjie (NC091),24.514285167088513,-28.743361921797487,SA,AWB,NMVOC
1436,14.172970050379798,Dikgatlong (NC092),24.192269532669194,-28.193349409504034,SA,AWB,NMVOC
1437,103.45853262304216,Magareng (NC093),24.780465069795653,-28.167755341807677,SA,AWB,NMVOC
1438,85.25920402232784,Phokwane (NC094),24.808908824292622,-27.795177260115924,SA,AWB,NMVOC
1439,75.51953510414629,Joe Morolong (NC451),22.937720996816267,-26.838253106736673,SA,AWB,NMVOC
1440,4.297695277966125,Ga-Segonyana (NC452),23.560536877064965,-27.622586314678973,SA,AWB,NMVOC
1441,2.6535505680799756,Gamagara (NC453),22.99607417546456,-27.643424226884566,SA,AWB,NMVOC
1442,13.720211743063263,Nelson Mandela Bay (NMA),25.492325010511415,-33.804018235171306,SA,AWB,NMVOC
1443,25.411353621998323,Moretele (NW371),28.03908368696291,-25.176894569186302,SA,AWB,NMVOC
1444,70.47587390359095,Local Municipality of Madibeng (NW372),27.73365092436683,-25.441079324120807,SA,AWB,NMVOC
1445,102.46837525573088,Rustenburg (NW373),27.331450416242784,-25.66090837141418,SA,AWB,NMVOC
1446,300.0698342561954,Kgetlengrivier (NW374),26.864344191252787,-25.72345587170004,SA,AWB,NMVOC
1447,72.5531544231463,Moses Kotane (NW375),26.866123855951283,-25.13362782615747,SA,AWB,NMVOC
1448,249.17525921476906,Ratlou (NW381),25.063605925319113,-26.08201587807829,SA,AWB,NMVOC
1449,636.7856336938868,Tswaing (NW382),25.66098471544643,-26.615774445678632,SA,AWB,NMVOC
1450,149.35380244975033,Mafikeng (NW383),25.672832054041375,-25.886091780262618,SA,AWB,NMVOC
1451,974.0550354672445,Ditsobotla (NW384),26.239308215127412,-26.115261364090596,SA,AWB,NMVOC
1452,169.27819476187145,Ramotshere Moiloa (NW385),26.123471368618137,-25.218995566189637,SA,AWB,NMVOC
1453,598.1581456118862,Naledi (NW392),24.79527413051862,-26.86329306541285,SA,AWB,NMVOC
1454,778.1145094462697,Mamusa (NW393),25.277113001282956,-27.22305181117706,SA,AWB,NMVOC
1455,28.56830973261665,Greater Taung (NW394),24.439135473722978,-27.502819297224146,SA,AWB,NMVOC
1456,396.6347476194629,Lekwa-Teemane (NW396),25.32923774851763,-27.63922701964027,SA,AWB,NMVOC
1457,1373.4911525093746,Kagisano/Molopo (NW397),23.765026014343153,-26.118051281941728,SA,AWB,NMVOC
1458,627.6113882800664,City of Matlosana (NW403),26.488149960518996,-26.811358748287205,SA,AWB,NMVOC
1459,637.3897058760261,Maquassi Hills (NW404),26.033886103084164,-27.23835835490209,SA,AWB,NMVOC
1460,1353.8524215872849,Ventersdorp/Tlokwe (NW405),27.004510453933847,-26.488692826418728,SA,AWB,NMVOC
1461,293.7382120309159,City of Tshwane (TSH),28.443433217250625,-25.659851428790624,SA,AWB,NMVOC
1462,101.59068789379627,Matzikama (WC011),18.499074499468698,-31.255840123869305,SA,AWB,NMVOC
1463,156.7166243895479,Cederberg (WC012),18.924252686680997,-32.25674181208767,SA,AWB,NMVOC
1464,197.16346913273867,Bergrivier (WC013),18.672795192444063,-32.787492869446815,SA,AWB,NMVOC
1465,69.60749615408002,Saldanha Bay (WC014),18.176134163611852,-33.010183399822495,SA,AWB,NMVOC
1466,267.65362322595126,Swartland (WC015),18.620246203734677,-33.30973980958506,SA,AWB,NMVOC
1467,91.31372097471531,Witzenberg (WC022),19.68890243028827,-32.94978723975034,SA,AWB,NMVOC
1468,69.12097002658598,Drakenstein (WC023),19.003058669393468,-33.596786916383564,SA,AWB,NMVOC
1469,18.38650406176785,Stellenbosch (WC024),18.944796363106693,-33.926035417528176,SA,AWB,NMVOC
1470,46.84182953458716,Breede Valley (WC025),19.699592583285963,-33.571874326586304,SA,AWB,NMVOC
1471,32.981205239339594,Langeberg (WC026),20.05499702391179,-33.78591943557983,SA,AWB,NMVOC
1472,103.3635986792459,Theewaterskloof (WC031),19.436205803645056,-34.161235777032985,SA,AWB,NMVOC
1473,21.17840450360114,Overstrand (WC032),19.376341302447013,-34.476351826606134,SA,AWB,NMVOC
1474,110.96424205223569,Cape Agulhas (WC033),20.05759261209885,-34.49792816727761,SA,AWB,NMVOC
1475,89.82024767153278,Swellendam (WC034),20.508876422488118,-34.03689398202183,SA,AWB,NMVOC
1476,17.733634870174704,Kannaland (WC041),21.318929071812132,-33.60348228547038,SA,AWB,NMVOC
1477,170.39384288443097,Hessequa (WC042),21.227498281104747,-34.13450499418741,SA,AWB,NMVOC
1478,50.38361970252997,Mossel Bay (WC043),21.94268858486633,-34.04142256573831,SA,AWB,NMVOC
1479,23.645169209294078,George (WC044),22.93003160882857,-33.695282456579825,SA,AWB,NMVOC
1480,24.023545154351353,Oudtshoorn (WC045),22.22097775698059,-33.59287178340578,SA,AWB,NMVOC
1481,3.9305401356089766,Bitou (WC047),23.407081210262664,-33.937355597794785,SA,AWB,NMVOC
1482,1.6179877895413342,Knysna (WC048),22.984307307129328,-33.94604481371343,SA,AWB,NMVOC
1483,36.74286838069535,Laingsburg (WC051),20.966020283495638,-33.10361314083431,SA,AWB,NMVOC
1484,6.865503716075696,Prince Albert (WC052),22.130117608349714,-33.05111998769453,SA,AWB,NMVOC
1485,178.08491410788363,Beaufort West (WC053),22.746542364789725,-32.27710950336613,SA,AWB,NMVOC
1486,4.860453198301155,Timphisini,31.427527777467557,-25.77919829327425,swz,AWB,NMVOC
1487,9.228976351627065,Ntfonjeni,31.343619162235765,-25.829286995179224,swz,AWB,NMVOC
1488,10.734179281087888,Mayiwane,31.509506281238203,-25.861738695993047,swz,AWB,NMVOC
1489,24.23562352192508,Mhlangatane,31.621950825737503,-25.939695519246623,swz,AWB,NMVOC
1490,24.58190095769239,Ndzingeni,31.43455167846427,-26.004089857679194,swz,AWB,NMVOC
1491,23.128178847097367,Madlangempisi,31.567436769117936,-26.099284349171477,swz,AWB,NMVOC
1492,150.85970052341256,Maphalaleni,31.365091924296856,-26.197321168361256,swz,AWB,NMVOC
1493,32.56677570505837,Pigg's Peak,31.25696321866851,-25.964805122665727,swz,AWB,NMVOC
1494,125.70809282238856,Nkhaba,31.143956798528553,-26.137239773416546,swz,AWB,NMVOC
1495,71.13765847842149,Motjane,31.02818299839431,-26.30685187288155,swz,AWB,NMVOC
1496,8.01549490751496,Mbabane West,31.107872683509882,-26.336291548391436,swz,AWB,NMVOC
1497,8.403376250031183,Mbabane East,31.141081832025073,-26.3027236876315,swz,AWB,NMVOC
1498,48.96638104261256,Hhukwini,31.222081322674427,-26.32065034848908,swz,AWB,NMVOC
1499,16.127478870380738,Lobamba,31.181490419840365,-26.413527114735945,swz,AWB,NMVOC
1500,38.495460803722395,Mkhiweni,31.577441575897375,-26.29070166832214,swz,AWB,NMVOC
1501,45.05440210315024,Kukhanyeni,31.41051368673318,-26.3747085735696,swz,AWB,NMVOC
1502,25.113135364016838,Mafutseni,31.523011856624002,-26.45582801367826,swz,AWB,NMVOC
1503,33.7866868782377,Mthongwaneni,31.501356709255482,-26.569704960391807,swz,AWB,NMVOC
1504,12.059361924575025,Manzini North,31.394419676034722,-26.481334398718516,swz,AWB,NMVOC
1505,2.5100374804871057,Manzini South,31.36837555950807,-26.520560596292356,swz,AWB,NMVOC
1506,5.472781908288521,Kwaluseni,31.31330758484104,-26.500651000600236,swz,AWB,NMVOC
1507,57.94908927687178,Ludzeludze,31.317859732245438,-26.394848493062067,swz,AWB,NMVOC
1508,17.288247171433532,Lobamba Lomdzala,31.21153822321666,-26.525643141694285,swz,AWB,NMVOC
1509,60.27144022533367,Nhlambeni,31.408562511847816,-26.630530181944778,swz,AWB,NMVOC
1510,55.296803336291404,Ntondozi,31.255721117118,-26.631017055506103,swz,AWB,NMVOC
1511,16.116242821743423,La-Mgabhi,31.070807855360105,-26.564658624068162,swz,AWB,NMVOC
1512,44.87173729142063,Mhlambanyatsi,30.98674877164096,-26.450529398348344,swz,AWB,NMVOC
1513,13.290548140035657,Mangcongco,30.884645646846423,-26.578126273491335,swz,AWB,NMVOC
1514,148.88036259120298,Ngwempisi,31.004022599726948,-26.710945657075314,swz,AWB,NMVOC
1515,193.03706924872628,Mahlangatsha,31.228735687622677,-26.771547360075047,swz,AWB,NMVOC
1516,70.9118677280005,Kubuta,31.452603410394964,-26.829896157699594,swz,AWB,NMVOC
1517,78.5464393892199,Nkwene,31.25402793120817,-26.88316670443372,swz,AWB,NMVOC
1518,93.41304864935894,Mtsambama,31.385175952460738,-26.957586651949224,swz,AWB,NMVOC
1519,222.66944802439093,Gege,31.04308782697033,-26.922942294717792,swz,AWB,NMVOC
1520,49.35265495330053,Mbangweni,31.250469017568943,-27.053399828647212,swz,AWB,NMVOC
1521,40.379612937086954,Maseyisini,31.162763105989555,-27.134686006761925,swz,AWB,NMVOC
1522,56.2189033634932,Sandleni,31.429835958875884,-27.064513697748147,swz,AWB,NMVOC
1523,23.562956551991917,Ngudzeni,31.543105154501283,-27.034785219989786,swz,AWB,NMVOC
1524,6.515960164622175,Zombodze,31.334568927601403,-27.200313835720486,swz,AWB,NMVOC
1525,94.86905260899155,Shiselweni,31.49631059380805,-27.253953663192778,swz,AWB,NMVOC
1526,85.68250745283846,Hosea,31.53433592419686,-27.16191857513413,swz,AWB,NMVOC
1527,32.67778356069014,Sigwe,31.6594023333631,-27.07259114844248,swz,AWB,NMVOC
1528,115.82870696357787,Matsanjeni South,31.724633678774154,-27.216897918466156,swz,AWB,NMVOC
1529,99.09906965544045,Somntongo,31.88647265075323,-27.224260883938804,swz,AWB,NMVOC
1530,103.73813053724344,Lubuli,31.871656751031274,-27.032830900051994,swz,AWB,NMVOC
1531,114.57453501469668,Sithobela,31.655947353909568,-26.867080532878518,swz,AWB,NMVOC
1532,73.46096807827973,Nkilongo,31.89239374698797,-26.83443092667109,swz,AWB,NMVOC
1533,73.02035393086211,Siphofaneni,31.66300159138905,-26.6791978798675,swz,AWB,NMVOC
1534,48.829523367710024,Mpolonjeni,31.874527778817235,-26.583288999847156,swz,AWB,NMVOC
1535,15.032088210155035,Matsanjeni North,32.071056369994956,-26.659618839604153,swz,AWB,NMVOC
1536,31.46840130395962,Lugongolweni,32.01662145780792,-26.34892589847767,swz,AWB,NMVOC
1537,58.96140148968528,Dvokodvweni,31.74874438011335,-26.450224696421593,swz,AWB,NMVOC
1538,28.814301284436652,Hlane,31.805244033997365,-26.296408623452134,swz,AWB,NMVOC
1539,41.923975784933646,Mhlume,31.808997857429535,-26.10217970032939,swz,AWB,NMVOC
1540,4.700378901305619,Lomahasha,32.003415605057185,-26.06346037693349,swz,AWB,NMVOC
1541,130.19441470051225,ZAMBIA_CENTRAL_CHIBOMBO_CHISAMBA,28.5661943716429,-14.846792545063325,Zambia,AWB,NMVOC
1542,19.122612776699704,ZAMBIA_CENTRAL_CHIBOMBO_KATUBA,27.98219959351392,-15.171132204750865,Zambia,AWB,NMVOC
1543,266.5867042186091,ZAMBIA_CENTRAL_CHIBOMBO_KEEMBE,27.6736546747429,-14.727345017193953,Zambia,AWB,NMVOC
1544,51.03870450591219,ZAMBIA_CENTRAL_KABWE_BWACHA,28.341941228042526,-14.476746683885342,Zambia,AWB,NMVOC
1545,8.137094430971535,ZAMBIA_CENTRAL_KABWE_KABWE CENTRAL,28.516948134035072,-14.407877676196723,Zambia,AWB,NMVOC
1546,802.8492818775817,ZAMBIA_CENTRAL_KAPIRI MPOSHI_KAPIRI MPOSHI,28.102119922151484,-14.120700762098181,Zambia,AWB,NMVOC
1547,295.186242660446,ZAMBIA_CENTRAL_MKUSHI_MKUSHI NORTH,29.469436639963092,-13.730329792225124,Zambia,AWB,NMVOC
1548,253.5113904694028,ZAMBIA_CENTRAL_MKUSHI_MKUSHI SOUTH,29.569217404421003,-14.436411331188475,Zambia,AWB,NMVOC
1549,255.54087677987053,ZAMBIA_CENTRAL_MUMBWA_MUMBWA,26.364188448292417,-14.900633988434736,Zambia,AWB,NMVOC
1550,9.240528058388067,ZAMBIA_CENTRAL_MUMBWA_MWEMBESHI,27.701977895362777,-15.40446287674476,Zambia,AWB,NMVOC
1551,30.096734019651624,ZAMBIA_CENTRAL_MUMBWA_NANGOMA,27.306575058954532,-15.258227671528992,Zambia,AWB,NMVOC
1552,95.29943396047307,ZAMBIA_CENTRAL_SERENJE_CHITAMBO,30.253472648282777,-12.560317914404294,Zambia,AWB,NMVOC
1553,184.504151079115,ZAMBIA_CENTRAL_SERENJE_MUCHINGA,30.687809502617156,-13.471349520459055,Zambia,AWB,NMVOC
1554,85.93632651542258,ZAMBIA_CENTRAL_SERENJE_SERENJE,30.10589973967512,-13.040469573298045,Zambia,AWB,NMVOC
1555,16.83553144613131,ZAMBIA_COPPERBELT_CHILILABOMBWE_CHILILABOMBWE,27.81464871496207,-12.361165489706172,Zambia,AWB,NMVOC
1556,21.75954300484274,ZAMBIA_COPPERBELT_CHINGOLA_CHINGOLA,27.669026385939425,-12.505121590267066,Zambia,AWB,NMVOC
1557,2.675014812513638,ZAMBIA_COPPERBELT_CHINGOLA_NCHANGA,27.97081023345629,-12.528814058526129,Zambia,AWB,NMVOC
1558,17.23219214978392,ZAMBIA_COPPERBELT_KALULUSHI_KALULUSHI,27.96391886764875,-12.770501908865587,Zambia,AWB,NMVOC
1559,2.34220551067821,ZAMBIA_COPPERBELT_KITWE_CHIMWEMWE,28.18492901942876,-12.717092029024544,Zambia,AWB,NMVOC
1560,1.6604329866800205,ZAMBIA_COPPERBELT_KITWE_KAMFINSA,28.35330783309189,-12.8095822567081,Zambia,AWB,NMVOC
1561,2.0692094815211237,ZAMBIA_COPPERBELT_KITWE_KWACHA,28.302830727693767,-12.77594738834159,Zambia,AWB,NMVOC
1562,1.0677903653318184,ZAMBIA_COPPERBELT_KITWE_NKANA,28.16694032204235,-12.811008579347963,Zambia,AWB,NMVOC
1563,2.576268893066194,ZAMBIA_COPPERBELT_KITWE_WUSAKILE,28.222488074533018,-12.92465702761479,Zambia,AWB,NMVOC
1564,7.156367199308148,ZAMBIA_COPPERBELT_LUANSHYA_LUANSHYA,28.46004980991987,-13.107078377377691,Zambia,AWB,NMVOC
1565,11.641953830963642,ZAMBIA_COPPERBELT_LUANSHYA_ROAN,28.303596506825578,-13.06750066483788,Zambia,AWB,NMVOC
1566,111.78179835223483,ZAMBIA_COPPERBELT_LUFWANYAMA_LUFWANYAMA,27.47764081880377,-12.975834907523659,Zambia,AWB,NMVOC
1567,29.324215006626684,ZAMBIA_COPPERBELT_MASAITI_KAFULAFUTA,28.808078308441427,-13.326356335242059,Zambia,AWB,NMVOC
1568,37.79640131999493,ZAMBIA_COPPERBELT_MASAITI_MASAITI,28.553011385110448,-13.359027007303364,Zambia,AWB,NMVOC
1569,128.5844209453273,ZAMBIA_COPPERBELT_MPONGWE_MPONGWE,27.790650304373813,-13.595789579892758,Zambia,AWB,NMVOC
1570,6.718056445359701,ZAMBIA_COPPERBELT_MUFULIRA_KANKOYO,28.155127636110944,-12.495158993380908,Zambia,AWB,NMVOC
1571,6.41802697110812,ZAMBIA_COPPERBELT_MUFULIRA_KANTANSHI,28.326104841902225,-12.506850254258554,Zambia,AWB,NMVOC
1572,9.321271605514339,ZAMBIA_COPPERBELT_MUFULIRA_MUFULIRA,28.338024388673514,-12.6431226302504,Zambia,AWB,NMVOC
1573,7.867827924916933,ZAMBIA_COPPERBELT_NDOLA_BWANA MKUBWA,28.64549902864361,-13.056256733012118,Zambia,AWB,NMVOC
1574,0.5737495073920005,ZAMBIA_COPPERBELT_NDOLA_CHIFUBU,28.60823451656592,-12.89879660397216,Zambia,AWB,NMVOC
1575,0.09414294103360381,ZAMBIA_COPPERBELT_NDOLA_KABUSHI,28.627156043953665,-13.001741922109233,Zambia,AWB,NMVOC
1576,5.793967377192449,ZAMBIA_COPPERBELT_NDOLA_NDOLA,28.49890269696238,-12.901589820311179,Zambia,AWB,NMVOC
1577,37.40747450853229,ZAMBIA_EASTERN_CHADIZA_CHADIZA,32.39627549044243,-14.079002215254139,Zambia,AWB,NMVOC
1578,228.51742618014288,ZAMBIA_EASTERN_CHADIZA_VUBWI,32.76493860383449,-14.052840040124526,Zambia,AWB,NMVOC
1579,160.5872036229104,ZAMBIA_EASTERN_CHIPATA_CHIPANGALI,32.638200923536886,-13.30842953137994,Zambia,AWB,NMVOC
1580,33.86261363355267,ZAMBIA_EASTERN_CHIPATA_CHIPATA,32.60383734056898,-13.637216206455038,Zambia,AWB,NMVOC
1581,30.610594499094073,ZAMBIA_EASTERN_CHIPATA_KASENENGWA,32.26713323087467,-13.669423091567161,Zambia,AWB,NMVOC
1582,59.55232604822965,ZAMBIA_EASTERN_CHIPATA_LUANGENI,32.605070390811335,-13.843705990807868,Zambia,AWB,NMVOC
1583,42.192443288403155,ZAMBIA_EASTERN_KATETE_MILANZI,32.16528245031478,-14.1891307534823,Zambia,AWB,NMVOC
1584,38.271511859818155,ZAMBIA_EASTERN_KATETE_MKAIKA,31.9768863225823,-13.972148532747518,Zambia,AWB,NMVOC
1585,26.962534300709198,ZAMBIA_EASTERN_KATETE_SINDA,31.73979584134408,-14.178052121693852,Zambia,AWB,NMVOC
1586,59.40566107118414,ZAMBIA_EASTERN_LUNDAZI_CHASEFU,33.05328766635874,-11.996456926575963,Zambia,AWB,NMVOC
1587,522.1233469192044,ZAMBIA_EASTERN_LUNDAZI_LUMEZI,32.5895037879343,-12.649881756316528,Zambia,AWB,NMVOC
1588,118.74614940705317,ZAMBIA_EASTERN_LUNDAZI_LUNDAZI,33.2259898380257,-12.406307107286958,Zambia,AWB,NMVOC
1589,183.10832841809088,ZAMBIA_EASTERN_MAMBWE_MALAMBO,31.981789689929077,-13.346646229523834,Zambia,AWB,NMVOC
1590,408.8275776589268,ZAMBIA_EASTERN_NYIMBA_NYIMBA,30.58228012538245,-14.399411197527083,Zambia,AWB,NMVOC
1591,45.39573810607024,ZAMBIA_EASTERN_PETAUKE_KAPOCHE,31.494550896982194,-14.472461671217527,Zambia,AWB,NMVOC
1592,22.599325822602307,ZAMBIA_EASTERN_PETAUKE_MSANZALA,31.295942721648927,-14.317042186360203,Zambia,AWB,NMVOC
1593,81.76738102380583,ZAMBIA_EASTERN_PETAUKE_PETAUKE,31.395540922703685,-13.831094629172307,Zambia,AWB,NMVOC
1594,48.4177725228547,ZAMBIA_LUAPULA_CHIENGE_CHIENGE,29.126088992773784,-8.743468946806065,Zambia,AWB,NMVOC
1595,34.12842170572984,ZAMBIA_LUAPULA_KAWAMBWA_KAWAMBWA,29.075760100164228,-9.771943441852208,Zambia,AWB,NMVOC
1596,12.745170738173046,ZAMBIA_LUAPULA_KAWAMBWA_MWANSABOMBWE,28.789708265128425,-9.924894823988827,Zambia,AWB,NMVOC
1597,70.78593215629958,ZAMBIA_LUAPULA_KAWAMBWA_PAMBASHE,29.50887712310463,-9.839951270716938,Zambia,AWB,NMVOC
1598,77.72727324995888,ZAMBIA_LUAPULA_MANSA_BAHATI,28.96351540414113,-11.185629960923388,Zambia,AWB,NMVOC
1599,72.09437303546403,ZAMBIA_LUAPULA_MANSA_MANSA,28.819764023233848,-11.47139263102599,Zambia,AWB,NMVOC
1600,72.96097648182273,ZAMBIA_LUAPULA_MILENGE_CHEMBE,29.17293034277804,-11.937612639540122,Zambia,AWB,NMVOC
1601,67.19708870763176,ZAMBIA_LUAPULA_MWENSE_CHIPILI,29.127537230682734,-10.416802146820574,Zambia,AWB,NMVOC
1602,20.4478908246233,ZAMBIA_LUAPULA_MWENSE_MAMBILIMA,28.708979324819012,-10.72243901358301,Zambia,AWB,NMVOC
1603,10.165242336157304,ZAMBIA_LUAPULA_MWENSE_MWENSE,28.704288885428422,-10.233840547996117,Zambia,AWB,NMVOC
1604,30.054535563769083,ZAMBIA_LUAPULA_NCHELENGE_NCHELENGE,28.799279562604337,-9.357480292222682,Zambia,AWB,NMVOC
1605,41.99859901576985,ZAMBIA_LUAPULA_SAMFYA_BANGEULU,29.625015084138838,-11.781064127014634,Zambia,AWB,NMVOC
1606,34.393705858186735,ZAMBIA_LUAPULA_SAMFYA_CHIFUNABULI,29.66126127594006,-11.049808045494856,Zambia,AWB,NMVOC
1607,25.905540646212664,ZAMBIA_LUAPULA_SAMFYA_LUAPULA,30.081224160051487,-11.57555382096848,Zambia,AWB,NMVOC
1608,34.88540254452486,ZAMBIA_LUSAKA_CHONGWE_CHONGWE,28.62232043220776,-15.375229425875759,Zambia,AWB,NMVOC
1609,212.6003658530804,ZAMBIA_LUSAKA_CHONGWE_RUFUNSA,29.502907057767036,-15.155837602230632,Zambia,AWB,NMVOC
1610,36.641915316909014,ZAMBIA_LUSAKA_KAFUE_CHILANGA,28.066936325812314,-15.44535490638688,Zambia,AWB,NMVOC
1611,147.3677782402322,ZAMBIA_LUSAKA_KAFUE_KAFUE,28.633553227376076,-15.719700213855967,Zambia,AWB,NMVOC
1612,17.038168766069116,ZAMBIA_LUSAKA_LUANGWA_FEIRA,30.001466666180438,-15.436979115223238,Zambia,AWB,NMVOC
1613,3.7779317779145973,ZAMBIA_LUSAKA_LUSAKA_CHAWAMA,28.277892786058786,-15.494825189970678,Zambia,AWB,NMVOC
1614,4.351080889288031,ZAMBIA_LUSAKA_LUSAKA_KABWATA,28.313576899992587,-15.469141457864835,Zambia,AWB,NMVOC
1615,5.5038101449665815,ZAMBIA_LUSAKA_LUSAKA_KANYAMA,28.241833786918246,-15.448835877623589,Zambia,AWB,NMVOC
1616,5.34846345051655,ZAMBIA_LUSAKA_LUSAKA_LUSAKA CENTRAL,28.385718227507034,-15.443614423440085,Zambia,AWB,NMVOC
1617,0.6256099762016765,ZAMBIA_LUSAKA_LUSAKA_MANDEVU,28.30690375089146,-15.355502657994798,Zambia,AWB,NMVOC
1618,0.32675071285546403,ZAMBIA_LUSAKA_LUSAKA_MATERO,28.24892453686191,-15.368176359794754,Zambia,AWB,NMVOC
1619,1.3931144772379986,ZAMBIA_LUSAKA_LUSAKA_MUNALI,28.36012897447861,-15.383652678329005,Zambia,AWB,NMVOC
1620,100.85566028939223,ZAMBIA_MUCHINGA_CHAMA_CHAMA NORTH,32.81643744468033,-10.880583533092976,Zambia,AWB,NMVOC
1621,39.18198999329373,ZAMBIA_MUCHINGA_CHAMA_CHAMA SOUTH,32.78471054140707,-11.6247965412926,Zambia,AWB,NMVOC
1622,73.82305723299551,ZAMBIA_MUCHINGA_CHINSALI_CHINSALI,32.20205651587303,-10.323776635389398,Zambia,AWB,NMVOC
1623,111.45365433536841,ZAMBIA_MUCHINGA_CHINSALI_SHIWANGANDU,31.721073704369985,-11.018271642196154,Zambia,AWB,NMVOC
1624,91.3873278281231,ZAMBIA_MUCHINGA_ISOKA_ISOKA,32.83157916201906,-10.015458694518209,Zambia,AWB,NMVOC
1625,185.67405957077264,ZAMBIA_MUCHINGA_MAFINGA_MAFINGA,33.320064435132885,-10.350038785725467,Zambia,AWB,NMVOC
1626,135.1004835601568,ZAMBIA_MUCHINGA_MPIKA_KANCHIBIYA,30.767597782864076,-11.793121981043948,Zambia,AWB,NMVOC
1627,71.34838007977898,ZAMBIA_MUCHINGA_MPIKA_MFUWE,31.68140990235467,-12.460736570531072,Zambia,AWB,NMVOC
1628,71.34049479891716,ZAMBIA_MUCHINGA_MPIKA_MPIKA,31.600995341696276,-11.82141862258269,Zambia,AWB,NMVOC
1629,209.18828671282265,ZAMBIA_MUCHINGA_NAKONDE_NAKONDE,32.59445867875421,-9.48933692360338,Zambia,AWB,NMVOC
1630,16.215154955895905,ZAMBIA_NORTH-WESTERN_CHAVUMA_CHAVUMA,22.42573267284074,-13.22307607264871,Zambia,AWB,NMVOC
1631,32.169469927531054,ZAMBIA_NORTH-WESTERN_IKELENGE_IKELENGE,24.265566159411794,-11.264693559055068,Zambia,AWB,NMVOC
1632,40.963170653864864,ZAMBIA_NORTH-WESTERN_KABOMPO_KABOMPO EAST,24.333259981075226,-13.000787615759398,Zambia,AWB,NMVOC
1633,30.878247954888067,ZAMBIA_NORTH-WESTERN_KABOMPO_KABOMPO WEST,23.967433420364337,-13.543246354862898,Zambia,AWB,NMVOC
1634,101.4066564263237,ZAMBIA_NORTH-WESTERN_KASEMPA_KASEMPA,26.225215837797798,-13.697546089000006,Zambia,AWB,NMVOC
1635,139.109940974753,ZAMBIA_NORTH-WESTERN_MUFUMBWE_MUFUMBWE,25.222580629080518,-13.82667330878823,Zambia,AWB,NMVOC
1636,152.17229649167632,ZAMBIA_NORTH-WESTERN_MWINILUNGA_MWINILUNGA,24.66864327756739,-12.00169258239465,Zambia,AWB,NMVOC
1637,30.56061137243853,ZAMBIA_NORTH-WESTERN_SOLWEZI_SOLWEZI CENTRAL,26.44180853806062,-12.23351559486465,Zambia,AWB,NMVOC
1638,61.51151541121531,ZAMBIA_NORTH-WESTERN_SOLWEZI_SOLWEZI EAST,26.924860431725694,-12.47471580400728,Zambia,AWB,NMVOC
1639,103.54311634324053,ZAMBIA_NORTH-WESTERN_SOLWEZI_SOLWEZI WEST,25.64177287198704,-12.432625474734706,Zambia,AWB,NMVOC
1640,32.80583924993273,ZAMBIA_NORTH-WESTERN_ZAMBEZI_ZAMBEZI EAST,23.352098742368717,-13.506899960265104,Zambia,AWB,NMVOC
1641,30.757392098152618,ZAMBIA_NORTH-WESTERN_ZAMBEZI_ZAMBEZI WEST,22.68845582256741,-13.661697661175266,Zambia,AWB,NMVOC
1642,32.568885746475296,ZAMBIA_NORTHERN_CHILUBI_CHILUBI,30.23872612353324,-11.097573495570215,Zambia,AWB,NMVOC
1643,52.78021410282724,ZAMBIA_NORTHERN_KAPUTA_CHIMBAMILONGA,30.119408096016002,-8.840847206858331,Zambia,AWB,NMVOC
1644,39.25259473119836,ZAMBIA_NORTHERN_KAPUTA_KAPUTA,29.670380201705797,-8.747788369420219,Zambia,AWB,NMVOC
1645,57.98565853805611,ZAMBIA_NORTHERN_KASAMA_KASAMA,30.925954822365615,-10.044291996416009,Zambia,AWB,NMVOC
1646,140.01604700963443,ZAMBIA_NORTHERN_KASAMA_LUKASHYA,30.961511545081454,-10.567400463097538,Zambia,AWB,NMVOC
1647,78.2290328449283,ZAMBIA_NORTHERN_LUWINGU_LUBASENSHI,30.35622609217487,-10.619038732815206,Zambia,AWB,NMVOC
1648,97.88610891788952,ZAMBIA_NORTHERN_LUWINGU_LUPOSOSHI,29.69126154256829,-10.62270072169756,Zambia,AWB,NMVOC
1649,87.05621727337338,ZAMBIA_NORTHERN_MBALA_MBALA,31.42437500732999,-8.951021217432977,Zambia,AWB,NMVOC
1650,134.05046215139632,ZAMBIA_NORTHERN_MBALA_NSENGA HILL,31.655127392254517,-9.319794073965294,Zambia,AWB,NMVOC
1651,93.81093932396809,ZAMBIA_NORTHERN_MPOROKOSO_LUNTE,30.403652875074233,-9.823323451491882,Zambia,AWB,NMVOC
1652,34.90415052304062,ZAMBIA_NORTHERN_MPOROKOSO_MPOROKOSO,29.883883348105797,-9.437855153817008,Zambia,AWB,NMVOC
1653,133.45189632896074,ZAMBIA_NORTHERN_MPULUNGU_MPULUNGU,30.78636919692387,-8.968610296667714,Zambia,AWB,NMVOC
1654,173.86094237090225,ZAMBIA_NORTHERN_MUNGWI_MALOLE,31.728489567287085,-9.896913955738247,Zambia,AWB,NMVOC
1655,153.8745558990686,ZAMBIA_SOUTHERN_CHOMA_CHOMA,27.03480670841098,-16.91005369465202,Zambia,AWB,NMVOC
1656,20.285396968914714,ZAMBIA_SOUTHERN_CHOMA_MBABALA,26.878091190949394,-16.397242287620944,Zambia,AWB,NMVOC
1657,107.47220596284603,ZAMBIA_SOUTHERN_CHOMA_PEMBA,27.389336109531165,-16.6922264694868,Zambia,AWB,NMVOC
1658,34.531013326826994,ZAMBIA_SOUTHERN_GWEMBE_GWEMBE,27.902856111757792,-16.68233138263457,Zambia,AWB,NMVOC
1659,134.21667421318247,ZAMBIA_SOUTHERN_ITEZHI-TEZHI_ITEZHI-TEZHI,26.020217543791258,-15.7607528165834,Zambia,AWB,NMVOC
1660,17.335296602741302,ZAMBIA_SOUTHERN_KALOMO_DUNDUMWEZI,26.347684943863122,-16.562181114840755,Zambia,AWB,NMVOC
1661,28.48432803768998,ZAMBIA_SOUTHERN_KALOMO_KALOMO CENTRAL,26.543830205005484,-17.04577047621827,Zambia,AWB,NMVOC
1662,148.16016814837033,ZAMBIA_SOUTHERN_KALOMO_MAPATIZYA,26.573648865923055,-17.60560978993712,Zambia,AWB,NMVOC
1663,195.21723601324925,ZAMBIA_SOUTHERN_KAZUNGULA_KATOMBOLA,25.620145077663306,-17.10654461326524,Zambia,AWB,NMVOC
1664,10.60233696297012,ZAMBIA_SOUTHERN_LIVINGSTONE_LIVINGSTONE,25.839580948996286,-17.78612641067007,Zambia,AWB,NMVOC
1665,212.3031953041406,ZAMBIA_SOUTHERN_MAZABUKA_CHIKANKANTA,28.249723480811323,-16.043422007395407,Zambia,AWB,NMVOC
1666,69.18628398733222,ZAMBIA_SOUTHERN_MAZABUKA_MAGOYE,27.622182683908022,-15.892078551482996,Zambia,AWB,NMVOC
1667,60.95338463234372,ZAMBIA_SOUTHERN_MAZABUKA_MAZABUKA,27.866970138091503,-15.883245062553383,Zambia,AWB,NMVOC
1668,33.367574681659164,ZAMBIA_SOUTHERN_MONZE_BWEENGWA,27.295625399394282,-16.052573578414865,Zambia,AWB,NMVOC
1669,28.34490039112354,ZAMBIA_SOUTHERN_MONZE_MONZE,27.424178441098487,-16.37563866559767,Zambia,AWB,NMVOC
1670,28.019119185198345,ZAMBIA_SOUTHERN_MONZE_MOOMBA,27.74187104427267,-16.27482011727548,Zambia,AWB,NMVOC
1671,31.951805986158174,ZAMBIA_SOUTHERN_NAMWALA_NAMWALA,26.754936143714463,-15.941500457068749,Zambia,AWB,NMVOC
1672,41.86664185759997,ZAMBIA_SOUTHERN_SIAVONGA_SIAVONGA,28.558985238419726,-16.299401498003242,Zambia,AWB,NMVOC
1673,93.39995158059114,ZAMBIA_SOUTHERN_SINAZONGWE_SINAZONGWE,27.2807179112331,-17.412421319914454,Zambia,AWB,NMVOC
1674,22.836041611352464,ZAMBIA_WESTERN_KALABO_KALABO,22.668138967214684,-15.307899116519774,Zambia,AWB,NMVOC
1675,44.76549357284924,ZAMBIA_WESTERN_KALABO_LIUWA,22.52502997101939,-14.544065929033211,Zambia,AWB,NMVOC
1676,62.27819570800452,ZAMBIA_WESTERN_KALABO_SIKONGO,22.23056038773834,-15.257742796071241,Zambia,AWB,NMVOC
1677,76.31688264304545,ZAMBIA_WESTERN_KAOMA_KAOMA CENTRAL,25.04922080679012,-14.711954129645061,Zambia,AWB,NMVOC
1678,77.5763451630661,ZAMBIA_WESTERN_KAOMA_LUAMPA,24.7584458265249,-15.368086057238425,Zambia,AWB,NMVOC
1679,68.8788386991878,ZAMBIA_WESTERN_KAOMA_MANGANGO,24.20746270318245,-14.68910855437414,Zambia,AWB,NMVOC
1680,34.70628804404947,ZAMBIA_WESTERN_LUKULU_LUKULU EAST,23.81996806853094,-14.315822982748186,Zambia,AWB,NMVOC
1681,25.344071699518196,ZAMBIA_WESTERN_LUKULU_LUKULU WEST,22.70316851981578,-14.164055699101722,Zambia,AWB,NMVOC
1682,48.09653266607573,ZAMBIA_WESTERN_MONGU_LUENA,23.38135094476587,-14.985379948947877,Zambia,AWB,NMVOC
1683,10.745867397040005,ZAMBIA_WESTERN_MONGU_MONGU,23.068428950456155,-15.31687093689524,Zambia,AWB,NMVOC
1684,70.45115309244153,ZAMBIA_WESTERN_MONGU_NALIKWANDA,23.72533656058688,-15.414725554230015,Zambia,AWB,NMVOC
1685,41.01212964829981,ZAMBIA_WESTERN_SENANGA_NALOLO,22.99253670582597,-15.779390158424558,Zambia,AWB,NMVOC
1686,151.20877604387815,ZAMBIA_WESTERN_SENANGA_SENANGA,23.792887275411474,-16.016325554311614,Zambia,AWB,NMVOC
1687,106.27788798320472,ZAMBIA_WESTERN_SESHEKE_MULOBEZI,24.724112710511307,-16.289759152706516,Zambia,AWB,NMVOC
1688,17.320015087744785,ZAMBIA_WESTERN_SESHEKE_MWANDI,24.670803007655817,-17.12205319673227,Zambia,AWB,NMVOC
1689,27.836083065497927,ZAMBIA_WESTERN_SESHEKE_SESHEKE,23.916635107519514,-17.092487993044916,Zambia,AWB,NMVOC
1690,57.67346885207856,ZAMBIA_WESTERN_SHANGOMBO_SINJEMBELA,22.839280468061588,-16.556734241433883,Zambia,AWB,NMVOC
1691,6.708764151203907,ZIMBABWE_BULAWAYO_BULAWAYO,28.55567706568358,-20.121806460207072,Zimbabwe,AWB,NMVOC
1692,0.30974600434552574,ZIMBABWE_HARARE_CHITUNGWIZA,31.062838912942162,-18.014236385326917,Zimbabwe,AWB,NMVOC
1693,0.4157577931373546,ZIMBABWE_HARARE_EPWORTH,31.158844682035582,-17.895344948865215,Zimbabwe,AWB,NMVOC
1694,2.01947635614483,ZIMBABWE_HARARE_HARARE RURAL,31.033297352175815,-17.944938825553283,Zimbabwe,AWB,NMVOC
1695,6.337094497128824,ZIMBABWE_HARARE_HARARE URBAN,31.053673281248084,-17.8087732583129,Zimbabwe,AWB,NMVOC
1696,129.67275930586817,ZIMBABWE_MANICALAND_BUHERA,31.868285637589167,-19.44901571975412,Zimbabwe,AWB,NMVOC
1697,107.51091897929723,ZIMBABWE_MANICALAND_CHIMANIMANI,32.72164024280516,-19.784108007827292,Zimbabwe,AWB,NMVOC
1698,135.40909576079108,ZIMBABWE_MANICALAND_CHIPINGE RURAL,32.47381587494327,-20.496658221164754,Zimbabwe,AWB,NMVOC
1699,0.15408087215757785,ZIMBABWE_MANICALAND_CHIPINGE URBAN,32.62525066931281,-20.203342282599305,Zimbabwe,AWB,NMVOC
1700,159.12626322705262,ZIMBABWE_MANICALAND_MAKONI,32.182681398233086,-18.362321102437782,Zimbabwe,AWB,NMVOC
1701,128.33741141163543,ZIMBABWE_MANICALAND_MUTARE RURAL,32.42405654036695,-19.23143328486722,Zimbabwe,AWB,NMVOC
1702,9.494240965473976,ZIMBABWE_MANICALAND_MUTARE URBAN,32.620103748244716,-18.993444874807192,Zimbabwe,AWB,NMVOC
1703,85.09217729606324,ZIMBABWE_MANICALAND_MUTASA,32.708920145094964,-18.63951558406826,Zimbabwe,AWB,NMVOC
1704,132.47842711470668,ZIMBABWE_MANICALAND_NYANGA,32.75779759089013,-17.937869291717597,Zimbabwe,AWB,NMVOC
1705,0.5114441684121859,ZIMBABWE_MANICALAND_RUSAPE,32.13124708351301,-18.538249469398476,Zimbabwe,AWB,NMVOC
1706,59.35946705233065,ZIMBABWE_MASHONALAND CENTRAL_BINDURA,31.308333991475948,-17.245810503074562,Zimbabwe,AWB,NMVOC
1707,0.43696012058603567,ZIMBABWE_MASHONALAND CENTRAL_BINDURA URBAN,31.338858234356994,-17.3093886532423,Zimbabwe,AWB,NMVOC
1708,55.22544305124394,ZIMBABWE_MASHONALAND CENTRAL_CENTENARY,31.143553067008124,-16.426346851768386,Zimbabwe,AWB,NMVOC
1709,33.78322667824554,ZIMBABWE_MASHONALAND CENTRAL_GURUVE,30.657935830574306,-16.684420866652317,Zimbabwe,AWB,NMVOC
1710,86.13976504784706,ZIMBABWE_MASHONALAND CENTRAL_MAZOWE,30.931668747440714,-17.252158251526673,Zimbabwe,AWB,NMVOC
1711,21.617745110083266,ZIMBABWE_MASHONALAND CENTRAL_MBIRE,30.519312056760068,-16.11820181165008,Zimbabwe,AWB,NMVOC
1712,44.633065429199355,ZIMBABWE_MASHONALAND CENTRAL_MOUNT DARWIN,31.651491668814078,-16.571909628015707,Zimbabwe,AWB,NMVOC
1713,0.05951033441383599,ZIMBABWE_MASHONALAND CENTRAL_MVURI,30.85020407197247,-17.024637648570337,Zimbabwe,AWB,NMVOC
1714,23.070300467541536,ZIMBABWE_MASHONALAND CENTRAL_RUSHINGA,32.294391117865416,-16.608502576184932,Zimbabwe,AWB,NMVOC
1715,48.191306795792165,ZIMBABWE_MASHONALAND CENTRAL_SHAMVA,31.63881570830867,-17.094658891017033,Zimbabwe,AWB,NMVOC
1716,89.0073830473796,ZIMBABWE_MASHONALAND EAST_CHIKOMBA,31.10402641900697,-18.890937479797454,Zimbabwe,AWB,NMVOC
1717,49.82579266473266,ZIMBABWE_MASHONALAND EAST_GOROMONZI,31.33811610926192,-17.784846519288877,Zimbabwe,AWB,NMVOC
1718,34.140738832804885,ZIMBABWE_MASHONALAND EAST_HWEDZA,31.63567042276917,-18.735938924713302,Zimbabwe,AWB,NMVOC
1719,46.21404381075708,ZIMBABWE_MASHONALAND EAST_MARONDERA,31.497737809885596,-18.2710373540706,Zimbabwe,AWB,NMVOC
1720,1.1746745665294267,ZIMBABWE_MASHONALAND EAST_MARONDERA URBAN,31.548361807518038,-18.199991583553473,Zimbabwe,AWB,NMVOC
1721,60.35035077490833,ZIMBABWE_MASHONALAND EAST_MUDZI,32.63753498981691,-17.031754865127553,Zimbabwe,AWB,NMVOC
1722,77.326029021957,ZIMBABWE_MASHONALAND EAST_MUREHWA,31.821688822036187,-17.796798612607663,Zimbabwe,AWB,NMVOC
1723,54.96842264987134,ZIMBABWE_MASHONALAND EAST_MUTOKO,32.27426153980204,-17.444387012058822,Zimbabwe,AWB,NMVOC
1724,0.16643188148596488,ZIMBABWE_MASHONALAND EAST_RUWA LOCAL BOARD,31.228165448921906,-17.884607511234528,Zimbabwe,AWB,NMVOC
1725,22.004343263024218,ZIMBABWE_MASHONALAND EAST_SEKE,30.953065122788516,-18.254181114854948,Zimbabwe,AWB,NMVOC
1726,42.79150652739951,ZIMBABWE_MASHONALAND EAST_UZUMBA-MARAMBA-PFUNGWE,32.043136848699056,-17.081573218275697,Zimbabwe,AWB,NMVOC
1727,126.7955429415844,ZIMBABWE_MASHONALAND WEST_CHEGUTU,30.395139990113776,-18.143600800629375,Zimbabwe,AWB,NMVOC
1728,0.8235974281547558,ZIMBABWE_MASHONALAND WEST_CHEGUTU URBAN,30.13470538711357,-18.12439557940687,Zimbabwe,AWB,NMVOC
1729,3.373524421905886,ZIMBABWE_MASHONALAND WEST_CHINHOYI,30.129570688206996,-17.358929514724238,Zimbabwe,AWB,NMVOC
1730,91.23969144484983,ZIMBABWE_MASHONALAND WEST_HURUNGWE,29.53703485277088,-16.437165238308324,Zimbabwe,AWB,NMVOC
1731,10.844821716801953,ZIMBABWE_MASHONALAND WEST_KADOMA,29.92798975734448,-18.33918663580368,Zimbabwe,AWB,NMVOC
1732,24.42944715262103,ZIMBABWE_MASHONALAND WEST_KARIBA,28.61128807360195,-16.89292695403643,Zimbabwe,AWB,NMVOC
1733,0.16045062510572705,ZIMBABWE_MASHONALAND WEST_KARIBA URBAN,28.808652741937127,-16.523383393233598,Zimbabwe,AWB,NMVOC
1734,0.021385443414017154,ZIMBABWE_MASHONALAND WEST_KAROI,29.694591418294163,-16.820573750915116,Zimbabwe,AWB,NMVOC
1735,215.470384026013,ZIMBABWE_MASHONALAND WEST_MAKONDE,30.012073182765725,-17.123223173134424,Zimbabwe,AWB,NMVOC
1736,89.75738856666018,ZIMBABWE_MASHONALAND WEST_MHONDORONGEZI,30.163967503298224,-18.577761621097395,Zimbabwe,AWB,NMVOC
1737,1.24210573010609,ZIMBABWE_MASHONALAND WEST_NORTON,30.678320648378314,-17.88198298430611,Zimbabwe,AWB,NMVOC
1738,154.5617662848351,ZIMBABWE_MASHONALAND WEST_SANYATI,29.581196326682427,-18.02169161774344,Zimbabwe,AWB,NMVOC
1739,114.45949854169308,ZIMBABWE_MASHONALAND WEST_ZVIMBA,30.44738003368097,-17.503589961775102,Zimbabwe,AWB,NMVOC
1740,174.43717205453407,ZIMBABWE_MASVINGO_BIKITA,31.91211467778198,-20.145279592483647,Zimbabwe,AWB,NMVOC
1741,520.1984115819007,ZIMBABWE_MASVINGO_CHIREDZI RURAL,31.683341413535224,-21.347708807444196,Zimbabwe,AWB,NMVOC
1742,0.5881339040311115,ZIMBABWE_MASVINGO_CHIREDZI URBAN,31.67971758814407,-21.029338840368688,Zimbabwe,AWB,NMVOC
1743,51.345308612989186,ZIMBABWE_MASVINGO_CHIVI,30.575374256749075,-20.490369810018144,Zimbabwe,AWB,NMVOC
1744,120.79444253944929,ZIMBABWE_MASVINGO_GUTU,31.242523750576176,-19.610801584902255,Zimbabwe,AWB,NMVOC
1745,0.6557786336166035,ZIMBABWE_MASVINGO_MASVINGO,30.83494037723815,-20.07306774396139,Zimbabwe,AWB,NMVOC
1746,153.6098905139519,ZIMBABWE_MASVINGO_MASVINGO RURAL,30.910738382293413,-20.260376828144526,Zimbabwe,AWB,NMVOC
1747,481.14559504861995,ZIMBABWE_MASVINGO_MWENEZI,30.691741175078764,-21.36544378064084,Zimbabwe,AWB,NMVOC
1748,50.66515066844335,ZIMBABWE_MASVINGO_ZAKA,31.42731784993799,-20.386700025852814,Zimbabwe,AWB,NMVOC
1749,140.8041962040449,ZIMBABWE_MATABELELAND NORTH_BINGA,27.656210711179945,-17.789917553155632,Zimbabwe,AWB,NMVOC
1750,131.25845439725657,ZIMBABWE_MATABELELAND NORTH_BUBI,28.685180931499218,-19.513947345699094,Zimbabwe,AWB,NMVOC
1751,226.3934754489909,ZIMBABWE_MATABELELAND NORTH_HWANGE,26.423179889687354,-18.71113404476513,Zimbabwe,AWB,NMVOC
1752,3.1909718326451615,ZIMBABWE_MATABELELAND NORTH_HWANGE URBAN,26.46801043565975,-18.372016600758958,Zimbabwe,AWB,NMVOC
1753,166.85423640030984,ZIMBABWE_MATABELELAND NORTH_LUPANE,27.79328072988368,-18.839114218902946,Zimbabwe,AWB,NMVOC
1754,55.044543390780596,ZIMBABWE_MATABELELAND NORTH_NKAYI,28.661176006857257,-18.88355717575602,Zimbabwe,AWB,NMVOC
1755,161.913164889242,ZIMBABWE_MATABELELAND NORTH_TSHOLOTSHO,27.414283617138953,-19.61964010445645,Zimbabwe,AWB,NMVOC
1756,138.47589185129277,ZIMBABWE_MATABELELAND NORTH_UMGUZA,28.271066028232603,-19.819869340116053,Zimbabwe,AWB,NMVOC
1757,0.00643580949007854,ZIMBABWE_MATABELELAND NORTH_VICTORIA FALLS,25.829883287476026,-17.92990704990956,Zimbabwe,AWB,NMVOC
1758,241.65554528789684,ZIMBABWE_MATABELELAND SOUTH_BEITBRIDGE RURAL,30.032227315484988,-21.908181587615122,Zimbabwe,AWB,NMVOC
1759,1.7623511378092669,ZIMBABWE_MATABELELAND SOUTH_BEITBRIDGE URBAN,30.005198690269744,-22.19816655945671,Zimbabwe,AWB,NMVOC
1760,90.55287433387794,ZIMBABWE_MATABELELAND SOUTH_BULILIMA,27.573442352722388,-20.169421371289143,Zimbabwe,AWB,NMVOC
1761,348.18525100786684,ZIMBABWE_MATABELELAND SOUTH_GWANDA,29.162201344353758,-21.236732145513137,Zimbabwe,AWB,NMVOC
1762,0.572212063540263,ZIMBABWE_MATABELELAND SOUTH_GWANDA URBAN,29.001018112960306,-20.93393035805012,Zimbabwe,AWB,NMVOC
1763,185.40260519575307,ZIMBABWE_MATABELELAND SOUTH_INSIZA,29.405124054354932,-20.257921118201494,Zimbabwe,AWB,NMVOC
1764,139.8518130233154,ZIMBABWE_MATABELELAND SOUTH_MATOBO,28.491004036525954,-20.955582194378135,Zimbabwe,AWB,NMVOC
1765,1.0874229129987154,ZIMBABWE_MATABELELAND SOUTH_PLUMTREE,27.816351882493578,-20.50409730643698,Zimbabwe,AWB,NMVOC
1766,58.84418560353887,ZIMBABWE_MATABELELAND SOUTH_UMZINGWANE,28.94552119766589,-20.34465698117629,Zimbabwe,AWB,NMVOC
1767,28.653469539849283,ZIMBABWE_MIDLANDS_CHIRUMANZU,30.481519343037423,-19.319633373328976,Zimbabwe,AWB,NMVOC
1768,43.50010891321542,ZIMBABWE_MIDLANDS_GOKWE NORTH,28.837677893701187,-17.570419471118004,Zimbabwe,AWB,NMVOC
1769,58.06040144617145,ZIMBABWE_MIDLANDS_GOKWE SOUTH,28.645633627572618,-18.206523936363304,Zimbabwe,AWB,NMVOC
1770,0.21924201283325184,ZIMBABWE_MIDLANDS_GOKWE TOWN,28.940176689013466,-18.22128365220127,Zimbabwe,AWB,NMVOC
1771,0.7276092088815503,ZIMBABWE_MIDLANDS_GWERU,29.817923337717286,-19.45269647021317,Zimbabwe,AWB,NMVOC
1772,53.64132610694597,ZIMBABWE_MIDLANDS_GWERU RURAL,29.63690224470826,-19.466810605052125,Zimbabwe,AWB,NMVOC
1773,1.6584980404840772,ZIMBABWE_MIDLANDS_KWEKWE,29.81635406697312,-18.917482667926965,Zimbabwe,AWB,NMVOC
1774,97.0202087914272,ZIMBABWE_MIDLANDS_KWEKWE RURAL,29.551841911899576,-18.878863937431618,Zimbabwe,AWB,NMVOC
1775,59.79917311138064,ZIMBABWE_MIDLANDS_MBERENGWA,30.01016178871132,-20.74365987883918,Zimbabwe,AWB,NMVOC
1776,1.8501304422108993,ZIMBABWE_MIDLANDS_REDCLIFF,29.76586767080143,-19.022868422004397,Zimbabwe,AWB,NMVOC
1777,0.7200934107833135,ZIMBABWE_MIDLANDS_SHURUGWI,29.99793599865513,-19.69370465973288,Zimbabwe,AWB,NMVOC
1778,16.812099333298548,ZIMBABWE_MIDLANDS_SHURUGWI RURAL,30.15294241347956,-19.750231393050633,Zimbabwe,AWB,NMVOC
1779,29.76932011063871,ZIMBABWE_MIDLANDS_ZVISHAVANE,30.078676585245802,-20.27716243014893,Zimbabwe,AWB,NMVOC
1780,0.5815294403419553,ZIMBABWE_MIDLANDS_ZVISHAVANE MINE,30.053840966799243,-20.319854351134133,Zimbabwe,AWB,NMVOC
1781,84.47383682594536,ZIMBABWE_MATABELELAND SOUTH_MANGWE,28.019398455119735,-20.990691255910058,Zimbabwe,AWB,NMVOC
