census_id,emis,geo_name,lon,lat,country,code,poll
0001,0.0020697672086805825,ANGOLA_BENGO_AMBRIZ,13.500573856748415,-7.941839245075118,Angola,NMM,NMVOC
0002,0.002596719019554533,ANGOLA_BENGO_BULA ATUMBA,14.820908751789867,-8.634475645495783,Angola,NMM,NMVOC
0003,0.07830183687957416,ANGOLA_BENGO_DANDE,13.841710609854086,-8.53534736049627,Angola,NMM,NMVOC
0004,0.0047592845291906825,ANGOLA_BENGO_DEMBOS,14.552452662474186,-8.506656679922113,Angola,NMM,NMVOC
0005,0.009609559024719867,ANGOLA_BENGO_NAMBUANGONGO,14.25926486683566,-8.047643790272277,Angola,NMM,NMVOC
0006,0.00098662837030966989,ANGOLA_BENGO_PANGO ALUQUÉM,14.467187741962098,-8.753291428515478,Angola,NMM,NMVOC
0007,0.015290687517027673,ANGOLA_BENGUELA_BAÍA FARTA,13.110895429150032,-13.169353899832894,Angola,NMM,NMVOC
0008,0.02199784477395428,ANGOLA_BENGUELA_BALOMBO,14.785534807000774,-12.362142938317604,Angola,NMM,NMVOC
0009,0.0797040956303981,ANGOLA_BENGUELA_BENGUELA,13.613234701433782,-12.750903810317325,Angola,NMM,NMVOC
0010,0.02888785314358191,ANGOLA_BENGUELA_BOCOIO,14.273806030010297,-12.337517465231237,Angola,NMM,NMVOC
0011,0.01599052392701613,ANGOLA_BENGUELA_CAIMBAMBO,13.925466200463916,-13.103370379840863,Angola,NMM,NMVOC
0012,0.013063392262155141,ANGOLA_BENGUELA_CATUMBELA,13.680172800346687,-12.477296385532492,Angola,NMM,NMVOC
0013,0.014828172608878339,ANGOLA_BENGUELA_CHONGOROI,13.804725364547245,-13.596741410412521,Angola,NMM,NMVOC
0014,0.06314595752487293,ANGOLA_BENGUELA_CUBAL,14.349577634106108,-13.16149142143734,Angola,NMM,NMVOC
0015,0.054627383279427524,ANGOLA_BENGUELA_GANDA,14.733920867955561,-13.122131963632688,Angola,NMM,NMVOC
0016,0.05431209411081837,ANGOLA_BENGUELA_LOBITO,13.886545783996153,-12.092395259332209,Angola,NMM,NMVOC
0017,0.05297119915564517,ANGOLA_BIÉ_ANDULO,16.463299708517784,-11.274658946317146,Angola,NMM,NMVOC
0018,0.03045427398561511,ANGOLA_BIÉ_CAMACUPA,17.780227977541617,-12.451681506672221,Angola,NMM,NMVOC
0019,0.02722220059650622,ANGOLA_BIÉ_CATABOLA,17.254341809340623,-12.147939255129183,Angola,NMM,NMVOC
0020,0.02227210459119423,ANGOLA_BIÉ_CHINGUAR,16.57220235885333,-12.562961032395926,Angola,NMM,NMVOC
0021,0.01433045691038321,ANGOLA_BIÉ_CHITEMBO,17.2256685420672,-13.4761375683222,Angola,NMM,NMVOC
0022,0.008775479068027397,ANGOLA_BIÉ_CUEMBA,18.450876402365434,-11.812583973776919,Angola,NMM,NMVOC
0023,0.10492884474134594,ANGOLA_BIÉ_CUITO,17.0195337801636,-12.539053407735349,Angola,NMM,NMVOC
0024,0.007829492808325256,ANGOLA_BIÉ_CUNHINGA,16.806485043535446,-11.988245606222938,Angola,NMM,NMVOC
0025,0.019752725014439823,ANGOLA_BIÉ_NHAREA,17.157724905821997,-11.308602978499657,Angola,NMM,NMVOC
0026,0.005003027431069009,ANGOLA_CABINDA_BELIZE,12.84464336058737,-4.605790961567085,Angola,NMM,NMVOC
0027,0.006496282793619401,ANGOLA_CABINDA_BUCO ZAU,12.545868870473262,-4.802124175234638,Angola,NMM,NMVOC
0028,0.07979999602482525,ANGOLA_CABINDA_CABINDA,12.36403326270615,-5.461872414729606,Angola,NMM,NMVOC
0029,0.007222064621023979,ANGOLA_CABINDA_CACONGO,12.242228043574034,-5.043712430446504,Angola,NMM,NMVOC
0030,0.00867666678641375,ANGOLA_KUANDO KUBANGO_CALAI,19.414268804995988,-17.367954683212766,Angola,NMM,NMVOC
0031,0.005839017623378581,ANGOLA_KUANDO KUBANGO_CUANGAR,18.15299180710266,-17.054777832805367,Angola,NMM,NMVOC
0032,0.009263432490534414,ANGOLA_KUANDO KUBANGO_CUCHI,16.962579756983985,-14.692891199511664,Angola,NMM,NMVOC
0033,0.00815874291842644,ANGOLA_KUANDO KUBANGO_CUITO CUANAVALE,18.841355039845936,-14.950150376556852,Angola,NMM,NMVOC
0034,0.004261597850902599,ANGOLA_KUANDO KUBANGO_DIRICO,20.825162039879295,-17.52729673830151,Angola,NMM,NMVOC
0035,0.005858792526875223,ANGOLA_KUANDO KUBANGO_MAVINGA,20.292091111981065,-16.124977275218903,Angola,NMM,NMVOC
0036,0.07086739610478128,ANGOLA_KUANDO KUBANGO_MENONGUE,17.745373647024998,-15.225709939331868,Angola,NMM,NMVOC
0037,8.262199571014557e-4,ANGOLA_KUANDO KUBANGO_NANCOVA,18.73240828489362,-16.388826303005242,Angola,NMM,NMVOC
0038,0.007477522038447658,ANGOLA_KUANDO KUBANGO_RIVUNGO,21.95105197046031,-16.860900758284263,Angola,NMM,NMVOC
0039,0.00985352575429751,ANGOLA_KWANZA NORTE_AMBACA,15.509119051943488,-8.223269097816729,Angola,NMM,NMVOC
0040,0.001499616964296694,ANGOLA_KWANZA NORTE_BANGA,15.153253461606287,-8.689616530469744,Angola,NMM,NMVOC
0041,0.001433322540288397,ANGOLA_KWANZA NORTE_BOLONGONGO,15.113302487330705,-8.382132376680488,Angola,NMM,NMVOC
0042,0.01633896238104213,ANGOLA_KWANZA NORTE_CAMBAMBE,14.521816633134614,-9.433964278230446,Angola,NMM,NMVOC
0043,0.036306467589296926,ANGOLA_KWANZA NORTE_CAZENGO,14.779870946066733,-9.320031680889498,Angola,NMM,NMVOC
0044,0.007582552436870599,ANGOLA_KWANZA NORTE_GOLUNGO ALTO,14.666387710001,-9.076507922069805,Angola,NMM,NMVOC
0045,0.0037570642118167083,ANGOLA_KWANZA NORTE_LUCALA,15.238258650636386,-9.139267281380702,Angola,NMM,NMVOC
0046,9.687938874593681e-4,ANGOLA_KWANZA NORTE_NGONGUEMBO,14.901663408090647,-8.902563767131948,Angola,NMM,NMVOC
0047,9.361213827765644e-4,ANGOLA_KWANZA NORTE_QUICULUNGO,15.319625776448795,-8.49002907643525,Angola,NMM,NMVOC
0048,0.004401383431160628,ANGOLA_KWANZA NORTE_SAMBA CAJÚ,15.494620704324683,-8.808515207926657,Angola,NMM,NMVOC
0049,0.053052134715240604,ANGOLA_KWANZA SUL_AMBOIM,14.409446053756277,-10.888247311555114,Angola,NMM,NMVOC
0050,0.025980631787841272,ANGOLA_KWANZA SUL_CASSONGUE,14.969245996228281,-11.823486279155278,Angola,NMM,NMVOC
0051,0.04457522727220739,ANGOLA_KWANZA SUL_CELA,15.327509138494797,-11.286611386444985,Angola,NMM,NMVOC
0052,0.019398154966366724,ANGOLA_KWANZA SUL_CONDA,14.457113187835018,-11.173469665594153,Angola,NMM,NMVOC
0053,0.03651350458681949,ANGOLA_KWANZA SUL_EBO,14.756355439021709,-10.954311333786544,Angola,NMM,NMVOC
0054,0.016992382046008406,ANGOLA_KWANZA SUL_LIBOLO,14.990540118658812,-10.063463539441377,Angola,NMM,NMVOC
0055,0.015338158844363611,ANGOLA_KWANZA SUL_MUSSENDE,15.978658982493396,-10.268786589120642,Angola,NMM,NMVOC
0056,0.02099212701125899,ANGOLA_KWANZA SUL_PORTO AMBOIM,13.942283729197893,-10.627805552833145,Angola,NMM,NMVOC
0057,0.024708294205046163,ANGOLA_KWANZA SUL_QUIBALA,15.335713103750756,-10.699008506951671,Angola,NMM,NMVOC
0058,0.018866731450019845,ANGOLA_KWANZA SUL_QUILENDA,14.370237419617364,-10.524491857097443,Angola,NMM,NMVOC
0059,0.035827184074695075,ANGOLA_KWANZA SUL_SELES,14.50091627350989,-11.457587720793851,Angola,NMM,NMVOC
0060,0.03835723609196808,ANGOLA_KWANZA SUL_SUMBE,14.04934311345206,-11.49811492361192,Angola,NMM,NMVOC
0061,0.01791812899141139,ANGOLA_CUNENE_CAHAMA,14.247669093888437,-16.41710354139286,Angola,NMM,NMVOC
0062,0.0935747034501228,ANGOLA_CUNENE_CUANHAMA,16.320547599774045,-16.48223334568777,Angola,NMM,NMVOC
0063,0.004772157836822486,ANGOLA_CUNENE_CUROCA,13.788175609536145,-16.932294476395295,Angola,NMM,NMVOC
0064,0.015528418772354665,ANGOLA_CUNENE_CUVELAI,16.136146428177735,-15.746368160393057,Angola,NMM,NMVOC
0065,0.04833191232473567,ANGOLA_CUNENE_NAMACUNDE,16.606272115792553,-17.074018548021083,Angola,NMM,NMVOC
0066,0.07567680888989761,ANGOLA_CUNENE_OMBADJA,14.941895100531925,-16.768959146811532,Angola,NMM,NMVOC
0067,0.06068620951821654,ANGOLA_HUAMBO_BAILUNDO,15.850466201739053,-11.950050465566608,Angola,NMM,NMVOC
0068,0.058698740411125286,ANGOLA_HUAMBO_CAÁLA,15.572188198073116,-13.27102876067493,Angola,NMM,NMVOC
0069,0.03038459790330446,ANGOLA_HUAMBO_CACHIUNGO,16.319644201016246,-12.759421533499594,Angola,NMM,NMVOC
0070,0.01575498416642944,ANGOLA_HUAMBO_ECUNHA,15.49134958273524,-12.53401934231182,Angola,NMM,NMVOC
0071,0.15859739649320725,ANGOLA_HUAMBO_HUAMBO,15.79536569507517,-12.819324307871682,Angola,NMM,NMVOC
0072,0.025738023391779753,ANGOLA_HUAMBO_LONDUIMBALI,15.292015045757923,-12.235996591708586,Angola,NMM,NMVOC
0073,0.019917463615720648,ANGOLA_HUAMBO_LONGONJO,15.22279516795389,-13.084757821818668,Angola,NMM,NMVOC
0074,0.025071196832787006,ANGOLA_HUAMBO_MUNGO,16.20588037491343,-11.755072951814116,Angola,NMM,NMVOC
0075,0.024882246634748077,ANGOLA_HUAMBO_CHICALA CHOLOHANGA,16.092706109508978,-12.95985009260693,Angola,NMM,NMVOC
0076,0.009476655758380184,ANGOLA_HUAMBO_CHINJENJE,14.940107561316543,-12.818781665594054,Angola,NMM,NMVOC
0077,0.007330422549591233,ANGOLA_HUAMBO_UCUMA,15.15058241504692,-12.745033355569538,Angola,NMM,NMVOC
0078,0.0382447607456252,ANGOLA_HUÍLA_CACONDA,15.158416365277283,-13.778376463063532,Angola,NMM,NMVOC
0079,0.030657477020515963,ANGOLA_HUÍLA_CACULA,14.291948368736596,-14.437668897988177,Angola,NMM,NMVOC
0080,0.03719185940188332,ANGOLA_HUÍLA_CALUQUEMBE,14.553605248971426,-13.943434135545042,Angola,NMM,NMVOC
0081,0.03975980763284018,ANGOLA_HUÍLA_CHIBIA,13.860963321337298,-15.220319449437994,Angola,NMM,NMVOC
0082,0.03199217672810619,ANGOLA_HUÍLA_CHICOMBA,15.019421703365952,-14.30430435864405,Angola,NMM,NMVOC
0083,0.013407111269746539,ANGOLA_HUÍLA_CHIPINDO,15.73591828652565,-13.88531948048917,Angola,NMM,NMVOC
0084,0.02054466950798828,ANGOLA_HUÍLA_CUVANGO,16.318716983084595,-14.2140670585581,Angola,NMM,NMVOC
0085,0.02070786431402508,ANGOLA_HUÍLA_GAMBOS,14.0555441801658,-15.836380299367216,Angola,NMM,NMVOC
0086,0.06862804601488179,ANGOLA_HUÍLA_HUMPATA,13.37340825793292,-15.07711619840059,Angola,NMM,NMVOC
0087,0.024774163850304454,ANGOLA_HUÍLA_JAMBA,15.84246469273556,-14.813136321719922,Angola,NMM,NMVOC
0088,0.1428170330083228,ANGOLA_HUÍLA_LUBANGO,13.74650625251509,-14.782265363665282,Angola,NMM,NMVOC
0089,0.06309246586492998,ANGOLA_HUÍLA_MATALA,15.162569522619448,-15.264035381319765,Angola,NMM,NMVOC
0090,0.01980644180562183,ANGOLA_HUÍLA_QUILENGUES,13.926712495367244,-14.10284606537322,Angola,NMM,NMVOC
0091,0.035445037976460834,ANGOLA_HUÍLA_QUIPUNGO,14.584346812183863,-15.11197852346331,Angola,NMM,NMVOC
0092,0.31539449390022267,ANGOLA_LUANDA_BELAS,13.174021473379,-9.08837444152561,Angola,NMM,NMVOC
0093,0.2249328908362382,ANGOLA_LUANDA_CACUACO,13.451339905381309,-8.81991357363531,Angola,NMM,NMVOC
0094,0.11607574159649534,ANGOLA_LUANDA_CAZENGA,13.300213504677842,-8.82313810517484,Angola,NMM,NMVOC
0095,0.026421069855314287,ANGOLA_LUANDA_ICOLO E BENGO,13.862681054977354,-9.152861347234415,Angola,NMM,NMVOC
0096,0.4296397353243494,ANGOLA_LUANDA_LUANDA,13.252264930379923,-8.85095461326464,Angola,NMM,NMVOC
0097,0.006420265363465945,ANGOLA_LUANDA_QUISSAMA,13.850629524262196,-9.831116523016574,Angola,NMM,NMVOC
0098,0.448901700416068,ANGOLA_LUANDA_VIANA,13.400581493461187,-9.003465052028048,Angola,NMM,NMVOC
0099,0.020329716529285217,ANGOLA_LUNDA NORTE_CAMBULO,21.496387269915466,-7.900107950052335,Angola,NMM,NMVOC
0100,0.012803594724971964,ANGOLA_LUNDA NORTE_CAPENDA CAMULEMBA,18.86907773627034,-9.675389036317052,Angola,NMM,NMVOC
0101,0.004649740245332623,ANGOLA_LUNDA NORTE_CAUNGULA,18.82247560938972,-8.340339422591542,Angola,NMM,NMVOC
0102,0.0456582996992288,ANGOLA_LUNDA NORTE_CHITATO,20.86681232898085,-7.553523750605493,Angola,NMM,NMVOC
0103,0.03079460849613817,ANGOLA_LUNDA NORTE_CUANGO,18.060888555716936,-8.601096909504287,Angola,NMM,NMVOC
0104,0.003689945120577114,ANGOLA_LUNDA NORTE_CUILO,19.68851489115215,-8.128052490802382,Angola,NMM,NMVOC
0105,7.7557605578937e-4,ANGOLA_LUNDA NORTE_LÓVUA,20.13536631533787,-7.292391189166928,Angola,NMM,NMVOC
0106,0.003113592506597142,ANGOLA_LUNDA NORTE_LUBALO,19.297321892350976,-9.188561260843436,Angola,NMM,NMVOC
0107,0.029337795894983597,ANGOLA_LUNDA NORTE_LUCAPA,20.47673092828323,-8.42331409755646,Angola,NMM,NMVOC
0108,0.017294229558021703,ANGOLA_LUNDA NORTE_XÁ-MUTEBA,17.85122654394,-9.277995251698849,Angola,NMM,NMVOC
0109,0.006326026148045919,ANGOLA_LUNDA SUL_CACOLO,19.178913301145815,-10.547328172202947,Angola,NMM,NMVOC
0110,0.004490191918822689,ANGOLA_LUNDA SUL_DALA,20.352238837105524,-10.92405164265005,Angola,NMM,NMVOC
0111,0.008501542124255114,ANGOLA_LUNDA SUL_MUCONDA,21.424847286291374,-10.154651759138405,Angola,NMM,NMVOC
0112,0.10010149746889752,ANGOLA_LUNDA SUL_SAURIMO,20.688380679682755,-9.477233643283244,Angola,NMM,NMVOC
0113,0.014524731353710579,ANGOLA_MALANJE_CACUSO,15.62849098111707,-9.490292469411429,Angola,NMM,NMVOC
0114,0.0026925403253531396,ANGOLA_MALANJE_CAHOMBO,16.66605389643875,-8.647102372057851,Angola,NMM,NMVOC
0115,0.014157287864900465,ANGOLA_MALANJE_CALANDULA,16.005245178381916,-8.695990183498342,Angola,NMM,NMVOC
0116,0.007727288686786106,ANGOLA_MALANJE_CAMBUNDI-CATEMBO,17.84709415122643,-10.125145503710968,Angola,NMM,NMVOC
0117,0.009341197273442774,ANGOLA_MALANJE_CANGANDALA,16.683252748189343,-9.952367021939013,Angola,NMM,NMVOC
0118,0.0015649509592430113,ANGOLA_MALANJE_CUNDA-DIA-BAZE,17.352728983670623,-8.66125398022735,Angola,NMM,NMVOC
0119,9.841074128499705e-4,ANGOLA_MALANJE_KIWABA NZOJI,16.45736622164412,-9.037971690115318,Angola,NMM,NMVOC
0120,0.010392810514423883,ANGOLA_MALANJE_LUQUEMBO,17.384986684590697,-10.792874181396483,Angola,NMM,NMVOC
0121,0.11709030327115696,ANGOLA_MALANJE_MALANJE,16.35498305019854,-9.482474776585153,Angola,NMM,NMVOC
0122,0.004878435667526322,ANGOLA_MALANJE_MARIMBA,17.11151213033175,-8.168436018156713,Angola,NMM,NMVOC
0123,0.0038468302570899434,ANGOLA_MALANJE_MASSANGO,16.599614024908476,-7.763456075510212,Angola,NMM,NMVOC
0124,0.004996773969385374,ANGOLA_MALANJE_MUCARI,16.919365558811112,-9.481804740501817,Angola,NMM,NMVOC
0125,0.0025244666953239524,ANGOLA_MALANJE_QUELA,17.28820754724371,-9.318539247011007,Angola,NMM,NMVOC
0126,0.004191729478951402,ANGOLA_MALANJE_QUIRIMA,18.2681837365498,-11.068909718662896,Angola,NMM,NMVOC
0127,0.024379905466310015,ANGOLA_MOXICO_ALTO ZAMBEZE,22.90799374709926,-12.209683357686718,Angola,NMM,NMVOC
0128,0.017063269338551068,ANGOLA_MOXICO_BUNDAS,21.31907325919521,-14.210473217747047,Angola,NMM,NMVOC
0129,0.0077456964720439715,ANGOLA_MOXICO_CAMANONGUE,20.234534061632754,-11.408959591622152,Angola,NMM,NMVOC
0130,0.004552152283078302,ANGOLA_MOXICO_CAMEIA,21.26339460023485,-11.838370789228382,Angola,NMM,NMVOC
0131,0.00857049343489954,ANGOLA_MOXICO_LÉUA,20.575562544579704,-11.74380358626066,Angola,NMM,NMVOC
0132,0.003408620768367167,ANGOLA_MOXICO_LUACANO,22.046284955949286,-11.669871723573195,Angola,NMM,NMVOC
0133,0.020916246918084528,ANGOLA_MOXICO_LUAU,21.997475474347006,-10.901812727972676,Angola,NMM,NMVOC
0134,0.00356705053756055,ANGOLA_MOXICO_LUCHAZES,19.530239402686032,-13.751962349149917,Angola,NMM,NMVOC
0135,0.09085476791575665,ANGOLA_MOXICO_LUENA,19.776770525882704,-12.327720581169427,Angola,NMM,NMVOC
0136,0.008658716916048638,ANGOLA_NAMIBE_BIBALA,13.139576640553054,-14.685793467915335,Angola,NMM,NMVOC
0137,0.010423433914158783,ANGOLA_NAMIBE_CAMUCUIO,13.0324059676621,-14.003701587165244,Angola,NMM,NMVOC
0138,0.058081753079923616,ANGOLA_NAMIBE_NAMIBE,12.457905307074512,-14.720315334187738,Angola,NMM,NMVOC
0139,0.00890963060262304,ANGOLA_NAMIBE_TÔMBWA,12.359284305310362,-16.564898961646183,Angola,NMM,NMVOC
0140,0.006645231282167508,ANGOLA_NAMIBE_VIREI,12.94168325673447,-15.813548331274848,Angola,NMM,NMVOC
0141,0.004310023925708264,ANGOLA_UÍGE_AMBUILA,14.468179065511844,-7.587449047134571,Angola,NMM,NMVOC
0142,0.005779578970258913,ANGOLA_UÍGE_BEMBE,14.277664721920273,-7.052417289665407,Angola,NMM,NMVOC
0143,0.007701961461882405,ANGOLA_UÍGE_BUENGAS,15.825059286515511,-6.668373974646913,Angola,NMM,NMVOC
0144,0.006814217321989519,ANGOLA_UÍGE_BUNGO,15.447113463583449,-7.392017748161813,Angola,NMM,NMVOC
0145,0.008081862647483846,ANGOLA_UÍGE_CANGOLA,15.953541847191238,-7.839972087285049,Angola,NMM,NMVOC
0146,0.007724410476145108,ANGOLA_UÍGE_DAMBA,15.216117046210005,-6.730711730495686,Angola,NMM,NMVOC
0147,0.020452732968330684,ANGOLA_UÍGE_MAQUELA DO ZOMBO,15.504832114047753,-6.115762646049738,Angola,NMM,NMVOC
0148,0.006393509403150112,ANGOLA_UÍGE_SANTA CRUZ,16.58039852859364,-7.043057290518152,Angola,NMM,NMVOC
0149,0.0058402424919032254,ANGOLA_UÍGE_MUCABA,15.044844983137867,-7.104479137048426,Angola,NMM,NMVOC
0150,0.026332951982122016,ANGOLA_UÍGE_NEGAGE,15.387803110685544,-7.82670187011252,Angola,NMM,NMVOC
0151,0.005674215592196073,ANGOLA_UÍGE_PURI,15.677588319493356,-7.6520448609471,Angola,NMM,NMVOC
0152,0.021450647369699278,ANGOLA_UÍGE_QUIMBELE,16.358827373391733,-6.339946266586419,Angola,NMM,NMVOC
0153,0.005311613776658844,ANGOLA_UÍGE_QUITEXE,14.916309357718397,-8.05805649608166,Angola,NMM,NMVOC
0154,0.010983741136764213,ANGOLA_UÍGE_SANZA POMBO,16.05132046706061,-7.225080931426597,Angola,NMM,NMVOC
0155,0.010184934745160464,ANGOLA_UÍGE_SONGO,14.789371774574954,-7.15444085578491,Angola,NMM,NMVOC
0156,0.1091538201831361,ANGOLA_UÍGE_UÍGE,15.086269927234868,-7.569389383460002,Angola,NMM,NMVOC
0157,0.0149274449260496,ANGOLA_ZAIRE_CUIMBA,14.656648047034412,-6.211094387740501,Angola,NMM,NMVOC
0158,0.04320410681542044,ANGOLA_ZAIRE_MBANZA CONGO,14.17814621079705,-6.310144184559853,Angola,NMM,NMVOC
0159,0.0057030589699491015,ANGOLA_ZAIRE_NZETO,13.396012085498478,-7.329332397443156,Angola,NMM,NMVOC
0160,0.021429832513651846,ANGOLA_ZAIRE_NÓQUI,13.505068524452918,-6.150797500748508,Angola,NMM,NMVOC
0161,0.05666759877753565,ANGOLA_ZAIRE_SOYO,12.72456320103429,-6.276748486180679,Angola,NMM,NMVOC
0162,0.00878803190840374,ANGOLA_ZAIRE_TOMBOCO,13.360813071321832,-6.70704141475642,Angola,NMM,NMVOC
0163,0.004217208387330218,BOTSWANA_CENTRAL_BOBONONG_BOBONONG,28.439270006020617,-21.904588768680572,Botswana,NMM,NMVOC
0164,0,BOTSWANA_CENTRAL_BOBONONG_DAMOCHOJENA,27.46425717187249,-21.89586472598768,Botswana,NMM,NMVOC
0165,6.882147463489053e-4,BOTSWANA_CENTRAL_BOBONONG_KOBOJANGO,28.763918196572497,-21.785636334108606,Botswana,NMM,NMVOC
0166,0,BOTSWANA_CENTRAL_BOBONONG_LENTSWELEMORITI,29.09263730127421,-22.126071452194022,Botswana,NMM,NMVOC
0167,0,BOTSWANA_CENTRAL_BOBONONG_LEPOKOLE,28.342120180879903,-21.78828871071267,Botswana,NMM,NMVOC
0168,0,BOTSWANA_CENTRAL_BOBONONG_MABOLWE,28.93856360422732,-21.822911107503458,Botswana,NMM,NMVOC
0169,0.0013909507871198632,BOTSWANA_CENTRAL_BOBONONG_MATHATHANE,28.765707084954567,-22.164921148469332,Botswana,NMM,NMVOC
0170,0.007610861973887886,BOTSWANA_CENTRAL_BOBONONG_MMADINARE,27.61927099292336,-21.939530032971234,Botswana,NMM,NMVOC
0171,7.509643135643047e-4,BOTSWANA_CENTRAL_BOBONONG_MOLALATAU,28.546028057555482,-22.244047061148887,Botswana,NMM,NMVOC
0172,0,BOTSWANA_CENTRAL_BOBONONG_MOLETEMANE,28.24551458680093,-22.49838952314233,Botswana,NMM,NMVOC
0173,3.646183072208106e-4,BOTSWANA_CENTRAL_BOBONONG_MOTLHABANENG,28.847671161031595,-22.0878861675696,Botswana,NMM,NMVOC
0174,0,BOTSWANA_CENTRAL_BOBONONG_ROBELELA,28.01614217627893,-21.606755627584164,Botswana,NMM,NMVOC
0175,7.276341188097092e-5,BOTSWANA_CENTRAL_BOBONONG_SEFOPHE,28.010768080362112,-22.202415922887717,Botswana,NMM,NMVOC
0176,0,BOTSWANA_CENTRAL_BOBONONG_SEMOLALE,28.901373465716713,-21.94234612580183,Botswana,NMM,NMVOC
0177,0.0011565765375940813,BOTSWANA_CENTRAL_BOBONONG_TOBANE,28.034740456942973,-21.715331266156507,Botswana,NMM,NMVOC
0178,0,BOTSWANA_CENTRAL_BOBONONG_TSETSEBJWE,28.261512057832615,-22.323234206617617,Botswana,NMM,NMVOC
0179,0,BOTSWANA_CENTRAL_BOBONONG_TSHOKWE,28.12020929554016,-21.7461736340543,Botswana,NMM,NMVOC
0180,1.1717895848027857e-4,BOTSWANA_CENTRAL_BOBONONG_TULI,28.659593038222404,-22.426510831132365,Botswana,NMM,NMVOC
0181,0,BOTSWANA_CENTRAL_BOTETI_KEDIA,24.838048952453185,-21.403241698591675,Botswana,NMM,NMVOC
0182,0,BOTSWANA_CENTRAL_BOTETI_KHWEE,25.42160849963441,-21.949084316434682,Botswana,NMM,NMVOC
0183,0,BOTSWANA_CENTRAL_BOTETI_KUMAGA,24.694403521304178,-20.43709104783157,Botswana,NMM,NMVOC
0184,0.013532702835501611,BOTSWANA_CENTRAL_BOTETI_LETLHAKANE,25.324076768019342,-21.74281229869488,Botswana,NMM,NMVOC
0185,0,BOTSWANA_CENTRAL_BOTETI_MAKALAMABEDI,24.027537186531372,-20.329731365780997,Botswana,NMM,NMVOC
0186,0,BOTSWANA_CENTRAL_BOTETI_MMADIKOLA,24.505648562137157,-21.04540148259183,Botswana,NMM,NMVOC
0187,4.944517107879498e-4,BOTSWANA_CENTRAL_BOTETI_MMATSHUMO,25.608635534616877,-21.055357574481494,Botswana,NMM,NMVOC
0188,0,BOTSWANA_CENTRAL_BOTETI_MOKOBOXANE,25.01278736428241,-21.374661912697718,Botswana,NMM,NMVOC
0189,9.166969432015992e-4,BOTSWANA_CENTRAL_BOTETI_MOPIPI,25.06130611972133,-20.957019464880865,Botswana,NMM,NMVOC
0190,0,BOTSWANA_CENTRAL_BOTETI_MOREOMAOTO,24.225653269651804,-20.326805973885744,Botswana,NMM,NMVOC
0191,5.098289443134819e-4,BOTSWANA_CENTRAL_BOTETI_MOSU,26.096038009772478,-21.108931183794436,Botswana,NMM,NMVOC
0192,0,BOTSWANA_CENTRAL_BOTETI_MOTOPI,24.143658950831586,-20.239487705166916,Botswana,NMM,NMVOC
0193,0,BOTSWANA_CENTRAL_BOTETI_TOROMOJA,24.68875163244386,-21.028858930681245,Botswana,NMM,NMVOC
0194,0,BOTSWANA_CENTRAL_BOTETI_TSIENYANE/RAKOPS,24.297459830504376,-20.770824097320627,Botswana,NMM,NMVOC
0195,0,BOTSWANA_CENTRAL_BOTETI_XERE,23.995091776720663,-21.05103701376487,Botswana,NMM,NMVOC
0196,0,BOTSWANA_CENTRAL_BOTETI_XHUMO,24.543580068860226,-21.43138653458584,Botswana,NMM,NMVOC
0197,0,BOTSWANA_CENTRAL_MAHALAPYE_BONWAPITSE,26.696499319837177,-23.016977775399745,Botswana,NMM,NMVOC
0198,1.8676338823332892e-4,BOTSWANA_CENTRAL_MAHALAPYE_BOROTSI,27.574845464339035,-23.03787815480758,Botswana,NMM,NMVOC
0199,2.8083827169355718e-5,BOTSWANA_CENTRAL_MAHALAPYE_CHADIBE,27.653472614061975,-23.04213517690895,Botswana,NMM,NMVOC
0200,6.182810986790927e-4,BOTSWANA_CENTRAL_MAHALAPYE_DIBETE STATION,26.60466673565762,-23.712578892238895,Botswana,NMM,NMVOC
0201,0,BOTSWANA_CENTRAL_MAHALAPYE_DOVEDALE,27.0584095397386,-23.43747251689984,Botswana,NMM,NMVOC
0202,0,BOTSWANA_CENTRAL_MAHALAPYE_IKONGWE,26.42368516567563,-23.133332920110572,Botswana,NMM,NMVOC
0203,0,BOTSWANA_CENTRAL_MAHALAPYE_KALAMARE,26.676800027450167,-22.85145869530537,Botswana,NMM,NMVOC
0204,0,BOTSWANA_CENTRAL_MAHALAPYE_KODIBELENG,25.8565320473089,-23.06990009465882,Botswana,NMM,NMVOC
0205,0,BOTSWANA_CENTRAL_MAHALAPYE_KUDUMATSE,27.163558620828415,-23.343825570073967,Botswana,NMM,NMVOC
0206,0,BOTSWANA_CENTRAL_MAHALAPYE_MAAPE,27.298633726872115,-22.801071310840364,Botswana,NMM,NMVOC
0207,5.4757233860605066e-5,BOTSWANA_CENTRAL_MAHALAPYE_MACHANENG,27.430989788355014,-23.17527950233516,Botswana,NMM,NMVOC
0208,0.021780139593252517,BOTSWANA_CENTRAL_MAHALAPYE_MAHALAPYE,26.92364672437042,-23.059367128880574,Botswana,NMM,NMVOC
0209,0,BOTSWANA_CENTRAL_MAHALAPYE_MAKWATE,27.289572829578482,-23.25066866242674,Botswana,NMM,NMVOC
0210,1.938421359202452e-4,BOTSWANA_CENTRAL_MAHALAPYE_MATLHAKO,27.57730747946278,-23.092868816729595,Botswana,NMM,NMVOC
0211,0,BOTSWANA_CENTRAL_MAHALAPYE_MHALAPITSA,27.241670153565362,-22.750141129591885,Botswana,NMM,NMVOC
0212,4.980722798332924e-5,BOTSWANA_CENTRAL_MAHALAPYE_MMAPHASHALALA,26.85959307803958,-23.525191663403213,Botswana,NMM,NMVOC
0213,2.476500532225338e-5,BOTSWANA_CENTRAL_MAHALAPYE_MMUTLANA,26.603632318980285,-22.97161859276938,Botswana,NMM,NMVOC
0214,0,BOTSWANA_CENTRAL_MAHALAPYE_MOKGENENE,26.039953432163163,-23.53987260084274,Botswana,NMM,NMVOC
0215,0,BOTSWANA_CENTRAL_MAHALAPYE_MOKOBENG,27.693890294840614,-22.97362584906358,Botswana,NMM,NMVOC
0216,0,BOTSWANA_CENTRAL_MAHALAPYE_MOKOSWANE,26.94190877928232,-23.316220505173856,Botswana,NMM,NMVOC
0217,1.7117910885824526e-4,BOTSWANA_CENTRAL_MAHALAPYE_MOOKANE,26.698166386924417,-23.694975957356803,Botswana,NMM,NMVOC
0218,0,BOTSWANA_CENTRAL_MAHALAPYE_MORALANE,26.215414450162044,-22.936420739953075,Botswana,NMM,NMVOC
0219,0,BOTSWANA_CENTRAL_MAHALAPYE_MOSHOPHA,27.314662802995976,-22.947407012331485,Botswana,NMM,NMVOC
0220,2.3693690350673927e-4,BOTSWANA_CENTRAL_MAHALAPYE_MOSOLOTSHANE,26.428423160167153,-22.91931594278049,Botswana,NMM,NMVOC
0221,0,BOTSWANA_CENTRAL_MAHALAPYE_NGWAPA,27.77944253096159,-22.919703336193177,Botswana,NMM,NMVOC
0222,2.0182477473894942e-4,BOTSWANA_CENTRAL_MAHALAPYE_OTSE,25.946626364668234,-23.32358945282839,Botswana,NMM,NMVOC
0223,4.883220109886604e-4,BOTSWANA_CENTRAL_MAHALAPYE_PALLA ROAD/DINOKWE,26.77659555732254,-23.360515846147123,Botswana,NMM,NMVOC
0224,0,BOTSWANA_CENTRAL_MAHALAPYE_PILIKWE,27.12830992169561,-22.797803953113785,Botswana,NMM,NMVOC
0225,0,BOTSWANA_CENTRAL_MAHALAPYE_POLOKA,26.288048197015442,-23.601986580637178,Botswana,NMM,NMVOC
0226,0,BOTSWANA_CENTRAL_MAHALAPYE_RAMOKGONAMI,27.427775976491716,-22.856906588140728,Botswana,NMM,NMVOC
0227,6.521762830898445e-4,BOTSWANA_CENTRAL_MAHALAPYE_SEFHARE,27.497480197007754,-23.01846757513452,Botswana,NMM,NMVOC
0228,0,BOTSWANA_CENTRAL_MAHALAPYE_SELEKA,27.541179586978274,-22.862211127370156,Botswana,NMM,NMVOC
0229,0,BOTSWANA_CENTRAL_MAHALAPYE_SHAKWE,27.285868545141952,-23.098563338666022,Botswana,NMM,NMVOC
0230,0.0023107320537697432,BOTSWANA_CENTRAL_MAHALAPYE_SHOSHONG,26.387666419486898,-23.28181618855284,Botswana,NMM,NMVOC
0231,0,BOTSWANA_CENTRAL_MAHALAPYE_TAUPYE,27.086389543341017,-23.181122303718336,Botswana,NMM,NMVOC
0232,2.2185444820878514e-5,BOTSWANA_CENTRAL_MAHALAPYE_TEWANE,26.8808106284804,-22.855065985054686,Botswana,NMM,NMVOC
0233,1.1257201700857075e-4,BOTSWANA_CENTRAL_MAHALAPYE_TULI,27.376483753636418,-23.358300442845334,Botswana,NMM,NMVOC
0234,0,BOTSWANA_CENTRAL_MAHALAPYE_TUMASERA,27.625135322324592,-22.873322197159712,Botswana,NMM,NMVOC
0235,0,BOTSWANA_CENTRAL_SEROWE PALAPYE_DILORO,27.615763781482226,-22.42069872982587,Botswana,NMM,NMVOC
0236,0,BOTSWANA_CENTRAL_SEROWE PALAPYE_DIMAJWE,26.75499325012916,-21.701835892951095,Botswana,NMM,NMVOC
0237,0,BOTSWANA_CENTRAL_SEROWE PALAPYE_GAMABUO,26.34887363421504,-22.621942368691556,Botswana,NMM,NMVOC
0238,0,BOTSWANA_CENTRAL_SEROWE PALAPYE_GOJWANE,27.274583799149916,-21.783314177365938,Botswana,NMM,NMVOC
0239,0,BOTSWANA_CENTRAL_SEROWE PALAPYE_GOO-SEKGWENG,27.378852556607093,-22.684458968010347,Botswana,NMM,NMVOC
0240,0,BOTSWANA_CENTRAL_SEROWE PALAPYE_GOOTAU,27.424470969841263,-22.695172167140004,Botswana,NMM,NMVOC
0241,0,BOTSWANA_CENTRAL_SEROWE PALAPYE_KGAGODI,27.50339317555218,-22.29477672423486,Botswana,NMM,NMVOC
0242,7.93162811620056e-5,BOTSWANA_CENTRAL_SEROWE PALAPYE_LECHENG,27.185275817151037,-22.673190570584637,Botswana,NMM,NMVOC
0243,0,BOTSWANA_CENTRAL_SEROWE PALAPYE_LERALA,27.844813325817267,-22.74868745754991,Botswana,NMM,NMVOC
0244,0,BOTSWANA_CENTRAL_SEROWE PALAPYE_LESENEPOLE/MATOLWANE,27.57647005773152,-22.540521067100062,Botswana,NMM,NMVOC
0245,0,BOTSWANA_CENTRAL_SEROWE PALAPYE_MABELEAPUDI,26.825166966464483,-22.128040644255414,Botswana,NMM,NMVOC
0246,0,BOTSWANA_CENTRAL_SEROWE PALAPYE_MAJWANAADIPITSE,27.005264767504467,-21.94020945810498,Botswana,NMM,NMVOC
0247,0,BOTSWANA_CENTRAL_SEROWE PALAPYE_MAJWANENG,27.649493814512812,-22.75586221108769,Botswana,NMM,NMVOC
0248,0,BOTSWANA_CENTRAL_SEROWE PALAPYE_MALAKA,27.34590226161426,-22.592437093749382,Botswana,NMM,NMVOC
0249,0,BOTSWANA_CENTRAL_SEROWE PALAPYE_MALATSWAI,26.22277867959262,-21.857375536824936,Botswana,NMM,NMVOC
0250,0,BOTSWANA_CENTRAL_SEROWE PALAPYE_MANALEDI,27.5051048457668,-22.739538071182494,Botswana,NMM,NMVOC
0251,0,BOTSWANA_CENTRAL_SEROWE PALAPYE_MATLHAKOLA,27.317001132592853,-22.71429972506726,Botswana,NMM,NMVOC
0252,0,BOTSWANA_CENTRAL_SEROWE PALAPYE_MAUNATLALA,27.815623496542926,-22.549960915979852,Botswana,NMM,NMVOC
0253,0,BOTSWANA_CENTRAL_SEROWE PALAPYE_MMASHORO,26.545528327992464,-21.913528088466634,Botswana,NMM,NMVOC
0254,0,BOTSWANA_CENTRAL_SEROWE PALAPYE_MOENG,27.61182691600207,-22.684247954870994,Botswana,NMM,NMVOC
0255,0,BOTSWANA_CENTRAL_SEROWE PALAPYE_MOGAPI,27.90355332352727,-22.400536057043198,Botswana,NMM,NMVOC
0256,0,BOTSWANA_CENTRAL_SEROWE PALAPYE_MOGAPINYANA,27.656777003289175,-22.30921854076872,Botswana,NMM,NMVOC
0257,0,BOTSWANA_CENTRAL_SEROWE PALAPYE_MOGOME,26.8788884869847,-22.780246290758782,Botswana,NMM,NMVOC
0258,3.458495294605017e-4,BOTSWANA_CENTRAL_SEROWE PALAPYE_MOGOROSI,26.50681705808967,-22.435754433322103,Botswana,NMM,NMVOC
0259,0,BOTSWANA_CENTRAL_SEROWE PALAPYE_MOIYABANA,25.735420719204132,-22.568416950895624,Botswana,NMM,NMVOC
0260,0,BOTSWANA_CENTRAL_SEROWE PALAPYE_MOKGWARE,26.78655204288414,-22.77384105120242,Botswana,NMM,NMVOC
0261,3.5336453397958536e-5,BOTSWANA_CENTRAL_SEROWE PALAPYE_MOKHUNGWANA,27.306318999794403,-22.66250272126858,Botswana,NMM,NMVOC
0262,0,BOTSWANA_CENTRAL_SEROWE PALAPYE_MOKOKWANA,27.68970066181251,-22.615814171525756,Botswana,NMM,NMVOC
0263,0,BOTSWANA_CENTRAL_SEROWE PALAPYE_MOREMI,27.48231653767836,-22.53631545317506,Botswana,NMM,NMVOC
0264,0,BOTSWANA_CENTRAL_SEROWE PALAPYE_MOREOMABELE,27.19509262463396,-21.997866632985815,Botswana,NMM,NMVOC
0265,0,BOTSWANA_CENTRAL_SEROWE PALAPYE_MOSWEU,27.643842814290796,-22.648861924159835,Botswana,NMM,NMVOC
0266,0,BOTSWANA_CENTRAL_SEROWE PALAPYE_MOTSHEGALETAU,26.39728909838941,-22.561009612981003,Botswana,NMM,NMVOC
0267,0,BOTSWANA_CENTRAL_SEROWE PALAPYE_PAJE,26.816328935481604,-22.26070768401234,Botswana,NMM,NMVOC
0268,0.02490194023229668,BOTSWANA_CENTRAL_SEROWE PALAPYE_PALAPYE,27.16786344665423,-22.55497413257865,Botswana,NMM,NMVOC
0269,0,BOTSWANA_CENTRAL_SEROWE PALAPYE_RADISELE,26.988408471288807,-22.81090444695215,Botswana,NMM,NMVOC
0270,0,BOTSWANA_CENTRAL_SEROWE PALAPYE_RATHOLO,27.53938699821314,-22.68681419937455,Botswana,NMM,NMVOC
0271,0,BOTSWANA_CENTRAL_SEROWE PALAPYE_SEHUNOU,26.385003835935297,-22.59514869100243,Botswana,NMM,NMVOC
0272,0,BOTSWANA_CENTRAL_SEROWE PALAPYE_SEOLWANE,27.762620325390287,-22.666448768729584,Botswana,NMM,NMVOC
0273,0.019101527324468844,BOTSWANA_CENTRAL_SEROWE PALAPYE_SEROWE,26.50285991859318,-21.991307902066985,Botswana,NMM,NMVOC
0274,7.371209012503343e-5,BOTSWANA_CENTRAL_SEROWE PALAPYE_SERULE,27.237798390462725,-21.890009585678992,Botswana,NMM,NMVOC
0275,0,BOTSWANA_CENTRAL_SEROWE PALAPYE_TAMASANE,27.396841887713986,-22.3814578521284,Botswana,NMM,NMVOC
0276,0,BOTSWANA_CENTRAL_SEROWE PALAPYE_THABALA,26.421061666211095,-22.511119340536165,Botswana,NMM,NMVOC
0277,0,BOTSWANA_CENTRAL_SEROWE PALAPYE_TOPISI,27.22337506343467,-22.227424247307294,Botswana,NMM,NMVOC
0278,0,BOTSWANA_CENTRAL_SEROWE PALAPYE_TSHIMOYAPULA,27.019142014452218,-22.119432295799754,Botswana,NMM,NMVOC
0279,0,BOTSWANA_CENTRAL_SEROWE PALAPYE_TULI,28.061256491221307,-22.727203098241798,Botswana,NMM,NMVOC
0280,3.651411479132932e-4,BOTSWANA_CENTRAL_TUTUME_BOROLONG,27.32637665560921,-21.091395459266185,Botswana,NMM,NMVOC
0281,1.7666900913090064e-4,BOTSWANA_CENTRAL_TUTUME_BOROTSI,27.251654267811457,-21.026993493948527,Botswana,NMM,NMVOC
0282,5.29396628747957e-4,BOTSWANA_CENTRAL_TUTUME_CHADIBE,27.342256409557447,-21.066229746391034,Botswana,NMM,NMVOC
0283,1.6083408876668797e-6,BOTSWANA_CENTRAL_TUTUME_CHANGATE,27.246529169011538,-20.323681695475976,Botswana,NMM,NMVOC
0284,9.061562690499501e-5,BOTSWANA_CENTRAL_TUTUME_DAGWI,27.24543111493109,-20.205531255072483,Botswana,NMM,NMVOC
0285,0.003975652442877099,BOTSWANA_CENTRAL_TUTUME_DUKWI,26.284620970093016,-20.67546283807841,Botswana,NMM,NMVOC
0286,0,BOTSWANA_CENTRAL_TUTUME_GOSHWE,27.21557874997618,-20.535609785786193,Botswana,NMM,NMVOC
0287,0.004982607826894889,BOTSWANA_CENTRAL_TUTUME_GWETA,25.591976234675478,-19.905319536886395,Botswana,NMM,NMVOC
0288,0,BOTSWANA_CENTRAL_TUTUME_JAMATAKA,27.15547496011975,-21.068951470145485,Botswana,NMM,NMVOC
0289,0,BOTSWANA_CENTRAL_TUTUME_KUTAMOGREE,26.880512190693914,-20.75110495387822,Botswana,NMM,NMVOC
0290,0,BOTSWANA_CENTRAL_TUTUME_LEPASHE,26.66685337113433,-20.812417757916798,Botswana,NMM,NMVOC
0291,0,BOTSWANA_CENTRAL_TUTUME_MABESEKWA,26.832739428334428,-21.176734877732674,Botswana,NMM,NMVOC
0292,2.8389995039000617e-6,BOTSWANA_CENTRAL_TUTUME_MAFONGO/HOBONA,27.235943246400137,-20.94573521021701,Botswana,NMM,NMVOC
0293,2.914122627092709e-4,BOTSWANA_CENTRAL_TUTUME_MAITENGWE,27.011808968202775,-20.116667928999114,Botswana,NMM,NMVOC
0294,0,BOTSWANA_CENTRAL_TUTUME_MAKOBO,27.107677079222814,-21.02576555193948,Botswana,NMM,NMVOC
0295,2.5319328043795923e-4,BOTSWANA_CENTRAL_TUTUME_MAKUTA,26.936411463806042,-20.611020613663403,Botswana,NMM,NMVOC
0296,9.445713065252574e-5,BOTSWANA_CENTRAL_TUTUME_MANDUNYANE,27.164838306199922,-21.29997484522961,Botswana,NMM,NMVOC
0297,3.5180261348244704e-4,BOTSWANA_CENTRAL_TUTUME_MAPOSA,26.227831043889193,-20.105672557073913,Botswana,NMM,NMVOC
0298,0,BOTSWANA_CENTRAL_TUTUME_MARAPONG,27.060904032209528,-20.875646900092942,Botswana,NMM,NMVOC
0299,1.5996927326153912e-5,BOTSWANA_CENTRAL_TUTUME_MAROBELA,27.22684904528886,-20.86226718353111,Botswana,NMM,NMVOC
0300,0.0010503271660952259,BOTSWANA_CENTRAL_TUTUME_MATHANGWANE,27.301597561179328,-20.96526881266621,Botswana,NMM,NMVOC
0301,4.943709383711747e-4,BOTSWANA_CENTRAL_TUTUME_MATOBO,27.07410815569497,-20.55396589314004,Botswana,NMM,NMVOC
0302,0,BOTSWANA_CENTRAL_TUTUME_MATSITAMA,26.795600326944548,-20.91574597947195,Botswana,NMM,NMVOC
0303,0,BOTSWANA_CENTRAL_TUTUME_MMANXOTAE,26.39231628230285,-20.11189737769122,Botswana,NMM,NMVOC
0304,6.54905018568129e-5,BOTSWANA_CENTRAL_TUTUME_MMEYA,26.45632418802842,-20.83403038639063,Botswana,NMM,NMVOC
0305,0,BOTSWANA_CENTRAL_TUTUME_MOKUBILO,26.522301620359478,-21.211068795354347,Botswana,NMM,NMVOC
0306,4.554579244822036e-4,BOTSWANA_CENTRAL_TUTUME_MOSETSE,26.717225408615494,-20.61414488681695,Botswana,NMM,NMVOC
0307,0.011943415365318535,BOTSWANA_CENTRAL_TUTUME_NATA,26.421106250465357,-20.364015464327988,Botswana,NMM,NMVOC
0308,5.905585169213491e-5,BOTSWANA_CENTRAL_TUTUME_NATALE,27.13819661363051,-21.12190933916731,Botswana,NMM,NMVOC
0309,0,BOTSWANA_CENTRAL_TUTUME_NKANGE,27.150899768186317,-20.292280125711056,Botswana,NMM,NMVOC
0310,1.3043195517180294e-6,BOTSWANA_CENTRAL_TUTUME_NSHAKASHOKWE,27.19448164625436,-20.800715019251136,Botswana,NMM,NMVOC
0311,2.824105172573949e-5,BOTSWANA_CENTRAL_TUTUME_NSWAZWI,27.11079707796551,-20.717051379328918,Botswana,NMM,NMVOC
0312,1.3549540360975368e-5,BOTSWANA_CENTRAL_TUTUME_SEBINA,27.212125328697905,-20.8229088309246,Botswana,NMM,NMVOC
0313,1.3675624639812016e-5,BOTSWANA_CENTRAL_TUTUME_SEMITWE,27.057568754807466,-20.9304846145358,Botswana,NMM,NMVOC
0314,1.9105128368352383e-4,BOTSWANA_CENTRAL_TUTUME_SENETE,27.061521930586494,-20.338940466599496,Botswana,NMM,NMVOC
0315,1.1301957704344427e-6,BOTSWANA_CENTRAL_TUTUME_SEPAKO,26.42176865500974,-19.91292710159379,Botswana,NMM,NMVOC
0316,6.274643291943047e-4,BOTSWANA_CENTRAL_TUTUME_SHASHE-MOOKE,27.294622390104607,-21.200689259821715,Botswana,NMM,NMVOC
0317,3.0267468659307277e-4,BOTSWANA_CENTRAL_TUTUME_SHASHE/SEMOTSWANE,27.353975033981698,-21.4004850680266,Botswana,NMM,NMVOC
0318,0,BOTSWANA_CENTRAL_TUTUME_TONOTA,27.390007578405545,-21.56581687363627,Botswana,NMM,NMVOC
0319,6.243535402433841e-6,BOTSWANA_CENTRAL_TUTUME_TSHOKATSHAA,25.411457316681155,-20.073274987651395,Botswana,NMM,NMVOC
0320,0.001931286576712704,BOTSWANA_CENTRAL_TUTUME_TUTUME,26.93343318392142,-20.358110222677443,Botswana,NMM,NMVOC
0321,0.002996710889350218,BOTSWANA_CENTRAL_TUTUME_ZOROGA,25.931132083826565,-20.225947339100205,Botswana,NMM,NMVOC
0322,3.196360043862644e-4,BOTSWANA_CHOBE_CHOBE_KACHIKAU,24.593403269312077,-18.19955337118612,Botswana,NMM,NMVOC
0323,5.777050559620817e-4,BOTSWANA_CHOBE_CHOBE_KASANE,25.053605518831368,-17.95621200218165,Botswana,NMM,NMVOC
0324,9.584524906679887e-5,BOTSWANA_CHOBE_CHOBE_KATABA,24.208556915615702,-18.516556039211913,Botswana,NMM,NMVOC
0325,2.0172231746728008e-4,BOTSWANA_CHOBE_CHOBE_KAVIMBA,24.673787397731,-18.131513519062572,Botswana,NMM,NMVOC
0326,3.330897590346675e-4,BOTSWANA_CHOBE_CHOBE_KAZUNGULA,25.239551399880288,-17.81715309318576,Botswana,NMM,NMVOC
0327,5.8773632305912925e-5,BOTSWANA_CHOBE_CHOBE_LESOMA,25.22616409411994,-17.924922498851625,Botswana,NMM,NMVOC
0328,2.457785232721923e-4,BOTSWANA_CHOBE_CHOBE_MUCHINJE/MABELE,24.80594102179805,-18.000000788213598,Botswana,NMM,NMVOC
0329,0,BOTSWANA_CHOBE_CHOBE_NUMBER SEVEN,25.091530617419757,-18.628521496100262,Botswana,NMM,NMVOC
0330,0,BOTSWANA_CHOBE_CHOBE_PANDAMATENGA,25.62991931175742,-18.55507084642917,Botswana,NMM,NMVOC
0331,5.356595023633265e-4,BOTSWANA_CHOBE_CHOBE_PARAKARUNGU,24.3003425097673,-18.078920152986736,Botswana,NMM,NMVOC
0332,9.690153894665416e-5,BOTSWANA_CHOBE_CHOBE_SATAU,24.4229631549193,-18.021010667013208,Botswana,NMM,NMVOC
0333,0.02986315051766819,BOTSWANA_GABORONE_GABORONE_GABORONE,25.88095190745218,-24.686452843134287,Botswana,NMM,NMVOC
0334,0,BOTSWANA_GHANZI_CENTRAL KGALAGADI GAME RESERVE_CENTRAL KGALAGADI GAME RESERVE,23.84354631529824,-22.32227292696922,Botswana,NMM,NMVOC
0335,0,BOTSWANA_GHANZI_GHANZI_B. VISSER,22.55838233704724,-21.32992655115972,Botswana,NMM,NMVOC
0336,0,BOTSWANA_GHANZI_GHANZI_BERE,21.79557213181817,-22.740271290335002,Botswana,NMM,NMVOC
0337,9.121320861961949e-4,BOTSWANA_GHANZI_GHANZI_CHARLES HILL,20.07849051397565,-22.30448292484571,Botswana,NMM,NMVOC
0338,0,BOTSWANA_GHANZI_GHANZI_CHARLES SHELDON,22.10987199508711,-21.572165997131027,Botswana,NMM,NMVOC
0339,0,BOTSWANA_GHANZI_GHANZI_CHOBOKWANE,21.24948179474576,-22.480947513304624,Botswana,NMM,NMVOC
0340,1.5607473671399173e-4,BOTSWANA_GHANZI_GHANZI_DECT ETIN,21.87694726048196,-21.572322965589386,Botswana,NMM,NMVOC
0341,0,BOTSWANA_GHANZI_GHANZI_DEKAR,22.065436232878568,-21.366520787607246,Botswana,NMM,NMVOC
0342,3.9881502836202595e-4,BOTSWANA_GHANZI_GHANZI_EAST HANAHAI,22.296004965831617,-22.138606212752848,Botswana,NMM,NMVOC
0343,0.004538447491729583,BOTSWANA_GHANZI_GHANZI_GHANZI,21.636172818729325,-21.69600936266415,Botswana,NMM,NMVOC
0344,0.0025645335013305772,BOTSWANA_GHANZI_GHANZI_GROOTE LAAGTE,21.349883074115542,-21.38859908504291,Botswana,NMM,NMVOC
0345,0.001495467297268812,BOTSWANA_GHANZI_GHANZI_HANS METZLER,20.164337868142784,-22.12061746486461,Botswana,NMM,NMVOC
0346,0,BOTSWANA_GHANZI_GHANZI_J. RANSALL,20.422333298998613,-22.140780374743333,Botswana,NMM,NMVOC
0347,0,BOTSWANA_GHANZI_GHANZI_JANKI JANKI,21.346606317490824,-23.123137224643713,Botswana,NMM,NMVOC
0348,0,BOTSWANA_GHANZI_GHANZI_JERUNG,22.462289483631174,-21.771073127188487,Botswana,NMM,NMVOC
0349,1.8543726724376343e-4,BOTSWANA_GHANZI_GHANZI_JOHN FARM,22.325500764273656,-21.113654988029502,Botswana,NMM,NMVOC
0350,2.2164063694133542e-4,BOTSWANA_GHANZI_GHANZI_KACGAE,22.25670639051408,-22.78108355380457,Botswana,NMM,NMVOC
0351,1.6527120075056202e-4,BOTSWANA_GHANZI_GHANZI_KARAKOBIS,20.69787418591688,-22.076318449477853,Botswana,NMM,NMVOC
0352,0,BOTSWANA_GHANZI_GHANZI_KULE,20.25485884411168,-22.82990220520822,Botswana,NMM,NMVOC
0353,0,BOTSWANA_GHANZI_GHANZI_MAGONO MAGONO,20.74295662591417,-23.122989899939387,Botswana,NMM,NMVOC
0354,0,BOTSWANA_GHANZI_GHANZI_MAKUNDA,20.356137474087205,-22.403140017753746,Botswana,NMM,NMVOC
0355,6.120531109297036e-4,BOTSWANA_GHANZI_GHANZI_MASIRE'S FARM,21.364735361374258,-21.90738889293877,Botswana,NMM,NMVOC
0356,0,BOTSWANA_GHANZI_GHANZI_NCOJANE,20.259249043024266,-23.18993344999315,Botswana,NMM,NMVOC
0357,1.959359643526325e-4,BOTSWANA_GHANZI_GHANZI_NEW XADE,22.47638609723249,-22.059709596306462,Botswana,NMM,NMVOC
0358,2.372631034773882e-4,BOTSWANA_GHANZI_GHANZI_NEW XANAGAS,20.800274167066778,-22.572525810989912,Botswana,NMM,NMVOC
0359,0,BOTSWANA_GHANZI_GHANZI_QABO,21.72658991626723,-21.05161346564646,Botswana,NMM,NMVOC
0360,8.752824381140696e-5,BOTSWANA_GHANZI_GHANZI_TSOOTSHA,20.91109497610415,-22.075747207834585,Botswana,NMM,NMVOC
0361,0,BOTSWANA_GHANZI_GHANZI_WEST HANAHAI,21.65082272869238,-22.135855131778566,Botswana,NMM,NMVOC
0362,2.553445937838038e-4,BOTSWANA_JWANENG_JWANENG_JWANENG,24.757853176422884,-24.58932918017088,Botswana,NMM,NMVOC
0363,4.677078570664359e-4,BOTSWANA_KGALAGADI_KGALAGADI NORTH_HUKUNTSI,21.663906534181816,-23.998763591814352,Botswana,NMM,NMVOC
0364,0,BOTSWANA_KGALAGADI_KGALAGADI NORTH_HUNHUKWE,21.77076341928267,-23.455768999361656,Botswana,NMM,NMVOC
0365,8.839344460023718e-5,BOTSWANA_KGALAGADI_KGALAGADI NORTH_INALEGOLO,22.658513508974664,-24.45585560542118,Botswana,NMM,NMVOC
0366,0.004223834021737554,BOTSWANA_KGALAGADI_KGALAGADI NORTH_KANG,22.631383747199003,-23.529403386876705,Botswana,NMM,NMVOC
0367,2.4014740635345077e-5,BOTSWANA_KGALAGADI_KGALAGADI NORTH_LEHUTUTU,22.00790879280739,-23.84360826239536,Botswana,NMM,NMVOC
0368,1.9147271696135697e-4,BOTSWANA_KGALAGADI_KGALAGADI NORTH_LOKGWABE,21.7851453687414,-24.07867771129318,Botswana,NMM,NMVOC
0369,0,BOTSWANA_KGALAGADI_KGALAGADI NORTH_MAKE,21.994205625425362,-23.680770428270183,Botswana,NMM,NMVOC
0370,2.8957042649039117e-5,BOTSWANA_KGALAGADI_KGALAGADI NORTH_MONONG,21.544688834846603,-23.73920927317219,Botswana,NMM,NMVOC
0371,0,BOTSWANA_KGALAGADI_KGALAGADI NORTH_NCAANG,21.1223824590204,-23.44041697965504,Botswana,NMM,NMVOC
0372,0,BOTSWANA_KGALAGADI_KGALAGADI NORTH_NGWATLE,21.117355141120534,-23.647886311201248,Botswana,NMM,NMVOC
0373,7.56389003709187e-5,BOTSWANA_KGALAGADI_KGALAGADI NORTH_PHUDUHUDU,22.580063911251433,-23.93036127904691,Botswana,NMM,NMVOC
0374,9.106589820156664e-5,BOTSWANA_KGALAGADI_KGALAGADI NORTH_TSHANE,22.009218648598967,-23.97480857848694,Botswana,NMM,NMVOC
0375,0,BOTSWANA_KGALAGADI_KGALAGADI NORTH_UKWI,20.54965855676176,-23.64224465777984,Botswana,NMM,NMVOC
0376,1.3176883245494253e-4,BOTSWANA_KGALAGADI_KGALAGADI NORTH_ZUTSWA,21.06879673283048,-24.378159867529472,Botswana,NMM,NMVOC
0377,0,BOTSWANA_KGALAGADI_KGALAGADI SOUTH_BOGOGOBO,21.939941061820672,-26.643776855439175,Botswana,NMM,NMVOC
0378,0,BOTSWANA_KGALAGADI_KGALAGADI SOUTH_BOKSPITS,21.314513491670507,-25.52305062333103,Botswana,NMM,NMVOC
0379,1.3446305931089672e-4,BOTSWANA_KGALAGADI_KGALAGADI SOUTH_BRAY,23.752155151918004,-25.314612046817558,Botswana,NMM,NMVOC
0380,0,BOTSWANA_KGALAGADI_KGALAGADI SOUTH_GACHIBANA,21.318615947145076,-26.76135876855932,Botswana,NMM,NMVOC
0381,0,BOTSWANA_KGALAGADI_KGALAGADI SOUTH_KHISA,22.627311790636153,-25.661301014142644,Botswana,NMM,NMVOC
0382,0,BOTSWANA_KGALAGADI_KGALAGADI SOUTH_KHUIS,21.778745594602643,-26.61621321259511,Botswana,NMM,NMVOC
0383,0,BOTSWANA_KGALAGADI_KGALAGADI SOUTH_KHWAWA,21.536389504618732,-26.33146231350371,Botswana,NMM,NMVOC
0384,0,BOTSWANA_KGALAGADI_KGALAGADI SOUTH_KOKOTSHA,23.282665786747692,-24.952596354252385,Botswana,NMM,NMVOC
0385,0,BOTSWANA_KGALAGADI_KGALAGADI SOUTH_KOLONKWANE,21.998886440804885,-26.46695305601831,Botswana,NMM,NMVOC
0386,0,BOTSWANA_KGALAGADI_KGALAGADI SOUTH_MAKOPONG,23.00557554126552,-25.279785016029198,Botswana,NMM,NMVOC
0387,0,BOTSWANA_KGALAGADI_KGALAGADI SOUTH_MALESHE,22.578885408820124,-25.861705230970156,Botswana,NMM,NMVOC
0388,0,BOTSWANA_KGALAGADI_KGALAGADI SOUTH_MARALALENG,22.68707487230088,-25.784682276497044,Botswana,NMM,NMVOC
0389,2.55030158339423e-6,BOTSWANA_KGALAGADI_KGALAGADI SOUTH_MAUBELO,22.38337590834033,-25.32060395255863,Botswana,NMM,NMVOC
0390,0,BOTSWANA_KGALAGADI_KGALAGADI SOUTH_MIDDLEPITS,21.88965522829646,-26.64510622003729,Botswana,NMM,NMVOC
0391,6.933345880706452e-5,BOTSWANA_KGALAGADI_KGALAGADI SOUTH_MOLOPO FARMS,23.901539179894392,-25.218667431791786,Botswana,NMM,NMVOC
0392,0,BOTSWANA_KGALAGADI_KGALAGADI SOUTH_OMAWENENO,22.58460683893281,-25.787109823452095,Botswana,NMM,NMVOC
0393,0,BOTSWANA_KGALAGADI_KGALAGADI SOUTH_PHEPHENG/DRAAIHOEK,22.78105010135853,-25.353110330504997,Botswana,NMM,NMVOC
0394,0,BOTSWANA_KGALAGADI_KGALAGADI SOUTH_RAPPLES PAN,21.008575646663,-26.638159980643096,Botswana,NMM,NMVOC
0395,0,BOTSWANA_KGALAGADI_KGALAGADI SOUTH_STRUIZENDAM,20.634736317115014,-26.674011578479416,Botswana,NMM,NMVOC
0396,0.004790982895834735,BOTSWANA_KGALAGADI_KGALAGADI SOUTH_TSABONG,22.533675678870342,-26.03261068358875,Botswana,NMM,NMVOC
0397,0,BOTSWANA_KGALAGADI_KGALAGADI SOUTH_VAALHOEK,20.899174768893236,-26.63085165782585,Botswana,NMM,NMVOC
0398,0.0028995252668408285,BOTSWANA_KGALAGADI_KGALAGADI SOUTH_WERDA,23.074307700309763,-25.079935228446647,Botswana,NMM,NMVOC
0399,0,BOTSWANA_KGATLENG_KGATLENG_ARTISIA,26.329598045283216,-24.01646307301413,Botswana,NMM,NMVOC
0400,0.0029467631998507035,BOTSWANA_KGATLENG_KGATLENG_BOKAA,25.97195065976654,-24.450230086407068,Botswana,NMM,NMVOC
0401,0,BOTSWANA_KGATLENG_KGATLENG_DIKGONNYE,26.029703255813914,-24.096171191247226,Botswana,NMM,NMVOC
0402,0,BOTSWANA_KGATLENG_KGATLENG_DIKWIDIDI,26.17999949757091,-24.55666835671585,Botswana,NMM,NMVOC
0403,1.6892671746861866e-4,BOTSWANA_KGATLENG_KGATLENG_KGOMODIATSHABA,26.269863148495805,-23.959055603855354,Botswana,NMM,NMVOC
0404,0,BOTSWANA_KGATLENG_KGATLENG_KHURUTSHE,26.132859344771337,-23.690545327799267,Botswana,NMM,NMVOC
0405,0,BOTSWANA_KGATLENG_KGATLENG_LESHIBITSE,26.406165055796965,-23.83651089330935,Botswana,NMM,NMVOC
0406,0,BOTSWANA_KGATLENG_KGATLENG_MABALANE,26.28893676301754,-24.621655976454754,Botswana,NMM,NMVOC
0407,0,BOTSWANA_KGATLENG_KGATLENG_MALOLWANE,26.430380010494872,-24.457842437404707,Botswana,NMM,NMVOC
0408,0.0017840599294680548,BOTSWANA_KGATLENG_KGATLENG_MALOTWANA SIDING,26.151012846299633,-24.29179457997145,Botswana,NMM,NMVOC
0409,5.216690834443681e-4,BOTSWANA_KGATLENG_KGATLENG_MATEBELENG,26.04953135972325,-24.525143676862136,Botswana,NMM,NMVOC
0410,2.4079491360882396e-5,BOTSWANA_KGATLENG_KGATLENG_MMATHUBUDUKWANE,26.402194016452356,-24.58953432239364,Botswana,NMM,NMVOC
0411,0.008801522701785296,BOTSWANA_KGATLENG_KGATLENG_MOCHUDI,26.47677571716603,-24.23454264974918,Botswana,NMM,NMVOC
0412,0,BOTSWANA_KGATLENG_KGATLENG_MODIPANE,26.172106866832117,-24.61311568769224,Botswana,NMM,NMVOC
0413,0.003224015656277372,BOTSWANA_KGATLENG_KGATLENG_MORWA,26.089564160859158,-24.467876815246445,Botswana,NMM,NMVOC
0414,0,BOTSWANA_KGATLENG_KGATLENG_OLIPHANTS DRIFT,26.833613302849894,-24.18652011472838,Botswana,NMM,NMVOC
0415,3.8773324518389876e-4,BOTSWANA_KGATLENG_KGATLENG_OODI,26.09229785618965,-24.566777150464368,Botswana,NMM,NMVOC
0416,0.001150586166151392,BOTSWANA_KGATLENG_KGATLENG_PILANE STATION,26.10483646643129,-24.415535218505003,Botswana,NMM,NMVOC
0417,6.282787299352016e-7,BOTSWANA_KGATLENG_KGATLENG_RAMONAKA,26.446902425513134,-24.542320856771433,Botswana,NMM,NMVOC
0418,5.611167309093917e-5,BOTSWANA_KGATLENG_KGATLENG_RAMOTLABAKI,26.871752159032944,-23.894065124338375,Botswana,NMM,NMVOC
0419,0.003992425495149167,BOTSWANA_KGATLENG_KGATLENG_RASESA,26.029082284030856,-24.334812008927873,Botswana,NMM,NMVOC
0420,1.122040717157967e-5,BOTSWANA_KGATLENG_KGATLENG_SIKWANE,26.40976832130963,-24.631382480577347,Botswana,NMM,NMVOC
0421,0.0010377441274083687,BOTSWANA_KWENENG_KWENENG EAST_BDF MOGODITSHANE,25.866597567365684,-24.60177989688917,Botswana,NMM,NMVOC
0422,0,BOTSWANA_KWENENG_KWENENG EAST_BOATLANAME,25.90698626304365,-23.603697827888347,Botswana,NMM,NMVOC
0423,2.1262371450650352e-4,BOTSWANA_KWENENG_KWENENG EAST_DIKGATLHONG,25.890773108192004,-24.22990108004598,Botswana,NMM,NMVOC
0424,7.641598173465693e-4,BOTSWANA_KWENENG_KWENENG EAST_DITSHUKUDU,25.79018424903999,-24.31657903586985,Botswana,NMM,NMVOC
0425,0.006262088926956218,BOTSWANA_KWENENG_KWENENG EAST_GABANE,25.724856086362443,-24.625622432889752,Botswana,NMM,NMVOC
0426,0,BOTSWANA_KWENENG_KWENENG EAST_GAKGATLA,25.558388738489484,-24.555893651556392,Botswana,NMM,NMVOC
0427,0.003591779248625683,BOTSWANA_KWENENG_KWENENG EAST_GAKUTLO,25.795893008492364,-24.485500847618265,Botswana,NMM,NMVOC
0428,0,BOTSWANA_KWENENG_KWENENG EAST_GAMODUBU,25.71707045103724,-24.50745373492028,Botswana,NMM,NMVOC
0429,1.1225474653690264e-4,BOTSWANA_KWENENG_KWENENG EAST_HATSALATLADI,25.655128743903163,-24.053036283307804,Botswana,NMM,NMVOC
0430,3.7679582353648247e-4,BOTSWANA_KWENENG_KWENENG EAST_KGOPE,25.90730765578967,-24.309697924278826,Botswana,NMM,NMVOC
0431,0.002397563654834112,BOTSWANA_KWENENG_KWENENG EAST_KOPONG,25.870465764300775,-24.444158127481042,Botswana,NMM,NMVOC
0432,0,BOTSWANA_KWENENG_KWENENG EAST_KUBUNG,25.360366076259005,-24.614971635386656,Botswana,NMM,NMVOC
0433,6.108569895954331e-4,BOTSWANA_KWENENG_KWENENG EAST_KUMAKWANE,25.672697196778568,-24.673575670712168,Botswana,NMM,NMVOC
0434,3.835748196293293e-5,BOTSWANA_KWENENG_KWENENG EAST_KWENENG,25.828354177294415,-23.852566021088684,Botswana,NMM,NMVOC
0435,0.0018862253066746274,BOTSWANA_KWENENG_KWENENG EAST_LENTSWELETAU,25.870136138465416,-24.167826671475748,Botswana,NMM,NMVOC
0436,4.8013579121482616e-4,BOTSWANA_KWENENG_KWENENG EAST_LEOLOGANE,25.64433800339369,-23.434433772014575,Botswana,NMM,NMVOC
0437,2.0158038431455216e-4,BOTSWANA_KWENENG_KWENENG EAST_LEPHEPHE,25.894174284633333,-23.40765559827626,Botswana,NMM,NMVOC
0438,0,BOTSWANA_KWENENG_KWENENG EAST_LOSILAKGOKONG,25.34988894663335,-24.571135771940597,Botswana,NMM,NMVOC
0439,0.004868760833824809,BOTSWANA_KWENENG_KWENENG EAST_MAHETLWE,25.665185137212088,-24.23905297400607,Botswana,NMM,NMVOC
0440,0,BOTSWANA_KWENENG_KWENENG EAST_MEDIE,25.874565240962703,-24.031116366980243,Botswana,NMM,NMVOC
0441,0.008674748398702617,BOTSWANA_KWENENG_KWENENG EAST_METSIMOTLHABE,25.814813747961594,-24.57843758628985,Botswana,NMM,NMVOC
0442,5.945203729168153e-4,BOTSWANA_KWENENG_KWENENG EAST_MMANKGODI,25.623117562536567,-24.72944762315122,Botswana,NMM,NMVOC
0443,4.217768297286333e-4,BOTSWANA_KWENENG_KWENENG EAST_MMANOKO,25.64934009640395,-24.42250311648915,Botswana,NMM,NMVOC
0444,0.001434124750300708,BOTSWANA_KWENENG_KWENENG EAST_MMATSETA,25.85895904561137,-24.512431056468085,Botswana,NMM,NMVOC
0445,0.01941681998019826,BOTSWANA_KWENENG_KWENENG EAST_MMOPANE,25.831916673401516,-24.543107056933852,Botswana,NMM,NMVOC
0446,0.010260016655039488,BOTSWANA_KWENENG_KWENENG EAST_MOGODITSHANE,25.85842184630358,-24.60738400491993,Botswana,NMM,NMVOC
0447,3.3029026430275894e-4,BOTSWANA_KWENENG_KWENENG EAST_MOGONONO,25.577935957073354,-24.234385269062876,Botswana,NMM,NMVOC
0448,7.216747264313442e-4,BOTSWANA_KWENENG_KWENENG EAST_MOKOLODI,25.81603234528639,-24.697241109077822,Botswana,NMM,NMVOC
0449,0.030267079905634323,BOTSWANA_KWENENG_KWENENG EAST_MOLEPOLOLE,25.5497055386965,-24.395542548425816,Botswana,NMM,NMVOC
0450,1.3693352775817811e-4,BOTSWANA_KWENENG_KWENENG EAST_RAMAPHATLE,25.61446897045962,-24.70394371590776,Botswana,NMM,NMVOC
0451,5.597520438808856e-4,BOTSWANA_KWENENG_KWENENG EAST_SHADISHADI,25.6542773445706,-23.631687537826256,Botswana,NMM,NMVOC
0452,0.0012738977279234806,BOTSWANA_KWENENG_KWENENG EAST_SOJWE,25.81060306743436,-23.447805731300946,Botswana,NMM,NMVOC
0453,4.957566749670874e-4,BOTSWANA_KWENENG_KWENENG EAST_THAMAGA,25.512202536353346,-24.636709032733712,Botswana,NMM,NMVOC
0454,3.305079432039542e-5,BOTSWANA_KWENENG_KWENENG EAST_TLOANENG,25.718436819740113,-24.748830124610986,Botswana,NMM,NMVOC
0455,0,BOTSWANA_KWENENG_KWENENG WEST_BOTLHAPATLOU,25.49433742402101,-23.950964377275472,Botswana,NMM,NMVOC
0456,0,BOTSWANA_KWENENG_KWENENG WEST_DIPHUDUHUDU,25.361313831639055,-23.66424037279965,Botswana,NMM,NMVOC
0457,0,BOTSWANA_KWENENG_KWENENG WEST_DITSHEGWANE,24.967494356636315,-24.325453739104706,Botswana,NMM,NMVOC
0458,0,BOTSWANA_KWENENG_KWENENG WEST_DUTLWE,24.010209606049106,-24.0766543302552,Botswana,NMM,NMVOC
0459,0,BOTSWANA_KWENENG_KWENENG WEST_KAUDWANE,24.659436878890112,-23.367661970601763,Botswana,NMM,NMVOC
0460,1.1618975752479752e-4,BOTSWANA_KWENENG_KWENENG WEST_KHUDUMELAPYE,25.170144578603114,-23.791371348563107,Botswana,NMM,NMVOC
0461,6.023717785299511e-4,BOTSWANA_KWENENG_KWENENG WEST_KOTOLANAME,25.344981106952105,-24.426360101349005,Botswana,NMM,NMVOC
0462,4.4643256917880123e-4,BOTSWANA_KWENENG_KWENENG WEST_LETLHAKENG,25.055504504543418,-24.07736578153483,Botswana,NMM,NMVOC
0463,0,BOTSWANA_KWENENG_KWENENG WEST_MABOANE,24.62981126929652,-24.01531720256432,Botswana,NMM,NMVOC
0464,1.0848387044033698e-6,BOTSWANA_KWENENG_KWENENG WEST_MALWELWE,25.388569305562967,-24.124123864830562,Botswana,NMM,NMVOC
0465,2.5378064898770402e-5,BOTSWANA_KWENENG_KWENENG WEST_MANTSHWABISI,25.20948564723073,-24.090430074502226,Botswana,NMM,NMVOC
0466,3.723286770326636e-5,BOTSWANA_KWENENG_KWENENG WEST_MARATSHWANE,25.27943300340971,-24.00543002229499,Botswana,NMM,NMVOC
0467,0,BOTSWANA_KWENENG_KWENENG WEST_METSIBOTLHOKO,24.88334535341407,-24.02100921043726,Botswana,NMM,NMVOC
0468,0,BOTSWANA_KWENENG_KWENENG WEST_MONWANE,25.208167783087692,-24.31675483950471,Botswana,NMM,NMVOC
0469,0,BOTSWANA_KWENENG_KWENENG WEST_MOSHAWENG,25.126758323030916,-24.50223959697767,Botswana,NMM,NMVOC
0470,0,BOTSWANA_KWENENG_KWENENG WEST_MOTOKWE,23.393326314118752,-23.949217767767472,Botswana,NMM,NMVOC
0471,2.3248182186876763e-4,BOTSWANA_KWENENG_KWENENG WEST_NGWARE,25.472317051558928,-23.407189666362918,Botswana,NMM,NMVOC
0472,0,BOTSWANA_KWENENG_KWENENG WEST_SALAJWE,24.700069233188845,-23.586968168257275,Botswana,NMM,NMVOC
0473,0,BOTSWANA_KWENENG_KWENENG WEST_SERINANE,25.19951548113084,-24.18969812658127,Botswana,NMM,NMVOC
0474,0,BOTSWANA_KWENENG_KWENENG WEST_SESUNG,24.920484389582054,-24.098764991625394,Botswana,NMM,NMVOC
0475,0,BOTSWANA_KWENENG_KWENENG WEST_SORILATHOLO,25.06367528301778,-23.48111009752001,Botswana,NMM,NMVOC
0476,2.2380704558195507e-5,BOTSWANA_KWENENG_KWENENG WEST_TAKATOKWANE,24.333986142124967,-23.897263235861104,Botswana,NMM,NMVOC
0477,1.9867617465621568e-4,BOTSWANA_KWENENG_KWENENG WEST_THEBEPHATSHWA,25.33911813426609,-24.229770927348877,Botswana,NMM,NMVOC
0478,0,BOTSWANA_KWENENG_KWENENG WEST_TSETSENG,23.346608409362428,-23.556625874898454,Botswana,NMM,NMVOC
0479,0,BOTSWANA_KWENENG_KWENENG WEST_TSWAANE,23.844303310573697,-23.677953470418096,Botswana,NMM,NMVOC
0480,0.005496459402377488,BOTSWANA_LOBATSE_LOBATSE_LOBATSE,25.680222039240462,-25.21156716052995,Botswana,NMM,NMVOC
0481,0,BOTSWANA_NORTH EAST_NORTH EAST_BOTALAOTE,27.23593919430158,-20.74011790617292,Botswana,NMM,NMVOC
0482,1.7764496423595093e-5,BOTSWANA_NORTH EAST_NORTH EAST_BUTALE,27.676071500645865,-20.656116388620305,Botswana,NMM,NMVOC
0483,0.0026265154929506966,BOTSWANA_NORTH EAST_NORTH EAST_DITLADI,27.593853189898606,-21.357392846398774,Botswana,NMM,NMVOC
0484,0,BOTSWANA_NORTH EAST_NORTH EAST_GAMBULE,27.39900708699297,-20.563127167228444,Botswana,NMM,NMVOC
0485,2.9193883058201603e-4,BOTSWANA_NORTH EAST_NORTH EAST_GULUBANE,27.31358281638026,-20.901873558761327,Botswana,NMM,NMVOC
0486,1.605690500861692e-5,BOTSWANA_NORTH EAST_NORTH EAST_GUNGWE,27.38271596277986,-20.484327285782342,Botswana,NMM,NMVOC
0487,7.159902846858816e-4,BOTSWANA_NORTH EAST_NORTH EAST_HASKINS FARM,27.53856707842432,-20.942088468645853,Botswana,NMM,NMVOC
0488,2.105801106638163e-4,BOTSWANA_NORTH EAST_NORTH EAST_JACKALAS 1,27.70190501415433,-20.551898920198756,Botswana,NMM,NMVOC
0489,9.262757902102103e-6,BOTSWANA_NORTH EAST_NORTH EAST_JACKALAS 2,27.684263288454705,-20.943529822684937,Botswana,NMM,NMVOC
0490,0.0054751368340312905,BOTSWANA_NORTH EAST_NORTH EAST_JOHANNES KACHEJOHN,27.416370017173527,-21.032990996945774,Botswana,NMM,NMVOC
0491,0,BOTSWANA_NORTH EAST_NORTH EAST_KALAKAMATI,27.325085093746505,-20.616599567778596,Botswana,NMM,NMVOC
0492,0,BOTSWANA_NORTH EAST_NORTH EAST_KGARI,27.62095491247424,-20.59772226024511,Botswana,NMM,NMVOC
0493,7.886889619030951e-4,BOTSWANA_NORTH EAST_NORTH EAST_LETSHOLATHEBE,27.42289424926035,-20.718374886141437,Botswana,NMM,NMVOC
0494,4.411542817998517e-6,BOTSWANA_NORTH EAST_NORTH EAST_MABUDZANE,27.65030964853915,-20.906207513366976,Botswana,NMM,NMVOC
0495,1.4961622831575161e-5,BOTSWANA_NORTH EAST_NORTH EAST_MAKALENG,27.285094240822392,-20.79040562603129,Botswana,NMM,NMVOC
0496,0,BOTSWANA_NORTH EAST_NORTH EAST_MAMBO,27.339806500913884,-20.78191758239405,Botswana,NMM,NMVOC
0497,1.7863587143002266e-5,BOTSWANA_NORTH EAST_NORTH EAST_MAPOKA,27.583403081931646,-20.534321559571424,Botswana,NMM,NMVOC
0498,1.582865437359379e-5,BOTSWANA_NORTH EAST_NORTH EAST_MASINGWANENG,27.31796380391279,-20.837868143226277,Botswana,NMM,NMVOC
0499,0,BOTSWANA_NORTH EAST_NORTH EAST_MASUKWANE,27.54938882946871,-20.590964331617293,Botswana,NMM,NMVOC
0500,6.178460343826374e-4,BOTSWANA_NORTH EAST_NORTH EAST_MASUNGA,27.434400286669504,-20.627325508955153,Botswana,NMM,NMVOC
0501,3.784298695410517e-5,BOTSWANA_NORTH EAST_NORTH EAST_MATENGE,27.243163563094196,-20.824890359812834,Botswana,NMM,NMVOC
0502,0.013576645488712695,BOTSWANA_NORTH EAST_NORTH EAST_MATSHELAGABEDI,27.625910201894996,-21.12872037207013,Botswana,NMM,NMVOC
0503,0.001968876574053231,BOTSWANA_NORTH EAST_NORTH EAST_MATSILOJE,27.79748603303526,-21.272615331495285,Botswana,NMM,NMVOC
0504,7.366293013844604e-5,BOTSWANA_NORTH EAST_NORTH EAST_MBALAMBI,27.339335713407475,-20.51403109309788,Botswana,NMM,NMVOC
0505,1.218111636532656e-5,BOTSWANA_NORTH EAST_NORTH EAST_MOROKA,27.64533883665974,-20.526246843989444,Botswana,NMM,NMVOC
0506,3.1323719761395207e-4,BOTSWANA_NORTH EAST_NORTH EAST_MOSOJANE,27.510648322475955,-20.605682710993673,Botswana,NMM,NMVOC
0507,6.967135213429022e-5,BOTSWANA_NORTH EAST_NORTH EAST_MOWANA,27.63647955779588,-20.777830273205144,Botswana,NMM,NMVOC
0508,9.511631022589492e-5,BOTSWANA_NORTH EAST_NORTH EAST_MULAMBAKWENA,27.46594067350093,-20.57301251814986,Botswana,NMM,NMVOC
0509,4.906374180980828e-5,BOTSWANA_NORTH EAST_NORTH EAST_NLAKHWANE,27.517632990383536,-20.518539158214796,Botswana,NMM,NMVOC
0510,8.110279768382306e-5,BOTSWANA_NORTH EAST_NORTH EAST_PATAYAMATEBELE,27.737992823316166,-21.4643350004061,Botswana,NMM,NMVOC
0511,0,BOTSWANA_NORTH EAST_NORTH EAST_POLE,27.574132779023316,-20.610493660531436,Botswana,NMM,NMVOC
0512,0,BOTSWANA_NORTH EAST_NORTH EAST_RAMOKGWEBANA,27.662924110656288,-20.583729469679355,Botswana,NMM,NMVOC
0513,0,BOTSWANA_NORTH EAST_NORTH EAST_SECHELE,27.38485539651099,-20.797350422844442,Botswana,NMM,NMVOC
0514,0,BOTSWANA_NORTH EAST_NORTH EAST_SEKAKANGWE,27.324905899544337,-20.566292847964146,Botswana,NMM,NMVOC
0515,2.0246163243857677e-4,BOTSWANA_NORTH EAST_NORTH EAST_SENYAWE,27.6781087349486,-20.734971000867784,Botswana,NMM,NMVOC
0516,0.003395007137862392,BOTSWANA_NORTH EAST_NORTH EAST_SHASHE BRIDGE,27.441314891279994,-21.258844535487142,Botswana,NMM,NMVOC
0517,1.0528856656817745e-4,BOTSWANA_NORTH EAST_NORTH EAST_SIVIYA,27.69697685871457,-20.82969467830003,Botswana,NMM,NMVOC
0518,4.983829768791068e-4,BOTSWANA_NORTH EAST_NORTH EAST_TATI SIDING,27.46845579652601,-21.26452617148856,Botswana,NMM,NMVOC
0519,8.255933981519851e-4,BOTSWANA_NORTH EAST_NORTH EAST_THEMASHANGA,27.55069700154272,-20.72636426785868,Botswana,NMM,NMVOC
0520,0,BOTSWANA_NORTH EAST_NORTH EAST_TOTENG,27.270345176482714,-20.719997560519936,Botswana,NMM,NMVOC
0521,3.421151609720498e-8,BOTSWANA_NORTH EAST_NORTH EAST_TSAMAYA,27.65197854641795,-20.83445747757975,Botswana,NMM,NMVOC
0522,5.4895787302755076e-5,BOTSWANA_NORTH EAST_NORTH EAST_TSHESEBE,27.60488659969322,-20.718620239818698,Botswana,NMM,NMVOC
0523,4.271088701683373e-5,BOTSWANA_NORTH EAST_NORTH EAST_VUKWI,27.38708622858749,-20.607139935771677,Botswana,NMM,NMVOC
0524,1.9880071656613174e-4,BOTSWANA_NORTH EAST_NORTH EAST_ZWENSHAMBE,27.448183551665426,-20.504176199278817,Botswana,NMM,NMVOC
0525,0,BOTSWANA_NORTH WEST_NGAMILAND DELTA_NGAMILAND DELTA,22.960336814344046,-19.43828751092393,Botswana,NMM,NMVOC
0526,4.533755219637895e-4,BOTSWANA_NORTH WEST_NGAMILAND EAST_BODIBENG,22.600564390842983,-20.54248828687454,Botswana,NMM,NMVOC
0527,0.0014337924566601816,BOTSWANA_NORTH WEST_NGAMILAND EAST_BOTLHATLOGO,22.726763405990695,-20.74674723011069,Botswana,NMM,NMVOC
0528,0,BOTSWANA_NORTH WEST_NGAMILAND EAST_CHANOGA,23.67422168898431,-20.16363542170472,Botswana,NMM,NMVOC
0529,0,BOTSWANA_NORTH WEST_NGAMILAND EAST_HABU,22.399450144071537,-19.835986974771608,Botswana,NMM,NMVOC
0530,2.194075269353317e-4,BOTSWANA_NORTH WEST_NGAMILAND EAST_KARENG,22.300472651793307,-20.754601900098116,Botswana,NMM,NMVOC
0531,0,BOTSWANA_NORTH WEST_NGAMILAND EAST_KGAKGE/MAKAKUNG,22.500435832111794,-20.540049424101177,Botswana,NMM,NMVOC
0532,0,BOTSWANA_NORTH WEST_NGAMILAND EAST_KOMANA,23.23556501767629,-20.197324460737033,Botswana,NMM,NMVOC
0533,0,BOTSWANA_NORTH WEST_NGAMILAND EAST_MABABE,23.997011922196286,-19.182027762406623,Botswana,NMM,NMVOC
0534,0,BOTSWANA_NORTH WEST_NGAMILAND EAST_MAKALAMABEDI,23.41521287773188,-20.67081042197008,Botswana,NMM,NMVOC
0535,9.097806541050376e-4,BOTSWANA_NORTH WEST_NGAMILAND EAST_MATLAPANA,23.546036955690333,-19.921555467159827,Botswana,NMM,NMVOC
0536,0,BOTSWANA_NORTH WEST_NGAMILAND EAST_MATSAUDI/SAKAPNAE,23.675283205409393,-19.806194245710948,Botswana,NMM,NMVOC
0537,0.02492170599300347,BOTSWANA_NORTH WEST_NGAMILAND EAST_MAUN,24.199903111118402,-19.619553541252102,Botswana,NMM,NMVOC
0538,4.5204269103026897e-4,BOTSWANA_NORTH WEST_NGAMILAND EAST_PHUDUHUDU,24.645957266286953,-20.051304523225582,Botswana,NMM,NMVOC
0539,0,BOTSWANA_NORTH WEST_NGAMILAND EAST_SANKUYO,23.881724902731463,-19.421659901868495,Botswana,NMM,NMVOC
0540,6.88989760109832e-4,BOTSWANA_NORTH WEST_NGAMILAND EAST_SEHITHWA,22.677793302639653,-20.237066774603015,Botswana,NMM,NMVOC
0541,0,BOTSWANA_NORTH WEST_NGAMILAND EAST_SEMBOYO,22.27649485221952,-20.354376077745215,Botswana,NMM,NMVOC
0542,0,BOTSWANA_NORTH WEST_NGAMILAND EAST_SHOROBE,23.712796248799126,-19.11296691544541,Botswana,NMM,NMVOC
0543,1.2578584269904943e-4,BOTSWANA_NORTH WEST_NGAMILAND EAST_TOTENG,22.999306808598018,-20.32082005396448,Botswana,NMM,NMVOC
0544,1.568650205289934e-4,BOTSWANA_NORTH WEST_NGAMILAND EAST_TSAO,22.28659245098526,-20.02090488822863,Botswana,NMM,NMVOC
0545,2.020105568862372e-4,BOTSWANA_NORTH WEST_NGAMILAND WEST_BEETSHA,22.953920477145694,-18.380166226946653,Botswana,NMM,NMVOC
0546,1.5954922322156999e-4,BOTSWANA_NORTH WEST_NGAMILAND WEST_CHUKUMUCHU,21.598703917965935,-18.74824397962615,Botswana,NMM,NMVOC
0547,1.116510111218011e-4,BOTSWANA_NORTH WEST_NGAMILAND WEST_ERETSHA,22.86584821151028,-18.79052805025673,Botswana,NMM,NMVOC
0548,0.0018675904520615637,BOTSWANA_NORTH WEST_NGAMILAND WEST_ETSHA 1,22.224044369783737,-19.242642574470672,Botswana,NMM,NMVOC
0549,0,BOTSWANA_NORTH WEST_NGAMILAND WEST_ETSHA 13,22.229743070714033,-19.017116669937373,Botswana,NMM,NMVOC
0550,2.8198758621271117e-4,BOTSWANA_NORTH WEST_NGAMILAND WEST_ETSHA 6,22.229066360329956,-19.108258691269373,Botswana,NMM,NMVOC
0551,0,BOTSWANA_NORTH WEST_NGAMILAND WEST_GANI,21.444696927418082,-18.405419080628068,Botswana,NMM,NMVOC
0552,2.989317469248268e-4,BOTSWANA_NORTH WEST_NGAMILAND WEST_GONUTSUGA,22.59253926092765,-18.87801840211525,Botswana,NMM,NMVOC
0553,0,BOTSWANA_NORTH WEST_NGAMILAND WEST_GUDINGWA,22.905784262247845,-18.563529796191204,Botswana,NMM,NMVOC
0554,0.0033043085355671476,BOTSWANA_NORTH WEST_NGAMILAND WEST_GUMARE,22.131570836874936,-19.394550571792966,Botswana,NMM,NMVOC
0555,1.7752318288742942e-4,BOTSWANA_NORTH WEST_NGAMILAND WEST_IKOGA,22.218249775302052,-18.888300198172978,Botswana,NMM,NMVOC
0556,0,BOTSWANA_NORTH WEST_NGAMILAND WEST_KAJAJA,21.992248859877353,-18.703015404036154,Botswana,NMM,NMVOC
0557,8.714260565586075e-4,BOTSWANA_NORTH WEST_NGAMILAND WEST_KAUXWHI,21.93273566781973,-18.270501890330234,Botswana,NMM,NMVOC
0558,5.291408061939943e-7,BOTSWANA_NORTH WEST_NGAMILAND WEST_MOGOMOTHO,22.252300749707768,-18.492510662073524,Botswana,NMM,NMVOC
0559,1.4868358552604335e-4,BOTSWANA_NORTH WEST_NGAMILAND WEST_MOHEMBO EAST,21.802957716080922,-18.266524959816728,Botswana,NMM,NMVOC
0560,9.158523727784586e-5,BOTSWANA_NORTH WEST_NGAMILAND WEST_MOHEMBO WEST,21.66725143544976,-18.312119665836942,Botswana,NMM,NMVOC
0561,9.65450651335676e-6,BOTSWANA_NORTH WEST_NGAMILAND WEST_MOKGACHA,22.28535493171085,-18.701773297683296,Botswana,NMM,NMVOC
0562,0,BOTSWANA_NORTH WEST_NGAMILAND WEST_NGARANGE,22.04454772324353,-18.490470871633665,Botswana,NMM,NMVOC
0563,0,BOTSWANA_NORTH WEST_NGAMILAND WEST_NOKANENG,22.21151988099178,-19.64313399653268,Botswana,NMM,NMVOC
0564,0,BOTSWANA_NORTH WEST_NGAMILAND WEST_NXAMASERE,21.95986197574487,-18.61796345462013,Botswana,NMM,NMVOC
0565,0,BOTSWANA_NORTH WEST_NGAMILAND WEST_NXAUNXAU,21.351524290127983,-18.90359537023587,Botswana,NMM,NMVOC
0566,3.599155096257669e-4,BOTSWANA_NORTH WEST_NGAMILAND WEST_QANGWA,21.56450523279803,-19.49744243797423,Botswana,NMM,NMVOC
0567,8.104126043822963e-5,BOTSWANA_NORTH WEST_NGAMILAND WEST_SAMOCHEMA,21.807530849136374,-18.491110966045003,Botswana,NMM,NMVOC
0568,0,BOTSWANA_NORTH WEST_NGAMILAND WEST_SEKONDOMBORO,22.116154551020507,-18.31395834682349,Botswana,NMM,NMVOC
0569,6.347630123876634e-4,BOTSWANA_NORTH WEST_NGAMILAND WEST_SEPOPA,22.058884839789098,-18.787426270755017,Botswana,NMM,NMVOC
0570,1.6450073722337966e-4,BOTSWANA_NORTH WEST_NGAMILAND WEST_SERONGA,22.432137134077763,-18.68657047380979,Botswana,NMM,NMVOC
0571,5.618549595290859e-4,BOTSWANA_NORTH WEST_NGAMILAND WEST_SHAKAWE,21.734262044931864,-18.42525466967516,Botswana,NMM,NMVOC
0572,0,BOTSWANA_NORTH WEST_NGAMILAND WEST_TUBU,22.343676013963407,-19.42290273539071,Botswana,NMM,NMVOC
0573,0.0012761287972558363,BOTSWANA_NORTH WEST_NGAMILAND WEST_XAKAO,21.89184146965982,-18.35122741006872,Botswana,NMM,NMVOC
0574,5.338859191866842e-4,BOTSWANA_NORTH WEST_NGAMILAND WEST_XAXA,21.481474650920102,-20.367126109392327,Botswana,NMM,NMVOC
0575,2.9673916043617746e-5,BOTSWANA_NORTH WEST_NGAMILAND WEST_XHAUGA,21.8600876919785,-18.555460050065392,Botswana,NMM,NMVOC
0576,0.002702054419210847,BOTSWANA_ORAPA_ORAPA_ORAPA,25.3996206036354,-21.263370671233456,Botswana,NMM,NMVOC
0577,0.013841613947793513,BOTSWANA_SELIBE PHIKWE_SELIBE PHIKWE_SELIBE PHIKWE,27.837207638783738,-21.958685691075345,Botswana,NMM,NMVOC
0578,0.016975547217149882,BOTSWANA_SOUTH EAST_SOUTH EAST_DOORN LAAGTE,25.651786031535003,-25.28255683886919,Botswana,NMM,NMVOC
0579,0.0028127265766337514,BOTSWANA_SOUTH EAST_SOUTH EAST_HILDAVALE,25.616656741956373,-25.403085615302597,Botswana,NMM,NMVOC
0580,0.0016244125128764865,BOTSWANA_SOUTH EAST_SOUTH EAST_LOBATSE ESTATES,25.699833727272946,-25.141969237065187,Botswana,NMM,NMVOC
0581,3.593793791653498e-4,BOTSWANA_SOUTH EAST_SOUTH EAST_MOGOBANE,25.702998989332475,-24.943145974483425,Botswana,NMM,NMVOC
0582,0.005198506528902095,BOTSWANA_SOUTH EAST_SOUTH EAST_OTSE,25.756324039083623,-25.045000276937234,Botswana,NMM,NMVOC
0583,0.0010293924601127947,BOTSWANA_SOUTH EAST_SOUTH EAST_RAMOTSWA,25.829789056966593,-24.901951101856636,Botswana,NMM,NMVOC
0584,0,BOTSWANA_SOUTH EAST_SOUTH EAST_RAMOTSWA STATION/TAUNG,25.770154438973417,-24.815461657589147,Botswana,NMM,NMVOC
0585,0.017765057209798187,BOTSWANA_SOUTH EAST_SOUTH EAST_TLOKWENG,26.035546995861406,-24.647763400719953,Botswana,NMM,NMVOC
0586,1.9444199492965988e-4,BOTSWANA_SOUTHERN_BAROLONG_BETHEL,25.523180210457173,-25.455324991549087,Botswana,NMM,NMVOC
0587,8.97607786606904e-5,BOTSWANA_SOUTHERN_BAROLONG_BOROBADILEPE,25.45763854772069,-25.624399960180156,Botswana,NMM,NMVOC
0588,2.2386373412576744e-5,BOTSWANA_SOUTHERN_BAROLONG_DIGAWANA,25.554337853260883,-25.336847733509767,Botswana,NMM,NMVOC
0589,2.747041213766946e-6,BOTSWANA_SOUTHERN_BAROLONG_DIKHUKHUNG,24.885447065593745,-25.800063981646993,Botswana,NMM,NMVOC
0590,3.388069899082321e-4,BOTSWANA_SOUTHERN_BAROLONG_DINATSHANA,25.561032468363326,-25.459552008174736,Botswana,NMM,NMVOC
0591,1.6475389574008772e-4,BOTSWANA_SOUTHERN_BAROLONG_DITLHARAPA,25.26534775604463,-25.74503088773403,Botswana,NMM,NMVOC
0592,3.9345445945051366e-4,BOTSWANA_SOUTHERN_BAROLONG_GAMAJALELA,25.422867167043186,-25.383535663638526,Botswana,NMM,NMVOC
0593,3.803348875923319e-5,BOTSWANA_SOUTHERN_BAROLONG_GATHWANE,25.50825122582933,-25.39225799661276,Botswana,NMM,NMVOC
0594,0.001584053735922935,BOTSWANA_SOUTHERN_BAROLONG_GOOD HOPE,25.425540411603592,-25.474044252271263,Botswana,NMM,NMVOC
0595,7.303379782088519e-5,BOTSWANA_SOUTHERN_BAROLONG_HEBRON,25.41118276541949,-25.696194884502404,Botswana,NMM,NMVOC
0596,0,BOTSWANA_SOUTHERN_BAROLONG_KANGWE,25.079061936844482,-25.406209192834304,Botswana,NMM,NMVOC
0597,9.40942426351383e-4,BOTSWANA_SOUTHERN_BAROLONG_KGORO,25.486735775180065,-25.453486474188907,Botswana,NMM,NMVOC
0598,1.232493492206271e-4,BOTSWANA_SOUTHERN_BAROLONG_LEJWANA,25.53432726709042,-25.415801471703258,Botswana,NMM,NMVOC
0599,1.2933466551512567e-4,BOTSWANA_SOUTHERN_BAROLONG_LEPORUNG,25.008424229579703,-25.672891074188268,Botswana,NMM,NMVOC
0600,6.214138371480872e-5,BOTSWANA_SOUTHERN_BAROLONG_LOGAGANE,25.398915672259538,-25.611615010488325,Botswana,NMM,NMVOC
0601,1.6591934418879925e-6,BOTSWANA_SOUTHERN_BAROLONG_LORWANA,25.502074910123632,-25.286996269753118,Botswana,NMM,NMVOC
0602,2.8749699842924427e-4,BOTSWANA_SOUTHERN_BAROLONG_MABULE,24.537508834961965,-25.73692702390118,Botswana,NMM,NMVOC
0603,2.2621191137786305e-4,BOTSWANA_SOUTHERN_BAROLONG_MADINGWANA,25.481261650329014,-25.576730325456165,Botswana,NMM,NMVOC
0604,0,BOTSWANA_SOUTHERN_BAROLONG_MAGORIAPITSE,25.27977947866948,-25.44137079227652,Botswana,NMM,NMVOC
0605,6.500399638524416e-5,BOTSWANA_SOUTHERN_BAROLONG_MAKOKWE,25.475459011292934,-25.66937770824479,Botswana,NMM,NMVOC
0606,9.07127275416909e-4,BOTSWANA_SOUTHERN_BAROLONG_MALOKAGANYANE,25.488358562103294,-25.502299871489452,Botswana,NMM,NMVOC
0607,8.365059707076203e-6,BOTSWANA_SOUTHERN_BAROLONG_MAROJANE,25.341901927422153,-25.73640142441916,Botswana,NMM,NMVOC
0608,0,BOTSWANA_SOUTHERN_BAROLONG_METLOBO,25.124348846065626,-25.39253659443453,Botswana,NMM,NMVOC
0609,2.1390072645791568e-4,BOTSWANA_SOUTHERN_BAROLONG_METLOJANE,25.375187769980677,-25.552026515853672,Botswana,NMM,NMVOC
0610,2.5920615557029694e-5,BOTSWANA_SOUTHERN_BAROLONG_MMAKGORI,24.800927173643334,-25.789358109184104,Botswana,NMM,NMVOC
0611,4.766297662295575e-5,BOTSWANA_SOUTHERN_BAROLONG_MMATHETHE,25.16245192169214,-25.332818623646105,Botswana,NMM,NMVOC
0612,0.0015935215289823357,BOTSWANA_SOUTHERN_BAROLONG_MOGOJOGOJO,25.472237292279374,-25.35846674488226,Botswana,NMM,NMVOC
0613,1.5377168685072747e-4,BOTSWANA_SOUTHERN_BAROLONG_MOGWALALE,25.3618167413177,-25.480322244471722,Botswana,NMM,NMVOC
0614,1.6977464705721483e-4,BOTSWANA_SOUTHERN_BAROLONG_MOKATAKO,25.21324864044004,-25.72876284416883,Botswana,NMM,NMVOC
0615,6.775455260617498e-6,BOTSWANA_SOUTHERN_BAROLONG_MOKGOMANE,25.21261347084866,-25.518245387897743,Botswana,NMM,NMVOC
0616,4.546701479583874e-5,BOTSWANA_SOUTHERN_BAROLONG_MOLETE,25.308791189937068,-25.671084438672697,Botswana,NMM,NMVOC
0617,1.758267061875718e-5,BOTSWANA_SOUTHERN_BAROLONG_MOTSENTSHE,25.375726428046065,-25.379180264622413,Botswana,NMM,NMVOC
0618,1.3784645354091599e-4,BOTSWANA_SOUTHERN_BAROLONG_MUSI,25.08334912114238,-25.688286393457503,Botswana,NMM,NMVOC
0619,2.4869762304721954e-4,BOTSWANA_SOUTHERN_BAROLONG_NGWATSAU,25.540401017789634,-25.553981728114238,Botswana,NMM,NMVOC
0620,1.3958063037241186e-4,BOTSWANA_SOUTHERN_BAROLONG_PAPATLO,25.50091785142035,-25.65156471920203,Botswana,NMM,NMVOC
0621,5.9868640752051796e-5,BOTSWANA_SOUTHERN_BAROLONG_PHIHITSHWANE,25.414087664638753,-25.65601906088651,Botswana,NMM,NMVOC
0622,3.378511946298436e-4,BOTSWANA_SOUTHERN_BAROLONG_PITSANA-POTOKWE,25.556580548078113,-25.50806204359263,Botswana,NMM,NMVOC
0623,6.78124281064188e-4,BOTSWANA_SOUTHERN_BAROLONG_PITSANE SIDING,25.604250914974468,-25.46943866185844,Botswana,NMM,NMVOC
0624,6.219429011654881e-6,BOTSWANA_SOUTHERN_BAROLONG_PITSHANE MOLOPO,25.119834443362777,-25.744597939849236,Botswana,NMM,NMVOC
0625,3.9459837546329437e-4,BOTSWANA_SOUTHERN_BAROLONG_RAKHUNA,25.578883997684116,-25.582003199973805,Botswana,NMM,NMVOC
0626,4.584334757597354e-4,BOTSWANA_SOUTHERN_BAROLONG_RAMATLABAMA,25.542590563183143,-25.63663806930263,Botswana,NMM,NMVOC
0627,0,BOTSWANA_SOUTHERN_BAROLONG_SEDIBENG,25.16840936243981,-25.684656039464652,Botswana,NMM,NMVOC
0628,0,BOTSWANA_SOUTHERN_BAROLONG_SEKHUTLANE,24.48911487032339,-25.502857393367236,Botswana,NMM,NMVOC
0629,5.541875658410809e-5,BOTSWANA_SOUTHERN_BAROLONG_SHEEP FARM,25.494453226915,-25.550549245917278,Botswana,NMM,NMVOC
0630,8.157529012617795e-4,BOTSWANA_SOUTHERN_BAROLONG_TLHARESELEELE,25.6164016549552,-25.509947342258574,Botswana,NMM,NMVOC
0631,2.585845781641568e-4,BOTSWANA_SOUTHERN_BAROLONG_TSHIDILAMOLOMO,24.680774921105087,-25.71938467094859,Botswana,NMM,NMVOC
0632,0,BOTSWANA_SOUTHERN_BAROLONG_TSWAANENG,24.874731933296207,-25.481179488719636,Botswana,NMM,NMVOC
0633,4.3389708794032975e-5,BOTSWANA_SOUTHERN_BAROLONG_TSWAGARE/LOTHOJE/LOKALANA,25.32250003507171,-25.608673297419177,Botswana,NMM,NMVOC
0634,2.3022369208603917e-5,BOTSWANA_SOUTHERN_BAROLONG_TSWANYANENG,25.26289447863055,-25.6163734983762,Botswana,NMM,NMVOC
0635,0,BOTSWANA_SOUTHERN_NGWAKETSE WEST_ITHOLOKE,23.49754475940133,-24.802379212464427,Botswana,NMM,NMVOC
0636,1.365625961200902e-4,BOTSWANA_SOUTHERN_NGWAKETSE WEST_KANAKU,23.536569449983585,-24.292118077279163,Botswana,NMM,NMVOC
0637,0,BOTSWANA_SOUTHERN_NGWAKETSE WEST_KENG,23.822720476728055,-24.619062130504958,Botswana,NMM,NMVOC
0638,0,BOTSWANA_SOUTHERN_NGWAKETSE WEST_KHAKHEA,23.52876267152225,-24.69951083983683,Botswana,NMM,NMVOC
0639,0,BOTSWANA_SOUTHERN_NGWAKETSE WEST_KHONKHWA,23.935454133373597,-24.46012666914766,Botswana,NMM,NMVOC
0640,0,BOTSWANA_SOUTHERN_NGWAKETSE WEST_KOKONG,23.160513999524845,-24.39362019765512,Botswana,NMM,NMVOC
0641,0,BOTSWANA_SOUTHERN_NGWAKETSE WEST_KUTUKU,23.639126946319017,-24.680282589894166,Botswana,NMM,NMVOC
0642,1.0339457856125323e-5,BOTSWANA_SOUTHERN_NGWAKETSE WEST_MABUTSANE,23.705699680104797,-24.459760111464377,Botswana,NMM,NMVOC
0643,0,BOTSWANA_SOUTHERN_NGWAKETSE WEST_MAHOTSHWANE,24.187255352450173,-24.38400662626752,Botswana,NMM,NMVOC
0644,0,BOTSWANA_SOUTHERN_NGWAKETSE WEST_MORWAMOSU,23.122520350392715,-24.153854514850522,Botswana,NMM,NMVOC
0645,0,BOTSWANA_SOUTHERN_NGWAKETSE WEST_SEKOMA,24.02445527149606,-24.579997053681147,Botswana,NMM,NMVOC
0646,0,BOTSWANA_SOUTHERN_SOUTHERN_BETESANKWE,24.8941696227703,-24.719678878206103,Botswana,NMM,NMVOC
0647,0,BOTSWANA_SOUTHERN_SOUTHERN_DIABO,25.365536715216567,-25.223190983743812,Botswana,NMM,NMVOC
0648,0,BOTSWANA_SOUTHERN_SOUTHERN_DIPOTSANA,25.446292913079866,-25.212561776849554,Botswana,NMM,NMVOC
0649,0,BOTSWANA_SOUTHERN_SOUTHERN_GASITA,24.82803541943543,-25.124083589756676,Botswana,NMM,NMVOC
0650,0.025455290002591828,BOTSWANA_SOUTHERN_SOUTHERN_KANYE,25.289267678855026,-25.048656911618565,Botswana,NMM,NMVOC
0651,3.8982889065609276e-4,BOTSWANA_SOUTHERN_SOUTHERN_KGOMOKASITWA,25.611112091400322,-25.09686032652438,Botswana,NMM,NMVOC
0652,0,BOTSWANA_SOUTHERN_SOUTHERN_LEFOKO,24.690111852640598,-24.8470312136434,Botswana,NMM,NMVOC
0653,0,BOTSWANA_SOUTHERN_SOUTHERN_LEKGOLOBOTLO,25.61615083241098,-24.885307065481175,Botswana,NMM,NMVOC
0654,0,BOTSWANA_SOUTHERN_SOUTHERN_LOROLWANA,24.459937704580028,-25.2535967198016,Botswana,NMM,NMVOC
0655,1.760341116621853e-4,BOTSWANA_SOUTHERN_SOUTHERN_LOTLHAKANE,25.435707774440367,-25.08771727806122,Botswana,NMM,NMVOC
0656,0,BOTSWANA_SOUTHERN_SOUTHERN_LOTLHAKANE WEST,25.295371153997333,-24.784930431562245,Botswana,NMM,NMVOC
0657,1.5901834368867003e-5,BOTSWANA_SOUTHERN_SOUTHERN_MAGOTLHWANE,25.599116726068054,-24.996853415826646,Botswana,NMM,NMVOC
0658,0.0013265918048744317,BOTSWANA_SOUTHERN_SOUTHERN_MANYANA,25.574934396304805,-24.79875482887838,Botswana,NMM,NMVOC
0659,0,BOTSWANA_SOUTHERN_SOUTHERN_MAOKANE,24.649164740852807,-24.988391174828216,Botswana,NMM,NMVOC
0660,0,BOTSWANA_SOUTHERN_SOUTHERN_MOGONYE,25.67857687556797,-24.842313481878563,Botswana,NMM,NMVOC
0661,5.04154119123173e-4,BOTSWANA_SOUTHERN_SOUTHERN_MOKHOMBA,24.61814743618357,-24.716762968297573,Botswana,NMM,NMVOC
0662,0.0014726000407083546,BOTSWANA_SOUTHERN_SOUTHERN_MOLAPOWABOJANG,25.545639385657516,-25.196418239986023,Botswana,NMM,NMVOC
0663,1.5565274598305036e-4,BOTSWANA_SOUTHERN_SOUTHERN_MOSHANENG,25.208444254843652,-24.835326824262772,Botswana,NMM,NMVOC
0664,0.0037185502183429216,BOTSWANA_SOUTHERN_SOUTHERN_MOSHUPA,25.42468410253782,-24.802239950537796,Botswana,NMM,NMVOC
0665,2.066487337828991e-4,BOTSWANA_SOUTHERN_SOUTHERN_NTLHANTLHE,25.563433827213757,-25.01680148927233,Botswana,NMM,NMVOC
0666,0,BOTSWANA_SOUTHERN_SOUTHERN_PITSENG,25.026961859107356,-24.671811025950742,Botswana,NMM,NMVOC
0667,0,BOTSWANA_SOUTHERN_SOUTHERN_RALEKGETHO,25.153983418889254,-24.651674927885143,Botswana,NMM,NMVOC
0668,9.870126097878493e-4,BOTSWANA_SOUTHERN_SOUTHERN_RANAKA,25.49210433716248,-24.953019551938723,Botswana,NMM,NMVOC
0669,0,BOTSWANA_SOUTHERN_SOUTHERN_SEGWAGWA,25.154246986825143,-25.20370107041337,Botswana,NMM,NMVOC
0670,0,BOTSWANA_SOUTHERN_SOUTHERN_SEHERELELA,24.966365412487043,-24.85255338029039,Botswana,NMM,NMVOC
0671,7.22480054108184e-6,BOTSWANA_SOUTHERN_SOUTHERN_SELOKOLELA,25.08619153157018,-25.012511421456256,Botswana,NMM,NMVOC
0672,1.9474063371530497e-4,BOTSWANA_SOUTHERN_SOUTHERN_SEMANE,24.36060822534978,-24.5838070534333,Botswana,NMM,NMVOC
0673,0.002037170005596428,BOTSWANA_SOUTHERN_SOUTHERN_SESE,24.837457767676273,-24.623316789302145,Botswana,NMM,NMVOC
0674,0,BOTSWANA_SOUTHERN_SOUTHERN_SESUNG,25.085978537640155,-24.864295490303654,Botswana,NMM,NMVOC
0675,0,BOTSWANA_SOUTHERN_SOUTHERN_TLHANKANE,24.375461207737164,-24.957536336747538,Botswana,NMM,NMVOC
0676,0,BOTSWANA_SOUTHERN_SOUTHERN_TSHWAANE,25.273421585713766,-24.711641454327474,Botswana,NMM,NMVOC
0677,0,BOTSWANA_SOUTHERN_SOUTHERN_TSONYANE,24.813855404067922,-24.839469110997843,Botswana,NMM,NMVOC
0678,0.003885982281018448,BOTSWANA_SOWA TOWN_SOWA TOWN_SOWA TOWN,26.205474065724133,-20.525655504329873,Botswana,NMM,NMVOC
0679,0,BOTSWANA_NORTH WEST_NGAMILAND WEST_TOBERE,22.060761168763293,-18.2277220943275,Botswana,NMM,NMVOC
0680,0.011688676061795461,BOTSWANA_FRANCISTOWN_FRANCISTOWN_FRANCISTOWN,27.527173396825056,-21.15325240029203,Botswana,NMM,NMVOC
0681,0,BOTSWANA_NORTH EAST_NORTH EAST_MATOPI,27.91115579539766,-21.482192037003767,Botswana,NMM,NMVOC
0682,0.0740856599605257,LESOTHO_BEREA,27.916543179927878,-29.196133964322186,Lesotho,NMM,NMVOC
0683,0.020148547624141536,LESOTHO_BUTHA-BUTHE,28.564194113912084,-28.80291309387294,Lesotho,NMM,NMVOC
0684,0.06413184242560369,LESOTHO_LERIBE,28.262778693785734,-29.01811492119529,Lesotho,NMM,NMVOC
0685,0.04366346750786476,LESOTHO_MAFETENG,27.392581280663943,-29.77903326417238,Lesotho,NMM,NMVOC
0686,0.09875926276708791,LESOTHO_MASERU,27.818410139103523,-29.578708001027245,Lesotho,NMM,NMVOC
0687,0.05439871798942309,LESOTHO_MOHALE'S HOEK,27.81073935217726,-30.05732318594617,Lesotho,NMM,NMVOC
0688,0.030490927118729413,LESOTHO_MOKHOTLONG,29.030965902973236,-29.219387585513097,Lesotho,NMM,NMVOC
0689,0.01754602141534218,LESOTHO_QACHA'S NEK,28.738216934631595,-29.96551989191937,Lesotho,NMM,NMVOC
0690,0.025449302475604754,LESOTHO_QUTHING,27.985860217458367,-30.361098997601832,Lesotho,NMM,NMVOC
0691,0.029479813316731187,LESOTHO_THABA-TSEKA,28.592501565541635,-29.5707462455164,Lesotho,NMM,NMVOC
0692,0.08294180064700041,MALAWI_SOUTHERN REGION_BALAKA,35.057010057789576,-15.035291543995603,Malawi,NMM,NMVOC
0693,0.17109083534844804,MALAWI_SOUTHERN REGION_BLANTYRE,34.93215294645478,-15.653521070374605,Malawi,NMM,NMVOC
0694,0.2083687657616499,MALAWI_SOUTHERN REGION_BLANTYRE CITY,35.049846087604834,-15.788155512634402,Malawi,NMM,NMVOC
0695,0.11786217358538303,MALAWI_SOUTHERN REGION_CHIKWAWA,34.70903689510921,-16.164449793446956,Malawi,NMM,NMVOC
0696,0.11002458155338528,MALAWI_SOUTHERN REGION_CHIRADZULU,35.21401510212054,-15.74504273186666,Malawi,NMM,NMVOC
0697,0.01834046385891901,MALAWI_NORTHERN REGION_CHITIPA,33.50075697273936,-9.961323805951439,Malawi,NMM,NMVOC
0698,0.22368131790370238,MALAWI_CENTRAL REGION_DEDZA,34.227546152785884,-14.26666414364504,Malawi,NMM,NMVOC
0699,0.16865430339315746,MALAWI_CENTRAL REGION_DOWA,33.7882007354298,-13.568943726666408,Malawi,NMM,NMVOC
0700,0.057915934528084426,MALAWI_NORTHERN REGION_KARONGA,33.88286491576761,-10.085628973711133,Malawi,NMM,NMVOC
0701,0.10124801199113705,MALAWI_CENTRAL REGION_KASUNGU,33.38591920703449,-12.984592469489298,Malawi,NMM,NMVOC
0702,0.13703737876270908,MALAWI_LAKE MALAWI_LAKE MALAWI,34.46342187078561,-11.83542210532386,Malawi,NMM,NMVOC
0703,0.0036879947451360614,MALAWI_NORTHERN REGION_LIKOMA,34.68456952933858,-12.049251389757782,Malawi,NMM,NMVOC
0704,0.5635354035864877,MALAWI_CENTRAL REGION_LILONGWE,33.678384246204125,-14.02262845680586,Malawi,NMM,NMVOC
0705,0.21674816141052375,MALAWI_CENTRAL REGION_LILONGWE CITY,33.777412227707195,-13.917060812410538,Malawi,NMM,NMVOC
0706,0.16085581533125876,MALAWI_SOUTHERN REGION_MACHINGA,35.56621569203856,-14.939743540640112,Malawi,NMM,NMVOC
0707,0.20621770261892072,MALAWI_SOUTHERN REGION_MANGOCHI,35.188672100825926,-14.35745673152043,Malawi,NMM,NMVOC
0708,0.131070802417932,MALAWI_CENTRAL REGION_MCHINJI,33.05678421553763,-13.693204790303813,Malawi,NMM,NMVOC
0709,0.2436232962492745,MALAWI_SOUTHERN REGION_MULANJE,35.510601697456494,-15.937493088013312,Malawi,NMM,NMVOC
0710,0.04655109788607452,MALAWI_SOUTHERN REGION_MWANZA,34.51070572282828,-15.653498412560298,Malawi,NMM,NMVOC
0711,0.09750818353556584,MALAWI_NORTHERN REGION_MZIMBA,33.63357391674036,-11.774662616846621,Malawi,NMM,NMVOC
0712,0.03101877564807039,MALAWI_NORTHERN REGION_MZUZU CITY,34.008085621399474,-11.435033136665401,Malawi,NMM,NMVOC
0713,0.02262821853765852,MALAWI_SOUTHERN REGION_NENO,34.69511229098429,-15.46855436212607,Malawi,NMM,NMVOC
0714,0.03316033697495981,MALAWI_NORTHERN REGION_NKHATA BAY,34.04155946420708,-11.671744085857307,Malawi,NMM,NMVOC
0715,0.04213969125276672,MALAWI_CENTRAL REGION_NKHOTAKOTA,34.088412143637505,-12.844968406478515,Malawi,NMM,NMVOC
0716,0.056319291109507646,MALAWI_SOUTHERN REGION_NSANJE,35.14256102689594,-16.7458281066411,Malawi,NMM,NMVOC
0717,0.14132966861381896,MALAWI_CENTRAL REGION_NTCHEU,34.7150219403129,-14.809209532624244,Malawi,NMM,NMVOC
0718,0.031059072867166273,MALAWI_CENTRAL REGION_NTCHISI,33.919435671123914,-13.29729664939087,Malawi,NMM,NMVOC
0719,0.08766634074855696,MALAWI_SOUTHERN REGION_PHALOMBE,35.69103908738544,-15.669471595035306,Malawi,NMM,NMVOC
0720,0.016130469294096506,MALAWI_NORTHERN REGION_RUMPHI,33.814313155835954,-10.819178535708213,Malawi,NMM,NMVOC
0721,0.08757326364502675,MALAWI_CENTRAL REGION_SALIMA,34.38342391012431,-13.73580013859686,Malawi,NMM,NMVOC
0722,0.24796686468395807,MALAWI_SOUTHERN REGION_THYOLO,35.14513805866104,-16.103293124272504,Malawi,NMM,NMVOC
0723,0.21805627452076187,MALAWI_SOUTHERN REGION_ZOMBA,35.431720494463534,-15.397965042950926,Malawi,NMM,NMVOC
0724,0.010321745806069113,MALAWI_SOUTHERN REGION_ZOMBA CITY,35.32958370864326,-15.389038184748701,Malawi,NMM,NMVOC
0725,0.01017511178081146,MOZAMBIQUE_CABO DELGADO_ANCUABE_ANCUABE SEDE,39.81250434636672,-12.844910167361961,Mozambique,NMM,NMVOC
0726,0.011464243558854963,MOZAMBIQUE_CABO DELGADO_ANCUABE_METORO,39.98166464165771,-13.123343510947777,Mozambique,NMM,NMVOC
0727,0.009863074630647228,MOZAMBIQUE_CABO DELGADO_ANCUABE_MEZA,39.50077329178648,-13.002763030349875,Mozambique,NMM,NMVOC
0728,0.022524402584017774,MOZAMBIQUE_CABO DELGADO_BALAMA_BALAMA SEDE,38.60741548928212,-13.34632445565341,Mozambique,NMM,NMVOC
0729,0.004486886081600602,MOZAMBIQUE_CABO DELGADO_BALAMA_IMPIRE,38.234370073203195,-13.36117175168839,Mozambique,NMM,NMVOC
0730,0.009718716310654081,MOZAMBIQUE_CABO DELGADO_BALAMA_KWEKWE,38.360631459274536,-13.719258906829074,Mozambique,NMM,NMVOC
0731,0.0045811568120191345,MOZAMBIQUE_CABO DELGADO_BALAMA_MAVALA,38.44433858639442,-13.127397794272662,Mozambique,NMM,NMVOC
0732,0.0243960203718265,MOZAMBIQUE_CABO DELGADO_CHIÚRE_CHIÚRE SEDE,39.78631866112433,-13.334949533035196,Mozambique,NMM,NMVOC
0733,0.008121387406842517,MOZAMBIQUE_CABO DELGADO_CHIÚRE_CHIÚRE VELHO,39.9790643743911,-13.394863091288299,Mozambique,NMM,NMVOC
0734,0.007031384914819886,MOZAMBIQUE_CABO DELGADO_CHIÚRE_KATAPUA,39.46036839056145,-13.3790182741743,Mozambique,NMM,NMVOC
0735,0.004223648541833187,MOZAMBIQUE_CABO DELGADO_CHIÚRE_MAZEZE,40.26493789258037,-13.394800824078336,Mozambique,NMM,NMVOC
0736,0.009733451864812176,MOZAMBIQUE_CABO DELGADO_CHIÚRE_NAMOGELIA,39.39543595419324,-13.73917584393942,Mozambique,NMM,NMVOC
0737,0.013577492132175871,MOZAMBIQUE_CABO DELGADO_CHIÚRE_OCUA,39.70712436514545,-13.593555718225081,Mozambique,NMM,NMVOC
0738,0.015315947946705521,MOZAMBIQUE_CABO DELGADO_CIDADE DE PEMBA_CIDADE DE PEMBA,40.5301137002399,-13.01866368362211,Mozambique,NMM,NMVOC
0739,4.4404191533189784e-4,MOZAMBIQUE_CABO DELGADO_IBO_IBO SEDE,40.58966660854597,-12.296434453801252,Mozambique,NMM,NMVOC
0740,1.7303377001504417e-5,MOZAMBIQUE_CABO DELGADO_IBO_QUIRIMBA,40.60573197983616,-12.436621233927731,Mozambique,NMM,NMVOC
0741,0.004601864712705328,MOZAMBIQUE_CABO DELGADO_MACOMIA_CHAI,40.09939009869904,-11.975771317344952,Mozambique,NMM,NMVOC
0742,0.010852110075130608,MOZAMBIQUE_CABO DELGADO_MACOMIA_MACOMIA SEDE,40.00966789367028,-12.185963022208076,Mozambique,NMM,NMVOC
0743,0.0028552101518934557,MOZAMBIQUE_CABO DELGADO_MACOMIA_MUCOJO,40.39838621183561,-12.132019600349427,Mozambique,NMM,NMVOC
0744,9.751065760070088e-4,MOZAMBIQUE_CABO DELGADO_MACOMIA_QUITERAJO,40.34862064188187,-11.822248596272631,Mozambique,NMM,NMVOC
0745,0.005355627998587706,MOZAMBIQUE_CABO DELGADO_MECÚFI_MECÚFI SEDE,40.44136931989843,-13.314578160765912,Mozambique,NMM,NMVOC
0746,0.004616639329378269,MOZAMBIQUE_CABO DELGADO_MECÚFI_MURREBUE,40.3621691122671,-13.16275211422268,Mozambique,NMM,NMVOC
0747,0.0018025696790446772,MOZAMBIQUE_CABO DELGADO_MELUCO_MELUCO,39.519008675605434,-12.466558692060977,Mozambique,NMM,NMVOC
0748,0.0026610325343195567,MOZAMBIQUE_CABO DELGADO_MELUCO_MUAGUIDE,40.006147820712634,-12.461564676608146,Mozambique,NMM,NMVOC
0749,0.010021919355444572,MOZAMBIQUE_CABO DELGADO_METUGE_METUGE SEDE,40.30149518097115,-12.881110538127228,Mozambique,NMM,NMVOC
0750,0.007468027012846026,MOZAMBIQUE_CABO DELGADO_METUGE_MIEZE,40.42604082004337,-13.071741165509883,Mozambique,NMM,NMVOC
0751,0.005357543365883718,MOZAMBIQUE_CABO DELGADO_MOCÍMBOA DA PRAIA_DIACA,39.98361766384434,-11.50941232931751,Mozambique,NMM,NMVOC
0752,0.002199673215308358,MOZAMBIQUE_CABO DELGADO_MOCÍMBOA DA PRAIA_MBAU,40.264033426645,-11.61011746355292,Mozambique,NMM,NMVOC
0753,0.014150899023072311,MOZAMBIQUE_CABO DELGADO_MOCÍMBOA DA PRAIA_MOCÍMBOA DA PRAIA SEDE,40.221732345886586,-11.307039802847223,Mozambique,NMM,NMVOC
0754,0.0342270992727324,MOZAMBIQUE_CABO DELGADO_MONTEPUEZ_CIDADE DE MONTEPUEZ,39.10336496633387,-13.155831594194833,Mozambique,NMM,NMVOC
0755,0.0037047971509802835,MOZAMBIQUE_CABO DELGADO_MONTEPUEZ_MAPUPULO,38.85156103637511,-13.296202609826898,Mozambique,NMM,NMVOC
0756,0.012995356356212913,MOZAMBIQUE_CABO DELGADO_MONTEPUEZ_MIRATE SEDE,38.889102884866084,-12.858163088415916,Mozambique,NMM,NMVOC
0757,0.0017788347238771472,MOZAMBIQUE_CABO DELGADO_MONTEPUEZ_NAIROTO,38.60846512227451,-12.417692004693443,Mozambique,NMM,NMVOC
0758,0.006150951866951556,MOZAMBIQUE_CABO DELGADO_MONTEPUEZ_NAMANHUMBIR,39.29331479236441,-13.03734599713965,Mozambique,NMM,NMVOC
0759,0.005178821220007619,MOZAMBIQUE_CABO DELGADO_MUEDA_CHAPA,39.300669871212165,-11.933739048526274,Mozambique,NMM,NMVOC
0760,0.0024574122259788406,MOZAMBIQUE_CABO DELGADO_MUEDA_IMBUHO SEDE,39.71330104587685,-11.492354708140468,Mozambique,NMM,NMVOC
0761,0.015292840255044137,MOZAMBIQUE_CABO DELGADO_MUEDA_MUEDA SEDE,39.52799055312814,-11.615490131717069,Mozambique,NMM,NMVOC
0762,0.0025672863843261727,MOZAMBIQUE_CABO DELGADO_MUEDA_NAMAUA,39.71135420448486,-11.578853289361819,Mozambique,NMM,NMVOC
0763,3.4239038495200184e-4,MOZAMBIQUE_CABO DELGADO_MUEDA_NEGOMANO,38.68032202017621,-11.555132251334204,Mozambique,NMM,NMVOC
0764,0.007405088653588815,MOZAMBIQUE_CABO DELGADO_MUEDA_NGAPA,39.181606916419916,-11.449464889051079,Mozambique,NMM,NMVOC
0765,0.004006444915261064,MOZAMBIQUE_CABO DELGADO_MUIDUMBE_CHITUNDA,40.02853944757149,-11.798368536527168,Mozambique,NMM,NMVOC
0766,0.004777954128663596,MOZAMBIQUE_CABO DELGADO_MUIDUMBE_MITEDA,39.64749196598334,-11.853991027094667,Mozambique,NMM,NMVOC
0767,0.008863918677345296,MOZAMBIQUE_CABO DELGADO_MUIDUMBE_MUAMBULA,39.82130488684691,-11.841747965829844,Mozambique,NMM,NMVOC
0768,0.005906489125403266,MOZAMBIQUE_CABO DELGADO_NAMUNO_HUCULA,39.027034408935776,-13.807982550463722,Mozambique,NMM,NMVOC
0769,0.009910647925124732,MOZAMBIQUE_CABO DELGADO_NAMUNO_MACHOCA,38.9025822941826,-13.935861472055366,Mozambique,NMM,NMVOC
0770,0.007732500410410362,MOZAMBIQUE_CABO DELGADO_NAMUNO_MELOCO,39.16332069555443,-13.55331427408594,Mozambique,NMM,NMVOC
0771,0.02397770104784639,MOZAMBIQUE_CABO DELGADO_NAMUNO_NAMUNO SEDE,38.85042931380327,-13.571803785012364,Mozambique,NMM,NMVOC
0772,0.009824045380957467,MOZAMBIQUE_CABO DELGADO_NAMUNO_NCUMPE,38.64829661522544,-13.759868655212932,Mozambique,NMM,NMVOC
0773,0.004842709041147766,MOZAMBIQUE_CABO DELGADO_NAMUNO_PAPAI,38.6112488248292,-14.01083078018285,Mozambique,NMM,NMVOC
0774,0.013832562314246646,MOZAMBIQUE_CABO DELGADO_NANGADE_NANGADE SEDE,39.74862940454096,-11.083424646974992,Mozambique,NMM,NMVOC
0775,0.004633965056693126,MOZAMBIQUE_CABO DELGADO_NANGADE_NTAMBA,39.82186362422569,-11.298924991205137,Mozambique,NMM,NMVOC
0776,0.0017895722424947594,MOZAMBIQUE_CABO DELGADO_PALMA_OLUMBE,40.37722280987631,-11.022253412786055,Mozambique,NMM,NMVOC
0777,0.0058374354913531285,MOZAMBIQUE_CABO DELGADO_PALMA_PALMA,40.36752760276333,-10.781107321340652,Mozambique,NMM,NMVOC
0778,7.559733398500234e-4,MOZAMBIQUE_CABO DELGADO_PALMA_PUNDANHAR,40.10649223692033,-10.915061660907167,Mozambique,NMM,NMVOC
0779,8.825966625694776e-4,MOZAMBIQUE_CABO DELGADO_PALMA_QUIONGA,40.39832171975072,-10.605188674355327,Mozambique,NMM,NMVOC
0780,0.0029033208060188233,MOZAMBIQUE_CABO DELGADO_QUISSANGA_BILIBIZA,40.19654727032573,-12.609796456581662,Mozambique,NMM,NMVOC
0781,0.0032650060903588814,MOZAMBIQUE_CABO DELGADO_QUISSANGA_MAHATE,40.41919917872787,-12.635885089192568,Mozambique,NMM,NMVOC
0782,0.05929478387002214,MOZAMBIQUE_CIDADE DE MAPUTO_KAMAVOTA_KAMAVOTA,32.634886641291224,-25.887693649593853,Mozambique,NMM,NMVOC
0783,0.011783041840660369,MOZAMBIQUE_CIDADE DE MAPUTO_KAMAXAKENI_KAMAXAKENI,32.59944117113847,-25.93889789948286,Mozambique,NMM,NMVOC
0784,0.017454931666697593,MOZAMBIQUE_CIDADE DE MAPUTO_KAMPFUMO_KAMPFUMO,32.586471991569425,-25.963392495074924,Mozambique,NMM,NMVOC
0785,0.07579623024081052,MOZAMBIQUE_CIDADE DE MAPUTO_KAMUBUKWANA_KAMUBUKWANA,32.57628175378329,-25.874280175789803,Mozambique,NMM,NMVOC
0786,1.7399022976026185e-4,MOZAMBIQUE_CIDADE DE MAPUTO_KANYAKA_KANYAKA,32.942792473320985,-26.019854398302623,Mozambique,NMM,NMVOC
0787,0.03080962981813865,MOZAMBIQUE_CIDADE DE MAPUTO_KATEMBE_KATEMBE,32.52558521951384,-26.037162300504427,Mozambique,NMM,NMVOC
0788,0.015582114525075564,MOZAMBIQUE_CIDADE DE MAPUTO_NHLAMANKULO_NHLAMANKULO,32.557337897173184,-25.94748667088231,Mozambique,NMM,NMVOC
0789,0.0053775258971802565,MOZAMBIQUE_GAZA_BILENE_BILENE MACIA,33.12170844184735,-25.024345210123222,Mozambique,NMM,NMVOC
0790,0.0011020907593244458,MOZAMBIQUE_GAZA_BILENE_INCAIA,33.23389036385305,-24.972836632632283,Mozambique,NMM,NMVOC
0791,0.006836739690206825,MOZAMBIQUE_GAZA_BILENE_MACUANE,33.16406911785151,-25.13186013405694,Mozambique,NMM,NMVOC
0792,0.003911446107127354,MOZAMBIQUE_GAZA_BILENE_MAZIVILA,33.15771945972996,-24.86159285857413,Mozambique,NMM,NMVOC
0793,0.007115912652331826,MOZAMBIQUE_GAZA_BILENE_MESSANO,32.994801638202425,-24.9711864826169,Mozambique,NMM,NMVOC
0794,0.0013639543924738587,MOZAMBIQUE_GAZA_BILENE_PRAIA DE BILENE,33.22313026811176,-25.268200454905273,Mozambique,NMM,NMVOC
0795,0.0023195387414284016,MOZAMBIQUE_GAZA_CHIBUTO_ALTO CHANGANE,33.532709699998925,-24.239915954397528,Mozambique,NMM,NMVOC
0796,1.0903176211598632e-4,MOZAMBIQUE_GAZA_CHIBUTO_CHANGANINE,33.78000414254853,-24.004994838500192,Mozambique,NMM,NMVOC
0797,0.004581900996339791,MOZAMBIQUE_GAZA_CHIBUTO_CIDADE DE CHIBUTO,33.56479821975432,-24.69579299181594,Mozambique,NMM,NMVOC
0798,0.01287190563998435,MOZAMBIQUE_GAZA_CHIBUTO_GODIDE,33.664009941160174,-24.59383871859075,Mozambique,NMM,NMVOC
0799,0.017262260803956278,MOZAMBIQUE_GAZA_CHIBUTO_MALEHICE,33.68651799951757,-24.751639870695612,Mozambique,NMM,NMVOC
0800,0.010387213672860012,MOZAMBIQUE_GAZA_CHIBUTO_TCHAIMITE,33.40913649471263,-24.6274038248804,Mozambique,NMM,NMVOC
0801,0.0010122755704412983,MOZAMBIQUE_GAZA_CHICUALACUALA_EDUARDO MONDLANE,31.90283759038279,-22.22474259936432,Mozambique,NMM,NMVOC
0802,0.0024016309364331316,MOZAMBIQUE_GAZA_CHICUALACUALA_PAFURI,31.839636613036426,-23.062508500431342,Mozambique,NMM,NMVOC
0803,5.649972340221707e-4,MOZAMBIQUE_GAZA_CHIGUBO_CHIGUBO SEDE,33.28327880896511,-22.55689162530508,Mozambique,NMM,NMVOC
0804,0.002452024037280398,MOZAMBIQUE_GAZA_CHIGUBO_NDINDIZA,33.50940091714144,-23.45508178763895,Mozambique,NMM,NMVOC
0805,0.004275724005531572,MOZAMBIQUE_GAZA_CHÓKWÈ_CIDADE DE CHÓKWÈ,32.99328794506374,-24.520208875238563,Mozambique,NMM,NMVOC
0806,0.017157199606781876,MOZAMBIQUE_GAZA_CHÓKWÈ_LIONDE,33.00856327547369,-24.690277510511446,Mozambique,NMM,NMVOC
0807,0.01254164404360062,MOZAMBIQUE_GAZA_CHÓKWÈ_MACARRETANE,32.75708982206706,-24.37253995423536,Mozambique,NMM,NMVOC
0808,0.011900317135851938,MOZAMBIQUE_GAZA_CHÓKWÈ_XILEMBENE,33.295896826319776,-24.740800650273098,Mozambique,NMM,NMVOC
0809,0.03300211180399468,MOZAMBIQUE_GAZA_CHONGOENE_CHONGOENE,33.78738388968989,-24.95612324064541,Mozambique,NMM,NMVOC
0810,0.004192137260999726,MOZAMBIQUE_GAZA_CHONGOENE_MAZUCANE,33.94816589854456,-24.75078182642919,Mozambique,NMM,NMVOC
0811,0.001215381972447015,MOZAMBIQUE_GAZA_CHONGOENE_NGUZENE,33.99174761296743,-24.900424006547656,Mozambique,NMM,NMVOC
0812,0.030101483080192608,MOZAMBIQUE_GAZA_CIDADE DE XAI-XAI_CIDADE DE XAI-XAI,33.6238199287902,-25.095602356591947,Mozambique,NMM,NMVOC
0813,0.009480220642574585,MOZAMBIQUE_GAZA_GUIJÁ_CHIVONGOENE,33.233221538781685,-24.47489638296496,Mozambique,NMM,NMVOC
0814,0.008351284289322138,MOZAMBIQUE_GAZA_GUIJÁ_MUBANGOENE,32.95074527970149,-24.269396021473018,Mozambique,NMM,NMVOC
0815,8.626673808852547e-4,MOZAMBIQUE_GAZA_GUIJÁ_NALAZI,33.17804626234287,-24.007141668394482,Mozambique,NMM,NMVOC
0816,0.0013503574380852052,MOZAMBIQUE_GAZA_GUIJÁ_VILA CANIÇADO,33.03370976279583,-24.496154209395023,Mozambique,NMM,NMVOC
0817,0.022159914229950884,MOZAMBIQUE_GAZA_LIMPOPO_CHICUMBANE,33.50935105307376,-24.95521044053618,Mozambique,NMM,NMVOC
0818,0.009622386202944927,MOZAMBIQUE_GAZA_LIMPOPO_CHISSANO,33.36595620036372,-24.917774625636756,Mozambique,NMM,NMVOC
0819,0.0017844951289775724,MOZAMBIQUE_GAZA_LIMPOPO_ZONGOENE,33.41768385775187,-25.15027705143945,Mozambique,NMM,NMVOC
0820,0.002597532474011388,MOZAMBIQUE_GAZA_MABALANE_COMBOMUNE,32.76206527578445,-23.248510922783225,Mozambique,NMM,NMVOC
0821,7.71845635714286e-4,MOZAMBIQUE_GAZA_MABALANE_MABALANE,32.830014386359615,-23.86472905225202,Mozambique,NMM,NMVOC
0822,0.0014042324148478848,MOZAMBIQUE_GAZA_MABALANE_NTLHAVENE,32.55611135942274,-23.700477308848008,Mozambique,NMM,NMVOC
0823,0.0024068752361208925,MOZAMBIQUE_GAZA_MANDLAKAZE_CHALALA,33.898816970795764,-24.62204362818058,Mozambique,NMM,NMVOC
0824,0.005258707347898487,MOZAMBIQUE_GAZA_MANDLAKAZE_CHIBONDZANE,34.20993805079586,-24.617150832754188,Mozambique,NMM,NMVOC
0825,0.006332719347462171,MOZAMBIQUE_GAZA_MANDLAKAZE_CHIDENGUELE,34.222185883991216,-24.846464693637397,Mozambique,NMM,NMVOC
0826,0.001383115430637862,MOZAMBIQUE_GAZA_MANDLAKAZE_MACUACUA,33.93793587874184,-24.351855632078426,Mozambique,NMM,NMVOC
0827,0.0033321515729038235,MOZAMBIQUE_GAZA_MANDLAKAZE_MANDLAKAZE SEDE,33.881734623458314,-24.717454952391012,Mozambique,NMM,NMVOC
0828,0.002290562940273186,MOZAMBIQUE_GAZA_MAPAI_MACHAILA,32.8972792264127,-22.46107250918086,Mozambique,NMM,NMVOC
0829,0.0031176366819346026,MOZAMBIQUE_GAZA_MAPAI_MAPAI,32.340153357812774,-22.66221263505515,Mozambique,NMM,NMVOC
0830,0.0018216438286420779,MOZAMBIQUE_GAZA_MASSANGENA_MASSANGENA,33.024968092166,-21.76228030255321,Mozambique,NMM,NMVOC
0831,0.0016492581533528307,MOZAMBIQUE_GAZA_MASSANGENA_MAVUE,32.44873445655671,-21.74455920732843,Mozambique,NMM,NMVOC
0832,0.001890949086643778,MOZAMBIQUE_GAZA_MASSINGIR_MASSINGIR SEDE,32.14188192707758,-24.083427448323647,Mozambique,NMM,NMVOC
0833,6.437087123602238e-4,MOZAMBIQUE_GAZA_MASSINGIR_MAVODZE,31.957192936094224,-23.682084241320673,Mozambique,NMM,NMVOC
0834,2.4667104103977575e-4,MOZAMBIQUE_GAZA_MASSINGIR_ZULO,32.44746940415907,-24.081905716979545,Mozambique,NMM,NMVOC
0835,0.026891434648163237,MOZAMBIQUE_INHAMBANE_CIDADE DA MAXIXE_CIDADE DA MAXIXE,35.30847837373539,-23.88280148067849,Mozambique,NMM,NMVOC
0836,0.008172369487920715,MOZAMBIQUE_INHAMBANE_CIDADE DE INHAMBANE_CIDADE DE INHAMBANE,35.4669344326235,-23.887608905915176,Mozambique,NMM,NMVOC
0837,0.00830925706197021,MOZAMBIQUE_INHAMBANE_FUNHALOURO_FUNHALOURO,34.40493526211412,-23.279005264339535,Mozambique,NMM,NMVOC
0838,0.003782529437908904,MOZAMBIQUE_INHAMBANE_FUNHALOURO_TOME,34.123107711970896,-22.6492454413369,Mozambique,NMM,NMVOC
0839,0.0026812357611375576,MOZAMBIQUE_INHAMBANE_GOVURO_NOVA MAMBONE,34.91124864499755,-21.24838028736193,Mozambique,NMM,NMVOC
0840,0.005326542796207182,MOZAMBIQUE_INHAMBANE_GOVURO_SAVE,34.50273875747384,-21.372352488268987,Mozambique,NMM,NMVOC
0841,0.026638112658696096,MOZAMBIQUE_INHAMBANE_HOMOÍNE_HOMOÍNE SEDE,35.11348463085394,-23.979574815302524,Mozambique,NMM,NMVOC
0842,0.0027378369221026434,MOZAMBIQUE_INHAMBANE_HOMOÍNE_PEMBE,34.954010052320086,-23.75585650680714,Mozambique,NMM,NMVOC
0843,0.02300440909258062,MOZAMBIQUE_INHAMBANE_INHARRIME_INHARRIME SEDE,35.0629320946627,-24.377713765160113,Mozambique,NMM,NMVOC
0844,0.0043463215557260505,MOZAMBIQUE_INHAMBANE_INHARRIME_MUCUMBI,34.57231599403387,-24.417768147569834,Mozambique,NMM,NMVOC
0845,3.9349319073378395e-5,MOZAMBIQUE_INHAMBANE_INHASSORO_BAZARUTO,35.465173197521,-21.65725826320277,Mozambique,NMM,NMVOC
0846,0.010659854628349215,MOZAMBIQUE_INHAMBANE_INHASSORO_INHASSORO,34.84605588804438,-21.753052479230316,Mozambique,NMM,NMVOC
0847,0.01076664445764009,MOZAMBIQUE_INHAMBANE_JANGAMO_CUMBANA,35.150833362602604,-24.21294386364807,Mozambique,NMM,NMVOC
0848,0.008526085999315555,MOZAMBIQUE_INHAMBANE_JANGAMO_JANGAMO,35.3828405134123,-24.118279758970523,Mozambique,NMM,NMVOC
0849,0.0063364649861946615,MOZAMBIQUE_INHAMBANE_MABOTE_MABOTE,34.1237933010753,-22.071272031528167,Mozambique,NMM,NMVOC
0850,0.0027143585142196873,MOZAMBIQUE_INHAMBANE_MABOTE_ZIMANE,33.53428838953659,-22.259421319452596,Mozambique,NMM,NMVOC
0851,0.0032628858611116686,MOZAMBIQUE_INHAMBANE_MABOTE_ZINAVE,33.78047603814595,-21.630829138429963,Mozambique,NMM,NMVOC
0852,0.00763808149610085,MOZAMBIQUE_INHAMBANE_MASSINGA_CHICOMO,34.91593880649871,-22.694580178891357,Mozambique,NMM,NMVOC
0853,0.040542149561746406,MOZAMBIQUE_INHAMBANE_MASSINGA_MASSINGA,35.28967211538618,-23.208309768202906,Mozambique,NMM,NMVOC
0854,0.014515394067051723,MOZAMBIQUE_INHAMBANE_MORRUMBENE_MOCODUENE,35.03823145580892,-23.43542902200303,Mozambique,NMM,NMVOC
0855,0.007580609178047427,MOZAMBIQUE_INHAMBANE_MORRUMBENE_MORRUMBENE,35.31512127790291,-23.62003628600982,Mozambique,NMM,NMVOC
0856,9.305150227307967e-4,MOZAMBIQUE_INHAMBANE_PANDA_MAWAYELA,34.116370299409866,-24.001901283449012,Mozambique,NMM,NMVOC
0857,0.0038950524030522326,MOZAMBIQUE_INHAMBANE_PANDA_PANDA,34.5701782475298,-24.112499270772535,Mozambique,NMM,NMVOC
0858,0.001427430604406083,MOZAMBIQUE_INHAMBANE_PANDA_URRENE,34.644908571251904,-23.83766104214481,Mozambique,NMM,NMVOC
0859,0.014871338826598485,MOZAMBIQUE_INHAMBANE_VILANKULO_MAPINHANE,35.04533061414311,-22.371051282087183,Mozambique,NMM,NMVOC
0860,0.00970320714243054,MOZAMBIQUE_INHAMBANE_VILANKULO_VILANKULO,35.3062246160536,-22.14744435743396,Mozambique,NMM,NMVOC
0861,0.012631002455893941,MOZAMBIQUE_INHAMBANE_ZAVALA_QUISSICO,34.83275046669489,-24.629624369539606,Mozambique,NMM,NMVOC
0862,0.011446903563489713,MOZAMBIQUE_INHAMBANE_ZAVALA_ZANDAMELA,34.4860299379439,-24.67609745657631,Mozambique,NMM,NMVOC
0863,0.005453340947861618,MOZAMBIQUE_LAKE MALAWI_LAKE MALAWI_LAKE MALAWI,34.66958894981475,-12.465931949774122,Mozambique,NMM,NMVOC
0864,0.04045105185811435,MOZAMBIQUE_MANICA_BÁRUÈ_CATANDICA,33.30152827468673,-18.240536298661056,Mozambique,NMM,NMVOC
0865,0.0033915865207900593,MOZAMBIQUE_MANICA_BÁRUÈ_CHOA,33.04569434614779,-18.064104442461606,Mozambique,NMM,NMVOC
0866,1.1663383596132393e-4,MOZAMBIQUE_MANICA_BÁRUÈ_NHAMPASSA,33.184551019135135,-17.597094490855643,Mozambique,NMM,NMVOC
0867,0.06402712608097566,MOZAMBIQUE_MANICA_CIDADE DE CHIMOIO_CHIMOIO,33.45536740007841,-19.127720352606506,Mozambique,NMM,NMVOC
0868,0.013727747898977231,MOZAMBIQUE_MANICA_GONDOLA_AMATONGAS,33.81580808058416,-19.088843340895576,Mozambique,NMM,NMVOC
0869,0.01705009490923911,MOZAMBIQUE_MANICA_GONDOLA_CAFUMPE,33.73252675700257,-18.96598115326139,Mozambique,NMM,NMVOC
0870,0.004400164500040458,MOZAMBIQUE_MANICA_GONDOLA_GONDOLA,33.66706225815283,-19.067556713895804,Mozambique,NMM,NMVOC
0871,0.011073135838337113,MOZAMBIQUE_MANICA_GONDOLA_INCHOPE,33.855910359091254,-19.34910726017252,Mozambique,NMM,NMVOC
0872,0,MOZAMBIQUE_MANICA_GURO_GURO SEDE,33.28735962339221,-17.287981286704778,Mozambique,NMM,NMVOC
0873,0.0041231854318003304,MOZAMBIQUE_MANICA_GURO_MANDIE,33.67962216440644,-16.54401479200918,Mozambique,NMM,NMVOC
0874,0,MOZAMBIQUE_MANICA_GURO_MUNGARI,33.54831007111624,-17.10496669776008,Mozambique,NMM,NMVOC
0875,0.002142879710535564,MOZAMBIQUE_MANICA_GURO_NHAMASSONGE,33.596453539786765,-16.77407345471343,Mozambique,NMM,NMVOC
0876,0.01716510659327125,MOZAMBIQUE_MANICA_MACATE_MACATE SEDE,33.58000277986244,-19.400692718644812,Mozambique,NMM,NMVOC
0877,0.014636370092525693,MOZAMBIQUE_MANICA_MACATE_ZEMBE,33.35412342370635,-19.22767890720999,Mozambique,NMM,NMVOC
0878,0.02639378327721528,MOZAMBIQUE_MANICA_MACHAZE_CHITOBE,33.306459347363266,-20.88553205985008,Mozambique,NMM,NMVOC
0879,0.01039882777540433,MOZAMBIQUE_MANICA_MACHAZE_SAVE,33.21143246815166,-21.301458761861632,Mozambique,NMM,NMVOC
0880,0.006455928881335564,MOZAMBIQUE_MANICA_MACOSSA_MACOSSA SEDE,33.93258269449586,-17.783133366418287,Mozambique,NMM,NMVOC
0881,0.0029933493766008245,MOZAMBIQUE_MANICA_MACOSSA_NGUAWALA,33.639533569018866,-18.34411311077633,Mozambique,NMM,NMVOC
0882,0.003413672623707281,MOZAMBIQUE_MANICA_MACOSSA_NHAMAGUA,33.51483956167798,-17.75456736936627,Mozambique,NMM,NMVOC
0883,0.013663648265338479,MOZAMBIQUE_MANICA_MANICA_MACHIPANDA,32.85545139808637,-18.879904801552133,Mozambique,NMM,NMVOC
0884,0.010270070260714116,MOZAMBIQUE_MANICA_MANICA_MAVONDE,33.05466930685875,-18.601929350510918,Mozambique,NMM,NMVOC
0885,0.014620193156272731,MOZAMBIQUE_MANICA_MANICA_MESSICA,33.034928611751994,-19.04617280907505,Mozambique,NMM,NMVOC
0886,0.009380833373216754,MOZAMBIQUE_MANICA_MANICA_MUNICIPIO DE MANICA,32.87567656092327,-18.944254944375942,Mozambique,NMM,NMVOC
0887,0,MOZAMBIQUE_MANICA_MOSSURIZE_CHIURAIRUE,32.81274306891318,-20.739522288509274,Mozambique,NMM,NMVOC
0888,0.00102862113362577,MOZAMBIQUE_MANICA_MOSSURIZE_DACATA,33.08962587563526,-20.311252884140636,Mozambique,NMM,NMVOC
0889,0.00470565265079334,MOZAMBIQUE_MANICA_MOSSURIZE_ESPUNGABERA,32.802896674454466,-20.52340497291208,Mozambique,NMM,NMVOC
0890,0.014665474338254627,MOZAMBIQUE_MANICA_SUSSUNDENGA_DOMBE,33.398614696729936,-19.90088894894896,Mozambique,NMM,NMVOC
0891,0.005876971144188984,MOZAMBIQUE_MANICA_SUSSUNDENGA_MUOHA,33.124555743177076,-19.350567086646706,Mozambique,NMM,NMVOC
0892,0.0019321350390955673,MOZAMBIQUE_MANICA_SUSSUNDENGA_ROTANDA,32.98367765963056,-19.498315171914083,Mozambique,NMM,NMVOC
0893,0.017544323219378887,MOZAMBIQUE_MANICA_SUSSUNDENGA_SUSSUNDENGA SEDE,33.39688667188607,-19.55883675489867,Mozambique,NMM,NMVOC
0894,1.2396464446141173e-4,MOZAMBIQUE_MANICA_TAMBARA_BUZUA,34.12771071863433,-17.124856875787454,Mozambique,NMM,NMVOC
0895,0,MOZAMBIQUE_MANICA_TAMBARA_NHACAFULA,33.94471979664244,-16.860581221473716,Mozambique,NMM,NMVOC
0896,0.009803650144582886,MOZAMBIQUE_MANICA_TAMBARA_NHACOLO,34.257266964940285,-16.782606471479635,Mozambique,NMM,NMVOC
0897,0.021167915485913576,MOZAMBIQUE_MANICA_VANDUZI_MATSINHO,33.562813117614425,-18.856539716123457,Mozambique,NMM,NMVOC
0898,0.02164048806375847,MOZAMBIQUE_MANICA_VANDUZI_VANDUZI SEDE,33.26441975503835,-18.840475151767034,Mozambique,NMM,NMVOC
0899,0.011283348462486381,MOZAMBIQUE_MAPUTO_BOANE_BOANE,32.34035370899738,-26.08445441643418,Mozambique,NMM,NMVOC
0900,0.04801469713835066,MOZAMBIQUE_MAPUTO_BOANE_MATOLA RIO,32.385947237971614,-25.894018223674056,Mozambique,NMM,NMVOC
0901,0.05481714553124466,MOZAMBIQUE_MAPUTO_CIDADE DA MATOLA_CIDADE DA MATOLA,32.45895180757802,-25.935412363609455,Mozambique,NMM,NMVOC
0902,0.1221687905113744,MOZAMBIQUE_MAPUTO_CIDADE DA MATOLA_INFULENE,32.535005856471074,-25.794670956061914,Mozambique,NMM,NMVOC
0903,0.06695965112752905,MOZAMBIQUE_MAPUTO_CIDADE DA MATOLA_MACHAVA,32.469180128394825,-25.837376960910778,Mozambique,NMM,NMVOC
0904,0.010724715253905906,MOZAMBIQUE_MAPUTO_MAGUDE_MAGUDE,32.61075121973975,-25.022037525237383,Mozambique,NMM,NMVOC
0905,8.908899417968332e-4,MOZAMBIQUE_MAPUTO_MAGUDE_MAHELE,32.54075600639742,-24.492112517985618,Mozambique,NMM,NMVOC
0906,0,MOZAMBIQUE_MAPUTO_MAGUDE_MAPULANGUENE,32.20329983157022,-24.507823782731254,Mozambique,NMM,NMVOC
0907,5.48999386139252e-4,MOZAMBIQUE_MAPUTO_MAGUDE_MOTAZE,32.709351138737226,-24.71535123184659,Mozambique,NMM,NMVOC
0908,7.721108693448184e-6,MOZAMBIQUE_MAPUTO_MAGUDE_PANJANE,32.389312226449206,-24.870818989222865,Mozambique,NMM,NMVOC
0909,0.01309061168207109,MOZAMBIQUE_MAPUTO_MANHIÇA_3 DE FEVEREIRO,32.82054683811158,-25.208390101324238,Mozambique,NMM,NMVOC
0910,0.0017924512099294734,MOZAMBIQUE_MAPUTO_MANHIÇA_CALANGA,33.00084214854617,-25.35071525423053,Mozambique,NMM,NMVOC
0911,0.0012181014278246558,MOZAMBIQUE_MAPUTO_MANHIÇA_ILHA JOSINA MACHEL,32.946022649902154,-25.170914273804748,Mozambique,NMM,NMVOC
0912,0.007219483702047955,MOZAMBIQUE_MAPUTO_MANHIÇA_MALUANA,32.64334243048221,-25.49818169410212,Mozambique,NMM,NMVOC
0913,0.008437762212716134,MOZAMBIQUE_MAPUTO_MANHIÇA_MUNICÍPIO DE MANHIÇA,32.724753253319165,-25.360399766782734,Mozambique,NMM,NMVOC
0914,0.004172757274979902,MOZAMBIQUE_MAPUTO_MANHIÇA_XINAVANE,32.81889559595267,-25.03141860388646,Mozambique,NMM,NMVOC
0915,5.74272754583592e-4,MOZAMBIQUE_MAPUTO_MARRACUENE_MACHUBO,32.81266574227231,-25.54972386244347,Mozambique,NMM,NMVOC
0916,0.06671351907773097,MOZAMBIQUE_MAPUTO_MARRACUENE_MARRACUENE,32.660662063959514,-25.71381174508608,Mozambique,NMM,NMVOC
0917,0.0012585002890277822,MOZAMBIQUE_MAPUTO_MATUTUINE_BELA VISTA,32.645581759560066,-26.45851112867402,Mozambique,NMM,NMVOC
0918,7.695070145222659e-4,MOZAMBIQUE_MAPUTO_MATUTUINE_CATEMBE M'SIME,32.53741836502509,-26.163141580325597,Mozambique,NMM,NMVOC
0919,4.969262988383272e-4,MOZAMBIQUE_MAPUTO_MATUTUINE_CATUANE,32.28250028994303,-26.662117878264368,Mozambique,NMM,NMVOC
0920,1.069211932357974e-5,MOZAMBIQUE_MAPUTO_MATUTUINE_MACHANGULO,32.91305429949867,-26.21651617955071,Mozambique,NMM,NMVOC
0921,0.0011397099060353906,MOZAMBIQUE_MAPUTO_MATUTUINE_ZITUNDO,32.66218188529151,-26.782492068760977,Mozambique,NMM,NMVOC
0922,0.002887531494783729,MOZAMBIQUE_MAPUTO_MOAMBA_MOAMBA,32.3326091155693,-25.499060096245582,Mozambique,NMM,NMVOC
0923,0.0023172980619751943,MOZAMBIQUE_MAPUTO_MOAMBA_PESSENE,32.39574490260445,-25.695218912241263,Mozambique,NMM,NMVOC
0924,5.875080922755787e-4,MOZAMBIQUE_MAPUTO_MOAMBA_RESSANO GARCIA,32.06292546188341,-25.524791985906663,Mozambique,NMM,NMVOC
0925,0.0014892229681130068,MOZAMBIQUE_MAPUTO_MOAMBA_SABIE,32.18675953290936,-25.158239910785245,Mozambique,NMM,NMVOC
0926,0.0016268061452738142,MOZAMBIQUE_MAPUTO_NAMAACHA_CHANGALANE,32.221223944789266,-26.330019105258224,Mozambique,NMM,NMVOC
0927,0.011245257351166918,MOZAMBIQUE_MAPUTO_NAMAACHA_NAMAACHA,32.12662388876005,-25.9088344940042,Mozambique,NMM,NMVOC
0928,0.030190087500451296,MOZAMBIQUE_NAMPULA_ANGOCHE_AUBE,39.75852334490812,-16.336839936374812,Mozambique,NMM,NMVOC
0929,0.0249840550858824,MOZAMBIQUE_NAMPULA_ANGOCHE_BOILA NAMETORIA,39.70290960696779,-16.100643339566087,Mozambique,NMM,NMVOC
0930,0.005287504328806193,MOZAMBIQUE_NAMPULA_ANGOCHE_CIDADE DE ANGOCHE,39.98119984744425,-16.102624069451156,Mozambique,NMM,NMVOC
0931,0.01229699360059295,MOZAMBIQUE_NAMPULA_ANGOCHE_NAMAPONDA,39.89454505581379,-15.89709080920383,Mozambique,NMM,NMVOC
0932,0.0473957238143646,MOZAMBIQUE_NAMPULA_CIDADE DE NAMPULA_ANCHILO,39.346700309798294,-15.22913786136925,Mozambique,NMM,NMVOC
0933,0.06415255041295641,MOZAMBIQUE_NAMPULA_CIDADE DE NAMPULA_MUATALA,39.22135093911949,-15.1593659383683,Mozambique,NMM,NMVOC
0934,0.047558284684293566,MOZAMBIQUE_NAMPULA_CIDADE DE NAMPULA_MUHALA,39.306298419558225,-15.143595959458594,Mozambique,NMM,NMVOC
0935,0.014101812758590787,MOZAMBIQUE_NAMPULA_CIDADE DE NAMPULA_NAMICOPO,39.34525426178243,-15.074628282390453,Mozambique,NMM,NMVOC
0936,0.009480351965318264,MOZAMBIQUE_NAMPULA_CIDADE DE NAMPULA_NAPIPINE,39.25129320752563,-15.062109621505412,Mozambique,NMM,NMVOC
0937,0.020318636279851775,MOZAMBIQUE_NAMPULA_CIDADE DE NAMPULA_NATIKIRE,39.191184088730786,-15.102448366937157,Mozambique,NMM,NMVOC
0938,0.004422588879065451,MOZAMBIQUE_NAMPULA_CIDADE DE NAMPULA_URBANO CENTRAL,39.26026156001214,-15.125287189299852,Mozambique,NMM,NMVOC
0939,0.027576724307333017,MOZAMBIQUE_NAMPULA_ERÁTI_ALUA,39.89489894828684,-14.015072975322239,Mozambique,NMM,NMVOC
0940,0.03846306840787117,MOZAMBIQUE_NAMPULA_ERÁTI_NAMAPA SEDE,39.89264212180842,-13.722799866022642,Mozambique,NMM,NMVOC
0941,0.009058507779721819,MOZAMBIQUE_NAMPULA_ERÁTI_NAMIROA,39.437336879824,-14.089576975293262,Mozambique,NMM,NMVOC
0942,0.0034770840980574854,MOZAMBIQUE_NAMPULA_ILHA DE MOÇAMBIQUE_ILHA DE MOÇAMBIQUE,40.67676981409689,-15.059117781685298,Mozambique,NMM,NMVOC
0943,0.004116594003736084,MOZAMBIQUE_NAMPULA_ILHA DE MOÇAMBIQUE_LUMBO,40.593069155304626,-15.048959749366846,Mozambique,NMM,NMVOC
0944,0.015859023045294462,MOZAMBIQUE_NAMPULA_LALAUA_LALAUA,38.27740706902064,-14.383261448419889,Mozambique,NMM,NMVOC
0945,0.0025024062188972805,MOZAMBIQUE_NAMPULA_LALAUA_METI,37.86423737401499,-14.530463178154468,Mozambique,NMM,NMVOC
0946,0.012736823665747982,MOZAMBIQUE_NAMPULA_LARDE_LARDE,39.589862180815906,-16.482975798802265,Mozambique,NMM,NMVOC
0947,0.00559743433336112,MOZAMBIQUE_NAMPULA_LARDE_MUCUALI,39.41790695893417,-16.287090861188318,Mozambique,NMM,NMVOC
0948,0.01147278423943951,MOZAMBIQUE_NAMPULA_LIÚPO_LIÚPO,39.94138165076237,-15.619173498171499,Mozambique,NMM,NMVOC
0949,0.01418756517017372,MOZAMBIQUE_NAMPULA_LIÚPO_QUINGA,40.157694999874806,-15.780114581820921,Mozambique,NMM,NMVOC
0950,0.0034739195408542718,MOZAMBIQUE_NAMPULA_MALEMA_CHILULO,37.49996661674137,-14.582880564434472,Mozambique,NMM,NMVOC
0951,0.033588133261156033,MOZAMBIQUE_NAMPULA_MALEMA_MALEMA/CANHUNHA,37.573319940795386,-14.919357085909676,Mozambique,NMM,NMVOC
0952,0.017195461697414496,MOZAMBIQUE_NAMPULA_MALEMA_MUTUALI,37.081432441192284,-14.83921892153854,Mozambique,NMM,NMVOC
0953,0.004383401314481752,MOZAMBIQUE_NAMPULA_MECONTA_7 DE ABRIL,39.7199341583495,-15.117491589999613,Mozambique,NMM,NMVOC
0954,0.0183540694836424,MOZAMBIQUE_NAMPULA_MECONTA_CORRANE,39.54876435760044,-15.421969554300855,Mozambique,NMM,NMVOC
0955,0.004335801443763839,MOZAMBIQUE_NAMPULA_MECONTA_MECONTA,39.82355388116307,-15.033425935687111,Mozambique,NMM,NMVOC
0956,0.017168212650649498,MOZAMBIQUE_NAMPULA_MECONTA_NAMIALO,39.94047851888918,-14.94333164575556,Mozambique,NMM,NMVOC
0957,0.024478016447057643,MOZAMBIQUE_NAMPULA_MECUBÚRI_MECUBÚRI,38.91630435171187,-14.607000995672898,Mozambique,NMM,NMVOC
0958,0.0033461757614388727,MOZAMBIQUE_NAMPULA_MECUBÚRI_MILHANA,39.127654237397486,-14.281829730798503,Mozambique,NMM,NMVOC
0959,0.012053394872454886,MOZAMBIQUE_NAMPULA_MECUBÚRI_MUITE,38.88511350311829,-14.17769262196541,Mozambique,NMM,NMVOC
0960,0.007384879078988531,MOZAMBIQUE_NAMPULA_MECUBÚRI_NANIMA,38.617221520409196,-14.762009037141098,Mozambique,NMM,NMVOC
0961,0.00882539820627217,MOZAMBIQUE_NAMPULA_MEMBA_CHIPENE,40.29531026163154,-13.784944312169863,Mozambique,NMM,NMVOC
0962,0.005299632525842844,MOZAMBIQUE_NAMPULA_MEMBA_LURIO,40.42969149388564,-13.60745895695087,Mozambique,NMM,NMVOC
0963,0.018698677785672455,MOZAMBIQUE_NAMPULA_MEMBA_MAZUA,40.34452950636614,-13.975095364086036,Mozambique,NMM,NMVOC
0964,0.026635116194249922,MOZAMBIQUE_NAMPULA_MEMBA_MEMBA,40.48276911284229,-14.242242078752795,Mozambique,NMM,NMVOC
0965,0.002798885285452726,MOZAMBIQUE_NAMPULA_MOGINCUAL_NAMINGE,40.30844201844057,-15.56760468837137,Mozambique,NMM,NMVOC
0966,0.007635309730077979,MOZAMBIQUE_NAMPULA_MOGINCUAL_QUIXAXE,40.05536393377276,-15.321131966629133,Mozambique,NMM,NMVOC
0967,0.007690865320722449,MOZAMBIQUE_NAMPULA_MOGOVOLAS_CALIPO,39.058913588331414,-15.530947657322523,Mozambique,NMM,NMVOC
0968,0.03103864566959317,MOZAMBIQUE_NAMPULA_MOGOVOLAS_ILUTE,39.04192013771539,-15.797541445237854,Mozambique,NMM,NMVOC
0969,0.012417207416216944,MOZAMBIQUE_NAMPULA_MOGOVOLAS_MUATUA,39.66247406833886,-15.748169028736038,Mozambique,NMM,NMVOC
0970,0.03696549008590495,MOZAMBIQUE_NAMPULA_MOGOVOLAS_NAMETIL SEDE,39.38310472440292,-15.732437675168812,Mozambique,NMM,NMVOC
0971,0.014325548250759481,MOZAMBIQUE_NAMPULA_MOGOVOLAS_NANHUPO RIO,39.48451889216197,-15.93529808811821,Mozambique,NMM,NMVOC
0972,0.023636137457488382,MOZAMBIQUE_NAMPULA_MOMA_CHALAUA,39.136312137632906,-16.068904552909896,Mozambique,NMM,NMVOC
0973,0.04385805453051155,MOZAMBIQUE_NAMPULA_MOMA_MACONE SEDE,39.18460905278941,-16.514079368820905,Mozambique,NMM,NMVOC
0974,0.010424596580464199,MOZAMBIQUE_NAMPULA_MONAPO_ITUCULO,40.24618932007347,-14.64048511059819,Mozambique,NMM,NMVOC
0975,0.043771963329265265,MOZAMBIQUE_NAMPULA_MONAPO_MONAPO SEDE,40.137517062624255,-15.018378371016844,Mozambique,NMM,NMVOC
0976,0.04291251330277992,MOZAMBIQUE_NAMPULA_MONAPO_NETIA,39.995063284132854,-14.706425832874704,Mozambique,NMM,NMVOC
0977,0.004959854793800666,MOZAMBIQUE_NAMPULA_MOSSURIL_LUNGA,40.43246793584781,-15.262329440298691,Mozambique,NMM,NMVOC
0978,0.007296898703104393,MOZAMBIQUE_NAMPULA_MOSSURIL_MATIBANE,40.72180005361815,-14.737223520198267,Mozambique,NMM,NMVOC
0979,0.010729110332695382,MOZAMBIQUE_NAMPULA_MOSSURIL_MOSSURIL SEDE,40.51219848506181,-14.903379159287029,Mozambique,NMM,NMVOC
0980,0.01132248427599693,MOZAMBIQUE_NAMPULA_MUECATE_IMALA,39.45961702371391,-14.506131562026775,Mozambique,NMM,NMVOC
0981,0.004750413252635491,MOZAMBIQUE_NAMPULA_MUECATE_MUCOLUANE,39.346844589295436,-14.772718872651845,Mozambique,NMM,NMVOC
0982,0.02492321037900044,MOZAMBIQUE_NAMPULA_MUECATE_MUECATE,39.674472160839436,-14.750405729993048,Mozambique,NMM,NMVOC
0983,0.006226350422845363,MOZAMBIQUE_NAMPULA_MURRUPULA_CHINGA,38.63575073821358,-15.171362107258943,Mozambique,NMM,NMVOC
0984,0.038336408440648936,MOZAMBIQUE_NAMPULA_MURRUPULA_MURRUPULA,38.65453769328181,-15.40126150281662,Mozambique,NMM,NMVOC
0985,0.005871793655635633,MOZAMBIQUE_NAMPULA_MURRUPULA_NIHESSIUE,38.705843526253894,-15.632443438924252,Mozambique,NMM,NMVOC
0986,0.0065798616149171565,MOZAMBIQUE_NAMPULA_NACALA-A-VELHA_COVO,40.369538959835154,-14.497710962103438,Mozambique,NMM,NMVOC
0987,0.026470226348460694,MOZAMBIQUE_NAMPULA_NACALA-A-VELHA_NACALA-A-VELHA,40.519787648403145,-14.585074942847683,Mozambique,NMM,NMVOC
0988,0.016085785219518464,MOZAMBIQUE_NAMPULA_NACALA-PORTO_MUANONA,40.65231715877891,-14.62078918917591,Mozambique,NMM,NMVOC
0989,0.01978510802207304,MOZAMBIQUE_NAMPULA_NACALA-PORTO_MUTIVA,40.74125943838887,-14.510895004706317,Mozambique,NMM,NMVOC
0990,0.004988865695751006,MOZAMBIQUE_NAMPULA_NACARÔA_INTETE,40.18830219819722,-14.339300888601866,Mozambique,NMM,NMVOC
0991,0.019287115282576796,MOZAMBIQUE_NAMPULA_NACARÔA_NACARÔA,39.93302344885562,-14.403489324317396,Mozambique,NMM,NMVOC
0992,0.003139585356591974,MOZAMBIQUE_NAMPULA_NACARÔA_SAUA-SAUA,39.70222666069944,-14.278122143645904,Mozambique,NMM,NMVOC
0993,0.007198379155426696,MOZAMBIQUE_NAMPULA_RAPALE_MUTIVAZE,38.86687949184624,-15.018807059185013,Mozambique,NMM,NMVOC
0994,0.024322109795496625,MOZAMBIQUE_NAMPULA_RAPALE_NAMAITA,38.99863263319021,-15.219861952374297,Mozambique,NMM,NMVOC
0995,0.021667158864714032,MOZAMBIQUE_NAMPULA_RAPALE_RAPALE,39.16149044871234,-14.974807379007945,Mozambique,NMM,NMVOC
0996,0.011190422962057927,MOZAMBIQUE_NAMPULA_RIBÁUÈ_CUNLE,38.27686663788419,-15.228219850470028,Mozambique,NMM,NMVOC
0997,0.029298819433004403,MOZAMBIQUE_NAMPULA_RIBÁUÈ_IAPALA,37.96696312231578,-14.993085543848041,Mozambique,NMM,NMVOC
0998,0.031056760776262935,MOZAMBIQUE_NAMPULA_RIBÁUÈ_RIBÁUÈ,38.41380839889487,-14.881044564938612,Mozambique,NMM,NMVOC
0999,0.03316849546642759,MOZAMBIQUE_NIASSA_CHIMBONILA_CHIMBONILA,35.408928981746264,-13.368174436939729,Mozambique,NMM,NMVOC
1000,0.011291175740920612,MOZAMBIQUE_NIASSA_CHIMBONILA_LIONE,35.129139572126896,-13.602588135727931,Mozambique,NMM,NMVOC
1001,0.0013731886497866292,MOZAMBIQUE_NIASSA_CHIMBONILA_MEPONDA,34.91488092078617,-13.29985997149095,Mozambique,NMM,NMVOC
1002,0.04621598573751627,MOZAMBIQUE_NIASSA_CIDADE DE LICHINGA_CIDADE DE LICHINGA,35.24558878755181,-13.298038006470582,Mozambique,NMM,NMVOC
1003,0.03961011844774867,MOZAMBIQUE_NIASSA_CUAMBA_CIDADE DE CUAMBA,36.43225300678852,-14.65151757200614,Mozambique,NMM,NMVOC
1004,0.014701536287771155,MOZAMBIQUE_NIASSA_CUAMBA_ETATARA,36.50604736569097,-15.067722646032196,Mozambique,NMM,NMVOC
1005,5.733004613767374e-4,MOZAMBIQUE_NIASSA_CUAMBA_LÚRIO,36.74388384413436,-14.643139941997887,Mozambique,NMM,NMVOC
1006,0,MOZAMBIQUE_NIASSA_CUAMBA_MEPICA,36.27342275841742,-14.590957907953893,Mozambique,NMM,NMVOC
1007,0.004100035812509138,MOZAMBIQUE_NIASSA_LAGO_CÓBUE,35.0221799648129,-11.988797384472345,Mozambique,NMM,NMVOC
1008,0.0011655805168754455,MOZAMBIQUE_NIASSA_LAGO_LUNHO,34.93957981389291,-12.442879629662482,Mozambique,NMM,NMVOC
1009,0.007136190201898626,MOZAMBIQUE_NIASSA_LAGO_MANIAMBA,35.03282976741832,-12.708593517824148,Mozambique,NMM,NMVOC
1010,0.001919285633713291,MOZAMBIQUE_NIASSA_LAGO_MELULUCA,34.858334813639914,-12.908685961985746,Mozambique,NMM,NMVOC
1011,0.014462502762309096,MOZAMBIQUE_NIASSA_LAGO_METANGULA,34.86215758962762,-12.665576315058521,Mozambique,NMM,NMVOC
1012,0.007246121159593076,MOZAMBIQUE_NIASSA_MAJUNE_MALANGA,36.33165472317088,-13.08401614787644,Mozambique,NMM,NMVOC
1013,5.684540243886115e-4,MOZAMBIQUE_NIASSA_MAJUNE_MUAQUIA,36.67128728604254,-13.41002543814736,Mozambique,NMM,NMVOC
1014,0.001996450652598489,MOZAMBIQUE_NIASSA_MAJUNE_NAIRRUBI,36.15642160714719,-13.643230834070724,Mozambique,NMM,NMVOC
1015,0.03967729999555247,MOZAMBIQUE_NIASSA_MANDIMBA_LISSIETE,35.73028508291114,-14.332441674005302,Mozambique,NMM,NMVOC
1016,0.011934360169984884,MOZAMBIQUE_NIASSA_MANDIMBA_MITANDE,35.98013612645266,-14.147764062736895,Mozambique,NMM,NMVOC
1017,0.00147150362388221,MOZAMBIQUE_NIASSA_MARRUPA_MARRANGIRA,37.72889340449302,-12.68953895503554,Mozambique,NMM,NMVOC
1018,0.015135765487000673,MOZAMBIQUE_NIASSA_MARRUPA_MARRUPA SEDE,37.19633769132261,-13.146463272129202,Mozambique,NMM,NMVOC
1019,0.0018900875642398152,MOZAMBIQUE_NIASSA_MARRUPA_NUNGO,37.81925447353719,-13.478328866752053,Mozambique,NMM,NMVOC
1020,0.0022980303837654304,MOZAMBIQUE_NIASSA_MAÚA_MAIACA,37.3005706489584,-14.114170204450419,Mozambique,NMM,NMVOC
1021,0.013164857625721482,MOZAMBIQUE_NIASSA_MAÚA_MAÚA,36.95858875508161,-13.837399370259327,Mozambique,NMM,NMVOC
1022,0.006612398021700824,MOZAMBIQUE_NIASSA_MAVAGO_MAVAGO SEDE,36.182550803240666,-12.258018044524356,Mozambique,NMM,NMVOC
1023,7.89707908650492e-4,MOZAMBIQUE_NIASSA_MAVAGO_MSAWIZE,36.597826594641965,-12.217689955331863,Mozambique,NMM,NMVOC
1024,0.006523959810136864,MOZAMBIQUE_NIASSA_MECANHELAS_CHIUTA,36.08847717751292,-14.74364623777168,Mozambique,NMM,NMVOC
1025,0.05214229032768301,MOZAMBIQUE_NIASSA_MECANHELAS_INSACA,36.06761006964796,-15.20035211382043,Mozambique,NMM,NMVOC
1026,9.078440911978151e-4,MOZAMBIQUE_NIASSA_MECULA_MATONDOVELA,37.1193193013008,-12.085419283276117,Mozambique,NMM,NMVOC
1027,0.003756098000650353,MOZAMBIQUE_NIASSA_MECULA_MECULA SEDE,37.94951162557012,-11.849337861322065,Mozambique,NMM,NMVOC
1028,0.0029157138463964806,MOZAMBIQUE_NIASSA_METARICA_NACUMUA,37.16022891434504,-14.413133439925444,Mozambique,NMM,NMVOC
1029,0.007221875503436281,MOZAMBIQUE_NIASSA_METARICA_NAMICUNDI,36.60578243101672,-14.246532016438536,Mozambique,NMM,NMVOC
1030,0.007240894721995415,MOZAMBIQUE_NIASSA_MUEMBE_CHICONONO,35.825200631872406,-12.703703422754193,Mozambique,NMM,NMVOC
1031,0.005160290216390816,MOZAMBIQUE_NIASSA_MUEMBE_MUEMBE,35.78045415030022,-13.116180648877394,Mozambique,NMM,NMVOC
1032,0.0028500143739921763,MOZAMBIQUE_NIASSA_NGAUMA_ITEPELA,35.72513460549021,-13.747122663104934,Mozambique,NMM,NMVOC
1033,0.024273155857173687,MOZAMBIQUE_NIASSA_NGAUMA_MASSANGULO,35.43617637765224,-13.89029757440695,Mozambique,NMM,NMVOC
1034,6.896143834173341e-5,MOZAMBIQUE_NIASSA_NIPEPE_MULUCO,38.03235704715008,-13.729080948075778,Mozambique,NMM,NMVOC
1035,0.010927022071687565,MOZAMBIQUE_NIASSA_NIPEPE_NIPEPE SEDE,37.868200779972554,-14.05769630156578,Mozambique,NMM,NMVOC
1036,0.010049639403274193,MOZAMBIQUE_NIASSA_SANGA_LUSSIMBESSE,35.17879893805198,-13.045539587648593,Mozambique,NMM,NMVOC
1037,0.0044689147154251445,MOZAMBIQUE_NIASSA_SANGA_MACALOGE,35.50896840865773,-12.2274899473508,Mozambique,NMM,NMVOC
1038,0.001095442425171919,MOZAMBIQUE_NIASSA_SANGA_MATCHEDJE,35.75189053128633,-11.753298058450781,Mozambique,NMM,NMVOC
1039,0.004007877363254858,MOZAMBIQUE_NIASSA_SANGA_UNANGO,35.34018877756437,-12.783844219315524,Mozambique,NMM,NMVOC
1040,0.02850842279716244,MOZAMBIQUE_SOFALA_BÚZI_BÚZI SEDE,34.36044794827508,-19.819912163773225,Mozambique,NMM,NMVOC
1041,0.010638168983146373,MOZAMBIQUE_SOFALA_BÚZI_ESTAQUINHA,34.16777219776005,-20.149116281359227,Mozambique,NMM,NMVOC
1042,0.003768121616255876,MOZAMBIQUE_SOFALA_BÚZI_NOVA SOFALA,34.51923951284964,-20.29614767325403,Mozambique,NMM,NMVOC
1043,0.013425670483542481,MOZAMBIQUE_SOFALA_CAIA_CAIA SEDE,35.01870022079462,-17.9131888576579,Mozambique,NMM,NMVOC
1044,0,MOZAMBIQUE_SOFALA_CAIA_MURRACA,35.043543737221526,-17.704599519075483,Mozambique,NMM,NMVOC
1045,0.01738020700894168,MOZAMBIQUE_SOFALA_CAIA_SENA,34.958614543889205,-17.545518104260157,Mozambique,NMM,NMVOC
1046,0.007867712461188605,MOZAMBIQUE_SOFALA_CHEMBA_CHEMBA,34.796784909165844,-17.161346900583574,Mozambique,NMM,NMVOC
1047,0.001809498404986331,MOZAMBIQUE_SOFALA_CHEMBA_CHIRAMBA,34.46911953038281,-17.053102795299342,Mozambique,NMM,NMVOC
1048,0,MOZAMBIQUE_SOFALA_CHEMBA_MULIMA,34.63667292129747,-17.357412370668445,Mozambique,NMM,NMVOC
1049,0.009537479494516863,MOZAMBIQUE_SOFALA_CHERINGOMA_INHAMINGA,35.225847778954645,-18.633629386192386,Mozambique,NMM,NMVOC
1050,0.004291602522138388,MOZAMBIQUE_SOFALA_CHERINGOMA_INHAMITANGA,35.21803732270835,-18.19602497310624,Mozambique,NMM,NMVOC
1051,0.0034419482682718563,MOZAMBIQUE_SOFALA_CHIBABAVA_CHIBABAVA,33.625822885571004,-20.32409844006914,Mozambique,NMM,NMVOC
1052,0.010146499153710851,MOZAMBIQUE_SOFALA_CHIBABAVA_GOONDA SEDE,33.78093779690099,-20.00140681012032,Mozambique,NMM,NMVOC
1053,0.023275893588466632,MOZAMBIQUE_SOFALA_CHIBABAVA_MUXUNGUE,34.00746860191191,-20.588553113130725,Mozambique,NMM,NMVOC
1054,0.011529373597160915,MOZAMBIQUE_SOFALA_CIDADE DA BEIRA_CHIVEVE,34.85910823293791,-19.837591338553143,Mozambique,NMM,NMVOC
1055,0.005789176078597322,MOZAMBIQUE_SOFALA_CIDADE DA BEIRA_MANGA LAFORTE,34.91731660730856,-19.78865079306362,Mozambique,NMM,NMVOC
1056,0.017554646094835293,MOZAMBIQUE_SOFALA_CIDADE DA BEIRA_MUNHAVA,34.87242987491962,-19.81345968978157,Mozambique,NMM,NMVOC
1057,0.006761858541707322,MOZAMBIQUE_SOFALA_CIDADE DA BEIRA_NHANGAU,34.98285843795014,-19.693063426738647,Mozambique,NMM,NMVOC
1058,0.026340176262727874,MOZAMBIQUE_SOFALA_DONDO_CIDADE DE DONDO,34.813763994435696,-19.59912984557761,Mozambique,NMM,NMVOC
1059,0.013341805981898998,MOZAMBIQUE_SOFALA_DONDO_MAFAMBISSE,34.6172248295846,-19.41411670725845,Mozambique,NMM,NMVOC
1060,1.4905789843224328e-4,MOZAMBIQUE_SOFALA_DONDO_SAVANE,34.99777842679284,-19.497504876595226,Mozambique,NMM,NMVOC
1061,0.023589188880072973,MOZAMBIQUE_SOFALA_GORONGOSA_CANDA,33.9411113462195,-18.5269605629544,Mozambique,NMM,NMVOC
1062,0.01090174372700236,MOZAMBIQUE_SOFALA_GORONGOSA_GORONGOSA,34.32971484173921,-18.78446107770377,Mozambique,NMM,NMVOC
1063,0.00671971040818391,MOZAMBIQUE_SOFALA_GORONGOSA_VUNDUZI,34.343011287797125,-18.424602841983976,Mozambique,NMM,NMVOC
1064,8.41364083949378e-6,MOZAMBIQUE_SOFALA_MACHANGA_CHILOANE,34.92828212630066,-20.64925660347249,Mozambique,NMM,NMVOC
1065,0.0017897121151981708,MOZAMBIQUE_SOFALA_MACHANGA_DIVINHE,34.674247443709874,-20.722876694861167,Mozambique,NMM,NMVOC
1066,0.007395305635434734,MOZAMBIQUE_SOFALA_MACHANGA_MACHANGA,34.442424245334195,-21.012616087372496,Mozambique,NMM,NMVOC
1067,0.0064949392438911485,MOZAMBIQUE_SOFALA_MARÍNGUÈ_CANXIXE,34.37321686017075,-17.493505870047716,Mozambique,NMM,NMVOC
1068,0.013389735217610025,MOZAMBIQUE_SOFALA_MARÍNGUÈ_MARÍNGUÈ SEDE,34.485093419015286,-17.81780849718521,Mozambique,NMM,NMVOC
1069,0.004602690314466865,MOZAMBIQUE_SOFALA_MARÍNGUÈ_SUBUE,34.568189920354946,-18.170574357241573,Mozambique,NMM,NMVOC
1070,0.022695998489087075,MOZAMBIQUE_SOFALA_MARROMEU_CHUPANGA,35.53979136875223,-18.153606344651298,Mozambique,NMM,NMVOC
1071,0.017097185694528855,MOZAMBIQUE_SOFALA_MARROMEU_MARROMEU,35.850161288958624,-18.569407020896904,Mozambique,NMM,NMVOC
1072,0.0034499413618293575,MOZAMBIQUE_SOFALA_MUANZA_GALINHA,35.16349786444109,-19.124539501625424,Mozambique,NMM,NMVOC
1073,0.0019599505327168153,MOZAMBIQUE_SOFALA_MUANZA_MUANZA,34.678605858109435,-18.938987307842137,Mozambique,NMM,NMVOC
1074,0.06091146083081743,MOZAMBIQUE_SOFALA_NHAMATANDA_NHAMATANDA,34.133897175511564,-19.33606727775627,Mozambique,NMM,NMVOC
1075,0.01987730460799175,MOZAMBIQUE_SOFALA_NHAMATANDA_TICA,34.40940265650747,-19.335470302125614,Mozambique,NMM,NMVOC
1076,0.05868338631974465,MOZAMBIQUE_TETE_ANGÓNIA_DOMUE,34.06227681421749,-14.699140503078468,Mozambique,NMM,NMVOC
1077,0.038122448734269294,MOZAMBIQUE_TETE_ANGÓNIA_ULONGUE,34.349106886594804,-14.631151521449059,Mozambique,NMM,NMVOC
1078,0.0029245425964930733,MOZAMBIQUE_TETE_CAHORA BASSA_CHINTHOLO,32.430533039546916,-16.216233615153374,Mozambique,NMM,NMVOC
1079,0.019306709956973967,MOZAMBIQUE_TETE_CAHORA BASSA_CHITIMA,32.56262609101031,-15.785800626605736,Mozambique,NMM,NMVOC
1080,0.00858887369756339,MOZAMBIQUE_TETE_CAHORA BASSA_SONGO,32.85012635482207,-15.642404356099279,Mozambique,NMM,NMVOC
1081,0.015727986524041306,MOZAMBIQUE_TETE_CHANGARA_CHIOCO,33.14018587060284,-16.42341231628667,Mozambique,NMM,NMVOC
1082,0.008107829980822582,MOZAMBIQUE_TETE_CHANGARA_LUENHA,33.11909292885668,-16.867569202571328,Mozambique,NMM,NMVOC
1083,0.007220592213764629,MOZAMBIQUE_TETE_CHIFUNDE_CHIFUNDE,32.92346063358836,-14.975687318128626,Mozambique,NMM,NMVOC
1084,0.021476842270849256,MOZAMBIQUE_TETE_CHIFUNDE_MUALADZI,32.96393250347011,-14.33950073375169,Mozambique,NMM,NMVOC
1085,0.0010884803206676521,MOZAMBIQUE_TETE_CHIFUNDE_NSADZO,32.51914214687114,-14.524178249655883,Mozambique,NMM,NMVOC
1086,0.0038509375592004624,MOZAMBIQUE_TETE_CHIÚTA_KAZULA,33.72636156193938,-15.477753515522302,Mozambique,NMM,NMVOC
1087,0.02184780300197042,MOZAMBIQUE_TETE_CHIÚTA_MANJE,33.25470436942447,-15.466819453220635,Mozambique,NMM,NMVOC
1088,0.043910335185744526,MOZAMBIQUE_TETE_CIDADE DE TETE_CIDADE DE TETE,33.5668919310786,-16.139469255826608,Mozambique,NMM,NMVOC
1089,0.04347427429858211,MOZAMBIQUE_TETE_DÔA_DÔA,34.51760621797523,-16.598152740102016,Mozambique,NMM,NMVOC
1090,0.01612879349086537,MOZAMBIQUE_TETE_MACANGA_CHIDZOLOMONDO,33.35197753831337,-14.918724310435108,Mozambique,NMM,NMVOC
1091,0.04498392792386126,MOZAMBIQUE_TETE_MACANGA_FURANCUNGO,33.59727820804702,-14.761837402785105,Mozambique,NMM,NMVOC
1092,0,MOZAMBIQUE_TETE_MÁGOÈ_CHINTHOPO,30.78042037609181,-15.830563886420572,Mozambique,NMM,NMVOC
1093,0.00413237093605185,MOZAMBIQUE_TETE_MÁGOÈ_MPHENDE,31.891504022092988,-15.845371567366845,Mozambique,NMM,NMVOC
1094,0.015335490214686286,MOZAMBIQUE_TETE_MÁGOÈ_MUCUMBURA,31.574958142664922,-15.994013693857134,Mozambique,NMM,NMVOC
1095,0.018513316160628564,MOZAMBIQUE_TETE_MARARA_MARARA,33.1767871500584,-16.057806017371547,Mozambique,NMM,NMVOC
1096,0.00529884656962398,MOZAMBIQUE_TETE_MARÁVIA_CHIPERA,32.4829526094224,-15.434262338278346,Mozambique,NMM,NMVOC
1097,0.0024772278182211695,MOZAMBIQUE_TETE_MARÁVIA_CHIPUTO,32.35344851188519,-15.03500771920889,Mozambique,NMM,NMVOC
1098,0.007450790585715973,MOZAMBIQUE_TETE_MARÁVIA_FINGOE,31.820992594832912,-15.343028415557255,Mozambique,NMM,NMVOC
1099,0.018415385948947996,MOZAMBIQUE_TETE_MARÁVIA_MALOWERA,31.85357215677831,-14.713623464787132,Mozambique,NMM,NMVOC
1100,0.011068810757050834,MOZAMBIQUE_TETE_MOATIZE_KAMBULATSITSI,34.20055460887969,-16.077264075157483,Mozambique,NMM,NMVOC
1101,0.04091345762172469,MOZAMBIQUE_TETE_MOATIZE_MOATIZE,33.83033269026306,-16.159543586050585,Mozambique,NMM,NMVOC
1102,0.03209954019566562,MOZAMBIQUE_TETE_MOATIZE_ZOBUE,34.11068253295919,-15.64316936974153,Mozambique,NMM,NMVOC
1103,0.0020238902976884815,MOZAMBIQUE_TETE_MUTARARA_CHARRE,35.188552287821736,-17.238598593622232,Mozambique,NMM,NMVOC
1104,0.02599958071714551,MOZAMBIQUE_TETE_MUTARARA_INHANGOMA,35.23245595498249,-17.507231579651293,Mozambique,NMM,NMVOC
1105,0.007212765428747896,MOZAMBIQUE_TETE_MUTARARA_NHAMAYABUE,35.003122661755604,-17.054371243733755,Mozambique,NMM,NMVOC
1106,0.05369606575889464,MOZAMBIQUE_TETE_TSANGANO_NTENGO-WAMBALAME,34.41780906847001,-14.917178859746276,Mozambique,NMM,NMVOC
1107,0.020666971621390806,MOZAMBIQUE_TETE_TSANGANO_TSANGANO,34.29919561554582,-15.250900940934416,Mozambique,NMM,NMVOC
1108,0,MOZAMBIQUE_TETE_ZUMBO_MUZE,31.19697252624993,-15.017374487026439,Mozambique,NMM,NMVOC
1109,0.006074432048408827,MOZAMBIQUE_TETE_ZUMBO_ZAMBUE,30.627783948317607,-15.080209177689394,Mozambique,NMM,NMVOC
1110,0,MOZAMBIQUE_TETE_ZUMBO_ZUMBO,30.98718853424653,-15.492944910698794,Mozambique,NMM,NMVOC
1111,0.036644091859480137,MOZAMBIQUE_ZAMBÉZIA_ALTO MOLÓCUÈ_ALTO MOLÓCUÈ SEDE,37.75169980366362,-15.82968886527511,Mozambique,NMM,NMVOC
1112,0.0651473345432511,MOZAMBIQUE_ZAMBÉZIA_ALTO MOLÓCUÈ_NAUELA,37.535152030135166,-15.39189561707578,Mozambique,NMM,NMVOC
1113,0.003405015733560884,MOZAMBIQUE_ZAMBÉZIA_CHINDE_CHINDE SEDE,36.270548844123184,-18.688008655189545,Mozambique,NMM,NMVOC
1114,0.009783213984731462,MOZAMBIQUE_ZAMBÉZIA_CHINDE_MICAUNE,36.474996279882056,-18.29299927576296,Mozambique,NMM,NMVOC
1115,0.004768201446852413,MOZAMBIQUE_ZAMBÉZIA_DERRE_GUERISSA,36.07517658059888,-17.391883949116988,Mozambique,NMM,NMVOC
1116,0.019580128228700054,MOZAMBIQUE_ZAMBÉZIA_DERRE_MACHINDO,36.14501762444021,-17.028813436740112,Mozambique,NMM,NMVOC
1117,0.01833205231963506,MOZAMBIQUE_ZAMBÉZIA_GILÉ_ALTO LIGONHA,38.32552055604672,-15.659236148992102,Mozambique,NMM,NMVOC
1118,0.03999687627438196,MOZAMBIQUE_ZAMBÉZIA_GILÉ_GILÉ,38.2910835056982,-16.135614998196157,Mozambique,NMM,NMVOC
1119,0.06144587242756512,MOZAMBIQUE_ZAMBÉZIA_GURUÈ_CIDADE DE GURUÈ,36.97092700344254,-15.416132819173738,Mozambique,NMM,NMVOC
1120,0.050389943193796256,MOZAMBIQUE_ZAMBÉZIA_GURUÈ_LIOMA,36.85133659882104,-15.21304720853839,Mozambique,NMM,NMVOC
1121,0.019843122723909288,MOZAMBIQUE_ZAMBÉZIA_GURUÈ_MEPUAGIUA,37.13396038762665,-15.585338686929129,Mozambique,NMM,NMVOC
1122,0.04742845112283462,MOZAMBIQUE_ZAMBÉZIA_ILE_ILE,37.33517260666365,-16.094439327573667,Mozambique,NMM,NMVOC
1123,0.016095842006974063,MOZAMBIQUE_ZAMBÉZIA_ILE_SOCONE,37.24742867277951,-15.78891794152016,Mozambique,NMM,NMVOC
1124,0.0055388422457898785,MOZAMBIQUE_ZAMBÉZIA_INHASSUNGE_GONHANE,36.76819719164744,-18.129199806980733,Mozambique,NMM,NMVOC
1125,0.011423274604326171,MOZAMBIQUE_ZAMBÉZIA_INHASSUNGE_MUCUPIA,36.82679627550589,-18.02052955876717,Mozambique,NMM,NMVOC
1126,0.019485323765916707,MOZAMBIQUE_ZAMBÉZIA_LUABO_CHIMBADZO,35.97977141123299,-18.196016220231943,Mozambique,NMM,NMVOC
1127,0.0038768711350249015,MOZAMBIQUE_ZAMBÉZIA_LUABO_SAMORA MACHEL,36.18071023228471,-18.394390454565023,Mozambique,NMM,NMVOC
1128,0.01386532130412956,MOZAMBIQUE_ZAMBÉZIA_LUGELA_LUGELA SEDE,36.792817501899684,-16.327386357024547,Mozambique,NMM,NMVOC
1129,0.013277634885953479,MOZAMBIQUE_ZAMBÉZIA_LUGELA_MUABANAMA,36.47880843926437,-16.107038995469004,Mozambique,NMM,NMVOC
1130,0.01291776253243755,MOZAMBIQUE_ZAMBÉZIA_LUGELA_MUNHAMADE,36.953559162628835,-16.485068132775538,Mozambique,NMM,NMVOC
1131,0.011835973603011793,MOZAMBIQUE_ZAMBÉZIA_LUGELA_TACUANE,36.46670382747136,-16.401970766492536,Mozambique,NMM,NMVOC
1132,0.032704017865577854,MOZAMBIQUE_ZAMBÉZIA_MAGANJA DA COSTA_MAGANJA DA COSTA,37.557492419314904,-17.31794215732248,Mozambique,NMM,NMVOC
1133,0.018335537844007026,MOZAMBIQUE_ZAMBÉZIA_MAGANJA DA COSTA_NANTE,37.278741977984176,-17.32317306931781,Mozambique,NMM,NMVOC
1134,0.020814403671295605,MOZAMBIQUE_ZAMBÉZIA_MILANGE_MAJAUA,35.436624982155294,-16.253643814284985,Mozambique,NMM,NMVOC
1135,0.062317757520796255,MOZAMBIQUE_ZAMBÉZIA_MILANGE_MILANGE SEDE,35.963973872998274,-16.234450769061095,Mozambique,NMM,NMVOC
1136,0.0338698386275048,MOZAMBIQUE_ZAMBÉZIA_MILANGE_MONGUE,35.65648738221003,-16.442722119703557,Mozambique,NMM,NMVOC
1137,0.055649813567502454,MOZAMBIQUE_ZAMBÉZIA_MOCUBA_CIDADE DE MOCUBA,36.92085203297691,-17.018379997773273,Mozambique,NMM,NMVOC
1138,0.026245930665675474,MOZAMBIQUE_ZAMBÉZIA_MOCUBA_MUGEBA,37.29714017190822,-16.637901594506356,Mozambique,NMM,NMVOC
1139,0.016447217624902054,MOZAMBIQUE_ZAMBÉZIA_MOCUBA_NAMANJAVIRA,36.48988287703119,-16.806628981302676,Mozambique,NMM,NMVOC
1140,0.016395886596539823,MOZAMBIQUE_ZAMBÉZIA_MOCUBELA_BAJONE,37.895522331552115,-17.22544194310728,Mozambique,NMM,NMVOC
1141,0.012471504474337185,MOZAMBIQUE_ZAMBÉZIA_MOCUBELA_MOCUBELA,37.68028351815039,-16.88555041335021,Mozambique,NMM,NMVOC
1142,0.006387246523886849,MOZAMBIQUE_ZAMBÉZIA_MOLUMBO_CORROMANA,36.05791686767938,-15.749566179759793,Mozambique,NMM,NMVOC
1143,0.019123984708151492,MOZAMBIQUE_ZAMBÉZIA_MOLUMBO_MOLUMBO SEDE,36.32068964426865,-15.602898065813545,Mozambique,NMM,NMVOC
1144,0.014972931874174767,MOZAMBIQUE_ZAMBÉZIA_MOPEIA_CAMPO,36.34626125703182,-17.82259550049933,Mozambique,NMM,NMVOC
1145,0.03923889173650988,MOZAMBIQUE_ZAMBÉZIA_MOPEIA_MOPEIA SEDE,35.80351735470755,-17.841703764849772,Mozambique,NMM,NMVOC
1146,0.02187514401993576,MOZAMBIQUE_ZAMBÉZIA_MORRUMBALA_CHIRE,35.53140807640189,-16.71068394183522,Mozambique,NMM,NMVOC
1147,0.008463195460077871,MOZAMBIQUE_ZAMBÉZIA_MORRUMBALA_MEGAZA,35.44414710494373,-17.34322259459494,Mozambique,NMM,NMVOC
1148,0.049393112850877836,MOZAMBIQUE_ZAMBÉZIA_MORRUMBALA_MORRUMBALA SEDE,35.71818601432962,-17.24576425945072,Mozambique,NMM,NMVOC
1149,0.001896974902411068,MOZAMBIQUE_ZAMBÉZIA_MULEVALA_CHIRACO,37.76125440346422,-16.32163858126515,Mozambique,NMM,NMVOC
1150,0.019650557978504495,MOZAMBIQUE_ZAMBÉZIA_MULEVALA_M BAUANE,37.54642716961419,-16.40909467076002,Mozambique,NMM,NMVOC
1151,0.011453024988731497,MOZAMBIQUE_ZAMBÉZIA_NAMACURRA_MACUSE,37.22484678245629,-17.591775752107008,Mozambique,NMM,NMVOC
1152,0.002378200567338383,MOZAMBIQUE_ZAMBÉZIA_NAMACURRA_MALEI,37.01133444499841,-17.298645809649788,Mozambique,NMM,NMVOC
1153,0.03628625648837168,MOZAMBIQUE_ZAMBÉZIA_NAMACURRA_NAMACURRA SEDE,36.999724466727024,-17.475100608613698,Mozambique,NMM,NMVOC
1154,0.031073654624094723,MOZAMBIQUE_ZAMBÉZIA_NAMARROI_NAMARROI,36.932601372279954,-15.997062158730339,Mozambique,NMM,NMVOC
1155,0.015401253036568094,MOZAMBIQUE_ZAMBÉZIA_NAMARROI_REGONE,36.703202241179774,-15.741498193552788,Mozambique,NMM,NMVOC
1156,0.002263688822679756,MOZAMBIQUE_ZAMBÉZIA_NICOADALA_MUNHONHA,36.585288815320006,-17.577946128566236,Mozambique,NMM,NMVOC
1157,0.03191366552634289,MOZAMBIQUE_ZAMBÉZIA_NICOADALA_NICOADALA SEDE,36.663687161432556,-17.524080596030704,Mozambique,NMM,NMVOC
1158,0.02263318724944103,MOZAMBIQUE_ZAMBÉZIA_PEBANE_MULELA,38.453959254758885,-16.77972576468378,Mozambique,NMM,NMVOC
1159,0.015134920327782833,MOZAMBIQUE_ZAMBÉZIA_PEBANE_NABURI,38.84329914869052,-16.53846306968174,Mozambique,NMM,NMVOC
1160,0.018490754975763933,MOZAMBIQUE_ZAMBÉZIA_PEBANE_PEBANE SEDE,38.11397763950611,-16.944696335246178,Mozambique,NMM,NMVOC
1161,0.027512849948025636,MOZAMBIQUE_ZAMBÉZIA_QUELIMANE_MAQUIVAL,37.05066199126774,-17.80539223477135,Mozambique,NMM,NMVOC
1162,0.026447630505643093,MOZAMBIQUE_ZAMBÉZIA_QUELIMANE_QUELIMANE,36.917031879996124,-17.859838300308013,Mozambique,NMM,NMVOC
1163,0.023061201260137543,MOZAMBIQUE_SOFALA_CIDADE DA BEIRA_INHAMIZUA,34.80944811048006,-19.7342235382873,Mozambique,NMM,NMVOC
1164,0.0010104908182804232,MOZAMBIQUE_CABO DELGADO_QUISSANGA_QUISSANGA,40.34522572679413,-12.388146823567476,Mozambique,NMM,NMVOC
1165,0.03213031500677987,MOZAMBIQUE_ZAMBÉZIA_NICOADALA_NAMACATA,36.87753030165205,-17.747483505410734,Mozambique,NMM,NMVOC
1166,0.009476204060976571,NAMIBIA_ZAMBEZI_KABBE,24.793790035168254,-17.667984075409294,Namibia,NMM,NMVOC
1167,0.011013329742816541,NAMIBIA_ZAMBEZI_KATIMA MULILO RURAL,24.454538835228554,-17.783707702671318,Namibia,NMM,NMVOC
1168,0.002712881104024886,NAMIBIA_ZAMBEZI_KATIMA MULILO URBAN,24.279746190016365,-17.50806511335707,Namibia,NMM,NMVOC
1169,8.75536194951115e-4,NAMIBIA_ZAMBEZI_KONGOLA,23.264204346697873,-17.80294902774862,Namibia,NMM,NMVOC
1170,0.0010914499753796364,NAMIBIA_ZAMBEZI_LINYANTI,23.671437828262256,-18.092266566594112,Namibia,NMM,NMVOC
1171,5.18336280780556e-4,NAMIBIA_ZAMBEZI_SIBBINDA,24.108590663155443,-17.85835022128321,Namibia,NMM,NMVOC
1172,0.0028603737409041152,NAMIBIA_ERONGO_ARANDIS,14.691497629475606,-22.264372494788464,Namibia,NMM,NMVOC
1173,4.559230268147999e-4,NAMIBIA_ERONGO_DAURES,14.93756663805144,-21.37524651621252,Namibia,NMM,NMVOC
1174,0.0036770217969268274,NAMIBIA_ERONGO_KARIBIB,15.787173934663985,-22.30410061850206,Namibia,NMM,NMVOC
1175,0.002804178447402529,NAMIBIA_ERONGO_OMARURU,15.95833063241253,-21.31749516745864,Namibia,NMM,NMVOC
1176,0.01680441557593826,NAMIBIA_ERONGO_SWAKOPMUND,14.59907978731461,-22.6202601717113,Namibia,NMM,NMVOC
1177,0.028393708586630442,NAMIBIA_ERONGO_WALVIS BAY RURAL,15.043164785735584,-23.30666115914993,Namibia,NMM,NMVOC
1178,0.003835436770724504,NAMIBIA_ERONGO_WALVIS BAY URBAN,14.51062497535283,-22.954088068577146,Namibia,NMM,NMVOC
1179,0.0022299280623570786,NAMIBIA_HARDAP_GIBEON,16.211055584954146,-24.728927802737125,Namibia,NMM,NMVOC
1180,0.0056575207568414125,NAMIBIA_HARDAP_MARIENTAL RURAL,18.931178051035655,-24.55690325528673,Namibia,NMM,NMVOC
1181,0.004662181844922248,NAMIBIA_HARDAP_MARIENTAL URBAN,17.552231711371142,-24.506156912910303,Namibia,NMM,NMVOC
1182,4.024458496102596e-4,NAMIBIA_HARDAP_REHOBOTH RURAL,16.94802061214784,-23.797424696279414,Namibia,NMM,NMVOC
1183,0.005473692483812788,NAMIBIA_HARDAP_REHOBOTH URBAN EAST,17.140914395565115,-23.302814761538283,Namibia,NMM,NMVOC
1184,0.008812065769689048,NAMIBIA_HARDAP_REHOBOTH URBAN WEST,17.035406416002225,-23.29213818904565,Namibia,NMM,NMVOC
1185,9.699016849506916e-4,NAMIBIA_//KARAS_BERSEBA,17.43213672122362,-26.402137402623683,Namibia,NMM,NMVOC
1186,0.0042650809237994684,NAMIBIA_//KARAS_KARASBURG,18.711773230367335,-28.093418586403676,Namibia,NMM,NMVOC
1187,0.0027332950083756758,NAMIBIA_//KARAS_KEETMANSHOOP RURAL,18.963044948025257,-26.591724991032446,Namibia,NMM,NMVOC
1188,0.007852595585666719,NAMIBIA_//KARAS_KEETMANSHOOP URBAN,18.13828868505545,-26.52392990789683,Namibia,NMM,NMVOC
1189,0.0037467623159087604,NAMIBIA_//KARAS_LUDERITZ,15.864291361495141,-26.644991721573984,Namibia,NMM,NMVOC
1190,0.004834813904375394,NAMIBIA_//KARAS_ORANJEMUND,16.84821332532997,-28.056930475767597,Namibia,NMM,NMVOC
1191,0.0026715629169354474,NAMIBIA_KAVANGO EAST_MASHARE,20.090779832016132,-18.617546949007107,Namibia,NMM,NMVOC
1192,0.004812976488957703,NAMIBIA_KAVANGO EAST_MUKWE,21.71929868242943,-18.093691738891703,Namibia,NMM,NMVOC
1193,0.006946170690637379,NAMIBIA_KAVANGO EAST_NDIYONA,20.70537677949861,-18.57519053865166,Namibia,NMM,NMVOC
1194,0.02277724447864026,NAMIBIA_KAVANGO EAST_RUNDU RURAL WEST,19.729735628949058,-18.20829568264125,Namibia,NMM,NMVOC
1195,0.0031402229867288456,NAMIBIA_KAVANGO EAST_RUNDU URBAN,19.77048535736296,-17.905684519464447,Namibia,NMM,NMVOC
1196,0.0064629198519745735,NAMIBIA_KAVANGO EAST_RUNDU RURAL EAST,19.918903908289927,-18.018190028726913,Namibia,NMM,NMVOC
1197,0.007880384249347807,NAMIBIA_KHOMAS_TOBIAS HAINYEKO,17.064566285247462,-22.491571002219786,Namibia,NMM,NMVOC
1198,0.0026829377921201393,NAMIBIA_KHOMAS_KATUTURA CENTRAL,17.053093806653106,-22.5235276855212,Namibia,NMM,NMVOC
1199,0.0034881109118167206,NAMIBIA_KHOMAS_KATUTURA EAST,17.064629491748327,-22.520906899274305,Namibia,NMM,NMVOC
1200,0.027703350151471653,NAMIBIA_KHOMAS_KHOMASDAL NORTH,17.02393885405345,-22.546692524938113,Namibia,NMM,NMVOC
1201,0.002493968406699959,NAMIBIA_KHOMAS_SOWETO,17.04634348136182,-22.518971599270618,Namibia,NMM,NMVOC
1202,0.01723540412466807,NAMIBIA_KHOMAS_SAMORA MACHEL,17.011693927957612,-22.515093718237296,Namibia,NMM,NMVOC
1203,0.017465999264096737,NAMIBIA_KHOMAS_WINDHOEK EAST,17.14408226450097,-22.62046223783627,Namibia,NMM,NMVOC
1204,0.03084097186311302,NAMIBIA_KHOMAS_WINDHOEK RURAL,17.152644209354136,-22.919981679213087,Namibia,NMM,NMVOC
1205,0.05900990391720266,NAMIBIA_KHOMAS_WINDHOEK WEST,16.999274417411097,-22.61413420573047,Namibia,NMM,NMVOC
1206,0.006977338006586618,NAMIBIA_KHOMAS_MOSES //GAROEB,17.04398509888085,-22.46917693709735,Namibia,NMM,NMVOC
1207,0.004050264169381758,NAMIBIA_KUNENE_EPUPA,12.951182297756084,-17.577768817143944,Namibia,NMM,NMVOC
1208,0.001197495711857599,NAMIBIA_KUNENE_KAMANAJB,15.32465722582946,-19.802405761415024,Namibia,NMM,NMVOC
1209,0.003247748907892346,NAMIBIA_KUNENE_KHORIXAS,14.18082561343677,-20.491501565211138,Namibia,NMM,NMVOC
1210,0.0062616124303759915,NAMIBIA_KUNENE_OPUWO,13.206749264241742,-18.475898236405577,Namibia,NMM,NMVOC
1211,0.004474519482054598,NAMIBIA_KUNENE_OUTJO,16.274442963394687,-19.825265069447923,Namibia,NMM,NMVOC
1212,8.399716657024757e-4,NAMIBIA_KUNENE_SESFONTEIN,13.640868650570905,-19.49338092253463,Namibia,NMM,NMVOC
1213,0.0024141214840089063,NAMIBIA_OHANGWENA_EENHANA,16.353020701398215,-17.671032492551955,Namibia,NMM,NMVOC
1214,0.0011860002764268933,NAMIBIA_OHANGWENA_ENDOLA,15.820859010662058,-17.625815642509547,Namibia,NMM,NMVOC
1215,0.004613769443351725,NAMIBIA_OHANGWENA_ENGELA,15.748718902094708,-17.518181174101677,Namibia,NMM,NMVOC
1216,6.914946301048878e-4,NAMIBIA_OHANGWENA_EPEMBE,16.685598245035656,-17.66735533080767,Namibia,NMM,NMVOC
1217,0.0017554865145841764,NAMIBIA_OHANGWENA_OHANGWENA,15.882643502502614,-17.520931558141168,Namibia,NMM,NMVOC
1218,0.001339093183230215,NAMIBIA_OHANGWENA_OKONGO,17.455737413504714,-17.57117050323505,Namibia,NMM,NMVOC
1219,0.002070243854969524,NAMIBIA_OHANGWENA_OMUNDAUNGILO,16.578551766563972,-17.449506206889357,Namibia,NMM,NMVOC
1220,0.0012915162679177394,NAMIBIA_OHANGWENA_ONDOBE,16.18459197141436,-17.477949671341534,Namibia,NMM,NMVOC
1221,0.00444801001151359,NAMIBIA_OHANGWENA_ONGENGA,15.668516925400173,-17.447258578058655,Namibia,NMM,NMVOC
1222,0.0024668863373350576,NAMIBIA_OHANGWENA_OSHIKANGO,15.988943461829676,-17.457271133054828,Namibia,NMM,NMVOC
1223,0.0016793790045736084,NAMIBIA_OHANGWENA_OMULONGA,16.093754261365657,-17.654017776298947,Namibia,NMM,NMVOC
1224,3.171650954599638e-4,NAMIBIA_OMAHEKE_AMINUIS,19.295775953525137,-23.417526891993003,Namibia,NMM,NMVOC
1225,0.009614559714407946,NAMIBIA_OMAHEKE_GOBABIS,18.604707150106318,-22.71498381235896,Namibia,NMM,NMVOC
1226,0.0014987265582513693,NAMIBIA_OMAHEKE_KALAHARI,19.48312846470799,-22.503052429131507,Namibia,NMM,NMVOC
1227,8.609676345197308e-4,NAMIBIA_OMAHEKE_OTJINENE,18.982375532173915,-20.874933868522408,Namibia,NMM,NMVOC
1228,3.485205292185968e-4,NAMIBIA_OMAHEKE_OTJOMBINDE,20.498308652977602,-21.175886752549744,Namibia,NMM,NMVOC
1229,0.0013177253400719904,NAMIBIA_OMAHEKE_STEINHAUSEN,18.80813704803802,-21.78488609292944,Namibia,NMM,NMVOC
1230,1.5024274456250852e-4,NAMIBIA_OMAHEKE_EPUKIRO,19.646436307793838,-20.93506528769702,Namibia,NMM,NMVOC
1231,3.033256519485144e-4,NAMIBIA_OMUSATI_ANAMULENGE,15.10483056097633,-17.506116865915512,Namibia,NMM,NMVOC
1232,3.387476488687095e-5,NAMIBIA_OMUSATI_ELIM,15.413739072297282,-17.82200407359759,Namibia,NMM,NMVOC
1233,0.0014308107945032913,NAMIBIA_OMUSATI_ETAYI,15.519494125234022,-17.546723554965112,Namibia,NMM,NMVOC
1234,1.50896218199975e-4,NAMIBIA_OMUSATI_OGONGO,15.170545752866131,-17.721649210815624,Namibia,NMM,NMVOC
1235,3.5478574555984795e-4,NAMIBIA_OMUSATI_OKAHAO,14.876116003002421,-18.693051850022275,Namibia,NMM,NMVOC
1236,0.001043052949202799,NAMIBIA_OMUSATI_OKALONGO,15.28878445011893,-17.500821675929387,Namibia,NMM,NMVOC
1237,3.641569637844973e-4,NAMIBIA_OMUSATI_ONESI,14.628083358790452,-17.577424359547425,Namibia,NMM,NMVOC
1238,9.78679984398405e-4,NAMIBIA_OMUSATI_OSHIKUKU,15.392620794511467,-17.690835725085098,Namibia,NMM,NMVOC
1239,0.0027325735680308223,NAMIBIA_OMUSATI_OUTAPI,14.846441471749827,-17.517573911214274,Namibia,NMM,NMVOC
1240,0.0012841885000433215,NAMIBIA_OMUSATI_RUACANA,14.407777044865957,-18.097615436899044,Namibia,NMM,NMVOC
1241,6.667297983581587e-4,NAMIBIA_OMUSATI_TSANDI,14.78614887515016,-17.886312407797114,Namibia,NMM,NMVOC
1242,2.103582200133199e-4,NAMIBIA_OMUSATI_OTAMANZI,15.358988115665142,-18.525957641318243,Namibia,NMM,NMVOC
1243,0.0019770718321497093,NAMIBIA_OSHANA_OKAKU,15.943162766854906,-17.77022559144506,Namibia,NMM,NMVOC
1244,0.01141622412417047,NAMIBIA_OSHANA_OKATANA,15.574759437909428,-17.820795199376207,Namibia,NMM,NMVOC
1245,2.2351754700995733e-4,NAMIBIA_OSHANA_OKATJALI,15.924923293889925,-18.15395120107729,Namibia,NMM,NMVOC
1246,2.4594032939976153e-4,NAMIBIA_OSHANA_OMPUNDJA,15.659629403226038,-18.011357008061164,Namibia,NMM,NMVOC
1247,0.006175843548797168,NAMIBIA_OSHANA_ONDANGWA,15.89055793163545,-17.88939506257595,Namibia,NMM,NMVOC
1248,0.01029318066182594,NAMIBIA_OSHANA_ONGWEDIVA,15.823548294632106,-17.763524478913496,Namibia,NMM,NMVOC
1249,0.005319741418233321,NAMIBIA_OSHANA_OSHAKATI EAST,15.735869553936352,-17.86260914126032,Namibia,NMM,NMVOC
1250,0.0024286732522645848,NAMIBIA_OSHANA_OSHAKATI WEST,15.624549764682277,-17.857865215295526,Namibia,NMM,NMVOC
1251,0.006960594735741526,NAMIBIA_OSHANA_UUKWIYU,15.884221094272657,-17.99618085800174,Namibia,NMM,NMVOC
1252,4.181903145983796e-4,NAMIBIA_OSHANA_UUVUDHIYA,15.696372341891102,-18.671160629838095,Namibia,NMM,NMVOC
1253,2.2134151745699648e-4,NAMIBIA_OSHIKOTO_EENGONDI,17.332440762836534,-18.19310832303004,Namibia,NMM,NMVOC
1254,0.003089161257877099,NAMIBIA_OSHIKOTO_GUINAS,17.594343489923055,-18.89437399671328,Namibia,NMM,NMVOC
1255,5.0599617969599e-4,NAMIBIA_OSHIKOTO_OKANKOLO,17.177875343763045,-17.878323021444082,Namibia,NMM,NMVOC
1256,0.0024953329620420613,NAMIBIA_OSHIKOTO_OLUKONDA,16.068385898650977,-18.038011932787096,Namibia,NMM,NMVOC
1257,2.805235271072436e-4,NAMIBIA_OSHIKOTO_OMUNTELE,16.169328087187097,-18.334827887672034,Namibia,NMM,NMVOC
1258,3.7102736844274616e-4,NAMIBIA_OSHIKOTO_OMUTHIYAGWIIPUNDI,16.51029242566859,-18.898858129359702,Namibia,NMM,NMVOC
1259,0.0016360820615017807,NAMIBIA_OSHIKOTO_ONAYENA,16.207793411083593,-17.950862651129206,Namibia,NMM,NMVOC
1260,0.002386076311941976,NAMIBIA_OSHIKOTO_ONIIPA,16.069902480232454,-17.845135062553666,Namibia,NMM,NMVOC
1261,9.452441863939016e-4,NAMIBIA_OSHIKOTO_ONYAANYA,16.357556814301276,-18.090881069656568,Namibia,NMM,NMVOC
1262,0.007744195770944025,NAMIBIA_OSHIKOTO_TSUMEB,17.719219426941624,-19.233610933756992,Namibia,NMM,NMVOC
1263,0.007543670130823569,NAMIBIA_OTJOZONDJUPA_GROOTFONTEIN,18.435300956629483,-19.307687617586755,Namibia,NMM,NMVOC
1264,0.010248871859268557,NAMIBIA_OTJOZONDJUPA_OKAHANDJA,16.668747555463238,-21.83565240672381,Namibia,NMM,NMVOC
1265,0.001019247468924539,NAMIBIA_OTJOZONDJUPA_OKAKARARA,18.334564244255255,-20.38760912604105,Namibia,NMM,NMVOC
1266,0.007633248225457581,NAMIBIA_OTJOZONDJUPA_OMATAKO,17.282520645457858,-21.20096061005428,Namibia,NMM,NMVOC
1267,0.002981617350929947,NAMIBIA_OTJOZONDJUPA_OTAVI,17.328950067683728,-19.86763044479583,Namibia,NMM,NMVOC
1268,0.012065641759654414,NAMIBIA_OTJOZONDJUPA_OTJIWARONGO,16.251829448720684,-20.505042965104394,Namibia,NMM,NMVOC
1269,0.0010617744523231892,NAMIBIA_OTJOZONDJUPA_TSUMKWE,19.9533987514376,-19.722419209002222,Namibia,NMM,NMVOC
1270,0.005088854401021561,NAMIBIA_KAVANGO WEST_KAHENGE,18.861763150665734,-18.28861226947196,Namibia,NMM,NMVOC
1271,0.00706010300068975,NAMIBIA_KAVANGO WEST_KAPAKO,19.43557328650503,-18.551716439141092,Namibia,NMM,NMVOC
1272,0.003851266151827168,NAMIBIA_KAVANGO WEST_MPUNGU,18.26159001570929,-18.04481891772234,Namibia,NMM,NMVOC
1273,0.1695769862100685,Buffalo City (BUF),27.598864254477117,-32.94800582792056,SA,NMM,NMVOC
1274,0.9292520270426825,City of Cape Town (CPT),18.594296829494326,-33.892706933725236,SA,NMM,NMVOC
1275,0.017582489628661283,Camdeboo/Ikwezi/Baviaans (EC101),24.089957646273938,-32.8452024220234,SA,NMM,NMVOC
1276,0.009077992568653454,Blue Crane Rout/ie (EC102),25.41308680240521,-32.778160968279536,SA,NMM,NMVOC
1277,0.01905140742554896,Makana (EC104),26.408254634609886,-33.23516631902399,SA,NMM,NMVOC
1278,0.013867948980435727,Ndlambe (EC105),26.743980167056392,-33.52310164874916,SA,NMM,NMVOC
1279,0.014859990957302047,Sundays River Valley (EC106),25.496722441767997,-33.51169278867713,SA,NMM,NMVOC
1280,0.017995510436496054,Kouga (EC108),24.79959562862642,-33.90429867869783,SA,NMM,NMVOC
1281,0.00771728684470564,Kou-Kamma (EC109),24.060086657020488,-33.867609516127736,SA,NMM,NMVOC
1282,0.013230414477350162,Mbhashe (EC121),28.575231014835296,-32.13220971938858,SA,NMM,NMVOC
1283,0.022479204560074087,Mnquma (EC122),28.156661393124235,-32.34546010162823,SA,NMM,NMVOC
1284,0.004060633428856463,Great Kei (EC123),28.009533893856762,-32.65908476816192,SA,NMM,NMVOC
1285,0.018590958777595482,Amahlathi (EC124),27.33351960038348,-32.502457790779154,SA,NMM,NMVOC
1286,0.0068166714282930085,Ngqushwa (EC126),27.190552108198407,-33.197883930507096,SA,NMM,NMVOC
1287,0.02388629919766868,Nkonkobe/Nxuba (EC129),26.56395343016319,-32.68648839664744,SA,NMM,NMVOC
1288,0.01492222264089818,Inxuba Yethemba (EC131),25.321553083523288,-31.86297467718648,SA,NMM,NMVOC
1289,0.0075483532827575394,Intsika Yethu (EC135),27.65645293007968,-31.967410209741036,SA,NMM,NMVOC
1290,0.010515500336995305,Emalahleni (EC136),27.196289987483134,-31.59599819484559,SA,NMM,NMVOC
1291,0.006550263858261474,Engcobo (EC137),28.091140856688877,-31.681331250222897,SA,NMM,NMVOC
1292,0.008679658240452446,Sakhisizwe (EC138),27.784464653423093,-31.443073463199052,SA,NMM,NMVOC
1293,0.052594504985043915,Tsolwana/Inkwanca/Lukanji (EC139),26.44231171599927,-31.82713277165301,SA,NMM,NMVOC
1294,0.011148532392285864,Elundini (EC141),28.332923728488446,-30.924613490171907,SA,NMM,NMVOC
1295,0.01853803984099361,Senqu (EC142),27.561052438944984,-30.865504121282964,SA,NMM,NMVOC
1296,0.01761987492905099,Maletswai/Gariep (EC145),26.297982166534812,-30.99072562439091,SA,NMM,NMVOC
1297,0.04028085702594878,Ngquza Hill (EC153),29.61936077896737,-31.240526584482595,SA,NMM,NMVOC
1298,0.015479900766676281,Port St Johns (EC154),29.42127994736776,-31.536133432650935,SA,NMM,NMVOC
1299,0.041226795231336696,Nyandeni (EC155),29.06791507221619,-31.593568922888913,SA,NMM,NMVOC
1300,0.01507650235542715,Mhlontlo (EC156),28.77986734009031,-31.200925478397178,SA,NMM,NMVOC
1301,0.0615512255364432,King Sabata Dalindyebo (EC157),28.67245651353882,-31.763159249936695,SA,NMM,NMVOC
1302,0.0287733928439487,Matatiele (EC441),28.799576805046378,-30.346800314394653,SA,NMM,NMVOC
1303,0.01728662378860396,Umzimvubu (EC442),29.024650004658934,-30.77669158331251,SA,NMM,NMVOC
1304,0.04457548089373648,Mbizana (EC443),29.846100390912305,-30.94913834267403,SA,NMM,NMVOC
1305,0.01299444048409803,Ntabankulu (EC444),29.301335289494258,-30.979143187316314,SA,NMM,NMVOC
1306,0.8602709964481549,Ekurhuleni (EKU),28.312610799006872,-26.19890180039359,SA,NMM,NMVOC
1307,0.858441356555305,eThekwini (ETH),30.83613967872446,-29.834217800959394,SA,NMM,NMVOC
1308,0.007503573268751205,Letsemeng (FS161),25.014921531561004,-29.358108946328255,SA,NMM,NMVOC
1309,0.0082006806850204,Kopanong (FS162),25.64114039286138,-29.975908538082983,SA,NMM,NMVOC
1310,0.011234171117420711,Mohokare (FS163),26.70843376153791,-30.20845860575575,SA,NMM,NMVOC
1311,0.015600483680277706,Masilonyana (FS181),26.617458659326235,-28.631554189395228,SA,NMM,NMVOC
1312,0.006647704294583269,Tokologo (FS182),25.355991999884054,-28.472588777335627,SA,NMM,NMVOC
1313,0.011158199932213257,Tswelopele (FS183),25.931548564559048,-28.066074672660065,SA,NMM,NMVOC
1314,0.10010806310124992,Matjhabeng (FS184),26.91629852178738,-28.044206331040705,SA,NMM,NMVOC
1315,0.017338819858786117,Nala (FS185),26.443501057951472,-27.620085113823276,SA,NMM,NMVOC
1316,0.03349272250149633,Setsoto (FS191),27.611849107223822,-28.597460113677133,SA,NMM,NMVOC
1317,0.03178753462841814,Dihlabeng (FS192),28.293898689286305,-28.362439638603284,SA,NMM,NMVOC
1318,0.012411077018075466,Nketoana (FS193),28.246098639230098,-27.849730288880405,SA,NMM,NMVOC
1319,0.08124090414556759,Maluti a Phofung (FS194),29.025155447117413,-28.332211824313816,SA,NMM,NMVOC
1320,0.008823334016696556,Phumelela (FS195),29.22855332756709,-27.676780478565117,SA,NMM,NMVOC
1321,0.02901295981646364,Mantsopa (FS196),27.217597861072438,-29.135212154732272,SA,NMM,NMVOC
1322,0.04059245086390631,Moqhaka (FS201),27.193724011739675,-27.500952572439758,SA,NMM,NMVOC
1323,0.025511991549489462,Ngwathe (FS203),27.731911356224305,-27.2957570942759,SA,NMM,NMVOC
1324,0.05066854789440609,Metsimaholo (FS204),28.043759146658957,-26.929132626752555,SA,NMM,NMVOC
1325,0.012561920559057084,Mafube (FS205),28.60779443701931,-27.269640781466524,SA,NMM,NMVOC
1326,0.19542349648884139,Emfuleni (GT421),27.78119575062538,-26.628372404139963,SA,NMM,NMVOC
1327,0.06163498828286741,Midvaal (GT422),28.12922429452965,-26.623049056706034,SA,NMM,NMVOC
1328,0.04569904680608721,Lesedi (GT423),28.506672206506963,-26.461472069502342,SA,NMM,NMVOC
1329,0.10643838541300621,Mogale City (GT481),27.683044173467124,-25.9870777312359,SA,NMM,NMVOC
1330,0.046238341416633424,Merafong City (GT484),27.39947301236414,-26.416916316259925,SA,NMM,NMVOC
1331,0.09151494466944836,New (GT485),27.630358282577387,-26.305377895109828,SA,NMM,NMVOC
1332,1.2479390674957658,City of Johannesburg (JHB),27.963520457163874,-26.17673292466971,SA,NMM,NMVOC
1333,0.023903537793362076,Umdoni (KZN212),30.564296422383766,-30.26941215278416,SA,NMM,NMVOC
1334,0.017102101860787453,Umzumbe (KZN213),30.34109349485651,-30.48625213454723,SA,NMM,NMVOC
1335,0.018255555578026394,uMuziwabantu (KZN214),29.876024661538295,-30.631036716984855,SA,NMM,NMVOC
1336,0.06397505242009971,Hibiscus Coast (KZN216),30.256268392679218,-30.777445434896816,SA,NMM,NMVOC
1337,0.0354789544695512,uMshwathi (KZN221),30.57723304743919,-29.382907146378955,SA,NMM,NMVOC
1338,0.03137842218191057,uMngeni (KZN222),30.090331468395576,-29.437893652146563,SA,NMM,NMVOC
1339,0.005125411049898127,Mpofana (KZN223),30.025271395990348,-29.190997264613035,SA,NMM,NMVOC
1340,0.006365528948510443,Impendle (KZN224),29.731276209974812,-29.554937527064798,SA,NMM,NMVOC
1341,0.13013298200824416,The Msunduzi (KZN225),30.265492525577752,-29.670137497352023,SA,NMM,NMVOC
1342,0.018117570516808228,Mkhambathini (KZN226),30.54531080327023,-29.843574776336624,SA,NMM,NMVOC
1343,0.019521823649830516,Richmond (KZN227),30.284544545669366,-29.892451867819272,SA,NMM,NMVOC
1344,0.02348220707213065,Okhahlamba (KZN235),29.316126781081834,-28.755389135601764,SA,NMM,NMVOC
1345,0.04716909328392792,New (KZN237),29.823208639417057,-28.98844294297501,SA,NMM,NMVOC
1346,0.06377664445897233,New (KZN238),29.85903127009922,-28.465502298380606,SA,NMM,NMVOC
1347,0.01537394990015852,Endumeni (KZN241),30.298724252947004,-28.170872262516635,SA,NMM,NMVOC
1348,0.021782090351434746,Nqutu (KZN242),30.738402602971842,-28.3057856426724,SA,NMM,NMVOC
1349,0.02624640872206889,Msinga (KZN244),30.448438956915833,-28.605909275422903,SA,NMM,NMVOC
1350,0.021689299172940057,Umvoti (KZN245),30.674407652928558,-29.025108014344248,SA,NMM,NMVOC
1351,0.08299062076143877,Newcastle (KZN252),29.876255990263406,-27.739276183545844,SA,NMM,NMVOC
1352,0.013064124952479791,Emadlangeni (KZN253),30.321232039938934,-27.617907330365107,SA,NMM,NMVOC
1353,0.022314044241320684,Dannhauser (KZN254),30.002289977265942,-28.021393744339566,SA,NMM,NMVOC
1354,0.010413355549994016,eDumbe (KZN261),30.81062292956855,-27.469617673094547,SA,NMM,NMVOC
1355,0.022285169212641617,uPhongolo (KZN262),31.598159005752375,-27.483608832173115,SA,NMM,NMVOC
1356,0.047520285930705744,Abaqulusi (KZN263),31.05300673776844,-27.8257482171015,SA,NMM,NMVOC
1357,0.020646365396659743,Nongoma (KZN265),31.745560356874247,-27.911780178568517,SA,NMM,NMVOC
1358,0.0268170247291698,Ulundi (KZN266),31.309444916664436,-28.239580055499665,SA,NMM,NMVOC
1359,0.01264932919028164,Umhlabuyalingana (KZN271),32.56381651356431,-27.243472986556462,SA,NMM,NMVOC
1360,0.019356553187115495,Jozini (KZN272),32.14557048188946,-27.36815301488439,SA,NMM,NMVOC
1361,0.024417561579184583,Mtubatuba (KZN275),32.29495200731668,-28.28774563454697,SA,NMM,NMVOC
1362,0.010965049824928881,New (KZN276),32.196439917229256,-28.03451780762441,SA,NMM,NMVOC
1363,0.024713378728081478,Mfolozi (KZN281),32.08205666681106,-28.54943900730811,SA,NMM,NMVOC
1364,0.08034046848475648,uMhlathuze (KZN282),31.879279732627545,-28.731153462649306,SA,NMM,NMVOC
1365,0.03883194850859953,uMlalazi (KZN284),31.444902303281012,-28.904859982322336,SA,NMM,NMVOC
1366,0.011338831561779731,Mthonjaneni (KZN285),31.46989521594373,-28.566641254058112,SA,NMM,NMVOC
1367,0.009547984213829623,Nkandla (KZN286),30.992847475348313,-28.65874298560281,SA,NMM,NMVOC
1368,0.022456076510390305,Mandeni (KZN291),31.467602405876107,-29.12389810299933,SA,NMM,NMVOC
1369,0.06006417406667815,KwaDukuza (KZN292),31.25513058898549,-29.355999737664646,SA,NMM,NMVOC
1370,0.024970499541046173,Ndwedwe (KZN293),30.971145236611328,-29.424489832181724,SA,NMM,NMVOC
1371,0.012985045716389277,Maphumulo (KZN294),31.061676575865707,-29.11112579364772,SA,NMM,NMVOC
1372,0.017148443208854034,Greater Kokstad (KZN433),29.333985724860153,-30.300940129030153,SA,NMM,NMVOC
1373,0.01897304605770224,Ubuhlebezwe (KZN434),30.164623949729094,-30.19252582259694,SA,NMM,NMVOC
1374,0.027327506544590385,Umzimkhulu (KZN435),29.73770155638459,-30.291659472535116,SA,NMM,NMVOC
1375,0.012844200930028664,New (KZN436),29.59925971197213,-29.82995036987778,SA,NMM,NMVOC
1376,0.0565506561941193,Greater Giyani (LIM331),30.899690443403223,-23.363950859740118,SA,NMM,NMVOC
1377,0.04469202096985554,Greater Letaba (LIM332),30.27459722174666,-23.51164855271159,SA,NMM,NMVOC
1378,0.0875304055950972,Greater Tzaneen (LIM333),30.25340441091674,-23.835977770536683,SA,NMM,NMVOC
1379,0.03959039601407182,Ba-Phalaborwa (LIM334),31.191583756193857,-23.776931100454973,SA,NMM,NMVOC
1380,0.021940590899748445,Maruleng (LIM335),30.785641757876952,-24.291507940529854,SA,NMM,NMVOC
1381,0.059361898198578865,Musina (LIM341),30.05077110077547,-22.452444078436113,SA,NMM,NMVOC
1382,0.09915249618241095,Thulamela (LIM343),30.555384649799517,-22.785680862120937,SA,NMM,NMVOC
1383,0.09413080697066892,Makhado (LIM344),29.7486767332841,-22.99957537797423,SA,NMM,NMVOC
1384,0.07612979359639024,New (LIM345),30.973389530004273,-22.98859241312989,SA,NMM,NMVOC
1385,0.029071160722221673,Blouberg (LIM351),28.75025951576327,-22.96754705620071,SA,NMM,NMVOC
1386,0.030790462053728512,Molemole (LIM353),29.53603926457335,-23.498363807532403,SA,NMM,NMVOC
1387,0.175049382411902,Polokwane (LIM354),29.382116648858307,-23.8911198474484,SA,NMM,NMVOC
1388,0.05165739775500186,Lepele-Nkumpi (LIM355),29.706098724754902,-24.26602472477329,SA,NMM,NMVOC
1389,0.020241224431113872,Thabazimbi (LIM361),27.18648986644449,-24.54368940298091,SA,NMM,NMVOC
1390,0.026799171257546526,Lephalale (LIM362),27.797673264901547,-23.67621029455612,SA,NMM,NMVOC
1391,0.022573792321738048,Bela-Bela (LIM366),28.27202559364255,-24.9540355998598,SA,NMM,NMVOC
1392,0.06863489005434699,Mogalakwena (LIM367),28.693646429401138,-23.846776659349114,SA,NMM,NMVOC
1393,0.026203395365153002,Modimolle/Mookgophong (LIM368),28.554318378198634,-24.50378204783512,SA,NMM,NMVOC
1394,0.025694136100570253,Ephraim Mogale (LIM471),29.336691696763047,-24.90184812517883,SA,NMM,NMVOC
1395,0.06212752533299877,Elias Motsoaledi (LIM472),29.56162199731176,-25.195958709787416,SA,NMM,NMVOC
1396,0.0583146692873579,Makhuduthamaga (LIM473),29.77376805671483,-24.72156702551684,SA,NMM,NMVOC
1397,0.09267265278810155,Greater Tubatse/Fetakgomo (LIM476),30.220512409351578,-24.60034155788023,SA,NMM,NMVOC
1398,0.20421077509873722,Mangaung (MAN),26.50052991738285,-29.331493385874897,SA,NMM,NMVOC
1399,0.03660927640182256,Chief Albert Luthuli (MP301),30.486023915525898,-26.055659215342654,SA,NMM,NMVOC
1400,0.03568096582895613,Msukaligwa (MP302),30.12962179212915,-26.468179957263942,SA,NMM,NMVOC
1401,0.04045190685871138,Mkhondo (MP303),30.704664805360647,-26.99281043647496,SA,NMM,NMVOC
1402,0.01626854154574875,Dr Pixley Ka Isaka Seme (MP304),29.955868602689744,-27.12849724731941,SA,NMM,NMVOC
1403,0.026015209599123665,Lekwa (MP305),29.35167338257744,-26.879837519268875,SA,NMM,NMVOC
1404,0.01037402649219786,Dipaleseng (MP306),28.641164057979545,-26.781729068806687,SA,NMM,NMVOC
1405,0.08246457421750883,Govan Mbeki (MP307),29.19601841151445,-26.46697143683172,SA,NMM,NMVOC
1406,0.020668814818659797,Victor Khanye (MP311),28.768849144433155,-26.132617697943477,SA,NMM,NMVOC
1407,0.11240124327076191,Emalahleni (MP312),29.162096257324418,-26.01795048880191,SA,NMM,NMVOC
1408,0.06521603098951274,Steve Tshwete (MP313),29.551938218276963,-25.836944103856947,SA,NMM,NMVOC
1409,0.009683835964430888,Emakhazeni (MP314),30.106821848663742,-25.596921237314394,SA,NMM,NMVOC
1410,0.08998926985752446,Thembisile (MP315),28.95192824101233,-25.470336038962238,SA,NMM,NMVOC
1411,0.051825894999857965,Dr JS Moroka (MP316),28.801472347773178,-25.103882758045668,SA,NMM,NMVOC
1412,0.022528549737530882,Thaba Chweu (MP321),30.57153056410513,-25.064888911517013,SA,NMM,NMVOC
1413,0.10255629509524367,Nkomazi (MP324),31.730184896139622,-25.502441880044394,SA,NMM,NMVOC
1414,0.12513378700309505,Bushbuckridge (MP325),31.524554777444788,-24.556740864902537,SA,NMM,NMVOC
1415,0.1676109709741358,Mbombela/Umjindi (MP326),31.096583710647025,-25.432684098533255,SA,NMM,NMVOC
1416,0.0012968789474815437,Richtersveld (NC061),17.059551072172134,-28.768234043160607,SA,NMM,NMVOC
1417,0.010376517207244718,Nama Khoi (NC062),17.91494133561911,-29.45640456833637,SA,NMM,NMVOC
1418,0.0012228349901947809,Kamiesberg (NC064),18.13015961792784,-30.375500419763604,SA,NMM,NMVOC
1419,0.004500874072591696,Hantam (NC065),19.96076903840225,-30.97326387632367,SA,NMM,NMVOC
1420,0.0025292795613823024,Karoo Hoogland (NC066),21.045367164738153,-31.72866537697112,SA,NMM,NMVOC
1421,0.002130661044244013,Khâi-Ma (NC067),19.26135370838769,-29.537786385108184,SA,NMM,NMVOC
1422,0.0038467035067050593,Ubuntu (NC071),23.13370561544698,-31.37353482138949,SA,NMM,NMVOC
1423,0.007057734755845452,Umsobomvu (NC072),25.04764999855825,-30.848177029851588,SA,NMM,NMVOC
1424,0.01087810563337426,Emthanjeni (NC073),23.85840547035036,-30.67860320584649,SA,NMM,NMVOC
1425,0.0024817930236913084,Kareeberg (NC074),22.13482818835018,-30.54560022973702,SA,NMM,NMVOC
1426,0.0024268568207184587,Renosterberg (NC075),24.450629664298948,-30.255674893884255,SA,NMM,NMVOC
1427,0.0036511514111035068,Thembelihle (NC076),23.765002948711334,-29.708430373289627,SA,NMM,NMVOC
1428,0.005462351414847791,Siyathemba (NC077),22.5520117599244,-29.633449473297446,SA,NMM,NMVOC
1429,0.010043326626369826,Siyancuma (NC078),23.368135189529266,-28.983648115956267,SA,NMM,NMVOC
1430,0.012706205769146623,Kai !Garib (NC082),20.415779221325927,-28.968415397154022,SA,NMM,NMVOC
1431,0.0025052955298896667,!Kheis (NC084),21.603495266524188,-29.232655553883756,SA,NMM,NMVOC
1432,0.009420902807184751,Tsantsabane (NC085),22.553384843403045,-28.038581659653413,SA,NMM,NMVOC
1433,0.00467471577426899,Kgatelopele (NC086),23.63233217640869,-28.217463600827454,SA,NMM,NMVOC
1434,0.024753287955946172,//Khara Hais/Mier (NC087),20.833021354286817,-27.068953107729545,SA,NMM,NMVOC
1435,0.06733097612574074,Sol Plaatjie (NC091),24.514285167088513,-28.743361921797487,SA,NMM,NMVOC
1436,0.011738854859162089,Dikgatlong (NC092),24.192269532669194,-28.193349409504034,SA,NMM,NMVOC
1437,0.008491463409609731,Magareng (NC093),24.780465069795653,-28.167755341807677,SA,NMM,NMVOC
1438,0.009409682239556872,Phokwane (NC094),24.808908824292622,-27.795177260115924,SA,NMM,NMVOC
1439,0.011346760302317193,Joe Morolong (NC451),22.937720996816267,-26.838253106736673,SA,NMM,NMVOC
1440,0.021107843189731204,Ga-Segonyana (NC452),23.560536877064965,-27.622586314678973,SA,NMM,NMVOC
1441,0.016401952664021842,Gamagara (NC453),22.99607417546456,-27.643424226884566,SA,NMM,NMVOC
1442,0.29442051915652107,Nelson Mandela Bay (NMA),25.492325010511415,-33.804018235171306,SA,NMM,NMVOC
1443,0.05684988011559527,Moretele (NW371),28.03908368696291,-25.176894569186302,SA,NMM,NMVOC
1444,0.13515806246509424,Local Municipality of Madibeng (NW372),27.73365092436683,-25.441079324120807,SA,NMM,NMVOC
1445,0.14690384012821828,Rustenburg (NW373),27.331450416242784,-25.66090837141418,SA,NMM,NMVOC
1446,0.015838082596902236,Kgetlengrivier (NW374),26.864344191252787,-25.72345587170004,SA,NMM,NMVOC
1447,0.05006362211052637,Moses Kotane (NW375),26.866123855951283,-25.13362782615747,SA,NMM,NMVOC
1448,0.014537885586359697,Ratlou (NW381),25.063605925319113,-26.08201587807829,SA,NMM,NMVOC
1449,0.023079455139747414,Tswaing (NW382),25.66098471544643,-26.615774445678632,SA,NMM,NMVOC
1450,0.06733379874630574,Mafikeng (NW383),25.672832054041375,-25.886091780262618,SA,NMM,NMVOC
1451,0.03384163504270184,Ditsobotla (NW384),26.239308215127412,-26.115261364090596,SA,NMM,NMVOC
1452,0.034790396888701516,Ramotshere Moiloa (NW385),26.123471368618137,-25.218995566189637,SA,NMM,NMVOC
1453,0.016272864713369938,Naledi (NW392),24.79527413051862,-26.86329306541285,SA,NMM,NMVOC
1454,0.015371927437040038,Mamusa (NW393),25.277113001282956,-27.22305181117706,SA,NMM,NMVOC
1455,0.0343208504347859,Greater Taung (NW394),24.439135473722978,-27.502819297224146,SA,NMM,NMVOC
1456,0.013635476449284737,Lekwa-Teemane (NW396),25.32923774851763,-27.63922701964027,SA,NMM,NMVOC
1457,0.018348472103961486,Kagisano/Molopo (NW397),23.765026014343153,-26.118051281941728,SA,NMM,NMVOC
1458,0.09784364754815593,City of Matlosana (NW403),26.488149960518996,-26.811358748287205,SA,NMM,NMVOC
1459,0.0176151749932111,Maquassi Hills (NW404),26.033886103084164,-27.23835835490209,SA,NMM,NMVOC
1460,0.05839556807271226,Ventersdorp/Tlokwe (NW405),27.004510453933847,-26.488692826418728,SA,NMM,NMVOC
1461,0.8272601360309255,City of Tshwane (TSH),28.443433217250625,-25.659851428790624,SA,NMM,NMVOC
1462,0.01495314011040126,Matzikama (WC011),18.499074499468698,-31.255840123869305,SA,NMM,NMVOC
1463,0.008964664091127658,Cederberg (WC012),18.924252686680997,-32.25674181208767,SA,NMM,NMVOC
1464,0.00990076719752705,Bergrivier (WC013),18.672795192444063,-32.787492869446815,SA,NMM,NMVOC
1465,0.019934863986400486,Saldanha Bay (WC014),18.176134163611852,-33.010183399822495,SA,NMM,NMVOC
1466,0.03083152346886524,Swartland (WC015),18.620246203734677,-33.30973980958506,SA,NMM,NMVOC
1467,0.026670903108486983,Witzenberg (WC022),19.68890243028827,-32.94978723975034,SA,NMM,NMVOC
1468,0.06921825825007225,Drakenstein (WC023),19.003058669393468,-33.596786916383564,SA,NMM,NMVOC
1469,0.07150585039301954,Stellenbosch (WC024),18.944796363106693,-33.926035417528176,SA,NMM,NMVOC
1470,0.03802976685684555,Breede Valley (WC025),19.699592583285963,-33.571874326586304,SA,NMM,NMVOC
1471,0.02047682152765409,Langeberg (WC026),20.05499702391179,-33.78591943557983,SA,NMM,NMVOC
1472,0.017501121263575368,Theewaterskloof (WC031),19.436205803645056,-34.161235777032985,SA,NMM,NMVOC
1473,0.009035402660670338,Overstrand (WC032),19.376341302447013,-34.476351826606134,SA,NMM,NMVOC
1474,0.006837948967159346,Cape Agulhas (WC033),20.05759261209885,-34.49792816727761,SA,NMM,NMVOC
1475,0.0071726052589955085,Swellendam (WC034),20.508876422488118,-34.03689398202183,SA,NMM,NMVOC
1476,0.004153294023938159,Kannaland (WC041),21.318929071812132,-33.60348228547038,SA,NMM,NMVOC
1477,0.010878366809354424,Hessequa (WC042),21.227498281104747,-34.13450499418741,SA,NMM,NMVOC
1478,0.01638214641214524,Mossel Bay (WC043),21.94268858486633,-34.04142256573831,SA,NMM,NMVOC
1479,0.0424225116019171,George (WC044),22.93003160882857,-33.695282456579825,SA,NMM,NMVOC
1480,0.022239061102561603,Oudtshoorn (WC045),22.22097775698059,-33.59287178340578,SA,NMM,NMVOC
1481,0.01246513449879346,Bitou (WC047),23.407081210262664,-33.937355597794785,SA,NMM,NMVOC
1482,0.013200053245164257,Knysna (WC048),22.984307307129328,-33.94604481371343,SA,NMM,NMVOC
1483,0.0016440898995395826,Laingsburg (WC051),20.966020283495638,-33.10361314083431,SA,NMM,NMVOC
1484,0.0029373184253353906,Prince Albert (WC052),22.130117608349714,-33.05111998769453,SA,NMM,NMVOC
1485,0.012558807471845568,Beaufort West (WC053),22.746542364789725,-32.27710950336613,SA,NMM,NMVOC
1486,0.003473818797090415,Timphisini,31.427527777467557,-25.77919829327425,swz,NMM,NMVOC
1487,0.004703679276598724,Ntfonjeni,31.343619162235765,-25.829286995179224,swz,NMM,NMVOC
1488,0.0030953047869090476,Mayiwane,31.509506281238203,-25.861738695993047,swz,NMM,NMVOC
1489,0.005616452900416788,Mhlangatane,31.621950825737503,-25.939695519246623,swz,NMM,NMVOC
1490,0.004549012055493156,Ndzingeni,31.43455167846427,-26.004089857679194,swz,NMM,NMVOC
1491,0.0032754760867319526,Madlangempisi,31.567436769117936,-26.099284349171477,swz,NMM,NMVOC
1492,0.005833478268132162,Maphalaleni,31.365091924296856,-26.197321168361256,swz,NMM,NMVOC
1493,0.007637633768686234,Pigg's Peak,31.25696321866851,-25.964805122665727,swz,NMM,NMVOC
1494,0.008124778857055006,Nkhaba,31.143956798528553,-26.137239773416546,swz,NMM,NMVOC
1495,0.009617246728931127,Motjane,31.02818299839431,-26.30685187288155,swz,NMM,NMVOC
1496,0.004652131603582655,Mbabane West,31.107872683509882,-26.336291548391436,swz,NMM,NMVOC
1497,0.004544048507476421,Mbabane East,31.141081832025073,-26.3027236876315,swz,NMM,NMVOC
1498,0.00691605658584041,Hhukwini,31.222081322674427,-26.32065034848908,swz,NMM,NMVOC
1499,0.01023815468747475,Lobamba,31.181490419840365,-26.413527114735945,swz,NMM,NMVOC
1500,0.00596719301172826,Mkhiweni,31.577441575897375,-26.29070166832214,swz,NMM,NMVOC
1501,0.008272178697431699,Kukhanyeni,31.41051368673318,-26.3747085735696,swz,NMM,NMVOC
1502,0.00522720672084556,Mafutseni,31.523011856624002,-26.45582801367826,swz,NMM,NMVOC
1503,0.005995796879085878,Mthongwaneni,31.501356709255482,-26.569704960391807,swz,NMM,NMVOC
1504,0.006875757679854052,Manzini North,31.394419676034722,-26.481334398718516,swz,NMM,NMVOC
1505,0.0018608079900286631,Manzini South,31.36837555950807,-26.520560596292356,swz,NMM,NMVOC
1506,0.004466979967954544,Kwaluseni,31.31330758484104,-26.500651000600236,swz,NMM,NMVOC
1507,0.01201966535217197,Ludzeludze,31.317859732245438,-26.394848493062067,swz,NMM,NMVOC
1508,0.007413409061493669,Lobamba Lomdzala,31.21153822321666,-26.525643141694285,swz,NMM,NMVOC
1509,0.014690393421498913,Nhlambeni,31.408562511847816,-26.630530181944778,swz,NMM,NMVOC
1510,0.004440446894748243,Ntondozi,31.255721117118,-26.631017055506103,swz,NMM,NMVOC
1511,0.003964382117187933,La-Mgabhi,31.070807855360105,-26.564658624068162,swz,NMM,NMVOC
1512,0.003908005779811956,Mhlambanyatsi,30.98674877164096,-26.450529398348344,swz,NMM,NMVOC
1513,0.0012667449077688761,Mangcongco,30.884645646846423,-26.578126273491335,swz,NMM,NMVOC
1514,0.006866251426118841,Ngwempisi,31.004022599726948,-26.710945657075314,swz,NMM,NMVOC
1515,0.0051933475066749,Mahlangatsha,31.228735687622677,-26.771547360075047,swz,NMM,NMVOC
1516,0.0015978916383341745,Kubuta,31.452603410394964,-26.829896157699594,swz,NMM,NMVOC
1517,0.0026183747889348967,Nkwene,31.25402793120817,-26.88316670443372,swz,NMM,NMVOC
1518,0.005530151866782283,Mtsambama,31.385175952460738,-26.957586651949224,swz,NMM,NMVOC
1519,0.00378600383277436,Gege,31.04308782697033,-26.922942294717792,swz,NMM,NMVOC
1520,0.005418321985695986,Mbangweni,31.250469017568943,-27.053399828647212,swz,NMM,NMVOC
1521,0.010363878517792913,Maseyisini,31.162763105989555,-27.134686006761925,swz,NMM,NMVOC
1522,0.0036780031248235217,Sandleni,31.429835958875884,-27.064513697748147,swz,NMM,NMVOC
1523,0.0021140097085610393,Ngudzeni,31.543105154501283,-27.034785219989786,swz,NMM,NMVOC
1524,0.006618045014445704,Zombodze,31.334568927601403,-27.200313835720486,swz,NMM,NMVOC
1525,0.004497721450597995,Shiselweni,31.49631059380805,-27.253953663192778,swz,NMM,NMVOC
1526,0.00693762787445294,Hosea,31.53433592419686,-27.16191857513413,swz,NMM,NMVOC
1527,0.003418775519060155,Sigwe,31.6594023333631,-27.07259114844248,swz,NMM,NMVOC
1528,0.003962491693520763,Matsanjeni South,31.724633678774154,-27.216897918466156,swz,NMM,NMVOC
1529,0.001120012694689719,Somntongo,31.88647265075323,-27.224260883938804,swz,NMM,NMVOC
1530,0.0043319619492676485,Lubuli,31.871656751031274,-27.032830900051994,swz,NMM,NMVOC
1531,0.004278726729146399,Sithobela,31.655947353909568,-26.867080532878518,swz,NMM,NMVOC
1532,0.004804338531523936,Nkilongo,31.89239374698797,-26.83443092667109,swz,NMM,NMVOC
1533,0.00535045684434498,Siphofaneni,31.66300159138905,-26.6791978798675,swz,NMM,NMVOC
1534,0.007012305659711542,Mpolonjeni,31.874527778817235,-26.583288999847156,swz,NMM,NMVOC
1535,0.0018366120691975245,Matsanjeni North,32.071056369994956,-26.659618839604153,swz,NMM,NMVOC
1536,0.00399180783769981,Lugongolweni,32.01662145780792,-26.34892589847767,swz,NMM,NMVOC
1537,0.009534872597959036,Dvokodvweni,31.74874438011335,-26.450224696421593,swz,NMM,NMVOC
1538,0.0012780346655433053,Hlane,31.805244033997365,-26.296408623452134,swz,NMM,NMVOC
1539,0.00508184129872723,Mhlume,31.808997857429535,-26.10217970032939,swz,NMM,NMVOC
1540,0.0031287987141716367,Lomahasha,32.003415605057185,-26.06346037693349,swz,NMM,NMVOC
1541,0.017986609299884104,ZAMBIA_CENTRAL_CHIBOMBO_CHISAMBA,28.5661943716429,-14.846792545063325,Zambia,NMM,NMVOC
1542,0.0737431548842974,ZAMBIA_CENTRAL_CHIBOMBO_KATUBA,27.98219959351392,-15.171132204750865,Zambia,NMM,NMVOC
1543,0.019745792510375712,ZAMBIA_CENTRAL_CHIBOMBO_KEEMBE,27.6736546747429,-14.727345017193953,Zambia,NMM,NMVOC
1544,0.02490712598708813,ZAMBIA_CENTRAL_KABWE_BWACHA,28.341941228042526,-14.476746683885342,Zambia,NMM,NMVOC
1545,0.030580326730343724,ZAMBIA_CENTRAL_KABWE_KABWE CENTRAL,28.516948134035072,-14.407877676196723,Zambia,NMM,NMVOC
1546,0.060556286587817615,ZAMBIA_CENTRAL_KAPIRI MPOSHI_KAPIRI MPOSHI,28.102119922151484,-14.120700762098181,Zambia,NMM,NMVOC
1547,0.03536830638479473,ZAMBIA_CENTRAL_MKUSHI_MKUSHI NORTH,29.469436639963092,-13.730329792225124,Zambia,NMM,NMVOC
1548,0.00460416929959717,ZAMBIA_CENTRAL_MKUSHI_MKUSHI SOUTH,29.569217404421003,-14.436411331188475,Zambia,NMM,NMVOC
1549,0.02964038361137246,ZAMBIA_CENTRAL_MUMBWA_MUMBWA,26.364188448292417,-14.900633988434736,Zambia,NMM,NMVOC
1550,0.009174185598385565,ZAMBIA_CENTRAL_MUMBWA_MWEMBESHI,27.701977895362777,-15.40446287674476,Zambia,NMM,NMVOC
1551,0.019858504632561676,ZAMBIA_CENTRAL_MUMBWA_NANGOMA,27.306575058954532,-15.258227671528992,Zambia,NMM,NMVOC
1552,0.014654684360063152,ZAMBIA_CENTRAL_SERENJE_CHITAMBO,30.253472648282777,-12.560317914404294,Zambia,NMM,NMVOC
1553,0.02788439882038836,ZAMBIA_CENTRAL_SERENJE_MUCHINGA,30.687809502617156,-13.471349520459055,Zambia,NMM,NMVOC
1554,0.019378494649129527,ZAMBIA_CENTRAL_SERENJE_SERENJE,30.10589973967512,-13.040469573298045,Zambia,NMM,NMVOC
1555,0.04157091819148051,ZAMBIA_COPPERBELT_CHILILABOMBWE_CHILILABOMBWE,27.81464871496207,-12.361165489706172,Zambia,NMM,NMVOC
1556,0.042906573575209155,ZAMBIA_COPPERBELT_CHINGOLA_CHINGOLA,27.669026385939425,-12.505121590267066,Zambia,NMM,NMVOC
1557,0.019044495921332366,ZAMBIA_COPPERBELT_CHINGOLA_NCHANGA,27.97081023345629,-12.528814058526129,Zambia,NMM,NMVOC
1558,0.0371880727176886,ZAMBIA_COPPERBELT_KALULUSHI_KALULUSHI,27.96391886764875,-12.770501908865587,Zambia,NMM,NMVOC
1559,0.01885876078120015,ZAMBIA_COPPERBELT_KITWE_CHIMWEMWE,28.18492901942876,-12.717092029024544,Zambia,NMM,NMVOC
1560,0.029515800066924405,ZAMBIA_COPPERBELT_KITWE_KAMFINSA,28.35330783309189,-12.8095822567081,Zambia,NMM,NMVOC
1561,0.025524587641157354,ZAMBIA_COPPERBELT_KITWE_KWACHA,28.302830727693767,-12.77594738834159,Zambia,NMM,NMVOC
1562,0.027225652991762758,ZAMBIA_COPPERBELT_KITWE_NKANA,28.16694032204235,-12.811008579347963,Zambia,NMM,NMVOC
1563,0.029455822644042545,ZAMBIA_COPPERBELT_KITWE_WUSAKILE,28.222488074533018,-12.92465702761479,Zambia,NMM,NMVOC
1564,0.028319045980713022,ZAMBIA_COPPERBELT_LUANSHYA_LUANSHYA,28.46004980991987,-13.107078377377691,Zambia,NMM,NMVOC
1565,0.010699020987291759,ZAMBIA_COPPERBELT_LUANSHYA_ROAN,28.303596506825578,-13.06750066483788,Zambia,NMM,NMVOC
1566,0.010279260218890066,ZAMBIA_COPPERBELT_LUFWANYAMA_LUFWANYAMA,27.47764081880377,-12.975834907523659,Zambia,NMM,NMVOC
1567,0.010822286200884917,ZAMBIA_COPPERBELT_MASAITI_KAFULAFUTA,28.808078308441427,-13.326356335242059,Zambia,NMM,NMVOC
1568,0.006135566883091735,ZAMBIA_COPPERBELT_MASAITI_MASAITI,28.553011385110448,-13.359027007303364,Zambia,NMM,NMVOC
1569,0.01104481627793587,ZAMBIA_COPPERBELT_MPONGWE_MPONGWE,27.790650304373813,-13.595789579892758,Zambia,NMM,NMVOC
1570,0.013611906571763026,ZAMBIA_COPPERBELT_MUFULIRA_KANKOYO,28.155127636110944,-12.495158993380908,Zambia,NMM,NMVOC
1571,0.016417970406560074,ZAMBIA_COPPERBELT_MUFULIRA_KANTANSHI,28.326104841902225,-12.506850254258554,Zambia,NMM,NMVOC
1572,0.03232921507337214,ZAMBIA_COPPERBELT_MUFULIRA_MUFULIRA,28.338024388673514,-12.6431226302504,Zambia,NMM,NMVOC
1573,0.06336326692790034,ZAMBIA_COPPERBELT_NDOLA_BWANA MKUBWA,28.64549902864361,-13.056256733012118,Zambia,NMM,NMVOC
1574,0.01768247520839862,ZAMBIA_COPPERBELT_NDOLA_CHIFUBU,28.60823451656592,-12.89879660397216,Zambia,NMM,NMVOC
1575,0.005103562402910478,ZAMBIA_COPPERBELT_NDOLA_KABUSHI,28.627156043953665,-13.001741922109233,Zambia,NMM,NMVOC
1576,0.042314085724505436,ZAMBIA_COPPERBELT_NDOLA_NDOLA,28.49890269696238,-12.901589820311179,Zambia,NMM,NMVOC
1577,0.01642057634938717,ZAMBIA_EASTERN_CHADIZA_CHADIZA,32.39627549044243,-14.079002215254139,Zambia,NMM,NMVOC
1578,0.03258321810439091,ZAMBIA_EASTERN_CHADIZA_VUBWI,32.76493860383449,-14.052840040124526,Zambia,NMM,NMVOC
1579,0.031579312296305596,ZAMBIA_EASTERN_CHIPATA_CHIPANGALI,32.638200923536886,-13.30842953137994,Zambia,NMM,NMVOC
1580,0.05112828373059331,ZAMBIA_EASTERN_CHIPATA_CHIPATA,32.60383734056898,-13.637216206455038,Zambia,NMM,NMVOC
1581,0.0249711398824529,ZAMBIA_EASTERN_CHIPATA_KASENENGWA,32.26713323087467,-13.669423091567161,Zambia,NMM,NMVOC
1582,0.020589857401702084,ZAMBIA_EASTERN_CHIPATA_LUANGENI,32.605070390811335,-13.843705990807868,Zambia,NMM,NMVOC
1583,0.014669021735629253,ZAMBIA_EASTERN_KATETE_MILANZI,32.16528245031478,-14.1891307534823,Zambia,NMM,NMVOC
1584,0.03602068991543154,ZAMBIA_EASTERN_KATETE_MKAIKA,31.9768863225823,-13.972148532747518,Zambia,NMM,NMVOC
1585,0.02261950527550001,ZAMBIA_EASTERN_KATETE_SINDA,31.73979584134408,-14.178052121693852,Zambia,NMM,NMVOC
1586,0.03252387430589471,ZAMBIA_EASTERN_LUNDAZI_CHASEFU,33.05328766635874,-11.996456926575963,Zambia,NMM,NMVOC
1587,0.025637386160687673,ZAMBIA_EASTERN_LUNDAZI_LUMEZI,32.5895037879343,-12.649881756316528,Zambia,NMM,NMVOC
1588,0.035075175190840094,ZAMBIA_EASTERN_LUNDAZI_LUNDAZI,33.2259898380257,-12.406307107286958,Zambia,NMM,NMVOC
1589,0.018667842881613533,ZAMBIA_EASTERN_MAMBWE_MALAMBO,31.981789689929077,-13.346646229523834,Zambia,NMM,NMVOC
1590,0.02277241304222749,ZAMBIA_EASTERN_NYIMBA_NYIMBA,30.58228012538245,-14.399411197527083,Zambia,NMM,NMVOC
1591,0.03683647121325576,ZAMBIA_EASTERN_PETAUKE_KAPOCHE,31.494550896982194,-14.472461671217527,Zambia,NMM,NMVOC
1592,0.015087683132533706,ZAMBIA_EASTERN_PETAUKE_MSANZALA,31.295942721648927,-14.317042186360203,Zambia,NMM,NMVOC
1593,0.03958515661793536,ZAMBIA_EASTERN_PETAUKE_PETAUKE,31.395540922703685,-13.831094629172307,Zambia,NMM,NMVOC
1594,0.034676623556862386,ZAMBIA_LUAPULA_CHIENGE_CHIENGE,29.126088992773784,-8.743468946806065,Zambia,NMM,NMVOC
1595,0.012821800565183276,ZAMBIA_LUAPULA_KAWAMBWA_KAWAMBWA,29.075760100164228,-9.771943441852208,Zambia,NMM,NMVOC
1596,0.01186158851754185,ZAMBIA_LUAPULA_KAWAMBWA_MWANSABOMBWE,28.789708265128425,-9.924894823988827,Zambia,NMM,NMVOC
1597,0.010748208911591603,ZAMBIA_LUAPULA_KAWAMBWA_PAMBASHE,29.50887712310463,-9.839951270716938,Zambia,NMM,NMVOC
1598,0.057351615915042335,ZAMBIA_LUAPULA_MANSA_BAHATI,28.96351540414113,-11.185629960923388,Zambia,NMM,NMVOC
1599,0.04675038074357675,ZAMBIA_LUAPULA_MANSA_MANSA,28.819764023233848,-11.47139263102599,Zambia,NMM,NMVOC
1600,0.005975469765750209,ZAMBIA_LUAPULA_MILENGE_CHEMBE,29.17293034277804,-11.937612639540122,Zambia,NMM,NMVOC
1601,0.006725200890458151,ZAMBIA_LUAPULA_MWENSE_CHIPILI,29.127537230682734,-10.416802146820574,Zambia,NMM,NMVOC
1602,0.006072418007170487,ZAMBIA_LUAPULA_MWENSE_MAMBILIMA,28.708979324819012,-10.72243901358301,Zambia,NMM,NMVOC
1603,0.03891495464055891,ZAMBIA_LUAPULA_MWENSE_MWENSE,28.704288885428422,-10.233840547996117,Zambia,NMM,NMVOC
1604,0.056354891976617284,ZAMBIA_LUAPULA_NCHELENGE_NCHELENGE,28.799279562604337,-9.357480292222682,Zambia,NMM,NMVOC
1605,0.022506598445837498,ZAMBIA_LUAPULA_SAMFYA_BANGEULU,29.625015084138838,-11.781064127014634,Zambia,NMM,NMVOC
1606,0.01710537696091937,ZAMBIA_LUAPULA_SAMFYA_CHIFUNABULI,29.66126127594006,-11.049808045494856,Zambia,NMM,NMVOC
1607,0.004721808358803014,ZAMBIA_LUAPULA_SAMFYA_LUAPULA,30.081224160051487,-11.57555382096848,Zambia,NMM,NMVOC
1608,0.08306313278092389,ZAMBIA_LUSAKA_CHONGWE_CHONGWE,28.62232043220776,-15.375229425875759,Zambia,NMM,NMVOC
1609,0.015627531112397484,ZAMBIA_LUSAKA_CHONGWE_RUFUNSA,29.502907057767036,-15.155837602230632,Zambia,NMM,NMVOC
1610,0.08812791767751216,ZAMBIA_LUSAKA_KAFUE_CHILANGA,28.066936325812314,-15.44535490638688,Zambia,NMM,NMVOC
1611,0.04963384686789524,ZAMBIA_LUSAKA_KAFUE_KAFUE,28.633553227376076,-15.719700213855967,Zambia,NMM,NMVOC
1612,0.006862507235251735,ZAMBIA_LUSAKA_LUANGWA_FEIRA,30.001466666180438,-15.436979115223238,Zambia,NMM,NMVOC
1613,0.037895524695355565,ZAMBIA_LUSAKA_LUSAKA_CHAWAMA,28.277892786058786,-15.494825189970678,Zambia,NMM,NMVOC
1614,0.035831495288315626,ZAMBIA_LUSAKA_LUSAKA_KABWATA,28.313576899992587,-15.469141457864835,Zambia,NMM,NMVOC
1615,0.11400353459207394,ZAMBIA_LUSAKA_LUSAKA_KANYAMA,28.241833786918246,-15.448835877623589,Zambia,NMM,NMVOC
1616,0.06053635191206223,ZAMBIA_LUSAKA_LUSAKA_LUSAKA CENTRAL,28.385718227507034,-15.443614423440085,Zambia,NMM,NMVOC
1617,0.06492783943372854,ZAMBIA_LUSAKA_LUSAKA_MANDEVU,28.30690375089146,-15.355502657994798,Zambia,NMM,NMVOC
1618,0.06490699644533966,ZAMBIA_LUSAKA_LUSAKA_MATERO,28.24892453686191,-15.368176359794754,Zambia,NMM,NMVOC
1619,0.04750574205248097,ZAMBIA_LUSAKA_LUSAKA_MUNALI,28.36012897447861,-15.383652678329005,Zambia,NMM,NMVOC
1620,0.0095208333484437125,ZAMBIA_MUCHINGA_CHAMA_CHAMA NORTH,32.81643744468033,-10.880583533092976,Zambia,NMM,NMVOC
1621,0.021669522415311195,ZAMBIA_MUCHINGA_CHAMA_CHAMA SOUTH,32.78471054140707,-11.6247965412926,Zambia,NMM,NMVOC
1622,0.023044187109828525,ZAMBIA_MUCHINGA_CHINSALI_CHINSALI,32.20205651587303,-10.323776635389398,Zambia,NMM,NMVOC
1623,0.01654753576592173,ZAMBIA_MUCHINGA_CHINSALI_SHIWANGANDU,31.721073704369985,-11.018271642196154,Zambia,NMM,NMVOC
1624,0.025933084100687908,ZAMBIA_MUCHINGA_ISOKA_ISOKA,32.83157916201906,-10.015458694518209,Zambia,NMM,NMVOC
1625,0.021772916534025178,ZAMBIA_MUCHINGA_MAFINGA_MAFINGA,33.320064435132885,-10.350038785725467,Zambia,NMM,NMVOC
1626,0.020171317543396905,ZAMBIA_MUCHINGA_MPIKA_KANCHIBIYA,30.767597782864076,-11.793121981043948,Zambia,NMM,NMVOC
1627,0.0070330295469027675,ZAMBIA_MUCHINGA_MPIKA_MFUWE,31.68140990235467,-12.460736570531072,Zambia,NMM,NMVOC
1628,0.029573783247731633,ZAMBIA_MUCHINGA_MPIKA_MPIKA,31.600995341696276,-11.82141862258269,Zambia,NMM,NMVOC
1629,0.05025480583462513,ZAMBIA_MUCHINGA_NAKONDE_NAKONDE,32.59445867875421,-9.48933692360338,Zambia,NMM,NMVOC
1630,0.010978683925045616,ZAMBIA_NORTH-WESTERN_CHAVUMA_CHAVUMA,22.42573267284074,-13.22307607264871,Zambia,NMM,NMVOC
1631,0.009765863620126906,ZAMBIA_NORTH-WESTERN_IKELENGE_IKELENGE,24.265566159411794,-11.264693559055068,Zambia,NMM,NMVOC
1632,0.014105247266309925,ZAMBIA_NORTH-WESTERN_KABOMPO_KABOMPO EAST,24.333259981075226,-13.000787615759398,Zambia,NMM,NMVOC
1633,0.013100487261259171,ZAMBIA_NORTH-WESTERN_KABOMPO_KABOMPO WEST,23.967433420364337,-13.543246354862898,Zambia,NMM,NMVOC
1634,0.016079624574173074,ZAMBIA_NORTH-WESTERN_KASEMPA_KASEMPA,26.225215837797798,-13.697546089000006,Zambia,NMM,NMVOC
1635,0.016036848320623496,ZAMBIA_NORTH-WESTERN_MUFUMBWE_MUFUMBWE,25.222580629080518,-13.82667330878823,Zambia,NMM,NMVOC
1636,0.02895052503599908,ZAMBIA_NORTH-WESTERN_MWINILUNGA_MWINILUNGA,24.66864327756739,-12.00169258239465,Zambia,NMM,NMVOC
1637,0.039164745891001766,ZAMBIA_NORTH-WESTERN_SOLWEZI_SOLWEZI CENTRAL,26.44180853806062,-12.23351559486465,Zambia,NMM,NMVOC
1638,0.021600408566891223,ZAMBIA_NORTH-WESTERN_SOLWEZI_SOLWEZI EAST,26.924860431725694,-12.47471580400728,Zambia,NMM,NMVOC
1639,0.022768964536934423,ZAMBIA_NORTH-WESTERN_SOLWEZI_SOLWEZI WEST,25.64177287198704,-12.432625474734706,Zambia,NMM,NMVOC
1640,0.020449954274918056,ZAMBIA_NORTH-WESTERN_ZAMBEZI_ZAMBEZI EAST,23.352098742368717,-13.506899960265104,Zambia,NMM,NMVOC
1641,0.006552881462924545,ZAMBIA_NORTH-WESTERN_ZAMBEZI_ZAMBEZI WEST,22.68845582256741,-13.661697661175266,Zambia,NMM,NMVOC
1642,0.02232066470612391,ZAMBIA_NORTHERN_CHILUBI_CHILUBI,30.23872612353324,-11.097573495570215,Zambia,NMM,NMVOC
1643,0.008484443945226789,ZAMBIA_NORTHERN_KAPUTA_CHIMBAMILONGA,30.119408096016002,-8.840847206858331,Zambia,NMM,NMVOC
1644,0.01871789498730928,ZAMBIA_NORTHERN_KAPUTA_KAPUTA,29.670380201705797,-8.747788369420219,Zambia,NMM,NMVOC
1645,0.04350933840042995,ZAMBIA_NORTHERN_KASAMA_KASAMA,30.925954822365615,-10.044291996416009,Zambia,NMM,NMVOC
1646,0.038767113835951966,ZAMBIA_NORTHERN_KASAMA_LUKASHYA,30.961511545081454,-10.567400463097538,Zambia,NMM,NMVOC
1647,0.020534174387037224,ZAMBIA_NORTHERN_LUWINGU_LUBASENSHI,30.35622609217487,-10.619038732815206,Zambia,NMM,NMVOC
1648,0.01893437079257488,ZAMBIA_NORTHERN_LUWINGU_LUPOSOSHI,29.69126154256829,-10.62270072169756,Zambia,NMM,NMVOC
1649,0.03786490142534524,ZAMBIA_NORTHERN_MBALA_MBALA,31.42437500732999,-8.951021217432977,Zambia,NMM,NMVOC
1650,0.02431976681043538,ZAMBIA_NORTHERN_MBALA_NSENGA HILL,31.655127392254517,-9.319794073965294,Zambia,NMM,NMVOC
1651,0.015585933823444286,ZAMBIA_NORTHERN_MPOROKOSO_LUNTE,30.403652875074233,-9.823323451491882,Zambia,NMM,NMVOC
1652,0.0114460636489466,ZAMBIA_NORTHERN_MPOROKOSO_MPOROKOSO,29.883883348105797,-9.437855153817008,Zambia,NMM,NMVOC
1653,0.031099973466915943,ZAMBIA_NORTHERN_MPULUNGU_MPULUNGU,30.78636919692387,-8.968610296667714,Zambia,NMM,NMVOC
1654,0.03899123593692857,ZAMBIA_NORTHERN_MUNGWI_MALOLE,31.728489567287085,-9.896913955738247,Zambia,NMM,NMVOC
1655,0.047353911635206566,ZAMBIA_SOUTHERN_CHOMA_CHOMA,27.03480670841098,-16.91005369465202,Zambia,NMM,NMVOC
1656,0.007387769347058514,ZAMBIA_SOUTHERN_CHOMA_MBABALA,26.878091190949394,-16.397242287620944,Zambia,NMM,NMVOC
1657,0.013040607287139707,ZAMBIA_SOUTHERN_CHOMA_PEMBA,27.389336109531165,-16.6922264694868,Zambia,NMM,NMVOC
1658,0.010087281095650272,ZAMBIA_SOUTHERN_GWEMBE_GWEMBE,27.902856111757792,-16.68233138263457,Zambia,NMM,NMVOC
1659,0.02230280371180181,ZAMBIA_SOUTHERN_ITEZHI-TEZHI_ITEZHI-TEZHI,26.020217543791258,-15.7607528165834,Zambia,NMM,NMVOC
1660,0.019979510709768045,ZAMBIA_SOUTHERN_KALOMO_DUNDUMWEZI,26.347684943863122,-16.562181114840755,Zambia,NMM,NMVOC
1661,0.037713172484898104,ZAMBIA_SOUTHERN_KALOMO_KALOMO CENTRAL,26.543830205005484,-17.04577047621827,Zambia,NMM,NMVOC
1662,0.01944025563759874,ZAMBIA_SOUTHERN_KALOMO_MAPATIZYA,26.573648865923055,-17.60560978993712,Zambia,NMM,NMVOC
1663,0.026295089763546827,ZAMBIA_SOUTHERN_KAZUNGULA_KATOMBOLA,25.620145077663306,-17.10654461326524,Zambia,NMM,NMVOC
1664,0.0452159856841208,ZAMBIA_SOUTHERN_LIVINGSTONE_LIVINGSTONE,25.839580948996286,-17.78612641067007,Zambia,NMM,NMVOC
1665,0.016510248267840363,ZAMBIA_SOUTHERN_MAZABUKA_CHIKANKANTA,28.249723480811323,-16.043422007395407,Zambia,NMM,NMVOC
1666,0.017294841281724472,ZAMBIA_SOUTHERN_MAZABUKA_MAGOYE,27.622182683908022,-15.892078551482996,Zambia,NMM,NMVOC
1667,0.026469027595174822,ZAMBIA_SOUTHERN_MAZABUKA_MAZABUKA,27.866970138091503,-15.883245062553383,Zambia,NMM,NMVOC
1668,0.028722851212992194,ZAMBIA_SOUTHERN_MONZE_BWEENGWA,27.295625399394282,-16.052573578414865,Zambia,NMM,NMVOC
1669,0.016378356087107103,ZAMBIA_SOUTHERN_MONZE_MONZE,27.424178441098487,-16.37563866559767,Zambia,NMM,NMVOC
1670,0.0053140085451693405,ZAMBIA_SOUTHERN_MONZE_MOOMBA,27.74187104427267,-16.27482011727548,Zambia,NMM,NMVOC
1671,0.027664813804327698,ZAMBIA_SOUTHERN_NAMWALA_NAMWALA,26.754936143714463,-15.941500457068749,Zambia,NMM,NMVOC
1672,0.022848512531747474,ZAMBIA_SOUTHERN_SIAVONGA_SIAVONGA,28.558985238419726,-16.299401498003242,Zambia,NMM,NMVOC
1673,0.033980122669272333,ZAMBIA_SOUTHERN_SINAZONGWE_SINAZONGWE,27.2807179112331,-17.412421319914454,Zambia,NMM,NMVOC
1674,0.00844131695535967,ZAMBIA_WESTERN_KALABO_KALABO,22.668138967214684,-15.307899116519774,Zambia,NMM,NMVOC
1675,0.009615862000183426,ZAMBIA_WESTERN_KALABO_LIUWA,22.52502997101939,-14.544065929033211,Zambia,NMM,NMVOC
1676,0.01380689170678755,ZAMBIA_WESTERN_KALABO_SIKONGO,22.23056038773834,-15.257742796071241,Zambia,NMM,NMVOC
1677,0.012675463169176303,ZAMBIA_WESTERN_KAOMA_KAOMA CENTRAL,25.04922080679012,-14.711954129645061,Zambia,NMM,NMVOC
1678,0.015743412359455478,ZAMBIA_WESTERN_KAOMA_LUAMPA,24.7584458265249,-15.368086057238425,Zambia,NMM,NMVOC
1679,0.024903730528242882,ZAMBIA_WESTERN_KAOMA_MANGANGO,24.20746270318245,-14.68910855437414,Zambia,NMM,NMVOC
1680,0.017396410708858903,ZAMBIA_WESTERN_LUKULU_LUKULU EAST,23.81996806853094,-14.315822982748186,Zambia,NMM,NMVOC
1681,0.009837621573831168,ZAMBIA_WESTERN_LUKULU_LUKULU WEST,22.70316851981578,-14.164055699101722,Zambia,NMM,NMVOC
1682,0.011937000863692057,ZAMBIA_WESTERN_MONGU_LUENA,23.38135094476587,-14.985379948947877,Zambia,NMM,NMVOC
1683,0.034752118442594536,ZAMBIA_WESTERN_MONGU_MONGU,23.068428950456155,-15.31687093689524,Zambia,NMM,NMVOC
1684,0.0072055255443048,ZAMBIA_WESTERN_MONGU_NALIKWANDA,23.72533656058688,-15.414725554230015,Zambia,NMM,NMVOC
1685,0.017072510433462414,ZAMBIA_WESTERN_SENANGA_NALOLO,22.99253670582597,-15.779390158424558,Zambia,NMM,NMVOC
1686,0.013565408768781564,ZAMBIA_WESTERN_SENANGA_SENANGA,23.792887275411474,-16.016325554311614,Zambia,NMM,NMVOC
1687,0.008868756130722213,ZAMBIA_WESTERN_SESHEKE_MULOBEZI,24.724112710511307,-16.289759152706516,Zambia,NMM,NMVOC
1688,0.00204260260229958,ZAMBIA_WESTERN_SESHEKE_MWANDI,24.670803007655817,-17.12205319673227,Zambia,NMM,NMVOC
1689,0.01329474604283273,ZAMBIA_WESTERN_SESHEKE_SESHEKE,23.916635107519514,-17.092487993044916,Zambia,NMM,NMVOC
1690,0.023704134732601564,ZAMBIA_WESTERN_SHANGOMBO_SINJEMBELA,22.839280468061588,-16.556734241433883,Zambia,NMM,NMVOC
1691,0.19056407889442223,ZIMBABWE_BULAWAYO_BULAWAYO,28.55567706568358,-20.121806460207072,Zimbabwe,NMM,NMVOC
1692,0.027647470819705394,ZIMBABWE_HARARE_CHITUNGWIZA,31.062838912942162,-18.014236385326917,Zimbabwe,NMM,NMVOC
1693,0.019044400708910565,ZIMBABWE_HARARE_EPWORTH,31.158844682035582,-17.895344948865215,Zimbabwe,NMM,NMVOC
1694,0.07654478981011224,ZIMBABWE_HARARE_HARARE RURAL,31.033297352175815,-17.944938825553283,Zimbabwe,NMM,NMVOC
1695,0.43722370881697675,ZIMBABWE_HARARE_HARARE URBAN,31.053673281248084,-17.8087732583129,Zimbabwe,NMM,NMVOC
1696,0.057792130365392304,ZIMBABWE_MANICALAND_BUHERA,31.868285637589167,-19.44901571975412,Zimbabwe,NMM,NMVOC
1697,0.043844521180754784,ZIMBABWE_MANICALAND_CHIMANIMANI,32.72164024280516,-19.784108007827292,Zimbabwe,NMM,NMVOC
1698,0.08178950463652868,ZIMBABWE_MANICALAND_CHIPINGE RURAL,32.47381587494327,-20.496658221164754,Zimbabwe,NMM,NMVOC
1699,0.0011175901830059256,ZIMBABWE_MANICALAND_CHIPINGE URBAN,32.62525066931281,-20.203342282599305,Zimbabwe,NMM,NMVOC
1700,0.06807956509601218,ZIMBABWE_MANICALAND_MAKONI,32.182681398233086,-18.362321102437782,Zimbabwe,NMM,NMVOC
1701,0.0772818530664219,ZIMBABWE_MANICALAND_MUTARE RURAL,32.42405654036695,-19.23143328486722,Zimbabwe,NMM,NMVOC
1702,0.03419640312166575,ZIMBABWE_MANICALAND_MUTARE URBAN,32.620103748244716,-18.993444874807192,Zimbabwe,NMM,NMVOC
1703,0.06187704524778241,ZIMBABWE_MANICALAND_MUTASA,32.708920145094964,-18.63951558406826,Zimbabwe,NMM,NMVOC
1704,0.024820145586631027,ZIMBABWE_MANICALAND_NYANGA,32.75779759089013,-17.937869291717597,Zimbabwe,NMM,NMVOC
1705,0.0022957440534348656,ZIMBABWE_MANICALAND_RUSAPE,32.13124708351301,-18.538249469398476,Zimbabwe,NMM,NMVOC
1706,0.03707171050509405,ZIMBABWE_MASHONALAND CENTRAL_BINDURA,31.308333991475948,-17.245810503074562,Zimbabwe,NMM,NMVOC
1707,0.001969155648772515,ZIMBABWE_MASHONALAND CENTRAL_BINDURA URBAN,31.338858234356994,-17.3093886532423,Zimbabwe,NMM,NMVOC
1708,0.031248313637703844,ZIMBABWE_MASHONALAND CENTRAL_CENTENARY,31.143553067008124,-16.426346851768386,Zimbabwe,NMM,NMVOC
1709,0.024501426698414527,ZIMBABWE_MASHONALAND CENTRAL_GURUVE,30.657935830574306,-16.684420866652317,Zimbabwe,NMM,NMVOC
1710,0.07924613816311771,ZIMBABWE_MASHONALAND CENTRAL_MAZOWE,30.931668747440714,-17.252158251526673,Zimbabwe,NMM,NMVOC
1711,0.010588505852470526,ZIMBABWE_MASHONALAND CENTRAL_MBIRE,30.519312056760068,-16.11820181165008,Zimbabwe,NMM,NMVOC
1712,0.05932838428415947,ZIMBABWE_MASHONALAND CENTRAL_MOUNT DARWIN,31.651491668814078,-16.571909628015707,Zimbabwe,NMM,NMVOC
1713,3.8609830790370777e-4,ZIMBABWE_MASHONALAND CENTRAL_MVURI,30.85020407197247,-17.024637648570337,Zimbabwe,NMM,NMVOC
1714,0.02692515325619136,ZIMBABWE_MASHONALAND CENTRAL_RUSHINGA,32.294391117865416,-16.608502576184932,Zimbabwe,NMM,NMVOC
1715,0.02701142810868802,ZIMBABWE_MASHONALAND CENTRAL_SHAMVA,31.63881570830867,-17.094658891017033,Zimbabwe,NMM,NMVOC
1716,0.026489629523166684,ZIMBABWE_MASHONALAND EAST_CHIKOMBA,31.10402641900697,-18.890937479797454,Zimbabwe,NMM,NMVOC
1717,0.07689856962422606,ZIMBABWE_MASHONALAND EAST_GOROMONZI,31.33811610926192,-17.784846519288877,Zimbabwe,NMM,NMVOC
1718,0.016424975510319188,ZIMBABWE_MASHONALAND EAST_HWEDZA,31.63567042276917,-18.735938924713302,Zimbabwe,NMM,NMVOC
1719,0.03487647667649019,ZIMBABWE_MASHONALAND EAST_MARONDERA,31.497737809885596,-18.2710373540706,Zimbabwe,NMM,NMVOC
1720,0.005318341724701078,ZIMBABWE_MASHONALAND EAST_MARONDERA URBAN,31.548361807518038,-18.199991583553473,Zimbabwe,NMM,NMVOC
1721,0.037950670995240354,ZIMBABWE_MASHONALAND EAST_MUDZI,32.63753498981691,-17.031754865127553,Zimbabwe,NMM,NMVOC
1722,0.045309571989559295,ZIMBABWE_MASHONALAND EAST_MUREHWA,31.821688822036187,-17.796798612607663,Zimbabwe,NMM,NMVOC
1723,0.026973894478177253,ZIMBABWE_MASHONALAND EAST_MUTOKO,32.27426153980204,-17.444387012058822,Zimbabwe,NMM,NMVOC
1724,0.01086352497057631,ZIMBABWE_MASHONALAND EAST_RUWA LOCAL BOARD,31.228165448921906,-17.884607511234528,Zimbabwe,NMM,NMVOC
1725,0.0900555819540865,ZIMBABWE_MASHONALAND EAST_SEKE,30.953065122788516,-18.254181114854948,Zimbabwe,NMM,NMVOC
1726,0.025554731042334095,ZIMBABWE_MASHONALAND EAST_UZUMBA-MARAMBA-PFUNGWE,32.043136848699056,-17.081573218275697,Zimbabwe,NMM,NMVOC
1727,0.0437699442836258,ZIMBABWE_MASHONALAND WEST_CHEGUTU,30.395139990113776,-18.143600800629375,Zimbabwe,NMM,NMVOC
1728,0.005164527457234963,ZIMBABWE_MASHONALAND WEST_CHEGUTU URBAN,30.13470538711357,-18.12439557940687,Zimbabwe,NMM,NMVOC
1729,0.012922504720664309,ZIMBABWE_MASHONALAND WEST_CHINHOYI,30.129570688206996,-17.358929514724238,Zimbabwe,NMM,NMVOC
1730,0.11493428984544254,ZIMBABWE_MASHONALAND WEST_HURUNGWE,29.53703485277088,-16.437165238308324,Zimbabwe,NMM,NMVOC
1731,0.02287327467489794,ZIMBABWE_MASHONALAND WEST_KADOMA,29.92798975734448,-18.33918663580368,Zimbabwe,NMM,NMVOC
1732,0.02078831494979711,ZIMBABWE_MASHONALAND WEST_KARIBA,28.61128807360195,-16.89292695403643,Zimbabwe,NMM,NMVOC
1733,0.0019805648703702197,ZIMBABWE_MASHONALAND WEST_KARIBA URBAN,28.808652741937127,-16.523383393233598,Zimbabwe,NMM,NMVOC
1734,8.734911318358384e-4,ZIMBABWE_MASHONALAND WEST_KAROI,29.694591418294163,-16.820573750915116,Zimbabwe,NMM,NMVOC
1735,0.044993240137800164,ZIMBABWE_MASHONALAND WEST_MAKONDE,30.012073182765725,-17.123223173134424,Zimbabwe,NMM,NMVOC
1736,0.029707750229188208,ZIMBABWE_MASHONALAND WEST_MHONDORONGEZI,30.163967503298224,-18.577761621097395,Zimbabwe,NMM,NMVOC
1737,0.00635723714409771,ZIMBABWE_MASHONALAND WEST_NORTON,30.678320648378314,-17.88198298430611,Zimbabwe,NMM,NMVOC
1738,0.04494123749597484,ZIMBABWE_MASHONALAND WEST_SANYATI,29.581196326682427,-18.02169161774344,Zimbabwe,NMM,NMVOC
1739,0.059118595231780494,ZIMBABWE_MASHONALAND WEST_ZVIMBA,30.44738003368097,-17.503589961775102,Zimbabwe,NMM,NMVOC
1740,0.045777854633391485,ZIMBABWE_MASVINGO_BIKITA,31.91211467778198,-20.145279592483647,Zimbabwe,NMM,NMVOC
1741,0.08263242523342848,ZIMBABWE_MASVINGO_CHIREDZI RURAL,31.683341413535224,-21.347708807444196,Zimbabwe,NMM,NMVOC
1742,0.0025153679674288325,ZIMBABWE_MASVINGO_CHIREDZI URBAN,31.67971758814407,-21.029338840368688,Zimbabwe,NMM,NMVOC
1743,0.0624810525151925,ZIMBABWE_MASVINGO_CHIVI,30.575374256749075,-20.490369810018144,Zimbabwe,NMM,NMVOC
1744,0.04264775119814039,ZIMBABWE_MASVINGO_GUTU,31.242523750576176,-19.610801584902255,Zimbabwe,NMM,NMVOC
1745,0.010816609092364695,ZIMBABWE_MASVINGO_MASVINGO,30.83494037723815,-20.07306774396139,Zimbabwe,NMM,NMVOC
1746,0.08489276496517754,ZIMBABWE_MASVINGO_MASVINGO RURAL,30.910738382293413,-20.260376828144526,Zimbabwe,NMM,NMVOC
1747,0.0381056655638459,ZIMBABWE_MASVINGO_MWENEZI,30.691741175078764,-21.36544378064084,Zimbabwe,NMM,NMVOC
1748,0.05524289685470588,ZIMBABWE_MASVINGO_ZAKA,31.42731784993799,-20.386700025852814,Zimbabwe,NMM,NMVOC
1749,0.04512433495549449,ZIMBABWE_MATABELELAND NORTH_BINGA,27.656210711179945,-17.789917553155632,Zimbabwe,NMM,NMVOC
1750,0.023834717406659087,ZIMBABWE_MATABELELAND NORTH_BUBI,28.685180931499218,-19.513947345699094,Zimbabwe,NMM,NMVOC
1751,0.03057713236956713,ZIMBABWE_MATABELELAND NORTH_HWANGE,26.423179889687354,-18.71113404476513,Zimbabwe,NMM,NMVOC
1752,0.007427102940076616,ZIMBABWE_MATABELELAND NORTH_HWANGE URBAN,26.46801043565975,-18.372016600758958,Zimbabwe,NMM,NMVOC
1753,0.0309681728051301,ZIMBABWE_MATABELELAND NORTH_LUPANE,27.79328072988368,-18.839114218902946,Zimbabwe,NMM,NMVOC
1754,0.02673428336552795,ZIMBABWE_MATABELELAND NORTH_NKAYI,28.661176006857257,-18.88355717575602,Zimbabwe,NMM,NMVOC
1755,0.025855898866098143,ZIMBABWE_MATABELELAND NORTH_TSHOLOTSHO,27.414283617138953,-19.61964010445645,Zimbabwe,NMM,NMVOC
1756,0.02701763563902244,ZIMBABWE_MATABELELAND NORTH_UMGUZA,28.271066028232603,-19.819869340116053,Zimbabwe,NMM,NMVOC
1757,0.0030023883626247895,ZIMBABWE_MATABELELAND NORTH_VICTORIA FALLS,25.829883287476026,-17.92990704990956,Zimbabwe,NMM,NMVOC
1758,0.018693805456012326,ZIMBABWE_MATABELELAND SOUTH_BEITBRIDGE RURAL,30.032227315484988,-21.908181587615122,Zimbabwe,NMM,NMVOC
1759,0.0027369117720046866,ZIMBABWE_MATABELELAND SOUTH_BEITBRIDGE URBAN,30.005198690269744,-22.19816655945671,Zimbabwe,NMM,NMVOC
1760,0.02385191627693951,ZIMBABWE_MATABELELAND SOUTH_BULILIMA,27.573442352722388,-20.169421371289143,Zimbabwe,NMM,NMVOC
1761,0.034602005560448804,ZIMBABWE_MATABELELAND SOUTH_GWANDA,29.162201344353758,-21.236732145513137,Zimbabwe,NMM,NMVOC
1762,6.59473729910024e-4,ZIMBABWE_MATABELELAND SOUTH_GWANDA URBAN,29.001018112960306,-20.93393035805012,Zimbabwe,NMM,NMVOC
1763,0.02723621456930785,ZIMBABWE_MATABELELAND SOUTH_INSIZA,29.405124054354932,-20.257921118201494,Zimbabwe,NMM,NMVOC
1764,0.026551408512187333,ZIMBABWE_MATABELELAND SOUTH_MATOBO,28.491004036525954,-20.955582194378135,Zimbabwe,NMM,NMVOC
1765,0.0016868888451932412,ZIMBABWE_MATABELELAND SOUTH_PLUMTREE,27.816351882493578,-20.50409730643698,Zimbabwe,NMM,NMVOC
1766,0.015924693659481588,ZIMBABWE_MATABELELAND SOUTH_UMZINGWANE,28.94552119766589,-20.34465698117629,Zimbabwe,NMM,NMVOC
1767,0.02247926320319473,ZIMBABWE_MIDLANDS_CHIRUMANZU,30.481519343037423,-19.319633373328976,Zimbabwe,NMM,NMVOC
1768,0.07076662283381988,ZIMBABWE_MIDLANDS_GOKWE NORTH,28.837677893701187,-17.570419471118004,Zimbabwe,NMM,NMVOC
1769,0.08138616175236194,ZIMBABWE_MIDLANDS_GOKWE SOUTH,28.645633627572618,-18.206523936363304,Zimbabwe,NMM,NMVOC
1770,0.0011909773430718166,ZIMBABWE_MIDLANDS_GOKWE TOWN,28.940176689013466,-18.22128365220127,Zimbabwe,NMM,NMVOC
1771,0.02687565370066623,ZIMBABWE_MIDLANDS_GWERU,29.817923337717286,-19.45269647021317,Zimbabwe,NMM,NMVOC
1772,0.0405427876040712,ZIMBABWE_MIDLANDS_GWERU RURAL,29.63690224470826,-19.466810605052125,Zimbabwe,NMM,NMVOC
1773,0.01640539750422107,ZIMBABWE_MIDLANDS_KWEKWE,29.81635406697312,-18.917482667926965,Zimbabwe,NMM,NMVOC
1774,0.06930292341206316,ZIMBABWE_MIDLANDS_KWEKWE RURAL,29.551841911899576,-18.878863937431618,Zimbabwe,NMM,NMVOC
1775,0.05731995711659924,ZIMBABWE_MIDLANDS_MBERENGWA,30.01016178871132,-20.74365987883918,Zimbabwe,NMM,NMVOC
1776,0.007105879744299624,ZIMBABWE_MIDLANDS_REDCLIFF,29.76586767080143,-19.022868422004397,Zimbabwe,NMM,NMVOC
1777,0.007236954498818914,ZIMBABWE_MIDLANDS_SHURUGWI,29.99793599865513,-19.69370465973288,Zimbabwe,NMM,NMVOC
1778,0.021957472624884546,ZIMBABWE_MIDLANDS_SHURUGWI RURAL,30.15294241347956,-19.750231393050633,Zimbabwe,NMM,NMVOC
1779,0.027740154763152575,ZIMBABWE_MIDLANDS_ZVISHAVANE,30.078676585245802,-20.27716243014893,Zimbabwe,NMM,NMVOC
1780,0.007183974225798866,ZIMBABWE_MIDLANDS_ZVISHAVANE MINE,30.053840966799243,-20.319854351134133,Zimbabwe,NMM,NMVOC
1781,0.014139321371293364,ZIMBABWE_MATABELELAND SOUTH_MANGWE,28.019398455119735,-20.990691255910058,Zimbabwe,NMM,NMVOC
