census_id,emis,geo_name,lon,lat,country,code,poll
0001,4.207019586369897,ANGOLA_BENGO_AMBRIZ,13.500573856748415,-7.941839245075118,Angola,AWB,NOx
0002,1.982153226427106,ANGOLA_BENGO_BULA ATUMBA,14.820908751789867,-8.634475645495783,Angola,AWB,NOx
0003,21.699827648569578,ANGOLA_BENGO_DANDE,13.841710609854086,-8.53534736049627,Angola,AWB,NOx
0004,2.202409960800612,ANGOLA_BENGO_DEMBOS,14.552452662474186,-8.506656679922113,Angola,AWB,NOx
0005,19.42146801544881,ANGOLA_BENGO_NAMBUANGONGO,14.25926486683566,-8.047643790272277,Angola,AWB,NOx
0006,0.48233423819471805,ANGOLA_BENGO_PANGO ALUQUÉM,14.467187741962098,-8.753291428515478,Angola,AWB,NOx
0007,18.81816315731494,ANGOLA_BENGUELA_BAÍA FARTA,13.110895429150032,-13.169353899832894,Angola,AWB,NOx
0008,63.21832166868553,ANGOLA_BENGUELA_BALOMBO,14.785534807000774,-12.362142938317604,Angola,AWB,NOx
0009,4.941309021188261,ANGOLA_BENGUELA_BENGUELA,13.613234701433782,-12.750903810317325,Angola,AWB,NOx
0010,114.62596890394421,ANGOLA_BENGUELA_BOCOIO,14.273806030010297,-12.337517465231237,Angola,AWB,NOx
0011,21.93770609171993,ANGOLA_BENGUELA_CAIMBAMBO,13.925466200463916,-13.103370379840863,Angola,AWB,NOx
0012,3.7556025802976456,ANGOLA_BENGUELA_CATUMBELA,13.680172800346687,-12.477296385532492,Angola,AWB,NOx
0013,77.42148239299057,ANGOLA_BENGUELA_CHONGOROI,13.804725364547245,-13.596741410412521,Angola,AWB,NOx
0014,101.40646568792887,ANGOLA_BENGUELA_CUBAL,14.349577634106108,-13.16149142143734,Angola,AWB,NOx
0015,108.5319787481156,ANGOLA_BENGUELA_GANDA,14.733920867955561,-13.122131963632688,Angola,AWB,NOx
0016,15.30899774546695,ANGOLA_BENGUELA_LOBITO,13.886545783996153,-12.092395259332209,Angola,AWB,NOx
0017,148.16352110084412,ANGOLA_BIÉ_ANDULO,16.463299708517784,-11.274658946317146,Angola,AWB,NOx
0018,98.02426130549682,ANGOLA_BIÉ_CAMACUPA,17.780227977541617,-12.451681506672221,Angola,AWB,NOx
0019,55.8707258390436,ANGOLA_BIÉ_CATABOLA,17.254341809340623,-12.147939255129183,Angola,AWB,NOx
0020,21.646631886651047,ANGOLA_BIÉ_CHINGUAR,16.57220235885333,-12.562961032395926,Angola,AWB,NOx
0021,138.78022829056164,ANGOLA_BIÉ_CHITEMBO,17.2256685420672,-13.4761375683222,Angola,AWB,NOx
0022,47.85542645122345,ANGOLA_BIÉ_CUEMBA,18.450876402365434,-11.812583973776919,Angola,AWB,NOx
0023,73.02279122921915,ANGOLA_BIÉ_CUITO,17.0195337801636,-12.539053407735349,Angola,AWB,NOx
0024,31.527583060523238,ANGOLA_BIÉ_CUNHINGA,16.806485043535446,-11.988245606222938,Angola,AWB,NOx
0025,83.27361810400912,ANGOLA_BIÉ_NHAREA,17.157724905821997,-11.308602978499657,Angola,AWB,NOx
0026,0.9898992094728012,ANGOLA_CABINDA_BELIZE,12.84464336058737,-4.605790961567085,Angola,AWB,NOx
0027,2.0555193374592347,ANGOLA_CABINDA_BUCO ZAU,12.545868870473262,-4.802124175234638,Angola,AWB,NOx
0028,17.81736667452881,ANGOLA_CABINDA_CABINDA,12.36403326270615,-5.461872414729606,Angola,AWB,NOx
0029,5.947930721473223,ANGOLA_CABINDA_CACONGO,12.242228043574034,-5.043712430446504,Angola,AWB,NOx
0030,7.2584996075357875,ANGOLA_KUANDO KUBANGO_CALAI,19.414268804995988,-17.367954683212766,Angola,AWB,NOx
0031,38.80925536585811,ANGOLA_KUANDO KUBANGO_CUANGAR,18.15299180710266,-17.054777832805367,Angola,AWB,NOx
0032,63.02497592439361,ANGOLA_KUANDO KUBANGO_CUCHI,16.962579756983985,-14.692891199511664,Angola,AWB,NOx
0033,59.05621183540538,ANGOLA_KUANDO KUBANGO_CUITO CUANAVALE,18.841355039845936,-14.950150376556852,Angola,AWB,NOx
0034,6.6259188879451365,ANGOLA_KUANDO KUBANGO_DIRICO,20.825162039879295,-17.52729673830151,Angola,AWB,NOx
0035,91.02350828622603,ANGOLA_KUANDO KUBANGO_MAVINGA,20.292091111981065,-16.124977275218903,Angola,AWB,NOx
0036,58.83532406528886,ANGOLA_KUANDO KUBANGO_MENONGUE,17.745373647024998,-15.225709939331868,Angola,AWB,NOx
0037,25.129370168091835,ANGOLA_KUANDO KUBANGO_NANCOVA,18.73240828489362,-16.388826303005242,Angola,AWB,NOx
0038,34.659418520825604,ANGOLA_KUANDO KUBANGO_RIVUNGO,21.95105197046031,-16.860900758284263,Angola,AWB,NOx
0039,25.485908301799043,ANGOLA_KWANZA NORTE_AMBACA,15.509119051943488,-8.223269097816729,Angola,AWB,NOx
0040,6.162186607056022,ANGOLA_KWANZA NORTE_BANGA,15.153253461606287,-8.689616530469744,Angola,AWB,NOx
0041,0.6132368290003644,ANGOLA_KWANZA NORTE_BOLONGONGO,15.113302487330705,-8.382132376680488,Angola,AWB,NOx
0042,15.870343763033533,ANGOLA_KWANZA NORTE_CAMBAMBE,14.521816633134614,-9.433964278230446,Angola,AWB,NOx
0043,8.4525273587525,ANGOLA_KWANZA NORTE_CAZENGO,14.779870946066733,-9.320031680889498,Angola,AWB,NOx
0044,2.7666721360737134,ANGOLA_KWANZA NORTE_GOLUNGO ALTO,14.666387710001,-9.076507922069805,Angola,AWB,NOx
0045,11.017089019328607,ANGOLA_KWANZA NORTE_LUCALA,15.238258650636386,-9.139267281380702,Angola,AWB,NOx
0046,5.765094159995596,ANGOLA_KWANZA NORTE_NGONGUEMBO,14.901663408090647,-8.902563767131948,Angola,AWB,NOx
0047,0.4223254696073081,ANGOLA_KWANZA NORTE_QUICULUNGO,15.319625776448795,-8.49002907643525,Angola,AWB,NOx
0048,22.000803804327624,ANGOLA_KWANZA NORTE_SAMBA CAJÚ,15.494620704324683,-8.808515207926657,Angola,AWB,NOx
0049,11.30056064822624,ANGOLA_KWANZA SUL_AMBOIM,14.409446053756277,-10.888247311555114,Angola,AWB,NOx
0050,70.48870025050091,ANGOLA_KWANZA SUL_CASSONGUE,14.969245996228281,-11.823486279155278,Angola,AWB,NOx
0051,42.88566554712078,ANGOLA_KWANZA SUL_CELA,15.327509138494797,-11.286611386444985,Angola,AWB,NOx
0052,15.35902075236001,ANGOLA_KWANZA SUL_CONDA,14.457113187835018,-11.173469665594153,Angola,AWB,NOx
0053,15.80112423907326,ANGOLA_KWANZA SUL_EBO,14.756355439021709,-10.954311333786544,Angola,AWB,NOx
0054,32.00104122122984,ANGOLA_KWANZA SUL_LIBOLO,14.990540118658812,-10.063463539441377,Angola,AWB,NOx
0055,127.13178236387378,ANGOLA_KWANZA SUL_MUSSENDE,15.978658982493396,-10.268786589120642,Angola,AWB,NOx
0056,16.86783059456721,ANGOLA_KWANZA SUL_PORTO AMBOIM,13.942283729197893,-10.627805552833145,Angola,AWB,NOx
0057,66.44500014488972,ANGOLA_KWANZA SUL_QUIBALA,15.335713103750756,-10.699008506951671,Angola,AWB,NOx
0058,9.934182838042966,ANGOLA_KWANZA SUL_QUILENDA,14.370237419617364,-10.524491857097443,Angola,AWB,NOx
0059,36.65868091162306,ANGOLA_KWANZA SUL_SELES,14.50091627350989,-11.457587720793851,Angola,AWB,NOx
0060,18.43812498709236,ANGOLA_KWANZA SUL_SUMBE,14.04934311345206,-11.49811492361192,Angola,AWB,NOx
0061,75.25009077505663,ANGOLA_CUNENE_CAHAMA,14.247669093888437,-16.41710354139286,Angola,AWB,NOx
0062,27.936408629085246,ANGOLA_CUNENE_CUANHAMA,16.320547599774045,-16.48223334568777,Angola,AWB,NOx
0063,59.01753593167898,ANGOLA_CUNENE_CUROCA,13.788175609536145,-16.932294476395295,Angola,AWB,NOx
0064,18.99234886743421,ANGOLA_CUNENE_CUVELAI,16.136146428177735,-15.746368160393057,Angola,AWB,NOx
0065,13.268956161202757,ANGOLA_CUNENE_NAMACUNDE,16.606272115792553,-17.074018548021083,Angola,AWB,NOx
0066,21.304685809821223,ANGOLA_CUNENE_OMBADJA,14.941895100531925,-16.768959146811532,Angola,AWB,NOx
0067,251.4028607940124,ANGOLA_HUAMBO_BAILUNDO,15.850466201739053,-11.950050465566608,Angola,AWB,NOx
0068,98.22620064557194,ANGOLA_HUAMBO_CAÁLA,15.572188198073116,-13.27102876067493,Angola,AWB,NOx
0069,62.89060083532829,ANGOLA_HUAMBO_CACHIUNGO,16.319644201016246,-12.759421533499594,Angola,AWB,NOx
0070,48.886720635251685,ANGOLA_HUAMBO_ECUNHA,15.49134958273524,-12.53401934231182,Angola,AWB,NOx
0071,71.91312301806609,ANGOLA_HUAMBO_HUAMBO,15.79536569507517,-12.819324307871682,Angola,AWB,NOx
0072,88.26205190103202,ANGOLA_HUAMBO_LONDUIMBALI,15.292015045757923,-12.235996591708586,Angola,AWB,NOx
0073,70.4497029360512,ANGOLA_HUAMBO_LONGONJO,15.22279516795389,-13.084757821818668,Angola,AWB,NOx
0074,109.93958761908269,ANGOLA_HUAMBO_MUNGO,16.20588037491343,-11.755072951814116,Angola,AWB,NOx
0075,134.0682582648856,ANGOLA_HUAMBO_CHICALA CHOLOHANGA,16.092706109508978,-12.95985009260693,Angola,AWB,NOx
0076,24.07402426723454,ANGOLA_HUAMBO_CHINJENJE,14.940107561316543,-12.818781665594054,Angola,AWB,NOx
0077,32.02070561886461,ANGOLA_HUAMBO_UCUMA,15.15058241504692,-12.745033355569538,Angola,AWB,NOx
0078,109.13917860521765,ANGOLA_HUÍLA_CACONDA,15.158416365277283,-13.778376463063532,Angola,AWB,NOx
0079,9.067263985160462,ANGOLA_HUÍLA_CACULA,14.291948368736596,-14.437668897988177,Angola,AWB,NOx
0080,39.07249822460783,ANGOLA_HUÍLA_CALUQUEMBE,14.553605248971426,-13.943434135545042,Angola,AWB,NOx
0081,18.150651116134295,ANGOLA_HUÍLA_CHIBIA,13.860963321337298,-15.220319449437994,Angola,AWB,NOx
0082,40.49314582516386,ANGOLA_HUÍLA_CHICOMBA,15.019421703365952,-14.30430435864405,Angola,AWB,NOx
0083,134.9730739166627,ANGOLA_HUÍLA_CHIPINDO,15.73591828652565,-13.88531948048917,Angola,AWB,NOx
0084,140.77034346879302,ANGOLA_HUÍLA_CUVANGO,16.318716983084595,-14.2140670585581,Angola,AWB,NOx
0085,99.5007546777516,ANGOLA_HUÍLA_GAMBOS,14.0555441801658,-15.836380299367216,Angola,AWB,NOx
0086,5.870793889851386,ANGOLA_HUÍLA_HUMPATA,13.37340825793292,-15.07711619840059,Angola,AWB,NOx
0087,109.73944255541866,ANGOLA_HUÍLA_JAMBA,15.84246469273556,-14.813136321719922,Angola,AWB,NOx
0088,5.120233155410322,ANGOLA_HUÍLA_LUBANGO,13.74650625251509,-14.782265363665282,Angola,AWB,NOx
0089,19.33238560168438,ANGOLA_HUÍLA_MATALA,15.162569522619448,-15.264035381319765,Angola,AWB,NOx
0090,16.51948855161169,ANGOLA_HUÍLA_QUILENGUES,13.926712495367244,-14.10284606537322,Angola,AWB,NOx
0091,13.102755975998571,ANGOLA_HUÍLA_QUIPUNGO,14.584346812183863,-15.11197852346331,Angola,AWB,NOx
0092,4.548332664945927,ANGOLA_LUANDA_BELAS,13.174021473379,-9.08837444152561,Angola,AWB,NOx
0093,0.5786048176965347,ANGOLA_LUANDA_CACUACO,13.451339905381309,-8.81991357363531,Angola,AWB,NOx
0094,0.10614021005361324,ANGOLA_LUANDA_CAZENGA,13.300213504677842,-8.82313810517484,Angola,AWB,NOx
0095,5.685543901017632,ANGOLA_LUANDA_ICOLO E BENGO,13.862681054977354,-9.152861347234415,Angola,AWB,NOx
0096,0.05818217284511683,ANGOLA_LUANDA_LUANDA,13.252264930379923,-8.85095461326464,Angola,AWB,NOx
0097,42.75100738667541,ANGOLA_LUANDA_QUISSAMA,13.850629524262196,-9.831116523016574,Angola,AWB,NOx
0098,1.7987745419698296,ANGOLA_LUANDA_VIANA,13.400581493461187,-9.003465052028048,Angola,AWB,NOx
0099,99.14409156710258,ANGOLA_LUNDA NORTE_CAMBULO,21.496387269915466,-7.900107950052335,Angola,AWB,NOx
0100,13.228127426896187,ANGOLA_LUNDA NORTE_CAPENDA CAMULEMBA,18.86907773627034,-9.675389036317052,Angola,AWB,NOx
0101,76.57521742745799,ANGOLA_LUNDA NORTE_CAUNGULA,18.82247560938972,-8.340339422591542,Angola,AWB,NOx
0102,77.51224562088984,ANGOLA_LUNDA NORTE_CHITATO,20.86681232898085,-7.553523750605493,Angola,AWB,NOx
0103,47.54664704113418,ANGOLA_LUNDA NORTE_CUANGO,18.060888555716936,-8.601096909504287,Angola,AWB,NOx
0104,100.43843702066506,ANGOLA_LUNDA NORTE_CUILO,19.68851489115215,-8.128052490802382,Angola,AWB,NOx
0105,71.75887017319548,ANGOLA_LUNDA NORTE_LÓVUA,20.13536631533787,-7.292391189166928,Angola,AWB,NOx
0106,67.15719247907371,ANGOLA_LUNDA NORTE_LUBALO,19.297321892350976,-9.188561260843436,Angola,AWB,NOx
0107,102.13596554347936,ANGOLA_LUNDA NORTE_LUCAPA,20.47673092828323,-8.42331409755646,Angola,AWB,NOx
0108,62.24311841118171,ANGOLA_LUNDA NORTE_XÁ-MUTEBA,17.85122654394,-9.277995251698849,Angola,AWB,NOx
0109,27.22601079760272,ANGOLA_LUNDA SUL_CACOLO,19.178913301145815,-10.547328172202947,Angola,AWB,NOx
0110,68.2672652561449,ANGOLA_LUNDA SUL_DALA,20.352238837105524,-10.92405164265005,Angola,AWB,NOx
0111,257.73624307647896,ANGOLA_LUNDA SUL_MUCONDA,21.424847286291374,-10.154651759138405,Angola,AWB,NOx
0112,216.43909799631044,ANGOLA_LUNDA SUL_SAURIMO,20.688380679682755,-9.477233643283244,Angola,AWB,NOx
0113,29.252223089672704,ANGOLA_MALANJE_CACUSO,15.62849098111707,-9.490292469411429,Angola,AWB,NOx
0114,59.56466026836705,ANGOLA_MALANJE_CAHOMBO,16.66605389643875,-8.647102372057851,Angola,AWB,NOx
0115,55.66701277400313,ANGOLA_MALANJE_CALANDULA,16.005245178381916,-8.695990183498342,Angola,AWB,NOx
0116,71.05441507039598,ANGOLA_MALANJE_CAMBUNDI-CATEMBO,17.84709415122643,-10.125145503710968,Angola,AWB,NOx
0117,43.94001966435164,ANGOLA_MALANJE_CANGANDALA,16.683252748189343,-9.952367021939013,Angola,AWB,NOx
0118,28.682415410338567,ANGOLA_MALANJE_CUNDA-DIA-BAZE,17.352728983670623,-8.66125398022735,Angola,AWB,NOx
0119,23.25278470495855,ANGOLA_MALANJE_KIWABA NZOJI,16.45736622164412,-9.037971690115318,Angola,AWB,NOx
0120,90.27272656160737,ANGOLA_MALANJE_LUQUEMBO,17.384986684590697,-10.792874181396483,Angola,AWB,NOx
0121,19.893970633573794,ANGOLA_MALANJE_MALANJE,16.35498305019854,-9.482474776585153,Angola,AWB,NOx
0122,44.19431732016899,ANGOLA_MALANJE_MARIMBA,17.11151213033175,-8.168436018156713,Angola,AWB,NOx
0123,34.755076492218265,ANGOLA_MALANJE_MASSANGO,16.599614024908476,-7.763456075510212,Angola,AWB,NOx
0124,16.540833892471635,ANGOLA_MALANJE_MUCARI,16.919365558811112,-9.481804740501817,Angola,AWB,NOx
0125,13.98723716218539,ANGOLA_MALANJE_QUELA,17.28820754724371,-9.318539247011007,Angola,AWB,NOx
0126,14.00629110278175,ANGOLA_MALANJE_QUIRIMA,18.2681837365498,-11.068909718662896,Angola,AWB,NOx
0127,218.73766639877536,ANGOLA_MOXICO_ALTO ZAMBEZE,22.90799374709926,-12.209683357686718,Angola,AWB,NOx
0128,107.97701396333383,ANGOLA_MOXICO_BUNDAS,21.31907325919521,-14.210473217747047,Angola,AWB,NOx
0129,8.826507739002231,ANGOLA_MOXICO_CAMANONGUE,20.234534061632754,-11.408959591622152,Angola,AWB,NOx
0130,51.58159674649061,ANGOLA_MOXICO_CAMEIA,21.26339460023485,-11.838370789228382,Angola,AWB,NOx
0131,11.6974714276089,ANGOLA_MOXICO_LÉUA,20.575562544579704,-11.74380358626066,Angola,AWB,NOx
0132,173.072138594125,ANGOLA_MOXICO_LUACANO,22.046284955949286,-11.669871723573195,Angola,AWB,NOx
0133,22.071659816601144,ANGOLA_MOXICO_LUAU,21.997475474347006,-10.901812727972676,Angola,AWB,NOx
0134,62.12419618107451,ANGOLA_MOXICO_LUCHAZES,19.530239402686032,-13.751962349149917,Angola,AWB,NOx
0135,64.21911507833761,ANGOLA_MOXICO_LUENA,19.776770525882704,-12.327720581169427,Angola,AWB,NOx
0136,20.822092758382254,ANGOLA_NAMIBE_BIBALA,13.139576640553054,-14.685793467915335,Angola,AWB,NOx
0137,13.690638498724534,ANGOLA_NAMIBE_CAMUCUIO,13.0324059676621,-14.003701587165244,Angola,AWB,NOx
0138,9.560141832567954,ANGOLA_NAMIBE_NAMIBE,12.457905307074512,-14.720315334187738,Angola,AWB,NOx
0139,16.163014573912342,ANGOLA_NAMIBE_TÔMBWA,12.359284305310362,-16.564898961646183,Angola,AWB,NOx
0140,81.34749146951808,ANGOLA_NAMIBE_VIREI,12.94168325673447,-15.813548331274848,Angola,AWB,NOx
0141,15.194203869647476,ANGOLA_UÍGE_AMBUILA,14.468179065511844,-7.587449047134571,Angola,AWB,NOx
0142,12.409506845349082,ANGOLA_UÍGE_BEMBE,14.277664721920273,-7.052417289665407,Angola,AWB,NOx
0143,2.7755826124554317,ANGOLA_UÍGE_BUENGAS,15.825059286515511,-6.668373974646913,Angola,AWB,NOx
0144,4.595136880477773,ANGOLA_UÍGE_BUNGO,15.447113463583449,-7.392017748161813,Angola,AWB,NOx
0145,4.304548297734781,ANGOLA_UÍGE_CANGOLA,15.953541847191238,-7.839972087285049,Angola,AWB,NOx
0146,40.69031548085731,ANGOLA_UÍGE_DAMBA,15.216117046210005,-6.730711730495686,Angola,AWB,NOx
0147,52.97257036775844,ANGOLA_UÍGE_MAQUELA DO ZOMBO,15.504832114047753,-6.115762646049738,Angola,AWB,NOx
0148,80.52293992754055,ANGOLA_UÍGE_SANTA CRUZ,16.58039852859364,-7.043057290518152,Angola,AWB,NOx
0149,4.242265013361258,ANGOLA_UÍGE_MUCABA,15.044844983137867,-7.104479137048426,Angola,AWB,NOx
0150,5.596424837270826,ANGOLA_UÍGE_NEGAGE,15.387803110685544,-7.82670187011252,Angola,AWB,NOx
0151,2.2793240250124382,ANGOLA_UÍGE_PURI,15.677588319493356,-7.6520448609471,Angola,AWB,NOx
0152,57.76281675583713,ANGOLA_UÍGE_QUIMBELE,16.358827373391733,-6.339946266586419,Angola,AWB,NOx
0153,3.270587238689505,ANGOLA_UÍGE_QUITEXE,14.916309357718397,-8.05805649608166,Angola,AWB,NOx
0154,7.355110085028806,ANGOLA_UÍGE_SANZA POMBO,16.05132046706061,-7.225080931426597,Angola,AWB,NOx
0155,10.471874185361166,ANGOLA_UÍGE_SONGO,14.789371774574954,-7.15444085578491,Angola,AWB,NOx
0156,3.0732127013279733,ANGOLA_UÍGE_UÍGE,15.086269927234868,-7.569389383460002,Angola,AWB,NOx
0157,32.49380701169455,ANGOLA_ZAIRE_CUIMBA,14.656648047034412,-6.211094387740501,Angola,AWB,NOx
0158,24.140011904528226,ANGOLA_ZAIRE_MBANZA CONGO,14.17814621079705,-6.310144184559853,Angola,AWB,NOx
0159,3.7193112369172048,ANGOLA_ZAIRE_NZETO,13.396012085498478,-7.329332397443156,Angola,AWB,NOx
0160,4.221016575549475,ANGOLA_ZAIRE_NÓQUI,13.505068524452918,-6.150797500748508,Angola,AWB,NOx
0161,36.117968703658896,ANGOLA_ZAIRE_SOYO,12.72456320103429,-6.276748486180679,Angola,AWB,NOx
0162,7.65222184602479,ANGOLA_ZAIRE_TOMBOCO,13.360813071321832,-6.70704141475642,Angola,AWB,NOx
0163,5.4306190400495105,BOTSWANA_CENTRAL_BOBONONG_BOBONONG,28.439270006020617,-21.904588768680572,Botswana,AWB,NOx
0164,0,BOTSWANA_CENTRAL_BOBONONG_DAMOCHOJENA,27.46425717187249,-21.89586472598768,Botswana,AWB,NOx
0165,0.07931255201470702,BOTSWANA_CENTRAL_BOBONONG_KOBOJANGO,28.763918196572497,-21.785636334108606,Botswana,AWB,NOx
0166,0.16003995393066694,BOTSWANA_CENTRAL_BOBONONG_LENTSWELEMORITI,29.09263730127421,-22.126071452194022,Botswana,AWB,NOx
0167,0.07279360003925864,BOTSWANA_CENTRAL_BOBONONG_LEPOKOLE,28.342120180879903,-21.78828871071267,Botswana,AWB,NOx
0168,1.192505008100339,BOTSWANA_CENTRAL_BOBONONG_MABOLWE,28.93856360422732,-21.822911107503458,Botswana,AWB,NOx
0169,0.0571300062238887,BOTSWANA_CENTRAL_BOBONONG_MATHATHANE,28.765707084954567,-22.164921148469332,Botswana,AWB,NOx
0170,2.7726229708986403,BOTSWANA_CENTRAL_BOBONONG_MMADINARE,27.61927099292336,-21.939530032971234,Botswana,AWB,NOx
0171,3.1446443804755244,BOTSWANA_CENTRAL_BOBONONG_MOLALATAU,28.546028057555482,-22.244047061148887,Botswana,AWB,NOx
0172,0.12812329059929808,BOTSWANA_CENTRAL_BOBONONG_MOLETEMANE,28.24551458680093,-22.49838952314233,Botswana,AWB,NOx
0173,0,BOTSWANA_CENTRAL_BOBONONG_MOTLHABANENG,28.847671161031595,-22.0878861675696,Botswana,AWB,NOx
0174,0.40970970554787095,BOTSWANA_CENTRAL_BOBONONG_ROBELELA,28.01614217627893,-21.606755627584164,Botswana,AWB,NOx
0175,2.421375803589154,BOTSWANA_CENTRAL_BOBONONG_SEFOPHE,28.010768080362112,-22.202415922887717,Botswana,AWB,NOx
0176,0,BOTSWANA_CENTRAL_BOBONONG_SEMOLALE,28.901373465716713,-21.94234612580183,Botswana,AWB,NOx
0177,2.970820702272259,BOTSWANA_CENTRAL_BOBONONG_TOBANE,28.034740456942973,-21.715331266156507,Botswana,AWB,NOx
0178,3.410570576641999,BOTSWANA_CENTRAL_BOBONONG_TSETSEBJWE,28.261512057832615,-22.323234206617617,Botswana,AWB,NOx
0179,0.030227837773589717,BOTSWANA_CENTRAL_BOBONONG_TSHOKWE,28.12020929554016,-21.7461736340543,Botswana,AWB,NOx
0180,12.248206454281053,BOTSWANA_CENTRAL_BOBONONG_TULI,28.659593038222404,-22.426510831132365,Botswana,AWB,NOx
0181,0.44301406558908335,BOTSWANA_CENTRAL_BOTETI_KEDIA,24.838048952453185,-21.403241698591675,Botswana,AWB,NOx
0182,0.5501261601447933,BOTSWANA_CENTRAL_BOTETI_KHWEE,25.42160849963441,-21.949084316434682,Botswana,AWB,NOx
0183,0.029809683015824668,BOTSWANA_CENTRAL_BOTETI_KUMAGA,24.694403521304178,-20.43709104783157,Botswana,AWB,NOx
0184,2.310124910566584,BOTSWANA_CENTRAL_BOTETI_LETLHAKANE,25.324076768019342,-21.74281229869488,Botswana,AWB,NOx
0185,0.02844675037588654,BOTSWANA_CENTRAL_BOTETI_MAKALAMABEDI,24.027537186531372,-20.329731365780997,Botswana,AWB,NOx
0186,0.005364367583231365,BOTSWANA_CENTRAL_BOTETI_MMADIKOLA,24.505648562137157,-21.04540148259183,Botswana,AWB,NOx
0187,0.6821016018435644,BOTSWANA_CENTRAL_BOTETI_MMATSHUMO,25.608635534616877,-21.055357574481494,Botswana,AWB,NOx
0188,0.30931291808317823,BOTSWANA_CENTRAL_BOTETI_MOKOBOXANE,25.01278736428241,-21.374661912697718,Botswana,AWB,NOx
0189,0.7417212713011534,BOTSWANA_CENTRAL_BOTETI_MOPIPI,25.06130611972133,-20.957019464880865,Botswana,AWB,NOx
0190,0.057517830912660294,BOTSWANA_CENTRAL_BOTETI_MOREOMAOTO,24.225653269651804,-20.326805973885744,Botswana,AWB,NOx
0191,0.6550217168407783,BOTSWANA_CENTRAL_BOTETI_MOSU,26.096038009772478,-21.108931183794436,Botswana,AWB,NOx
0192,5.024030622797987e-4,BOTSWANA_CENTRAL_BOTETI_MOTOPI,24.143658950831586,-20.239487705166916,Botswana,AWB,NOx
0193,0.04506899327894839,BOTSWANA_CENTRAL_BOTETI_TOROMOJA,24.68875163244386,-21.028858930681245,Botswana,AWB,NOx
0194,0.7152493316527807,BOTSWANA_CENTRAL_BOTETI_TSIENYANE/RAKOPS,24.297459830504376,-20.770824097320627,Botswana,AWB,NOx
0195,0.02465115888052264,BOTSWANA_CENTRAL_BOTETI_XERE,23.995091776720663,-21.05103701376487,Botswana,AWB,NOx
0196,0.5684746448212379,BOTSWANA_CENTRAL_BOTETI_XHUMO,24.543580068860226,-21.43138653458584,Botswana,AWB,NOx
0197,0.0582673377630884,BOTSWANA_CENTRAL_MAHALAPYE_BONWAPITSE,26.696499319837177,-23.016977775399745,Botswana,AWB,NOx
0198,0.07604543880373285,BOTSWANA_CENTRAL_MAHALAPYE_BOROTSI,27.574845464339035,-23.03787815480758,Botswana,AWB,NOx
0199,0.47677149086475734,BOTSWANA_CENTRAL_MAHALAPYE_CHADIBE,27.653472614061975,-23.04213517690895,Botswana,AWB,NOx
0200,1.5161622834310164,BOTSWANA_CENTRAL_MAHALAPYE_DIBETE STATION,26.60466673565762,-23.712578892238895,Botswana,AWB,NOx
0201,0.5504286791132114,BOTSWANA_CENTRAL_MAHALAPYE_DOVEDALE,27.0584095397386,-23.43747251689984,Botswana,AWB,NOx
0202,0.01750517466963175,BOTSWANA_CENTRAL_MAHALAPYE_IKONGWE,26.42368516567563,-23.133332920110572,Botswana,AWB,NOx
0203,0.2845009202340262,BOTSWANA_CENTRAL_MAHALAPYE_KALAMARE,26.676800027450167,-22.85145869530537,Botswana,AWB,NOx
0204,0.600079239541419,BOTSWANA_CENTRAL_MAHALAPYE_KODIBELENG,25.8565320473089,-23.06990009465882,Botswana,AWB,NOx
0205,0.756417685025463,BOTSWANA_CENTRAL_MAHALAPYE_KUDUMATSE,27.163558620828415,-23.343825570073967,Botswana,AWB,NOx
0206,0.3454927882656374,BOTSWANA_CENTRAL_MAHALAPYE_MAAPE,27.298633726872115,-22.801071310840364,Botswana,AWB,NOx
0207,0.8193546171187296,BOTSWANA_CENTRAL_MAHALAPYE_MACHANENG,27.430989788355014,-23.17527950233516,Botswana,AWB,NOx
0208,3.069420980455386,BOTSWANA_CENTRAL_MAHALAPYE_MAHALAPYE,26.92364672437042,-23.059367128880574,Botswana,AWB,NOx
0209,0.5201476778248283,BOTSWANA_CENTRAL_MAHALAPYE_MAKWATE,27.289572829578482,-23.25066866242674,Botswana,AWB,NOx
0210,0.10084339749731874,BOTSWANA_CENTRAL_MAHALAPYE_MATLHAKO,27.57730747946278,-23.092868816729595,Botswana,AWB,NOx
0211,0.07877701207047566,BOTSWANA_CENTRAL_MAHALAPYE_MHALAPITSA,27.241670153565362,-22.750141129591885,Botswana,AWB,NOx
0212,0.7739404580303839,BOTSWANA_CENTRAL_MAHALAPYE_MMAPHASHALALA,26.85959307803958,-23.525191663403213,Botswana,AWB,NOx
0213,0.03643937365542902,BOTSWANA_CENTRAL_MAHALAPYE_MMUTLANA,26.603632318980285,-22.97161859276938,Botswana,AWB,NOx
0214,0.010208653299774738,BOTSWANA_CENTRAL_MAHALAPYE_MOKGENENE,26.039953432163163,-23.53987260084274,Botswana,AWB,NOx
0215,0.013924636847225048,BOTSWANA_CENTRAL_MAHALAPYE_MOKOBENG,27.693890294840614,-22.97362584906358,Botswana,AWB,NOx
0216,1.2623272602822526,BOTSWANA_CENTRAL_MAHALAPYE_MOKOSWANE,26.94190877928232,-23.316220505173856,Botswana,AWB,NOx
0217,0.06924187116661953,BOTSWANA_CENTRAL_MAHALAPYE_MOOKANE,26.698166386924417,-23.694975957356803,Botswana,AWB,NOx
0218,0.017518623091974633,BOTSWANA_CENTRAL_MAHALAPYE_MORALANE,26.215414450162044,-22.936420739953075,Botswana,AWB,NOx
0219,0.305608428142067,BOTSWANA_CENTRAL_MAHALAPYE_MOSHOPHA,27.314662802995976,-22.947407012331485,Botswana,AWB,NOx
0220,0.41971250953827716,BOTSWANA_CENTRAL_MAHALAPYE_MOSOLOTSHANE,26.428423160167153,-22.91931594278049,Botswana,AWB,NOx
0221,0.0955295844653522,BOTSWANA_CENTRAL_MAHALAPYE_NGWAPA,27.77944253096159,-22.919703336193177,Botswana,AWB,NOx
0222,0.5891947879883136,BOTSWANA_CENTRAL_MAHALAPYE_OTSE,25.946626364668234,-23.32358945282839,Botswana,AWB,NOx
0223,0.8150641084809698,BOTSWANA_CENTRAL_MAHALAPYE_PALLA ROAD/DINOKWE,26.77659555732254,-23.360515846147123,Botswana,AWB,NOx
0224,0.20921981792057542,BOTSWANA_CENTRAL_MAHALAPYE_PILIKWE,27.12830992169561,-22.797803953113785,Botswana,AWB,NOx
0225,0.3511173597043339,BOTSWANA_CENTRAL_MAHALAPYE_POLOKA,26.288048197015442,-23.601986580637178,Botswana,AWB,NOx
0226,0.45435873790841663,BOTSWANA_CENTRAL_MAHALAPYE_RAMOKGONAMI,27.427775976491716,-22.856906588140728,Botswana,AWB,NOx
0227,0.5952462832012357,BOTSWANA_CENTRAL_MAHALAPYE_SEFHARE,27.497480197007754,-23.01846757513452,Botswana,AWB,NOx
0228,0.02213943035844586,BOTSWANA_CENTRAL_MAHALAPYE_SELEKA,27.541179586978274,-22.862211127370156,Botswana,AWB,NOx
0229,0.769932271993741,BOTSWANA_CENTRAL_MAHALAPYE_SHAKWE,27.285868545141952,-23.098563338666022,Botswana,AWB,NOx
0230,3.0796525845300367,BOTSWANA_CENTRAL_MAHALAPYE_SHOSHONG,26.387666419486898,-23.28181618855284,Botswana,AWB,NOx
0231,0.6458740455438201,BOTSWANA_CENTRAL_MAHALAPYE_TAUPYE,27.086389543341017,-23.181122303718336,Botswana,AWB,NOx
0232,0.09652001136061937,BOTSWANA_CENTRAL_MAHALAPYE_TEWANE,26.8808106284804,-22.855065985054686,Botswana,AWB,NOx
0233,5.556783349510185,BOTSWANA_CENTRAL_MAHALAPYE_TULI,27.376483753636418,-23.358300442845334,Botswana,AWB,NOx
0234,0.36570637079164525,BOTSWANA_CENTRAL_MAHALAPYE_TUMASERA,27.625135322324592,-22.873322197159712,Botswana,AWB,NOx
0235,0.24842274247829402,BOTSWANA_CENTRAL_SEROWE PALAPYE_DILORO,27.615763781482226,-22.42069872982587,Botswana,AWB,NOx
0236,0.020463369631497193,BOTSWANA_CENTRAL_SEROWE PALAPYE_DIMAJWE,26.75499325012916,-21.701835892951095,Botswana,AWB,NOx
0237,0.008350640822778373,BOTSWANA_CENTRAL_SEROWE PALAPYE_GAMABUO,26.34887363421504,-22.621942368691556,Botswana,AWB,NOx
0238,0.1560740489636218,BOTSWANA_CENTRAL_SEROWE PALAPYE_GOJWANE,27.274583799149916,-21.783314177365938,Botswana,AWB,NOx
0239,0.1552715483977954,BOTSWANA_CENTRAL_SEROWE PALAPYE_GOO-SEKGWENG,27.378852556607093,-22.684458968010347,Botswana,AWB,NOx
0240,0.03765072477029735,BOTSWANA_CENTRAL_SEROWE PALAPYE_GOOTAU,27.424470969841263,-22.695172167140004,Botswana,AWB,NOx
0241,0.18088990260729185,BOTSWANA_CENTRAL_SEROWE PALAPYE_KGAGODI,27.50339317555218,-22.29477672423486,Botswana,AWB,NOx
0242,0.17795229662677967,BOTSWANA_CENTRAL_SEROWE PALAPYE_LECHENG,27.185275817151037,-22.673190570584637,Botswana,AWB,NOx
0243,0.6683459526959773,BOTSWANA_CENTRAL_SEROWE PALAPYE_LERALA,27.844813325817267,-22.74868745754991,Botswana,AWB,NOx
0244,0.08362369274522163,BOTSWANA_CENTRAL_SEROWE PALAPYE_LESENEPOLE/MATOLWANE,27.57647005773152,-22.540521067100062,Botswana,AWB,NOx
0245,0.375899397845143,BOTSWANA_CENTRAL_SEROWE PALAPYE_MABELEAPUDI,26.825166966464483,-22.128040644255414,Botswana,AWB,NOx
0246,1.2381682600480493,BOTSWANA_CENTRAL_SEROWE PALAPYE_MAJWANAADIPITSE,27.005264767504467,-21.94020945810498,Botswana,AWB,NOx
0247,0.17224119437319083,BOTSWANA_CENTRAL_SEROWE PALAPYE_MAJWANENG,27.649493814512812,-22.75586221108769,Botswana,AWB,NOx
0248,0.06662296580888216,BOTSWANA_CENTRAL_SEROWE PALAPYE_MALAKA,27.34590226161426,-22.592437093749382,Botswana,AWB,NOx
0249,0.6494100625755044,BOTSWANA_CENTRAL_SEROWE PALAPYE_MALATSWAI,26.22277867959262,-21.857375536824936,Botswana,AWB,NOx
0250,0.11007776651880649,BOTSWANA_CENTRAL_SEROWE PALAPYE_MANALEDI,27.5051048457668,-22.739538071182494,Botswana,AWB,NOx
0251,0.015630275536947007,BOTSWANA_CENTRAL_SEROWE PALAPYE_MATLHAKOLA,27.317001132592853,-22.71429972506726,Botswana,AWB,NOx
0252,1.6226863585689026,BOTSWANA_CENTRAL_SEROWE PALAPYE_MAUNATLALA,27.815623496542926,-22.549960915979852,Botswana,AWB,NOx
0253,0.6366055586598026,BOTSWANA_CENTRAL_SEROWE PALAPYE_MMASHORO,26.545528327992464,-21.913528088466634,Botswana,AWB,NOx
0254,0.01793648172643222,BOTSWANA_CENTRAL_SEROWE PALAPYE_MOENG,27.61182691600207,-22.684247954870994,Botswana,AWB,NOx
0255,1.9640302231956068,BOTSWANA_CENTRAL_SEROWE PALAPYE_MOGAPI,27.90355332352727,-22.400536057043198,Botswana,AWB,NOx
0256,0.04234706978399733,BOTSWANA_CENTRAL_SEROWE PALAPYE_MOGAPINYANA,27.656777003289175,-22.30921854076872,Botswana,AWB,NOx
0257,0.09928267368448601,BOTSWANA_CENTRAL_SEROWE PALAPYE_MOGOME,26.8788884869847,-22.780246290758782,Botswana,AWB,NOx
0258,0.10178354859191374,BOTSWANA_CENTRAL_SEROWE PALAPYE_MOGOROSI,26.50681705808967,-22.435754433322103,Botswana,AWB,NOx
0259,1.8410586748670468,BOTSWANA_CENTRAL_SEROWE PALAPYE_MOIYABANA,25.735420719204132,-22.568416950895624,Botswana,AWB,NOx
0260,0.07389105146954646,BOTSWANA_CENTRAL_SEROWE PALAPYE_MOKGWARE,26.78655204288414,-22.77384105120242,Botswana,AWB,NOx
0261,0.09951610241358447,BOTSWANA_CENTRAL_SEROWE PALAPYE_MOKHUNGWANA,27.306318999794403,-22.66250272126858,Botswana,AWB,NOx
0262,0.11512939225249635,BOTSWANA_CENTRAL_SEROWE PALAPYE_MOKOKWANA,27.68970066181251,-22.615814171525756,Botswana,AWB,NOx
0263,0.12942606016933927,BOTSWANA_CENTRAL_SEROWE PALAPYE_MOREMI,27.48231653767836,-22.53631545317506,Botswana,AWB,NOx
0264,0.4502007575124741,BOTSWANA_CENTRAL_SEROWE PALAPYE_MOREOMABELE,27.19509262463396,-21.997866632985815,Botswana,AWB,NOx
0265,0.0264421369307435,BOTSWANA_CENTRAL_SEROWE PALAPYE_MOSWEU,27.643842814290796,-22.648861924159835,Botswana,AWB,NOx
0266,0.004656354024364468,BOTSWANA_CENTRAL_SEROWE PALAPYE_MOTSHEGALETAU,26.39728909838941,-22.561009612981003,Botswana,AWB,NOx
0267,0.0350005738210976,BOTSWANA_CENTRAL_SEROWE PALAPYE_PAJE,26.816328935481604,-22.26070768401234,Botswana,AWB,NOx
0268,1.4021565573335362,BOTSWANA_CENTRAL_SEROWE PALAPYE_PALAPYE,27.16786344665423,-22.55497413257865,Botswana,AWB,NOx
0269,0.08452994109540088,BOTSWANA_CENTRAL_SEROWE PALAPYE_RADISELE,26.988408471288807,-22.81090444695215,Botswana,AWB,NOx
0270,0.49029296402747524,BOTSWANA_CENTRAL_SEROWE PALAPYE_RATHOLO,27.53938699821314,-22.68681419937455,Botswana,AWB,NOx
0271,0.004037653208186495,BOTSWANA_CENTRAL_SEROWE PALAPYE_SEHUNOU,26.385003835935297,-22.59514869100243,Botswana,AWB,NOx
0272,0.1993437118862739,BOTSWANA_CENTRAL_SEROWE PALAPYE_SEOLWANE,27.762620325390287,-22.666448768729584,Botswana,AWB,NOx
0273,10.84806624236161,BOTSWANA_CENTRAL_SEROWE PALAPYE_SEROWE,26.50285991859318,-21.991307902066985,Botswana,AWB,NOx
0274,0.3199191680741297,BOTSWANA_CENTRAL_SEROWE PALAPYE_SERULE,27.237798390462725,-21.890009585678992,Botswana,AWB,NOx
0275,0.0911405515352729,BOTSWANA_CENTRAL_SEROWE PALAPYE_TAMASANE,27.396841887713986,-22.3814578521284,Botswana,AWB,NOx
0276,0.034182883995260004,BOTSWANA_CENTRAL_SEROWE PALAPYE_THABALA,26.421061666211095,-22.511119340536165,Botswana,AWB,NOx
0277,1.4786757145127865,BOTSWANA_CENTRAL_SEROWE PALAPYE_TOPISI,27.22337506343467,-22.227424247307294,Botswana,AWB,NOx
0278,0.33578798381292124,BOTSWANA_CENTRAL_SEROWE PALAPYE_TSHIMOYAPULA,27.019142014452218,-22.119432295799754,Botswana,AWB,NOx
0279,3.380338745611336,BOTSWANA_CENTRAL_SEROWE PALAPYE_TULI,28.061256491221307,-22.727203098241798,Botswana,AWB,NOx
0280,0.14581413406157762,BOTSWANA_CENTRAL_TUTUME_BOROLONG,27.32637665560921,-21.091395459266185,Botswana,AWB,NOx
0281,0.34919536439931553,BOTSWANA_CENTRAL_TUTUME_BOROTSI,27.251654267811457,-21.026993493948527,Botswana,AWB,NOx
0282,0.21996460294504158,BOTSWANA_CENTRAL_TUTUME_CHADIBE,27.342256409557447,-21.066229746391034,Botswana,AWB,NOx
0283,0.07735766634076811,BOTSWANA_CENTRAL_TUTUME_CHANGATE,27.246529169011538,-20.323681695475976,Botswana,AWB,NOx
0284,0.112288803986508,BOTSWANA_CENTRAL_TUTUME_DAGWI,27.24543111493109,-20.205531255072483,Botswana,AWB,NOx
0285,2.449479423283396,BOTSWANA_CENTRAL_TUTUME_DUKWI,26.284620970093016,-20.67546283807841,Botswana,AWB,NOx
0286,0.03704523069640501,BOTSWANA_CENTRAL_TUTUME_GOSHWE,27.21557874997618,-20.535609785786193,Botswana,AWB,NOx
0287,8.390526963831254,BOTSWANA_CENTRAL_TUTUME_GWETA,25.591976234675478,-19.905319536886395,Botswana,AWB,NOx
0288,0.029909215254690133,BOTSWANA_CENTRAL_TUTUME_JAMATAKA,27.15547496011975,-21.068951470145485,Botswana,AWB,NOx
0289,0.5468931849901844,BOTSWANA_CENTRAL_TUTUME_KUTAMOGREE,26.880512190693914,-20.75110495387822,Botswana,AWB,NOx
0290,0.15377711263254912,BOTSWANA_CENTRAL_TUTUME_LEPASHE,26.66685337113433,-20.812417757916798,Botswana,AWB,NOx
0291,2.5143488652557417,BOTSWANA_CENTRAL_TUTUME_MABESEKWA,26.832739428334428,-21.176734877732674,Botswana,AWB,NOx
0292,0.13597154051905214,BOTSWANA_CENTRAL_TUTUME_MAFONGO/HOBONA,27.235943246400137,-20.94573521021701,Botswana,AWB,NOx
0293,3.9745884714464745,BOTSWANA_CENTRAL_TUTUME_MAITENGWE,27.011808968202775,-20.116667928999114,Botswana,AWB,NOx
0294,0.08829159315310271,BOTSWANA_CENTRAL_TUTUME_MAKOBO,27.107677079222814,-21.02576555193948,Botswana,AWB,NOx
0295,0.5411738965657154,BOTSWANA_CENTRAL_TUTUME_MAKUTA,26.936411463806042,-20.611020613663403,Botswana,AWB,NOx
0296,1.2959202130179646,BOTSWANA_CENTRAL_TUTUME_MANDUNYANE,27.164838306199922,-21.29997484522961,Botswana,AWB,NOx
0297,0.18105686144857494,BOTSWANA_CENTRAL_TUTUME_MAPOSA,26.227831043889193,-20.105672557073913,Botswana,AWB,NOx
0298,0.1200715339319446,BOTSWANA_CENTRAL_TUTUME_MARAPONG,27.060904032209528,-20.875646900092942,Botswana,AWB,NOx
0299,0.07173582259316268,BOTSWANA_CENTRAL_TUTUME_MAROBELA,27.22684904528886,-20.86226718353111,Botswana,AWB,NOx
0300,0.56577122276895,BOTSWANA_CENTRAL_TUTUME_MATHANGWANE,27.301597561179328,-20.96526881266621,Botswana,AWB,NOx
0301,0.13231753750980282,BOTSWANA_CENTRAL_TUTUME_MATOBO,27.07410815569497,-20.55396589314004,Botswana,AWB,NOx
0302,1.6561556455211903,BOTSWANA_CENTRAL_TUTUME_MATSITAMA,26.795600326944548,-20.91574597947195,Botswana,AWB,NOx
0303,0.2038409180150768,BOTSWANA_CENTRAL_TUTUME_MMANXOTAE,26.39231628230285,-20.11189737769122,Botswana,AWB,NOx
0304,2.262438699472715,BOTSWANA_CENTRAL_TUTUME_MMEYA,26.45632418802842,-20.83403038639063,Botswana,AWB,NOx
0305,2.0101535759448113,BOTSWANA_CENTRAL_TUTUME_MOKUBILO,26.522301620359478,-21.211068795354347,Botswana,AWB,NOx
0306,0.9500574888350305,BOTSWANA_CENTRAL_TUTUME_MOSETSE,26.717225408615494,-20.61414488681695,Botswana,AWB,NOx
0307,3.0197484259566183,BOTSWANA_CENTRAL_TUTUME_NATA,26.421106250465357,-20.364015464327988,Botswana,AWB,NOx
0308,1.0821961722959197,BOTSWANA_CENTRAL_TUTUME_NATALE,27.13819661363051,-21.12190933916731,Botswana,AWB,NOx
0309,0.2269474515011298,BOTSWANA_CENTRAL_TUTUME_NKANGE,27.150899768186317,-20.292280125711056,Botswana,AWB,NOx
0310,0.08838075672488133,BOTSWANA_CENTRAL_TUTUME_NSHAKASHOKWE,27.19448164625436,-20.800715019251136,Botswana,AWB,NOx
0311,1.0809392421169828,BOTSWANA_CENTRAL_TUTUME_NSWAZWI,27.11079707796551,-20.717051379328918,Botswana,AWB,NOx
0312,0.065484162038687,BOTSWANA_CENTRAL_TUTUME_SEBINA,27.212125328697905,-20.8229088309246,Botswana,AWB,NOx
0313,0.7974996827551314,BOTSWANA_CENTRAL_TUTUME_SEMITWE,27.057568754807466,-20.9304846145358,Botswana,AWB,NOx
0314,0.20795373259478045,BOTSWANA_CENTRAL_TUTUME_SENETE,27.061521930586494,-20.338940466599496,Botswana,AWB,NOx
0315,3.2823855598729392,BOTSWANA_CENTRAL_TUTUME_SEPAKO,26.42176865500974,-19.91292710159379,Botswana,AWB,NOx
0316,0.713347500513165,BOTSWANA_CENTRAL_TUTUME_SHASHE-MOOKE,27.294622390104607,-21.200689259821715,Botswana,AWB,NOx
0317,0.521790791657741,BOTSWANA_CENTRAL_TUTUME_SHASHE/SEMOTSWANE,27.353975033981698,-21.4004850680266,Botswana,AWB,NOx
0318,2.069406116015988,BOTSWANA_CENTRAL_TUTUME_TONOTA,27.390007578405545,-21.56581687363627,Botswana,AWB,NOx
0319,0.24337978144123412,BOTSWANA_CENTRAL_TUTUME_TSHOKATSHAA,25.411457316681155,-20.073274987651395,Botswana,AWB,NOx
0320,2.591714860781296,BOTSWANA_CENTRAL_TUTUME_TUTUME,26.93343318392142,-20.358110222677443,Botswana,AWB,NOx
0321,0.1133822357922547,BOTSWANA_CENTRAL_TUTUME_ZOROGA,25.931132083826565,-20.225947339100205,Botswana,AWB,NOx
0322,0.011677138642630541,BOTSWANA_CHOBE_CHOBE_KACHIKAU,24.593403269312077,-18.19955337118612,Botswana,AWB,NOx
0323,1.819125073249467,BOTSWANA_CHOBE_CHOBE_KASANE,25.053605518831368,-17.95621200218165,Botswana,AWB,NOx
0324,0.7904922759203928,BOTSWANA_CHOBE_CHOBE_KATABA,24.208556915615702,-18.516556039211913,Botswana,AWB,NOx
0325,0.12491192922128784,BOTSWANA_CHOBE_CHOBE_KAVIMBA,24.673787397731,-18.131513519062572,Botswana,AWB,NOx
0326,0.006043969356772876,BOTSWANA_CHOBE_CHOBE_KAZUNGULA,25.239551399880288,-17.81715309318576,Botswana,AWB,NOx
0327,0.017920792757113325,BOTSWANA_CHOBE_CHOBE_LESOMA,25.22616409411994,-17.924922498851625,Botswana,AWB,NOx
0328,0.6062919142625871,BOTSWANA_CHOBE_CHOBE_MUCHINJE/MABELE,24.80594102179805,-18.000000788213598,Botswana,AWB,NOx
0329,7.086532240469968,BOTSWANA_CHOBE_CHOBE_NUMBER SEVEN,25.091530617419757,-18.628521496100262,Botswana,AWB,NOx
0330,0.3695269727676524,BOTSWANA_CHOBE_CHOBE_PANDAMATENGA,25.62991931175742,-18.55507084642917,Botswana,AWB,NOx
0331,0.07127144035101814,BOTSWANA_CHOBE_CHOBE_PARAKARUNGU,24.3003425097673,-18.078920152986736,Botswana,AWB,NOx
0332,0.1886094972213999,BOTSWANA_CHOBE_CHOBE_SATAU,24.4229631549193,-18.021010667013208,Botswana,AWB,NOx
0333,0.3473919568403948,BOTSWANA_GABORONE_GABORONE_GABORONE,25.88095190745218,-24.686452843134287,Botswana,AWB,NOx
0334,1.334385563274683,BOTSWANA_GHANZI_CENTRAL KGALAGADI GAME RESERVE_CENTRAL KGALAGADI GAME RESERVE,23.84354631529824,-22.32227292696922,Botswana,AWB,NOx
0335,0.522977268155935,BOTSWANA_GHANZI_GHANZI_B. VISSER,22.55838233704724,-21.32992655115972,Botswana,AWB,NOx
0336,0.5221732454850431,BOTSWANA_GHANZI_GHANZI_BERE,21.79557213181817,-22.740271290335002,Botswana,AWB,NOx
0337,0.12608030609096163,BOTSWANA_GHANZI_GHANZI_CHARLES HILL,20.07849051397565,-22.30448292484571,Botswana,AWB,NOx
0338,0.10602346285936308,BOTSWANA_GHANZI_GHANZI_CHARLES SHELDON,22.10987199508711,-21.572165997131027,Botswana,AWB,NOx
0339,0.4074062908115747,BOTSWANA_GHANZI_GHANZI_CHOBOKWANE,21.24948179474576,-22.480947513304624,Botswana,AWB,NOx
0340,0.4819562748530606,BOTSWANA_GHANZI_GHANZI_DECT ETIN,21.87694726048196,-21.572322965589386,Botswana,AWB,NOx
0341,0.1371188831933261,BOTSWANA_GHANZI_GHANZI_DEKAR,22.065436232878568,-21.366520787607246,Botswana,AWB,NOx
0342,0.2540072703197949,BOTSWANA_GHANZI_GHANZI_EAST HANAHAI,22.296004965831617,-22.138606212752848,Botswana,AWB,NOx
0343,0,BOTSWANA_GHANZI_GHANZI_GHANZI,21.636172818729325,-21.69600936266415,Botswana,AWB,NOx
0344,1.5408915233777072,BOTSWANA_GHANZI_GHANZI_GROOTE LAAGTE,21.349883074115542,-21.38859908504291,Botswana,AWB,NOx
0345,0.1181930509718318,BOTSWANA_GHANZI_GHANZI_HANS METZLER,20.164337868142784,-22.12061746486461,Botswana,AWB,NOx
0346,0.0013583020951144662,BOTSWANA_GHANZI_GHANZI_J. RANSALL,20.422333298998613,-22.140780374743333,Botswana,AWB,NOx
0347,0.5321318084114304,BOTSWANA_GHANZI_GHANZI_JANKI JANKI,21.346606317490824,-23.123137224643713,Botswana,AWB,NOx
0348,0.4576681213095853,BOTSWANA_GHANZI_GHANZI_JERUNG,22.462289483631174,-21.771073127188487,Botswana,AWB,NOx
0349,0.7415516413639657,BOTSWANA_GHANZI_GHANZI_JOHN FARM,22.325500764273656,-21.113654988029502,Botswana,AWB,NOx
0350,0.33743943970200885,BOTSWANA_GHANZI_GHANZI_KACGAE,22.25670639051408,-22.78108355380457,Botswana,AWB,NOx
0351,0.008996915145196027,BOTSWANA_GHANZI_GHANZI_KARAKOBIS,20.69787418591688,-22.076318449477853,Botswana,AWB,NOx
0352,1.6044734822281876,BOTSWANA_GHANZI_GHANZI_KULE,20.25485884411168,-22.82990220520822,Botswana,AWB,NOx
0353,0.8303169936301849,BOTSWANA_GHANZI_GHANZI_MAGONO MAGONO,20.74295662591417,-23.122989899939387,Botswana,AWB,NOx
0354,0.37085652450555867,BOTSWANA_GHANZI_GHANZI_MAKUNDA,20.356137474087205,-22.403140017753746,Botswana,AWB,NOx
0355,0.3626075725603664,BOTSWANA_GHANZI_GHANZI_MASIRE'S FARM,21.364735361374258,-21.90738889293877,Botswana,AWB,NOx
0356,1.596727186726778,BOTSWANA_GHANZI_GHANZI_NCOJANE,20.259249043024266,-23.18993344999315,Botswana,AWB,NOx
0357,0.013567445205485059,BOTSWANA_GHANZI_GHANZI_NEW XADE,22.47638609723249,-22.059709596306462,Botswana,AWB,NOx
0358,0.7858240182243283,BOTSWANA_GHANZI_GHANZI_NEW XANAGAS,20.800274167066778,-22.572525810989912,Botswana,AWB,NOx
0359,0.08956139366925076,BOTSWANA_GHANZI_GHANZI_QABO,21.72658991626723,-21.05161346564646,Botswana,AWB,NOx
0360,0.003462180695185604,BOTSWANA_GHANZI_GHANZI_TSOOTSHA,20.91109497610415,-22.075747207834585,Botswana,AWB,NOx
0361,0.05228767895077577,BOTSWANA_GHANZI_GHANZI_WEST HANAHAI,21.65082272869238,-22.135855131778566,Botswana,AWB,NOx
0362,7.502907991452473e-4,BOTSWANA_JWANENG_JWANENG_JWANENG,24.757853176422884,-24.58932918017088,Botswana,AWB,NOx
0363,0.0026490522049622774,BOTSWANA_KGALAGADI_KGALAGADI NORTH_HUKUNTSI,21.663906534181816,-23.998763591814352,Botswana,AWB,NOx
0364,0.3619413405852929,BOTSWANA_KGALAGADI_KGALAGADI NORTH_HUNHUKWE,21.77076341928267,-23.455768999361656,Botswana,AWB,NOx
0365,1.5934107913749267,BOTSWANA_KGALAGADI_KGALAGADI NORTH_INALEGOLO,22.658513508974664,-24.45585560542118,Botswana,AWB,NOx
0366,0.06687797048894778,BOTSWANA_KGALAGADI_KGALAGADI NORTH_KANG,22.631383747199003,-23.529403386876705,Botswana,AWB,NOx
0367,0.05360654977747717,BOTSWANA_KGALAGADI_KGALAGADI NORTH_LEHUTUTU,22.00790879280739,-23.84360826239536,Botswana,AWB,NOx
0368,5.69373024204207e-4,BOTSWANA_KGALAGADI_KGALAGADI NORTH_LOKGWABE,21.7851453687414,-24.07867771129318,Botswana,AWB,NOx
0369,0.18973011103697715,BOTSWANA_KGALAGADI_KGALAGADI NORTH_MAKE,21.994205625425362,-23.680770428270183,Botswana,AWB,NOx
0370,0.5923605116356954,BOTSWANA_KGALAGADI_KGALAGADI NORTH_MONONG,21.544688834846603,-23.73920927317219,Botswana,AWB,NOx
0371,0.5048727694406807,BOTSWANA_KGALAGADI_KGALAGADI NORTH_NCAANG,21.1223824590204,-23.44041697965504,Botswana,AWB,NOx
0372,0.29106304418766465,BOTSWANA_KGALAGADI_KGALAGADI NORTH_NGWATLE,21.117355141120534,-23.647886311201248,Botswana,AWB,NOx
0373,0.3061565181945626,BOTSWANA_KGALAGADI_KGALAGADI NORTH_PHUDUHUDU,22.580063911251433,-23.93036127904691,Botswana,AWB,NOx
0374,0.010312755266142011,BOTSWANA_KGALAGADI_KGALAGADI NORTH_TSHANE,22.009218648598967,-23.97480857848694,Botswana,AWB,NOx
0375,3.835100977664127,BOTSWANA_KGALAGADI_KGALAGADI NORTH_UKWI,20.54965855676176,-23.64224465777984,Botswana,AWB,NOx
0376,4.461031921469726,BOTSWANA_KGALAGADI_KGALAGADI NORTH_ZUTSWA,21.06879673283048,-24.378159867529472,Botswana,AWB,NOx
0377,0,BOTSWANA_KGALAGADI_KGALAGADI SOUTH_BOGOGOBO,21.939941061820672,-26.643776855439175,Botswana,AWB,NOx
0378,2.2163911093402744,BOTSWANA_KGALAGADI_KGALAGADI SOUTH_BOKSPITS,21.314513491670507,-25.52305062333103,Botswana,AWB,NOx
0379,3.520956900434842,BOTSWANA_KGALAGADI_KGALAGADI SOUTH_BRAY,23.752155151918004,-25.314612046817558,Botswana,AWB,NOx
0380,0.020332194025451465,BOTSWANA_KGALAGADI_KGALAGADI SOUTH_GACHIBANA,21.318615947145076,-26.76135876855932,Botswana,AWB,NOx
0381,0.3337467893622966,BOTSWANA_KGALAGADI_KGALAGADI SOUTH_KHISA,22.627311790636153,-25.661301014142644,Botswana,AWB,NOx
0382,5.980153687643929e-4,BOTSWANA_KGALAGADI_KGALAGADI SOUTH_KHUIS,21.778745594602643,-26.61621321259511,Botswana,AWB,NOx
0383,0.037152459118531024,BOTSWANA_KGALAGADI_KGALAGADI SOUTH_KHWAWA,21.536389504618732,-26.33146231350371,Botswana,AWB,NOx
0384,0.7202283320148027,BOTSWANA_KGALAGADI_KGALAGADI SOUTH_KOKOTSHA,23.282665786747692,-24.952596354252385,Botswana,AWB,NOx
0385,0.006168050486285499,BOTSWANA_KGALAGADI_KGALAGADI SOUTH_KOLONKWANE,21.998886440804885,-26.46695305601831,Botswana,AWB,NOx
0386,0.0721270620688893,BOTSWANA_KGALAGADI_KGALAGADI SOUTH_MAKOPONG,23.00557554126552,-25.279785016029198,Botswana,AWB,NOx
0387,0.22854101320749445,BOTSWANA_KGALAGADI_KGALAGADI SOUTH_MALESHE,22.578885408820124,-25.861705230970156,Botswana,AWB,NOx
0388,0.005513927622702419,BOTSWANA_KGALAGADI_KGALAGADI SOUTH_MARALALENG,22.68707487230088,-25.784682276497044,Botswana,AWB,NOx
0389,4.524432543603442,BOTSWANA_KGALAGADI_KGALAGADI SOUTH_MAUBELO,22.38337590834033,-25.32060395255863,Botswana,AWB,NOx
0390,0,BOTSWANA_KGALAGADI_KGALAGADI SOUTH_MIDDLEPITS,21.88965522829646,-26.64510622003729,Botswana,AWB,NOx
0391,23.600071880694674,BOTSWANA_KGALAGADI_KGALAGADI SOUTH_MOLOPO FARMS,23.901539179894392,-25.218667431791786,Botswana,AWB,NOx
0392,0.007615950006246386,BOTSWANA_KGALAGADI_KGALAGADI SOUTH_OMAWENENO,22.58460683893281,-25.787109823452095,Botswana,AWB,NOx
0393,2.620946871370124,BOTSWANA_KGALAGADI_KGALAGADI SOUTH_PHEPHENG/DRAAIHOEK,22.78105010135853,-25.353110330504997,Botswana,AWB,NOx
0394,0.009171280181825467,BOTSWANA_KGALAGADI_KGALAGADI SOUTH_RAPPLES PAN,21.008575646663,-26.638159980643096,Botswana,AWB,NOx
0395,0,BOTSWANA_KGALAGADI_KGALAGADI SOUTH_STRUIZENDAM,20.634736317115014,-26.674011578479416,Botswana,AWB,NOx
0396,0.7516960564557456,BOTSWANA_KGALAGADI_KGALAGADI SOUTH_TSABONG,22.533675678870342,-26.03261068358875,Botswana,AWB,NOx
0397,0.06335818752582464,BOTSWANA_KGALAGADI_KGALAGADI SOUTH_VAALHOEK,20.899174768893236,-26.63085165782585,Botswana,AWB,NOx
0398,1.4453098650527714,BOTSWANA_KGALAGADI_KGALAGADI SOUTH_WERDA,23.074307700309763,-25.079935228446647,Botswana,AWB,NOx
0399,0.02168675557246042,BOTSWANA_KGATLENG_KGATLENG_ARTISIA,26.329598045283216,-24.01646307301413,Botswana,AWB,NOx
0400,0.17863145066369243,BOTSWANA_KGATLENG_KGATLENG_BOKAA,25.97195065976654,-24.450230086407068,Botswana,AWB,NOx
0401,0.10463837709179706,BOTSWANA_KGATLENG_KGATLENG_DIKGONNYE,26.029703255813914,-24.096171191247226,Botswana,AWB,NOx
0402,0.11688676150997014,BOTSWANA_KGATLENG_KGATLENG_DIKWIDIDI,26.17999949757091,-24.55666835671585,Botswana,AWB,NOx
0403,1.6999846615531489,BOTSWANA_KGATLENG_KGATLENG_KGOMODIATSHABA,26.269863148495805,-23.959055603855354,Botswana,AWB,NOx
0404,0.1025399983881693,BOTSWANA_KGATLENG_KGATLENG_KHURUTSHE,26.132859344771337,-23.690545327799267,Botswana,AWB,NOx
0405,0.1847616028629281,BOTSWANA_KGATLENG_KGATLENG_LESHIBITSE,26.406165055796965,-23.83651089330935,Botswana,AWB,NOx
0406,0.23899177459964688,BOTSWANA_KGATLENG_KGATLENG_MABALANE,26.28893676301754,-24.621655976454754,Botswana,AWB,NOx
0407,0.3045241215007613,BOTSWANA_KGATLENG_KGATLENG_MALOLWANE,26.430380010494872,-24.457842437404707,Botswana,AWB,NOx
0408,0.05247785692754298,BOTSWANA_KGATLENG_KGATLENG_MALOTWANA SIDING,26.151012846299633,-24.29179457997145,Botswana,AWB,NOx
0409,0.001982054533714749,BOTSWANA_KGATLENG_KGATLENG_MATEBELENG,26.04953135972325,-24.525143676862136,Botswana,AWB,NOx
0410,0.082929550266622,BOTSWANA_KGATLENG_KGATLENG_MMATHUBUDUKWANE,26.402194016452356,-24.58953432239364,Botswana,AWB,NOx
0411,5.240174849747086,BOTSWANA_KGATLENG_KGATLENG_MOCHUDI,26.47677571716603,-24.23454264974918,Botswana,AWB,NOx
0412,0.2139649470978354,BOTSWANA_KGATLENG_KGATLENG_MODIPANE,26.172106866832117,-24.61311568769224,Botswana,AWB,NOx
0413,0.04971231951832895,BOTSWANA_KGATLENG_KGATLENG_MORWA,26.089564160859158,-24.467876815246445,Botswana,AWB,NOx
0414,0.057573769422753426,BOTSWANA_KGATLENG_KGATLENG_OLIPHANTS DRIFT,26.833613302849894,-24.18652011472838,Botswana,AWB,NOx
0415,0.05679396969677024,BOTSWANA_KGATLENG_KGATLENG_OODI,26.09229785618965,-24.566777150464368,Botswana,AWB,NOx
0416,0.009859110663554155,BOTSWANA_KGATLENG_KGATLENG_PILANE STATION,26.10483646643129,-24.415535218505003,Botswana,AWB,NOx
0417,0.04140580977666383,BOTSWANA_KGATLENG_KGATLENG_RAMONAKA,26.446902425513134,-24.542320856771433,Botswana,AWB,NOx
0418,0.4186229335153572,BOTSWANA_KGATLENG_KGATLENG_RAMOTLABAKI,26.871752159032944,-23.894065124338375,Botswana,AWB,NOx
0419,0.27729616818101976,BOTSWANA_KGATLENG_KGATLENG_RASESA,26.029082284030856,-24.334812008927873,Botswana,AWB,NOx
0420,0.025013861289552002,BOTSWANA_KGATLENG_KGATLENG_SIKWANE,26.40976832130963,-24.631382480577347,Botswana,AWB,NOx
0421,8.056382742920456e-4,BOTSWANA_KWENENG_KWENENG EAST_BDF MOGODITSHANE,25.866597567365684,-24.60177989688917,Botswana,AWB,NOx
0422,0.4242907081588049,BOTSWANA_KWENENG_KWENENG EAST_BOATLANAME,25.90698626304365,-23.603697827888347,Botswana,AWB,NOx
0423,0.007935178353582702,BOTSWANA_KWENENG_KWENENG EAST_DIKGATLHONG,25.890773108192004,-24.22990108004598,Botswana,AWB,NOx
0424,0.2780699571163192,BOTSWANA_KWENENG_KWENENG EAST_DITSHUKUDU,25.79018424903999,-24.31657903586985,Botswana,AWB,NOx
0425,0.39721251077449116,BOTSWANA_KWENENG_KWENENG EAST_GABANE,25.724856086362443,-24.625622432889752,Botswana,AWB,NOx
0426,0.09123127599232407,BOTSWANA_KWENENG_KWENENG EAST_GAKGATLA,25.558388738489484,-24.555893651556392,Botswana,AWB,NOx
0427,0.049052880403779295,BOTSWANA_KWENENG_KWENENG EAST_GAKUTLO,25.795893008492364,-24.485500847618265,Botswana,AWB,NOx
0428,0.005058110011762483,BOTSWANA_KWENENG_KWENENG EAST_GAMODUBU,25.71707045103724,-24.50745373492028,Botswana,AWB,NOx
0429,0.6026480704778279,BOTSWANA_KWENENG_KWENENG EAST_HATSALATLADI,25.655128743903163,-24.053036283307804,Botswana,AWB,NOx
0430,0.1145247829500483,BOTSWANA_KWENENG_KWENENG EAST_KGOPE,25.90730765578967,-24.309697924278826,Botswana,AWB,NOx
0431,0.05732379801330802,BOTSWANA_KWENENG_KWENENG EAST_KOPONG,25.870465764300775,-24.444158127481042,Botswana,AWB,NOx
0432,0.11570628238963428,BOTSWANA_KWENENG_KWENENG EAST_KUBUNG,25.360366076259005,-24.614971635386656,Botswana,AWB,NOx
0433,0.17723812456807791,BOTSWANA_KWENENG_KWENENG EAST_KUMAKWANE,25.672697196778568,-24.673575670712168,Botswana,AWB,NOx
0434,0.6526868743704778,BOTSWANA_KWENENG_KWENENG EAST_KWENENG,25.828354177294415,-23.852566021088684,Botswana,AWB,NOx
0435,0.440832299192519,BOTSWANA_KWENENG_KWENENG EAST_LENTSWELETAU,25.870136138465416,-24.167826671475748,Botswana,AWB,NOx
0436,0.08433726859745266,BOTSWANA_KWENENG_KWENENG EAST_LEOLOGANE,25.64433800339369,-23.434433772014575,Botswana,AWB,NOx
0437,0.19821526577920917,BOTSWANA_KWENENG_KWENENG EAST_LEPHEPHE,25.894174284633333,-23.40765559827626,Botswana,AWB,NOx
0438,0.014173924464823111,BOTSWANA_KWENENG_KWENENG EAST_LOSILAKGOKONG,25.34988894663335,-24.571135771940597,Botswana,AWB,NOx
0439,0.5116920531520918,BOTSWANA_KWENENG_KWENENG EAST_MAHETLWE,25.665185137212088,-24.23905297400607,Botswana,AWB,NOx
0440,0.12029635612623271,BOTSWANA_KWENENG_KWENENG EAST_MEDIE,25.874565240962703,-24.031116366980243,Botswana,AWB,NOx
0441,0.007091014547815843,BOTSWANA_KWENENG_KWENENG EAST_METSIMOTLHABE,25.814813747961594,-24.57843758628985,Botswana,AWB,NOx
0442,0.2770467895932781,BOTSWANA_KWENENG_KWENENG EAST_MMANKGODI,25.623117562536567,-24.72944762315122,Botswana,AWB,NOx
0443,0.05661061288019511,BOTSWANA_KWENENG_KWENENG EAST_MMANOKO,25.64934009640395,-24.42250311648915,Botswana,AWB,NOx
0444,0.0011833049248575313,BOTSWANA_KWENENG_KWENENG EAST_MMATSETA,25.85895904561137,-24.512431056468085,Botswana,AWB,NOx
0445,0.027596101585987066,BOTSWANA_KWENENG_KWENENG EAST_MMOPANE,25.831916673401516,-24.543107056933852,Botswana,AWB,NOx
0446,0.008934666747595623,BOTSWANA_KWENENG_KWENENG EAST_MOGODITSHANE,25.85842184630358,-24.60738400491993,Botswana,AWB,NOx
0447,0.04753629371075476,BOTSWANA_KWENENG_KWENENG EAST_MOGONONO,25.577935957073354,-24.234385269062876,Botswana,AWB,NOx
0448,0.006926692393473819,BOTSWANA_KWENENG_KWENENG EAST_MOKOLODI,25.81603234528639,-24.697241109077822,Botswana,AWB,NOx
0449,1.5937200797365072,BOTSWANA_KWENENG_KWENENG EAST_MOLEPOLOLE,25.5497055386965,-24.395542548425816,Botswana,AWB,NOx
0450,0.07858573175100711,BOTSWANA_KWENENG_KWENENG EAST_RAMAPHATLE,25.61446897045962,-24.70394371590776,Botswana,AWB,NOx
0451,0.6659414440944561,BOTSWANA_KWENENG_KWENENG EAST_SHADISHADI,25.6542773445706,-23.631687537826256,Botswana,AWB,NOx
0452,0.20280165915902668,BOTSWANA_KWENENG_KWENENG EAST_SOJWE,25.81060306743436,-23.447805731300946,Botswana,AWB,NOx
0453,0.1802128085867571,BOTSWANA_KWENENG_KWENENG EAST_THAMAGA,25.512202536353346,-24.636709032733712,Botswana,AWB,NOx
0454,0.10254815630116494,BOTSWANA_KWENENG_KWENENG EAST_TLOANENG,25.718436819740113,-24.748830124610986,Botswana,AWB,NOx
0455,0.38463369854009316,BOTSWANA_KWENENG_KWENENG WEST_BOTLHAPATLOU,25.49433742402101,-23.950964377275472,Botswana,AWB,NOx
0456,0.009130638048893488,BOTSWANA_KWENENG_KWENENG WEST_DIPHUDUHUDU,25.361313831639055,-23.66424037279965,Botswana,AWB,NOx
0457,0.5716885372463657,BOTSWANA_KWENENG_KWENENG WEST_DITSHEGWANE,24.967494356636315,-24.325453739104706,Botswana,AWB,NOx
0458,0.012947875218616036,BOTSWANA_KWENENG_KWENENG WEST_DUTLWE,24.010209606049106,-24.0766543302552,Botswana,AWB,NOx
0459,0.052631899174484215,BOTSWANA_KWENENG_KWENENG WEST_KAUDWANE,24.659436878890112,-23.367661970601763,Botswana,AWB,NOx
0460,0.2604735229678781,BOTSWANA_KWENENG_KWENENG WEST_KHUDUMELAPYE,25.170144578603114,-23.791371348563107,Botswana,AWB,NOx
0461,0.530192199158637,BOTSWANA_KWENENG_KWENENG WEST_KOTOLANAME,25.344981106952105,-24.426360101349005,Botswana,AWB,NOx
0462,1.1565775799090785,BOTSWANA_KWENENG_KWENENG WEST_LETLHAKENG,25.055504504543418,-24.07736578153483,Botswana,AWB,NOx
0463,0.06789575226785782,BOTSWANA_KWENENG_KWENENG WEST_MABOANE,24.62981126929652,-24.01531720256432,Botswana,AWB,NOx
0464,0.3304808059186498,BOTSWANA_KWENENG_KWENENG WEST_MALWELWE,25.388569305562967,-24.124123864830562,Botswana,AWB,NOx
0465,0.251432135674197,BOTSWANA_KWENENG_KWENENG WEST_MANTSHWABISI,25.20948564723073,-24.090430074502226,Botswana,AWB,NOx
0466,0.14223416197876634,BOTSWANA_KWENENG_KWENENG WEST_MARATSHWANE,25.27943300340971,-24.00543002229499,Botswana,AWB,NOx
0467,0.01483099324022583,BOTSWANA_KWENENG_KWENENG WEST_METSIBOTLHOKO,24.88334535341407,-24.02100921043726,Botswana,AWB,NOx
0468,0.062320911993210465,BOTSWANA_KWENENG_KWENENG WEST_MONWANE,25.208167783087692,-24.31675483950471,Botswana,AWB,NOx
0469,1.1329034322217861,BOTSWANA_KWENENG_KWENENG WEST_MOSHAWENG,25.126758323030916,-24.50223959697767,Botswana,AWB,NOx
0470,0.01317176342766572,BOTSWANA_KWENENG_KWENENG WEST_MOTOKWE,23.393326314118752,-23.949217767767472,Botswana,AWB,NOx
0471,0.5328572605843557,BOTSWANA_KWENENG_KWENENG WEST_NGWARE,25.472317051558928,-23.407189666362918,Botswana,AWB,NOx
0472,0.5468681007390976,BOTSWANA_KWENENG_KWENENG WEST_SALAJWE,24.700069233188845,-23.586968168257275,Botswana,AWB,NOx
0473,0.022442914709674973,BOTSWANA_KWENENG_KWENENG WEST_SERINANE,25.19951548113084,-24.18969812658127,Botswana,AWB,NOx
0474,0.0017540272676585145,BOTSWANA_KWENENG_KWENENG WEST_SESUNG,24.920484389582054,-24.098764991625394,Botswana,AWB,NOx
0475,0.061319543364962203,BOTSWANA_KWENENG_KWENENG WEST_SORILATHOLO,25.06367528301778,-23.48111009752001,Botswana,AWB,NOx
0476,0.23187153878388278,BOTSWANA_KWENENG_KWENENG WEST_TAKATOKWANE,24.333986142124967,-23.897263235861104,Botswana,AWB,NOx
0477,0.05987479517900404,BOTSWANA_KWENENG_KWENENG WEST_THEBEPHATSHWA,25.33911813426609,-24.229770927348877,Botswana,AWB,NOx
0478,0.005290182479419551,BOTSWANA_KWENENG_KWENENG WEST_TSETSENG,23.346608409362428,-23.556625874898454,Botswana,AWB,NOx
0479,0.05316654321972308,BOTSWANA_KWENENG_KWENENG WEST_TSWAANE,23.844303310573697,-23.677953470418096,Botswana,AWB,NOx
0480,0.26310778247183975,BOTSWANA_LOBATSE_LOBATSE_LOBATSE,25.680222039240462,-25.21156716052995,Botswana,AWB,NOx
0481,0.07602147337853485,BOTSWANA_NORTH EAST_NORTH EAST_BOTALAOTE,27.23593919430158,-20.74011790617292,Botswana,AWB,NOx
0482,0.04590846944917659,BOTSWANA_NORTH EAST_NORTH EAST_BUTALE,27.676071500645865,-20.656116388620305,Botswana,AWB,NOx
0483,2.7905536312765333,BOTSWANA_NORTH EAST_NORTH EAST_DITLADI,27.593853189898606,-21.357392846398774,Botswana,AWB,NOx
0484,0.03460938578626292,BOTSWANA_NORTH EAST_NORTH EAST_GAMBULE,27.39900708699297,-20.563127167228444,Botswana,AWB,NOx
0485,0.331884151810411,BOTSWANA_NORTH EAST_NORTH EAST_GULUBANE,27.31358281638026,-20.901873558761327,Botswana,AWB,NOx
0486,0.02149779661949299,BOTSWANA_NORTH EAST_NORTH EAST_GUNGWE,27.38271596277986,-20.484327285782342,Botswana,AWB,NOx
0487,1.510262092026051,BOTSWANA_NORTH EAST_NORTH EAST_HASKINS FARM,27.53856707842432,-20.942088468645853,Botswana,AWB,NOx
0488,0.03190446098697726,BOTSWANA_NORTH EAST_NORTH EAST_JACKALAS 1,27.70190501415433,-20.551898920198756,Botswana,AWB,NOx
0489,0.017831829166717883,BOTSWANA_NORTH EAST_NORTH EAST_JACKALAS 2,27.684263288454705,-20.943529822684937,Botswana,AWB,NOx
0490,2.890145092902092,BOTSWANA_NORTH EAST_NORTH EAST_JOHANNES KACHEJOHN,27.416370017173527,-21.032990996945774,Botswana,AWB,NOx
0491,0.06851359832238114,BOTSWANA_NORTH EAST_NORTH EAST_KALAKAMATI,27.325085093746505,-20.616599567778596,Botswana,AWB,NOx
0492,0.008460344625464878,BOTSWANA_NORTH EAST_NORTH EAST_KGARI,27.62095491247424,-20.59772226024511,Botswana,AWB,NOx
0493,0.8443105700200564,BOTSWANA_NORTH EAST_NORTH EAST_LETSHOLATHEBE,27.42289424926035,-20.718374886141437,Botswana,AWB,NOx
0494,0.02283673807045515,BOTSWANA_NORTH EAST_NORTH EAST_MABUDZANE,27.65030964853915,-20.906207513366976,Botswana,AWB,NOx
0495,0.2377748515861306,BOTSWANA_NORTH EAST_NORTH EAST_MAKALENG,27.285094240822392,-20.79040562603129,Botswana,AWB,NOx
0496,0.08258901569894062,BOTSWANA_NORTH EAST_NORTH EAST_MAMBO,27.339806500913884,-20.78191758239405,Botswana,AWB,NOx
0497,0.15190497179815832,BOTSWANA_NORTH EAST_NORTH EAST_MAPOKA,27.583403081931646,-20.534321559571424,Botswana,AWB,NOx
0498,0.44127021284177975,BOTSWANA_NORTH EAST_NORTH EAST_MASINGWANENG,27.31796380391279,-20.837868143226277,Botswana,AWB,NOx
0499,0.0075250352500750945,BOTSWANA_NORTH EAST_NORTH EAST_MASUKWANE,27.54938882946871,-20.590964331617293,Botswana,AWB,NOx
0500,0.07364181357091903,BOTSWANA_NORTH EAST_NORTH EAST_MASUNGA,27.434400286669504,-20.627325508955153,Botswana,AWB,NOx
0501,0.2190789202927183,BOTSWANA_NORTH EAST_NORTH EAST_MATENGE,27.243163563094196,-20.824890359812834,Botswana,AWB,NOx
0502,1.8835395555597678,BOTSWANA_NORTH EAST_NORTH EAST_MATSHELAGABEDI,27.625910201894996,-21.12872037207013,Botswana,AWB,NOx
0503,1.0863943684580497,BOTSWANA_NORTH EAST_NORTH EAST_MATSILOJE,27.79748603303526,-21.272615331495285,Botswana,AWB,NOx
0504,0.15993615425330107,BOTSWANA_NORTH EAST_NORTH EAST_MBALAMBI,27.339335713407475,-20.51403109309788,Botswana,AWB,NOx
0505,0.11147003494319095,BOTSWANA_NORTH EAST_NORTH EAST_MOROKA,27.64533883665974,-20.526246843989444,Botswana,AWB,NOx
0506,0.08608411341026942,BOTSWANA_NORTH EAST_NORTH EAST_MOSOJANE,27.510648322475955,-20.605682710993673,Botswana,AWB,NOx
0507,0.04126048945229501,BOTSWANA_NORTH EAST_NORTH EAST_MOWANA,27.63647955779588,-20.777830273205144,Botswana,AWB,NOx
0508,0.010948346816249403,BOTSWANA_NORTH EAST_NORTH EAST_MULAMBAKWENA,27.46594067350093,-20.57301251814986,Botswana,AWB,NOx
0509,0.12730423672854033,BOTSWANA_NORTH EAST_NORTH EAST_NLAKHWANE,27.517632990383536,-20.518539158214796,Botswana,AWB,NOx
0510,0.8544880238023089,BOTSWANA_NORTH EAST_NORTH EAST_PATAYAMATEBELE,27.737992823316166,-21.4643350004061,Botswana,AWB,NOx
0511,0.03407560374972111,BOTSWANA_NORTH EAST_NORTH EAST_POLE,27.574132779023316,-20.610493660531436,Botswana,AWB,NOx
0512,0.01424141047489717,BOTSWANA_NORTH EAST_NORTH EAST_RAMOKGWEBANA,27.662924110656288,-20.583729469679355,Botswana,AWB,NOx
0513,0.955284886160102,BOTSWANA_NORTH EAST_NORTH EAST_SECHELE,27.38485539651099,-20.797350422844442,Botswana,AWB,NOx
0514,0.02847022249042171,BOTSWANA_NORTH EAST_NORTH EAST_SEKAKANGWE,27.324905899544337,-20.566292847964146,Botswana,AWB,NOx
0515,0.11289716373167992,BOTSWANA_NORTH EAST_NORTH EAST_SENYAWE,27.6781087349486,-20.734971000867784,Botswana,AWB,NOx
0516,1.268631242933627,BOTSWANA_NORTH EAST_NORTH EAST_SHASHE BRIDGE,27.441314891279994,-21.258844535487142,Botswana,AWB,NOx
0517,8.99163565885196e-9,BOTSWANA_NORTH EAST_NORTH EAST_SIVIYA,27.69697685871457,-20.82969467830003,Botswana,AWB,NOx
0518,0.26966143594837616,BOTSWANA_NORTH EAST_NORTH EAST_TATI SIDING,27.46845579652601,-21.26452617148856,Botswana,AWB,NOx
0519,0.7170104589983252,BOTSWANA_NORTH EAST_NORTH EAST_THEMASHANGA,27.55069700154272,-20.72636426785868,Botswana,AWB,NOx
0520,0.46527438122542014,BOTSWANA_NORTH EAST_NORTH EAST_TOTENG,27.270345176482714,-20.719997560519936,Botswana,AWB,NOx
0521,1.7405567577155824e-5,BOTSWANA_NORTH EAST_NORTH EAST_TSAMAYA,27.65197854641795,-20.83445747757975,Botswana,AWB,NOx
0522,0.04444612310218004,BOTSWANA_NORTH EAST_NORTH EAST_TSHESEBE,27.60488659969322,-20.718620239818698,Botswana,AWB,NOx
0523,0.02771759018825338,BOTSWANA_NORTH EAST_NORTH EAST_VUKWI,27.38708622858749,-20.607139935771677,Botswana,AWB,NOx
0524,0.033829918604647194,BOTSWANA_NORTH EAST_NORTH EAST_ZWENSHAMBE,27.448183551665426,-20.504176199278817,Botswana,AWB,NOx
0525,0.8290879624922322,BOTSWANA_NORTH WEST_NGAMILAND DELTA_NGAMILAND DELTA,22.960336814344046,-19.43828751092393,Botswana,AWB,NOx
0526,0.028444171569140513,BOTSWANA_NORTH WEST_NGAMILAND EAST_BODIBENG,22.600564390842983,-20.54248828687454,Botswana,AWB,NOx
0527,0.0836537125705118,BOTSWANA_NORTH WEST_NGAMILAND EAST_BOTLHATLOGO,22.726763405990695,-20.74674723011069,Botswana,AWB,NOx
0528,4.049528576728622e-4,BOTSWANA_NORTH WEST_NGAMILAND EAST_CHANOGA,23.67422168898431,-20.16363542170472,Botswana,AWB,NOx
0529,0.018165481611327198,BOTSWANA_NORTH WEST_NGAMILAND EAST_HABU,22.399450144071537,-19.835986974771608,Botswana,AWB,NOx
0530,1.1316745425985022,BOTSWANA_NORTH WEST_NGAMILAND EAST_KARENG,22.300472651793307,-20.754601900098116,Botswana,AWB,NOx
0531,0.04484276768410473,BOTSWANA_NORTH WEST_NGAMILAND EAST_KGAKGE/MAKAKUNG,22.500435832111794,-20.540049424101177,Botswana,AWB,NOx
0532,0.002177587492530532,BOTSWANA_NORTH WEST_NGAMILAND EAST_KOMANA,23.23556501767629,-20.197324460737033,Botswana,AWB,NOx
0533,0.05043189999074354,BOTSWANA_NORTH WEST_NGAMILAND EAST_MABABE,23.997011922196286,-19.182027762406623,Botswana,AWB,NOx
0534,0.25673539190689154,BOTSWANA_NORTH WEST_NGAMILAND EAST_MAKALAMABEDI,23.41521287773188,-20.67081042197008,Botswana,AWB,NOx
0535,0.013175127810946043,BOTSWANA_NORTH WEST_NGAMILAND EAST_MATLAPANA,23.546036955690333,-19.921555467159827,Botswana,AWB,NOx
0536,0.0019521208202559009,BOTSWANA_NORTH WEST_NGAMILAND EAST_MATSAUDI/SAKAPNAE,23.675283205409393,-19.806194245710948,Botswana,AWB,NOx
0537,3.1539008069869543,BOTSWANA_NORTH WEST_NGAMILAND EAST_MAUN,24.199903111118402,-19.619553541252102,Botswana,AWB,NOx
0538,1.4095797062846716,BOTSWANA_NORTH WEST_NGAMILAND EAST_PHUDUHUDU,24.645957266286953,-20.051304523225582,Botswana,AWB,NOx
0539,0.02446690768913138,BOTSWANA_NORTH WEST_NGAMILAND EAST_SANKUYO,23.881724902731463,-19.421659901868495,Botswana,AWB,NOx
0540,0.18744194959261254,BOTSWANA_NORTH WEST_NGAMILAND EAST_SEHITHWA,22.677793302639653,-20.237066774603015,Botswana,AWB,NOx
0541,0.5495022012593674,BOTSWANA_NORTH WEST_NGAMILAND EAST_SEMBOYO,22.27649485221952,-20.354376077745215,Botswana,AWB,NOx
0542,0.9408931956918284,BOTSWANA_NORTH WEST_NGAMILAND EAST_SHOROBE,23.712796248799126,-19.11296691544541,Botswana,AWB,NOx
0543,0.1669906657133586,BOTSWANA_NORTH WEST_NGAMILAND EAST_TOTENG,22.999306808598018,-20.32082005396448,Botswana,AWB,NOx
0544,1.1860848691466863,BOTSWANA_NORTH WEST_NGAMILAND EAST_TSAO,22.28659245098526,-20.02090488822863,Botswana,AWB,NOx
0545,0.8980342545100308,BOTSWANA_NORTH WEST_NGAMILAND WEST_BEETSHA,22.953920477145694,-18.380166226946653,Botswana,AWB,NOx
0546,0.20782192754319018,BOTSWANA_NORTH WEST_NGAMILAND WEST_CHUKUMUCHU,21.598703917965935,-18.74824397962615,Botswana,AWB,NOx
0547,0.06930350132668248,BOTSWANA_NORTH WEST_NGAMILAND WEST_ERETSHA,22.86584821151028,-18.79052805025673,Botswana,AWB,NOx
0548,0.1141563234933844,BOTSWANA_NORTH WEST_NGAMILAND WEST_ETSHA 1,22.224044369783737,-19.242642574470672,Botswana,AWB,NOx
0549,0.01639607227747534,BOTSWANA_NORTH WEST_NGAMILAND WEST_ETSHA 13,22.229743070714033,-19.017116669937373,Botswana,AWB,NOx
0550,0.00796445281551787,BOTSWANA_NORTH WEST_NGAMILAND WEST_ETSHA 6,22.229066360329956,-19.108258691269373,Botswana,AWB,NOx
0551,0.07134758439649545,BOTSWANA_NORTH WEST_NGAMILAND WEST_GANI,21.444696927418082,-18.405419080628068,Botswana,AWB,NOx
0552,0.01136013884267751,BOTSWANA_NORTH WEST_NGAMILAND WEST_GONUTSUGA,22.59253926092765,-18.87801840211525,Botswana,AWB,NOx
0553,0.002812759383477968,BOTSWANA_NORTH WEST_NGAMILAND WEST_GUDINGWA,22.905784262247845,-18.563529796191204,Botswana,AWB,NOx
0554,0.1164498654422294,BOTSWANA_NORTH WEST_NGAMILAND WEST_GUMARE,22.131570836874936,-19.394550571792966,Botswana,AWB,NOx
0555,0.006880843241937735,BOTSWANA_NORTH WEST_NGAMILAND WEST_IKOGA,22.218249775302052,-18.888300198172978,Botswana,AWB,NOx
0556,0,BOTSWANA_NORTH WEST_NGAMILAND WEST_KAJAJA,21.992248859877353,-18.703015404036154,Botswana,AWB,NOx
0557,0.03165242924789915,BOTSWANA_NORTH WEST_NGAMILAND WEST_KAUXWHI,21.93273566781973,-18.270501890330234,Botswana,AWB,NOx
0558,0.1480872805843699,BOTSWANA_NORTH WEST_NGAMILAND WEST_MOGOMOTHO,22.252300749707768,-18.492510662073524,Botswana,AWB,NOx
0559,0.003533577515405737,BOTSWANA_NORTH WEST_NGAMILAND WEST_MOHEMBO EAST,21.802957716080922,-18.266524959816728,Botswana,AWB,NOx
0560,0.04861357603889285,BOTSWANA_NORTH WEST_NGAMILAND WEST_MOHEMBO WEST,21.66725143544976,-18.312119665836942,Botswana,AWB,NOx
0561,0.005195905562426178,BOTSWANA_NORTH WEST_NGAMILAND WEST_MOKGACHA,22.28535493171085,-18.701773297683296,Botswana,AWB,NOx
0562,0,BOTSWANA_NORTH WEST_NGAMILAND WEST_NGARANGE,22.04454772324353,-18.490470871633665,Botswana,AWB,NOx
0563,0.7141059681316294,BOTSWANA_NORTH WEST_NGAMILAND WEST_NOKANENG,22.21151988099178,-19.64313399653268,Botswana,AWB,NOx
0564,0,BOTSWANA_NORTH WEST_NGAMILAND WEST_NXAMASERE,21.95986197574487,-18.61796345462013,Botswana,AWB,NOx
0565,1.708211199987697,BOTSWANA_NORTH WEST_NGAMILAND WEST_NXAUNXAU,21.351524290127983,-18.90359537023587,Botswana,AWB,NOx
0566,1.0871103589319826,BOTSWANA_NORTH WEST_NGAMILAND WEST_QANGWA,21.56450523279803,-19.49744243797423,Botswana,AWB,NOx
0567,0.004735986229460799,BOTSWANA_NORTH WEST_NGAMILAND WEST_SAMOCHEMA,21.807530849136374,-18.491110966045003,Botswana,AWB,NOx
0568,0.044562367624116146,BOTSWANA_NORTH WEST_NGAMILAND WEST_SEKONDOMBORO,22.116154551020507,-18.31395834682349,Botswana,AWB,NOx
0569,0,BOTSWANA_NORTH WEST_NGAMILAND WEST_SEPOPA,22.058884839789098,-18.787426270755017,Botswana,AWB,NOx
0570,0.13689540101950604,BOTSWANA_NORTH WEST_NGAMILAND WEST_SERONGA,22.432137134077763,-18.68657047380979,Botswana,AWB,NOx
0571,0.023930216379346586,BOTSWANA_NORTH WEST_NGAMILAND WEST_SHAKAWE,21.734262044931864,-18.42525466967516,Botswana,AWB,NOx
0572,0.12692794057885318,BOTSWANA_NORTH WEST_NGAMILAND WEST_TUBU,22.343676013963407,-19.42290273539071,Botswana,AWB,NOx
0573,0.003932530274046555,BOTSWANA_NORTH WEST_NGAMILAND WEST_XAKAO,21.89184146965982,-18.35122741006872,Botswana,AWB,NOx
0574,6.869221949380034,BOTSWANA_NORTH WEST_NGAMILAND WEST_XAXA,21.481474650920102,-20.367126109392327,Botswana,AWB,NOx
0575,0,BOTSWANA_NORTH WEST_NGAMILAND WEST_XHAUGA,21.8600876919785,-18.555460050065392,Botswana,AWB,NOx
0576,0.04983054457372582,BOTSWANA_ORAPA_ORAPA_ORAPA,25.3996206036354,-21.263370671233456,Botswana,AWB,NOx
0577,0.33076136321852767,BOTSWANA_SELIBE PHIKWE_SELIBE PHIKWE_SELIBE PHIKWE,27.837207638783738,-21.958685691075345,Botswana,AWB,NOx
0578,0.9615755929547135,BOTSWANA_SOUTH EAST_SOUTH EAST_DOORN LAAGTE,25.651786031535003,-25.28255683886919,Botswana,AWB,NOx
0579,0.8100793915222413,BOTSWANA_SOUTH EAST_SOUTH EAST_HILDAVALE,25.616656741956373,-25.403085615302597,Botswana,AWB,NOx
0580,0.8290770204991279,BOTSWANA_SOUTH EAST_SOUTH EAST_LOBATSE ESTATES,25.699833727272946,-25.141969237065187,Botswana,AWB,NOx
0581,1.096085871900888,BOTSWANA_SOUTH EAST_SOUTH EAST_MOGOBANE,25.702998989332475,-24.943145974483425,Botswana,AWB,NOx
0582,0.9713638324658787,BOTSWANA_SOUTH EAST_SOUTH EAST_OTSE,25.756324039083623,-25.045000276937234,Botswana,AWB,NOx
0583,0.3342471931516401,BOTSWANA_SOUTH EAST_SOUTH EAST_RAMOTSWA,25.829789056966593,-24.901951101856636,Botswana,AWB,NOx
0584,0.51805036654641,BOTSWANA_SOUTH EAST_SOUTH EAST_RAMOTSWA STATION/TAUNG,25.770154438973417,-24.815461657589147,Botswana,AWB,NOx
0585,0.39554057949365445,BOTSWANA_SOUTH EAST_SOUTH EAST_TLOKWENG,26.035546995861406,-24.647763400719953,Botswana,AWB,NOx
0586,0.13858640883133053,BOTSWANA_SOUTHERN_BAROLONG_BETHEL,25.523180210457173,-25.455324991549087,Botswana,AWB,NOx
0587,0.16788123220215173,BOTSWANA_SOUTHERN_BAROLONG_BOROBADILEPE,25.45763854772069,-25.624399960180156,Botswana,AWB,NOx
0588,0.07602343960169003,BOTSWANA_SOUTHERN_BAROLONG_DIGAWANA,25.554337853260883,-25.336847733509767,Botswana,AWB,NOx
0589,0.06328674648731743,BOTSWANA_SOUTHERN_BAROLONG_DIKHUKHUNG,24.885447065593745,-25.800063981646993,Botswana,AWB,NOx
0590,0.24148098272351365,BOTSWANA_SOUTHERN_BAROLONG_DINATSHANA,25.561032468363326,-25.459552008174736,Botswana,AWB,NOx
0591,0.20294710331746468,BOTSWANA_SOUTHERN_BAROLONG_DITLHARAPA,25.26534775604463,-25.74503088773403,Botswana,AWB,NOx
0592,0.1867070991426889,BOTSWANA_SOUTHERN_BAROLONG_GAMAJALELA,25.422867167043186,-25.383535663638526,Botswana,AWB,NOx
0593,0.04493956411256694,BOTSWANA_SOUTHERN_BAROLONG_GATHWANE,25.50825122582933,-25.39225799661276,Botswana,AWB,NOx
0594,0.4360023613636895,BOTSWANA_SOUTHERN_BAROLONG_GOOD HOPE,25.425540411603592,-25.474044252271263,Botswana,AWB,NOx
0595,0.37093829194951117,BOTSWANA_SOUTHERN_BAROLONG_HEBRON,25.41118276541949,-25.696194884502404,Botswana,AWB,NOx
0596,0.2357368074578219,BOTSWANA_SOUTHERN_BAROLONG_KANGWE,25.079061936844482,-25.406209192834304,Botswana,AWB,NOx
0597,0.2604360049936748,BOTSWANA_SOUTHERN_BAROLONG_KGORO,25.486735775180065,-25.453486474188907,Botswana,AWB,NOx
0598,0.08784462793371493,BOTSWANA_SOUTHERN_BAROLONG_LEJWANA,25.53432726709042,-25.415801471703258,Botswana,AWB,NOx
0599,3.3778244977789833,BOTSWANA_SOUTHERN_BAROLONG_LEPORUNG,25.008424229579703,-25.672891074188268,Botswana,AWB,NOx
0600,0.40968600243560266,BOTSWANA_SOUTHERN_BAROLONG_LOGAGANE,25.398915672259538,-25.611615010488325,Botswana,AWB,NOx
0601,0.1024265567460528,BOTSWANA_SOUTHERN_BAROLONG_LORWANA,25.502074910123632,-25.286996269753118,Botswana,AWB,NOx
0602,0.5651521282033323,BOTSWANA_SOUTHERN_BAROLONG_MABULE,24.537508834961965,-25.73692702390118,Botswana,AWB,NOx
0603,0.5163229791498475,BOTSWANA_SOUTHERN_BAROLONG_MADINGWANA,25.481261650329014,-25.576730325456165,Botswana,AWB,NOx
0604,0.3430017522367876,BOTSWANA_SOUTHERN_BAROLONG_MAGORIAPITSE,25.27977947866948,-25.44137079227652,Botswana,AWB,NOx
0605,0.11482100484695756,BOTSWANA_SOUTHERN_BAROLONG_MAKOKWE,25.475459011292934,-25.66937770824479,Botswana,AWB,NOx
0606,0.5356532051960023,BOTSWANA_SOUTHERN_BAROLONG_MALOKAGANYANE,25.488358562103294,-25.502299871489452,Botswana,AWB,NOx
0607,0.3622730706620649,BOTSWANA_SOUTHERN_BAROLONG_MAROJANE,25.341901927422153,-25.73640142441916,Botswana,AWB,NOx
0608,0.18154203247786638,BOTSWANA_SOUTHERN_BAROLONG_METLOBO,25.124348846065626,-25.39253659443453,Botswana,AWB,NOx
0609,0.8136267403017907,BOTSWANA_SOUTHERN_BAROLONG_METLOJANE,25.375187769980677,-25.552026515853672,Botswana,AWB,NOx
0610,0.4921125169724544,BOTSWANA_SOUTHERN_BAROLONG_MMAKGORI,24.800927173643334,-25.789358109184104,Botswana,AWB,NOx
0611,4.144649857803276,BOTSWANA_SOUTHERN_BAROLONG_MMATHETHE,25.16245192169214,-25.332818623646105,Botswana,AWB,NOx
0612,0.943139056838431,BOTSWANA_SOUTHERN_BAROLONG_MOGOJOGOJO,25.472237292279374,-25.35846674488226,Botswana,AWB,NOx
0613,0.733188692751361,BOTSWANA_SOUTHERN_BAROLONG_MOGWALALE,25.3618167413177,-25.480322244471722,Botswana,AWB,NOx
0614,0.31273918701633063,BOTSWANA_SOUTHERN_BAROLONG_MOKATAKO,25.21324864044004,-25.72876284416883,Botswana,AWB,NOx
0615,1.552615048749268,BOTSWANA_SOUTHERN_BAROLONG_MOKGOMANE,25.21261347084866,-25.518245387897743,Botswana,AWB,NOx
0616,0.8576478337209362,BOTSWANA_SOUTHERN_BAROLONG_MOLETE,25.308791189937068,-25.671084438672697,Botswana,AWB,NOx
0617,0.2627907762989588,BOTSWANA_SOUTHERN_BAROLONG_MOTSENTSHE,25.375726428046065,-25.379180264622413,Botswana,AWB,NOx
0618,0.5667870908027193,BOTSWANA_SOUTHERN_BAROLONG_MUSI,25.08334912114238,-25.688286393457503,Botswana,AWB,NOx
0619,0.33513489697532717,BOTSWANA_SOUTHERN_BAROLONG_NGWATSAU,25.540401017789634,-25.553981728114238,Botswana,AWB,NOx
0620,0.11517764056401839,BOTSWANA_SOUTHERN_BAROLONG_PAPATLO,25.50091785142035,-25.65156471920203,Botswana,AWB,NOx
0621,0.15124205357377016,BOTSWANA_SOUTHERN_BAROLONG_PHIHITSHWANE,25.414087664638753,-25.65601906088651,Botswana,AWB,NOx
0622,0.35898977172861857,BOTSWANA_SOUTHERN_BAROLONG_PITSANA-POTOKWE,25.556580548078113,-25.50806204359263,Botswana,AWB,NOx
0623,0.14202982760099897,BOTSWANA_SOUTHERN_BAROLONG_PITSANE SIDING,25.604250914974468,-25.46943866185844,Botswana,AWB,NOx
0624,0.07492812771451084,BOTSWANA_SOUTHERN_BAROLONG_PITSHANE MOLOPO,25.119834443362777,-25.744597939849236,Botswana,AWB,NOx
0625,0.5656174414821856,BOTSWANA_SOUTHERN_BAROLONG_RAKHUNA,25.578883997684116,-25.582003199973805,Botswana,AWB,NOx
0626,0.28834229770649294,BOTSWANA_SOUTHERN_BAROLONG_RAMATLABAMA,25.542590563183143,-25.63663806930263,Botswana,AWB,NOx
0627,0.777631500957326,BOTSWANA_SOUTHERN_BAROLONG_SEDIBENG,25.16840936243981,-25.684656039464652,Botswana,AWB,NOx
0628,8.721482570589073,BOTSWANA_SOUTHERN_BAROLONG_SEKHUTLANE,24.48911487032339,-25.502857393367236,Botswana,AWB,NOx
0629,0.164500760892508,BOTSWANA_SOUTHERN_BAROLONG_SHEEP FARM,25.494453226915,-25.550549245917278,Botswana,AWB,NOx
0630,0.6081174994230818,BOTSWANA_SOUTHERN_BAROLONG_TLHARESELEELE,25.6164016549552,-25.509947342258574,Botswana,AWB,NOx
0631,4.37642233311397,BOTSWANA_SOUTHERN_BAROLONG_TSHIDILAMOLOMO,24.680774921105087,-25.71938467094859,Botswana,AWB,NOx
0632,13.023981040627746,BOTSWANA_SOUTHERN_BAROLONG_TSWAANENG,24.874731933296207,-25.481179488719636,Botswana,AWB,NOx
0633,0.4560826250489355,BOTSWANA_SOUTHERN_BAROLONG_TSWAGARE/LOTHOJE/LOKALANA,25.32250003507171,-25.608673297419177,Botswana,AWB,NOx
0634,0.5049144083113667,BOTSWANA_SOUTHERN_BAROLONG_TSWANYANENG,25.26289447863055,-25.6163734983762,Botswana,AWB,NOx
0635,0.02617660507617303,BOTSWANA_SOUTHERN_NGWAKETSE WEST_ITHOLOKE,23.49754475940133,-24.802379212464427,Botswana,AWB,NOx
0636,0.179935922748991,BOTSWANA_SOUTHERN_NGWAKETSE WEST_KANAKU,23.536569449983585,-24.292118077279163,Botswana,AWB,NOx
0637,0,BOTSWANA_SOUTHERN_NGWAKETSE WEST_KENG,23.822720476728055,-24.619062130504958,Botswana,AWB,NOx
0638,0.8531746559779395,BOTSWANA_SOUTHERN_NGWAKETSE WEST_KHAKHEA,23.52876267152225,-24.69951083983683,Botswana,AWB,NOx
0639,0.00581928832649561,BOTSWANA_SOUTHERN_NGWAKETSE WEST_KHONKHWA,23.935454133373597,-24.46012666914766,Botswana,AWB,NOx
0640,0.2703684223836941,BOTSWANA_SOUTHERN_NGWAKETSE WEST_KOKONG,23.160513999524845,-24.39362019765512,Botswana,AWB,NOx
0641,0,BOTSWANA_SOUTHERN_NGWAKETSE WEST_KUTUKU,23.639126946319017,-24.680282589894166,Botswana,AWB,NOx
0642,0.09605931395820702,BOTSWANA_SOUTHERN_NGWAKETSE WEST_MABUTSANE,23.705699680104797,-24.459760111464377,Botswana,AWB,NOx
0643,0.00316972332023762,BOTSWANA_SOUTHERN_NGWAKETSE WEST_MAHOTSHWANE,24.187255352450173,-24.38400662626752,Botswana,AWB,NOx
0644,0.009071803125785358,BOTSWANA_SOUTHERN_NGWAKETSE WEST_MORWAMOSU,23.122520350392715,-24.153854514850522,Botswana,AWB,NOx
0645,0,BOTSWANA_SOUTHERN_NGWAKETSE WEST_SEKOMA,24.02445527149606,-24.579997053681147,Botswana,AWB,NOx
0646,0.013330215628530756,BOTSWANA_SOUTHERN_SOUTHERN_BETESANKWE,24.8941696227703,-24.719678878206103,Botswana,AWB,NOx
0647,0.5175038117877692,BOTSWANA_SOUTHERN_SOUTHERN_DIABO,25.365536715216567,-25.223190983743812,Botswana,AWB,NOx
0648,0.5148823390704255,BOTSWANA_SOUTHERN_SOUTHERN_DIPOTSANA,25.446292913079866,-25.212561776849554,Botswana,AWB,NOx
0649,6.602595589365137,BOTSWANA_SOUTHERN_SOUTHERN_GASITA,24.82803541943543,-25.124083589756676,Botswana,AWB,NOx
0650,3.952802601438639,BOTSWANA_SOUTHERN_SOUTHERN_KANYE,25.289267678855026,-25.048656911618565,Botswana,AWB,NOx
0651,0.30154643992624575,BOTSWANA_SOUTHERN_SOUTHERN_KGOMOKASITWA,25.611112091400322,-25.09686032652438,Botswana,AWB,NOx
0652,0.3018976009981319,BOTSWANA_SOUTHERN_SOUTHERN_LEFOKO,24.690111852640598,-24.8470312136434,Botswana,AWB,NOx
0653,0.3713777208236375,BOTSWANA_SOUTHERN_SOUTHERN_LEKGOLOBOTLO,25.61615083241098,-24.885307065481175,Botswana,AWB,NOx
0654,5.586343935016864,BOTSWANA_SOUTHERN_SOUTHERN_LOROLWANA,24.459937704580028,-25.2535967198016,Botswana,AWB,NOx
0655,0.3573854473157401,BOTSWANA_SOUTHERN_SOUTHERN_LOTLHAKANE,25.435707774440367,-25.08771727806122,Botswana,AWB,NOx
0656,0.13892168722754744,BOTSWANA_SOUTHERN_SOUTHERN_LOTLHAKANE WEST,25.295371153997333,-24.784930431562245,Botswana,AWB,NOx
0657,0.08208480965734527,BOTSWANA_SOUTHERN_SOUTHERN_MAGOTLHWANE,25.599116726068054,-24.996853415826646,Botswana,AWB,NOx
0658,0.7919704525930541,BOTSWANA_SOUTHERN_SOUTHERN_MANYANA,25.574934396304805,-24.79875482887838,Botswana,AWB,NOx
0659,1.8463642193139627,BOTSWANA_SOUTHERN_SOUTHERN_MAOKANE,24.649164740852807,-24.988391174828216,Botswana,AWB,NOx
0660,0.3141570636589111,BOTSWANA_SOUTHERN_SOUTHERN_MOGONYE,25.67857687556797,-24.842313481878563,Botswana,AWB,NOx
0661,0.8937817405174017,BOTSWANA_SOUTHERN_SOUTHERN_MOKHOMBA,24.61814743618357,-24.716762968297573,Botswana,AWB,NOx
0662,1.0427081193040468,BOTSWANA_SOUTHERN_SOUTHERN_MOLAPOWABOJANG,25.545639385657516,-25.196418239986023,Botswana,AWB,NOx
0663,1.0505005383301402,BOTSWANA_SOUTHERN_SOUTHERN_MOSHANENG,25.208444254843652,-24.835326824262772,Botswana,AWB,NOx
0664,0.7738830346365294,BOTSWANA_SOUTHERN_SOUTHERN_MOSHUPA,25.42468410253782,-24.802239950537796,Botswana,AWB,NOx
0665,0.8903387421378576,BOTSWANA_SOUTHERN_SOUTHERN_NTLHANTLHE,25.563433827213757,-25.01680148927233,Botswana,AWB,NOx
0666,0.5429765235471609,BOTSWANA_SOUTHERN_SOUTHERN_PITSENG,25.026961859107356,-24.671811025950742,Botswana,AWB,NOx
0667,0.35347664595661876,BOTSWANA_SOUTHERN_SOUTHERN_RALEKGETHO,25.153983418889254,-24.651674927885143,Botswana,AWB,NOx
0668,0.6379091598512532,BOTSWANA_SOUTHERN_SOUTHERN_RANAKA,25.49210433716248,-24.953019551938723,Botswana,AWB,NOx
0669,2.8263997043462137,BOTSWANA_SOUTHERN_SOUTHERN_SEGWAGWA,25.154246986825143,-25.20370107041337,Botswana,AWB,NOx
0670,0.8476590172863013,BOTSWANA_SOUTHERN_SOUTHERN_SEHERELELA,24.966365412487043,-24.85255338029039,Botswana,AWB,NOx
0671,1.0926886688553425,BOTSWANA_SOUTHERN_SOUTHERN_SELOKOLELA,25.08619153157018,-25.012511421456256,Botswana,AWB,NOx
0672,0.36080510012126843,BOTSWANA_SOUTHERN_SOUTHERN_SEMANE,24.36060822534978,-24.5838070534333,Botswana,AWB,NOx
0673,0.116806582839082,BOTSWANA_SOUTHERN_SOUTHERN_SESE,24.837457767676273,-24.623316789302145,Botswana,AWB,NOx
0674,0.30866116662894844,BOTSWANA_SOUTHERN_SOUTHERN_SESUNG,25.085978537640155,-24.864295490303654,Botswana,AWB,NOx
0675,4.158794099715309,BOTSWANA_SOUTHERN_SOUTHERN_TLHANKANE,24.375461207737164,-24.957536336747538,Botswana,AWB,NOx
0676,0.3336055586544762,BOTSWANA_SOUTHERN_SOUTHERN_TSHWAANE,25.273421585713766,-24.711641454327474,Botswana,AWB,NOx
0677,0.4680025077574245,BOTSWANA_SOUTHERN_SOUTHERN_TSONYANE,24.813855404067922,-24.839469110997843,Botswana,AWB,NOx
0678,0.3554804567490882,BOTSWANA_SOWA TOWN_SOWA TOWN_SOWA TOWN,26.205474065724133,-20.525655504329873,Botswana,AWB,NOx
0679,0.003346912143322472,BOTSWANA_NORTH WEST_NGAMILAND WEST_TOBERE,22.060761168763293,-18.2277220943275,Botswana,AWB,NOx
0680,0.43427114226245744,BOTSWANA_FRANCISTOWN_FRANCISTOWN_FRANCISTOWN,27.527173396825056,-21.15325240029203,Botswana,AWB,NOx
0681,1.6384851679248094,BOTSWANA_NORTH EAST_NORTH EAST_MATOPI,27.91115579539766,-21.482192037003767,Botswana,AWB,NOx
0682,60.535306987491566,LESOTHO_BEREA,27.916543179927878,-29.196133964322186,Lesotho,AWB,NOx
0683,12.51799415200407,LESOTHO_BUTHA-BUTHE,28.564194113912084,-28.80291309387294,Lesotho,AWB,NOx
0684,42.09201728072859,LESOTHO_LERIBE,28.262778693785734,-29.01811492119529,Lesotho,AWB,NOx
0685,19.19430532276007,LESOTHO_MAFETENG,27.392581280663943,-29.77903326417238,Lesotho,AWB,NOx
0686,79.0725325809683,LESOTHO_MASERU,27.818410139103523,-29.578708001027245,Lesotho,AWB,NOx
0687,28.31792375234411,LESOTHO_MOHALE'S HOEK,27.81073935217726,-30.05732318594617,Lesotho,AWB,NOx
0688,17.741271649129605,LESOTHO_MOKHOTLONG,29.030965902973236,-29.219387585513097,Lesotho,AWB,NOx
0689,4.163626635021838,LESOTHO_QACHA'S NEK,28.738216934631595,-29.96551989191937,Lesotho,AWB,NOx
0690,11.344199088633838,LESOTHO_QUTHING,27.985860217458367,-30.361098997601832,Lesotho,AWB,NOx
0691,24.607033497741295,LESOTHO_THABA-TSEKA,28.592501565541635,-29.5707462455164,Lesotho,AWB,NOx
0692,5.84455589480739,MALAWI_SOUTHERN REGION_BALAKA,35.057010057789576,-15.035291543995603,Malawi,AWB,NOx
0693,25.143352427270365,MALAWI_SOUTHERN REGION_BLANTYRE,34.93215294645478,-15.653521070374605,Malawi,AWB,NOx
0694,3.081182791598585,MALAWI_SOUTHERN REGION_BLANTYRE CITY,35.049846087604834,-15.788155512634402,Malawi,AWB,NOx
0695,118.36533024957203,MALAWI_SOUTHERN REGION_CHIKWAWA,34.70903689510921,-16.164449793446956,Malawi,AWB,NOx
0696,22.59910366886963,MALAWI_SOUTHERN REGION_CHIRADZULU,35.21401510212054,-15.74504273186666,Malawi,AWB,NOx
0697,146.93131737432066,MALAWI_NORTHERN REGION_CHITIPA,33.50075697273936,-9.961323805951439,Malawi,AWB,NOx
0698,70.98341362433253,MALAWI_CENTRAL REGION_DEDZA,34.227546152785884,-14.26666414364504,Malawi,AWB,NOx
0699,69.63920762216385,MALAWI_CENTRAL REGION_DOWA,33.7882007354298,-13.568943726666408,Malawi,AWB,NOx
0700,42.720653251459844,MALAWI_NORTHERN REGION_KARONGA,33.88286491576761,-10.085628973711133,Malawi,AWB,NOx
0701,274.40693171887034,MALAWI_CENTRAL REGION_KASUNGU,33.38591920703449,-12.984592469489298,Malawi,AWB,NOx
0702,77.11444253195761,MALAWI_LAKE MALAWI_LAKE MALAWI,34.46342187078561,-11.83542210532386,Malawi,AWB,NOx
0703,0.6250312860789379,MALAWI_NORTHERN REGION_LIKOMA,34.68456952933858,-12.049251389757782,Malawi,AWB,NOx
0704,112.13340863872838,MALAWI_CENTRAL REGION_LILONGWE,33.678384246204125,-14.02262845680586,Malawi,AWB,NOx
0705,7.71266785466165,MALAWI_CENTRAL REGION_LILONGWE CITY,33.777412227707195,-13.917060812410538,Malawi,AWB,NOx
0706,23.503561395874833,MALAWI_SOUTHERN REGION_MACHINGA,35.56621569203856,-14.939743540640112,Malawi,AWB,NOx
0707,58.293503676871104,MALAWI_SOUTHERN REGION_MANGOCHI,35.188672100825926,-14.35745673152043,Malawi,AWB,NOx
0708,54.26011321623581,MALAWI_CENTRAL REGION_MCHINJI,33.05678421553763,-13.693204790303813,Malawi,AWB,NOx
0709,139.7172104343027,MALAWI_SOUTHERN REGION_MULANJE,35.510601697456494,-15.937493088013312,Malawi,AWB,NOx
0710,18.931739197044678,MALAWI_SOUTHERN REGION_MWANZA,34.51070572282828,-15.653498412560298,Malawi,AWB,NOx
0711,49.57975928257141,MALAWI_NORTHERN REGION_MZIMBA,33.63357391674036,-11.774662616846621,Malawi,AWB,NOx
0712,0.4428496372888516,MALAWI_NORTHERN REGION_MZUZU CITY,34.008085621399474,-11.435033136665401,Malawi,AWB,NOx
0713,40.54124039206425,MALAWI_SOUTHERN REGION_NENO,34.69511229098429,-15.46855436212607,Malawi,AWB,NOx
0714,5.854717319977343,MALAWI_NORTHERN REGION_NKHATA BAY,34.04155946420708,-11.671744085857307,Malawi,AWB,NOx
0715,107.49083510111006,MALAWI_CENTRAL REGION_NKHOTAKOTA,34.088412143637505,-12.844968406478515,Malawi,AWB,NOx
0716,26.503964400742408,MALAWI_SOUTHERN REGION_NSANJE,35.14256102689594,-16.7458281066411,Malawi,AWB,NOx
0717,60.97826449264241,MALAWI_CENTRAL REGION_NTCHEU,34.7150219403129,-14.809209532624244,Malawi,AWB,NOx
0718,24.505328887742408,MALAWI_CENTRAL REGION_NTCHISI,33.919435671123914,-13.29729664939087,Malawi,AWB,NOx
0719,51.857143677949594,MALAWI_SOUTHERN REGION_PHALOMBE,35.69103908738544,-15.669471595035306,Malawi,AWB,NOx
0720,173.3521294117127,MALAWI_NORTHERN REGION_RUMPHI,33.814313155835954,-10.819178535708213,Malawi,AWB,NOx
0721,14.556304848408192,MALAWI_CENTRAL REGION_SALIMA,34.38342391012431,-13.73580013859686,Malawi,AWB,NOx
0722,69.45074255058658,MALAWI_SOUTHERN REGION_THYOLO,35.14513805866104,-16.103293124272504,Malawi,AWB,NOx
0723,45.6349521320355,MALAWI_SOUTHERN REGION_ZOMBA,35.431720494463534,-15.397965042950926,Malawi,AWB,NOx
0724,0.123625145988958,MALAWI_SOUTHERN REGION_ZOMBA CITY,35.32958370864326,-15.389038184748701,Malawi,AWB,NOx
0725,1.0107556705487681,MOZAMBIQUE_CABO DELGADO_ANCUABE_ANCUABE SEDE,39.81250434636672,-12.844910167361961,Mozambique,AWB,NOx
0726,0.8498430326659849,MOZAMBIQUE_CABO DELGADO_ANCUABE_METORO,39.98166464165771,-13.123343510947777,Mozambique,AWB,NOx
0727,1.106730653318735,MOZAMBIQUE_CABO DELGADO_ANCUABE_MEZA,39.50077329178648,-13.002763030349875,Mozambique,AWB,NOx
0728,0.7853143635111026,MOZAMBIQUE_CABO DELGADO_BALAMA_BALAMA SEDE,38.60741548928212,-13.34632445565341,Mozambique,AWB,NOx
0729,1.6322426582406255,MOZAMBIQUE_CABO DELGADO_BALAMA_IMPIRE,38.234370073203195,-13.36117175168839,Mozambique,AWB,NOx
0730,5.160139402276454,MOZAMBIQUE_CABO DELGADO_BALAMA_KWEKWE,38.360631459274536,-13.719258906829074,Mozambique,AWB,NOx
0731,0.3330380124948015,MOZAMBIQUE_CABO DELGADO_BALAMA_MAVALA,38.44433858639442,-13.127397794272662,Mozambique,AWB,NOx
0732,0.08538362831929128,MOZAMBIQUE_CABO DELGADO_CHIÚRE_CHIÚRE SEDE,39.78631866112433,-13.334949533035196,Mozambique,AWB,NOx
0733,0.04933023441537874,MOZAMBIQUE_CABO DELGADO_CHIÚRE_CHIÚRE VELHO,39.9790643743911,-13.394863091288299,Mozambique,AWB,NOx
0734,1.375076562798633,MOZAMBIQUE_CABO DELGADO_CHIÚRE_KATAPUA,39.46036839056145,-13.3790182741743,Mozambique,AWB,NOx
0735,0.3332388725285131,MOZAMBIQUE_CABO DELGADO_CHIÚRE_MAZEZE,40.26493789258037,-13.394800824078336,Mozambique,AWB,NOx
0736,1.0272690612382271,MOZAMBIQUE_CABO DELGADO_CHIÚRE_NAMOGELIA,39.39543595419324,-13.73917584393942,Mozambique,AWB,NOx
0737,0.9829642561976418,MOZAMBIQUE_CABO DELGADO_CHIÚRE_OCUA,39.70712436514545,-13.593555718225081,Mozambique,AWB,NOx
0738,5.190413753237977e-4,MOZAMBIQUE_CABO DELGADO_CIDADE DE PEMBA_CIDADE DE PEMBA,40.5301137002399,-13.01866368362211,Mozambique,AWB,NOx
0739,0,MOZAMBIQUE_CABO DELGADO_IBO_IBO SEDE,40.58966660854597,-12.296434453801252,Mozambique,AWB,NOx
0740,0,MOZAMBIQUE_CABO DELGADO_IBO_QUIRIMBA,40.60573197983616,-12.436621233927731,Mozambique,AWB,NOx
0741,2.488948081639813,MOZAMBIQUE_CABO DELGADO_MACOMIA_CHAI,40.09939009869904,-11.975771317344952,Mozambique,AWB,NOx
0742,1.8727828026445206,MOZAMBIQUE_CABO DELGADO_MACOMIA_MACOMIA SEDE,40.00966789367028,-12.185963022208076,Mozambique,AWB,NOx
0743,1.9249891751524268,MOZAMBIQUE_CABO DELGADO_MACOMIA_MUCOJO,40.39838621183561,-12.132019600349427,Mozambique,AWB,NOx
0744,0.8145235406950946,MOZAMBIQUE_CABO DELGADO_MACOMIA_QUITERAJO,40.34862064188187,-11.822248596272631,Mozambique,AWB,NOx
0745,0.6467239830865593,MOZAMBIQUE_CABO DELGADO_MECÚFI_MECÚFI SEDE,40.44136931989843,-13.314578160765912,Mozambique,AWB,NOx
0746,0.4524354826298127,MOZAMBIQUE_CABO DELGADO_MECÚFI_MURREBUE,40.3621691122671,-13.16275211422268,Mozambique,AWB,NOx
0747,2.8588389743684393,MOZAMBIQUE_CABO DELGADO_MELUCO_MELUCO,39.519008675605434,-12.466558692060977,Mozambique,AWB,NOx
0748,0.92728407798162,MOZAMBIQUE_CABO DELGADO_MELUCO_MUAGUIDE,40.006147820712634,-12.461564676608146,Mozambique,AWB,NOx
0749,1.531956857818922,MOZAMBIQUE_CABO DELGADO_METUGE_METUGE SEDE,40.30149518097115,-12.881110538127228,Mozambique,AWB,NOx
0750,0.024773581671198273,MOZAMBIQUE_CABO DELGADO_METUGE_MIEZE,40.42604082004337,-13.071741165509883,Mozambique,AWB,NOx
0751,0.9685369902123122,MOZAMBIQUE_CABO DELGADO_MOCÍMBOA DA PRAIA_DIACA,39.98361766384434,-11.50941232931751,Mozambique,AWB,NOx
0752,0.6734491464571187,MOZAMBIQUE_CABO DELGADO_MOCÍMBOA DA PRAIA_MBAU,40.264033426645,-11.61011746355292,Mozambique,AWB,NOx
0753,0.9946671239208686,MOZAMBIQUE_CABO DELGADO_MOCÍMBOA DA PRAIA_MOCÍMBOA DA PRAIA SEDE,40.221732345886586,-11.307039802847223,Mozambique,AWB,NOx
0754,0.5044699336359446,MOZAMBIQUE_CABO DELGADO_MONTEPUEZ_CIDADE DE MONTEPUEZ,39.10336496633387,-13.155831594194833,Mozambique,AWB,NOx
0755,0.557633541901769,MOZAMBIQUE_CABO DELGADO_MONTEPUEZ_MAPUPULO,38.85156103637511,-13.296202609826898,Mozambique,AWB,NOx
0756,1.0039909805571292,MOZAMBIQUE_CABO DELGADO_MONTEPUEZ_MIRATE SEDE,38.889102884866084,-12.858163088415916,Mozambique,AWB,NOx
0757,1.2526566910661647,MOZAMBIQUE_CABO DELGADO_MONTEPUEZ_NAIROTO,38.60846512227451,-12.417692004693443,Mozambique,AWB,NOx
0758,0.8657202167387857,MOZAMBIQUE_CABO DELGADO_MONTEPUEZ_NAMANHUMBIR,39.29331479236441,-13.03734599713965,Mozambique,AWB,NOx
0759,1.3225813433711786,MOZAMBIQUE_CABO DELGADO_MUEDA_CHAPA,39.300669871212165,-11.933739048526274,Mozambique,AWB,NOx
0760,0.15663090393173304,MOZAMBIQUE_CABO DELGADO_MUEDA_IMBUHO SEDE,39.71330104587685,-11.492354708140468,Mozambique,AWB,NOx
0761,2.2634073685738736,MOZAMBIQUE_CABO DELGADO_MUEDA_MUEDA SEDE,39.52799055312814,-11.615490131717069,Mozambique,AWB,NOx
0762,0.21858146695816846,MOZAMBIQUE_CABO DELGADO_MUEDA_NAMAUA,39.71135420448486,-11.578853289361819,Mozambique,AWB,NOx
0763,1.5045333415978634,MOZAMBIQUE_CABO DELGADO_MUEDA_NEGOMANO,38.68032202017621,-11.555132251334204,Mozambique,AWB,NOx
0764,10.030761980055763,MOZAMBIQUE_CABO DELGADO_MUEDA_NGAPA,39.181606916419916,-11.449464889051079,Mozambique,AWB,NOx
0765,1.7743014309324407,MOZAMBIQUE_CABO DELGADO_MUIDUMBE_CHITUNDA,40.02853944757149,-11.798368536527168,Mozambique,AWB,NOx
0766,0.7976509805330229,MOZAMBIQUE_CABO DELGADO_MUIDUMBE_MITEDA,39.64749196598334,-11.853991027094667,Mozambique,AWB,NOx
0767,1.6388560180546743,MOZAMBIQUE_CABO DELGADO_MUIDUMBE_MUAMBULA,39.82130488684691,-11.841747965829844,Mozambique,AWB,NOx
0768,0.3282125396626561,MOZAMBIQUE_CABO DELGADO_NAMUNO_HUCULA,39.027034408935776,-13.807982550463722,Mozambique,AWB,NOx
0769,0.6988345365087771,MOZAMBIQUE_CABO DELGADO_NAMUNO_MACHOCA,38.9025822941826,-13.935861472055366,Mozambique,AWB,NOx
0770,1.4991325724079005,MOZAMBIQUE_CABO DELGADO_NAMUNO_MELOCO,39.16332069555443,-13.55331427408594,Mozambique,AWB,NOx
0771,1.0518289107954788,MOZAMBIQUE_CABO DELGADO_NAMUNO_NAMUNO SEDE,38.85042931380327,-13.571803785012364,Mozambique,AWB,NOx
0772,0.7715041684743437,MOZAMBIQUE_CABO DELGADO_NAMUNO_NCUMPE,38.64829661522544,-13.759868655212932,Mozambique,AWB,NOx
0773,0.49058422075421365,MOZAMBIQUE_CABO DELGADO_NAMUNO_PAPAI,38.6112488248292,-14.01083078018285,Mozambique,AWB,NOx
0774,3.3669432152079546,MOZAMBIQUE_CABO DELGADO_NANGADE_NANGADE SEDE,39.74862940454096,-11.083424646974992,Mozambique,AWB,NOx
0775,0.5981954279771092,MOZAMBIQUE_CABO DELGADO_NANGADE_NTAMBA,39.82186362422569,-11.298924991205137,Mozambique,AWB,NOx
0776,0.6443427275956063,MOZAMBIQUE_CABO DELGADO_PALMA_OLUMBE,40.37722280987631,-11.022253412786055,Mozambique,AWB,NOx
0777,0.6135322084750816,MOZAMBIQUE_CABO DELGADO_PALMA_PALMA,40.36752760276333,-10.781107321340652,Mozambique,AWB,NOx
0778,1.0795187137945512,MOZAMBIQUE_CABO DELGADO_PALMA_PUNDANHAR,40.10649223692033,-10.915061660907167,Mozambique,AWB,NOx
0779,2.92607298358721,MOZAMBIQUE_CABO DELGADO_PALMA_QUIONGA,40.39832171975072,-10.605188674355327,Mozambique,AWB,NOx
0780,1.124393066468594,MOZAMBIQUE_CABO DELGADO_QUISSANGA_BILIBIZA,40.19654727032573,-12.609796456581662,Mozambique,AWB,NOx
0781,1.10586686036771,MOZAMBIQUE_CABO DELGADO_QUISSANGA_MAHATE,40.41919917872787,-12.635885089192568,Mozambique,AWB,NOx
0782,0.3340389184894786,MOZAMBIQUE_CIDADE DE MAPUTO_KAMAVOTA_KAMAVOTA,32.634886641291224,-25.887693649593853,Mozambique,AWB,NOx
0783,0.011547327864220093,MOZAMBIQUE_CIDADE DE MAPUTO_KAMAXAKENI_KAMAXAKENI,32.59944117113847,-25.93889789948286,Mozambique,AWB,NOx
0784,0.021442319935332965,MOZAMBIQUE_CIDADE DE MAPUTO_KAMPFUMO_KAMPFUMO,32.586471991569425,-25.963392495074924,Mozambique,AWB,NOx
0785,0.23576127339564906,MOZAMBIQUE_CIDADE DE MAPUTO_KAMUBUKWANA_KAMUBUKWANA,32.57628175378329,-25.874280175789803,Mozambique,AWB,NOx
0786,0,MOZAMBIQUE_CIDADE DE MAPUTO_KANYAKA_KANYAKA,32.942792473320985,-26.019854398302623,Mozambique,AWB,NOx
0787,0.44906076795182315,MOZAMBIQUE_CIDADE DE MAPUTO_KATEMBE_KATEMBE,32.52558521951384,-26.037162300504427,Mozambique,AWB,NOx
0788,0.02022901038748033,MOZAMBIQUE_CIDADE DE MAPUTO_NHLAMANKULO_NHLAMANKULO,32.557337897173184,-25.94748667088231,Mozambique,AWB,NOx
0789,0.5539712735740474,MOZAMBIQUE_GAZA_BILENE_BILENE MACIA,33.12170844184735,-25.024345210123222,Mozambique,AWB,NOx
0790,1.121437245700936,MOZAMBIQUE_GAZA_BILENE_INCAIA,33.23389036385305,-24.972836632632283,Mozambique,AWB,NOx
0791,2.490373996935755,MOZAMBIQUE_GAZA_BILENE_MACUANE,33.16406911785151,-25.13186013405694,Mozambique,AWB,NOx
0792,3.218188476692458,MOZAMBIQUE_GAZA_BILENE_MAZIVILA,33.15771945972996,-24.86159285857413,Mozambique,AWB,NOx
0793,6.995793769380719,MOZAMBIQUE_GAZA_BILENE_MESSANO,32.994801638202425,-24.9711864826169,Mozambique,AWB,NOx
0794,1.998303492849001,MOZAMBIQUE_GAZA_BILENE_PRAIA DE BILENE,33.22313026811176,-25.268200454905273,Mozambique,AWB,NOx
0795,13.219525038759528,MOZAMBIQUE_GAZA_CHIBUTO_ALTO CHANGANE,33.532709699998925,-24.239915954397528,Mozambique,AWB,NOx
0796,10.199503300217382,MOZAMBIQUE_GAZA_CHIBUTO_CHANGANINE,33.78000414254853,-24.004994838500192,Mozambique,AWB,NOx
0797,0.509801722521201,MOZAMBIQUE_GAZA_CHIBUTO_CIDADE DE CHIBUTO,33.56479821975432,-24.69579299181594,Mozambique,AWB,NOx
0798,2.820881141190204,MOZAMBIQUE_GAZA_CHIBUTO_GODIDE,33.664009941160174,-24.59383871859075,Mozambique,AWB,NOx
0799,3.382327053954119,MOZAMBIQUE_GAZA_CHIBUTO_MALEHICE,33.68651799951757,-24.751639870695612,Mozambique,AWB,NOx
0800,3.5301186986219255,MOZAMBIQUE_GAZA_CHIBUTO_TCHAIMITE,33.40913649471263,-24.6274038248804,Mozambique,AWB,NOx
0801,2.2235403093735204,MOZAMBIQUE_GAZA_CHICUALACUALA_EDUARDO MONDLANE,31.90283759038279,-22.22474259936432,Mozambique,AWB,NOx
0802,5.113942052216541,MOZAMBIQUE_GAZA_CHICUALACUALA_PAFURI,31.839636613036426,-23.062508500431342,Mozambique,AWB,NOx
0803,0.9183669069317394,MOZAMBIQUE_GAZA_CHIGUBO_CHIGUBO SEDE,33.28327880896511,-22.55689162530508,Mozambique,AWB,NOx
0804,5.415046849053547,MOZAMBIQUE_GAZA_CHIGUBO_NDINDIZA,33.50940091714144,-23.45508178763895,Mozambique,AWB,NOx
0805,0.2473076615558378,MOZAMBIQUE_GAZA_CHÓKWÈ_CIDADE DE CHÓKWÈ,32.99328794506374,-24.520208875238563,Mozambique,AWB,NOx
0806,6.809143965038376,MOZAMBIQUE_GAZA_CHÓKWÈ_LIONDE,33.00856327547369,-24.690277510511446,Mozambique,AWB,NOx
0807,6.752536222548052,MOZAMBIQUE_GAZA_CHÓKWÈ_MACARRETANE,32.75708982206706,-24.37253995423536,Mozambique,AWB,NOx
0808,3.078760898838516,MOZAMBIQUE_GAZA_CHÓKWÈ_XILEMBENE,33.295896826319776,-24.740800650273098,Mozambique,AWB,NOx
0809,7.782939140188715,MOZAMBIQUE_GAZA_CHONGOENE_CHONGOENE,33.78738388968989,-24.95612324064541,Mozambique,AWB,NOx
0810,1.242313847976487,MOZAMBIQUE_GAZA_CHONGOENE_MAZUCANE,33.94816589854456,-24.75078182642919,Mozambique,AWB,NOx
0811,1.2346789927710744,MOZAMBIQUE_GAZA_CHONGOENE_NGUZENE,33.99174761296743,-24.900424006547656,Mozambique,AWB,NOx
0812,3.93079791965838,MOZAMBIQUE_GAZA_CIDADE DE XAI-XAI_CIDADE DE XAI-XAI,33.6238199287902,-25.095602356591947,Mozambique,AWB,NOx
0813,3.2871439270210185,MOZAMBIQUE_GAZA_GUIJÁ_CHIVONGOENE,33.233221538781685,-24.47489638296496,Mozambique,AWB,NOx
0814,5.400891388085815,MOZAMBIQUE_GAZA_GUIJÁ_MUBANGOENE,32.95074527970149,-24.269396021473018,Mozambique,AWB,NOx
0815,6.992621413896,MOZAMBIQUE_GAZA_GUIJÁ_NALAZI,33.17804626234287,-24.007141668394482,Mozambique,AWB,NOx
0816,0.17147795130126925,MOZAMBIQUE_GAZA_GUIJÁ_VILA CANIÇADO,33.03370976279583,-24.496154209395023,Mozambique,AWB,NOx
0817,4.730360524723656,MOZAMBIQUE_GAZA_LIMPOPO_CHICUMBANE,33.50935105307376,-24.95521044053618,Mozambique,AWB,NOx
0818,0.7308393680617543,MOZAMBIQUE_GAZA_LIMPOPO_CHISSANO,33.36595620036372,-24.917774625636756,Mozambique,AWB,NOx
0819,1.9629950303141734,MOZAMBIQUE_GAZA_LIMPOPO_ZONGOENE,33.41768385775187,-25.15027705143945,Mozambique,AWB,NOx
0820,3.9251313361683238,MOZAMBIQUE_GAZA_MABALANE_COMBOMUNE,32.76206527578445,-23.248510922783225,Mozambique,AWB,NOx
0821,2.2968236574050502,MOZAMBIQUE_GAZA_MABALANE_MABALANE,32.830014386359615,-23.86472905225202,Mozambique,AWB,NOx
0822,1.791426252997184,MOZAMBIQUE_GAZA_MABALANE_NTLHAVENE,32.55611135942274,-23.700477308848008,Mozambique,AWB,NOx
0823,1.9756217732602992,MOZAMBIQUE_GAZA_MANDLAKAZE_CHALALA,33.898816970795764,-24.62204362818058,Mozambique,AWB,NOx
0824,13.169292009977303,MOZAMBIQUE_GAZA_MANDLAKAZE_CHIBONDZANE,34.20993805079586,-24.617150832754188,Mozambique,AWB,NOx
0825,2.7821737391572965,MOZAMBIQUE_GAZA_MANDLAKAZE_CHIDENGUELE,34.222185883991216,-24.846464693637397,Mozambique,AWB,NOx
0826,5.422822986132674,MOZAMBIQUE_GAZA_MANDLAKAZE_MACUACUA,33.93793587874184,-24.351855632078426,Mozambique,AWB,NOx
0827,0.5242263510810496,MOZAMBIQUE_GAZA_MANDLAKAZE_MANDLAKAZE SEDE,33.881734623458314,-24.717454952391012,Mozambique,AWB,NOx
0828,2.0503396548249566,MOZAMBIQUE_GAZA_MAPAI_MACHAILA,32.8972792264127,-22.46107250918086,Mozambique,AWB,NOx
0829,3.492910728867121,MOZAMBIQUE_GAZA_MAPAI_MAPAI,32.340153357812774,-22.66221263505515,Mozambique,AWB,NOx
0830,0.890884913365135,MOZAMBIQUE_GAZA_MASSANGENA_MASSANGENA,33.024968092166,-21.76228030255321,Mozambique,AWB,NOx
0831,4.527279084878707,MOZAMBIQUE_GAZA_MASSANGENA_MAVUE,32.44873445655671,-21.74455920732843,Mozambique,AWB,NOx
0832,0.6392121780603152,MOZAMBIQUE_GAZA_MASSINGIR_MASSINGIR SEDE,32.14188192707758,-24.083427448323647,Mozambique,AWB,NOx
0833,1.7263526726732323,MOZAMBIQUE_GAZA_MASSINGIR_MAVODZE,31.957192936094224,-23.682084241320673,Mozambique,AWB,NOx
0834,0.6385905596694671,MOZAMBIQUE_GAZA_MASSINGIR_ZULO,32.44746940415907,-24.081905716979545,Mozambique,AWB,NOx
0835,1.0935119111850078,MOZAMBIQUE_INHAMBANE_CIDADE DA MAXIXE_CIDADE DA MAXIXE,35.30847837373539,-23.88280148067849,Mozambique,AWB,NOx
0836,1.2332182833278926,MOZAMBIQUE_INHAMBANE_CIDADE DE INHAMBANE_CIDADE DE INHAMBANE,35.4669344326235,-23.887608905915176,Mozambique,AWB,NOx
0837,6.473206050288732,MOZAMBIQUE_INHAMBANE_FUNHALOURO_FUNHALOURO,34.40493526211412,-23.279005264339535,Mozambique,AWB,NOx
0838,2.7535141007212154,MOZAMBIQUE_INHAMBANE_FUNHALOURO_TOME,34.123107711970896,-22.6492454413369,Mozambique,AWB,NOx
0839,3.604783761011589,MOZAMBIQUE_INHAMBANE_GOVURO_NOVA MAMBONE,34.91124864499755,-21.24838028736193,Mozambique,AWB,NOx
0840,2.8325808276127855,MOZAMBIQUE_INHAMBANE_GOVURO_SAVE,34.50273875747384,-21.372352488268987,Mozambique,AWB,NOx
0841,3.6068122107981484,MOZAMBIQUE_INHAMBANE_HOMOÍNE_HOMOÍNE SEDE,35.11348463085394,-23.979574815302524,Mozambique,AWB,NOx
0842,3.224188208896199,MOZAMBIQUE_INHAMBANE_HOMOÍNE_PEMBE,34.954010052320086,-23.75585650680714,Mozambique,AWB,NOx
0843,8.4295388915862,MOZAMBIQUE_INHAMBANE_INHARRIME_INHARRIME SEDE,35.0629320946627,-24.377713765160113,Mozambique,AWB,NOx
0844,1.9089242329884262,MOZAMBIQUE_INHAMBANE_INHARRIME_MUCUMBI,34.57231599403387,-24.417768147569834,Mozambique,AWB,NOx
0845,0,MOZAMBIQUE_INHAMBANE_INHASSORO_BAZARUTO,35.465173197521,-21.65725826320277,Mozambique,AWB,NOx
0846,10.491800318753338,MOZAMBIQUE_INHAMBANE_INHASSORO_INHASSORO,34.84605588804438,-21.753052479230316,Mozambique,AWB,NOx
0847,3.625053221176095,MOZAMBIQUE_INHAMBANE_JANGAMO_CUMBANA,35.150833362602604,-24.21294386364807,Mozambique,AWB,NOx
0848,4.222638004503714,MOZAMBIQUE_INHAMBANE_JANGAMO_JANGAMO,35.3828405134123,-24.118279758970523,Mozambique,AWB,NOx
0849,5.940517253198675,MOZAMBIQUE_INHAMBANE_MABOTE_MABOTE,34.1237933010753,-22.071272031528167,Mozambique,AWB,NOx
0850,7.334373173755329,MOZAMBIQUE_INHAMBANE_MABOTE_ZIMANE,33.53428838953659,-22.259421319452596,Mozambique,AWB,NOx
0851,12.240281688880737,MOZAMBIQUE_INHAMBANE_MABOTE_ZINAVE,33.78047603814595,-21.630829138429963,Mozambique,AWB,NOx
0852,1.3191426127738721,MOZAMBIQUE_INHAMBANE_MASSINGA_CHICOMO,34.91593880649871,-22.694580178891357,Mozambique,AWB,NOx
0853,3.7666167158779977,MOZAMBIQUE_INHAMBANE_MASSINGA_MASSINGA,35.28967211538618,-23.208309768202906,Mozambique,AWB,NOx
0854,2.869888963803909,MOZAMBIQUE_INHAMBANE_MORRUMBENE_MOCODUENE,35.03823145580892,-23.43542902200303,Mozambique,AWB,NOx
0855,3.941176486791095,MOZAMBIQUE_INHAMBANE_MORRUMBENE_MORRUMBENE,35.31512127790291,-23.62003628600982,Mozambique,AWB,NOx
0856,9.298667712411753,MOZAMBIQUE_INHAMBANE_PANDA_MAWAYELA,34.116370299409866,-24.001901283449012,Mozambique,AWB,NOx
0857,9.168615061716638,MOZAMBIQUE_INHAMBANE_PANDA_PANDA,34.5701782475298,-24.112499270772535,Mozambique,AWB,NOx
0858,3.6937085923981563,MOZAMBIQUE_INHAMBANE_PANDA_URRENE,34.644908571251904,-23.83766104214481,Mozambique,AWB,NOx
0859,5.732109193046821,MOZAMBIQUE_INHAMBANE_VILANKULO_MAPINHANE,35.04533061414311,-22.371051282087183,Mozambique,AWB,NOx
0860,4.023177543762,MOZAMBIQUE_INHAMBANE_VILANKULO_VILANKULO,35.3062246160536,-22.14744435743396,Mozambique,AWB,NOx
0861,1.2569722133889658,MOZAMBIQUE_INHAMBANE_ZAVALA_QUISSICO,34.83275046669489,-24.629624369539606,Mozambique,AWB,NOx
0862,3.4001785006111938,MOZAMBIQUE_INHAMBANE_ZAVALA_ZANDAMELA,34.4860299379439,-24.67609745657631,Mozambique,AWB,NOx
0863,1.0974551304328672,MOZAMBIQUE_LAKE MALAWI_LAKE MALAWI_LAKE MALAWI,34.66958894981475,-12.465931949774122,Mozambique,AWB,NOx
0864,11.394761899675972,MOZAMBIQUE_MANICA_BÁRUÈ_CATANDICA,33.30152827468673,-18.240536298661056,Mozambique,AWB,NOx
0865,3.258265489270724,MOZAMBIQUE_MANICA_BÁRUÈ_CHOA,33.04569434614779,-18.064104442461606,Mozambique,AWB,NOx
0866,7.550994820236213,MOZAMBIQUE_MANICA_BÁRUÈ_NHAMPASSA,33.184551019135135,-17.597094490855643,Mozambique,AWB,NOx
0867,0.9758330123761382,MOZAMBIQUE_MANICA_CIDADE DE CHIMOIO_CHIMOIO,33.45536740007841,-19.127720352606506,Mozambique,AWB,NOx
0868,4.112576286822604,MOZAMBIQUE_MANICA_GONDOLA_AMATONGAS,33.81580808058416,-19.088843340895576,Mozambique,AWB,NOx
0869,4.755090068307757,MOZAMBIQUE_MANICA_GONDOLA_CAFUMPE,33.73252675700257,-18.96598115326139,Mozambique,AWB,NOx
0870,0.3664657717078255,MOZAMBIQUE_MANICA_GONDOLA_GONDOLA,33.66706225815283,-19.067556713895804,Mozambique,AWB,NOx
0871,3.045625540544415,MOZAMBIQUE_MANICA_GONDOLA_INCHOPE,33.855910359091254,-19.34910726017252,Mozambique,AWB,NOx
0872,5.768864364168727,MOZAMBIQUE_MANICA_GURO_GURO SEDE,33.28735962339221,-17.287981286704778,Mozambique,AWB,NOx
0873,0.5341630752888119,MOZAMBIQUE_MANICA_GURO_MANDIE,33.67962216440644,-16.54401479200918,Mozambique,AWB,NOx
0874,10.782804882870474,MOZAMBIQUE_MANICA_GURO_MUNGARI,33.54831007111624,-17.10496669776008,Mozambique,AWB,NOx
0875,1.73684917622627,MOZAMBIQUE_MANICA_GURO_NHAMASSONGE,33.596453539786765,-16.77407345471343,Mozambique,AWB,NOx
0876,3.8588463848332712,MOZAMBIQUE_MANICA_MACATE_MACATE SEDE,33.58000277986244,-19.400692718644812,Mozambique,AWB,NOx
0877,3.5676378438649703,MOZAMBIQUE_MANICA_MACATE_ZEMBE,33.35412342370635,-19.22767890720999,Mozambique,AWB,NOx
0878,5.130362520267475,MOZAMBIQUE_MANICA_MACHAZE_CHITOBE,33.306459347363266,-20.88553205985008,Mozambique,AWB,NOx
0879,6.699289213943137,MOZAMBIQUE_MANICA_MACHAZE_SAVE,33.21143246815166,-21.301458761861632,Mozambique,AWB,NOx
0880,8.281524987178134,MOZAMBIQUE_MANICA_MACOSSA_MACOSSA SEDE,33.93258269449586,-17.783133366418287,Mozambique,AWB,NOx
0881,4.0506872074209035,MOZAMBIQUE_MANICA_MACOSSA_NGUAWALA,33.639533569018866,-18.34411311077633,Mozambique,AWB,NOx
0882,2.709829914411073,MOZAMBIQUE_MANICA_MACOSSA_NHAMAGUA,33.51483956167798,-17.75456736936627,Mozambique,AWB,NOx
0883,2.6127067869665073,MOZAMBIQUE_MANICA_MANICA_MACHIPANDA,32.85545139808637,-18.879904801552133,Mozambique,AWB,NOx
0884,4.822619572713105,MOZAMBIQUE_MANICA_MANICA_MAVONDE,33.05466930685875,-18.601929350510918,Mozambique,AWB,NOx
0885,2.59795945766669,MOZAMBIQUE_MANICA_MANICA_MESSICA,33.034928611751994,-19.04617280907505,Mozambique,AWB,NOx
0886,0.4698012981957652,MOZAMBIQUE_MANICA_MANICA_MUNICIPIO DE MANICA,32.87567656092327,-18.944254944375942,Mozambique,AWB,NOx
0887,4.1540436673926235,MOZAMBIQUE_MANICA_MOSSURIZE_CHIURAIRUE,32.81274306891318,-20.739522288509274,Mozambique,AWB,NOx
0888,0.5016478215761114,MOZAMBIQUE_MANICA_MOSSURIZE_DACATA,33.08962587563526,-20.311252884140636,Mozambique,AWB,NOx
0889,0.002932234355853695,MOZAMBIQUE_MANICA_MOSSURIZE_ESPUNGABERA,32.802896674454466,-20.52340497291208,Mozambique,AWB,NOx
0890,2.9062780110159983,MOZAMBIQUE_MANICA_SUSSUNDENGA_DOMBE,33.398614696729936,-19.90088894894896,Mozambique,AWB,NOx
0891,4.09630700354135,MOZAMBIQUE_MANICA_SUSSUNDENGA_MUOHA,33.124555743177076,-19.350567086646706,Mozambique,AWB,NOx
0892,9.320196875668415,MOZAMBIQUE_MANICA_SUSSUNDENGA_ROTANDA,32.98367765963056,-19.498315171914083,Mozambique,AWB,NOx
0893,3.7271568556597336,MOZAMBIQUE_MANICA_SUSSUNDENGA_SUSSUNDENGA SEDE,33.39688667188607,-19.55883675489867,Mozambique,AWB,NOx
0894,3.9919738412180408,MOZAMBIQUE_MANICA_TAMBARA_BUZUA,34.12771071863433,-17.124856875787454,Mozambique,AWB,NOx
0895,1.3068212267970365,MOZAMBIQUE_MANICA_TAMBARA_NHACAFULA,33.94471979664244,-16.860581221473716,Mozambique,AWB,NOx
0896,1.9807288075241958,MOZAMBIQUE_MANICA_TAMBARA_NHACOLO,34.257266964940285,-16.782606471479635,Mozambique,AWB,NOx
0897,6.816083426635193,MOZAMBIQUE_MANICA_VANDUZI_MATSINHO,33.562813117614425,-18.856539716123457,Mozambique,AWB,NOx
0898,11.601134743812187,MOZAMBIQUE_MANICA_VANDUZI_VANDUZI SEDE,33.26441975503835,-18.840475151767034,Mozambique,AWB,NOx
0899,2.0062614439804887,MOZAMBIQUE_MAPUTO_BOANE_BOANE,32.34035370899738,-26.08445441643418,Mozambique,AWB,NOx
0900,0.8715432671102965,MOZAMBIQUE_MAPUTO_BOANE_MATOLA RIO,32.385947237971614,-25.894018223674056,Mozambique,AWB,NOx
0901,0.20561888843097742,MOZAMBIQUE_MAPUTO_CIDADE DA MATOLA_CIDADE DA MATOLA,32.45895180757802,-25.935412363609455,Mozambique,AWB,NOx
0902,0.4923550610940681,MOZAMBIQUE_MAPUTO_CIDADE DA MATOLA_INFULENE,32.535005856471074,-25.794670956061914,Mozambique,AWB,NOx
0903,0.262255096023846,MOZAMBIQUE_MAPUTO_CIDADE DA MATOLA_MACHAVA,32.469180128394825,-25.837376960910778,Mozambique,AWB,NOx
0904,9.46974155854886,MOZAMBIQUE_MAPUTO_MAGUDE_MAGUDE,32.61075121973975,-25.022037525237383,Mozambique,AWB,NOx
0905,2.0203763344989905,MOZAMBIQUE_MAPUTO_MAGUDE_MAHELE,32.54075600639742,-24.492112517985618,Mozambique,AWB,NOx
0906,6.914579232336243,MOZAMBIQUE_MAPUTO_MAGUDE_MAPULANGUENE,32.20329983157022,-24.507823782731254,Mozambique,AWB,NOx
0907,5.938278476221786,MOZAMBIQUE_MAPUTO_MAGUDE_MOTAZE,32.709351138737226,-24.71535123184659,Mozambique,AWB,NOx
0908,2.0406623148532086,MOZAMBIQUE_MAPUTO_MAGUDE_PANJANE,32.389312226449206,-24.870818989222865,Mozambique,AWB,NOx
0909,3.1750432388797436,MOZAMBIQUE_MAPUTO_MANHIÇA_3 DE FEVEREIRO,32.82054683811158,-25.208390101324238,Mozambique,AWB,NOx
0910,1.9008644431183261,MOZAMBIQUE_MAPUTO_MANHIÇA_CALANGA,33.00084214854617,-25.35071525423053,Mozambique,AWB,NOx
0911,0.6575813161074231,MOZAMBIQUE_MAPUTO_MANHIÇA_ILHA JOSINA MACHEL,32.946022649902154,-25.170914273804748,Mozambique,AWB,NOx
0912,4.176894127471969,MOZAMBIQUE_MAPUTO_MANHIÇA_MALUANA,32.64334243048221,-25.49818169410212,Mozambique,AWB,NOx
0913,2.530134698676587,MOZAMBIQUE_MAPUTO_MANHIÇA_MUNICÍPIO DE MANHIÇA,32.724753253319165,-25.360399766782734,Mozambique,AWB,NOx
0914,0.4755488803129059,MOZAMBIQUE_MAPUTO_MANHIÇA_XINAVANE,32.81889559595267,-25.03141860388646,Mozambique,AWB,NOx
0915,2.1535777463056056,MOZAMBIQUE_MAPUTO_MARRACUENE_MACHUBO,32.81266574227231,-25.54972386244347,Mozambique,AWB,NOx
0916,2.114254905205833,MOZAMBIQUE_MAPUTO_MARRACUENE_MARRACUENE,32.660662063959514,-25.71381174508608,Mozambique,AWB,NOx
0917,12.738265457624403,MOZAMBIQUE_MAPUTO_MATUTUINE_BELA VISTA,32.645581759560066,-26.45851112867402,Mozambique,AWB,NOx
0918,1.2944165137934582,MOZAMBIQUE_MAPUTO_MATUTUINE_CATEMBE M'SIME,32.53741836502509,-26.163141580325597,Mozambique,AWB,NOx
0919,12.718433456030336,MOZAMBIQUE_MAPUTO_MATUTUINE_CATUANE,32.28250028994303,-26.662117878264368,Mozambique,AWB,NOx
0920,0.01203664686387572,MOZAMBIQUE_MAPUTO_MATUTUINE_MACHANGULO,32.91305429949867,-26.21651617955071,Mozambique,AWB,NOx
0921,20.14326028911972,MOZAMBIQUE_MAPUTO_MATUTUINE_ZITUNDO,32.66218188529151,-26.782492068760977,Mozambique,AWB,NOx
0922,4.95131757517253,MOZAMBIQUE_MAPUTO_MOAMBA_MOAMBA,32.3326091155693,-25.499060096245582,Mozambique,AWB,NOx
0923,1.8386025323672708,MOZAMBIQUE_MAPUTO_MOAMBA_PESSENE,32.39574490260445,-25.695218912241263,Mozambique,AWB,NOx
0924,1.7346749044124863,MOZAMBIQUE_MAPUTO_MOAMBA_RESSANO GARCIA,32.06292546188341,-25.524791985906663,Mozambique,AWB,NOx
0925,6.31239062454036,MOZAMBIQUE_MAPUTO_MOAMBA_SABIE,32.18675953290936,-25.158239910785245,Mozambique,AWB,NOx
0926,3.605467439480179,MOZAMBIQUE_MAPUTO_NAMAACHA_CHANGALANE,32.221223944789266,-26.330019105258224,Mozambique,AWB,NOx
0927,5.009935259590754,MOZAMBIQUE_MAPUTO_NAMAACHA_NAMAACHA,32.12662388876005,-25.9088344940042,Mozambique,AWB,NOx
0928,1.8583963885465384,MOZAMBIQUE_NAMPULA_ANGOCHE_AUBE,39.75852334490812,-16.336839936374812,Mozambique,AWB,NOx
0929,5.481252164134626,MOZAMBIQUE_NAMPULA_ANGOCHE_BOILA NAMETORIA,39.70290960696779,-16.100643339566087,Mozambique,AWB,NOx
0930,2.651419149394017,MOZAMBIQUE_NAMPULA_ANGOCHE_CIDADE DE ANGOCHE,39.98119984744425,-16.102624069451156,Mozambique,AWB,NOx
0931,3.4066003030799545,MOZAMBIQUE_NAMPULA_ANGOCHE_NAMAPONDA,39.89454505581379,-15.89709080920383,Mozambique,AWB,NOx
0932,3.950060865617097,MOZAMBIQUE_NAMPULA_CIDADE DE NAMPULA_ANCHILO,39.346700309798294,-15.22913786136925,Mozambique,AWB,NOx
0933,0.10318523256595202,MOZAMBIQUE_NAMPULA_CIDADE DE NAMPULA_MUATALA,39.22135093911949,-15.1593659383683,Mozambique,AWB,NOx
0934,0.07202700671264962,MOZAMBIQUE_NAMPULA_CIDADE DE NAMPULA_MUHALA,39.306298419558225,-15.143595959458594,Mozambique,AWB,NOx
0935,0.020873804778580467,MOZAMBIQUE_NAMPULA_CIDADE DE NAMPULA_NAMICOPO,39.34525426178243,-15.074628282390453,Mozambique,AWB,NOx
0936,0.0056856692637316,MOZAMBIQUE_NAMPULA_CIDADE DE NAMPULA_NAPIPINE,39.25129320752563,-15.062109621505412,Mozambique,AWB,NOx
0937,0.10463764105467664,MOZAMBIQUE_NAMPULA_CIDADE DE NAMPULA_NATIKIRE,39.191184088730786,-15.102448366937157,Mozambique,AWB,NOx
0938,0.005932539854740462,MOZAMBIQUE_NAMPULA_CIDADE DE NAMPULA_URBANO CENTRAL,39.26026156001214,-15.125287189299852,Mozambique,AWB,NOx
0939,4.837535608568706,MOZAMBIQUE_NAMPULA_ERÁTI_ALUA,39.89489894828684,-14.015072975322239,Mozambique,AWB,NOx
0940,2.7436251915281393,MOZAMBIQUE_NAMPULA_ERÁTI_NAMAPA SEDE,39.89264212180842,-13.722799866022642,Mozambique,AWB,NOx
0941,1.332364929915673,MOZAMBIQUE_NAMPULA_ERÁTI_NAMIROA,39.437336879824,-14.089576975293262,Mozambique,AWB,NOx
0942,0.1414543595677318,MOZAMBIQUE_NAMPULA_ILHA DE MOÇAMBIQUE_ILHA DE MOÇAMBIQUE,40.67676981409689,-15.059117781685298,Mozambique,AWB,NOx
0943,0.6290218808414412,MOZAMBIQUE_NAMPULA_ILHA DE MOÇAMBIQUE_LUMBO,40.593069155304626,-15.048959749366846,Mozambique,AWB,NOx
0944,10.7850684499413,MOZAMBIQUE_NAMPULA_LALAUA_LALAUA,38.27740706902064,-14.383261448419889,Mozambique,AWB,NOx
0945,11.362972547820918,MOZAMBIQUE_NAMPULA_LALAUA_METI,37.86423737401499,-14.530463178154468,Mozambique,AWB,NOx
0946,3.9581023143007696,MOZAMBIQUE_NAMPULA_LARDE_LARDE,39.589862180815906,-16.482975798802265,Mozambique,AWB,NOx
0947,8.164615507944276,MOZAMBIQUE_NAMPULA_LARDE_MUCUALI,39.41790695893417,-16.287090861188318,Mozambique,AWB,NOx
0948,7.303260692542797,MOZAMBIQUE_NAMPULA_LIÚPO_LIÚPO,39.94138165076237,-15.619173498171499,Mozambique,AWB,NOx
0949,1.795746140219013,MOZAMBIQUE_NAMPULA_LIÚPO_QUINGA,40.157694999874806,-15.780114581820921,Mozambique,AWB,NOx
0950,5.078653706220557,MOZAMBIQUE_NAMPULA_MALEMA_CHILULO,37.49996661674137,-14.582880564434472,Mozambique,AWB,NOx
0951,11.504085785832158,MOZAMBIQUE_NAMPULA_MALEMA_MALEMA/CANHUNHA,37.573319940795386,-14.919357085909676,Mozambique,AWB,NOx
0952,8.737020871854433,MOZAMBIQUE_NAMPULA_MALEMA_MUTUALI,37.081432441192284,-14.83921892153854,Mozambique,AWB,NOx
0953,3.173815363617682,MOZAMBIQUE_NAMPULA_MECONTA_7 DE ABRIL,39.7199341583495,-15.117491589999613,Mozambique,AWB,NOx
0954,16.981460285933082,MOZAMBIQUE_NAMPULA_MECONTA_CORRANE,39.54876435760044,-15.421969554300855,Mozambique,AWB,NOx
0955,1.395515752694513,MOZAMBIQUE_NAMPULA_MECONTA_MECONTA,39.82355388116307,-15.033425935687111,Mozambique,AWB,NOx
0956,1.2541293057992013,MOZAMBIQUE_NAMPULA_MECONTA_NAMIALO,39.94047851888918,-14.94333164575556,Mozambique,AWB,NOx
0957,18.104152349871377,MOZAMBIQUE_NAMPULA_MECUBÚRI_MECUBÚRI,38.91630435171187,-14.607000995672898,Mozambique,AWB,NOx
0958,9.33079066096768,MOZAMBIQUE_NAMPULA_MECUBÚRI_MILHANA,39.127654237397486,-14.281829730798503,Mozambique,AWB,NOx
0959,6.072777761252442,MOZAMBIQUE_NAMPULA_MECUBÚRI_MUITE,38.88511350311829,-14.17769262196541,Mozambique,AWB,NOx
0960,4.657215744432566,MOZAMBIQUE_NAMPULA_MECUBÚRI_NANIMA,38.617221520409196,-14.762009037141098,Mozambique,AWB,NOx
0961,5.115239845497506,MOZAMBIQUE_NAMPULA_MEMBA_CHIPENE,40.29531026163154,-13.784944312169863,Mozambique,AWB,NOx
0962,1.2318132291645278,MOZAMBIQUE_NAMPULA_MEMBA_LURIO,40.42969149388564,-13.60745895695087,Mozambique,AWB,NOx
0963,4.653474724193062,MOZAMBIQUE_NAMPULA_MEMBA_MAZUA,40.34452950636614,-13.975095364086036,Mozambique,AWB,NOx
0964,1.8940914826633757,MOZAMBIQUE_NAMPULA_MEMBA_MEMBA,40.48276911284229,-14.242242078752795,Mozambique,AWB,NOx
0965,3.0676378302574845,MOZAMBIQUE_NAMPULA_MOGINCUAL_NAMINGE,40.30844201844057,-15.56760468837137,Mozambique,AWB,NOx
0966,10.951614386039072,MOZAMBIQUE_NAMPULA_MOGINCUAL_QUIXAXE,40.05536393377276,-15.321131966629133,Mozambique,AWB,NOx
0967,4.891374258510728,MOZAMBIQUE_NAMPULA_MOGOVOLAS_CALIPO,39.058913588331414,-15.530947657322523,Mozambique,AWB,NOx
0968,8.232887089731,MOZAMBIQUE_NAMPULA_MOGOVOLAS_ILUTE,39.04192013771539,-15.797541445237854,Mozambique,AWB,NOx
0969,0.8354454897016037,MOZAMBIQUE_NAMPULA_MOGOVOLAS_MUATUA,39.66247406833886,-15.748169028736038,Mozambique,AWB,NOx
0970,6.762810416679798,MOZAMBIQUE_NAMPULA_MOGOVOLAS_NAMETIL SEDE,39.38310472440292,-15.732437675168812,Mozambique,AWB,NOx
0971,2.574988032958525,MOZAMBIQUE_NAMPULA_MOGOVOLAS_NANHUPO RIO,39.48451889216197,-15.93529808811821,Mozambique,AWB,NOx
0972,17.045039107824298,MOZAMBIQUE_NAMPULA_MOMA_CHALAUA,39.136312137632906,-16.068904552909896,Mozambique,AWB,NOx
0973,31.444575045207372,MOZAMBIQUE_NAMPULA_MOMA_MACONE SEDE,39.18460905278941,-16.514079368820905,Mozambique,AWB,NOx
0974,7.370765410842272,MOZAMBIQUE_NAMPULA_MONAPO_ITUCULO,40.24618932007347,-14.64048511059819,Mozambique,AWB,NOx
0975,10.51577684064784,MOZAMBIQUE_NAMPULA_MONAPO_MONAPO SEDE,40.137517062624255,-15.018378371016844,Mozambique,AWB,NOx
0976,4.018768162141943,MOZAMBIQUE_NAMPULA_MONAPO_NETIA,39.995063284132854,-14.706425832874704,Mozambique,AWB,NOx
0977,5.467779210294572,MOZAMBIQUE_NAMPULA_MOSSURIL_LUNGA,40.43246793584781,-15.262329440298691,Mozambique,AWB,NOx
0978,3.312672298065076,MOZAMBIQUE_NAMPULA_MOSSURIL_MATIBANE,40.72180005361815,-14.737223520198267,Mozambique,AWB,NOx
0979,4.182341518335504,MOZAMBIQUE_NAMPULA_MOSSURIL_MOSSURIL SEDE,40.51219848506181,-14.903379159287029,Mozambique,AWB,NOx
0980,5.84821738269293,MOZAMBIQUE_NAMPULA_MUECATE_IMALA,39.45961702371391,-14.506131562026775,Mozambique,AWB,NOx
0981,4.973810111635131,MOZAMBIQUE_NAMPULA_MUECATE_MUCOLUANE,39.346844589295436,-14.772718872651845,Mozambique,AWB,NOx
0982,6.778147475336823,MOZAMBIQUE_NAMPULA_MUECATE_MUECATE,39.674472160839436,-14.750405729993048,Mozambique,AWB,NOx
0983,3.5691011484443007,MOZAMBIQUE_NAMPULA_MURRUPULA_CHINGA,38.63575073821358,-15.171362107258943,Mozambique,AWB,NOx
0984,18.602975357480997,MOZAMBIQUE_NAMPULA_MURRUPULA_MURRUPULA,38.65453769328181,-15.40126150281662,Mozambique,AWB,NOx
0985,2.742128884051859,MOZAMBIQUE_NAMPULA_MURRUPULA_NIHESSIUE,38.705843526253894,-15.632443438924252,Mozambique,AWB,NOx
0986,0.5315642697874516,MOZAMBIQUE_NAMPULA_NACALA-A-VELHA_COVO,40.369538959835154,-14.497710962103438,Mozambique,AWB,NOx
0987,2.253739035036043,MOZAMBIQUE_NAMPULA_NACALA-A-VELHA_NACALA-A-VELHA,40.519787648403145,-14.585074942847683,Mozambique,AWB,NOx
0988,0.39198266009808236,MOZAMBIQUE_NAMPULA_NACALA-PORTO_MUANONA,40.65231715877891,-14.62078918917591,Mozambique,AWB,NOx
0989,0.48399662846927166,MOZAMBIQUE_NAMPULA_NACALA-PORTO_MUTIVA,40.74125943838887,-14.510895004706317,Mozambique,AWB,NOx
0990,1.0068587522599606,MOZAMBIQUE_NAMPULA_NACARÔA_INTETE,40.18830219819722,-14.339300888601866,Mozambique,AWB,NOx
0991,0.8353951269172608,MOZAMBIQUE_NAMPULA_NACARÔA_NACARÔA,39.93302344885562,-14.403489324317396,Mozambique,AWB,NOx
0992,0.6723220636370351,MOZAMBIQUE_NAMPULA_NACARÔA_SAUA-SAUA,39.70222666069944,-14.278122143645904,Mozambique,AWB,NOx
0993,3.106909001229739,MOZAMBIQUE_NAMPULA_RAPALE_MUTIVAZE,38.86687949184624,-15.018807059185013,Mozambique,AWB,NOx
0994,3.632954924536455,MOZAMBIQUE_NAMPULA_RAPALE_NAMAITA,38.99863263319021,-15.219861952374297,Mozambique,AWB,NOx
0995,1.0108930480305456,MOZAMBIQUE_NAMPULA_RAPALE_RAPALE,39.16149044871234,-14.974807379007945,Mozambique,AWB,NOx
0996,11.971979064266844,MOZAMBIQUE_NAMPULA_RIBÁUÈ_CUNLE,38.27686663788419,-15.228219850470028,Mozambique,AWB,NOx
0997,18.119004568174706,MOZAMBIQUE_NAMPULA_RIBÁUÈ_IAPALA,37.96696312231578,-14.993085543848041,Mozambique,AWB,NOx
0998,10.001477307601181,MOZAMBIQUE_NAMPULA_RIBÁUÈ_RIBÁUÈ,38.41380839889487,-14.881044564938612,Mozambique,AWB,NOx
0999,9.278356096605084,MOZAMBIQUE_NIASSA_CHIMBONILA_CHIMBONILA,35.408928981746264,-13.368174436939729,Mozambique,AWB,NOx
1000,24.39563149504128,MOZAMBIQUE_NIASSA_CHIMBONILA_LIONE,35.129139572126896,-13.602588135727931,Mozambique,AWB,NOx
1001,5.068408471464392,MOZAMBIQUE_NIASSA_CHIMBONILA_MEPONDA,34.91488092078617,-13.29985997149095,Mozambique,AWB,NOx
1002,0.6099126799287272,MOZAMBIQUE_NIASSA_CIDADE DE LICHINGA_CIDADE DE LICHINGA,35.24558878755181,-13.298038006470582,Mozambique,AWB,NOx
1003,10.992599407592508,MOZAMBIQUE_NIASSA_CUAMBA_CIDADE DE CUAMBA,36.43225300678852,-14.65151757200614,Mozambique,AWB,NOx
1004,3.912702228672216,MOZAMBIQUE_NIASSA_CUAMBA_ETATARA,36.50604736569097,-15.067722646032196,Mozambique,AWB,NOx
1005,3.151625374848203,MOZAMBIQUE_NIASSA_CUAMBA_LÚRIO,36.74388384413436,-14.643139941997887,Mozambique,AWB,NOx
1006,4.297994255501528,MOZAMBIQUE_NIASSA_CUAMBA_MEPICA,36.27342275841742,-14.590957907953893,Mozambique,AWB,NOx
1007,10.751315700873022,MOZAMBIQUE_NIASSA_LAGO_CÓBUE,35.0221799648129,-11.988797384472345,Mozambique,AWB,NOx
1008,2.6166268318666828,MOZAMBIQUE_NIASSA_LAGO_LUNHO,34.93957981389291,-12.442879629662482,Mozambique,AWB,NOx
1009,4.295503300140041,MOZAMBIQUE_NIASSA_LAGO_MANIAMBA,35.03282976741832,-12.708593517824148,Mozambique,AWB,NOx
1010,2.888038845872758,MOZAMBIQUE_NIASSA_LAGO_MELULUCA,34.858334813639914,-12.908685961985746,Mozambique,AWB,NOx
1011,0.17340922495678848,MOZAMBIQUE_NIASSA_LAGO_METANGULA,34.86215758962762,-12.665576315058521,Mozambique,AWB,NOx
1012,8.086464800041671,MOZAMBIQUE_NIASSA_MAJUNE_MALANGA,36.33165472317088,-13.08401614787644,Mozambique,AWB,NOx
1013,5.923611014327013,MOZAMBIQUE_NIASSA_MAJUNE_MUAQUIA,36.67128728604254,-13.41002543814736,Mozambique,AWB,NOx
1014,6.941459087451769,MOZAMBIQUE_NIASSA_MAJUNE_NAIRRUBI,36.15642160714719,-13.643230834070724,Mozambique,AWB,NOx
1015,17.15519610461356,MOZAMBIQUE_NIASSA_MANDIMBA_LISSIETE,35.73028508291114,-14.332441674005302,Mozambique,AWB,NOx
1016,16.658175553926505,MOZAMBIQUE_NIASSA_MANDIMBA_MITANDE,35.98013612645266,-14.147764062736895,Mozambique,AWB,NOx
1017,1.0216099595789379,MOZAMBIQUE_NIASSA_MARRUPA_MARRANGIRA,37.72889340449302,-12.68953895503554,Mozambique,AWB,NOx
1018,5.345455907068644,MOZAMBIQUE_NIASSA_MARRUPA_MARRUPA SEDE,37.19633769132261,-13.146463272129202,Mozambique,AWB,NOx
1019,5.166754734735641,MOZAMBIQUE_NIASSA_MARRUPA_NUNGO,37.81925447353719,-13.478328866752053,Mozambique,AWB,NOx
1020,1.2135079043646744,MOZAMBIQUE_NIASSA_MAÚA_MAIACA,37.3005706489584,-14.114170204450419,Mozambique,AWB,NOx
1021,12.296454417854616,MOZAMBIQUE_NIASSA_MAÚA_MAÚA,36.95858875508161,-13.837399370259327,Mozambique,AWB,NOx
1022,8.635619126662963,MOZAMBIQUE_NIASSA_MAVAGO_MAVAGO SEDE,36.182550803240666,-12.258018044524356,Mozambique,AWB,NOx
1023,8.68738122375734,MOZAMBIQUE_NIASSA_MAVAGO_MSAWIZE,36.597826594641965,-12.217689955331863,Mozambique,AWB,NOx
1024,7.072186667786138,MOZAMBIQUE_NIASSA_MECANHELAS_CHIUTA,36.08847717751292,-14.74364623777168,Mozambique,AWB,NOx
1025,7.863406392241535,MOZAMBIQUE_NIASSA_MECANHELAS_INSACA,36.06761006964796,-15.20035211382043,Mozambique,AWB,NOx
1026,4.44962750502676,MOZAMBIQUE_NIASSA_MECULA_MATONDOVELA,37.1193193013008,-12.085419283276117,Mozambique,AWB,NOx
1027,0.7548081717013185,MOZAMBIQUE_NIASSA_MECULA_MECULA SEDE,37.94951162557012,-11.849337861322065,Mozambique,AWB,NOx
1028,1.35148762700014,MOZAMBIQUE_NIASSA_METARICA_NACUMUA,37.16022891434504,-14.413133439925444,Mozambique,AWB,NOx
1029,7.488892452765329,MOZAMBIQUE_NIASSA_METARICA_NAMICUNDI,36.60578243101672,-14.246532016438536,Mozambique,AWB,NOx
1030,4.955910887946251,MOZAMBIQUE_NIASSA_MUEMBE_CHICONONO,35.825200631872406,-12.703703422754193,Mozambique,AWB,NOx
1031,1.6286640228615463,MOZAMBIQUE_NIASSA_MUEMBE_MUEMBE,35.78045415030022,-13.116180648877394,Mozambique,AWB,NOx
1032,5.269770771343034,MOZAMBIQUE_NIASSA_NGAUMA_ITEPELA,35.72513460549021,-13.747122663104934,Mozambique,AWB,NOx
1033,39.264073871221065,MOZAMBIQUE_NIASSA_NGAUMA_MASSANGULO,35.43617637765224,-13.89029757440695,Mozambique,AWB,NOx
1034,1.960748810878524,MOZAMBIQUE_NIASSA_NIPEPE_MULUCO,38.03235704715008,-13.729080948075778,Mozambique,AWB,NOx
1035,9.63021077131138,MOZAMBIQUE_NIASSA_NIPEPE_NIPEPE SEDE,37.868200779972554,-14.05769630156578,Mozambique,AWB,NOx
1036,2.548631880848544,MOZAMBIQUE_NIASSA_SANGA_LUSSIMBESSE,35.17879893805198,-13.045539587648593,Mozambique,AWB,NOx
1037,9.809710043252915,MOZAMBIQUE_NIASSA_SANGA_MACALOGE,35.50896840865773,-12.2274899473508,Mozambique,AWB,NOx
1038,6.048854698628891,MOZAMBIQUE_NIASSA_SANGA_MATCHEDJE,35.75189053128633,-11.753298058450781,Mozambique,AWB,NOx
1039,5.880837582201798,MOZAMBIQUE_NIASSA_SANGA_UNANGO,35.34018877756437,-12.783844219315524,Mozambique,AWB,NOx
1040,13.232122973402852,MOZAMBIQUE_SOFALA_BÚZI_BÚZI SEDE,34.36044794827508,-19.819912163773225,Mozambique,AWB,NOx
1041,5.382417584289405,MOZAMBIQUE_SOFALA_BÚZI_ESTAQUINHA,34.16777219776005,-20.149116281359227,Mozambique,AWB,NOx
1042,12.391104302299315,MOZAMBIQUE_SOFALA_BÚZI_NOVA SOFALA,34.51923951284964,-20.29614767325403,Mozambique,AWB,NOx
1043,10.158903445878474,MOZAMBIQUE_SOFALA_CAIA_CAIA SEDE,35.01870022079462,-17.9131888576579,Mozambique,AWB,NOx
1044,7.011979167218613,MOZAMBIQUE_SOFALA_CAIA_MURRACA,35.043543737221526,-17.704599519075483,Mozambique,AWB,NOx
1045,12.080970377986995,MOZAMBIQUE_SOFALA_CAIA_SENA,34.958614543889205,-17.545518104260157,Mozambique,AWB,NOx
1046,8.530306877096812,MOZAMBIQUE_SOFALA_CHEMBA_CHEMBA,34.796784909165844,-17.161346900583574,Mozambique,AWB,NOx
1047,7.294052433624358,MOZAMBIQUE_SOFALA_CHEMBA_CHIRAMBA,34.46911953038281,-17.053102795299342,Mozambique,AWB,NOx
1048,6.354520622026178,MOZAMBIQUE_SOFALA_CHEMBA_MULIMA,34.63667292129747,-17.357412370668445,Mozambique,AWB,NOx
1049,4.939577852484337,MOZAMBIQUE_SOFALA_CHERINGOMA_INHAMINGA,35.225847778954645,-18.633629386192386,Mozambique,AWB,NOx
1050,2.804249920421455,MOZAMBIQUE_SOFALA_CHERINGOMA_INHAMITANGA,35.21803732270835,-18.19602497310624,Mozambique,AWB,NOx
1051,3.2828262128251184,MOZAMBIQUE_SOFALA_CHIBABAVA_CHIBABAVA,33.625822885571004,-20.32409844006914,Mozambique,AWB,NOx
1052,9.265861372662593,MOZAMBIQUE_SOFALA_CHIBABAVA_GOONDA SEDE,33.78093779690099,-20.00140681012032,Mozambique,AWB,NOx
1053,7.991728559249964,MOZAMBIQUE_SOFALA_CHIBABAVA_MUXUNGUE,34.00746860191191,-20.588553113130725,Mozambique,AWB,NOx
1054,0,MOZAMBIQUE_SOFALA_CIDADE DA BEIRA_CHIVEVE,34.85910823293791,-19.837591338553143,Mozambique,AWB,NOx
1055,0.454380311692636,MOZAMBIQUE_SOFALA_CIDADE DA BEIRA_MANGA LAFORTE,34.91731660730856,-19.78865079306362,Mozambique,AWB,NOx
1056,0,MOZAMBIQUE_SOFALA_CIDADE DA BEIRA_MUNHAVA,34.87242987491962,-19.81345968978157,Mozambique,AWB,NOx
1057,6.055310072796758,MOZAMBIQUE_SOFALA_CIDADE DA BEIRA_NHANGAU,34.98285843795014,-19.693063426738647,Mozambique,AWB,NOx
1058,6.777024882714953,MOZAMBIQUE_SOFALA_DONDO_CIDADE DE DONDO,34.813763994435696,-19.59912984557761,Mozambique,AWB,NOx
1059,3.136323080367535,MOZAMBIQUE_SOFALA_DONDO_MAFAMBISSE,34.6172248295846,-19.41411670725845,Mozambique,AWB,NOx
1060,3.2071029262950286,MOZAMBIQUE_SOFALA_DONDO_SAVANE,34.99777842679284,-19.497504876595226,Mozambique,AWB,NOx
1061,6.852361938924935,MOZAMBIQUE_SOFALA_GORONGOSA_CANDA,33.9411113462195,-18.5269605629544,Mozambique,AWB,NOx
1062,8.266428307072891,MOZAMBIQUE_SOFALA_GORONGOSA_GORONGOSA,34.32971484173921,-18.78446107770377,Mozambique,AWB,NOx
1063,5.115384219341486,MOZAMBIQUE_SOFALA_GORONGOSA_VUNDUZI,34.343011287797125,-18.424602841983976,Mozambique,AWB,NOx
1064,0.012267649768849118,MOZAMBIQUE_SOFALA_MACHANGA_CHILOANE,34.92828212630066,-20.64925660347249,Mozambique,AWB,NOx
1065,11.001459384167093,MOZAMBIQUE_SOFALA_MACHANGA_DIVINHE,34.674247443709874,-20.722876694861167,Mozambique,AWB,NOx
1066,14.445976541920034,MOZAMBIQUE_SOFALA_MACHANGA_MACHANGA,34.442424245334195,-21.012616087372496,Mozambique,AWB,NOx
1067,10.04066621859294,MOZAMBIQUE_SOFALA_MARÍNGUÈ_CANXIXE,34.37321686017075,-17.493505870047716,Mozambique,AWB,NOx
1068,13.08986076640908,MOZAMBIQUE_SOFALA_MARÍNGUÈ_MARÍNGUÈ SEDE,34.485093419015286,-17.81780849718521,Mozambique,AWB,NOx
1069,8.808273524037435,MOZAMBIQUE_SOFALA_MARÍNGUÈ_SUBUE,34.568189920354946,-18.170574357241573,Mozambique,AWB,NOx
1070,3.372290139566779,MOZAMBIQUE_SOFALA_MARROMEU_CHUPANGA,35.53979136875223,-18.153606344651298,Mozambique,AWB,NOx
1071,5.751070290448164,MOZAMBIQUE_SOFALA_MARROMEU_MARROMEU,35.850161288958624,-18.569407020896904,Mozambique,AWB,NOx
1072,7.899859133226344,MOZAMBIQUE_SOFALA_MUANZA_GALINHA,35.16349786444109,-19.124539501625424,Mozambique,AWB,NOx
1073,1.075750134589319,MOZAMBIQUE_SOFALA_MUANZA_MUANZA,34.678605858109435,-18.938987307842137,Mozambique,AWB,NOx
1074,26.87133108841723,MOZAMBIQUE_SOFALA_NHAMATANDA_NHAMATANDA,34.133897175511564,-19.33606727775627,Mozambique,AWB,NOx
1075,10.0338802636576,MOZAMBIQUE_SOFALA_NHAMATANDA_TICA,34.40940265650747,-19.335470302125614,Mozambique,AWB,NOx
1076,31.95231581959546,MOZAMBIQUE_TETE_ANGÓNIA_DOMUE,34.06227681421749,-14.699140503078468,Mozambique,AWB,NOx
1077,25.627765382480078,MOZAMBIQUE_TETE_ANGÓNIA_ULONGUE,34.349106886594804,-14.631151521449059,Mozambique,AWB,NOx
1078,14.187640281028925,MOZAMBIQUE_TETE_CAHORA BASSA_CHINTHOLO,32.430533039546916,-16.216233615153374,Mozambique,AWB,NOx
1079,1.7297786133476247,MOZAMBIQUE_TETE_CAHORA BASSA_CHITIMA,32.56262609101031,-15.785800626605736,Mozambique,AWB,NOx
1080,0.9770891634083562,MOZAMBIQUE_TETE_CAHORA BASSA_SONGO,32.85012635482207,-15.642404356099279,Mozambique,AWB,NOx
1081,2.5477718300882444,MOZAMBIQUE_TETE_CHANGARA_CHIOCO,33.14018587060284,-16.42341231628667,Mozambique,AWB,NOx
1082,2.0124304199240286,MOZAMBIQUE_TETE_CHANGARA_LUENHA,33.11909292885668,-16.867569202571328,Mozambique,AWB,NOx
1083,4.481365608506327,MOZAMBIQUE_TETE_CHIFUNDE_CHIFUNDE,32.92346063358836,-14.975687318128626,Mozambique,AWB,NOx
1084,14.31277949111197,MOZAMBIQUE_TETE_CHIFUNDE_MUALADZI,32.96393250347011,-14.33950073375169,Mozambique,AWB,NOx
1085,9.093446823994881,MOZAMBIQUE_TETE_CHIFUNDE_NSADZO,32.51914214687114,-14.524178249655883,Mozambique,AWB,NOx
1086,5.138103300570947,MOZAMBIQUE_TETE_CHIÚTA_KAZULA,33.72636156193938,-15.477753515522302,Mozambique,AWB,NOx
1087,5.681588217809863,MOZAMBIQUE_TETE_CHIÚTA_MANJE,33.25470436942447,-15.466819453220635,Mozambique,AWB,NOx
1088,0.0630640602126452,MOZAMBIQUE_TETE_CIDADE DE TETE_CIDADE DE TETE,33.5668919310786,-16.139469255826608,Mozambique,AWB,NOx
1089,10.48648720857457,MOZAMBIQUE_TETE_DÔA_DÔA,34.51760621797523,-16.598152740102016,Mozambique,AWB,NOx
1090,3.1538609633097465,MOZAMBIQUE_TETE_MACANGA_CHIDZOLOMONDO,33.35197753831337,-14.918724310435108,Mozambique,AWB,NOx
1091,14.434666716360123,MOZAMBIQUE_TETE_MACANGA_FURANCUNGO,33.59727820804702,-14.761837402785105,Mozambique,AWB,NOx
1092,0.7938203900851596,MOZAMBIQUE_TETE_MÁGOÈ_CHINTHOPO,30.78042037609181,-15.830563886420572,Mozambique,AWB,NOx
1093,0.1126418126050698,MOZAMBIQUE_TETE_MÁGOÈ_MPHENDE,31.891504022092988,-15.845371567366845,Mozambique,AWB,NOx
1094,3.9742300086191746,MOZAMBIQUE_TETE_MÁGOÈ_MUCUMBURA,31.574958142664922,-15.994013693857134,Mozambique,AWB,NOx
1095,0.4133733313779551,MOZAMBIQUE_TETE_MARARA_MARARA,33.1767871500584,-16.057806017371547,Mozambique,AWB,NOx
1096,0.983572017039047,MOZAMBIQUE_TETE_MARÁVIA_CHIPERA,32.4829526094224,-15.434262338278346,Mozambique,AWB,NOx
1097,3.146564524408202,MOZAMBIQUE_TETE_MARÁVIA_CHIPUTO,32.35344851188519,-15.03500771920889,Mozambique,AWB,NOx
1098,3.2920785776217105,MOZAMBIQUE_TETE_MARÁVIA_FINGOE,31.820992594832912,-15.343028415557255,Mozambique,AWB,NOx
1099,7.624004083291518,MOZAMBIQUE_TETE_MARÁVIA_MALOWERA,31.85357215677831,-14.713623464787132,Mozambique,AWB,NOx
1100,8.701848008893212,MOZAMBIQUE_TETE_MOATIZE_KAMBULATSITSI,34.20055460887969,-16.077264075157483,Mozambique,AWB,NOx
1101,3.5839418384548805,MOZAMBIQUE_TETE_MOATIZE_MOATIZE,33.83033269026306,-16.159543586050585,Mozambique,AWB,NOx
1102,23.423938135249752,MOZAMBIQUE_TETE_MOATIZE_ZOBUE,34.11068253295919,-15.64316936974153,Mozambique,AWB,NOx
1103,0.6158200030274538,MOZAMBIQUE_TETE_MUTARARA_CHARRE,35.188552287821736,-17.238598593622232,Mozambique,AWB,NOx
1104,0.8636889046623144,MOZAMBIQUE_TETE_MUTARARA_INHANGOMA,35.23245595498249,-17.507231579651293,Mozambique,AWB,NOx
1105,4.1372418668446285,MOZAMBIQUE_TETE_MUTARARA_NHAMAYABUE,35.003122661755604,-17.054371243733755,Mozambique,AWB,NOx
1106,21.657093736160466,MOZAMBIQUE_TETE_TSANGANO_NTENGO-WAMBALAME,34.41780906847001,-14.917178859746276,Mozambique,AWB,NOx
1107,19.557245593046627,MOZAMBIQUE_TETE_TSANGANO_TSANGANO,34.29919561554582,-15.250900940934416,Mozambique,AWB,NOx
1108,12.787378467708132,MOZAMBIQUE_TETE_ZUMBO_MUZE,31.19697252624993,-15.017374487026439,Mozambique,AWB,NOx
1109,17.140864993798356,MOZAMBIQUE_TETE_ZUMBO_ZAMBUE,30.627783948317607,-15.080209177689394,Mozambique,AWB,NOx
1110,4.029868559905818,MOZAMBIQUE_TETE_ZUMBO_ZUMBO,30.98718853424653,-15.492944910698794,Mozambique,AWB,NOx
1111,32.87491739538422,MOZAMBIQUE_ZAMBÉZIA_ALTO MOLÓCUÈ_ALTO MOLÓCUÈ SEDE,37.75169980366362,-15.82968886527511,Mozambique,AWB,NOx
1112,24.047753205355978,MOZAMBIQUE_ZAMBÉZIA_ALTO MOLÓCUÈ_NAUELA,37.535152030135166,-15.39189561707578,Mozambique,AWB,NOx
1113,0.25426629037070425,MOZAMBIQUE_ZAMBÉZIA_CHINDE_CHINDE SEDE,36.270548844123184,-18.688008655189545,Mozambique,AWB,NOx
1114,1.943771759766039,MOZAMBIQUE_ZAMBÉZIA_CHINDE_MICAUNE,36.474996279882056,-18.29299927576296,Mozambique,AWB,NOx
1115,3.885597036877136,MOZAMBIQUE_ZAMBÉZIA_DERRE_GUERISSA,36.07517658059888,-17.391883949116988,Mozambique,AWB,NOx
1116,9.4293900175165,MOZAMBIQUE_ZAMBÉZIA_DERRE_MACHINDO,36.14501762444021,-17.028813436740112,Mozambique,AWB,NOx
1117,28.07426262582817,MOZAMBIQUE_ZAMBÉZIA_GILÉ_ALTO LIGONHA,38.32552055604672,-15.659236148992102,Mozambique,AWB,NOx
1118,26.06221427786986,MOZAMBIQUE_ZAMBÉZIA_GILÉ_GILÉ,38.2910835056982,-16.135614998196157,Mozambique,AWB,NOx
1119,11.16712012178683,MOZAMBIQUE_ZAMBÉZIA_GURUÈ_CIDADE DE GURUÈ,36.97092700344254,-15.416132819173738,Mozambique,AWB,NOx
1120,19.97762824325478,MOZAMBIQUE_ZAMBÉZIA_GURUÈ_LIOMA,36.85133659882104,-15.21304720853839,Mozambique,AWB,NOx
1121,8.137890091822703,MOZAMBIQUE_ZAMBÉZIA_GURUÈ_MEPUAGIUA,37.13396038762665,-15.585338686929129,Mozambique,AWB,NOx
1122,18.402317933302722,MOZAMBIQUE_ZAMBÉZIA_ILE_ILE,37.33517260666365,-16.094439327573667,Mozambique,AWB,NOx
1123,9.925655211256482,MOZAMBIQUE_ZAMBÉZIA_ILE_SOCONE,37.24742867277951,-15.78891794152016,Mozambique,AWB,NOx
1124,0,MOZAMBIQUE_ZAMBÉZIA_INHASSUNGE_GONHANE,36.76819719164744,-18.129199806980733,Mozambique,AWB,NOx
1125,0.552706712013235,MOZAMBIQUE_ZAMBÉZIA_INHASSUNGE_MUCUPIA,36.82679627550589,-18.02052955876717,Mozambique,AWB,NOx
1126,1.6581414136535584,MOZAMBIQUE_ZAMBÉZIA_LUABO_CHIMBADZO,35.97977141123299,-18.196016220231943,Mozambique,AWB,NOx
1127,0.9396331404714631,MOZAMBIQUE_ZAMBÉZIA_LUABO_SAMORA MACHEL,36.18071023228471,-18.394390454565023,Mozambique,AWB,NOx
1128,4.551489880565432,MOZAMBIQUE_ZAMBÉZIA_LUGELA_LUGELA SEDE,36.792817501899684,-16.327386357024547,Mozambique,AWB,NOx
1129,9.079210455066862,MOZAMBIQUE_ZAMBÉZIA_LUGELA_MUABANAMA,36.47880843926437,-16.107038995469004,Mozambique,AWB,NOx
1130,12.306751589882275,MOZAMBIQUE_ZAMBÉZIA_LUGELA_MUNHAMADE,36.953559162628835,-16.485068132775538,Mozambique,AWB,NOx
1131,3.829480487906193,MOZAMBIQUE_ZAMBÉZIA_LUGELA_TACUANE,36.46670382747136,-16.401970766492536,Mozambique,AWB,NOx
1132,1.45212962800239,MOZAMBIQUE_ZAMBÉZIA_MAGANJA DA COSTA_MAGANJA DA COSTA,37.557492419314904,-17.31794215732248,Mozambique,AWB,NOx
1133,1.0043494050491824,MOZAMBIQUE_ZAMBÉZIA_MAGANJA DA COSTA_NANTE,37.278741977984176,-17.32317306931781,Mozambique,AWB,NOx
1134,6.234368228183773,MOZAMBIQUE_ZAMBÉZIA_MILANGE_MAJAUA,35.436624982155294,-16.253643814284985,Mozambique,AWB,NOx
1135,76.51183409359838,MOZAMBIQUE_ZAMBÉZIA_MILANGE_MILANGE SEDE,35.963973872998274,-16.234450769061095,Mozambique,AWB,NOx
1136,5.682653154862371,MOZAMBIQUE_ZAMBÉZIA_MILANGE_MONGUE,35.65648738221003,-16.442722119703557,Mozambique,AWB,NOx
1137,1.2131847707824701,MOZAMBIQUE_ZAMBÉZIA_MOCUBA_CIDADE DE MOCUBA,36.92085203297691,-17.018379997773273,Mozambique,AWB,NOx
1138,2.4033003924631307,MOZAMBIQUE_ZAMBÉZIA_MOCUBA_MUGEBA,37.29714017190822,-16.637901594506356,Mozambique,AWB,NOx
1139,2.7607994703496934,MOZAMBIQUE_ZAMBÉZIA_MOCUBA_NAMANJAVIRA,36.48988287703119,-16.806628981302676,Mozambique,AWB,NOx
1140,1.996426511654105,MOZAMBIQUE_ZAMBÉZIA_MOCUBELA_BAJONE,37.895522331552115,-17.22544194310728,Mozambique,AWB,NOx
1141,25.950461223844222,MOZAMBIQUE_ZAMBÉZIA_MOCUBELA_MOCUBELA,37.68028351815039,-16.88555041335021,Mozambique,AWB,NOx
1142,16.97259378907258,MOZAMBIQUE_ZAMBÉZIA_MOLUMBO_CORROMANA,36.05791686767938,-15.749566179759793,Mozambique,AWB,NOx
1143,6.810098947926774,MOZAMBIQUE_ZAMBÉZIA_MOLUMBO_MOLUMBO SEDE,36.32068964426865,-15.602898065813545,Mozambique,AWB,NOx
1144,7.914936864005621,MOZAMBIQUE_ZAMBÉZIA_MOPEIA_CAMPO,36.34626125703182,-17.82259550049933,Mozambique,AWB,NOx
1145,7.842511823406728,MOZAMBIQUE_ZAMBÉZIA_MOPEIA_MOPEIA SEDE,35.80351735470755,-17.841703764849772,Mozambique,AWB,NOx
1146,46.71749121292202,MOZAMBIQUE_ZAMBÉZIA_MORRUMBALA_CHIRE,35.53140807640189,-16.71068394183522,Mozambique,AWB,NOx
1147,14.3659775885411,MOZAMBIQUE_ZAMBÉZIA_MORRUMBALA_MEGAZA,35.44414710494373,-17.34322259459494,Mozambique,AWB,NOx
1148,34.08721024225815,MOZAMBIQUE_ZAMBÉZIA_MORRUMBALA_MORRUMBALA SEDE,35.71818601432962,-17.24576425945072,Mozambique,AWB,NOx
1149,8.63703315149048,MOZAMBIQUE_ZAMBÉZIA_MULEVALA_CHIRACO,37.76125440346422,-16.32163858126515,Mozambique,AWB,NOx
1150,8.47565004589042,MOZAMBIQUE_ZAMBÉZIA_MULEVALA_M BAUANE,37.54642716961419,-16.40909467076002,Mozambique,AWB,NOx
1151,0.012674653871253948,MOZAMBIQUE_ZAMBÉZIA_NAMACURRA_MACUSE,37.22484678245629,-17.591775752107008,Mozambique,AWB,NOx
1152,0.9171498667189683,MOZAMBIQUE_ZAMBÉZIA_NAMACURRA_MALEI,37.01133444499841,-17.298645809649788,Mozambique,AWB,NOx
1153,0.012133153885929017,MOZAMBIQUE_ZAMBÉZIA_NAMACURRA_NAMACURRA SEDE,36.999724466727024,-17.475100608613698,Mozambique,AWB,NOx
1154,12.595256318597563,MOZAMBIQUE_ZAMBÉZIA_NAMARROI_NAMARROI,36.932601372279954,-15.997062158730339,Mozambique,AWB,NOx
1155,28.880991334533853,MOZAMBIQUE_ZAMBÉZIA_NAMARROI_REGONE,36.703202241179774,-15.741498193552788,Mozambique,AWB,NOx
1156,0.8897081956046008,MOZAMBIQUE_ZAMBÉZIA_NICOADALA_MUNHONHA,36.585288815320006,-17.577946128566236,Mozambique,AWB,NOx
1157,0.8270240049990448,MOZAMBIQUE_ZAMBÉZIA_NICOADALA_NICOADALA SEDE,36.663687161432556,-17.524080596030704,Mozambique,AWB,NOx
1158,21.624185474397525,MOZAMBIQUE_ZAMBÉZIA_PEBANE_MULELA,38.453959254758885,-16.77972576468378,Mozambique,AWB,NOx
1159,23.124773006615325,MOZAMBIQUE_ZAMBÉZIA_PEBANE_NABURI,38.84329914869052,-16.53846306968174,Mozambique,AWB,NOx
1160,6.3055899010462815,MOZAMBIQUE_ZAMBÉZIA_PEBANE_PEBANE SEDE,38.11397763950611,-16.944696335246178,Mozambique,AWB,NOx
1161,0,MOZAMBIQUE_ZAMBÉZIA_QUELIMANE_MAQUIVAL,37.05066199126774,-17.80539223477135,Mozambique,AWB,NOx
1162,0,MOZAMBIQUE_ZAMBÉZIA_QUELIMANE_QUELIMANE,36.917031879996124,-17.859838300308013,Mozambique,AWB,NOx
1163,0.2442746011747741,MOZAMBIQUE_SOFALA_CIDADE DA BEIRA_INHAMIZUA,34.80944811048006,-19.7342235382873,Mozambique,AWB,NOx
1164,0.6112863535395081,MOZAMBIQUE_CABO DELGADO_QUISSANGA_QUISSANGA,40.34522572679413,-12.388146823567476,Mozambique,AWB,NOx
1165,1.889882631277463,MOZAMBIQUE_ZAMBÉZIA_NICOADALA_NAMACATA,36.87753030165205,-17.747483505410734,Mozambique,AWB,NOx
1166,2.769582538772395,NAMIBIA_ZAMBEZI_KABBE,24.793790035168254,-17.667984075409294,Namibia,AWB,NOx
1167,1.9761373833209577,NAMIBIA_ZAMBEZI_KATIMA MULILO RURAL,24.454538835228554,-17.783707702671318,Namibia,AWB,NOx
1168,0.00117832866831608,NAMIBIA_ZAMBEZI_KATIMA MULILO URBAN,24.279746190016365,-17.50806511335707,Namibia,AWB,NOx
1169,2.6359254820238323,NAMIBIA_ZAMBEZI_KONGOLA,23.264204346697873,-17.80294902774862,Namibia,AWB,NOx
1170,3.3517688231438623,NAMIBIA_ZAMBEZI_LINYANTI,23.671437828262256,-18.092266566594112,Namibia,AWB,NOx
1171,1.141202826405305,NAMIBIA_ZAMBEZI_SIBBINDA,24.108590663155443,-17.85835022128321,Namibia,AWB,NOx
1172,0,NAMIBIA_ERONGO_ARANDIS,14.691497629475606,-22.264372494788464,Namibia,AWB,NOx
1173,7.303316314981417,NAMIBIA_ERONGO_DAURES,14.93756663805144,-21.37524651621252,Namibia,AWB,NOx
1174,15.135987057476472,NAMIBIA_ERONGO_KARIBIB,15.787173934663985,-22.30410061850206,Namibia,AWB,NOx
1175,50.56609108035742,NAMIBIA_ERONGO_OMARURU,15.95833063241253,-21.31749516745864,Namibia,AWB,NOx
1176,0,NAMIBIA_ERONGO_SWAKOPMUND,14.59907978731461,-22.6202601717113,Namibia,AWB,NOx
1177,0,NAMIBIA_ERONGO_WALVIS BAY RURAL,15.043164785735584,-23.30666115914993,Namibia,AWB,NOx
1178,0,NAMIBIA_ERONGO_WALVIS BAY URBAN,14.51062497535283,-22.954088068577146,Namibia,AWB,NOx
1179,18.816282744090074,NAMIBIA_HARDAP_GIBEON,16.211055584954146,-24.728927802737125,Namibia,AWB,NOx
1180,7.919216201900148,NAMIBIA_HARDAP_MARIENTAL RURAL,18.931178051035655,-24.55690325528673,Namibia,AWB,NOx
1181,5.509016206097408,NAMIBIA_HARDAP_MARIENTAL URBAN,17.552231711371142,-24.506156912910303,Namibia,AWB,NOx
1182,4.142550962520905,NAMIBIA_HARDAP_REHOBOTH RURAL,16.94802061214784,-23.797424696279414,Namibia,AWB,NOx
1183,0.1950615155429406,NAMIBIA_HARDAP_REHOBOTH URBAN EAST,17.140914395565115,-23.302814761538283,Namibia,AWB,NOx
1184,0.7189954843556279,NAMIBIA_HARDAP_REHOBOTH URBAN WEST,17.035406416002225,-23.29213818904565,Namibia,AWB,NOx
1185,10.66662039739499,NAMIBIA_//KARAS_BERSEBA,17.43213672122362,-26.402137402623683,Namibia,AWB,NOx
1186,14.80284336385435,NAMIBIA_//KARAS_KARASBURG,18.711773230367335,-28.093418586403676,Namibia,AWB,NOx
1187,5.442753405858309,NAMIBIA_//KARAS_KEETMANSHOOP RURAL,18.963044948025257,-26.591724991032446,Namibia,AWB,NOx
1188,5.70871960455578e-4,NAMIBIA_//KARAS_KEETMANSHOOP URBAN,18.13828868505545,-26.52392990789683,Namibia,AWB,NOx
1189,0.330817535876884,NAMIBIA_//KARAS_LUDERITZ,15.864291361495141,-26.644991721573984,Namibia,AWB,NOx
1190,0,NAMIBIA_//KARAS_ORANJEMUND,16.84821332532997,-28.056930475767597,Namibia,AWB,NOx
1191,21.92503163815176,NAMIBIA_KAVANGO EAST_MASHARE,20.090779832016132,-18.617546949007107,Namibia,AWB,NOx
1192,1.0819387577796242,NAMIBIA_KAVANGO EAST_MUKWE,21.71929868242943,-18.093691738891703,Namibia,AWB,NOx
1193,10.188066045478228,NAMIBIA_KAVANGO EAST_NDIYONA,20.70537677949861,-18.57519053865166,Namibia,AWB,NOx
1194,2.847726816928289,NAMIBIA_KAVANGO EAST_RUNDU RURAL WEST,19.729735628949058,-18.20829568264125,Namibia,AWB,NOx
1195,0,NAMIBIA_KAVANGO EAST_RUNDU URBAN,19.77048535736296,-17.905684519464447,Namibia,AWB,NOx
1196,0.5917311452151088,NAMIBIA_KAVANGO EAST_RUNDU RURAL EAST,19.918903908289927,-18.018190028726913,Namibia,AWB,NOx
1197,0.04390698594429846,NAMIBIA_KHOMAS_TOBIAS HAINYEKO,17.064566285247462,-22.491571002219786,Namibia,AWB,NOx
1198,5.206154064869892e-4,NAMIBIA_KHOMAS_KATUTURA CENTRAL,17.053093806653106,-22.5235276855212,Namibia,AWB,NOx
1199,6.768566477988049e-4,NAMIBIA_KHOMAS_KATUTURA EAST,17.064629491748327,-22.520906899274305,Namibia,AWB,NOx
1200,0.009182090146609586,NAMIBIA_KHOMAS_KHOMASDAL NORTH,17.02393885405345,-22.546692524938113,Namibia,AWB,NOx
1201,4.8394650805294066e-4,NAMIBIA_KHOMAS_SOWETO,17.04634348136182,-22.518971599270618,Namibia,AWB,NOx
1202,0.012802711519332429,NAMIBIA_KHOMAS_SAMORA MACHEL,17.011693927957612,-22.515093718237296,Namibia,AWB,NOx
1203,0.31815000276093497,NAMIBIA_KHOMAS_WINDHOEK EAST,17.14408226450097,-22.62046223783627,Namibia,AWB,NOx
1204,43.507274227752504,NAMIBIA_KHOMAS_WINDHOEK RURAL,17.152644209354136,-22.919981679213087,Namibia,AWB,NOx
1205,0.5390634767428077,NAMIBIA_KHOMAS_WINDHOEK WEST,16.999274417411097,-22.61413420573047,Namibia,AWB,NOx
1206,0.09357111513600075,NAMIBIA_KHOMAS_MOSES //GAROEB,17.04398509888085,-22.46917693709735,Namibia,AWB,NOx
1207,77.57952694863667,NAMIBIA_KUNENE_EPUPA,12.951182297756084,-17.577768817143944,Namibia,AWB,NOx
1208,52.49305091138435,NAMIBIA_KUNENE_KAMANAJB,15.32465722582946,-19.802405761415024,Namibia,AWB,NOx
1209,6.501363457814756,NAMIBIA_KUNENE_KHORIXAS,14.18082561343677,-20.491501565211138,Namibia,AWB,NOx
1210,62.53557458667065,NAMIBIA_KUNENE_OPUWO,13.206749264241742,-18.475898236405577,Namibia,AWB,NOx
1211,15.867568321562032,NAMIBIA_KUNENE_OUTJO,16.274442963394687,-19.825265069447923,Namibia,AWB,NOx
1212,26.589937187873364,NAMIBIA_KUNENE_SESFONTEIN,13.640868650570905,-19.49338092253463,Namibia,AWB,NOx
1213,0.0845000720001771,NAMIBIA_OHANGWENA_EENHANA,16.353020701398215,-17.671032492551955,Namibia,AWB,NOx
1214,0.7865687987756809,NAMIBIA_OHANGWENA_ENDOLA,15.820859010662058,-17.625815642509547,Namibia,AWB,NOx
1215,1.6512399482996036,NAMIBIA_OHANGWENA_ENGELA,15.748718902094708,-17.518181174101677,Namibia,AWB,NOx
1216,0.45981356146364194,NAMIBIA_OHANGWENA_EPEMBE,16.685598245035656,-17.66735533080767,Namibia,AWB,NOx
1217,0.1330295502033914,NAMIBIA_OHANGWENA_OHANGWENA,15.882643502502614,-17.520931558141168,Namibia,AWB,NOx
1218,1.4136953342358063,NAMIBIA_OHANGWENA_OKONGO,17.455737413504714,-17.57117050323505,Namibia,AWB,NOx
1219,0.22325418452240994,NAMIBIA_OHANGWENA_OMUNDAUNGILO,16.578551766563972,-17.449506206889357,Namibia,AWB,NOx
1220,0.0011623127003003513,NAMIBIA_OHANGWENA_ONDOBE,16.18459197141436,-17.477949671341534,Namibia,AWB,NOx
1221,2.869893576202702,NAMIBIA_OHANGWENA_ONGENGA,15.668516925400173,-17.447258578058655,Namibia,AWB,NOx
1222,0.022342805211064215,NAMIBIA_OHANGWENA_OSHIKANGO,15.988943461829676,-17.457271133054828,Namibia,AWB,NOx
1223,0.1347085208364851,NAMIBIA_OHANGWENA_OMULONGA,16.093754261365657,-17.654017776298947,Namibia,AWB,NOx
1224,6.018277352185353,NAMIBIA_OMAHEKE_AMINUIS,19.295775953525137,-23.417526891993003,Namibia,AWB,NOx
1225,6.507978467463118,NAMIBIA_OMAHEKE_GOBABIS,18.604707150106318,-22.71498381235896,Namibia,AWB,NOx
1226,14.121626603077674,NAMIBIA_OMAHEKE_KALAHARI,19.48312846470799,-22.503052429131507,Namibia,AWB,NOx
1227,0.5641968557274404,NAMIBIA_OMAHEKE_OTJINENE,18.982375532173915,-20.874933868522408,Namibia,AWB,NOx
1228,4.25687311602809,NAMIBIA_OMAHEKE_OTJOMBINDE,20.498308652977602,-21.175886752549744,Namibia,AWB,NOx
1229,9.824449727882323,NAMIBIA_OMAHEKE_STEINHAUSEN,18.80813704803802,-21.78488609292944,Namibia,AWB,NOx
1230,0.2710664348122769,NAMIBIA_OMAHEKE_EPUKIRO,19.646436307793838,-20.93506528769702,Namibia,AWB,NOx
1231,2.056972738490569,NAMIBIA_OMUSATI_ANAMULENGE,15.10483056097633,-17.506116865915512,Namibia,AWB,NOx
1232,19.72865345496863,NAMIBIA_OMUSATI_ELIM,15.413739072297282,-17.82200407359759,Namibia,AWB,NOx
1233,8.141912043466398,NAMIBIA_OMUSATI_ETAYI,15.519494125234022,-17.546723554965112,Namibia,AWB,NOx
1234,14.879157774386137,NAMIBIA_OMUSATI_OGONGO,15.170545752866131,-17.721649210815624,Namibia,AWB,NOx
1235,34.68046963814816,NAMIBIA_OMUSATI_OKAHAO,14.876116003002421,-18.693051850022275,Namibia,AWB,NOx
1236,6.42426835104723,NAMIBIA_OMUSATI_OKALONGO,15.28878445011893,-17.500821675929387,Namibia,AWB,NOx
1237,3.074724226771011,NAMIBIA_OMUSATI_ONESI,14.628083358790452,-17.577424359547425,Namibia,AWB,NOx
1238,5.746178949160743,NAMIBIA_OMUSATI_OSHIKUKU,15.392620794511467,-17.690835725085098,Namibia,AWB,NOx
1239,4.024689567344852,NAMIBIA_OMUSATI_OUTAPI,14.846441471749827,-17.517573911214274,Namibia,AWB,NOx
1240,14.237937010043188,NAMIBIA_OMUSATI_RUACANA,14.407777044865957,-18.097615436899044,Namibia,AWB,NOx
1241,8.363900871044196,NAMIBIA_OMUSATI_TSANDI,14.78614887515016,-17.886312407797114,Namibia,AWB,NOx
1242,23.768873582418514,NAMIBIA_OMUSATI_OTAMANZI,15.358988115665142,-18.525957641318243,Namibia,AWB,NOx
1243,1.112279908533448,NAMIBIA_OSHANA_OKAKU,15.943162766854906,-17.77022559144506,Namibia,AWB,NOx
1244,17.970484842923188,NAMIBIA_OSHANA_OKATANA,15.574759437909428,-17.820795199376207,Namibia,AWB,NOx
1245,23.140272317185598,NAMIBIA_OSHANA_OKATJALI,15.924923293889925,-18.15395120107729,Namibia,AWB,NOx
1246,24.219217437763263,NAMIBIA_OSHANA_OMPUNDJA,15.659629403226038,-18.011357008061164,Namibia,AWB,NOx
1247,4.279272887232355,NAMIBIA_OSHANA_ONDANGWA,15.89055793163545,-17.88939506257595,Namibia,AWB,NOx
1248,1.4476288006076168,NAMIBIA_OSHANA_ONGWEDIVA,15.823548294632106,-17.763524478913496,Namibia,AWB,NOx
1249,5.870200494633568,NAMIBIA_OSHANA_OSHAKATI EAST,15.735869553936352,-17.86260914126032,Namibia,AWB,NOx
1250,12.589398921067588,NAMIBIA_OSHANA_OSHAKATI WEST,15.624549764682277,-17.857865215295526,Namibia,AWB,NOx
1251,12.29516140313979,NAMIBIA_OSHANA_UUKWIYU,15.884221094272657,-17.99618085800174,Namibia,AWB,NOx
1252,91.91520796749637,NAMIBIA_OSHANA_UUVUDHIYA,15.696372341891102,-18.671160629838095,Namibia,AWB,NOx
1253,1.7755919808341343,NAMIBIA_OSHIKOTO_EENGONDI,17.332440762836534,-18.19310832303004,Namibia,AWB,NOx
1254,77.85215686487857,NAMIBIA_OSHIKOTO_GUINAS,17.594343489923055,-18.89437399671328,Namibia,AWB,NOx
1255,0.2221148633069949,NAMIBIA_OSHIKOTO_OKANKOLO,17.177875343763045,-17.878323021444082,Namibia,AWB,NOx
1256,8.421000242088725,NAMIBIA_OSHIKOTO_OLUKONDA,16.068385898650977,-18.038011932787096,Namibia,AWB,NOx
1257,31.91460486079258,NAMIBIA_OSHIKOTO_OMUNTELE,16.169328087187097,-18.334827887672034,Namibia,AWB,NOx
1258,12.218083515647821,NAMIBIA_OSHIKOTO_OMUTHIYAGWIIPUNDI,16.51029242566859,-18.898858129359702,Namibia,AWB,NOx
1259,4.70237360934696,NAMIBIA_OSHIKOTO_ONAYENA,16.207793411083593,-17.950862651129206,Namibia,AWB,NOx
1260,3.5249874545808186,NAMIBIA_OSHIKOTO_ONIIPA,16.069902480232454,-17.845135062553666,Namibia,AWB,NOx
1261,0.958369936614489,NAMIBIA_OSHIKOTO_ONYAANYA,16.357556814301276,-18.090881069656568,Namibia,AWB,NOx
1262,2.551080925509277,NAMIBIA_OSHIKOTO_TSUMEB,17.719219426941624,-19.233610933756992,Namibia,AWB,NOx
1263,24.709399599678566,NAMIBIA_OTJOZONDJUPA_GROOTFONTEIN,18.435300956629483,-19.307687617586755,Namibia,AWB,NOx
1264,18.43155602524916,NAMIBIA_OTJOZONDJUPA_OKAHANDJA,16.668747555463238,-21.83565240672381,Namibia,AWB,NOx
1265,3.555852819419016,NAMIBIA_OTJOZONDJUPA_OKAKARARA,18.334564244255255,-20.38760912604105,Namibia,AWB,NOx
1266,27.523196095353548,NAMIBIA_OTJOZONDJUPA_OMATAKO,17.282520645457858,-21.20096061005428,Namibia,AWB,NOx
1267,38.630977718812055,NAMIBIA_OTJOZONDJUPA_OTAVI,17.328950067683728,-19.86763044479583,Namibia,AWB,NOx
1268,11.886418075229793,NAMIBIA_OTJOZONDJUPA_OTJIWARONGO,16.251829448720684,-20.505042965104394,Namibia,AWB,NOx
1269,33.864675508666984,NAMIBIA_OTJOZONDJUPA_TSUMKWE,19.9533987514376,-19.722419209002222,Namibia,AWB,NOx
1270,9.6564749777214,NAMIBIA_KAVANGO WEST_KAHENGE,18.861763150665734,-18.28861226947196,Namibia,AWB,NOx
1271,8.154835055119317,NAMIBIA_KAVANGO WEST_KAPAKO,19.43557328650503,-18.551716439141092,Namibia,AWB,NOx
1272,20.713655684477718,NAMIBIA_KAVANGO WEST_MPUNGU,18.26159001570929,-18.04481891772234,Namibia,AWB,NOx
1273,14.117608135937212,Buffalo City (BUF),27.598864254477117,-32.94800582792056,SA,AWB,NOx
1274,89.31888976571337,City of Cape Town (CPT),18.594296829494326,-33.892706933725236,SA,AWB,NOx
1275,55.79582048666096,Camdeboo/Ikwezi/Baviaans (EC101),24.089957646273938,-32.8452024220234,SA,AWB,NOx
1276,28.35525707878881,Blue Crane Rout/ie (EC102),25.41308680240521,-32.778160968279536,SA,AWB,NOx
1277,26.006410099289504,Makana (EC104),26.408254634609886,-33.23516631902399,SA,AWB,NOx
1278,8.855170040963458,Ndlambe (EC105),26.743980167056392,-33.52310164874916,SA,AWB,NOx
1279,51.101628615052704,Sundays River Valley (EC106),25.496722441767997,-33.51169278867713,SA,AWB,NOx
1280,23.533979603894032,Kouga (EC108),24.79959562862642,-33.90429867869783,SA,AWB,NOx
1281,26.476843380934234,Kou-Kamma (EC109),24.060086657020488,-33.867609516127736,SA,AWB,NOx
1282,16.88613965454039,Mbhashe (EC121),28.575231014835296,-32.13220971938858,SA,AWB,NOx
1283,17.079123359438878,Mnquma (EC122),28.156661393124235,-32.34546010162823,SA,AWB,NOx
1284,7.177492134679909,Great Kei (EC123),28.009533893856762,-32.65908476816192,SA,AWB,NOx
1285,23.603136641199487,Amahlathi (EC124),27.33351960038348,-32.502457790779154,SA,AWB,NOx
1286,12.959839644310593,Ngqushwa (EC126),27.190552108198407,-33.197883930507096,SA,AWB,NOx
1287,40.565845416671316,Nkonkobe/Nxuba (EC129),26.56395343016319,-32.68648839664744,SA,AWB,NOx
1288,14.963025514685427,Inxuba Yethemba (EC131),25.321553083523288,-31.86297467718648,SA,AWB,NOx
1289,11.311099864544355,Intsika Yethu (EC135),27.65645293007968,-31.967410209741036,SA,AWB,NOx
1290,22.08290436692311,Emalahleni (EC136),27.196289987483134,-31.59599819484559,SA,AWB,NOx
1291,11.891097774483754,Engcobo (EC137),28.091140856688877,-31.681331250222897,SA,AWB,NOx
1292,23.007336163381872,Sakhisizwe (EC138),27.784464653423093,-31.443073463199052,SA,AWB,NOx
1293,44.42987631675641,Tsolwana/Inkwanca/Lukanji (EC139),26.44231171599927,-31.82713277165301,SA,AWB,NOx
1294,44.289412704247226,Elundini (EC141),28.332923728488446,-30.924613490171907,SA,AWB,NOx
1295,25.408567229559377,Senqu (EC142),27.561052438944984,-30.865504121282964,SA,AWB,NOx
1296,26.734475464994855,Maletswai/Gariep (EC145),26.297982166534812,-30.99072562439091,SA,AWB,NOx
1297,12.55247034165066,Ngquza Hill (EC153),29.61936077896737,-31.240526584482595,SA,AWB,NOx
1298,5.524529374174031,Port St Johns (EC154),29.42127994736776,-31.536133432650935,SA,AWB,NOx
1299,8.762559725242816,Nyandeni (EC155),29.06791507221619,-31.593568922888913,SA,AWB,NOx
1300,7.020338774807241,Mhlontlo (EC156),28.77986734009031,-31.200925478397178,SA,AWB,NOx
1301,13.03727947173873,King Sabata Dalindyebo (EC157),28.67245651353882,-31.763159249936695,SA,AWB,NOx
1302,27.44710591323494,Matatiele (EC441),28.799576805046378,-30.346800314394653,SA,AWB,NOx
1303,18.476606936163613,Umzimvubu (EC442),29.024650004658934,-30.77669158331251,SA,AWB,NOx
1304,32.49647081468998,Mbizana (EC443),29.846100390912305,-30.94913834267403,SA,AWB,NOx
1305,6.1502742914770785,Ntabankulu (EC444),29.301335289494258,-30.979143187316314,SA,AWB,NOx
1306,63.29676371905497,Ekurhuleni (EKU),28.312610799006872,-26.19890180039359,SA,AWB,NOx
1307,155.30269376881247,eThekwini (ETH),30.83613967872446,-29.834217800959394,SA,AWB,NOx
1308,314.693031635426,Letsemeng (FS161),25.014921531561004,-29.358108946328255,SA,AWB,NOx
1309,132.99763605596812,Kopanong (FS162),25.64114039286138,-29.975908538082983,SA,AWB,NOx
1310,91.74748142976554,Mohokare (FS163),26.70843376153791,-30.20845860575575,SA,AWB,NOx
1311,270.24865188090104,Masilonyana (FS181),26.617458659326235,-28.631554189395228,SA,AWB,NOx
1312,373.3905713235498,Tokologo (FS182),25.355991999884054,-28.472588777335627,SA,AWB,NOx
1313,552.5577950002817,Tswelopele (FS183),25.931548564559048,-28.066074672660065,SA,AWB,NOx
1314,421.1052116393732,Matjhabeng (FS184),26.91629852178738,-28.044206331040705,SA,AWB,NOx
1315,332.26265505192384,Nala (FS185),26.443501057951472,-27.620085113823276,SA,AWB,NOx
1316,337.52004957117384,Setsoto (FS191),27.611849107223822,-28.597460113677133,SA,AWB,NOx
1317,411.1799095901798,Dihlabeng (FS192),28.293898689286305,-28.362439638603284,SA,AWB,NOx
1318,522.7846339292009,Nketoana (FS193),28.246098639230098,-27.849730288880405,SA,AWB,NOx
1319,129.67462912029958,Maluti a Phofung (FS194),29.025155447117413,-28.332211824313816,SA,AWB,NOx
1320,342.7601953360936,Phumelela (FS195),29.22855332756709,-27.676780478565117,SA,AWB,NOx
1321,155.6248969360738,Mantsopa (FS196),27.217597861072438,-29.135212154732272,SA,AWB,NOx
1322,781.8947876788251,Moqhaka (FS201),27.193724011739675,-27.500952572439758,SA,AWB,NOx
1323,772.6076563883977,Ngwathe (FS203),27.731911356224305,-27.2957570942759,SA,AWB,NOx
1324,175.65462784034412,Metsimaholo (FS204),28.043759146658957,-26.929132626752555,SA,AWB,NOx
1325,419.8894163475653,Mafube (FS205),28.60779443701931,-27.269640781466524,SA,AWB,NOx
1326,48.51703510961497,Emfuleni (GT421),27.78119575062538,-26.628372404139963,SA,AWB,NOx
1327,113.09546119256798,Midvaal (GT422),28.12922429452965,-26.623049056706034,SA,AWB,NOx
1328,128.87642806857613,Lesedi (GT423),28.506672206506963,-26.461472069502342,SA,AWB,NOx
1329,18.944842138408436,Mogale City (GT481),27.683044173467124,-25.9870777312359,SA,AWB,NOx
1330,83.92850738718391,Merafong City (GT484),27.39947301236414,-26.416916316259925,SA,AWB,NOx
1331,70.27136698259727,New (GT485),27.630358282577387,-26.305377895109828,SA,AWB,NOx
1332,18.182554142880345,City of Johannesburg (JHB),27.963520457163874,-26.17673292466971,SA,AWB,NOx
1333,102.62960889070493,Umdoni (KZN212),30.564296422383766,-30.26941215278416,SA,AWB,NOx
1334,18.58192271582146,Umzumbe (KZN213),30.34109349485651,-30.48625213454723,SA,AWB,NOx
1335,66.0391072271431,uMuziwabantu (KZN214),29.876024661538295,-30.631036716984855,SA,AWB,NOx
1336,426.7062118573914,Hibiscus Coast (KZN216),30.256268392679218,-30.777445434896816,SA,AWB,NOx
1337,671.8223808572004,uMshwathi (KZN221),30.57723304743919,-29.382907146378955,SA,AWB,NOx
1338,44.04083223055609,uMngeni (KZN222),30.090331468395576,-29.437893652146563,SA,AWB,NOx
1339,46.87781513346255,Mpofana (KZN223),30.025271395990348,-29.190997264613035,SA,AWB,NOx
1340,19.32301447559837,Impendle (KZN224),29.731276209974812,-29.554937527064798,SA,AWB,NOx
1341,49.56158399213164,The Msunduzi (KZN225),30.265492525577752,-29.670137497352023,SA,AWB,NOx
1342,174.61370033034962,Mkhambathini (KZN226),30.54531080327023,-29.843574776336624,SA,AWB,NOx
1343,100.94776438942793,Richmond (KZN227),30.284544545669366,-29.892451867819272,SA,AWB,NOx
1344,80.25279816300596,Okhahlamba (KZN235),29.316126781081834,-28.755389135601764,SA,AWB,NOx
1345,44.62689318010206,New (KZN237),29.823208639417057,-28.98844294297501,SA,AWB,NOx
1346,33.807992876164775,New (KZN238),29.85903127009922,-28.465502298380606,SA,AWB,NOx
1347,19.883633114308115,Endumeni (KZN241),30.298724252947004,-28.170872262516635,SA,AWB,NOx
1348,10.163220516288124,Nqutu (KZN242),30.738402602971842,-28.3057856426724,SA,AWB,NOx
1349,30.81253969740609,Msinga (KZN244),30.448438956915833,-28.605909275422903,SA,AWB,NOx
1350,98.69054790281847,Umvoti (KZN245),30.674407652928558,-29.025108014344248,SA,AWB,NOx
1351,29.43438807540053,Newcastle (KZN252),29.876255990263406,-27.739276183545844,SA,AWB,NOx
1352,53.23597641758235,Emadlangeni (KZN253),30.321232039938934,-27.617907330365107,SA,AWB,NOx
1353,19.66907059192077,Dannhauser (KZN254),30.002289977265942,-28.021393744339566,SA,AWB,NOx
1354,42.17454518065601,eDumbe (KZN261),30.81062292956855,-27.469617673094547,SA,AWB,NOx
1355,64.62955990743966,uPhongolo (KZN262),31.598159005752375,-27.483608832173115,SA,AWB,NOx
1356,89.47502308884451,Abaqulusi (KZN263),31.05300673776844,-27.8257482171015,SA,AWB,NOx
1357,21.391523664891288,Nongoma (KZN265),31.745560356874247,-27.911780178568517,SA,AWB,NOx
1358,49.17093605893633,Ulundi (KZN266),31.309444916664436,-28.239580055499665,SA,AWB,NOx
1359,27.040640137690698,Umhlabuyalingana (KZN271),32.56381651356431,-27.243472986556462,SA,AWB,NOx
1360,26.58818066265772,Jozini (KZN272),32.14557048188946,-27.36815301488439,SA,AWB,NOx
1361,119.04697727100559,Mtubatuba (KZN275),32.29495200731668,-28.28774563454697,SA,AWB,NOx
1362,147.12294938300624,New (KZN276),32.196439917229256,-28.03451780762441,SA,AWB,NOx
1363,67.00758788757952,Mfolozi (KZN281),32.08205666681106,-28.54943900730811,SA,AWB,NOx
1364,156.05419953116981,uMhlathuze (KZN282),31.879279732627545,-28.731153462649306,SA,AWB,NOx
1365,498.3586221693219,uMlalazi (KZN284),31.444902303281012,-28.904859982322336,SA,AWB,NOx
1366,140.40936068692133,Mthonjaneni (KZN285),31.46989521594373,-28.566641254058112,SA,AWB,NOx
1367,54.03516218627099,Nkandla (KZN286),30.992847475348313,-28.65874298560281,SA,AWB,NOx
1368,231.54924817373112,Mandeni (KZN291),31.467602405876107,-29.12389810299933,SA,AWB,NOx
1369,602.7113405247419,KwaDukuza (KZN292),31.25513058898549,-29.355999737664646,SA,AWB,NOx
1370,321.96393680148094,Ndwedwe (KZN293),30.971145236611328,-29.424489832181724,SA,AWB,NOx
1371,40.74408905478051,Maphumulo (KZN294),31.061676575865707,-29.11112579364772,SA,AWB,NOx
1372,36.717520697330094,Greater Kokstad (KZN433),29.333985724860153,-30.300940129030153,SA,AWB,NOx
1373,16.273403475895797,Ubuhlebezwe (KZN434),30.164623949729094,-30.19252582259694,SA,AWB,NOx
1374,17.102221113397597,Umzimkhulu (KZN435),29.73770155638459,-30.291659472535116,SA,AWB,NOx
1375,35.421353215823466,New (KZN436),29.59925971197213,-29.82995036987778,SA,AWB,NOx
1376,5.510108136754648,Greater Giyani (LIM331),30.899690443403223,-23.363950859740118,SA,AWB,NOx
1377,2.202273341762735,Greater Letaba (LIM332),30.27459722174666,-23.51164855271159,SA,AWB,NOx
1378,4.416970316749967,Greater Tzaneen (LIM333),30.25340441091674,-23.835977770536683,SA,AWB,NOx
1379,16.302169809505962,Ba-Phalaborwa (LIM334),31.191583756193857,-23.776931100454973,SA,AWB,NOx
1380,10.723093729980421,Maruleng (LIM335),30.785641757876952,-24.291507940529854,SA,AWB,NOx
1381,108.5952616711226,Musina (LIM341),30.05077110077547,-22.452444078436113,SA,AWB,NOx
1382,4.170340349281237,Thulamela (LIM343),30.555384649799517,-22.785680862120937,SA,AWB,NOx
1383,36.983591020588484,Makhado (LIM344),29.7486767332841,-22.99957537797423,SA,AWB,NOx
1384,6.286608416899456,New (LIM345),30.973389530004273,-22.98859241312989,SA,AWB,NOx
1385,52.281135454047536,Blouberg (LIM351),28.75025951576327,-22.96754705620071,SA,AWB,NOx
1386,10.179638573302165,Molemole (LIM353),29.53603926457335,-23.498363807532403,SA,AWB,NOx
1387,31.99141801080303,Polokwane (LIM354),29.382116648858307,-23.8911198474484,SA,AWB,NOx
1388,13.336730657545683,Lepele-Nkumpi (LIM355),29.706098724754902,-24.26602472477329,SA,AWB,NOx
1389,100.17359457406842,Thabazimbi (LIM361),27.18648986644449,-24.54368940298091,SA,AWB,NOx
1390,93.47637548450263,Lephalale (LIM362),27.797673264901547,-23.67621029455612,SA,AWB,NOx
1391,72.18462797636067,Bela-Bela (LIM366),28.27202559364255,-24.9540355998598,SA,AWB,NOx
1392,43.59325043015979,Mogalakwena (LIM367),28.693646429401138,-23.846776659349114,SA,AWB,NOx
1393,147.7608169431724,Modimolle/Mookgophong (LIM368),28.554318378198634,-24.50378204783512,SA,AWB,NOx
1394,19.00047285151084,Ephraim Mogale (LIM471),29.336691696763047,-24.90184812517883,SA,AWB,NOx
1395,72.02445398384747,Elias Motsoaledi (LIM472),29.56162199731176,-25.195958709787416,SA,AWB,NOx
1396,5.781539753883342,Makhuduthamaga (LIM473),29.77376805671483,-24.72156702551684,SA,AWB,NOx
1397,41.02375362788878,Greater Tubatse/Fetakgomo (LIM476),30.220512409351578,-24.60034155788023,SA,AWB,NOx
1398,296.7885592626045,Mangaung (MAN),26.50052991738285,-29.331493385874897,SA,AWB,NOx
1399,143.26029683566762,Chief Albert Luthuli (MP301),30.486023915525898,-26.055659215342654,SA,AWB,NOx
1400,249.35948046160672,Msukaligwa (MP302),30.12962179212915,-26.468179957263942,SA,AWB,NOx
1401,153.02700723834005,Mkhondo (MP303),30.704664805360647,-26.99281043647496,SA,AWB,NOx
1402,194.4068355443919,Dr Pixley Ka Isaka Seme (MP304),29.955868602689744,-27.12849724731941,SA,AWB,NOx
1403,369.89879313923245,Lekwa (MP305),29.35167338257744,-26.879837519268875,SA,AWB,NOx
1404,233.2336989621947,Dipaleseng (MP306),28.641164057979545,-26.781729068806687,SA,AWB,NOx
1405,210.6175817213541,Govan Mbeki (MP307),29.19601841151445,-26.46697143683172,SA,AWB,NOx
1406,180.28943801229536,Victor Khanye (MP311),28.768849144433155,-26.132617697943477,SA,AWB,NOx
1407,229.34837651782206,Emalahleni (MP312),29.162096257324418,-26.01795048880191,SA,AWB,NOx
1408,408.37449362626387,Steve Tshwete (MP313),29.551938218276963,-25.836944103856947,SA,AWB,NOx
1409,140.75094359133476,Emakhazeni (MP314),30.106821848663742,-25.596921237314394,SA,AWB,NOx
1410,34.735004596941465,Thembisile (MP315),28.95192824101233,-25.470336038962238,SA,AWB,NOx
1411,6.064008976755212,Dr JS Moroka (MP316),28.801472347773178,-25.103882758045668,SA,AWB,NOx
1412,32.651953392282316,Thaba Chweu (MP321),30.57153056410513,-25.064888911517013,SA,AWB,NOx
1413,182.88953710562828,Nkomazi (MP324),31.730184896139622,-25.502441880044394,SA,AWB,NOx
1414,14.864793918385947,Bushbuckridge (MP325),31.524554777444788,-24.556740864902537,SA,AWB,NOx
1415,102.38450835345854,Mbombela/Umjindi (MP326),31.096583710647025,-25.432684098533255,SA,AWB,NOx
1416,1.0795350713037457,Richtersveld (NC061),17.059551072172134,-28.768234043160607,SA,AWB,NOx
1417,2.6503299343487,Nama Khoi (NC062),17.91494133561911,-29.45640456833637,SA,AWB,NOx
1418,23.255922018717435,Kamiesberg (NC064),18.13015961792784,-30.375500419763604,SA,AWB,NOx
1419,86.81781559434998,Hantam (NC065),19.96076903840225,-30.97326387632367,SA,AWB,NOx
1420,63.84694808913987,Karoo Hoogland (NC066),21.045367164738153,-31.72866537697112,SA,AWB,NOx
1421,0.14711379885463322,Khâi-Ma (NC067),19.26135370838769,-29.537786385108184,SA,AWB,NOx
1422,85.9534884108042,Ubuntu (NC071),23.13370561544698,-31.37353482138949,SA,AWB,NOx
1423,7.625480035093655,Umsobomvu (NC072),25.04764999855825,-30.848177029851588,SA,AWB,NOx
1424,44.62669221641057,Emthanjeni (NC073),23.85840547035036,-30.67860320584649,SA,AWB,NOx
1425,20.352873291027688,Kareeberg (NC074),22.13482818835018,-30.54560022973702,SA,AWB,NOx
1426,26.320324227443248,Renosterberg (NC075),24.450629664298948,-30.255674893884255,SA,AWB,NOx
1427,29.593327788802224,Thembelihle (NC076),23.765002948711334,-29.708430373289627,SA,AWB,NOx
1428,34.18096825907332,Siyathemba (NC077),22.5520117599244,-29.633449473297446,SA,AWB,NOx
1429,45.47042140007389,Siyancuma (NC078),23.368135189529266,-28.983648115956267,SA,AWB,NOx
1430,19.215741096828634,Kai !Garib (NC082),20.415779221325927,-28.968415397154022,SA,AWB,NOx
1431,8.648496999515311,!Kheis (NC084),21.603495266524188,-29.232655553883756,SA,AWB,NOx
1432,4.486578339869829,Tsantsabane (NC085),22.553384843403045,-28.038581659653413,SA,AWB,NOx
1433,1.3248090405670216,Kgatelopele (NC086),23.63233217640869,-28.217463600827454,SA,AWB,NOx
1434,12.009483485149724,//Khara Hais/Mier (NC087),20.833021354286817,-27.068953107729545,SA,AWB,NOx
1435,7.840754206849551,Sol Plaatjie (NC091),24.514285167088513,-28.743361921797487,SA,AWB,NOx
1436,9.628746639133265,Dikgatlong (NC092),24.192269532669194,-28.193349409504034,SA,AWB,NOx
1437,35.11994063598103,Magareng (NC093),24.780465069795653,-28.167755341807677,SA,AWB,NOx
1438,36.98672035182766,Phokwane (NC094),24.808908824292622,-27.795177260115924,SA,AWB,NOx
1439,23.396235057487935,Joe Morolong (NC451),22.937720996816267,-26.838253106736673,SA,AWB,NOx
1440,1.1757329839141035,Ga-Segonyana (NC452),23.560536877064965,-27.622586314678973,SA,AWB,NOx
1441,0.7224850406940436,Gamagara (NC453),22.99607417546456,-27.643424226884566,SA,AWB,NOx
1442,6.9266506889843145,Nelson Mandela Bay (NMA),25.492325010511415,-33.804018235171306,SA,AWB,NOx
1443,13.355144292881974,Moretele (NW371),28.03908368696291,-25.176894569186302,SA,AWB,NOx
1444,48.810856879526014,Local Municipality of Madibeng (NW372),27.73365092436683,-25.441079324120807,SA,AWB,NOx
1445,52.29419424218529,Rustenburg (NW373),27.331450416242784,-25.66090837141418,SA,AWB,NOx
1446,129.73320023121934,Kgetlengrivier (NW374),26.864344191252787,-25.72345587170004,SA,AWB,NOx
1447,38.06390958015967,Moses Kotane (NW375),26.866123855951283,-25.13362782615747,SA,AWB,NOx
1448,106.56603798697876,Ratlou (NW381),25.063605925319113,-26.08201587807829,SA,AWB,NOx
1449,259.8747377070847,Tswaing (NW382),25.66098471544643,-26.615774445678632,SA,AWB,NOx
1450,66.33195571271703,Mafikeng (NW383),25.672832054041375,-25.886091780262618,SA,AWB,NOx
1451,397.31028541300714,Ditsobotla (NW384),26.239308215127412,-26.115261364090596,SA,AWB,NOx
1452,76.77680706391212,Ramotshere Moiloa (NW385),26.123471368618137,-25.218995566189637,SA,AWB,NOx
1453,247.42929644593977,Naledi (NW392),24.79527413051862,-26.86329306541285,SA,AWB,NOx
1454,316.91389997859415,Mamusa (NW393),25.277113001282956,-27.22305181117706,SA,AWB,NOx
1455,12.755545877204744,Greater Taung (NW394),24.439135473722978,-27.502819297224146,SA,AWB,NOx
1456,177.22506993226145,Lekwa-Teemane (NW396),25.32923774851763,-27.63922701964027,SA,AWB,NOx
1457,585.6047537959681,Kagisano/Molopo (NW397),23.765026014343153,-26.118051281941728,SA,AWB,NOx
1458,259.01252902508395,City of Matlosana (NW403),26.488149960518996,-26.811358748287205,SA,AWB,NOx
1459,260.3353095639858,Maquassi Hills (NW404),26.033886103084164,-27.23835835490209,SA,AWB,NOx
1460,563.6865075661557,Ventersdorp/Tlokwe (NW405),27.004510453933847,-26.488692826418728,SA,AWB,NOx
1461,126.86237419090158,City of Tshwane (TSH),28.443433217250625,-25.659851428790624,SA,AWB,NOx
1462,102.54640509189754,Matzikama (WC011),18.499074499468698,-31.255840123869305,SA,AWB,NOx
1463,109.95565103168948,Cederberg (WC012),18.924252686680997,-32.25674181208767,SA,AWB,NOx
1464,341.33724365507015,Bergrivier (WC013),18.672795192444063,-32.787492869446815,SA,AWB,NOx
1465,114.50594063803759,Saldanha Bay (WC014),18.176134163611852,-33.010183399822495,SA,AWB,NOx
1466,495.72785110489826,Swartland (WC015),18.620246203734677,-33.30973980958506,SA,AWB,NOx
1467,63.45491302793024,Witzenberg (WC022),19.68890243028827,-32.94978723975034,SA,AWB,NOx
1468,80.01327292854384,Drakenstein (WC023),19.003058669393468,-33.596786916383564,SA,AWB,NOx
1469,14.191625633421177,Stellenbosch (WC024),18.944796363106693,-33.926035417528176,SA,AWB,NOx
1470,36.33384455277387,Breede Valley (WC025),19.699592583285963,-33.571874326586304,SA,AWB,NOx
1471,31.76712944726223,Langeberg (WC026),20.05499702391179,-33.78591943557983,SA,AWB,NOx
1472,113.0179669463254,Theewaterskloof (WC031),19.436205803645056,-34.161235777032985,SA,AWB,NOx
1473,17.449000166361007,Overstrand (WC032),19.376341302447013,-34.476351826606134,SA,AWB,NOx
1474,103.50632481981707,Cape Agulhas (WC033),20.05759261209885,-34.49792816727761,SA,AWB,NOx
1475,90.41469728118375,Swellendam (WC034),20.508876422488118,-34.03689398202183,SA,AWB,NOx
1476,11.10518169206781,Kannaland (WC041),21.318929071812132,-33.60348228547038,SA,AWB,NOx
1477,191.61270256446033,Hessequa (WC042),21.227498281104747,-34.13450499418741,SA,AWB,NOx
1478,52.43699011149448,Mossel Bay (WC043),21.94268858486633,-34.04142256573831,SA,AWB,NOx
1479,18.966241280610703,George (WC044),22.93003160882857,-33.695282456579825,SA,AWB,NOx
1480,14.652779211541976,Oudtshoorn (WC045),22.22097775698059,-33.59287178340578,SA,AWB,NOx
1481,2.377090900956787,Bitou (WC047),23.407081210262664,-33.937355597794785,SA,AWB,NOx
1482,1.070679300756512,Knysna (WC048),22.984307307129328,-33.94604481371343,SA,AWB,NOx
1483,17.842240975861213,Laingsburg (WC051),20.966020283495638,-33.10361314083431,SA,AWB,NOx
1484,3.796171005265562,Prince Albert (WC052),22.130117608349714,-33.05111998769453,SA,AWB,NOx
1485,55.29784435595788,Beaufort West (WC053),22.746542364789725,-32.27710950336613,SA,AWB,NOx
1486,2.564320778864082,Timphisini,31.427527777467557,-25.77919829327425,swz,AWB,NOx
1487,4.866692846660979,Ntfonjeni,31.343619162235765,-25.829286995179224,swz,AWB,NOx
1488,5.660426301742765,Mayiwane,31.509506281238203,-25.861738695993047,swz,AWB,NOx
1489,12.784245943131644,Mhlangatane,31.621950825737503,-25.939695519246623,swz,AWB,NOx
1490,12.96265462721692,Ndzingeni,31.43455167846427,-26.004089857679194,swz,AWB,NOx
1491,12.196290378137547,Madlangempisi,31.567436769117936,-26.099284349171477,swz,AWB,NOx
1492,79.5893158373699,Maphalaleni,31.365091924296856,-26.197321168361256,swz,AWB,NOx
1493,17.188891539639787,Pigg's Peak,31.25696321866851,-25.964805122665727,swz,AWB,NOx
1494,66.30448372344574,Nkhaba,31.143956798528553,-26.137239773416546,swz,AWB,NOx
1495,37.547797720554435,Motjane,31.02818299839431,-26.30685187288155,swz,AWB,NOx
1496,4.226827895151596,Mbabane West,31.107872683509882,-26.336291548391436,swz,AWB,NOx
1497,4.431297976524855,Mbabane East,31.141081832025073,-26.3027236876315,swz,AWB,NOx
1498,25.821327783782166,Hhukwini,31.222081322674427,-26.32065034848908,swz,AWB,NOx
1499,8.50458017785066,Lobamba,31.181490419840365,-26.413527114735945,swz,AWB,NOx
1500,20.40220000644516,Mkhiweni,31.577441575897375,-26.29070166832214,swz,AWB,NOx
1501,23.87843786136227,Kukhanyeni,31.41051368673318,-26.3747085735696,swz,AWB,NOx
1502,13.314419972547892,Mafutseni,31.523011856624002,-26.45582801367826,swz,AWB,NOx
1503,17.91385065098177,Mthongwaneni,31.501356709255482,-26.569704960391807,swz,AWB,NOx
1504,6.39391112161329,Manzini North,31.394419676034722,-26.481334398718516,swz,AWB,NOx
1505,1.3308202512408533,Manzini South,31.36837555950807,-26.520560596292356,swz,AWB,NOx
1506,2.901272942044777,Kwaluseni,31.31330758484104,-26.500651000600236,swz,AWB,NOx
1507,30.68402026920958,Ludzeludze,31.317859732245438,-26.394848493062067,swz,AWB,NOx
1508,9.147638099333902,Lobamba Lomdzala,31.21153822321666,-26.525643141694285,swz,AWB,NOx
1509,31.99254177355796,Nhlambeni,31.408562511847816,-26.630530181944778,swz,AWB,NOx
1510,29.318516314688015,Ntondozi,31.255721117118,-26.631017055506103,swz,AWB,NOx
1511,8.544884163705914,La-Mgabhi,31.070807855360105,-26.564658624068162,swz,AWB,NOx
1512,23.724551022957474,Mhlambanyatsi,30.98674877164096,-26.450529398348344,swz,AWB,NOx
1513,6.795990139075446,Mangcongco,30.884645646846423,-26.578126273491335,swz,AWB,NOx
1514,79.00678875931128,Ngwempisi,31.004022599726948,-26.710945657075314,swz,AWB,NOx
1515,102.56871940516191,Mahlangatsha,31.228735687622677,-26.771547360075047,swz,AWB,NOx
1516,37.80066974929233,Kubuta,31.452603410394964,-26.829896157699594,swz,AWB,NOx
1517,41.89758401387929,Nkwene,31.25402793120817,-26.88316670443372,swz,AWB,NOx
1518,49.82155941480618,Mtsambama,31.385175952460738,-26.957586651949224,swz,AWB,NOx
1519,118.71610329561382,Gege,31.04308782697033,-26.922942294717792,swz,AWB,NOx
1520,26.325551093582845,Mbangweni,31.250469017568943,-27.053399828647212,swz,AWB,NOx
1521,21.524269790684663,Maseyisini,31.162763105989555,-27.134686006761925,swz,AWB,NOx
1522,29.987810869599734,Sandleni,31.429835958875884,-27.064513697748147,swz,AWB,NOx
1523,12.551848641553235,Ngudzeni,31.543105154501283,-27.034785219989786,swz,AWB,NOx
1524,3.4758087220370664,Zombodze,31.334568927601403,-27.200313835720486,swz,AWB,NOx
1525,50.60558489145829,Shiselweni,31.49631059380805,-27.253953663192778,swz,AWB,NOx
1526,45.704151355476085,Hosea,31.53433592419686,-27.16191857513413,swz,AWB,NOx
1527,17.395024973589443,Sigwe,31.6594023333631,-27.07259114844248,swz,AWB,NOx
1528,61.73748584654034,Matsanjeni South,31.724633678774154,-27.216897918466156,swz,AWB,NOx
1529,52.777955712887056,Somntongo,31.88647265075323,-27.224260883938804,swz,AWB,NOx
1530,54.98600705842936,Lubuli,31.871656751031274,-27.032830900051994,swz,AWB,NOx
1531,60.69633066408253,Sithobela,31.655947353909568,-26.867080532878518,swz,AWB,NOx
1532,38.907909057913926,Nkilongo,31.89239374698797,-26.83443092667109,swz,AWB,NOx
1533,38.69488047072122,Siphofaneni,31.66300159138905,-26.6791978798675,swz,AWB,NOx
1534,25.862223132312497,Mpolonjeni,31.874527778817235,-26.583288999847156,swz,AWB,NOx
1535,7.977731061161485,Matsanjeni North,32.071056369994956,-26.659618839604153,swz,AWB,NOx
1536,16.66694989787899,Lugongolweni,32.01662145780792,-26.34892589847767,swz,AWB,NOx
1537,31.228606379268832,Dvokodvweni,31.74874438011335,-26.450224696421593,swz,AWB,NOx
1538,15.261254588723961,Hlane,31.805244033997365,-26.296408623452134,swz,AWB,NOx
1539,22.174459693434486,Mhlume,31.808997857429535,-26.10217970032939,swz,AWB,NOx
1540,2.4931594833334425,Lomahasha,32.003415605057185,-26.06346037693349,swz,AWB,NOx
1541,59.63014191375106,ZAMBIA_CENTRAL_CHIBOMBO_CHISAMBA,28.5661943716429,-14.846792545063325,Zambia,AWB,NOx
1542,8.374208481849728,ZAMBIA_CENTRAL_CHIBOMBO_KATUBA,27.98219959351392,-15.171132204750865,Zambia,AWB,NOx
1543,116.72180339322085,ZAMBIA_CENTRAL_CHIBOMBO_KEEMBE,27.6736546747429,-14.727345017193953,Zambia,AWB,NOx
1544,27.90694057240116,ZAMBIA_CENTRAL_KABWE_BWACHA,28.341941228042526,-14.476746683885342,Zambia,AWB,NOx
1545,3.908922588116641,ZAMBIA_CENTRAL_KABWE_KABWE CENTRAL,28.516948134035072,-14.407877676196723,Zambia,AWB,NOx
1546,360.6226796433119,ZAMBIA_CENTRAL_KAPIRI MPOSHI_KAPIRI MPOSHI,28.102119922151484,-14.120700762098181,Zambia,AWB,NOx
1547,142.9335592224552,ZAMBIA_CENTRAL_MKUSHI_MKUSHI NORTH,29.469436639963092,-13.730329792225124,Zambia,AWB,NOx
1548,121.974409181118,ZAMBIA_CENTRAL_MKUSHI_MKUSHI SOUTH,29.569217404421003,-14.436411331188475,Zambia,AWB,NOx
1549,113.16616492580113,ZAMBIA_CENTRAL_MUMBWA_MUMBWA,26.364188448292417,-14.900633988434736,Zambia,AWB,NOx
1550,5.253628213424621,ZAMBIA_CENTRAL_MUMBWA_MWEMBESHI,27.701977895362777,-15.40446287674476,Zambia,AWB,NOx
1551,18.771800890562787,ZAMBIA_CENTRAL_MUMBWA_NANGOMA,27.306575058954532,-15.258227671528992,Zambia,AWB,NOx
1552,47.63868321556755,ZAMBIA_CENTRAL_SERENJE_CHITAMBO,30.253472648282777,-12.560317914404294,Zambia,AWB,NOx
1553,90.86346708545567,ZAMBIA_CENTRAL_SERENJE_MUCHINGA,30.687809502617156,-13.471349520459055,Zambia,AWB,NOx
1554,42.97835736668456,ZAMBIA_CENTRAL_SERENJE_SERENJE,30.10589973967512,-13.040469573298045,Zambia,AWB,NOx
1555,7.765101855319485,ZAMBIA_COPPERBELT_CHILILABOMBWE_CHILILABOMBWE,27.81464871496207,-12.361165489706172,Zambia,AWB,NOx
1556,10.298626044679038,ZAMBIA_COPPERBELT_CHINGOLA_CHINGOLA,27.669026385939425,-12.505121590267066,Zambia,AWB,NOx
1557,1.22715444592985,ZAMBIA_COPPERBELT_CHINGOLA_NCHANGA,27.97081023345629,-12.528814058526129,Zambia,AWB,NOx
1558,8.014223388127105,ZAMBIA_COPPERBELT_KALULUSHI_KALULUSHI,27.96391886764875,-12.770501908865587,Zambia,AWB,NOx
1559,1.119979650257603,ZAMBIA_COPPERBELT_KITWE_CHIMWEMWE,28.18492901942876,-12.717092029024544,Zambia,AWB,NOx
1560,0.8215964768713361,ZAMBIA_COPPERBELT_KITWE_KAMFINSA,28.35330783309189,-12.8095822567081,Zambia,AWB,NOx
1561,0.9954040683612146,ZAMBIA_COPPERBELT_KITWE_KWACHA,28.302830727693767,-12.77594738834159,Zambia,AWB,NOx
1562,0.5244235861908416,ZAMBIA_COPPERBELT_KITWE_NKANA,28.16694032204235,-12.811008579347963,Zambia,AWB,NOx
1563,1.2619846313568959,ZAMBIA_COPPERBELT_KITWE_WUSAKILE,28.222488074533018,-12.92465702761479,Zambia,AWB,NOx
1564,3.1879926348039334,ZAMBIA_COPPERBELT_LUANSHYA_LUANSHYA,28.46004980991987,-13.107078377377691,Zambia,AWB,NOx
1565,5.173002723676951,ZAMBIA_COPPERBELT_LUANSHYA_ROAN,28.303596506825578,-13.06750066483788,Zambia,AWB,NOx
1566,52.22249592633265,ZAMBIA_COPPERBELT_LUFWANYAMA_LUFWANYAMA,27.47764081880377,-12.975834907523659,Zambia,AWB,NOx
1567,13.802292635292197,ZAMBIA_COPPERBELT_MASAITI_KAFULAFUTA,28.808078308441427,-13.326356335242059,Zambia,AWB,NOx
1568,17.588811229835684,ZAMBIA_COPPERBELT_MASAITI_MASAITI,28.553011385110448,-13.359027007303364,Zambia,AWB,NOx
1569,59.785371478236726,ZAMBIA_COPPERBELT_MPONGWE_MPONGWE,27.790650304373813,-13.595789579892758,Zambia,AWB,NOx
1570,3.134687835238152,ZAMBIA_COPPERBELT_MUFULIRA_KANKOYO,28.155127636110944,-12.495158993380908,Zambia,AWB,NOx
1571,3.093282449846942,ZAMBIA_COPPERBELT_MUFULIRA_KANTANSHI,28.326104841902225,-12.506850254258554,Zambia,AWB,NOx
1572,4.375060361631243,ZAMBIA_COPPERBELT_MUFULIRA_MUFULIRA,28.338024388673514,-12.6431226302504,Zambia,AWB,NOx
1573,3.6130195407660057,ZAMBIA_COPPERBELT_NDOLA_BWANA MKUBWA,28.64549902864361,-13.056256733012118,Zambia,AWB,NOx
1574,0.27434081256320286,ZAMBIA_COPPERBELT_NDOLA_CHIFUBU,28.60823451656592,-12.89879660397216,Zambia,AWB,NOx
1575,0.04380804970632344,ZAMBIA_COPPERBELT_NDOLA_KABUSHI,28.627156043953665,-13.001741922109233,Zambia,AWB,NOx
1576,2.7650879751766597,ZAMBIA_COPPERBELT_NDOLA_NDOLA,28.49890269696238,-12.901589820311179,Zambia,AWB,NOx
1577,17.599637617059916,ZAMBIA_EASTERN_CHADIZA_CHADIZA,32.39627549044243,-14.079002215254139,Zambia,AWB,NOx
1578,108.28399108590715,ZAMBIA_EASTERN_CHADIZA_VUBWI,32.76493860383449,-14.052840040124526,Zambia,AWB,NOx
1579,71.30762600369941,ZAMBIA_EASTERN_CHIPATA_CHIPANGALI,32.638200923536886,-13.30842953137994,Zambia,AWB,NOx
1580,14.706959171251976,ZAMBIA_EASTERN_CHIPATA_CHIPATA,32.60383734056898,-13.637216206455038,Zambia,AWB,NOx
1581,13.557645899091348,ZAMBIA_EASTERN_CHIPATA_KASENENGWA,32.26713323087467,-13.669423091567161,Zambia,AWB,NOx
1582,26.52565715164474,ZAMBIA_EASTERN_CHIPATA_LUANGENI,32.605070390811335,-13.843705990807868,Zambia,AWB,NOx
1583,19.31939369132395,ZAMBIA_EASTERN_KATETE_MILANZI,32.16528245031478,-14.1891307534823,Zambia,AWB,NOx
1584,17.106709905381226,ZAMBIA_EASTERN_KATETE_MKAIKA,31.9768863225823,-13.972148532747518,Zambia,AWB,NOx
1585,12.010940130269272,ZAMBIA_EASTERN_KATETE_SINDA,31.73979584134408,-14.178052121693852,Zambia,AWB,NOx
1586,27.16961653691976,ZAMBIA_EASTERN_LUNDAZI_CHASEFU,33.05328766635874,-11.996456926575963,Zambia,AWB,NOx
1587,254.29342847717484,ZAMBIA_EASTERN_LUNDAZI_LUMEZI,32.5895037879343,-12.649881756316528,Zambia,AWB,NOx
1588,53.040300350027636,ZAMBIA_EASTERN_LUNDAZI_LUNDAZI,33.2259898380257,-12.406307107286958,Zambia,AWB,NOx
1589,81.14028128034546,ZAMBIA_EASTERN_MAMBWE_MALAMBO,31.981789689929077,-13.346646229523834,Zambia,AWB,NOx
1590,170.58897534181125,ZAMBIA_EASTERN_NYIMBA_NYIMBA,30.58228012538245,-14.399411197527083,Zambia,AWB,NOx
1591,19.32508437553803,ZAMBIA_EASTERN_PETAUKE_KAPOCHE,31.494550896982194,-14.472461671217527,Zambia,AWB,NOx
1592,9.432145571534525,ZAMBIA_EASTERN_PETAUKE_MSANZALA,31.295942721648927,-14.317042186360203,Zambia,AWB,NOx
1593,34.64424199799645,ZAMBIA_EASTERN_PETAUKE_PETAUKE,31.395540922703685,-13.831094629172307,Zambia,AWB,NOx
1594,24.41853659751947,ZAMBIA_LUAPULA_CHIENGE_CHIENGE,29.126088992773784,-8.743468946806065,Zambia,AWB,NOx
1595,17.183304388306734,ZAMBIA_LUAPULA_KAWAMBWA_KAWAMBWA,29.075760100164228,-9.771943441852208,Zambia,AWB,NOx
1596,6.431887187489639,ZAMBIA_LUAPULA_KAWAMBWA_MWANSABOMBWE,28.789708265128425,-9.924894823988827,Zambia,AWB,NOx
1597,35.65675418953662,ZAMBIA_LUAPULA_KAWAMBWA_PAMBASHE,29.50887712310463,-9.839951270716938,Zambia,AWB,NOx
1598,38.30414268712445,ZAMBIA_LUAPULA_MANSA_BAHATI,28.96351540414113,-11.185629960923388,Zambia,AWB,NOx
1599,35.49982250697601,ZAMBIA_LUAPULA_MANSA_MANSA,28.819764023233848,-11.47139263102599,Zambia,AWB,NOx
1600,35.826889819060256,ZAMBIA_LUAPULA_MILENGE_CHEMBE,29.17293034277804,-11.937612639540122,Zambia,AWB,NOx
1601,34.81854255733978,ZAMBIA_LUAPULA_MWENSE_CHIPILI,29.127537230682734,-10.416802146820574,Zambia,AWB,NOx
1602,10.556661209840932,ZAMBIA_LUAPULA_MWENSE_MAMBILIMA,28.708979324819012,-10.72243901358301,Zambia,AWB,NOx
1603,5.28171936679799,ZAMBIA_LUAPULA_MWENSE_MWENSE,28.704288885428422,-10.233840547996117,Zambia,AWB,NOx
1604,15.156747192879077,ZAMBIA_LUAPULA_NCHELENGE_NCHELENGE,28.799279562604337,-9.357480292222682,Zambia,AWB,NOx
1605,20.796962120133838,ZAMBIA_LUAPULA_SAMFYA_BANGEULU,29.625015084138838,-11.781064127014634,Zambia,AWB,NOx
1606,17.20598521410682,ZAMBIA_LUAPULA_SAMFYA_CHIFUNABULI,29.66126127594006,-11.049808045494856,Zambia,AWB,NOx
1607,12.874214654964323,ZAMBIA_LUAPULA_SAMFYA_LUAPULA,30.081224160051487,-11.57555382096848,Zambia,AWB,NOx
1608,18.211121843161077,ZAMBIA_LUSAKA_CHONGWE_CHONGWE,28.62232043220776,-15.375229425875759,Zambia,AWB,NOx
1609,111.66455194878951,ZAMBIA_LUSAKA_CHONGWE_RUFUNSA,29.502907057767036,-15.155837602230632,Zambia,AWB,NOx
1610,19.88436309172525,ZAMBIA_LUSAKA_KAFUE_CHILANGA,28.066936325812314,-15.44535490638688,Zambia,AWB,NOx
1611,80.0072667495699,ZAMBIA_LUSAKA_KAFUE_KAFUE,28.633553227376076,-15.719700213855967,Zambia,AWB,NOx
1612,7.819934653051857,ZAMBIA_LUSAKA_LUANGWA_FEIRA,30.001466666180438,-15.436979115223238,Zambia,AWB,NOx
1613,2.2131100801874055,ZAMBIA_LUSAKA_LUSAKA_CHAWAMA,28.277892786058786,-15.494825189970678,Zambia,AWB,NOx
1614,2.549348204596972,ZAMBIA_LUSAKA_LUSAKA_KABWATA,28.313576899992587,-15.469141457864835,Zambia,AWB,NOx
1615,3.215286756531027,ZAMBIA_LUSAKA_LUSAKA_KANYAMA,28.241833786918246,-15.448835877623589,Zambia,AWB,NOx
1616,3.109016187853572,ZAMBIA_LUSAKA_LUSAKA_LUSAKA CENTRAL,28.385718227507034,-15.443614423440085,Zambia,AWB,NOx
1617,0.3212823389248942,ZAMBIA_LUSAKA_LUSAKA_MANDEVU,28.30690375089146,-15.355502657994798,Zambia,AWB,NOx
1618,0.15610317662067602,ZAMBIA_LUSAKA_LUSAKA_MATERO,28.24892453686191,-15.368176359794754,Zambia,AWB,NOx
1619,0.783884033928713,ZAMBIA_LUSAKA_LUSAKA_MUNALI,28.36012897447861,-15.383652678329005,Zambia,AWB,NOx
1620,48.84237532377886,ZAMBIA_MUCHINGA_CHAMA_CHAMA NORTH,32.81643744468033,-10.880583533092976,Zambia,AWB,NOx
1621,19.166839916580635,ZAMBIA_MUCHINGA_CHAMA_CHAMA SOUTH,32.78471054140707,-11.6247965412926,Zambia,AWB,NOx
1622,36.46150725614375,ZAMBIA_MUCHINGA_CHINSALI_CHINSALI,32.20205651587303,-10.323776635389398,Zambia,AWB,NOx
1623,55.21328588151721,ZAMBIA_MUCHINGA_CHINSALI_SHIWANGANDU,31.721073704369985,-11.018271642196154,Zambia,AWB,NOx
1624,41.745852598771485,ZAMBIA_MUCHINGA_ISOKA_ISOKA,32.83157916201906,-10.015458694518209,Zambia,AWB,NOx
1625,85.05001113816942,ZAMBIA_MUCHINGA_MAFINGA_MAFINGA,33.320064435132885,-10.350038785725467,Zambia,AWB,NOx
1626,67.31358328484049,ZAMBIA_MUCHINGA_MPIKA_KANCHIBIYA,30.767597782864076,-11.793121981043948,Zambia,AWB,NOx
1627,35.45732237199479,ZAMBIA_MUCHINGA_MPIKA_MFUWE,31.68140990235467,-12.460736570531072,Zambia,AWB,NOx
1628,35.548356097239925,ZAMBIA_MUCHINGA_MPIKA_MPIKA,31.600995341696276,-11.82141862258269,Zambia,AWB,NOx
1629,107.92878539982651,ZAMBIA_MUCHINGA_NAKONDE_NAKONDE,32.59445867875421,-9.48933692360338,Zambia,AWB,NOx
1630,7.948274042790569,ZAMBIA_NORTH-WESTERN_CHAVUMA_CHAVUMA,22.42573267284074,-13.22307607264871,Zambia,AWB,NOx
1631,16.899939111289793,ZAMBIA_NORTH-WESTERN_IKELENGE_IKELENGE,24.265566159411794,-11.264693559055068,Zambia,AWB,NOx
1632,19.734370546645625,ZAMBIA_NORTH-WESTERN_KABOMPO_KABOMPO EAST,24.333259981075226,-13.000787615759398,Zambia,AWB,NOx
1633,14.67962816096922,ZAMBIA_NORTH-WESTERN_KABOMPO_KABOMPO WEST,23.967433420364337,-13.543246354862898,Zambia,AWB,NOx
1634,51.16186964056855,ZAMBIA_NORTH-WESTERN_KASEMPA_KASEMPA,26.225215837797798,-13.697546089000006,Zambia,AWB,NOx
1635,72.86604147153004,ZAMBIA_NORTH-WESTERN_MUFUMBWE_MUFUMBWE,25.222580629080518,-13.82667330878823,Zambia,AWB,NOx
1636,79.86528306190272,ZAMBIA_NORTH-WESTERN_MWINILUNGA_MWINILUNGA,24.66864327756739,-12.00169258239465,Zambia,AWB,NOx
1637,14.84981408408553,ZAMBIA_NORTH-WESTERN_SOLWEZI_SOLWEZI CENTRAL,26.44180853806062,-12.23351559486465,Zambia,AWB,NOx
1638,29.93545977326883,ZAMBIA_NORTH-WESTERN_SOLWEZI_SOLWEZI EAST,26.924860431725694,-12.47471580400728,Zambia,AWB,NOx
1639,50.443109270951815,ZAMBIA_NORTH-WESTERN_SOLWEZI_SOLWEZI WEST,25.64177287198704,-12.432625474734706,Zambia,AWB,NOx
1640,16.032475396520983,ZAMBIA_NORTH-WESTERN_ZAMBEZI_ZAMBEZI EAST,23.352098742368717,-13.506899960265104,Zambia,AWB,NOx
1641,15.06066189462279,ZAMBIA_NORTH-WESTERN_ZAMBEZI_ZAMBEZI WEST,22.68845582256741,-13.661697661175266,Zambia,AWB,NOx
1642,16.51444458676679,ZAMBIA_NORTHERN_CHILUBI_CHILUBI,30.23872612353324,-11.097573495570215,Zambia,AWB,NOx
1643,26.93688096156047,ZAMBIA_NORTHERN_KAPUTA_CHIMBAMILONGA,30.119408096016002,-8.840847206858331,Zambia,AWB,NOx
1644,19.94235548114423,ZAMBIA_NORTHERN_KAPUTA_KAPUTA,29.670380201705797,-8.747788369420219,Zambia,AWB,NOx
1645,28.04826417605896,ZAMBIA_NORTHERN_KASAMA_KASAMA,30.925954822365615,-10.044291996416009,Zambia,AWB,NOx
1646,67.4161888370582,ZAMBIA_NORTHERN_KASAMA_LUKASHYA,30.961511545081454,-10.567400463097538,Zambia,AWB,NOx
1647,39.59365560830894,ZAMBIA_NORTHERN_LUWINGU_LUBASENSHI,30.35622609217487,-10.619038732815206,Zambia,AWB,NOx
1648,50.10186610789911,ZAMBIA_NORTHERN_LUWINGU_LUPOSOSHI,29.69126154256829,-10.62270072169756,Zambia,AWB,NOx
1649,43.1056261003296,ZAMBIA_NORTHERN_MBALA_MBALA,31.42437500732999,-8.951021217432977,Zambia,AWB,NOx
1650,65.73596899298144,ZAMBIA_NORTHERN_MBALA_NSENGA HILL,31.655127392254517,-9.319794073965294,Zambia,AWB,NOx
1651,48.11485283626703,ZAMBIA_NORTHERN_MPOROKOSO_LUNTE,30.403652875074233,-9.823323451491882,Zambia,AWB,NOx
1652,17.977195350648437,ZAMBIA_NORTHERN_MPOROKOSO_MPOROKOSO,29.883883348105797,-9.437855153817008,Zambia,AWB,NOx
1653,65.90305699929588,ZAMBIA_NORTHERN_MPULUNGU_MPULUNGU,30.78636919692387,-8.968610296667714,Zambia,AWB,NOx
1654,83.60174958564882,ZAMBIA_NORTHERN_MUNGWI_MALOLE,31.728489567287085,-9.896913955738247,Zambia,AWB,NOx
1655,66.90923413252584,ZAMBIA_SOUTHERN_CHOMA_CHOMA,27.03480670841098,-16.91005369465202,Zambia,AWB,NOx
1656,8.36733923184578,ZAMBIA_SOUTHERN_CHOMA_MBABALA,26.878091190949394,-16.397242287620944,Zambia,AWB,NOx
1657,44.691562149308375,ZAMBIA_SOUTHERN_CHOMA_PEMBA,27.389336109531165,-16.6922264694868,Zambia,AWB,NOx
1658,16.07084146770678,ZAMBIA_SOUTHERN_GWEMBE_GWEMBE,27.902856111757792,-16.68233138263457,Zambia,AWB,NOx
1659,61.02134021328613,ZAMBIA_SOUTHERN_ITEZHI-TEZHI_ITEZHI-TEZHI,26.020217543791258,-15.7607528165834,Zambia,AWB,NOx
1660,7.314977870224263,ZAMBIA_SOUTHERN_KALOMO_DUNDUMWEZI,26.347684943863122,-16.562181114840755,Zambia,AWB,NOx
1661,12.045253782934084,ZAMBIA_SOUTHERN_KALOMO_KALOMO CENTRAL,26.543830205005484,-17.04577047621827,Zambia,AWB,NOx
1662,67.75164816597396,ZAMBIA_SOUTHERN_KALOMO_MAPATIZYA,26.573648865923055,-17.60560978993712,Zambia,AWB,NOx
1663,84.44516598084746,ZAMBIA_SOUTHERN_KAZUNGULA_KATOMBOLA,25.620145077663306,-17.10654461326524,Zambia,AWB,NOx
1664,6.472491707301008,ZAMBIA_SOUTHERN_LIVINGSTONE_LIVINGSTONE,25.839580948996286,-17.78612641067007,Zambia,AWB,NOx
1665,120.21316697231035,ZAMBIA_SOUTHERN_MAZABUKA_CHIKANKANTA,28.249723480811323,-16.043422007395407,Zambia,AWB,NOx
1666,41.063808631492215,ZAMBIA_SOUTHERN_MAZABUKA_MAGOYE,27.622182683908022,-15.892078551482996,Zambia,AWB,NOx
1667,35.419961256479695,ZAMBIA_SOUTHERN_MAZABUKA_MAZABUKA,27.866970138091503,-15.883245062553383,Zambia,AWB,NOx
1668,18.117878421916995,ZAMBIA_SOUTHERN_MONZE_BWEENGWA,27.295625399394282,-16.052573578414865,Zambia,AWB,NOx
1669,12.121462671454164,ZAMBIA_SOUTHERN_MONZE_MONZE,27.424178441098487,-16.37563866559767,Zambia,AWB,NOx
1670,12.354107773362967,ZAMBIA_SOUTHERN_MONZE_MOOMBA,27.74187104427267,-16.27482011727548,Zambia,AWB,NOx
1671,16.81303567919391,ZAMBIA_SOUTHERN_NAMWALA_NAMWALA,26.754936143714463,-15.941500457068749,Zambia,AWB,NOx
1672,19.32859979346257,ZAMBIA_SOUTHERN_SIAVONGA_SIAVONGA,28.558985238419726,-16.299401498003242,Zambia,AWB,NOx
1673,84.66074980353334,ZAMBIA_SOUTHERN_SINAZONGWE_SINAZONGWE,27.2807179112331,-17.412421319914454,Zambia,AWB,NOx
1674,10.472169172988743,ZAMBIA_WESTERN_KALABO_KALABO,22.668138967214684,-15.307899116519774,Zambia,AWB,NOx
1675,20.68344198051294,ZAMBIA_WESTERN_KALABO_LIUWA,22.52502997101939,-14.544065929033211,Zambia,AWB,NOx
1676,28.609371376720656,ZAMBIA_WESTERN_KALABO_SIKONGO,22.23056038773834,-15.257742796071241,Zambia,AWB,NOx
1677,36.45864779514025,ZAMBIA_WESTERN_KAOMA_KAOMA CENTRAL,25.04922080679012,-14.711954129645061,Zambia,AWB,NOx
1678,36.5261495970866,ZAMBIA_WESTERN_KAOMA_LUAMPA,24.7584458265249,-15.368086057238425,Zambia,AWB,NOx
1679,32.67852188137515,ZAMBIA_WESTERN_KAOMA_MANGANGO,24.20746270318245,-14.68910855437414,Zambia,AWB,NOx
1680,17.19962692067241,ZAMBIA_WESTERN_LUKULU_LUKULU EAST,23.81996806853094,-14.315822982748186,Zambia,AWB,NOx
1681,12.550987344221786,ZAMBIA_WESTERN_LUKULU_LUKULU WEST,22.70316851981578,-14.164055699101722,Zambia,AWB,NOx
1682,21.632403145748768,ZAMBIA_WESTERN_MONGU_LUENA,23.38135094476587,-14.985379948947877,Zambia,AWB,NOx
1683,4.796072248747397,ZAMBIA_WESTERN_MONGU_MONGU,23.068428950456155,-15.31687093689524,Zambia,AWB,NOx
1684,31.444371568317376,ZAMBIA_WESTERN_MONGU_NALIKWANDA,23.72533656058688,-15.414725554230015,Zambia,AWB,NOx
1685,18.491203991267962,ZAMBIA_WESTERN_SENANGA_NALOLO,22.99253670582597,-15.779390158424558,Zambia,AWB,NOx
1686,68.22738325057877,ZAMBIA_WESTERN_SENANGA_SENANGA,23.792887275411474,-16.016325554311614,Zambia,AWB,NOx
1687,49.08743707318446,ZAMBIA_WESTERN_SESHEKE_MULOBEZI,24.724112710511307,-16.289759152706516,Zambia,AWB,NOx
1688,8.009484158238806,ZAMBIA_WESTERN_SESHEKE_MWANDI,24.670803007655817,-17.12205319673227,Zambia,AWB,NOx
1689,12.814512636533161,ZAMBIA_WESTERN_SESHEKE_SESHEKE,23.916635107519514,-17.092487993044916,Zambia,AWB,NOx
1690,26.008669677099608,ZAMBIA_WESTERN_SHANGOMBO_SINJEMBELA,22.839280468061588,-16.556734241433883,Zambia,AWB,NOx
1691,3.331757181038015,ZIMBABWE_BULAWAYO_BULAWAYO,28.55567706568358,-20.121806460207072,Zimbabwe,AWB,NOx
1692,0.1369835648975315,ZIMBABWE_HARARE_CHITUNGWIZA,31.062838912942162,-18.014236385326917,Zimbabwe,AWB,NOx
1693,0.19413221476831857,ZIMBABWE_HARARE_EPWORTH,31.158844682035582,-17.895344948865215,Zimbabwe,AWB,NOx
1694,0.9303610321734416,ZIMBABWE_HARARE_HARARE RURAL,31.033297352175815,-17.944938825553283,Zimbabwe,AWB,NOx
1695,2.8696233809244536,ZIMBABWE_HARARE_HARARE URBAN,31.053673281248084,-17.8087732583129,Zimbabwe,AWB,NOx
1696,57.06561057235453,ZIMBABWE_MANICALAND_BUHERA,31.868285637589167,-19.44901571975412,Zimbabwe,AWB,NOx
1697,47.16814307102659,ZIMBABWE_MANICALAND_CHIMANIMANI,32.72164024280516,-19.784108007827292,Zimbabwe,AWB,NOx
1698,60.794878908514,ZIMBABWE_MANICALAND_CHIPINGE RURAL,32.47381587494327,-20.496658221164754,Zimbabwe,AWB,NOx
1699,0.06755178595638568,ZIMBABWE_MANICALAND_CHIPINGE URBAN,32.62525066931281,-20.203342282599305,Zimbabwe,AWB,NOx
1700,69.70419372706914,ZIMBABWE_MANICALAND_MAKONI,32.182681398233086,-18.362321102437782,Zimbabwe,AWB,NOx
1701,56.32722550960311,ZIMBABWE_MANICALAND_MUTARE RURAL,32.42405654036695,-19.23143328486722,Zimbabwe,AWB,NOx
1702,4.164005227109951,ZIMBABWE_MANICALAND_MUTARE URBAN,32.620103748244716,-18.993444874807192,Zimbabwe,AWB,NOx
1703,37.32541197269842,ZIMBABWE_MANICALAND_MUTASA,32.708920145094964,-18.63951558406826,Zimbabwe,AWB,NOx
1704,58.08497104689205,ZIMBABWE_MANICALAND_NYANGA,32.75779759089013,-17.937869291717597,Zimbabwe,AWB,NOx
1705,0.22427428170805827,ZIMBABWE_MANICALAND_RUSAPE,32.13124708351301,-18.538249469398476,Zimbabwe,AWB,NOx
1706,26.633792010621384,ZIMBABWE_MASHONALAND CENTRAL_BINDURA,31.308333991475948,-17.245810503074562,Zimbabwe,AWB,NOx
1707,0.19615559433862445,ZIMBABWE_MASHONALAND CENTRAL_BINDURA URBAN,31.338858234356994,-17.3093886532423,Zimbabwe,AWB,NOx
1708,24.79590050551255,ZIMBABWE_MASHONALAND CENTRAL_CENTENARY,31.143553067008124,-16.426346851768386,Zimbabwe,AWB,NOx
1709,15.186246687492032,ZIMBABWE_MASHONALAND CENTRAL_GURUVE,30.657935830574306,-16.684420866652317,Zimbabwe,AWB,NOx
1710,38.86192469215807,ZIMBABWE_MASHONALAND CENTRAL_MAZOWE,30.931668747440714,-17.252158251526673,Zimbabwe,AWB,NOx
1711,9.729374954314306,ZIMBABWE_MASHONALAND CENTRAL_MBIRE,30.519312056760068,-16.11820181165008,Zimbabwe,AWB,NOx
1712,20.070520555287207,ZIMBABWE_MASHONALAND CENTRAL_MOUNT DARWIN,31.651491668814078,-16.571909628015707,Zimbabwe,AWB,NOx
1713,0.026728370621146694,ZIMBABWE_MASHONALAND CENTRAL_MVURI,30.85020407197247,-17.024637648570337,Zimbabwe,AWB,NOx
1714,10.425958128759984,ZIMBABWE_MASHONALAND CENTRAL_RUSHINGA,32.294391117865416,-16.608502576184932,Zimbabwe,AWB,NOx
1715,21.608290212530672,ZIMBABWE_MASHONALAND CENTRAL_SHAMVA,31.63881570830867,-17.094658891017033,Zimbabwe,AWB,NOx
1716,38.39764246711874,ZIMBABWE_MASHONALAND EAST_CHIKOMBA,31.10402641900697,-18.890937479797454,Zimbabwe,AWB,NOx
1717,21.572441211641898,ZIMBABWE_MASHONALAND EAST_GOROMONZI,31.33811610926192,-17.784846519288877,Zimbabwe,AWB,NOx
1718,14.678391011672625,ZIMBABWE_MASHONALAND EAST_HWEDZA,31.63567042276917,-18.735938924713302,Zimbabwe,AWB,NOx
1719,19.865400815720562,ZIMBABWE_MASHONALAND EAST_MARONDERA,31.497737809885596,-18.2710373540706,Zimbabwe,AWB,NOx
1720,0.5050591795360039,ZIMBABWE_MASHONALAND EAST_MARONDERA URBAN,31.548361807518038,-18.199991583553473,Zimbabwe,AWB,NOx
1721,26.095442569392528,ZIMBABWE_MASHONALAND EAST_MUDZI,32.63753498981691,-17.031754865127553,Zimbabwe,AWB,NOx
1722,33.26696634567377,ZIMBABWE_MASHONALAND EAST_MUREHWA,31.821688822036187,-17.796798612607663,Zimbabwe,AWB,NOx
1723,23.628290225982308,ZIMBABWE_MASHONALAND EAST_MUTOKO,32.27426153980204,-17.444387012058822,Zimbabwe,AWB,NOx
1724,0.07506454027525815,ZIMBABWE_MASHONALAND EAST_RUWA LOCAL BOARD,31.228165448921906,-17.884607511234528,Zimbabwe,AWB,NOx
1725,9.696102127874337,ZIMBABWE_MASHONALAND EAST_SEKE,30.953065122788516,-18.254181114854948,Zimbabwe,AWB,NOx
1726,18.60064554041593,ZIMBABWE_MASHONALAND EAST_UZUMBA-MARAMBA-PFUNGWE,32.043136848699056,-17.081573218275697,Zimbabwe,AWB,NOx
1727,60.72935843683802,ZIMBABWE_MASHONALAND WEST_CHEGUTU,30.395139990113776,-18.143600800629375,Zimbabwe,AWB,NOx
1728,0.3944689084592243,ZIMBABWE_MASHONALAND WEST_CHEGUTU URBAN,30.13470538711357,-18.12439557940687,Zimbabwe,AWB,NOx
1729,1.6157747625252383,ZIMBABWE_MASHONALAND WEST_CHINHOYI,30.129570688206996,-17.358929514724238,Zimbabwe,AWB,NOx
1730,43.676764088462434,ZIMBABWE_MASHONALAND WEST_HURUNGWE,29.53703485277088,-16.437165238308324,Zimbabwe,AWB,NOx
1731,5.196020848157757,ZIMBABWE_MASHONALAND WEST_KADOMA,29.92798975734448,-18.33918663580368,Zimbabwe,AWB,NOx
1732,11.734163134465494,ZIMBABWE_MASHONALAND WEST_KARIBA,28.61128807360195,-16.89292695403643,Zimbabwe,AWB,NOx
1733,0.07684004440848621,ZIMBABWE_MASHONALAND WEST_KARIBA URBAN,28.808652741937127,-16.523383393233598,Zimbabwe,AWB,NOx
1734,0.010248636690170211,ZIMBABWE_MASHONALAND WEST_KAROI,29.694591418294163,-16.820573750915116,Zimbabwe,AWB,NOx
1735,103.19448405806664,ZIMBABWE_MASHONALAND WEST_MAKONDE,30.012073182765725,-17.123223173134424,Zimbabwe,AWB,NOx
1736,42.820513612093784,ZIMBABWE_MASHONALAND WEST_MHONDORONGEZI,30.163967503298224,-18.577761621097395,Zimbabwe,AWB,NOx
1737,0.5949250028475173,ZIMBABWE_MASHONALAND WEST_NORTON,30.678320648378314,-17.88198298430611,Zimbabwe,AWB,NOx
1738,74.11337522639533,ZIMBABWE_MASHONALAND WEST_SANYATI,29.581196326682427,-18.02169161774344,Zimbabwe,AWB,NOx
1739,54.448452377671366,ZIMBABWE_MASHONALAND WEST_ZVIMBA,30.44738003368097,-17.503589961775102,Zimbabwe,AWB,NOx
1740,84.08234698274917,ZIMBABWE_MASVINGO_BIKITA,31.91211467778198,-20.145279592483647,Zimbabwe,AWB,NOx
1741,250.6907960832246,ZIMBABWE_MASVINGO_CHIREDZI RURAL,31.683341413535224,-21.347708807444196,Zimbabwe,AWB,NOx
1742,0.28343983653392085,ZIMBABWE_MASVINGO_CHIREDZI URBAN,31.67971758814407,-21.029338840368688,Zimbabwe,AWB,NOx
1743,24.767986708684024,ZIMBABWE_MASVINGO_CHIVI,30.575374256749075,-20.490369810018144,Zimbabwe,AWB,NOx
1744,57.967990049056965,ZIMBABWE_MASVINGO_GUTU,31.242523750576176,-19.610801584902255,Zimbabwe,AWB,NOx
1745,0.31644683852151606,ZIMBABWE_MASVINGO_MASVINGO,30.83494037723815,-20.07306774396139,Zimbabwe,AWB,NOx
1746,74.06338613937545,ZIMBABWE_MASVINGO_MASVINGO RURAL,30.910738382293413,-20.260376828144526,Zimbabwe,AWB,NOx
1747,232.4621966579539,ZIMBABWE_MASVINGO_MWENEZI,30.691741175078764,-21.36544378064084,Zimbabwe,AWB,NOx
1748,24.427937019375698,ZIMBABWE_MASVINGO_ZAKA,31.42731784993799,-20.386700025852814,Zimbabwe,AWB,NOx
1749,70.29106844439733,ZIMBABWE_MATABELELAND NORTH_BINGA,27.656210711179945,-17.789917553155632,Zimbabwe,AWB,NOx
1750,64.90014018423851,ZIMBABWE_MATABELELAND NORTH_BUBI,28.685180931499218,-19.513947345699094,Zimbabwe,AWB,NOx
1751,111.62327627301907,ZIMBABWE_MATABELELAND NORTH_HWANGE,26.423179889687354,-18.71113404476513,Zimbabwe,AWB,NOx
1752,1.576953944109347,ZIMBABWE_MATABELELAND NORTH_HWANGE URBAN,26.46801043565975,-18.372016600758958,Zimbabwe,AWB,NOx
1753,82.4950714135737,ZIMBABWE_MATABELELAND NORTH_LUPANE,27.79328072988368,-18.839114218902946,Zimbabwe,AWB,NOx
1754,27.223706131832213,ZIMBABWE_MATABELELAND NORTH_NKAYI,28.661176006857257,-18.88355717575602,Zimbabwe,AWB,NOx
1755,80.10105454486369,ZIMBABWE_MATABELELAND NORTH_TSHOLOTSHO,27.414283617138953,-19.61964010445645,Zimbabwe,AWB,NOx
1756,68.47819767960614,ZIMBABWE_MATABELELAND NORTH_UMGUZA,28.271066028232603,-19.819869340116053,Zimbabwe,AWB,NOx
1757,0.004147853360988408,ZIMBABWE_MATABELELAND NORTH_VICTORIA FALLS,25.829883287476026,-17.92990704990956,Zimbabwe,AWB,NOx
1758,123.25502972513465,ZIMBABWE_MATABELELAND SOUTH_BEITBRIDGE RURAL,30.032227315484988,-21.908181587615122,Zimbabwe,AWB,NOx
1759,0.8126188774994206,ZIMBABWE_MATABELELAND SOUTH_BEITBRIDGE URBAN,30.005198690269744,-22.19816655945671,Zimbabwe,AWB,NOx
1760,46.21755434810212,ZIMBABWE_MATABELELAND SOUTH_BULILIMA,27.573442352722388,-20.169421371289143,Zimbabwe,AWB,NOx
1761,177.7864879645499,ZIMBABWE_MATABELELAND SOUTH_GWANDA,29.162201344353758,-21.236732145513137,Zimbabwe,AWB,NOx
1762,0.29220319262583794,ZIMBABWE_MATABELELAND SOUTH_GWANDA URBAN,29.001018112960306,-20.93393035805012,Zimbabwe,AWB,NOx
1763,94.64154564842315,ZIMBABWE_MATABELELAND SOUTH_INSIZA,29.405124054354932,-20.257921118201494,Zimbabwe,AWB,NOx
1764,71.39298319942127,ZIMBABWE_MATABELELAND SOUTH_MATOBO,28.491004036525954,-20.955582194378135,Zimbabwe,AWB,NOx
1765,0.5566045107772261,ZIMBABWE_MATABELELAND SOUTH_PLUMTREE,27.816351882493578,-20.50409730643698,Zimbabwe,AWB,NOx
1766,29.981935605043546,ZIMBABWE_MATABELELAND SOUTH_UMZINGWANE,28.94552119766589,-20.34465698117629,Zimbabwe,AWB,NOx
1767,14.417385589153412,ZIMBABWE_MIDLANDS_CHIRUMANZU,30.481519343037423,-19.319633373328976,Zimbabwe,AWB,NOx
1768,22.038941880180335,ZIMBABWE_MIDLANDS_GOKWE NORTH,28.837677893701187,-17.570419471118004,Zimbabwe,AWB,NOx
1769,29.532120039938626,ZIMBABWE_MIDLANDS_GOKWE SOUTH,28.645633627572618,-18.206523936363304,Zimbabwe,AWB,NOx
1770,0.1172071012234275,ZIMBABWE_MIDLANDS_GOKWE TOWN,28.940176689013466,-18.22128365220127,Zimbabwe,AWB,NOx
1771,0.3896128992133754,ZIMBABWE_MIDLANDS_GWERU,29.817923337717286,-19.45269647021317,Zimbabwe,AWB,NOx
1772,28.23613917464637,ZIMBABWE_MIDLANDS_GWERU RURAL,29.63690224470826,-19.466810605052125,Zimbabwe,AWB,NOx
1773,0.8623856665734144,ZIMBABWE_MIDLANDS_KWEKWE,29.81635406697312,-18.917482667926965,Zimbabwe,AWB,NOx
1774,49.754715863397216,ZIMBABWE_MIDLANDS_KWEKWE RURAL,29.551841911899576,-18.878863937431618,Zimbabwe,AWB,NOx
1775,30.169107701872647,ZIMBABWE_MIDLANDS_MBERENGWA,30.01016178871132,-20.74365987883918,Zimbabwe,AWB,NOx
1776,0.9838574575588259,ZIMBABWE_MIDLANDS_REDCLIFF,29.76586767080143,-19.022868422004397,Zimbabwe,AWB,NOx
1777,0.3847030086651073,ZIMBABWE_MIDLANDS_SHURUGWI,29.99793599865513,-19.69370465973288,Zimbabwe,AWB,NOx
1778,8.7863276633613,ZIMBABWE_MIDLANDS_SHURUGWI RURAL,30.15294241347956,-19.750231393050633,Zimbabwe,AWB,NOx
1779,15.176422026272398,ZIMBABWE_MIDLANDS_ZVISHAVANE,30.078676585245802,-20.27716243014893,Zimbabwe,AWB,NOx
1780,0.2975780678166797,ZIMBABWE_MIDLANDS_ZVISHAVANE MINE,30.053840966799243,-20.319854351134133,Zimbabwe,AWB,NOx
1781,43.17321546961197,ZIMBABWE_MATABELELAND SOUTH_MANGWE,28.019398455119735,-20.990691255910058,Zimbabwe,AWB,NOx
