census_id,emis,geo_name,lon,lat,country,code,poll
0001,415.06334032288635,ANGOLA_BENGO_AMBRIZ,13.500573856748415,-7.941839245075118,Angola,TRO_noRES,NOx
0002,10.070586805439412,ANGOLA_BENGO_BULA ATUMBA,14.820908751789867,-8.634475645495783,Angola,TRO_noRES,NOx
0003,233.2097453919761,ANGOLA_BENGO_DANDE,13.841710609854086,-8.53534736049627,Angola,TRO_noRES,NOx
0004,7.068166935763041,ANGOLA_BENGO_DEMBOS,14.552452662474186,-8.506656679922113,Angola,TRO_noRES,NOx
0005,0,ANGOLA_BENGO_NAMBUANGONGO,14.25926486683566,-8.047643790272277,Angola,TRO_noRES,NOx
0006,0,ANGOLA_BENGO_PANGO ALUQUÉM,14.467187741962098,-8.753291428515478,Angola,TRO_noRES,NOx
0007,1015.4988077820718,ANGOLA_BENGUELA_BAÍA FARTA,13.110895429150032,-13.169353899832894,Angola,TRO_noRES,NOx
0008,508.6728546074063,ANGOLA_BENGUELA_BALOMBO,14.785534807000774,-12.362142938317604,Angola,TRO_noRES,NOx
0009,369.15274459009606,ANGOLA_BENGUELA_BENGUELA,13.613234701433782,-12.750903810317325,Angola,TRO_noRES,NOx
0010,907.0000231008394,ANGOLA_BENGUELA_BOCOIO,14.273806030010297,-12.337517465231237,Angola,TRO_noRES,NOx
0011,201.88172197573323,ANGOLA_BENGUELA_CAIMBAMBO,13.925466200463916,-13.103370379840863,Angola,TRO_noRES,NOx
0012,245.57830480590033,ANGOLA_BENGUELA_CATUMBELA,13.680172800346687,-12.477296385532492,Angola,TRO_noRES,NOx
0013,0,ANGOLA_BENGUELA_CHONGOROI,13.804725364547245,-13.596741410412521,Angola,TRO_noRES,NOx
0014,209.95637471882546,ANGOLA_BENGUELA_CUBAL,14.349577634106108,-13.16149142143734,Angola,TRO_noRES,NOx
0015,659.7453349422169,ANGOLA_BENGUELA_GANDA,14.733920867955561,-13.122131963632688,Angola,TRO_noRES,NOx
0016,247.82821349618416,ANGOLA_BENGUELA_LOBITO,13.886545783996153,-12.092395259332209,Angola,TRO_noRES,NOx
0017,892.8420232067377,ANGOLA_BIÉ_ANDULO,16.463299708517784,-11.274658946317146,Angola,TRO_noRES,NOx
0018,347.632670638845,ANGOLA_BIÉ_CAMACUPA,17.780227977541617,-12.451681506672221,Angola,TRO_noRES,NOx
0019,232.35350053859375,ANGOLA_BIÉ_CATABOLA,17.254341809340623,-12.147939255129183,Angola,TRO_noRES,NOx
0020,456.70978731567334,ANGOLA_BIÉ_CHINGUAR,16.57220235885333,-12.562961032395926,Angola,TRO_noRES,NOx
0021,904.8965668756431,ANGOLA_BIÉ_CHITEMBO,17.2256685420672,-13.4761375683222,Angola,TRO_noRES,NOx
0022,631.6641155944952,ANGOLA_BIÉ_CUEMBA,18.450876402365434,-11.812583973776919,Angola,TRO_noRES,NOx
0023,526.4256686004312,ANGOLA_BIÉ_CUITO,17.0195337801636,-12.539053407735349,Angola,TRO_noRES,NOx
0024,236.55873763911185,ANGOLA_BIÉ_CUNHINGA,16.806485043535446,-11.988245606222938,Angola,TRO_noRES,NOx
0025,0,ANGOLA_BIÉ_NHAREA,17.157724905821997,-11.308602978499657,Angola,TRO_noRES,NOx
0026,0.41192419881746867,ANGOLA_CABINDA_BELIZE,12.84464336058737,-4.605790961567085,Angola,TRO_noRES,NOx
0027,0.9810949388143789,ANGOLA_CABINDA_BUCO ZAU,12.545868870473262,-4.802124175234638,Angola,TRO_noRES,NOx
0028,170.46343677529825,ANGOLA_CABINDA_CABINDA,12.36403326270615,-5.461872414729606,Angola,TRO_noRES,NOx
0029,127.01378960464008,ANGOLA_CABINDA_CACONGO,12.242228043574034,-5.043712430446504,Angola,TRO_noRES,NOx
0030,7.355284943015241,ANGOLA_KUANDO KUBANGO_CALAI,19.414268804995988,-17.367954683212766,Angola,TRO_noRES,NOx
0031,15.182974122235093,ANGOLA_KUANDO KUBANGO_CUANGAR,18.15299180710266,-17.054777832805367,Angola,TRO_noRES,NOx
0032,679.6169406277795,ANGOLA_KUANDO KUBANGO_CUCHI,16.962579756983985,-14.692891199511664,Angola,TRO_noRES,NOx
0033,1194.4820414521687,ANGOLA_KUANDO KUBANGO_CUITO CUANAVALE,18.841355039845936,-14.950150376556852,Angola,TRO_noRES,NOx
0034,36.16880218871251,ANGOLA_KUANDO KUBANGO_DIRICO,20.825162039879295,-17.52729673830151,Angola,TRO_noRES,NOx
0035,0,ANGOLA_KUANDO KUBANGO_MAVINGA,20.292091111981065,-16.124977275218903,Angola,TRO_noRES,NOx
0036,1949.7476377554372,ANGOLA_KUANDO KUBANGO_MENONGUE,17.745373647024998,-15.225709939331868,Angola,TRO_noRES,NOx
0037,0,ANGOLA_KUANDO KUBANGO_NANCOVA,18.73240828489362,-16.388826303005242,Angola,TRO_noRES,NOx
0038,0,ANGOLA_KUANDO KUBANGO_RIVUNGO,21.95105197046031,-16.860900758284263,Angola,TRO_noRES,NOx
0039,67.03136051792436,ANGOLA_KWANZA NORTE_AMBACA,15.509119051943488,-8.223269097816729,Angola,TRO_noRES,NOx
0040,40.82879666089533,ANGOLA_KWANZA NORTE_BANGA,15.153253461606287,-8.689616530469744,Angola,TRO_noRES,NOx
0041,0.010715644239647099,ANGOLA_KWANZA NORTE_BOLONGONGO,15.113302487330705,-8.382132376680488,Angola,TRO_noRES,NOx
0042,221.3450451312875,ANGOLA_KWANZA NORTE_CAMBAMBE,14.521816633134614,-9.433964278230446,Angola,TRO_noRES,NOx
0043,177.3616953203173,ANGOLA_KWANZA NORTE_CAZENGO,14.779870946066733,-9.320031680889498,Angola,TRO_noRES,NOx
0044,7.822923311839368,ANGOLA_KWANZA NORTE_GOLUNGO ALTO,14.666387710001,-9.076507922069805,Angola,TRO_noRES,NOx
0045,0.7359192502865243,ANGOLA_KWANZA NORTE_LUCALA,15.238258650636386,-9.139267281380702,Angola,TRO_noRES,NOx
0046,17.61336918035676,ANGOLA_KWANZA NORTE_NGONGUEMBO,14.901663408090647,-8.902563767131948,Angola,TRO_noRES,NOx
0047,0.1718578399631007,ANGOLA_KWANZA NORTE_QUICULUNGO,15.319625776448795,-8.49002907643525,Angola,TRO_noRES,NOx
0048,30.055781134607606,ANGOLA_KWANZA NORTE_SAMBA CAJÚ,15.494620704324683,-8.808515207926657,Angola,TRO_noRES,NOx
0049,0,ANGOLA_KWANZA SUL_AMBOIM,14.409446053756277,-10.888247311555114,Angola,TRO_noRES,NOx
0050,771.6028650042578,ANGOLA_KWANZA SUL_CASSONGUE,14.969245996228281,-11.823486279155278,Angola,TRO_noRES,NOx
0051,400.905145470305,ANGOLA_KWANZA SUL_CELA,15.327509138494797,-11.286611386444985,Angola,TRO_noRES,NOx
0052,0,ANGOLA_KWANZA SUL_CONDA,14.457113187835018,-11.173469665594153,Angola,TRO_noRES,NOx
0053,33.04925308229927,ANGOLA_KWANZA SUL_EBO,14.756355439021709,-10.954311333786544,Angola,TRO_noRES,NOx
0054,308.89421334031266,ANGOLA_KWANZA SUL_LIBOLO,14.990540118658812,-10.063463539441377,Angola,TRO_noRES,NOx
0055,837.5714483402269,ANGOLA_KWANZA SUL_MUSSENDE,15.978658982493396,-10.268786589120642,Angola,TRO_noRES,NOx
0056,46.49786691543242,ANGOLA_KWANZA SUL_PORTO AMBOIM,13.942283729197893,-10.627805552833145,Angola,TRO_noRES,NOx
0057,663.5773905648549,ANGOLA_KWANZA SUL_QUIBALA,15.335713103750756,-10.699008506951671,Angola,TRO_noRES,NOx
0058,0,ANGOLA_KWANZA SUL_QUILENDA,14.370237419617364,-10.524491857097443,Angola,TRO_noRES,NOx
0059,0.020820609981488904,ANGOLA_KWANZA SUL_SELES,14.50091627350989,-11.457587720793851,Angola,TRO_noRES,NOx
0060,112.33124909260371,ANGOLA_KWANZA SUL_SUMBE,14.04934311345206,-11.49811492361192,Angola,TRO_noRES,NOx
0061,26.594941564073597,ANGOLA_CUNENE_CAHAMA,14.247669093888437,-16.41710354139286,Angola,TRO_noRES,NOx
0062,1663.0940186139271,ANGOLA_CUNENE_CUANHAMA,16.320547599774045,-16.48223334568777,Angola,TRO_noRES,NOx
0063,0.28051142336446827,ANGOLA_CUNENE_CUROCA,13.788175609536145,-16.932294476395295,Angola,TRO_noRES,NOx
0064,609.8014212544109,ANGOLA_CUNENE_CUVELAI,16.136146428177735,-15.746368160393057,Angola,TRO_noRES,NOx
0065,8.626781558170032,ANGOLA_CUNENE_NAMACUNDE,16.606272115792553,-17.074018548021083,Angola,TRO_noRES,NOx
0066,128.14792080848258,ANGOLA_CUNENE_OMBADJA,14.941895100531925,-16.768959146811532,Angola,TRO_noRES,NOx
0067,405.9739074065019,ANGOLA_HUAMBO_BAILUNDO,15.850466201739053,-11.950050465566608,Angola,TRO_noRES,NOx
0068,562.0301171192947,ANGOLA_HUAMBO_CAÁLA,15.572188198073116,-13.27102876067493,Angola,TRO_noRES,NOx
0069,280.5586881649153,ANGOLA_HUAMBO_CACHIUNGO,16.319644201016246,-12.759421533499594,Angola,TRO_noRES,NOx
0070,121.45225844546377,ANGOLA_HUAMBO_ECUNHA,15.49134958273524,-12.53401934231182,Angola,TRO_noRES,NOx
0071,1075.9427835617653,ANGOLA_HUAMBO_HUAMBO,15.79536569507517,-12.819324307871682,Angola,TRO_noRES,NOx
0072,626.847337928602,ANGOLA_HUAMBO_LONDUIMBALI,15.292015045757923,-12.235996591708586,Angola,TRO_noRES,NOx
0073,190.53552176672684,ANGOLA_HUAMBO_LONGONJO,15.22279516795389,-13.084757821818668,Angola,TRO_noRES,NOx
0074,0,ANGOLA_HUAMBO_MUNGO,16.20588037491343,-11.755072951814116,Angola,TRO_noRES,NOx
0075,456.5248736931359,ANGOLA_HUAMBO_CHICALA CHOLOHANGA,16.092706109508978,-12.95985009260693,Angola,TRO_noRES,NOx
0076,120.91153939044308,ANGOLA_HUAMBO_CHINJENJE,14.940107561316543,-12.818781665594054,Angola,TRO_noRES,NOx
0077,118.09733893993513,ANGOLA_HUAMBO_UCUMA,15.15058241504692,-12.745033355569538,Angola,TRO_noRES,NOx
0078,526.7839952350374,ANGOLA_HUÍLA_CACONDA,15.158416365277283,-13.778376463063532,Angola,TRO_noRES,NOx
0079,201.31015353489644,ANGOLA_HUÍLA_CACULA,14.291948368736596,-14.437668897988177,Angola,TRO_noRES,NOx
0080,464.4359262219531,ANGOLA_HUÍLA_CALUQUEMBE,14.553605248971426,-13.943434135545042,Angola,TRO_noRES,NOx
0081,79.62196546782491,ANGOLA_HUÍLA_CHIBIA,13.860963321337298,-15.220319449437994,Angola,TRO_noRES,NOx
0082,0,ANGOLA_HUÍLA_CHICOMBA,15.019421703365952,-14.30430435864405,Angola,TRO_noRES,NOx
0083,7.436516607948685,ANGOLA_HUÍLA_CHIPINDO,15.73591828652565,-13.88531948048917,Angola,TRO_noRES,NOx
0084,465.5674089830792,ANGOLA_HUÍLA_CUVANGO,16.318716983084595,-14.2140670585581,Angola,TRO_noRES,NOx
0085,18.104271511920647,ANGOLA_HUÍLA_GAMBOS,14.0555441801658,-15.836380299367216,Angola,TRO_noRES,NOx
0086,233.512605359846,ANGOLA_HUÍLA_HUMPATA,13.37340825793292,-15.07711619840059,Angola,TRO_noRES,NOx
0087,911.8812693652068,ANGOLA_HUÍLA_JAMBA,15.84246469273556,-14.813136321719922,Angola,TRO_noRES,NOx
0088,328.2647677626187,ANGOLA_HUÍLA_LUBANGO,13.74650625251509,-14.782265363665282,Angola,TRO_noRES,NOx
0089,214.92995144504823,ANGOLA_HUÍLA_MATALA,15.162569522619448,-15.264035381319765,Angola,TRO_noRES,NOx
0090,8.883890460171791,ANGOLA_HUÍLA_QUILENGUES,13.926712495367244,-14.10284606537322,Angola,TRO_noRES,NOx
0091,335.4815605126071,ANGOLA_HUÍLA_QUIPUNGO,14.584346812183863,-15.11197852346331,Angola,TRO_noRES,NOx
0092,1562.4404559822253,ANGOLA_LUANDA_BELAS,13.174021473379,-9.08837444152561,Angola,TRO_noRES,NOx
0093,422.6892149478527,ANGOLA_LUANDA_CACUACO,13.451339905381309,-8.81991357363531,Angola,TRO_noRES,NOx
0094,208.0063136935609,ANGOLA_LUANDA_CAZENGA,13.300213504677842,-8.82313810517484,Angola,TRO_noRES,NOx
0095,489.457228366246,ANGOLA_LUANDA_ICOLO E BENGO,13.862681054977354,-9.152861347234415,Angola,TRO_noRES,NOx
0096,1001.8306837530542,ANGOLA_LUANDA_LUANDA,13.252264930379923,-8.85095461326464,Angola,TRO_noRES,NOx
0097,393.6035880146656,ANGOLA_LUANDA_QUISSAMA,13.850629524262196,-9.831116523016574,Angola,TRO_noRES,NOx
0098,932.0965598084207,ANGOLA_LUANDA_VIANA,13.400581493461187,-9.003465052028048,Angola,TRO_noRES,NOx
0099,43.797785577790926,ANGOLA_LUNDA NORTE_CAMBULO,21.496387269915466,-7.900107950052335,Angola,TRO_noRES,NOx
0100,1042.95359173065,ANGOLA_LUNDA NORTE_CAPENDA CAMULEMBA,18.86907773627034,-9.675389036317052,Angola,TRO_noRES,NOx
0101,824.457274708295,ANGOLA_LUNDA NORTE_CAUNGULA,18.82247560938972,-8.340339422591542,Angola,TRO_noRES,NOx
0102,504.1687229861255,ANGOLA_LUNDA NORTE_CHITATO,20.86681232898085,-7.553523750605493,Angola,TRO_noRES,NOx
0103,353.8987175516082,ANGOLA_LUNDA NORTE_CUANGO,18.060888555716936,-8.601096909504287,Angola,TRO_noRES,NOx
0104,3.915428234400193,ANGOLA_LUNDA NORTE_CUILO,19.68851489115215,-8.128052490802382,Angola,TRO_noRES,NOx
0105,0.9385564344493266,ANGOLA_LUNDA NORTE_LÓVUA,20.13536631533787,-7.292391189166928,Angola,TRO_noRES,NOx
0106,312.85325628070984,ANGOLA_LUNDA NORTE_LUBALO,19.297321892350976,-9.188561260843436,Angola,TRO_noRES,NOx
0107,1350.7984347817023,ANGOLA_LUNDA NORTE_LUCAPA,20.47673092828323,-8.42331409755646,Angola,TRO_noRES,NOx
0108,887.4882959907357,ANGOLA_LUNDA NORTE_XÁ-MUTEBA,17.85122654394,-9.277995251698849,Angola,TRO_noRES,NOx
0109,273.97842706578757,ANGOLA_LUNDA SUL_CACOLO,19.178913301145815,-10.547328172202947,Angola,TRO_noRES,NOx
0110,541.931758792382,ANGOLA_LUNDA SUL_DALA,20.352238837105524,-10.92405164265005,Angola,TRO_noRES,NOx
0111,1530.7164270273531,ANGOLA_LUNDA SUL_MUCONDA,21.424847286291374,-10.154651759138405,Angola,TRO_noRES,NOx
0112,1608.9000429962425,ANGOLA_LUNDA SUL_SAURIMO,20.688380679682755,-9.477233643283244,Angola,TRO_noRES,NOx
0113,178.16073040828746,ANGOLA_MALANJE_CACUSO,15.62849098111707,-9.490292469411429,Angola,TRO_noRES,NOx
0114,0,ANGOLA_MALANJE_CAHOMBO,16.66605389643875,-8.647102372057851,Angola,TRO_noRES,NOx
0115,0.05489172214491874,ANGOLA_MALANJE_CALANDULA,16.005245178381916,-8.695990183498342,Angola,TRO_noRES,NOx
0116,0,ANGOLA_MALANJE_CAMBUNDI-CATEMBO,17.84709415122643,-10.125145503710968,Angola,TRO_noRES,NOx
0117,178.34530688015576,ANGOLA_MALANJE_CANGANDALA,16.683252748189343,-9.952367021939013,Angola,TRO_noRES,NOx
0118,0,ANGOLA_MALANJE_CUNDA-DIA-BAZE,17.352728983670623,-8.66125398022735,Angola,TRO_noRES,NOx
0119,0,ANGOLA_MALANJE_KIWABA NZOJI,16.45736622164412,-9.037971690115318,Angola,TRO_noRES,NOx
0120,0,ANGOLA_MALANJE_LUQUEMBO,17.384986684590697,-10.792874181396483,Angola,TRO_noRES,NOx
0121,389.2530807026146,ANGOLA_MALANJE_MALANJE,16.35498305019854,-9.482474776585153,Angola,TRO_noRES,NOx
0122,0,ANGOLA_MALANJE_MARIMBA,17.11151213033175,-8.168436018156713,Angola,TRO_noRES,NOx
0123,0.01914155731740674,ANGOLA_MALANJE_MASSANGO,16.599614024908476,-7.763456075510212,Angola,TRO_noRES,NOx
0124,314.4239220099052,ANGOLA_MALANJE_MUCARI,16.919365558811112,-9.481804740501817,Angola,TRO_noRES,NOx
0125,196.43575030956217,ANGOLA_MALANJE_QUELA,17.28820754724371,-9.318539247011007,Angola,TRO_noRES,NOx
0126,0,ANGOLA_MALANJE_QUIRIMA,18.2681837365498,-11.068909718662896,Angola,TRO_noRES,NOx
0127,3422.251051423848,ANGOLA_MOXICO_ALTO ZAMBEZE,22.90799374709926,-12.209683357686718,Angola,TRO_noRES,NOx
0128,1591.35046877679,ANGOLA_MOXICO_BUNDAS,21.31907325919521,-14.210473217747047,Angola,TRO_noRES,NOx
0129,250.7093881668318,ANGOLA_MOXICO_CAMANONGUE,20.234534061632754,-11.408959591622152,Angola,TRO_noRES,NOx
0130,343.1183809316069,ANGOLA_MOXICO_CAMEIA,21.26339460023485,-11.838370789228382,Angola,TRO_noRES,NOx
0131,314.24267667297397,ANGOLA_MOXICO_LÉUA,20.575562544579704,-11.74380358626066,Angola,TRO_noRES,NOx
0132,498.0083668769381,ANGOLA_MOXICO_LUACANO,22.046284955949286,-11.669871723573195,Angola,TRO_noRES,NOx
0133,562.9317961897037,ANGOLA_MOXICO_LUAU,21.997475474347006,-10.901812727972676,Angola,TRO_noRES,NOx
0134,443.4695621426202,ANGOLA_MOXICO_LUCHAZES,19.530239402686032,-13.751962349149917,Angola,TRO_noRES,NOx
0135,2411.1402418023954,ANGOLA_MOXICO_LUENA,19.776770525882704,-12.327720581169427,Angola,TRO_noRES,NOx
0136,83.32476715157324,ANGOLA_NAMIBE_BIBALA,13.139576640553054,-14.685793467915335,Angola,TRO_noRES,NOx
0137,19.805041511880525,ANGOLA_NAMIBE_CAMUCUIO,13.0324059676621,-14.003701587165244,Angola,TRO_noRES,NOx
0138,1076.8494459247825,ANGOLA_NAMIBE_NAMIBE,12.457905307074512,-14.720315334187738,Angola,TRO_noRES,NOx
0139,26.894484413973316,ANGOLA_NAMIBE_TÔMBWA,12.359284305310362,-16.564898961646183,Angola,TRO_noRES,NOx
0140,0,ANGOLA_NAMIBE_VIREI,12.94168325673447,-15.813548331274848,Angola,TRO_noRES,NOx
0141,66.08908432627351,ANGOLA_UÍGE_AMBUILA,14.468179065511844,-7.587449047134571,Angola,TRO_noRES,NOx
0142,264.29222849528117,ANGOLA_UÍGE_BEMBE,14.277664721920273,-7.052417289665407,Angola,TRO_noRES,NOx
0143,148.64442293446143,ANGOLA_UÍGE_BUENGAS,15.825059286515511,-6.668373974646913,Angola,TRO_noRES,NOx
0144,316.1148078354133,ANGOLA_UÍGE_BUNGO,15.447113463583449,-7.392017748161813,Angola,TRO_noRES,NOx
0145,32.14199717806335,ANGOLA_UÍGE_CANGOLA,15.953541847191238,-7.839972087285049,Angola,TRO_noRES,NOx
0146,1191.708998043277,ANGOLA_UÍGE_DAMBA,15.216117046210005,-6.730711730495686,Angola,TRO_noRES,NOx
0147,512.8995355217938,ANGOLA_UÍGE_MAQUELA DO ZOMBO,15.504832114047753,-6.115762646049738,Angola,TRO_noRES,NOx
0148,242.04123450335038,ANGOLA_UÍGE_SANTA CRUZ,16.58039852859364,-7.043057290518152,Angola,TRO_noRES,NOx
0149,7.511948090838663,ANGOLA_UÍGE_MUCABA,15.044844983137867,-7.104479137048426,Angola,TRO_noRES,NOx
0150,220.20658665971382,ANGOLA_UÍGE_NEGAGE,15.387803110685544,-7.82670187011252,Angola,TRO_noRES,NOx
0151,251.7048748409757,ANGOLA_UÍGE_PURI,15.677588319493356,-7.6520448609471,Angola,TRO_noRES,NOx
0152,238.53978565299414,ANGOLA_UÍGE_QUIMBELE,16.358827373391733,-6.339946266586419,Angola,TRO_noRES,NOx
0153,19.24055631156383,ANGOLA_UÍGE_QUITEXE,14.916309357718397,-8.05805649608166,Angola,TRO_noRES,NOx
0154,384.47542207800933,ANGOLA_UÍGE_SANZA POMBO,16.05132046706061,-7.225080931426597,Angola,TRO_noRES,NOx
0155,378.21885505470146,ANGOLA_UÍGE_SONGO,14.789371774574954,-7.15444085578491,Angola,TRO_noRES,NOx
0156,203.33862309561314,ANGOLA_UÍGE_UÍGE,15.086269927234868,-7.569389383460002,Angola,TRO_noRES,NOx
0157,0.7923507879443398,ANGOLA_ZAIRE_CUIMBA,14.656648047034412,-6.211094387740501,Angola,TRO_noRES,NOx
0158,983.3545831035652,ANGOLA_ZAIRE_MBANZA CONGO,14.17814621079705,-6.310144184559853,Angola,TRO_noRES,NOx
0159,591.9169821808188,ANGOLA_ZAIRE_NZETO,13.396012085498478,-7.329332397443156,Angola,TRO_noRES,NOx
0160,302.1733558866924,ANGOLA_ZAIRE_NÓQUI,13.505068524452918,-6.150797500748508,Angola,TRO_noRES,NOx
0161,150.31946303314697,ANGOLA_ZAIRE_SOYO,12.72456320103429,-6.276748486180679,Angola,TRO_noRES,NOx
0162,828.7540059888346,ANGOLA_ZAIRE_TOMBOCO,13.360813071321832,-6.70704141475642,Angola,TRO_noRES,NOx
0163,0.1635536143573679,BOTSWANA_CENTRAL_BOBONONG_BOBONONG,28.439270006020617,-21.904588768680572,Botswana,TRO_noRES,NOx
0164,0.3827051694939333,BOTSWANA_CENTRAL_BOBONONG_DAMOCHOJENA,27.46425717187249,-21.89586472598768,Botswana,TRO_noRES,NOx
0165,0,BOTSWANA_CENTRAL_BOBONONG_KOBOJANGO,28.763918196572497,-21.785636334108606,Botswana,TRO_noRES,NOx
0166,66.03767984472996,BOTSWANA_CENTRAL_BOBONONG_LENTSWELEMORITI,29.09263730127421,-22.126071452194022,Botswana,TRO_noRES,NOx
0167,0,BOTSWANA_CENTRAL_BOBONONG_LEPOKOLE,28.342120180879903,-21.78828871071267,Botswana,TRO_noRES,NOx
0168,0,BOTSWANA_CENTRAL_BOBONONG_MABOLWE,28.93856360422732,-21.822911107503458,Botswana,TRO_noRES,NOx
0169,0,BOTSWANA_CENTRAL_BOBONONG_MATHATHANE,28.765707084954567,-22.164921148469332,Botswana,TRO_noRES,NOx
0170,83.54712650740862,BOTSWANA_CENTRAL_BOBONONG_MMADINARE,27.61927099292336,-21.939530032971234,Botswana,TRO_noRES,NOx
0171,0,BOTSWANA_CENTRAL_BOBONONG_MOLALATAU,28.546028057555482,-22.244047061148887,Botswana,TRO_noRES,NOx
0172,0,BOTSWANA_CENTRAL_BOBONONG_MOLETEMANE,28.24551458680093,-22.49838952314233,Botswana,TRO_noRES,NOx
0173,0,BOTSWANA_CENTRAL_BOBONONG_MOTLHABANENG,28.847671161031595,-22.0878861675696,Botswana,TRO_noRES,NOx
0174,0,BOTSWANA_CENTRAL_BOBONONG_ROBELELA,28.01614217627893,-21.606755627584164,Botswana,TRO_noRES,NOx
0175,0.22239089317819877,BOTSWANA_CENTRAL_BOBONONG_SEFOPHE,28.010768080362112,-22.202415922887717,Botswana,TRO_noRES,NOx
0176,0,BOTSWANA_CENTRAL_BOBONONG_SEMOLALE,28.901373465716713,-21.94234612580183,Botswana,TRO_noRES,NOx
0177,7.438134136062914,BOTSWANA_CENTRAL_BOBONONG_TOBANE,28.034740456942973,-21.715331266156507,Botswana,TRO_noRES,NOx
0178,0,BOTSWANA_CENTRAL_BOBONONG_TSETSEBJWE,28.261512057832615,-22.323234206617617,Botswana,TRO_noRES,NOx
0179,0,BOTSWANA_CENTRAL_BOBONONG_TSHOKWE,28.12020929554016,-21.7461736340543,Botswana,TRO_noRES,NOx
0180,217.3168805304567,BOTSWANA_CENTRAL_BOBONONG_TULI,28.659593038222404,-22.426510831132365,Botswana,TRO_noRES,NOx
0181,5.135075774741859,BOTSWANA_CENTRAL_BOTETI_KEDIA,24.838048952453185,-21.403241698591675,Botswana,TRO_noRES,NOx
0182,0,BOTSWANA_CENTRAL_BOTETI_KHWEE,25.42160849963441,-21.949084316434682,Botswana,TRO_noRES,NOx
0183,17.75931798329037,BOTSWANA_CENTRAL_BOTETI_KUMAGA,24.694403521304178,-20.43709104783157,Botswana,TRO_noRES,NOx
0184,62.62470447383657,BOTSWANA_CENTRAL_BOTETI_LETLHAKANE,25.324076768019342,-21.74281229869488,Botswana,TRO_noRES,NOx
0185,1.2675447070307668,BOTSWANA_CENTRAL_BOTETI_MAKALAMABEDI,24.027537186531372,-20.329731365780997,Botswana,TRO_noRES,NOx
0186,5.952020483519117,BOTSWANA_CENTRAL_BOTETI_MMADIKOLA,24.505648562137157,-21.04540148259183,Botswana,TRO_noRES,NOx
0187,3.1060846242699918,BOTSWANA_CENTRAL_BOTETI_MMATSHUMO,25.608635534616877,-21.055357574481494,Botswana,TRO_noRES,NOx
0188,10.626772895081112,BOTSWANA_CENTRAL_BOTETI_MOKOBOXANE,25.01278736428241,-21.374661912697718,Botswana,TRO_noRES,NOx
0189,31.59567514889416,BOTSWANA_CENTRAL_BOTETI_MOPIPI,25.06130611972133,-20.957019464880865,Botswana,TRO_noRES,NOx
0190,17.99689377358066,BOTSWANA_CENTRAL_BOTETI_MOREOMAOTO,24.225653269651804,-20.326805973885744,Botswana,TRO_noRES,NOx
0191,0,BOTSWANA_CENTRAL_BOTETI_MOSU,26.096038009772478,-21.108931183794436,Botswana,TRO_noRES,NOx
0192,7.576403166937817,BOTSWANA_CENTRAL_BOTETI_MOTOPI,24.143658950831586,-20.239487705166916,Botswana,TRO_noRES,NOx
0193,11.929541766656667,BOTSWANA_CENTRAL_BOTETI_TOROMOJA,24.68875163244386,-21.028858930681245,Botswana,TRO_noRES,NOx
0194,101.50784266398699,BOTSWANA_CENTRAL_BOTETI_TSIENYANE/RAKOPS,24.297459830504376,-20.770824097320627,Botswana,TRO_noRES,NOx
0195,0,BOTSWANA_CENTRAL_BOTETI_XERE,23.995091776720663,-21.05103701376487,Botswana,TRO_noRES,NOx
0196,37.42438404339752,BOTSWANA_CENTRAL_BOTETI_XHUMO,24.543580068860226,-21.43138653458584,Botswana,TRO_noRES,NOx
0197,0,BOTSWANA_CENTRAL_MAHALAPYE_BONWAPITSE,26.696499319837177,-23.016977775399745,Botswana,TRO_noRES,NOx
0198,0,BOTSWANA_CENTRAL_MAHALAPYE_BOROTSI,27.574845464339035,-23.03787815480758,Botswana,TRO_noRES,NOx
0199,0,BOTSWANA_CENTRAL_MAHALAPYE_CHADIBE,27.653472614061975,-23.04213517690895,Botswana,TRO_noRES,NOx
0200,0,BOTSWANA_CENTRAL_MAHALAPYE_DIBETE STATION,26.60466673565762,-23.712578892238895,Botswana,TRO_noRES,NOx
0201,0,BOTSWANA_CENTRAL_MAHALAPYE_DOVEDALE,27.0584095397386,-23.43747251689984,Botswana,TRO_noRES,NOx
0202,0,BOTSWANA_CENTRAL_MAHALAPYE_IKONGWE,26.42368516567563,-23.133332920110572,Botswana,TRO_noRES,NOx
0203,0,BOTSWANA_CENTRAL_MAHALAPYE_KALAMARE,26.676800027450167,-22.85145869530537,Botswana,TRO_noRES,NOx
0204,0,BOTSWANA_CENTRAL_MAHALAPYE_KODIBELENG,25.8565320473089,-23.06990009465882,Botswana,TRO_noRES,NOx
0205,0.0990918750765806,BOTSWANA_CENTRAL_MAHALAPYE_KUDUMATSE,27.163558620828415,-23.343825570073967,Botswana,TRO_noRES,NOx
0206,116.64303570860152,BOTSWANA_CENTRAL_MAHALAPYE_MAAPE,27.298633726872115,-22.801071310840364,Botswana,TRO_noRES,NOx
0207,0,BOTSWANA_CENTRAL_MAHALAPYE_MACHANENG,27.430989788355014,-23.17527950233516,Botswana,TRO_noRES,NOx
0208,0,BOTSWANA_CENTRAL_MAHALAPYE_MAHALAPYE,26.92364672437042,-23.059367128880574,Botswana,TRO_noRES,NOx
0209,0,BOTSWANA_CENTRAL_MAHALAPYE_MAKWATE,27.289572829578482,-23.25066866242674,Botswana,TRO_noRES,NOx
0210,0,BOTSWANA_CENTRAL_MAHALAPYE_MATLHAKO,27.57730747946278,-23.092868816729595,Botswana,TRO_noRES,NOx
0211,75.0152238215721,BOTSWANA_CENTRAL_MAHALAPYE_MHALAPITSA,27.241670153565362,-22.750141129591885,Botswana,TRO_noRES,NOx
0212,0,BOTSWANA_CENTRAL_MAHALAPYE_MMAPHASHALALA,26.85959307803958,-23.525191663403213,Botswana,TRO_noRES,NOx
0213,0,BOTSWANA_CENTRAL_MAHALAPYE_MMUTLANA,26.603632318980285,-22.97161859276938,Botswana,TRO_noRES,NOx
0214,0,BOTSWANA_CENTRAL_MAHALAPYE_MOKGENENE,26.039953432163163,-23.53987260084274,Botswana,TRO_noRES,NOx
0215,0,BOTSWANA_CENTRAL_MAHALAPYE_MOKOBENG,27.693890294840614,-22.97362584906358,Botswana,TRO_noRES,NOx
0216,0,BOTSWANA_CENTRAL_MAHALAPYE_MOKOSWANE,26.94190877928232,-23.316220505173856,Botswana,TRO_noRES,NOx
0217,0,BOTSWANA_CENTRAL_MAHALAPYE_MOOKANE,26.698166386924417,-23.694975957356803,Botswana,TRO_noRES,NOx
0218,0,BOTSWANA_CENTRAL_MAHALAPYE_MORALANE,26.215414450162044,-22.936420739953075,Botswana,TRO_noRES,NOx
0219,0,BOTSWANA_CENTRAL_MAHALAPYE_MOSHOPHA,27.314662802995976,-22.947407012331485,Botswana,TRO_noRES,NOx
0220,0.1712779369915326,BOTSWANA_CENTRAL_MAHALAPYE_MOSOLOTSHANE,26.428423160167153,-22.91931594278049,Botswana,TRO_noRES,NOx
0221,44.32571838272324,BOTSWANA_CENTRAL_MAHALAPYE_NGWAPA,27.77944253096159,-22.919703336193177,Botswana,TRO_noRES,NOx
0222,0,BOTSWANA_CENTRAL_MAHALAPYE_OTSE,25.946626364668234,-23.32358945282839,Botswana,TRO_noRES,NOx
0223,0,BOTSWANA_CENTRAL_MAHALAPYE_PALLA ROAD/DINOKWE,26.77659555732254,-23.360515846147123,Botswana,TRO_noRES,NOx
0224,39.05711443012979,BOTSWANA_CENTRAL_MAHALAPYE_PILIKWE,27.12830992169561,-22.797803953113785,Botswana,TRO_noRES,NOx
0225,0,BOTSWANA_CENTRAL_MAHALAPYE_POLOKA,26.288048197015442,-23.601986580637178,Botswana,TRO_noRES,NOx
0226,69.71251582306712,BOTSWANA_CENTRAL_MAHALAPYE_RAMOKGONAMI,27.427775976491716,-22.856906588140728,Botswana,TRO_noRES,NOx
0227,0,BOTSWANA_CENTRAL_MAHALAPYE_SEFHARE,27.497480197007754,-23.01846757513452,Botswana,TRO_noRES,NOx
0228,31.945827944175754,BOTSWANA_CENTRAL_MAHALAPYE_SELEKA,27.541179586978274,-22.862211127370156,Botswana,TRO_noRES,NOx
0229,0,BOTSWANA_CENTRAL_MAHALAPYE_SHAKWE,27.285868545141952,-23.098563338666022,Botswana,TRO_noRES,NOx
0230,0,BOTSWANA_CENTRAL_MAHALAPYE_SHOSHONG,26.387666419486898,-23.28181618855284,Botswana,TRO_noRES,NOx
0231,0,BOTSWANA_CENTRAL_MAHALAPYE_TAUPYE,27.086389543341017,-23.181122303718336,Botswana,TRO_noRES,NOx
0232,0,BOTSWANA_CENTRAL_MAHALAPYE_TEWANE,26.8808106284804,-22.855065985054686,Botswana,TRO_noRES,NOx
0233,257.3313987120212,BOTSWANA_CENTRAL_MAHALAPYE_TULI,27.376483753636418,-23.358300442845334,Botswana,TRO_noRES,NOx
0234,254.00645677546663,BOTSWANA_CENTRAL_MAHALAPYE_TUMASERA,27.625135322324592,-22.873322197159712,Botswana,TRO_noRES,NOx
0235,0,BOTSWANA_CENTRAL_SEROWE PALAPYE_DILORO,27.615763781482226,-22.42069872982587,Botswana,TRO_noRES,NOx
0236,0,BOTSWANA_CENTRAL_SEROWE PALAPYE_DIMAJWE,26.75499325012916,-21.701835892951095,Botswana,TRO_noRES,NOx
0237,0.41728708381433005,BOTSWANA_CENTRAL_SEROWE PALAPYE_GAMABUO,26.34887363421504,-22.621942368691556,Botswana,TRO_noRES,NOx
0238,0,BOTSWANA_CENTRAL_SEROWE PALAPYE_GOJWANE,27.274583799149916,-21.783314177365938,Botswana,TRO_noRES,NOx
0239,37.03541560415995,BOTSWANA_CENTRAL_SEROWE PALAPYE_GOO-SEKGWENG,27.378852556607093,-22.684458968010347,Botswana,TRO_noRES,NOx
0240,6.5587122102853055,BOTSWANA_CENTRAL_SEROWE PALAPYE_GOOTAU,27.424470969841263,-22.695172167140004,Botswana,TRO_noRES,NOx
0241,0,BOTSWANA_CENTRAL_SEROWE PALAPYE_KGAGODI,27.50339317555218,-22.29477672423486,Botswana,TRO_noRES,NOx
0242,106.03110679826185,BOTSWANA_CENTRAL_SEROWE PALAPYE_LECHENG,27.185275817151037,-22.673190570584637,Botswana,TRO_noRES,NOx
0243,89.27991672381984,BOTSWANA_CENTRAL_SEROWE PALAPYE_LERALA,27.844813325817267,-22.74868745754991,Botswana,TRO_noRES,NOx
0244,0,BOTSWANA_CENTRAL_SEROWE PALAPYE_LESENEPOLE/MATOLWANE,27.57647005773152,-22.540521067100062,Botswana,TRO_noRES,NOx
0245,0,BOTSWANA_CENTRAL_SEROWE PALAPYE_MABELEAPUDI,26.825166966464483,-22.128040644255414,Botswana,TRO_noRES,NOx
0246,0,BOTSWANA_CENTRAL_SEROWE PALAPYE_MAJWANAADIPITSE,27.005264767504467,-21.94020945810498,Botswana,TRO_noRES,NOx
0247,6.847076998098935,BOTSWANA_CENTRAL_SEROWE PALAPYE_MAJWANENG,27.649493814512812,-22.75586221108769,Botswana,TRO_noRES,NOx
0248,0,BOTSWANA_CENTRAL_SEROWE PALAPYE_MALAKA,27.34590226161426,-22.592437093749382,Botswana,TRO_noRES,NOx
0249,0.2867848770717756,BOTSWANA_CENTRAL_SEROWE PALAPYE_MALATSWAI,26.22277867959262,-21.857375536824936,Botswana,TRO_noRES,NOx
0250,20.702756927252565,BOTSWANA_CENTRAL_SEROWE PALAPYE_MANALEDI,27.5051048457668,-22.739538071182494,Botswana,TRO_noRES,NOx
0251,8.01430373387955,BOTSWANA_CENTRAL_SEROWE PALAPYE_MATLHAKOLA,27.317001132592853,-22.71429972506726,Botswana,TRO_noRES,NOx
0252,0,BOTSWANA_CENTRAL_SEROWE PALAPYE_MAUNATLALA,27.815623496542926,-22.549960915979852,Botswana,TRO_noRES,NOx
0253,2.7758807634632503,BOTSWANA_CENTRAL_SEROWE PALAPYE_MMASHORO,26.545528327992464,-21.913528088466634,Botswana,TRO_noRES,NOx
0254,0,BOTSWANA_CENTRAL_SEROWE PALAPYE_MOENG,27.61182691600207,-22.684247954870994,Botswana,TRO_noRES,NOx
0255,0,BOTSWANA_CENTRAL_SEROWE PALAPYE_MOGAPI,27.90355332352727,-22.400536057043198,Botswana,TRO_noRES,NOx
0256,0,BOTSWANA_CENTRAL_SEROWE PALAPYE_MOGAPINYANA,27.656777003289175,-22.30921854076872,Botswana,TRO_noRES,NOx
0257,0,BOTSWANA_CENTRAL_SEROWE PALAPYE_MOGOME,26.8788884869847,-22.780246290758782,Botswana,TRO_noRES,NOx
0258,28.816380269228723,BOTSWANA_CENTRAL_SEROWE PALAPYE_MOGOROSI,26.50681705808967,-22.435754433322103,Botswana,TRO_noRES,NOx
0259,16.745182964475394,BOTSWANA_CENTRAL_SEROWE PALAPYE_MOIYABANA,25.735420719204132,-22.568416950895624,Botswana,TRO_noRES,NOx
0260,0,BOTSWANA_CENTRAL_SEROWE PALAPYE_MOKGWARE,26.78655204288414,-22.77384105120242,Botswana,TRO_noRES,NOx
0261,6.6319132678685895,BOTSWANA_CENTRAL_SEROWE PALAPYE_MOKHUNGWANA,27.306318999794403,-22.66250272126858,Botswana,TRO_noRES,NOx
0262,0,BOTSWANA_CENTRAL_SEROWE PALAPYE_MOKOKWANA,27.68970066181251,-22.615814171525756,Botswana,TRO_noRES,NOx
0263,0,BOTSWANA_CENTRAL_SEROWE PALAPYE_MOREMI,27.48231653767836,-22.53631545317506,Botswana,TRO_noRES,NOx
0264,0,BOTSWANA_CENTRAL_SEROWE PALAPYE_MOREOMABELE,27.19509262463396,-21.997866632985815,Botswana,TRO_noRES,NOx
0265,0,BOTSWANA_CENTRAL_SEROWE PALAPYE_MOSWEU,27.643842814290796,-22.648861924159835,Botswana,TRO_noRES,NOx
0266,1.385119756887443,BOTSWANA_CENTRAL_SEROWE PALAPYE_MOTSHEGALETAU,26.39728909838941,-22.561009612981003,Botswana,TRO_noRES,NOx
0267,0.04159492346475453,BOTSWANA_CENTRAL_SEROWE PALAPYE_PAJE,26.816328935481604,-22.26070768401234,Botswana,TRO_noRES,NOx
0268,377.6911087556502,BOTSWANA_CENTRAL_SEROWE PALAPYE_PALAPYE,27.16786344665423,-22.55497413257865,Botswana,TRO_noRES,NOx
0269,0,BOTSWANA_CENTRAL_SEROWE PALAPYE_RADISELE,26.988408471288807,-22.81090444695215,Botswana,TRO_noRES,NOx
0270,17.986772766834218,BOTSWANA_CENTRAL_SEROWE PALAPYE_RATHOLO,27.53938699821314,-22.68681419937455,Botswana,TRO_noRES,NOx
0271,0.32167807677416754,BOTSWANA_CENTRAL_SEROWE PALAPYE_SEHUNOU,26.385003835935297,-22.59514869100243,Botswana,TRO_noRES,NOx
0272,0,BOTSWANA_CENTRAL_SEROWE PALAPYE_SEOLWANE,27.762620325390287,-22.666448768729584,Botswana,TRO_noRES,NOx
0273,216.5413155977155,BOTSWANA_CENTRAL_SEROWE PALAPYE_SEROWE,26.50285991859318,-21.991307902066985,Botswana,TRO_noRES,NOx
0274,1.0881525262305196,BOTSWANA_CENTRAL_SEROWE PALAPYE_SERULE,27.237798390462725,-21.890009585678992,Botswana,TRO_noRES,NOx
0275,0,BOTSWANA_CENTRAL_SEROWE PALAPYE_TAMASANE,27.396841887713986,-22.3814578521284,Botswana,TRO_noRES,NOx
0276,12.472439052665452,BOTSWANA_CENTRAL_SEROWE PALAPYE_THABALA,26.421061666211095,-22.511119340536165,Botswana,TRO_noRES,NOx
0277,0,BOTSWANA_CENTRAL_SEROWE PALAPYE_TOPISI,27.22337506343467,-22.227424247307294,Botswana,TRO_noRES,NOx
0278,0,BOTSWANA_CENTRAL_SEROWE PALAPYE_TSHIMOYAPULA,27.019142014452218,-22.119432295799754,Botswana,TRO_noRES,NOx
0279,87.78843760131656,BOTSWANA_CENTRAL_SEROWE PALAPYE_TULI,28.061256491221307,-22.727203098241798,Botswana,TRO_noRES,NOx
0280,0.5538003089275065,BOTSWANA_CENTRAL_TUTUME_BOROLONG,27.32637665560921,-21.091395459266185,Botswana,TRO_noRES,NOx
0281,0,BOTSWANA_CENTRAL_TUTUME_BOROTSI,27.251654267811457,-21.026993493948527,Botswana,TRO_noRES,NOx
0282,0,BOTSWANA_CENTRAL_TUTUME_CHADIBE,27.342256409557447,-21.066229746391034,Botswana,TRO_noRES,NOx
0283,26.035613951945034,BOTSWANA_CENTRAL_TUTUME_CHANGATE,27.246529169011538,-20.323681695475976,Botswana,TRO_noRES,NOx
0284,7.23338648843374,BOTSWANA_CENTRAL_TUTUME_DAGWI,27.24543111493109,-20.205531255072483,Botswana,TRO_noRES,NOx
0285,0,BOTSWANA_CENTRAL_TUTUME_DUKWI,26.284620970093016,-20.67546283807841,Botswana,TRO_noRES,NOx
0286,2.3590117098841934,BOTSWANA_CENTRAL_TUTUME_GOSHWE,27.21557874997618,-20.535609785786193,Botswana,TRO_noRES,NOx
0287,0.31559736791356563,BOTSWANA_CENTRAL_TUTUME_GWETA,25.591976234675478,-19.905319536886395,Botswana,TRO_noRES,NOx
0288,0,BOTSWANA_CENTRAL_TUTUME_JAMATAKA,27.15547496011975,-21.068951470145485,Botswana,TRO_noRES,NOx
0289,12.810075665100024,BOTSWANA_CENTRAL_TUTUME_KUTAMOGREE,26.880512190693914,-20.75110495387822,Botswana,TRO_noRES,NOx
0290,0,BOTSWANA_CENTRAL_TUTUME_LEPASHE,26.66685337113433,-20.812417757916798,Botswana,TRO_noRES,NOx
0291,0,BOTSWANA_CENTRAL_TUTUME_MABESEKWA,26.832739428334428,-21.176734877732674,Botswana,TRO_noRES,NOx
0292,1.3500232585548542,BOTSWANA_CENTRAL_TUTUME_MAFONGO/HOBONA,27.235943246400137,-20.94573521021701,Botswana,TRO_noRES,NOx
0293,63.8600126770515,BOTSWANA_CENTRAL_TUTUME_MAITENGWE,27.011808968202775,-20.116667928999114,Botswana,TRO_noRES,NOx
0294,0,BOTSWANA_CENTRAL_TUTUME_MAKOBO,27.107677079222814,-21.02576555193948,Botswana,TRO_noRES,NOx
0295,156.04489227516387,BOTSWANA_CENTRAL_TUTUME_MAKUTA,26.936411463806042,-20.611020613663403,Botswana,TRO_noRES,NOx
0296,0.41813690188875496,BOTSWANA_CENTRAL_TUTUME_MANDUNYANE,27.164838306199922,-21.29997484522961,Botswana,TRO_noRES,NOx
0297,0.8303312606891194,BOTSWANA_CENTRAL_TUTUME_MAPOSA,26.227831043889193,-20.105672557073913,Botswana,TRO_noRES,NOx
0298,0.45471990683885355,BOTSWANA_CENTRAL_TUTUME_MARAPONG,27.060904032209528,-20.875646900092942,Botswana,TRO_noRES,NOx
0299,7.688000367993394,BOTSWANA_CENTRAL_TUTUME_MAROBELA,27.22684904528886,-20.86226718353111,Botswana,TRO_noRES,NOx
0300,7.902163636781679,BOTSWANA_CENTRAL_TUTUME_MATHANGWANE,27.301597561179328,-20.96526881266621,Botswana,TRO_noRES,NOx
0301,85.89505000162194,BOTSWANA_CENTRAL_TUTUME_MATOBO,27.07410815569497,-20.55396589314004,Botswana,TRO_noRES,NOx
0302,0,BOTSWANA_CENTRAL_TUTUME_MATSITAMA,26.795600326944548,-20.91574597947195,Botswana,TRO_noRES,NOx
0303,0,BOTSWANA_CENTRAL_TUTUME_MMANXOTAE,26.39231628230285,-20.11189737769122,Botswana,TRO_noRES,NOx
0304,0.1196365523298186,BOTSWANA_CENTRAL_TUTUME_MMEYA,26.45632418802842,-20.83403038639063,Botswana,TRO_noRES,NOx
0305,0,BOTSWANA_CENTRAL_TUTUME_MOKUBILO,26.522301620359478,-21.211068795354347,Botswana,TRO_noRES,NOx
0306,298.04546093182455,BOTSWANA_CENTRAL_TUTUME_MOSETSE,26.717225408615494,-20.61414488681695,Botswana,TRO_noRES,NOx
0307,17.94332109588003,BOTSWANA_CENTRAL_TUTUME_NATA,26.421106250465357,-20.364015464327988,Botswana,TRO_noRES,NOx
0308,0.061598801229187795,BOTSWANA_CENTRAL_TUTUME_NATALE,27.13819661363051,-21.12190933916731,Botswana,TRO_noRES,NOx
0309,55.99093351361345,BOTSWANA_CENTRAL_TUTUME_NKANGE,27.150899768186317,-20.292280125711056,Botswana,TRO_noRES,NOx
0310,11.50184967636394,BOTSWANA_CENTRAL_TUTUME_NSHAKASHOKWE,27.19448164625436,-20.800715019251136,Botswana,TRO_noRES,NOx
0311,324.5782331498862,BOTSWANA_CENTRAL_TUTUME_NSWAZWI,27.11079707796551,-20.717051379328918,Botswana,TRO_noRES,NOx
0312,6.9114119867983,BOTSWANA_CENTRAL_TUTUME_SEBINA,27.212125328697905,-20.8229088309246,Botswana,TRO_noRES,NOx
0313,18.15942959977022,BOTSWANA_CENTRAL_TUTUME_SEMITWE,27.057568754807466,-20.9304846145358,Botswana,TRO_noRES,NOx
0314,101.76896837317248,BOTSWANA_CENTRAL_TUTUME_SENETE,27.061521930586494,-20.338940466599496,Botswana,TRO_noRES,NOx
0315,0,BOTSWANA_CENTRAL_TUTUME_SEPAKO,26.42176865500974,-19.91292710159379,Botswana,TRO_noRES,NOx
0316,7.332900875842358,BOTSWANA_CENTRAL_TUTUME_SHASHE-MOOKE,27.294622390104607,-21.200689259821715,Botswana,TRO_noRES,NOx
0317,27.200873831252927,BOTSWANA_CENTRAL_TUTUME_SHASHE/SEMOTSWANE,27.353975033981698,-21.4004850680266,Botswana,TRO_noRES,NOx
0318,104.2523085595528,BOTSWANA_CENTRAL_TUTUME_TONOTA,27.390007578405545,-21.56581687363627,Botswana,TRO_noRES,NOx
0319,0,BOTSWANA_CENTRAL_TUTUME_TSHOKATSHAA,25.411457316681155,-20.073274987651395,Botswana,TRO_noRES,NOx
0320,357.1738829161322,BOTSWANA_CENTRAL_TUTUME_TUTUME,26.93343318392142,-20.358110222677443,Botswana,TRO_noRES,NOx
0321,4.217159924587773,BOTSWANA_CENTRAL_TUTUME_ZOROGA,25.931132083826565,-20.225947339100205,Botswana,TRO_noRES,NOx
0322,5.29776654551591,BOTSWANA_CHOBE_CHOBE_KACHIKAU,24.593403269312077,-18.19955337118612,Botswana,TRO_noRES,NOx
0323,24.9211773912215,BOTSWANA_CHOBE_CHOBE_KASANE,25.053605518831368,-17.95621200218165,Botswana,TRO_noRES,NOx
0324,4.876065190581043,BOTSWANA_CHOBE_CHOBE_KATABA,24.208556915615702,-18.516556039211913,Botswana,TRO_noRES,NOx
0325,13.398535505598877,BOTSWANA_CHOBE_CHOBE_KAVIMBA,24.673787397731,-18.131513519062572,Botswana,TRO_noRES,NOx
0326,6.359928672384206,BOTSWANA_CHOBE_CHOBE_KAZUNGULA,25.239551399880288,-17.81715309318576,Botswana,TRO_noRES,NOx
0327,14.662023426847352,BOTSWANA_CHOBE_CHOBE_LESOMA,25.22616409411994,-17.924922498851625,Botswana,TRO_noRES,NOx
0328,7.99548699299635,BOTSWANA_CHOBE_CHOBE_MUCHINJE/MABELE,24.80594102179805,-18.000000788213598,Botswana,TRO_noRES,NOx
0329,0.9771531771505015,BOTSWANA_CHOBE_CHOBE_NUMBER SEVEN,25.091530617419757,-18.628521496100262,Botswana,TRO_noRES,NOx
0330,0,BOTSWANA_CHOBE_CHOBE_PANDAMATENGA,25.62991931175742,-18.55507084642917,Botswana,TRO_noRES,NOx
0331,0.14743664770832618,BOTSWANA_CHOBE_CHOBE_PARAKARUNGU,24.3003425097673,-18.078920152986736,Botswana,TRO_noRES,NOx
0332,0.030645067592995904,BOTSWANA_CHOBE_CHOBE_SATAU,24.4229631549193,-18.021010667013208,Botswana,TRO_noRES,NOx
0333,1612.4091690537891,BOTSWANA_GABORONE_GABORONE_GABORONE,25.88095190745218,-24.686452843134287,Botswana,TRO_noRES,NOx
0334,26.483041990079858,BOTSWANA_GHANZI_CENTRAL KGALAGADI GAME RESERVE_CENTRAL KGALAGADI GAME RESERVE,23.84354631529824,-22.32227292696922,Botswana,TRO_noRES,NOx
0335,0,BOTSWANA_GHANZI_GHANZI_B. VISSER,22.55838233704724,-21.32992655115972,Botswana,TRO_noRES,NOx
0336,332.7519627253109,BOTSWANA_GHANZI_GHANZI_BERE,21.79557213181817,-22.740271290335002,Botswana,TRO_noRES,NOx
0337,72.01074805405739,BOTSWANA_GHANZI_GHANZI_CHARLES HILL,20.07849051397565,-22.30448292484571,Botswana,TRO_noRES,NOx
0338,0,BOTSWANA_GHANZI_GHANZI_CHARLES SHELDON,22.10987199508711,-21.572165997131027,Botswana,TRO_noRES,NOx
0339,412.6272947730503,BOTSWANA_GHANZI_GHANZI_CHOBOKWANE,21.24948179474576,-22.480947513304624,Botswana,TRO_noRES,NOx
0340,54.952275637014225,BOTSWANA_GHANZI_GHANZI_DECT ETIN,21.87694726048196,-21.572322965589386,Botswana,TRO_noRES,NOx
0341,0,BOTSWANA_GHANZI_GHANZI_DEKAR,22.065436232878568,-21.366520787607246,Botswana,TRO_noRES,NOx
0342,167.45271586114285,BOTSWANA_GHANZI_GHANZI_EAST HANAHAI,22.296004965831617,-22.138606212752848,Botswana,TRO_noRES,NOx
0343,119.8353958640339,BOTSWANA_GHANZI_GHANZI_GHANZI,21.636172818729325,-21.69600936266415,Botswana,TRO_noRES,NOx
0344,345.12372044912075,BOTSWANA_GHANZI_GHANZI_GROOTE LAAGTE,21.349883074115542,-21.38859908504291,Botswana,TRO_noRES,NOx
0345,71.59316501054083,BOTSWANA_GHANZI_GHANZI_HANS METZLER,20.164337868142784,-22.12061746486461,Botswana,TRO_noRES,NOx
0346,0.4921885742148816,BOTSWANA_GHANZI_GHANZI_J. RANSALL,20.422333298998613,-22.140780374743333,Botswana,TRO_noRES,NOx
0347,422.63882632713387,BOTSWANA_GHANZI_GHANZI_JANKI JANKI,21.346606317490824,-23.123137224643713,Botswana,TRO_noRES,NOx
0348,0,BOTSWANA_GHANZI_GHANZI_JERUNG,22.462289483631174,-21.771073127188487,Botswana,TRO_noRES,NOx
0349,0.1481199508728468,BOTSWANA_GHANZI_GHANZI_JOHN FARM,22.325500764273656,-21.113654988029502,Botswana,TRO_noRES,NOx
0350,452.7469072325146,BOTSWANA_GHANZI_GHANZI_KACGAE,22.25670639051408,-22.78108355380457,Botswana,TRO_noRES,NOx
0351,48.45531031272057,BOTSWANA_GHANZI_GHANZI_KARAKOBIS,20.69787418591688,-22.076318449477853,Botswana,TRO_noRES,NOx
0352,302.77653847494446,BOTSWANA_GHANZI_GHANZI_KULE,20.25485884411168,-22.82990220520822,Botswana,TRO_noRES,NOx
0353,260.09379540869145,BOTSWANA_GHANZI_GHANZI_MAGONO MAGONO,20.74295662591417,-23.122989899939387,Botswana,TRO_noRES,NOx
0354,325.2927488801673,BOTSWANA_GHANZI_GHANZI_MAKUNDA,20.356137474087205,-22.403140017753746,Botswana,TRO_noRES,NOx
0355,298.21418809666835,BOTSWANA_GHANZI_GHANZI_MASIRE'S FARM,21.364735361374258,-21.90738889293877,Botswana,TRO_noRES,NOx
0356,225.2565237927786,BOTSWANA_GHANZI_GHANZI_NCOJANE,20.259249043024266,-23.18993344999315,Botswana,TRO_noRES,NOx
0357,6.144074246775004,BOTSWANA_GHANZI_GHANZI_NEW XADE,22.47638609723249,-22.059709596306462,Botswana,TRO_noRES,NOx
0358,387.7914061837633,BOTSWANA_GHANZI_GHANZI_NEW XANAGAS,20.800274167066778,-22.572525810989912,Botswana,TRO_noRES,NOx
0359,0,BOTSWANA_GHANZI_GHANZI_QABO,21.72658991626723,-21.05161346564646,Botswana,TRO_noRES,NOx
0360,93.50152147964555,BOTSWANA_GHANZI_GHANZI_TSOOTSHA,20.91109497610415,-22.075747207834585,Botswana,TRO_noRES,NOx
0361,130.24149904781913,BOTSWANA_GHANZI_GHANZI_WEST HANAHAI,21.65082272869238,-22.135855131778566,Botswana,TRO_noRES,NOx
0362,10.898220937859465,BOTSWANA_JWANENG_JWANENG_JWANENG,24.757853176422884,-24.58932918017088,Botswana,TRO_noRES,NOx
0363,46.81001480364429,BOTSWANA_KGALAGADI_KGALAGADI NORTH_HUKUNTSI,21.663906534181816,-23.998763591814352,Botswana,TRO_noRES,NOx
0364,33.16014990240072,BOTSWANA_KGALAGADI_KGALAGADI NORTH_HUNHUKWE,21.77076341928267,-23.455768999361656,Botswana,TRO_noRES,NOx
0365,1.2581885637000931,BOTSWANA_KGALAGADI_KGALAGADI NORTH_INALEGOLO,22.658513508974664,-24.45585560542118,Botswana,TRO_noRES,NOx
0366,66.89552083259315,BOTSWANA_KGALAGADI_KGALAGADI NORTH_KANG,22.631383747199003,-23.529403386876705,Botswana,TRO_noRES,NOx
0367,0.5728542937921168,BOTSWANA_KGALAGADI_KGALAGADI NORTH_LEHUTUTU,22.00790879280739,-23.84360826239536,Botswana,TRO_noRES,NOx
0368,39.63999154503772,BOTSWANA_KGALAGADI_KGALAGADI NORTH_LOKGWABE,21.7851453687414,-24.07867771129318,Botswana,TRO_noRES,NOx
0369,0,BOTSWANA_KGALAGADI_KGALAGADI NORTH_MAKE,21.994205625425362,-23.680770428270183,Botswana,TRO_noRES,NOx
0370,0.9198445290487678,BOTSWANA_KGALAGADI_KGALAGADI NORTH_MONONG,21.544688834846603,-23.73920927317219,Botswana,TRO_noRES,NOx
0371,50.71342167531437,BOTSWANA_KGALAGADI_KGALAGADI NORTH_NCAANG,21.1223824590204,-23.44041697965504,Botswana,TRO_noRES,NOx
0372,0,BOTSWANA_KGALAGADI_KGALAGADI NORTH_NGWATLE,21.117355141120534,-23.647886311201248,Botswana,TRO_noRES,NOx
0373,0,BOTSWANA_KGALAGADI_KGALAGADI NORTH_PHUDUHUDU,22.580063911251433,-23.93036127904691,Botswana,TRO_noRES,NOx
0374,1.2666728087672456,BOTSWANA_KGALAGADI_KGALAGADI NORTH_TSHANE,22.009218648598967,-23.97480857848694,Botswana,TRO_noRES,NOx
0375,89.70811011355278,BOTSWANA_KGALAGADI_KGALAGADI NORTH_UKWI,20.54965855676176,-23.64224465777984,Botswana,TRO_noRES,NOx
0376,50.51863174404785,BOTSWANA_KGALAGADI_KGALAGADI NORTH_ZUTSWA,21.06879673283048,-24.378159867529472,Botswana,TRO_noRES,NOx
0377,0,BOTSWANA_KGALAGADI_KGALAGADI SOUTH_BOGOGOBO,21.939941061820672,-26.643776855439175,Botswana,TRO_noRES,NOx
0378,546.7610627174871,BOTSWANA_KGALAGADI_KGALAGADI SOUTH_BOKSPITS,21.314513491670507,-25.52305062333103,Botswana,TRO_noRES,NOx
0379,29.271687532207466,BOTSWANA_KGALAGADI_KGALAGADI SOUTH_BRAY,23.752155151918004,-25.314612046817558,Botswana,TRO_noRES,NOx
0380,0,BOTSWANA_KGALAGADI_KGALAGADI SOUTH_GACHIBANA,21.318615947145076,-26.76135876855932,Botswana,TRO_noRES,NOx
0381,340.6901265916892,BOTSWANA_KGALAGADI_KGALAGADI SOUTH_KHISA,22.627311790636153,-25.661301014142644,Botswana,TRO_noRES,NOx
0382,0,BOTSWANA_KGALAGADI_KGALAGADI SOUTH_KHUIS,21.778745594602643,-26.61621321259511,Botswana,TRO_noRES,NOx
0383,0,BOTSWANA_KGALAGADI_KGALAGADI SOUTH_KHWAWA,21.536389504618732,-26.33146231350371,Botswana,TRO_noRES,NOx
0384,285.06454995936014,BOTSWANA_KGALAGADI_KGALAGADI SOUTH_KOKOTSHA,23.282665786747692,-24.952596354252385,Botswana,TRO_noRES,NOx
0385,0,BOTSWANA_KGALAGADI_KGALAGADI SOUTH_KOLONKWANE,21.998886440804885,-26.46695305601831,Botswana,TRO_noRES,NOx
0386,96.61985552179121,BOTSWANA_KGALAGADI_KGALAGADI SOUTH_MAKOPONG,23.00557554126552,-25.279785016029198,Botswana,TRO_noRES,NOx
0387,148.16393862073193,BOTSWANA_KGALAGADI_KGALAGADI SOUTH_MALESHE,22.578885408820124,-25.861705230970156,Botswana,TRO_noRES,NOx
0388,76.91962402013112,BOTSWANA_KGALAGADI_KGALAGADI SOUTH_MARALALENG,22.68707487230088,-25.784682276497044,Botswana,TRO_noRES,NOx
0389,54.424759627355215,BOTSWANA_KGALAGADI_KGALAGADI SOUTH_MAUBELO,22.38337590834033,-25.32060395255863,Botswana,TRO_noRES,NOx
0390,0,BOTSWANA_KGALAGADI_KGALAGADI SOUTH_MIDDLEPITS,21.88965522829646,-26.64510622003729,Botswana,TRO_noRES,NOx
0391,141.16190315470575,BOTSWANA_KGALAGADI_KGALAGADI SOUTH_MOLOPO FARMS,23.901539179894392,-25.218667431791786,Botswana,TRO_noRES,NOx
0392,63.22868333889745,BOTSWANA_KGALAGADI_KGALAGADI SOUTH_OMAWENENO,22.58460683893281,-25.787109823452095,Botswana,TRO_noRES,NOx
0393,341.85663197245566,BOTSWANA_KGALAGADI_KGALAGADI SOUTH_PHEPHENG/DRAAIHOEK,22.78105010135853,-25.353110330504997,Botswana,TRO_noRES,NOx
0394,0,BOTSWANA_KGALAGADI_KGALAGADI SOUTH_RAPPLES PAN,21.008575646663,-26.638159980643096,Botswana,TRO_noRES,NOx
0395,1.861284129045652,BOTSWANA_KGALAGADI_KGALAGADI SOUTH_STRUIZENDAM,20.634736317115014,-26.674011578479416,Botswana,TRO_noRES,NOx
0396,116.07412377775431,BOTSWANA_KGALAGADI_KGALAGADI SOUTH_TSABONG,22.533675678870342,-26.03261068358875,Botswana,TRO_noRES,NOx
0397,0,BOTSWANA_KGALAGADI_KGALAGADI SOUTH_VAALHOEK,20.899174768893236,-26.63085165782585,Botswana,TRO_noRES,NOx
0398,638.4694880324995,BOTSWANA_KGALAGADI_KGALAGADI SOUTH_WERDA,23.074307700309763,-25.079935228446647,Botswana,TRO_noRES,NOx
0399,0,BOTSWANA_KGATLENG_KGATLENG_ARTISIA,26.329598045283216,-24.01646307301413,Botswana,TRO_noRES,NOx
0400,52.985412476276885,BOTSWANA_KGATLENG_KGATLENG_BOKAA,25.97195065976654,-24.450230086407068,Botswana,TRO_noRES,NOx
0401,0,BOTSWANA_KGATLENG_KGATLENG_DIKGONNYE,26.029703255813914,-24.096171191247226,Botswana,TRO_noRES,NOx
0402,19.265485643109326,BOTSWANA_KGATLENG_KGATLENG_DIKWIDIDI,26.17999949757091,-24.55666835671585,Botswana,TRO_noRES,NOx
0403,0,BOTSWANA_KGATLENG_KGATLENG_KGOMODIATSHABA,26.269863148495805,-23.959055603855354,Botswana,TRO_noRES,NOx
0404,0,BOTSWANA_KGATLENG_KGATLENG_KHURUTSHE,26.132859344771337,-23.690545327799267,Botswana,TRO_noRES,NOx
0405,0,BOTSWANA_KGATLENG_KGATLENG_LESHIBITSE,26.406165055796965,-23.83651089330935,Botswana,TRO_noRES,NOx
0406,48.26711903522931,BOTSWANA_KGATLENG_KGATLENG_MABALANE,26.28893676301754,-24.621655976454754,Botswana,TRO_noRES,NOx
0407,0,BOTSWANA_KGATLENG_KGATLENG_MALOLWANE,26.430380010494872,-24.457842437404707,Botswana,TRO_noRES,NOx
0408,12.03982279803381,BOTSWANA_KGATLENG_KGATLENG_MALOTWANA SIDING,26.151012846299633,-24.29179457997145,Botswana,TRO_noRES,NOx
0409,26.195372564050476,BOTSWANA_KGATLENG_KGATLENG_MATEBELENG,26.04953135972325,-24.525143676862136,Botswana,TRO_noRES,NOx
0410,6.732873104964496,BOTSWANA_KGATLENG_KGATLENG_MMATHUBUDUKWANE,26.402194016452356,-24.58953432239364,Botswana,TRO_noRES,NOx
0411,153.06475644870466,BOTSWANA_KGATLENG_KGATLENG_MOCHUDI,26.47677571716603,-24.23454264974918,Botswana,TRO_noRES,NOx
0412,29.843046675966242,BOTSWANA_KGATLENG_KGATLENG_MODIPANE,26.172106866832117,-24.61311568769224,Botswana,TRO_noRES,NOx
0413,55.33146223320308,BOTSWANA_KGATLENG_KGATLENG_MORWA,26.089564160859158,-24.467876815246445,Botswana,TRO_noRES,NOx
0414,0,BOTSWANA_KGATLENG_KGATLENG_OLIPHANTS DRIFT,26.833613302849894,-24.18652011472838,Botswana,TRO_noRES,NOx
0415,26.43024978142053,BOTSWANA_KGATLENG_KGATLENG_OODI,26.09229785618965,-24.566777150464368,Botswana,TRO_noRES,NOx
0416,18.940326161598847,BOTSWANA_KGATLENG_KGATLENG_PILANE STATION,26.10483646643129,-24.415535218505003,Botswana,TRO_noRES,NOx
0417,0.12626444059316916,BOTSWANA_KGATLENG_KGATLENG_RAMONAKA,26.446902425513134,-24.542320856771433,Botswana,TRO_noRES,NOx
0418,0,BOTSWANA_KGATLENG_KGATLENG_RAMOTLABAKI,26.871752159032944,-23.894065124338375,Botswana,TRO_noRES,NOx
0419,54.911813961893664,BOTSWANA_KGATLENG_KGATLENG_RASESA,26.029082284030856,-24.334812008927873,Botswana,TRO_noRES,NOx
0420,2.4934615908908206,BOTSWANA_KGATLENG_KGATLENG_SIKWANE,26.40976832130963,-24.631382480577347,Botswana,TRO_noRES,NOx
0421,35.05771555383478,BOTSWANA_KWENENG_KWENENG EAST_BDF MOGODITSHANE,25.866597567365684,-24.60177989688917,Botswana,TRO_noRES,NOx
0422,19.527633490543217,BOTSWANA_KWENENG_KWENENG EAST_BOATLANAME,25.90698626304365,-23.603697827888347,Botswana,TRO_noRES,NOx
0423,1.9402639346184032,BOTSWANA_KWENENG_KWENENG EAST_DIKGATLHONG,25.890773108192004,-24.22990108004598,Botswana,TRO_noRES,NOx
0424,16.79475684996393,BOTSWANA_KWENENG_KWENENG EAST_DITSHUKUDU,25.79018424903999,-24.31657903586985,Botswana,TRO_noRES,NOx
0425,441.35767559320243,BOTSWANA_KWENENG_KWENENG EAST_GABANE,25.724856086362443,-24.625622432889752,Botswana,TRO_noRES,NOx
0426,0,BOTSWANA_KWENENG_KWENENG EAST_GAKGATLA,25.558388738489484,-24.555893651556392,Botswana,TRO_noRES,NOx
0427,56.103812724090346,BOTSWANA_KWENENG_KWENENG EAST_GAKUTLO,25.795893008492364,-24.485500847618265,Botswana,TRO_noRES,NOx
0428,8.700105440681142,BOTSWANA_KWENENG_KWENENG EAST_GAMODUBU,25.71707045103724,-24.50745373492028,Botswana,TRO_noRES,NOx
0429,87.6548729140411,BOTSWANA_KWENENG_KWENENG EAST_HATSALATLADI,25.655128743903163,-24.053036283307804,Botswana,TRO_noRES,NOx
0430,13.92377842431225,BOTSWANA_KWENENG_KWENENG EAST_KGOPE,25.90730765578967,-24.309697924278826,Botswana,TRO_noRES,NOx
0431,69.19364098912327,BOTSWANA_KWENENG_KWENENG EAST_KOPONG,25.870465764300775,-24.444158127481042,Botswana,TRO_noRES,NOx
0432,0,BOTSWANA_KWENENG_KWENENG EAST_KUBUNG,25.360366076259005,-24.614971635386656,Botswana,TRO_noRES,NOx
0433,96.6101830037981,BOTSWANA_KWENENG_KWENENG EAST_KUMAKWANE,25.672697196778568,-24.673575670712168,Botswana,TRO_noRES,NOx
0434,153.6660658911019,BOTSWANA_KWENENG_KWENENG EAST_KWENENG,25.828354177294415,-23.852566021088684,Botswana,TRO_noRES,NOx
0435,29.033967635399968,BOTSWANA_KWENENG_KWENENG EAST_LENTSWELETAU,25.870136138465416,-24.167826671475748,Botswana,TRO_noRES,NOx
0436,0,BOTSWANA_KWENENG_KWENENG EAST_LEOLOGANE,25.64433800339369,-23.434433772014575,Botswana,TRO_noRES,NOx
0437,0,BOTSWANA_KWENENG_KWENENG EAST_LEPHEPHE,25.894174284633333,-23.40765559827626,Botswana,TRO_noRES,NOx
0438,0,BOTSWANA_KWENENG_KWENENG EAST_LOSILAKGOKONG,25.34988894663335,-24.571135771940597,Botswana,TRO_noRES,NOx
0439,28.168824885750002,BOTSWANA_KWENENG_KWENENG EAST_MAHETLWE,25.665185137212088,-24.23905297400607,Botswana,TRO_noRES,NOx
0440,4.239384602699164,BOTSWANA_KWENENG_KWENENG EAST_MEDIE,25.874565240962703,-24.031116366980243,Botswana,TRO_noRES,NOx
0441,107.68006436192323,BOTSWANA_KWENENG_KWENENG EAST_METSIMOTLHABE,25.814813747961594,-24.57843758628985,Botswana,TRO_noRES,NOx
0442,25.298342634569323,BOTSWANA_KWENENG_KWENENG EAST_MMANKGODI,25.623117562536567,-24.72944762315122,Botswana,TRO_noRES,NOx
0443,61.692200123487225,BOTSWANA_KWENENG_KWENENG EAST_MMANOKO,25.64934009640395,-24.42250311648915,Botswana,TRO_noRES,NOx
0444,10.938669757115084,BOTSWANA_KWENENG_KWENENG EAST_MMATSETA,25.85895904561137,-24.512431056468085,Botswana,TRO_noRES,NOx
0445,236.16939495997582,BOTSWANA_KWENENG_KWENENG EAST_MMOPANE,25.831916673401516,-24.543107056933852,Botswana,TRO_noRES,NOx
0446,369.8272126407264,BOTSWANA_KWENENG_KWENENG EAST_MOGODITSHANE,25.85842184630358,-24.60738400491993,Botswana,TRO_noRES,NOx
0447,24.043653297686728,BOTSWANA_KWENENG_KWENENG EAST_MOGONONO,25.577935957073354,-24.234385269062876,Botswana,TRO_noRES,NOx
0448,44.12136653458056,BOTSWANA_KWENENG_KWENENG EAST_MOKOLODI,25.81603234528639,-24.697241109077822,Botswana,TRO_noRES,NOx
0449,459.07736736471344,BOTSWANA_KWENENG_KWENENG EAST_MOLEPOLOLE,25.5497055386965,-24.395542548425816,Botswana,TRO_noRES,NOx
0450,19.702620889807122,BOTSWANA_KWENENG_KWENENG EAST_RAMAPHATLE,25.61446897045962,-24.70394371590776,Botswana,TRO_noRES,NOx
0451,56.065556751337574,BOTSWANA_KWENENG_KWENENG EAST_SHADISHADI,25.6542773445706,-23.631687537826256,Botswana,TRO_noRES,NOx
0452,0,BOTSWANA_KWENENG_KWENENG EAST_SOJWE,25.81060306743436,-23.447805731300946,Botswana,TRO_noRES,NOx
0453,98.54734740038288,BOTSWANA_KWENENG_KWENENG EAST_THAMAGA,25.512202536353346,-24.636709032733712,Botswana,TRO_noRES,NOx
0454,0,BOTSWANA_KWENENG_KWENENG EAST_TLOANENG,25.718436819740113,-24.748830124610986,Botswana,TRO_noRES,NOx
0455,11.133137766396647,BOTSWANA_KWENENG_KWENENG WEST_BOTLHAPATLOU,25.49433742402101,-23.950964377275472,Botswana,TRO_noRES,NOx
0456,0,BOTSWANA_KWENENG_KWENENG WEST_DIPHUDUHUDU,25.361313831639055,-23.66424037279965,Botswana,TRO_noRES,NOx
0457,45.80928810513708,BOTSWANA_KWENENG_KWENENG WEST_DITSHEGWANE,24.967494356636315,-24.325453739104706,Botswana,TRO_noRES,NOx
0458,8.708666963926111,BOTSWANA_KWENENG_KWENENG WEST_DUTLWE,24.010209606049106,-24.0766543302552,Botswana,TRO_noRES,NOx
0459,0,BOTSWANA_KWENENG_KWENENG WEST_KAUDWANE,24.659436878890112,-23.367661970601763,Botswana,TRO_noRES,NOx
0460,6.730429955988152,BOTSWANA_KWENENG_KWENENG WEST_KHUDUMELAPYE,25.170144578603114,-23.791371348563107,Botswana,TRO_noRES,NOx
0461,55.37995581644998,BOTSWANA_KWENENG_KWENENG WEST_KOTOLANAME,25.344981106952105,-24.426360101349005,Botswana,TRO_noRES,NOx
0462,729.0019752997464,BOTSWANA_KWENENG_KWENENG WEST_LETLHAKENG,25.055504504543418,-24.07736578153483,Botswana,TRO_noRES,NOx
0463,38.40255178368691,BOTSWANA_KWENENG_KWENENG WEST_MABOANE,24.62981126929652,-24.01531720256432,Botswana,TRO_noRES,NOx
0464,0.25982876297049884,BOTSWANA_KWENENG_KWENENG WEST_MALWELWE,25.388569305562967,-24.124123864830562,Botswana,TRO_noRES,NOx
0465,54.35935441849809,BOTSWANA_KWENENG_KWENENG WEST_MANTSHWABISI,25.20948564723073,-24.090430074502226,Botswana,TRO_noRES,NOx
0466,0,BOTSWANA_KWENENG_KWENENG WEST_MARATSHWANE,25.27943300340971,-24.00543002229499,Botswana,TRO_noRES,NOx
0467,37.4907253645242,BOTSWANA_KWENENG_KWENENG WEST_METSIBOTLHOKO,24.88334535341407,-24.02100921043726,Botswana,TRO_noRES,NOx
0468,0.69449722536059455,BOTSWANA_KWENENG_KWENENG WEST_MONWANE,25.208167783087692,-24.31675483950471,Botswana,TRO_noRES,NOx
0469,0,BOTSWANA_KWENENG_KWENENG WEST_MOSHAWENG,25.126758323030916,-24.50223959697767,Botswana,TRO_noRES,NOx
0470,0.09981974339535211,BOTSWANA_KWENENG_KWENENG WEST_MOTOKWE,23.393326314118752,-23.949217767767472,Botswana,TRO_noRES,NOx
0471,0,BOTSWANA_KWENENG_KWENENG WEST_NGWARE,25.472317051558928,-23.407189666362918,Botswana,TRO_noRES,NOx
0472,0,BOTSWANA_KWENENG_KWENENG WEST_SALAJWE,24.700069233188845,-23.586968168257275,Botswana,TRO_noRES,NOx
0473,12.972892391306658,BOTSWANA_KWENENG_KWENENG WEST_SERINANE,25.19951548113084,-24.18969812658127,Botswana,TRO_noRES,NOx
0474,7.265432694412853,BOTSWANA_KWENENG_KWENENG WEST_SESUNG,24.920484389582054,-24.098764991625394,Botswana,TRO_noRES,NOx
0475,0,BOTSWANA_KWENENG_KWENENG WEST_SORILATHOLO,25.06367528301778,-23.48111009752001,Botswana,TRO_noRES,NOx
0476,40.62839245366708,BOTSWANA_KWENENG_KWENENG WEST_TAKATOKWANE,24.333986142124967,-23.897263235861104,Botswana,TRO_noRES,NOx
0477,44.44537433191042,BOTSWANA_KWENENG_KWENENG WEST_THEBEPHATSHWA,25.33911813426609,-24.229770927348877,Botswana,TRO_noRES,NOx
0478,0,BOTSWANA_KWENENG_KWENENG WEST_TSETSENG,23.346608409362428,-23.556625874898454,Botswana,TRO_noRES,NOx
0479,0,BOTSWANA_KWENENG_KWENENG WEST_TSWAANE,23.844303310573697,-23.677953470418096,Botswana,TRO_noRES,NOx
0480,19.141134550796217,BOTSWANA_LOBATSE_LOBATSE_LOBATSE,25.680222039240462,-25.21156716052995,Botswana,TRO_noRES,NOx
0481,0,BOTSWANA_NORTH EAST_NORTH EAST_BOTALAOTE,27.23593919430158,-20.74011790617292,Botswana,TRO_noRES,NOx
0482,0,BOTSWANA_NORTH EAST_NORTH EAST_BUTALE,27.676071500645865,-20.656116388620305,Botswana,TRO_noRES,NOx
0483,116.31785846859137,BOTSWANA_NORTH EAST_NORTH EAST_DITLADI,27.593853189898606,-21.357392846398774,Botswana,TRO_noRES,NOx
0484,0,BOTSWANA_NORTH EAST_NORTH EAST_GAMBULE,27.39900708699297,-20.563127167228444,Botswana,TRO_noRES,NOx
0485,7.798993715512038,BOTSWANA_NORTH EAST_NORTH EAST_GULUBANE,27.31358281638026,-20.901873558761327,Botswana,TRO_noRES,NOx
0486,0,BOTSWANA_NORTH EAST_NORTH EAST_GUNGWE,27.38271596277986,-20.484327285782342,Botswana,TRO_noRES,NOx
0487,22.713581331383264,BOTSWANA_NORTH EAST_NORTH EAST_HASKINS FARM,27.53856707842432,-20.942088468645853,Botswana,TRO_noRES,NOx
0488,0,BOTSWANA_NORTH EAST_NORTH EAST_JACKALAS 1,27.70190501415433,-20.551898920198756,Botswana,TRO_noRES,NOx
0489,0,BOTSWANA_NORTH EAST_NORTH EAST_JACKALAS 2,27.684263288454705,-20.943529822684937,Botswana,TRO_noRES,NOx
0490,162.70259775694905,BOTSWANA_NORTH EAST_NORTH EAST_JOHANNES KACHEJOHN,27.416370017173527,-21.032990996945774,Botswana,TRO_noRES,NOx
0491,0.2018138529958407,BOTSWANA_NORTH EAST_NORTH EAST_KALAKAMATI,27.325085093746505,-20.616599567778596,Botswana,TRO_noRES,NOx
0492,0,BOTSWANA_NORTH EAST_NORTH EAST_KGARI,27.62095491247424,-20.59772226024511,Botswana,TRO_noRES,NOx
0493,2.83322662181717,BOTSWANA_NORTH EAST_NORTH EAST_LETSHOLATHEBE,27.42289424926035,-20.718374886141437,Botswana,TRO_noRES,NOx
0494,0,BOTSWANA_NORTH EAST_NORTH EAST_MABUDZANE,27.65030964853915,-20.906207513366976,Botswana,TRO_noRES,NOx
0495,7.114667959823226,BOTSWANA_NORTH EAST_NORTH EAST_MAKALENG,27.285094240822392,-20.79040562603129,Botswana,TRO_noRES,NOx
0496,0,BOTSWANA_NORTH EAST_NORTH EAST_MAMBO,27.339806500913884,-20.78191758239405,Botswana,TRO_noRES,NOx
0497,0,BOTSWANA_NORTH EAST_NORTH EAST_MAPOKA,27.583403081931646,-20.534321559571424,Botswana,TRO_noRES,NOx
0498,7.526965582988655,BOTSWANA_NORTH EAST_NORTH EAST_MASINGWANENG,27.31796380391279,-20.837868143226277,Botswana,TRO_noRES,NOx
0499,0,BOTSWANA_NORTH EAST_NORTH EAST_MASUKWANE,27.54938882946871,-20.590964331617293,Botswana,TRO_noRES,NOx
0500,0,BOTSWANA_NORTH EAST_NORTH EAST_MASUNGA,27.434400286669504,-20.627325508955153,Botswana,TRO_noRES,NOx
0501,17.995393268313975,BOTSWANA_NORTH EAST_NORTH EAST_MATENGE,27.243163563094196,-20.824890359812834,Botswana,TRO_noRES,NOx
0502,434.9963831044855,BOTSWANA_NORTH EAST_NORTH EAST_MATSHELAGABEDI,27.625910201894996,-21.12872037207013,Botswana,TRO_noRES,NOx
0503,247.37438390649356,BOTSWANA_NORTH EAST_NORTH EAST_MATSILOJE,27.79748603303526,-21.272615331495285,Botswana,TRO_noRES,NOx
0504,0.3181046956306032,BOTSWANA_NORTH EAST_NORTH EAST_MBALAMBI,27.339335713407475,-20.51403109309788,Botswana,TRO_noRES,NOx
0505,0,BOTSWANA_NORTH EAST_NORTH EAST_MOROKA,27.64533883665974,-20.526246843989444,Botswana,TRO_noRES,NOx
0506,0,BOTSWANA_NORTH EAST_NORTH EAST_MOSOJANE,27.510648322475955,-20.605682710993673,Botswana,TRO_noRES,NOx
0507,0,BOTSWANA_NORTH EAST_NORTH EAST_MOWANA,27.63647955779588,-20.777830273205144,Botswana,TRO_noRES,NOx
0508,0,BOTSWANA_NORTH EAST_NORTH EAST_MULAMBAKWENA,27.46594067350093,-20.57301251814986,Botswana,TRO_noRES,NOx
0509,0,BOTSWANA_NORTH EAST_NORTH EAST_NLAKHWANE,27.517632990383536,-20.518539158214796,Botswana,TRO_noRES,NOx
0510,3.4885250555154337,BOTSWANA_NORTH EAST_NORTH EAST_PATAYAMATEBELE,27.737992823316166,-21.4643350004061,Botswana,TRO_noRES,NOx
0511,0,BOTSWANA_NORTH EAST_NORTH EAST_POLE,27.574132779023316,-20.610493660531436,Botswana,TRO_noRES,NOx
0512,0,BOTSWANA_NORTH EAST_NORTH EAST_RAMOKGWEBANA,27.662924110656288,-20.583729469679355,Botswana,TRO_noRES,NOx
0513,4.133621669928382,BOTSWANA_NORTH EAST_NORTH EAST_SECHELE,27.38485539651099,-20.797350422844442,Botswana,TRO_noRES,NOx
0514,0.1163892009095202,BOTSWANA_NORTH EAST_NORTH EAST_SEKAKANGWE,27.324905899544337,-20.566292847964146,Botswana,TRO_noRES,NOx
0515,0,BOTSWANA_NORTH EAST_NORTH EAST_SENYAWE,27.6781087349486,-20.734971000867784,Botswana,TRO_noRES,NOx
0516,73.06239172647359,BOTSWANA_NORTH EAST_NORTH EAST_SHASHE BRIDGE,27.441314891279994,-21.258844535487142,Botswana,TRO_noRES,NOx
0517,0,BOTSWANA_NORTH EAST_NORTH EAST_SIVIYA,27.69697685871457,-20.82969467830003,Botswana,TRO_noRES,NOx
0518,3.308943754629707,BOTSWANA_NORTH EAST_NORTH EAST_TATI SIDING,27.46845579652601,-21.26452617148856,Botswana,TRO_noRES,NOx
0519,0.146264451523016,BOTSWANA_NORTH EAST_NORTH EAST_THEMASHANGA,27.55069700154272,-20.72636426785868,Botswana,TRO_noRES,NOx
0520,1.2701169486441999,BOTSWANA_NORTH EAST_NORTH EAST_TOTENG,27.270345176482714,-20.719997560519936,Botswana,TRO_noRES,NOx
0521,0,BOTSWANA_NORTH EAST_NORTH EAST_TSAMAYA,27.65197854641795,-20.83445747757975,Botswana,TRO_noRES,NOx
0522,0,BOTSWANA_NORTH EAST_NORTH EAST_TSHESEBE,27.60488659969322,-20.718620239818698,Botswana,TRO_noRES,NOx
0523,0,BOTSWANA_NORTH EAST_NORTH EAST_VUKWI,27.38708622858749,-20.607139935771677,Botswana,TRO_noRES,NOx
0524,0,BOTSWANA_NORTH EAST_NORTH EAST_ZWENSHAMBE,27.448183551665426,-20.504176199278817,Botswana,TRO_noRES,NOx
0525,3.5713851600367024,BOTSWANA_NORTH WEST_NGAMILAND DELTA_NGAMILAND DELTA,22.960336814344046,-19.43828751092393,Botswana,TRO_noRES,NOx
0526,0,BOTSWANA_NORTH WEST_NGAMILAND EAST_BODIBENG,22.600564390842983,-20.54248828687454,Botswana,TRO_noRES,NOx
0527,241.34561789294128,BOTSWANA_NORTH WEST_NGAMILAND EAST_BOTLHATLOGO,22.726763405990695,-20.74674723011069,Botswana,TRO_noRES,NOx
0528,0,BOTSWANA_NORTH WEST_NGAMILAND EAST_CHANOGA,23.67422168898431,-20.16363542170472,Botswana,TRO_noRES,NOx
0529,0,BOTSWANA_NORTH WEST_NGAMILAND EAST_HABU,22.399450144071537,-19.835986974771608,Botswana,TRO_noRES,NOx
0530,132.14973541654177,BOTSWANA_NORTH WEST_NGAMILAND EAST_KARENG,22.300472651793307,-20.754601900098116,Botswana,TRO_noRES,NOx
0531,0,BOTSWANA_NORTH WEST_NGAMILAND EAST_KGAKGE/MAKAKUNG,22.500435832111794,-20.540049424101177,Botswana,TRO_noRES,NOx
0532,0,BOTSWANA_NORTH WEST_NGAMILAND EAST_KOMANA,23.23556501767629,-20.197324460737033,Botswana,TRO_noRES,NOx
0533,6.744934876284466,BOTSWANA_NORTH WEST_NGAMILAND EAST_MABABE,23.997011922196286,-19.182027762406623,Botswana,TRO_noRES,NOx
0534,0.036664429150291694,BOTSWANA_NORTH WEST_NGAMILAND EAST_MAKALAMABEDI,23.41521287773188,-20.67081042197008,Botswana,TRO_noRES,NOx
0535,8.469628029961704,BOTSWANA_NORTH WEST_NGAMILAND EAST_MATLAPANA,23.546036955690333,-19.921555467159827,Botswana,TRO_noRES,NOx
0536,3.3131326154523895,BOTSWANA_NORTH WEST_NGAMILAND EAST_MATSAUDI/SAKAPNAE,23.675283205409393,-19.806194245710948,Botswana,TRO_noRES,NOx
0537,200.29925438630906,BOTSWANA_NORTH WEST_NGAMILAND EAST_MAUN,24.199903111118402,-19.619553541252102,Botswana,TRO_noRES,NOx
0538,14.474089511472304,BOTSWANA_NORTH WEST_NGAMILAND EAST_PHUDUHUDU,24.645957266286953,-20.051304523225582,Botswana,TRO_noRES,NOx
0539,5.870074457014399,BOTSWANA_NORTH WEST_NGAMILAND EAST_SANKUYO,23.881724902731463,-19.421659901868495,Botswana,TRO_noRES,NOx
0540,5.671980079236081,BOTSWANA_NORTH WEST_NGAMILAND EAST_SEHITHWA,22.677793302639653,-20.237066774603015,Botswana,TRO_noRES,NOx
0541,0,BOTSWANA_NORTH WEST_NGAMILAND EAST_SEMBOYO,22.27649485221952,-20.354376077745215,Botswana,TRO_noRES,NOx
0542,160.1774426906322,BOTSWANA_NORTH WEST_NGAMILAND EAST_SHOROBE,23.712796248799126,-19.11296691544541,Botswana,TRO_noRES,NOx
0543,183.41872606032655,BOTSWANA_NORTH WEST_NGAMILAND EAST_TOTENG,22.999306808598018,-20.32082005396448,Botswana,TRO_noRES,NOx
0544,0,BOTSWANA_NORTH WEST_NGAMILAND EAST_TSAO,22.28659245098526,-20.02090488822863,Botswana,TRO_noRES,NOx
0545,33.614650170711585,BOTSWANA_NORTH WEST_NGAMILAND WEST_BEETSHA,22.953920477145694,-18.380166226946653,Botswana,TRO_noRES,NOx
0546,0,BOTSWANA_NORTH WEST_NGAMILAND WEST_CHUKUMUCHU,21.598703917965935,-18.74824397962615,Botswana,TRO_noRES,NOx
0547,15.71500008269113,BOTSWANA_NORTH WEST_NGAMILAND WEST_ERETSHA,22.86584821151028,-18.79052805025673,Botswana,TRO_noRES,NOx
0548,0,BOTSWANA_NORTH WEST_NGAMILAND WEST_ETSHA 1,22.224044369783737,-19.242642574470672,Botswana,TRO_noRES,NOx
0549,0,BOTSWANA_NORTH WEST_NGAMILAND WEST_ETSHA 13,22.229743070714033,-19.017116669937373,Botswana,TRO_noRES,NOx
0550,0,BOTSWANA_NORTH WEST_NGAMILAND WEST_ETSHA 6,22.229066360329956,-19.108258691269373,Botswana,TRO_noRES,NOx
0551,0,BOTSWANA_NORTH WEST_NGAMILAND WEST_GANI,21.444696927418082,-18.405419080628068,Botswana,TRO_noRES,NOx
0552,28.107199873194283,BOTSWANA_NORTH WEST_NGAMILAND WEST_GONUTSUGA,22.59253926092765,-18.87801840211525,Botswana,TRO_noRES,NOx
0553,0.16574122227495902,BOTSWANA_NORTH WEST_NGAMILAND WEST_GUDINGWA,22.905784262247845,-18.563529796191204,Botswana,TRO_noRES,NOx
0554,0,BOTSWANA_NORTH WEST_NGAMILAND WEST_GUMARE,22.131570836874936,-19.394550571792966,Botswana,TRO_noRES,NOx
0555,0,BOTSWANA_NORTH WEST_NGAMILAND WEST_IKOGA,22.218249775302052,-18.888300198172978,Botswana,TRO_noRES,NOx
0556,0,BOTSWANA_NORTH WEST_NGAMILAND WEST_KAJAJA,21.992248859877353,-18.703015404036154,Botswana,TRO_noRES,NOx
0557,6.368651787289608,BOTSWANA_NORTH WEST_NGAMILAND WEST_KAUXWHI,21.93273566781973,-18.270501890330234,Botswana,TRO_noRES,NOx
0558,28.603985632989275,BOTSWANA_NORTH WEST_NGAMILAND WEST_MOGOMOTHO,22.252300749707768,-18.492510662073524,Botswana,TRO_noRES,NOx
0559,3.4716166278512857,BOTSWANA_NORTH WEST_NGAMILAND WEST_MOHEMBO EAST,21.802957716080922,-18.266524959816728,Botswana,TRO_noRES,NOx
0560,28.479073623907045,BOTSWANA_NORTH WEST_NGAMILAND WEST_MOHEMBO WEST,21.66725143544976,-18.312119665836942,Botswana,TRO_noRES,NOx
0561,9.993645888776785,BOTSWANA_NORTH WEST_NGAMILAND WEST_MOKGACHA,22.28535493171085,-18.701773297683296,Botswana,TRO_noRES,NOx
0562,41.46916742332602,BOTSWANA_NORTH WEST_NGAMILAND WEST_NGARANGE,22.04454772324353,-18.490470871633665,Botswana,TRO_noRES,NOx
0563,0,BOTSWANA_NORTH WEST_NGAMILAND WEST_NOKANENG,22.21151988099178,-19.64313399653268,Botswana,TRO_noRES,NOx
0564,3.540336613115502,BOTSWANA_NORTH WEST_NGAMILAND WEST_NXAMASERE,21.95986197574487,-18.61796345462013,Botswana,TRO_noRES,NOx
0565,0,BOTSWANA_NORTH WEST_NGAMILAND WEST_NXAUNXAU,21.351524290127983,-18.90359537023587,Botswana,TRO_noRES,NOx
0566,0,BOTSWANA_NORTH WEST_NGAMILAND WEST_QANGWA,21.56450523279803,-19.49744243797423,Botswana,TRO_noRES,NOx
0567,39.549846399951434,BOTSWANA_NORTH WEST_NGAMILAND WEST_SAMOCHEMA,21.807530849136374,-18.491110966045003,Botswana,TRO_noRES,NOx
0568,8.565681899988489,BOTSWANA_NORTH WEST_NGAMILAND WEST_SEKONDOMBORO,22.116154551020507,-18.31395834682349,Botswana,TRO_noRES,NOx
0569,0,BOTSWANA_NORTH WEST_NGAMILAND WEST_SEPOPA,22.058884839789098,-18.787426270755017,Botswana,TRO_noRES,NOx
0570,24.342296098993465,BOTSWANA_NORTH WEST_NGAMILAND WEST_SERONGA,22.432137134077763,-18.68657047380979,Botswana,TRO_noRES,NOx
0571,109.56552466964169,BOTSWANA_NORTH WEST_NGAMILAND WEST_SHAKAWE,21.734262044931864,-18.42525466967516,Botswana,TRO_noRES,NOx
0572,0,BOTSWANA_NORTH WEST_NGAMILAND WEST_TUBU,22.343676013963407,-19.42290273539071,Botswana,TRO_noRES,NOx
0573,121.00102375504066,BOTSWANA_NORTH WEST_NGAMILAND WEST_XAKAO,21.89184146965982,-18.35122741006872,Botswana,TRO_noRES,NOx
0574,0.14286515914998857,BOTSWANA_NORTH WEST_NGAMILAND WEST_XAXA,21.481474650920102,-20.367126109392327,Botswana,TRO_noRES,NOx
0575,36.82784212487886,BOTSWANA_NORTH WEST_NGAMILAND WEST_XHAUGA,21.8600876919785,-18.555460050065392,Botswana,TRO_noRES,NOx
0576,3.6906162637290363,BOTSWANA_ORAPA_ORAPA_ORAPA,25.3996206036354,-21.263370671233456,Botswana,TRO_noRES,NOx
0577,28.778784645560194,BOTSWANA_SELIBE PHIKWE_SELIBE PHIKWE_SELIBE PHIKWE,27.837207638783738,-21.958685691075345,Botswana,TRO_noRES,NOx
0578,77.87591386407146,BOTSWANA_SOUTH EAST_SOUTH EAST_DOORN LAAGTE,25.651786031535003,-25.28255683886919,Botswana,TRO_noRES,NOx
0579,53.6898841997203,BOTSWANA_SOUTH EAST_SOUTH EAST_HILDAVALE,25.616656741956373,-25.403085615302597,Botswana,TRO_noRES,NOx
0580,2.961263227268072,BOTSWANA_SOUTH EAST_SOUTH EAST_LOBATSE ESTATES,25.699833727272946,-25.141969237065187,Botswana,TRO_noRES,NOx
0581,0,BOTSWANA_SOUTH EAST_SOUTH EAST_MOGOBANE,25.702998989332475,-24.943145974483425,Botswana,TRO_noRES,NOx
0582,3.318132807003456,BOTSWANA_SOUTH EAST_SOUTH EAST_OTSE,25.756324039083623,-25.045000276937234,Botswana,TRO_noRES,NOx
0583,41.63287934624738,BOTSWANA_SOUTH EAST_SOUTH EAST_RAMOTSWA,25.829789056966593,-24.901951101856636,Botswana,TRO_noRES,NOx
0584,10.239368054003226,BOTSWANA_SOUTH EAST_SOUTH EAST_RAMOTSWA STATION/TAUNG,25.770154438973417,-24.815461657589147,Botswana,TRO_noRES,NOx
0585,1034.8367553704886,BOTSWANA_SOUTH EAST_SOUTH EAST_TLOKWENG,26.035546995861406,-24.647763400719953,Botswana,TRO_noRES,NOx
0586,13.01131113830143,BOTSWANA_SOUTHERN_BAROLONG_BETHEL,25.523180210457173,-25.455324991549087,Botswana,TRO_noRES,NOx
0587,12.18522587719957,BOTSWANA_SOUTHERN_BAROLONG_BOROBADILEPE,25.45763854772069,-25.624399960180156,Botswana,TRO_noRES,NOx
0588,19.325845508791613,BOTSWANA_SOUTHERN_BAROLONG_DIGAWANA,25.554337853260883,-25.336847733509767,Botswana,TRO_noRES,NOx
0589,0.5576481734506787,BOTSWANA_SOUTHERN_BAROLONG_DIKHUKHUNG,24.885447065593745,-25.800063981646993,Botswana,TRO_noRES,NOx
0590,22.671661865648353,BOTSWANA_SOUTHERN_BAROLONG_DINATSHANA,25.561032468363326,-25.459552008174736,Botswana,TRO_noRES,NOx
0591,8.116520041711523,BOTSWANA_SOUTHERN_BAROLONG_DITLHARAPA,25.26534775604463,-25.74503088773403,Botswana,TRO_noRES,NOx
0592,16.943880340652882,BOTSWANA_SOUTHERN_BAROLONG_GAMAJALELA,25.422867167043186,-25.383535663638526,Botswana,TRO_noRES,NOx
0593,7.8868011013228205,BOTSWANA_SOUTHERN_BAROLONG_GATHWANE,25.50825122582933,-25.39225799661276,Botswana,TRO_noRES,NOx
0594,51.20575985970075,BOTSWANA_SOUTHERN_BAROLONG_GOOD HOPE,25.425540411603592,-25.474044252271263,Botswana,TRO_noRES,NOx
0595,10.820083947421967,BOTSWANA_SOUTHERN_BAROLONG_HEBRON,25.41118276541949,-25.696194884502404,Botswana,TRO_noRES,NOx
0596,0,BOTSWANA_SOUTHERN_BAROLONG_KANGWE,25.079061936844482,-25.406209192834304,Botswana,TRO_noRES,NOx
0597,29.34732729115359,BOTSWANA_SOUTHERN_BAROLONG_KGORO,25.486735775180065,-25.453486474188907,Botswana,TRO_noRES,NOx
0598,8.247372852160202,BOTSWANA_SOUTHERN_BAROLONG_LEJWANA,25.53432726709042,-25.415801471703258,Botswana,TRO_noRES,NOx
0599,79.89477274185384,BOTSWANA_SOUTHERN_BAROLONG_LEPORUNG,25.008424229579703,-25.672891074188268,Botswana,TRO_noRES,NOx
0600,26.623227702526762,BOTSWANA_SOUTHERN_BAROLONG_LOGAGANE,25.398915672259538,-25.611615010488325,Botswana,TRO_noRES,NOx
0601,18.263493232797003,BOTSWANA_SOUTHERN_BAROLONG_LORWANA,25.502074910123632,-25.286996269753118,Botswana,TRO_noRES,NOx
0602,3.9646789119329098,BOTSWANA_SOUTHERN_BAROLONG_MABULE,24.537508834961965,-25.73692702390118,Botswana,TRO_noRES,NOx
0603,43.81569712699753,BOTSWANA_SOUTHERN_BAROLONG_MADINGWANA,25.481261650329014,-25.576730325456165,Botswana,TRO_noRES,NOx
0604,37.76500819007421,BOTSWANA_SOUTHERN_BAROLONG_MAGORIAPITSE,25.27977947866948,-25.44137079227652,Botswana,TRO_noRES,NOx
0605,8.123202696036742,BOTSWANA_SOUTHERN_BAROLONG_MAKOKWE,25.475459011292934,-25.66937770824479,Botswana,TRO_noRES,NOx
0606,44.53297667449266,BOTSWANA_SOUTHERN_BAROLONG_MALOKAGANYANE,25.488358562103294,-25.502299871489452,Botswana,TRO_noRES,NOx
0607,6.422711547085714,BOTSWANA_SOUTHERN_BAROLONG_MAROJANE,25.341901927422153,-25.73640142441916,Botswana,TRO_noRES,NOx
0608,0,BOTSWANA_SOUTHERN_BAROLONG_METLOBO,25.124348846065626,-25.39253659443453,Botswana,TRO_noRES,NOx
0609,163.5435942620096,BOTSWANA_SOUTHERN_BAROLONG_METLOJANE,25.375187769980677,-25.552026515853672,Botswana,TRO_noRES,NOx
0610,2.3341108546009472,BOTSWANA_SOUTHERN_BAROLONG_MMAKGORI,24.800927173643334,-25.789358109184104,Botswana,TRO_noRES,NOx
0611,240.33261412236473,BOTSWANA_SOUTHERN_BAROLONG_MMATHETHE,25.16245192169214,-25.332818623646105,Botswana,TRO_noRES,NOx
0612,126.10301779016979,BOTSWANA_SOUTHERN_BAROLONG_MOGOJOGOJO,25.472237292279374,-25.35846674488226,Botswana,TRO_noRES,NOx
0613,76.79954439041396,BOTSWANA_SOUTHERN_BAROLONG_MOGWALALE,25.3618167413177,-25.480322244471722,Botswana,TRO_noRES,NOx
0614,32.101094883880855,BOTSWANA_SOUTHERN_BAROLONG_MOKATAKO,25.21324864044004,-25.72876284416883,Botswana,TRO_noRES,NOx
0615,135.23264290703708,BOTSWANA_SOUTHERN_BAROLONG_MOKGOMANE,25.21261347084866,-25.518245387897743,Botswana,TRO_noRES,NOx
0616,2.8267181036372238,BOTSWANA_SOUTHERN_BAROLONG_MOLETE,25.308791189937068,-25.671084438672697,Botswana,TRO_noRES,NOx
0617,4.989542297052386,BOTSWANA_SOUTHERN_BAROLONG_MOTSENTSHE,25.375726428046065,-25.379180264622413,Botswana,TRO_noRES,NOx
0618,38.7596187948001,BOTSWANA_SOUTHERN_BAROLONG_MUSI,25.08334912114238,-25.688286393457503,Botswana,TRO_noRES,NOx
0619,0,BOTSWANA_SOUTHERN_BAROLONG_NGWATSAU,25.540401017789634,-25.553981728114238,Botswana,TRO_noRES,NOx
0620,12.488446319029444,BOTSWANA_SOUTHERN_BAROLONG_PAPATLO,25.50091785142035,-25.65156471920203,Botswana,TRO_noRES,NOx
0621,7.51554377533772,BOTSWANA_SOUTHERN_BAROLONG_PHIHITSHWANE,25.414087664638753,-25.65601906088651,Botswana,TRO_noRES,NOx
0622,10.149346624235294,BOTSWANA_SOUTHERN_BAROLONG_PITSANA-POTOKWE,25.556580548078113,-25.50806204359263,Botswana,TRO_noRES,NOx
0623,7.625198723753685,BOTSWANA_SOUTHERN_BAROLONG_PITSANE SIDING,25.604250914974468,-25.46943866185844,Botswana,TRO_noRES,NOx
0624,19.96209363135711,BOTSWANA_SOUTHERN_BAROLONG_PITSHANE MOLOPO,25.119834443362777,-25.744597939849236,Botswana,TRO_noRES,NOx
0625,9.362106967513618,BOTSWANA_SOUTHERN_BAROLONG_RAKHUNA,25.578883997684116,-25.582003199973805,Botswana,TRO_noRES,NOx
0626,37.620713188281265,BOTSWANA_SOUTHERN_BAROLONG_RAMATLABAMA,25.542590563183143,-25.63663806930263,Botswana,TRO_noRES,NOx
0627,113.28248577449132,BOTSWANA_SOUTHERN_BAROLONG_SEDIBENG,25.16840936243981,-25.684656039464652,Botswana,TRO_noRES,NOx
0628,0,BOTSWANA_SOUTHERN_BAROLONG_SEKHUTLANE,24.48911487032339,-25.502857393367236,Botswana,TRO_noRES,NOx
0629,10.32934395570906,BOTSWANA_SOUTHERN_BAROLONG_SHEEP FARM,25.494453226915,-25.550549245917278,Botswana,TRO_noRES,NOx
0630,1.678281894944998,BOTSWANA_SOUTHERN_BAROLONG_TLHARESELEELE,25.6164016549552,-25.509947342258574,Botswana,TRO_noRES,NOx
0631,5.0997200842076476,BOTSWANA_SOUTHERN_BAROLONG_TSHIDILAMOLOMO,24.680774921105087,-25.71938467094859,Botswana,TRO_noRES,NOx
0632,16.269580927956,BOTSWANA_SOUTHERN_BAROLONG_TSWAANENG,24.874731933296207,-25.481179488719636,Botswana,TRO_noRES,NOx
0633,29.840180557832547,BOTSWANA_SOUTHERN_BAROLONG_TSWAGARE/LOTHOJE/LOKALANA,25.32250003507171,-25.608673297419177,Botswana,TRO_noRES,NOx
0634,32.29102815998422,BOTSWANA_SOUTHERN_BAROLONG_TSWANYANENG,25.26289447863055,-25.6163734983762,Botswana,TRO_noRES,NOx
0635,34.495682355873576,BOTSWANA_SOUTHERN_NGWAKETSE WEST_ITHOLOKE,23.49754475940133,-24.802379212464427,Botswana,TRO_noRES,NOx
0636,0.003886299228424687,BOTSWANA_SOUTHERN_NGWAKETSE WEST_KANAKU,23.536569449983585,-24.292118077279163,Botswana,TRO_noRES,NOx
0637,132.29767430450943,BOTSWANA_SOUTHERN_NGWAKETSE WEST_KENG,23.822720476728055,-24.619062130504958,Botswana,TRO_noRES,NOx
0638,511.25356367635027,BOTSWANA_SOUTHERN_NGWAKETSE WEST_KHAKHEA,23.52876267152225,-24.69951083983683,Botswana,TRO_noRES,NOx
0639,88.75240978693161,BOTSWANA_SOUTHERN_NGWAKETSE WEST_KHONKHWA,23.935454133373597,-24.46012666914766,Botswana,TRO_noRES,NOx
0640,0.6456376356922703,BOTSWANA_SOUTHERN_NGWAKETSE WEST_KOKONG,23.160513999524845,-24.39362019765512,Botswana,TRO_noRES,NOx
0641,65.95263372592402,BOTSWANA_SOUTHERN_NGWAKETSE WEST_KUTUKU,23.639126946319017,-24.680282589894166,Botswana,TRO_noRES,NOx
0642,35.75756649941377,BOTSWANA_SOUTHERN_NGWAKETSE WEST_MABUTSANE,23.705699680104797,-24.459760111464377,Botswana,TRO_noRES,NOx
0643,0,BOTSWANA_SOUTHERN_NGWAKETSE WEST_MAHOTSHWANE,24.187255352450173,-24.38400662626752,Botswana,TRO_noRES,NOx
0644,0.7736188790883289,BOTSWANA_SOUTHERN_NGWAKETSE WEST_MORWAMOSU,23.122520350392715,-24.153854514850522,Botswana,TRO_noRES,NOx
0645,62.65500282138405,BOTSWANA_SOUTHERN_NGWAKETSE WEST_SEKOMA,24.02445527149606,-24.579997053681147,Botswana,TRO_noRES,NOx
0646,0.7216087980789756,BOTSWANA_SOUTHERN_SOUTHERN_BETESANKWE,24.8941696227703,-24.719678878206103,Botswana,TRO_noRES,NOx
0647,114.25335548648894,BOTSWANA_SOUTHERN_SOUTHERN_DIABO,25.365536715216567,-25.223190983743812,Botswana,TRO_noRES,NOx
0648,66.42953569987597,BOTSWANA_SOUTHERN_SOUTHERN_DIPOTSANA,25.446292913079866,-25.212561776849554,Botswana,TRO_noRES,NOx
0649,0,BOTSWANA_SOUTHERN_SOUTHERN_GASITA,24.82803541943543,-25.124083589756676,Botswana,TRO_noRES,NOx
0650,420.33985176352604,BOTSWANA_SOUTHERN_SOUTHERN_KANYE,25.289267678855026,-25.048656911618565,Botswana,TRO_noRES,NOx
0651,0.9432367647524765,BOTSWANA_SOUTHERN_SOUTHERN_KGOMOKASITWA,25.611112091400322,-25.09686032652438,Botswana,TRO_noRES,NOx
0652,0,BOTSWANA_SOUTHERN_SOUTHERN_LEFOKO,24.690111852640598,-24.8470312136434,Botswana,TRO_noRES,NOx
0653,0.13690844821695236,BOTSWANA_SOUTHERN_SOUTHERN_LEKGOLOBOTLO,25.61615083241098,-24.885307065481175,Botswana,TRO_noRES,NOx
0654,0,BOTSWANA_SOUTHERN_SOUTHERN_LOROLWANA,24.459937704580028,-25.2535967198016,Botswana,TRO_noRES,NOx
0655,6.1004841797654485,BOTSWANA_SOUTHERN_SOUTHERN_LOTLHAKANE,25.435707774440367,-25.08771727806122,Botswana,TRO_noRES,NOx
0656,11.770795250728064,BOTSWANA_SOUTHERN_SOUTHERN_LOTLHAKANE WEST,25.295371153997333,-24.784930431562245,Botswana,TRO_noRES,NOx
0657,0.36257508966985597,BOTSWANA_SOUTHERN_SOUTHERN_MAGOTLHWANE,25.599116726068054,-24.996853415826646,Botswana,TRO_noRES,NOx
0658,42.97518271478174,BOTSWANA_SOUTHERN_SOUTHERN_MANYANA,25.574934396304805,-24.79875482887838,Botswana,TRO_noRES,NOx
0659,0,BOTSWANA_SOUTHERN_SOUTHERN_MAOKANE,24.649164740852807,-24.988391174828216,Botswana,TRO_noRES,NOx
0660,0,BOTSWANA_SOUTHERN_SOUTHERN_MOGONYE,25.67857687556797,-24.842313481878563,Botswana,TRO_noRES,NOx
0661,49.9832929109985,BOTSWANA_SOUTHERN_SOUTHERN_MOKHOMBA,24.61814743618357,-24.716762968297573,Botswana,TRO_noRES,NOx
0662,82.07051538359558,BOTSWANA_SOUTHERN_SOUTHERN_MOLAPOWABOJANG,25.545639385657516,-25.196418239986023,Botswana,TRO_noRES,NOx
0663,19.173690862332897,BOTSWANA_SOUTHERN_SOUTHERN_MOSHANENG,25.208444254843652,-24.835326824262772,Botswana,TRO_noRES,NOx
0664,245.4274462112674,BOTSWANA_SOUTHERN_SOUTHERN_MOSHUPA,25.42468410253782,-24.802239950537796,Botswana,TRO_noRES,NOx
0665,2.7090926457346285,BOTSWANA_SOUTHERN_SOUTHERN_NTLHANTLHE,25.563433827213757,-25.01680148927233,Botswana,TRO_noRES,NOx
0666,6.546257929783512,BOTSWANA_SOUTHERN_SOUTHERN_PITSENG,25.026961859107356,-24.671811025950742,Botswana,TRO_noRES,NOx
0667,0.3943516873609376,BOTSWANA_SOUTHERN_SOUTHERN_RALEKGETHO,25.153983418889254,-24.651674927885143,Botswana,TRO_noRES,NOx
0668,15.271508251060558,BOTSWANA_SOUTHERN_SOUTHERN_RANAKA,25.49210433716248,-24.953019551938723,Botswana,TRO_noRES,NOx
0669,173.73439063150815,BOTSWANA_SOUTHERN_SOUTHERN_SEGWAGWA,25.154246986825143,-25.20370107041337,Botswana,TRO_noRES,NOx
0670,4.12189768303875,BOTSWANA_SOUTHERN_SOUTHERN_SEHERELELA,24.966365412487043,-24.85255338029039,Botswana,TRO_noRES,NOx
0671,0.00937515031172316,BOTSWANA_SOUTHERN_SOUTHERN_SELOKOLELA,25.08619153157018,-25.012511421456256,Botswana,TRO_noRES,NOx
0672,47.88975119572224,BOTSWANA_SOUTHERN_SOUTHERN_SEMANE,24.36060822534978,-24.5838070534333,Botswana,TRO_noRES,NOx
0673,117.21143161446041,BOTSWANA_SOUTHERN_SOUTHERN_SESE,24.837457767676273,-24.623316789302145,Botswana,TRO_noRES,NOx
0674,0.10469809387041801,BOTSWANA_SOUTHERN_SOUTHERN_SESUNG,25.085978537640155,-24.864295490303654,Botswana,TRO_noRES,NOx
0675,0,BOTSWANA_SOUTHERN_SOUTHERN_TLHANKANE,24.375461207737164,-24.957536336747538,Botswana,TRO_noRES,NOx
0676,0,BOTSWANA_SOUTHERN_SOUTHERN_TSHWAANE,25.273421585713766,-24.711641454327474,Botswana,TRO_noRES,NOx
0677,0.4788746605222239,BOTSWANA_SOUTHERN_SOUTHERN_TSONYANE,24.813855404067922,-24.839469110997843,Botswana,TRO_noRES,NOx
0678,0,BOTSWANA_SOWA TOWN_SOWA TOWN_SOWA TOWN,26.205474065724133,-20.525655504329873,Botswana,TRO_noRES,NOx
0679,0,BOTSWANA_NORTH WEST_NGAMILAND WEST_TOBERE,22.060761168763293,-18.2277220943275,Botswana,TRO_noRES,NOx
0680,242.86499236441472,BOTSWANA_FRANCISTOWN_FRANCISTOWN_FRANCISTOWN,27.527173396825056,-21.15325240029203,Botswana,TRO_noRES,NOx
0681,0,BOTSWANA_NORTH EAST_NORTH EAST_MATOPI,27.91115579539766,-21.482192037003767,Botswana,TRO_noRES,NOx
0682,447.3734968052164,LESOTHO_BEREA,27.916543179927878,-29.196133964322186,Lesotho,TRO_noRES,NOx
0683,47.50480304973471,LESOTHO_BUTHA-BUTHE,28.564194113912084,-28.80291309387294,Lesotho,TRO_noRES,NOx
0684,533.271803851887,LESOTHO_LERIBE,28.262778693785734,-29.01811492119529,Lesotho,TRO_noRES,NOx
0685,427.9663317921838,LESOTHO_MAFETENG,27.392581280663943,-29.77903326417238,Lesotho,TRO_noRES,NOx
0686,1028.047706754838,LESOTHO_MASERU,27.818410139103523,-29.578708001027245,Lesotho,TRO_noRES,NOx
0687,341.22300940400305,LESOTHO_MOHALE'S HOEK,27.81073935217726,-30.05732318594617,Lesotho,TRO_noRES,NOx
0688,189.82829424140576,LESOTHO_MOKHOTLONG,29.030965902973236,-29.219387585513097,Lesotho,TRO_noRES,NOx
0689,194.21955320416848,LESOTHO_QACHA'S NEK,28.738216934631595,-29.96551989191937,Lesotho,TRO_noRES,NOx
0690,291.9839259180558,LESOTHO_QUTHING,27.985860217458367,-30.361098997601832,Lesotho,TRO_noRES,NOx
0691,416.3091072381072,LESOTHO_THABA-TSEKA,28.592501565541635,-29.5707462455164,Lesotho,TRO_noRES,NOx
0692,50.945740531041054,MALAWI_SOUTHERN REGION_BALAKA,35.057010057789576,-15.035291543995603,Malawi,TRO_noRES,NOx
0693,152.3417458227911,MALAWI_SOUTHERN REGION_BLANTYRE,34.93215294645478,-15.653521070374605,Malawi,TRO_noRES,NOx
0694,92.53767460009895,MALAWI_SOUTHERN REGION_BLANTYRE CITY,35.049846087604834,-15.788155512634402,Malawi,TRO_noRES,NOx
0695,196.14209413845117,MALAWI_SOUTHERN REGION_CHIKWAWA,34.70903689510921,-16.164449793446956,Malawi,TRO_noRES,NOx
0696,50.283435934885276,MALAWI_SOUTHERN REGION_CHIRADZULU,35.21401510212054,-15.74504273186666,Malawi,TRO_noRES,NOx
0697,124.53680126553532,MALAWI_NORTHERN REGION_CHITIPA,33.50075697273936,-9.961323805951439,Malawi,TRO_noRES,NOx
0698,195.23676891266098,MALAWI_CENTRAL REGION_DEDZA,34.227546152785884,-14.26666414364504,Malawi,TRO_noRES,NOx
0699,71.00281748752197,MALAWI_CENTRAL REGION_DOWA,33.7882007354298,-13.568943726666408,Malawi,TRO_noRES,NOx
0700,46.058126469062195,MALAWI_NORTHERN REGION_KARONGA,33.88286491576761,-10.085628973711133,Malawi,TRO_noRES,NOx
0701,242.62987090049566,MALAWI_CENTRAL REGION_KASUNGU,33.38591920703449,-12.984592469489298,Malawi,TRO_noRES,NOx
0702,52.79392019028698,MALAWI_LAKE MALAWI_LAKE MALAWI,34.46342187078561,-11.83542210532386,Malawi,TRO_noRES,NOx
0703,0,MALAWI_NORTHERN REGION_LIKOMA,34.68456952933858,-12.049251389757782,Malawi,TRO_noRES,NOx
0704,389.7313673014278,MALAWI_CENTRAL REGION_LILONGWE,33.678384246204125,-14.02262845680586,Malawi,TRO_noRES,NOx
0705,128.9903286946724,MALAWI_CENTRAL REGION_LILONGWE CITY,33.777412227707195,-13.917060812410538,Malawi,TRO_noRES,NOx
0706,123.93421406146042,MALAWI_SOUTHERN REGION_MACHINGA,35.56621569203856,-14.939743540640112,Malawi,TRO_noRES,NOx
0707,218.14179760588235,MALAWI_SOUTHERN REGION_MANGOCHI,35.188672100825926,-14.35745673152043,Malawi,TRO_noRES,NOx
0708,173.64780019969697,MALAWI_CENTRAL REGION_MCHINJI,33.05678421553763,-13.693204790303813,Malawi,TRO_noRES,NOx
0709,135.65392985755366,MALAWI_SOUTHERN REGION_MULANJE,35.510601697456494,-15.937493088013312,Malawi,TRO_noRES,NOx
0710,108.90488556358572,MALAWI_SOUTHERN REGION_MWANZA,34.51070572282828,-15.653498412560298,Malawi,TRO_noRES,NOx
0711,690.8862954602976,MALAWI_NORTHERN REGION_MZIMBA,33.63357391674036,-11.774662616846621,Malawi,TRO_noRES,NOx
0712,28.7374917980257,MALAWI_NORTHERN REGION_MZUZU CITY,34.008085621399474,-11.435033136665401,Malawi,TRO_noRES,NOx
0713,82.94723352177313,MALAWI_SOUTHERN REGION_NENO,34.69511229098429,-15.46855436212607,Malawi,TRO_noRES,NOx
0714,62.38126207568361,MALAWI_NORTHERN REGION_NKHATA BAY,34.04155946420708,-11.671744085857307,Malawi,TRO_noRES,NOx
0715,22.81491694439739,MALAWI_CENTRAL REGION_NKHOTAKOTA,34.088412143637505,-12.844968406478515,Malawi,TRO_noRES,NOx
0716,54.75816808027192,MALAWI_SOUTHERN REGION_NSANJE,35.14256102689594,-16.7458281066411,Malawi,TRO_noRES,NOx
0717,154.0078704844208,MALAWI_CENTRAL REGION_NTCHEU,34.7150219403129,-14.809209532624244,Malawi,TRO_noRES,NOx
0718,13.648807366185112,MALAWI_CENTRAL REGION_NTCHISI,33.919435671123914,-13.29729664939087,Malawi,TRO_noRES,NOx
0719,105.0372844108095,MALAWI_SOUTHERN REGION_PHALOMBE,35.69103908738544,-15.669471595035306,Malawi,TRO_noRES,NOx
0720,91.0822938704573,MALAWI_NORTHERN REGION_RUMPHI,33.814313155835954,-10.819178535708213,Malawi,TRO_noRES,NOx
0721,65.51076681583821,MALAWI_CENTRAL REGION_SALIMA,34.38342391012431,-13.73580013859686,Malawi,TRO_noRES,NOx
0722,156.90224835404828,MALAWI_SOUTHERN REGION_THYOLO,35.14513805866104,-16.103293124272504,Malawi,TRO_noRES,NOx
0723,185.25936207805455,MALAWI_SOUTHERN REGION_ZOMBA,35.431720494463534,-15.397965042950926,Malawi,TRO_noRES,NOx
0724,8.50993021362704,MALAWI_SOUTHERN REGION_ZOMBA CITY,35.32958370864326,-15.389038184748701,Malawi,TRO_noRES,NOx
0725,421.935985671103,MOZAMBIQUE_CABO DELGADO_ANCUABE_ANCUABE SEDE,39.81250434636672,-12.844910167361961,Mozambique,TRO_noRES,NOx
0726,355.1088550245528,MOZAMBIQUE_CABO DELGADO_ANCUABE_METORO,39.98166464165771,-13.123343510947777,Mozambique,TRO_noRES,NOx
0727,211.05279153909066,MOZAMBIQUE_CABO DELGADO_ANCUABE_MEZA,39.50077329178648,-13.002763030349875,Mozambique,TRO_noRES,NOx
0728,0,MOZAMBIQUE_CABO DELGADO_BALAMA_BALAMA SEDE,38.60741548928212,-13.34632445565341,Mozambique,TRO_noRES,NOx
0729,0,MOZAMBIQUE_CABO DELGADO_BALAMA_IMPIRE,38.234370073203195,-13.36117175168839,Mozambique,TRO_noRES,NOx
0730,0,MOZAMBIQUE_CABO DELGADO_BALAMA_KWEKWE,38.360631459274536,-13.719258906829074,Mozambique,TRO_noRES,NOx
0731,0,MOZAMBIQUE_CABO DELGADO_BALAMA_MAVALA,38.44433858639442,-13.127397794272662,Mozambique,TRO_noRES,NOx
0732,197.00799456010841,MOZAMBIQUE_CABO DELGADO_CHIÚRE_CHIÚRE SEDE,39.78631866112433,-13.334949533035196,Mozambique,TRO_noRES,NOx
0733,13.986720322366104,MOZAMBIQUE_CABO DELGADO_CHIÚRE_CHIÚRE VELHO,39.9790643743911,-13.394863091288299,Mozambique,TRO_noRES,NOx
0734,17.183094781120207,MOZAMBIQUE_CABO DELGADO_CHIÚRE_KATAPUA,39.46036839056145,-13.3790182741743,Mozambique,TRO_noRES,NOx
0735,0,MOZAMBIQUE_CABO DELGADO_CHIÚRE_MAZEZE,40.26493789258037,-13.394800824078336,Mozambique,TRO_noRES,NOx
0736,0,MOZAMBIQUE_CABO DELGADO_CHIÚRE_NAMOGELIA,39.39543595419324,-13.73917584393942,Mozambique,TRO_noRES,NOx
0737,153.93504205896966,MOZAMBIQUE_CABO DELGADO_CHIÚRE_OCUA,39.70712436514545,-13.593555718225081,Mozambique,TRO_noRES,NOx
0738,58.529438381380196,MOZAMBIQUE_CABO DELGADO_CIDADE DE PEMBA_CIDADE DE PEMBA,40.5301137002399,-13.01866368362211,Mozambique,TRO_noRES,NOx
0739,0.48383191774343337,MOZAMBIQUE_CABO DELGADO_IBO_IBO SEDE,40.58966660854597,-12.296434453801252,Mozambique,TRO_noRES,NOx
0740,0.3159574829772593,MOZAMBIQUE_CABO DELGADO_IBO_QUIRIMBA,40.60573197983616,-12.436621233927731,Mozambique,TRO_noRES,NOx
0741,236.95381772294132,MOZAMBIQUE_CABO DELGADO_MACOMIA_CHAI,40.09939009869904,-11.975771317344952,Mozambique,TRO_noRES,NOx
0742,253.79517689531085,MOZAMBIQUE_CABO DELGADO_MACOMIA_MACOMIA SEDE,40.00966789367028,-12.185963022208076,Mozambique,TRO_noRES,NOx
0743,60.452443241914175,MOZAMBIQUE_CABO DELGADO_MACOMIA_MUCOJO,40.39838621183561,-12.132019600349427,Mozambique,TRO_noRES,NOx
0744,0,MOZAMBIQUE_CABO DELGADO_MACOMIA_QUITERAJO,40.34862064188187,-11.822248596272631,Mozambique,TRO_noRES,NOx
0745,0,MOZAMBIQUE_CABO DELGADO_MECÚFI_MECÚFI SEDE,40.44136931989843,-13.314578160765912,Mozambique,TRO_noRES,NOx
0746,49.430487777143895,MOZAMBIQUE_CABO DELGADO_MECÚFI_MURREBUE,40.3621691122671,-13.16275211422268,Mozambique,TRO_noRES,NOx
0747,182.66170969986737,MOZAMBIQUE_CABO DELGADO_MELUCO_MELUCO,39.519008675605434,-12.466558692060977,Mozambique,TRO_noRES,NOx
0748,343.10243144011054,MOZAMBIQUE_CABO DELGADO_MELUCO_MUAGUIDE,40.006147820712634,-12.461564676608146,Mozambique,TRO_noRES,NOx
0749,154.4946499461933,MOZAMBIQUE_CABO DELGADO_METUGE_METUGE SEDE,40.30149518097115,-12.881110538127228,Mozambique,TRO_noRES,NOx
0750,70.73426445597381,MOZAMBIQUE_CABO DELGADO_METUGE_MIEZE,40.42604082004337,-13.071741165509883,Mozambique,TRO_noRES,NOx
0751,255.87907597048212,MOZAMBIQUE_CABO DELGADO_MOCÍMBOA DA PRAIA_DIACA,39.98361766384434,-11.50941232931751,Mozambique,TRO_noRES,NOx
0752,4.914020724940831,MOZAMBIQUE_CABO DELGADO_MOCÍMBOA DA PRAIA_MBAU,40.264033426645,-11.61011746355292,Mozambique,TRO_noRES,NOx
0753,169.66518764080976,MOZAMBIQUE_CABO DELGADO_MOCÍMBOA DA PRAIA_MOCÍMBOA DA PRAIA SEDE,40.221732345886586,-11.307039802847223,Mozambique,TRO_noRES,NOx
0754,138.86844424142524,MOZAMBIQUE_CABO DELGADO_MONTEPUEZ_CIDADE DE MONTEPUEZ,39.10336496633387,-13.155831594194833,Mozambique,TRO_noRES,NOx
0755,0,MOZAMBIQUE_CABO DELGADO_MONTEPUEZ_MAPUPULO,38.85156103637511,-13.296202609826898,Mozambique,TRO_noRES,NOx
0756,0,MOZAMBIQUE_CABO DELGADO_MONTEPUEZ_MIRATE SEDE,38.889102884866084,-12.858163088415916,Mozambique,TRO_noRES,NOx
0757,0,MOZAMBIQUE_CABO DELGADO_MONTEPUEZ_NAIROTO,38.60846512227451,-12.417692004693443,Mozambique,TRO_noRES,NOx
0758,139.95570993021906,MOZAMBIQUE_CABO DELGADO_MONTEPUEZ_NAMANHUMBIR,39.29331479236441,-13.03734599713965,Mozambique,TRO_noRES,NOx
0759,0,MOZAMBIQUE_CABO DELGADO_MUEDA_CHAPA,39.300669871212165,-11.933739048526274,Mozambique,TRO_noRES,NOx
0760,23.168830094864546,MOZAMBIQUE_CABO DELGADO_MUEDA_IMBUHO SEDE,39.71330104587685,-11.492354708140468,Mozambique,TRO_noRES,NOx
0761,135.6917135901259,MOZAMBIQUE_CABO DELGADO_MUEDA_MUEDA SEDE,39.52799055312814,-11.615490131717069,Mozambique,TRO_noRES,NOx
0762,46.62756911831337,MOZAMBIQUE_CABO DELGADO_MUEDA_NAMAUA,39.71135420448486,-11.578853289361819,Mozambique,TRO_noRES,NOx
0763,195.4646116332756,MOZAMBIQUE_CABO DELGADO_MUEDA_NEGOMANO,38.68032202017621,-11.555132251334204,Mozambique,TRO_noRES,NOx
0764,254.56273171941004,MOZAMBIQUE_CABO DELGADO_MUEDA_NGAPA,39.181606916419916,-11.449464889051079,Mozambique,TRO_noRES,NOx
0765,154.36850610605416,MOZAMBIQUE_CABO DELGADO_MUIDUMBE_CHITUNDA,40.02853944757149,-11.798368536527168,Mozambique,TRO_noRES,NOx
0766,0,MOZAMBIQUE_CABO DELGADO_MUIDUMBE_MITEDA,39.64749196598334,-11.853991027094667,Mozambique,TRO_noRES,NOx
0767,47.76322053265401,MOZAMBIQUE_CABO DELGADO_MUIDUMBE_MUAMBULA,39.82130488684691,-11.841747965829844,Mozambique,TRO_noRES,NOx
0768,0,MOZAMBIQUE_CABO DELGADO_NAMUNO_HUCULA,39.027034408935776,-13.807982550463722,Mozambique,TRO_noRES,NOx
0769,0,MOZAMBIQUE_CABO DELGADO_NAMUNO_MACHOCA,38.9025822941826,-13.935861472055366,Mozambique,TRO_noRES,NOx
0770,0,MOZAMBIQUE_CABO DELGADO_NAMUNO_MELOCO,39.16332069555443,-13.55331427408594,Mozambique,TRO_noRES,NOx
0771,0,MOZAMBIQUE_CABO DELGADO_NAMUNO_NAMUNO SEDE,38.85042931380327,-13.571803785012364,Mozambique,TRO_noRES,NOx
0772,0,MOZAMBIQUE_CABO DELGADO_NAMUNO_NCUMPE,38.64829661522544,-13.759868655212932,Mozambique,TRO_noRES,NOx
0773,0,MOZAMBIQUE_CABO DELGADO_NAMUNO_PAPAI,38.6112488248292,-14.01083078018285,Mozambique,TRO_noRES,NOx
0774,17.64851831474666,MOZAMBIQUE_CABO DELGADO_NANGADE_NANGADE SEDE,39.74862940454096,-11.083424646974992,Mozambique,TRO_noRES,NOx
0775,0,MOZAMBIQUE_CABO DELGADO_NANGADE_NTAMBA,39.82186362422569,-11.298924991205137,Mozambique,TRO_noRES,NOx
0776,0,MOZAMBIQUE_CABO DELGADO_PALMA_OLUMBE,40.37722280987631,-11.022253412786055,Mozambique,TRO_noRES,NOx
0777,2.243161828527813,MOZAMBIQUE_CABO DELGADO_PALMA_PALMA,40.36752760276333,-10.781107321340652,Mozambique,TRO_noRES,NOx
0778,22.064575275459276,MOZAMBIQUE_CABO DELGADO_PALMA_PUNDANHAR,40.10649223692033,-10.915061660907167,Mozambique,TRO_noRES,NOx
0779,24.137599319174146,MOZAMBIQUE_CABO DELGADO_PALMA_QUIONGA,40.39832171975072,-10.605188674355327,Mozambique,TRO_noRES,NOx
0780,135.83205596552042,MOZAMBIQUE_CABO DELGADO_QUISSANGA_BILIBIZA,40.19654727032573,-12.609796456581662,Mozambique,TRO_noRES,NOx
0781,118.14706847893453,MOZAMBIQUE_CABO DELGADO_QUISSANGA_MAHATE,40.41919917872787,-12.635885089192568,Mozambique,TRO_noRES,NOx
0782,240.5226840811118,MOZAMBIQUE_CIDADE DE MAPUTO_KAMAVOTA_KAMAVOTA,32.634886641291224,-25.887693649593853,Mozambique,TRO_noRES,NOx
0783,59.10953328540205,MOZAMBIQUE_CIDADE DE MAPUTO_KAMAXAKENI_KAMAXAKENI,32.59944117113847,-25.93889789948286,Mozambique,TRO_noRES,NOx
0784,86.35617525849713,MOZAMBIQUE_CIDADE DE MAPUTO_KAMPFUMO_KAMPFUMO,32.586471991569425,-25.963392495074924,Mozambique,TRO_noRES,NOx
0785,168.61162111188895,MOZAMBIQUE_CIDADE DE MAPUTO_KAMUBUKWANA_KAMUBUKWANA,32.57628175378329,-25.874280175789803,Mozambique,TRO_noRES,NOx
0786,0,MOZAMBIQUE_CIDADE DE MAPUTO_KANYAKA_KANYAKA,32.942792473320985,-26.019854398302623,Mozambique,TRO_noRES,NOx
0787,154.20093879829756,MOZAMBIQUE_CIDADE DE MAPUTO_KATEMBE_KATEMBE,32.52558521951384,-26.037162300504427,Mozambique,TRO_noRES,NOx
0788,76.78816329611747,MOZAMBIQUE_CIDADE DE MAPUTO_NHLAMANKULO_NHLAMANKULO,32.557337897173184,-25.94748667088231,Mozambique,TRO_noRES,NOx
0789,22.6632943636792,MOZAMBIQUE_GAZA_BILENE_BILENE MACIA,33.12170844184735,-25.024345210123222,Mozambique,TRO_noRES,NOx
0790,20.643658056681815,MOZAMBIQUE_GAZA_BILENE_INCAIA,33.23389036385305,-24.972836632632283,Mozambique,TRO_noRES,NOx
0791,58.53910771060566,MOZAMBIQUE_GAZA_BILENE_MACUANE,33.16406911785151,-25.13186013405694,Mozambique,TRO_noRES,NOx
0792,36.62368420797645,MOZAMBIQUE_GAZA_BILENE_MAZIVILA,33.15771945972996,-24.86159285857413,Mozambique,TRO_noRES,NOx
0793,0.5977196417962611,MOZAMBIQUE_GAZA_BILENE_MESSANO,32.994801638202425,-24.9711864826169,Mozambique,TRO_noRES,NOx
0794,34.42158113272821,MOZAMBIQUE_GAZA_BILENE_PRAIA DE BILENE,33.22313026811176,-25.268200454905273,Mozambique,TRO_noRES,NOx
0795,74.35182227778235,MOZAMBIQUE_GAZA_CHIBUTO_ALTO CHANGANE,33.532709699998925,-24.239915954397528,Mozambique,TRO_noRES,NOx
0796,0,MOZAMBIQUE_GAZA_CHIBUTO_CHANGANINE,33.78000414254853,-24.004994838500192,Mozambique,TRO_noRES,NOx
0797,7.896350553544477,MOZAMBIQUE_GAZA_CHIBUTO_CIDADE DE CHIBUTO,33.56479821975432,-24.69579299181594,Mozambique,TRO_noRES,NOx
0798,29.305269008028937,MOZAMBIQUE_GAZA_CHIBUTO_GODIDE,33.664009941160174,-24.59383871859075,Mozambique,TRO_noRES,NOx
0799,67.50140508610872,MOZAMBIQUE_GAZA_CHIBUTO_MALEHICE,33.68651799951757,-24.751639870695612,Mozambique,TRO_noRES,NOx
0800,79.05436131064971,MOZAMBIQUE_GAZA_CHIBUTO_TCHAIMITE,33.40913649471263,-24.6274038248804,Mozambique,TRO_noRES,NOx
0801,185.3173970870396,MOZAMBIQUE_GAZA_CHICUALACUALA_EDUARDO MONDLANE,31.90283759038279,-22.22474259936432,Mozambique,TRO_noRES,NOx
0802,316.7538014248501,MOZAMBIQUE_GAZA_CHICUALACUALA_PAFURI,31.839636613036426,-23.062508500431342,Mozambique,TRO_noRES,NOx
0803,396.2501808432885,MOZAMBIQUE_GAZA_CHIGUBO_CHIGUBO SEDE,33.28327880896511,-22.55689162530508,Mozambique,TRO_noRES,NOx
0804,454.2751261431012,MOZAMBIQUE_GAZA_CHIGUBO_NDINDIZA,33.50940091714144,-23.45508178763895,Mozambique,TRO_noRES,NOx
0805,50.56953159377675,MOZAMBIQUE_GAZA_CHÓKWÈ_CIDADE DE CHÓKWÈ,32.99328794506374,-24.520208875238563,Mozambique,TRO_noRES,NOx
0806,213.93934361976352,MOZAMBIQUE_GAZA_CHÓKWÈ_LIONDE,33.00856327547369,-24.690277510511446,Mozambique,TRO_noRES,NOx
0807,202.5671088505537,MOZAMBIQUE_GAZA_CHÓKWÈ_MACARRETANE,32.75708982206706,-24.37253995423536,Mozambique,TRO_noRES,NOx
0808,40.636796237282944,MOZAMBIQUE_GAZA_CHÓKWÈ_XILEMBENE,33.295896826319776,-24.740800650273098,Mozambique,TRO_noRES,NOx
0809,87.38678275631115,MOZAMBIQUE_GAZA_CHONGOENE_CHONGOENE,33.78738388968989,-24.95612324064541,Mozambique,TRO_noRES,NOx
0810,12.574468220297963,MOZAMBIQUE_GAZA_CHONGOENE_MAZUCANE,33.94816589854456,-24.75078182642919,Mozambique,TRO_noRES,NOx
0811,8.794883729546644,MOZAMBIQUE_GAZA_CHONGOENE_NGUZENE,33.99174761296743,-24.900424006547656,Mozambique,TRO_noRES,NOx
0812,22.2277723928416,MOZAMBIQUE_GAZA_CIDADE DE XAI-XAI_CIDADE DE XAI-XAI,33.6238199287902,-25.095602356591947,Mozambique,TRO_noRES,NOx
0813,87.63308769547301,MOZAMBIQUE_GAZA_GUIJÁ_CHIVONGOENE,33.233221538781685,-24.47489638296496,Mozambique,TRO_noRES,NOx
0814,226.3488993594424,MOZAMBIQUE_GAZA_GUIJÁ_MUBANGOENE,32.95074527970149,-24.269396021473018,Mozambique,TRO_noRES,NOx
0815,125.44657101132155,MOZAMBIQUE_GAZA_GUIJÁ_NALAZI,33.17804626234287,-24.007141668394482,Mozambique,TRO_noRES,NOx
0816,17.364141926013716,MOZAMBIQUE_GAZA_GUIJÁ_VILA CANIÇADO,33.03370976279583,-24.496154209395023,Mozambique,TRO_noRES,NOx
0817,7.87391858912783,MOZAMBIQUE_GAZA_LIMPOPO_CHICUMBANE,33.50935105307376,-24.95521044053618,Mozambique,TRO_noRES,NOx
0818,0,MOZAMBIQUE_GAZA_LIMPOPO_CHISSANO,33.36595620036372,-24.917774625636756,Mozambique,TRO_noRES,NOx
0819,0,MOZAMBIQUE_GAZA_LIMPOPO_ZONGOENE,33.41768385775187,-25.15027705143945,Mozambique,TRO_noRES,NOx
0820,178.7714297798963,MOZAMBIQUE_GAZA_MABALANE_COMBOMUNE,32.76206527578445,-23.248510922783225,Mozambique,TRO_noRES,NOx
0821,143.58026549660792,MOZAMBIQUE_GAZA_MABALANE_MABALANE,32.830014386359615,-23.86472905225202,Mozambique,TRO_noRES,NOx
0822,100.2153148083075,MOZAMBIQUE_GAZA_MABALANE_NTLHAVENE,32.55611135942274,-23.700477308848008,Mozambique,TRO_noRES,NOx
0823,0,MOZAMBIQUE_GAZA_MANDLAKAZE_CHALALA,33.898816970795764,-24.62204362818058,Mozambique,TRO_noRES,NOx
0824,0,MOZAMBIQUE_GAZA_MANDLAKAZE_CHIBONDZANE,34.20993805079586,-24.617150832754188,Mozambique,TRO_noRES,NOx
0825,12.0424777749153,MOZAMBIQUE_GAZA_MANDLAKAZE_CHIDENGUELE,34.222185883991216,-24.846464693637397,Mozambique,TRO_noRES,NOx
0826,0,MOZAMBIQUE_GAZA_MANDLAKAZE_MACUACUA,33.93793587874184,-24.351855632078426,Mozambique,TRO_noRES,NOx
0827,5.698352276662962,MOZAMBIQUE_GAZA_MANDLAKAZE_MANDLAKAZE SEDE,33.881734623458314,-24.717454952391012,Mozambique,TRO_noRES,NOx
0828,357.0650846214542,MOZAMBIQUE_GAZA_MAPAI_MACHAILA,32.8972792264127,-22.46107250918086,Mozambique,TRO_noRES,NOx
0829,632.195397974642,MOZAMBIQUE_GAZA_MAPAI_MAPAI,32.340153357812774,-22.66221263505515,Mozambique,TRO_noRES,NOx
0830,86.38891401946718,MOZAMBIQUE_GAZA_MASSANGENA_MASSANGENA,33.024968092166,-21.76228030255321,Mozambique,TRO_noRES,NOx
0831,65.79190126002956,MOZAMBIQUE_GAZA_MASSANGENA_MAVUE,32.44873445655671,-21.74455920732843,Mozambique,TRO_noRES,NOx
0832,39.76405668312694,MOZAMBIQUE_GAZA_MASSINGIR_MASSINGIR SEDE,32.14188192707758,-24.083427448323647,Mozambique,TRO_noRES,NOx
0833,59.577738764071455,MOZAMBIQUE_GAZA_MASSINGIR_MAVODZE,31.957192936094224,-23.682084241320673,Mozambique,TRO_noRES,NOx
0834,18.83454556191577,MOZAMBIQUE_GAZA_MASSINGIR_ZULO,32.44746940415907,-24.081905716979545,Mozambique,TRO_noRES,NOx
0835,29.67578296206903,MOZAMBIQUE_INHAMBANE_CIDADE DA MAXIXE_CIDADE DA MAXIXE,35.30847837373539,-23.88280148067849,Mozambique,TRO_noRES,NOx
0836,12.934479736398687,MOZAMBIQUE_INHAMBANE_CIDADE DE INHAMBANE_CIDADE DE INHAMBANE,35.4669344326235,-23.887608905915176,Mozambique,TRO_noRES,NOx
0837,14.440712397059471,MOZAMBIQUE_INHAMBANE_FUNHALOURO_FUNHALOURO,34.40493526211412,-23.279005264339535,Mozambique,TRO_noRES,NOx
0838,1.5765964221694904,MOZAMBIQUE_INHAMBANE_FUNHALOURO_TOME,34.123107711970896,-22.6492454413369,Mozambique,TRO_noRES,NOx
0839,89.31807131233793,MOZAMBIQUE_INHAMBANE_GOVURO_NOVA MAMBONE,34.91124864499755,-21.24838028736193,Mozambique,TRO_noRES,NOx
0840,29.23939785675007,MOZAMBIQUE_INHAMBANE_GOVURO_SAVE,34.50273875747384,-21.372352488268987,Mozambique,TRO_noRES,NOx
0841,3.377630425266384,MOZAMBIQUE_INHAMBANE_HOMOÍNE_HOMOÍNE SEDE,35.11348463085394,-23.979574815302524,Mozambique,TRO_noRES,NOx
0842,0,MOZAMBIQUE_INHAMBANE_HOMOÍNE_PEMBE,34.954010052320086,-23.75585650680714,Mozambique,TRO_noRES,NOx
0843,16.014186418698223,MOZAMBIQUE_INHAMBANE_INHARRIME_INHARRIME SEDE,35.0629320946627,-24.377713765160113,Mozambique,TRO_noRES,NOx
0844,26.401535879433524,MOZAMBIQUE_INHAMBANE_INHARRIME_MUCUMBI,34.57231599403387,-24.417768147569834,Mozambique,TRO_noRES,NOx
0845,0,MOZAMBIQUE_INHAMBANE_INHASSORO_BAZARUTO,35.465173197521,-21.65725826320277,Mozambique,TRO_noRES,NOx
0846,48.32396182055159,MOZAMBIQUE_INHAMBANE_INHASSORO_INHASSORO,34.84605588804438,-21.753052479230316,Mozambique,TRO_noRES,NOx
0847,7.6218783563925205,MOZAMBIQUE_INHAMBANE_JANGAMO_CUMBANA,35.150833362602604,-24.21294386364807,Mozambique,TRO_noRES,NOx
0848,57.66584096973931,MOZAMBIQUE_INHAMBANE_JANGAMO_JANGAMO,35.3828405134123,-24.118279758970523,Mozambique,TRO_noRES,NOx
0849,396.70029110338595,MOZAMBIQUE_INHAMBANE_MABOTE_MABOTE,34.1237933010753,-22.071272031528167,Mozambique,TRO_noRES,NOx
0850,210.50306764420185,MOZAMBIQUE_INHAMBANE_MABOTE_ZIMANE,33.53428838953659,-22.259421319452596,Mozambique,TRO_noRES,NOx
0851,0,MOZAMBIQUE_INHAMBANE_MABOTE_ZINAVE,33.78047603814595,-21.630829138429963,Mozambique,TRO_noRES,NOx
0852,16.211874271603207,MOZAMBIQUE_INHAMBANE_MASSINGA_CHICOMO,34.91593880649871,-22.694580178891357,Mozambique,TRO_noRES,NOx
0853,0.3661427422173189,MOZAMBIQUE_INHAMBANE_MASSINGA_MASSINGA,35.28967211538618,-23.208309768202906,Mozambique,TRO_noRES,NOx
0854,3.1968296889239124e-4,MOZAMBIQUE_INHAMBANE_MORRUMBENE_MOCODUENE,35.03823145580892,-23.43542902200303,Mozambique,TRO_noRES,NOx
0855,0,MOZAMBIQUE_INHAMBANE_MORRUMBENE_MORRUMBENE,35.31512127790291,-23.62003628600982,Mozambique,TRO_noRES,NOx
0856,0,MOZAMBIQUE_INHAMBANE_PANDA_MAWAYELA,34.116370299409866,-24.001901283449012,Mozambique,TRO_noRES,NOx
0857,0,MOZAMBIQUE_INHAMBANE_PANDA_PANDA,34.5701782475298,-24.112499270772535,Mozambique,TRO_noRES,NOx
0858,0,MOZAMBIQUE_INHAMBANE_PANDA_URRENE,34.644908571251904,-23.83766104214481,Mozambique,TRO_noRES,NOx
0859,192.09476903730496,MOZAMBIQUE_INHAMBANE_VILANKULO_MAPINHANE,35.04533061414311,-22.371051282087183,Mozambique,TRO_noRES,NOx
0860,87.52493651446868,MOZAMBIQUE_INHAMBANE_VILANKULO_VILANKULO,35.3062246160536,-22.14744435743396,Mozambique,TRO_noRES,NOx
0861,1.814507419189493,MOZAMBIQUE_INHAMBANE_ZAVALA_QUISSICO,34.83275046669489,-24.629624369539606,Mozambique,TRO_noRES,NOx
0862,10.644072912010328,MOZAMBIQUE_INHAMBANE_ZAVALA_ZANDAMELA,34.4860299379439,-24.67609745657631,Mozambique,TRO_noRES,NOx
0863,3.2174540247305745,MOZAMBIQUE_LAKE MALAWI_LAKE MALAWI_LAKE MALAWI,34.66958894981475,-12.465931949774122,Mozambique,TRO_noRES,NOx
0864,517.1944665924414,MOZAMBIQUE_MANICA_BÁRUÈ_CATANDICA,33.30152827468673,-18.240536298661056,Mozambique,TRO_noRES,NOx
0865,10.119075377167448,MOZAMBIQUE_MANICA_BÁRUÈ_CHOA,33.04569434614779,-18.064104442461606,Mozambique,TRO_noRES,NOx
0866,281.8506901210991,MOZAMBIQUE_MANICA_BÁRUÈ_NHAMPASSA,33.184551019135135,-17.597094490855643,Mozambique,TRO_noRES,NOx
0867,273.1805896261019,MOZAMBIQUE_MANICA_CIDADE DE CHIMOIO_CHIMOIO,33.45536740007841,-19.127720352606506,Mozambique,TRO_noRES,NOx
0868,131.91681132931433,MOZAMBIQUE_MANICA_GONDOLA_AMATONGAS,33.81580808058416,-19.088843340895576,Mozambique,TRO_noRES,NOx
0869,104.50175529845556,MOZAMBIQUE_MANICA_GONDOLA_CAFUMPE,33.73252675700257,-18.96598115326139,Mozambique,TRO_noRES,NOx
0870,23.840684454670726,MOZAMBIQUE_MANICA_GONDOLA_GONDOLA,33.66706225815283,-19.067556713895804,Mozambique,TRO_noRES,NOx
0871,108.63353284201922,MOZAMBIQUE_MANICA_GONDOLA_INCHOPE,33.855910359091254,-19.34910726017252,Mozambique,TRO_noRES,NOx
0872,141.9757925880381,MOZAMBIQUE_MANICA_GURO_GURO SEDE,33.28735962339221,-17.287981286704778,Mozambique,TRO_noRES,NOx
0873,10.627082630658355,MOZAMBIQUE_MANICA_GURO_MANDIE,33.67962216440644,-16.54401479200918,Mozambique,TRO_noRES,NOx
0874,355.93287255485643,MOZAMBIQUE_MANICA_GURO_MUNGARI,33.54831007111624,-17.10496669776008,Mozambique,TRO_noRES,NOx
0875,25.668864138169354,MOZAMBIQUE_MANICA_GURO_NHAMASSONGE,33.596453539786765,-16.77407345471343,Mozambique,TRO_noRES,NOx
0876,145.62878448573366,MOZAMBIQUE_MANICA_MACATE_MACATE SEDE,33.58000277986244,-19.400692718644812,Mozambique,TRO_noRES,NOx
0877,173.07719939255867,MOZAMBIQUE_MANICA_MACATE_ZEMBE,33.35412342370635,-19.22767890720999,Mozambique,TRO_noRES,NOx
0878,388.0369325276044,MOZAMBIQUE_MANICA_MACHAZE_CHITOBE,33.306459347363266,-20.88553205985008,Mozambique,TRO_noRES,NOx
0879,194.2671187669783,MOZAMBIQUE_MANICA_MACHAZE_SAVE,33.21143246815166,-21.301458761861632,Mozambique,TRO_noRES,NOx
0880,0,MOZAMBIQUE_MANICA_MACOSSA_MACOSSA SEDE,33.93258269449586,-17.783133366418287,Mozambique,TRO_noRES,NOx
0881,0,MOZAMBIQUE_MANICA_MACOSSA_NGUAWALA,33.639533569018866,-18.34411311077633,Mozambique,TRO_noRES,NOx
0882,5.8877445311900285,MOZAMBIQUE_MANICA_MACOSSA_NHAMAGUA,33.51483956167798,-17.75456736936627,Mozambique,TRO_noRES,NOx
0883,82.27956484592738,MOZAMBIQUE_MANICA_MANICA_MACHIPANDA,32.85545139808637,-18.879904801552133,Mozambique,TRO_noRES,NOx
0884,48.224555665223264,MOZAMBIQUE_MANICA_MANICA_MAVONDE,33.05466930685875,-18.601929350510918,Mozambique,TRO_noRES,NOx
0885,180.14952180474071,MOZAMBIQUE_MANICA_MANICA_MESSICA,33.034928611751994,-19.04617280907505,Mozambique,TRO_noRES,NOx
0886,77.55809917362049,MOZAMBIQUE_MANICA_MANICA_MUNICIPIO DE MANICA,32.87567656092327,-18.944254944375942,Mozambique,TRO_noRES,NOx
0887,177.1253913383655,MOZAMBIQUE_MANICA_MOSSURIZE_CHIURAIRUE,32.81274306891318,-20.739522288509274,Mozambique,TRO_noRES,NOx
0888,181.14702998881492,MOZAMBIQUE_MANICA_MOSSURIZE_DACATA,33.08962587563526,-20.311252884140636,Mozambique,TRO_noRES,NOx
0889,89.1630573571095,MOZAMBIQUE_MANICA_MOSSURIZE_ESPUNGABERA,32.802896674454466,-20.52340497291208,Mozambique,TRO_noRES,NOx
0890,302.0540181056563,MOZAMBIQUE_MANICA_SUSSUNDENGA_DOMBE,33.398614696729936,-19.90088894894896,Mozambique,TRO_noRES,NOx
0891,91.0337540875741,MOZAMBIQUE_MANICA_SUSSUNDENGA_MUOHA,33.124555743177076,-19.350567086646706,Mozambique,TRO_noRES,NOx
0892,212.59603538042384,MOZAMBIQUE_MANICA_SUSSUNDENGA_ROTANDA,32.98367765963056,-19.498315171914083,Mozambique,TRO_noRES,NOx
0893,268.6007380836248,MOZAMBIQUE_MANICA_SUSSUNDENGA_SUSSUNDENGA SEDE,33.39688667188607,-19.55883675489867,Mozambique,TRO_noRES,NOx
0894,0,MOZAMBIQUE_MANICA_TAMBARA_BUZUA,34.12771071863433,-17.124856875787454,Mozambique,TRO_noRES,NOx
0895,0,MOZAMBIQUE_MANICA_TAMBARA_NHACAFULA,33.94471979664244,-16.860581221473716,Mozambique,TRO_noRES,NOx
0896,0,MOZAMBIQUE_MANICA_TAMBARA_NHACOLO,34.257266964940285,-16.782606471479635,Mozambique,TRO_noRES,NOx
0897,70.17159348861865,MOZAMBIQUE_MANICA_VANDUZI_MATSINHO,33.562813117614425,-18.856539716123457,Mozambique,TRO_noRES,NOx
0898,496.26304120343855,MOZAMBIQUE_MANICA_VANDUZI_VANDUZI SEDE,33.26441975503835,-18.840475151767034,Mozambique,TRO_noRES,NOx
0899,219.13630468921295,MOZAMBIQUE_MAPUTO_BOANE_BOANE,32.34035370899738,-26.08445441643418,Mozambique,TRO_noRES,NOx
0900,219.0925181537007,MOZAMBIQUE_MAPUTO_BOANE_MATOLA RIO,32.385947237971614,-25.894018223674056,Mozambique,TRO_noRES,NOx
0901,227.357471509094,MOZAMBIQUE_MAPUTO_CIDADE DA MATOLA_CIDADE DA MATOLA,32.45895180757802,-25.935412363609455,Mozambique,TRO_noRES,NOx
0902,131.06775917344277,MOZAMBIQUE_MAPUTO_CIDADE DA MATOLA_INFULENE,32.535005856471074,-25.794670956061914,Mozambique,TRO_noRES,NOx
0903,110.6320347530385,MOZAMBIQUE_MAPUTO_CIDADE DA MATOLA_MACHAVA,32.469180128394825,-25.837376960910778,Mozambique,TRO_noRES,NOx
0904,296.08085843544114,MOZAMBIQUE_MAPUTO_MAGUDE_MAGUDE,32.61075121973975,-25.022037525237383,Mozambique,TRO_noRES,NOx
0905,2.9053753118952383,MOZAMBIQUE_MAPUTO_MAGUDE_MAHELE,32.54075600639742,-24.492112517985618,Mozambique,TRO_noRES,NOx
0906,2.3732928063561776,MOZAMBIQUE_MAPUTO_MAGUDE_MAPULANGUENE,32.20329983157022,-24.507823782731254,Mozambique,TRO_noRES,NOx
0907,44.743226836120996,MOZAMBIQUE_MAPUTO_MAGUDE_MOTAZE,32.709351138737226,-24.71535123184659,Mozambique,TRO_noRES,NOx
0908,54.940134139786586,MOZAMBIQUE_MAPUTO_MAGUDE_PANJANE,32.389312226449206,-24.870818989222865,Mozambique,TRO_noRES,NOx
0909,14.241468102599818,MOZAMBIQUE_MAPUTO_MANHIÇA_3 DE FEVEREIRO,32.82054683811158,-25.208390101324238,Mozambique,TRO_noRES,NOx
0910,0,MOZAMBIQUE_MAPUTO_MANHIÇA_CALANGA,33.00084214854617,-25.35071525423053,Mozambique,TRO_noRES,NOx
0911,1.0098299395466086,MOZAMBIQUE_MAPUTO_MANHIÇA_ILHA JOSINA MACHEL,32.946022649902154,-25.170914273804748,Mozambique,TRO_noRES,NOx
0912,0,MOZAMBIQUE_MAPUTO_MANHIÇA_MALUANA,32.64334243048221,-25.49818169410212,Mozambique,TRO_noRES,NOx
0913,0,MOZAMBIQUE_MAPUTO_MANHIÇA_MUNICÍPIO DE MANHIÇA,32.724753253319165,-25.360399766782734,Mozambique,TRO_noRES,NOx
0914,43.91249725749383,MOZAMBIQUE_MAPUTO_MANHIÇA_XINAVANE,32.81889559595267,-25.03141860388646,Mozambique,TRO_noRES,NOx
0915,0,MOZAMBIQUE_MAPUTO_MARRACUENE_MACHUBO,32.81266574227231,-25.54972386244347,Mozambique,TRO_noRES,NOx
0916,166.90667758422998,MOZAMBIQUE_MAPUTO_MARRACUENE_MARRACUENE,32.660662063959514,-25.71381174508608,Mozambique,TRO_noRES,NOx
0917,80.57225065366077,MOZAMBIQUE_MAPUTO_MATUTUINE_BELA VISTA,32.645581759560066,-26.45851112867402,Mozambique,TRO_noRES,NOx
0918,11.463426067769172,MOZAMBIQUE_MAPUTO_MATUTUINE_CATEMBE M'SIME,32.53741836502509,-26.163141580325597,Mozambique,TRO_noRES,NOx
0919,3.4589376921089294,MOZAMBIQUE_MAPUTO_MATUTUINE_CATUANE,32.28250028994303,-26.662117878264368,Mozambique,TRO_noRES,NOx
0920,0,MOZAMBIQUE_MAPUTO_MATUTUINE_MACHANGULO,32.91305429949867,-26.21651617955071,Mozambique,TRO_noRES,NOx
0921,98.95940416893842,MOZAMBIQUE_MAPUTO_MATUTUINE_ZITUNDO,32.66218188529151,-26.782492068760977,Mozambique,TRO_noRES,NOx
0922,191.83420923329248,MOZAMBIQUE_MAPUTO_MOAMBA_MOAMBA,32.3326091155693,-25.499060096245582,Mozambique,TRO_noRES,NOx
0923,56.159492304323265,MOZAMBIQUE_MAPUTO_MOAMBA_PESSENE,32.39574490260445,-25.695218912241263,Mozambique,TRO_noRES,NOx
0924,11.970142954725812,MOZAMBIQUE_MAPUTO_MOAMBA_RESSANO GARCIA,32.06292546188341,-25.524791985906663,Mozambique,TRO_noRES,NOx
0925,82.38361907812386,MOZAMBIQUE_MAPUTO_MOAMBA_SABIE,32.18675953290936,-25.158239910785245,Mozambique,TRO_noRES,NOx
0926,56.95622949613325,MOZAMBIQUE_MAPUTO_NAMAACHA_CHANGALANE,32.221223944789266,-26.330019105258224,Mozambique,TRO_noRES,NOx
0927,533.2260338946343,MOZAMBIQUE_MAPUTO_NAMAACHA_NAMAACHA,32.12662388876005,-25.9088344940042,Mozambique,TRO_noRES,NOx
0928,34.462360015359295,MOZAMBIQUE_NAMPULA_ANGOCHE_AUBE,39.75852334490812,-16.336839936374812,Mozambique,TRO_noRES,NOx
0929,410.0280569118523,MOZAMBIQUE_NAMPULA_ANGOCHE_BOILA NAMETORIA,39.70290960696779,-16.100643339566087,Mozambique,TRO_noRES,NOx
0930,77.70082571386058,MOZAMBIQUE_NAMPULA_ANGOCHE_CIDADE DE ANGOCHE,39.98119984744425,-16.102624069451156,Mozambique,TRO_noRES,NOx
0931,0,MOZAMBIQUE_NAMPULA_ANGOCHE_NAMAPONDA,39.89454505581379,-15.89709080920383,Mozambique,TRO_noRES,NOx
0932,347.75202637830967,MOZAMBIQUE_NAMPULA_CIDADE DE NAMPULA_ANCHILO,39.346700309798294,-15.22913786136925,Mozambique,TRO_noRES,NOx
0933,35.194067811071534,MOZAMBIQUE_NAMPULA_CIDADE DE NAMPULA_MUATALA,39.22135093911949,-15.1593659383683,Mozambique,TRO_noRES,NOx
0934,60.32957107718234,MOZAMBIQUE_NAMPULA_CIDADE DE NAMPULA_MUHALA,39.306298419558225,-15.143595959458594,Mozambique,TRO_noRES,NOx
0935,36.8161338808223,MOZAMBIQUE_NAMPULA_CIDADE DE NAMPULA_NAMICOPO,39.34525426178243,-15.074628282390453,Mozambique,TRO_noRES,NOx
0936,11.56634823149878,MOZAMBIQUE_NAMPULA_CIDADE DE NAMPULA_NAPIPINE,39.25129320752563,-15.062109621505412,Mozambique,TRO_noRES,NOx
0937,37.522898464108316,MOZAMBIQUE_NAMPULA_CIDADE DE NAMPULA_NATIKIRE,39.191184088730786,-15.102448366937157,Mozambique,TRO_noRES,NOx
0938,2.3869182031907465,MOZAMBIQUE_NAMPULA_CIDADE DE NAMPULA_URBANO CENTRAL,39.26026156001214,-15.125287189299852,Mozambique,TRO_noRES,NOx
0939,249.05510685063828,MOZAMBIQUE_NAMPULA_ERÁTI_ALUA,39.89489894828684,-14.015072975322239,Mozambique,TRO_noRES,NOx
0940,143.25288315533942,MOZAMBIQUE_NAMPULA_ERÁTI_NAMAPA SEDE,39.89264212180842,-13.722799866022642,Mozambique,TRO_noRES,NOx
0941,0.007355687324292135,MOZAMBIQUE_NAMPULA_ERÁTI_NAMIROA,39.437336879824,-14.089576975293262,Mozambique,TRO_noRES,NOx
0942,30.319259610483385,MOZAMBIQUE_NAMPULA_ILHA DE MOÇAMBIQUE_ILHA DE MOÇAMBIQUE,40.67676981409689,-15.059117781685298,Mozambique,TRO_noRES,NOx
0943,66.5769080822322,MOZAMBIQUE_NAMPULA_ILHA DE MOÇAMBIQUE_LUMBO,40.593069155304626,-15.048959749366846,Mozambique,TRO_noRES,NOx
0944,0,MOZAMBIQUE_NAMPULA_LALAUA_LALAUA,38.27740706902064,-14.383261448419889,Mozambique,TRO_noRES,NOx
0945,0,MOZAMBIQUE_NAMPULA_LALAUA_METI,37.86423737401499,-14.530463178154468,Mozambique,TRO_noRES,NOx
0946,36.73736092504464,MOZAMBIQUE_NAMPULA_LARDE_LARDE,39.589862180815906,-16.482975798802265,Mozambique,TRO_noRES,NOx
0947,239.0851076550283,MOZAMBIQUE_NAMPULA_LARDE_MUCUALI,39.41790695893417,-16.287090861188318,Mozambique,TRO_noRES,NOx
0948,1.7655634660825692,MOZAMBIQUE_NAMPULA_LIÚPO_LIÚPO,39.94138165076237,-15.619173498171499,Mozambique,TRO_noRES,NOx
0949,0,MOZAMBIQUE_NAMPULA_LIÚPO_QUINGA,40.157694999874806,-15.780114581820921,Mozambique,TRO_noRES,NOx
0950,0,MOZAMBIQUE_NAMPULA_MALEMA_CHILULO,37.49996661674137,-14.582880564434472,Mozambique,TRO_noRES,NOx
0951,56.116546732920426,MOZAMBIQUE_NAMPULA_MALEMA_MALEMA/CANHUNHA,37.573319940795386,-14.919357085909676,Mozambique,TRO_noRES,NOx
0952,345.80122457689816,MOZAMBIQUE_NAMPULA_MALEMA_MUTUALI,37.081432441192284,-14.83921892153854,Mozambique,TRO_noRES,NOx
0953,103.10629655899358,MOZAMBIQUE_NAMPULA_MECONTA_7 DE ABRIL,39.7199341583495,-15.117491589999613,Mozambique,TRO_noRES,NOx
0954,185.20291415856283,MOZAMBIQUE_NAMPULA_MECONTA_CORRANE,39.54876435760044,-15.421969554300855,Mozambique,TRO_noRES,NOx
0955,95.1440484294772,MOZAMBIQUE_NAMPULA_MECONTA_MECONTA,39.82355388116307,-15.033425935687111,Mozambique,TRO_noRES,NOx
0956,172.58763381024679,MOZAMBIQUE_NAMPULA_MECONTA_NAMIALO,39.94047851888918,-14.94333164575556,Mozambique,TRO_noRES,NOx
0957,6.500740886877427,MOZAMBIQUE_NAMPULA_MECUBÚRI_MECUBÚRI,38.91630435171187,-14.607000995672898,Mozambique,TRO_noRES,NOx
0958,0,MOZAMBIQUE_NAMPULA_MECUBÚRI_MILHANA,39.127654237397486,-14.281829730798503,Mozambique,TRO_noRES,NOx
0959,0,MOZAMBIQUE_NAMPULA_MECUBÚRI_MUITE,38.88511350311829,-14.17769262196541,Mozambique,TRO_noRES,NOx
0960,56.20311088266234,MOZAMBIQUE_NAMPULA_MECUBÚRI_NANIMA,38.617221520409196,-14.762009037141098,Mozambique,TRO_noRES,NOx
0961,107.77819729015664,MOZAMBIQUE_NAMPULA_MEMBA_CHIPENE,40.29531026163154,-13.784944312169863,Mozambique,TRO_noRES,NOx
0962,11.74813239683666,MOZAMBIQUE_NAMPULA_MEMBA_LURIO,40.42969149388564,-13.60745895695087,Mozambique,TRO_noRES,NOx
0963,98.91644763931838,MOZAMBIQUE_NAMPULA_MEMBA_MAZUA,40.34452950636614,-13.975095364086036,Mozambique,TRO_noRES,NOx
0964,241.69057337330327,MOZAMBIQUE_NAMPULA_MEMBA_MEMBA,40.48276911284229,-14.242242078752795,Mozambique,TRO_noRES,NOx
0965,0,MOZAMBIQUE_NAMPULA_MOGINCUAL_NAMINGE,40.30844201844057,-15.56760468837137,Mozambique,TRO_noRES,NOx
0966,16.000328609946337,MOZAMBIQUE_NAMPULA_MOGINCUAL_QUIXAXE,40.05536393377276,-15.321131966629133,Mozambique,TRO_noRES,NOx
0967,0,MOZAMBIQUE_NAMPULA_MOGOVOLAS_CALIPO,39.058913588331414,-15.530947657322523,Mozambique,TRO_noRES,NOx
0968,188.4477398392087,MOZAMBIQUE_NAMPULA_MOGOVOLAS_ILUTE,39.04192013771539,-15.797541445237854,Mozambique,TRO_noRES,NOx
0969,4.958679336270481,MOZAMBIQUE_NAMPULA_MOGOVOLAS_MUATUA,39.66247406833886,-15.748169028736038,Mozambique,TRO_noRES,NOx
0970,273.5634622730671,MOZAMBIQUE_NAMPULA_MOGOVOLAS_NAMETIL SEDE,39.38310472440292,-15.732437675168812,Mozambique,TRO_noRES,NOx
0971,179.39346851651885,MOZAMBIQUE_NAMPULA_MOGOVOLAS_NANHUPO RIO,39.48451889216197,-15.93529808811821,Mozambique,TRO_noRES,NOx
0972,138.23322023948273,MOZAMBIQUE_NAMPULA_MOMA_CHALAUA,39.136312137632906,-16.068904552909896,Mozambique,TRO_noRES,NOx
0973,257.6206071307737,MOZAMBIQUE_NAMPULA_MOMA_MACONE SEDE,39.18460905278941,-16.514079368820905,Mozambique,TRO_noRES,NOx
0974,133.89451242285406,MOZAMBIQUE_NAMPULA_MONAPO_ITUCULO,40.24618932007347,-14.64048511059819,Mozambique,TRO_noRES,NOx
0975,204.270567868946,MOZAMBIQUE_NAMPULA_MONAPO_MONAPO SEDE,40.137517062624255,-15.018378371016844,Mozambique,TRO_noRES,NOx
0976,242.76380039282378,MOZAMBIQUE_NAMPULA_MONAPO_NETIA,39.995063284132854,-14.706425832874704,Mozambique,TRO_noRES,NOx
0977,20.72958009375938,MOZAMBIQUE_NAMPULA_MOSSURIL_LUNGA,40.43246793584781,-15.262329440298691,Mozambique,TRO_noRES,NOx
0978,64.90789545201108,MOZAMBIQUE_NAMPULA_MOSSURIL_MATIBANE,40.72180005361815,-14.737223520198267,Mozambique,TRO_noRES,NOx
0979,250.19920139638495,MOZAMBIQUE_NAMPULA_MOSSURIL_MOSSURIL SEDE,40.51219848506181,-14.903379159287029,Mozambique,TRO_noRES,NOx
0980,0,MOZAMBIQUE_NAMPULA_MUECATE_IMALA,39.45961702371391,-14.506131562026775,Mozambique,TRO_noRES,NOx
0981,1.1407903011421505,MOZAMBIQUE_NAMPULA_MUECATE_MUCOLUANE,39.346844589295436,-14.772718872651845,Mozambique,TRO_noRES,NOx
0982,89.69834778357045,MOZAMBIQUE_NAMPULA_MUECATE_MUECATE,39.674472160839436,-14.750405729993048,Mozambique,TRO_noRES,NOx
0983,3.8380350864016672,MOZAMBIQUE_NAMPULA_MURRUPULA_CHINGA,38.63575073821358,-15.171362107258943,Mozambique,TRO_noRES,NOx
0984,0,MOZAMBIQUE_NAMPULA_MURRUPULA_MURRUPULA,38.65453769328181,-15.40126150281662,Mozambique,TRO_noRES,NOx
0985,0,MOZAMBIQUE_NAMPULA_MURRUPULA_NIHESSIUE,38.705843526253894,-15.632443438924252,Mozambique,TRO_noRES,NOx
0986,0,MOZAMBIQUE_NAMPULA_NACALA-A-VELHA_COVO,40.369538959835154,-14.497710962103438,Mozambique,TRO_noRES,NOx
0987,267.0731514450689,MOZAMBIQUE_NAMPULA_NACALA-A-VELHA_NACALA-A-VELHA,40.519787648403145,-14.585074942847683,Mozambique,TRO_noRES,NOx
0988,71.00114425276954,MOZAMBIQUE_NAMPULA_NACALA-PORTO_MUANONA,40.65231715877891,-14.62078918917591,Mozambique,TRO_noRES,NOx
0989,37.3238514720825,MOZAMBIQUE_NAMPULA_NACALA-PORTO_MUTIVA,40.74125943838887,-14.510895004706317,Mozambique,TRO_noRES,NOx
0990,15.97849768208187,MOZAMBIQUE_NAMPULA_NACARÔA_INTETE,40.18830219819722,-14.339300888601866,Mozambique,TRO_noRES,NOx
0991,198.1327470826353,MOZAMBIQUE_NAMPULA_NACARÔA_NACARÔA,39.93302344885562,-14.403489324317396,Mozambique,TRO_noRES,NOx
0992,99.24729564924888,MOZAMBIQUE_NAMPULA_NACARÔA_SAUA-SAUA,39.70222666069944,-14.278122143645904,Mozambique,TRO_noRES,NOx
0993,169.3256618989999,MOZAMBIQUE_NAMPULA_RAPALE_MUTIVAZE,38.86687949184624,-15.018807059185013,Mozambique,TRO_noRES,NOx
0994,38.0522200892518,MOZAMBIQUE_NAMPULA_RAPALE_NAMAITA,38.99863263319021,-15.219861952374297,Mozambique,TRO_noRES,NOx
0995,142.23854220499737,MOZAMBIQUE_NAMPULA_RAPALE_RAPALE,39.16149044871234,-14.974807379007945,Mozambique,TRO_noRES,NOx
0996,70.9418825900949,MOZAMBIQUE_NAMPULA_RIBÁUÈ_CUNLE,38.27686663788419,-15.228219850470028,Mozambique,TRO_noRES,NOx
0997,0,MOZAMBIQUE_NAMPULA_RIBÁUÈ_IAPALA,37.96696312231578,-14.993085543848041,Mozambique,TRO_noRES,NOx
0998,245.15880576399314,MOZAMBIQUE_NAMPULA_RIBÁUÈ_RIBÁUÈ,38.41380839889487,-14.881044564938612,Mozambique,TRO_noRES,NOx
0999,268.8990492395093,MOZAMBIQUE_NIASSA_CHIMBONILA_CHIMBONILA,35.408928981746264,-13.368174436939729,Mozambique,TRO_noRES,NOx
1000,161.98489583268264,MOZAMBIQUE_NIASSA_CHIMBONILA_LIONE,35.129139572126896,-13.602588135727931,Mozambique,TRO_noRES,NOx
1001,4.7606945706276695,MOZAMBIQUE_NIASSA_CHIMBONILA_MEPONDA,34.91488092078617,-13.29985997149095,Mozambique,TRO_noRES,NOx
1002,182.51472737646333,MOZAMBIQUE_NIASSA_CIDADE DE LICHINGA_CIDADE DE LICHINGA,35.24558878755181,-13.298038006470582,Mozambique,TRO_noRES,NOx
1003,349.8323823044337,MOZAMBIQUE_NIASSA_CUAMBA_CIDADE DE CUAMBA,36.43225300678852,-14.65151757200614,Mozambique,TRO_noRES,NOx
1004,0.35885896017764746,MOZAMBIQUE_NIASSA_CUAMBA_ETATARA,36.50604736569097,-15.067722646032196,Mozambique,TRO_noRES,NOx
1005,240.06526049710234,MOZAMBIQUE_NIASSA_CUAMBA_LÚRIO,36.74388384413436,-14.643139941997887,Mozambique,TRO_noRES,NOx
1006,121.32908843439098,MOZAMBIQUE_NIASSA_CUAMBA_MEPICA,36.27342275841742,-14.590957907953893,Mozambique,TRO_noRES,NOx
1007,0,MOZAMBIQUE_NIASSA_LAGO_CÓBUE,35.0221799648129,-11.988797384472345,Mozambique,TRO_noRES,NOx
1008,0.9487465340418278,MOZAMBIQUE_NIASSA_LAGO_LUNHO,34.93957981389291,-12.442879629662482,Mozambique,TRO_noRES,NOx
1009,86.63636963142275,MOZAMBIQUE_NIASSA_LAGO_MANIAMBA,35.03282976741832,-12.708593517824148,Mozambique,TRO_noRES,NOx
1010,22.38878589918121,MOZAMBIQUE_NIASSA_LAGO_MELULUCA,34.858334813639914,-12.908685961985746,Mozambique,TRO_noRES,NOx
1011,23.46244513058609,MOZAMBIQUE_NIASSA_LAGO_METANGULA,34.86215758962762,-12.665576315058521,Mozambique,TRO_noRES,NOx
1012,0,MOZAMBIQUE_NIASSA_MAJUNE_MALANGA,36.33165472317088,-13.08401614787644,Mozambique,TRO_noRES,NOx
1013,76.70395167662954,MOZAMBIQUE_NIASSA_MAJUNE_MUAQUIA,36.67128728604254,-13.41002543814736,Mozambique,TRO_noRES,NOx
1014,16.787985878288612,MOZAMBIQUE_NIASSA_MAJUNE_NAIRRUBI,36.15642160714719,-13.643230834070724,Mozambique,TRO_noRES,NOx
1015,368.0877050943159,MOZAMBIQUE_NIASSA_MANDIMBA_LISSIETE,35.73028508291114,-14.332441674005302,Mozambique,TRO_noRES,NOx
1016,366.81779066935036,MOZAMBIQUE_NIASSA_MANDIMBA_MITANDE,35.98013612645266,-14.147764062736895,Mozambique,TRO_noRES,NOx
1017,0,MOZAMBIQUE_NIASSA_MARRUPA_MARRANGIRA,37.72889340449302,-12.68953895503554,Mozambique,TRO_noRES,NOx
1018,167.00886046572793,MOZAMBIQUE_NIASSA_MARRUPA_MARRUPA SEDE,37.19633769132261,-13.146463272129202,Mozambique,TRO_noRES,NOx
1019,0.6221764090835397,MOZAMBIQUE_NIASSA_MARRUPA_NUNGO,37.81925447353719,-13.478328866752053,Mozambique,TRO_noRES,NOx
1020,0,MOZAMBIQUE_NIASSA_MAÚA_MAIACA,37.3005706489584,-14.114170204450419,Mozambique,TRO_noRES,NOx
1021,450.6954665378024,MOZAMBIQUE_NIASSA_MAÚA_MAÚA,36.95858875508161,-13.837399370259327,Mozambique,TRO_noRES,NOx
1022,0,MOZAMBIQUE_NIASSA_MAVAGO_MAVAGO SEDE,36.182550803240666,-12.258018044524356,Mozambique,TRO_noRES,NOx
1023,0,MOZAMBIQUE_NIASSA_MAVAGO_MSAWIZE,36.597826594641965,-12.217689955331863,Mozambique,TRO_noRES,NOx
1024,23.839768517938097,MOZAMBIQUE_NIASSA_MECANHELAS_CHIUTA,36.08847717751292,-14.74364623777168,Mozambique,TRO_noRES,NOx
1025,34.30634774006429,MOZAMBIQUE_NIASSA_MECANHELAS_INSACA,36.06761006964796,-15.20035211382043,Mozambique,TRO_noRES,NOx
1026,0,MOZAMBIQUE_NIASSA_MECULA_MATONDOVELA,37.1193193013008,-12.085419283276117,Mozambique,TRO_noRES,NOx
1027,13.560077111505413,MOZAMBIQUE_NIASSA_MECULA_MECULA SEDE,37.94951162557012,-11.849337861322065,Mozambique,TRO_noRES,NOx
1028,0,MOZAMBIQUE_NIASSA_METARICA_NACUMUA,37.16022891434504,-14.413133439925444,Mozambique,TRO_noRES,NOx
1029,11.610526509906055,MOZAMBIQUE_NIASSA_METARICA_NAMICUNDI,36.60578243101672,-14.246532016438536,Mozambique,TRO_noRES,NOx
1030,0,MOZAMBIQUE_NIASSA_MUEMBE_CHICONONO,35.825200631872406,-12.703703422754193,Mozambique,TRO_noRES,NOx
1031,0,MOZAMBIQUE_NIASSA_MUEMBE_MUEMBE,35.78045415030022,-13.116180648877394,Mozambique,TRO_noRES,NOx
1032,0,MOZAMBIQUE_NIASSA_NGAUMA_ITEPELA,35.72513460549021,-13.747122663104934,Mozambique,TRO_noRES,NOx
1033,313.5563460417439,MOZAMBIQUE_NIASSA_NGAUMA_MASSANGULO,35.43617637765224,-13.89029757440695,Mozambique,TRO_noRES,NOx
1034,0,MOZAMBIQUE_NIASSA_NIPEPE_MULUCO,38.03235704715008,-13.729080948075778,Mozambique,TRO_noRES,NOx
1035,0,MOZAMBIQUE_NIASSA_NIPEPE_NIPEPE SEDE,37.868200779972554,-14.05769630156578,Mozambique,TRO_noRES,NOx
1036,195.09449461365608,MOZAMBIQUE_NIASSA_SANGA_LUSSIMBESSE,35.17879893805198,-13.045539587648593,Mozambique,TRO_noRES,NOx
1037,0,MOZAMBIQUE_NIASSA_SANGA_MACALOGE,35.50896840865773,-12.2274899473508,Mozambique,TRO_noRES,NOx
1038,0,MOZAMBIQUE_NIASSA_SANGA_MATCHEDJE,35.75189053128633,-11.753298058450781,Mozambique,TRO_noRES,NOx
1039,36.657534821545504,MOZAMBIQUE_NIASSA_SANGA_UNANGO,35.34018877756437,-12.783844219315524,Mozambique,TRO_noRES,NOx
1040,18.74626890347559,MOZAMBIQUE_SOFALA_BÚZI_BÚZI SEDE,34.36044794827508,-19.819912163773225,Mozambique,TRO_noRES,NOx
1041,18.81112892155511,MOZAMBIQUE_SOFALA_BÚZI_ESTAQUINHA,34.16777219776005,-20.149116281359227,Mozambique,TRO_noRES,NOx
1042,0.10332479115325628,MOZAMBIQUE_SOFALA_BÚZI_NOVA SOFALA,34.51923951284964,-20.29614767325403,Mozambique,TRO_noRES,NOx
1043,31.458502448816883,MOZAMBIQUE_SOFALA_CAIA_CAIA SEDE,35.01870022079462,-17.9131888576579,Mozambique,TRO_noRES,NOx
1044,65.38758388250449,MOZAMBIQUE_SOFALA_CAIA_MURRACA,35.043543737221526,-17.704599519075483,Mozambique,TRO_noRES,NOx
1045,86.12647357703167,MOZAMBIQUE_SOFALA_CAIA_SENA,34.958614543889205,-17.545518104260157,Mozambique,TRO_noRES,NOx
1046,16.197642199371824,MOZAMBIQUE_SOFALA_CHEMBA_CHEMBA,34.796784909165844,-17.161346900583574,Mozambique,TRO_noRES,NOx
1047,0,MOZAMBIQUE_SOFALA_CHEMBA_CHIRAMBA,34.46911953038281,-17.053102795299342,Mozambique,TRO_noRES,NOx
1048,0,MOZAMBIQUE_SOFALA_CHEMBA_MULIMA,34.63667292129747,-17.357412370668445,Mozambique,TRO_noRES,NOx
1049,726.6586159568081,MOZAMBIQUE_SOFALA_CHERINGOMA_INHAMINGA,35.225847778954645,-18.633629386192386,Mozambique,TRO_noRES,NOx
1050,157.03455834960815,MOZAMBIQUE_SOFALA_CHERINGOMA_INHAMITANGA,35.21803732270835,-18.19602497310624,Mozambique,TRO_noRES,NOx
1051,46.47456295614039,MOZAMBIQUE_SOFALA_CHIBABAVA_CHIBABAVA,33.625822885571004,-20.32409844006914,Mozambique,TRO_noRES,NOx
1052,41.141372319102864,MOZAMBIQUE_SOFALA_CHIBABAVA_GOONDA SEDE,33.78093779690099,-20.00140681012032,Mozambique,TRO_noRES,NOx
1053,128.14446140516648,MOZAMBIQUE_SOFALA_CHIBABAVA_MUXUNGUE,34.00746860191191,-20.588553113130725,Mozambique,TRO_noRES,NOx
1054,21.06773764755572,MOZAMBIQUE_SOFALA_CIDADE DA BEIRA_CHIVEVE,34.85910823293791,-19.837591338553143,Mozambique,TRO_noRES,NOx
1055,18.042840062350766,MOZAMBIQUE_SOFALA_CIDADE DA BEIRA_MANGA LAFORTE,34.91731660730856,-19.78865079306362,Mozambique,TRO_noRES,NOx
1056,34.62998168002516,MOZAMBIQUE_SOFALA_CIDADE DA BEIRA_MUNHAVA,34.87242987491962,-19.81345968978157,Mozambique,TRO_noRES,NOx
1057,58.67764243535617,MOZAMBIQUE_SOFALA_CIDADE DA BEIRA_NHANGAU,34.98285843795014,-19.693063426738647,Mozambique,TRO_noRES,NOx
1058,215.71746500433557,MOZAMBIQUE_SOFALA_DONDO_CIDADE DE DONDO,34.813763994435696,-19.59912984557761,Mozambique,TRO_noRES,NOx
1059,212.64544916656806,MOZAMBIQUE_SOFALA_DONDO_MAFAMBISSE,34.6172248295846,-19.41411670725845,Mozambique,TRO_noRES,NOx
1060,50.74107740413583,MOZAMBIQUE_SOFALA_DONDO_SAVANE,34.99777842679284,-19.497504876595226,Mozambique,TRO_noRES,NOx
1061,18.664603531685422,MOZAMBIQUE_SOFALA_GORONGOSA_CANDA,33.9411113462195,-18.5269605629544,Mozambique,TRO_noRES,NOx
1062,230.29765910066686,MOZAMBIQUE_SOFALA_GORONGOSA_GORONGOSA,34.32971484173921,-18.78446107770377,Mozambique,TRO_noRES,NOx
1063,268.2401930196067,MOZAMBIQUE_SOFALA_GORONGOSA_VUNDUZI,34.343011287797125,-18.424602841983976,Mozambique,TRO_noRES,NOx
1064,0,MOZAMBIQUE_SOFALA_MACHANGA_CHILOANE,34.92828212630066,-20.64925660347249,Mozambique,TRO_noRES,NOx
1065,0,MOZAMBIQUE_SOFALA_MACHANGA_DIVINHE,34.674247443709874,-20.722876694861167,Mozambique,TRO_noRES,NOx
1066,22.355241788519983,MOZAMBIQUE_SOFALA_MACHANGA_MACHANGA,34.442424245334195,-21.012616087372496,Mozambique,TRO_noRES,NOx
1067,0,MOZAMBIQUE_SOFALA_MARÍNGUÈ_CANXIXE,34.37321686017075,-17.493505870047716,Mozambique,TRO_noRES,NOx
1068,0,MOZAMBIQUE_SOFALA_MARÍNGUÈ_MARÍNGUÈ SEDE,34.485093419015286,-17.81780849718521,Mozambique,TRO_noRES,NOx
1069,0.24972967499462853,MOZAMBIQUE_SOFALA_MARÍNGUÈ_SUBUE,34.568189920354946,-18.170574357241573,Mozambique,TRO_noRES,NOx
1070,47.109307217511635,MOZAMBIQUE_SOFALA_MARROMEU_CHUPANGA,35.53979136875223,-18.153606344651298,Mozambique,TRO_noRES,NOx
1071,11.405599556050902,MOZAMBIQUE_SOFALA_MARROMEU_MARROMEU,35.850161288958624,-18.569407020896904,Mozambique,TRO_noRES,NOx
1072,317.4486468348422,MOZAMBIQUE_SOFALA_MUANZA_GALINHA,35.16349786444109,-19.124539501625424,Mozambique,TRO_noRES,NOx
1073,282.24234110667874,MOZAMBIQUE_SOFALA_MUANZA_MUANZA,34.678605858109435,-18.938987307842137,Mozambique,TRO_noRES,NOx
1074,230.78221120288669,MOZAMBIQUE_SOFALA_NHAMATANDA_NHAMATANDA,34.133897175511564,-19.33606727775627,Mozambique,TRO_noRES,NOx
1075,217.9079551097387,MOZAMBIQUE_SOFALA_NHAMATANDA_TICA,34.40940265650747,-19.335470302125614,Mozambique,TRO_noRES,NOx
1076,34.891422148005375,MOZAMBIQUE_TETE_ANGÓNIA_DOMUE,34.06227681421749,-14.699140503078468,Mozambique,TRO_noRES,NOx
1077,157.72335718820457,MOZAMBIQUE_TETE_ANGÓNIA_ULONGUE,34.349106886594804,-14.631151521449059,Mozambique,TRO_noRES,NOx
1078,0,MOZAMBIQUE_TETE_CAHORA BASSA_CHINTHOLO,32.430533039546916,-16.216233615153374,Mozambique,TRO_noRES,NOx
1079,17.028309962920904,MOZAMBIQUE_TETE_CAHORA BASSA_CHITIMA,32.56262609101031,-15.785800626605736,Mozambique,TRO_noRES,NOx
1080,40.4333573122115,MOZAMBIQUE_TETE_CAHORA BASSA_SONGO,32.85012635482207,-15.642404356099279,Mozambique,TRO_noRES,NOx
1081,359.6593862900672,MOZAMBIQUE_TETE_CHANGARA_CHIOCO,33.14018587060284,-16.42341231628667,Mozambique,TRO_noRES,NOx
1082,549.0495688896399,MOZAMBIQUE_TETE_CHANGARA_LUENHA,33.11909292885668,-16.867569202571328,Mozambique,TRO_noRES,NOx
1083,139.38017650599696,MOZAMBIQUE_TETE_CHIFUNDE_CHIFUNDE,32.92346063358836,-14.975687318128626,Mozambique,TRO_noRES,NOx
1084,200.90291383631202,MOZAMBIQUE_TETE_CHIFUNDE_MUALADZI,32.96393250347011,-14.33950073375169,Mozambique,TRO_noRES,NOx
1085,0,MOZAMBIQUE_TETE_CHIFUNDE_NSADZO,32.51914214687114,-14.524178249655883,Mozambique,TRO_noRES,NOx
1086,219.9642177098123,MOZAMBIQUE_TETE_CHIÚTA_KAZULA,33.72636156193938,-15.477753515522302,Mozambique,TRO_noRES,NOx
1087,247.47183004699434,MOZAMBIQUE_TETE_CHIÚTA_MANJE,33.25470436942447,-15.466819453220635,Mozambique,TRO_noRES,NOx
1088,132.4507707935594,MOZAMBIQUE_TETE_CIDADE DE TETE_CIDADE DE TETE,33.5668919310786,-16.139469255826608,Mozambique,TRO_noRES,NOx
1089,0,MOZAMBIQUE_TETE_DÔA_DÔA,34.51760621797523,-16.598152740102016,Mozambique,TRO_noRES,NOx
1090,124.77758546817755,MOZAMBIQUE_TETE_MACANGA_CHIDZOLOMONDO,33.35197753831337,-14.918724310435108,Mozambique,TRO_noRES,NOx
1091,485.53802572762623,MOZAMBIQUE_TETE_MACANGA_FURANCUNGO,33.59727820804702,-14.761837402785105,Mozambique,TRO_noRES,NOx
1092,6.356633631282248,MOZAMBIQUE_TETE_MÁGOÈ_CHINTHOPO,30.78042037609181,-15.830563886420572,Mozambique,TRO_noRES,NOx
1093,0,MOZAMBIQUE_TETE_MÁGOÈ_MPHENDE,31.891504022092988,-15.845371567366845,Mozambique,TRO_noRES,NOx
1094,11.923963839922905,MOZAMBIQUE_TETE_MÁGOÈ_MUCUMBURA,31.574958142664922,-15.994013693857134,Mozambique,TRO_noRES,NOx
1095,159.07346079116232,MOZAMBIQUE_TETE_MARARA_MARARA,33.1767871500584,-16.057806017371547,Mozambique,TRO_noRES,NOx
1096,0,MOZAMBIQUE_TETE_MARÁVIA_CHIPERA,32.4829526094224,-15.434262338278346,Mozambique,TRO_noRES,NOx
1097,217.05183873792686,MOZAMBIQUE_TETE_MARÁVIA_CHIPUTO,32.35344851188519,-15.03500771920889,Mozambique,TRO_noRES,NOx
1098,198.40125596403627,MOZAMBIQUE_TETE_MARÁVIA_FINGOE,31.820992594832912,-15.343028415557255,Mozambique,TRO_noRES,NOx
1099,12.541833990667518,MOZAMBIQUE_TETE_MARÁVIA_MALOWERA,31.85357215677831,-14.713623464787132,Mozambique,TRO_noRES,NOx
1100,140.61130251309348,MOZAMBIQUE_TETE_MOATIZE_KAMBULATSITSI,34.20055460887969,-16.077264075157483,Mozambique,TRO_noRES,NOx
1101,402.7323918283871,MOZAMBIQUE_TETE_MOATIZE_MOATIZE,33.83033269026306,-16.159543586050585,Mozambique,TRO_noRES,NOx
1102,321.4751978089064,MOZAMBIQUE_TETE_MOATIZE_ZOBUE,34.11068253295919,-15.64316936974153,Mozambique,TRO_noRES,NOx
1103,89.69222219609559,MOZAMBIQUE_TETE_MUTARARA_CHARRE,35.188552287821736,-17.238598593622232,Mozambique,TRO_noRES,NOx
1104,45.831503679552064,MOZAMBIQUE_TETE_MUTARARA_INHANGOMA,35.23245595498249,-17.507231579651293,Mozambique,TRO_noRES,NOx
1105,25.311406388628914,MOZAMBIQUE_TETE_MUTARARA_NHAMAYABUE,35.003122661755604,-17.054371243733755,Mozambique,TRO_noRES,NOx
1106,145.13336827162763,MOZAMBIQUE_TETE_TSANGANO_NTENGO-WAMBALAME,34.41780906847001,-14.917178859746276,Mozambique,TRO_noRES,NOx
1107,213.06808547492565,MOZAMBIQUE_TETE_TSANGANO_TSANGANO,34.29919561554582,-15.250900940934416,Mozambique,TRO_noRES,NOx
1108,0,MOZAMBIQUE_TETE_ZUMBO_MUZE,31.19697252624993,-15.017374487026439,Mozambique,TRO_noRES,NOx
1109,31.64532770262242,MOZAMBIQUE_TETE_ZUMBO_ZAMBUE,30.627783948317607,-15.080209177689394,Mozambique,TRO_noRES,NOx
1110,7.721697383357791,MOZAMBIQUE_TETE_ZUMBO_ZUMBO,30.98718853424653,-15.492944910698794,Mozambique,TRO_noRES,NOx
1111,105.58029429894788,MOZAMBIQUE_ZAMBÉZIA_ALTO MOLÓCUÈ_ALTO MOLÓCUÈ SEDE,37.75169980366362,-15.82968886527511,Mozambique,TRO_noRES,NOx
1112,194.06439970733692,MOZAMBIQUE_ZAMBÉZIA_ALTO MOLÓCUÈ_NAUELA,37.535152030135166,-15.39189561707578,Mozambique,TRO_noRES,NOx
1113,0,MOZAMBIQUE_ZAMBÉZIA_CHINDE_CHINDE SEDE,36.270548844123184,-18.688008655189545,Mozambique,TRO_noRES,NOx
1114,0,MOZAMBIQUE_ZAMBÉZIA_CHINDE_MICAUNE,36.474996279882056,-18.29299927576296,Mozambique,TRO_noRES,NOx
1115,115.61539612349439,MOZAMBIQUE_ZAMBÉZIA_DERRE_GUERISSA,36.07517658059888,-17.391883949116988,Mozambique,TRO_noRES,NOx
1116,80.40470285724562,MOZAMBIQUE_ZAMBÉZIA_DERRE_MACHINDO,36.14501762444021,-17.028813436740112,Mozambique,TRO_noRES,NOx
1117,0,MOZAMBIQUE_ZAMBÉZIA_GILÉ_ALTO LIGONHA,38.32552055604672,-15.659236148992102,Mozambique,TRO_noRES,NOx
1118,0,MOZAMBIQUE_ZAMBÉZIA_GILÉ_GILÉ,38.2910835056982,-16.135614998196157,Mozambique,TRO_noRES,NOx
1119,295.01308967561243,MOZAMBIQUE_ZAMBÉZIA_GURUÈ_CIDADE DE GURUÈ,36.97092700344254,-15.416132819173738,Mozambique,TRO_noRES,NOx
1120,465.6290699347675,MOZAMBIQUE_ZAMBÉZIA_GURUÈ_LIOMA,36.85133659882104,-15.21304720853839,Mozambique,TRO_noRES,NOx
1121,328.2381424749186,MOZAMBIQUE_ZAMBÉZIA_GURUÈ_MEPUAGIUA,37.13396038762665,-15.585338686929129,Mozambique,TRO_noRES,NOx
1122,292.97320850052694,MOZAMBIQUE_ZAMBÉZIA_ILE_ILE,37.33517260666365,-16.094439327573667,Mozambique,TRO_noRES,NOx
1123,121.86311555928809,MOZAMBIQUE_ZAMBÉZIA_ILE_SOCONE,37.24742867277951,-15.78891794152016,Mozambique,TRO_noRES,NOx
1124,0,MOZAMBIQUE_ZAMBÉZIA_INHASSUNGE_GONHANE,36.76819719164744,-18.129199806980733,Mozambique,TRO_noRES,NOx
1125,2.293834980216511,MOZAMBIQUE_ZAMBÉZIA_INHASSUNGE_MUCUPIA,36.82679627550589,-18.02052955876717,Mozambique,TRO_noRES,NOx
1126,3.4669125410693438,MOZAMBIQUE_ZAMBÉZIA_LUABO_CHIMBADZO,35.97977141123299,-18.196016220231943,Mozambique,TRO_noRES,NOx
1127,0,MOZAMBIQUE_ZAMBÉZIA_LUABO_SAMORA MACHEL,36.18071023228471,-18.394390454565023,Mozambique,TRO_noRES,NOx
1128,74.48307634615931,MOZAMBIQUE_ZAMBÉZIA_LUGELA_LUGELA SEDE,36.792817501899684,-16.327386357024547,Mozambique,TRO_noRES,NOx
1129,3.0806358016752604,MOZAMBIQUE_ZAMBÉZIA_LUGELA_MUABANAMA,36.47880843926437,-16.107038995469004,Mozambique,TRO_noRES,NOx
1130,102.73693968794896,MOZAMBIQUE_ZAMBÉZIA_LUGELA_MUNHAMADE,36.953559162628835,-16.485068132775538,Mozambique,TRO_noRES,NOx
1131,167.7944163224933,MOZAMBIQUE_ZAMBÉZIA_LUGELA_TACUANE,36.46670382747136,-16.401970766492536,Mozambique,TRO_noRES,NOx
1132,197.22296029877594,MOZAMBIQUE_ZAMBÉZIA_MAGANJA DA COSTA_MAGANJA DA COSTA,37.557492419314904,-17.31794215732248,Mozambique,TRO_noRES,NOx
1133,185.93593786865918,MOZAMBIQUE_ZAMBÉZIA_MAGANJA DA COSTA_NANTE,37.278741977984176,-17.32317306931781,Mozambique,TRO_noRES,NOx
1134,0.6143457389609033,MOZAMBIQUE_ZAMBÉZIA_MILANGE_MAJAUA,35.436624982155294,-16.253643814284985,Mozambique,TRO_noRES,NOx
1135,473.2474273130056,MOZAMBIQUE_ZAMBÉZIA_MILANGE_MILANGE SEDE,35.963973872998274,-16.234450769061095,Mozambique,TRO_noRES,NOx
1136,0,MOZAMBIQUE_ZAMBÉZIA_MILANGE_MONGUE,35.65648738221003,-16.442722119703557,Mozambique,TRO_noRES,NOx
1137,503.24126185592115,MOZAMBIQUE_ZAMBÉZIA_MOCUBA_CIDADE DE MOCUBA,36.92085203297691,-17.018379997773273,Mozambique,TRO_noRES,NOx
1138,7.7749802181842425,MOZAMBIQUE_ZAMBÉZIA_MOCUBA_MUGEBA,37.29714017190822,-16.637901594506356,Mozambique,TRO_noRES,NOx
1139,544.5681763085605,MOZAMBIQUE_ZAMBÉZIA_MOCUBA_NAMANJAVIRA,36.48988287703119,-16.806628981302676,Mozambique,TRO_noRES,NOx
1140,10.064241215788455,MOZAMBIQUE_ZAMBÉZIA_MOCUBELA_BAJONE,37.895522331552115,-17.22544194310728,Mozambique,TRO_noRES,NOx
1141,254.12281581346247,MOZAMBIQUE_ZAMBÉZIA_MOCUBELA_MOCUBELA,37.68028351815039,-16.88555041335021,Mozambique,TRO_noRES,NOx
1142,30.56855109373613,MOZAMBIQUE_ZAMBÉZIA_MOLUMBO_CORROMANA,36.05791686767938,-15.749566179759793,Mozambique,TRO_noRES,NOx
1143,214.83890395170016,MOZAMBIQUE_ZAMBÉZIA_MOLUMBO_MOLUMBO SEDE,36.32068964426865,-15.602898065813545,Mozambique,TRO_noRES,NOx
1144,3.3448320244118896,MOZAMBIQUE_ZAMBÉZIA_MOPEIA_CAMPO,36.34626125703182,-17.82259550049933,Mozambique,TRO_noRES,NOx
1145,5.3397408316404,MOZAMBIQUE_ZAMBÉZIA_MOPEIA_MOPEIA SEDE,35.80351735470755,-17.841703764849772,Mozambique,TRO_noRES,NOx
1146,50.082296924006194,MOZAMBIQUE_ZAMBÉZIA_MORRUMBALA_CHIRE,35.53140807640189,-16.71068394183522,Mozambique,TRO_noRES,NOx
1147,55.94566875678156,MOZAMBIQUE_ZAMBÉZIA_MORRUMBALA_MEGAZA,35.44414710494373,-17.34322259459494,Mozambique,TRO_noRES,NOx
1148,242.74286577135248,MOZAMBIQUE_ZAMBÉZIA_MORRUMBALA_MORRUMBALA SEDE,35.71818601432962,-17.24576425945072,Mozambique,TRO_noRES,NOx
1149,0,MOZAMBIQUE_ZAMBÉZIA_MULEVALA_CHIRACO,37.76125440346422,-16.32163858126515,Mozambique,TRO_noRES,NOx
1150,0.3395037670775157,MOZAMBIQUE_ZAMBÉZIA_MULEVALA_M BAUANE,37.54642716961419,-16.40909467076002,Mozambique,TRO_noRES,NOx
1151,0,MOZAMBIQUE_ZAMBÉZIA_NAMACURRA_MACUSE,37.22484678245629,-17.591775752107008,Mozambique,TRO_noRES,NOx
1152,14.904537052426866,MOZAMBIQUE_ZAMBÉZIA_NAMACURRA_MALEI,37.01133444499841,-17.298645809649788,Mozambique,TRO_noRES,NOx
1153,7.79629306546394,MOZAMBIQUE_ZAMBÉZIA_NAMACURRA_NAMACURRA SEDE,36.999724466727024,-17.475100608613698,Mozambique,TRO_noRES,NOx
1154,26.131642891216924,MOZAMBIQUE_ZAMBÉZIA_NAMARROI_NAMARROI,36.932601372279954,-15.997062158730339,Mozambique,TRO_noRES,NOx
1155,0,MOZAMBIQUE_ZAMBÉZIA_NAMARROI_REGONE,36.703202241179774,-15.741498193552788,Mozambique,TRO_noRES,NOx
1156,0,MOZAMBIQUE_ZAMBÉZIA_NICOADALA_MUNHONHA,36.585288815320006,-17.577946128566236,Mozambique,TRO_noRES,NOx
1157,65.12520965739095,MOZAMBIQUE_ZAMBÉZIA_NICOADALA_NICOADALA SEDE,36.663687161432556,-17.524080596030704,Mozambique,TRO_noRES,NOx
1158,0,MOZAMBIQUE_ZAMBÉZIA_PEBANE_MULELA,38.453959254758885,-16.77972576468378,Mozambique,TRO_noRES,NOx
1159,0.27183984095017194,MOZAMBIQUE_ZAMBÉZIA_PEBANE_NABURI,38.84329914869052,-16.53846306968174,Mozambique,TRO_noRES,NOx
1160,116.67769680155612,MOZAMBIQUE_ZAMBÉZIA_PEBANE_PEBANE SEDE,38.11397763950611,-16.944696335246178,Mozambique,TRO_noRES,NOx
1161,64.19514441873446,MOZAMBIQUE_ZAMBÉZIA_QUELIMANE_MAQUIVAL,37.05066199126774,-17.80539223477135,Mozambique,TRO_noRES,NOx
1162,68.62964400540102,MOZAMBIQUE_ZAMBÉZIA_QUELIMANE_QUELIMANE,36.917031879996124,-17.859838300308013,Mozambique,TRO_noRES,NOx
1163,73.54622552471372,MOZAMBIQUE_SOFALA_CIDADE DA BEIRA_INHAMIZUA,34.80944811048006,-19.7342235382873,Mozambique,TRO_noRES,NOx
1164,54.704343006590086,MOZAMBIQUE_CABO DELGADO_QUISSANGA_QUISSANGA,40.34522572679413,-12.388146823567476,Mozambique,TRO_noRES,NOx
1165,129.7221547206124,MOZAMBIQUE_ZAMBÉZIA_NICOADALA_NAMACATA,36.87753030165205,-17.747483505410734,Mozambique,TRO_noRES,NOx
1166,15.880123081786047,NAMIBIA_ZAMBEZI_KABBE,24.793790035168254,-17.667984075409294,Namibia,TRO_noRES,NOx
1167,27.4812372264479,NAMIBIA_ZAMBEZI_KATIMA MULILO RURAL,24.454538835228554,-17.783707702671318,Namibia,TRO_noRES,NOx
1168,2.0613022746052065,NAMIBIA_ZAMBEZI_KATIMA MULILO URBAN,24.279746190016365,-17.50806511335707,Namibia,TRO_noRES,NOx
1169,4.367354253249005,NAMIBIA_ZAMBEZI_KONGOLA,23.264204346697873,-17.80294902774862,Namibia,TRO_noRES,NOx
1170,69.1781901891084,NAMIBIA_ZAMBEZI_LINYANTI,23.671437828262256,-18.092266566594112,Namibia,TRO_noRES,NOx
1171,29.076159152919864,NAMIBIA_ZAMBEZI_SIBBINDA,24.108590663155443,-17.85835022128321,Namibia,TRO_noRES,NOx
1172,359.55805269535676,NAMIBIA_ERONGO_ARANDIS,14.691497629475606,-22.264372494788464,Namibia,TRO_noRES,NOx
1173,428.42987749371747,NAMIBIA_ERONGO_DAURES,14.93756663805144,-21.37524651621252,Namibia,TRO_noRES,NOx
1174,375.60880457978755,NAMIBIA_ERONGO_KARIBIB,15.787173934663985,-22.30410061850206,Namibia,TRO_noRES,NOx
1175,410.57738877817866,NAMIBIA_ERONGO_OMARURU,15.95833063241253,-21.31749516745864,Namibia,TRO_noRES,NOx
1176,41.188281246168664,NAMIBIA_ERONGO_SWAKOPMUND,14.59907978731461,-22.6202601717113,Namibia,TRO_noRES,NOx
1177,234.8141146703654,NAMIBIA_ERONGO_WALVIS BAY RURAL,15.043164785735584,-23.30666115914993,Namibia,TRO_noRES,NOx
1178,5.847681852441187,NAMIBIA_ERONGO_WALVIS BAY URBAN,14.51062497535283,-22.954088068577146,Namibia,TRO_noRES,NOx
1179,999.6296215729938,NAMIBIA_HARDAP_GIBEON,16.211055584954146,-24.728927802737125,Namibia,TRO_noRES,NOx
1180,1667.5761161475398,NAMIBIA_HARDAP_MARIENTAL RURAL,18.931178051035655,-24.55690325528673,Namibia,TRO_noRES,NOx
1181,166.4559206816893,NAMIBIA_HARDAP_MARIENTAL URBAN,17.552231711371142,-24.506156912910303,Namibia,TRO_noRES,NOx
1182,332.98143494118517,NAMIBIA_HARDAP_REHOBOTH RURAL,16.94802061214784,-23.797424696279414,Namibia,TRO_noRES,NOx
1183,28.65790026641936,NAMIBIA_HARDAP_REHOBOTH URBAN EAST,17.140914395565115,-23.302814761538283,Namibia,TRO_noRES,NOx
1184,50.40207622915177,NAMIBIA_HARDAP_REHOBOTH URBAN WEST,17.035406416002225,-23.29213818904565,Namibia,TRO_noRES,NOx
1185,740.9290717610802,NAMIBIA_//KARAS_BERSEBA,17.43213672122362,-26.402137402623683,Namibia,TRO_noRES,NOx
1186,1129.9312519000262,NAMIBIA_//KARAS_KARASBURG,18.711773230367335,-28.093418586403676,Namibia,TRO_noRES,NOx
1187,1328.081310809127,NAMIBIA_//KARAS_KEETMANSHOOP RURAL,18.963044948025257,-26.591724991032446,Namibia,TRO_noRES,NOx
1188,35.78125607139675,NAMIBIA_//KARAS_KEETMANSHOOP URBAN,18.13828868505545,-26.52392990789683,Namibia,TRO_noRES,NOx
1189,321.7889424001586,NAMIBIA_//KARAS_LUDERITZ,15.864291361495141,-26.644991721573984,Namibia,TRO_noRES,NOx
1190,127.71091308403157,NAMIBIA_//KARAS_ORANJEMUND,16.84821332532997,-28.056930475767597,Namibia,TRO_noRES,NOx
1191,22.54083396643673,NAMIBIA_KAVANGO EAST_MASHARE,20.090779832016132,-18.617546949007107,Namibia,TRO_noRES,NOx
1192,93.4520122693975,NAMIBIA_KAVANGO EAST_MUKWE,21.71929868242943,-18.093691738891703,Namibia,TRO_noRES,NOx
1193,33.12908140754522,NAMIBIA_KAVANGO EAST_NDIYONA,20.70537677949861,-18.57519053865166,Namibia,TRO_noRES,NOx
1194,5.391350589966066,NAMIBIA_KAVANGO EAST_RUNDU RURAL WEST,19.729735628949058,-18.20829568264125,Namibia,TRO_noRES,NOx
1195,0.8008902280564056,NAMIBIA_KAVANGO EAST_RUNDU URBAN,19.77048535736296,-17.905684519464447,Namibia,TRO_noRES,NOx
1196,8.495024911090253,NAMIBIA_KAVANGO EAST_RUNDU RURAL EAST,19.918903908289927,-18.018190028726913,Namibia,TRO_noRES,NOx
1197,14.813898544092014,NAMIBIA_KHOMAS_TOBIAS HAINYEKO,17.064566285247462,-22.491571002219786,Namibia,TRO_noRES,NOx
1198,3.9277812625238853,NAMIBIA_KHOMAS_KATUTURA CENTRAL,17.053093806653106,-22.5235276855212,Namibia,TRO_noRES,NOx
1199,5.106542805903911,NAMIBIA_KHOMAS_KATUTURA EAST,17.064629491748327,-22.520906899274305,Namibia,TRO_noRES,NOx
1200,41.07361116807573,NAMIBIA_KHOMAS_KHOMASDAL NORTH,17.02393885405345,-22.546692524938113,Namibia,TRO_noRES,NOx
1201,3.6511328760335275,NAMIBIA_KHOMAS_SOWETO,17.04634348136182,-22.518971599270618,Namibia,TRO_noRES,NOx
1202,26.016558905824525,NAMIBIA_KHOMAS_SAMORA MACHEL,17.011693927957612,-22.515093718237296,Namibia,TRO_noRES,NOx
1203,34.80866043455103,NAMIBIA_KHOMAS_WINDHOEK EAST,17.14408226450097,-22.62046223783627,Namibia,TRO_noRES,NOx
1204,1235.0680077244501,NAMIBIA_KHOMAS_WINDHOEK RURAL,17.152644209354136,-22.919981679213087,Namibia,TRO_noRES,NOx
1205,102.40560355019034,NAMIBIA_KHOMAS_WINDHOEK WEST,16.999274417411097,-22.61413420573047,Namibia,TRO_noRES,NOx
1206,17.345995323016417,NAMIBIA_KHOMAS_MOSES //GAROEB,17.04398509888085,-22.46917693709735,Namibia,TRO_noRES,NOx
1207,161.13231214913114,NAMIBIA_KUNENE_EPUPA,12.951182297756084,-17.577768817143944,Namibia,TRO_noRES,NOx
1208,715.5485783856227,NAMIBIA_KUNENE_KAMANAJB,15.32465722582946,-19.802405761415024,Namibia,TRO_noRES,NOx
1209,539.2229073455848,NAMIBIA_KUNENE_KHORIXAS,14.18082561343677,-20.491501565211138,Namibia,TRO_noRES,NOx
1210,192.07422445132065,NAMIBIA_KUNENE_OPUWO,13.206749264241742,-18.475898236405577,Namibia,TRO_noRES,NOx
1211,307.59006983458795,NAMIBIA_KUNENE_OUTJO,16.274442963394687,-19.825265069447923,Namibia,TRO_noRES,NOx
1212,186.54932050461056,NAMIBIA_KUNENE_SESFONTEIN,13.640868650570905,-19.49338092253463,Namibia,TRO_noRES,NOx
1213,21.279745459846126,NAMIBIA_OHANGWENA_EENHANA,16.353020701398215,-17.671032492551955,Namibia,TRO_noRES,NOx
1214,2.68888507230819,NAMIBIA_OHANGWENA_ENDOLA,15.820859010662058,-17.625815642509547,Namibia,TRO_noRES,NOx
1215,7.353765367593523,NAMIBIA_OHANGWENA_ENGELA,15.748718902094708,-17.518181174101677,Namibia,TRO_noRES,NOx
1216,12.091979968298347,NAMIBIA_OHANGWENA_EPEMBE,16.685598245035656,-17.66735533080767,Namibia,TRO_noRES,NOx
1217,1.6937206087182777,NAMIBIA_OHANGWENA_OHANGWENA,15.882643502502614,-17.520931558141168,Namibia,TRO_noRES,NOx
1218,0,NAMIBIA_OHANGWENA_OKONGO,17.455737413504714,-17.57117050323505,Namibia,TRO_noRES,NOx
1219,4.517885485883599,NAMIBIA_OHANGWENA_OMUNDAUNGILO,16.578551766563972,-17.449506206889357,Namibia,TRO_noRES,NOx
1220,1.8092081231610895,NAMIBIA_OHANGWENA_ONDOBE,16.18459197141436,-17.477949671341534,Namibia,TRO_noRES,NOx
1221,13.387678128537937,NAMIBIA_OHANGWENA_ONGENGA,15.668516925400173,-17.447258578058655,Namibia,TRO_noRES,NOx
1222,1.7028370132475668,NAMIBIA_OHANGWENA_OSHIKANGO,15.988943461829676,-17.457271133054828,Namibia,TRO_noRES,NOx
1223,12.1632331258794,NAMIBIA_OHANGWENA_OMULONGA,16.093754261365657,-17.654017776298947,Namibia,TRO_noRES,NOx
1224,496.0986641194854,NAMIBIA_OMAHEKE_AMINUIS,19.295775953525137,-23.417526891993003,Namibia,TRO_noRES,NOx
1225,274.52144801165144,NAMIBIA_OMAHEKE_GOBABIS,18.604707150106318,-22.71498381235896,Namibia,TRO_noRES,NOx
1226,403.07189257121223,NAMIBIA_OMAHEKE_KALAHARI,19.48312846470799,-22.503052429131507,Namibia,TRO_noRES,NOx
1227,92.35268222961952,NAMIBIA_OMAHEKE_OTJINENE,18.982375532173915,-20.874933868522408,Namibia,TRO_noRES,NOx
1228,31.984807873489267,NAMIBIA_OMAHEKE_OTJOMBINDE,20.498308652977602,-21.175886752549744,Namibia,TRO_noRES,NOx
1229,812.1305866361536,NAMIBIA_OMAHEKE_STEINHAUSEN,18.80813704803802,-21.78488609292944,Namibia,TRO_noRES,NOx
1230,128.01252219775714,NAMIBIA_OMAHEKE_EPUKIRO,19.646436307793838,-20.93506528769702,Namibia,TRO_noRES,NOx
1231,23.060123907057108,NAMIBIA_OMUSATI_ANAMULENGE,15.10483056097633,-17.506116865915512,Namibia,TRO_noRES,NOx
1232,25.092407634364008,NAMIBIA_OMUSATI_ELIM,15.413739072297282,-17.82200407359759,Namibia,TRO_noRES,NOx
1233,24.2426387345466,NAMIBIA_OMUSATI_ETAYI,15.519494125234022,-17.546723554965112,Namibia,TRO_noRES,NOx
1234,37.15910014117488,NAMIBIA_OMUSATI_OGONGO,15.170545752866131,-17.721649210815624,Namibia,TRO_noRES,NOx
1235,30.794695652800417,NAMIBIA_OMUSATI_OKAHAO,14.876116003002421,-18.693051850022275,Namibia,TRO_noRES,NOx
1236,30.946330608795595,NAMIBIA_OMUSATI_OKALONGO,15.28878445011893,-17.500821675929387,Namibia,TRO_noRES,NOx
1237,30.859040497973027,NAMIBIA_OMUSATI_ONESI,14.628083358790452,-17.577424359547425,Namibia,TRO_noRES,NOx
1238,32.76760031302117,NAMIBIA_OMUSATI_OSHIKUKU,15.392620794511467,-17.690835725085098,Namibia,TRO_noRES,NOx
1239,60.516149950394926,NAMIBIA_OMUSATI_OUTAPI,14.846441471749827,-17.517573911214274,Namibia,TRO_noRES,NOx
1240,154.92381675449644,NAMIBIA_OMUSATI_RUACANA,14.407777044865957,-18.097615436899044,Namibia,TRO_noRES,NOx
1241,103.67745175902685,NAMIBIA_OMUSATI_TSANDI,14.78614887515016,-17.886312407797114,Namibia,TRO_noRES,NOx
1242,4.095243025722029,NAMIBIA_OMUSATI_OTAMANZI,15.358988115665142,-18.525957641318243,Namibia,TRO_noRES,NOx
1243,8.46992950518533,NAMIBIA_OSHANA_OKAKU,15.943162766854906,-17.77022559144506,Namibia,TRO_noRES,NOx
1244,37.66070941510594,NAMIBIA_OSHANA_OKATANA,15.574759437909428,-17.820795199376207,Namibia,TRO_noRES,NOx
1245,0.2758309165373145,NAMIBIA_OSHANA_OKATJALI,15.924923293889925,-18.15395120107729,Namibia,TRO_noRES,NOx
1246,5.392898913729227,NAMIBIA_OSHANA_OMPUNDJA,15.659629403226038,-18.011357008061164,Namibia,TRO_noRES,NOx
1247,17.386784984741663,NAMIBIA_OSHANA_ONDANGWA,15.89055793163545,-17.88939506257595,Namibia,TRO_noRES,NOx
1248,25.334390600663614,NAMIBIA_OSHANA_ONGWEDIVA,15.823548294632106,-17.763524478913496,Namibia,TRO_noRES,NOx
1249,15.57636771314027,NAMIBIA_OSHANA_OSHAKATI EAST,15.735869553936352,-17.86260914126032,Namibia,TRO_noRES,NOx
1250,8.655320623702867,NAMIBIA_OSHANA_OSHAKATI WEST,15.624549764682277,-17.857865215295526,Namibia,TRO_noRES,NOx
1251,11.292533846784817,NAMIBIA_OSHANA_UUKWIYU,15.884221094272657,-17.99618085800174,Namibia,TRO_noRES,NOx
1252,15.89054183407554,NAMIBIA_OSHANA_UUVUDHIYA,15.696372341891102,-18.671160629838095,Namibia,TRO_noRES,NOx
1253,4.747589582925919,NAMIBIA_OSHIKOTO_EENGONDI,17.332440762836534,-18.19310832303004,Namibia,TRO_noRES,NOx
1254,234.09817807442383,NAMIBIA_OSHIKOTO_GUINAS,17.594343489923055,-18.89437399671328,Namibia,TRO_noRES,NOx
1255,10.0596605371247,NAMIBIA_OSHIKOTO_OKANKOLO,17.177875343763045,-17.878323021444082,Namibia,TRO_noRES,NOx
1256,4.223986361312383,NAMIBIA_OSHIKOTO_OLUKONDA,16.068385898650977,-18.038011932787096,Namibia,TRO_noRES,NOx
1257,0.0010278717636711494,NAMIBIA_OSHIKOTO_OMUNTELE,16.169328087187097,-18.334827887672034,Namibia,TRO_noRES,NOx
1258,169.3433995447852,NAMIBIA_OSHIKOTO_OMUTHIYAGWIIPUNDI,16.51029242566859,-18.898858129359702,Namibia,TRO_noRES,NOx
1259,8.822048682329442,NAMIBIA_OSHIKOTO_ONAYENA,16.207793411083593,-17.950862651129206,Namibia,TRO_noRES,NOx
1260,14.194242460109242,NAMIBIA_OSHIKOTO_ONIIPA,16.069902480232454,-17.845135062553666,Namibia,TRO_noRES,NOx
1261,9.914057683812088,NAMIBIA_OSHIKOTO_ONYAANYA,16.357556814301276,-18.090881069656568,Namibia,TRO_noRES,NOx
1262,27.152956955505616,NAMIBIA_OSHIKOTO_TSUMEB,17.719219426941624,-19.233610933756992,Namibia,TRO_noRES,NOx
1263,439.1324829059479,NAMIBIA_OTJOZONDJUPA_GROOTFONTEIN,18.435300956629483,-19.307687617586755,Namibia,TRO_noRES,NOx
1264,183.12524568786898,NAMIBIA_OTJOZONDJUPA_OKAHANDJA,16.668747555463238,-21.83565240672381,Namibia,TRO_noRES,NOx
1265,535.2069032171038,NAMIBIA_OTJOZONDJUPA_OKAKARARA,18.334564244255255,-20.38760912604105,Namibia,TRO_noRES,NOx
1266,1038.9962352231262,NAMIBIA_OTJOZONDJUPA_OMATAKO,17.282520645457858,-21.20096061005428,Namibia,TRO_noRES,NOx
1267,458.54505854403783,NAMIBIA_OTJOZONDJUPA_OTAVI,17.328950067683728,-19.86763044479583,Namibia,TRO_noRES,NOx
1268,259.9649652478387,NAMIBIA_OTJOZONDJUPA_OTJIWARONGO,16.251829448720684,-20.505042965104394,Namibia,TRO_noRES,NOx
1269,305.8254202539159,NAMIBIA_OTJOZONDJUPA_TSUMKWE,19.9533987514376,-19.722419209002222,Namibia,TRO_noRES,NOx
1270,12.406291547256126,NAMIBIA_KAVANGO WEST_KAHENGE,18.861763150665734,-18.28861226947196,Namibia,TRO_noRES,NOx
1271,0.5754415302603396,NAMIBIA_KAVANGO WEST_KAPAKO,19.43557328650503,-18.551716439141092,Namibia,TRO_noRES,NOx
1272,30.91712481834006,NAMIBIA_KAVANGO WEST_MPUNGU,18.26159001570929,-18.04481891772234,Namibia,TRO_noRES,NOx
1273,4101.468029805434,Buffalo City (BUF),27.598864254477117,-32.94800582792056,SA,TRO_noRES,NOx
1274,13634.890601479852,City of Cape Town (CPT),18.594296829494326,-33.892706933725236,SA,TRO_noRES,NOx
1275,6536.312233246308,Camdeboo/Ikwezi/Baviaans (EC101),24.089957646273938,-32.8452024220234,SA,TRO_noRES,NOx
1276,2937.773460154129,Blue Crane Rout/ie (EC102),25.41308680240521,-32.778160968279536,SA,TRO_noRES,NOx
1277,1619.6398761389119,Makana (EC104),26.408254634609886,-33.23516631902399,SA,TRO_noRES,NOx
1278,1205.0299199563315,Ndlambe (EC105),26.743980167056392,-33.52310164874916,SA,TRO_noRES,NOx
1279,1718.2483383161725,Sundays River Valley (EC106),25.496722441767997,-33.51169278867713,SA,TRO_noRES,NOx
1280,1160.3108860863986,Kouga (EC108),24.79959562862642,-33.90429867869783,SA,TRO_noRES,NOx
1281,1364.0633709402143,Kou-Kamma (EC109),24.060086657020488,-33.867609516127736,SA,TRO_noRES,NOx
1282,1138.981185182075,Mbhashe (EC121),28.575231014835296,-32.13220971938858,SA,TRO_noRES,NOx
1283,1204.2562033235192,Mnquma (EC122),28.156661393124235,-32.34546010162823,SA,TRO_noRES,NOx
1284,786.4594558086884,Great Kei (EC123),28.009533893856762,-32.65908476816192,SA,TRO_noRES,NOx
1285,1722.726469516636,Amahlathi (EC124),27.33351960038348,-32.502457790779154,SA,TRO_noRES,NOx
1286,987.5438021859603,Ngqushwa (EC126),27.190552108198407,-33.197883930507096,SA,TRO_noRES,NOx
1287,3194.7386082733155,Nkonkobe/Nxuba (EC129),26.56395343016319,-32.68648839664744,SA,TRO_noRES,NOx
1288,2642.436203122941,Inxuba Yethemba (EC131),25.321553083523288,-31.86297467718648,SA,TRO_noRES,NOx
1289,1061.9272899265104,Intsika Yethu (EC135),27.65645293007968,-31.967410209741036,SA,TRO_noRES,NOx
1290,1261.5576690446942,Emalahleni (EC136),27.196289987483134,-31.59599819484559,SA,TRO_noRES,NOx
1291,960.0719464754443,Engcobo (EC137),28.091140856688877,-31.681331250222897,SA,TRO_noRES,NOx
1292,1208.8137269386398,Sakhisizwe (EC138),27.784464653423093,-31.443073463199052,SA,TRO_noRES,NOx
1293,5442.782586919402,Tsolwana/Inkwanca/Lukanji (EC139),26.44231171599927,-31.82713277165301,SA,TRO_noRES,NOx
1294,1622.3127483642381,Elundini (EC141),28.332923728488446,-30.924613490171907,SA,TRO_noRES,NOx
1295,2496.649411048334,Senqu (EC142),27.561052438944984,-30.865504121282964,SA,TRO_noRES,NOx
1296,4758.511858812789,Maletswai/Gariep (EC145),26.297982166534812,-30.99072562439091,SA,TRO_noRES,NOx
1297,1275.5226567465672,Ngquza Hill (EC153),29.61936077896737,-31.240526584482595,SA,TRO_noRES,NOx
1298,982.501846669338,Port St Johns (EC154),29.42127994736776,-31.536133432650935,SA,TRO_noRES,NOx
1299,1273.2418607596255,Nyandeni (EC155),29.06791507221619,-31.593568922888913,SA,TRO_noRES,NOx
1300,800.1792327370555,Mhlontlo (EC156),28.77986734009031,-31.200925478397178,SA,TRO_noRES,NOx
1301,1657.503335038678,King Sabata Dalindyebo (EC157),28.67245651353882,-31.763159249936695,SA,TRO_noRES,NOx
1302,1251.8881744969185,Matatiele (EC441),28.799576805046378,-30.346800314394653,SA,TRO_noRES,NOx
1303,632.7698936580657,Umzimvubu (EC442),29.024650004658934,-30.77669158331251,SA,TRO_noRES,NOx
1304,1249.0241523079178,Mbizana (EC443),29.846100390912305,-30.94913834267403,SA,TRO_noRES,NOx
1305,568.2389153901937,Ntabankulu (EC444),29.301335289494258,-30.979143187316314,SA,TRO_noRES,NOx
1306,13811.669183722386,Ekurhuleni (EKU),28.312610799006872,-26.19890180039359,SA,TRO_noRES,NOx
1307,10565.935397987983,eThekwini (ETH),30.83613967872446,-29.834217800959394,SA,TRO_noRES,NOx
1308,2500.904597514416,Letsemeng (FS161),25.014921531561004,-29.358108946328255,SA,TRO_noRES,NOx
1309,3672.828527333076,Kopanong (FS162),25.64114039286138,-29.975908538082983,SA,TRO_noRES,NOx
1310,1890.440982817227,Mohokare (FS163),26.70843376153791,-30.20845860575575,SA,TRO_noRES,NOx
1311,2899.4986349685364,Masilonyana (FS181),26.617458659326235,-28.631554189395228,SA,TRO_noRES,NOx
1312,2605.8795646623917,Tokologo (FS182),25.355991999884054,-28.472588777335627,SA,TRO_noRES,NOx
1313,2575.563075920605,Tswelopele (FS183),25.931548564559048,-28.066074672660065,SA,TRO_noRES,NOx
1314,3021.190340051282,Matjhabeng (FS184),26.91629852178738,-28.044206331040705,SA,TRO_noRES,NOx
1315,1976.3951780789641,Nala (FS185),26.443501057951472,-27.620085113823276,SA,TRO_noRES,NOx
1316,2432.7852861506085,Setsoto (FS191),27.611849107223822,-28.597460113677133,SA,TRO_noRES,NOx
1317,2120.3984809485814,Dihlabeng (FS192),28.293898689286305,-28.362439638603284,SA,TRO_noRES,NOx
1318,2241.8007411043614,Nketoana (FS193),28.246098639230098,-27.849730288880405,SA,TRO_noRES,NOx
1319,1484.1129762301614,Maluti a Phofung (FS194),29.025155447117413,-28.332211824313816,SA,TRO_noRES,NOx
1320,2165.9320372451616,Phumelela (FS195),29.22855332756709,-27.676780478565117,SA,TRO_noRES,NOx
1321,1932.4621439960565,Mantsopa (FS196),27.217597861072438,-29.135212154732272,SA,TRO_noRES,NOx
1322,3809.2572757524517,Moqhaka (FS201),27.193724011739675,-27.500952572439758,SA,TRO_noRES,NOx
1323,3667.2159216455525,Ngwathe (FS203),27.731911356224305,-27.2957570942759,SA,TRO_noRES,NOx
1324,2054.133150494779,Metsimaholo (FS204),28.043759146658957,-26.929132626752555,SA,TRO_noRES,NOx
1325,1633.3281047852224,Mafube (FS205),28.60779443701931,-27.269640781466524,SA,TRO_noRES,NOx
1326,4087.1883754970227,Emfuleni (GT421),27.78119575062538,-26.628372404139963,SA,TRO_noRES,NOx
1327,3176.062488548218,Midvaal (GT422),28.12922429452965,-26.623049056706034,SA,TRO_noRES,NOx
1328,2288.391217425914,Lesedi (GT423),28.506672206506963,-26.461472069502342,SA,TRO_noRES,NOx
1329,2213.363341694174,Mogale City (GT481),27.683044173467124,-25.9870777312359,SA,TRO_noRES,NOx
1330,762.3298900498175,Merafong City (GT484),27.39947301236414,-26.416916316259925,SA,TRO_noRES,NOx
1331,1380.9935669390563,New (GT485),27.630358282577387,-26.305377895109828,SA,TRO_noRES,NOx
1332,17034.640812721093,City of Johannesburg (JHB),27.963520457163874,-26.17673292466971,SA,TRO_noRES,NOx
1333,1011.337727267513,Umdoni (KZN212),30.564296422383766,-30.26941215278416,SA,TRO_noRES,NOx
1334,188.3442646561998,Umzumbe (KZN213),30.34109349485651,-30.48625213454723,SA,TRO_noRES,NOx
1335,146.5407859407622,uMuziwabantu (KZN214),29.876024661538295,-30.631036716984855,SA,TRO_noRES,NOx
1336,1109.6774177751738,Hibiscus Coast (KZN216),30.256268392679218,-30.777445434896816,SA,TRO_noRES,NOx
1337,809.8823899322521,uMshwathi (KZN221),30.57723304743919,-29.382907146378955,SA,TRO_noRES,NOx
1338,2069.9992593490665,uMngeni (KZN222),30.090331468395576,-29.437893652146563,SA,TRO_noRES,NOx
1339,994.2289704267503,Mpofana (KZN223),30.025271395990348,-29.190997264613035,SA,TRO_noRES,NOx
1340,337.84043601521296,Impendle (KZN224),29.731276209974812,-29.554937527064798,SA,TRO_noRES,NOx
1341,1401.6753591844667,The Msunduzi (KZN225),30.265492525577752,-29.670137497352023,SA,TRO_noRES,NOx
1342,654.9458424503433,Mkhambathini (KZN226),30.54531080327023,-29.843574776336624,SA,TRO_noRES,NOx
1343,597.8961846830576,Richmond (KZN227),30.284544545669366,-29.892451867819272,SA,TRO_noRES,NOx
1344,1769.7762499954708,Okhahlamba (KZN235),29.316126781081834,-28.755389135601764,SA,TRO_noRES,NOx
1345,2325.0055173486853,New (KZN237),29.823208639417057,-28.98844294297501,SA,TRO_noRES,NOx
1346,1100.22485173348,New (KZN238),29.85903127009922,-28.465502298380606,SA,TRO_noRES,NOx
1347,834.1539025302336,Endumeni (KZN241),30.298724252947004,-28.170872262516635,SA,TRO_noRES,NOx
1348,606.9272438308403,Nqutu (KZN242),30.738402602971842,-28.3057856426724,SA,TRO_noRES,NOx
1349,726.3237893112312,Msinga (KZN244),30.448438956915833,-28.605909275422903,SA,TRO_noRES,NOx
1350,1291.6072474881196,Umvoti (KZN245),30.674407652928558,-29.025108014344248,SA,TRO_noRES,NOx
1351,659.7352335131197,Newcastle (KZN252),29.876255990263406,-27.739276183545844,SA,TRO_noRES,NOx
1352,847.2593582932744,Emadlangeni (KZN253),30.321232039938934,-27.617907330365107,SA,TRO_noRES,NOx
1353,265.9316158592633,Dannhauser (KZN254),30.002289977265942,-28.021393744339566,SA,TRO_noRES,NOx
1354,448.01448911533265,eDumbe (KZN261),30.81062292956855,-27.469617673094547,SA,TRO_noRES,NOx
1355,889.1672629312557,uPhongolo (KZN262),31.598159005752375,-27.483608832173115,SA,TRO_noRES,NOx
1356,1571.0012762092795,Abaqulusi (KZN263),31.05300673776844,-27.8257482171015,SA,TRO_noRES,NOx
1357,660.476372432206,Nongoma (KZN265),31.745560356874247,-27.911780178568517,SA,TRO_noRES,NOx
1358,1116.2334476731287,Ulundi (KZN266),31.309444916664436,-28.239580055499665,SA,TRO_noRES,NOx
1359,1016.3625402578933,Umhlabuyalingana (KZN271),32.56381651356431,-27.243472986556462,SA,TRO_noRES,NOx
1360,537.4623849758989,Jozini (KZN272),32.14557048188946,-27.36815301488439,SA,TRO_noRES,NOx
1361,213.6827520343958,Mtubatuba (KZN275),32.29495200731668,-28.28774563454697,SA,TRO_noRES,NOx
1362,601.999347728449,New (KZN276),32.196439917229256,-28.03451780762441,SA,TRO_noRES,NOx
1363,20.27682703893845,Mfolozi (KZN281),32.08205666681106,-28.54943900730811,SA,TRO_noRES,NOx
1364,636.5975845072927,uMhlathuze (KZN282),31.879279732627545,-28.731153462649306,SA,TRO_noRES,NOx
1365,882.5610497483033,uMlalazi (KZN284),31.444902303281012,-28.904859982322336,SA,TRO_noRES,NOx
1366,681.3371938967249,Mthonjaneni (KZN285),31.46989521594373,-28.566641254058112,SA,TRO_noRES,NOx
1367,417.1159251590184,Nkandla (KZN286),30.992847475348313,-28.65874298560281,SA,TRO_noRES,NOx
1368,186.91270484764217,Mandeni (KZN291),31.467602405876107,-29.12389810299933,SA,TRO_noRES,NOx
1369,1214.8294562679773,KwaDukuza (KZN292),31.25513058898549,-29.355999737664646,SA,TRO_noRES,NOx
1370,272.1212314826082,Ndwedwe (KZN293),30.971145236611328,-29.424489832181724,SA,TRO_noRES,NOx
1371,272.78335489949336,Maphumulo (KZN294),31.061676575865707,-29.11112579364772,SA,TRO_noRES,NOx
1372,763.3305654268091,Greater Kokstad (KZN433),29.333985724860153,-30.300940129030153,SA,TRO_noRES,NOx
1373,756.1382513851864,Ubuhlebezwe (KZN434),30.164623949729094,-30.19252582259694,SA,TRO_noRES,NOx
1374,491.1304830215656,Umzimkhulu (KZN435),29.73770155638459,-30.291659472535116,SA,TRO_noRES,NOx
1375,1055.117559857562,New (KZN436),29.59925971197213,-29.82995036987778,SA,TRO_noRES,NOx
1376,1237.6169999326578,Greater Giyani (LIM331),30.899690443403223,-23.363950859740118,SA,TRO_noRES,NOx
1377,977.3083938215436,Greater Letaba (LIM332),30.27459722174666,-23.51164855271159,SA,TRO_noRES,NOx
1378,1842.2132066956485,Greater Tzaneen (LIM333),30.25340441091674,-23.835977770536683,SA,TRO_noRES,NOx
1379,1924.5462064832686,Ba-Phalaborwa (LIM334),31.191583756193857,-23.776931100454973,SA,TRO_noRES,NOx
1380,1557.9101658186728,Maruleng (LIM335),30.785641757876952,-24.291507940529854,SA,TRO_noRES,NOx
1381,1808.6331631889013,Musina (LIM341),30.05077110077547,-22.452444078436113,SA,TRO_noRES,NOx
1382,578.0818854318751,Thulamela (LIM343),30.555384649799517,-22.785680862120937,SA,TRO_noRES,NOx
1383,2082.0656443845132,Makhado (LIM344),29.7486767332841,-22.99957537797423,SA,TRO_noRES,NOx
1384,1263.1241060895472,New (LIM345),30.973389530004273,-22.98859241312989,SA,TRO_noRES,NOx
1385,1758.7491492194924,Blouberg (LIM351),28.75025951576327,-22.96754705620071,SA,TRO_noRES,NOx
1386,938.7216932581589,Molemole (LIM353),29.53603926457335,-23.498363807532403,SA,TRO_noRES,NOx
1387,2820.0531145388513,Polokwane (LIM354),29.382116648858307,-23.8911198474484,SA,TRO_noRES,NOx
1388,1092.6260600521314,Lepele-Nkumpi (LIM355),29.706098724754902,-24.26602472477329,SA,TRO_noRES,NOx
1389,1118.4395287829336,Thabazimbi (LIM361),27.18648986644449,-24.54368940298091,SA,TRO_noRES,NOx
1390,2620.375201227007,Lephalale (LIM362),27.797673264901547,-23.67621029455612,SA,TRO_noRES,NOx
1391,2024.2279154856571,Bela-Bela (LIM366),28.27202559364255,-24.9540355998598,SA,TRO_noRES,NOx
1392,1173.3390341020825,Mogalakwena (LIM367),28.693646429401138,-23.846776659349114,SA,TRO_noRES,NOx
1393,2456.759812679016,Modimolle/Mookgophong (LIM368),28.554318378198634,-24.50378204783512,SA,TRO_noRES,NOx
1394,513.0320326785197,Ephraim Mogale (LIM471),29.336691696763047,-24.90184812517883,SA,TRO_noRES,NOx
1395,1555.6404801859348,Elias Motsoaledi (LIM472),29.56162199731176,-25.195958709787416,SA,TRO_noRES,NOx
1396,553.5480935586351,Makhuduthamaga (LIM473),29.77376805671483,-24.72156702551684,SA,TRO_noRES,NOx
1397,2081.723057807959,Greater Tubatse/Fetakgomo (LIM476),30.220512409351578,-24.60034155788023,SA,TRO_noRES,NOx
1398,5728.256430689074,Mangaung (MAN),26.50052991738285,-29.331493385874897,SA,TRO_noRES,NOx
1399,2215.189829429219,Chief Albert Luthuli (MP301),30.486023915525898,-26.055659215342654,SA,TRO_noRES,NOx
1400,1923.1258569994231,Msukaligwa (MP302),30.12962179212915,-26.468179957263942,SA,TRO_noRES,NOx
1401,1477.4824067164304,Mkhondo (MP303),30.704664805360647,-26.99281043647496,SA,TRO_noRES,NOx
1402,1171.0895828628732,Dr Pixley Ka Isaka Seme (MP304),29.955868602689744,-27.12849724731941,SA,TRO_noRES,NOx
1403,2504.0537812300618,Lekwa (MP305),29.35167338257744,-26.879837519268875,SA,TRO_noRES,NOx
1404,2633.8841573260547,Dipaleseng (MP306),28.641164057979545,-26.781729068806687,SA,TRO_noRES,NOx
1405,1949.440635190867,Govan Mbeki (MP307),29.19601841151445,-26.46697143683172,SA,TRO_noRES,NOx
1406,2267.8220987355717,Victor Khanye (MP311),28.768849144433155,-26.132617697943477,SA,TRO_noRES,NOx
1407,3317.858329014611,Emalahleni (MP312),29.162096257324418,-26.01795048880191,SA,TRO_noRES,NOx
1408,1410.6395986743605,Steve Tshwete (MP313),29.551938218276963,-25.836944103856947,SA,TRO_noRES,NOx
1409,1534.8732722012487,Emakhazeni (MP314),30.106821848663742,-25.596921237314394,SA,TRO_noRES,NOx
1410,1228.2388491501617,Thembisile (MP315),28.95192824101233,-25.470336038962238,SA,TRO_noRES,NOx
1411,540.1875828933887,Dr JS Moroka (MP316),28.801472347773178,-25.103882758045668,SA,TRO_noRES,NOx
1412,2776.0522804599777,Thaba Chweu (MP321),30.57153056410513,-25.064888911517013,SA,TRO_noRES,NOx
1413,1070.334743790756,Nkomazi (MP324),31.730184896139622,-25.502441880044394,SA,TRO_noRES,NOx
1414,2131.1337310855665,Bushbuckridge (MP325),31.524554777444788,-24.556740864902537,SA,TRO_noRES,NOx
1415,3560.956918669508,Mbombela/Umjindi (MP326),31.096583710647025,-25.432684098533255,SA,TRO_noRES,NOx
1416,460.7688206101,Richtersveld (NC061),17.059551072172134,-28.768234043160607,SA,TRO_noRES,NOx
1417,1038.9245061433055,Nama Khoi (NC062),17.91494133561911,-29.45640456833637,SA,TRO_noRES,NOx
1418,577.0013482869205,Kamiesberg (NC064),18.13015961792784,-30.375500419763604,SA,TRO_noRES,NOx
1419,5377.447935434004,Hantam (NC065),19.96076903840225,-30.97326387632367,SA,TRO_noRES,NOx
1420,3793.9384538506374,Karoo Hoogland (NC066),21.045367164738153,-31.72866537697112,SA,TRO_noRES,NOx
1421,753.0165821875755,Khâi-Ma (NC067),19.26135370838769,-29.537786385108184,SA,TRO_noRES,NOx
1422,3541.6758044699245,Ubuntu (NC071),23.13370561544698,-31.37353482138949,SA,TRO_noRES,NOx
1423,1238.5574398689757,Umsobomvu (NC072),25.04764999855825,-30.848177029851588,SA,TRO_noRES,NOx
1424,1929.4782662736657,Emthanjeni (NC073),23.85840547035036,-30.67860320584649,SA,TRO_noRES,NOx
1425,2996.8619127542456,Kareeberg (NC074),22.13482818835018,-30.54560022973702,SA,TRO_noRES,NOx
1426,1554.2864556610746,Renosterberg (NC075),24.450629664298948,-30.255674893884255,SA,TRO_noRES,NOx
1427,1742.6922662186337,Thembelihle (NC076),23.765002948711334,-29.708430373289627,SA,TRO_noRES,NOx
1428,1855.7684468954667,Siyathemba (NC077),22.5520117599244,-29.633449473297446,SA,TRO_noRES,NOx
1429,2412.812270926644,Siyancuma (NC078),23.368135189529266,-28.983648115956267,SA,TRO_noRES,NOx
1430,2197.104488778655,Kai !Garib (NC082),20.415779221325927,-28.968415397154022,SA,TRO_noRES,NOx
1431,703.5322403396481,!Kheis (NC084),21.603495266524188,-29.232655553883756,SA,TRO_noRES,NOx
1432,1212.240567873933,Tsantsabane (NC085),22.553384843403045,-28.038581659653413,SA,TRO_noRES,NOx
1433,787.687056152659,Kgatelopele (NC086),23.63233217640869,-28.217463600827454,SA,TRO_noRES,NOx
1434,3946.382530776826,//Khara Hais/Mier (NC087),20.833021354286817,-27.068953107729545,SA,TRO_noRES,NOx
1435,1043.1249154497064,Sol Plaatjie (NC091),24.514285167088513,-28.743361921797487,SA,TRO_noRES,NOx
1436,1837.8007290270677,Dikgatlong (NC092),24.192269532669194,-28.193349409504034,SA,TRO_noRES,NOx
1437,284.36926609096287,Magareng (NC093),24.780465069795653,-28.167755341807677,SA,TRO_noRES,NOx
1438,132.53788086998009,Phokwane (NC094),24.808908824292622,-27.795177260115924,SA,TRO_noRES,NOx
1439,2228.4781550342973,Joe Morolong (NC451),22.937720996816267,-26.838253106736673,SA,TRO_noRES,NOx
1440,1034.5270636854764,Ga-Segonyana (NC452),23.560536877064965,-27.622586314678973,SA,TRO_noRES,NOx
1441,233.04148378784197,Gamagara (NC453),22.99607417546456,-27.643424226884566,SA,TRO_noRES,NOx
1442,5806.372263437116,Nelson Mandela Bay (NMA),25.492325010511415,-33.804018235171306,SA,TRO_noRES,NOx
1443,885.1560076768097,Moretele (NW371),28.03908368696291,-25.176894569186302,SA,TRO_noRES,NOx
1444,1984.2305405430423,Local Municipality of Madibeng (NW372),27.73365092436683,-25.441079324120807,SA,TRO_noRES,NOx
1445,2412.7644089485725,Rustenburg (NW373),27.331450416242784,-25.66090837141418,SA,TRO_noRES,NOx
1446,1814.6542658741487,Kgetlengrivier (NW374),26.864344191252787,-25.72345587170004,SA,TRO_noRES,NOx
1447,2229.7834876568945,Moses Kotane (NW375),26.866123855951283,-25.13362782615747,SA,TRO_noRES,NOx
1448,789.3337862842525,Ratlou (NW381),25.063605925319113,-26.08201587807829,SA,TRO_noRES,NOx
1449,1437.7345900960536,Tswaing (NW382),25.66098471544643,-26.615774445678632,SA,TRO_noRES,NOx
1450,1255.9451104705531,Mafikeng (NW383),25.672832054041375,-25.886091780262618,SA,TRO_noRES,NOx
1451,2127.8007529108786,Ditsobotla (NW384),26.239308215127412,-26.115261364090596,SA,TRO_noRES,NOx
1452,1353.1396121617463,Ramotshere Moiloa (NW385),26.123471368618137,-25.218995566189637,SA,TRO_noRES,NOx
1453,1292.5329492411881,Naledi (NW392),24.79527413051862,-26.86329306541285,SA,TRO_noRES,NOx
1454,1434.942409157181,Mamusa (NW393),25.277113001282956,-27.22305181117706,SA,TRO_noRES,NOx
1455,889.4675342440854,Greater Taung (NW394),24.439135473722978,-27.502819297224146,SA,TRO_noRES,NOx
1456,1025.6488850312357,Lekwa-Teemane (NW396),25.32923774851763,-27.63922701964027,SA,TRO_noRES,NOx
1457,3154.6869781521814,Kagisano/Molopo (NW397),23.765026014343153,-26.118051281941728,SA,TRO_noRES,NOx
1458,1910.588708028401,City of Matlosana (NW403),26.488149960518996,-26.811358748287205,SA,TRO_noRES,NOx
1459,1534.5461207734993,Maquassi Hills (NW404),26.033886103084164,-27.23835835490209,SA,TRO_noRES,NOx
1460,2760.532467405994,Ventersdorp/Tlokwe (NW405),27.004510453933847,-26.488692826418728,SA,TRO_noRES,NOx
1461,17376.298674311984,City of Tshwane (TSH),28.443433217250625,-25.659851428790624,SA,TRO_noRES,NOx
1462,1583.3766608275732,Matzikama (WC011),18.499074499468698,-31.255840123869305,SA,TRO_noRES,NOx
1463,1481.2658467073527,Cederberg (WC012),18.924252686680997,-32.25674181208767,SA,TRO_noRES,NOx
1464,1801.1330874193475,Bergrivier (WC013),18.672795192444063,-32.787492869446815,SA,TRO_noRES,NOx
1465,1663.7769744349969,Saldanha Bay (WC014),18.176134163611852,-33.010183399822495,SA,TRO_noRES,NOx
1466,2103.531065211966,Swartland (WC015),18.620246203734677,-33.30973980958506,SA,TRO_noRES,NOx
1467,2082.7869144931988,Witzenberg (WC022),19.68890243028827,-32.94978723975034,SA,TRO_noRES,NOx
1468,2245.6352812972523,Drakenstein (WC023),19.003058669393468,-33.596786916383564,SA,TRO_noRES,NOx
1469,1718.3826636372032,Stellenbosch (WC024),18.944796363106693,-33.926035417528176,SA,TRO_noRES,NOx
1470,1312.4459028167526,Breede Valley (WC025),19.699592583285963,-33.571874326586304,SA,TRO_noRES,NOx
1471,1694.1037284364531,Langeberg (WC026),20.05499702391179,-33.78591943557983,SA,TRO_noRES,NOx
1472,1306.0751173720575,Theewaterskloof (WC031),19.436205803645056,-34.161235777032985,SA,TRO_noRES,NOx
1473,1131.5390523718556,Overstrand (WC032),19.376341302447013,-34.476351826606134,SA,TRO_noRES,NOx
1474,880.490152886116,Cape Agulhas (WC033),20.05759261209885,-34.49792816727761,SA,TRO_noRES,NOx
1475,1092.3040404030053,Swellendam (WC034),20.508876422488118,-34.03689398202183,SA,TRO_noRES,NOx
1476,1697.2050334884075,Kannaland (WC041),21.318929071812132,-33.60348228547038,SA,TRO_noRES,NOx
1477,1661.5528314036997,Hessequa (WC042),21.227498281104747,-34.13450499418741,SA,TRO_noRES,NOx
1478,1337.1572150389984,Mossel Bay (WC043),21.94268858486633,-34.04142256573831,SA,TRO_noRES,NOx
1479,1999.014657105247,George (WC044),22.93003160882857,-33.695282456579825,SA,TRO_noRES,NOx
1480,929.3605104672243,Oudtshoorn (WC045),22.22097775698059,-33.59287178340578,SA,TRO_noRES,NOx
1481,289.7948955686132,Bitou (WC047),23.407081210262664,-33.937355597794785,SA,TRO_noRES,NOx
1482,504.0128221636238,Knysna (WC048),22.984307307129328,-33.94604481371343,SA,TRO_noRES,NOx
1483,646.2724127681279,Laingsburg (WC051),20.966020283495638,-33.10361314083431,SA,TRO_noRES,NOx
1484,762.9005684881215,Prince Albert (WC052),22.130117608349714,-33.05111998769453,SA,TRO_noRES,NOx
1485,2410.9691948617947,Beaufort West (WC053),22.746542364789725,-32.27710950336613,SA,TRO_noRES,NOx
1486,43.33343380902027,Timphisini,31.427527777467557,-25.77919829327425,swz,TRO_noRES,NOx
1487,74.12078950628764,Ntfonjeni,31.343619162235765,-25.829286995179224,swz,TRO_noRES,NOx
1488,64.7924694990446,Mayiwane,31.509506281238203,-25.861738695993047,swz,TRO_noRES,NOx
1489,107.68084261582759,Mhlangatane,31.621950825737503,-25.939695519246623,swz,TRO_noRES,NOx
1490,60.46678143062109,Ndzingeni,31.43455167846427,-26.004089857679194,swz,TRO_noRES,NOx
1491,101.61866761707638,Madlangempisi,31.567436769117936,-26.099284349171477,swz,TRO_noRES,NOx
1492,45.77345464381446,Maphalaleni,31.365091924296856,-26.197321168361256,swz,TRO_noRES,NOx
1493,213.04540974683374,Pigg's Peak,31.25696321866851,-25.964805122665727,swz,TRO_noRES,NOx
1494,210.73293486288972,Nkhaba,31.143956798528553,-26.137239773416546,swz,TRO_noRES,NOx
1495,199.5634705790909,Motjane,31.02818299839431,-26.30685187288155,swz,TRO_noRES,NOx
1496,82.90824655167572,Mbabane West,31.107872683509882,-26.336291548391436,swz,TRO_noRES,NOx
1497,74.15666029467646,Mbabane East,31.141081832025073,-26.3027236876315,swz,TRO_noRES,NOx
1498,100.63487045619252,Hhukwini,31.222081322674427,-26.32065034848908,swz,TRO_noRES,NOx
1499,183.42962531738993,Lobamba,31.181490419840365,-26.413527114735945,swz,TRO_noRES,NOx
1500,101.24190645530699,Mkhiweni,31.577441575897375,-26.29070166832214,swz,TRO_noRES,NOx
1501,52.1561229171808,Kukhanyeni,31.41051368673318,-26.3747085735696,swz,TRO_noRES,NOx
1502,22.11728212271082,Mafutseni,31.523011856624002,-26.45582801367826,swz,TRO_noRES,NOx
1503,15.3658120936401,Mthongwaneni,31.501356709255482,-26.569704960391807,swz,TRO_noRES,NOx
1504,34.870254336420146,Manzini North,31.394419676034722,-26.481334398718516,swz,TRO_noRES,NOx
1505,8.043347073027146,Manzini South,31.36837555950807,-26.520560596292356,swz,TRO_noRES,NOx
1506,25.05377692617949,Kwaluseni,31.31330758484104,-26.500651000600236,swz,TRO_noRES,NOx
1507,123.74842851420644,Ludzeludze,31.317859732245438,-26.394848493062067,swz,TRO_noRES,NOx
1508,95.0242615808061,Lobamba Lomdzala,31.21153822321666,-26.525643141694285,swz,TRO_noRES,NOx
1509,98.01414015394633,Nhlambeni,31.408562511847816,-26.630530181944778,swz,TRO_noRES,NOx
1510,30.44563369599131,Ntondozi,31.255721117118,-26.631017055506103,swz,TRO_noRES,NOx
1511,30.635710741774176,La-Mgabhi,31.070807855360105,-26.564658624068162,swz,TRO_noRES,NOx
1512,76.02043020906721,Mhlambanyatsi,30.98674877164096,-26.450529398348344,swz,TRO_noRES,NOx
1513,53.58153681321198,Mangcongco,30.884645646846423,-26.578126273491335,swz,TRO_noRES,NOx
1514,49.02368534021696,Ngwempisi,31.004022599726948,-26.710945657075314,swz,TRO_noRES,NOx
1515,41.91323856241991,Mahlangatsha,31.228735687622677,-26.771547360075047,swz,TRO_noRES,NOx
1516,68.17501591011273,Kubuta,31.452603410394964,-26.829896157699594,swz,TRO_noRES,NOx
1517,66.34276650697579,Nkwene,31.25402793120817,-26.88316670443372,swz,TRO_noRES,NOx
1518,82.97145241642667,Mtsambama,31.385175952460738,-26.957586651949224,swz,TRO_noRES,NOx
1519,130.6293041978536,Gege,31.04308782697033,-26.922942294717792,swz,TRO_noRES,NOx
1520,112.46928874115603,Mbangweni,31.250469017568943,-27.053399828647212,swz,TRO_noRES,NOx
1521,85.97738300209924,Maseyisini,31.162763105989555,-27.134686006761925,swz,TRO_noRES,NOx
1522,46.702029028890706,Sandleni,31.429835958875884,-27.064513697748147,swz,TRO_noRES,NOx
1523,20.12509806303408,Ngudzeni,31.543105154501283,-27.034785219989786,swz,TRO_noRES,NOx
1524,63.02442909221626,Zombodze,31.334568927601403,-27.200313835720486,swz,TRO_noRES,NOx
1525,76.89961595274914,Shiselweni,31.49631059380805,-27.253953663192778,swz,TRO_noRES,NOx
1526,53.24822021536794,Hosea,31.53433592419686,-27.16191857513413,swz,TRO_noRES,NOx
1527,34.56622802240127,Sigwe,31.6594023333631,-27.07259114844248,swz,TRO_noRES,NOx
1528,114.93090703238728,Matsanjeni South,31.724633678774154,-27.216897918466156,swz,TRO_noRES,NOx
1529,37.54391390023126,Somntongo,31.88647265075323,-27.224260883938804,swz,TRO_noRES,NOx
1530,33.327278855636784,Lubuli,31.871656751031274,-27.032830900051994,swz,TRO_noRES,NOx
1531,87.49604719124025,Sithobela,31.655947353909568,-26.867080532878518,swz,TRO_noRES,NOx
1532,39.038795512618705,Nkilongo,31.89239374698797,-26.83443092667109,swz,TRO_noRES,NOx
1533,32.67890019308137,Siphofaneni,31.66300159138905,-26.6791978798675,swz,TRO_noRES,NOx
1534,96.48552558921106,Mpolonjeni,31.874527778817235,-26.583288999847156,swz,TRO_noRES,NOx
1535,12.146452514663283,Matsanjeni North,32.071056369994956,-26.659618839604153,swz,TRO_noRES,NOx
1536,124.7897631908493,Lugongolweni,32.01662145780792,-26.34892589847767,swz,TRO_noRES,NOx
1537,53.0158420541091,Dvokodvweni,31.74874438011335,-26.450224696421593,swz,TRO_noRES,NOx
1538,16.043389620561715,Hlane,31.805244033997365,-26.296408623452134,swz,TRO_noRES,NOx
1539,113.82260163158863,Mhlume,31.808997857429535,-26.10217970032939,swz,TRO_noRES,NOx
1540,13.05190199532545,Lomahasha,32.003415605057185,-26.06346037693349,swz,TRO_noRES,NOx
1541,37.26451256135012,ZAMBIA_CENTRAL_CHIBOMBO_CHISAMBA,28.5661943716429,-14.846792545063325,Zambia,TRO_noRES,NOx
1542,71.38629737682734,ZAMBIA_CENTRAL_CHIBOMBO_KATUBA,27.98219959351392,-15.171132204750865,Zambia,TRO_noRES,NOx
1543,55.483251269929895,ZAMBIA_CENTRAL_CHIBOMBO_KEEMBE,27.6736546747429,-14.727345017193953,Zambia,TRO_noRES,NOx
1544,60.018089664715696,ZAMBIA_CENTRAL_KABWE_BWACHA,28.341941228042526,-14.476746683885342,Zambia,TRO_noRES,NOx
1545,56.24163274050001,ZAMBIA_CENTRAL_KABWE_KABWE CENTRAL,28.516948134035072,-14.407877676196723,Zambia,TRO_noRES,NOx
1546,159.09495592098807,ZAMBIA_CENTRAL_KAPIRI MPOSHI_KAPIRI MPOSHI,28.102119922151484,-14.120700762098181,Zambia,TRO_noRES,NOx
1547,3.359723391426836,ZAMBIA_CENTRAL_MKUSHI_MKUSHI NORTH,29.469436639963092,-13.730329792225124,Zambia,TRO_noRES,NOx
1548,2.712423354506787,ZAMBIA_CENTRAL_MKUSHI_MKUSHI SOUTH,29.569217404421003,-14.436411331188475,Zambia,TRO_noRES,NOx
1549,38.83871866489869,ZAMBIA_CENTRAL_MUMBWA_MUMBWA,26.364188448292417,-14.900633988434736,Zambia,TRO_noRES,NOx
1550,0,ZAMBIA_CENTRAL_MUMBWA_MWEMBESHI,27.701977895362777,-15.40446287674476,Zambia,TRO_noRES,NOx
1551,0,ZAMBIA_CENTRAL_MUMBWA_NANGOMA,27.306575058954532,-15.258227671528992,Zambia,TRO_noRES,NOx
1552,0,ZAMBIA_CENTRAL_SERENJE_CHITAMBO,30.253472648282777,-12.560317914404294,Zambia,TRO_noRES,NOx
1553,0,ZAMBIA_CENTRAL_SERENJE_MUCHINGA,30.687809502617156,-13.471349520459055,Zambia,TRO_noRES,NOx
1554,0,ZAMBIA_CENTRAL_SERENJE_SERENJE,30.10589973967512,-13.040469573298045,Zambia,TRO_noRES,NOx
1555,74.16434018335674,ZAMBIA_COPPERBELT_CHILILABOMBWE_CHILILABOMBWE,27.81464871496207,-12.361165489706172,Zambia,TRO_noRES,NOx
1556,163.78601829407006,ZAMBIA_COPPERBELT_CHINGOLA_CHINGOLA,27.669026385939425,-12.505121590267066,Zambia,TRO_noRES,NOx
1557,16.21585504215954,ZAMBIA_COPPERBELT_CHINGOLA_NCHANGA,27.97081023345629,-12.528814058526129,Zambia,TRO_noRES,NOx
1558,83.79810828214835,ZAMBIA_COPPERBELT_KALULUSHI_KALULUSHI,27.96391886764875,-12.770501908865587,Zambia,TRO_noRES,NOx
1559,27.438993661663858,ZAMBIA_COPPERBELT_KITWE_CHIMWEMWE,28.18492901942876,-12.717092029024544,Zambia,TRO_noRES,NOx
1560,51.06667653081597,ZAMBIA_COPPERBELT_KITWE_KAMFINSA,28.35330783309189,-12.8095822567081,Zambia,TRO_noRES,NOx
1561,30.42254428824396,ZAMBIA_COPPERBELT_KITWE_KWACHA,28.302830727693767,-12.77594738834159,Zambia,TRO_noRES,NOx
1562,29.59652138044292,ZAMBIA_COPPERBELT_KITWE_NKANA,28.16694032204235,-12.811008579347963,Zambia,TRO_noRES,NOx
1563,36.119527064870454,ZAMBIA_COPPERBELT_KITWE_WUSAKILE,28.222488074533018,-12.92465702761479,Zambia,TRO_noRES,NOx
1564,108.11219335541674,ZAMBIA_COPPERBELT_LUANSHYA_LUANSHYA,28.46004980991987,-13.107078377377691,Zambia,TRO_noRES,NOx
1565,2.794046300932461,ZAMBIA_COPPERBELT_LUANSHYA_ROAN,28.303596506825578,-13.06750066483788,Zambia,TRO_noRES,NOx
1566,226.98596395009264,ZAMBIA_COPPERBELT_LUFWANYAMA_LUFWANYAMA,27.47764081880377,-12.975834907523659,Zambia,TRO_noRES,NOx
1567,54.74900690079814,ZAMBIA_COPPERBELT_MASAITI_KAFULAFUTA,28.808078308441427,-13.326356335242059,Zambia,TRO_noRES,NOx
1568,99.98018401633344,ZAMBIA_COPPERBELT_MASAITI_MASAITI,28.553011385110448,-13.359027007303364,Zambia,TRO_noRES,NOx
1569,226.4221961033649,ZAMBIA_COPPERBELT_MPONGWE_MPONGWE,27.790650304373813,-13.595789579892758,Zambia,TRO_noRES,NOx
1570,28.877290097934768,ZAMBIA_COPPERBELT_MUFULIRA_KANKOYO,28.155127636110944,-12.495158993380908,Zambia,TRO_noRES,NOx
1571,51.584483688340306,ZAMBIA_COPPERBELT_MUFULIRA_KANTANSHI,28.326104841902225,-12.506850254258554,Zambia,TRO_noRES,NOx
1572,108.00718303918454,ZAMBIA_COPPERBELT_MUFULIRA_MUFULIRA,28.338024388673514,-12.6431226302504,Zambia,TRO_noRES,NOx
1573,60.52710453006345,ZAMBIA_COPPERBELT_NDOLA_BWANA MKUBWA,28.64549902864361,-13.056256733012118,Zambia,TRO_noRES,NOx
1574,28.279335108384387,ZAMBIA_COPPERBELT_NDOLA_CHIFUBU,28.60823451656592,-12.89879660397216,Zambia,TRO_noRES,NOx
1575,3.792972512410309,ZAMBIA_COPPERBELT_NDOLA_KABUSHI,28.627156043953665,-13.001741922109233,Zambia,TRO_noRES,NOx
1576,100.22708651928737,ZAMBIA_COPPERBELT_NDOLA_NDOLA,28.49890269696238,-12.901589820311179,Zambia,TRO_noRES,NOx
1577,36.43890168632056,ZAMBIA_EASTERN_CHADIZA_CHADIZA,32.39627549044243,-14.079002215254139,Zambia,TRO_noRES,NOx
1578,12.121643528862585,ZAMBIA_EASTERN_CHADIZA_VUBWI,32.76493860383449,-14.052840040124526,Zambia,TRO_noRES,NOx
1579,7.53328589466061,ZAMBIA_EASTERN_CHIPATA_CHIPANGALI,32.638200923536886,-13.30842953137994,Zambia,TRO_noRES,NOx
1580,16.080390541513143,ZAMBIA_EASTERN_CHIPATA_CHIPATA,32.60383734056898,-13.637216206455038,Zambia,TRO_noRES,NOx
1581,3.453305068018628,ZAMBIA_EASTERN_CHIPATA_KASENENGWA,32.26713323087467,-13.669423091567161,Zambia,TRO_noRES,NOx
1582,39.120146135114844,ZAMBIA_EASTERN_CHIPATA_LUANGENI,32.605070390811335,-13.843705990807868,Zambia,TRO_noRES,NOx
1583,31.495105066209565,ZAMBIA_EASTERN_KATETE_MILANZI,32.16528245031478,-14.1891307534823,Zambia,TRO_noRES,NOx
1584,11.994506531891235,ZAMBIA_EASTERN_KATETE_MKAIKA,31.9768863225823,-13.972148532747518,Zambia,TRO_noRES,NOx
1585,0,ZAMBIA_EASTERN_KATETE_SINDA,31.73979584134408,-14.178052121693852,Zambia,TRO_noRES,NOx
1586,20.677026068957307,ZAMBIA_EASTERN_LUNDAZI_CHASEFU,33.05328766635874,-11.996456926575963,Zambia,TRO_noRES,NOx
1587,0,ZAMBIA_EASTERN_LUNDAZI_LUMEZI,32.5895037879343,-12.649881756316528,Zambia,TRO_noRES,NOx
1588,12.477781371317189,ZAMBIA_EASTERN_LUNDAZI_LUNDAZI,33.2259898380257,-12.406307107286958,Zambia,TRO_noRES,NOx
1589,17.904789214313222,ZAMBIA_EASTERN_MAMBWE_MALAMBO,31.981789689929077,-13.346646229523834,Zambia,TRO_noRES,NOx
1590,2.1748659010762976,ZAMBIA_EASTERN_NYIMBA_NYIMBA,30.58228012538245,-14.399411197527083,Zambia,TRO_noRES,NOx
1591,0,ZAMBIA_EASTERN_PETAUKE_KAPOCHE,31.494550896982194,-14.472461671217527,Zambia,TRO_noRES,NOx
1592,0.27086782455075087,ZAMBIA_EASTERN_PETAUKE_MSANZALA,31.295942721648927,-14.317042186360203,Zambia,TRO_noRES,NOx
1593,0,ZAMBIA_EASTERN_PETAUKE_PETAUKE,31.395540922703685,-13.831094629172307,Zambia,TRO_noRES,NOx
1594,26.840226688702828,ZAMBIA_LUAPULA_CHIENGE_CHIENGE,29.126088992773784,-8.743468946806065,Zambia,TRO_noRES,NOx
1595,0,ZAMBIA_LUAPULA_KAWAMBWA_KAWAMBWA,29.075760100164228,-9.771943441852208,Zambia,TRO_noRES,NOx
1596,10.575175705526865,ZAMBIA_LUAPULA_KAWAMBWA_MWANSABOMBWE,28.789708265128425,-9.924894823988827,Zambia,TRO_noRES,NOx
1597,8.302106942830594,ZAMBIA_LUAPULA_KAWAMBWA_PAMBASHE,29.50887712310463,-9.839951270716938,Zambia,TRO_noRES,NOx
1598,208.9538443357915,ZAMBIA_LUAPULA_MANSA_BAHATI,28.96351540414113,-11.185629960923388,Zambia,TRO_noRES,NOx
1599,149.68617450566745,ZAMBIA_LUAPULA_MANSA_MANSA,28.819764023233848,-11.47139263102599,Zambia,TRO_noRES,NOx
1600,2.7368675904078485,ZAMBIA_LUAPULA_MILENGE_CHEMBE,29.17293034277804,-11.937612639540122,Zambia,TRO_noRES,NOx
1601,201.02357844523868,ZAMBIA_LUAPULA_MWENSE_CHIPILI,29.127537230682734,-10.416802146820574,Zambia,TRO_noRES,NOx
1602,11.540911245568667,ZAMBIA_LUAPULA_MWENSE_MAMBILIMA,28.708979324819012,-10.72243901358301,Zambia,TRO_noRES,NOx
1603,13.778232504469635,ZAMBIA_LUAPULA_MWENSE_MWENSE,28.704288885428422,-10.233840547996117,Zambia,TRO_noRES,NOx
1604,24.478501651595373,ZAMBIA_LUAPULA_NCHELENGE_NCHELENGE,28.799279562604337,-9.357480292222682,Zambia,TRO_noRES,NOx
1605,0,ZAMBIA_LUAPULA_SAMFYA_BANGEULU,29.625015084138838,-11.781064127014634,Zambia,TRO_noRES,NOx
1606,0,ZAMBIA_LUAPULA_SAMFYA_CHIFUNABULI,29.66126127594006,-11.049808045494856,Zambia,TRO_noRES,NOx
1607,0,ZAMBIA_LUAPULA_SAMFYA_LUAPULA,30.081224160051487,-11.57555382096848,Zambia,TRO_noRES,NOx
1608,120.82890126271303,ZAMBIA_LUSAKA_CHONGWE_CHONGWE,28.62232043220776,-15.375229425875759,Zambia,TRO_noRES,NOx
1609,48.620969567829384,ZAMBIA_LUSAKA_CHONGWE_RUFUNSA,29.502907057767036,-15.155837602230632,Zambia,TRO_noRES,NOx
1610,56.8606986486543,ZAMBIA_LUSAKA_KAFUE_CHILANGA,28.066936325812314,-15.44535490638688,Zambia,TRO_noRES,NOx
1611,43.1878633435324,ZAMBIA_LUSAKA_KAFUE_KAFUE,28.633553227376076,-15.719700213855967,Zambia,TRO_noRES,NOx
1612,76.83428142215499,ZAMBIA_LUSAKA_LUANGWA_FEIRA,30.001466666180438,-15.436979115223238,Zambia,TRO_noRES,NOx
1613,27.96985497201601,ZAMBIA_LUSAKA_LUSAKA_CHAWAMA,28.277892786058786,-15.494825189970678,Zambia,TRO_noRES,NOx
1614,53.241254718752195,ZAMBIA_LUSAKA_LUSAKA_KABWATA,28.313576899992587,-15.469141457864835,Zambia,TRO_noRES,NOx
1615,81.84317448723694,ZAMBIA_LUSAKA_LUSAKA_KANYAMA,28.241833786918246,-15.448835877623589,Zambia,TRO_noRES,NOx
1616,107.62226119825534,ZAMBIA_LUSAKA_LUSAKA_LUSAKA CENTRAL,28.385718227507034,-15.443614423440085,Zambia,TRO_noRES,NOx
1617,63.8837440564314,ZAMBIA_LUSAKA_LUSAKA_MANDEVU,28.30690375089146,-15.355502657994798,Zambia,TRO_noRES,NOx
1618,24.308070617925036,ZAMBIA_LUSAKA_LUSAKA_MATERO,28.24892453686191,-15.368176359794754,Zambia,TRO_noRES,NOx
1619,77.3864299318259,ZAMBIA_LUSAKA_LUSAKA_MUNALI,28.36012897447861,-15.383652678329005,Zambia,TRO_noRES,NOx
1620,10.215609589580977,ZAMBIA_MUCHINGA_CHAMA_CHAMA NORTH,32.81643744468033,-10.880583533092976,Zambia,TRO_noRES,NOx
1621,5.54310029600992,ZAMBIA_MUCHINGA_CHAMA_CHAMA SOUTH,32.78471054140707,-11.6247965412926,Zambia,TRO_noRES,NOx
1622,8.51679859378012,ZAMBIA_MUCHINGA_CHINSALI_CHINSALI,32.20205651587303,-10.323776635389398,Zambia,TRO_noRES,NOx
1623,109.08366731839816,ZAMBIA_MUCHINGA_CHINSALI_SHIWANGANDU,31.721073704369985,-11.018271642196154,Zambia,TRO_noRES,NOx
1624,0.7775262875488996,ZAMBIA_MUCHINGA_ISOKA_ISOKA,32.83157916201906,-10.015458694518209,Zambia,TRO_noRES,NOx
1625,12.662925847991502,ZAMBIA_MUCHINGA_MAFINGA_MAFINGA,33.320064435132885,-10.350038785725467,Zambia,TRO_noRES,NOx
1626,236.21787988493406,ZAMBIA_MUCHINGA_MPIKA_KANCHIBIYA,30.767597782864076,-11.793121981043948,Zambia,TRO_noRES,NOx
1627,0.055295353707403544,ZAMBIA_MUCHINGA_MPIKA_MFUWE,31.68140990235467,-12.460736570531072,Zambia,TRO_noRES,NOx
1628,104.92198092375469,ZAMBIA_MUCHINGA_MPIKA_MPIKA,31.600995341696276,-11.82141862258269,Zambia,TRO_noRES,NOx
1629,153.5831339003851,ZAMBIA_MUCHINGA_NAKONDE_NAKONDE,32.59445867875421,-9.48933692360338,Zambia,TRO_noRES,NOx
1630,49.295532825470936,ZAMBIA_NORTH-WESTERN_CHAVUMA_CHAVUMA,22.42573267284074,-13.22307607264871,Zambia,TRO_noRES,NOx
1631,256.4782007208827,ZAMBIA_NORTH-WESTERN_IKELENGE_IKELENGE,24.265566159411794,-11.264693559055068,Zambia,TRO_noRES,NOx
1632,262.29573689889406,ZAMBIA_NORTH-WESTERN_KABOMPO_KABOMPO EAST,24.333259981075226,-13.000787615759398,Zambia,TRO_noRES,NOx
1633,271.6574591305535,ZAMBIA_NORTH-WESTERN_KABOMPO_KABOMPO WEST,23.967433420364337,-13.543246354862898,Zambia,TRO_noRES,NOx
1634,342.733802151206,ZAMBIA_NORTH-WESTERN_KASEMPA_KASEMPA,26.225215837797798,-13.697546089000006,Zambia,TRO_noRES,NOx
1635,327.7395343529323,ZAMBIA_NORTH-WESTERN_MUFUMBWE_MUFUMBWE,25.222580629080518,-13.82667330878823,Zambia,TRO_noRES,NOx
1636,603.435330836258,ZAMBIA_NORTH-WESTERN_MWINILUNGA_MWINILUNGA,24.66864327756739,-12.00169258239465,Zambia,TRO_noRES,NOx
1637,204.51816879608756,ZAMBIA_NORTH-WESTERN_SOLWEZI_SOLWEZI CENTRAL,26.44180853806062,-12.23351559486465,Zambia,TRO_noRES,NOx
1638,294.03318087729025,ZAMBIA_NORTH-WESTERN_SOLWEZI_SOLWEZI EAST,26.924860431725694,-12.47471580400728,Zambia,TRO_noRES,NOx
1639,589.0222950680139,ZAMBIA_NORTH-WESTERN_SOLWEZI_SOLWEZI WEST,25.64177287198704,-12.432625474734706,Zambia,TRO_noRES,NOx
1640,281.6666928064821,ZAMBIA_NORTH-WESTERN_ZAMBEZI_ZAMBEZI EAST,23.352098742368717,-13.506899960265104,Zambia,TRO_noRES,NOx
1641,16.621888746624638,ZAMBIA_NORTH-WESTERN_ZAMBEZI_ZAMBEZI WEST,22.68845582256741,-13.661697661175266,Zambia,TRO_noRES,NOx
1642,0,ZAMBIA_NORTHERN_CHILUBI_CHILUBI,30.23872612353324,-11.097573495570215,Zambia,TRO_noRES,NOx
1643,184.76810262950357,ZAMBIA_NORTHERN_KAPUTA_CHIMBAMILONGA,30.119408096016002,-8.840847206858331,Zambia,TRO_noRES,NOx
1644,133.16310323645718,ZAMBIA_NORTHERN_KAPUTA_KAPUTA,29.670380201705797,-8.747788369420219,Zambia,TRO_noRES,NOx
1645,185.81209201079386,ZAMBIA_NORTHERN_KASAMA_KASAMA,30.925954822365615,-10.044291996416009,Zambia,TRO_noRES,NOx
1646,334.7272781827508,ZAMBIA_NORTHERN_KASAMA_LUKASHYA,30.961511545081454,-10.567400463097538,Zambia,TRO_noRES,NOx
1647,103.67151051624597,ZAMBIA_NORTHERN_LUWINGU_LUBASENSHI,30.35622609217487,-10.619038732815206,Zambia,TRO_noRES,NOx
1648,111.05130658264787,ZAMBIA_NORTHERN_LUWINGU_LUPOSOSHI,29.69126154256829,-10.62270072169756,Zambia,TRO_noRES,NOx
1649,61.587290004427366,ZAMBIA_NORTHERN_MBALA_MBALA,31.42437500732999,-8.951021217432977,Zambia,TRO_noRES,NOx
1650,10.091060114970103,ZAMBIA_NORTHERN_MBALA_NSENGA HILL,31.655127392254517,-9.319794073965294,Zambia,TRO_noRES,NOx
1651,151.907552518167,ZAMBIA_NORTHERN_MPOROKOSO_LUNTE,30.403652875074233,-9.823323451491882,Zambia,TRO_noRES,NOx
1652,82.56068924741642,ZAMBIA_NORTHERN_MPOROKOSO_MPOROKOSO,29.883883348105797,-9.437855153817008,Zambia,TRO_noRES,NOx
1653,9.781593951389048,ZAMBIA_NORTHERN_MPULUNGU_MPULUNGU,30.78636919692387,-8.968610296667714,Zambia,TRO_noRES,NOx
1654,1.373202348898808,ZAMBIA_NORTHERN_MUNGWI_MALOLE,31.728489567287085,-9.896913955738247,Zambia,TRO_noRES,NOx
1655,60.97410097744565,ZAMBIA_SOUTHERN_CHOMA_CHOMA,27.03480670841098,-16.91005369465202,Zambia,TRO_noRES,NOx
1656,62.04521656365826,ZAMBIA_SOUTHERN_CHOMA_MBABALA,26.878091190949394,-16.397242287620944,Zambia,TRO_noRES,NOx
1657,23.850104572558685,ZAMBIA_SOUTHERN_CHOMA_PEMBA,27.389336109531165,-16.6922264694868,Zambia,TRO_noRES,NOx
1658,0,ZAMBIA_SOUTHERN_GWEMBE_GWEMBE,27.902856111757792,-16.68233138263457,Zambia,TRO_noRES,NOx
1659,2.4283851013056927,ZAMBIA_SOUTHERN_ITEZHI-TEZHI_ITEZHI-TEZHI,26.020217543791258,-15.7607528165834,Zambia,TRO_noRES,NOx
1660,0,ZAMBIA_SOUTHERN_KALOMO_DUNDUMWEZI,26.347684943863122,-16.562181114840755,Zambia,TRO_noRES,NOx
1661,74.4692993056672,ZAMBIA_SOUTHERN_KALOMO_KALOMO CENTRAL,26.543830205005484,-17.04577047621827,Zambia,TRO_noRES,NOx
1662,82.01251142288805,ZAMBIA_SOUTHERN_KALOMO_MAPATIZYA,26.573648865923055,-17.60560978993712,Zambia,TRO_noRES,NOx
1663,21.742906621211063,ZAMBIA_SOUTHERN_KAZUNGULA_KATOMBOLA,25.620145077663306,-17.10654461326524,Zambia,TRO_noRES,NOx
1664,189.77087829191595,ZAMBIA_SOUTHERN_LIVINGSTONE_LIVINGSTONE,25.839580948996286,-17.78612641067007,Zambia,TRO_noRES,NOx
1665,19.52707392858906,ZAMBIA_SOUTHERN_MAZABUKA_CHIKANKANTA,28.249723480811323,-16.043422007395407,Zambia,TRO_noRES,NOx
1666,0,ZAMBIA_SOUTHERN_MAZABUKA_MAGOYE,27.622182683908022,-15.892078551482996,Zambia,TRO_noRES,NOx
1667,68.70474309101205,ZAMBIA_SOUTHERN_MAZABUKA_MAZABUKA,27.866970138091503,-15.883245062553383,Zambia,TRO_noRES,NOx
1668,64.88863095566478,ZAMBIA_SOUTHERN_MONZE_BWEENGWA,27.295625399394282,-16.052573578414865,Zambia,TRO_noRES,NOx
1669,7.9138659367484765,ZAMBIA_SOUTHERN_MONZE_MONZE,27.424178441098487,-16.37563866559767,Zambia,TRO_noRES,NOx
1670,0.9818669565582349,ZAMBIA_SOUTHERN_MONZE_MOOMBA,27.74187104427267,-16.27482011727548,Zambia,TRO_noRES,NOx
1671,59.461904681160625,ZAMBIA_SOUTHERN_NAMWALA_NAMWALA,26.754936143714463,-15.941500457068749,Zambia,TRO_noRES,NOx
1672,87.68149357732658,ZAMBIA_SOUTHERN_SIAVONGA_SIAVONGA,28.558985238419726,-16.299401498003242,Zambia,TRO_noRES,NOx
1673,108.32081431175887,ZAMBIA_SOUTHERN_SINAZONGWE_SINAZONGWE,27.2807179112331,-17.412421319914454,Zambia,TRO_noRES,NOx
1674,0,ZAMBIA_WESTERN_KALABO_KALABO,22.668138967214684,-15.307899116519774,Zambia,TRO_noRES,NOx
1675,0,ZAMBIA_WESTERN_KALABO_LIUWA,22.52502997101939,-14.544065929033211,Zambia,TRO_noRES,NOx
1676,0,ZAMBIA_WESTERN_KALABO_SIKONGO,22.23056038773834,-15.257742796071241,Zambia,TRO_noRES,NOx
1677,76.00495816575399,ZAMBIA_WESTERN_KAOMA_KAOMA CENTRAL,25.04922080679012,-14.711954129645061,Zambia,TRO_noRES,NOx
1678,58.152286321441835,ZAMBIA_WESTERN_KAOMA_LUAMPA,24.7584458265249,-15.368086057238425,Zambia,TRO_noRES,NOx
1679,124.4445637902243,ZAMBIA_WESTERN_KAOMA_MANGANGO,24.20746270318245,-14.68910855437414,Zambia,TRO_noRES,NOx
1680,224.70515222676175,ZAMBIA_WESTERN_LUKULU_LUKULU EAST,23.81996806853094,-14.315822982748186,Zambia,TRO_noRES,NOx
1681,4.439957129188524,ZAMBIA_WESTERN_LUKULU_LUKULU WEST,22.70316851981578,-14.164055699101722,Zambia,TRO_noRES,NOx
1682,17.637929742962985,ZAMBIA_WESTERN_MONGU_LUENA,23.38135094476587,-14.985379948947877,Zambia,TRO_noRES,NOx
1683,95.3409561300799,ZAMBIA_WESTERN_MONGU_MONGU,23.068428950456155,-15.31687093689524,Zambia,TRO_noRES,NOx
1684,3.7008330489586165,ZAMBIA_WESTERN_MONGU_NALIKWANDA,23.72533656058688,-15.414725554230015,Zambia,TRO_noRES,NOx
1685,86.71166436189752,ZAMBIA_WESTERN_SENANGA_NALOLO,22.99253670582597,-15.779390158424558,Zambia,TRO_noRES,NOx
1686,179.75559047613413,ZAMBIA_WESTERN_SENANGA_SENANGA,23.792887275411474,-16.016325554311614,Zambia,TRO_noRES,NOx
1687,36.27909981667828,ZAMBIA_WESTERN_SESHEKE_MULOBEZI,24.724112710511307,-16.289759152706516,Zambia,TRO_noRES,NOx
1688,16.692404030474265,ZAMBIA_WESTERN_SESHEKE_MWANDI,24.670803007655817,-17.12205319673227,Zambia,TRO_noRES,NOx
1689,142.4962076686255,ZAMBIA_WESTERN_SESHEKE_SESHEKE,23.916635107519514,-17.092487993044916,Zambia,TRO_noRES,NOx
1690,75.99269932802976,ZAMBIA_WESTERN_SHANGOMBO_SINJEMBELA,22.839280468061588,-16.556734241433883,Zambia,TRO_noRES,NOx
1691,1862.8916259250918,ZIMBABWE_BULAWAYO_BULAWAYO,28.55567706568358,-20.121806460207072,Zimbabwe,TRO_noRES,NOx
1692,107.25154050456824,ZIMBABWE_HARARE_CHITUNGWIZA,31.062838912942162,-18.014236385326917,Zimbabwe,TRO_noRES,NOx
1693,88.17823510081382,ZIMBABWE_HARARE_EPWORTH,31.158844682035582,-17.895344948865215,Zimbabwe,TRO_noRES,NOx
1694,433.38744201445013,ZIMBABWE_HARARE_HARARE RURAL,31.033297352175815,-17.944938825553283,Zimbabwe,TRO_noRES,NOx
1695,2995.255478631254,ZIMBABWE_HARARE_HARARE URBAN,31.053673281248084,-17.8087732583129,Zimbabwe,TRO_noRES,NOx
1696,170.28881257028095,ZIMBABWE_MANICALAND_BUHERA,31.868285637589167,-19.44901571975412,Zimbabwe,TRO_noRES,NOx
1697,1475.2095976597086,ZIMBABWE_MANICALAND_CHIMANIMANI,32.72164024280516,-19.784108007827292,Zimbabwe,TRO_noRES,NOx
1698,943.0739033096951,ZIMBABWE_MANICALAND_CHIPINGE RURAL,32.47381587494327,-20.496658221164754,Zimbabwe,TRO_noRES,NOx
1699,12.254720278108774,ZIMBABWE_MANICALAND_CHIPINGE URBAN,32.62525066931281,-20.203342282599305,Zimbabwe,TRO_noRES,NOx
1700,281.0833887279798,ZIMBABWE_MANICALAND_MAKONI,32.182681398233086,-18.362321102437782,Zimbabwe,TRO_noRES,NOx
1701,735.7385150517865,ZIMBABWE_MANICALAND_MUTARE RURAL,32.42405654036695,-19.23143328486722,Zimbabwe,TRO_noRES,NOx
1702,233.16516684146347,ZIMBABWE_MANICALAND_MUTARE URBAN,32.620103748244716,-18.993444874807192,Zimbabwe,TRO_noRES,NOx
1703,326.6466022465904,ZIMBABWE_MANICALAND_MUTASA,32.708920145094964,-18.63951558406826,Zimbabwe,TRO_noRES,NOx
1704,315.0783889380065,ZIMBABWE_MANICALAND_NYANGA,32.75779759089013,-17.937869291717597,Zimbabwe,TRO_noRES,NOx
1705,9.149914391345268,ZIMBABWE_MANICALAND_RUSAPE,32.13124708351301,-18.538249469398476,Zimbabwe,TRO_noRES,NOx
1706,298.16690932196315,ZIMBABWE_MASHONALAND CENTRAL_BINDURA,31.308333991475948,-17.245810503074562,Zimbabwe,TRO_noRES,NOx
1707,6.370830594261316,ZIMBABWE_MASHONALAND CENTRAL_BINDURA URBAN,31.338858234356994,-17.3093886532423,Zimbabwe,TRO_noRES,NOx
1708,452.8162745522069,ZIMBABWE_MASHONALAND CENTRAL_CENTENARY,31.143553067008124,-16.426346851768386,Zimbabwe,TRO_noRES,NOx
1709,0,ZIMBABWE_MASHONALAND CENTRAL_GURUVE,30.657935830574306,-16.684420866652317,Zimbabwe,TRO_noRES,NOx
1710,1027.2281235408398,ZIMBABWE_MASHONALAND CENTRAL_MAZOWE,30.931668747440714,-17.252158251526673,Zimbabwe,TRO_noRES,NOx
1711,25.569284031512918,ZIMBABWE_MASHONALAND CENTRAL_MBIRE,30.519312056760068,-16.11820181165008,Zimbabwe,TRO_noRES,NOx
1712,132.13061905567858,ZIMBABWE_MASHONALAND CENTRAL_MOUNT DARWIN,31.651491668814078,-16.571909628015707,Zimbabwe,TRO_noRES,NOx
1713,0,ZIMBABWE_MASHONALAND CENTRAL_MVURI,30.85020407197247,-17.024637648570337,Zimbabwe,TRO_noRES,NOx
1714,0,ZIMBABWE_MASHONALAND CENTRAL_RUSHINGA,32.294391117865416,-16.608502576184932,Zimbabwe,TRO_noRES,NOx
1715,661.3035593810129,ZIMBABWE_MASHONALAND CENTRAL_SHAMVA,31.63881570830867,-17.094658891017033,Zimbabwe,TRO_noRES,NOx
1716,929.4094247778946,ZIMBABWE_MASHONALAND EAST_CHIKOMBA,31.10402641900697,-18.890937479797454,Zimbabwe,TRO_noRES,NOx
1717,890.0820679195417,ZIMBABWE_MASHONALAND EAST_GOROMONZI,31.33811610926192,-17.784846519288877,Zimbabwe,TRO_noRES,NOx
1718,674.32515617839465,ZIMBABWE_MASHONALAND EAST_HWEDZA,31.63567042276917,-18.735938924713302,Zimbabwe,TRO_noRES,NOx
1719,738.3035895597704,ZIMBABWE_MASHONALAND EAST_MARONDERA,31.497737809885596,-18.2710373540706,Zimbabwe,TRO_noRES,NOx
1720,18.104990362948065,ZIMBABWE_MASHONALAND EAST_MARONDERA URBAN,31.548361807518038,-18.199991583553473,Zimbabwe,TRO_noRES,NOx
1721,27.58769421590812,ZIMBABWE_MASHONALAND EAST_MUDZI,32.63753498981691,-17.031754865127553,Zimbabwe,TRO_noRES,NOx
1722,865.6725690940843,ZIMBABWE_MASHONALAND EAST_MUREHWA,31.821688822036187,-17.796798612607663,Zimbabwe,TRO_noRES,NOx
1723,21.790495161974867,ZIMBABWE_MASHONALAND EAST_MUTOKO,32.27426153980204,-17.444387012058822,Zimbabwe,TRO_noRES,NOx
1724,23.75452621704799,ZIMBABWE_MASHONALAND EAST_RUWA LOCAL BOARD,31.228165448921906,-17.884607511234528,Zimbabwe,TRO_noRES,NOx
1725,560.4796587733427,ZIMBABWE_MASHONALAND EAST_SEKE,30.953065122788516,-18.254181114854948,Zimbabwe,TRO_noRES,NOx
1726,579.8609540015171,ZIMBABWE_MASHONALAND EAST_UZUMBA-MARAMBA-PFUNGWE,32.043136848699056,-17.081573218275697,Zimbabwe,TRO_noRES,NOx
1727,151.5212913431629,ZIMBABWE_MASHONALAND WEST_CHEGUTU,30.395139990113776,-18.143600800629375,Zimbabwe,TRO_noRES,NOx
1728,16.657836384702463,ZIMBABWE_MASHONALAND WEST_CHEGUTU URBAN,30.13470538711357,-18.12439557940687,Zimbabwe,TRO_noRES,NOx
1729,41.41985465805184,ZIMBABWE_MASHONALAND WEST_CHINHOYI,30.129570688206996,-17.358929514724238,Zimbabwe,TRO_noRES,NOx
1730,376.87351359511433,ZIMBABWE_MASHONALAND WEST_HURUNGWE,29.53703485277088,-16.437165238308324,Zimbabwe,TRO_noRES,NOx
1731,39.12127904274477,ZIMBABWE_MASHONALAND WEST_KADOMA,29.92798975734448,-18.33918663580368,Zimbabwe,TRO_noRES,NOx
1732,89.0939938751071,ZIMBABWE_MASHONALAND WEST_KARIBA,28.61128807360195,-16.89292695403643,Zimbabwe,TRO_noRES,NOx
1733,0.08483192829918483,ZIMBABWE_MASHONALAND WEST_KARIBA URBAN,28.808652741937127,-16.523383393233598,Zimbabwe,TRO_noRES,NOx
1734,5.7483305893080345,ZIMBABWE_MASHONALAND WEST_KAROI,29.694591418294163,-16.820573750915116,Zimbabwe,TRO_noRES,NOx
1735,141.51808352881986,ZIMBABWE_MASHONALAND WEST_MAKONDE,30.012073182765725,-17.123223173134424,Zimbabwe,TRO_noRES,NOx
1736,120.76710421223028,ZIMBABWE_MASHONALAND WEST_MHONDORONGEZI,30.163967503298224,-18.577761621097395,Zimbabwe,TRO_noRES,NOx
1737,0,ZIMBABWE_MASHONALAND WEST_NORTON,30.678320648378314,-17.88198298430611,Zimbabwe,TRO_noRES,NOx
1738,186.02777071430114,ZIMBABWE_MASHONALAND WEST_SANYATI,29.581196326682427,-18.02169161774344,Zimbabwe,TRO_noRES,NOx
1739,239.3881446912899,ZIMBABWE_MASHONALAND WEST_ZVIMBA,30.44738003368097,-17.503589961775102,Zimbabwe,TRO_noRES,NOx
1740,815.1739604400648,ZIMBABWE_MASVINGO_BIKITA,31.91211467778198,-20.145279592483647,Zimbabwe,TRO_noRES,NOx
1741,767.7492314212582,ZIMBABWE_MASVINGO_CHIREDZI RURAL,31.683341413535224,-21.347708807444196,Zimbabwe,TRO_noRES,NOx
1742,7.9755437593715595,ZIMBABWE_MASVINGO_CHIREDZI URBAN,31.67971758814407,-21.029338840368688,Zimbabwe,TRO_noRES,NOx
1743,239.08703206972612,ZIMBABWE_MASVINGO_CHIVI,30.575374256749075,-20.490369810018144,Zimbabwe,TRO_noRES,NOx
1744,145.1695902921892,ZIMBABWE_MASVINGO_GUTU,31.242523750576176,-19.610801584902255,Zimbabwe,TRO_noRES,NOx
1745,62.3052496584508,ZIMBABWE_MASVINGO_MASVINGO,30.83494037723815,-20.07306774396139,Zimbabwe,TRO_noRES,NOx
1746,857.7697382721425,ZIMBABWE_MASVINGO_MASVINGO RURAL,30.910738382293413,-20.260376828144526,Zimbabwe,TRO_noRES,NOx
1747,272.74249247881573,ZIMBABWE_MASVINGO_MWENEZI,30.691741175078764,-21.36544378064084,Zimbabwe,TRO_noRES,NOx
1748,45.24017893165836,ZIMBABWE_MASVINGO_ZAKA,31.42731784993799,-20.386700025852814,Zimbabwe,TRO_noRES,NOx
1749,607.2849529677594,ZIMBABWE_MATABELELAND NORTH_BINGA,27.656210711179945,-17.789917553155632,Zimbabwe,TRO_noRES,NOx
1750,0,ZIMBABWE_MATABELELAND NORTH_BUBI,28.685180931499218,-19.513947345699094,Zimbabwe,TRO_noRES,NOx
1751,417.3877577812776,ZIMBABWE_MATABELELAND NORTH_HWANGE,26.423179889687354,-18.71113404476513,Zimbabwe,TRO_noRES,NOx
1752,100.01145117374213,ZIMBABWE_MATABELELAND NORTH_HWANGE URBAN,26.46801043565975,-18.372016600758958,Zimbabwe,TRO_noRES,NOx
1753,3.547698261236176,ZIMBABWE_MATABELELAND NORTH_LUPANE,27.79328072988368,-18.839114218902946,Zimbabwe,TRO_noRES,NOx
1754,0.9567033040785494,ZIMBABWE_MATABELELAND NORTH_NKAYI,28.661176006857257,-18.88355717575602,Zimbabwe,TRO_noRES,NOx
1755,0,ZIMBABWE_MATABELELAND NORTH_TSHOLOTSHO,27.414283617138953,-19.61964010445645,Zimbabwe,TRO_noRES,NOx
1756,324.81321114447286,ZIMBABWE_MATABELELAND NORTH_UMGUZA,28.271066028232603,-19.819869340116053,Zimbabwe,TRO_noRES,NOx
1757,21.50010611777588,ZIMBABWE_MATABELELAND NORTH_VICTORIA FALLS,25.829883287476026,-17.92990704990956,Zimbabwe,TRO_noRES,NOx
1758,57.74174011028155,ZIMBABWE_MATABELELAND SOUTH_BEITBRIDGE RURAL,30.032227315484988,-21.908181587615122,Zimbabwe,TRO_noRES,NOx
1759,13.834329119516847,ZIMBABWE_MATABELELAND SOUTH_BEITBRIDGE URBAN,30.005198690269744,-22.19816655945671,Zimbabwe,TRO_noRES,NOx
1760,5.66639700473621,ZIMBABWE_MATABELELAND SOUTH_BULILIMA,27.573442352722388,-20.169421371289143,Zimbabwe,TRO_noRES,NOx
1761,29.57223689724482,ZIMBABWE_MATABELELAND SOUTH_GWANDA,29.162201344353758,-21.236732145513137,Zimbabwe,TRO_noRES,NOx
1762,0,ZIMBABWE_MATABELELAND SOUTH_GWANDA URBAN,29.001018112960306,-20.93393035805012,Zimbabwe,TRO_noRES,NOx
1763,160.02826848750487,ZIMBABWE_MATABELELAND SOUTH_INSIZA,29.405124054354932,-20.257921118201494,Zimbabwe,TRO_noRES,NOx
1764,196.95638696171233,ZIMBABWE_MATABELELAND SOUTH_MATOBO,28.491004036525954,-20.955582194378135,Zimbabwe,TRO_noRES,NOx
1765,0,ZIMBABWE_MATABELELAND SOUTH_PLUMTREE,27.816351882493578,-20.50409730643698,Zimbabwe,TRO_noRES,NOx
1766,8.818109303557613,ZIMBABWE_MATABELELAND SOUTH_UMZINGWANE,28.94552119766589,-20.34465698117629,Zimbabwe,TRO_noRES,NOx
1767,45.959130991275686,ZIMBABWE_MIDLANDS_CHIRUMANZU,30.481519343037423,-19.319633373328976,Zimbabwe,TRO_noRES,NOx
1768,245.6849309766773,ZIMBABWE_MIDLANDS_GOKWE NORTH,28.837677893701187,-17.570419471118004,Zimbabwe,TRO_noRES,NOx
1769,514.0815706965278,ZIMBABWE_MIDLANDS_GOKWE SOUTH,28.645633627572618,-18.206523936363304,Zimbabwe,TRO_noRES,NOx
1770,10.0237145662824,ZIMBABWE_MIDLANDS_GOKWE TOWN,28.940176689013466,-18.22128365220127,Zimbabwe,TRO_noRES,NOx
1771,85.82132168705907,ZIMBABWE_MIDLANDS_GWERU,29.817923337717286,-19.45269647021317,Zimbabwe,TRO_noRES,NOx
1772,27.567083833914968,ZIMBABWE_MIDLANDS_GWERU RURAL,29.63690224470826,-19.466810605052125,Zimbabwe,TRO_noRES,NOx
1773,26.91201847384158,ZIMBABWE_MIDLANDS_KWEKWE,29.81635406697312,-18.917482667926965,Zimbabwe,TRO_noRES,NOx
1774,253.18466618230434,ZIMBABWE_MIDLANDS_KWEKWE RURAL,29.551841911899576,-18.878863937431618,Zimbabwe,TRO_noRES,NOx
1775,252.73572491436255,ZIMBABWE_MIDLANDS_MBERENGWA,30.01016178871132,-20.74365987883918,Zimbabwe,TRO_noRES,NOx
1776,3.650394727209748,ZIMBABWE_MIDLANDS_REDCLIFF,29.76586767080143,-19.022868422004397,Zimbabwe,TRO_noRES,NOx
1777,25.193331667247087,ZIMBABWE_MIDLANDS_SHURUGWI,29.99793599865513,-19.69370465973288,Zimbabwe,TRO_noRES,NOx
1778,348.5953377933283,ZIMBABWE_MIDLANDS_SHURUGWI RURAL,30.15294241347956,-19.750231393050633,Zimbabwe,TRO_noRES,NOx
1779,21.781633676475206,ZIMBABWE_MIDLANDS_ZVISHAVANE,30.078676585245802,-20.27716243014893,Zimbabwe,TRO_noRES,NOx
1780,12.261998841342628,ZIMBABWE_MIDLANDS_ZVISHAVANE MINE,30.053840966799243,-20.319854351134133,Zimbabwe,TRO_noRES,NOx
1781,35.28794017395039,ZIMBABWE_MATABELELAND SOUTH_MANGWE,28.019398455119735,-20.990691255910058,Zimbabwe,TRO_noRES,NOx
