census_id,emis,geo_name,lon,lat,country,code,poll
0001,2.340006683040587,ANGOLA_BENGO_AMBRIZ,13.500573856748415,-7.941839245075118,Angola,IND,NOx
0002,2.935763008438199,ANGOLA_BENGO_BULA ATUMBA,14.820908751789867,-8.634475645495783,Angola,IND,NOx
0003,88.52531718090677,ANGOLA_BENGO_DANDE,13.841710609854086,-8.53534736049627,Angola,IND,NOx
0004,5.380687024272112,ANGOLA_BENGO_DEMBOS,14.552452662474186,-8.506656679922113,Angola,IND,NOx
0005,10.86423717392447,ANGOLA_BENGO_NAMBUANGONGO,14.25926486683566,-8.047643790272277,Angola,IND,NOx
0006,1.1154483943390106,ANGOLA_BENGO_PANGO ALUQUÉM,14.467187741962098,-8.753291428515478,Angola,IND,NOx
0007,17.287135855670915,ANGOLA_BENGUELA_BAÍA FARTA,13.110895429150032,-13.169353899832894,Angola,IND,NOx
0008,24.870010680222865,ANGOLA_BENGUELA_BALOMBO,14.785534807000774,-12.362142938317604,Angola,IND,NOx
0009,90.1107982371211,ANGOLA_BENGUELA_BENGUELA,13.613234701433782,-12.750903810317325,Angola,IND,NOx
0010,32.659688142966075,ANGOLA_BENGUELA_BOCOIO,14.273806030010297,-12.337517465231237,Angola,IND,NOx
0011,18.078347396419147,ANGOLA_BENGUELA_CAIMBAMBO,13.925466200463916,-13.103370379840863,Angola,IND,NOx
0012,14.769023867619351,ANGOLA_BENGUELA_CATUMBELA,13.680172800346687,-12.477296385532492,Angola,IND,NOx
0013,16.76424444658534,ANGOLA_BENGUELA_CHONGOROI,13.804725364547245,-13.596741410412521,Angola,IND,NOx
0014,71.39065865735654,ANGOLA_BENGUELA_CUBAL,14.349577634106108,-13.16149142143734,Angola,IND,NOx
0015,61.7598165495694,ANGOLA_BENGUELA_GANDA,14.733920867955561,-13.122131963632688,Angola,IND,NOx
0016,61.403225420564084,ANGOLA_BENGUELA_LOBITO,13.886545783996153,-12.092395259332209,Angola,IND,NOx
0017,59.88740945767763,ANGOLA_BIÉ_ANDULO,16.463299708517784,-11.274658946317146,Angola,IND,NOx
0018,34.4305831580949,ANGOLA_BIÉ_CAMACUPA,17.780227977541617,-12.451681506672221,Angola,IND,NOx
0019,30.77645010388994,ANGOLA_BIÉ_CATABOLA,17.254341809340623,-12.147939255129183,Angola,IND,NOx
0020,25.180079064627904,ANGOLA_BIÉ_CHINGUAR,16.57220235885333,-12.562961032395926,Angola,IND,NOx
0021,16.201535093186102,ANGOLA_BIÉ_CHITEMBO,17.2256685420672,-13.4761375683222,Angola,IND,NOx
0022,9.921251345026349,ANGOLA_BIÉ_CUEMBA,18.450876402365434,-11.812583973776919,Angola,IND,NOx
0023,118.62906353716447,ANGOLA_BIÉ_CUITO,17.0195337801636,-12.539053407735349,Angola,IND,NOx
0024,8.851774480750075,ANGOLA_BIÉ_CUNHINGA,16.806485043535446,-11.988245606222938,Angola,IND,NOx
0025,22.33175122674406,ANGOLA_BIÉ_NHAREA,17.157724905821997,-11.308602978499657,Angola,IND,NOx
0026,5.397235406658261,ANGOLA_CABINDA_BELIZE,12.84464336058737,-4.605790961567085,Angola,IND,NOx
0027,7.531037756463908,ANGOLA_CABINDA_BUCO ZAU,12.545868870473262,-4.802124175234638,Angola,IND,NOx
0028,90.84894133509289,ANGOLA_CABINDA_CABINDA,12.36403326270615,-5.461872414729606,Angola,IND,NOx
0029,6.876891987159529,ANGOLA_CABINDA_CACONGO,12.242228043574034,-5.043712430446504,Angola,IND,NOx
0030,8.822385356545988,ANGOLA_KUANDO KUBANGO_CALAI,19.414268804995988,-17.367954683212766,Angola,IND,NOx
0031,6.165598305180622,ANGOLA_KUANDO KUBANGO_CUANGAR,18.15299180710266,-17.054777832805367,Angola,IND,NOx
0032,10.472917166233268,ANGOLA_KUANDO KUBANGO_CUCHI,16.962579756983985,-14.692891199511664,Angola,IND,NOx
0033,9.223993141337385,ANGOLA_KUANDO KUBANGO_CUITO CUANAVALE,18.841355039845936,-14.950150376556852,Angola,IND,NOx
0034,4.232030911675886,ANGOLA_KUANDO KUBANGO_DIRICO,20.825162039879295,-17.52729673830151,Angola,IND,NOx
0035,6.623750591123632,ANGOLA_KUANDO KUBANGO_MAVINGA,20.292091111981065,-16.124977275218903,Angola,IND,NOx
0036,80.12023756517614,ANGOLA_KUANDO KUBANGO_MENONGUE,17.745373647024998,-15.225709939331868,Angola,IND,NOx
0037,0.9340949473186977,ANGOLA_KUANDO KUBANGO_NANCOVA,18.73240828489362,-16.388826303005242,Angola,IND,NOx
0038,10.254067197064499,ANGOLA_KUANDO KUBANGO_RIVUNGO,21.95105197046031,-16.860900758284263,Angola,IND,NOx
0039,11.14005954606024,ANGOLA_KWANZA NORTE_AMBACA,15.509119051943488,-8.223269097816729,Angola,IND,NOx
0040,1.6954158490278874,ANGOLA_KWANZA NORTE_BANGA,15.153253461606287,-8.689616530469744,Angola,IND,NOx
0041,1.6204624378650565,ANGOLA_KWANZA NORTE_BOLONGONGO,15.113302487330705,-8.382132376680488,Angola,IND,NOx
0042,18.47224266919786,ANGOLA_KWANZA NORTE_CAMBAMBE,14.521816633134614,-9.433964278230446,Angola,IND,NOx
0043,41.04694387925219,ANGOLA_KWANZA NORTE_CAZENGO,14.779870946066733,-9.320031680889498,Angola,IND,NOx
0044,8.57258372055161,ANGOLA_KWANZA NORTE_GOLUNGO ALTO,14.666387710001,-9.076507922069805,Angola,IND,NOx
0045,4.2476102666876425,ANGOLA_KWANZA NORTE_LUCALA,15.238258650636386,-9.139267281380702,Angola,IND,NOx
0046,1.0952845557642261,ANGOLA_KWANZA NORTE_NGONGUEMBO,14.901663408090647,-8.902563767131948,Angola,IND,NOx
0047,1.0583481308914235,ANGOLA_KWANZA NORTE_QUICULUNGO,15.319625776448795,-8.49002907643525,Angola,IND,NOx
0048,4.976061162738488,ANGOLA_KWANZA NORTE_SAMBA CAJÚ,15.494620704324683,-8.808515207926657,Angola,IND,NOx
0049,59.978907884025155,ANGOLA_KWANZA SUL_AMBOIM,14.409446053756277,-10.888247311555114,Angola,IND,NOx
0050,29.372807049440475,ANGOLA_KWANZA SUL_CASSONGUE,14.969245996228281,-11.823486279155278,Angola,IND,NOx
0051,50.395217689677516,ANGOLA_KWANZA SUL_CELA,15.327509138494797,-11.286611386444985,Angola,IND,NOx
0052,21.9308966877368,ANGOLA_KWANZA SUL_CONDA,14.457113187835018,-11.173469665594153,Angola,IND,NOx
0053,41.280869920879,ANGOLA_KWANZA SUL_EBO,14.756355439021709,-10.954311333786544,Angola,IND,NOx
0054,19.21099937863679,ANGOLA_KWANZA SUL_LIBOLO,14.990540118658812,-10.063463539441377,Angola,IND,NOx
0055,17.340808770145554,ANGOLA_KWANZA SUL_MUSSENDE,15.978658982493396,-10.268786589120642,Angola,IND,NOx
0056,23.73297542071794,ANGOLA_KWANZA SUL_PORTO AMBOIM,13.942283729197893,-10.627805552833145,Angola,IND,NOx
0057,27.934334564524313,ANGOLA_KWANZA SUL_QUIBALA,15.335713103750756,-10.699008506951671,Angola,IND,NOx
0058,21.330085762485258,ANGOLA_KWANZA SUL_QUILENDA,14.370237419617364,-10.524491857097443,Angola,IND,NOx
0059,40.505006435660086,ANGOLA_KWANZA SUL_SELES,14.50091627350989,-11.457587720793851,Angola,IND,NOx
0060,43.36537158404652,ANGOLA_KWANZA SUL_SUMBE,14.04934311345206,-11.49811492361192,Angola,IND,NOx
0061,20.25762191330381,ANGOLA_CUNENE_CAHAMA,14.247669093888437,-16.41710354139286,Angola,IND,NOx
0062,105.79239993020386,ANGOLA_CUNENE_CUANHAMA,16.320547599774045,-16.48223334568777,Angola,IND,NOx
0063,5.190485964253786,ANGOLA_CUNENE_CUROCA,13.788175609536145,-16.932294476395295,Angola,IND,NOx
0064,17.55590808705177,ANGOLA_CUNENE_CUVELAI,16.136146428177735,-15.746368160393057,Angola,IND,NOx
0065,51.77545144447002,ANGOLA_CUNENE_NAMACUNDE,16.606272115792553,-17.074018548021083,Angola,IND,NOx
0066,85.46571346158706,ANGOLA_CUNENE_OMBADJA,14.941895100531925,-16.768959146811532,Angola,IND,NOx
0067,68.60973689695072,ANGOLA_HUAMBO_BAILUNDO,15.850466201739053,-11.950050465566608,Angola,IND,NOx
0068,66.36275041058151,ANGOLA_HUAMBO_CAÁLA,15.572188198073116,-13.27102876067493,Angola,IND,NOx
0069,34.3517520468049,ANGOLA_HUAMBO_CACHIUNGO,16.319644201016246,-12.759421533499594,Angola,IND,NOx
0070,17.811992799150833,ANGOLA_HUAMBO_ECUNHA,15.49134958273524,-12.53401934231182,Angola,IND,NOx
0071,179.3051484510596,ANGOLA_HUAMBO_HUAMBO,15.79536569507517,-12.819324307871682,Angola,IND,NOx
0072,29.09859334764054,ANGOLA_HUAMBO_LONDUIMBALI,15.292015045757923,-12.235996591708586,Angola,IND,NOx
0073,22.518094732898977,ANGOLA_HUAMBO_LONGONJO,15.22279516795389,-13.084757821818668,Angola,IND,NOx
0074,28.34462487143811,ANGOLA_HUAMBO_MUNGO,16.20588037491343,-11.755072951814116,Angola,IND,NOx
0075,28.1310419846802,ANGOLA_HUAMBO_CHICALA CHOLOHANGA,16.092706109508978,-12.95985009260693,Angola,IND,NOx
0076,10.713973729948318,ANGOLA_HUAMBO_CHINJENJE,14.940107561316543,-12.818781665594054,Angola,IND,NOx
0077,8.287499349786051,ANGOLA_HUAMBO_UCUMA,15.15058241504692,-12.745033355569538,Angola,IND,NOx
0078,43.2382585075959,ANGOLA_HUÍLA_CACONDA,15.158416365277283,-13.778376463063532,Angola,IND,NOx
0079,34.66030411456463,ANGOLA_HUÍLA_CACULA,14.291948368736596,-14.437668897988177,Angola,IND,NOx
0080,42.04784030837215,ANGOLA_HUÍLA_CALUQUEMBE,14.553605248971426,-13.943434135545042,Angola,IND,NOx
0081,44.951134634903696,ANGOLA_HUÍLA_CHIBIA,13.860963321337298,-15.220319449437994,Angola,IND,NOx
0082,36.169238262012996,ANGOLA_HUÍLA_CHICOMBA,15.019421703365952,-14.30430435864405,Angola,IND,NOx
0083,15.15762655756732,ANGOLA_HUÍLA_CHIPINDO,15.73591828652565,-13.88531948048917,Angola,IND,NOx
0084,23.22708963667802,ANGOLA_HUÍLA_CUVANGO,16.318716983084595,-14.2140670585581,Angola,IND,NOx
0085,23.41153504930919,ANGOLA_HUÍLA_GAMBOS,14.0555441801658,-15.836380299367216,Angola,IND,NOx
0086,77.58854452968794,ANGOLA_HUÍLA_HUMPATA,13.37340825793292,-15.07711619840059,Angola,IND,NOx
0087,28.008863438905657,ANGOLA_HUÍLA_JAMBA,15.84246469273556,-14.813136321719922,Angola,IND,NOx
0088,161.46416126324348,ANGOLA_HUÍLA_LUBANGO,13.74650625251509,-14.782265363665282,Angola,IND,NOx
0089,71.33024219553825,ANGOLA_HUÍLA_MATALA,15.162569522619448,-15.264035381319765,Angola,IND,NOx
0090,22.39248303870524,ANGOLA_HUÍLA_QUILENGUES,13.926712495367244,-14.10284606537322,Angola,IND,NOx
0091,40.07292503334112,ANGOLA_HUÍLA_QUIPUNGO,14.584346812183863,-15.11197852346331,Angola,IND,NOx
0092,356.5736056492695,ANGOLA_LUANDA_BELAS,13.174021473379,-9.08837444152561,Angola,IND,NOx
0093,254.30138613221857,ANGOLA_LUANDA_CACUACO,13.451339905381309,-8.81991357363531,Angola,IND,NOx
0094,131.23122240946344,ANGOLA_LUANDA_CAZENGA,13.300213504677842,-8.82313810517484,Angola,IND,NOx
0095,29.870764143566586,ANGOLA_LUANDA_ICOLO E BENGO,13.862681054977354,-9.152861347234415,Angola,IND,NOx
0096,485.7358888683757,ANGOLA_LUANDA_LUANDA,13.252264930379923,-8.85095461326464,Angola,IND,NOx
0097,7.258541858291887,ANGOLA_LUANDA_QUISSAMA,13.850629524262196,-9.831116523016574,Angola,IND,NOx
0098,507.51328135589506,ANGOLA_LUANDA_VIANA,13.400581493461187,-9.003465052028048,Angola,IND,NOx
0099,24.442717140929297,ANGOLA_LUNDA NORTE_CAMBULO,21.496387269915466,-7.900107950052335,Angola,IND,NOx
0100,14.47531073378483,ANGOLA_LUNDA NORTE_CAPENDA CAMULEMBA,18.86907773627034,-9.675389036317052,Angola,IND,NOx
0101,5.25683792028459,ANGOLA_LUNDA NORTE_CAUNGULA,18.82247560938972,-8.340339422591542,Angola,IND,NOx
0102,52.33515609239613,ANGOLA_LUNDA NORTE_CHITATO,20.86681232898085,-7.553523750605493,Angola,IND,NOx
0103,34.82191649523212,ANGOLA_LUNDA NORTE_CUANGO,18.060888555716936,-8.601096909504287,Angola,IND,NOx
0104,4.279569129914811,ANGOLA_LUNDA NORTE_CUILO,19.68851489115215,-8.128052490802382,Angola,IND,NOx
0105,1.1489069392870477,ANGOLA_LUNDA NORTE_LÓVUA,20.13536631533787,-7.292391189166928,Angola,IND,NOx
0106,3.5201216553684938,ANGOLA_LUNDA NORTE_LUBALO,19.297321892350976,-9.188561260843436,Angola,IND,NOx
0107,33.16830422901341,ANGOLA_LUNDA NORTE_LUCAPA,20.47673092828323,-8.42331409755646,Angola,IND,NOx
0108,19.55226813773792,ANGOLA_LUNDA NORTE_XÁ-MUTEBA,17.85122654394,-9.277995251698849,Angola,IND,NOx
0109,7.151995831474221,ANGOLA_LUNDA SUL_CACOLO,19.178913301145815,-10.547328172202947,Angola,IND,NOx
0110,5.076449539709453,ANGOLA_LUNDA SUL_DALA,20.352238837105524,-10.92405164265005,Angola,IND,NOx
0111,9.92198338966498,ANGOLA_LUNDA SUL_MUCONDA,21.424847286291374,-10.154651759138405,Angola,IND,NOx
0112,113.17126878889401,ANGOLA_LUNDA SUL_SAURIMO,20.688380679682755,-9.477233643283244,Angola,IND,NOx
0113,16.421165719138777,ANGOLA_MALANJE_CACUSO,15.62849098111707,-9.490292469411429,Angola,IND,NOx
0114,3.044100983148709,ANGOLA_MALANJE_CAHOMBO,16.66605389643875,-8.647102372057851,Angola,IND,NOx
0115,16.005746230503867,ANGOLA_MALANJE_CALANDULA,16.005245178381916,-8.695990183498342,Angola,IND,NOx
0116,8.7362145788413,ANGOLA_MALANJE_CAMBUNDI-CATEMBO,17.84709415122643,-10.125145503710968,Angola,IND,NOx
0117,10.560832463438,ANGOLA_MALANJE_CANGANDALA,16.683252748189343,-9.952367021939013,Angola,IND,NOx
0118,1.769280711997257,ANGOLA_MALANJE_CUNDA-DIA-BAZE,17.352728983670623,-8.66125398022735,Angola,IND,NOx
0119,1.1125994854326842,ANGOLA_MALANJE_KIWABA NZOJI,16.45736622164412,-9.037971690115318,Angola,IND,NOx
0120,11.74975494968497,ANGOLA_MALANJE_LUQUEMBO,17.384986684590697,-10.792874181396483,Angola,IND,NOx
0121,132.37867804230126,ANGOLA_MALANJE_MALANJE,16.35498305019854,-9.482474776585153,Angola,IND,NOx
0122,5.646807615925781,ANGOLA_MALANJE_MARIMBA,17.11151213033175,-8.168436018156713,Angola,IND,NOx
0123,4.590551308335665,ANGOLA_MALANJE_MASSANGO,16.599614024908476,-7.763456075510212,Angola,IND,NOx
0124,5.649176065332608,ANGOLA_MALANJE_MUCARI,16.919365558811112,-9.481804740501817,Angola,IND,NOx
0125,2.8540713598020377,ANGOLA_MALANJE_QUELA,17.28820754724371,-9.318539247011007,Angola,IND,NOx
0126,4.73902537454466,ANGOLA_MALANJE_QUIRIMA,18.2681837365498,-11.068909718662896,Angola,IND,NOx
0127,27.842572208103075,ANGOLA_MOXICO_ALTO ZAMBEZE,22.90799374709926,-12.209683357686718,Angola,IND,NOx
0128,19.321139225074557,ANGOLA_MOXICO_BUNDAS,21.31907325919521,-14.210473217747047,Angola,IND,NOx
0129,8.757025446517714,ANGOLA_MOXICO_CAMANONGUE,20.234534061632754,-11.408959591622152,Angola,IND,NOx
0130,5.146511102382867,ANGOLA_MOXICO_CAMEIA,21.26339460023485,-11.838370789228382,Angola,IND,NOx
0131,9.689507678215774,ANGOLA_MOXICO_LÉUA,20.575562544579704,-11.74380358626066,Angola,IND,NOx
0132,3.853671596598555,ANGOLA_MOXICO_LUACANO,22.046284955949286,-11.669871723573195,Angola,IND,NOx
0133,25.5969565516384,ANGOLA_MOXICO_LUAU,21.997475474347006,-10.901812727972676,Angola,IND,NOx
0134,4.03278745833154,ANGOLA_MOXICO_LUCHAZES,19.530239402686032,-13.751962349149917,Angola,IND,NOx
0135,102.7173992960868,ANGOLA_MOXICO_LUENA,19.776770525882704,-12.327720581169427,Angola,IND,NOx
0136,9.789249367217499,ANGOLA_NAMIBE_BIBALA,13.139576640553054,-14.685793467915335,Angola,IND,NOx
0137,11.78438629960161,ANGOLA_NAMIBE_CAMUCUIO,13.0324059676621,-14.003701587165244,Angola,IND,NOx
0138,65.66527664086591,ANGOLA_NAMIBE_NAMIBE,12.457905307074512,-14.720315334187738,Angola,IND,NOx
0139,10.072926949541252,ANGOLA_NAMIBE_TÔMBWA,12.359284305310362,-16.564898961646183,Angola,IND,NOx
0140,7.512876358957242,ANGOLA_NAMIBE_VIREI,12.94168325673447,-15.813548331274848,Angola,IND,NOx
0141,4.872772780608193,ANGOLA_UÍGE_AMBUILA,14.468179065511844,-7.587449047134571,Angola,IND,NOx
0142,6.534189499803061,ANGOLA_UÍGE_BEMBE,14.277664721920273,-7.052417289665407,Angola,IND,NOx
0143,8.707575426892038,ANGOLA_UÍGE_BUENGAS,15.825059286515511,-6.668373974646913,Angola,IND,NOx
0144,7.703914334200618,ANGOLA_UÍGE_BUNGO,15.447113463583449,-7.392017748161813,Angola,IND,NOx
0145,9.137079282944292,ANGOLA_UÍGE_CANGOLA,15.953541847191238,-7.839972087285049,Angola,IND,NOx
0146,8.732953021302764,ANGOLA_UÍGE_DAMBA,15.216117046210005,-6.730711730495686,Angola,IND,NOx
0147,24.321458669704963,ANGOLA_UÍGE_MAQUELA DO ZOMBO,15.504832114047753,-6.115762646049738,Angola,IND,NOx
0148,7.327123875476232,ANGOLA_UÍGE_SANTA CRUZ,16.58039852859364,-7.043057290518152,Angola,IND,NOx
0149,6.602777103791598,ANGOLA_UÍGE_MUCABA,15.044844983137867,-7.104479137048426,Angola,IND,NOx
0150,29.771224972396887,ANGOLA_UÍGE_NEGAGE,15.387803110685544,-7.82670187011252,Angola,IND,NOx
0151,6.415074405305195,ANGOLA_UÍGE_PURI,15.677588319493356,-7.6520448609471,Angola,IND,NOx
0152,24.80218121994092,ANGOLA_UÍGE_QUIMBELE,16.358827373391733,-6.339946266586419,Angola,IND,NOx
0153,6.005126152403773,ANGOLA_UÍGE_QUITEXE,14.916309357718397,-8.05805649608166,Angola,IND,NOx
0154,12.41783706599992,ANGOLA_UÍGE_SANZA POMBO,16.05132046706061,-7.225080931426597,Angola,IND,NOx
0155,11.514745389086366,ANGOLA_UÍGE_SONGO,14.789371774574954,-7.15444085578491,Angola,IND,NOx
0156,123.40553029888929,ANGOLA_UÍGE_UÍGE,15.086269927234868,-7.569389383460002,Angola,IND,NOx
0157,16.891368679553803,ANGOLA_ZAIRE_CUIMBA,14.656648047034412,-6.211094387740501,Angola,IND,NOx
0158,49.92885109464958,ANGOLA_ZAIRE_MBANZA CONGO,14.17814621079705,-6.310144184559853,Angola,IND,NOx
0159,6.447687388717716,ANGOLA_ZAIRE_NZETO,13.396012085498478,-7.329332397443156,Angola,IND,NOx
0160,35.181194714757034,ANGOLA_ZAIRE_NÓQUI,13.505068524452918,-6.150797500748508,Angola,IND,NOx
0161,71.60798374069466,ANGOLA_ZAIRE_SOYO,12.72456320103429,-6.276748486180679,Angola,IND,NOx
0162,9.93544600376715,ANGOLA_ZAIRE_TOMBOCO,13.360813071321832,-6.70704141475642,Angola,IND,NOx
0163,4.040096933937742,BOTSWANA_CENTRAL_BOBONONG_BOBONONG,28.439270006020617,-21.904588768680572,Botswana,IND,NOx
0164,0,BOTSWANA_CENTRAL_BOBONONG_DAMOCHOJENA,27.46425717187249,-21.89586472598768,Botswana,IND,NOx
0165,0.9608565202639423,BOTSWANA_CENTRAL_BOBONONG_KOBOJANGO,28.763918196572497,-21.785636334108606,Botswana,IND,NOx
0166,15.92101494599831,BOTSWANA_CENTRAL_BOBONONG_LENTSWELEMORITI,29.09263730127421,-22.126071452194022,Botswana,IND,NOx
0167,0,BOTSWANA_CENTRAL_BOBONONG_LEPOKOLE,28.342120180879903,-21.78828871071267,Botswana,IND,NOx
0168,0,BOTSWANA_CENTRAL_BOBONONG_MABOLWE,28.93856360422732,-21.822911107503458,Botswana,IND,NOx
0169,1.2417266129242839,BOTSWANA_CENTRAL_BOBONONG_MATHATHANE,28.765707084954567,-22.164921148469332,Botswana,IND,NOx
0170,165.94484857805014,BOTSWANA_CENTRAL_BOBONONG_MMADINARE,27.61927099292336,-21.939530032971234,Botswana,IND,NOx
0171,0.6703994901461107,BOTSWANA_CENTRAL_BOBONONG_MOLALATAU,28.546028057555482,-22.244047061148887,Botswana,IND,NOx
0172,0,BOTSWANA_CENTRAL_BOBONONG_MOLETEMANE,28.24551458680093,-22.49838952314233,Botswana,IND,NOx
0173,0.3255012232778602,BOTSWANA_CENTRAL_BOBONONG_MOTLHABANENG,28.847671161031595,-22.0878861675696,Botswana,IND,NOx
0174,0,BOTSWANA_CENTRAL_BOBONONG_ROBELELA,28.01614217627893,-21.606755627584164,Botswana,IND,NOx
0175,0.06495702010874131,BOTSWANA_CENTRAL_BOBONONG_SEFOPHE,28.010768080362112,-22.202415922887717,Botswana,IND,NOx
0176,0,BOTSWANA_CENTRAL_BOBONONG_SEMOLALE,28.901373465716713,-21.94234612580183,Botswana,IND,NOx
0177,3.298065237924098,BOTSWANA_CENTRAL_BOBONONG_TOBANE,28.034740456942973,-21.715331266156507,Botswana,IND,NOx
0178,0,BOTSWANA_CENTRAL_BOBONONG_TSETSEBJWE,28.261512057832615,-22.323234206617617,Botswana,IND,NOx
0179,0,BOTSWANA_CENTRAL_BOBONONG_TSHOKWE,28.12020929554016,-21.7461736340543,Botswana,IND,NOx
0180,0.7590712368018193,BOTSWANA_CENTRAL_BOBONONG_TULI,28.659593038222404,-22.426510831132365,Botswana,IND,NOx
0181,0,BOTSWANA_CENTRAL_BOTETI_KEDIA,24.838048952453185,-21.403241698591675,Botswana,IND,NOx
0182,0,BOTSWANA_CENTRAL_BOTETI_KHWEE,25.42160849963441,-21.949084316434682,Botswana,IND,NOx
0183,0,BOTSWANA_CENTRAL_BOTETI_KUMAGA,24.694403521304178,-20.43709104783157,Botswana,IND,NOx
0184,209.16551137251224,BOTSWANA_CENTRAL_BOTETI_LETLHAKANE,25.324076768019342,-21.74281229869488,Botswana,IND,NOx
0185,0,BOTSWANA_CENTRAL_BOTETI_MAKALAMABEDI,24.027537186531372,-20.329731365780997,Botswana,IND,NOx
0186,0,BOTSWANA_CENTRAL_BOTETI_MMADIKOLA,24.505648562137157,-21.04540148259183,Botswana,IND,NOx
0187,189.95945536644612,BOTSWANA_CENTRAL_BOTETI_MMATSHUMO,25.608635534616877,-21.055357574481494,Botswana,IND,NOx
0188,0,BOTSWANA_CENTRAL_BOTETI_MOKOBOXANE,25.01278736428241,-21.374661912697718,Botswana,IND,NOx
0189,81.68545242695446,BOTSWANA_CENTRAL_BOTETI_MOPIPI,25.06130611972133,-20.957019464880865,Botswana,IND,NOx
0190,0,BOTSWANA_CENTRAL_BOTETI_MOREOMAOTO,24.225653269651804,-20.326805973885744,Botswana,IND,NOx
0191,0.45513227921291877,BOTSWANA_CENTRAL_BOTETI_MOSU,26.096038009772478,-21.108931183794436,Botswana,IND,NOx
0192,0,BOTSWANA_CENTRAL_BOTETI_MOTOPI,24.143658950831586,-20.239487705166916,Botswana,IND,NOx
0193,0,BOTSWANA_CENTRAL_BOTETI_TOROMOJA,24.68875163244386,-21.028858930681245,Botswana,IND,NOx
0194,0,BOTSWANA_CENTRAL_BOTETI_TSIENYANE/RAKOPS,24.297459830504376,-20.770824097320627,Botswana,IND,NOx
0195,0,BOTSWANA_CENTRAL_BOTETI_XERE,23.995091776720663,-21.05103701376487,Botswana,IND,NOx
0196,0,BOTSWANA_CENTRAL_BOTETI_XHUMO,24.543580068860226,-21.43138653458584,Botswana,IND,NOx
0197,0,BOTSWANA_CENTRAL_MAHALAPYE_BONWAPITSE,26.696499319837177,-23.016977775399745,Botswana,IND,NOx
0198,0.16672678086906723,BOTSWANA_CENTRAL_MAHALAPYE_BOROTSI,27.574845464339035,-23.03787815480758,Botswana,IND,NOx
0199,0.025070896008066477,BOTSWANA_CENTRAL_MAHALAPYE_CHADIBE,27.653472614061975,-23.04213517690895,Botswana,IND,NOx
0200,0.5519498752288763,BOTSWANA_CENTRAL_MAHALAPYE_DIBETE STATION,26.60466673565762,-23.712578892238895,Botswana,IND,NOx
0201,16.687800841220838,BOTSWANA_CENTRAL_MAHALAPYE_DOVEDALE,27.0584095397386,-23.43747251689984,Botswana,IND,NOx
0202,0,BOTSWANA_CENTRAL_MAHALAPYE_IKONGWE,26.42368516567563,-23.133332920110572,Botswana,IND,NOx
0203,0,BOTSWANA_CENTRAL_MAHALAPYE_KALAMARE,26.676800027450167,-22.85145869530537,Botswana,IND,NOx
0204,0,BOTSWANA_CENTRAL_MAHALAPYE_KODIBELENG,25.8565320473089,-23.06990009465882,Botswana,IND,NOx
0205,10.172722032487679,BOTSWANA_CENTRAL_MAHALAPYE_KUDUMATSE,27.163558620828415,-23.343825570073967,Botswana,IND,NOx
0206,0.017754927751700726,BOTSWANA_CENTRAL_MAHALAPYE_MAAPE,27.298633726872115,-22.801071310840364,Botswana,IND,NOx
0207,0.04888259064983426,BOTSWANA_CENTRAL_MAHALAPYE_MACHANENG,27.430989788355014,-23.17527950233516,Botswana,IND,NOx
0208,19.443468943217535,BOTSWANA_CENTRAL_MAHALAPYE_MAHALAPYE,26.92364672437042,-23.059367128880574,Botswana,IND,NOx
0209,0,BOTSWANA_CENTRAL_MAHALAPYE_MAKWATE,27.289572829578482,-23.25066866242674,Botswana,IND,NOx
0210,0.17304605856576533,BOTSWANA_CENTRAL_MAHALAPYE_MATLHAKO,27.57730747946278,-23.092868816729595,Botswana,IND,NOx
0211,0.5970187225652586,BOTSWANA_CENTRAL_MAHALAPYE_MHALAPITSA,27.241670153565362,-22.750141129591885,Botswana,IND,NOx
0212,0.04446375824101467,BOTSWANA_CENTRAL_MAHALAPYE_MMAPHASHALALA,26.85959307803958,-23.525191663403213,Botswana,IND,NOx
0213,0.8147553422638603,BOTSWANA_CENTRAL_MAHALAPYE_MMUTLANA,26.603632318980285,-22.97161859276938,Botswana,IND,NOx
0214,0,BOTSWANA_CENTRAL_MAHALAPYE_MOKGENENE,26.039953432163163,-23.53987260084274,Botswana,IND,NOx
0215,0,BOTSWANA_CENTRAL_MAHALAPYE_MOKOBENG,27.693890294840614,-22.97362584906358,Botswana,IND,NOx
0216,0,BOTSWANA_CENTRAL_MAHALAPYE_MOKOSWANE,26.94190877928232,-23.316220505173856,Botswana,IND,NOx
0217,0.15281445589600132,BOTSWANA_CENTRAL_MAHALAPYE_MOOKANE,26.698166386924417,-23.694975957356803,Botswana,IND,NOx
0218,0,BOTSWANA_CENTRAL_MAHALAPYE_MORALANE,26.215414450162044,-22.936420739953075,Botswana,IND,NOx
0219,0,BOTSWANA_CENTRAL_MAHALAPYE_MOSHOPHA,27.314662802995976,-22.947407012331485,Botswana,IND,NOx
0220,4.923066846662134,BOTSWANA_CENTRAL_MAHALAPYE_MOSOLOTSHANE,26.428423160167153,-22.91931594278049,Botswana,IND,NOx
0221,0,BOTSWANA_CENTRAL_MAHALAPYE_NGWAPA,27.77944253096159,-22.919703336193177,Botswana,IND,NOx
0222,0.18017234980613342,BOTSWANA_CENTRAL_MAHALAPYE_OTSE,25.946626364668234,-23.32358945282839,Botswana,IND,NOx
0223,0.43593303660347393,BOTSWANA_CENTRAL_MAHALAPYE_PALLA ROAD/DINOKWE,26.77659555732254,-23.360515846147123,Botswana,IND,NOx
0224,9.620556045064607,BOTSWANA_CENTRAL_MAHALAPYE_PILIKWE,27.12830992169561,-22.797803953113785,Botswana,IND,NOx
0225,0,BOTSWANA_CENTRAL_MAHALAPYE_POLOKA,26.288048197015442,-23.601986580637178,Botswana,IND,NOx
0226,7.366135064208772,BOTSWANA_CENTRAL_MAHALAPYE_RAMOKGONAMI,27.427775976491716,-22.856906588140728,Botswana,IND,NOx
0227,0.5822085645263011,BOTSWANA_CENTRAL_MAHALAPYE_SEFHARE,27.497480197007754,-23.01846757513452,Botswana,IND,NOx
0228,12.077467002653838,BOTSWANA_CENTRAL_MAHALAPYE_SELEKA,27.541179586978274,-22.862211127370156,Botswana,IND,NOx
0229,0,BOTSWANA_CENTRAL_MAHALAPYE_SHAKWE,27.285868545141952,-23.098563338666022,Botswana,IND,NOx
0230,45.84171563745795,BOTSWANA_CENTRAL_MAHALAPYE_SHOSHONG,26.387666419486898,-23.28181618855284,Botswana,IND,NOx
0231,0,BOTSWANA_CENTRAL_MAHALAPYE_TAUPYE,27.086389543341017,-23.181122303718336,Botswana,IND,NOx
0232,0.01980534151809378,BOTSWANA_CENTRAL_MAHALAPYE_TEWANE,26.8808106284804,-22.855065985054686,Botswana,IND,NOx
0233,32.488526745902895,BOTSWANA_CENTRAL_MAHALAPYE_TULI,27.376483753636418,-23.358300442845334,Botswana,IND,NOx
0234,29.834019418265576,BOTSWANA_CENTRAL_MAHALAPYE_TUMASERA,27.625135322324592,-22.873322197159712,Botswana,IND,NOx
0235,0,BOTSWANA_CENTRAL_SEROWE PALAPYE_DILORO,27.615763781482226,-22.42069872982587,Botswana,IND,NOx
0236,0,BOTSWANA_CENTRAL_SEROWE PALAPYE_DIMAJWE,26.75499325012916,-21.701835892951095,Botswana,IND,NOx
0237,0,BOTSWANA_CENTRAL_SEROWE PALAPYE_GAMABUO,26.34887363421504,-22.621942368691556,Botswana,IND,NOx
0238,0,BOTSWANA_CENTRAL_SEROWE PALAPYE_GOJWANE,27.274583799149916,-21.783314177365938,Botswana,IND,NOx
0239,0,BOTSWANA_CENTRAL_SEROWE PALAPYE_GOO-SEKGWENG,27.378852556607093,-22.684458968010347,Botswana,IND,NOx
0240,0,BOTSWANA_CENTRAL_SEROWE PALAPYE_GOOTAU,27.424470969841263,-22.695172167140004,Botswana,IND,NOx
0241,0,BOTSWANA_CENTRAL_SEROWE PALAPYE_KGAGODI,27.50339317555218,-22.29477672423486,Botswana,IND,NOx
0242,1.6661479989271895,BOTSWANA_CENTRAL_SEROWE PALAPYE_LECHENG,27.185275817151037,-22.673190570584637,Botswana,IND,NOx
0243,1.7597766864281406,BOTSWANA_CENTRAL_SEROWE PALAPYE_LERALA,27.844813325817267,-22.74868745754991,Botswana,IND,NOx
0244,0,BOTSWANA_CENTRAL_SEROWE PALAPYE_LESENEPOLE/MATOLWANE,27.57647005773152,-22.540521067100062,Botswana,IND,NOx
0245,0,BOTSWANA_CENTRAL_SEROWE PALAPYE_MABELEAPUDI,26.825166966464483,-22.128040644255414,Botswana,IND,NOx
0246,0,BOTSWANA_CENTRAL_SEROWE PALAPYE_MAJWANAADIPITSE,27.005264767504467,-21.94020945810498,Botswana,IND,NOx
0247,0,BOTSWANA_CENTRAL_SEROWE PALAPYE_MAJWANENG,27.649493814512812,-22.75586221108769,Botswana,IND,NOx
0248,11.664892328609888,BOTSWANA_CENTRAL_SEROWE PALAPYE_MALAKA,27.34590226161426,-22.592437093749382,Botswana,IND,NOx
0249,19.131040480646014,BOTSWANA_CENTRAL_SEROWE PALAPYE_MALATSWAI,26.22277867959262,-21.857375536824936,Botswana,IND,NOx
0250,0,BOTSWANA_CENTRAL_SEROWE PALAPYE_MANALEDI,27.5051048457668,-22.739538071182494,Botswana,IND,NOx
0251,0,BOTSWANA_CENTRAL_SEROWE PALAPYE_MATLHAKOLA,27.317001132592853,-22.71429972506726,Botswana,IND,NOx
0252,0.7133488519345687,BOTSWANA_CENTRAL_SEROWE PALAPYE_MAUNATLALA,27.815623496542926,-22.549960915979852,Botswana,IND,NOx
0253,0,BOTSWANA_CENTRAL_SEROWE PALAPYE_MMASHORO,26.545528327992464,-21.913528088466634,Botswana,IND,NOx
0254,0,BOTSWANA_CENTRAL_SEROWE PALAPYE_MOENG,27.61182691600207,-22.684247954870994,Botswana,IND,NOx
0255,0,BOTSWANA_CENTRAL_SEROWE PALAPYE_MOGAPI,27.90355332352727,-22.400536057043198,Botswana,IND,NOx
0256,0,BOTSWANA_CENTRAL_SEROWE PALAPYE_MOGAPINYANA,27.656777003289175,-22.30921854076872,Botswana,IND,NOx
0257,0,BOTSWANA_CENTRAL_SEROWE PALAPYE_MOGOME,26.8788884869847,-22.780246290758782,Botswana,IND,NOx
0258,0.30874559877412167,BOTSWANA_CENTRAL_SEROWE PALAPYE_MOGOROSI,26.50681705808967,-22.435754433322103,Botswana,IND,NOx
0259,0,BOTSWANA_CENTRAL_SEROWE PALAPYE_MOIYABANA,25.735420719204132,-22.568416950895624,Botswana,IND,NOx
0260,0,BOTSWANA_CENTRAL_SEROWE PALAPYE_MOKGWARE,26.78655204288414,-22.77384105120242,Botswana,IND,NOx
0261,0.031545559733029395,BOTSWANA_CENTRAL_SEROWE PALAPYE_MOKHUNGWANA,27.306318999794403,-22.66250272126858,Botswana,IND,NOx
0262,5.410947117650885,BOTSWANA_CENTRAL_SEROWE PALAPYE_MOKOKWANA,27.68970066181251,-22.615814171525756,Botswana,IND,NOx
0263,0,BOTSWANA_CENTRAL_SEROWE PALAPYE_MOREMI,27.48231653767836,-22.53631545317506,Botswana,IND,NOx
0264,0,BOTSWANA_CENTRAL_SEROWE PALAPYE_MOREOMABELE,27.19509262463396,-21.997866632985815,Botswana,IND,NOx
0265,0,BOTSWANA_CENTRAL_SEROWE PALAPYE_MOSWEU,27.643842814290796,-22.648861924159835,Botswana,IND,NOx
0266,0,BOTSWANA_CENTRAL_SEROWE PALAPYE_MOTSHEGALETAU,26.39728909838941,-22.561009612981003,Botswana,IND,NOx
0267,0,BOTSWANA_CENTRAL_SEROWE PALAPYE_PAJE,26.816328935481604,-22.26070768401234,Botswana,IND,NOx
0268,79.1237330204079,BOTSWANA_CENTRAL_SEROWE PALAPYE_PALAPYE,27.16786344665423,-22.55497413257865,Botswana,IND,NOx
0269,0,BOTSWANA_CENTRAL_SEROWE PALAPYE_RADISELE,26.988408471288807,-22.81090444695215,Botswana,IND,NOx
0270,0,BOTSWANA_CENTRAL_SEROWE PALAPYE_RATHOLO,27.53938699821314,-22.68681419937455,Botswana,IND,NOx
0271,0,BOTSWANA_CENTRAL_SEROWE PALAPYE_SEHUNOU,26.385003835935297,-22.59514869100243,Botswana,IND,NOx
0272,41.394487115215455,BOTSWANA_CENTRAL_SEROWE PALAPYE_SEOLWANE,27.762620325390287,-22.666448768729584,Botswana,IND,NOx
0273,117.77704899186504,BOTSWANA_CENTRAL_SEROWE PALAPYE_SEROWE,26.50285991859318,-21.991307902066985,Botswana,IND,NOx
0274,0.06580401445792479,BOTSWANA_CENTRAL_SEROWE PALAPYE_SERULE,27.237798390462725,-21.890009585678992,Botswana,IND,NOx
0275,0,BOTSWANA_CENTRAL_SEROWE PALAPYE_TAMASANE,27.396841887713986,-22.3814578521284,Botswana,IND,NOx
0276,0,BOTSWANA_CENTRAL_SEROWE PALAPYE_THABALA,26.421061666211095,-22.511119340536165,Botswana,IND,NOx
0277,9.350084393019024,BOTSWANA_CENTRAL_SEROWE PALAPYE_TOPISI,27.22337506343467,-22.227424247307294,Botswana,IND,NOx
0278,0,BOTSWANA_CENTRAL_SEROWE PALAPYE_TSHIMOYAPULA,27.019142014452218,-22.119432295799754,Botswana,IND,NOx
0279,0,BOTSWANA_CENTRAL_SEROWE PALAPYE_TULI,28.061256491221307,-22.727203098241798,Botswana,IND,NOx
0280,0.3259674530418796,BOTSWANA_CENTRAL_TUTUME_BOROLONG,27.32637665560921,-21.091395459266185,Botswana,IND,NOx
0281,0.1577152636109528,BOTSWANA_CENTRAL_TUTUME_BOROTSI,27.251654267811457,-21.026993493948527,Botswana,IND,NOx
0282,0.4726008781532816,BOTSWANA_CENTRAL_TUTUME_CHADIBE,27.342256409557447,-21.066229746391034,Botswana,IND,NOx
0283,0.0022455088720246003,BOTSWANA_CENTRAL_TUTUME_CHANGATE,27.246529169011538,-20.323681695475976,Botswana,IND,NOx
0284,0.11112304189272879,BOTSWANA_CENTRAL_TUTUME_DAGWI,27.24543111493109,-20.205531255072483,Botswana,IND,NOx
0285,3.549131117501792,BOTSWANA_CENTRAL_TUTUME_DUKWI,26.284620970093016,-20.67546283807841,Botswana,IND,NOx
0286,0,BOTSWANA_CENTRAL_TUTUME_GOSHWE,27.21557874997618,-20.535609785786193,Botswana,IND,NOx
0287,53.70938933047589,BOTSWANA_CENTRAL_TUTUME_GWETA,25.591976234675478,-19.905319536886395,Botswana,IND,NOx
0288,0,BOTSWANA_CENTRAL_TUTUME_JAMATAKA,27.15547496011975,-21.068951470145485,Botswana,IND,NOx
0289,0,BOTSWANA_CENTRAL_TUTUME_KUTAMOGREE,26.880512190693914,-20.75110495387822,Botswana,IND,NOx
0290,17.358412221646827,BOTSWANA_CENTRAL_TUTUME_LEPASHE,26.66685337113433,-20.812417757916798,Botswana,IND,NOx
0291,0,BOTSWANA_CENTRAL_TUTUME_MABESEKWA,26.832739428334428,-21.176734877732674,Botswana,IND,NOx
0292,0.002534423884461823,BOTSWANA_CENTRAL_TUTUME_MAFONGO/HOBONA,27.235943246400137,-20.94573521021701,Botswana,IND,NOx
0293,0.35523839509634275,BOTSWANA_CENTRAL_TUTUME_MAITENGWE,27.011808968202775,-20.116667928999114,Botswana,IND,NOx
0294,0,BOTSWANA_CENTRAL_TUTUME_MAKOBO,27.107677079222814,-21.02576555193948,Botswana,IND,NOx
0295,0.22603006874475762,BOTSWANA_CENTRAL_TUTUME_MAKUTA,26.936411463806042,-20.611020613663403,Botswana,IND,NOx
0296,0.0843234346781684,BOTSWANA_CENTRAL_TUTUME_MANDUNYANE,27.164838306199922,-21.29997484522961,Botswana,IND,NOx
0297,0.31406007797619806,BOTSWANA_CENTRAL_TUTUME_MAPOSA,26.227831043889193,-20.105672557073913,Botswana,IND,NOx
0298,0,BOTSWANA_CENTRAL_TUTUME_MARAPONG,27.060904032209528,-20.875646900092942,Botswana,IND,NOx
0299,0.014280733278645782,BOTSWANA_CENTRAL_TUTUME_MAROBELA,27.22684904528886,-20.86226718353111,Botswana,IND,NOx
0300,0.9376443604407161,BOTSWANA_CENTRAL_TUTUME_MATHANGWANE,27.301597561179328,-20.96526881266621,Botswana,IND,NOx
0301,0.4413335275354198,BOTSWANA_CENTRAL_TUTUME_MATOBO,27.07410815569497,-20.55396589314004,Botswana,IND,NOx
0302,23.338718888495123,BOTSWANA_CENTRAL_TUTUME_MATSITAMA,26.795600326944548,-20.91574597947195,Botswana,IND,NOx
0303,0,BOTSWANA_CENTRAL_TUTUME_MMANXOTAE,26.39231628230285,-20.11189737769122,Botswana,IND,NOx
0304,8.624663172241968,BOTSWANA_CENTRAL_TUTUME_MMEYA,26.45632418802842,-20.83403038639063,Botswana,IND,NOx
0305,0,BOTSWANA_CENTRAL_TUTUME_MOKUBILO,26.522301620359478,-21.211068795354347,Botswana,IND,NOx
0306,0.4065946519498518,BOTSWANA_CENTRAL_TUTUME_MOSETSE,26.717225408615494,-20.61414488681695,Botswana,IND,NOx
0307,10.662085885669859,BOTSWANA_CENTRAL_TUTUME_NATA,26.421106250465357,-20.364015464327988,Botswana,IND,NOx
0308,0.05272011701672651,BOTSWANA_CENTRAL_TUTUME_NATALE,27.13819661363051,-21.12190933916731,Botswana,IND,NOx
0309,0,BOTSWANA_CENTRAL_TUTUME_NKANGE,27.150899768186317,-20.292280125711056,Botswana,IND,NOx
0310,0.0011643885884106441,BOTSWANA_CENTRAL_TUTUME_NSHAKASHOKWE,27.19448164625436,-20.800715019251136,Botswana,IND,NOx
0311,0.025211280463734054,BOTSWANA_CENTRAL_TUTUME_NSWAZWI,27.11079707796551,-20.717051379328918,Botswana,IND,NOx
0312,0.012095908670346949,BOTSWANA_CENTRAL_TUTUME_SEBINA,27.212125328697905,-20.8229088309246,Botswana,IND,NOx
0313,0.012208466283442606,BOTSWANA_CENTRAL_TUTUME_SEMITWE,27.057568754807466,-20.9304846145358,Botswana,IND,NOx
0314,0.1705541535190638,BOTSWANA_CENTRAL_TUTUME_SENETE,27.061521930586494,-20.338940466599496,Botswana,IND,NOx
0315,0.0015779365470661255,BOTSWANA_CENTRAL_TUTUME_SEPAKO,26.42176865500974,-19.91292710159379,Botswana,IND,NOx
0316,0.560148580049548,BOTSWANA_CENTRAL_TUTUME_SHASHE-MOOKE,27.294622390104607,-21.200689259821715,Botswana,IND,NOx
0317,0.2702029842233546,BOTSWANA_CENTRAL_TUTUME_SHASHE/SEMOTSWANE,27.353975033981698,-21.4004850680266,Botswana,IND,NOx
0318,0,BOTSWANA_CENTRAL_TUTUME_TONOTA,27.390007578405545,-21.56581687363627,Botswana,IND,NOx
0319,0.005573730100683692,BOTSWANA_CENTRAL_TUTUME_TSHOKATSHAA,25.411457316681155,-20.073274987651395,Botswana,IND,NOx
0320,1.7240870328056683,BOTSWANA_CENTRAL_TUTUME_TUTUME,26.93343318392142,-20.358110222677443,Botswana,IND,NOx
0321,2.6752155812096157,BOTSWANA_CENTRAL_TUTUME_ZOROGA,25.931132083826565,-20.225947339100205,Botswana,IND,NOx
0322,0.2853444631388216,BOTSWANA_CHOBE_CHOBE_KACHIKAU,24.593403269312077,-18.19955337118612,Botswana,IND,NOx
0323,1.578621225071484,BOTSWANA_CHOBE_CHOBE_KASANE,25.053605518831368,-17.95621200218165,Botswana,IND,NOx
0324,0.08556267367903445,BOTSWANA_CHOBE_CHOBE_KATABA,24.208556915615702,-18.516556039211913,Botswana,IND,NOx
0325,0.18008092202047774,BOTSWANA_CHOBE_CHOBE_KAVIMBA,24.673787397731,-18.131513519062572,Botswana,IND,NOx
0326,1.40888900668527,BOTSWANA_CHOBE_CHOBE_KAZUNGULA,25.239551399880288,-17.81715309318576,Botswana,IND,NOx
0327,0.052468080056846625,BOTSWANA_CHOBE_CHOBE_LESOMA,25.22616409411994,-17.924922498851625,Botswana,IND,NOx
0328,0.23039279384971043,BOTSWANA_CHOBE_CHOBE_MUCHINJE/MABELE,24.80594102179805,-18.000000788213598,Botswana,IND,NOx
0329,0.9807744337174442,BOTSWANA_CHOBE_CHOBE_NUMBER SEVEN,25.091530617419757,-18.628521496100262,Botswana,IND,NOx
0330,0,BOTSWANA_CHOBE_CHOBE_PANDAMATENGA,25.62991931175742,-18.55507084642917,Botswana,IND,NOx
0331,0.4781923973891998,BOTSWANA_CHOBE_CHOBE_PARAKARUNGU,24.3003425097673,-18.078920152986736,Botswana,IND,NOx
0332,0.08650566080721495,BOTSWANA_CHOBE_CHOBE_SATAU,24.4229631549193,-18.021010667013208,Botswana,IND,NOx
0333,53.189516702970124,BOTSWANA_GABORONE_GABORONE_GABORONE,25.88095190745218,-24.686452843134287,Botswana,IND,NOx
0334,147.8173375029727,BOTSWANA_GHANZI_CENTRAL KGALAGADI GAME RESERVE_CENTRAL KGALAGADI GAME RESERVE,23.84354631529824,-22.32227292696922,Botswana,IND,NOx
0335,0,BOTSWANA_GHANZI_GHANZI_B. VISSER,22.55838233704724,-21.32992655115972,Botswana,IND,NOx
0336,0,BOTSWANA_GHANZI_GHANZI_BERE,21.79557213181817,-22.740271290335002,Botswana,IND,NOx
0337,0.8142758052709897,BOTSWANA_GHANZI_GHANZI_CHARLES HILL,20.07849051397565,-22.30448292484571,Botswana,IND,NOx
0338,0,BOTSWANA_GHANZI_GHANZI_CHARLES SHELDON,22.10987199508711,-21.572165997131027,Botswana,IND,NOx
0339,0,BOTSWANA_GHANZI_GHANZI_CHOBOKWANE,21.24948179474576,-22.480947513304624,Botswana,IND,NOx
0340,0.13933062876000996,BOTSWANA_GHANZI_GHANZI_DECT ETIN,21.87694726048196,-21.572322965589386,Botswana,IND,NOx
0341,0,BOTSWANA_GHANZI_GHANZI_DEKAR,22.065436232878568,-21.366520787607246,Botswana,IND,NOx
0342,0.3560290779951007,BOTSWANA_GHANZI_GHANZI_EAST HANAHAI,22.296004965831617,-22.138606212752848,Botswana,IND,NOx
0343,4.0515452117592226,BOTSWANA_GHANZI_GHANZI_GHANZI,21.636172818729325,-21.69600936266415,Botswana,IND,NOx
0344,2.289400582811541,BOTSWANA_GHANZI_GHANZI_GROOTE LAAGTE,21.349883074115542,-21.38859908504291,Botswana,IND,NOx
0345,1.3350290557348803,BOTSWANA_GHANZI_GHANZI_HANS METZLER,20.164337868142784,-22.12061746486461,Botswana,IND,NOx
0346,0,BOTSWANA_GHANZI_GHANZI_J. RANSALL,20.422333298998613,-22.140780374743333,Botswana,IND,NOx
0347,0,BOTSWANA_GHANZI_GHANZI_JANKI JANKI,21.346606317490824,-23.123137224643713,Botswana,IND,NOx
0348,0,BOTSWANA_GHANZI_GHANZI_JERUNG,22.462289483631174,-21.771073127188487,Botswana,IND,NOx
0349,0.1655431594990072,BOTSWANA_GHANZI_GHANZI_JOHN FARM,22.325500764273656,-21.113654988029502,Botswana,IND,NOx
0350,0.19786227941056356,BOTSWANA_GHANZI_GHANZI_KACGAE,22.25670639051408,-22.78108355380457,Botswana,IND,NOx
0351,0.14754050060598065,BOTSWANA_GHANZI_GHANZI_KARAKOBIS,20.69787418591688,-22.076318449477853,Botswana,IND,NOx
0352,0,BOTSWANA_GHANZI_GHANZI_KULE,20.25485884411168,-22.82990220520822,Botswana,IND,NOx
0353,0,BOTSWANA_GHANZI_GHANZI_MAGONO MAGONO,20.74295662591417,-23.122989899939387,Botswana,IND,NOx
0354,0,BOTSWANA_GHANZI_GHANZI_MAKUNDA,20.356137474087205,-22.403140017753746,Botswana,IND,NOx
0355,0.5463893036774562,BOTSWANA_GHANZI_GHANZI_MASIRE'S FARM,21.364735361374258,-21.90738889293877,Botswana,IND,NOx
0356,0,BOTSWANA_GHANZI_GHANZI_NCOJANE,20.259249043024266,-23.18993344999315,Botswana,IND,NOx
0357,0.17491542638464652,BOTSWANA_GHANZI_GHANZI_NEW XADE,22.47638609723249,-22.059709596306462,Botswana,IND,NOx
0358,0.21180893527369982,BOTSWANA_GHANZI_GHANZI_NEW XANAGAS,20.800274167066778,-22.572525810989912,Botswana,IND,NOx
0359,0,BOTSWANA_GHANZI_GHANZI_QABO,21.72658991626723,-21.05161346564646,Botswana,IND,NOx
0360,0.07813799894022609,BOTSWANA_GHANZI_GHANZI_TSOOTSHA,20.91109497610415,-22.075747207834585,Botswana,IND,NOx
0361,0,BOTSWANA_GHANZI_GHANZI_WEST HANAHAI,21.65082272869238,-22.135855131778566,Botswana,IND,NOx
0362,0.22795040973783443,BOTSWANA_JWANENG_JWANENG_JWANENG,24.757853176422884,-24.58932918017088,Botswana,IND,NOx
0363,0.41753044058693267,BOTSWANA_KGALAGADI_KGALAGADI NORTH_HUKUNTSI,21.663906534181816,-23.998763591814352,Botswana,IND,NOx
0364,0,BOTSWANA_KGALAGADI_KGALAGADI NORTH_HUNHUKWE,21.77076341928267,-23.455768999361656,Botswana,IND,NOx
0365,0.07891067090430443,BOTSWANA_KGALAGADI_KGALAGADI NORTH_INALEGOLO,22.658513508974664,-24.45585560542118,Botswana,IND,NOx
0366,3.7706798076455144,BOTSWANA_KGALAGADI_KGALAGADI NORTH_KANG,22.631383747199003,-23.529403386876705,Botswana,IND,NOx
0367,0.021438349972173983,BOTSWANA_KGALAGADI_KGALAGADI NORTH_LEHUTUTU,22.00790879280739,-23.84360826239536,Botswana,IND,NOx
0368,0.17093098218201852,BOTSWANA_KGALAGADI_KGALAGADI NORTH_LOKGWABE,21.7851453687414,-24.07867771129318,Botswana,IND,NOx
0369,0,BOTSWANA_KGALAGADI_KGALAGADI NORTH_MAKE,21.994205625425362,-23.680770428270183,Botswana,IND,NOx
0370,0.025850423450153082,BOTSWANA_KGALAGADI_KGALAGADI NORTH_MONONG,21.544688834846603,-23.73920927317219,Botswana,IND,NOx
0371,0,BOTSWANA_KGALAGADI_KGALAGADI NORTH_NCAANG,21.1223824590204,-23.44041697965504,Botswana,IND,NOx
0372,0,BOTSWANA_KGALAGADI_KGALAGADI NORTH_NGWATLE,21.117355141120534,-23.647886311201248,Botswana,IND,NOx
0373,0.06752442335205724,BOTSWANA_KGALAGADI_KGALAGADI NORTH_PHUDUHUDU,22.580063911251433,-23.93036127904691,Botswana,IND,NOx
0374,0.08129598843373032,BOTSWANA_KGALAGADI_KGALAGADI NORTH_TSHANE,22.009218648598967,-23.97480857848694,Botswana,IND,NOx
0375,0,BOTSWANA_KGALAGADI_KGALAGADI NORTH_UKWI,20.54965855676176,-23.64224465777984,Botswana,IND,NOx
0376,0.11763285920384475,BOTSWANA_KGALAGADI_KGALAGADI NORTH_ZUTSWA,21.06879673283048,-24.378159867529472,Botswana,IND,NOx
0377,0,BOTSWANA_KGALAGADI_KGALAGADI SOUTH_BOGOGOBO,21.939941061820672,-26.643776855439175,Botswana,IND,NOx
0378,0,BOTSWANA_KGALAGADI_KGALAGADI SOUTH_BOKSPITS,21.314513491670507,-25.52305062333103,Botswana,IND,NOx
0379,1.146233212125945,BOTSWANA_KGALAGADI_KGALAGADI SOUTH_BRAY,23.752155151918004,-25.314612046817558,Botswana,IND,NOx
0380,0,BOTSWANA_KGALAGADI_KGALAGADI SOUTH_GACHIBANA,21.318615947145076,-26.76135876855932,Botswana,IND,NOx
0381,0,BOTSWANA_KGALAGADI_KGALAGADI SOUTH_KHISA,22.627311790636153,-25.661301014142644,Botswana,IND,NOx
0382,0,BOTSWANA_KGALAGADI_KGALAGADI SOUTH_KHUIS,21.778745594602643,-26.61621321259511,Botswana,IND,NOx
0383,0,BOTSWANA_KGALAGADI_KGALAGADI SOUTH_KHWAWA,21.536389504618732,-26.33146231350371,Botswana,IND,NOx
0384,0,BOTSWANA_KGALAGADI_KGALAGADI SOUTH_KOKOTSHA,23.282665786747692,-24.952596354252385,Botswana,IND,NOx
0385,0,BOTSWANA_KGALAGADI_KGALAGADI SOUTH_KOLONKWANE,21.998886440804885,-26.46695305601831,Botswana,IND,NOx
0386,0,BOTSWANA_KGALAGADI_KGALAGADI SOUTH_MAKOPONG,23.00557554126552,-25.279785016029198,Botswana,IND,NOx
0387,0,BOTSWANA_KGALAGADI_KGALAGADI SOUTH_MALESHE,22.578885408820124,-25.861705230970156,Botswana,IND,NOx
0388,0,BOTSWANA_KGALAGADI_KGALAGADI SOUTH_MARALALENG,22.68707487230088,-25.784682276497044,Botswana,IND,NOx
0389,0.0022766962122025202,BOTSWANA_KGALAGADI_KGALAGADI SOUTH_MAUBELO,22.38337590834033,-25.32060395255863,Botswana,IND,NOx
0390,0,BOTSWANA_KGALAGADI_KGALAGADI SOUTH_MIDDLEPITS,21.88965522829646,-26.64510622003729,Botswana,IND,NOx
0391,0.6551615118726511,BOTSWANA_KGALAGADI_KGALAGADI SOUTH_MOLOPO FARMS,23.901539179894392,-25.218667431791786,Botswana,IND,NOx
0392,0,BOTSWANA_KGALAGADI_KGALAGADI SOUTH_OMAWENENO,22.58460683893281,-25.787109823452095,Botswana,IND,NOx
0393,0,BOTSWANA_KGALAGADI_KGALAGADI SOUTH_PHEPHENG/DRAAIHOEK,22.78105010135853,-25.353110330504997,Botswana,IND,NOx
0394,0,BOTSWANA_KGALAGADI_KGALAGADI SOUTH_RAPPLES PAN,21.008575646663,-26.638159980643096,Botswana,IND,NOx
0395,0,BOTSWANA_KGALAGADI_KGALAGADI SOUTH_STRUIZENDAM,20.634736317115014,-26.674011578479416,Botswana,IND,NOx
0396,4.2769893108708015,BOTSWANA_KGALAGADI_KGALAGADI SOUTH_TSABONG,22.533675678870342,-26.03261068358875,Botswana,IND,NOx
0397,0,BOTSWANA_KGALAGADI_KGALAGADI SOUTH_VAALHOEK,20.899174768893236,-26.63085165782585,Botswana,IND,NOx
0398,6.757243693472052,BOTSWANA_KGALAGADI_KGALAGADI SOUTH_WERDA,23.074307700309763,-25.079935228446647,Botswana,IND,NOx
0399,0,BOTSWANA_KGATLENG_KGATLENG_ARTISIA,26.329598045283216,-24.01646307301413,Botswana,IND,NOx
0400,2.6306230090587994,BOTSWANA_KGATLENG_KGATLENG_BOKAA,25.97195065976654,-24.450230086407068,Botswana,IND,NOx
0401,0,BOTSWANA_KGATLENG_KGATLENG_DIKGONNYE,26.029703255813914,-24.096171191247226,Botswana,IND,NOx
0402,0,BOTSWANA_KGATLENG_KGATLENG_DIKWIDIDI,26.17999949757091,-24.55666835671585,Botswana,IND,NOx
0403,40.31853672202973,BOTSWANA_KGATLENG_KGATLENG_KGOMODIATSHABA,26.269863148495805,-23.959055603855354,Botswana,IND,NOx
0404,0,BOTSWANA_KGATLENG_KGATLENG_KHURUTSHE,26.132859344771337,-23.690545327799267,Botswana,IND,NOx
0405,0,BOTSWANA_KGATLENG_KGATLENG_LESHIBITSE,26.406165055796965,-23.83651089330935,Botswana,IND,NOx
0406,0,BOTSWANA_KGATLENG_KGATLENG_MABALANE,26.28893676301754,-24.621655976454754,Botswana,IND,NOx
0407,0,BOTSWANA_KGATLENG_KGATLENG_MALOLWANE,26.430380010494872,-24.457842437404707,Botswana,IND,NOx
0408,1.5926612707284942,BOTSWANA_KGATLENG_KGATLENG_MALOTWANA SIDING,26.151012846299633,-24.29179457997145,Botswana,IND,NOx
0409,0.46570362874473664,BOTSWANA_KGATLENG_KGATLENG_MATEBELENG,26.04953135972325,-24.525143676862136,Botswana,IND,NOx
0410,0.021496173142963194,BOTSWANA_KGATLENG_KGATLENG_MMATHUBUDUKWANE,26.402194016452356,-24.58953432239364,Botswana,IND,NOx
0411,7.85726856641864,BOTSWANA_KGATLENG_KGATLENG_MOCHUDI,26.47677571716603,-24.23454264974918,Botswana,IND,NOx
0412,0,BOTSWANA_KGATLENG_KGATLENG_MODIPANE,26.172106866832117,-24.61311568769224,Botswana,IND,NOx
0413,2.8781305660924317,BOTSWANA_KGATLENG_KGATLENG_MORWA,26.089564160859158,-24.467876815246445,Botswana,IND,NOx
0414,0,BOTSWANA_KGATLENG_KGATLENG_OLIPHANTS DRIFT,26.833613302849894,-24.18652011472838,Botswana,IND,NOx
0415,0.3461367642763713,BOTSWANA_KGATLENG_KGATLENG_OODI,26.09229785618965,-24.566777150464368,Botswana,IND,NOx
0416,1.0271470325207508,BOTSWANA_KGATLENG_KGATLENG_PILANE STATION,26.10483646643129,-24.415535218505003,Botswana,IND,NOx
0417,5.608751513193588e-4,BOTSWANA_KGATLENG_KGATLENG_RAMONAKA,26.446902425513134,-24.542320856771433,Botswana,IND,NOx
0418,0.05009181072575898,BOTSWANA_KGATLENG_KGATLENG_RAMOTLABAKI,26.871752159032944,-23.894065124338375,Botswana,IND,NOx
0419,3.564104783144532,BOTSWANA_KGATLENG_KGATLENG_RASESA,26.029082284030856,-24.334812008927873,Botswana,IND,NOx
0420,0.010016649092789803,BOTSWANA_KGATLENG_KGATLENG_SIKWANE,26.40976832130963,-24.631382480577347,Botswana,IND,NOx
0421,0.9264133023003603,BOTSWANA_KWENENG_KWENENG EAST_BDF MOGODITSHANE,25.866597567365684,-24.60177989688917,Botswana,IND,NOx
0422,0,BOTSWANA_KWENENG_KWENENG EAST_BOATLANAME,25.90698626304365,-23.603697827888347,Botswana,IND,NOx
0423,0.18981248987229996,BOTSWANA_KWENENG_KWENENG EAST_DIKGATLHONG,25.890773108192004,-24.22990108004598,Botswana,IND,NOx
0424,0.682177513592072,BOTSWANA_KWENENG_KWENENG EAST_DITSHUKUDU,25.79018424903999,-24.31657903586985,Botswana,IND,NOx
0425,5.590287133976709,BOTSWANA_KWENENG_KWENENG EAST_GABANE,25.724856086362443,-24.625622432889752,Botswana,IND,NOx
0426,0,BOTSWANA_KWENENG_KWENENG EAST_GAKGATLA,25.558388738489484,-24.555893651556392,Botswana,IND,NOx
0427,3.2064392563529203,BOTSWANA_KWENENG_KWENENG EAST_GAKUTLO,25.795893008492364,-24.485500847618265,Botswana,IND,NOx
0428,0,BOTSWANA_KWENENG_KWENENG EAST_GAMODUBU,25.71707045103724,-24.50745373492028,Botswana,IND,NOx
0429,0.1002116372624135,BOTSWANA_KWENENG_KWENENG EAST_HATSALATLADI,25.655128743903163,-24.053036283307804,Botswana,IND,NOx
0430,0.33637147956398766,BOTSWANA_KWENENG_KWENENG EAST_KGOPE,25.90730765578967,-24.309697924278826,Botswana,IND,NOx
0431,2.1403412614877397,BOTSWANA_KWENENG_KWENENG EAST_KOPONG,25.870465764300775,-24.444158127481042,Botswana,IND,NOx
0432,0,BOTSWANA_KWENENG_KWENENG EAST_KUBUNG,25.360366076259005,-24.614971635386656,Botswana,IND,NOx
0433,3.2029264534065964,BOTSWANA_KWENENG_KWENENG EAST_KUMAKWANE,25.672697196778568,-24.673575670712168,Botswana,IND,NOx
0434,9.154961206029466,BOTSWANA_KWENENG_KWENENG EAST_KWENENG,25.828354177294415,-23.852566021088684,Botswana,IND,NOx
0435,1.6838630568969233,BOTSWANA_KWENENG_KWENENG EAST_LENTSWELETAU,25.870136138465416,-24.167826671475748,Botswana,IND,NOx
0436,0.42862450988095024,BOTSWANA_KWENENG_KWENENG EAST_LEOLOGANE,25.64433800339369,-23.434433772014575,Botswana,IND,NOx
0437,0.1799541783894145,BOTSWANA_KWENENG_KWENENG EAST_LEPHEPHE,25.894174284633333,-23.40765559827626,Botswana,IND,NOx
0438,0,BOTSWANA_KWENENG_KWENENG EAST_LOSILAKGOKONG,25.34988894663335,-24.571135771940597,Botswana,IND,NOx
0439,4.3464222505961265,BOTSWANA_KWENENG_KWENENG EAST_MAHETLWE,25.665185137212088,-24.23905297400607,Botswana,IND,NOx
0440,0,BOTSWANA_KWENENG_KWENENG EAST_MEDIE,25.874565240962703,-24.031116366980243,Botswana,IND,NOx
0441,7.744092238506805,BOTSWANA_KWENENG_KWENENG EAST_METSIMOTLHABE,25.814813747961594,-24.57843758628985,Botswana,IND,NOx
0442,51.55854645758898,BOTSWANA_KWENENG_KWENENG EAST_MMANKGODI,25.623117562536567,-24.72944762315122,Botswana,IND,NOx
0443,0.37652669931674465,BOTSWANA_KWENENG_KWENENG EAST_MMANOKO,25.64934009640395,-24.42250311648915,Botswana,IND,NOx
0444,1.2802665496126087,BOTSWANA_KWENENG_KWENENG EAST_MMATSETA,25.85895904561137,-24.512431056468085,Botswana,IND,NOx
0445,17.333712630621665,BOTSWANA_KWENENG_KWENENG EAST_MMOPANE,25.831916673401516,-24.543107056933852,Botswana,IND,NOx
0446,9.159307530602936,BOTSWANA_KWENENG_KWENENG EAST_MOGODITSHANE,25.85842184630358,-24.60738400491993,Botswana,IND,NOx
0447,0.294855847229962,BOTSWANA_KWENENG_KWENENG EAST_MOGONONO,25.577935957073354,-24.234385269062876,Botswana,IND,NOx
0448,0.6442539176430516,BOTSWANA_KWENENG_KWENENG EAST_MOKOLODI,25.81603234528639,-24.697241109077822,Botswana,IND,NOx
0449,27.019903874770602,BOTSWANA_KWENENG_KWENENG EAST_MOLEPOLOLE,25.5497055386965,-24.395542548425816,Botswana,IND,NOx
0450,12.600882311929938,BOTSWANA_KWENENG_KWENENG EAST_RAMAPHATLE,25.61446897045962,-24.70394371590776,Botswana,IND,NOx
0451,0.499699147310508,BOTSWANA_KWENENG_KWENENG EAST_SHADISHADI,25.6542773445706,-23.631687537826256,Botswana,IND,NOx
0452,1.137227841082465,BOTSWANA_KWENENG_KWENENG EAST_SOJWE,25.81060306743436,-23.447805731300946,Botswana,IND,NOx
0453,0.44257009784256257,BOTSWANA_KWENENG_KWENENG EAST_THAMAGA,25.512202536353346,-24.636709032733712,Botswana,IND,NOx
0454,7.27946981014148,BOTSWANA_KWENENG_KWENENG EAST_TLOANENG,25.718436819740113,-24.748830124610986,Botswana,IND,NOx
0455,0,BOTSWANA_KWENENG_KWENENG WEST_BOTLHAPATLOU,25.49433742402101,-23.950964377275472,Botswana,IND,NOx
0456,0,BOTSWANA_KWENENG_KWENENG WEST_DIPHUDUHUDU,25.361313831639055,-23.66424037279965,Botswana,IND,NOx
0457,0,BOTSWANA_KWENENG_KWENENG WEST_DITSHEGWANE,24.967494356636315,-24.325453739104706,Botswana,IND,NOx
0458,0,BOTSWANA_KWENENG_KWENENG WEST_DUTLWE,24.010209606049106,-24.0766543302552,Botswana,IND,NOx
0459,0,BOTSWANA_KWENENG_KWENENG WEST_KAUDWANE,24.659436878890112,-23.367661970601763,Botswana,IND,NOx
0460,0.10372462772373629,BOTSWANA_KWENENG_KWENENG WEST_KHUDUMELAPYE,25.170144578603114,-23.791371348563107,Botswana,IND,NOx
0461,0.5377477768459338,BOTSWANA_KWENENG_KWENENG WEST_KOTOLANAME,25.344981106952105,-24.426360101349005,Botswana,IND,NOx
0462,68.56157955245176,BOTSWANA_KWENENG_KWENENG WEST_LETLHAKENG,25.055504504543418,-24.07736578153483,Botswana,IND,NOx
0463,0.5110463274662876,BOTSWANA_KWENENG_KWENENG WEST_MABOANE,24.62981126929652,-24.01531720256432,Botswana,IND,NOx
0464,9.684536755913728e-4,BOTSWANA_KWENENG_KWENENG WEST_MALWELWE,25.388569305562967,-24.124123864830562,Botswana,IND,NOx
0465,0.022655423456823937,BOTSWANA_KWENENG_KWENENG WEST_MANTSHWABISI,25.20948564723073,-24.090430074502226,Botswana,IND,NOx
0466,0.03323843188832025,BOTSWANA_KWENENG_KWENENG WEST_MARATSHWANE,25.27943300340971,-24.00543002229499,Botswana,IND,NOx
0467,30.413492340255313,BOTSWANA_KWENENG_KWENENG WEST_METSIBOTLHOKO,24.88334535341407,-24.02100921043726,Botswana,IND,NOx
0468,0,BOTSWANA_KWENENG_KWENENG WEST_MONWANE,25.208167783087692,-24.31675483950471,Botswana,IND,NOx
0469,0,BOTSWANA_KWENENG_KWENENG WEST_MOSHAWENG,25.126758323030916,-24.50223959697767,Botswana,IND,NOx
0470,0,BOTSWANA_KWENENG_KWENENG WEST_MOTOKWE,23.393326314118752,-23.949217767767472,Botswana,IND,NOx
0471,0.20754028896871302,BOTSWANA_KWENENG_KWENENG WEST_NGWARE,25.472317051558928,-23.407189666362918,Botswana,IND,NOx
0472,48.775384460327935,BOTSWANA_KWENENG_KWENENG WEST_SALAJWE,24.700069233188845,-23.586968168257275,Botswana,IND,NOx
0473,0,BOTSWANA_KWENENG_KWENENG WEST_SERINANE,25.19951548113084,-24.18969812658127,Botswana,IND,NOx
0474,0,BOTSWANA_KWENENG_KWENENG WEST_SESUNG,24.920484389582054,-24.098764991625394,Botswana,IND,NOx
0475,0,BOTSWANA_KWENENG_KWENENG WEST_SORILATHOLO,25.06367528301778,-23.48111009752001,Botswana,IND,NOx
0476,0.01997963302922824,BOTSWANA_KWENENG_KWENENG WEST_TAKATOKWANE,24.333986142124967,-23.897263235861104,Botswana,IND,NOx
0477,0.17736154768193385,BOTSWANA_KWENENG_KWENENG WEST_THEBEPHATSHWA,25.33911813426609,-24.229770927348877,Botswana,IND,NOx
0478,0,BOTSWANA_KWENENG_KWENENG WEST_TSETSENG,23.346608409362428,-23.556625874898454,Botswana,IND,NOx
0479,0,BOTSWANA_KWENENG_KWENENG WEST_TSWAANE,23.844303310573697,-23.677953470418096,Botswana,IND,NOx
0480,5.331858880455587,BOTSWANA_LOBATSE_LOBATSE_LOBATSE,25.680222039240462,-25.21156716052995,Botswana,IND,NOx
0481,0,BOTSWANA_NORTH EAST_NORTH EAST_BOTALAOTE,27.23593919430158,-20.74011790617292,Botswana,IND,NOx
0482,0.023488239023810097,BOTSWANA_NORTH EAST_NORTH EAST_BUTALE,27.676071500645865,-20.656116388620305,Botswana,IND,NOx
0483,2.3447325980655838,BOTSWANA_NORTH EAST_NORTH EAST_DITLADI,27.593853189898606,-21.357392846398774,Botswana,IND,NOx
0484,0,BOTSWANA_NORTH EAST_NORTH EAST_GAMBULE,27.39900708699297,-20.563127167228444,Botswana,IND,NOx
0485,0.2606188838611882,BOTSWANA_NORTH EAST_NORTH EAST_GULUBANE,27.31358281638026,-20.901873558761327,Botswana,IND,NOx
0486,0.022418089435341564,BOTSWANA_NORTH EAST_NORTH EAST_GUNGWE,27.38271596277986,-20.484327285782342,Botswana,IND,NOx
0487,0.6391783460423183,BOTSWANA_NORTH EAST_NORTH EAST_HASKINS FARM,27.53856707842432,-20.942088468645853,Botswana,IND,NOx
0488,0.2940038483309331,BOTSWANA_NORTH EAST_NORTH EAST_JACKALAS 1,27.70190501415433,-20.551898920198756,Botswana,IND,NOx
0489,0.012932295115460554,BOTSWANA_NORTH EAST_NORTH EAST_JACKALAS 2,27.684263288454705,-20.943529822684937,Botswana,IND,NOx
0490,4.887743619608853,BOTSWANA_NORTH EAST_NORTH EAST_JOHANNES KACHEJOHN,27.416370017173527,-21.032990996945774,Botswana,IND,NOx
0491,0,BOTSWANA_NORTH EAST_NORTH EAST_KALAKAMATI,27.325085093746505,-20.616599567778596,Botswana,IND,NOx
0492,0,BOTSWANA_NORTH EAST_NORTH EAST_KGARI,27.62095491247424,-20.59772226024511,Botswana,IND,NOx
0493,0.7040757056607764,BOTSWANA_NORTH EAST_NORTH EAST_LETSHOLATHEBE,27.42289424926035,-20.718374886141437,Botswana,IND,NOx
0494,0.006159246169705952,BOTSWANA_NORTH EAST_NORTH EAST_MABUDZANE,27.65030964853915,-20.906207513366976,Botswana,IND,NOx
0495,0.013356499077425778,BOTSWANA_NORTH EAST_NORTH EAST_MAKALENG,27.285094240822392,-20.79040562603129,Botswana,IND,NOx
0496,0,BOTSWANA_NORTH EAST_NORTH EAST_MAMBO,27.339806500913884,-20.78191758239405,Botswana,IND,NOx
0497,0.024940437532333937,BOTSWANA_NORTH EAST_NORTH EAST_MAPOKA,27.583403081931646,-20.534321559571424,Botswana,IND,NOx
0498,0.014130513107951347,BOTSWANA_NORTH EAST_NORTH EAST_MASINGWANENG,27.31796380391279,-20.837868143226277,Botswana,IND,NOx
0499,0,BOTSWANA_NORTH EAST_NORTH EAST_MASUKWANE,27.54938882946871,-20.590964331617293,Botswana,IND,NOx
0500,0.5515613932217988,BOTSWANA_NORTH EAST_NORTH EAST_MASUNGA,27.434400286669504,-20.627325508955153,Botswana,IND,NOx
0501,0.03378308797310643,BOTSWANA_NORTH EAST_NORTH EAST_MATENGE,27.243163563094196,-20.824890359812834,Botswana,IND,NOx
0502,14.500093721604657,BOTSWANA_NORTH EAST_NORTH EAST_MATSHELAGABEDI,27.625910201894996,-21.12872037207013,Botswana,IND,NOx
0503,55.93784514681754,BOTSWANA_NORTH EAST_NORTH EAST_MATSILOJE,27.79748603303526,-21.272615331495285,Botswana,IND,NOx
0504,0.10284560785698046,BOTSWANA_NORTH EAST_NORTH EAST_MBALAMBI,27.339335713407475,-20.51403109309788,Botswana,IND,NOx
0505,0.01700679044285083,BOTSWANA_NORTH EAST_NORTH EAST_MOROKA,27.64533883665974,-20.526246843989444,Botswana,IND,NOx
0506,0.2796320369644804,BOTSWANA_NORTH EAST_NORTH EAST_MOSOJANE,27.510648322475955,-20.605682710993673,Botswana,IND,NOx
0507,0.06219667030527437,BOTSWANA_NORTH EAST_NORTH EAST_MOWANA,27.63647955779588,-20.777830273205144,Botswana,IND,NOx
0508,0.08491190631130757,BOTSWANA_NORTH EAST_NORTH EAST_MULAMBAKWENA,27.46594067350093,-20.57301251814986,Botswana,IND,NOx
0509,0.06850090911955055,BOTSWANA_NORTH EAST_NORTH EAST_NLAKHWANE,27.517632990383536,-20.518539158214796,Botswana,IND,NOx
0510,0.07240186766956432,BOTSWANA_NORTH EAST_NORTH EAST_PATAYAMATEBELE,27.737992823316166,-21.4643350004061,Botswana,IND,NOx
0511,0,BOTSWANA_NORTH EAST_NORTH EAST_POLE,27.574132779023316,-20.610493660531436,Botswana,IND,NOx
0512,0,BOTSWANA_NORTH EAST_NORTH EAST_RAMOKGWEBANA,27.662924110656288,-20.583729469679355,Botswana,IND,NOx
0513,0,BOTSWANA_NORTH EAST_NORTH EAST_SECHELE,27.38485539651099,-20.797350422844442,Botswana,IND,NOx
0514,0,BOTSWANA_NORTH EAST_NORTH EAST_SEKAKANGWE,27.324905899544337,-20.566292847964146,Botswana,IND,NOx
0515,0.24426021839888215,BOTSWANA_NORTH EAST_NORTH EAST_SENYAWE,27.6781087349486,-20.734971000867784,Botswana,IND,NOx
0516,3.0307749934307293,BOTSWANA_NORTH EAST_NORTH EAST_SHASHE BRIDGE,27.441314891279994,-21.258844535487142,Botswana,IND,NOx
0517,0.14700031873269795,BOTSWANA_NORTH EAST_NORTH EAST_SIVIYA,27.69697685871457,-20.82969467830003,Botswana,IND,NOx
0518,0.44491299711785887,BOTSWANA_NORTH EAST_NORTH EAST_TATI SIDING,27.46845579652601,-21.26452617148856,Botswana,IND,NOx
0519,0.737020906557885,BOTSWANA_NORTH EAST_NORTH EAST_THEMASHANGA,27.55069700154272,-20.72636426785868,Botswana,IND,NOx
0520,0,BOTSWANA_NORTH EAST_NORTH EAST_TOTENG,27.270345176482714,-20.719997560519936,Botswana,IND,NOx
0521,3.054112118309453e-5,BOTSWANA_NORTH EAST_NORTH EAST_TSAMAYA,27.65197854641795,-20.83445747757975,Botswana,IND,NOx
0522,0.049006349118928316,BOTSWANA_NORTH EAST_NORTH EAST_TSHESEBE,27.60488659969322,-20.718620239818698,Botswana,IND,NOx
0523,0.038128716602159454,BOTSWANA_NORTH EAST_NORTH EAST_VUKWI,27.38708622858749,-20.607139935771677,Botswana,IND,NOx
0524,0.2775581030669644,BOTSWANA_NORTH EAST_NORTH EAST_ZWENSHAMBE,27.448183551665426,-20.504176199278817,Botswana,IND,NOx
0525,0,BOTSWANA_NORTH WEST_NGAMILAND DELTA_NGAMILAND DELTA,22.960336814344046,-19.43828751092393,Botswana,IND,NOx
0526,0.40473433079633014,BOTSWANA_NORTH WEST_NGAMILAND EAST_BODIBENG,22.600564390842983,-20.54248828687454,Botswana,IND,NOx
0527,1.2799650944032603,BOTSWANA_NORTH WEST_NGAMILAND EAST_BOTLHATLOGO,22.726763405990695,-20.74674723011069,Botswana,IND,NOx
0528,0,BOTSWANA_NORTH WEST_NGAMILAND EAST_CHANOGA,23.67422168898431,-20.16363542170472,Botswana,IND,NOx
0529,0,BOTSWANA_NORTH WEST_NGAMILAND EAST_HABU,22.399450144071537,-19.835986974771608,Botswana,IND,NOx
0530,0.19586875444180002,BOTSWANA_NORTH WEST_NGAMILAND EAST_KARENG,22.300472651793307,-20.754601900098116,Botswana,IND,NOx
0531,0,BOTSWANA_NORTH WEST_NGAMILAND EAST_KGAKGE/MAKAKUNG,22.500435832111794,-20.540049424101177,Botswana,IND,NOx
0532,0,BOTSWANA_NORTH WEST_NGAMILAND EAST_KOMANA,23.23556501767629,-20.197324460737033,Botswana,IND,NOx
0533,0,BOTSWANA_NORTH WEST_NGAMILAND EAST_MABABE,23.997011922196286,-19.182027762406623,Botswana,IND,NOx
0534,49.26251719163604,BOTSWANA_NORTH WEST_NGAMILAND EAST_MAKALAMABEDI,23.41521287773188,-20.67081042197008,Botswana,IND,NOx
0535,0.8121744559121291,BOTSWANA_NORTH WEST_NGAMILAND EAST_MATLAPANA,23.546036955690333,-19.921555467159827,Botswana,IND,NOx
0536,0,BOTSWANA_NORTH WEST_NGAMILAND EAST_MATSAUDI/SAKAPNAE,23.675283205409393,-19.806194245710948,Botswana,IND,NOx
0537,22.24798371105626,BOTSWANA_NORTH WEST_NGAMILAND EAST_MAUN,24.199903111118402,-19.619553541252102,Botswana,IND,NOx
0538,0.40354637809440447,BOTSWANA_NORTH WEST_NGAMILAND EAST_PHUDUHUDU,24.645957266286953,-20.051304523225582,Botswana,IND,NOx
0539,0,BOTSWANA_NORTH WEST_NGAMILAND EAST_SANKUYO,23.881724902731463,-19.421659901868495,Botswana,IND,NOx
0540,3.0668317640878167,BOTSWANA_NORTH WEST_NGAMILAND EAST_SEHITHWA,22.677793302639653,-20.237066774603015,Botswana,IND,NOx
0541,0,BOTSWANA_NORTH WEST_NGAMILAND EAST_SEMBOYO,22.27649485221952,-20.354376077745215,Botswana,IND,NOx
0542,0,BOTSWANA_NORTH WEST_NGAMILAND EAST_SHOROBE,23.712796248799126,-19.11296691544541,Botswana,IND,NOx
0543,46.91922285367078,BOTSWANA_NORTH WEST_NGAMILAND EAST_TOTENG,22.999306808598018,-20.32082005396448,Botswana,IND,NOx
0544,0.1400353754577263,BOTSWANA_NORTH WEST_NGAMILAND EAST_TSAO,22.28659245098526,-20.02090488822863,Botswana,IND,NOx
0545,0.18033857190002253,BOTSWANA_NORTH WEST_NGAMILAND WEST_BEETSHA,22.953920477145694,-18.380166226946653,Botswana,IND,NOx
0546,0.14243205966017822,BOTSWANA_NORTH WEST_NGAMILAND WEST_CHUKUMUCHU,21.598703917965935,-18.74824397962615,Botswana,IND,NOx
0547,0.09967292901547821,BOTSWANA_NORTH WEST_NGAMILAND WEST_ERETSHA,22.86584821151028,-18.79052805025673,Botswana,IND,NOx
0548,1.6672277394760124,BOTSWANA_NORTH WEST_NGAMILAND WEST_ETSHA 1,22.224044369783737,-19.242642574470672,Botswana,IND,NOx
0549,0,BOTSWANA_NORTH WEST_NGAMILAND WEST_ETSHA 13,22.229743070714033,-19.017116669937373,Botswana,IND,NOx
0550,0.25173485426757075,BOTSWANA_NORTH WEST_NGAMILAND WEST_ETSHA 6,22.229066360329956,-19.108258691269373,Botswana,IND,NOx
0551,0,BOTSWANA_NORTH WEST_NGAMILAND WEST_GANI,21.444696927418082,-18.405419080628068,Botswana,IND,NOx
0552,0.26686102173224036,BOTSWANA_NORTH WEST_NGAMILAND WEST_GONUTSUGA,22.59253926092765,-18.87801840211525,Botswana,IND,NOx
0553,0,BOTSWANA_NORTH WEST_NGAMILAND WEST_GUDINGWA,22.905784262247845,-18.563529796191204,Botswana,IND,NOx
0554,2.949808778757591,BOTSWANA_NORTH WEST_NGAMILAND WEST_GUMARE,22.131570836874936,-19.394550571792966,Botswana,IND,NOx
0555,0.1584779356345721,BOTSWANA_NORTH WEST_NGAMILAND WEST_IKOGA,22.218249775302052,-18.888300198172978,Botswana,IND,NOx
0556,0,BOTSWANA_NORTH WEST_NGAMILAND WEST_KAJAJA,21.992248859877353,-18.703015404036154,Botswana,IND,NOx
0557,0.7779368292041613,BOTSWANA_NORTH WEST_NGAMILAND WEST_KAUXWHI,21.93273566781973,-18.270501890330234,Botswana,IND,NOx
0558,4.723729107471711e-4,BOTSWANA_NORTH WEST_NGAMILAND WEST_MOGOMOTHO,22.252300749707768,-18.492510662073524,Botswana,IND,NOx
0559,0.13273234314010393,BOTSWANA_NORTH WEST_NGAMILAND WEST_MOHEMBO EAST,21.802957716080922,-18.266524959816728,Botswana,IND,NOx
0560,0.08175955812913407,BOTSWANA_NORTH WEST_NGAMILAND WEST_MOHEMBO WEST,21.66725143544976,-18.312119665836942,Botswana,IND,NOx
0561,0.008618740588813838,BOTSWANA_NORTH WEST_NGAMILAND WEST_MOKGACHA,22.28535493171085,-18.701773297683296,Botswana,IND,NOx
0562,0,BOTSWANA_NORTH WEST_NGAMILAND WEST_NGARANGE,22.04454772324353,-18.490470871633665,Botswana,IND,NOx
0563,0,BOTSWANA_NORTH WEST_NGAMILAND WEST_NOKANENG,22.21151988099178,-19.64313399653268,Botswana,IND,NOx
0564,0,BOTSWANA_NORTH WEST_NGAMILAND WEST_NXAMASERE,21.95986197574487,-18.61796345462013,Botswana,IND,NOx
0565,0,BOTSWANA_NORTH WEST_NGAMILAND WEST_NXAUNXAU,21.351524290127983,-18.90359537023587,Botswana,IND,NOx
0566,0.3213022772062521,BOTSWANA_NORTH WEST_NGAMILAND WEST_QANGWA,21.56450523279803,-19.49744243797423,Botswana,IND,NOx
0567,0.07234698907960743,BOTSWANA_NORTH WEST_NGAMILAND WEST_SAMOCHEMA,21.807530849136374,-18.491110966045003,Botswana,IND,NOx
0568,0,BOTSWANA_NORTH WEST_NGAMILAND WEST_SEKONDOMBORO,22.116154551020507,-18.31395834682349,Botswana,IND,NOx
0569,0.5666636333586293,BOTSWANA_NORTH WEST_NGAMILAND WEST_SEPOPA,22.058884839789098,-18.787426270755017,Botswana,IND,NOx
0570,0.14685236768170107,BOTSWANA_NORTH WEST_NGAMILAND WEST_SERONGA,22.432137134077763,-18.68657047380979,Botswana,IND,NOx
0571,0.5015788433473942,BOTSWANA_NORTH WEST_NGAMILAND WEST_SHAKAWE,21.734262044931864,-18.42525466967516,Botswana,IND,NOx
0572,0,BOTSWANA_NORTH WEST_NGAMILAND WEST_TUBU,22.343676013963407,-19.42290273539071,Botswana,IND,NOx
0573,1.1392244481176648,BOTSWANA_NORTH WEST_NGAMILAND WEST_XAKAO,21.89184146965982,-18.35122741006872,Botswana,IND,NOx
0574,0.4766081913434171,BOTSWANA_NORTH WEST_NGAMILAND WEST_XAXA,21.481474650920102,-20.367126109392327,Botswana,IND,NOx
0575,0.02649043793677327,BOTSWANA_NORTH WEST_NGAMILAND WEST_XHAUGA,21.8600876919785,-18.555460050065392,Botswana,IND,NOx
0576,27.62365112935913,BOTSWANA_ORAPA_ORAPA_ORAPA,25.3996206036354,-21.263370671233456,Botswana,IND,NOx
0577,147.15297480744272,BOTSWANA_SELIBE PHIKWE_SELIBE PHIKWE_SELIBE PHIKWE,27.837207638783738,-21.958685691075345,Botswana,IND,NOx
0578,16.057983695353194,BOTSWANA_SOUTH EAST_SOUTH EAST_DOORN LAAGTE,25.651786031535003,-25.28255683886919,Botswana,IND,NOx
0579,2.510964210583866,BOTSWANA_SOUTH EAST_SOUTH EAST_HILDAVALE,25.616656741956373,-25.403085615302597,Botswana,IND,NOx
0580,7.99747359667161,BOTSWANA_SOUTH EAST_SOUTH EAST_LOBATSE ESTATES,25.699833727272946,-25.141969237065187,Botswana,IND,NOx
0581,0.3208235379485943,BOTSWANA_SOUTH EAST_SOUTH EAST_MOGOBANE,25.702998989332475,-24.943145974483425,Botswana,IND,NOx
0582,8.728235048373367,BOTSWANA_SOUTH EAST_SOUTH EAST_OTSE,25.756324039083623,-25.045000276937234,Botswana,IND,NOx
0583,8.572475609720593,BOTSWANA_SOUTH EAST_SOUTH EAST_RAMOTSWA,25.829789056966593,-24.901951101856636,Botswana,IND,NOx
0584,0,BOTSWANA_SOUTH EAST_SOUTH EAST_RAMOTSWA STATION/TAUNG,25.770154438973417,-24.815461657589147,Botswana,IND,NOx
0585,38.77122461069433,BOTSWANA_SOUTH EAST_SOUTH EAST_TLOKWENG,26.035546995861406,-24.647763400719953,Botswana,IND,NOx
0586,0.17358060319738058,BOTSWANA_SOUTHERN_BAROLONG_BETHEL,25.523180210457173,-25.455324991549087,Botswana,IND,NOx
0587,0.08013078550610395,BOTSWANA_SOUTHERN_BAROLONG_BOROBADILEPE,25.45763854772069,-25.624399960180156,Botswana,IND,NOx
0588,0.01998473818650099,BOTSWANA_SOUTHERN_BAROLONG_DIGAWANA,25.554337853260883,-25.336847733509767,Botswana,IND,NOx
0589,0.0024523343910808505,BOTSWANA_SOUTHERN_BAROLONG_DIKHUKHUNG,24.885447065593745,-25.800063981646993,Botswana,IND,NOx
0590,0.3024568931060114,BOTSWANA_SOUTHERN_BAROLONG_DINATSHANA,25.561032468363326,-25.459552008174736,Botswana,IND,NOx
0591,0.9376778129274707,BOTSWANA_SOUTHERN_BAROLONG_DITLHARAPA,25.26534775604463,-25.74503088773403,Botswana,IND,NOx
0592,0.3512431583450202,BOTSWANA_SOUTHERN_BAROLONG_GAMAJALELA,25.422867167043186,-25.383535663638526,Botswana,IND,NOx
0593,0.03395303702502594,BOTSWANA_SOUTHERN_BAROLONG_GATHWANE,25.50825122582933,-25.39225799661276,Botswana,IND,NOx
0594,1.4141103856274906,BOTSWANA_SOUTHERN_BAROLONG_GOOD HOPE,25.425540411603592,-25.474044252271263,Botswana,IND,NOx
0595,0.06519836029947938,BOTSWANA_SOUTHERN_BAROLONG_HEBRON,25.41118276541949,-25.696194884502404,Botswana,IND,NOx
0596,0,BOTSWANA_SOUTHERN_BAROLONG_KANGWE,25.079061936844482,-25.406209192834304,Botswana,IND,NOx
0597,0.8399941463170629,BOTSWANA_SOUTHERN_BAROLONG_KGORO,25.486735775180065,-25.453486474188907,Botswana,IND,NOx
0598,0.11002611030163681,BOTSWANA_SOUTHERN_BAROLONG_LEJWANA,25.53432726709042,-25.415801471703258,Botswana,IND,NOx
0599,0.2511208033884869,BOTSWANA_SOUTHERN_BAROLONG_LEPORUNG,25.008424229579703,-25.672891074188268,Botswana,IND,NOx
0600,0.05547457383297018,BOTSWANA_SOUTHERN_BAROLONG_LOGAGANE,25.398915672259538,-25.611615010488325,Botswana,IND,NOx
0601,0.0014811933101349227,BOTSWANA_SOUTHERN_BAROLONG_LORWANA,25.502074910123632,-25.286996269753118,Botswana,IND,NOx
0602,1.3450785188844907,BOTSWANA_SOUTHERN_BAROLONG_MABULE,24.537508834961965,-25.73692702390118,Botswana,IND,NOx
0603,1.4369713970707367,BOTSWANA_SOUTHERN_BAROLONG_MADINGWANA,25.481261650329014,-25.576730325456165,Botswana,IND,NOx
0604,0,BOTSWANA_SOUTHERN_BAROLONG_MAGORIAPITSE,25.27977947866948,-25.44137079227652,Botswana,IND,NOx
0605,0.06747399044465267,BOTSWANA_SOUTHERN_BAROLONG_MAKOKWE,25.475459011292934,-25.66937770824479,Botswana,IND,NOx
0606,0.8098064317096554,BOTSWANA_SOUTHERN_BAROLONG_MALOKAGANYANE,25.488358562103294,-25.502299871489452,Botswana,IND,NOx
0607,0.04760877341263618,BOTSWANA_SOUTHERN_BAROLONG_MAROJANE,25.341901927422153,-25.73640142441916,Botswana,IND,NOx
0608,0,BOTSWANA_SOUTHERN_BAROLONG_METLOBO,25.124348846065626,-25.39253659443453,Botswana,IND,NOx
0609,0.19095269965636225,BOTSWANA_SOUTHERN_BAROLONG_METLOJANE,25.375187769980677,-25.552026515853672,Botswana,IND,NOx
0610,0.22096043309054833,BOTSWANA_SOUTHERN_BAROLONG_MMAKGORI,24.800927173643334,-25.789358109184104,Botswana,IND,NOx
0611,0.042549509970104836,BOTSWANA_SOUTHERN_BAROLONG_MMATHETHE,25.16245192169214,-25.332818623646105,Botswana,IND,NOx
0612,1.4225620974031972,BOTSWANA_SOUTHERN_BAROLONG_MOGOJOGOJO,25.472237292279374,-25.35846674488226,Botswana,IND,NOx
0613,0.1372744891928146,BOTSWANA_SOUTHERN_BAROLONG_MOGWALALE,25.3618167413177,-25.480322244471722,Botswana,IND,NOx
0614,0.9662528405051096,BOTSWANA_SOUTHERN_BAROLONG_MOKATAKO,25.21324864044004,-25.72876284416883,Botswana,IND,NOx
0615,0.006048560445961656,BOTSWANA_SOUTHERN_BAROLONG_MOKGOMANE,25.21261347084866,-25.518245387897743,Botswana,IND,NOx
0616,0.25877027552271414,BOTSWANA_SOUTHERN_BAROLONG_MOLETE,25.308791189937068,-25.671084438672697,Botswana,IND,NOx
0617,0.015696334383647304,BOTSWANA_SOUTHERN_BAROLONG_MOTSENTSHE,25.375726428046065,-25.379180264622413,Botswana,IND,NOx
0618,1.1750744194581728,BOTSWANA_SOUTHERN_BAROLONG_MUSI,25.08334912114238,-25.688286393457503,Botswana,IND,NOx
0619,0.2220161077493253,BOTSWANA_SOUTHERN_BAROLONG_NGWATSAU,25.540401017789634,-25.553981728114238,Botswana,IND,NOx
0620,1.4093263074995168,BOTSWANA_SOUTHERN_BAROLONG_PAPATLO,25.50091785142035,-25.65156471920203,Botswana,IND,NOx
0621,0.05344562828247369,BOTSWANA_SOUTHERN_BAROLONG_PHIHITSHWANE,25.414087664638753,-25.65601906088651,Botswana,IND,NOx
0622,0.30160430386794024,BOTSWANA_SOUTHERN_BAROLONG_PITSANA-POTOKWE,25.556580548078113,-25.50806204359263,Botswana,IND,NOx
0623,0.6053718116975333,BOTSWANA_SOUTHERN_BAROLONG_PITSANE SIDING,25.604250914974468,-25.46943866185844,Botswana,IND,NOx
0624,0.053017627566765146,BOTSWANA_SOUTHERN_BAROLONG_PITSHANE MOLOPO,25.119834443362777,-25.744597939849236,Botswana,IND,NOx
0625,2.3191538210187215,BOTSWANA_SOUTHERN_BAROLONG_RAKHUNA,25.578883997684116,-25.582003199973805,Botswana,IND,NOx
0626,5.494267744820826,BOTSWANA_SOUTHERN_BAROLONG_RAMATLABAMA,25.542590563183143,-25.63663806930263,Botswana,IND,NOx
0627,0,BOTSWANA_SOUTHERN_BAROLONG_SEDIBENG,25.16840936243981,-25.684656039464652,Botswana,IND,NOx
0628,0,BOTSWANA_SOUTHERN_BAROLONG_SEKHUTLANE,24.48911487032339,-25.502857393367236,Botswana,IND,NOx
0629,0.049473157332005836,BOTSWANA_SOUTHERN_BAROLONG_SHEEP FARM,25.494453226915,-25.550549245917278,Botswana,IND,NOx
0630,3.060408455314275,BOTSWANA_SOUTHERN_BAROLONG_TLHARESELEELE,25.6164016549552,-25.509947342258574,Botswana,IND,NOx
0631,1.2342648222583064,BOTSWANA_SOUTHERN_BAROLONG_TSHIDILAMOLOMO,24.680774921105087,-25.71938467094859,Botswana,IND,NOx
0632,0,BOTSWANA_SOUTHERN_BAROLONG_TSWAANENG,24.874731933296207,-25.481179488719636,Botswana,IND,NOx
0633,0.03873470730429764,BOTSWANA_SOUTHERN_BAROLONG_TSWAGARE/LOTHOJE/LOKALANA,25.32250003507171,-25.608673297419177,Botswana,IND,NOx
0634,0.02055244797746567,BOTSWANA_SOUTHERN_BAROLONG_TSWANYANENG,25.26289447863055,-25.6163734983762,Botswana,IND,NOx
0635,0,BOTSWANA_SOUTHERN_NGWAKETSE WEST_ITHOLOKE,23.49754475940133,-24.802379212464427,Botswana,IND,NOx
0636,0.12191187953476734,BOTSWANA_SOUTHERN_NGWAKETSE WEST_KANAKU,23.536569449983585,-24.292118077279163,Botswana,IND,NOx
0637,0,BOTSWANA_SOUTHERN_NGWAKETSE WEST_KENG,23.822720476728055,-24.619062130504958,Botswana,IND,NOx
0638,0,BOTSWANA_SOUTHERN_NGWAKETSE WEST_KHAKHEA,23.52876267152225,-24.69951083983683,Botswana,IND,NOx
0639,0,BOTSWANA_SOUTHERN_NGWAKETSE WEST_KHONKHWA,23.935454133373597,-24.46012666914766,Botswana,IND,NOx
0640,0,BOTSWANA_SOUTHERN_NGWAKETSE WEST_KOKONG,23.160513999524845,-24.39362019765512,Botswana,IND,NOx
0641,0,BOTSWANA_SOUTHERN_NGWAKETSE WEST_KUTUKU,23.639126946319017,-24.680282589894166,Botswana,IND,NOx
0642,0.009230219521473473,BOTSWANA_SOUTHERN_NGWAKETSE WEST_MABUTSANE,23.705699680104797,-24.459760111464377,Botswana,IND,NOx
0643,0,BOTSWANA_SOUTHERN_NGWAKETSE WEST_MAHOTSHWANE,24.187255352450173,-24.38400662626752,Botswana,IND,NOx
0644,0,BOTSWANA_SOUTHERN_NGWAKETSE WEST_MORWAMOSU,23.122520350392715,-24.153854514850522,Botswana,IND,NOx
0645,0,BOTSWANA_SOUTHERN_NGWAKETSE WEST_SEKOMA,24.02445527149606,-24.579997053681147,Botswana,IND,NOx
0646,0,BOTSWANA_SOUTHERN_SOUTHERN_BETESANKWE,24.8941696227703,-24.719678878206103,Botswana,IND,NOx
0647,0,BOTSWANA_SOUTHERN_SOUTHERN_DIABO,25.365536715216567,-25.223190983743812,Botswana,IND,NOx
0648,0,BOTSWANA_SOUTHERN_SOUTHERN_DIPOTSANA,25.446292913079866,-25.212561776849554,Botswana,IND,NOx
0649,0,BOTSWANA_SOUTHERN_SOUTHERN_GASITA,24.82803541943543,-25.124083589756676,Botswana,IND,NOx
0650,103.36527912677506,BOTSWANA_SOUTHERN_SOUTHERN_KANYE,25.289267678855026,-25.048656911618565,Botswana,IND,NOx
0651,13.523415375864255,BOTSWANA_SOUTHERN_SOUTHERN_KGOMOKASITWA,25.611112091400322,-25.09686032652438,Botswana,IND,NOx
0652,0,BOTSWANA_SOUTHERN_SOUTHERN_LEFOKO,24.690111852640598,-24.8470312136434,Botswana,IND,NOx
0653,6.563857105330129,BOTSWANA_SOUTHERN_SOUTHERN_LEKGOLOBOTLO,25.61615083241098,-24.885307065481175,Botswana,IND,NOx
0654,0,BOTSWANA_SOUTHERN_SOUTHERN_LOROLWANA,24.459937704580028,-25.2535967198016,Botswana,IND,NOx
0655,0.15714827729631647,BOTSWANA_SOUTHERN_SOUTHERN_LOTLHAKANE,25.435707774440367,-25.08771727806122,Botswana,IND,NOx
0656,2.2151820198141374,BOTSWANA_SOUTHERN_SOUTHERN_LOTLHAKANE WEST,25.295371153997333,-24.784930431562245,Botswana,IND,NOx
0657,0.014195826165958613,BOTSWANA_SOUTHERN_SOUTHERN_MAGOTLHWANE,25.599116726068054,-24.996853415826646,Botswana,IND,NOx
0658,61.371101340230666,BOTSWANA_SOUTHERN_SOUTHERN_MANYANA,25.574934396304805,-24.79875482887838,Botswana,IND,NOx
0659,0,BOTSWANA_SOUTHERN_SOUTHERN_MAOKANE,24.649164740852807,-24.988391174828216,Botswana,IND,NOx
0660,0,BOTSWANA_SOUTHERN_SOUTHERN_MOGONYE,25.67857687556797,-24.842313481878563,Botswana,IND,NOx
0661,0.4500664994457435,BOTSWANA_SOUTHERN_SOUTHERN_MOKHOMBA,24.61814743618357,-24.716762968297573,Botswana,IND,NOx
0662,86.3512465736367,BOTSWANA_SOUTHERN_SOUTHERN_MOLAPOWABOJANG,25.545639385657516,-25.196418239986023,Botswana,IND,NOx
0663,196.3505598931852,BOTSWANA_SOUTHERN_SOUTHERN_MOSHANENG,25.208444254843652,-24.835326824262772,Botswana,IND,NOx
0664,58.165645988799454,BOTSWANA_SOUTHERN_SOUTHERN_MOSHUPA,25.42468410253782,-24.802239950537796,Botswana,IND,NOx
0665,0.6996443214229533,BOTSWANA_SOUTHERN_SOUTHERN_NTLHANTLHE,25.563433827213757,-25.01680148927233,Botswana,IND,NOx
0666,0,BOTSWANA_SOUTHERN_SOUTHERN_PITSENG,25.026961859107356,-24.671811025950742,Botswana,IND,NOx
0667,0,BOTSWANA_SOUTHERN_SOUTHERN_RALEKGETHO,25.153983418889254,-24.651674927885143,Botswana,IND,NOx
0668,2.8529902577604727,BOTSWANA_SOUTHERN_SOUTHERN_RANAKA,25.49210433716248,-24.953019551938723,Botswana,IND,NOx
0669,0,BOTSWANA_SOUTHERN_SOUTHERN_SEGWAGWA,25.154246986825143,-25.20370107041337,Botswana,IND,NOx
0670,0,BOTSWANA_SOUTHERN_SOUTHERN_SEHERELELA,24.966365412487043,-24.85255338029039,Botswana,IND,NOx
0671,45.05935882097873,BOTSWANA_SOUTHERN_SOUTHERN_SELOKOLELA,25.08619153157018,-25.012511421456256,Botswana,IND,NOx
0672,0.1738480375840679,BOTSWANA_SOUTHERN_SOUTHERN_SEMANE,24.36060822534978,-24.5838070534333,Botswana,IND,NOx
0673,1.8186156962774098,BOTSWANA_SOUTHERN_SOUTHERN_SESE,24.837457767676273,-24.623316789302145,Botswana,IND,NOx
0674,21.03766996669818,BOTSWANA_SOUTHERN_SOUTHERN_SESUNG,25.085978537640155,-24.864295490303654,Botswana,IND,NOx
0675,0,BOTSWANA_SOUTHERN_SOUTHERN_TLHANKANE,24.375461207737164,-24.957536336747538,Botswana,IND,NOx
0676,0,BOTSWANA_SOUTHERN_SOUTHERN_TSHWAANE,25.273421585713766,-24.711641454327474,Botswana,IND,NOx
0677,0,BOTSWANA_SOUTHERN_SOUTHERN_TSONYANE,24.813855404067922,-24.839469110997843,Botswana,IND,NOx
0678,3.469080980601228,BOTSWANA_SOWA TOWN_SOWA TOWN_SOWA TOWN,26.205474065724133,-20.525655504329873,Botswana,IND,NOx
0679,0,BOTSWANA_NORTH WEST_NGAMILAND WEST_TOBERE,22.060761168763293,-18.2277220943275,Botswana,IND,NOx
0680,10.43470802253505,BOTSWANA_FRANCISTOWN_FRANCISTOWN_FRANCISTOWN,27.527173396825056,-21.15325240029203,Botswana,IND,NOx
0681,0,BOTSWANA_NORTH EAST_NORTH EAST_MATOPI,27.91115579539766,-21.482192037003767,Botswana,IND,NOx
0682,90.19366852875677,LESOTHO_BEREA,27.916543179927878,-29.196133964322186,Lesotho,IND,NOx
0683,28.073263528733055,LESOTHO_BUTHA-BUTHE,28.564194113912084,-28.80291309387294,Lesotho,IND,NOx
0684,107.93387441976502,LESOTHO_LERIBE,28.262778693785734,-29.01811492119529,Lesotho,IND,NOx
0685,55.94983108456353,LESOTHO_MAFETENG,27.392581280663943,-29.77903326417238,Lesotho,IND,NOx
0686,128.7855998359001,LESOTHO_MASERU,27.818410139103523,-29.578708001027245,Lesotho,IND,NOx
0687,67.59275468315518,LESOTHO_MOHALE'S HOEK,27.81073935217726,-30.05732318594617,Lesotho,IND,NOx
0688,44.74687355953025,LESOTHO_MOKHOTLONG,29.030965902973236,-29.219387585513097,Lesotho,IND,NOx
0689,21.31841081777813,LESOTHO_QACHA'S NEK,28.738216934631595,-29.96551989191937,Lesotho,IND,NOx
0690,32.076407643538936,LESOTHO_QUTHING,27.985860217458367,-30.361098997601832,Lesotho,IND,NOx
0691,43.03749627389311,LESOTHO_THABA-TSEKA,28.592501565541635,-29.5707462455164,Lesotho,IND,NOx
0692,133.08137576472535,MALAWI_SOUTHERN REGION_BALAKA,35.057010057789576,-15.035291543995603,Malawi,IND,NOx
0693,271.72063309638844,MALAWI_SOUTHERN REGION_BLANTYRE,34.93215294645478,-15.653521070374605,Malawi,IND,NOx
0694,330.92390454476435,MALAWI_SOUTHERN REGION_BLANTYRE CITY,35.049846087604834,-15.788155512634402,Malawi,IND,NOx
0695,187.0940823260166,MALAWI_SOUTHERN REGION_CHIKWAWA,34.70903689510921,-16.164449793446956,Malawi,IND,NOx
0696,174.7373264601857,MALAWI_SOUTHERN REGION_CHIRADZULU,35.21401510212054,-15.74504273186666,Malawi,IND,NOx
0697,31.46657070278256,MALAWI_NORTHERN REGION_CHITIPA,33.50075697273936,-9.961323805951439,Malawi,IND,NOx
0698,352.426162254869,MALAWI_CENTRAL REGION_DEDZA,34.227546152785884,-14.26666414364504,Malawi,IND,NOx
0699,269.1607590273962,MALAWI_CENTRAL REGION_DOWA,33.7882007354298,-13.568943726666408,Malawi,IND,NOx
0700,90.52174415837612,MALAWI_NORTHERN REGION_KARONGA,33.88286491576761,-10.085628973711133,Malawi,IND,NOx
0701,168.88749605052567,MALAWI_CENTRAL REGION_KASUNGU,33.38591920703449,-12.984592469489298,Malawi,IND,NOx
0702,217.50879645293924,MALAWI_LAKE MALAWI_LAKE MALAWI,34.46342187078561,-11.83542210532386,Malawi,IND,NOx
0703,4.031713052871231,MALAWI_NORTHERN REGION_LIKOMA,34.68456952933858,-12.049251389757782,Malawi,IND,NOx
0704,894.9039495968555,MALAWI_CENTRAL REGION_LILONGWE,33.678384246204125,-14.02262845680586,Malawi,IND,NOx
0705,344.2321773769981,MALAWI_CENTRAL REGION_LILONGWE CITY,33.777412227707195,-13.917060812410538,Malawi,IND,NOx
0706,244.46984232153025,MALAWI_SOUTHERN REGION_MACHINGA,35.56621569203856,-14.939743540640112,Malawi,IND,NOx
0707,324.1179211062673,MALAWI_SOUTHERN REGION_MANGOCHI,35.188672100825926,-14.35745673152043,Malawi,IND,NOx
0708,238.2818434958237,MALAWI_CENTRAL REGION_MCHINJI,33.05678421553763,-13.693204790303813,Malawi,IND,NOx
0709,359.7275574379142,MALAWI_SOUTHERN REGION_MULANJE,35.510601697456494,-15.937493088013312,Malawi,IND,NOx
0710,56.59484913206001,MALAWI_SOUTHERN REGION_MWANZA,34.51070572282828,-15.653498412560298,Malawi,IND,NOx
0711,172.0356553945519,MALAWI_NORTHERN REGION_MZIMBA,33.63357391674036,-11.774662616846621,Malawi,IND,NOx
0712,49.26300794168696,MALAWI_NORTHERN REGION_MZUZU CITY,34.008085621399474,-11.435033136665401,Malawi,IND,NOx
0713,35.87251828043452,MALAWI_SOUTHERN REGION_NENO,34.69511229098429,-15.46855436212607,Malawi,IND,NOx
0714,52.66413779931353,MALAWI_NORTHERN REGION_NKHATA BAY,34.04155946420708,-11.671744085857307,Malawi,IND,NOx
0715,67.3878627340227,MALAWI_CENTRAL REGION_NKHOTAKOTA,34.088412143637505,-12.844968406478515,Malawi,IND,NOx
0716,88.1873948092776,MALAWI_SOUTHERN REGION_NSANJE,35.14256102689594,-16.7458281066411,Malawi,IND,NOx
0717,221.74451024632873,MALAWI_CENTRAL REGION_NTCHEU,34.7150219403129,-14.809209532624244,Malawi,IND,NOx
0718,49.38028005633683,MALAWI_CENTRAL REGION_NTCHISI,33.919435671123914,-13.29729664939087,Malawi,IND,NOx
0719,139.71725771924335,MALAWI_SOUTHERN REGION_PHALOMBE,35.69103908738544,-15.669471595035306,Malawi,IND,NOx
0720,26.162773680607355,MALAWI_NORTHERN REGION_RUMPHI,33.814313155835954,-10.819178535708213,Malawi,IND,NOx
0721,139.0810534121717,MALAWI_CENTRAL REGION_SALIMA,34.38342391012431,-13.73580013859686,Malawi,IND,NOx
0722,386.04352882218495,MALAWI_SOUTHERN REGION_THYOLO,35.14513805866104,-16.103293124272504,Malawi,IND,NOx
0723,350.0948985931682,MALAWI_SOUTHERN REGION_ZOMBA,35.431720494463534,-15.397965042950926,Malawi,IND,NOx
0724,16.39266515420741,MALAWI_SOUTHERN REGION_ZOMBA CITY,35.32958370864326,-15.389038184748701,Malawi,IND,NOx
0725,11.123404971482332,MOZAMBIQUE_CABO DELGADO_ANCUABE_ANCUABE SEDE,39.81250434636672,-12.844910167361961,Mozambique,IND,NOx
0726,12.532695130296702,MOZAMBIQUE_CABO DELGADO_ANCUABE_METORO,39.98166464165771,-13.123343510947777,Mozambique,IND,NOx
0727,10.782293657126633,MOZAMBIQUE_CABO DELGADO_ANCUABE_MEZA,39.50077329178648,-13.002763030349875,Mozambique,IND,NOx
0728,24.62363247351723,MOZAMBIQUE_CABO DELGADO_BALAMA_BALAMA SEDE,38.60741548928212,-13.34632445565341,Mozambique,IND,NOx
0729,4.905058718115507,MOZAMBIQUE_CABO DELGADO_BALAMA_IMPIRE,38.234370073203195,-13.36117175168839,Mozambique,IND,NOx
0730,10.624481572726873,MOZAMBIQUE_CABO DELGADO_BALAMA_KWEKWE,38.360631459274536,-13.719258906829074,Mozambique,IND,NOx
0731,5.008118063991924,MOZAMBIQUE_CABO DELGADO_BALAMA_MAVALA,38.44433858639442,-13.127397794272662,Mozambique,IND,NOx
0732,26.669700391801296,MOZAMBIQUE_CABO DELGADO_CHIÚRE_CHIÚRE SEDE,39.78631866112433,-13.334949533035196,Mozambique,IND,NOx
0733,8.878294441020136,MOZAMBIQUE_CABO DELGADO_CHIÚRE_CHIÚRE VELHO,39.9790643743911,-13.394863091288299,Mozambique,IND,NOx
0734,7.686696161336788,MOZAMBIQUE_CABO DELGADO_CHIÚRE_KATAPUA,39.46036839056145,-13.3790182741743,Mozambique,IND,NOx
0735,4.617288213106651,MOZAMBIQUE_CABO DELGADO_CHIÚRE_MAZEZE,40.26493789258037,-13.394800824078336,Mozambique,IND,NOx
0736,10.64059308223954,MOZAMBIQUE_CABO DELGADO_CHIÚRE_NAMOGELIA,39.39543595419324,-13.73917584393942,Mozambique,IND,NOx
0737,14.842912576754134,MOZAMBIQUE_CABO DELGADO_CHIÚRE_OCUA,39.70712436514545,-13.593555718225081,Mozambique,IND,NOx
0738,16.743357036254036,MOZAMBIQUE_CABO DELGADO_CIDADE DE PEMBA_CIDADE DE PEMBA,40.5301137002399,-13.01866368362211,Mozambique,IND,NOx
0739,0.4854259640081781,MOZAMBIQUE_CABO DELGADO_IBO_IBO SEDE,40.58966660854597,-12.296434453801252,Mozambique,IND,NOx
0740,0.01891605714285995,MOZAMBIQUE_CABO DELGADO_IBO_QUIRIMBA,40.60573197983616,-12.436621233927731,Mozambique,IND,NOx
0741,5.030750690870926,MOZAMBIQUE_CABO DELGADO_MACOMIA_CHAI,40.09939009869904,-11.975771317344952,Mozambique,IND,NOx
0742,11.863504314887615,MOZAMBIQUE_CABO DELGADO_MACOMIA_MACOMIA SEDE,40.00966789367028,-12.185963022208076,Mozambique,IND,NOx
0743,3.121312994758255,MOZAMBIQUE_CABO DELGADO_MACOMIA_MUCOJO,40.39838621183561,-12.132019600349427,Mozambique,IND,NOx
0744,1.0659851908754088,MOZAMBIQUE_CABO DELGADO_MACOMIA_QUITERAJO,40.34862064188187,-11.822248596272631,Mozambique,IND,NOx
0745,5.854770255365851,MOZAMBIQUE_CABO DELGADO_MECÚFI_MECÚFI SEDE,40.44136931989843,-13.314578160765912,Mozambique,IND,NOx
0746,5.046906163225361,MOZAMBIQUE_CABO DELGADO_MECÚFI_MURREBUE,40.3621691122671,-13.16275211422268,Mozambique,IND,NOx
0747,1.970565509412378,MOZAMBIQUE_CABO DELGADO_MELUCO_MELUCO,39.519008675605434,-12.466558692060977,Mozambique,IND,NOx
0748,2.9090331335116435,MOZAMBIQUE_CABO DELGADO_MELUCO_MUAGUIDE,40.006147820712634,-12.461564676608146,Mozambique,IND,NOx
0749,10.955947866538025,MOZAMBIQUE_CABO DELGADO_METUGE_METUGE SEDE,40.30149518097115,-12.881110538127228,Mozambique,IND,NOx
0750,8.164068870258435,MOZAMBIQUE_CABO DELGADO_METUGE_MIEZE,40.42604082004337,-13.071741165509883,Mozambique,IND,NOx
0751,5.856863436275045,MOZAMBIQUE_CABO DELGADO_MOCÍMBOA DA PRAIA_DIACA,39.98361766384434,-11.50941232931751,Mozambique,IND,NOx
0752,2.4046788195068585,MOZAMBIQUE_CABO DELGADO_MOCÍMBOA DA PRAIA_MBAU,40.264033426645,-11.61011746355292,Mozambique,IND,NOx
0753,15.469761631143008,MOZAMBIQUE_CABO DELGADO_MOCÍMBOA DA PRAIA_MOCÍMBOA DA PRAIA SEDE,40.221732345886586,-11.307039802847223,Mozambique,IND,NOx
0754,37.41705643750781,MOZAMBIQUE_CABO DELGADO_MONTEPUEZ_CIDADE DE MONTEPUEZ,39.10336496633387,-13.155831594194833,Mozambique,IND,NOx
0755,4.050073288581817,MOZAMBIQUE_CABO DELGADO_MONTEPUEZ_MAPUPULO,38.85156103637511,-13.296202609826898,Mozambique,IND,NOx
0756,14.206512962403755,MOZAMBIQUE_CABO DELGADO_MONTEPUEZ_MIRATE SEDE,38.889102884866084,-12.858163088415916,Mozambique,IND,NOx
0757,1.944620032937953,MOZAMBIQUE_CABO DELGADO_MONTEPUEZ_NAIROTO,38.60846512227451,-12.417692004693443,Mozambique,IND,NOx
0758,6.724210243849084,MOZAMBIQUE_CABO DELGADO_MONTEPUEZ_NAMANHUMBIR,39.29331479236441,-13.03734599713965,Mozambique,IND,NOx
0759,5.661476552653806,MOZAMBIQUE_CABO DELGADO_MUEDA_CHAPA,39.300669871212165,-11.933739048526274,Mozambique,IND,NOx
0760,2.686440879647087,MOZAMBIQUE_CABO DELGADO_MUEDA_IMBUHO SEDE,39.71330104587685,-11.492354708140468,Mozambique,IND,NOx
0761,16.718133842531152,MOZAMBIQUE_CABO DELGADO_MUEDA_MUEDA SEDE,39.52799055312814,-11.615490131717069,Mozambique,IND,NOx
0762,2.8065529303611463,MOZAMBIQUE_CABO DELGADO_MUEDA_NAMAUA,39.71135420448486,-11.578853289361819,Mozambique,IND,NOx
0763,0.42531070860325804,MOZAMBIQUE_CABO DELGADO_MUEDA_NEGOMANO,38.68032202017621,-11.555132251334204,Mozambique,IND,NOx
0764,8.485135863140217,MOZAMBIQUE_CABO DELGADO_MUEDA_NGAPA,39.181606916419916,-11.449464889051079,Mozambique,IND,NOx
0765,4.379835812832269,MOZAMBIQUE_CABO DELGADO_MUIDUMBE_CHITUNDA,40.02853944757149,-11.798368536527168,Mozambique,IND,NOx
0766,5.223257098248976,MOZAMBIQUE_CABO DELGADO_MUIDUMBE_MITEDA,39.64749196598334,-11.853991027094667,Mozambique,IND,NOx
0767,9.690029005303227,MOZAMBIQUE_CABO DELGADO_MUIDUMBE_MUAMBULA,39.82130488684691,-11.841747965829844,Mozambique,IND,NOx
0768,6.456952353996851,MOZAMBIQUE_CABO DELGADO_NAMUNO_HUCULA,39.027034408935776,-13.807982550463722,Mozambique,IND,NOx
0769,10.834294674606685,MOZAMBIQUE_CABO DELGADO_NAMUNO_MACHOCA,38.9025822941826,-13.935861472055366,Mozambique,IND,NOx
0770,8.453154295815084,MOZAMBIQUE_CABO DELGADO_NAMUNO_MELOCO,39.16332069555443,-13.55331427408594,Mozambique,IND,NOx
0771,26.212371212882015,MOZAMBIQUE_CABO DELGADO_NAMUNO_NAMUNO SEDE,38.85042931380327,-13.571803785012364,Mozambique,IND,NOx
0772,10.739619724977207,MOZAMBIQUE_CABO DELGADO_NAMUNO_NCUMPE,38.64829661522544,-13.759868655212932,Mozambique,IND,NOx
0773,5.2940418418619375,MOZAMBIQUE_CABO DELGADO_NAMUNO_PAPAI,38.6112488248292,-14.01083078018285,Mozambique,IND,NOx
0774,15.990752098680018,MOZAMBIQUE_CABO DELGADO_NANGADE_NANGADE SEDE,39.74862940454096,-11.083424646974992,Mozambique,IND,NOx
0775,5.065846695754341,MOZAMBIQUE_CABO DELGADO_NANGADE_NTAMBA,39.82186362422569,-11.298924991205137,Mozambique,IND,NOx
0776,1.9563587214277556,MOZAMBIQUE_CABO DELGADO_PALMA_OLUMBE,40.37722280987631,-11.022253412786055,Mozambique,IND,NOx
0777,6.38147524599676,MOZAMBIQUE_CABO DELGADO_PALMA_PALMA,40.36752760276333,-10.781107321340652,Mozambique,IND,NOx
0778,0.9480647621685362,MOZAMBIQUE_CABO DELGADO_PALMA_PUNDANHAR,40.10649223692033,-10.915061660907167,Mozambique,IND,NOx
0779,1.1343180314511618,MOZAMBIQUE_CABO DELGADO_PALMA_QUIONGA,40.39832171975072,-10.605188674355327,Mozambique,IND,NOx
0780,3.173898316530299,MOZAMBIQUE_CABO DELGADO_QUISSANGA_BILIBIZA,40.19654727032573,-12.609796456581662,Mozambique,IND,NOx
0781,3.5692923971653276,MOZAMBIQUE_CABO DELGADO_QUISSANGA_MAHATE,40.41919917872787,-12.635885089192568,Mozambique,IND,NOx
0782,64.82093071222994,MOZAMBIQUE_CIDADE DE MAPUTO_KAMAVOTA_KAMAVOTA,32.634886641291224,-25.887693649593853,Mozambique,IND,NOx
0783,12.881215034346432,MOZAMBIQUE_CIDADE DE MAPUTO_KAMAXAKENI_KAMAXAKENI,32.59944117113847,-25.93889789948286,Mozambique,IND,NOx
0784,19.08172766741873,MOZAMBIQUE_CIDADE DE MAPUTO_KAMPFUMO_KAMPFUMO,32.586471991569425,-25.963392495074924,Mozambique,IND,NOx
0785,82.86024080307381,MOZAMBIQUE_CIDADE DE MAPUTO_KAMUBUKWANA_KAMUBUKWANA,32.57628175378329,-25.874280175789803,Mozambique,IND,NOx
0786,0.1902059020201025,MOZAMBIQUE_CIDADE DE MAPUTO_KANYAKA_KANYAKA,32.942792473320985,-26.019854398302623,Mozambique,IND,NOx
0787,33.68107142278403,MOZAMBIQUE_CIDADE DE MAPUTO_KATEMBE_KATEMBE,32.52558521951384,-26.037162300504427,Mozambique,IND,NOx
0788,17.03436578960451,MOZAMBIQUE_CIDADE DE MAPUTO_NHLAMANKULO_NHLAMANKULO,32.557337897173184,-25.94748667088231,Mozambique,IND,NOx
0789,5.878700466529113,MOZAMBIQUE_GAZA_BILENE_BILENE MACIA,33.12170844184735,-25.024345210123222,Mozambique,IND,NOx
0790,1.2048031648748732,MOZAMBIQUE_GAZA_BILENE_INCAIA,33.23389036385305,-24.972836632632283,Mozambique,IND,NOx
0791,7.473914329390162,MOZAMBIQUE_GAZA_BILENE_MACUANE,33.16406911785151,-25.13186013405694,Mozambique,IND,NOx
0792,4.275981328103878,MOZAMBIQUE_GAZA_BILENE_MAZIVILA,33.15771945972996,-24.86159285857413,Mozambique,IND,NOx
0793,7.779112445301448,MOZAMBIQUE_GAZA_BILENE_MESSANO,32.994801638202425,-24.9711864826169,Mozambique,IND,NOx
0794,1.4910746396026344,MOZAMBIQUE_GAZA_BILENE_PRAIA DE BILENE,33.22313026811176,-25.268200454905273,Mozambique,IND,NOx
0795,2.5357168827842704,MOZAMBIQUE_GAZA_CHIBUTO_ALTO CHANGANE,33.532709699998925,-24.239915954397528,Mozambique,IND,NOx
0796,0.11919371308789635,MOZAMBIQUE_GAZA_CHIBUTO_CHANGANINE,33.78000414254853,-24.004994838500192,Mozambique,IND,NOx
0797,5.008927874459483,MOZAMBIQUE_GAZA_CHIBUTO_CIDADE DE CHIBUTO,33.56479821975432,-24.69579299181594,Mozambique,IND,NOx
0798,14.071550594744831,MOZAMBIQUE_GAZA_CHIBUTO_GODIDE,33.664009941160174,-24.59383871859075,Mozambique,IND,NOx
0799,18.87107553520099,MOZAMBIQUE_GAZA_CHIBUTO_MALEHICE,33.68651799951757,-24.751639870695612,Mozambique,IND,NOx
0800,11.355289163702908,MOZAMBIQUE_GAZA_CHIBUTO_TCHAIMITE,33.40913649471263,-24.6274038248804,Mozambique,IND,NOx
0801,1.1066193125432318,MOZAMBIQUE_GAZA_CHICUALACUALA_EDUARDO MONDLANE,31.90283759038279,-22.22474259936432,Mozambique,IND,NOx
0802,2.7491835297151446,MOZAMBIQUE_GAZA_CHICUALACUALA_PAFURI,31.839636613036426,-23.062508500431342,Mozambique,IND,NOx
0803,0.6176546975804226,MOZAMBIQUE_GAZA_CHIGUBO_CHIGUBO SEDE,33.28327880896511,-22.55689162530508,Mozambique,IND,NOx
0804,2.680550541469419,MOZAMBIQUE_GAZA_CHIGUBO_NDINDIZA,33.50940091714144,-23.45508178763895,Mozambique,IND,NOx
0805,4.674219558946536,MOZAMBIQUE_GAZA_CHÓKWÈ_CIDADE DE CHÓKWÈ,32.99328794506374,-24.520208875238563,Mozambique,IND,NOx
0806,18.756230444994344,MOZAMBIQUE_GAZA_CHÓKWÈ_LIONDE,33.00856327547369,-24.690277510511446,Mozambique,IND,NOx
0807,13.710516642479128,MOZAMBIQUE_GAZA_CHÓKWÈ_MACARRETANE,32.75708982206706,-24.37253995423536,Mozambique,IND,NOx
0808,13.009410573787248,MOZAMBIQUE_GAZA_CHÓKWÈ_XILEMBENE,33.295896826319776,-24.740800650273098,Mozambique,IND,NOx
0809,36.07786488217051,MOZAMBIQUE_GAZA_CHONGOENE_CHONGOENE,33.78738388968989,-24.95612324064541,Mozambique,IND,NOx
0810,4.5828379408532705,MOZAMBIQUE_GAZA_CHONGOENE_MAZUCANE,33.94816589854456,-24.75078182642919,Mozambique,IND,NOx
0811,1.3286532594731173,MOZAMBIQUE_GAZA_CHONGOENE_NGUZENE,33.99174761296743,-24.900424006547656,Mozambique,IND,NOx
0812,32.90687400428625,MOZAMBIQUE_GAZA_CIDADE DE XAI-XAI_CIDADE DE XAI-XAI,33.6238199287902,-25.095602356591947,Mozambique,IND,NOx
0813,10.363768368409596,MOZAMBIQUE_GAZA_GUIJÁ_CHIVONGOENE,33.233221538781685,-24.47489638296496,Mozambique,IND,NOx
0814,9.129614249139282,MOZAMBIQUE_GAZA_GUIJÁ_MUBANGOENE,32.95074527970149,-24.269396021473018,Mozambique,IND,NOx
0815,0.9430699703502715,MOZAMBIQUE_GAZA_GUIJÁ_NALAZI,33.17804626234287,-24.007141668394482,Mozambique,IND,NOx
0816,1.4762098660088288,MOZAMBIQUE_GAZA_GUIJÁ_VILA CANIÇADO,33.03370976279583,-24.496154209395023,Mozambique,IND,NOx
0817,24.22516753915982,MOZAMBIQUE_GAZA_LIMPOPO_CHICUMBANE,33.50935105307376,-24.95521044053618,Mozambique,IND,NOx
0818,10.519190893451565,MOZAMBIQUE_GAZA_LIMPOPO_CHISSANO,33.36595620036372,-24.917774625636756,Mozambique,IND,NOx
0819,1.950805835828263,MOZAMBIQUE_GAZA_LIMPOPO_ZONGOENE,33.41768385775187,-25.15027705143945,Mozambique,IND,NOx
0820,2.83961808796917,MOZAMBIQUE_GAZA_MABALANE_COMBOMUNE,32.76206527578445,-23.248510922783225,Mozambique,IND,NOx
0821,0.843780061467247,MOZAMBIQUE_GAZA_MABALANE_MABALANE,32.830014386359615,-23.86472905225202,Mozambique,IND,NOx
0822,1.5351050341144945,MOZAMBIQUE_GAZA_MABALANE_NTLHAVENE,32.55611135942274,-23.700477308848008,Mozambique,IND,NOx
0823,2.6311917840803036,MOZAMBIQUE_GAZA_MANDLAKAZE_CHALALA,33.898816970795764,-24.62204362818058,Mozambique,IND,NOx
0824,5.74880714022462,MOZAMBIQUE_GAZA_MANDLAKAZE_CHIBONDZANE,34.20993805079586,-24.617150832754188,Mozambique,IND,NOx
0825,6.922917650772657,MOZAMBIQUE_GAZA_MANDLAKAZE_CHIDENGUELE,34.222185883991216,-24.846464693637397,Mozambique,IND,NOx
0826,1.512022957594212,MOZAMBIQUE_GAZA_MANDLAKAZE_MACUACUA,33.93793587874184,-24.351855632078426,Mozambique,IND,NOx
0827,3.6427058425015213,MOZAMBIQUE_GAZA_MANDLAKAZE_MANDLAKAZE SEDE,33.881734623458314,-24.717454952391012,Mozambique,IND,NOx
0828,2.504034081702875,MOZAMBIQUE_GAZA_MAPAI_MACHAILA,32.8972792264127,-22.46107250918086,Mozambique,IND,NOx
0829,3.4081915768524413,MOZAMBIQUE_GAZA_MAPAI_MAPAI,32.340153357812774,-22.66221263505515,Mozambique,IND,NOx
0830,1.9914132584679314,MOZAMBIQUE_GAZA_MASSANGENA_MASSANGENA,33.024968092166,-21.76228030255321,Mozambique,IND,NOx
0831,1.8029685608004384,MOZAMBIQUE_GAZA_MASSANGENA_MAVUE,32.44873445655671,-21.74455920732843,Mozambique,IND,NOx
0832,2.0671854998408516,MOZAMBIQUE_GAZA_MASSINGIR_MASSINGIR SEDE,32.14188192707758,-24.083427448323647,Mozambique,IND,NOx
0833,0.7037020511285609,MOZAMBIQUE_GAZA_MASSINGIR_MAVODZE,31.957192936094224,-23.682084241320673,Mozambique,IND,NOx
0834,0.26966085530568534,MOZAMBIQUE_GAZA_MASSINGIR_ZULO,32.44746940415907,-24.081905716979545,Mozambique,IND,NOx
0835,29.39769396777978,MOZAMBIQUE_INHAMBANE_CIDADE DA MAXIXE_CIDADE DA MAXIXE,35.30847837373539,-23.88280148067849,Mozambique,IND,NOx
0836,8.93402422719983,MOZAMBIQUE_INHAMBANE_CIDADE DE INHAMBANE_CIDADE DE INHAMBANE,35.4669344326235,-23.887608905915176,Mozambique,IND,NOx
0837,9.083674359189219,MOZAMBIQUE_INHAMBANE_FUNHALOURO_FUNHALOURO,34.40493526211412,-23.279005264339535,Mozambique,IND,NOx
0838,4.135054866937897,MOZAMBIQUE_INHAMBANE_FUNHALOURO_TOME,34.123107711970896,-22.6492454413369,Mozambique,IND,NOx
0839,2.9311219069120016,MOZAMBIQUE_INHAMBANE_GOVURO_NOVA MAMBONE,34.91124864499755,-21.24838028736193,Mozambique,IND,NOx
0840,5.822964360579771,MOZAMBIQUE_INHAMBANE_GOVURO_SAVE,34.50273875747384,-21.372352488268987,Mozambique,IND,NOx
0841,29.120750296005458,MOZAMBIQUE_INHAMBANE_HOMOÍNE_HOMOÍNE SEDE,35.11348463085394,-23.979574815302524,Mozambique,IND,NOx
0842,2.992993449192746,MOZAMBIQUE_INHAMBANE_HOMOÍNE_PEMBE,34.954010052320086,-23.75585650680714,Mozambique,IND,NOx
0843,25.148380729234983,MOZAMBIQUE_INHAMBANE_INHARRIME_INHARRIME SEDE,35.0629320946627,-24.377713765160113,Mozambique,IND,NOx
0844,4.7513805660552055,MOZAMBIQUE_INHAMBANE_INHARRIME_MUCUMBI,34.57231599403387,-24.417768147569834,Mozambique,IND,NOx
0845,0.04301679807991591,MOZAMBIQUE_INHAMBANE_INHASSORO_BAZARUTO,35.465173197521,-21.65725826320277,Mozambique,IND,NOx
0846,11.65334060825364,MOZAMBIQUE_INHAMBANE_INHASSORO_INHASSORO,34.84605588804438,-21.753052479230316,Mozambique,IND,NOx
0847,11.770076283676417,MOZAMBIQUE_INHAMBANE_JANGAMO_CUMBANA,35.150833362602604,-24.21294386364807,Mozambique,IND,NOx
0848,9.320707394968288,MOZAMBIQUE_INHAMBANE_JANGAMO_JANGAMO,35.3828405134123,-24.118279758970523,Mozambique,IND,NOx
0849,6.927020465575624,MOZAMBIQUE_INHAMBANE_MABOTE_MABOTE,34.1237933010753,-22.071272031528167,Mozambique,IND,NOx
0850,2.9673367103881487,MOZAMBIQUE_INHAMBANE_MABOTE_ZIMANE,33.53428838953659,-22.259421319452596,Mozambique,IND,NOx
0851,3.566977647422044,MOZAMBIQUE_INHAMBANE_MABOTE_ZINAVE,33.78047603814595,-21.630829138429963,Mozambique,IND,NOx
0852,8.349947161280806,MOZAMBIQUE_INHAMBANE_MASSINGA_CHICOMO,34.91593880649871,-22.694580178891357,Mozambique,IND,NOx
0853,44.32064105645613,MOZAMBIQUE_INHAMBANE_MASSINGA_MASSINGA,35.28967211538618,-23.208309768202906,Mozambique,IND,NOx
0854,15.86819874427693,MOZAMBIQUE_INHAMBANE_MORRUMBENE_MOCODUENE,35.03823145580892,-23.43542902200303,Mozambique,IND,NOx
0855,8.28710481888156,MOZAMBIQUE_INHAMBANE_MORRUMBENE_MORRUMBENE,35.31512127790291,-23.62003628600982,Mozambique,IND,NOx
0856,1.0172357386570583,MOZAMBIQUE_INHAMBANE_PANDA_MAWAYELA,34.116370299409866,-24.001901283449012,Mozambique,IND,NOx
0857,4.258060981272176,MOZAMBIQUE_INHAMBANE_PANDA_PANDA,34.5701782475298,-24.112499270772535,Mozambique,IND,NOx
0858,1.5604660881261667,MOZAMBIQUE_INHAMBANE_PANDA_URRENE,34.644908571251904,-23.83766104214481,Mozambique,IND,NOx
0859,16.257322271134267,MOZAMBIQUE_INHAMBANE_VILANKULO_MAPINHANE,35.04533061414311,-22.371051282087183,Mozambique,IND,NOx
0860,10.607526835096422,MOZAMBIQUE_INHAMBANE_VILANKULO_VILANKULO,35.3062246160536,-22.14744435743396,Mozambique,IND,NOx
0861,13.808196444951133,MOZAMBIQUE_INHAMBANE_ZAVALA_QUISSICO,34.83275046669489,-24.629624369539606,Mozambique,IND,NOx
0862,12.51371122721632,MOZAMBIQUE_INHAMBANE_ZAVALA_ZANDAMELA,34.4860299379439,-24.67609745657631,Mozambique,IND,NOx
0863,5.961581780662604,MOZAMBIQUE_LAKE MALAWI_LAKE MALAWI_LAKE MALAWI,34.66958894981475,-12.465931949774122,Mozambique,IND,NOx
0864,44.220980720681084,MOZAMBIQUE_MANICA_BÁRUÈ_CATANDICA,33.30152827468673,-18.240536298661056,Mozambique,IND,NOx
0865,3.7991509842820155,MOZAMBIQUE_MANICA_BÁRUÈ_CHOA,33.04569434614779,-18.064104442461606,Mozambique,IND,NOx
0866,0.127503732054069,MOZAMBIQUE_MANICA_BÁRUÈ_NHAMPASSA,33.184551019135135,-17.597094490855643,Mozambique,IND,NOx
0867,69.99431435912577,MOZAMBIQUE_MANICA_CIDADE DE CHIMOIO_CHIMOIO,33.45536740007841,-19.127720352606506,Mozambique,IND,NOx
0868,15.007161484996638,MOZAMBIQUE_MANICA_GONDOLA_AMATONGAS,33.81580808058416,-19.088843340895576,Mozambique,IND,NOx
0869,18.639131772097894,MOZAMBIQUE_MANICA_GONDOLA_CAFUMPE,33.73252675700257,-18.96598115326139,Mozambique,IND,NOx
0870,4.81024856157657,MOZAMBIQUE_MANICA_GONDOLA_GONDOLA,33.66706225815283,-19.067556713895804,Mozambique,IND,NOx
0871,12.105159139559634,MOZAMBIQUE_MANICA_GONDOLA_INCHOPE,33.855910359091254,-19.34910726017252,Mozambique,IND,NOx
0872,0,MOZAMBIQUE_MANICA_GURO_GURO SEDE,33.28735962339221,-17.287981286704778,Mozambique,IND,NOx
0873,4.507464669478777,MOZAMBIQUE_MANICA_GURO_MANDIE,33.67962216440644,-16.54401479200918,Mozambique,IND,NOx
0874,0,MOZAMBIQUE_MANICA_GURO_MUNGARI,33.54831007111624,-17.10496669776008,Mozambique,IND,NOx
0875,2.342592179728121,MOZAMBIQUE_MANICA_GURO_NHAMASSONGE,33.596453539786765,-16.77407345471343,Mozambique,IND,NOx
0876,18.76485913246206,MOZAMBIQUE_MANICA_MACATE_MACATE SEDE,33.58000277986244,-19.400692718644812,Mozambique,IND,NOx
0877,16.000439477551264,MOZAMBIQUE_MANICA_MACATE_ZEMBE,33.35412342370635,-19.22767890720999,Mozambique,IND,NOx
0878,28.853616741658495,MOZAMBIQUE_MANICA_MACHAZE_CHITOBE,33.306459347363266,-20.88553205985008,Mozambique,IND,NOx
0879,11.367980975796835,MOZAMBIQUE_MANICA_MACHAZE_SAVE,33.21143246815166,-21.301458761861632,Mozambique,IND,NOx
0880,7.057603382960294,MOZAMBIQUE_MANICA_MACOSSA_MACOSSA SEDE,33.93258269449586,-17.783133366418287,Mozambique,IND,NOx
0881,3.2723248079059113,MOZAMBIQUE_MANICA_MACOSSA_NGUAWALA,33.639533569018866,-18.34411311077633,Mozambique,IND,NOx
0882,3.731820045883903,MOZAMBIQUE_MANICA_MACOSSA_NHAMAGUA,33.51483956167798,-17.75456736936627,Mozambique,IND,NOx
0883,15.115739497981302,MOZAMBIQUE_MANICA_MANICA_MACHIPANDA,32.85545139808637,-18.879904801552133,Mozambique,IND,NOx
0884,11.261633962180685,MOZAMBIQUE_MANICA_MANICA_MAVONDE,33.05466930685875,-18.601929350510918,Mozambique,IND,NOx
0885,15.982781208254472,MOZAMBIQUE_MANICA_MANICA_MESSICA,33.034928611751994,-19.04617280907505,Mozambique,IND,NOx
0886,10.255112208217767,MOZAMBIQUE_MANICA_MANICA_MUNICIPIO DE MANICA,32.87567656092327,-18.944254944375942,Mozambique,IND,NOx
0887,0,MOZAMBIQUE_MANICA_MOSSURIZE_CHIURAIRUE,32.81274306891318,-20.739522288509274,Mozambique,IND,NOx
0888,1.4361235949849522,MOZAMBIQUE_MANICA_MOSSURIZE_DACATA,33.08962587563526,-20.311252884140636,Mozambique,IND,NOx
0889,5.144211004562462,MOZAMBIQUE_MANICA_MOSSURIZE_ESPUNGABERA,32.802896674454466,-20.52340497291208,Mozambique,IND,NOx
0890,16.032272601042504,MOZAMBIQUE_MANICA_SUSSUNDENGA_DOMBE,33.398614696729936,-19.90088894894896,Mozambique,IND,NOx
0891,6.4246892969285385,MOZAMBIQUE_MANICA_SUSSUNDENGA_MUOHA,33.124555743177076,-19.350567086646706,Mozambique,IND,NOx
0892,2.1480976909176532,MOZAMBIQUE_MANICA_SUSSUNDENGA_ROTANDA,32.98367765963056,-19.498315171914083,Mozambique,IND,NOx
0893,19.17934587374685,MOZAMBIQUE_MANICA_SUSSUNDENGA_SUSSUNDENGA SEDE,33.39688667188607,-19.55883675489867,Mozambique,IND,NOx
0894,0.13551801998355395,MOZAMBIQUE_MANICA_TAMBARA_BUZUA,34.12771071863433,-17.124856875787454,Mozambique,IND,NOx
0895,0,MOZAMBIQUE_MANICA_TAMBARA_NHACAFULA,33.94471979664244,-16.860581221473716,Mozambique,IND,NOx
0896,10.717342919738456,MOZAMBIQUE_MANICA_TAMBARA_NHACOLO,34.257266964940285,-16.782606471479635,Mozambique,IND,NOx
0897,23.140703355921058,MOZAMBIQUE_MANICA_VANDUZI_MATSINHO,33.562813117614425,-18.856539716123457,Mozambique,IND,NOx
0898,23.657331945130622,MOZAMBIQUE_MANICA_VANDUZI_VANDUZI SEDE,33.26441975503835,-18.840475151767034,Mozambique,IND,NOx
0899,12.334940783555686,MOZAMBIQUE_MAPUTO_BOANE_BOANE,32.34035370899738,-26.08445441643418,Mozambique,IND,NOx
0900,63.12599295575895,MOZAMBIQUE_MAPUTO_BOANE_MATOLA RIO,32.385947237971614,-25.894018223674056,Mozambique,IND,NOx
0901,65.44532262166106,MOZAMBIQUE_MAPUTO_CIDADE DA MATOLA_CIDADE DA MATOLA,32.45895180757802,-25.935412363609455,Mozambique,IND,NOx
0902,134.92713467468195,MOZAMBIQUE_MAPUTO_CIDADE DA MATOLA_INFULENE,32.535005856471074,-25.794670956061914,Mozambique,IND,NOx
0903,146.04059443741957,MOZAMBIQUE_MAPUTO_CIDADE DA MATOLA_MACHAVA,32.469180128394825,-25.837376960910778,Mozambique,IND,NOx
0904,11.72424765895882,MOZAMBIQUE_MAPUTO_MAGUDE_MAGUDE,32.61075121973975,-25.022037525237383,Mozambique,IND,NOx
0905,0.9739179715599119,MOZAMBIQUE_MAPUTO_MAGUDE_MAHELE,32.54075600639742,-24.492112517985618,Mozambique,IND,NOx
0906,0,MOZAMBIQUE_MAPUTO_MAGUDE_MAPULANGUENE,32.20329983157022,-24.507823782731254,Mozambique,IND,NOx
0907,0.6001645340613029,MOZAMBIQUE_MAPUTO_MAGUDE_MOTAZE,32.709351138737226,-24.71535123184659,Mozambique,IND,NOx
0908,0.008440702919332155,MOZAMBIQUE_MAPUTO_MAGUDE_PANJANE,32.389312226449206,-24.870818989222865,Mozambique,IND,NOx
0909,14.310643345516302,MOZAMBIQUE_MAPUTO_MANHIÇA_3 DE FEVEREIRO,32.82054683811158,-25.208390101324238,Mozambique,IND,NOx
0910,1.9595054607618883,MOZAMBIQUE_MAPUTO_MANHIÇA_CALANGA,33.00084214854617,-25.35071525423053,Mozambique,IND,NOx
0911,1.3316270355570885,MOZAMBIQUE_MAPUTO_MANHIÇA_ILHA JOSINA MACHEL,32.946022649902154,-25.170914273804748,Mozambique,IND,NOx
0912,7.89235348973993,MOZAMBIQUE_MAPUTO_MANHIÇA_MALUANA,32.64334243048221,-25.49818169410212,Mozambique,IND,NOx
0913,9.22416923789631,MOZAMBIQUE_MAPUTO_MANHIÇA_MUNICÍPIO DE MANHIÇA,32.724753253319165,-25.360399766782734,Mozambique,IND,NOx
0914,4.5616548240808,MOZAMBIQUE_MAPUTO_MANHIÇA_XINAVANE,32.81889559595267,-25.03141860388646,Mozambique,IND,NOx
0915,0.6277950032786377,MOZAMBIQUE_MAPUTO_MARRACUENE_MACHUBO,32.81266574227231,-25.54972386244347,Mozambique,IND,NOx
0916,72.93109498707435,MOZAMBIQUE_MAPUTO_MARRACUENE_MARRACUENE,32.660662063959514,-25.71381174508608,Mozambique,IND,NOx
0917,34.221628020072764,MOZAMBIQUE_MAPUTO_MATUTUINE_BELA VISTA,32.645581759560066,-26.45851112867402,Mozambique,IND,NOx
0918,6.233343907148715,MOZAMBIQUE_MAPUTO_MATUTUINE_CATEMBE M'SIME,32.53741836502509,-26.163141580325597,Mozambique,IND,NOx
0919,1.082212182379626,MOZAMBIQUE_MAPUTO_MATUTUINE_CATUANE,32.28250028994303,-26.662117878264368,Mozambique,IND,NOx
0920,0.011688607989048123,MOZAMBIQUE_MAPUTO_MATUTUINE_MACHANGULO,32.91305429949867,-26.21651617955071,Mozambique,IND,NOx
0921,1.9710605538766883,MOZAMBIQUE_MAPUTO_MATUTUINE_ZITUNDO,32.66218188529151,-26.782492068760977,Mozambique,IND,NOx
0922,3.169791900995758,MOZAMBIQUE_MAPUTO_MOAMBA_MOAMBA,32.3326091155693,-25.499060096245582,Mozambique,IND,NOx
0923,2.5332728182859,MOZAMBIQUE_MAPUTO_MOAMBA_PESSENE,32.39574490260445,-25.695218912241263,Mozambique,IND,NOx
0924,2.0284544468102883,MOZAMBIQUE_MAPUTO_MOAMBA_RESSANO GARCIA,32.06292546188341,-25.524791985906663,Mozambique,IND,NOx
0925,1.8405623151314265,MOZAMBIQUE_MAPUTO_MOAMBA_SABIE,32.18675953290936,-25.158239910785245,Mozambique,IND,NOx
0926,2.3251981211863657,MOZAMBIQUE_MAPUTO_NAMAACHA_CHANGALANE,32.221223944789266,-26.330019105258224,Mozambique,IND,NOx
0927,130.97732526816844,MOZAMBIQUE_MAPUTO_NAMAACHA_NAMAACHA,32.12662388876005,-25.9088344940042,Mozambique,IND,NOx
0928,33.003772853128105,MOZAMBIQUE_NAMPULA_ANGOCHE_AUBE,39.75852334490812,-16.336839936374812,Mozambique,IND,NOx
0929,27.312519625819274,MOZAMBIQUE_NAMPULA_ANGOCHE_BOILA NAMETORIA,39.70290960696779,-16.100643339566087,Mozambique,IND,NOx
0930,5.780290469983,MOZAMBIQUE_NAMPULA_ANGOCHE_CIDADE DE ANGOCHE,39.98119984744425,-16.102624069451156,Mozambique,IND,NOx
0931,13.44309666184066,MOZAMBIQUE_NAMPULA_ANGOCHE_NAMAPONDA,39.89454505581379,-15.89709080920383,Mozambique,IND,NOx
0932,51.812958703696395,MOZAMBIQUE_NAMPULA_CIDADE DE NAMPULA_ANCHILO,39.346700309798294,-15.22913786136925,Mozambique,IND,NOx
0933,70.1315062776256,MOZAMBIQUE_NAMPULA_CIDADE DE NAMPULA_MUATALA,39.22135093911949,-15.1593659383683,Mozambique,IND,NOx
0934,51.99068727900388,MOZAMBIQUE_NAMPULA_CIDADE DE NAMPULA_MUHALA,39.306298419558225,-15.143595959458594,Mozambique,IND,NOx
0935,15.416091087687358,MOZAMBIQUE_NAMPULA_CIDADE DE NAMPULA_NAMICOPO,39.34525426178243,-15.074628282390453,Mozambique,IND,NOx
0936,10.36391619548625,MOZAMBIQUE_NAMPULA_CIDADE DE NAMPULA_NAPIPINE,39.25129320752563,-15.062109621505412,Mozambique,IND,NOx
0937,22.212294965050823,MOZAMBIQUE_NAMPULA_CIDADE DE NAMPULA_NATIKIRE,39.191184088730786,-15.102448366937157,Mozambique,IND,NOx
0938,4.834769902149252,MOZAMBIQUE_NAMPULA_CIDADE DE NAMPULA_URBANO CENTRAL,39.26026156001214,-15.125287189299852,Mozambique,IND,NOx
0939,30.146872848803174,MOZAMBIQUE_NAMPULA_ERÁTI_ALUA,39.89489894828684,-14.015072975322239,Mozambique,IND,NOx
0940,42.04775875666984,MOZAMBIQUE_NAMPULA_ERÁTI_NAMAPA SEDE,39.89264212180842,-13.722799866022642,Mozambique,IND,NOx
0941,9.902746414991649,MOZAMBIQUE_NAMPULA_ERÁTI_NAMIROA,39.437336879824,-14.089576975293262,Mozambique,IND,NOx
0942,3.8011409536063216,MOZAMBIQUE_NAMPULA_ILHA DE MOÇAMBIQUE_ILHA DE MOÇAMBIQUE,40.67676981409689,-15.059117781685298,Mozambique,IND,NOx
0943,4.500251792384498,MOZAMBIQUE_NAMPULA_ILHA DE MOÇAMBIQUE_LUMBO,40.593069155304626,-15.048959749366846,Mozambique,IND,NOx
0944,17.3370691166424,MOZAMBIQUE_NAMPULA_LALAUA_LALAUA,38.27740706902064,-14.383261448419889,Mozambique,IND,NOx
0945,2.735630144110773,MOZAMBIQUE_NAMPULA_LALAUA_METI,37.86423737401499,-14.530463178154468,Mozambique,IND,NOx
0946,13.923858977964471,MOZAMBIQUE_NAMPULA_LARDE_LARDE,39.589862180815906,-16.482975798802265,Mozambique,IND,NOx
0947,6.11911031786752,MOZAMBIQUE_NAMPULA_LARDE_MUCUALI,39.41790695893417,-16.287090861188318,Mozambique,IND,NOx
0948,12.542015078083313,MOZAMBIQUE_NAMPULA_LIÚPO_LIÚPO,39.94138165076237,-15.619173498171499,Mozambique,IND,NOx
0949,15.509818505682219,MOZAMBIQUE_NAMPULA_LIÚPO_QUINGA,40.157694999874806,-15.780114581820921,Mozambique,IND,NOx
0950,3.7976795471968057,MOZAMBIQUE_NAMPULA_MALEMA_CHILULO,37.49996661674137,-14.582880564434472,Mozambique,IND,NOx
0951,36.71847981751502,MOZAMBIQUE_NAMPULA_MALEMA_MALEMA/CANHUNHA,37.573319940795386,-14.919357085909676,Mozambique,IND,NOx
0952,18.79809221969822,MOZAMBIQUE_NAMPULA_MALEMA_MUTUALI,37.081432441192284,-14.83921892153854,Mozambique,IND,NOx
0953,4.791923988324778,MOZAMBIQUE_NAMPULA_MECONTA_7 DE ABRIL,39.7199341583495,-15.117491589999613,Mozambique,IND,NOx
0954,20.064577402042676,MOZAMBIQUE_NAMPULA_MECONTA_CORRANE,39.54876435760044,-15.421969554300855,Mozambique,IND,NOx
0955,4.739890171990297,MOZAMBIQUE_NAMPULA_MECONTA_MECONTA,39.82355388116307,-15.033425935687111,Mozambique,IND,NOx
0956,18.76825597331042,MOZAMBIQUE_NAMPULA_MECONTA_NAMIALO,39.94047851888918,-14.94333164575556,Mozambique,IND,NOx
0957,26.759296302483143,MOZAMBIQUE_NAMPULA_MECUBÚRI_MECUBÚRI,38.91630435171187,-14.607000995672898,Mozambique,IND,NOx
0958,3.658033707879322,MOZAMBIQUE_NAMPULA_MECUBÚRI_MILHANA,39.127654237397486,-14.281829730798503,Mozambique,IND,NOx
0959,13.176739198436561,MOZAMBIQUE_NAMPULA_MECUBÚRI_MUITE,38.88511350311829,-14.17769262196541,Mozambique,IND,NOx
0960,8.07313181624565,MOZAMBIQUE_NAMPULA_MECUBÚRI_NANIMA,38.617221520409196,-14.762009037141098,Mozambique,IND,NOx
0961,9.647913847559503,MOZAMBIQUE_NAMPULA_MEMBA_CHIPENE,40.29531026163154,-13.784944312169863,Mozambique,IND,NOx
0962,5.79354903744215,MOZAMBIQUE_NAMPULA_MEMBA_LURIO,40.42969149388564,-13.60745895695087,Mozambique,IND,NOx
0963,20.441351466818052,MOZAMBIQUE_NAMPULA_MEMBA_MAZUA,40.34452950636614,-13.975095364086036,Mozambique,IND,NOx
0964,29.117467433489594,MOZAMBIQUE_NAMPULA_MEMBA_MEMBA,40.48276911284229,-14.242242078752795,Mozambique,IND,NOx
0965,3.0597387888884198,MOZAMBIQUE_NAMPULA_MOGINCUAL_NAMINGE,40.30844201844057,-15.56760468837137,Mozambique,IND,NOx
0966,8.346909223643149,MOZAMBIQUE_NAMPULA_MOGINCUAL_QUIXAXE,40.05536393377276,-15.321131966629133,Mozambique,IND,NOx
0967,8.407623563781668,MOZAMBIQUE_NAMPULA_MOGOVOLAS_CALIPO,39.058913588331414,-15.530947657322523,Mozambique,IND,NOx
0968,33.93135479239025,MOZAMBIQUE_NAMPULA_MOGOVOLAS_ILUTE,39.04192013771539,-15.797541445237854,Mozambique,IND,NOx
0969,13.574486709407493,MOZAMBIQUE_NAMPULA_MOGOVOLAS_MUATUA,39.66247406833886,-15.748169028736038,Mozambique,IND,NOx
0970,40.410603429159615,MOZAMBIQUE_NAMPULA_MOGOVOLAS_NAMETIL SEDE,39.38310472440292,-15.732437675168812,Mozambique,IND,NOx
0971,15.660716251446171,MOZAMBIQUE_NAMPULA_MOGOVOLAS_NANHUPO RIO,39.48451889216197,-15.93529808811821,Mozambique,IND,NOx
0972,25.838960209593466,MOZAMBIQUE_NAMPULA_MOMA_CHALAUA,39.136312137632906,-16.068904552909896,Mozambique,IND,NOx
0973,47.945561137330316,MOZAMBIQUE_NAMPULA_MOMA_MACONE SEDE,39.18460905278941,-16.514079368820905,Mozambique,IND,NOx
0974,11.396144081201683,MOZAMBIQUE_NAMPULA_MONAPO_ITUCULO,40.24618932007347,-14.64048511059819,Mozambique,IND,NOx
0975,47.85141861533724,MOZAMBIQUE_NAMPULA_MONAPO_MONAPO SEDE,40.137517062624255,-15.018378371016844,Mozambique,IND,NOx
0976,46.911880474449866,MOZAMBIQUE_NAMPULA_MONAPO_NETIA,39.995063284132854,-14.706425832874704,Mozambique,IND,NOx
0977,5.422099190282324,MOZAMBIQUE_NAMPULA_MOSSURIL_LUNGA,40.43246793584781,-15.262329440298691,Mozambique,IND,NOx
0978,7.976954505362902,MOZAMBIQUE_NAMPULA_MOSSURIL_MATIBANE,40.72180005361815,-14.737223520198267,Mozambique,IND,NOx
0979,11.729044874650983,MOZAMBIQUE_NAMPULA_MOSSURIL_MOSSURIL SEDE,40.51219848506181,-14.903379159287029,Mozambique,IND,NOx
0980,12.377701534632656,MOZAMBIQUE_NAMPULA_MUECATE_IMALA,39.45961702371391,-14.506131562026775,Mozambique,IND,NOx
0981,5.193151364439307,MOZAMBIQUE_NAMPULA_MUECATE_MUCOLUANE,39.346844589295436,-14.772718872651845,Mozambique,IND,NOx
0982,27.245970040867643,MOZAMBIQUE_NAMPULA_MUECATE_MUECATE,39.674472160839436,-14.750405729993048,Mozambique,IND,NOx
0983,6.806631677455183,MOZAMBIQUE_NAMPULA_MURRUPULA_CHINGA,38.63575073821358,-15.171362107258943,Mozambique,IND,NOx
0984,41.90933542113482,MOZAMBIQUE_NAMPULA_MURRUPULA_MURRUPULA,38.65453769328181,-15.40126150281662,Mozambique,IND,NOx
0985,6.4190367197786316,MOZAMBIQUE_NAMPULA_MURRUPULA_NIHESSIUE,38.705843526253894,-15.632443438924252,Mozambique,IND,NOx
0986,7.193089436570374,MOZAMBIQUE_NAMPULA_NACALA-A-VELHA_COVO,40.369538959835154,-14.497710962103438,Mozambique,IND,NOx
0987,44.85354059139942,MOZAMBIQUE_NAMPULA_NACALA-A-VELHA_NACALA-A-VELHA,40.519787648403145,-14.585074942847683,Mozambique,IND,NOx
0988,17.5849650498568,MOZAMBIQUE_NAMPULA_NACALA-PORTO_MUANONA,40.65231715877891,-14.62078918917591,Mozambique,IND,NOx
0989,25.491828734556325,MOZAMBIQUE_NAMPULA_NACALA-PORTO_MUTIVA,40.74125943838887,-14.510895004706317,Mozambique,IND,NOx
0990,5.453821669738408,MOZAMBIQUE_NAMPULA_NACARÔA_INTETE,40.18830219819722,-14.339300888601866,Mozambique,IND,NOx
0991,21.084654581862416,MOZAMBIQUE_NAMPULA_NACARÔA_NACARÔA,39.93302344885562,-14.403489324317396,Mozambique,IND,NOx
0992,3.4321873856476524,MOZAMBIQUE_NAMPULA_NACARÔA_SAUA-SAUA,39.70222666069944,-14.278122143645904,Mozambique,IND,NOx
0993,7.869250299093215,MOZAMBIQUE_NAMPULA_RAPALE_MUTIVAZE,38.86687949184624,-15.018807059185013,Mozambique,IND,NOx
0994,26.588954057896117,MOZAMBIQUE_NAMPULA_RAPALE_NAMAITA,38.99863263319021,-15.219861952374297,Mozambique,IND,NOx
0995,23.686437591758697,MOZAMBIQUE_NAMPULA_RAPALE_RAPALE,39.16149044871234,-14.974807379007945,Mozambique,IND,NOx
0996,12.233351464319128,MOZAMBIQUE_NAMPULA_RIBÁUÈ_CUNLE,38.27686663788419,-15.228219850470028,Mozambique,IND,NOx
0997,32.02947616688836,MOZAMBIQUE_NAMPULA_RIBÁUÈ_IAPALA,37.96696312231578,-14.993085543848041,Mozambique,IND,NOx
0998,33.95120914550189,MOZAMBIQUE_NAMPULA_RIBÁUÈ_RIBÁUÈ,38.41380839889487,-14.881044564938612,Mozambique,IND,NOx
0999,36.25977019442406,MOZAMBIQUE_NIASSA_CHIMBONILA_CHIMBONILA,35.408928981746264,-13.368174436939729,Mozambique,IND,NOx
1000,12.950560949212562,MOZAMBIQUE_NIASSA_CHIMBONILA_LIONE,35.129139572126896,-13.602588135727931,Mozambique,IND,NOx
1001,1.5011650835344532,MOZAMBIQUE_NIASSA_CHIMBONILA_MEPONDA,34.91488092078617,-13.29985997149095,Mozambique,IND,NOx
1002,50.5232966184643,MOZAMBIQUE_NIASSA_CIDADE DE LICHINGA_CIDADE DE LICHINGA,35.24558878755181,-13.298038006470582,Mozambique,IND,NOx
1003,43.30173895310387,MOZAMBIQUE_NIASSA_CUAMBA_CIDADE DE CUAMBA,36.43225300678852,-14.65151757200614,Mozambique,IND,NOx
1004,16.07164164442186,MOZAMBIQUE_NIASSA_CUAMBA_ETATARA,36.50604736569097,-15.067722646032196,Mozambique,IND,NOx
1005,0.626730703452231,MOZAMBIQUE_NIASSA_CUAMBA_LÚRIO,36.74388384413436,-14.643139941997887,Mozambique,IND,NOx
1006,0,MOZAMBIQUE_NIASSA_CUAMBA_MEPICA,36.27342275841742,-14.590957907953893,Mozambique,IND,NOx
1007,4.7374011039463175,MOZAMBIQUE_NIASSA_LAGO_CÓBUE,35.0221799648129,-11.988797384472345,Mozambique,IND,NOx
1008,1.2742105537426958,MOZAMBIQUE_NIASSA_LAGO_LUNHO,34.93957981389291,-12.442879629662482,Mozambique,IND,NOx
1009,7.801273161346284,MOZAMBIQUE_NIASSA_LAGO_MANIAMBA,35.03282976741832,-12.708593517824148,Mozambique,IND,NOx
1010,2.0981603787867127,MOZAMBIQUE_NIASSA_LAGO_MELULUCA,34.858334813639914,-12.908685961985746,Mozambique,IND,NOx
1011,15.81038425577758,MOZAMBIQUE_NIASSA_LAGO_METANGULA,34.86215758962762,-12.665576315058521,Mozambique,IND,NOx
1012,7.921440178960133,MOZAMBIQUE_NIASSA_MAJUNE_MALANGA,36.33165472317088,-13.08401614787644,Mozambique,IND,NOx
1013,0.6214329453487676,MOZAMBIQUE_NIASSA_MAJUNE_MUAQUIA,36.67128728604254,-13.41002543814736,Mozambique,IND,NOx
1014,2.1825214035263416,MOZAMBIQUE_NIASSA_MAJUNE_NAIRRUBI,36.15642160714719,-13.643230834070724,Mozambique,IND,NOx
1015,46.56222724094483,MOZAMBIQUE_NIASSA_MANDIMBA_LISSIETE,35.73028508291114,-14.332441674005302,Mozambique,IND,NOx
1016,13.046642061281887,MOZAMBIQUE_NIASSA_MANDIMBA_MITANDE,35.98013612645266,-14.147764062736895,Mozambique,IND,NOx
1017,1.6086383896332717,MOZAMBIQUE_NIASSA_MARRUPA_MARRANGIRA,37.72889340449302,-12.68953895503554,Mozambique,IND,NOx
1018,16.5464028169712,MOZAMBIQUE_NIASSA_MARRUPA_MARRUPA SEDE,37.19633769132261,-13.146463272129202,Mozambique,IND,NOx
1019,2.066239305360779,MOZAMBIQUE_NIASSA_MARRUPA_NUNGO,37.81925447353719,-13.478328866752053,Mozambique,IND,NOx
1020,2.512204469792185,MOZAMBIQUE_NIASSA_MAÚA_MAIACA,37.3005706489584,-14.114170204450419,Mozambique,IND,NOx
1021,14.391801355193962,MOZAMBIQUE_NIASSA_MAÚA_MAÚA,36.95858875508161,-13.837399370259327,Mozambique,IND,NOx
1022,7.228661447512218,MOZAMBIQUE_NIASSA_MAVAGO_MAVAGO SEDE,36.182550803240666,-12.258018044524356,Mozambique,IND,NOx
1023,0.8850400763029669,MOZAMBIQUE_NIASSA_MAVAGO_MSAWIZE,36.597826594641965,-12.217689955331863,Mozambique,IND,NOx
1024,7.386991737974088,MOZAMBIQUE_NIASSA_MECANHELAS_CHIUTA,36.08847717751292,-14.74364623777168,Mozambique,IND,NOx
1025,58.051449512359305,MOZAMBIQUE_NIASSA_MECANHELAS_INSACA,36.06761006964796,-15.20035211382043,Mozambique,IND,NOx
1026,1.1709498582094597,MOZAMBIQUE_NIASSA_MECULA_MATONDOVELA,37.1193193013008,-12.085419283276117,Mozambique,IND,NOx
1027,4.246200916171239,MOZAMBIQUE_NIASSA_MECULA_MECULA SEDE,37.94951162557012,-11.849337861322065,Mozambique,IND,NOx
1028,3.1874506428234524,MOZAMBIQUE_NIASSA_METARICA_NACUMUA,37.16022891434504,-14.413133439925444,Mozambique,IND,NOx
1029,7.894936324886667,MOZAMBIQUE_NIASSA_METARICA_NAMICUNDI,36.60578243101672,-14.246532016438536,Mozambique,IND,NOx
1030,7.9157347794077095,MOZAMBIQUE_NIASSA_MUEMBE_CHICONONO,35.825200631872406,-12.703703422754193,Mozambique,IND,NOx
1031,5.641220956523635,MOZAMBIQUE_NIASSA_MUEMBE_MUEMBE,35.78045415030022,-13.116180648877394,Mozambique,IND,NOx
1032,3.1156274571746123,MOZAMBIQUE_NIASSA_NGAUMA_ITEPELA,35.72513460549021,-13.747122663104934,Mozambique,IND,NOx
1033,26.854693883152727,MOZAMBIQUE_NIASSA_NGAUMA_MASSANGULO,35.43617637765224,-13.89029757440695,Mozambique,IND,NOx
1034,0.0753884394049685,MOZAMBIQUE_NIASSA_NIPEPE_MULUCO,38.03235704715008,-13.729080948075778,Mozambique,IND,NOx
1035,11.9454132193769,MOZAMBIQUE_NIASSA_NIPEPE_NIPEPE SEDE,37.868200779972554,-14.05769630156578,Mozambique,IND,NOx
1036,10.986248073889103,MOZAMBIQUE_NIASSA_SANGA_LUSSIMBESSE,35.17879893805198,-13.045539587648593,Mozambique,IND,NOx
1037,4.885424387075854,MOZAMBIQUE_NIASSA_SANGA_MACALOGE,35.50896840865773,-12.2274899473508,Mozambique,IND,NOx
1038,1.4638885802869883,MOZAMBIQUE_NIASSA_SANGA_MATCHEDJE,35.75189053128633,-11.753298058450781,Mozambique,IND,NOx
1039,4.3814141784017435,MOZAMBIQUE_NIASSA_SANGA_UNANGO,35.34018877756437,-12.783844219315524,Mozambique,IND,NOx
1040,31.165380399602107,MOZAMBIQUE_SOFALA_BÚZI_BÚZI SEDE,34.36044794827508,-19.819912163773225,Mozambique,IND,NOx
1041,11.62963047547744,MOZAMBIQUE_SOFALA_BÚZI_ESTAQUINHA,34.16777219776005,-20.149116281359227,Mozambique,IND,NOx
1042,4.1193008130871265,MOZAMBIQUE_SOFALA_BÚZI_NOVA SOFALA,34.51923951284964,-20.29614767325403,Mozambique,IND,NOx
1043,14.676931482588527,MOZAMBIQUE_SOFALA_CAIA_CAIA SEDE,35.01870022079462,-17.9131888576579,Mozambique,IND,NOx
1044,0,MOZAMBIQUE_SOFALA_CAIA_MURRACA,35.043543737221526,-17.704599519075483,Mozambique,IND,NOx
1045,19.00000762030095,MOZAMBIQUE_SOFALA_CAIA_SENA,34.958614543889205,-17.545518104260157,Mozambique,IND,NOx
1046,8.600961093575176,MOZAMBIQUE_SOFALA_CHEMBA_CHEMBA,34.796784909165844,-17.161346900583574,Mozambique,IND,NOx
1047,1.9781399781746876,MOZAMBIQUE_SOFALA_CHEMBA_CHIRAMBA,34.46911953038281,-17.053102795299342,Mozambique,IND,NOx
1048,0,MOZAMBIQUE_SOFALA_CHEMBA_MULIMA,34.63667292129747,-17.357412370668445,Mozambique,IND,NOx
1049,10.426349848822936,MOZAMBIQUE_SOFALA_CHERINGOMA_INHAMINGA,35.225847778954645,-18.633629386192386,Mozambique,IND,NOx
1050,4.69157562236873,MOZAMBIQUE_SOFALA_CHERINGOMA_INHAMITANGA,35.21803732270835,-18.19602497310624,Mozambique,IND,NOx
1051,3.7627352153096787,MOZAMBIQUE_SOFALA_CHIBABAVA_CHIBABAVA,33.625822885571004,-20.32409844006914,Mozambique,IND,NOx
1052,11.092145267935305,MOZAMBIQUE_SOFALA_CHIBABAVA_GOONDA SEDE,33.78093779690099,-20.00140681012032,Mozambique,IND,NOx
1053,25.4451673210027,MOZAMBIQUE_SOFALA_CHIBABAVA_MUXUNGUE,34.00746860191191,-20.588553113130725,Mozambique,IND,NOx
1054,12.603893508776043,MOZAMBIQUE_SOFALA_CIDADE DA BEIRA_CHIVEVE,34.85910823293791,-19.837591338553143,Mozambique,IND,NOx
1055,6.328719585391063,MOZAMBIQUE_SOFALA_CIDADE DA BEIRA_MANGA LAFORTE,34.91731660730856,-19.78865079306362,Mozambique,IND,NOx
1056,19.19071267027964,MOZAMBIQUE_SOFALA_CIDADE DA BEIRA_MUNHAVA,34.87242987491962,-19.81345968978157,Mozambique,IND,NOx
1057,7.392055128622742,MOZAMBIQUE_SOFALA_CIDADE DA BEIRA_NHANGAU,34.98285843795014,-19.693063426738647,Mozambique,IND,NOx
1058,60.308561591019576,MOZAMBIQUE_SOFALA_DONDO_CIDADE DE DONDO,34.813763994435696,-19.59912984557761,Mozambique,IND,NOx
1059,15.971554870429236,MOZAMBIQUE_SOFALA_DONDO_MAFAMBISSE,34.6172248295846,-19.41411670725845,Mozambique,IND,NOx
1060,0.597702771657844,MOZAMBIQUE_SOFALA_DONDO_SAVANE,34.99777842679284,-19.497504876595226,Mozambique,IND,NOx
1061,25.787721959331435,MOZAMBIQUE_SOFALA_GORONGOSA_CANDA,33.9411113462195,-18.5269605629544,Mozambique,IND,NOx
1062,11.917800211738559,MOZAMBIQUE_SOFALA_GORONGOSA_GORONGOSA,34.32971484173921,-18.78446107770377,Mozambique,IND,NOx
1063,7.345972750388081,MOZAMBIQUE_SOFALA_GORONGOSA_VUNDUZI,34.343011287797125,-18.424602841983976,Mozambique,IND,NOx
1064,0.009197778707466442,MOZAMBIQUE_SOFALA_MACHANGA_CHILOANE,34.92828212630066,-20.64925660347249,Mozambique,IND,NOx
1065,1.9565109860720864,MOZAMBIQUE_SOFALA_MACHANGA_DIVINHE,34.674247443709874,-20.722876694861167,Mozambique,IND,NOx
1066,8.084539794421534,MOZAMBIQUE_SOFALA_MACHANGA_MACHANGA,34.442424245334195,-21.012616087372496,Mozambique,IND,NOx
1067,7.100254933985319,MOZAMBIQUE_SOFALA_MARÍNGUÈ_CANXIXE,34.37321686017075,-17.493505870047716,Mozambique,IND,NOx
1068,14.6376384289007,MOZAMBIQUE_SOFALA_MARÍNGUÈ_MARÍNGUÈ SEDE,34.485093419015286,-17.81780849718521,Mozambique,IND,NOx
1069,5.031657772194485,MOZAMBIQUE_SOFALA_MARÍNGUÈ_SUBUE,34.568189920354946,-18.170574357241573,Mozambique,IND,NOx
1070,24.811238237115006,MOZAMBIQUE_SOFALA_MARROMEU_CHUPANGA,35.53979136875223,-18.153606344651298,Mozambique,IND,NOx
1071,18.690610806836705,MOZAMBIQUE_SOFALA_MARROMEU_MARROMEU,35.850161288958624,-18.569407020896904,Mozambique,IND,NOx
1072,3.7714717190966,MOZAMBIQUE_SOFALA_MUANZA_GALINHA,35.16349786444109,-19.124539501625424,Mozambique,IND,NOx
1073,2.1426203066859135,MOZAMBIQUE_SOFALA_MUANZA_MUANZA,34.678605858109435,-18.938987307842137,Mozambique,IND,NOx
1074,66.58835934227696,MOZAMBIQUE_SOFALA_NHAMATANDA_NHAMATANDA,34.133897175511564,-19.33606727775627,Mozambique,IND,NOx
1075,21.72984325987749,MOZAMBIQUE_SOFALA_NHAMATANDA_TICA,34.40940265650747,-19.335470302125614,Mozambique,IND,NOx
1076,67.8100110968816,MOZAMBIQUE_TETE_ANGÓNIA_DOMUE,34.06227681421749,-14.699140503078468,Mozambique,IND,NOx
1077,46.672220232064674,MOZAMBIQUE_TETE_ANGÓNIA_ULONGUE,34.349106886594804,-14.631151521449059,Mozambique,IND,NOx
1078,3.496339019348702,MOZAMBIQUE_TETE_CAHORA BASSA_CHINTHOLO,32.430533039546916,-16.216233615153374,Mozambique,IND,NOx
1079,21.106056185268123,MOZAMBIQUE_TETE_CAHORA BASSA_CHITIMA,32.56262609101031,-15.785800626605736,Mozambique,IND,NOx
1080,9.389345221873276,MOZAMBIQUE_TETE_CAHORA BASSA_SONGO,32.85012635482207,-15.642404356099279,Mozambique,IND,NOx
1081,17.235641552598807,MOZAMBIQUE_TETE_CHANGARA_CHIOCO,33.14018587060284,-16.42341231628667,Mozambique,IND,NOx
1082,9.060044678227133,MOZAMBIQUE_TETE_CHANGARA_LUENHA,33.11909292885668,-16.867569202571328,Mozambique,IND,NOx
1083,7.893541115849847,MOZAMBIQUE_TETE_CHIFUNDE_CHIFUNDE,32.92346063358836,-14.975687318128626,Mozambique,IND,NOx
1084,28.508308852667536,MOZAMBIQUE_TETE_CHIFUNDE_MUALADZI,32.96393250347011,-14.33950073375169,Mozambique,IND,NOx
1085,1.5423730808173965,MOZAMBIQUE_TETE_CHIFUNDE_NSADZO,32.51914214687114,-14.524178249655883,Mozambique,IND,NOx
1086,4.209843989324349,MOZAMBIQUE_TETE_CHIÚTA_KAZULA,33.72636156193938,-15.477753515522302,Mozambique,IND,NOx
1087,23.88399776702017,MOZAMBIQUE_TETE_CHIÚTA_MANJE,33.25470436942447,-15.466819453220635,Mozambique,IND,NOx
1088,48.002701989660636,MOZAMBIQUE_TETE_CIDADE DE TETE_CIDADE DE TETE,33.5668919310786,-16.139469255826608,Mozambique,IND,NOx
1089,47.5325491549721,MOZAMBIQUE_TETE_DÔA_DÔA,34.51760621797523,-16.598152740102016,Mozambique,IND,NOx
1090,17.63195771565926,MOZAMBIQUE_TETE_MACANGA_CHIDZOLOMONDO,33.35197753831337,-14.918724310435108,Mozambique,IND,NOx
1091,49.38413666592327,MOZAMBIQUE_TETE_MACANGA_FURANCUNGO,33.59727820804702,-14.761837402785105,Mozambique,IND,NOx
1092,0,MOZAMBIQUE_TETE_MÁGOÈ_CHINTHOPO,30.78042037609181,-15.830563886420572,Mozambique,IND,NOx
1093,4.517508684009905,MOZAMBIQUE_TETE_MÁGOÈ_MPHENDE,31.891504022092988,-15.845371567366845,Mozambique,IND,NOx
1094,16.89745484533391,MOZAMBIQUE_TETE_MÁGOÈ_MUCUMBURA,31.574958142664922,-15.994013693857134,Mozambique,IND,NOx
1095,20.238727072423742,MOZAMBIQUE_TETE_MARARA_MARARA,33.1767871500584,-16.057806017371547,Mozambique,IND,NOx
1096,5.792694002656687,MOZAMBIQUE_TETE_MARÁVIA_CHIPERA,32.4829526094224,-15.434262338278346,Mozambique,IND,NOx
1097,2.708099076049261,MOZAMBIQUE_TETE_MARÁVIA_CHIPUTO,32.35344851188519,-15.03500771920889,Mozambique,IND,NOx
1098,8.145191573274712,MOZAMBIQUE_TETE_MARÁVIA_FINGOE,31.820992594832912,-15.343028415557255,Mozambique,IND,NOx
1099,20.72288620927184,MOZAMBIQUE_TETE_MARÁVIA_MALOWERA,31.85357215677831,-14.713623464787132,Mozambique,IND,NOx
1100,12.100413617810386,MOZAMBIQUE_TETE_MOATIZE_KAMBULATSITSI,34.20055460887969,-16.077264075157483,Mozambique,IND,NOx
1101,44.72653023346346,MOZAMBIQUE_TETE_MOATIZE_MOATIZE,33.83033269026306,-16.159543586050585,Mozambique,IND,NOx
1102,36.132676196707266,MOZAMBIQUE_TETE_MOATIZE_ZOBUE,34.11068253295919,-15.64316936974153,Mozambique,IND,NOx
1103,3.2142702230586147,MOZAMBIQUE_TETE_MUTARARA_CHARRE,35.188552287821736,-17.238598593622232,Mozambique,IND,NOx
1104,28.422717193814012,MOZAMBIQUE_TETE_MUTARARA_INHANGOMA,35.23245595498249,-17.507231579651293,Mozambique,IND,NOx
1105,8.086112562546552,MOZAMBIQUE_TETE_MUTARARA_NHAMAYABUE,35.003122661755604,-17.054371243733755,Mozambique,IND,NOx
1106,65.86331623152371,MOZAMBIQUE_TETE_TSANGANO_NTENGO-WAMBALAME,34.41780906847001,-14.917178859746276,Mozambique,IND,NOx
1107,23.17529281869507,MOZAMBIQUE_TETE_TSANGANO_TSANGANO,34.29919561554582,-15.250900940934416,Mozambique,IND,NOx
1108,0,MOZAMBIQUE_TETE_ZUMBO_MUZE,31.19697252624993,-15.017374487026439,Mozambique,IND,NOx
1109,16.363091609658014,MOZAMBIQUE_TETE_ZUMBO_ZAMBUE,30.627783948317607,-15.080209177689394,Mozambique,IND,NOx
1110,0,MOZAMBIQUE_TETE_ZUMBO_ZUMBO,30.98718853424653,-15.492944910698794,Mozambique,IND,NOx
1111,40.059198177608494,MOZAMBIQUE_ZAMBÉZIA_ALTO MOLÓCUÈ_ALTO MOLÓCUÈ SEDE,37.75169980366362,-15.82968886527511,Mozambique,IND,NOx
1112,71.21892966739442,MOZAMBIQUE_ZAMBÉZIA_ALTO MOLÓCUÈ_NAUELA,37.535152030135166,-15.39189561707578,Mozambique,IND,NOx
1113,3.7223776499292662,MOZAMBIQUE_ZAMBÉZIA_CHINDE_CHINDE SEDE,36.270548844123184,-18.688008655189545,Mozambique,IND,NOx
1114,10.695027559168365,MOZAMBIQUE_ZAMBÉZIA_CHINDE_MICAUNE,36.474996279882056,-18.29299927576296,Mozambique,IND,NOx
1115,5.212595668856024,MOZAMBIQUE_ZAMBÉZIA_DERRE_GUERISSA,36.07517658059888,-17.391883949116988,Mozambique,IND,NOx
1116,21.40499204168308,MOZAMBIQUE_ZAMBÉZIA_DERRE_MACHINDO,36.14501762444021,-17.028813436740112,Mozambique,IND,NOx
1117,20.04056400231813,MOZAMBIQUE_ZAMBÉZIA_GILÉ_ALTO LIGONHA,38.32552055604672,-15.659236148992102,Mozambique,IND,NOx
1118,43.72449805654874,MOZAMBIQUE_ZAMBÉZIA_GILÉ_GILÉ,38.2910835056982,-16.135614998196157,Mozambique,IND,NOx
1119,67.17251481967293,MOZAMBIQUE_ZAMBÉZIA_GURUÈ_CIDADE DE GURUÈ,36.97092700344254,-15.416132819173738,Mozambique,IND,NOx
1120,55.08622192113925,MOZAMBIQUE_ZAMBÉZIA_GURUÈ_LIOMA,36.85133659882104,-15.21304720853839,Mozambique,IND,NOx
1121,21.692487917817022,MOZAMBIQUE_ZAMBÉZIA_GURUÈ_MEPUAGIUA,37.13396038762665,-15.585338686929129,Mozambique,IND,NOx
1122,51.848666804523425,MOZAMBIQUE_ZAMBÉZIA_ILE_ILE,37.33517260666365,-16.094439327573667,Mozambique,IND,NOx
1123,17.595982944853144,MOZAMBIQUE_ZAMBÉZIA_ILE_SOCONE,37.24742867277951,-15.78891794152016,Mozambique,IND,NOx
1124,6.055050130316578,MOZAMBIQUE_ZAMBÉZIA_INHASSUNGE_GONHANE,36.76819719164744,-18.129199806980733,Mozambique,IND,NOx
1125,12.487883983355392,MOZAMBIQUE_ZAMBÉZIA_INHASSUNGE_MUCUPIA,36.82679627550589,-18.02052955876717,Mozambique,IND,NOx
1126,21.30133709429361,MOZAMBIQUE_ZAMBÉZIA_LUABO_CHIMBADZO,35.97977141123299,-18.196016220231943,Mozambique,IND,NOx
1127,4.238188717443339,MOZAMBIQUE_ZAMBÉZIA_LUABO_SAMORA MACHEL,36.18071023228471,-18.394390454565023,Mozambique,IND,NOx
1128,15.157601343283435,MOZAMBIQUE_ZAMBÉZIA_LUGELA_LUGELA SEDE,36.792817501899684,-16.327386357024547,Mozambique,IND,NOx
1129,14.51507940723068,MOZAMBIQUE_ZAMBÉZIA_LUGELA_MUABANAMA,36.47880843926437,-16.107038995469004,Mozambique,IND,NOx
1130,14.121679805166272,MOZAMBIQUE_ZAMBÉZIA_LUGELA_MUNHAMADE,36.953559162628835,-16.485068132775538,Mozambique,IND,NOx
1131,12.939060773957223,MOZAMBIQUE_ZAMBÉZIA_LUGELA_TACUANE,36.46670382747136,-16.401970766492536,Mozambique,IND,NOx
1132,35.75198169095361,MOZAMBIQUE_ZAMBÉZIA_MAGANJA DA COSTA_MAGANJA DA COSTA,37.557492419314904,-17.31794215732248,Mozambique,IND,NOx
1133,20.04438508601703,MOZAMBIQUE_ZAMBÉZIA_MAGANJA DA COSTA_NANTE,37.278741977984176,-17.32317306931781,Mozambique,IND,NOx
1134,27.909957673790935,MOZAMBIQUE_ZAMBÉZIA_MILANGE_MAJAUA,35.436624982155294,-16.253643814284985,Mozambique,IND,NOx
1135,73.2872003826085,MOZAMBIQUE_ZAMBÉZIA_MILANGE_MILANGE SEDE,35.963973872998274,-16.234450769061095,Mozambique,IND,NOx
1136,37.026548862134526,MOZAMBIQUE_ZAMBÉZIA_MILANGE_MONGUE,35.65648738221003,-16.442722119703557,Mozambique,IND,NOx
1137,60.83633401994724,MOZAMBIQUE_ZAMBÉZIA_MOCUBA_CIDADE DE MOCUBA,36.92085203297691,-17.018379997773273,Mozambique,IND,NOx
1138,28.692003513106354,MOZAMBIQUE_ZAMBÉZIA_MOCUBA_MUGEBA,37.29714017190822,-16.637901594506356,Mozambique,IND,NOx
1139,17.980071235390984,MOZAMBIQUE_ZAMBÉZIA_MOCUBA_NAMANJAVIRA,36.48988287703119,-16.806628981302676,Mozambique,IND,NOx
1140,17.923933322910784,MOZAMBIQUE_ZAMBÉZIA_MOCUBELA_BAJONE,37.895522331552115,-17.22544194310728,Mozambique,IND,NOx
1141,13.633840317304575,MOZAMBIQUE_ZAMBÉZIA_MOCUBELA_MOCUBELA,37.68028351815039,-16.88555041335021,Mozambique,IND,NOx
1142,9.468793779358016,MOZAMBIQUE_ZAMBÉZIA_MOLUMBO_CORROMANA,36.05791686767938,-15.749566179759793,Mozambique,IND,NOx
1143,20.906331274670165,MOZAMBIQUE_ZAMBÉZIA_MOLUMBO_MOLUMBO SEDE,36.32068964426865,-15.602898065813545,Mozambique,IND,NOx
1144,16.36843035507145,MOZAMBIQUE_ZAMBÉZIA_MOPEIA_CAMPO,36.34626125703182,-17.82259550049933,Mozambique,IND,NOx
1145,42.895987062645666,MOZAMBIQUE_ZAMBÉZIA_MOPEIA_MOPEIA SEDE,35.80351735470755,-17.841703764849772,Mozambique,IND,NOx
1146,29.56357343370277,MOZAMBIQUE_ZAMBÉZIA_MORRUMBALA_CHIRE,35.53140807640189,-16.71068394183522,Mozambique,IND,NOx
1147,9.267847736490422,MOZAMBIQUE_ZAMBÉZIA_MORRUMBALA_MEGAZA,35.44414710494373,-17.34322259459494,Mozambique,IND,NOx
1148,53.99651087399918,MOZAMBIQUE_ZAMBÉZIA_MORRUMBALA_MORRUMBALA SEDE,35.71818601432962,-17.24576425945072,Mozambique,IND,NOx
1149,2.0737696649469584,MOZAMBIQUE_ZAMBÉZIA_MULEVALA_CHIRACO,37.76125440346422,-16.32163858126515,Mozambique,IND,NOx
1150,21.481898191068215,MOZAMBIQUE_ZAMBÉZIA_MULEVALA_M BAUANE,37.54642716961419,-16.40909467076002,Mozambique,IND,NOx
1151,12.520435204684157,MOZAMBIQUE_ZAMBÉZIA_NAMACURRA_MACUSE,37.22484678245629,-17.591775752107008,Mozambique,IND,NOx
1152,2.599846993993927,MOZAMBIQUE_ZAMBÉZIA_NAMACURRA_MALEI,37.01133444499841,-17.298645809649788,Mozambique,IND,NOx
1153,39.66812469199713,MOZAMBIQUE_ZAMBÉZIA_NAMACURRA_NAMACURRA SEDE,36.999724466727024,-17.475100608613698,Mozambique,IND,NOx
1154,33.96970261266086,MOZAMBIQUE_ZAMBÉZIA_NAMARROI_NAMARROI,36.932601372279954,-15.997062158730339,Mozambique,IND,NOx
1155,16.83663028713341,MOZAMBIQUE_ZAMBÉZIA_NAMARROI_REGONE,36.703202241179774,-15.741498193552788,Mozambique,IND,NOx
1156,2.474660450531755,MOZAMBIQUE_ZAMBÉZIA_NICOADALA_MUNHONHA,36.585288815320006,-17.577946128566236,Mozambique,IND,NOx
1157,34.88796041774923,MOZAMBIQUE_ZAMBÉZIA_NICOADALA_NICOADALA SEDE,36.663687161432556,-17.524080596030704,Mozambique,IND,NOx
1158,24.74259046238458,MOZAMBIQUE_ZAMBÉZIA_PEBANE_MULELA,38.453959254758885,-16.77972576468378,Mozambique,IND,NOx
1159,16.545479171565955,MOZAMBIQUE_ZAMBÉZIA_PEBANE_NABURI,38.84329914869052,-16.53846306968174,Mozambique,IND,NOx
1160,20.214080596333343,MOZAMBIQUE_ZAMBÉZIA_PEBANE_PEBANE SEDE,38.11397763950611,-16.944696335246178,Mozambique,IND,NOx
1161,30.076967733539096,MOZAMBIQUE_ZAMBÉZIA_QUELIMANE_MAQUIVAL,37.05066199126774,-17.80539223477135,Mozambique,IND,NOx
1162,28.91246477089437,MOZAMBIQUE_ZAMBÉZIA_QUELIMANE_QUELIMANE,36.917031879996124,-17.859838300308013,Mozambique,IND,NOx
1163,25.210472989516326,MOZAMBIQUE_SOFALA_CIDADE DA BEIRA_INHAMIZUA,34.80944811048006,-19.7342235382873,Mozambique,IND,NOx
1164,1.1046652762916935,MOZAMBIQUE_CABO DELGADO_QUISSANGA_QUISSANGA,40.34522572679413,-12.388146823567476,Mozambique,IND,NOx
1165,35.124783765923965,MOZAMBIQUE_ZAMBÉZIA_NICOADALA_NAMACATA,36.87753030165205,-17.747483505410734,Mozambique,IND,NOx
1166,36.74733702803163,NAMIBIA_ZAMBEZI_KABBE,24.793790035168254,-17.667984075409294,Namibia,IND,NOx
1167,15.249939363193686,NAMIBIA_ZAMBEZI_KATIMA MULILO RURAL,24.454538835228554,-17.783707702671318,Namibia,IND,NOx
1168,5.148215454296622,NAMIBIA_ZAMBEZI_KATIMA MULILO URBAN,24.279746190016365,-17.50806511335707,Namibia,IND,NOx
1169,0.8207284220220854,NAMIBIA_ZAMBEZI_KONGOLA,23.264204346697873,-17.80294902774862,Namibia,IND,NOx
1170,1.023121506941631,NAMIBIA_ZAMBEZI_LINYANTI,23.671437828262256,-18.092266566594112,Namibia,IND,NOx
1171,0.4856246036355851,NAMIBIA_ZAMBEZI_SIBBINDA,24.108590663155443,-17.85835022128321,Namibia,IND,NOx
1172,26.235785261419313,NAMIBIA_ERONGO_ARANDIS,14.691497629475606,-22.264372494788464,Namibia,IND,NOx
1173,82.90542104655937,NAMIBIA_ERONGO_DAURES,14.93756663805144,-21.37524651621252,Namibia,IND,NOx
1174,31.776893794059465,NAMIBIA_ERONGO_KARIBIB,15.787173934663985,-22.30410061850206,Namibia,IND,NOx
1175,17.433777312145786,NAMIBIA_ERONGO_OMARURU,15.95833063241253,-21.31749516745864,Namibia,IND,NOx
1176,15.752424811246426,NAMIBIA_ERONGO_SWAKOPMUND,14.59907978731461,-22.6202601717113,Namibia,IND,NOx
1177,53.29387480090742,NAMIBIA_ERONGO_WALVIS BAY RURAL,15.043164785735584,-23.30666115914993,Namibia,IND,NOx
1178,3.5953320183143087,NAMIBIA_ERONGO_WALVIS BAY URBAN,14.51062497535283,-22.954088068577146,Namibia,IND,NOx
1179,7.064801597224827,NAMIBIA_HARDAP_GIBEON,16.211055584954146,-24.728927802737125,Namibia,IND,NOx
1180,5.303343483568206,NAMIBIA_HARDAP_MARIENTAL RURAL,18.931178051035655,-24.55690325528673,Namibia,IND,NOx
1181,4.370314430578033,NAMIBIA_HARDAP_MARIENTAL URBAN,17.552231711371142,-24.506156912910303,Namibia,IND,NOx
1182,8.19489297079572,NAMIBIA_HARDAP_REHOBOTH RURAL,16.94802061214784,-23.797424696279414,Namibia,IND,NOx
1183,13.668812057221132,NAMIBIA_HARDAP_REHOBOTH URBAN EAST,17.140914395565115,-23.302814761538283,Namibia,IND,NOx
1184,10.919493240648634,NAMIBIA_HARDAP_REHOBOTH URBAN WEST,17.035406416002225,-23.29213818904565,Namibia,IND,NOx
1185,0.9091836098042229,NAMIBIA_//KARAS_BERSEBA,17.43213672122362,-26.402137402623683,Namibia,IND,NOx
1186,42.96876284304971,NAMIBIA_//KARAS_KARASBURG,18.711773230367335,-28.093418586403676,Namibia,IND,NOx
1187,2.562183846211336,NAMIBIA_//KARAS_KEETMANSHOOP RURAL,18.963044948025257,-26.591724991032446,Namibia,IND,NOx
1188,7.361006843500526,NAMIBIA_//KARAS_KEETMANSHOOP URBAN,18.13828868505545,-26.52392990789683,Namibia,IND,NOx
1189,23.94285209090052,NAMIBIA_//KARAS_LUDERITZ,15.864291361495141,-26.644991721573984,Namibia,IND,NOx
1190,25.383152687463323,NAMIBIA_//KARAS_ORANJEMUND,16.84821332532997,-28.056930475767597,Namibia,IND,NOx
1191,2.520153476539541,NAMIBIA_KAVANGO EAST_MASHARE,20.090779832016132,-18.617546949007107,Namibia,IND,NOx
1192,4.461284519316033,NAMIBIA_KAVANGO EAST_MUKWE,21.71929868242943,-18.093691738891703,Namibia,IND,NOx
1193,6.956230118051752,NAMIBIA_KAVANGO EAST_NDIYONA,20.70537677949861,-18.57519053865166,Namibia,IND,NOx
1194,21.400863627337195,NAMIBIA_KAVANGO EAST_RUNDU RURAL WEST,19.729735628949058,-18.20829568264125,Namibia,IND,NOx
1195,2.964689072138409,NAMIBIA_KAVANGO EAST_RUNDU URBAN,19.77048535736296,-17.905684519464447,Namibia,IND,NOx
1196,6.113577235128296,NAMIBIA_KAVANGO EAST_RUNDU RURAL EAST,19.918903908289927,-18.018190028726913,Namibia,IND,NOx
1197,7.3870669876598,NAMIBIA_KHOMAS_TOBIAS HAINYEKO,17.064566285247462,-22.491571002219786,Namibia,IND,NOx
1198,2.514984849682058,NAMIBIA_KHOMAS_KATUTURA CENTRAL,17.053093806653106,-22.5235276855212,Namibia,IND,NOx
1199,3.2697538209774843,NAMIBIA_KHOMAS_KATUTURA EAST,17.064629491748327,-22.520906899274305,Namibia,IND,NOx
1200,25.969109727784712,NAMIBIA_KHOMAS_KHOMASDAL NORTH,17.02393885405345,-22.546692524938113,Namibia,IND,NOx
1201,2.3378450208044295,NAMIBIA_KHOMAS_SOWETO,17.04634348136182,-22.518971599270618,Namibia,IND,NOx
1202,16.156460883242595,NAMIBIA_KHOMAS_SAMORA MACHEL,17.011693927957612,-22.515093718237296,Namibia,IND,NOx
1203,16.372611990760632,NAMIBIA_KHOMAS_WINDHOEK EAST,17.14408226450097,-22.62046223783627,Namibia,IND,NOx
1204,105.32611720574849,NAMIBIA_KHOMAS_WINDHOEK RURAL,17.152644209354136,-22.919981679213087,Namibia,IND,NOx
1205,55.52650633306555,NAMIBIA_KHOMAS_WINDHOEK WEST,16.999274417411097,-22.61413420573047,Namibia,IND,NOx
1206,6.540549245008249,NAMIBIA_KHOMAS_MOSES //GAROEB,17.04398509888085,-22.46917693709735,Namibia,IND,NOx
1207,4.372577825520904,NAMIBIA_KUNENE_EPUPA,12.951182297756084,-17.577768817143944,Namibia,IND,NOx
1208,8.530111996348584,NAMIBIA_KUNENE_KAMANAJB,15.32465722582946,-19.802405761415024,Namibia,IND,NOx
1209,9.473861562848956,NAMIBIA_KUNENE_KHORIXAS,14.18082561343677,-20.491501565211138,Namibia,IND,NOx
1210,5.869618083131272,NAMIBIA_KUNENE_OPUWO,13.206749264241742,-18.475898236405577,Namibia,IND,NOx
1211,11.874679372157946,NAMIBIA_KUNENE_OUTJO,16.274442963394687,-19.825265069447923,Namibia,IND,NOx
1212,0.7873866717938747,NAMIBIA_KUNENE_SESFONTEIN,13.640868650570905,-19.49338092253463,Namibia,IND,NOx
1213,2.262990075022843,NAMIBIA_OHANGWENA_EENHANA,16.353020701398215,-17.671032492551955,Namibia,IND,NOx
1214,1.1117524659661082,NAMIBIA_OHANGWENA_ENDOLA,15.820859010662058,-17.625815642509547,Namibia,IND,NOx
1215,4.559674546301123,NAMIBIA_OHANGWENA_ENGELA,15.748718902094708,-17.518181174101677,Namibia,IND,NOx
1216,0.6482051693240248,NAMIBIA_OHANGWENA_EPEMBE,16.685598245035656,-17.66735533080767,Namibia,IND,NOx
1217,1.6455848302129508,NAMIBIA_OHANGWENA_OHANGWENA,15.882643502502614,-17.520931558141168,Namibia,IND,NOx
1218,1.2552615986463356,NAMIBIA_OHANGWENA_OKONGO,17.455737413504714,-17.57117050323505,Namibia,IND,NOx
1219,1.9430672475734916,NAMIBIA_OHANGWENA_OMUNDAUNGILO,16.578551766563972,-17.449506206889357,Namibia,IND,NOx
1220,1.2106645203749848,NAMIBIA_OHANGWENA_ONDOBE,16.18459197141436,-17.477949671341534,Namibia,IND,NOx
1221,4.50362384433937,NAMIBIA_OHANGWENA_ONGENGA,15.668516925400173,-17.447258578058655,Namibia,IND,NOx
1222,2.3691808683230953,NAMIBIA_OHANGWENA_OSHIKANGO,15.988943461829676,-17.457271133054828,Namibia,IND,NOx
1223,1.5742439778560589,NAMIBIA_OHANGWENA_OMULONGA,16.093754261365657,-17.654017776298947,Namibia,IND,NOx
1224,7.708784870314702,NAMIBIA_OMAHEKE_AMINUIS,19.295775953525137,-23.417526891993003,Namibia,IND,NOx
1225,9.012664609472246,NAMIBIA_OMAHEKE_GOBABIS,18.604707150106318,-22.71498381235896,Namibia,IND,NOx
1226,1.4049034422055242,NAMIBIA_OMAHEKE_KALAHARI,19.48312846470799,-22.503052429131507,Namibia,IND,NOx
1227,0.8070689117320005,NAMIBIA_OMAHEKE_OTJINENE,18.982375532173915,-20.874933868522408,Namibia,IND,NOx
1228,0.32670222585444436,NAMIBIA_OMAHEKE_OTJOMBINDE,20.498308652977602,-21.175886752549744,Namibia,IND,NOx
1229,1.9507412714580674,NAMIBIA_OMAHEKE_STEINHAUSEN,18.80813704803802,-21.78488609292944,Namibia,IND,NOx
1230,0.14083692040637782,NAMIBIA_OMAHEKE_EPUKIRO,19.646436307793838,-20.93506528769702,Namibia,IND,NOx
1231,0.28433577247949543,NAMIBIA_OMUSATI_ANAMULENGE,15.10483056097633,-17.506116865915512,Namibia,IND,NOx
1232,0.031754209572819936,NAMIBIA_OMUSATI_ELIM,15.413739072297282,-17.82200407359759,Namibia,IND,NOx
1233,1.3412392731769656,NAMIBIA_OMUSATI_ETAYI,15.519494125234022,-17.546723554965112,Namibia,IND,NOx
1234,0.1414497492657375,NAMIBIA_OMUSATI_OGONGO,15.170545752866131,-17.721649210815624,Namibia,IND,NOx
1235,0.3325752981164279,NAMIBIA_OMUSATI_OKAHAO,14.876116003002421,-18.693051850022275,Namibia,IND,NOx
1236,0.9806022731145688,NAMIBIA_OMUSATI_OKALONGO,15.28878445011893,-17.500821675929387,Namibia,IND,NOx
1237,0.3426542557084471,NAMIBIA_OMUSATI_ONESI,14.628083358790452,-17.577424359547425,Namibia,IND,NOx
1238,0.9174147609023222,NAMIBIA_OMUSATI_OSHIKUKU,15.392620794511467,-17.690835725085098,Namibia,IND,NOx
1239,2.5615049862134898,NAMIBIA_OMUSATI_OUTAPI,14.846441471749827,-17.517573911214274,Namibia,IND,NOx
1240,1.2047573064410972,NAMIBIA_OMUSATI_RUACANA,14.407777044865957,-18.097615436899044,Namibia,IND,NOx
1241,0.6249903376890322,NAMIBIA_OMUSATI_TSANDI,14.78614887515016,-17.886312407797114,Namibia,IND,NOx
1242,7.686920265619847,NAMIBIA_OMUSATI_OTAMANZI,15.358988115665142,-18.525957641318243,Namibia,IND,NOx
1243,1.8532980563143384,NAMIBIA_OSHANA_OKAKU,15.943162766854906,-17.77022559144506,Namibia,IND,NOx
1244,10.701539034398053,NAMIBIA_OSHANA_OKATANA,15.574759437909428,-17.820795199376207,Namibia,IND,NOx
1245,0.2095242689437749,NAMIBIA_OSHANA_OKATJALI,15.924923293889925,-18.15395120107729,Namibia,IND,NOx
1246,0.23054410142466183,NAMIBIA_OSHANA_OMPUNDJA,15.659629403226038,-18.011357008061164,Namibia,IND,NOx
1247,5.789210597793841,NAMIBIA_OSHANA_ONDANGWA,15.89055793163545,-17.88939506257595,Namibia,IND,NOx
1248,9.648799134021202,NAMIBIA_OSHANA_ONGWEDIVA,15.823548294632106,-17.763524478913496,Namibia,IND,NOx
1249,4.986715577365344,NAMIBIA_OSHANA_OSHAKATI EAST,15.735869553936352,-17.86260914126032,Namibia,IND,NOx
1250,2.2766320302930283,NAMIBIA_OSHANA_OSHAKATI WEST,15.624549764682277,-17.857865215295526,Namibia,IND,NOx
1251,6.524838514920664,NAMIBIA_OSHANA_UUKWIYU,15.884221094272657,-17.99618085800174,Namibia,IND,NOx
1252,7.714648103935533,NAMIBIA_OSHANA_UUVUDHIYA,15.696372341891102,-18.671160629838095,Namibia,IND,NOx
1253,0.20748484170463852,NAMIBIA_OSHIKOTO_EENGONDI,17.332440762836534,-18.19310832303004,Namibia,IND,NOx
1254,96.9529203617538,NAMIBIA_OSHIKOTO_GUINAS,17.594343489923055,-18.89437399671328,Namibia,IND,NOx
1255,0.4743195664451012,NAMIBIA_OSHIKOTO_OKANKOLO,17.177875343763045,-17.878323021444082,Namibia,IND,NOx
1256,2.3391213517948155,NAMIBIA_OSHIKOTO_OLUKONDA,16.068385898650977,-18.038011932787096,Namibia,IND,NOx
1257,0.26296137551502224,NAMIBIA_OSHIKOTO_OMUNTELE,16.169328087187097,-18.334827887672034,Namibia,IND,NOx
1258,0.3478004589488188,NAMIBIA_OSHIKOTO_OMUTHIYAGWIIPUNDI,16.51029242566859,-18.898858129359702,Namibia,IND,NOx
1259,1.5336569812389327,NAMIBIA_OSHIKOTO_ONAYENA,16.207793411083593,-17.950862651129206,Namibia,IND,NOx
1260,2.2367031783048246,NAMIBIA_OSHIKOTO_ONIIPA,16.069902480232454,-17.845135062553666,Namibia,IND,NOx
1261,0.886066298697305,NAMIBIA_OSHIKOTO_ONYAANYA,16.357556814301276,-18.090881069656568,Namibia,IND,NOx
1262,13.921277526966044,NAMIBIA_OSHIKOTO_TSUMEB,17.719219426941624,-19.233610933756992,Namibia,IND,NOx
1263,43.874766187515085,NAMIBIA_OTJOZONDJUPA_GROOTFONTEIN,18.435300956629483,-19.307687617586755,Namibia,IND,NOx
1264,9.607262116758209,NAMIBIA_OTJOZONDJUPA_OKAHANDJA,16.668747555463238,-21.83565240672381,Namibia,IND,NOx
1265,8.364008922215701,NAMIBIA_OTJOZONDJUPA_OKAKARARA,18.334564244255255,-20.38760912604105,Namibia,IND,NOx
1266,76.78989752174755,NAMIBIA_OTJOZONDJUPA_OMATAKO,17.282520645457858,-21.20096061005428,Namibia,IND,NOx
1267,153.37592962596278,NAMIBIA_OTJOZONDJUPA_OTAVI,17.328950067683728,-19.86763044479583,Namibia,IND,NOx
1268,33.71698814395947,NAMIBIA_OTJOZONDJUPA_OTJIWARONGO,16.251829448720684,-20.505042965104394,Namibia,IND,NOx
1269,0.9953051446030141,NAMIBIA_OTJOZONDJUPA_TSUMKWE,19.9533987514376,-19.722419209002222,Namibia,IND,NOx
1270,5.0165128364208185,NAMIBIA_KAVANGO WEST_KAHENGE,18.861763150665734,-18.28861226947196,Namibia,IND,NOx
1271,6.828347564849652,NAMIBIA_KAVANGO WEST_KAPAKO,19.43557328650503,-18.551716439141092,Namibia,IND,NOx
1272,3.9090844546991828,NAMIBIA_KAVANGO WEST_MPUNGU,18.26159001570929,-18.04481891772234,Namibia,IND,NOx
1273,1470.600444448725,Buffalo City (BUF),27.598864254477117,-32.94800582792056,SA,IND,NOx
1274,8133.346269489792,City of Cape Town (CPT),18.594296829494326,-33.892706933725236,SA,IND,NOx
1275,149.8823579294017,Camdeboo/Ikwezi/Baviaans (EC101),24.089957646273938,-32.8452024220234,SA,IND,NOx
1276,77.38554628436579,Blue Crane Rout/ie (EC102),25.41308680240521,-32.778160968279536,SA,IND,NOx
1277,174.923861235016,Makana (EC104),26.408254634609886,-33.23516631902399,SA,IND,NOx
1278,118.2176777092955,Ndlambe (EC105),26.743980167056392,-33.52310164874916,SA,IND,NOx
1279,126.67433310150982,Sundays River Valley (EC106),25.496722441767997,-33.51169278867713,SA,IND,NOx
1280,153.40301691947033,Kouga (EC108),24.79959562862642,-33.90429867869783,SA,IND,NOx
1281,65.78614880217403,Kou-Kamma (EC109),24.060086657020488,-33.867609516127736,SA,IND,NOx
1282,116.5245489286507,Mbhashe (EC121),28.575231014835296,-32.13220971938858,SA,IND,NOx
1283,275.5085158348063,Mnquma (EC122),28.156661393124235,-32.34546010162823,SA,IND,NOx
1284,34.614879637049754,Great Kei (EC123),28.009533893856762,-32.65908476816192,SA,IND,NOx
1285,158.4789475815673,Amahlathi (EC124),27.33351960038348,-32.502457790779154,SA,IND,NOx
1286,58.108810802778734,Ngqushwa (EC126),27.190552108198407,-33.197883930507096,SA,IND,NOx
1287,203.61912412482076,Nkonkobe/Nxuba (EC129),26.56395343016319,-32.68648839664744,SA,IND,NOx
1288,139.7212870016733,Inxuba Yethemba (EC131),25.321553083523288,-31.86297467718648,SA,IND,NOx
1289,64.34604459991294,Intsika Yethu (EC135),27.65645293007968,-31.967410209741036,SA,IND,NOx
1290,102.15447280309603,Emalahleni (EC136),27.196289987483134,-31.59599819484559,SA,IND,NOx
1291,55.83788004663135,Engcobo (EC137),28.091140856688877,-31.681331250222897,SA,IND,NOx
1292,73.98984092433844,Sakhisizwe (EC138),27.784464653423093,-31.443073463199052,SA,IND,NOx
1293,448.3427995751258,Tsolwana/Inkwanca/Lukanji (EC139),26.44231171599927,-31.82713277165301,SA,IND,NOx
1294,95.03582907542963,Elundini (EC141),28.332923728488446,-30.924613490171907,SA,IND,NOx
1295,151.69158484350862,Senqu (EC142),27.561052438944984,-30.865504121282964,SA,IND,NOx
1296,154.54103636940297,Maletswai/Gariep (EC145),26.297982166534812,-30.99072562439091,SA,IND,NOx
1297,343.37507615219795,Ngquza Hill (EC153),29.61936077896737,-31.240526584482595,SA,IND,NOx
1298,131.95878414271718,Port St Johns (EC154),29.42127994736776,-31.536133432650935,SA,IND,NOx
1299,351.43836507171,Nyandeni (EC155),29.06791507221619,-31.593568922888913,SA,IND,NOx
1300,128.5200510076443,Mhlontlo (EC156),28.77986734009031,-31.200925478397178,SA,IND,NOx
1301,524.694901461543,King Sabata Dalindyebo (EC157),28.67245651353882,-31.763159249936695,SA,IND,NOx
1302,211.4860931342345,Matatiele (EC441),28.799576805046378,-30.346800314394653,SA,IND,NOx
1303,158.9480591456541,Umzimvubu (EC442),29.024650004658934,-30.77669158331251,SA,IND,NOx
1304,379.98430971608,Mbizana (EC443),29.846100390912305,-30.94913834267403,SA,IND,NOx
1305,124.21007523332041,Ntabankulu (EC444),29.301335289494258,-30.979143187316314,SA,IND,NOx
1306,8650.347902699346,Ekurhuleni (EKU),28.312610799006872,-26.19890180039359,SA,IND,NOx
1307,7853.872814165758,eThekwini (ETH),30.83613967872446,-29.834217800959394,SA,IND,NOx
1308,356.5582257736115,Letsemeng (FS161),25.014921531561004,-29.358108946328255,SA,IND,NOx
1309,82.41820722150572,Kopanong (FS162),25.64114039286138,-29.975908538082983,SA,IND,NOx
1310,100.74323556553158,Mohokare (FS163),26.70843376153791,-30.20845860575575,SA,IND,NOx
1311,161.64149057965116,Masilonyana (FS181),26.617458659326235,-28.631554189395228,SA,IND,NOx
1312,1301.7275287685904,Tokologo (FS182),25.355991999884054,-28.472588777335627,SA,IND,NOx
1313,104.78604279840525,Tswelopele (FS183),25.931548564559048,-28.066074672660065,SA,IND,NOx
1314,1826.4271212291687,Matjhabeng (FS184),26.91629852178738,-28.044206331040705,SA,IND,NOx
1315,233.48235472817737,Nala (FS185),26.443501057951472,-27.620085113823276,SA,IND,NOx
1316,225.9407296029822,Setsoto (FS191),27.611849107223822,-28.597460113677133,SA,IND,NOx
1317,241.82236070379585,Dihlabeng (FS192),28.293898689286305,-28.362439638603284,SA,IND,NOx
1318,105.79856925407906,Nketoana (FS193),28.246098639230098,-27.849730288880405,SA,IND,NOx
1319,692.5390781875267,Maluti a Phofung (FS194),29.025155447117413,-28.332211824313816,SA,IND,NOx
1320,4954.366281993889,Phumelela (FS195),29.22855332756709,-27.676780478565117,SA,IND,NOx
1321,116.3447527408843,Mantsopa (FS196),27.217597861072438,-29.135212154732272,SA,IND,NOx
1322,369.4005692553052,Moqhaka (FS201),27.193724011739675,-27.500952572439758,SA,IND,NOx
1323,217.47712391130105,Ngwathe (FS203),27.731911356224305,-27.2957570942759,SA,IND,NOx
1324,440.80812826395146,Metsimaholo (FS204),28.043759146658957,-26.929132626752555,SA,IND,NOx
1325,107.08431047829148,Mafube (FS205),28.60779443701931,-27.269640781466524,SA,IND,NOx
1326,1692.668644352844,Emfuleni (GT421),27.78119575062538,-26.628372404139963,SA,IND,NOx
1327,562.7682433873414,Midvaal (GT422),28.12922429452965,-26.623049056706034,SA,IND,NOx
1328,474.63707313091476,Lesedi (GT423),28.506672206506963,-26.461472069502342,SA,IND,NOx
1329,1817.2828676671218,Mogale City (GT481),27.683044173467124,-25.9870777312359,SA,IND,NOx
1330,13619.834692230788,Merafong City (GT484),27.39947301236414,-26.416916316259925,SA,IND,NOx
1331,7052.633845875867,New (GT485),27.630358282577387,-26.305377895109828,SA,IND,NOx
1332,12514.354843160232,City of Johannesburg (JHB),27.963520457163874,-26.17673292466971,SA,IND,NOx
1333,203.7661005438872,Umdoni (KZN212),30.564296422383766,-30.26941215278416,SA,IND,NOx
1334,585.101583206505,Umzumbe (KZN213),30.34109349485651,-30.48625213454723,SA,IND,NOx
1335,155.6198945295245,uMuziwabantu (KZN214),29.876024661538295,-30.631036716984855,SA,IND,NOx
1336,554.175021746188,Hibiscus Coast (KZN216),30.256268392679218,-30.777445434896816,SA,IND,NOx
1337,303.44996468226975,uMshwathi (KZN221),30.57723304743919,-29.382907146378955,SA,IND,NOx
1338,267.4858617816979,uMngeni (KZN222),30.090331468395576,-29.437893652146563,SA,IND,NOx
1339,43.69170088589781,Mpofana (KZN223),30.025271395990348,-29.190997264613035,SA,IND,NOx
1340,54.26309378722352,Impendle (KZN224),29.731276209974812,-29.554937527064798,SA,IND,NOx
1341,1109.3205331398194,The Msunduzi (KZN225),30.265492525577752,-29.670137497352023,SA,IND,NOx
1342,158.32353902424376,Mkhambathini (KZN226),30.54531080327023,-29.843574776336624,SA,IND,NOx
1343,166.4141992052044,Richmond (KZN227),30.284544545669366,-29.892451867819272,SA,IND,NOx
1344,200.17447307235068,Okhahlamba (KZN235),29.316126781081834,-28.755389135601764,SA,IND,NOx
1345,402.093700816844,New (KZN237),29.823208639417057,-28.98844294297501,SA,IND,NOx
1346,543.6654767348451,New (KZN238),29.85903127009922,-28.465502298380606,SA,IND,NOx
1347,175.4970352858246,Endumeni (KZN241),30.298724252947004,-28.170872262516635,SA,IND,NOx
1348,185.6816611198447,Nqutu (KZN242),30.738402602971842,-28.3057856426724,SA,IND,NOx
1349,223.73793661475494,Msinga (KZN244),30.448438956915833,-28.605909275422903,SA,IND,NOx
1350,185.37976287377361,Umvoti (KZN245),30.674407652928558,-29.025108014344248,SA,IND,NOx
1351,748.5245278493129,Newcastle (KZN252),29.876255990263406,-27.739276183545844,SA,IND,NOx
1352,161.54343718706306,Emadlangeni (KZN253),30.321232039938934,-27.617907330365107,SA,IND,NOx
1353,279.11069425698935,Dannhauser (KZN254),30.002289977265942,-28.021393744339566,SA,IND,NOx
1354,107.38533109079103,eDumbe (KZN261),30.81062292956855,-27.469617673094547,SA,IND,NOx
1355,258.3553512179965,uPhongolo (KZN262),31.598159005752375,-27.483608832173115,SA,IND,NOx
1356,452.96658590377206,Abaqulusi (KZN263),31.05300673776844,-27.8257482171015,SA,IND,NOx
1357,201.0125639959809,Nongoma (KZN265),31.745560356874247,-27.911780178568517,SA,IND,NOx
1358,228.6021537394714,Ulundi (KZN266),31.309444916664436,-28.239580055499665,SA,IND,NOx
1359,104.4265809061417,Umhlabuyalingana (KZN271),32.56381651356431,-27.243472986556462,SA,IND,NOx
1360,218.86626341764276,Jozini (KZN272),32.14557048188946,-27.36815301488439,SA,IND,NOx
1361,218.32867698167385,Mtubatuba (KZN275),32.29495200731668,-28.28774563454697,SA,IND,NOx
1362,95.7984518562333,New (KZN276),32.196439917229256,-28.03451780762441,SA,IND,NOx
1363,464.70475057295755,Mfolozi (KZN281),32.08205666681106,-28.54943900730811,SA,IND,NOx
1364,754.1634869689443,uMhlathuze (KZN282),31.879279732627545,-28.731153462649306,SA,IND,NOx
1365,342.8331757864009,uMlalazi (KZN284),31.444902303281012,-28.904859982322336,SA,IND,NOx
1366,96.65798004581563,Mthonjaneni (KZN285),31.46989521594373,-28.566641254058112,SA,IND,NOx
1367,105.61331029525758,Nkandla (KZN286),30.992847475348313,-28.65874298560281,SA,IND,NOx
1368,191.42696013069906,Mandeni (KZN291),31.467602405876107,-29.12389810299933,SA,IND,NOx
1369,512.0177117324354,KwaDukuza (KZN292),31.25513058898549,-29.355999737664646,SA,IND,NOx
1370,212.8614786246599,Ndwedwe (KZN293),30.971145236611328,-29.424489832181724,SA,IND,NOx
1371,112.40795047914018,Maphumulo (KZN294),31.061676575865707,-29.11112579364772,SA,IND,NOx
1372,146.67779146233048,Greater Kokstad (KZN433),29.333985724860153,-30.300940129030153,SA,IND,NOx
1373,161.7360380340981,Ubuhlebezwe (KZN434),30.164623949729094,-30.19252582259694,SA,IND,NOx
1374,244.9701981239539,Umzimkhulu (KZN435),29.73770155638459,-30.291659472535116,SA,IND,NOx
1375,109.49068833999074,New (KZN436),29.59925971197213,-29.82995036987778,SA,IND,NOx
1376,555.255061358868,Greater Giyani (LIM331),30.899690443403223,-23.363950859740118,SA,IND,NOx
1377,381.87755077397225,Greater Letaba (LIM332),30.27459722174666,-23.51164855271159,SA,IND,NOx
1378,805.9902426789005,Greater Tzaneen (LIM333),30.25340441091674,-23.835977770536683,SA,IND,NOx
1379,616.7940831053988,Ba-Phalaborwa (LIM334),31.191583756193857,-23.776931100454973,SA,IND,NOx
1380,187.40220858803121,Maruleng (LIM335),30.785641757876952,-24.291507940529854,SA,IND,NOx
1381,520.2289488309979,Musina (LIM341),30.05077110077547,-22.452444078436113,SA,IND,NOx
1382,867.254861374459,Thulamela (LIM343),30.555384649799517,-22.785680862120937,SA,IND,NOx
1383,852.158127153718,Makhado (LIM344),29.7486767332841,-22.99957537797423,SA,IND,NOx
1384,670.8135196796425,New (LIM345),30.973389530004273,-22.98859241312989,SA,IND,NOx
1385,260.31318951252456,Blouberg (LIM351),28.75025951576327,-22.96754705620071,SA,IND,NOx
1386,262.47400864990874,Molemole (LIM353),29.53603926457335,-23.498363807532403,SA,IND,NOx
1387,1527.2160059402593,Polokwane (LIM354),29.382116648858307,-23.8911198474484,SA,IND,NOx
1388,622.6974760917545,Lepele-Nkumpi (LIM355),29.706098724754902,-24.26602472477329,SA,IND,NOx
1389,975.192335620862,Thabazimbi (LIM361),27.18648986644449,-24.54368940298091,SA,IND,NOx
1390,359.20733109658977,Lephalale (LIM362),27.797673264901547,-23.67621029455612,SA,IND,NOx
1391,262.79434516668687,Bela-Bela (LIM366),28.27202559364255,-24.9540355998598,SA,IND,NOx
1392,900.69484508254,Mogalakwena (LIM367),28.693646429401138,-23.846776659349114,SA,IND,NOx
1393,379.6267920701161,Modimolle/Mookgophong (LIM368),28.554318378198634,-24.50378204783512,SA,IND,NOx
1394,219.58249989959668,Ephraim Mogale (LIM471),29.336691696763047,-24.90184812517883,SA,IND,NOx
1395,641.699527147737,Elias Motsoaledi (LIM472),29.56162199731176,-25.195958709787416,SA,IND,NOx
1396,518.6287194773876,Makhuduthamaga (LIM473),29.77376805671483,-24.72156702551684,SA,IND,NOx
1397,1353.56954731434,Greater Tubatse/Fetakgomo (LIM476),30.220512409351578,-24.60034155788023,SA,IND,NOx
1398,1739.9729936441645,Mangaung (MAN),26.50052991738285,-29.331493385874897,SA,IND,NOx
1399,439.13091747583957,Chief Albert Luthuli (MP301),30.486023915525898,-26.055659215342654,SA,IND,NOx
1400,509.0707762513229,Msukaligwa (MP302),30.12962179212915,-26.468179957263942,SA,IND,NOx
1401,472.2859631872879,Mkhondo (MP303),30.704664805360647,-26.99281043647496,SA,IND,NOx
1402,1919.5810157198982,Dr Pixley Ka Isaka Seme (MP304),29.955868602689744,-27.12849724731941,SA,IND,NOx
1403,256.26615219051774,Lekwa (MP305),29.35167338257744,-26.879837519268875,SA,IND,NOx
1404,131.656053142752,Dipaleseng (MP306),28.641164057979545,-26.781729068806687,SA,IND,NOx
1405,1698.269963366425,Govan Mbeki (MP307),29.19601841151445,-26.46697143683172,SA,IND,NOx
1406,1011.4879981301525,Victor Khanye (MP311),28.768849144433155,-26.132617697943477,SA,IND,NOx
1407,2412.4688486315067,Emalahleni (MP312),29.162096257324418,-26.01795048880191,SA,IND,NOx
1408,972.5054242896474,Steve Tshwete (MP313),29.551938218276963,-25.836944103856947,SA,IND,NOx
1409,163.1989796853644,Emakhazeni (MP314),30.106821848663742,-25.596921237314394,SA,IND,NOx
1410,2015.9954836624447,Thembisile (MP315),28.95192824101233,-25.470336038962238,SA,IND,NOx
1411,469.9547375859107,Dr JS Moroka (MP316),28.801472347773178,-25.103882758045668,SA,IND,NOx
1412,236.15087468025396,Thaba Chweu (MP321),30.57153056410513,-25.064888911517013,SA,IND,NOx
1413,975.8548276426791,Nkomazi (MP324),31.730184896139622,-25.502441880044394,SA,IND,NOx
1414,1066.7042041901866,Bushbuckridge (MP325),31.524554777444788,-24.556740864902537,SA,IND,NOx
1415,1722.194862409621,Mbombela/Umjindi (MP326),31.096583710647025,-25.432684098533255,SA,IND,NOx
1416,83.55091630926088,Richtersveld (NC061),17.059551072172134,-28.768234043160607,SA,IND,NOx
1417,281.84901117249456,Nama Khoi (NC062),17.91494133561911,-29.45640456833637,SA,IND,NOx
1418,62.51286987538897,Kamiesberg (NC064),18.13015961792784,-30.375500419763604,SA,IND,NOx
1419,38.367759855359616,Hantam (NC065),19.96076903840225,-30.97326387632367,SA,IND,NOx
1420,21.560894230340985,Karoo Hoogland (NC066),21.045367164738153,-31.72866537697112,SA,IND,NOx
1421,147.838966845624,Khâi-Ma (NC067),19.26135370838769,-29.537786385108184,SA,IND,NOx
1422,32.791300646632074,Ubuntu (NC071),23.13370561544698,-31.37353482138949,SA,IND,NOx
1423,60.16371025653192,Umsobomvu (NC072),25.04764999855825,-30.848177029851588,SA,IND,NOx
1424,92.73059799236528,Emthanjeni (NC073),23.85840547035036,-30.67860320584649,SA,IND,NOx
1425,21.156035626034736,Kareeberg (NC074),22.13482818835018,-30.54560022973702,SA,IND,NOx
1426,20.687773120784943,Renosterberg (NC075),24.450629664298948,-30.255674893884255,SA,IND,NOx
1427,31.12438511217205,Thembelihle (NC076),23.765002948711334,-29.708430373289627,SA,IND,NOx
1428,164.41190819813494,Siyathemba (NC077),22.5520117599244,-29.633449473297446,SA,IND,NOx
1429,105.38173621988965,Siyancuma (NC078),23.368135189529266,-28.983648115956267,SA,IND,NOx
1430,149.9204588970079,Kai !Garib (NC082),20.415779221325927,-28.968415397154022,SA,IND,NOx
1431,33.8658623456141,!Kheis (NC084),21.603495266524188,-29.232655553883756,SA,IND,NOx
1432,277.83810169600923,Tsantsabane (NC085),22.553384843403045,-28.038581659653413,SA,IND,NOx
1433,101.09592528639944,Kgatelopele (NC086),23.63233217640869,-28.217463600827454,SA,IND,NOx
1434,223.4611720765326,//Khara Hais/Mier (NC087),20.833021354286817,-27.068953107729545,SA,IND,NOx
1435,662.4239062541616,Sol Plaatjie (NC091),24.514285167088513,-28.743361921797487,SA,IND,NOx
1436,324.4419735584219,Dikgatlong (NC092),24.192269532669194,-28.193349409504034,SA,IND,NOx
1437,72.38561685138247,Magareng (NC093),24.780465069795653,-28.167755341807677,SA,IND,NOx
1438,80.2128917536015,Phokwane (NC094),24.808908824292622,-27.795177260115924,SA,IND,NOx
1439,551.6216064536901,Joe Morolong (NC451),22.937720996816267,-26.838253106736673,SA,IND,NOx
1440,245.32722711341492,Ga-Segonyana (NC452),23.560536877064965,-27.622586314678973,SA,IND,NOx
1441,235.71348398683423,Gamagara (NC453),22.99607417546456,-27.643424226884566,SA,IND,NOx
1442,2566.8893315537143,Nelson Mandela Bay (NMA),25.492325010511415,-33.804018235171306,SA,IND,NOx
1443,515.7698491897456,Moretele (NW371),28.03908368696291,-25.176894569186302,SA,IND,NOx
1444,1260.0670287484556,Local Municipality of Madibeng (NW372),27.73365092436683,-25.441079324120807,SA,IND,NOx
1445,1988.4775353452164,Rustenburg (NW373),27.331450416242784,-25.66090837141418,SA,IND,NOx
1446,136.340349169103,Kgetlengrivier (NW374),26.864344191252787,-25.72345587170004,SA,IND,NOx
1447,643.3601645446622,Moses Kotane (NW375),26.866123855951283,-25.13362782615747,SA,IND,NOx
1448,128.31432228195513,Ratlou (NW381),25.063605925319113,-26.08201587807829,SA,IND,NOx
1449,197.3077029566795,Tswaing (NW382),25.66098471544643,-26.615774445678632,SA,IND,NOx
1450,1402.9131855576898,Mafikeng (NW383),25.672832054041375,-25.886091780262618,SA,IND,NOx
1451,2778.4527547019993,Ditsobotla (NW384),26.239308215127412,-26.115261364090596,SA,IND,NOx
1452,575.2964064868448,Ramotshere Moiloa (NW385),26.123471368618137,-25.218995566189637,SA,IND,NOx
1453,138.71899947737205,Naledi (NW392),24.79527413051862,-26.86329306541285,SA,IND,NOx
1454,131.03820168481573,Mamusa (NW393),25.277113001282956,-27.22305181117706,SA,IND,NOx
1455,305.0732949844879,Greater Taung (NW394),24.439135473722978,-27.502819297224146,SA,IND,NOx
1456,116.23589920258192,Lekwa-Teemane (NW396),25.32923774851763,-27.63922701964027,SA,IND,NOx
1457,187.70459546982445,Kagisano/Molopo (NW397),23.765026014343153,-26.118051281941728,SA,IND,NOx
1458,1031.6286954792956,City of Matlosana (NW403),26.488149960518996,-26.811358748287205,SA,IND,NOx
1459,175.16877249109893,Maquassi Hills (NW404),26.033886103084164,-27.23835835490209,SA,IND,NOx
1460,754.6103454027276,Ventersdorp/Tlokwe (NW405),27.004510453933847,-26.488692826418728,SA,IND,NOx
1461,8850.72177952273,City of Tshwane (TSH),28.443433217250625,-25.659851428790624,SA,IND,NOx
1462,156.8352905568404,Matzikama (WC011),18.499074499468698,-31.255840123869305,SA,IND,NOx
1463,76.41943228751698,Cederberg (WC012),18.924252686680997,-32.25674181208767,SA,IND,NOx
1464,510.7433936695988,Bergrivier (WC013),18.672795192444063,-32.787492869446815,SA,IND,NOx
1465,1386.8814762838592,Saldanha Bay (WC014),18.176134163611852,-33.010183399822495,SA,IND,NOx
1466,527.2697741196749,Swartland (WC015),18.620246203734677,-33.30973980958506,SA,IND,NOx
1467,227.3566701550584,Witzenberg (WC022),19.68890243028827,-32.94978723975034,SA,IND,NOx
1468,590.0534695180982,Drakenstein (WC023),19.003058669393468,-33.596786916383564,SA,IND,NOx
1469,634.5969159476855,Stellenbosch (WC024),18.944796363106693,-33.926035417528176,SA,IND,NOx
1470,324.1851072334451,Breede Valley (WC025),19.699592583285963,-33.571874326586304,SA,IND,NOx
1471,174.55520572181385,Langeberg (WC026),20.05499702391179,-33.78591943557983,SA,IND,NOx
1472,149.18868501524452,Theewaterskloof (WC031),19.436205803645056,-34.161235777032985,SA,IND,NOx
1473,77.0224853038653,Overstrand (WC032),19.376341302447013,-34.476351826606134,SA,IND,NOx
1474,58.290183041406685,Cape Agulhas (WC033),20.05759261209885,-34.49792816727761,SA,IND,NOx
1475,61.14295728725662,Swellendam (WC034),20.508876422488118,-34.03689398202183,SA,IND,NOx
1476,35.4048499782307,Kannaland (WC041),21.318929071812132,-33.60348228547038,SA,IND,NOx
1477,92.73275518223471,Hessequa (WC042),21.227498281104747,-34.13450499418741,SA,IND,NOx
1478,139.6501009591845,Mossel Bay (WC043),21.94268858486633,-34.04142256573831,SA,IND,NOx
1479,361.63142383080265,George (WC044),22.93003160882857,-33.695282456579825,SA,IND,NOx
1480,189.57730911836072,Oudtshoorn (WC045),22.22097775698059,-33.59287178340578,SA,IND,NOx
1481,106.25924833746325,Bitou (WC047),23.407081210262664,-33.937355597794785,SA,IND,NOx
1482,112.52400930800285,Knysna (WC048),22.984307307129328,-33.94604481371343,SA,IND,NOx
1483,14.015052323563973,Laingsburg (WC051),20.966020283495638,-33.10361314083431,SA,IND,NOx
1484,25.039193515596352,Prince Albert (WC052),22.130117608349714,-33.05111998769453,SA,IND,NOx
1485,107.05754988942955,Beaufort West (WC053),22.746542364789725,-32.27710950336613,SA,IND,NOx
1486,65.74351712017564,Timphisini,31.427527777467557,-25.77919829327425,swz,IND,NOx
1487,149.08401871169374,Ntfonjeni,31.343619162235765,-25.829286995179224,swz,IND,NOx
1488,79.74564485685544,Mayiwane,31.509506281238203,-25.861738695993047,swz,IND,NOx
1489,165.8548271693846,Mhlangatane,31.621950825737503,-25.939695519246623,swz,IND,NOx
1490,146.4247843853113,Ndzingeni,31.43455167846427,-26.004089857679194,swz,IND,NOx
1491,105.4316580811904,Madlangempisi,31.567436769117936,-26.099284349171477,swz,IND,NOx
1492,187.9176105190259,Maphalaleni,31.365091924296856,-26.197321168361256,swz,IND,NOx
1493,246.31074991925087,Pigg's Peak,31.25696321866851,-25.964805122665727,swz,IND,NOx
1494,257.1335855748889,Nkhaba,31.143956798528553,-26.137239773416546,swz,IND,NOx
1495,304.8902952805341,Motjane,31.02818299839431,-26.30685187288155,swz,IND,NOx
1496,150.02337707341687,Mbabane West,31.107872683509882,-26.336291548391436,swz,IND,NOx
1497,146.48381297980805,Mbabane East,31.141081832025073,-26.3027236876315,swz,IND,NOx
1498,222.84093216208856,Hhukwini,31.222081322674427,-26.32065034848908,swz,IND,NOx
1499,329.9366836699423,Lobamba,31.181490419840365,-26.413527114735945,swz,IND,NOx
1500,193.11354872589763,Mkhiweni,31.577441575897375,-26.29070166832214,swz,IND,NOx
1501,267.3887035302865,Kukhanyeni,31.41051368673318,-26.3747085735696,swz,IND,NOx
1502,170.8067331158866,Mafutseni,31.523011856624002,-26.45582801367826,swz,IND,NOx
1503,193.34688706582145,Mthongwaneni,31.501356709255482,-26.569704960391807,swz,IND,NOx
1504,222.17890528900827,Manzini North,31.394419676034722,-26.481334398718516,swz,IND,NOx
1505,60.01282386931647,Manzini South,31.36837555950807,-26.520560596292356,swz,IND,NOx
1506,143.88693412006558,Kwaluseni,31.31330758484104,-26.500651000600236,swz,IND,NOx
1507,386.89098799731994,Ludzeludze,31.317859732245438,-26.394848493062067,swz,IND,NOx
1508,238.62429779683978,Lobamba Lomdzala,31.21153822321666,-26.525643141694285,swz,IND,NOx
1509,473.6642778485815,Nhlambeni,31.408562511847816,-26.630530181944778,swz,IND,NOx
1510,142.9606031574084,Ntondozi,31.255721117118,-26.631017055506103,swz,IND,NOx
1511,127.60643997539457,La-Mgabhi,31.070807855360105,-26.564658624068162,swz,IND,NOx
1512,125.79183989667227,Mhlambanyatsi,30.98674877164096,-26.450529398348344,swz,IND,NOx
1513,40.30744226215399,Mangcongco,30.884645646846423,-26.578126273491335,swz,IND,NOx
1514,223.69380604683113,Ngwempisi,31.004022599726948,-26.710945657075314,swz,IND,NOx
1515,167.16449504816768,Mahlangatsha,31.228735687622677,-26.771547360075047,swz,IND,NOx
1516,51.59761556818512,Kubuta,31.452603410394964,-26.829896157699594,swz,IND,NOx
1517,84.28066534628032,Nkwene,31.25402793120817,-26.88316670443372,swz,IND,NOx
1518,178.00526837743857,Mtsambama,31.385175952460738,-26.957586651949224,swz,IND,NOx
1519,120.24132583630458,Gege,31.04308782697033,-26.922942294717792,swz,IND,NOx
1520,174.40630942902655,Mbangweni,31.250469017568943,-27.053399828647212,swz,IND,NOx
1521,329.087520030698,Maseyisini,31.162763105989555,-27.134686006761925,swz,IND,NOx
1522,118.38849041245052,Sandleni,31.429835958875884,-27.064513697748147,swz,IND,NOx
1523,68.04620989758313,Ngudzeni,31.543105154501283,-27.034785219989786,swz,IND,NOx
1524,165.32693979237547,Zombodze,31.334568927601403,-27.200313835720486,swz,IND,NOx
1525,107.41975917812275,Shiselweni,31.49631059380805,-27.253953663192778,swz,IND,NOx
1526,223.3098991409769,Hosea,31.53433592419686,-27.16191857513413,swz,IND,NOx
1527,110.04431272078568,Sigwe,31.6594023333631,-27.07259114844248,swz,IND,NOx
1528,122.74277488648279,Matsanjeni South,31.724633678774154,-27.216897918466156,swz,IND,NOx
1529,27.427154121916647,Somntongo,31.88647265075323,-27.224260883938804,swz,IND,NOx
1530,136.2576983460853,Lubuli,31.871656751031274,-27.032830900051994,swz,IND,NOx
1531,137.89915392135168,Sithobela,31.655947353909568,-26.867080532878518,swz,IND,NOx
1532,153.47809045513006,Nkilongo,31.89239374698797,-26.83443092667109,swz,IND,NOx
1533,173.0685644999655,Siphofaneni,31.66300159138905,-26.6791978798675,swz,IND,NOx
1534,225.71401664453134,Mpolonjeni,31.874527778817235,-26.583288999847156,swz,IND,NOx
1535,57.836479059392836,Matsanjeni North,32.071056369994956,-26.659618839604153,swz,IND,NOx
1536,128.48932641081294,Lugongolweni,32.01662145780792,-26.34892589847767,swz,IND,NOx
1537,306.9108120310197,Dvokodvweni,31.74874438011335,-26.450224696421593,swz,IND,NOx
1538,41.1376641164633,Hlane,31.805244033997365,-26.296408623452134,swz,IND,NOx
1539,158.3740886814817,Mhlume,31.808997857429535,-26.10217970032939,swz,IND,NOx
1540,86.50907687617384,Lomahasha,32.003415605057185,-26.06346037693349,swz,IND,NOx
1541,117.23371935078922,ZAMBIA_CENTRAL_CHIBOMBO_CHISAMBA,28.5661943716429,-14.846792545063325,Zambia,IND,NOx
1542,417.63909592094075,ZAMBIA_CENTRAL_CHIBOMBO_KATUBA,27.98219959351392,-15.171132204750865,Zambia,IND,NOx
1543,121.93271979844843,ZAMBIA_CENTRAL_CHIBOMBO_KEEMBE,27.6736546747429,-14.727345017193953,Zambia,IND,NOx
1544,248.80047316764936,ZAMBIA_CENTRAL_KABWE_BWACHA,28.341941228042526,-14.476746683885342,Zambia,IND,NOx
1545,215.4322512112034,ZAMBIA_CENTRAL_KABWE_KABWE CENTRAL,28.516948134035072,-14.407877676196723,Zambia,IND,NOx
1546,430.68715680741195,ZAMBIA_CENTRAL_KAPIRI MPOSHI_KAPIRI MPOSHI,28.102119922151484,-14.120700762098181,Zambia,IND,NOx
1547,255.7446916119401,ZAMBIA_CENTRAL_MKUSHI_MKUSHI NORTH,29.469436639963092,-13.730329792225124,Zambia,IND,NOx
1548,24.378532904995804,ZAMBIA_CENTRAL_MKUSHI_MKUSHI SOUTH,29.569217404421003,-14.436411331188475,Zambia,IND,NOx
1549,413.5188987478487,ZAMBIA_CENTRAL_MUMBWA_MUMBWA,26.364188448292417,-14.900633988434736,Zambia,IND,NOx
1550,77.50279652881227,ZAMBIA_CENTRAL_MUMBWA_MWEMBESHI,27.701977895362777,-15.40446287674476,Zambia,IND,NOx
1551,194.07667906045467,ZAMBIA_CENTRAL_MUMBWA_NANGOMA,27.306575058954532,-15.258227671528992,Zambia,IND,NOx
1552,83.14130433580479,ZAMBIA_CENTRAL_SERENJE_CHITAMBO,30.253472648282777,-12.560317914404294,Zambia,IND,NOx
1553,142.1865357977842,ZAMBIA_CENTRAL_SERENJE_MUCHINGA,30.687809502617156,-13.471349520459055,Zambia,IND,NOx
1554,113.62778566129354,ZAMBIA_CENTRAL_SERENJE_SERENJE,30.10589973967512,-13.040469573298045,Zambia,IND,NOx
1555,273.31606256274534,ZAMBIA_COPPERBELT_CHILILABOMBWE_CHILILABOMBWE,27.81464871496207,-12.361165489706172,Zambia,IND,NOx
1556,298.5745395064436,ZAMBIA_COPPERBELT_CHINGOLA_CHINGOLA,27.669026385939425,-12.505121590267066,Zambia,IND,NOx
1557,189.27493275353316,ZAMBIA_COPPERBELT_CHINGOLA_NCHANGA,27.97081023345629,-12.528814058526129,Zambia,IND,NOx
1558,265.97255943862615,ZAMBIA_COPPERBELT_KALULUSHI_KALULUSHI,27.96391886764875,-12.770501908865587,Zambia,IND,NOx
1559,146.90354986289853,ZAMBIA_COPPERBELT_KITWE_CHIMWEMWE,28.18492901942876,-12.717092029024544,Zambia,IND,NOx
1560,145.62107508689724,ZAMBIA_COPPERBELT_KITWE_KAMFINSA,28.35330783309189,-12.8095822567081,Zambia,IND,NOx
1561,136.99479597056578,ZAMBIA_COPPERBELT_KITWE_KWACHA,28.302830727693767,-12.77594738834159,Zambia,IND,NOx
1562,174.7502168078128,ZAMBIA_COPPERBELT_KITWE_NKANA,28.16694032204235,-12.811008579347963,Zambia,IND,NOx
1563,172.75795767795086,ZAMBIA_COPPERBELT_KITWE_WUSAKILE,28.222488074533018,-12.92465702761479,Zambia,IND,NOx
1564,156.76382442525602,ZAMBIA_COPPERBELT_LUANSHYA_LUANSHYA,28.46004980991987,-13.107078377377691,Zambia,IND,NOx
1565,131.16775558721602,ZAMBIA_COPPERBELT_LUANSHYA_ROAN,28.303596506825578,-13.06750066483788,Zambia,IND,NOx
1566,81.01504764800926,ZAMBIA_COPPERBELT_LUFWANYAMA_LUFWANYAMA,27.47764081880377,-12.975834907523659,Zambia,IND,NOx
1567,92.44560681744353,ZAMBIA_COPPERBELT_MASAITI_KAFULAFUTA,28.808078308441427,-13.326356335242059,Zambia,IND,NOx
1568,31.286059898822046,ZAMBIA_COPPERBELT_MASAITI_MASAITI,28.553011385110448,-13.359027007303364,Zambia,IND,NOx
1569,56.84977466565042,ZAMBIA_COPPERBELT_MPONGWE_MPONGWE,27.790650304373813,-13.595789579892758,Zambia,IND,NOx
1570,98.18607827063092,ZAMBIA_COPPERBELT_MUFULIRA_KANKOYO,28.155127636110944,-12.495158993380908,Zambia,IND,NOx
1571,144.96128888372903,ZAMBIA_COPPERBELT_MUFULIRA_KANTANSHI,28.326104841902225,-12.506850254258554,Zambia,IND,NOx
1572,177.4710429649148,ZAMBIA_COPPERBELT_MUFULIRA_MUFULIRA,28.338024388673514,-12.6431226302504,Zambia,IND,NOx
1573,331.41080747402276,ZAMBIA_COPPERBELT_NDOLA_BWANA MKUBWA,28.64549902864361,-13.056256733012118,Zambia,IND,NOx
1574,101.92728999602366,ZAMBIA_COPPERBELT_NDOLA_CHIFUBU,28.60823451656592,-12.89879660397216,Zambia,IND,NOx
1575,26.875281706083452,ZAMBIA_COPPERBELT_NDOLA_KABUSHI,28.627156043953665,-13.001741922109233,Zambia,IND,NOx
1576,230.6840479342021,ZAMBIA_COPPERBELT_NDOLA_NDOLA,28.49890269696238,-12.901589820311179,Zambia,IND,NOx
1577,83.73098908327846,ZAMBIA_EASTERN_CHADIZA_CHADIZA,32.39627549044243,-14.079002215254139,Zambia,IND,NOx
1578,71.14734334569332,ZAMBIA_EASTERN_CHADIZA_VUBWI,32.76493860383449,-14.052840040124526,Zambia,IND,NOx
1579,153.82475907116836,ZAMBIA_EASTERN_CHIPATA_CHIPANGALI,32.638200923536886,-13.30842953137994,Zambia,IND,NOx
1580,255.6072705601416,ZAMBIA_EASTERN_CHIPATA_CHIPATA,32.60383734056898,-13.637216206455038,Zambia,IND,NOx
1581,127.33134405381121,ZAMBIA_EASTERN_CHIPATA_KASENENGWA,32.26713323087467,-13.669423091567161,Zambia,IND,NOx
1582,88.86096568646069,ZAMBIA_EASTERN_CHIPATA_LUANGENI,32.605070390811335,-13.843705990807868,Zambia,IND,NOx
1583,74.79916900716903,ZAMBIA_EASTERN_KATETE_MILANZI,32.16528245031478,-14.1891307534823,Zambia,IND,NOx
1584,183.6749095802377,ZAMBIA_EASTERN_KATETE_MKAIKA,31.9768863225823,-13.972148532747518,Zambia,IND,NOx
1585,115.34007192489777,ZAMBIA_EASTERN_KATETE_SINDA,31.73979584134408,-14.178052121693852,Zambia,IND,NOx
1586,164.81807345291423,ZAMBIA_EASTERN_LUNDAZI_CHASEFU,33.05328766635874,-11.996456926575963,Zambia,IND,NOx
1587,129.61058091375529,ZAMBIA_EASTERN_LUNDAZI_LUMEZI,32.5895037879343,-12.649881756316528,Zambia,IND,NOx
1588,170.5546070761342,ZAMBIA_EASTERN_LUNDAZI_LUNDAZI,33.2259898380257,-12.406307107286958,Zambia,IND,NOx
1589,118.42120820961395,ZAMBIA_EASTERN_MAMBWE_MALAMBO,31.981789689929077,-13.346646229523834,Zambia,IND,NOx
1590,116.11960594284965,ZAMBIA_EASTERN_NYIMBA_NYIMBA,30.58228012538245,-14.399411197527083,Zambia,IND,NOx
1591,187.83478545996286,ZAMBIA_EASTERN_PETAUKE_KAPOCHE,31.494550896982194,-14.472461671217527,Zambia,IND,NOx
1592,76.93397939855502,ZAMBIA_EASTERN_PETAUKE_MSANZALA,31.295942721648927,-14.317042186360203,Zambia,IND,NOx
1593,201.85046119761026,ZAMBIA_EASTERN_PETAUKE_PETAUKE,31.395540922703685,-13.831094629172307,Zambia,IND,NOx
1594,163.72608972006208,ZAMBIA_LUAPULA_CHIENGE_CHIENGE,29.126088992773784,-8.743468946806065,Zambia,IND,NOx
1595,65.38006715872753,ZAMBIA_LUAPULA_KAWAMBWA_KAWAMBWA,29.075760100164228,-9.771943441852208,Zambia,IND,NOx
1596,58.0597569386067,ZAMBIA_LUAPULA_KAWAMBWA_MWANSABOMBWE,28.789708265128425,-9.924894823988827,Zambia,IND,NOx
1597,54.80658030629507,ZAMBIA_LUAPULA_KAWAMBWA_PAMBASHE,29.50887712310463,-9.839951270716938,Zambia,IND,NOx
1598,362.11947463776704,ZAMBIA_LUAPULA_MANSA_BAHATI,28.96351540414113,-11.185629960923388,Zambia,IND,NOx
1599,238.38666134174267,ZAMBIA_LUAPULA_MANSA_MANSA,28.819764023233848,-11.47139263102599,Zambia,IND,NOx
1600,30.469751402578446,ZAMBIA_LUAPULA_MILENGE_CHEMBE,29.17293034277804,-11.937612639540122,Zambia,IND,NOx
1601,57.516884910088265,ZAMBIA_LUAPULA_MWENSE_CHIPILI,29.127537230682734,-10.416802146820574,Zambia,IND,NOx
1602,17.790229846619063,ZAMBIA_LUAPULA_MWENSE_MAMBILIMA,28.708979324819012,-10.72243901358301,Zambia,IND,NOx
1603,123.80892664101147,ZAMBIA_LUAPULA_MWENSE_MWENSE,28.704288885428422,-10.233840547996117,Zambia,IND,NOx
1604,242.63254987499758,ZAMBIA_LUAPULA_NCHELENGE_NCHELENGE,28.799279562604337,-9.357480292222682,Zambia,IND,NOx
1605,114.76439921568421,ZAMBIA_LUAPULA_SAMFYA_BANGEULU,29.625015084138838,-11.781064127014634,Zambia,IND,NOx
1606,87.22265211555649,ZAMBIA_LUAPULA_SAMFYA_CHIFUNABULI,29.66126127594006,-11.049808045494856,Zambia,IND,NOx
1607,24.077153067734567,ZAMBIA_LUAPULA_SAMFYA_LUAPULA,30.081224160051487,-11.57555382096848,Zambia,IND,NOx
1608,501.97791133744045,ZAMBIA_LUSAKA_CHONGWE_CHONGWE,28.62232043220776,-15.375229425875759,Zambia,IND,NOx
1609,174.87825792143482,ZAMBIA_LUSAKA_CHONGWE_RUFUNSA,29.502907057767036,-15.155837602230632,Zambia,IND,NOx
1610,491.0413747907457,ZAMBIA_LUSAKA_KAFUE_CHILANGA,28.066936325812314,-15.44535490638688,Zambia,IND,NOx
1611,281.1980788825358,ZAMBIA_LUSAKA_KAFUE_KAFUE,28.633553227376076,-15.719700213855967,Zambia,IND,NOx
1612,44.56626082523166,ZAMBIA_LUSAKA_LUANGWA_FEIRA,30.001466666180438,-15.436979115223238,Zambia,IND,NOx
1613,193.2341054237434,ZAMBIA_LUSAKA_LUSAKA_CHAWAMA,28.277892786058786,-15.494825189970678,Zambia,IND,NOx
1614,187.80041768788575,ZAMBIA_LUSAKA_LUSAKA_KABWATA,28.313576899992587,-15.469141457864835,Zambia,IND,NOx
1615,581.3187422116855,ZAMBIA_LUSAKA_LUSAKA_KANYAMA,28.241833786918246,-15.448835877623589,Zambia,IND,NOx
1616,320.09366145980033,ZAMBIA_LUSAKA_LUSAKA_LUSAKA CENTRAL,28.385718227507034,-15.443614423440085,Zambia,IND,NOx
1617,337.5056795201234,ZAMBIA_LUSAKA_LUSAKA_MANDEVU,28.30690375089146,-15.355502657994798,Zambia,IND,NOx
1618,330.97002490951047,ZAMBIA_LUSAKA_LUSAKA_MATERO,28.24892453686191,-15.368176359794754,Zambia,IND,NOx
1619,251.57168432967072,ZAMBIA_LUSAKA_LUSAKA_MUNALI,28.36012897447861,-15.383652678329005,Zambia,IND,NOx
1620,48.34900727929465,ZAMBIA_MUCHINGA_CHAMA_CHAMA NORTH,32.81643744468033,-10.880583533092976,Zambia,IND,NOx
1621,109.99383121946126,ZAMBIA_MUCHINGA_CHAMA_CHAMA SOUTH,32.78471054140707,-11.6247965412926,Zambia,IND,NOx
1622,117.50501415944842,ZAMBIA_MUCHINGA_CHINSALI_CHINSALI,32.20205651587303,-10.323776635389398,Zambia,IND,NOx
1623,84.37815764691312,ZAMBIA_MUCHINGA_CHINSALI_SHIWANGANDU,31.721073704369985,-11.018271642196154,Zambia,IND,NOx
1624,144.36272418059565,ZAMBIA_MUCHINGA_ISOKA_ISOKA,32.83157916201906,-10.015458694518209,Zambia,IND,NOx
1625,108.74189589213846,ZAMBIA_MUCHINGA_MAFINGA_MAFINGA,33.320064435132885,-10.350038785725467,Zambia,IND,NOx
1626,102.85629752558464,ZAMBIA_MUCHINGA_MPIKA_KANCHIBIYA,30.767597782864076,-11.793121981043948,Zambia,IND,NOx
1627,35.86239686668974,ZAMBIA_MUCHINGA_MPIKA_MFUWE,31.68140990235467,-12.460736570531072,Zambia,IND,NOx
1628,150.80053728399,ZAMBIA_MUCHINGA_MPIKA_MPIKA,31.600995341696276,-11.82141862258269,Zambia,IND,NOx
1629,190.95113606141157,ZAMBIA_MUCHINGA_NAKONDE_NAKONDE,32.59445867875421,-9.48933692360338,Zambia,IND,NOx
1630,75.05240255570317,ZAMBIA_NORTH-WESTERN_CHAVUMA_CHAVUMA,22.42573267284074,-13.22307607264871,Zambia,IND,NOx
1631,49.79752958234751,ZAMBIA_NORTH-WESTERN_IKELENGE_IKELENGE,24.265566159411794,-11.264693559055068,Zambia,IND,NOx
1632,71.92439407636849,ZAMBIA_NORTH-WESTERN_KABOMPO_KABOMPO EAST,24.333259981075226,-13.000787615759398,Zambia,IND,NOx
1633,66.80109892345281,ZAMBIA_NORTH-WESTERN_KABOMPO_KABOMPO WEST,23.967433420364337,-13.543246354862898,Zambia,IND,NOx
1634,101.10206722165846,ZAMBIA_NORTH-WESTERN_KASEMPA_KASEMPA,26.225215837797798,-13.697546089000006,Zambia,IND,NOx
1635,128.23583091979967,ZAMBIA_NORTH-WESTERN_MUFUMBWE_MUFUMBWE,25.222580629080518,-13.82667330878823,Zambia,IND,NOx
1636,147.6220441349398,ZAMBIA_NORTH-WESTERN_MWINILUNGA_MWINILUNGA,24.66864327756739,-12.00169258239465,Zambia,IND,NOx
1637,217.71978625009308,ZAMBIA_NORTH-WESTERN_SOLWEZI_SOLWEZI CENTRAL,26.44180853806062,-12.23351559486465,Zambia,IND,NOx
1638,62.46815596065202,ZAMBIA_NORTH-WESTERN_SOLWEZI_SOLWEZI EAST,26.924860431725694,-12.47471580400728,Zambia,IND,NOx
1639,209.0131401571443,ZAMBIA_NORTH-WESTERN_SOLWEZI_SOLWEZI WEST,25.64177287198704,-12.432625474734706,Zambia,IND,NOx
1640,104.27721830457239,ZAMBIA_NORTH-WESTERN_ZAMBEZI_ZAMBEZI EAST,23.352098742368717,-13.506899960265104,Zambia,IND,NOx
1641,33.41400220561521,ZAMBIA_NORTH-WESTERN_ZAMBEZI_ZAMBEZI WEST,22.68845582256741,-13.661697661175266,Zambia,IND,NOx
1642,113.81613132004645,ZAMBIA_NORTHERN_CHILUBI_CHILUBI,30.23872612353324,-11.097573495570215,Zambia,IND,NOx
1643,43.263402792111975,ZAMBIA_NORTHERN_KAPUTA_CHIMBAMILONGA,30.119408096016002,-8.840847206858331,Zambia,IND,NOx
1644,114.57581038178355,ZAMBIA_NORTHERN_KAPUTA_KAPUTA,29.670380201705797,-8.747788369420219,Zambia,IND,NOx
1645,235.5294277513837,ZAMBIA_NORTHERN_KASAMA_KASAMA,30.925954822365615,-10.044291996416009,Zambia,IND,NOx
1646,197.67885366216936,ZAMBIA_NORTHERN_KASAMA_LUKASHYA,30.961511545081454,-10.567400463097538,Zambia,IND,NOx
1647,104.70654362658061,ZAMBIA_NORTHERN_LUWINGU_LUBASENSHI,30.35622609217487,-10.619038732815206,Zambia,IND,NOx
1648,96.54888972671868,ZAMBIA_NORTHERN_LUWINGU_LUPOSOSHI,29.69126154256829,-10.62270072169756,Zambia,IND,NOx
1649,177.753157838393,ZAMBIA_NORTHERN_MBALA_MBALA,31.42437500732999,-8.951021217432977,Zambia,IND,NOx
1650,122.27292320908742,ZAMBIA_NORTHERN_MBALA_NSENGA HILL,31.655127392254517,-9.319794073965294,Zambia,IND,NOx
1651,79.47481988127205,ZAMBIA_NORTHERN_MPOROKOSO_LUNTE,30.403652875074233,-9.823323451491882,Zambia,IND,NOx
1652,58.364987362386074,ZAMBIA_NORTHERN_MPOROKOSO_MPOROKOSO,29.883883348105797,-9.437855153817008,Zambia,IND,NOx
1653,155.02766961833834,ZAMBIA_NORTHERN_MPULUNGU_MPULUNGU,30.78636919692387,-8.968610296667714,Zambia,IND,NOx
1654,208.37542553967228,ZAMBIA_NORTHERN_MUNGWI_MALOLE,31.728489567287085,-9.896913955738247,Zambia,IND,NOx
1655,251.43368520734745,ZAMBIA_SOUTHERN_CHOMA_CHOMA,27.03480670841098,-16.91005369465202,Zambia,IND,NOx
1656,37.671301618256486,ZAMBIA_SOUTHERN_CHOMA_MBABALA,26.878091190949394,-16.397242287620944,Zambia,IND,NOx
1657,66.49586107788213,ZAMBIA_SOUTHERN_CHOMA_PEMBA,27.389336109531165,-16.6922264694868,Zambia,IND,NOx
1658,52.41595473648395,ZAMBIA_SOUTHERN_GWEMBE_GWEMBE,27.902856111757792,-16.68233138263457,Zambia,IND,NOx
1659,113.72575262978839,ZAMBIA_SOUTHERN_ITEZHI-TEZHI_ITEZHI-TEZHI,26.020217543791258,-15.7607528165834,Zambia,IND,NOx
1660,101.87838913222,ZAMBIA_SOUTHERN_KALOMO_DUNDUMWEZI,26.347684943863122,-16.562181114840755,Zambia,IND,NOx
1661,192.3051888649422,ZAMBIA_SOUTHERN_KALOMO_KALOMO CENTRAL,26.543830205005484,-17.04577047621827,Zambia,IND,NOx
1662,90.72910565295948,ZAMBIA_SOUTHERN_KALOMO_MAPATIZYA,26.573648865923055,-17.60560978993712,Zambia,IND,NOx
1663,123.73806139492048,ZAMBIA_SOUTHERN_KAZUNGULA_KATOMBOLA,25.620145077663306,-17.10654461326524,Zambia,IND,NOx
1664,217.55203870646258,ZAMBIA_SOUTHERN_LIVINGSTONE_LIVINGSTONE,25.839580948996286,-17.78612641067007,Zambia,IND,NOx
1665,94.99982165707914,ZAMBIA_SOUTHERN_MAZABUKA_CHIKANKANTA,28.249723480811323,-16.043422007395407,Zambia,IND,NOx
1666,88.188796546587,ZAMBIA_SOUTHERN_MAZABUKA_MAGOYE,27.622182683908022,-15.892078551482996,Zambia,IND,NOx
1667,151.25657578368285,ZAMBIA_SOUTHERN_MAZABUKA_MAZABUKA,27.866970138091503,-15.883245062553383,Zambia,IND,NOx
1668,146.4616933194736,ZAMBIA_SOUTHERN_MONZE_BWEENGWA,27.295625399394282,-16.052573578414865,Zambia,IND,NOx
1669,83.51551167844492,ZAMBIA_SOUTHERN_MONZE_MONZE,27.424178441098487,-16.37563866559767,Zambia,IND,NOx
1670,27.096865219434985,ZAMBIA_SOUTHERN_MONZE_MOOMBA,27.74187104427267,-16.27482011727548,Zambia,IND,NOx
1671,141.06674005974133,ZAMBIA_SOUTHERN_NAMWALA_NAMWALA,26.754936143714463,-15.941500457068749,Zambia,IND,NOx
1672,136.54390546934434,ZAMBIA_SOUTHERN_SIAVONGA_SIAVONGA,28.558985238419726,-16.299401498003242,Zambia,IND,NOx
1673,167.08540572577564,ZAMBIA_SOUTHERN_SINAZONGWE_SINAZONGWE,27.2807179112331,-17.412421319914454,Zambia,IND,NOx
1674,43.043412333606085,ZAMBIA_WESTERN_KALABO_KALABO,22.668138967214684,-15.307899116519774,Zambia,IND,NOx
1675,49.03256036354016,ZAMBIA_WESTERN_KALABO_LIUWA,22.52502997101939,-14.544065929033211,Zambia,IND,NOx
1676,70.40323886038168,ZAMBIA_WESTERN_KALABO_SIKONGO,22.23056038773834,-15.257742796071241,Zambia,IND,NOx
1677,64.63392593825098,ZAMBIA_WESTERN_KAOMA_KAOMA CENTRAL,25.04922080679012,-14.711954129645061,Zambia,IND,NOx
1678,80.2778321618606,ZAMBIA_WESTERN_KAOMA_LUAMPA,24.7584458265249,-15.368086057238425,Zambia,IND,NOx
1679,126.98746446431095,ZAMBIA_WESTERN_KAOMA_MANGANGO,24.20746270318245,-14.68910855437414,Zambia,IND,NOx
1680,88.70663023251744,ZAMBIA_WESTERN_LUKULU_LUKULU EAST,23.81996806853094,-14.315822982748186,Zambia,IND,NOx
1681,50.163363453237245,ZAMBIA_WESTERN_LUKULU_LUKULU WEST,22.70316851981578,-14.164055699101722,Zambia,IND,NOx
1682,95.03902943996094,ZAMBIA_WESTERN_MONGU_LUENA,23.38135094476587,-14.985379948947877,Zambia,IND,NOx
1683,189.50536671146577,ZAMBIA_WESTERN_MONGU_MONGU,23.068428950456155,-15.31687093689524,Zambia,IND,NOx
1684,36.741949064969674,ZAMBIA_WESTERN_MONGU_NALIKWANDA,23.72533656058688,-15.414725554230015,Zambia,IND,NOx
1685,87.05503043491925,ZAMBIA_WESTERN_SENANGA_NALOLO,22.99253670582597,-15.779390158424558,Zambia,IND,NOx
1686,69.17183822869208,ZAMBIA_WESTERN_SENANGA_SENANGA,23.792887275411474,-16.016325554311614,Zambia,IND,NOx
1687,45.22293702550983,ZAMBIA_WESTERN_SESHEKE_MULOBEZI,24.724112710511307,-16.289759152706516,Zambia,IND,NOx
1688,10.415498489208833,ZAMBIA_WESTERN_SESHEKE_MWANDI,24.670803007655817,-17.12205319673227,Zambia,IND,NOx
1689,58.888639690859726,ZAMBIA_WESTERN_SESHEKE_SESHEKE,23.916635107519514,-17.092487993044916,Zambia,IND,NOx
1690,120.87072371076474,ZAMBIA_WESTERN_SHANGOMBO_SINJEMBELA,22.839280468061588,-16.556734241433883,Zambia,IND,NOx
1691,353.1655289716791,ZIMBABWE_BULAWAYO_BULAWAYO,28.55567706568358,-20.121806460207072,Zimbabwe,IND,NOx
1692,38.60031645158471,ZIMBABWE_HARARE_CHITUNGWIZA,31.062838912942162,-18.014236385326917,Zimbabwe,IND,NOx
1693,26.589025325251292,ZIMBABWE_HARARE_EPWORTH,31.158844682035582,-17.895344948865215,Zimbabwe,IND,NOx
1694,106.86901409160322,ZIMBABWE_HARARE_HARARE RURAL,31.033297352175815,-17.944938825553283,Zimbabwe,IND,NOx
1695,692.2953291194376,ZIMBABWE_HARARE_HARARE URBAN,31.053673281248084,-17.8087732583129,Zimbabwe,IND,NOx
1696,82.22409048503125,ZIMBABWE_MANICALAND_BUHERA,31.868285637589167,-19.44901571975412,Zimbabwe,IND,NOx
1697,61.19433219983172,ZIMBABWE_MANICALAND_CHIMANIMANI,32.72164024280516,-19.784108007827292,Zimbabwe,IND,NOx
1698,113.7920807089104,ZIMBABWE_MANICALAND_CHIPINGE RURAL,32.47381587494327,-20.496658221164754,Zimbabwe,IND,NOx
1699,1.5603382080823338,ZIMBABWE_MANICALAND_CHIPINGE URBAN,32.62525066931281,-20.203342282599305,Zimbabwe,IND,NOx
1700,97.49899296839736,ZIMBABWE_MANICALAND_MAKONI,32.182681398233086,-18.362321102437782,Zimbabwe,IND,NOx
1701,108.39604552940504,ZIMBABWE_MANICALAND_MUTARE RURAL,32.42405654036695,-19.23143328486722,Zimbabwe,IND,NOx
1702,47.69312186297338,ZIMBABWE_MANICALAND_MUTARE URBAN,32.620103748244716,-18.993444874807192,Zimbabwe,IND,NOx
1703,89.44417601666397,ZIMBABWE_MANICALAND_MUTASA,32.708920145094964,-18.63951558406826,Zimbabwe,IND,NOx
1704,34.932095474722594,ZIMBABWE_MANICALAND_NYANGA,32.75779759089013,-17.937869291717597,Zimbabwe,IND,NOx
1705,3.205232929238211,ZIMBABWE_MANICALAND_RUSAPE,32.13124708351301,-18.538249469398476,Zimbabwe,IND,NOx
1706,59.5673935730643,ZIMBABWE_MASHONALAND CENTRAL_BINDURA,31.308333991475948,-17.245810503074562,Zimbabwe,IND,NOx
1707,3.0069539651251223,ZIMBABWE_MASHONALAND CENTRAL_BINDURA URBAN,31.338858234356994,-17.3093886532423,Zimbabwe,IND,NOx
1708,44.632765850327104,ZIMBABWE_MASHONALAND CENTRAL_CENTENARY,31.143553067008124,-16.426346851768386,Zimbabwe,IND,NOx
1709,42.605648928655384,ZIMBABWE_MASHONALAND CENTRAL_GURUVE,30.657935830574306,-16.684420866652317,Zimbabwe,IND,NOx
1710,119.7205437727029,ZIMBABWE_MASHONALAND CENTRAL_MAZOWE,30.931668747440714,-17.252158251526673,Zimbabwe,IND,NOx
1711,14.80380170429495,ZIMBABWE_MASHONALAND CENTRAL_MBIRE,30.519312056760068,-16.11820181165008,Zimbabwe,IND,NOx
1712,84.00333529190304,ZIMBABWE_MASHONALAND CENTRAL_MOUNT DARWIN,31.651491668814078,-16.571909628015707,Zimbabwe,IND,NOx
1713,0.5390563153694916,ZIMBABWE_MASHONALAND CENTRAL_MVURI,30.85020407197247,-17.024637648570337,Zimbabwe,IND,NOx
1714,39.05256154498483,ZIMBABWE_MASHONALAND CENTRAL_RUSHINGA,32.294391117865416,-16.608502576184932,Zimbabwe,IND,NOx
1715,41.56114081244658,ZIMBABWE_MASHONALAND CENTRAL_SHAMVA,31.63881570830867,-17.094658891017033,Zimbabwe,IND,NOx
1716,37.12045548274939,ZIMBABWE_MASHONALAND EAST_CHIKOMBA,31.10402641900697,-18.890937479797454,Zimbabwe,IND,NOx
1717,110.01957645888473,ZIMBABWE_MASHONALAND EAST_GOROMONZI,31.33811610926192,-17.784846519288877,Zimbabwe,IND,NOx
1718,28.618170716161455,ZIMBABWE_MASHONALAND EAST_HWEDZA,31.63567042276917,-18.735938924713302,Zimbabwe,IND,NOx
1719,48.69323129046519,ZIMBABWE_MASHONALAND EAST_MARONDERA,31.497737809885596,-18.2710373540706,Zimbabwe,IND,NOx
1720,7.425264768670593,ZIMBABWE_MASHONALAND EAST_MARONDERA URBAN,31.548361807518038,-18.199991583553473,Zimbabwe,IND,NOx
1721,50.46956963028918,ZIMBABWE_MASHONALAND EAST_MUDZI,32.63753498981691,-17.031754865127553,Zimbabwe,IND,NOx
1722,63.25953660421218,ZIMBABWE_MASHONALAND EAST_MUREHWA,31.821688822036187,-17.796798612607663,Zimbabwe,IND,NOx
1723,39.60414240887343,ZIMBABWE_MASHONALAND EAST_MUTOKO,32.27426153980204,-17.444387012058822,Zimbabwe,IND,NOx
1724,15.167229179294823,ZIMBABWE_MASHONALAND EAST_RUWA LOCAL BOARD,31.228165448921906,-17.884607511234528,Zimbabwe,IND,NOx
1725,125.73214802645984,ZIMBABWE_MASHONALAND EAST_SEKE,30.953065122788516,-18.254181114854948,Zimbabwe,IND,NOx
1726,56.72370820623041,ZIMBABWE_MASHONALAND EAST_UZUMBA-MARAMBA-PFUNGWE,32.043136848699056,-17.081573218275697,Zimbabwe,IND,NOx
1727,80.40252038394382,ZIMBABWE_MASHONALAND WEST_CHEGUTU,30.395139990113776,-18.143600800629375,Zimbabwe,IND,NOx
1728,7.2117542425522645,ZIMBABWE_MASHONALAND WEST_CHEGUTU URBAN,30.13470538711357,-18.12439557940687,Zimbabwe,IND,NOx
1729,19.323368460289807,ZIMBABWE_MASHONALAND WEST_CHINHOYI,30.129570688206996,-17.358929514724238,Zimbabwe,IND,NOx
1730,173.94307377684393,ZIMBABWE_MASHONALAND WEST_HURUNGWE,29.53703485277088,-16.437165238308324,Zimbabwe,IND,NOx
1731,33.204231758730856,ZIMBABWE_MASHONALAND WEST_KADOMA,29.92798975734448,-18.33918663580368,Zimbabwe,IND,NOx
1732,44.88572243069708,ZIMBABWE_MASHONALAND WEST_KARIBA,28.61128807360195,-16.89292695403643,Zimbabwe,IND,NOx
1733,4.973506585228135,ZIMBABWE_MASHONALAND WEST_KARIBA URBAN,28.808652741937127,-16.523383393233598,Zimbabwe,IND,NOx
1734,1.2195383785794869,ZIMBABWE_MASHONALAND WEST_KAROI,29.694591418294163,-16.820573750915116,Zimbabwe,IND,NOx
1735,79.19411793752118,ZIMBABWE_MASHONALAND WEST_MAKONDE,30.012073182765725,-17.123223173134424,Zimbabwe,IND,NOx
1736,45.894500017141866,ZIMBABWE_MASHONALAND WEST_MHONDORONGEZI,30.163967503298224,-18.577761621097395,Zimbabwe,IND,NOx
1737,8.875743132354936,ZIMBABWE_MASHONALAND WEST_NORTON,30.678320648378314,-17.88198298430611,Zimbabwe,IND,NOx
1738,71.8509971703732,ZIMBABWE_MASHONALAND WEST_SANYATI,29.581196326682427,-18.02169161774344,Zimbabwe,IND,NOx
1739,99.91232569288621,ZIMBABWE_MASHONALAND WEST_ZVIMBA,30.44738003368097,-17.503589961775102,Zimbabwe,IND,NOx
1740,63.99179654477925,ZIMBABWE_MASVINGO_BIKITA,31.91211467778198,-20.145279592483647,Zimbabwe,IND,NOx
1741,148.46356731636908,ZIMBABWE_MASVINGO_CHIREDZI RURAL,31.683341413535224,-21.347708807444196,Zimbabwe,IND,NOx
1742,3.511855768912468,ZIMBABWE_MASVINGO_CHIREDZI URBAN,31.67971758814407,-21.029338840368688,Zimbabwe,IND,NOx
1743,89.74456216657093,ZIMBABWE_MASVINGO_CHIVI,30.575374256749075,-20.490369810018144,Zimbabwe,IND,NOx
1744,65.3373923438353,ZIMBABWE_MASVINGO_GUTU,31.242523750576176,-19.610801584902255,Zimbabwe,IND,NOx
1745,15.101759016162935,ZIMBABWE_MASVINGO_MASVINGO,30.83494037723815,-20.07306774396139,Zimbabwe,IND,NOx
1746,123.0813829521656,ZIMBABWE_MASVINGO_MASVINGO RURAL,30.910738382293413,-20.260376828144526,Zimbabwe,IND,NOx
1747,53.20166589177898,ZIMBABWE_MASVINGO_MWENEZI,30.691741175078764,-21.36544378064084,Zimbabwe,IND,NOx
1748,77.12814576973287,ZIMBABWE_MASVINGO_ZAKA,31.42731784993799,-20.386700025852814,Zimbabwe,IND,NOx
1749,64.23505415510225,ZIMBABWE_MATABELELAND NORTH_BINGA,27.656210711179945,-17.789917553155632,Zimbabwe,IND,NOx
1750,37.41307382865826,ZIMBABWE_MATABELELAND NORTH_BUBI,28.685180931499218,-19.513947345699094,Zimbabwe,IND,NOx
1751,79.0764932746691,ZIMBABWE_MATABELELAND NORTH_HWANGE,26.423179889687354,-18.71113404476513,Zimbabwe,IND,NOx
1752,10.669207614661419,ZIMBABWE_MATABELELAND NORTH_HWANGE URBAN,26.46801043565975,-18.372016600758958,Zimbabwe,IND,NOx
1753,43.23660339838295,ZIMBABWE_MATABELELAND NORTH_LUPANE,27.79328072988368,-18.839114218902946,Zimbabwe,IND,NOx
1754,37.32537154751062,ZIMBABWE_MATABELELAND NORTH_NKAYI,28.661176006857257,-18.88355717575602,Zimbabwe,IND,NOx
1755,36.0990699088573,ZIMBABWE_MATABELELAND NORTH_TSHOLOTSHO,27.414283617138953,-19.61964010445645,Zimbabwe,IND,NOx
1756,102.78848565866305,ZIMBABWE_MATABELELAND NORTH_UMGUZA,28.271066028232603,-19.819869340116053,Zimbabwe,IND,NOx
1757,4.775658126812812,ZIMBABWE_MATABELELAND NORTH_VICTORIA FALLS,25.829883287476026,-17.92990704990956,Zimbabwe,IND,NOx
1758,109.74292532311323,ZIMBABWE_MATABELELAND SOUTH_BEITBRIDGE RURAL,30.032227315484988,-21.908181587615122,Zimbabwe,IND,NOx
1759,38.32654585200502,ZIMBABWE_MATABELELAND SOUTH_BEITBRIDGE URBAN,30.005198690269744,-22.19816655945671,Zimbabwe,IND,NOx
1760,33.15440390028936,ZIMBABWE_MATABELELAND SOUTH_BULILIMA,27.573442352722388,-20.169421371289143,Zimbabwe,IND,NOx
1761,235.6594814186275,ZIMBABWE_MATABELELAND SOUTH_GWANDA,29.162201344353758,-21.236732145513137,Zimbabwe,IND,NOx
1762,0.9207322488131178,ZIMBABWE_MATABELELAND SOUTH_GWANDA URBAN,29.001018112960306,-20.93393035805012,Zimbabwe,IND,NOx
1763,48.059390011287164,ZIMBABWE_MATABELELAND SOUTH_INSIZA,29.405124054354932,-20.257921118201494,Zimbabwe,IND,NOx
1764,39.03233525546648,ZIMBABWE_MATABELELAND SOUTH_MATOBO,28.491004036525954,-20.955582194378135,Zimbabwe,IND,NOx
1765,2.355172355483853,ZIMBABWE_MATABELELAND SOUTH_PLUMTREE,27.816351882493578,-20.50409730643698,Zimbabwe,IND,NOx
1766,23.89297031353806,ZIMBABWE_MATABELELAND SOUTH_UMZINGWANE,28.94552119766589,-20.34465698117629,Zimbabwe,IND,NOx
1767,50.300983240329565,ZIMBABWE_MIDLANDS_CHIRUMANZU,30.481519343037423,-19.319633373328976,Zimbabwe,IND,NOx
1768,100.34253556148192,ZIMBABWE_MIDLANDS_GOKWE NORTH,28.837677893701187,-17.570419471118004,Zimbabwe,IND,NOx
1769,113.63356035906803,ZIMBABWE_MIDLANDS_GOKWE SOUTH,28.645633627572618,-18.206523936363304,Zimbabwe,IND,NOx
1770,1.6627927177389403,ZIMBABWE_MIDLANDS_GOKWE TOWN,28.940176689013466,-18.22128365220127,Zimbabwe,IND,NOx
1771,37.63108918634472,ZIMBABWE_MIDLANDS_GWERU,29.817923337717286,-19.45269647021317,Zimbabwe,IND,NOx
1772,104.90407319755552,ZIMBABWE_MIDLANDS_GWERU RURAL,29.63690224470826,-19.466810605052125,Zimbabwe,IND,NOx
1773,25.271727173432996,ZIMBABWE_MIDLANDS_KWEKWE,29.81635406697312,-18.917482667926965,Zimbabwe,IND,NOx
1774,1724.3739125425973,ZIMBABWE_MIDLANDS_KWEKWE RURAL,29.551841911899576,-18.878863937431618,Zimbabwe,IND,NOx
1775,83.5502221545612,ZIMBABWE_MIDLANDS_MBERENGWA,30.01016178871132,-20.74365987883918,Zimbabwe,IND,NOx
1776,10.464614365785083,ZIMBABWE_MIDLANDS_REDCLIFF,29.76586767080143,-19.022868422004397,Zimbabwe,IND,NOx
1777,11.596875407453041,ZIMBABWE_MIDLANDS_SHURUGWI,29.99793599865513,-19.69370465973288,Zimbabwe,IND,NOx
1778,43.56180823097499,ZIMBABWE_MIDLANDS_SHURUGWI RURAL,30.15294241347956,-19.750231393050633,Zimbabwe,IND,NOx
1779,47.88571011959679,ZIMBABWE_MIDLANDS_ZVISHAVANE,30.078676585245802,-20.27716243014893,Zimbabwe,IND,NOx
1780,11.67397708918078,ZIMBABWE_MIDLANDS_ZVISHAVANE MINE,30.053840966799243,-20.319854351134133,Zimbabwe,IND,NOx
1781,61.78179562556326,ZIMBABWE_MATABELELAND SOUTH_MANGWE,28.019398455119735,-20.990691255910058,Zimbabwe,IND,NOx
