census_id,emis,geo_name,lon,lat,country,code,poll
0001,0.21739159587307968,ANGOLA_BENGO_AMBRIZ,13.500573856748415,-7.941839245075118,Angola,REF_TRF,OC
0002,0.27273911110581694,ANGOLA_BENGO_BULA ATUMBA,14.820908751789867,-8.634475645495783,Angola,REF_TRF,OC
0003,8.224205645762796,ANGOLA_BENGO_DANDE,13.841710609854086,-8.53534736049627,Angola,REF_TRF,OC
0004,0.4998787189394544,ANGOLA_BENGO_DEMBOS,14.552452662474186,-8.506656679922113,Angola,REF_TRF,OC
0005,1.009312218723794,ANGOLA_BENGO_NAMBUANGONGO,14.25926486683566,-8.047643790272277,Angola,REF_TRF,OC
0006,0.10362767787376918,ANGOLA_BENGO_PANGO ALUQUÉM,14.467187741962098,-8.753291428515478,Angola,REF_TRF,OC
0007,1.606014703643566,ANGOLA_BENGUELA_BAÍA FARTA,13.110895429150032,-13.169353899832894,Angola,REF_TRF,OC
0008,2.3104731221165653,ANGOLA_BENGUELA_BALOMBO,14.785534807000774,-12.362142938317604,Angola,REF_TRF,OC
0009,8.371499218159105,ANGOLA_BENGUELA_BENGUELA,13.613234701433782,-12.750903810317325,Angola,REF_TRF,OC
0010,3.0341544938368434,ANGOLA_BENGUELA_BOCOIO,14.273806030010297,-12.337517465231237,Angola,REF_TRF,OC
0011,1.6795193437744593,ANGOLA_BENGUELA_CAIMBAMBO,13.925466200463916,-13.103370379840863,Angola,REF_TRF,OC
0012,1.3751782357792819,ANGOLA_BENGUELA_CATUMBELA,13.680172800346687,-12.477296385532492,Angola,REF_TRF,OC
0013,1.5574368643296879,ANGOLA_BENGUELA_CHONGOROI,13.804725364547245,-13.596741410412521,Angola,REF_TRF,OC
0014,6.632355818321564,ANGOLA_BENGUELA_CUBAL,14.349577634106108,-13.16149142143734,Angola,REF_TRF,OC
0015,5.737625454662628,ANGOLA_BENGUELA_GANDA,14.733920867955561,-13.122131963632688,Angola,REF_TRF,OC
0016,5.764974080844582,ANGOLA_BENGUELA_LOBITO,13.886545783996153,-12.092395259332209,Angola,REF_TRF,OC
0017,5.563673771345261,ANGOLA_BIÉ_ANDULO,16.463299708517784,-11.274658946317146,Angola,REF_TRF,OC
0018,3.198673880565129,ANGOLA_BIÉ_CAMACUPA,17.780227977541617,-12.451681506672221,Angola,REF_TRF,OC
0019,2.8592077524137096,ANGOLA_BIÉ_CATABOLA,17.254341809340623,-12.147939255129183,Angola,REF_TRF,OC
0020,2.3392884052684013,ANGOLA_BIÉ_CHINGUAR,16.57220235885333,-12.562961032395926,Angola,REF_TRF,OC
0021,1.5051658814272821,ANGOLA_BIÉ_CHITEMBO,17.2256685420672,-13.4761375683222,Angola,REF_TRF,OC
0022,0.921706768083672,ANGOLA_BIÉ_CUEMBA,18.450876402365434,-11.812583973776919,Angola,REF_TRF,OC
0023,11.020901415933292,ANGOLA_BIÉ_CUITO,17.0195337801636,-12.539053407735349,Angola,REF_TRF,OC
0024,0.8223490178284012,ANGOLA_BIÉ_CUNHINGA,16.806485043535446,-11.988245606222938,Angola,REF_TRF,OC
0025,2.0746696173010357,ANGOLA_BIÉ_NHAREA,17.157724905821997,-11.308602978499657,Angola,REF_TRF,OC
0026,0.5314061327205769,ANGOLA_CABINDA_BELIZE,12.84464336058737,-4.605790961567085,Angola,REF_TRF,OC
0027,0.6844272733823596,ANGOLA_CABINDA_BUCO ZAU,12.545868870473262,-4.802124175234638,Angola,REF_TRF,OC
0028,8.408450494816849,ANGOLA_CABINDA_CABINDA,12.36403326270615,-5.461872414729606,Angola,REF_TRF,OC
0029,0.7880253534102699,ANGOLA_CABINDA_CACONGO,12.242228043574034,-5.043712430446504,Angola,REF_TRF,OC
0030,1.1905475459927486,ANGOLA_KUANDO KUBANGO_CALAI,19.414268804995988,-17.367954683212766,Angola,REF_TRF,OC
0031,0.7365508660984895,ANGOLA_KUANDO KUBANGO_CUANGAR,18.15299180710266,-17.054777832805367,Angola,REF_TRF,OC
0032,0.9729570966044283,ANGOLA_KUANDO KUBANGO_CUCHI,16.962579756983985,-14.692891199511664,Angola,REF_TRF,OC
0033,0.8569299233798721,ANGOLA_KUANDO KUBANGO_CUITO CUANAVALE,18.841355039845936,-14.950150376556852,Angola,REF_TRF,OC
0034,0.6133523021855835,ANGOLA_KUANDO KUBANGO_DIRICO,20.825162039879295,-17.52729673830151,Angola,REF_TRF,OC
0035,0.6153614649019004,ANGOLA_KUANDO KUBANGO_MAVINGA,20.292091111981065,-16.124977275218903,Angola,REF_TRF,OC
0036,7.44335321819208,ANGOLA_KUANDO KUBANGO_MENONGUE,17.745373647024998,-15.225709939331868,Angola,REF_TRF,OC
0037,0.08677955230645326,ANGOLA_KUANDO KUBANGO_NANCOVA,18.73240828489362,-16.388826303005242,Angola,REF_TRF,OC
0038,0.828662203013964,ANGOLA_KUANDO KUBANGO_RIVUNGO,21.95105197046031,-16.860900758284263,Angola,REF_TRF,OC
0039,1.0349363276535732,ANGOLA_KWANZA NORTE_AMBACA,15.509119051943488,-8.223269097816729,Angola,REF_TRF,OC
0040,0.15750798449890732,ANGOLA_KWANZA NORTE_BANGA,15.153253461606287,-8.689616530469744,Angola,REF_TRF,OC
0041,0.15054436323059764,ANGOLA_KWANZA NORTE_BOLONGONGO,15.113302487330705,-8.382132376680488,Angola,REF_TRF,OC
0042,1.716118492983011,ANGOLA_KWANZA NORTE_CAMBAMBE,14.521816633134614,-9.433964278230446,Angola,REF_TRF,OC
0043,3.8133575282764154,ANGOLA_KWANZA NORTE_CAZENGO,14.779870946066733,-9.320031680889498,Angola,REF_TRF,OC
0044,0.7964121675110777,ANGOLA_KWANZA NORTE_GOLUNGO ALTO,14.666387710001,-9.076507922069805,Angola,REF_TRF,OC
0045,0.3946129006766168,ANGOLA_KWANZA NORTE_LUCALA,15.238258650636386,-9.139267281380702,Angola,REF_TRF,OC
0046,0.10175446155316527,ANGOLA_KWANZA NORTE_NGONGUEMBO,14.901663408090647,-8.902563767131948,Angola,REF_TRF,OC
0047,0.09832292331073428,ANGOLA_KWANZA NORTE_QUICULUNGO,15.319625776448795,-8.49002907643525,Angola,REF_TRF,OC
0048,0.4622876769336479,ANGOLA_KWANZA NORTE_SAMBA CAJÚ,15.494620704324683,-8.808515207926657,Angola,REF_TRF,OC
0049,5.572176991554165,ANGOLA_KWANZA SUL_AMBOIM,14.409446053756277,-10.888247311555114,Angola,REF_TRF,OC
0050,2.7288041859829275,ANGOLA_KWANZA SUL_CASSONGUE,14.969245996228281,-11.823486279155278,Angola,REF_TRF,OC
0051,4.681825952334462,ANGOLA_KWANZA SUL_CELA,15.327509138494797,-11.286611386444985,Angola,REF_TRF,OC
0052,2.0374289970062396,ANGOLA_KWANZA SUL_CONDA,14.457113187835018,-11.173469665594153,Angola,REF_TRF,OC
0053,3.8350889960131584,ANGOLA_KWANZA SUL_EBO,14.756355439021709,-10.954311333786544,Angola,REF_TRF,OC
0054,1.7847453753720317,ANGOLA_KWANZA SUL_LIBOLO,14.990540118658812,-10.063463539441377,Angola,REF_TRF,OC
0055,1.6109976495013256,ANGOLA_KWANZA SUL_MUSSENDE,15.978658982493396,-10.268786589120642,Angola,REF_TRF,OC
0056,2.204849352618453,ANGOLA_KWANZA SUL_PORTO AMBOIM,13.942283729197893,-10.627805552833145,Angola,REF_TRF,OC
0057,2.595161721282643,ANGOLA_KWANZA SUL_QUIBALA,15.335713103750756,-10.699008506951671,Angola,REF_TRF,OC
0058,1.9816119479618874,ANGOLA_KWANZA SUL_QUILENDA,14.370237419617364,-10.524491857097443,Angola,REF_TRF,OC
0059,3.7630090167205053,ANGOLA_KWANZA SUL_SELES,14.50091627350989,-11.457587720793851,Angola,REF_TRF,OC
0060,4.028734256708792,ANGOLA_KWANZA SUL_SUMBE,14.04934311345206,-11.49811492361192,Angola,REF_TRF,OC
0061,1.8819798408614103,ANGOLA_CUNENE_CAHAMA,14.247669093888437,-16.41710354139286,Angola,REF_TRF,OC
0062,9.828357058001783,ANGOLA_CUNENE_CUANHAMA,16.320547599774045,-16.48223334568777,Angola,REF_TRF,OC
0063,0.5591456678661375,ANGOLA_CUNENE_CUROCA,13.788175609536145,-16.932294476395295,Angola,REF_TRF,OC
0064,1.630985258184387,ANGOLA_CUNENE_CUVELAI,16.136146428177735,-15.746368160393057,Angola,REF_TRF,OC
0065,5.887346691067046,ANGOLA_CUNENE_NAMACUNDE,16.606272115792553,-17.074018548021083,Angola,REF_TRF,OC
0066,7.974454042951937,ANGOLA_CUNENE_OMBADJA,14.941895100531925,-16.768959146811532,Angola,REF_TRF,OC
0067,6.374001740295413,ANGOLA_HUAMBO_BAILUNDO,15.850466201739053,-11.950050465566608,Angola,REF_TRF,OC
0068,6.165256385307312,ANGOLA_HUAMBO_CAÁLA,15.572188198073116,-13.27102876067493,Angola,REF_TRF,OC
0069,3.1913569028345106,ANGOLA_HUAMBO_CACHIUNGO,16.319644201016246,-12.759421533499594,Angola,REF_TRF,OC
0070,1.6547742830277223,ANGOLA_HUAMBO_ECUNHA,15.49134958273524,-12.53401934231182,Angola,REF_TRF,OC
0071,16.65781749049682,ANGOLA_HUAMBO_HUAMBO,15.79536569507517,-12.819324307871682,Angola,REF_TRF,OC
0072,2.703327801326599,ANGOLA_HUAMBO_LONDUIMBALI,15.292015045757923,-12.235996591708586,Angola,REF_TRF,OC
0073,2.0919838488590266,ANGOLA_HUAMBO_LONGONJO,15.22279516795389,-13.084757821818668,Angola,REF_TRF,OC
0074,2.633277138187422,ANGOLA_HUAMBO_MUNGO,16.20588037491343,-11.755072951814116,Angola,REF_TRF,OC
0075,2.613442186974752,ANGOLA_HUAMBO_CHICALA CHOLOHANGA,16.092706109508978,-12.95985009260693,Angola,REF_TRF,OC
0076,0.9953529838888572,ANGOLA_HUAMBO_CHINJENJE,14.940107561316543,-12.818781665594054,Angola,REF_TRF,OC
0077,0.7699305220691748,ANGOLA_HUAMBO_UCUMA,15.15058241504692,-12.745033355569538,Angola,REF_TRF,OC
0078,4.016928773649501,ANGOLA_HUÍLA_CACONDA,15.158416365277283,-13.778376463063532,Angola,REF_TRF,OC
0079,3.2200288511740887,ANGOLA_HUÍLA_CACULA,14.291948368736596,-14.437668897988177,Angola,REF_TRF,OC
0080,3.9063383768345026,ANGOLA_HUÍLA_CALUQUEMBE,14.553605248971426,-13.943434135545042,Angola,REF_TRF,OC
0081,4.176062327918817,ANGOLA_HUÍLA_CHIBIA,13.860963321337298,-15.220319449437994,Angola,REF_TRF,OC
0082,3.360200608648936,ANGOLA_HUÍLA_CHICOMBA,15.019421703365952,-14.30430435864405,Angola,REF_TRF,OC
0083,1.4081778521221417,ANGOLA_HUÍLA_CHIPINDO,15.73591828652565,-13.88531948048917,Angola,REF_TRF,OC
0084,2.1578515825601974,ANGOLA_HUÍLA_CUVANGO,16.318716983084595,-14.2140670585581,Angola,REF_TRF,OC
0085,2.1749830982868272,ANGOLA_HUÍLA_GAMBOS,14.0555441801658,-15.836380299367216,Angola,REF_TRF,OC
0086,7.208152582320615,ANGOLA_HUÍLA_HUMPATA,13.37340825793292,-15.07711619840059,Angola,REF_TRF,OC
0087,2.6020786767103394,ANGOLA_HUÍLA_JAMBA,15.84246469273556,-14.813136321719922,Angola,REF_TRF,OC
0088,15.000375398023854,ANGOLA_HUÍLA_LUBANGO,13.74650625251509,-14.782265363665282,Angola,REF_TRF,OC
0089,6.626740942585878,ANGOLA_HUÍLA_MATALA,15.162569522619448,-15.264035381319765,Angola,REF_TRF,OC
0090,2.0803106627742647,ANGOLA_HUÍLA_QUILENGUES,13.926712495367244,-14.10284606537322,Angola,REF_TRF,OC
0091,3.7228649126364215,ANGOLA_HUÍLA_QUIPUNGO,14.584346812183863,-15.11197852346331,Angola,REF_TRF,OC
0092,33.12649888254858,ANGOLA_LUANDA_BELAS,13.174021473379,-9.08837444152561,Angola,REF_TRF,OC
0093,24.372880821155363,ANGOLA_LUANDA_CACUACO,13.451339905381309,-8.81991357363531,Angola,REF_TRF,OC
0094,12.192984910355944,ANGOLA_LUANDA_CAZENGA,13.300213504677842,-8.82313810517484,Angola,REF_TRF,OC
0095,2.775061014475329,ANGOLA_LUANDA_ICOLO E BENGO,13.862681054977354,-9.152861347234415,Angola,REF_TRF,OC
0096,45.14048769728183,ANGOLA_LUANDA_LUANDA,13.252264930379923,-8.85095461326464,Angola,REF_TRF,OC
0097,0.674334747506712,ANGOLA_LUANDA_QUISSAMA,13.850629524262196,-9.831116523016574,Angola,REF_TRF,OC
0098,47.445455239537615,ANGOLA_LUANDA_VIANA,13.400581493461187,-9.003465052028048,Angola,REF_TRF,OC
0099,2.151753368220224,ANGOLA_LUNDA NORTE_CAMBULO,21.496387269915466,-7.900107950052335,Angola,REF_TRF,OC
0100,1.3447881196568456,ANGOLA_LUNDA NORTE_CAPENDA CAMULEMBA,18.86907773627034,-9.675389036317052,Angola,REF_TRF,OC
0101,0.48837200355584254,ANGOLA_LUNDA NORTE_CAUNGULA,18.82247560938972,-8.340339422591542,Angola,REF_TRF,OC
0102,4.803669703918285,ANGOLA_LUNDA NORTE_CHITATO,20.86681232898085,-7.553523750605493,Angola,REF_TRF,OC
0103,3.234497077357549,ANGOLA_LUNDA NORTE_CUANGO,18.060888555716936,-8.601096909504287,Angola,REF_TRF,OC
0104,0.3887820678703024,ANGOLA_LUNDA NORTE_CUILO,19.68851489115215,-8.128052490802382,Angola,REF_TRF,OC
0105,0.08453544074552048,ANGOLA_LUNDA NORTE_LÓVUA,20.13536631533787,-7.292391189166928,Angola,REF_TRF,OC
0106,0.327026930856216,ANGOLA_LUNDA NORTE_LUBALO,19.297321892350976,-9.188561260843436,Angola,REF_TRF,OC
0107,3.081407325555897,ANGOLA_LUNDA NORTE_LUCAPA,20.47673092828323,-8.42331409755646,Angola,REF_TRF,OC
0108,1.816449461460924,ANGOLA_LUNDA NORTE_XÁ-MUTEBA,17.85122654394,-9.277995251698849,Angola,REF_TRF,OC
0109,0.6644359980060683,ANGOLA_LUNDA SUL_CACOLO,19.178913301145815,-10.547328172202947,Angola,REF_TRF,OC
0110,0.4716135573103875,ANGOLA_LUNDA SUL_DALA,20.352238837105524,-10.92405164265005,Angola,REF_TRF,OC
0111,0.8964437422088395,ANGOLA_LUNDA SUL_MUCONDA,21.424847286291374,-10.154651759138405,Angola,REF_TRF,OC
0112,10.513868007195684,ANGOLA_LUNDA SUL_SAURIMO,20.688380679682755,-9.477233643283244,Angola,REF_TRF,OC
0113,1.5255634063242929,ANGOLA_MALANJE_CACUSO,15.62849098111707,-9.490292469411429,Angola,REF_TRF,OC
0114,0.2828030029864653,ANGOLA_MALANJE_CAHOMBO,16.66605389643875,-8.647102372057851,Angola,REF_TRF,OC
0115,1.4869695969457222,ANGOLA_MALANJE_CALANDULA,16.005245178381916,-8.695990183498342,Angola,REF_TRF,OC
0116,0.8116137288542052,ANGOLA_MALANJE_CAMBUNDI-CATEMBO,17.84709415122643,-10.125145503710968,Angola,REF_TRF,OC
0117,0.9811261799488216,ANGOLA_MALANJE_CANGANDALA,16.683252748189343,-9.952367021939013,Angola,REF_TRF,OC
0118,0.1643701625840728,ANGOLA_MALANJE_CUNDA-DIA-BAZE,17.352728983670623,-8.66125398022735,Angola,REF_TRF,OC
0119,0.10336293435112041,ANGOLA_MALANJE_KIWABA NZOJI,16.45736622164412,-9.037971690115318,Angola,REF_TRF,OC
0120,1.0915779911542485,ANGOLA_MALANJE_LUQUEMBO,17.384986684590697,-10.792874181396483,Angola,REF_TRF,OC
0121,12.298320805873361,ANGOLA_MALANJE_MALANJE,16.35498305019854,-9.482474776585153,Angola,REF_TRF,OC
0122,0.5138771049689355,ANGOLA_MALANJE_MARIMBA,17.11151213033175,-8.168436018156713,Angola,REF_TRF,OC
0123,0.40677032859052514,ANGOLA_MALANJE_MASSANGO,16.599614024908476,-7.763456075510212,Angola,REF_TRF,OC
0124,0.52482183607563615,ANGOLA_MALANJE_MUCARI,16.919365558811112,-9.481804740501817,Angola,REF_TRF,OC
0125,0.2651498320732919,ANGOLA_MALANJE_QUELA,17.28820754724371,-9.318539247011007,Angola,REF_TRF,OC
0126,0.44026606885305564,ANGOLA_MALANJE_QUIRIMA,18.2681837365498,-11.068909718662896,Angola,REF_TRF,OC
0127,2.5659058700426574,ANGOLA_MOXICO_ALTO ZAMBEZE,22.90799374709926,-12.209683357686718,Angola,REF_TRF,OC
0128,1.7929123652406493,ANGOLA_MOXICO_BUNDAS,21.31907325919521,-14.210473217747047,Angola,REF_TRF,OC
0129,0.8135477081902371,ANGOLA_MOXICO_CAMANONGUE,20.234534061632754,-11.408959591622152,Angola,REF_TRF,OC
0130,0.4781225473427565,ANGOLA_MOXICO_CAMEIA,21.26339460023485,-11.838370789228382,Angola,REF_TRF,OC
0131,0.9001772197346899,ANGOLA_MOXICO_LÉUA,20.575562544579704,-11.74380358626066,Angola,REF_TRF,OC
0132,0.3580151935859688,ANGOLA_MOXICO_LUACANO,22.046284955949286,-11.669871723573195,Angola,REF_TRF,OC
0133,2.2189140763413038,ANGOLA_MOXICO_LUAU,21.997475474347006,-10.901812727972676,Angola,REF_TRF,OC
0134,0.37465499120432133,ANGOLA_MOXICO_LUCHAZES,19.530239402686032,-13.751962349149917,Angola,REF_TRF,OC
0135,9.542675846052212,ANGOLA_MOXICO_LUENA,19.776770525882704,-12.327720581169427,Angola,REF_TRF,OC
0136,0.9094433930595062,ANGOLA_NAMIBE_BIBALA,13.139576640553054,-14.685793467915335,Angola,REF_TRF,OC
0137,1.0947951296962661,ANGOLA_NAMIBE_CAMUCUIO,13.0324059676621,-14.003701587165244,Angola,REF_TRF,OC
0138,6.197774533300159,ANGOLA_NAMIBE_NAMIBE,12.457905307074512,-14.720315334187738,Angola,REF_TRF,OC
0139,0.9357975872433821,ANGOLA_NAMIBE_TÔMBWA,12.359284305310362,-16.564898961646183,Angola,REF_TRF,OC
0140,0.6979634295567032,ANGOLA_NAMIBE_VIREI,12.94168325673447,-15.813548331274848,Angola,REF_TRF,OC
0141,0.4526917488956315,ANGOLA_UÍGE_AMBUILA,14.468179065511844,-7.587449047134571,Angola,REF_TRF,OC
0142,0.607041602305191,ANGOLA_UÍGE_BEMBE,14.277664721920273,-7.052417289665407,Angola,REF_TRF,OC
0143,0.8089538373304038,ANGOLA_UÍGE_BUENGAS,15.825059286515511,-6.668373974646913,Angola,REF_TRF,OC
0144,0.7157102502948248,ANGOLA_UÍGE_BUNGO,15.447113463583449,-7.392017748161813,Angola,REF_TRF,OC
0145,0.8488554368328703,ANGOLA_UÍGE_CANGOLA,15.953541847191238,-7.839972087285049,Angola,REF_TRF,OC
0146,0.8113110707367602,ANGOLA_UÍGE_DAMBA,15.216117046210005,-6.730711730495686,Angola,REF_TRF,OC
0147,2.1617332875581954,ANGOLA_UÍGE_MAQUELA DO ZOMBO,15.504832114047753,-6.115762646049738,Angola,REF_TRF,OC
0148,0.6726400227047113,ANGOLA_UÍGE_SANTA CRUZ,16.58039852859364,-7.043057290518152,Angola,REF_TRF,OC
0149,0.6134126220071208,ANGOLA_UÍGE_MUCABA,15.044844983137867,-7.104479137048426,Angola,REF_TRF,OC
0150,2.765811800392025,ANGOLA_UÍGE_NEGAGE,15.387803110685544,-7.82670187011252,Angola,REF_TRF,OC
0151,0.595974041930514,ANGOLA_UÍGE_PURI,15.677588319493356,-7.6520448609471,Angola,REF_TRF,OC
0152,2.2592308714770413,ANGOLA_UÍGE_QUIMBELE,16.358827373391733,-6.339946266586419,Angola,REF_TRF,OC
0153,0.5578904970956562,ANGOLA_UÍGE_QUITEXE,14.916309357718397,-8.05805649608166,Angola,REF_TRF,OC
0154,1.1536450059336447,ANGOLA_UÍGE_SANZA POMBO,16.05132046706061,-7.225080931426597,Angola,REF_TRF,OC
0155,1.0697454391958323,ANGOLA_UÍGE_SONGO,14.789371774574954,-7.15444085578491,Angola,REF_TRF,OC
0156,11.464657199230372,ANGOLA_UÍGE_UÍGE,15.086269927234868,-7.569389383460002,Angola,REF_TRF,OC
0157,1.568021819890695,ANGOLA_ZAIRE_CUIMBA,14.656648047034412,-6.211094387740501,Angola,REF_TRF,OC
0158,4.550068008904631,ANGOLA_ZAIRE_MBANZA CONGO,14.17814621079705,-6.310144184559853,Angola,REF_TRF,OC
0159,0.5990048449230483,ANGOLA_ZAIRE_NZETO,13.396012085498478,-7.329332397443156,Angola,REF_TRF,OC
0160,2.3746217110013452,ANGOLA_ZAIRE_NÓQUI,13.505068524452918,-6.150797500748508,Angola,REF_TRF,OC
0161,6.132927215830079,ANGOLA_ZAIRE_SOYO,12.72456320103429,-6.276748486180679,Angola,REF_TRF,OC
0162,0.9230240852579908,ANGOLA_ZAIRE_TOMBOCO,13.360813071321832,-6.70704141475642,Angola,REF_TRF,OC
0163,7.690445784892689e-4,BOTSWANA_CENTRAL_BOBONONG_BOBONONG,28.439270006020617,-21.904588768680572,Botswana,REF_TRF,OC
0164,0,BOTSWANA_CENTRAL_BOBONONG_DAMOCHOJENA,27.46425717187249,-21.89586472598768,Botswana,REF_TRF,OC
0165,9.677920915412324e-4,BOTSWANA_CENTRAL_BOBONONG_KOBOJANGO,28.763918196572497,-21.785636334108606,Botswana,REF_TRF,OC
0166,0,BOTSWANA_CENTRAL_BOBONONG_LENTSWELEMORITI,29.09263730127421,-22.126071452194022,Botswana,REF_TRF,OC
0167,0,BOTSWANA_CENTRAL_BOBONONG_LEPOKOLE,28.342120180879903,-21.78828871071267,Botswana,REF_TRF,OC
0168,0,BOTSWANA_CENTRAL_BOBONONG_MABOLWE,28.93856360422732,-21.822911107503458,Botswana,REF_TRF,OC
0169,0,BOTSWANA_CENTRAL_BOBONONG_MATHATHANE,28.765707084954567,-22.164921148469332,Botswana,REF_TRF,OC
0170,0,BOTSWANA_CENTRAL_BOBONONG_MMADINARE,27.61927099292336,-21.939530032971234,Botswana,REF_TRF,OC
0171,0,BOTSWANA_CENTRAL_BOBONONG_MOLALATAU,28.546028057555482,-22.244047061148887,Botswana,REF_TRF,OC
0172,0,BOTSWANA_CENTRAL_BOBONONG_MOLETEMANE,28.24551458680093,-22.49838952314233,Botswana,REF_TRF,OC
0173,0,BOTSWANA_CENTRAL_BOBONONG_MOTLHABANENG,28.847671161031595,-22.0878861675696,Botswana,REF_TRF,OC
0174,0,BOTSWANA_CENTRAL_BOBONONG_ROBELELA,28.01614217627893,-21.606755627584164,Botswana,REF_TRF,OC
0175,0,BOTSWANA_CENTRAL_BOBONONG_SEFOPHE,28.010768080362112,-22.202415922887717,Botswana,REF_TRF,OC
0176,0,BOTSWANA_CENTRAL_BOBONONG_SEMOLALE,28.901373465716713,-21.94234612580183,Botswana,REF_TRF,OC
0177,0.0016264166147339804,BOTSWANA_CENTRAL_BOBONONG_TOBANE,28.034740456942973,-21.715331266156507,Botswana,REF_TRF,OC
0178,0,BOTSWANA_CENTRAL_BOBONONG_TSETSEBJWE,28.261512057832615,-22.323234206617617,Botswana,REF_TRF,OC
0179,0,BOTSWANA_CENTRAL_BOBONONG_TSHOKWE,28.12020929554016,-21.7461736340543,Botswana,REF_TRF,OC
0180,0,BOTSWANA_CENTRAL_BOBONONG_TULI,28.659593038222404,-22.426510831132365,Botswana,REF_TRF,OC
0181,0,BOTSWANA_CENTRAL_BOTETI_KEDIA,24.838048952453185,-21.403241698591675,Botswana,REF_TRF,OC
0182,0,BOTSWANA_CENTRAL_BOTETI_KHWEE,25.42160849963441,-21.949084316434682,Botswana,REF_TRF,OC
0183,0,BOTSWANA_CENTRAL_BOTETI_KUMAGA,24.694403521304178,-20.43709104783157,Botswana,REF_TRF,OC
0184,0,BOTSWANA_CENTRAL_BOTETI_LETLHAKANE,25.324076768019342,-21.74281229869488,Botswana,REF_TRF,OC
0185,0,BOTSWANA_CENTRAL_BOTETI_MAKALAMABEDI,24.027537186531372,-20.329731365780997,Botswana,REF_TRF,OC
0186,0,BOTSWANA_CENTRAL_BOTETI_MMADIKOLA,24.505648562137157,-21.04540148259183,Botswana,REF_TRF,OC
0187,0,BOTSWANA_CENTRAL_BOTETI_MMATSHUMO,25.608635534616877,-21.055357574481494,Botswana,REF_TRF,OC
0188,0,BOTSWANA_CENTRAL_BOTETI_MOKOBOXANE,25.01278736428241,-21.374661912697718,Botswana,REF_TRF,OC
0189,0,BOTSWANA_CENTRAL_BOTETI_MOPIPI,25.06130611972133,-20.957019464880865,Botswana,REF_TRF,OC
0190,0,BOTSWANA_CENTRAL_BOTETI_MOREOMAOTO,24.225653269651804,-20.326805973885744,Botswana,REF_TRF,OC
0191,0,BOTSWANA_CENTRAL_BOTETI_MOSU,26.096038009772478,-21.108931183794436,Botswana,REF_TRF,OC
0192,0,BOTSWANA_CENTRAL_BOTETI_MOTOPI,24.143658950831586,-20.239487705166916,Botswana,REF_TRF,OC
0193,0,BOTSWANA_CENTRAL_BOTETI_TOROMOJA,24.68875163244386,-21.028858930681245,Botswana,REF_TRF,OC
0194,0,BOTSWANA_CENTRAL_BOTETI_TSIENYANE/RAKOPS,24.297459830504376,-20.770824097320627,Botswana,REF_TRF,OC
0195,0,BOTSWANA_CENTRAL_BOTETI_XERE,23.995091776720663,-21.05103701376487,Botswana,REF_TRF,OC
0196,0,BOTSWANA_CENTRAL_BOTETI_XHUMO,24.543580068860226,-21.43138653458584,Botswana,REF_TRF,OC
0197,0,BOTSWANA_CENTRAL_MAHALAPYE_BONWAPITSE,26.696499319837177,-23.016977775399745,Botswana,REF_TRF,OC
0198,0,BOTSWANA_CENTRAL_MAHALAPYE_BOROTSI,27.574845464339035,-23.03787815480758,Botswana,REF_TRF,OC
0199,0,BOTSWANA_CENTRAL_MAHALAPYE_CHADIBE,27.653472614061975,-23.04213517690895,Botswana,REF_TRF,OC
0200,0,BOTSWANA_CENTRAL_MAHALAPYE_DIBETE STATION,26.60466673565762,-23.712578892238895,Botswana,REF_TRF,OC
0201,0,BOTSWANA_CENTRAL_MAHALAPYE_DOVEDALE,27.0584095397386,-23.43747251689984,Botswana,REF_TRF,OC
0202,0,BOTSWANA_CENTRAL_MAHALAPYE_IKONGWE,26.42368516567563,-23.133332920110572,Botswana,REF_TRF,OC
0203,0,BOTSWANA_CENTRAL_MAHALAPYE_KALAMARE,26.676800027450167,-22.85145869530537,Botswana,REF_TRF,OC
0204,0,BOTSWANA_CENTRAL_MAHALAPYE_KODIBELENG,25.8565320473089,-23.06990009465882,Botswana,REF_TRF,OC
0205,0,BOTSWANA_CENTRAL_MAHALAPYE_KUDUMATSE,27.163558620828415,-23.343825570073967,Botswana,REF_TRF,OC
0206,0,BOTSWANA_CENTRAL_MAHALAPYE_MAAPE,27.298633726872115,-22.801071310840364,Botswana,REF_TRF,OC
0207,0,BOTSWANA_CENTRAL_MAHALAPYE_MACHANENG,27.430989788355014,-23.17527950233516,Botswana,REF_TRF,OC
0208,0,BOTSWANA_CENTRAL_MAHALAPYE_MAHALAPYE,26.92364672437042,-23.059367128880574,Botswana,REF_TRF,OC
0209,0,BOTSWANA_CENTRAL_MAHALAPYE_MAKWATE,27.289572829578482,-23.25066866242674,Botswana,REF_TRF,OC
0210,0,BOTSWANA_CENTRAL_MAHALAPYE_MATLHAKO,27.57730747946278,-23.092868816729595,Botswana,REF_TRF,OC
0211,0,BOTSWANA_CENTRAL_MAHALAPYE_MHALAPITSA,27.241670153565362,-22.750141129591885,Botswana,REF_TRF,OC
0212,0,BOTSWANA_CENTRAL_MAHALAPYE_MMAPHASHALALA,26.85959307803958,-23.525191663403213,Botswana,REF_TRF,OC
0213,0,BOTSWANA_CENTRAL_MAHALAPYE_MMUTLANA,26.603632318980285,-22.97161859276938,Botswana,REF_TRF,OC
0214,0,BOTSWANA_CENTRAL_MAHALAPYE_MOKGENENE,26.039953432163163,-23.53987260084274,Botswana,REF_TRF,OC
0215,0,BOTSWANA_CENTRAL_MAHALAPYE_MOKOBENG,27.693890294840614,-22.97362584906358,Botswana,REF_TRF,OC
0216,0,BOTSWANA_CENTRAL_MAHALAPYE_MOKOSWANE,26.94190877928232,-23.316220505173856,Botswana,REF_TRF,OC
0217,0,BOTSWANA_CENTRAL_MAHALAPYE_MOOKANE,26.698166386924417,-23.694975957356803,Botswana,REF_TRF,OC
0218,0,BOTSWANA_CENTRAL_MAHALAPYE_MORALANE,26.215414450162044,-22.936420739953075,Botswana,REF_TRF,OC
0219,0,BOTSWANA_CENTRAL_MAHALAPYE_MOSHOPHA,27.314662802995976,-22.947407012331485,Botswana,REF_TRF,OC
0220,0,BOTSWANA_CENTRAL_MAHALAPYE_MOSOLOTSHANE,26.428423160167153,-22.91931594278049,Botswana,REF_TRF,OC
0221,0,BOTSWANA_CENTRAL_MAHALAPYE_NGWAPA,27.77944253096159,-22.919703336193177,Botswana,REF_TRF,OC
0222,0,BOTSWANA_CENTRAL_MAHALAPYE_OTSE,25.946626364668234,-23.32358945282839,Botswana,REF_TRF,OC
0223,0,BOTSWANA_CENTRAL_MAHALAPYE_PALLA ROAD/DINOKWE,26.77659555732254,-23.360515846147123,Botswana,REF_TRF,OC
0224,0,BOTSWANA_CENTRAL_MAHALAPYE_PILIKWE,27.12830992169561,-22.797803953113785,Botswana,REF_TRF,OC
0225,0,BOTSWANA_CENTRAL_MAHALAPYE_POLOKA,26.288048197015442,-23.601986580637178,Botswana,REF_TRF,OC
0226,0,BOTSWANA_CENTRAL_MAHALAPYE_RAMOKGONAMI,27.427775976491716,-22.856906588140728,Botswana,REF_TRF,OC
0227,0,BOTSWANA_CENTRAL_MAHALAPYE_SEFHARE,27.497480197007754,-23.01846757513452,Botswana,REF_TRF,OC
0228,0,BOTSWANA_CENTRAL_MAHALAPYE_SELEKA,27.541179586978274,-22.862211127370156,Botswana,REF_TRF,OC
0229,0,BOTSWANA_CENTRAL_MAHALAPYE_SHAKWE,27.285868545141952,-23.098563338666022,Botswana,REF_TRF,OC
0230,0,BOTSWANA_CENTRAL_MAHALAPYE_SHOSHONG,26.387666419486898,-23.28181618855284,Botswana,REF_TRF,OC
0231,0,BOTSWANA_CENTRAL_MAHALAPYE_TAUPYE,27.086389543341017,-23.181122303718336,Botswana,REF_TRF,OC
0232,0,BOTSWANA_CENTRAL_MAHALAPYE_TEWANE,26.8808106284804,-22.855065985054686,Botswana,REF_TRF,OC
0233,0,BOTSWANA_CENTRAL_MAHALAPYE_TULI,27.376483753636418,-23.358300442845334,Botswana,REF_TRF,OC
0234,0,BOTSWANA_CENTRAL_MAHALAPYE_TUMASERA,27.625135322324592,-22.873322197159712,Botswana,REF_TRF,OC
0235,0,BOTSWANA_CENTRAL_SEROWE PALAPYE_DILORO,27.615763781482226,-22.42069872982587,Botswana,REF_TRF,OC
0236,0,BOTSWANA_CENTRAL_SEROWE PALAPYE_DIMAJWE,26.75499325012916,-21.701835892951095,Botswana,REF_TRF,OC
0237,0,BOTSWANA_CENTRAL_SEROWE PALAPYE_GAMABUO,26.34887363421504,-22.621942368691556,Botswana,REF_TRF,OC
0238,0,BOTSWANA_CENTRAL_SEROWE PALAPYE_GOJWANE,27.274583799149916,-21.783314177365938,Botswana,REF_TRF,OC
0239,0,BOTSWANA_CENTRAL_SEROWE PALAPYE_GOO-SEKGWENG,27.378852556607093,-22.684458968010347,Botswana,REF_TRF,OC
0240,0,BOTSWANA_CENTRAL_SEROWE PALAPYE_GOOTAU,27.424470969841263,-22.695172167140004,Botswana,REF_TRF,OC
0241,0,BOTSWANA_CENTRAL_SEROWE PALAPYE_KGAGODI,27.50339317555218,-22.29477672423486,Botswana,REF_TRF,OC
0242,0,BOTSWANA_CENTRAL_SEROWE PALAPYE_LECHENG,27.185275817151037,-22.673190570584637,Botswana,REF_TRF,OC
0243,0,BOTSWANA_CENTRAL_SEROWE PALAPYE_LERALA,27.844813325817267,-22.74868745754991,Botswana,REF_TRF,OC
0244,0,BOTSWANA_CENTRAL_SEROWE PALAPYE_LESENEPOLE/MATOLWANE,27.57647005773152,-22.540521067100062,Botswana,REF_TRF,OC
0245,0,BOTSWANA_CENTRAL_SEROWE PALAPYE_MABELEAPUDI,26.825166966464483,-22.128040644255414,Botswana,REF_TRF,OC
0246,0,BOTSWANA_CENTRAL_SEROWE PALAPYE_MAJWANAADIPITSE,27.005264767504467,-21.94020945810498,Botswana,REF_TRF,OC
0247,0,BOTSWANA_CENTRAL_SEROWE PALAPYE_MAJWANENG,27.649493814512812,-22.75586221108769,Botswana,REF_TRF,OC
0248,0,BOTSWANA_CENTRAL_SEROWE PALAPYE_MALAKA,27.34590226161426,-22.592437093749382,Botswana,REF_TRF,OC
0249,0,BOTSWANA_CENTRAL_SEROWE PALAPYE_MALATSWAI,26.22277867959262,-21.857375536824936,Botswana,REF_TRF,OC
0250,0,BOTSWANA_CENTRAL_SEROWE PALAPYE_MANALEDI,27.5051048457668,-22.739538071182494,Botswana,REF_TRF,OC
0251,0,BOTSWANA_CENTRAL_SEROWE PALAPYE_MATLHAKOLA,27.317001132592853,-22.71429972506726,Botswana,REF_TRF,OC
0252,0,BOTSWANA_CENTRAL_SEROWE PALAPYE_MAUNATLALA,27.815623496542926,-22.549960915979852,Botswana,REF_TRF,OC
0253,0,BOTSWANA_CENTRAL_SEROWE PALAPYE_MMASHORO,26.545528327992464,-21.913528088466634,Botswana,REF_TRF,OC
0254,0,BOTSWANA_CENTRAL_SEROWE PALAPYE_MOENG,27.61182691600207,-22.684247954870994,Botswana,REF_TRF,OC
0255,0,BOTSWANA_CENTRAL_SEROWE PALAPYE_MOGAPI,27.90355332352727,-22.400536057043198,Botswana,REF_TRF,OC
0256,0,BOTSWANA_CENTRAL_SEROWE PALAPYE_MOGAPINYANA,27.656777003289175,-22.30921854076872,Botswana,REF_TRF,OC
0257,0,BOTSWANA_CENTRAL_SEROWE PALAPYE_MOGOME,26.8788884869847,-22.780246290758782,Botswana,REF_TRF,OC
0258,0,BOTSWANA_CENTRAL_SEROWE PALAPYE_MOGOROSI,26.50681705808967,-22.435754433322103,Botswana,REF_TRF,OC
0259,0,BOTSWANA_CENTRAL_SEROWE PALAPYE_MOIYABANA,25.735420719204132,-22.568416950895624,Botswana,REF_TRF,OC
0260,0,BOTSWANA_CENTRAL_SEROWE PALAPYE_MOKGWARE,26.78655204288414,-22.77384105120242,Botswana,REF_TRF,OC
0261,0,BOTSWANA_CENTRAL_SEROWE PALAPYE_MOKHUNGWANA,27.306318999794403,-22.66250272126858,Botswana,REF_TRF,OC
0262,0,BOTSWANA_CENTRAL_SEROWE PALAPYE_MOKOKWANA,27.68970066181251,-22.615814171525756,Botswana,REF_TRF,OC
0263,0,BOTSWANA_CENTRAL_SEROWE PALAPYE_MOREMI,27.48231653767836,-22.53631545317506,Botswana,REF_TRF,OC
0264,0,BOTSWANA_CENTRAL_SEROWE PALAPYE_MOREOMABELE,27.19509262463396,-21.997866632985815,Botswana,REF_TRF,OC
0265,0,BOTSWANA_CENTRAL_SEROWE PALAPYE_MOSWEU,27.643842814290796,-22.648861924159835,Botswana,REF_TRF,OC
0266,0,BOTSWANA_CENTRAL_SEROWE PALAPYE_MOTSHEGALETAU,26.39728909838941,-22.561009612981003,Botswana,REF_TRF,OC
0267,0,BOTSWANA_CENTRAL_SEROWE PALAPYE_PAJE,26.816328935481604,-22.26070768401234,Botswana,REF_TRF,OC
0268,0,BOTSWANA_CENTRAL_SEROWE PALAPYE_PALAPYE,27.16786344665423,-22.55497413257865,Botswana,REF_TRF,OC
0269,0,BOTSWANA_CENTRAL_SEROWE PALAPYE_RADISELE,26.988408471288807,-22.81090444695215,Botswana,REF_TRF,OC
0270,0,BOTSWANA_CENTRAL_SEROWE PALAPYE_RATHOLO,27.53938699821314,-22.68681419937455,Botswana,REF_TRF,OC
0271,0,BOTSWANA_CENTRAL_SEROWE PALAPYE_SEHUNOU,26.385003835935297,-22.59514869100243,Botswana,REF_TRF,OC
0272,0,BOTSWANA_CENTRAL_SEROWE PALAPYE_SEOLWANE,27.762620325390287,-22.666448768729584,Botswana,REF_TRF,OC
0273,0,BOTSWANA_CENTRAL_SEROWE PALAPYE_SEROWE,26.50285991859318,-21.991307902066985,Botswana,REF_TRF,OC
0274,0,BOTSWANA_CENTRAL_SEROWE PALAPYE_SERULE,27.237798390462725,-21.890009585678992,Botswana,REF_TRF,OC
0275,0,BOTSWANA_CENTRAL_SEROWE PALAPYE_TAMASANE,27.396841887713986,-22.3814578521284,Botswana,REF_TRF,OC
0276,0,BOTSWANA_CENTRAL_SEROWE PALAPYE_THABALA,26.421061666211095,-22.511119340536165,Botswana,REF_TRF,OC
0277,0,BOTSWANA_CENTRAL_SEROWE PALAPYE_TOPISI,27.22337506343467,-22.227424247307294,Botswana,REF_TRF,OC
0278,0,BOTSWANA_CENTRAL_SEROWE PALAPYE_TSHIMOYAPULA,27.019142014452218,-22.119432295799754,Botswana,REF_TRF,OC
0279,0,BOTSWANA_CENTRAL_SEROWE PALAPYE_TULI,28.061256491221307,-22.727203098241798,Botswana,REF_TRF,OC
0280,0,BOTSWANA_CENTRAL_TUTUME_BOROLONG,27.32637665560921,-21.091395459266185,Botswana,REF_TRF,OC
0281,0,BOTSWANA_CENTRAL_TUTUME_BOROTSI,27.251654267811457,-21.026993493948527,Botswana,REF_TRF,OC
0282,0,BOTSWANA_CENTRAL_TUTUME_CHADIBE,27.342256409557447,-21.066229746391034,Botswana,REF_TRF,OC
0283,2.2617091946837093e-6,BOTSWANA_CENTRAL_TUTUME_CHANGATE,27.246529169011538,-20.323681695475976,Botswana,REF_TRF,OC
0284,8.443632717240447e-5,BOTSWANA_CENTRAL_TUTUME_DAGWI,27.24543111493109,-20.205531255072483,Botswana,REF_TRF,OC
0285,0,BOTSWANA_CENTRAL_TUTUME_DUKWI,26.284620970093016,-20.67546283807841,Botswana,REF_TRF,OC
0286,0,BOTSWANA_CENTRAL_TUTUME_GOSHWE,27.21557874997618,-20.535609785786193,Botswana,REF_TRF,OC
0287,0,BOTSWANA_CENTRAL_TUTUME_GWETA,25.591976234675478,-19.905319536886395,Botswana,REF_TRF,OC
0288,0,BOTSWANA_CENTRAL_TUTUME_JAMATAKA,27.15547496011975,-21.068951470145485,Botswana,REF_TRF,OC
0289,0,BOTSWANA_CENTRAL_TUTUME_KUTAMOGREE,26.880512190693914,-20.75110495387822,Botswana,REF_TRF,OC
0290,0,BOTSWANA_CENTRAL_TUTUME_LEPASHE,26.66685337113433,-20.812417757916798,Botswana,REF_TRF,OC
0291,0,BOTSWANA_CENTRAL_TUTUME_MABESEKWA,26.832739428334428,-21.176734877732674,Botswana,REF_TRF,OC
0292,0,BOTSWANA_CENTRAL_TUTUME_MAFONGO/HOBONA,27.235943246400137,-20.94573521021701,Botswana,REF_TRF,OC
0293,2.6560751773232945e-4,BOTSWANA_CENTRAL_TUTUME_MAITENGWE,27.011808968202775,-20.116667928999114,Botswana,REF_TRF,OC
0294,0,BOTSWANA_CENTRAL_TUTUME_MAKOBO,27.107677079222814,-21.02576555193948,Botswana,REF_TRF,OC
0295,0,BOTSWANA_CENTRAL_TUTUME_MAKUTA,26.936411463806042,-20.611020613663403,Botswana,REF_TRF,OC
0296,0,BOTSWANA_CENTRAL_TUTUME_MANDUNYANE,27.164838306199922,-21.29997484522961,Botswana,REF_TRF,OC
0297,0,BOTSWANA_CENTRAL_TUTUME_MAPOSA,26.227831043889193,-20.105672557073913,Botswana,REF_TRF,OC
0298,0,BOTSWANA_CENTRAL_TUTUME_MARAPONG,27.060904032209528,-20.875646900092942,Botswana,REF_TRF,OC
0299,0,BOTSWANA_CENTRAL_TUTUME_MAROBELA,27.22684904528886,-20.86226718353111,Botswana,REF_TRF,OC
0300,0,BOTSWANA_CENTRAL_TUTUME_MATHANGWANE,27.301597561179328,-20.96526881266621,Botswana,REF_TRF,OC
0301,0,BOTSWANA_CENTRAL_TUTUME_MATOBO,27.07410815569497,-20.55396589314004,Botswana,REF_TRF,OC
0302,0,BOTSWANA_CENTRAL_TUTUME_MATSITAMA,26.795600326944548,-20.91574597947195,Botswana,REF_TRF,OC
0303,0,BOTSWANA_CENTRAL_TUTUME_MMANXOTAE,26.39231628230285,-20.11189737769122,Botswana,REF_TRF,OC
0304,0,BOTSWANA_CENTRAL_TUTUME_MMEYA,26.45632418802842,-20.83403038639063,Botswana,REF_TRF,OC
0305,0,BOTSWANA_CENTRAL_TUTUME_MOKUBILO,26.522301620359478,-21.211068795354347,Botswana,REF_TRF,OC
0306,0,BOTSWANA_CENTRAL_TUTUME_MOSETSE,26.717225408615494,-20.61414488681695,Botswana,REF_TRF,OC
0307,0,BOTSWANA_CENTRAL_TUTUME_NATA,26.421106250465357,-20.364015464327988,Botswana,REF_TRF,OC
0308,0,BOTSWANA_CENTRAL_TUTUME_NATALE,27.13819661363051,-21.12190933916731,Botswana,REF_TRF,OC
0309,0,BOTSWANA_CENTRAL_TUTUME_NKANGE,27.150899768186317,-20.292280125711056,Botswana,REF_TRF,OC
0310,0,BOTSWANA_CENTRAL_TUTUME_NSHAKASHOKWE,27.19448164625436,-20.800715019251136,Botswana,REF_TRF,OC
0311,0,BOTSWANA_CENTRAL_TUTUME_NSWAZWI,27.11079707796551,-20.717051379328918,Botswana,REF_TRF,OC
0312,0,BOTSWANA_CENTRAL_TUTUME_SEBINA,27.212125328697905,-20.8229088309246,Botswana,REF_TRF,OC
0313,0,BOTSWANA_CENTRAL_TUTUME_SEMITWE,27.057568754807466,-20.9304846145358,Botswana,REF_TRF,OC
0314,0,BOTSWANA_CENTRAL_TUTUME_SENETE,27.061521930586494,-20.338940466599496,Botswana,REF_TRF,OC
0315,1.5893234657467937e-6,BOTSWANA_CENTRAL_TUTUME_SEPAKO,26.42176865500974,-19.91292710159379,Botswana,REF_TRF,OC
0316,0,BOTSWANA_CENTRAL_TUTUME_SHASHE-MOOKE,27.294622390104607,-21.200689259821715,Botswana,REF_TRF,OC
0317,0,BOTSWANA_CENTRAL_TUTUME_SHASHE/SEMOTSWANE,27.353975033981698,-21.4004850680266,Botswana,REF_TRF,OC
0318,0,BOTSWANA_CENTRAL_TUTUME_TONOTA,27.390007578405545,-21.56581687363627,Botswana,REF_TRF,OC
0319,0,BOTSWANA_CENTRAL_TUTUME_TSHOKATSHAA,25.411457316681155,-20.073274987651395,Botswana,REF_TRF,OC
0320,0,BOTSWANA_CENTRAL_TUTUME_TUTUME,26.93343318392142,-20.358110222677443,Botswana,REF_TRF,OC
0321,0,BOTSWANA_CENTRAL_TUTUME_ZOROGA,25.931132083826565,-20.225947339100205,Botswana,REF_TRF,OC
0322,0,BOTSWANA_CHOBE_CHOBE_KACHIKAU,24.593403269312077,-18.19955337118612,Botswana,REF_TRF,OC
0323,0.05064949002504214,BOTSWANA_CHOBE_CHOBE_KASANE,25.053605518831368,-17.95621200218165,Botswana,REF_TRF,OC
0324,0,BOTSWANA_CHOBE_CHOBE_KATABA,24.208556915615702,-18.516556039211913,Botswana,REF_TRF,OC
0325,0,BOTSWANA_CHOBE_CHOBE_KAVIMBA,24.673787397731,-18.131513519062572,Botswana,REF_TRF,OC
0326,0.05296729242460752,BOTSWANA_CHOBE_CHOBE_KAZUNGULA,25.239551399880288,-17.81715309318576,Botswana,REF_TRF,OC
0327,0,BOTSWANA_CHOBE_CHOBE_LESOMA,25.22616409411994,-17.924922498851625,Botswana,REF_TRF,OC
0328,0.03924355065280575,BOTSWANA_CHOBE_CHOBE_MUCHINJE/MABELE,24.80594102179805,-18.000000788213598,Botswana,REF_TRF,OC
0329,0,BOTSWANA_CHOBE_CHOBE_NUMBER SEVEN,25.091530617419757,-18.628521496100262,Botswana,REF_TRF,OC
0330,0,BOTSWANA_CHOBE_CHOBE_PANDAMATENGA,25.62991931175742,-18.55507084642917,Botswana,REF_TRF,OC
0331,0,BOTSWANA_CHOBE_CHOBE_PARAKARUNGU,24.3003425097673,-18.078920152986736,Botswana,REF_TRF,OC
0332,0,BOTSWANA_CHOBE_CHOBE_SATAU,24.4229631549193,-18.021010667013208,Botswana,REF_TRF,OC
0333,0,BOTSWANA_GABORONE_GABORONE_GABORONE,25.88095190745218,-24.686452843134287,Botswana,REF_TRF,OC
0334,0,BOTSWANA_GHANZI_CENTRAL KGALAGADI GAME RESERVE_CENTRAL KGALAGADI GAME RESERVE,23.84354631529824,-22.32227292696922,Botswana,REF_TRF,OC
0335,0,BOTSWANA_GHANZI_GHANZI_B. VISSER,22.55838233704724,-21.32992655115972,Botswana,REF_TRF,OC
0336,0,BOTSWANA_GHANZI_GHANZI_BERE,21.79557213181817,-22.740271290335002,Botswana,REF_TRF,OC
0337,0,BOTSWANA_GHANZI_GHANZI_CHARLES HILL,20.07849051397565,-22.30448292484571,Botswana,REF_TRF,OC
0338,0,BOTSWANA_GHANZI_GHANZI_CHARLES SHELDON,22.10987199508711,-21.572165997131027,Botswana,REF_TRF,OC
0339,0,BOTSWANA_GHANZI_GHANZI_CHOBOKWANE,21.24948179474576,-22.480947513304624,Botswana,REF_TRF,OC
0340,0,BOTSWANA_GHANZI_GHANZI_DECT ETIN,21.87694726048196,-21.572322965589386,Botswana,REF_TRF,OC
0341,0,BOTSWANA_GHANZI_GHANZI_DEKAR,22.065436232878568,-21.366520787607246,Botswana,REF_TRF,OC
0342,0,BOTSWANA_GHANZI_GHANZI_EAST HANAHAI,22.296004965831617,-22.138606212752848,Botswana,REF_TRF,OC
0343,0,BOTSWANA_GHANZI_GHANZI_GHANZI,21.636172818729325,-21.69600936266415,Botswana,REF_TRF,OC
0344,0,BOTSWANA_GHANZI_GHANZI_GROOTE LAAGTE,21.349883074115542,-21.38859908504291,Botswana,REF_TRF,OC
0345,0,BOTSWANA_GHANZI_GHANZI_HANS METZLER,20.164337868142784,-22.12061746486461,Botswana,REF_TRF,OC
0346,0,BOTSWANA_GHANZI_GHANZI_J. RANSALL,20.422333298998613,-22.140780374743333,Botswana,REF_TRF,OC
0347,0,BOTSWANA_GHANZI_GHANZI_JANKI JANKI,21.346606317490824,-23.123137224643713,Botswana,REF_TRF,OC
0348,0,BOTSWANA_GHANZI_GHANZI_JERUNG,22.462289483631174,-21.771073127188487,Botswana,REF_TRF,OC
0349,0,BOTSWANA_GHANZI_GHANZI_JOHN FARM,22.325500764273656,-21.113654988029502,Botswana,REF_TRF,OC
0350,0,BOTSWANA_GHANZI_GHANZI_KACGAE,22.25670639051408,-22.78108355380457,Botswana,REF_TRF,OC
0351,0,BOTSWANA_GHANZI_GHANZI_KARAKOBIS,20.69787418591688,-22.076318449477853,Botswana,REF_TRF,OC
0352,0,BOTSWANA_GHANZI_GHANZI_KULE,20.25485884411168,-22.82990220520822,Botswana,REF_TRF,OC
0353,0,BOTSWANA_GHANZI_GHANZI_MAGONO MAGONO,20.74295662591417,-23.122989899939387,Botswana,REF_TRF,OC
0354,0,BOTSWANA_GHANZI_GHANZI_MAKUNDA,20.356137474087205,-22.403140017753746,Botswana,REF_TRF,OC
0355,0,BOTSWANA_GHANZI_GHANZI_MASIRE'S FARM,21.364735361374258,-21.90738889293877,Botswana,REF_TRF,OC
0356,0,BOTSWANA_GHANZI_GHANZI_NCOJANE,20.259249043024266,-23.18993344999315,Botswana,REF_TRF,OC
0357,0,BOTSWANA_GHANZI_GHANZI_NEW XADE,22.47638609723249,-22.059709596306462,Botswana,REF_TRF,OC
0358,0,BOTSWANA_GHANZI_GHANZI_NEW XANAGAS,20.800274167066778,-22.572525810989912,Botswana,REF_TRF,OC
0359,0,BOTSWANA_GHANZI_GHANZI_QABO,21.72658991626723,-21.05161346564646,Botswana,REF_TRF,OC
0360,0,BOTSWANA_GHANZI_GHANZI_TSOOTSHA,20.91109497610415,-22.075747207834585,Botswana,REF_TRF,OC
0361,0,BOTSWANA_GHANZI_GHANZI_WEST HANAHAI,21.65082272869238,-22.135855131778566,Botswana,REF_TRF,OC
0362,0,BOTSWANA_JWANENG_JWANENG_JWANENG,24.757853176422884,-24.58932918017088,Botswana,REF_TRF,OC
0363,0,BOTSWANA_KGALAGADI_KGALAGADI NORTH_HUKUNTSI,21.663906534181816,-23.998763591814352,Botswana,REF_TRF,OC
0364,0,BOTSWANA_KGALAGADI_KGALAGADI NORTH_HUNHUKWE,21.77076341928267,-23.455768999361656,Botswana,REF_TRF,OC
0365,0,BOTSWANA_KGALAGADI_KGALAGADI NORTH_INALEGOLO,22.658513508974664,-24.45585560542118,Botswana,REF_TRF,OC
0366,0,BOTSWANA_KGALAGADI_KGALAGADI NORTH_KANG,22.631383747199003,-23.529403386876705,Botswana,REF_TRF,OC
0367,0,BOTSWANA_KGALAGADI_KGALAGADI NORTH_LEHUTUTU,22.00790879280739,-23.84360826239536,Botswana,REF_TRF,OC
0368,0,BOTSWANA_KGALAGADI_KGALAGADI NORTH_LOKGWABE,21.7851453687414,-24.07867771129318,Botswana,REF_TRF,OC
0369,0,BOTSWANA_KGALAGADI_KGALAGADI NORTH_MAKE,21.994205625425362,-23.680770428270183,Botswana,REF_TRF,OC
0370,0,BOTSWANA_KGALAGADI_KGALAGADI NORTH_MONONG,21.544688834846603,-23.73920927317219,Botswana,REF_TRF,OC
0371,0,BOTSWANA_KGALAGADI_KGALAGADI NORTH_NCAANG,21.1223824590204,-23.44041697965504,Botswana,REF_TRF,OC
0372,0,BOTSWANA_KGALAGADI_KGALAGADI NORTH_NGWATLE,21.117355141120534,-23.647886311201248,Botswana,REF_TRF,OC
0373,0,BOTSWANA_KGALAGADI_KGALAGADI NORTH_PHUDUHUDU,22.580063911251433,-23.93036127904691,Botswana,REF_TRF,OC
0374,0,BOTSWANA_KGALAGADI_KGALAGADI NORTH_TSHANE,22.009218648598967,-23.97480857848694,Botswana,REF_TRF,OC
0375,0,BOTSWANA_KGALAGADI_KGALAGADI NORTH_UKWI,20.54965855676176,-23.64224465777984,Botswana,REF_TRF,OC
0376,0,BOTSWANA_KGALAGADI_KGALAGADI NORTH_ZUTSWA,21.06879673283048,-24.378159867529472,Botswana,REF_TRF,OC
0377,0,BOTSWANA_KGALAGADI_KGALAGADI SOUTH_BOGOGOBO,21.939941061820672,-26.643776855439175,Botswana,REF_TRF,OC
0378,0,BOTSWANA_KGALAGADI_KGALAGADI SOUTH_BOKSPITS,21.314513491670507,-25.52305062333103,Botswana,REF_TRF,OC
0379,0.22993590698603494,BOTSWANA_KGALAGADI_KGALAGADI SOUTH_BRAY,23.752155151918004,-25.314612046817558,Botswana,REF_TRF,OC
0380,0,BOTSWANA_KGALAGADI_KGALAGADI SOUTH_GACHIBANA,21.318615947145076,-26.76135876855932,Botswana,REF_TRF,OC
0381,0,BOTSWANA_KGALAGADI_KGALAGADI SOUTH_KHISA,22.627311790636153,-25.661301014142644,Botswana,REF_TRF,OC
0382,0,BOTSWANA_KGALAGADI_KGALAGADI SOUTH_KHUIS,21.778745594602643,-26.61621321259511,Botswana,REF_TRF,OC
0383,0,BOTSWANA_KGALAGADI_KGALAGADI SOUTH_KHWAWA,21.536389504618732,-26.33146231350371,Botswana,REF_TRF,OC
0384,0,BOTSWANA_KGALAGADI_KGALAGADI SOUTH_KOKOTSHA,23.282665786747692,-24.952596354252385,Botswana,REF_TRF,OC
0385,0,BOTSWANA_KGALAGADI_KGALAGADI SOUTH_KOLONKWANE,21.998886440804885,-26.46695305601831,Botswana,REF_TRF,OC
0386,0,BOTSWANA_KGALAGADI_KGALAGADI SOUTH_MAKOPONG,23.00557554126552,-25.279785016029198,Botswana,REF_TRF,OC
0387,0,BOTSWANA_KGALAGADI_KGALAGADI SOUTH_MALESHE,22.578885408820124,-25.861705230970156,Botswana,REF_TRF,OC
0388,0,BOTSWANA_KGALAGADI_KGALAGADI SOUTH_MARALALENG,22.68707487230088,-25.784682276497044,Botswana,REF_TRF,OC
0389,0,BOTSWANA_KGALAGADI_KGALAGADI SOUTH_MAUBELO,22.38337590834033,-25.32060395255863,Botswana,REF_TRF,OC
0390,0,BOTSWANA_KGALAGADI_KGALAGADI SOUTH_MIDDLEPITS,21.88965522829646,-26.64510622003729,Botswana,REF_TRF,OC
0391,0.09418947615604505,BOTSWANA_KGALAGADI_KGALAGADI SOUTH_MOLOPO FARMS,23.901539179894392,-25.218667431791786,Botswana,REF_TRF,OC
0392,0,BOTSWANA_KGALAGADI_KGALAGADI SOUTH_OMAWENENO,22.58460683893281,-25.787109823452095,Botswana,REF_TRF,OC
0393,0,BOTSWANA_KGALAGADI_KGALAGADI SOUTH_PHEPHENG/DRAAIHOEK,22.78105010135853,-25.353110330504997,Botswana,REF_TRF,OC
0394,0,BOTSWANA_KGALAGADI_KGALAGADI SOUTH_RAPPLES PAN,21.008575646663,-26.638159980643096,Botswana,REF_TRF,OC
0395,0,BOTSWANA_KGALAGADI_KGALAGADI SOUTH_STRUIZENDAM,20.634736317115014,-26.674011578479416,Botswana,REF_TRF,OC
0396,0,BOTSWANA_KGALAGADI_KGALAGADI SOUTH_TSABONG,22.533675678870342,-26.03261068358875,Botswana,REF_TRF,OC
0397,0,BOTSWANA_KGALAGADI_KGALAGADI SOUTH_VAALHOEK,20.899174768893236,-26.63085165782585,Botswana,REF_TRF,OC
0398,0.9340885784443909,BOTSWANA_KGALAGADI_KGALAGADI SOUTH_WERDA,23.074307700309763,-25.079935228446647,Botswana,REF_TRF,OC
0399,0,BOTSWANA_KGATLENG_KGATLENG_ARTISIA,26.329598045283216,-24.01646307301413,Botswana,REF_TRF,OC
0400,0,BOTSWANA_KGATLENG_KGATLENG_BOKAA,25.97195065976654,-24.450230086407068,Botswana,REF_TRF,OC
0401,0,BOTSWANA_KGATLENG_KGATLENG_DIKGONNYE,26.029703255813914,-24.096171191247226,Botswana,REF_TRF,OC
0402,0,BOTSWANA_KGATLENG_KGATLENG_DIKWIDIDI,26.17999949757091,-24.55666835671585,Botswana,REF_TRF,OC
0403,0,BOTSWANA_KGATLENG_KGATLENG_KGOMODIATSHABA,26.269863148495805,-23.959055603855354,Botswana,REF_TRF,OC
0404,0,BOTSWANA_KGATLENG_KGATLENG_KHURUTSHE,26.132859344771337,-23.690545327799267,Botswana,REF_TRF,OC
0405,0,BOTSWANA_KGATLENG_KGATLENG_LESHIBITSE,26.406165055796965,-23.83651089330935,Botswana,REF_TRF,OC
0406,0,BOTSWANA_KGATLENG_KGATLENG_MABALANE,26.28893676301754,-24.621655976454754,Botswana,REF_TRF,OC
0407,0,BOTSWANA_KGATLENG_KGATLENG_MALOLWANE,26.430380010494872,-24.457842437404707,Botswana,REF_TRF,OC
0408,0,BOTSWANA_KGATLENG_KGATLENG_MALOTWANA SIDING,26.151012846299633,-24.29179457997145,Botswana,REF_TRF,OC
0409,0,BOTSWANA_KGATLENG_KGATLENG_MATEBELENG,26.04953135972325,-24.525143676862136,Botswana,REF_TRF,OC
0410,0,BOTSWANA_KGATLENG_KGATLENG_MMATHUBUDUKWANE,26.402194016452356,-24.58953432239364,Botswana,REF_TRF,OC
0411,0,BOTSWANA_KGATLENG_KGATLENG_MOCHUDI,26.47677571716603,-24.23454264974918,Botswana,REF_TRF,OC
0412,0,BOTSWANA_KGATLENG_KGATLENG_MODIPANE,26.172106866832117,-24.61311568769224,Botswana,REF_TRF,OC
0413,0,BOTSWANA_KGATLENG_KGATLENG_MORWA,26.089564160859158,-24.467876815246445,Botswana,REF_TRF,OC
0414,0,BOTSWANA_KGATLENG_KGATLENG_OLIPHANTS DRIFT,26.833613302849894,-24.18652011472838,Botswana,REF_TRF,OC
0415,0,BOTSWANA_KGATLENG_KGATLENG_OODI,26.09229785618965,-24.566777150464368,Botswana,REF_TRF,OC
0416,0,BOTSWANA_KGATLENG_KGATLENG_PILANE STATION,26.10483646643129,-24.415535218505003,Botswana,REF_TRF,OC
0417,0,BOTSWANA_KGATLENG_KGATLENG_RAMONAKA,26.446902425513134,-24.542320856771433,Botswana,REF_TRF,OC
0418,0,BOTSWANA_KGATLENG_KGATLENG_RAMOTLABAKI,26.871752159032944,-23.894065124338375,Botswana,REF_TRF,OC
0419,0,BOTSWANA_KGATLENG_KGATLENG_RASESA,26.029082284030856,-24.334812008927873,Botswana,REF_TRF,OC
0420,0,BOTSWANA_KGATLENG_KGATLENG_SIKWANE,26.40976832130963,-24.631382480577347,Botswana,REF_TRF,OC
0421,0,BOTSWANA_KWENENG_KWENENG EAST_BDF MOGODITSHANE,25.866597567365684,-24.60177989688917,Botswana,REF_TRF,OC
0422,0,BOTSWANA_KWENENG_KWENENG EAST_BOATLANAME,25.90698626304365,-23.603697827888347,Botswana,REF_TRF,OC
0423,0,BOTSWANA_KWENENG_KWENENG EAST_DIKGATLHONG,25.890773108192004,-24.22990108004598,Botswana,REF_TRF,OC
0424,0,BOTSWANA_KWENENG_KWENENG EAST_DITSHUKUDU,25.79018424903999,-24.31657903586985,Botswana,REF_TRF,OC
0425,0,BOTSWANA_KWENENG_KWENENG EAST_GABANE,25.724856086362443,-24.625622432889752,Botswana,REF_TRF,OC
0426,0,BOTSWANA_KWENENG_KWENENG EAST_GAKGATLA,25.558388738489484,-24.555893651556392,Botswana,REF_TRF,OC
0427,0,BOTSWANA_KWENENG_KWENENG EAST_GAKUTLO,25.795893008492364,-24.485500847618265,Botswana,REF_TRF,OC
0428,0,BOTSWANA_KWENENG_KWENENG EAST_GAMODUBU,25.71707045103724,-24.50745373492028,Botswana,REF_TRF,OC
0429,0,BOTSWANA_KWENENG_KWENENG EAST_HATSALATLADI,25.655128743903163,-24.053036283307804,Botswana,REF_TRF,OC
0430,0,BOTSWANA_KWENENG_KWENENG EAST_KGOPE,25.90730765578967,-24.309697924278826,Botswana,REF_TRF,OC
0431,0,BOTSWANA_KWENENG_KWENENG EAST_KOPONG,25.870465764300775,-24.444158127481042,Botswana,REF_TRF,OC
0432,0,BOTSWANA_KWENENG_KWENENG EAST_KUBUNG,25.360366076259005,-24.614971635386656,Botswana,REF_TRF,OC
0433,0,BOTSWANA_KWENENG_KWENENG EAST_KUMAKWANE,25.672697196778568,-24.673575670712168,Botswana,REF_TRF,OC
0434,0,BOTSWANA_KWENENG_KWENENG EAST_KWENENG,25.828354177294415,-23.852566021088684,Botswana,REF_TRF,OC
0435,0,BOTSWANA_KWENENG_KWENENG EAST_LENTSWELETAU,25.870136138465416,-24.167826671475748,Botswana,REF_TRF,OC
0436,0,BOTSWANA_KWENENG_KWENENG EAST_LEOLOGANE,25.64433800339369,-23.434433772014575,Botswana,REF_TRF,OC
0437,0,BOTSWANA_KWENENG_KWENENG EAST_LEPHEPHE,25.894174284633333,-23.40765559827626,Botswana,REF_TRF,OC
0438,0,BOTSWANA_KWENENG_KWENENG EAST_LOSILAKGOKONG,25.34988894663335,-24.571135771940597,Botswana,REF_TRF,OC
0439,0,BOTSWANA_KWENENG_KWENENG EAST_MAHETLWE,25.665185137212088,-24.23905297400607,Botswana,REF_TRF,OC
0440,0,BOTSWANA_KWENENG_KWENENG EAST_MEDIE,25.874565240962703,-24.031116366980243,Botswana,REF_TRF,OC
0441,0,BOTSWANA_KWENENG_KWENENG EAST_METSIMOTLHABE,25.814813747961594,-24.57843758628985,Botswana,REF_TRF,OC
0442,0,BOTSWANA_KWENENG_KWENENG EAST_MMANKGODI,25.623117562536567,-24.72944762315122,Botswana,REF_TRF,OC
0443,0,BOTSWANA_KWENENG_KWENENG EAST_MMANOKO,25.64934009640395,-24.42250311648915,Botswana,REF_TRF,OC
0444,0,BOTSWANA_KWENENG_KWENENG EAST_MMATSETA,25.85895904561137,-24.512431056468085,Botswana,REF_TRF,OC
0445,0,BOTSWANA_KWENENG_KWENENG EAST_MMOPANE,25.831916673401516,-24.543107056933852,Botswana,REF_TRF,OC
0446,0,BOTSWANA_KWENENG_KWENENG EAST_MOGODITSHANE,25.85842184630358,-24.60738400491993,Botswana,REF_TRF,OC
0447,0,BOTSWANA_KWENENG_KWENENG EAST_MOGONONO,25.577935957073354,-24.234385269062876,Botswana,REF_TRF,OC
0448,0,BOTSWANA_KWENENG_KWENENG EAST_MOKOLODI,25.81603234528639,-24.697241109077822,Botswana,REF_TRF,OC
0449,0,BOTSWANA_KWENENG_KWENENG EAST_MOLEPOLOLE,25.5497055386965,-24.395542548425816,Botswana,REF_TRF,OC
0450,0,BOTSWANA_KWENENG_KWENENG EAST_RAMAPHATLE,25.61446897045962,-24.70394371590776,Botswana,REF_TRF,OC
0451,0,BOTSWANA_KWENENG_KWENENG EAST_SHADISHADI,25.6542773445706,-23.631687537826256,Botswana,REF_TRF,OC
0452,0,BOTSWANA_KWENENG_KWENENG EAST_SOJWE,25.81060306743436,-23.447805731300946,Botswana,REF_TRF,OC
0453,0,BOTSWANA_KWENENG_KWENENG EAST_THAMAGA,25.512202536353346,-24.636709032733712,Botswana,REF_TRF,OC
0454,0,BOTSWANA_KWENENG_KWENENG EAST_TLOANENG,25.718436819740113,-24.748830124610986,Botswana,REF_TRF,OC
0455,0,BOTSWANA_KWENENG_KWENENG WEST_BOTLHAPATLOU,25.49433742402101,-23.950964377275472,Botswana,REF_TRF,OC
0456,0,BOTSWANA_KWENENG_KWENENG WEST_DIPHUDUHUDU,25.361313831639055,-23.66424037279965,Botswana,REF_TRF,OC
0457,0,BOTSWANA_KWENENG_KWENENG WEST_DITSHEGWANE,24.967494356636315,-24.325453739104706,Botswana,REF_TRF,OC
0458,0,BOTSWANA_KWENENG_KWENENG WEST_DUTLWE,24.010209606049106,-24.0766543302552,Botswana,REF_TRF,OC
0459,0,BOTSWANA_KWENENG_KWENENG WEST_KAUDWANE,24.659436878890112,-23.367661970601763,Botswana,REF_TRF,OC
0460,0,BOTSWANA_KWENENG_KWENENG WEST_KHUDUMELAPYE,25.170144578603114,-23.791371348563107,Botswana,REF_TRF,OC
0461,0,BOTSWANA_KWENENG_KWENENG WEST_KOTOLANAME,25.344981106952105,-24.426360101349005,Botswana,REF_TRF,OC
0462,0,BOTSWANA_KWENENG_KWENENG WEST_LETLHAKENG,25.055504504543418,-24.07736578153483,Botswana,REF_TRF,OC
0463,0,BOTSWANA_KWENENG_KWENENG WEST_MABOANE,24.62981126929652,-24.01531720256432,Botswana,REF_TRF,OC
0464,0,BOTSWANA_KWENENG_KWENENG WEST_MALWELWE,25.388569305562967,-24.124123864830562,Botswana,REF_TRF,OC
0465,0,BOTSWANA_KWENENG_KWENENG WEST_MANTSHWABISI,25.20948564723073,-24.090430074502226,Botswana,REF_TRF,OC
0466,0,BOTSWANA_KWENENG_KWENENG WEST_MARATSHWANE,25.27943300340971,-24.00543002229499,Botswana,REF_TRF,OC
0467,0,BOTSWANA_KWENENG_KWENENG WEST_METSIBOTLHOKO,24.88334535341407,-24.02100921043726,Botswana,REF_TRF,OC
0468,0,BOTSWANA_KWENENG_KWENENG WEST_MONWANE,25.208167783087692,-24.31675483950471,Botswana,REF_TRF,OC
0469,0,BOTSWANA_KWENENG_KWENENG WEST_MOSHAWENG,25.126758323030916,-24.50223959697767,Botswana,REF_TRF,OC
0470,0,BOTSWANA_KWENENG_KWENENG WEST_MOTOKWE,23.393326314118752,-23.949217767767472,Botswana,REF_TRF,OC
0471,0,BOTSWANA_KWENENG_KWENENG WEST_NGWARE,25.472317051558928,-23.407189666362918,Botswana,REF_TRF,OC
0472,0,BOTSWANA_KWENENG_KWENENG WEST_SALAJWE,24.700069233188845,-23.586968168257275,Botswana,REF_TRF,OC
0473,0,BOTSWANA_KWENENG_KWENENG WEST_SERINANE,25.19951548113084,-24.18969812658127,Botswana,REF_TRF,OC
0474,0,BOTSWANA_KWENENG_KWENENG WEST_SESUNG,24.920484389582054,-24.098764991625394,Botswana,REF_TRF,OC
0475,0,BOTSWANA_KWENENG_KWENENG WEST_SORILATHOLO,25.06367528301778,-23.48111009752001,Botswana,REF_TRF,OC
0476,0,BOTSWANA_KWENENG_KWENENG WEST_TAKATOKWANE,24.333986142124967,-23.897263235861104,Botswana,REF_TRF,OC
0477,0,BOTSWANA_KWENENG_KWENENG WEST_THEBEPHATSHWA,25.33911813426609,-24.229770927348877,Botswana,REF_TRF,OC
0478,0,BOTSWANA_KWENENG_KWENENG WEST_TSETSENG,23.346608409362428,-23.556625874898454,Botswana,REF_TRF,OC
0479,0,BOTSWANA_KWENENG_KWENENG WEST_TSWAANE,23.844303310573697,-23.677953470418096,Botswana,REF_TRF,OC
0480,0.03618864552134941,BOTSWANA_LOBATSE_LOBATSE_LOBATSE,25.680222039240462,-25.21156716052995,Botswana,REF_TRF,OC
0481,0,BOTSWANA_NORTH EAST_NORTH EAST_BOTALAOTE,27.23593919430158,-20.74011790617292,Botswana,REF_TRF,OC
0482,2.1310962971469598e-5,BOTSWANA_NORTH EAST_NORTH EAST_BUTALE,27.676071500645865,-20.656116388620305,Botswana,REF_TRF,OC
0483,0,BOTSWANA_NORTH EAST_NORTH EAST_DITLADI,27.593853189898606,-21.357392846398774,Botswana,REF_TRF,OC
0484,0,BOTSWANA_NORTH EAST_NORTH EAST_GAMBULE,27.39900708699297,-20.563127167228444,Botswana,REF_TRF,OC
0485,0,BOTSWANA_NORTH EAST_NORTH EAST_GULUBANE,27.31358281638026,-20.901873558761327,Botswana,REF_TRF,OC
0486,2.2579842504604078e-5,BOTSWANA_NORTH EAST_NORTH EAST_GUNGWE,27.38271596277986,-20.484327285782342,Botswana,REF_TRF,OC
0487,0,BOTSWANA_NORTH EAST_NORTH EAST_HASKINS FARM,27.53856707842432,-20.942088468645853,Botswana,REF_TRF,OC
0488,2.961262641910488e-4,BOTSWANA_NORTH EAST_NORTH EAST_JACKALAS 1,27.70190501415433,-20.551898920198756,Botswana,REF_TRF,OC
0489,1.302563072680848e-5,BOTSWANA_NORTH EAST_NORTH EAST_JACKALAS 2,27.684263288454705,-20.943529822684937,Botswana,REF_TRF,OC
0490,0,BOTSWANA_NORTH EAST_NORTH EAST_JOHANNES KACHEJOHN,27.416370017173527,-21.032990996945774,Botswana,REF_TRF,OC
0491,0,BOTSWANA_NORTH EAST_NORTH EAST_KALAKAMATI,27.325085093746505,-20.616599567778596,Botswana,REF_TRF,OC
0492,0,BOTSWANA_NORTH EAST_NORTH EAST_KGARI,27.62095491247424,-20.59772226024511,Botswana,REF_TRF,OC
0493,0,BOTSWANA_NORTH EAST_NORTH EAST_LETSHOLATHEBE,27.42289424926035,-20.718374886141437,Botswana,REF_TRF,OC
0494,6.20370439184719e-6,BOTSWANA_NORTH EAST_NORTH EAST_MABUDZANE,27.65030964853915,-20.906207513366976,Botswana,REF_TRF,OC
0495,0,BOTSWANA_NORTH EAST_NORTH EAST_MAKALENG,27.285094240822392,-20.79040562603129,Botswana,REF_TRF,OC
0496,0,BOTSWANA_NORTH EAST_NORTH EAST_MAMBO,27.339806500913884,-20.78191758239405,Botswana,REF_TRF,OC
0497,2.512040147739815e-5,BOTSWANA_NORTH EAST_NORTH EAST_MAPOKA,27.583403081931646,-20.534321559571424,Botswana,REF_TRF,OC
0498,0,BOTSWANA_NORTH EAST_NORTH EAST_MASINGWANENG,27.31796380391279,-20.837868143226277,Botswana,REF_TRF,OC
0499,0,BOTSWANA_NORTH EAST_NORTH EAST_MASUKWANE,27.54938882946871,-20.590964331617293,Botswana,REF_TRF,OC
0500,0,BOTSWANA_NORTH EAST_NORTH EAST_MASUNGA,27.434400286669504,-20.627325508955153,Botswana,REF_TRF,OC
0501,0,BOTSWANA_NORTH EAST_NORTH EAST_MATENGE,27.243163563094196,-20.824890359812834,Botswana,REF_TRF,OC
0502,6.343048200851392e-6,BOTSWANA_NORTH EAST_NORTH EAST_MATSHELAGABEDI,27.625910201894996,-21.12872037207013,Botswana,REF_TRF,OC
0503,1.8703235334806338e-4,BOTSWANA_NORTH EAST_NORTH EAST_MATSILOJE,27.79748603303526,-21.272615331495285,Botswana,REF_TRF,OC
0504,1.0358766898484848e-4,BOTSWANA_NORTH EAST_NORTH EAST_MBALAMBI,27.339335713407475,-20.51403109309788,Botswana,REF_TRF,OC
0505,1.7129517429822945e-5,BOTSWANA_NORTH EAST_NORTH EAST_MOROKA,27.64533883665974,-20.526246843989444,Botswana,REF_TRF,OC
0506,0,BOTSWANA_NORTH EAST_NORTH EAST_MOSOJANE,27.510648322475955,-20.605682710993673,Botswana,REF_TRF,OC
0507,0,BOTSWANA_NORTH EAST_NORTH EAST_MOWANA,27.63647955779588,-20.777830273205144,Botswana,REF_TRF,OC
0508,0,BOTSWANA_NORTH EAST_NORTH EAST_MULAMBAKWENA,27.46594067350093,-20.57301251814986,Botswana,REF_TRF,OC
0509,6.899516707374714e-5,BOTSWANA_NORTH EAST_NORTH EAST_NLAKHWANE,27.517632990383536,-20.518539158214796,Botswana,REF_TRF,OC
0510,0,BOTSWANA_NORTH EAST_NORTH EAST_PATAYAMATEBELE,27.737992823316166,-21.4643350004061,Botswana,REF_TRF,OC
0511,0,BOTSWANA_NORTH EAST_NORTH EAST_POLE,27.574132779023316,-20.610493660531436,Botswana,REF_TRF,OC
0512,0,BOTSWANA_NORTH EAST_NORTH EAST_RAMOKGWEBANA,27.662924110656288,-20.583729469679355,Botswana,REF_TRF,OC
0513,0,BOTSWANA_NORTH EAST_NORTH EAST_SECHELE,27.38485539651099,-20.797350422844442,Botswana,REF_TRF,OC
0514,0,BOTSWANA_NORTH EAST_NORTH EAST_SEKAKANGWE,27.324905899544337,-20.566292847964146,Botswana,REF_TRF,OC
0515,1.774237595083365e-4,BOTSWANA_NORTH EAST_NORTH EAST_SENYAWE,27.6781087349486,-20.734971000867784,Botswana,REF_TRF,OC
0516,0,BOTSWANA_NORTH EAST_NORTH EAST_SHASHE BRIDGE,27.441314891279994,-21.258844535487142,Botswana,REF_TRF,OC
0517,1.4806138572768008e-4,BOTSWANA_NORTH EAST_NORTH EAST_SIVIYA,27.69697685871457,-20.82969467830003,Botswana,REF_TRF,OC
0518,0,BOTSWANA_NORTH EAST_NORTH EAST_TATI SIDING,27.46845579652601,-21.26452617148856,Botswana,REF_TRF,OC
0519,0,BOTSWANA_NORTH EAST_NORTH EAST_THEMASHANGA,27.55069700154272,-20.72636426785868,Botswana,REF_TRF,OC
0520,0,BOTSWANA_NORTH EAST_NORTH EAST_TOTENG,27.270345176482714,-20.719997560519936,Botswana,REF_TRF,OC
0521,0,BOTSWANA_NORTH EAST_NORTH EAST_TSAMAYA,27.65197854641795,-20.83445747757975,Botswana,REF_TRF,OC
0522,0,BOTSWANA_NORTH EAST_NORTH EAST_TSHESEBE,27.60488659969322,-20.718620239818698,Botswana,REF_TRF,OC
0523,0,BOTSWANA_NORTH EAST_NORTH EAST_VUKWI,27.38708622858749,-20.607139935771677,Botswana,REF_TRF,OC
0524,2.795606423400919e-4,BOTSWANA_NORTH EAST_NORTH EAST_ZWENSHAMBE,27.448183551665426,-20.504176199278817,Botswana,REF_TRF,OC
0525,0,BOTSWANA_NORTH WEST_NGAMILAND DELTA_NGAMILAND DELTA,22.960336814344046,-19.43828751092393,Botswana,REF_TRF,OC
0526,0,BOTSWANA_NORTH WEST_NGAMILAND EAST_BODIBENG,22.600564390842983,-20.54248828687454,Botswana,REF_TRF,OC
0527,0,BOTSWANA_NORTH WEST_NGAMILAND EAST_BOTLHATLOGO,22.726763405990695,-20.74674723011069,Botswana,REF_TRF,OC
0528,0,BOTSWANA_NORTH WEST_NGAMILAND EAST_CHANOGA,23.67422168898431,-20.16363542170472,Botswana,REF_TRF,OC
0529,0,BOTSWANA_NORTH WEST_NGAMILAND EAST_HABU,22.399450144071537,-19.835986974771608,Botswana,REF_TRF,OC
0530,0,BOTSWANA_NORTH WEST_NGAMILAND EAST_KARENG,22.300472651793307,-20.754601900098116,Botswana,REF_TRF,OC
0531,0,BOTSWANA_NORTH WEST_NGAMILAND EAST_KGAKGE/MAKAKUNG,22.500435832111794,-20.540049424101177,Botswana,REF_TRF,OC
0532,0,BOTSWANA_NORTH WEST_NGAMILAND EAST_KOMANA,23.23556501767629,-20.197324460737033,Botswana,REF_TRF,OC
0533,0,BOTSWANA_NORTH WEST_NGAMILAND EAST_MABABE,23.997011922196286,-19.182027762406623,Botswana,REF_TRF,OC
0534,0,BOTSWANA_NORTH WEST_NGAMILAND EAST_MAKALAMABEDI,23.41521287773188,-20.67081042197008,Botswana,REF_TRF,OC
0535,0,BOTSWANA_NORTH WEST_NGAMILAND EAST_MATLAPANA,23.546036955690333,-19.921555467159827,Botswana,REF_TRF,OC
0536,0,BOTSWANA_NORTH WEST_NGAMILAND EAST_MATSAUDI/SAKAPNAE,23.675283205409393,-19.806194245710948,Botswana,REF_TRF,OC
0537,0,BOTSWANA_NORTH WEST_NGAMILAND EAST_MAUN,24.199903111118402,-19.619553541252102,Botswana,REF_TRF,OC
0538,0,BOTSWANA_NORTH WEST_NGAMILAND EAST_PHUDUHUDU,24.645957266286953,-20.051304523225582,Botswana,REF_TRF,OC
0539,0,BOTSWANA_NORTH WEST_NGAMILAND EAST_SANKUYO,23.881724902731463,-19.421659901868495,Botswana,REF_TRF,OC
0540,0,BOTSWANA_NORTH WEST_NGAMILAND EAST_SEHITHWA,22.677793302639653,-20.237066774603015,Botswana,REF_TRF,OC
0541,0,BOTSWANA_NORTH WEST_NGAMILAND EAST_SEMBOYO,22.27649485221952,-20.354376077745215,Botswana,REF_TRF,OC
0542,0,BOTSWANA_NORTH WEST_NGAMILAND EAST_SHOROBE,23.712796248799126,-19.11296691544541,Botswana,REF_TRF,OC
0543,0,BOTSWANA_NORTH WEST_NGAMILAND EAST_TOTENG,22.999306808598018,-20.32082005396448,Botswana,REF_TRF,OC
0544,0,BOTSWANA_NORTH WEST_NGAMILAND EAST_TSAO,22.28659245098526,-20.02090488822863,Botswana,REF_TRF,OC
0545,0,BOTSWANA_NORTH WEST_NGAMILAND WEST_BEETSHA,22.953920477145694,-18.380166226946653,Botswana,REF_TRF,OC
0546,0,BOTSWANA_NORTH WEST_NGAMILAND WEST_CHUKUMUCHU,21.598703917965935,-18.74824397962615,Botswana,REF_TRF,OC
0547,0,BOTSWANA_NORTH WEST_NGAMILAND WEST_ERETSHA,22.86584821151028,-18.79052805025673,Botswana,REF_TRF,OC
0548,0,BOTSWANA_NORTH WEST_NGAMILAND WEST_ETSHA 1,22.224044369783737,-19.242642574470672,Botswana,REF_TRF,OC
0549,0,BOTSWANA_NORTH WEST_NGAMILAND WEST_ETSHA 13,22.229743070714033,-19.017116669937373,Botswana,REF_TRF,OC
0550,0,BOTSWANA_NORTH WEST_NGAMILAND WEST_ETSHA 6,22.229066360329956,-19.108258691269373,Botswana,REF_TRF,OC
0551,0,BOTSWANA_NORTH WEST_NGAMILAND WEST_GANI,21.444696927418082,-18.405419080628068,Botswana,REF_TRF,OC
0552,0,BOTSWANA_NORTH WEST_NGAMILAND WEST_GONUTSUGA,22.59253926092765,-18.87801840211525,Botswana,REF_TRF,OC
0553,0,BOTSWANA_NORTH WEST_NGAMILAND WEST_GUDINGWA,22.905784262247845,-18.563529796191204,Botswana,REF_TRF,OC
0554,0,BOTSWANA_NORTH WEST_NGAMILAND WEST_GUMARE,22.131570836874936,-19.394550571792966,Botswana,REF_TRF,OC
0555,0,BOTSWANA_NORTH WEST_NGAMILAND WEST_IKOGA,22.218249775302052,-18.888300198172978,Botswana,REF_TRF,OC
0556,0,BOTSWANA_NORTH WEST_NGAMILAND WEST_KAJAJA,21.992248859877353,-18.703015404036154,Botswana,REF_TRF,OC
0557,0,BOTSWANA_NORTH WEST_NGAMILAND WEST_KAUXWHI,21.93273566781973,-18.270501890330234,Botswana,REF_TRF,OC
0558,0,BOTSWANA_NORTH WEST_NGAMILAND WEST_MOGOMOTHO,22.252300749707768,-18.492510662073524,Botswana,REF_TRF,OC
0559,0,BOTSWANA_NORTH WEST_NGAMILAND WEST_MOHEMBO EAST,21.802957716080922,-18.266524959816728,Botswana,REF_TRF,OC
0560,0,BOTSWANA_NORTH WEST_NGAMILAND WEST_MOHEMBO WEST,21.66725143544976,-18.312119665836942,Botswana,REF_TRF,OC
0561,0,BOTSWANA_NORTH WEST_NGAMILAND WEST_MOKGACHA,22.28535493171085,-18.701773297683296,Botswana,REF_TRF,OC
0562,0,BOTSWANA_NORTH WEST_NGAMILAND WEST_NGARANGE,22.04454772324353,-18.490470871633665,Botswana,REF_TRF,OC
0563,0,BOTSWANA_NORTH WEST_NGAMILAND WEST_NOKANENG,22.21151988099178,-19.64313399653268,Botswana,REF_TRF,OC
0564,0,BOTSWANA_NORTH WEST_NGAMILAND WEST_NXAMASERE,21.95986197574487,-18.61796345462013,Botswana,REF_TRF,OC
0565,0,BOTSWANA_NORTH WEST_NGAMILAND WEST_NXAUNXAU,21.351524290127983,-18.90359537023587,Botswana,REF_TRF,OC
0566,0,BOTSWANA_NORTH WEST_NGAMILAND WEST_QANGWA,21.56450523279803,-19.49744243797423,Botswana,REF_TRF,OC
0567,0,BOTSWANA_NORTH WEST_NGAMILAND WEST_SAMOCHEMA,21.807530849136374,-18.491110966045003,Botswana,REF_TRF,OC
0568,0,BOTSWANA_NORTH WEST_NGAMILAND WEST_SEKONDOMBORO,22.116154551020507,-18.31395834682349,Botswana,REF_TRF,OC
0569,0,BOTSWANA_NORTH WEST_NGAMILAND WEST_SEPOPA,22.058884839789098,-18.787426270755017,Botswana,REF_TRF,OC
0570,0,BOTSWANA_NORTH WEST_NGAMILAND WEST_SERONGA,22.432137134077763,-18.68657047380979,Botswana,REF_TRF,OC
0571,0,BOTSWANA_NORTH WEST_NGAMILAND WEST_SHAKAWE,21.734262044931864,-18.42525466967516,Botswana,REF_TRF,OC
0572,0,BOTSWANA_NORTH WEST_NGAMILAND WEST_TUBU,22.343676013963407,-19.42290273539071,Botswana,REF_TRF,OC
0573,0,BOTSWANA_NORTH WEST_NGAMILAND WEST_XAKAO,21.89184146965982,-18.35122741006872,Botswana,REF_TRF,OC
0574,0,BOTSWANA_NORTH WEST_NGAMILAND WEST_XAXA,21.481474650920102,-20.367126109392327,Botswana,REF_TRF,OC
0575,0,BOTSWANA_NORTH WEST_NGAMILAND WEST_XHAUGA,21.8600876919785,-18.555460050065392,Botswana,REF_TRF,OC
0576,0,BOTSWANA_ORAPA_ORAPA_ORAPA,25.3996206036354,-21.263370671233456,Botswana,REF_TRF,OC
0577,0,BOTSWANA_SELIBE PHIKWE_SELIBE PHIKWE_SELIBE PHIKWE,27.837207638783738,-21.958685691075345,Botswana,REF_TRF,OC
0578,0.20246757526085907,BOTSWANA_SOUTH EAST_SOUTH EAST_DOORN LAAGTE,25.651786031535003,-25.28255683886919,Botswana,REF_TRF,OC
0579,0,BOTSWANA_SOUTH EAST_SOUTH EAST_HILDAVALE,25.616656741956373,-25.403085615302597,Botswana,REF_TRF,OC
0580,0.050632486607386215,BOTSWANA_SOUTH EAST_SOUTH EAST_LOBATSE ESTATES,25.699833727272946,-25.141969237065187,Botswana,REF_TRF,OC
0581,0,BOTSWANA_SOUTH EAST_SOUTH EAST_MOGOBANE,25.702998989332475,-24.943145974483425,Botswana,REF_TRF,OC
0582,0.36066953446416994,BOTSWANA_SOUTH EAST_SOUTH EAST_OTSE,25.756324039083623,-25.045000276937234,Botswana,REF_TRF,OC
0583,1.7148994760029206,BOTSWANA_SOUTH EAST_SOUTH EAST_RAMOTSWA,25.829789056966593,-24.901951101856636,Botswana,REF_TRF,OC
0584,0,BOTSWANA_SOUTH EAST_SOUTH EAST_RAMOTSWA STATION/TAUNG,25.770154438973417,-24.815461657589147,Botswana,REF_TRF,OC
0585,0.032909611017548794,BOTSWANA_SOUTH EAST_SOUTH EAST_TLOKWENG,26.035546995861406,-24.647763400719953,Botswana,REF_TRF,OC
0586,0,BOTSWANA_SOUTHERN_BAROLONG_BETHEL,25.523180210457173,-25.455324991549087,Botswana,REF_TRF,OC
0587,0,BOTSWANA_SOUTHERN_BAROLONG_BOROBADILEPE,25.45763854772069,-25.624399960180156,Botswana,REF_TRF,OC
0588,0,BOTSWANA_SOUTHERN_BAROLONG_DIGAWANA,25.554337853260883,-25.336847733509767,Botswana,REF_TRF,OC
0589,0,BOTSWANA_SOUTHERN_BAROLONG_DIKHUKHUNG,24.885447065593745,-25.800063981646993,Botswana,REF_TRF,OC
0590,0,BOTSWANA_SOUTHERN_BAROLONG_DINATSHANA,25.561032468363326,-25.459552008174736,Botswana,REF_TRF,OC
0591,0.17714710106417672,BOTSWANA_SOUTHERN_BAROLONG_DITLHARAPA,25.26534775604463,-25.74503088773403,Botswana,REF_TRF,OC
0592,0,BOTSWANA_SOUTHERN_BAROLONG_GAMAJALELA,25.422867167043186,-25.383535663638526,Botswana,REF_TRF,OC
0593,0,BOTSWANA_SOUTHERN_BAROLONG_GATHWANE,25.50825122582933,-25.39225799661276,Botswana,REF_TRF,OC
0594,0,BOTSWANA_SOUTHERN_BAROLONG_GOOD HOPE,25.425540411603592,-25.474044252271263,Botswana,REF_TRF,OC
0595,0,BOTSWANA_SOUTHERN_BAROLONG_HEBRON,25.41118276541949,-25.696194884502404,Botswana,REF_TRF,OC
0596,0,BOTSWANA_SOUTHERN_BAROLONG_KANGWE,25.079061936844482,-25.406209192834304,Botswana,REF_TRF,OC
0597,0,BOTSWANA_SOUTHERN_BAROLONG_KGORO,25.486735775180065,-25.453486474188907,Botswana,REF_TRF,OC
0598,0,BOTSWANA_SOUTHERN_BAROLONG_LEJWANA,25.53432726709042,-25.415801471703258,Botswana,REF_TRF,OC
0599,0.03039720011734156,BOTSWANA_SOUTHERN_BAROLONG_LEPORUNG,25.008424229579703,-25.672891074188268,Botswana,REF_TRF,OC
0600,0,BOTSWANA_SOUTHERN_BAROLONG_LOGAGANE,25.398915672259538,-25.611615010488325,Botswana,REF_TRF,OC
0601,0,BOTSWANA_SOUTHERN_BAROLONG_LORWANA,25.502074910123632,-25.286996269753118,Botswana,REF_TRF,OC
0602,0.24388021461666887,BOTSWANA_SOUTHERN_BAROLONG_MABULE,24.537508834961965,-25.73692702390118,Botswana,REF_TRF,OC
0603,0.062444855378203844,BOTSWANA_SOUTHERN_BAROLONG_MADINGWANA,25.481261650329014,-25.576730325456165,Botswana,REF_TRF,OC
0604,0,BOTSWANA_SOUTHERN_BAROLONG_MAGORIAPITSE,25.27977947866948,-25.44137079227652,Botswana,REF_TRF,OC
0605,4.7750011581698876e-4,BOTSWANA_SOUTHERN_BAROLONG_MAKOKWE,25.475459011292934,-25.66937770824479,Botswana,REF_TRF,OC
0606,0,BOTSWANA_SOUTHERN_BAROLONG_MALOKAGANYANE,25.488358562103294,-25.502299871489452,Botswana,REF_TRF,OC
0607,0.008994300685156664,BOTSWANA_SOUTHERN_BAROLONG_MAROJANE,25.341901927422153,-25.73640142441916,Botswana,REF_TRF,OC
0608,0,BOTSWANA_SOUTHERN_BAROLONG_METLOBO,25.124348846065626,-25.39253659443453,Botswana,REF_TRF,OC
0609,0,BOTSWANA_SOUTHERN_BAROLONG_METLOJANE,25.375187769980677,-25.552026515853672,Botswana,REF_TRF,OC
0610,0.044325065959207065,BOTSWANA_SOUTHERN_BAROLONG_MMAKGORI,24.800927173643334,-25.789358109184104,Botswana,REF_TRF,OC
0611,0,BOTSWANA_SOUTHERN_BAROLONG_MMATHETHE,25.16245192169214,-25.332818623646105,Botswana,REF_TRF,OC
0612,0,BOTSWANA_SOUTHERN_BAROLONG_MOGOJOGOJO,25.472237292279374,-25.35846674488226,Botswana,REF_TRF,OC
0613,0,BOTSWANA_SOUTHERN_BAROLONG_MOGWALALE,25.3618167413177,-25.480322244471722,Botswana,REF_TRF,OC
0614,0.18254552601187163,BOTSWANA_SOUTHERN_BAROLONG_MOKATAKO,25.21324864044004,-25.72876284416883,Botswana,REF_TRF,OC
0615,0,BOTSWANA_SOUTHERN_BAROLONG_MOKGOMANE,25.21261347084866,-25.518245387897743,Botswana,REF_TRF,OC
0616,0.048887158807044154,BOTSWANA_SOUTHERN_BAROLONG_MOLETE,25.308791189937068,-25.671084438672697,Botswana,REF_TRF,OC
0617,0,BOTSWANA_SOUTHERN_BAROLONG_MOTSENTSHE,25.375726428046065,-25.379180264622413,Botswana,REF_TRF,OC
0618,0.23572188346484393,BOTSWANA_SOUTHERN_BAROLONG_MUSI,25.08334912114238,-25.688286393457503,Botswana,REF_TRF,OC
0619,0,BOTSWANA_SOUTHERN_BAROLONG_NGWATSAU,25.540401017789634,-25.553981728114238,Botswana,REF_TRF,OC
0620,0.06495735356263026,BOTSWANA_SOUTHERN_BAROLONG_PAPATLO,25.50091785142035,-25.65156471920203,Botswana,REF_TRF,OC
0621,0,BOTSWANA_SOUTHERN_BAROLONG_PHIHITSHWANE,25.414087664638753,-25.65601906088651,Botswana,REF_TRF,OC
0622,0,BOTSWANA_SOUTHERN_BAROLONG_PITSANA-POTOKWE,25.556580548078113,-25.50806204359263,Botswana,REF_TRF,OC
0623,0,BOTSWANA_SOUTHERN_BAROLONG_PITSANE SIDING,25.604250914974468,-25.46943866185844,Botswana,REF_TRF,OC
0624,0.010635424293074196,BOTSWANA_SOUTHERN_BAROLONG_PITSHANE MOLOPO,25.119834443362777,-25.744597939849236,Botswana,REF_TRF,OC
0625,0.06398929608016647,BOTSWANA_SOUTHERN_BAROLONG_RAKHUNA,25.578883997684116,-25.582003199973805,Botswana,REF_TRF,OC
0626,0.25710591876338407,BOTSWANA_SOUTHERN_BAROLONG_RAMATLABAMA,25.542590563183143,-25.63663806930263,Botswana,REF_TRF,OC
0627,0,BOTSWANA_SOUTHERN_BAROLONG_SEDIBENG,25.16840936243981,-25.684656039464652,Botswana,REF_TRF,OC
0628,0,BOTSWANA_SOUTHERN_BAROLONG_SEKHUTLANE,24.48911487032339,-25.502857393367236,Botswana,REF_TRF,OC
0629,0,BOTSWANA_SOUTHERN_BAROLONG_SHEEP FARM,25.494453226915,-25.550549245917278,Botswana,REF_TRF,OC
0630,0,BOTSWANA_SOUTHERN_BAROLONG_TLHARESELEELE,25.6164016549552,-25.509947342258574,Botswana,REF_TRF,OC
0631,0.22483381458278845,BOTSWANA_SOUTHERN_BAROLONG_TSHIDILAMOLOMO,24.680774921105087,-25.71938467094859,Botswana,REF_TRF,OC
0632,0,BOTSWANA_SOUTHERN_BAROLONG_TSWAANENG,24.874731933296207,-25.481179488719636,Botswana,REF_TRF,OC
0633,0,BOTSWANA_SOUTHERN_BAROLONG_TSWAGARE/LOTHOJE/LOKALANA,25.32250003507171,-25.608673297419177,Botswana,REF_TRF,OC
0634,0,BOTSWANA_SOUTHERN_BAROLONG_TSWANYANENG,25.26289447863055,-25.6163734983762,Botswana,REF_TRF,OC
0635,0,BOTSWANA_SOUTHERN_NGWAKETSE WEST_ITHOLOKE,23.49754475940133,-24.802379212464427,Botswana,REF_TRF,OC
0636,0,BOTSWANA_SOUTHERN_NGWAKETSE WEST_KANAKU,23.536569449983585,-24.292118077279163,Botswana,REF_TRF,OC
0637,0,BOTSWANA_SOUTHERN_NGWAKETSE WEST_KENG,23.822720476728055,-24.619062130504958,Botswana,REF_TRF,OC
0638,0,BOTSWANA_SOUTHERN_NGWAKETSE WEST_KHAKHEA,23.52876267152225,-24.69951083983683,Botswana,REF_TRF,OC
0639,0,BOTSWANA_SOUTHERN_NGWAKETSE WEST_KHONKHWA,23.935454133373597,-24.46012666914766,Botswana,REF_TRF,OC
0640,0,BOTSWANA_SOUTHERN_NGWAKETSE WEST_KOKONG,23.160513999524845,-24.39362019765512,Botswana,REF_TRF,OC
0641,0,BOTSWANA_SOUTHERN_NGWAKETSE WEST_KUTUKU,23.639126946319017,-24.680282589894166,Botswana,REF_TRF,OC
0642,0,BOTSWANA_SOUTHERN_NGWAKETSE WEST_MABUTSANE,23.705699680104797,-24.459760111464377,Botswana,REF_TRF,OC
0643,0,BOTSWANA_SOUTHERN_NGWAKETSE WEST_MAHOTSHWANE,24.187255352450173,-24.38400662626752,Botswana,REF_TRF,OC
0644,0,BOTSWANA_SOUTHERN_NGWAKETSE WEST_MORWAMOSU,23.122520350392715,-24.153854514850522,Botswana,REF_TRF,OC
0645,0,BOTSWANA_SOUTHERN_NGWAKETSE WEST_SEKOMA,24.02445527149606,-24.579997053681147,Botswana,REF_TRF,OC
0646,0,BOTSWANA_SOUTHERN_SOUTHERN_BETESANKWE,24.8941696227703,-24.719678878206103,Botswana,REF_TRF,OC
0647,0,BOTSWANA_SOUTHERN_SOUTHERN_DIABO,25.365536715216567,-25.223190983743812,Botswana,REF_TRF,OC
0648,0,BOTSWANA_SOUTHERN_SOUTHERN_DIPOTSANA,25.446292913079866,-25.212561776849554,Botswana,REF_TRF,OC
0649,0,BOTSWANA_SOUTHERN_SOUTHERN_GASITA,24.82803541943543,-25.124083589756676,Botswana,REF_TRF,OC
0650,0,BOTSWANA_SOUTHERN_SOUTHERN_KANYE,25.289267678855026,-25.048656911618565,Botswana,REF_TRF,OC
0651,0,BOTSWANA_SOUTHERN_SOUTHERN_KGOMOKASITWA,25.611112091400322,-25.09686032652438,Botswana,REF_TRF,OC
0652,0,BOTSWANA_SOUTHERN_SOUTHERN_LEFOKO,24.690111852640598,-24.8470312136434,Botswana,REF_TRF,OC
0653,0,BOTSWANA_SOUTHERN_SOUTHERN_LEKGOLOBOTLO,25.61615083241098,-24.885307065481175,Botswana,REF_TRF,OC
0654,0,BOTSWANA_SOUTHERN_SOUTHERN_LOROLWANA,24.459937704580028,-25.2535967198016,Botswana,REF_TRF,OC
0655,0,BOTSWANA_SOUTHERN_SOUTHERN_LOTLHAKANE,25.435707774440367,-25.08771727806122,Botswana,REF_TRF,OC
0656,0,BOTSWANA_SOUTHERN_SOUTHERN_LOTLHAKANE WEST,25.295371153997333,-24.784930431562245,Botswana,REF_TRF,OC
0657,0,BOTSWANA_SOUTHERN_SOUTHERN_MAGOTLHWANE,25.599116726068054,-24.996853415826646,Botswana,REF_TRF,OC
0658,0,BOTSWANA_SOUTHERN_SOUTHERN_MANYANA,25.574934396304805,-24.79875482887838,Botswana,REF_TRF,OC
0659,0,BOTSWANA_SOUTHERN_SOUTHERN_MAOKANE,24.649164740852807,-24.988391174828216,Botswana,REF_TRF,OC
0660,0,BOTSWANA_SOUTHERN_SOUTHERN_MOGONYE,25.67857687556797,-24.842313481878563,Botswana,REF_TRF,OC
0661,0,BOTSWANA_SOUTHERN_SOUTHERN_MOKHOMBA,24.61814743618357,-24.716762968297573,Botswana,REF_TRF,OC
0662,0,BOTSWANA_SOUTHERN_SOUTHERN_MOLAPOWABOJANG,25.545639385657516,-25.196418239986023,Botswana,REF_TRF,OC
0663,0,BOTSWANA_SOUTHERN_SOUTHERN_MOSHANENG,25.208444254843652,-24.835326824262772,Botswana,REF_TRF,OC
0664,0,BOTSWANA_SOUTHERN_SOUTHERN_MOSHUPA,25.42468410253782,-24.802239950537796,Botswana,REF_TRF,OC
0665,0,BOTSWANA_SOUTHERN_SOUTHERN_NTLHANTLHE,25.563433827213757,-25.01680148927233,Botswana,REF_TRF,OC
0666,0,BOTSWANA_SOUTHERN_SOUTHERN_PITSENG,25.026961859107356,-24.671811025950742,Botswana,REF_TRF,OC
0667,0,BOTSWANA_SOUTHERN_SOUTHERN_RALEKGETHO,25.153983418889254,-24.651674927885143,Botswana,REF_TRF,OC
0668,0,BOTSWANA_SOUTHERN_SOUTHERN_RANAKA,25.49210433716248,-24.953019551938723,Botswana,REF_TRF,OC
0669,0,BOTSWANA_SOUTHERN_SOUTHERN_SEGWAGWA,25.154246986825143,-25.20370107041337,Botswana,REF_TRF,OC
0670,0,BOTSWANA_SOUTHERN_SOUTHERN_SEHERELELA,24.966365412487043,-24.85255338029039,Botswana,REF_TRF,OC
0671,0,BOTSWANA_SOUTHERN_SOUTHERN_SELOKOLELA,25.08619153157018,-25.012511421456256,Botswana,REF_TRF,OC
0672,0,BOTSWANA_SOUTHERN_SOUTHERN_SEMANE,24.36060822534978,-24.5838070534333,Botswana,REF_TRF,OC
0673,0,BOTSWANA_SOUTHERN_SOUTHERN_SESE,24.837457767676273,-24.623316789302145,Botswana,REF_TRF,OC
0674,0,BOTSWANA_SOUTHERN_SOUTHERN_SESUNG,25.085978537640155,-24.864295490303654,Botswana,REF_TRF,OC
0675,0,BOTSWANA_SOUTHERN_SOUTHERN_TLHANKANE,24.375461207737164,-24.957536336747538,Botswana,REF_TRF,OC
0676,0,BOTSWANA_SOUTHERN_SOUTHERN_TSHWAANE,25.273421585713766,-24.711641454327474,Botswana,REF_TRF,OC
0677,0,BOTSWANA_SOUTHERN_SOUTHERN_TSONYANE,24.813855404067922,-24.839469110997843,Botswana,REF_TRF,OC
0678,0,BOTSWANA_SOWA TOWN_SOWA TOWN_SOWA TOWN,26.205474065724133,-20.525655504329873,Botswana,REF_TRF,OC
0679,0,BOTSWANA_NORTH WEST_NGAMILAND WEST_TOBERE,22.060761168763293,-18.2277220943275,Botswana,REF_TRF,OC
0680,0,BOTSWANA_FRANCISTOWN_FRANCISTOWN_FRANCISTOWN,27.527173396825056,-21.15325240029203,Botswana,REF_TRF,OC
0681,0,BOTSWANA_NORTH EAST_NORTH EAST_MATOPI,27.91115579539766,-21.482192037003767,Botswana,REF_TRF,OC
0682,4.955974861240907,LESOTHO_BEREA,27.916543179927878,-29.196133964322186,Lesotho,REF_TRF,OC
0683,2.138667224139935,LESOTHO_BUTHA-BUTHE,28.564194113912084,-28.80291309387294,Lesotho,REF_TRF,OC
0684,11.00351808630603,LESOTHO_LERIBE,28.262778693785734,-29.01811492119529,Lesotho,REF_TRF,OC
0685,3.5489045226524047,LESOTHO_MAFETENG,27.392581280663943,-29.77903326417238,Lesotho,REF_TRF,OC
0686,8.52999062631002,LESOTHO_MASERU,27.818410139103523,-29.578708001027245,Lesotho,REF_TRF,OC
0687,3.9462564638250455,LESOTHO_MOHALE'S HOEK,27.81073935217726,-30.05732318594617,Lesotho,REF_TRF,OC
0688,2.1131230169278923,LESOTHO_MOKHOTLONG,29.030965902973236,-29.219387585513097,Lesotho,REF_TRF,OC
0689,1.1641782862164567,LESOTHO_QACHA'S NEK,28.738216934631595,-29.96551989191937,Lesotho,REF_TRF,OC
0690,1.9483899091901549,LESOTHO_QUTHING,27.985860217458367,-30.361098997601832,Lesotho,REF_TRF,OC
0691,1.9309218602026186,LESOTHO_THABA-TSEKA,28.592501565541635,-29.5707462455164,Lesotho,REF_TRF,OC
0692,4.528687121634847,MALAWI_SOUTHERN REGION_BALAKA,35.057010057789576,-15.035291543995603,Malawi,REF_TRF,OC
0693,7.244835100889496,MALAWI_SOUTHERN REGION_BLANTYRE,34.93215294645478,-15.653521070374605,Malawi,REF_TRF,OC
0694,8.82336494589006,MALAWI_SOUTHERN REGION_BLANTYRE CITY,35.049846087604834,-15.788155512634402,Malawi,REF_TRF,OC
0695,5.0077417918540155,MALAWI_SOUTHERN REGION_CHIKWAWA,34.70903689510921,-16.164449793446956,Malawi,REF_TRF,OC
0696,4.658987905019804,MALAWI_SOUTHERN REGION_CHIRADZULU,35.21401510212054,-15.74504273186666,Malawi,REF_TRF,OC
0697,1.6854686596222284,MALAWI_NORTHERN REGION_CHITIPA,33.50075697273936,-9.961323805951439,Malawi,REF_TRF,OC
0698,9.99476152218899,MALAWI_CENTRAL REGION_DEDZA,34.227546152785884,-14.26666414364504,Malawi,REF_TRF,OC
0699,8.123195687490448,MALAWI_CENTRAL REGION_DOWA,33.7882007354298,-13.568943726666408,Malawi,REF_TRF,OC
0700,2.662574762947385,MALAWI_NORTHERN REGION_KARONGA,33.88286491576761,-10.085628973711133,Malawi,REF_TRF,OC
0701,4.651587466966008,MALAWI_CENTRAL REGION_KASUNGU,33.38591920703449,-12.984592469489298,Malawi,REF_TRF,OC
0702,7.854247590675639,MALAWI_LAKE MALAWI_LAKE MALAWI,34.46342187078561,-11.83542210532386,Malawi,REF_TRF,OC
0703,0.4950171140168472,MALAWI_NORTHERN REGION_LIKOMA,34.68456952933858,-12.049251389757782,Malawi,REF_TRF,OC
0704,23.878678202152507,MALAWI_CENTRAL REGION_LILONGWE,33.678384246204125,-14.02262845680586,Malawi,REF_TRF,OC
0705,9.178191711142468,MALAWI_CENTRAL REGION_LILONGWE CITY,33.777412227707195,-13.917060812410538,Malawi,REF_TRF,OC
0706,10.340290858757164,MALAWI_SOUTHERN REGION_MACHINGA,35.56621569203856,-14.939743540640112,Malawi,REF_TRF,OC
0707,9.361624336660562,MALAWI_SOUTHERN REGION_MANGOCHI,35.188672100825926,-14.35745673152043,Malawi,REF_TRF,OC
0708,7.563460044666637,MALAWI_CENTRAL REGION_MCHINJI,33.05678421553763,-13.693204790303813,Malawi,REF_TRF,OC
0709,16.180811222757157,MALAWI_SOUTHERN REGION_MULANJE,35.510601697456494,-15.937493088013312,Malawi,REF_TRF,OC
0710,5.189214784297261,MALAWI_SOUTHERN REGION_MWANZA,34.51070572282828,-15.653498412560298,Malawi,REF_TRF,OC
0711,4.9024498054355305,MALAWI_NORTHERN REGION_MZIMBA,33.63357391674036,-11.774662616846621,Malawi,REF_TRF,OC
0712,1.3134882948188615,MALAWI_NORTHERN REGION_MZUZU CITY,34.008085621399474,-11.435033136665401,Malawi,REF_TRF,OC
0713,0.9702334166903602,MALAWI_SOUTHERN REGION_NENO,34.69511229098429,-15.46855436212607,Malawi,REF_TRF,OC
0714,1.404173512707926,MALAWI_NORTHERN REGION_NKHATA BAY,34.04155946420708,-11.671744085857307,Malawi,REF_TRF,OC
0715,2.131457271352983,MALAWI_CENTRAL REGION_NKHOTAKOTA,34.088412143637505,-12.844968406478515,Malawi,REF_TRF,OC
0716,2.61818029898722,MALAWI_SOUTHERN REGION_NSANJE,35.14256102689594,-16.7458281066411,Malawi,REF_TRF,OC
0717,7.7688202392254855,MALAWI_CENTRAL REGION_NTCHEU,34.7150219403129,-14.809209532624244,Malawi,REF_TRF,OC
0718,1.3551709487962078,MALAWI_CENTRAL REGION_NTCHISI,33.919435671123914,-13.29729664939087,Malawi,REF_TRF,OC
0719,4.078305754363052,MALAWI_SOUTHERN REGION_PHALOMBE,35.69103908738544,-15.669471595035306,Malawi,REF_TRF,OC
0720,0.7075822441007749,MALAWI_NORTHERN REGION_RUMPHI,33.814313155835954,-10.819178535708213,Malawi,REF_TRF,OC
0721,3.7082907206857847,MALAWI_CENTRAL REGION_SALIMA,34.38342391012431,-13.73580013859686,Malawi,REF_TRF,OC
0722,11.942408840551394,MALAWI_SOUTHERN REGION_THYOLO,35.14513805866104,-16.103293124272504,Malawi,REF_TRF,OC
0723,12.611386390511608,MALAWI_SOUTHERN REGION_ZOMBA,35.431720494463534,-15.397965042950926,Malawi,REF_TRF,OC
0724,0.4370751705467518,MALAWI_SOUTHERN REGION_ZOMBA CITY,35.32958370864326,-15.389038184748701,Malawi,REF_TRF,OC
0725,1.3657405195952206,MOZAMBIQUE_CABO DELGADO_ANCUABE_ANCUABE SEDE,39.81250434636672,-12.844910167361961,Mozambique,REF_TRF,OC
0726,1.538774098081997,MOZAMBIQUE_CABO DELGADO_ANCUABE_METORO,39.98166464165771,-13.123343510947777,Mozambique,REF_TRF,OC
0727,1.3238586166016122,MOZAMBIQUE_CABO DELGADO_ANCUABE_MEZA,39.50077329178648,-13.002763030349875,Mozambique,REF_TRF,OC
0728,3.0233001927959164,MOZAMBIQUE_CABO DELGADO_BALAMA_BALAMA SEDE,38.60741548928212,-13.34632445565341,Mozambique,REF_TRF,OC
0729,0.602247143599148,MOZAMBIQUE_CABO DELGADO_BALAMA_IMPIRE,38.234370073203195,-13.36117175168839,Mozambique,REF_TRF,OC
0730,1.3044814129239664,MOZAMBIQUE_CABO DELGADO_BALAMA_KWEKWE,38.360631459274536,-13.719258906829074,Mozambique,REF_TRF,OC
0731,0.6148998764954609,MOZAMBIQUE_CABO DELGADO_BALAMA_MAVALA,38.44433858639442,-13.127397794272662,Mozambique,REF_TRF,OC
0732,3.2745278266026223,MOZAMBIQUE_CABO DELGADO_CHIÚRE_CHIÚRE SEDE,39.78631866112433,-13.334949533035196,Mozambique,REF_TRF,OC
0733,1.090083170685581,MOZAMBIQUE_CABO DELGADO_CHIÚRE_CHIÚRE VELHO,39.9790643743911,-13.394863091288299,Mozambique,REF_TRF,OC
0734,0.9437788402589522,MOZAMBIQUE_CABO DELGADO_CHIÚRE_KATAPUA,39.46036839056145,-13.3790182741743,Mozambique,REF_TRF,OC
0735,0.5669143039743688,MOZAMBIQUE_CABO DELGADO_CHIÚRE_MAZEZE,40.26493789258037,-13.394800824078336,Mozambique,REF_TRF,OC
0736,1.3064603162563637,MOZAMBIQUE_CABO DELGADO_CHIÚRE_NAMOGELIA,39.39543595419324,-13.73917584393942,Mozambique,REF_TRF,OC
0737,1.8224232000389455,MOZAMBIQUE_CABO DELGADO_CHIÚRE_OCUA,39.70712436514545,-13.593555718225081,Mozambique,REF_TRF,OC
0738,2.055763583842312,MOZAMBIQUE_CABO DELGADO_CIDADE DE PEMBA_CIDADE DE PEMBA,40.5301137002399,-13.01866368362211,Mozambique,REF_TRF,OC
0739,0.059600910828817986,MOZAMBIQUE_CABO DELGADO_IBO_IBO SEDE,40.58966660854597,-12.296434453801252,Mozambique,REF_TRF,OC
0740,0.0023225249871477323,MOZAMBIQUE_CABO DELGADO_IBO_QUIRIMBA,40.60573197983616,-12.436621233927731,Mozambique,REF_TRF,OC
0741,0.6176793271620545,MOZAMBIQUE_CABO DELGADO_MACOMIA_CHAI,40.09939009869904,-11.975771317344952,Mozambique,REF_TRF,OC
0742,1.4566141863767565,MOZAMBIQUE_CABO DELGADO_MACOMIA_MACOMIA SEDE,40.00966789367028,-12.185963022208076,Mozambique,REF_TRF,OC
0743,0.3832379201340021,MOZAMBIQUE_CABO DELGADO_MACOMIA_MUCOJO,40.39838621183561,-12.132019600349427,Mozambique,REF_TRF,OC
0744,0.13088247607491205,MOZAMBIQUE_CABO DELGADO_MACOMIA_QUITERAJO,40.34862064188187,-11.822248596272631,Mozambique,REF_TRF,OC
0745,0.7188523791428727,MOZAMBIQUE_CABO DELGADO_MECÚFI_MECÚFI SEDE,40.44136931989843,-13.314578160765912,Mozambique,REF_TRF,OC
0746,0.6196631417763764,MOZAMBIQUE_CABO DELGADO_MECÚFI_MURREBUE,40.3621691122671,-13.16275211422268,Mozambique,REF_TRF,OC
0747,0.2419480707295859,MOZAMBIQUE_CABO DELGADO_MELUCO_MELUCO,39.519008675605434,-12.466558692060977,Mozambique,REF_TRF,OC
0748,0.35717321270038965,MOZAMBIQUE_CABO DELGADO_MELUCO_MUAGUIDE,40.006147820712634,-12.461564676608146,Mozambique,REF_TRF,OC
0749,1.345179186712769,MOZAMBIQUE_CABO DELGADO_METUGE_METUGE SEDE,40.30149518097115,-12.881110538127228,Mozambique,REF_TRF,OC
0750,1.0023864492252545,MOZAMBIQUE_CABO DELGADO_METUGE_MIEZE,40.42604082004337,-13.071741165509883,Mozambique,REF_TRF,OC
0751,0.7191096941703916,MOZAMBIQUE_CABO DELGADO_MOCÍMBOA DA PRAIA_DIACA,39.98361766384434,-11.50941232931751,Mozambique,REF_TRF,OC
0752,0.29524810215718855,MOZAMBIQUE_CABO DELGADO_MOCÍMBOA DA PRAIA_MBAU,40.264033426645,-11.61011746355292,Mozambique,REF_TRF,OC
0753,1.8993964295293848,MOZAMBIQUE_CABO DELGADO_MOCÍMBOA DA PRAIA_MOCÍMBOA DA PRAIA SEDE,40.221732345886586,-11.307039802847223,Mozambique,REF_TRF,OC
0754,4.965829993235633,MOZAMBIQUE_CABO DELGADO_MONTEPUEZ_CIDADE DE MONTEPUEZ,39.10336496633387,-13.155831594194833,Mozambique,REF_TRF,OC
0755,0.49727195833275767,MOZAMBIQUE_CABO DELGADO_MONTEPUEZ_MAPUPULO,38.85156103637511,-13.296202609826898,Mozambique,REF_TRF,OC
0756,1.7908905614887398,MOZAMBIQUE_CABO DELGADO_MONTEPUEZ_MIRATE SEDE,38.889102884866084,-12.858163088415916,Mozambique,REF_TRF,OC
0757,0.6202584655592986,MOZAMBIQUE_CABO DELGADO_MONTEPUEZ_NAIROTO,38.60846512227451,-12.417692004693443,Mozambique,REF_TRF,OC
0758,0.825603441887651,MOZAMBIQUE_CABO DELGADO_MONTEPUEZ_NAMANHUMBIR,39.29331479236441,-13.03734599713965,Mozambique,REF_TRF,OC
0759,0.6951201525514729,MOZAMBIQUE_CABO DELGADO_MUEDA_CHAPA,39.300669871212165,-11.933739048526274,Mozambique,REF_TRF,OC
0760,0.3298433086019128,MOZAMBIQUE_CABO DELGADO_MUEDA_IMBUHO SEDE,39.71330104587685,-11.492354708140468,Mozambique,REF_TRF,OC
0761,2.0526630835033073,MOZAMBIQUE_CABO DELGADO_MUEDA_MUEDA SEDE,39.52799055312814,-11.615490131717069,Mozambique,REF_TRF,OC
0762,0.3445911025352668,MOZAMBIQUE_CABO DELGADO_MUEDA_NAMAUA,39.71135420448486,-11.578853289361819,Mozambique,REF_TRF,OC
0763,0.03502779749878878,MOZAMBIQUE_CABO DELGADO_MUEDA_NEGOMANO,38.68032202017621,-11.555132251334204,Mozambique,REF_TRF,OC
0764,0.9104006923585629,MOZAMBIQUE_CABO DELGADO_MUEDA_NGAPA,39.181606916419916,-11.449464889051079,Mozambique,REF_TRF,OC
0765,0.5377598894363759,MOZAMBIQUE_CABO DELGADO_MUIDUMBE_CHITUNDA,40.02853944757149,-11.798368536527168,Mozambique,REF_TRF,OC
0766,0.6413152700467118,MOZAMBIQUE_CABO DELGADO_MUIDUMBE_MITEDA,39.64749196598334,-11.853991027094667,Mozambique,REF_TRF,OC
0767,1.1897495904940132,MOZAMBIQUE_CABO DELGADO_MUIDUMBE_MUAMBULA,39.82130488684691,-11.841747965829844,Mozambique,REF_TRF,OC
0768,0.7927895145539716,MOZAMBIQUE_CABO DELGADO_NAMUNO_HUCULA,39.027034408935776,-13.807982550463722,Mozambique,REF_TRF,OC
0769,1.3302442343447776,MOZAMBIQUE_CABO DELGADO_NAMUNO_MACHOCA,38.9025822941826,-13.935861472055366,Mozambique,REF_TRF,OC
0770,1.0378846232912198,MOZAMBIQUE_CABO DELGADO_NAMUNO_MELOCO,39.16332069555443,-13.55331427408594,Mozambique,REF_TRF,OC
0771,3.636710921191395,MOZAMBIQUE_CABO DELGADO_NAMUNO_NAMUNO SEDE,38.85042931380327,-13.571803785012364,Mozambique,REF_TRF,OC
0772,1.3186184924890334,MOZAMBIQUE_CABO DELGADO_NAMUNO_NCUMPE,38.64829661522544,-13.759868655212932,Mozambique,REF_TRF,OC
0773,0.6500066873963208,MOZAMBIQUE_CABO DELGADO_NAMUNO_PAPAI,38.6112488248292,-14.01083078018285,Mozambique,REF_TRF,OC
0774,1.6704678614188853,MOZAMBIQUE_CABO DELGADO_NANGADE_NANGADE SEDE,39.74862940454096,-11.083424646974992,Mozambique,REF_TRF,OC
0775,0.6219882588644765,MOZAMBIQUE_CABO DELGADO_NANGADE_NTAMBA,39.82186362422569,-11.298924991205137,Mozambique,REF_TRF,OC
0776,0.24020276820401576,MOZAMBIQUE_CABO DELGADO_PALMA_OLUMBE,40.37722280987631,-11.022253412786055,Mozambique,REF_TRF,OC
0777,0.7835227768175543,MOZAMBIQUE_CABO DELGADO_PALMA_PALMA,40.36752760276333,-10.781107321340652,Mozambique,REF_TRF,OC
0778,0.07540855083994237,MOZAMBIQUE_CABO DELGADO_PALMA_PUNDANHAR,40.10649223692033,-10.915061660907167,Mozambique,REF_TRF,OC
0779,0.08215709365448877,MOZAMBIQUE_CABO DELGADO_PALMA_QUIONGA,40.39832171975072,-10.605188674355327,Mozambique,REF_TRF,OC
0780,0.38969401115380337,MOZAMBIQUE_CABO DELGADO_QUISSANGA_BILIBIZA,40.19654727032573,-12.609796456581662,Mozambique,REF_TRF,OC
0781,0.43824051789387636,MOZAMBIQUE_CABO DELGADO_QUISSANGA_MAHATE,40.41919917872787,-12.635885089192568,Mozambique,REF_TRF,OC
0782,7.958760360444298,MOZAMBIQUE_CIDADE DE MAPUTO_KAMAVOTA_KAMAVOTA,32.634886641291224,-25.887693649593853,Mozambique,REF_TRF,OC
0783,1.581562123339528,MOZAMBIQUE_CIDADE DE MAPUTO_KAMAXAKENI_KAMAXAKENI,32.59944117113847,-25.93889789948286,Mozambique,REF_TRF,OC
0784,2.342862678311794,MOZAMBIQUE_CIDADE DE MAPUTO_KAMPFUMO_KAMPFUMO,32.586471991569425,-25.963392495074924,Mozambique,REF_TRF,OC
0785,10.173639603492875,MOZAMBIQUE_CIDADE DE MAPUTO_KAMUBUKWANA_KAMUBUKWANA,32.57628175378329,-25.874280175789803,Mozambique,REF_TRF,OC
0786,0.0233536313241151,MOZAMBIQUE_CIDADE DE MAPUTO_KANYAKA_KANYAKA,32.942792473320985,-26.019854398302623,Mozambique,REF_TRF,OC
0787,4.135375670766133,MOZAMBIQUE_CIDADE DE MAPUTO_KATEMBE_KATEMBE,32.52558521951384,-26.037162300504427,Mozambique,REF_TRF,OC
0788,2.0914863270808577,MOZAMBIQUE_CIDADE DE MAPUTO_NHLAMANKULO_NHLAMANKULO,32.557337897173184,-25.94748667088231,Mozambique,REF_TRF,OC
0789,0.7217928304060381,MOZAMBIQUE_GAZA_BILENE_BILENE MACIA,33.12170844184735,-25.024345210123222,Mozambique,REF_TRF,OC
0790,0.14792702123097332,MOZAMBIQUE_GAZA_BILENE_INCAIA,33.23389036385305,-24.972836632632283,Mozambique,REF_TRF,OC
0791,0.91765366302585,MOZAMBIQUE_GAZA_BILENE_MACUANE,33.16406911785151,-25.13186013405694,Mozambique,REF_TRF,OC
0792,0.5250080853720009,MOZAMBIQUE_GAZA_BILENE_MAZIVILA,33.15771945972996,-24.86159285857413,Mozambique,REF_TRF,OC
0793,0.9551241493855875,MOZAMBIQUE_GAZA_BILENE_MESSANO,32.994801638202425,-24.9711864826169,Mozambique,REF_TRF,OC
0794,0.18307447712416472,MOZAMBIQUE_GAZA_BILENE_PRAIA DE BILENE,33.22313026811176,-25.268200454905273,Mozambique,REF_TRF,OC
0795,0.3113372156720739,MOZAMBIQUE_GAZA_CHIBUTO_ALTO CHANGANE,33.532709699998925,-24.239915954397528,Mozambique,REF_TRF,OC
0796,0.014634697399992243,MOZAMBIQUE_GAZA_CHIBUTO_CHANGANINE,33.78000414254853,-24.004994838500192,Mozambique,REF_TRF,OC
0797,0.6149989009935832,MOZAMBIQUE_GAZA_CHIBUTO_CIDADE DE CHIBUTO,33.56479821975432,-24.69579299181594,Mozambique,REF_TRF,OC
0798,1.7277121173720924,MOZAMBIQUE_GAZA_CHIBUTO_GODIDE,33.664009941160174,-24.59383871859075,Mozambique,REF_TRF,OC
0799,2.3170051114116466,MOZAMBIQUE_GAZA_CHIBUTO_MALEHICE,33.68651799951757,-24.751639870695612,Mozambique,REF_TRF,OC
0800,1.3942111100994026,MOZAMBIQUE_GAZA_CHIBUTO_TCHAIMITE,33.40913649471263,-24.6274038248804,Mozambique,REF_TRF,OC
0801,0.1358714806756306,MOZAMBIQUE_GAZA_CHICUALACUALA_EDUARDO MONDLANE,31.90283759038279,-22.22474259936432,Mozambique,REF_TRF,OC
0802,0.26811522596176823,MOZAMBIQUE_GAZA_CHICUALACUALA_PAFURI,31.839636613036426,-23.062508500431342,Mozambique,REF_TRF,OC
0803,0.07583604985966289,MOZAMBIQUE_GAZA_CHIGUBO_CHIGUBO SEDE,33.28327880896511,-22.55689162530508,Mozambique,REF_TRF,OC
0804,0.3291196204646603,MOZAMBIQUE_GAZA_CHIGUBO_NDINDIZA,33.50940091714144,-23.45508178763895,Mozambique,REF_TRF,OC
0805,0.5739032578414661,MOZAMBIQUE_GAZA_CHÓKWÈ_CIDADE DE CHÓKWÈ,32.99328794506374,-24.520208875238563,Mozambique,REF_TRF,OC
0806,2.3029012343358772,MOZAMBIQUE_GAZA_CHÓKWÈ_LIONDE,33.00856327547369,-24.690277510511446,Mozambique,REF_TRF,OC
0807,1.6833863728758296,MOZAMBIQUE_GAZA_CHÓKWÈ_MACARRETANE,32.75708982206706,-24.37253995423536,Mozambique,REF_TRF,OC
0808,1.5973042500656363,MOZAMBIQUE_GAZA_CHÓKWÈ_XILEMBENE,33.295896826319776,-24.740800650273098,Mozambique,REF_TRF,OC
0809,4.429672994587647,MOZAMBIQUE_GAZA_CHONGOENE_CHONGOENE,33.78738388968989,-24.95612324064541,Mozambique,REF_TRF,OC
0810,0.5626844049776337,MOZAMBIQUE_GAZA_CHONGOENE_MAZUCANE,33.94816589854456,-24.75078182642919,Mozambique,REF_TRF,OC
0811,0.16313310337375464,MOZAMBIQUE_GAZA_CHONGOENE_NGUZENE,33.99174761296743,-24.900424006547656,Mozambique,REF_TRF,OC
0812,4.04033889459795,MOZAMBIQUE_GAZA_CIDADE DE XAI-XAI_CIDADE DE XAI-XAI,33.6238199287902,-25.095602356591947,Mozambique,REF_TRF,OC
0813,1.2724701296002443,MOZAMBIQUE_GAZA_GUIJÁ_CHIVONGOENE,33.233221538781685,-24.47489638296496,Mozambique,REF_TRF,OC
0814,1.1209406631342624,MOZAMBIQUE_GAZA_GUIJÁ_MUBANGOENE,32.95074527970149,-24.269396021473018,Mozambique,REF_TRF,OC
0815,0.11579066108064075,MOZAMBIQUE_GAZA_GUIJÁ_NALAZI,33.17804626234287,-24.007141668394482,Mozambique,REF_TRF,OC
0816,0.1812498105781199,MOZAMBIQUE_GAZA_GUIJÁ_VILA CANIÇADO,33.03370976279583,-24.496154209395023,Mozambique,REF_TRF,OC
0817,2.974384491069068,MOZAMBIQUE_GAZA_LIMPOPO_CHICUMBANE,33.50935105307376,-24.95521044053618,Mozambique,REF_TRF,OC
0818,1.291551251452073,MOZAMBIQUE_GAZA_LIMPOPO_CHISSANO,33.36595620036372,-24.917774625636756,Mozambique,REF_TRF,OC
0819,0.23952157545580066,MOZAMBIQUE_GAZA_LIMPOPO_ZONGOENE,33.41768385775187,-25.15027705143945,Mozambique,REF_TRF,OC
0820,0.3486499879058,MOZAMBIQUE_GAZA_MABALANE_COMBOMUNE,32.76206527578445,-23.248510922783225,Mozambique,REF_TRF,OC
0821,0.10360005866818675,MOZAMBIQUE_GAZA_MABALANE_MABALANE,32.830014386359615,-23.86472905225202,Mozambique,REF_TRF,OC
0822,0.18848133248955257,MOZAMBIQUE_GAZA_MABALANE_NTLHAVENE,32.55611135942274,-23.700477308848008,Mozambique,REF_TRF,OC
0823,0.323059575625086,MOZAMBIQUE_GAZA_MANDLAKAZE_CHALALA,33.898816970795764,-24.62204362818058,Mozambique,REF_TRF,OC
0824,0.7058430543068575,MOZAMBIQUE_GAZA_MANDLAKAZE_CHIBONDZANE,34.20993805079586,-24.617150832754188,Mozambique,REF_TRF,OC
0825,0.8500007813992848,MOZAMBIQUE_GAZA_MANDLAKAZE_CHIDENGUELE,34.222185883991216,-24.846464693637397,Mozambique,REF_TRF,OC
0826,0.1856470508930792,MOZAMBIQUE_GAZA_MANDLAKAZE_MACUACUA,33.93793587874184,-24.351855632078426,Mozambique,REF_TRF,OC
0827,0.4472538257850052,MOZAMBIQUE_GAZA_MANDLAKAZE_MANDLAKAZE SEDE,33.881734623458314,-24.717454952391012,Mozambique,REF_TRF,OC
0828,0.307448028313082,MOZAMBIQUE_GAZA_MAPAI_MACHAILA,32.8972792264127,-22.46107250918086,Mozambique,REF_TRF,OC
0829,0.41846011618261897,MOZAMBIQUE_GAZA_MAPAI_MAPAI,32.340153357812774,-22.66221263505515,Mozambique,REF_TRF,OC
0830,0.2445075121208048,MOZAMBIQUE_GAZA_MASSANGENA_MASSANGENA,33.024968092166,-21.76228030255321,Mozambique,REF_TRF,OC
0831,0.22136976876763179,MOZAMBIQUE_GAZA_MASSANGENA_MAVUE,32.44873445655671,-21.74455920732843,Mozambique,REF_TRF,OC
0832,0.2538112396166379,MOZAMBIQUE_GAZA_MASSINGIR_MASSINGIR SEDE,32.14188192707758,-24.083427448323647,Mozambique,REF_TRF,OC
0833,0.08640110381204288,MOZAMBIQUE_GAZA_MASSINGIR_MAVODZE,31.957192936094224,-23.682084241320673,Mozambique,REF_TRF,OC
0834,0.03310911889553352,MOZAMBIQUE_GAZA_MASSINGIR_ZULO,32.44746940415907,-24.081905716979545,Mozambique,REF_TRF,OC
0835,3.609469333793748,MOZAMBIQUE_INHAMBANE_CIDADE DA MAXIXE_CIDADE DA MAXIXE,35.30847837373539,-23.88280148067849,Mozambique,REF_TRF,OC
0836,1.096925477330982,MOZAMBIQUE_INHAMBANE_CIDADE DE INHAMBANE_CIDADE DE INHAMBANE,35.4669344326235,-23.887608905915176,Mozambique,REF_TRF,OC
0837,1.1153017055537582,MOZAMBIQUE_INHAMBANE_FUNHALOURO_FUNHALOURO,34.40493526211412,-23.279005264339535,Mozambique,REF_TRF,OC
0838,0.507705044709836,MOZAMBIQUE_INHAMBANE_FUNHALOURO_TOME,34.123107711970896,-22.6492454413369,Mozambique,REF_TRF,OC
0839,0.3598853175589019,MOZAMBIQUE_INHAMBANE_GOVURO_NOVA MAMBONE,34.91124864499755,-21.24838028736193,Mozambique,REF_TRF,OC
0840,0.7149484736538536,MOZAMBIQUE_INHAMBANE_GOVURO_SAVE,34.50273875747384,-21.372352488268987,Mozambique,REF_TRF,OC
0841,3.5754765490068183,MOZAMBIQUE_INHAMBANE_HOMOÍNE_HOMOÍNE SEDE,35.11348463085394,-23.979574815302524,Mozambique,REF_TRF,OC
0842,0.36748252263355374,MOZAMBIQUE_INHAMBANE_HOMOÍNE_PEMBE,34.954010052320086,-23.75585650680714,Mozambique,REF_TRF,OC
0843,3.0877420499423973,MOZAMBIQUE_INHAMBANE_INHARRIME_INHARRIME SEDE,35.0629320946627,-24.377713765160113,Mozambique,REF_TRF,OC
0844,0.5833787612457692,MOZAMBIQUE_INHAMBANE_INHARRIME_MUCUMBI,34.57231599403387,-24.417768147569834,Mozambique,REF_TRF,OC
0845,0.005281631438951647,MOZAMBIQUE_INHAMBANE_INHASSORO_BAZARUTO,35.465173197521,-21.65725826320277,Mozambique,REF_TRF,OC
0846,1.43080621533605,MOZAMBIQUE_INHAMBANE_INHASSORO_INHASSORO,34.84605588804438,-21.753052479230316,Mozambique,REF_TRF,OC
0847,1.4451376560932425,MOZAMBIQUE_INHAMBANE_JANGAMO_CUMBANA,35.150833362602604,-24.21294386364807,Mozambique,REF_TRF,OC
0848,1.1444028367043801,MOZAMBIQUE_INHAMBANE_JANGAMO_JANGAMO,35.3828405134123,-24.118279758970523,Mozambique,REF_TRF,OC
0849,0.8505045412616906,MOZAMBIQUE_INHAMBANE_MABOTE_MABOTE,34.1237933010753,-22.071272031528167,Mozambique,REF_TRF,OC
0850,0.36433120080259385,MOZAMBIQUE_INHAMBANE_MABOTE_ZIMANE,33.53428838953659,-22.259421319452596,Mozambique,REF_TRF,OC
0851,0.437956449894884,MOZAMBIQUE_INHAMBANE_MABOTE_ZINAVE,33.78047603814595,-21.630829138429963,Mozambique,REF_TRF,OC
0852,1.0252123569694058,MOZAMBIQUE_INHAMBANE_MASSINGA_CHICOMO,34.91593880649871,-22.694580178891357,Mozambique,REF_TRF,OC
0853,5.441717877461369,MOZAMBIQUE_INHAMBANE_MASSINGA_MASSINGA,35.28967211538618,-23.208309768202906,Mozambique,REF_TRF,OC
0854,1.9483086398526575,MOZAMBIQUE_INHAMBANE_MORRUMBENE_MOCODUENE,35.03823145580892,-23.43542902200303,Mozambique,REF_TRF,OC
0855,1.0174971734837297,MOZAMBIQUE_INHAMBANE_MORRUMBENE_MORRUMBENE,35.31512127790291,-23.62003628600982,Mozambique,REF_TRF,OC
0856,0.12489702131014475,MOZAMBIQUE_INHAMBANE_PANDA_MAWAYELA,34.116370299409866,-24.001901283449012,Mozambique,REF_TRF,OC
0857,0.5228083456461765,MOZAMBIQUE_INHAMBANE_PANDA_PANDA,34.5701782475298,-24.112499270772535,Mozambique,REF_TRF,OC
0858,0.19159517567074896,MOZAMBIQUE_INHAMBANE_PANDA_URRENE,34.644908571251904,-23.83766104214481,Mozambique,REF_TRF,OC
0859,1.9960865586889665,MOZAMBIQUE_INHAMBANE_VILANKULO_MAPINHANE,35.04533061414311,-22.371051282087183,Mozambique,REF_TRF,OC
0860,1.3024008303074885,MOZAMBIQUE_INHAMBANE_VILANKULO_VILANKULO,35.3062246160536,-22.14744435743396,Mozambique,REF_TRF,OC
0861,1.695379042467044,MOZAMBIQUE_INHAMBANE_ZAVALA_QUISSICO,34.83275046669489,-24.629624369539606,Mozambique,REF_TRF,OC
0862,1.5364432725450388,MOZAMBIQUE_INHAMBANE_ZAVALA_ZANDAMELA,34.4860299379439,-24.67609745657631,Mozambique,REF_TRF,OC
0863,0.7319682609589461,MOZAMBIQUE_LAKE MALAWI_LAKE MALAWI_LAKE MALAWI,34.66958894981475,-12.465931949774122,Mozambique,REF_TRF,OC
0864,5.429487756569807,MOZAMBIQUE_MANICA_BÁRUÈ_CATANDICA,33.30152827468673,-18.240536298661056,Mozambique,REF_TRF,OC
0865,0.41512862263015227,MOZAMBIQUE_MANICA_BÁRUÈ_CHOA,33.04569434614779,-18.064104442461606,Mozambique,REF_TRF,OC
0866,0.015654991746802252,MOZAMBIQUE_MANICA_BÁRUÈ_NHAMPASSA,33.184551019135135,-17.597094490855643,Mozambique,REF_TRF,OC
0867,8.59395905388872,MOZAMBIQUE_MANICA_CIDADE DE CHIMOIO_CHIMOIO,33.45536740007841,-19.127720352606506,Mozambique,REF_TRF,OC
0868,1.8425905526494095,MOZAMBIQUE_MANICA_GONDOLA_AMATONGAS,33.81580808058416,-19.088843340895576,Mozambique,REF_TRF,OC
0869,2.288527271621926,MOZAMBIQUE_MANICA_GONDOLA_CAFUMPE,33.73252675700257,-18.96598115326139,Mozambique,REF_TRF,OC
0870,0.5906065639835136,MOZAMBIQUE_MANICA_GONDOLA_GONDOLA,33.66706225815283,-19.067556713895804,Mozambique,REF_TRF,OC
0871,1.4862810587233182,MOZAMBIQUE_MANICA_GONDOLA_INCHOPE,33.855910359091254,-19.34910726017252,Mozambique,REF_TRF,OC
0872,0,MOZAMBIQUE_MANICA_GURO_GURO SEDE,33.28735962339221,-17.287981286704778,Mozambique,REF_TRF,OC
0873,0.553429014546737,MOZAMBIQUE_MANICA_GURO_MANDIE,33.67962216440644,-16.54401479200918,Mozambique,REF_TRF,OC
0874,0.006211510475700964,MOZAMBIQUE_MANICA_GURO_MUNGARI,33.54831007111624,-17.10496669776008,Mozambique,REF_TRF,OC
0875,0.287625466910855,MOZAMBIQUE_MANICA_GURO_NHAMASSONGE,33.596453539786765,-16.77407345471343,Mozambique,REF_TRF,OC
0876,2.722615092338386,MOZAMBIQUE_MANICA_MACATE_MACATE SEDE,33.58000277986244,-19.400692718644812,Mozambique,REF_TRF,OC
0877,1.964546758965396,MOZAMBIQUE_MANICA_MACATE_ZEMBE,33.35412342370635,-19.22767890720999,Mozambique,REF_TRF,OC
0878,3.5426699354007445,MOZAMBIQUE_MANICA_MACHAZE_CHITOBE,33.306459347363266,-20.88553205985008,Mozambique,REF_TRF,OC
0879,1.3957729359778044,MOZAMBIQUE_MANICA_MACHAZE_SAVE,33.21143246815166,-21.301458761861632,Mozambique,REF_TRF,OC
0880,0.8665376424909289,MOZAMBIQUE_MANICA_MACOSSA_MACOSSA SEDE,33.93258269449586,-17.783133366418287,Mozambique,REF_TRF,OC
0881,0.4017785377718645,MOZAMBIQUE_MANICA_MACOSSA_NGUAWALA,33.639533569018866,-18.34411311077633,Mozambique,REF_TRF,OC
0882,0.45819511367922283,MOZAMBIQUE_MANICA_MACOSSA_NHAMAGUA,33.51483956167798,-17.75456736936627,Mozambique,REF_TRF,OC
0883,2.1581296368745315,MOZAMBIQUE_MANICA_MANICA_MACHIPANDA,32.85545139808637,-18.879904801552133,Mozambique,REF_TRF,OC
0884,1.363404616603765,MOZAMBIQUE_MANICA_MANICA_MAVONDE,33.05466930685875,-18.601929350510918,Mozambique,REF_TRF,OC
0885,1.9623742386358904,MOZAMBIQUE_MANICA_MANICA_MESSICA,33.034928611751994,-19.04617280907505,Mozambique,REF_TRF,OC
0886,1.279381059274071,MOZAMBIQUE_MANICA_MANICA_MUNICIPIO DE MANICA,32.87567656092327,-18.944254944375942,Mozambique,REF_TRF,OC
0887,0,MOZAMBIQUE_MANICA_MOSSURIZE_CHIURAIRUE,32.81274306891318,-20.739522288509274,Mozambique,REF_TRF,OC
0888,0.0014464882930441487,MOZAMBIQUE_MANICA_MOSSURIZE_DACATA,33.08962587563526,-20.311252884140636,Mozambique,REF_TRF,OC
0889,0.6316101607668627,MOZAMBIQUE_MANICA_MOSSURIZE_ESPUNGABERA,32.802896674454466,-20.52340497291208,Mozambique,REF_TRF,OC
0890,1.9684554084770451,MOZAMBIQUE_MANICA_SUSSUNDENGA_DOMBE,33.398614696729936,-19.90088894894896,Mozambique,REF_TRF,OC
0891,1.9020099006934443,MOZAMBIQUE_MANICA_SUSSUNDENGA_MUOHA,33.124555743177076,-19.350567086646706,Mozambique,REF_TRF,OC
0892,0.3765710096536756,MOZAMBIQUE_MANICA_SUSSUNDENGA_ROTANDA,32.98367765963056,-19.498315171914083,Mozambique,REF_TRF,OC
0893,2.3646583668313097,MOZAMBIQUE_MANICA_SUSSUNDENGA_SUSSUNDENGA SEDE,33.39688667188607,-19.55883675489867,Mozambique,REF_TRF,OC
0894,0.016639077966837758,MOZAMBIQUE_MANICA_TAMBARA_BUZUA,34.12771071863433,-17.124856875787454,Mozambique,REF_TRF,OC
0895,0,MOZAMBIQUE_MANICA_TAMBARA_NHACAFULA,33.94471979664244,-16.860581221473716,Mozambique,REF_TRF,OC
0896,1.3158833602699362,MOZAMBIQUE_MANICA_TAMBARA_NHACOLO,34.257266964940285,-16.782606471479635,Mozambique,REF_TRF,OC
0897,3.218009237928124,MOZAMBIQUE_MANICA_VANDUZI_MATSINHO,33.562813117614425,-18.856539716123457,Mozambique,REF_TRF,OC
0898,2.946530988028305,MOZAMBIQUE_MANICA_VANDUZI_VANDUZI SEDE,33.26441975503835,-18.840475151767034,Mozambique,REF_TRF,OC
0899,1.5144944112507073,MOZAMBIQUE_MAPUTO_BOANE_BOANE,32.34035370899738,-26.08445441643418,Mozambique,REF_TRF,OC
0900,6.444668068602013,MOZAMBIQUE_MAPUTO_BOANE_MATOLA RIO,32.385947237971614,-25.894018223674056,Mozambique,REF_TRF,OC
0901,7.357710793008822,MOZAMBIQUE_MAPUTO_CIDADE DA MATOLA_CIDADE DA MATOLA,32.45895180757802,-25.935412363609455,Mozambique,REF_TRF,OC
0902,16.397935691494244,MOZAMBIQUE_MAPUTO_CIDADE DA MATOLA_INFULENE,32.535005856471074,-25.794670956061914,Mozambique,REF_TRF,OC
0903,8.98755838694779,MOZAMBIQUE_MAPUTO_CIDADE DA MATOLA_MACHAVA,32.469180128394825,-25.837376960910778,Mozambique,REF_TRF,OC
0904,1.8434282288162986,MOZAMBIQUE_MAPUTO_MAGUDE_MAGUDE,32.61075121973975,-25.022037525237383,Mozambique,REF_TRF,OC
0905,0.11957789717224467,MOZAMBIQUE_MAPUTO_MAGUDE_MAHELE,32.54075600639742,-24.492112517985618,Mozambique,REF_TRF,OC
0906,0,MOZAMBIQUE_MAPUTO_MAGUDE_MAPULANGUENE,32.20329983157022,-24.507823782731254,Mozambique,REF_TRF,OC
0907,0.07368847250391987,MOZAMBIQUE_MAPUTO_MAGUDE_MOTAZE,32.709351138737226,-24.71535123184659,Mozambique,REF_TRF,OC
0908,0.016173132966261407,MOZAMBIQUE_MAPUTO_MAGUDE_PANJANE,32.389312226449206,-24.870818989222865,Mozambique,REF_TRF,OC
0909,1.7570715045764824,MOZAMBIQUE_MAPUTO_MANHIÇA_3 DE FEVEREIRO,32.82054683811158,-25.208390101324238,Mozambique,REF_TRF,OC
0910,0.24058943241775485,MOZAMBIQUE_MAPUTO_MANHIÇA_CALANGA,33.00084214854617,-25.35071525423053,Mozambique,REF_TRF,OC
0911,0.16349839462962543,MOZAMBIQUE_MAPUTO_MANHIÇA_ILHA JOSINA MACHEL,32.946022649902154,-25.170914273804748,Mozambique,REF_TRF,OC
0912,0.9690231928322348,MOZAMBIQUE_MAPUTO_MANHIÇA_MALUANA,32.64334243048221,-25.49818169410212,Mozambique,REF_TRF,OC
0913,1.1325451568424902,MOZAMBIQUE_MAPUTO_MANHIÇA_MUNICÍPIO DE MANHIÇA,32.724753253319165,-25.360399766782734,Mozambique,REF_TRF,OC
0914,0.5600833972149131,MOZAMBIQUE_MAPUTO_MANHIÇA_XINAVANE,32.81889559595267,-25.03141860388646,Mozambique,REF_TRF,OC
0915,0.07708097269811989,MOZAMBIQUE_MAPUTO_MARRACUENE_MACHUBO,32.81266574227231,-25.54972386244347,Mozambique,REF_TRF,OC
0916,8.954540679649034,MOZAMBIQUE_MAPUTO_MARRACUENE_MARRACUENE,32.660662063959514,-25.71381174508608,Mozambique,REF_TRF,OC
0917,0.16892061584163443,MOZAMBIQUE_MAPUTO_MATUTUINE_BELA VISTA,32.645581759560066,-26.45851112867402,Mozambique,REF_TRF,OC
0918,0.10328608024391252,MOZAMBIQUE_MAPUTO_MATUTUINE_CATEMBE M'SIME,32.53741836502509,-26.163141580325597,Mozambique,REF_TRF,OC
0919,0.18098872938678426,MOZAMBIQUE_MAPUTO_MATUTUINE_CATUANE,32.28250028994303,-26.662117878264368,Mozambique,REF_TRF,OC
0920,0.0014351365960704517,MOZAMBIQUE_MAPUTO_MATUTUINE_MACHANGULO,32.91305429949867,-26.21651617955071,Mozambique,REF_TRF,OC
0921,0.3067403475002167,MOZAMBIQUE_MAPUTO_MATUTUINE_ZITUNDO,32.66218188529151,-26.782492068760977,Mozambique,REF_TRF,OC
0922,0.3903628098401867,MOZAMBIQUE_MAPUTO_MOAMBA_MOAMBA,32.3326091155693,-25.499060096245582,Mozambique,REF_TRF,OC
0923,0.31103685454039015,MOZAMBIQUE_MAPUTO_MOAMBA_PESSENE,32.39574490260445,-25.695218912241263,Mozambique,REF_TRF,OC
0924,0.3727992064722946,MOZAMBIQUE_MAPUTO_MOAMBA_RESSANO GARCIA,32.06292546188341,-25.524791985906663,Mozambique,REF_TRF,OC
0925,0.244959206865409,MOZAMBIQUE_MAPUTO_MOAMBA_SABIE,32.18675953290936,-25.158239910785245,Mozambique,REF_TRF,OC
0926,0.21691744845629998,MOZAMBIQUE_MAPUTO_NAMAACHA_CHANGALANE,32.221223944789266,-26.330019105258224,Mozambique,REF_TRF,OC
0927,2.5298526677892115,MOZAMBIQUE_MAPUTO_NAMAACHA_NAMAACHA,32.12662388876005,-25.9088344940042,Mozambique,REF_TRF,OC
0928,4.095547548459283,MOZAMBIQUE_NAMPULA_ANGOCHE_AUBE,39.75852334490812,-16.336839936374812,Mozambique,REF_TRF,OC
0929,3.5711493964813488,MOZAMBIQUE_NAMPULA_ANGOCHE_BOILA NAMETORIA,39.70290960696779,-16.100643339566087,Mozambique,REF_TRF,OC
0930,0.7213337269155204,MOZAMBIQUE_NAMPULA_ANGOCHE_CIDADE DE ANGOCHE,39.98119984744425,-16.102624069451156,Mozambique,REF_TRF,OC
0931,1.660461720060144,MOZAMBIQUE_NAMPULA_ANGOCHE_NAMAPONDA,39.89454505581379,-15.89709080920383,Mozambique,REF_TRF,OC
0932,6.361642740524019,MOZAMBIQUE_NAMPULA_CIDADE DE NAMPULA_ANCHILO,39.346700309798294,-15.22913786136925,Mozambique,REF_TRF,OC
0933,8.61082599821411,MOZAMBIQUE_NAMPULA_CIDADE DE NAMPULA_MUATALA,39.22135093911949,-15.1593659383683,Mozambique,REF_TRF,OC
0934,6.383472085009492,MOZAMBIQUE_NAMPULA_CIDADE DE NAMPULA_MUHALA,39.306298419558225,-15.143595959458594,Mozambique,REF_TRF,OC
0935,1.8928005949475841,MOZAMBIQUE_NAMPULA_CIDADE DE NAMPULA_NAMICOPO,39.34525426178243,-15.074628282390453,Mozambique,REF_TRF,OC
0936,1.2724894667613755,MOZAMBIQUE_NAMPULA_CIDADE DE NAMPULA_NAPIPINE,39.25129320752563,-15.062109621505412,Mozambique,REF_TRF,OC
0937,2.7272477020064945,MOZAMBIQUE_NAMPULA_CIDADE DE NAMPULA_NATIKIRE,39.191184088730786,-15.102448366937157,Mozambique,REF_TRF,OC
0938,0.593618542654394,MOZAMBIQUE_NAMPULA_CIDADE DE NAMPULA_URBANO CENTRAL,39.26026156001214,-15.125287189299852,Mozambique,REF_TRF,OC
0939,3.7014573224644387,MOZAMBIQUE_NAMPULA_ERÁTI_ALUA,39.89489894828684,-14.015072975322239,Mozambique,REF_TRF,OC
0940,5.162652423338339,MOZAMBIQUE_NAMPULA_ERÁTI_NAMAPA SEDE,39.89264212180842,-13.722799866022642,Mozambique,REF_TRF,OC
0941,1.2158666662911628,MOZAMBIQUE_NAMPULA_ERÁTI_NAMIROA,39.437336879824,-14.089576975293262,Mozambique,REF_TRF,OC
0942,0.4667083232685468,MOZAMBIQUE_NAMPULA_ILHA DE MOÇAMBIQUE_ILHA DE MOÇAMBIQUE,40.67676981409689,-15.059117781685298,Mozambique,REF_TRF,OC
0943,0.5525460019158823,MOZAMBIQUE_NAMPULA_ILHA DE MOÇAMBIQUE_LUMBO,40.593069155304626,-15.048959749366846,Mozambique,REF_TRF,OC
0944,2.1286593896033303,MOZAMBIQUE_NAMPULA_LALAUA_LALAUA,38.27740706902064,-14.383261448419889,Mozambique,REF_TRF,OC
0945,0.335882454214641,MOZAMBIQUE_NAMPULA_LALAUA_METI,37.86423737401499,-14.530463178154468,Mozambique,REF_TRF,OC
0946,1.7095843526450685,MOZAMBIQUE_NAMPULA_LARDE_LARDE,39.589862180815906,-16.482975798802265,Mozambique,REF_TRF,OC
0947,0.7513092338741254,MOZAMBIQUE_NAMPULA_LARDE_MUCUALI,39.41790695893417,-16.287090861188318,Mozambique,REF_TRF,OC
0948,1.6337147805907315,MOZAMBIQUE_NAMPULA_LIÚPO_LIÚPO,39.94138165076237,-15.619173498171499,Mozambique,REF_TRF,OC
0949,2.219063016821665,MOZAMBIQUE_NAMPULA_LIÚPO_QUINGA,40.157694999874806,-15.780114581820921,Mozambique,REF_TRF,OC
0950,0.46628201158251464,MOZAMBIQUE_NAMPULA_MALEMA_CHILULO,37.49996661674137,-14.582880564434472,Mozambique,REF_TRF,OC
0951,4.508315642006434,MOZAMBIQUE_NAMPULA_MALEMA_MALEMA/CANHUNHA,37.573319940795386,-14.919357085909676,Mozambique,REF_TRF,OC
0952,2.308035962764328,MOZAMBIQUE_NAMPULA_MALEMA_MUTUALI,37.081432441192284,-14.83921892153854,Mozambique,REF_TRF,OC
0953,0.5883572578953952,MOZAMBIQUE_NAMPULA_MECONTA_7 DE ABRIL,39.7199341583495,-15.117491589999613,Mozambique,REF_TRF,OC
0954,2.4635450965705035,MOZAMBIQUE_NAMPULA_MECONTA_CORRANE,39.54876435760044,-15.421969554300855,Mozambique,REF_TRF,OC
0955,0.5819672268840697,MOZAMBIQUE_NAMPULA_MECONTA_MECONTA,39.82355388116307,-15.033425935687111,Mozambique,REF_TRF,OC
0956,2.3043799862234753,MOZAMBIQUE_NAMPULA_MECONTA_NAMIALO,39.94047851888918,-14.94333164575556,Mozambique,REF_TRF,OC
0957,3.28552780445254,MOZAMBIQUE_NAMPULA_MECUBÚRI_MECUBÚRI,38.91630435171187,-14.607000995672898,Mozambique,REF_TRF,OC
0958,0.4491359597668349,MOZAMBIQUE_NAMPULA_MECUBÚRI_MILHANA,39.127654237397486,-14.281829730798503,Mozambique,REF_TRF,OC
0959,1.6178508787516346,MOZAMBIQUE_NAMPULA_MECUBÚRI_MUITE,38.88511350311829,-14.17769262196541,Mozambique,REF_TRF,OC
0960,0.9912284296780525,MOZAMBIQUE_NAMPULA_MECUBÚRI_NANIMA,38.617221520409196,-14.762009037141098,Mozambique,REF_TRF,OC
0961,1.1845776123736629,MOZAMBIQUE_NAMPULA_MEMBA_CHIPENE,40.29531026163154,-13.784944312169863,Mozambique,REF_TRF,OC
0962,0.7113372831752078,MOZAMBIQUE_NAMPULA_MEMBA_LURIO,40.42969149388564,-13.60745895695087,Mozambique,REF_TRF,OC
0963,2.509806667375673,MOZAMBIQUE_NAMPULA_MEMBA_MAZUA,40.34452950636614,-13.975095364086036,Mozambique,REF_TRF,OC
0964,3.575067085667441,MOZAMBIQUE_NAMPULA_MEMBA_MEMBA,40.48276911284229,-14.242242078752795,Mozambique,REF_TRF,OC
0965,0.3756767136886133,MOZAMBIQUE_NAMPULA_MOGINCUAL_NAMINGE,40.30844201844057,-15.56760468837137,Mozambique,REF_TRF,OC
0966,1.024840216826725,MOZAMBIQUE_NAMPULA_MOGINCUAL_QUIXAXE,40.05536393377276,-15.321131966629133,Mozambique,REF_TRF,OC
0967,1.0322967833632977,MOZAMBIQUE_NAMPULA_MOGOVOLAS_CALIPO,39.058913588331414,-15.530947657322523,Mozambique,REF_TRF,OC
0968,4.166117589202272,MOZAMBIQUE_NAMPULA_MOGOVOLAS_ILUTE,39.04192013771539,-15.797541445237854,Mozambique,REF_TRF,OC
0969,1.6666792168766207,MOZAMBIQUE_NAMPULA_MOGOVOLAS_MUATUA,39.66247406833886,-15.748169028736038,Mozambique,REF_TRF,OC
0970,4.961643891875662,MOZAMBIQUE_NAMPULA_MOGOVOLAS_NAMETIL SEDE,39.38310472440292,-15.732437675168812,Mozambique,REF_TRF,OC
0971,1.9228285694466436,MOZAMBIQUE_NAMPULA_MOGOVOLAS_NANHUPO RIO,39.48451889216197,-15.93529808811821,Mozambique,REF_TRF,OC
0972,3.172537241815785,MOZAMBIQUE_NAMPULA_MOMA_CHALAUA,39.136312137632906,-16.068904552909896,Mozambique,REF_TRF,OC
0973,5.886796404601091,MOZAMBIQUE_NAMPULA_MOMA_MACONE SEDE,39.18460905278941,-16.514079368820905,Mozambique,REF_TRF,OC
0974,1.3992279870876272,MOZAMBIQUE_NAMPULA_MONAPO_ITUCULO,40.24618932007347,-14.64048511059819,Mozambique,REF_TRF,OC
0975,5.8752425756244175,MOZAMBIQUE_NAMPULA_MONAPO_MONAPO SEDE,40.137517062624255,-15.018378371016844,Mozambique,REF_TRF,OC
0976,5.759875873667386,MOZAMBIQUE_NAMPULA_MONAPO_NETIA,39.995063284132854,-14.706425832874704,Mozambique,REF_TRF,OC
0977,0.6657299640095535,MOZAMBIQUE_NAMPULA_MOSSURIL_LUNGA,40.43246793584781,-15.262329440298691,Mozambique,REF_TRF,OC
0978,0.9794169931157417,MOZAMBIQUE_NAMPULA_MOSSURIL_MATIBANE,40.72180005361815,-14.737223520198267,Mozambique,REF_TRF,OC
0979,1.4401033655056568,MOZAMBIQUE_NAMPULA_MOSSURIL_MOSSURIL SEDE,40.51219848506181,-14.903379159287029,Mozambique,REF_TRF,OC
0980,1.5197386025057302,MOZAMBIQUE_NAMPULA_MUECATE_IMALA,39.45961702371391,-14.506131562026775,Mozambique,REF_TRF,OC
0981,0.637619356028456,MOZAMBIQUE_NAMPULA_MUECATE_MUCOLUANE,39.346844589295436,-14.772718872651845,Mozambique,REF_TRF,OC
0982,3.3452840609581975,MOZAMBIQUE_NAMPULA_MUECATE_MUECATE,39.674472160839436,-14.750405729993048,Mozambique,REF_TRF,OC
0983,0.83572339853899,MOZAMBIQUE_NAMPULA_MURRUPULA_CHINGA,38.63575073821358,-15.171362107258943,Mozambique,REF_TRF,OC
0984,5.432117803643504,MOZAMBIQUE_NAMPULA_MURRUPULA_MURRUPULA,38.65453769328181,-15.40126150281662,Mozambique,REF_TRF,OC
0985,0.7881322798037085,MOZAMBIQUE_NAMPULA_MURRUPULA_NIHESSIUE,38.705843526253894,-15.632443438924252,Mozambique,REF_TRF,OC
0986,0.8831723283382897,MOZAMBIQUE_NAMPULA_NACALA-A-VELHA_COVO,40.369538959835154,-14.497710962103438,Mozambique,REF_TRF,OC
0987,3.552934333052264,MOZAMBIQUE_NAMPULA_NACALA-A-VELHA_NACALA-A-VELHA,40.519787648403145,-14.585074942847683,Mozambique,REF_TRF,OC
0988,2.1590945203425047,MOZAMBIQUE_NAMPULA_NACALA-PORTO_MUANONA,40.65231715877891,-14.62078918917591,Mozambique,REF_TRF,OC
0989,2.655631959241905,MOZAMBIQUE_NAMPULA_NACALA-PORTO_MUTIVA,40.74125943838887,-14.510895004706317,Mozambique,REF_TRF,OC
0990,0.6696239489985407,MOZAMBIQUE_NAMPULA_NACARÔA_INTETE,40.18830219819722,-14.339300888601866,Mozambique,REF_TRF,OC
0991,2.5887869394461642,MOZAMBIQUE_NAMPULA_NACARÔA_NACARÔA,39.93302344885562,-14.403489324317396,Mozambique,REF_TRF,OC
0992,0.42140694266316264,MOZAMBIQUE_NAMPULA_NACARÔA_SAUA-SAUA,39.70222666069944,-14.278122143645904,Mozambique,REF_TRF,OC
0993,0.9661938091767549,MOZAMBIQUE_NAMPULA_RAPALE_MUTIVAZE,38.86687949184624,-15.018807059185013,Mozambique,REF_TRF,OC
0994,3.264602612060468,MOZAMBIQUE_NAMPULA_RAPALE_NAMAITA,38.99863263319021,-15.219861952374297,Mozambique,REF_TRF,OC
0995,2.9082399141059287,MOZAMBIQUE_NAMPULA_RAPALE_RAPALE,39.16149044871234,-14.974807379007945,Mozambique,REF_TRF,OC
0996,1.5020230568768278,MOZAMBIQUE_NAMPULA_RIBÁUÈ_CUNLE,38.27686663788419,-15.228219850470028,Mozambique,REF_TRF,OC
0997,3.9325970242476327,MOZAMBIQUE_NAMPULA_RIBÁUÈ_IAPALA,37.96696312231578,-14.993085543848041,Mozambique,REF_TRF,OC
0998,4.16854987496407,MOZAMBIQUE_NAMPULA_RIBÁUÈ_RIBÁUÈ,38.41380839889487,-14.881044564938612,Mozambique,REF_TRF,OC
0999,4.4519996780685585,MOZAMBIQUE_NIASSA_CHIMBONILA_CHIMBONILA,35.408928981746264,-13.368174436939729,Mozambique,REF_TRF,OC
1000,1.4028568527323177,MOZAMBIQUE_NIASSA_CHIMBONILA_LIONE,35.129139572126896,-13.602588135727931,Mozambique,REF_TRF,OC
1001,0.18431440480394531,MOZAMBIQUE_NIASSA_CHIMBONILA_MEPONDA,34.91488092078617,-13.29985997149095,Mozambique,REF_TRF,OC
1002,6.203284353306485,MOZAMBIQUE_NIASSA_CIDADE DE LICHINGA_CIDADE DE LICHINGA,35.24558878755181,-13.298038006470582,Mozambique,REF_TRF,OC
1003,5.316622257794333,MOZAMBIQUE_NIASSA_CUAMBA_CIDADE DE CUAMBA,36.43225300678852,-14.65151757200614,Mozambique,REF_TRF,OC
1004,1.9732987962983966,MOZAMBIQUE_NIASSA_CUAMBA_ETATARA,36.50604736569097,-15.067722646032196,Mozambique,REF_TRF,OC
1005,0.07695046167445146,MOZAMBIQUE_NIASSA_CUAMBA_LÚRIO,36.74388384413436,-14.643139941997887,Mozambique,REF_TRF,OC
1006,0,MOZAMBIQUE_NIASSA_CUAMBA_MEPICA,36.27342275841742,-14.590957907953893,Mozambique,REF_TRF,OC
1007,0.49563570551874525,MOZAMBIQUE_NIASSA_LAGO_CÓBUE,35.0221799648129,-11.988797384472345,Mozambique,REF_TRF,OC
1008,0.15644889802301065,MOZAMBIQUE_NIASSA_LAGO_LUNHO,34.93957981389291,-12.442879629662482,Mozambique,REF_TRF,OC
1009,0.9578453352500687,MOZAMBIQUE_NIASSA_LAGO_MANIAMBA,35.03282976741832,-12.708593517824148,Mozambique,REF_TRF,OC
1010,0.2576133348936885,MOZAMBIQUE_NIASSA_LAGO_MELULUCA,34.858334813639914,-12.908685961985746,Mozambique,REF_TRF,OC
1011,1.9412164845575468,MOZAMBIQUE_NIASSA_LAGO_METANGULA,34.86215758962762,-12.665576315058521,Mozambique,REF_TRF,OC
1012,0.9726006688359861,MOZAMBIQUE_NIASSA_MAJUNE_MALANGA,36.33165472317088,-13.08401614787644,Mozambique,REF_TRF,OC
1013,0.0763000386673447,MOZAMBIQUE_NIASSA_MAJUNE_MUAQUIA,36.67128728604254,-13.41002543814736,Mozambique,REF_TRF,OC
1014,0.26797152707531524,MOZAMBIQUE_NIASSA_MAJUNE_NAIRRUBI,36.15642160714719,-13.643230834070724,Mozambique,REF_TRF,OC
1015,4.734051119407832,MOZAMBIQUE_NIASSA_MANDIMBA_LISSIETE,35.73028508291114,-14.332441674005302,Mozambique,REF_TRF,OC
1016,1.6018709428143945,MOZAMBIQUE_NIASSA_MANDIMBA_MITANDE,35.98013612645266,-14.147764062736895,Mozambique,REF_TRF,OC
1017,0.19750990228291188,MOZAMBIQUE_NIASSA_MARRUPA_MARRANGIRA,37.72889340449302,-12.68953895503554,Mozambique,REF_TRF,OC
1018,2.0315806206774973,MOZAMBIQUE_NIASSA_MARRUPA_MARRUPA SEDE,37.19633769132261,-13.146463272129202,Mozambique,REF_TRF,OC
1019,0.25369499757494496,MOZAMBIQUE_NIASSA_MARRUPA_NUNGO,37.81925447353719,-13.478328866752053,Mozambique,REF_TRF,OC
1020,0.3084503893430593,MOZAMBIQUE_NIASSA_MAÚA_MAIACA,37.3005706489584,-14.114170204450419,Mozambique,REF_TRF,OC
1021,1.767037694183647,MOZAMBIQUE_NIASSA_MAÚA_MAÚA,36.95858875508161,-13.837399370259327,Mozambique,REF_TRF,OC
1022,0.8875404255541157,MOZAMBIQUE_NIASSA_MAVAGO_MAVAGO SEDE,36.182550803240666,-12.258018044524356,Mozambique,REF_TRF,OC
1023,0.10134139850840962,MOZAMBIQUE_NIASSA_MAVAGO_MSAWIZE,36.597826594641965,-12.217689955331863,Mozambique,REF_TRF,OC
1024,0.8283321101408537,MOZAMBIQUE_NIASSA_MECANHELAS_CHIUTA,36.08847717751292,-14.74364623777168,Mozambique,REF_TRF,OC
1025,7.6091995898595455,MOZAMBIQUE_NIASSA_MECANHELAS_INSACA,36.06761006964796,-15.20035211382043,Mozambique,REF_TRF,OC
1026,0.08361093038135081,MOZAMBIQUE_NIASSA_MECULA_MATONDOVELA,37.1193193013008,-12.085419283276117,Mozambique,REF_TRF,OC
1027,0.9292143255019625,MOZAMBIQUE_NIASSA_MECULA_MECULA SEDE,37.94951162557012,-11.849337861322065,Mozambique,REF_TRF,OC
1028,0.3913577822239248,MOZAMBIQUE_NIASSA_METARICA_NACUMUA,37.16022891434504,-14.413133439925444,Mozambique,REF_TRF,OC
1029,0.9693469323412266,MOZAMBIQUE_NIASSA_METARICA_NAMICUNDI,36.60578243101672,-14.246532016438536,Mozambique,REF_TRF,OC
1030,0.9719024791017088,MOZAMBIQUE_NIASSA_MUEMBE_CHICONONO,35.825200631872406,-12.703703422754193,Mozambique,REF_TRF,OC
1031,0.6926350830813701,MOZAMBIQUE_NIASSA_MUEMBE_MUEMBE,35.78045415030022,-13.116180648877394,Mozambique,REF_TRF,OC
1032,0.38253867420194565,MOZAMBIQUE_NIASSA_NGAUMA_ITEPELA,35.72513460549021,-13.747122663104934,Mozambique,REF_TRF,OC
1033,3.1987490887090804,MOZAMBIQUE_NIASSA_NGAUMA_MASSANGULO,35.43617637765224,-13.89029757440695,Mozambique,REF_TRF,OC
1034,0.009256249201748157,MOZAMBIQUE_NIASSA_NIPEPE_MULUCO,38.03235704715008,-13.729080948075778,Mozambique,REF_TRF,OC
1035,1.4666659098288113,MOZAMBIQUE_NIASSA_NIPEPE_NIPEPE SEDE,37.868200779972554,-14.05769630156578,Mozambique,REF_TRF,OC
1036,1.348899620355959,MOZAMBIQUE_NIASSA_SANGA_LUSSIMBESSE,35.17879893805198,-13.045539587648593,Mozambique,REF_TRF,OC
1037,0.5998356071244119,MOZAMBIQUE_NIASSA_SANGA_MACALOGE,35.50896840865773,-12.2274899473508,Mozambique,REF_TRF,OC
1038,0.08996714994512872,MOZAMBIQUE_NIASSA_SANGA_MATCHEDJE,35.75189053128633,-11.753298058450781,Mozambique,REF_TRF,OC
1039,0.5379528679438468,MOZAMBIQUE_NIASSA_SANGA_UNANGO,35.34018877756437,-12.783844219315524,Mozambique,REF_TRF,OC
1040,3.826502296970791,MOZAMBIQUE_SOFALA_BÚZI_BÚZI SEDE,34.36044794827508,-19.819912163773225,Mozambique,REF_TRF,OC
1041,1.4278947520851004,MOZAMBIQUE_SOFALA_BÚZI_ESTAQUINHA,34.16777219776005,-20.149116281359227,Mozambique,REF_TRF,OC
1042,0.5057716858775403,MOZAMBIQUE_SOFALA_BÚZI_NOVA SOFALA,34.51923951284964,-20.29614767325403,Mozambique,REF_TRF,OC
1043,1.8020408644767012,MOZAMBIQUE_SOFALA_CAIA_CAIA SEDE,35.01870022079462,-17.9131888576579,Mozambique,REF_TRF,OC
1044,0,MOZAMBIQUE_SOFALA_CAIA_MURRACA,35.043543737221526,-17.704599519075483,Mozambique,REF_TRF,OC
1045,2.332840750702058,MOZAMBIQUE_SOFALA_CAIA_SENA,34.958614543889205,-17.545518104260157,Mozambique,REF_TRF,OC
1046,1.0560333470107939,MOZAMBIQUE_SOFALA_CHEMBA_CHEMBA,34.796784909165844,-17.161346900583574,Mozambique,REF_TRF,OC
1047,0.2428773876026078,MOZAMBIQUE_SOFALA_CHEMBA_CHIRAMBA,34.46911953038281,-17.053102795299342,Mozambique,REF_TRF,OC
1048,0,MOZAMBIQUE_SOFALA_CHEMBA_MULIMA,34.63667292129747,-17.357412370668445,Mozambique,REF_TRF,OC
1049,1.28015836737069,MOZAMBIQUE_SOFALA_CHERINGOMA_INHAMINGA,35.225847778954645,-18.633629386192386,Mozambique,REF_TRF,OC
1050,0.5760342774925682,MOZAMBIQUE_SOFALA_CHERINGOMA_INHAMITANGA,35.21803732270835,-18.19602497310624,Mozambique,REF_TRF,OC
1051,0.46199078015451106,MOZAMBIQUE_SOFALA_CHIBABAVA_CHIBABAVA,33.625822885571004,-20.32409844006914,Mozambique,REF_TRF,OC
1052,1.3619000938769266,MOZAMBIQUE_SOFALA_CHIBABAVA_GOONDA SEDE,33.78093779690099,-20.00140681012032,Mozambique,REF_TRF,OC
1053,3.1241736259407116,MOZAMBIQUE_SOFALA_CHIBABAVA_MUXUNGUE,34.00746860191191,-20.588553113130725,Mozambique,REF_TRF,OC
1054,1.5475096199512919,MOZAMBIQUE_SOFALA_CIDADE DA BEIRA_CHIVEVE,34.85910823293791,-19.837591338553143,Mozambique,REF_TRF,OC
1055,0.7770443512279686,MOZAMBIQUE_SOFALA_CIDADE DA BEIRA_MANGA LAFORTE,34.91731660730856,-19.78865079306362,Mozambique,REF_TRF,OC
1056,2.3562422094426756,MOZAMBIQUE_SOFALA_CIDADE DA BEIRA_MUNHAVA,34.87242987491962,-19.81345968978157,Mozambique,REF_TRF,OC
1057,1.1839531659568014,MOZAMBIQUE_SOFALA_CIDADE DA BEIRA_NHANGAU,34.98285843795014,-19.693063426738647,Mozambique,REF_TRF,OC
1058,3.6777888432742536,MOZAMBIQUE_SOFALA_DONDO_CIDADE DE DONDO,34.813763994435696,-19.59912984557761,Mozambique,REF_TRF,OC
1059,1.7907847397965158,MOZAMBIQUE_SOFALA_DONDO_MAFAMBISSE,34.6172248295846,-19.41411670725845,Mozambique,REF_TRF,OC
1060,0.020007102128112,MOZAMBIQUE_SOFALA_DONDO_SAVANE,34.99777842679284,-19.497504876595226,Mozambique,REF_TRF,OC
1061,3.4001790651619026,MOZAMBIQUE_SOFALA_GORONGOSA_CANDA,33.9411113462195,-18.5269605629544,Mozambique,REF_TRF,OC
1062,1.6479519357116441,MOZAMBIQUE_SOFALA_GORONGOSA_GORONGOSA,34.32971484173921,-18.78446107770377,Mozambique,REF_TRF,OC
1063,0.9019457517863078,MOZAMBIQUE_SOFALA_GORONGOSA_VUNDUZI,34.343011287797125,-18.424602841983976,Mozambique,REF_TRF,OC
1064,0.0011293106236988815,MOZAMBIQUE_SOFALA_MACHANGA_CHILOANE,34.92828212630066,-20.64925660347249,Mozambique,REF_TRF,OC
1065,0.24022195372550476,MOZAMBIQUE_SOFALA_MACHANGA_DIVINHE,34.674247443709874,-20.722876694861167,Mozambique,REF_TRF,OC
1066,0.9926247658511933,MOZAMBIQUE_SOFALA_MACHANGA_MACHANGA,34.442424245334195,-21.012616087372496,Mozambique,REF_TRF,OC
1067,0.8717746972003684,MOZAMBIQUE_SOFALA_MARÍNGUÈ_CANXIXE,34.37321686017075,-17.493505870047716,Mozambique,REF_TRF,OC
1068,1.7972210410018072,MOZAMBIQUE_SOFALA_MARÍNGUÈ_MARÍNGUÈ SEDE,34.485093419015286,-17.81780849718521,Mozambique,REF_TRF,OC
1069,0.6177905448973351,MOZAMBIQUE_SOFALA_MARÍNGUÈ_SUBUE,34.568189920354946,-18.170574357241573,Mozambique,REF_TRF,OC
1070,3.0463441268588416,MOZAMBIQUE_SOFALA_MARROMEU_CHUPANGA,35.53979136875223,-18.153606344651298,Mozambique,REF_TRF,OC
1071,2.294848203816205,MOZAMBIQUE_SOFALA_MARROMEU_MARROMEU,35.850161288958624,-18.569407020896904,Mozambique,REF_TRF,OC
1072,0.46306341260498113,MOZAMBIQUE_SOFALA_MUANZA_GALINHA,35.16349786444109,-19.124539501625424,Mozambique,REF_TRF,OC
1073,0.2630727291247007,MOZAMBIQUE_SOFALA_MUANZA_MUANZA,34.678605858109435,-18.938987307842137,Mozambique,REF_TRF,OC
1074,8.175765149388763,MOZAMBIQUE_SOFALA_NHAMATANDA_NHAMATANDA,34.133897175511564,-19.33606727775627,Mozambique,REF_TRF,OC
1075,2.6680077637159365,MOZAMBIQUE_SOFALA_NHAMATANDA_TICA,34.40940265650747,-19.335470302125614,Mozambique,REF_TRF,OC
1076,7.1977946692012535,MOZAMBIQUE_TETE_ANGÓNIA_DOMUE,34.06227681421749,-14.699140503078468,Mozambique,REF_TRF,OC
1077,4.189402495172237,MOZAMBIQUE_TETE_ANGÓNIA_ULONGUE,34.349106886594804,-14.631151521449059,Mozambique,REF_TRF,OC
1078,1.4807986670402848,MOZAMBIQUE_TETE_CAHORA BASSA_CHINTHOLO,32.430533039546916,-16.216233615153374,Mozambique,REF_TRF,OC
1079,2.6946948739607675,MOZAMBIQUE_TETE_CAHORA BASSA_CHITIMA,32.56262609101031,-15.785800626605736,Mozambique,REF_TRF,OC
1080,1.4680017102473875,MOZAMBIQUE_TETE_CAHORA BASSA_SONGO,32.85012635482207,-15.642404356099279,Mozambique,REF_TRF,OC
1081,2.9363930018442312,MOZAMBIQUE_TETE_CHANGARA_CHIOCO,33.14018587060284,-16.42341231628667,Mozambique,REF_TRF,OC
1082,1.4143851852321934,MOZAMBIQUE_TETE_CHANGARA_LUENHA,33.11909292885668,-16.867569202571328,Mozambique,REF_TRF,OC
1083,0.9691736480858439,MOZAMBIQUE_TETE_CHIFUNDE_CHIFUNDE,32.92346063358836,-14.975687318128626,Mozambique,REF_TRF,OC
1084,2.8383161538283868,MOZAMBIQUE_TETE_CHIFUNDE_MUALADZI,32.96393250347011,-14.33950073375169,Mozambique,REF_TRF,OC
1085,0.15192654256162766,MOZAMBIQUE_TETE_CHIFUNDE_NSADZO,32.51914214687114,-14.524178249655883,Mozambique,REF_TRF,OC
1086,1.0031029038048789,MOZAMBIQUE_TETE_CHIÚTA_KAZULA,33.72636156193938,-15.477753515522302,Mozambique,REF_TRF,OC
1087,3.350934276882448,MOZAMBIQUE_TETE_CHIÚTA_MANJE,33.25470436942447,-15.466819453220635,Mozambique,REF_TRF,OC
1088,6.029293434903761,MOZAMBIQUE_TETE_CIDADE DE TETE_CIDADE DE TETE,33.5668919310786,-16.139469255826608,Mozambique,REF_TRF,OC
1089,5.834079487772066,MOZAMBIQUE_TETE_DÔA_DÔA,34.51760621797523,-16.598152740102016,Mozambique,REF_TRF,OC
1090,2.164866515655658,MOZAMBIQUE_TETE_MACANGA_CHIDZOLOMONDO,33.35197753831337,-14.918724310435108,Mozambique,REF_TRF,OC
1091,5.999344796924805,MOZAMBIQUE_TETE_MACANGA_FURANCUNGO,33.59727820804702,-14.761837402785105,Mozambique,REF_TRF,OC
1092,0,MOZAMBIQUE_TETE_MÁGOÈ_CHINTHOPO,30.78042037609181,-15.830563886420572,Mozambique,REF_TRF,OC
1093,0.5906450332220503,MOZAMBIQUE_TETE_MÁGOÈ_MPHENDE,31.891504022092988,-15.845371567366845,Mozambique,REF_TRF,OC
1094,2.000190322739971,MOZAMBIQUE_TETE_MÁGOÈ_MUCUMBURA,31.574958142664922,-15.994013693857134,Mozambique,REF_TRF,OC
1095,4.357694785751995,MOZAMBIQUE_TETE_MARARA_MARARA,33.1767871500584,-16.057806017371547,Mozambique,REF_TRF,OC
1096,1.129664534110423,MOZAMBIQUE_TETE_MARÁVIA_CHIPERA,32.4829526094224,-15.434262338278346,Mozambique,REF_TRF,OC
1097,0.6724571674894511,MOZAMBIQUE_TETE_MARÁVIA_CHIPUTO,32.35344851188519,-15.03500771920889,Mozambique,REF_TRF,OC
1098,1.000072449911193,MOZAMBIQUE_TETE_MARÁVIA_FINGOE,31.820992594832912,-15.343028415557255,Mozambique,REF_TRF,OC
1099,2.9001049123155775,MOZAMBIQUE_TETE_MARÁVIA_MALOWERA,31.85357215677831,-14.713623464787132,Mozambique,REF_TRF,OC
1100,1.7075192374927575,MOZAMBIQUE_TETE_MOATIZE_KAMBULATSITSI,34.20055460887969,-16.077264075157483,Mozambique,REF_TRF,OC
1101,9.045565974035114,MOZAMBIQUE_TETE_MOATIZE_MOATIZE,33.83033269026306,-16.159543586050585,Mozambique,REF_TRF,OC
1102,4.53362878794167,MOZAMBIQUE_TETE_MOATIZE_ZOBUE,34.11068253295919,-15.64316936974153,Mozambique,REF_TRF,OC
1103,0.0857014891724017,MOZAMBIQUE_TETE_MUTARARA_CHARRE,35.188552287821736,-17.238598593622232,Mozambique,REF_TRF,OC
1104,3.4897600529471773,MOZAMBIQUE_TETE_MUTARARA_INHANGOMA,35.23245595498249,-17.507231579651293,Mozambique,REF_TRF,OC
1105,0.9307905690072273,MOZAMBIQUE_TETE_MUTARARA_NHAMAYABUE,35.003122661755604,-17.054371243733755,Mozambique,REF_TRF,OC
1106,5.8776801959292015,MOZAMBIQUE_TETE_TSANGANO_NTENGO-WAMBALAME,34.41780906847001,-14.917178859746276,Mozambique,REF_TRF,OC
1107,2.6659315427435093,MOZAMBIQUE_TETE_TSANGANO_TSANGANO,34.29919561554582,-15.250900940934416,Mozambique,REF_TRF,OC
1108,0,MOZAMBIQUE_TETE_ZUMBO_MUZE,31.19697252624993,-15.017374487026439,Mozambique,REF_TRF,OC
1109,0.9760569531363232,MOZAMBIQUE_TETE_ZUMBO_ZAMBUE,30.627783948317607,-15.080209177689394,Mozambique,REF_TRF,OC
1110,0,MOZAMBIQUE_TETE_ZUMBO_ZUMBO,30.98718853424653,-15.492944910698794,Mozambique,REF_TRF,OC
1111,4.960667779667609,MOZAMBIQUE_ZAMBÉZIA_ALTO MOLÓCUÈ_ALTO MOLÓCUÈ SEDE,37.75169980366362,-15.82968886527511,Mozambique,REF_TRF,OC
1112,8.744320329739859,MOZAMBIQUE_ZAMBÉZIA_ALTO MOLÓCUÈ_NAUELA,37.535152030135166,-15.39189561707578,Mozambique,REF_TRF,OC
1113,0.45703410780969866,MOZAMBIQUE_ZAMBÉZIA_CHINDE_CHINDE SEDE,36.270548844123184,-18.688008655189545,Mozambique,REF_TRF,OC
1114,1.3131396400548347,MOZAMBIQUE_ZAMBÉZIA_CHINDE_MICAUNE,36.474996279882056,-18.29299927576296,Mozambique,REF_TRF,OC
1115,0.6400059077041164,MOZAMBIQUE_ZAMBÉZIA_DERRE_GUERISSA,36.07517658059888,-17.391883949116988,Mozambique,REF_TRF,OC
1116,2.628122279233473,MOZAMBIQUE_ZAMBÉZIA_DERRE_MACHINDO,36.14501762444021,-17.028813436740112,Mozambique,REF_TRF,OC
1117,5.9401828776990255,MOZAMBIQUE_ZAMBÉZIA_GILÉ_ALTO LIGONHA,38.32552055604672,-15.659236148992102,Mozambique,REF_TRF,OC
1118,5.744821731126442,MOZAMBIQUE_ZAMBÉZIA_GILÉ_GILÉ,38.2910835056982,-16.135614998196157,Mozambique,REF_TRF,OC
1119,8.247485909478446,MOZAMBIQUE_ZAMBÉZIA_GURUÈ_CIDADE DE GURUÈ,36.97092700344254,-15.416132819173738,Mozambique,REF_TRF,OC
1120,6.763530963020803,MOZAMBIQUE_ZAMBÉZIA_GURUÈ_LIOMA,36.85133659882104,-15.21304720853839,Mozambique,REF_TRF,OC
1121,2.663416736735166,MOZAMBIQUE_ZAMBÉZIA_GURUÈ_MEPUAGIUA,37.13396038762665,-15.585338686929129,Mozambique,REF_TRF,OC
1122,6.366019320466347,MOZAMBIQUE_ZAMBÉZIA_ILE_ILE,37.33517260666365,-16.094439327573667,Mozambique,REF_TRF,OC
1123,2.160447528570021,MOZAMBIQUE_ZAMBÉZIA_ILE_SOCONE,37.24742867277951,-15.78891794152016,Mozambique,REF_TRF,OC
1124,0.7434452147906702,MOZAMBIQUE_ZAMBÉZIA_INHASSUNGE_GONHANE,36.76819719164744,-18.129199806980733,Mozambique,REF_TRF,OC
1125,1.5332740805351552,MOZAMBIQUE_ZAMBÉZIA_INHASSUNGE_MUCUPIA,36.82679627550589,-18.02052955876717,Mozambique,REF_TRF,OC
1126,2.615398191053462,MOZAMBIQUE_ZAMBÉZIA_LUABO_CHIMBADZO,35.97977141123299,-18.196016220231943,Mozambique,REF_TRF,OC
1127,0.5203679864830304,MOZAMBIQUE_ZAMBÉZIA_LUABO_SAMORA MACHEL,36.18071023228471,-18.394390454565023,Mozambique,REF_TRF,OC
1128,1.8610561441132876,MOZAMBIQUE_ZAMBÉZIA_LUGELA_LUGELA SEDE,36.792817501899684,-16.327386357024547,Mozambique,REF_TRF,OC
1129,1.7821743971389947,MOZAMBIQUE_ZAMBÉZIA_LUGELA_MUABANAMA,36.47880843926437,-16.107038995469004,Mozambique,REF_TRF,OC
1130,1.7338723514612255,MOZAMBIQUE_ZAMBÉZIA_LUGELA_MUNHAMADE,36.953559162628835,-16.485068132775538,Mozambique,REF_TRF,OC
1131,1.588669252076227,MOZAMBIQUE_ZAMBÉZIA_LUGELA_TACUANE,36.46670382747136,-16.401970766492536,Mozambique,REF_TRF,OC
1132,4.389646280316038,MOZAMBIQUE_ZAMBÉZIA_MAGANJA DA COSTA_MAGANJA DA COSTA,37.557492419314904,-17.31794215732248,Mozambique,REF_TRF,OC
1133,2.46106483658138,MOZAMBIQUE_ZAMBÉZIA_MAGANJA DA COSTA_NANTE,37.278741977984176,-17.32317306931781,Mozambique,REF_TRF,OC
1134,1.8367627456438766,MOZAMBIQUE_ZAMBÉZIA_MILANGE_MAJAUA,35.436624982155294,-16.253643814284985,Mozambique,REF_TRF,OC
1135,7.4064081870121345,MOZAMBIQUE_ZAMBÉZIA_MILANGE_MILANGE SEDE,35.963973872998274,-16.234450769061095,Mozambique,REF_TRF,OC
1136,4.546145497521652,MOZAMBIQUE_ZAMBÉZIA_MILANGE_MONGUE,35.65648738221003,-16.442722119703557,Mozambique,REF_TRF,OC
1137,7.469526888489396,MOZAMBIQUE_ZAMBÉZIA_MOCUBA_CIDADE DE MOCUBA,36.92085203297691,-17.018379997773273,Mozambique,REF_TRF,OC
1138,3.522832345931915,MOZAMBIQUE_ZAMBÉZIA_MOCUBA_MUGEBA,37.29714017190822,-16.637901594506356,Mozambique,REF_TRF,OC
1139,2.2076068219316043,MOZAMBIQUE_ZAMBÉZIA_MOCUBA_NAMANJAVIRA,36.48988287703119,-16.806628981302676,Mozambique,REF_TRF,OC
1140,2.2007136153425657,MOZAMBIQUE_ZAMBÉZIA_MOCUBELA_BAJONE,37.895522331552115,-17.22544194310728,Mozambique,REF_TRF,OC
1141,1.6739764155035475,MOZAMBIQUE_ZAMBÉZIA_MOCUBELA_MOCUBELA,37.68028351815039,-16.88555041335021,Mozambique,REF_TRF,OC
1142,0.39580372688059917,MOZAMBIQUE_ZAMBÉZIA_MOLUMBO_CORROMANA,36.05791686767938,-15.749566179759793,Mozambique,REF_TRF,OC
1143,2.566895628861324,MOZAMBIQUE_ZAMBÉZIA_MOLUMBO_MOLUMBO SEDE,36.32068964426865,-15.602898065813545,Mozambique,REF_TRF,OC
1144,2.009717990853163,MOZAMBIQUE_ZAMBÉZIA_MOPEIA_CAMPO,36.34626125703182,-17.82259550049933,Mozambique,REF_TRF,OC
1145,5.266788678390423,MOZAMBIQUE_ZAMBÉZIA_MOPEIA_MOPEIA SEDE,35.80351735470755,-17.841703764849772,Mozambique,REF_TRF,OC
1146,1.8874365680746839,MOZAMBIQUE_ZAMBÉZIA_MORRUMBALA_CHIRE,35.53140807640189,-16.71068394183522,Mozambique,REF_TRF,OC
1147,1.3104859415753165,MOZAMBIQUE_ZAMBÉZIA_MORRUMBALA_MEGAZA,35.44414710494373,-17.34322259459494,Mozambique,REF_TRF,OC
1148,6.870789319906618,MOZAMBIQUE_ZAMBÉZIA_MORRUMBALA_MORRUMBALA SEDE,35.71818601432962,-17.24576425945072,Mozambique,REF_TRF,OC
1149,0.25461910138363325,MOZAMBIQUE_ZAMBÉZIA_MULEVALA_CHIRACO,37.76125440346422,-16.32163858126515,Mozambique,REF_TRF,OC
1150,2.6375675419020785,MOZAMBIQUE_ZAMBÉZIA_MULEVALA_M BAUANE,37.54642716961419,-16.40909467076002,Mozambique,REF_TRF,OC
1151,1.5372683848460948,MOZAMBIQUE_ZAMBÉZIA_NAMACURRA_MACUSE,37.22484678245629,-17.591775752107008,Mozambique,REF_TRF,OC
1152,0.31921131359409577,MOZAMBIQUE_ZAMBÉZIA_NAMACURRA_MALEI,37.01133444499841,-17.298645809649788,Mozambique,REF_TRF,OC
1153,4.870476161875197,MOZAMBIQUE_ZAMBÉZIA_NAMACURRA_NAMACURRA SEDE,36.999724466727024,-17.475100608613698,Mozambique,REF_TRF,OC
1154,4.1708323043774875,MOZAMBIQUE_ZAMBÉZIA_NAMARROI_NAMARROI,36.932601372279954,-15.997062158730339,Mozambique,REF_TRF,OC
1155,2.067209490642556,MOZAMBIQUE_ZAMBÉZIA_NAMARROI_REGONE,36.703202241179774,-15.741498193552788,Mozambique,REF_TRF,OC
1156,0.30384045675257004,MOZAMBIQUE_ZAMBÉZIA_NICOADALA_MUNHONHA,36.585288815320006,-17.577946128566236,Mozambique,REF_TRF,OC
1157,4.28356522285141,MOZAMBIQUE_ZAMBÉZIA_NICOADALA_NICOADALA SEDE,36.663687161432556,-17.524080596030704,Mozambique,REF_TRF,OC
1158,3.0425132873972087,MOZAMBIQUE_ZAMBÉZIA_PEBANE_MULELA,38.453959254758885,-16.77972576468378,Mozambique,REF_TRF,OC
1159,2.031459557316571,MOZAMBIQUE_ZAMBÉZIA_PEBANE_NABURI,38.84329914869052,-16.53846306968174,Mozambique,REF_TRF,OC
1160,3.306975830666542,MOZAMBIQUE_ZAMBÉZIA_PEBANE_PEBANE SEDE,38.11397763950611,-16.944696335246178,Mozambique,REF_TRF,OC
1161,3.6928732003495606,MOZAMBIQUE_ZAMBÉZIA_QUELIMANE_MAQUIVAL,37.05066199126774,-17.80539223477135,Mozambique,REF_TRF,OC
1162,3.5498982368252,MOZAMBIQUE_ZAMBÉZIA_QUELIMANE_QUELIMANE,36.917031879996124,-17.859838300308013,Mozambique,REF_TRF,OC
1163,3.095360756904609,MOZAMBIQUE_SOFALA_CIDADE DA BEIRA_INHAMIZUA,34.80944811048006,-19.7342235382873,Mozambique,REF_TRF,OC
1164,0.13563170020564239,MOZAMBIQUE_CABO DELGADO_QUISSANGA_QUISSANGA,40.34522572679413,-12.388146823567476,Mozambique,REF_TRF,OC
1165,4.312649678102155,MOZAMBIQUE_ZAMBÉZIA_NICOADALA_NAMACATA,36.87753030165205,-17.747483505410734,Mozambique,REF_TRF,OC
1166,1.428126267333324,NAMIBIA_ZAMBEZI_KABBE,24.793790035168254,-17.667984075409294,Namibia,REF_TRF,OC
1167,1.8067731391730308,NAMIBIA_ZAMBEZI_KATIMA MULILO RURAL,24.454538835228554,-17.783707702671318,Namibia,REF_TRF,OC
1168,0.4586931854202871,NAMIBIA_ZAMBEZI_KATIMA MULILO URBAN,24.279746190016365,-17.50806511335707,Namibia,REF_TRF,OC
1169,0.13979737240651108,NAMIBIA_ZAMBEZI_KONGOLA,23.264204346697873,-17.80294902774862,Namibia,REF_TRF,OC
1170,0.17427181896589305,NAMIBIA_ZAMBEZI_LINYANTI,23.671437828262256,-18.092266566594112,Namibia,REF_TRF,OC
1171,0.0818270857831347,NAMIBIA_ZAMBEZI_SIBBINDA,24.108590663155443,-17.85835022128321,Namibia,REF_TRF,OC
1172,0.4567163059970357,NAMIBIA_ERONGO_ARANDIS,14.691497629475606,-22.264372494788464,Namibia,REF_TRF,OC
1173,0.07279719845047897,NAMIBIA_ERONGO_DAURES,14.93756663805144,-21.37524651621252,Namibia,REF_TRF,OC
1174,0.5871108087748259,NAMIBIA_ERONGO_KARIBIB,15.787173934663985,-22.30410061850206,Namibia,REF_TRF,OC
1175,0.4477433616477595,NAMIBIA_ERONGO_OMARURU,15.95833063241253,-21.31749516745864,Namibia,REF_TRF,OC
1176,2.683163049489252,NAMIBIA_ERONGO_SWAKOPMUND,14.59907978731461,-22.6202601717113,Namibia,REF_TRF,OC
1177,4.533631728610991,NAMIBIA_ERONGO_WALVIS BAY RURAL,15.043164785735584,-23.30666115914993,Namibia,REF_TRF,OC
1178,0.6124053902776201,NAMIBIA_ERONGO_WALVIS BAY URBAN,14.51062497535283,-22.954088068577146,Namibia,REF_TRF,OC
1179,0.35605153304054815,NAMIBIA_HARDAP_GIBEON,16.211055584954146,-24.728927802737125,Namibia,REF_TRF,OC
1180,0.9033378810029151,NAMIBIA_HARDAP_MARIENTAL RURAL,18.931178051035655,-24.55690325528673,Namibia,REF_TRF,OC
1181,0.7444131079800351,NAMIBIA_HARDAP_MARIENTAL URBAN,17.552231711371142,-24.506156912910303,Namibia,REF_TRF,OC
1182,0.0642586481445791,NAMIBIA_HARDAP_REHOBOTH RURAL,16.94802061214784,-23.797424696279414,Namibia,REF_TRF,OC
1183,0.8739846688064679,NAMIBIA_HARDAP_REHOBOTH URBAN EAST,17.140914395565115,-23.302814761538283,Namibia,REF_TRF,OC
1184,1.407023557462018,NAMIBIA_HARDAP_REHOBOTH URBAN WEST,17.035406416002225,-23.29213818904565,Namibia,REF_TRF,OC
1185,0.15486421685701357,NAMIBIA_//KARAS_BERSEBA,17.43213672122362,-26.402137402623683,Namibia,REF_TRF,OC
1186,1.1899579811602676,NAMIBIA_//KARAS_KARASBURG,18.711773230367335,-28.093418586403676,Namibia,REF_TRF,OC
1187,0.43642665095455996,NAMIBIA_//KARAS_KEETMANSHOOP RURAL,18.963044948025257,-26.591724991032446,Namibia,REF_TRF,OC
1188,1.2538278355671089,NAMIBIA_//KARAS_KEETMANSHOOP URBAN,18.13828868505545,-26.52392990789683,Namibia,REF_TRF,OC
1189,0.5982460392405567,NAMIBIA_//KARAS_LUDERITZ,15.864291361495141,-26.644991721573984,Namibia,REF_TRF,OC
1190,1.0874540250641254,NAMIBIA_//KARAS_ORANJEMUND,16.84821332532997,-28.056930475767597,Namibia,REF_TRF,OC
1191,0.4220890552489564,NAMIBIA_KAVANGO EAST_MASHARE,20.090779832016132,-18.617546949007107,Namibia,REF_TRF,OC
1192,0.5884150287092917,NAMIBIA_KAVANGO EAST_MUKWE,21.71929868242943,-18.093691738891703,Namibia,REF_TRF,OC
1193,0.9832521778502226,NAMIBIA_KAVANGO EAST_NDIYONA,20.70537677949861,-18.57519053865166,Namibia,REF_TRF,OC
1194,3.6228333167382463,NAMIBIA_KAVANGO EAST_RUNDU RURAL WEST,19.729735628949058,-18.20829568264125,Namibia,REF_TRF,OC
1195,0.49544489167284766,NAMIBIA_KAVANGO EAST_RUNDU URBAN,19.77048535736296,-17.905684519464447,Namibia,REF_TRF,OC
1196,1.0163054105243006,NAMIBIA_KAVANGO EAST_RUNDU RURAL EAST,19.918903908289927,-18.018190028726913,Namibia,REF_TRF,OC
1197,1.2582643903532222,NAMIBIA_KHOMAS_TOBIAS HAINYEKO,17.064566285247462,-22.491571002219786,Namibia,REF_TRF,OC
1198,0.4283858393208365,NAMIBIA_KHOMAS_KATUTURA CENTRAL,17.053093806653106,-22.5235276855212,Namibia,REF_TRF,OC
1199,0.5569481800850725,NAMIBIA_KHOMAS_KATUTURA EAST,17.064629491748327,-22.520906899274305,Namibia,REF_TRF,OC
1200,4.423405917756658,NAMIBIA_KHOMAS_KHOMASDAL NORTH,17.02393885405345,-22.546692524938113,Namibia,REF_TRF,OC
1201,0.398213015703038,NAMIBIA_KHOMAS_SOWETO,17.04634348136182,-22.518971599270618,Namibia,REF_TRF,OC
1202,2.751984444860888,NAMIBIA_KHOMAS_SAMORA MACHEL,17.011693927957612,-22.515093718237296,Namibia,REF_TRF,OC
1203,2.7888028645694223,NAMIBIA_KHOMAS_WINDHOEK EAST,17.14408226450097,-22.62046223783627,Namibia,REF_TRF,OC
1204,4.924389080703387,NAMIBIA_KHOMAS_WINDHOEK RURAL,17.152644209354136,-22.919981679213087,Namibia,REF_TRF,OC
1205,9.42213579471415,NAMIBIA_KHOMAS_WINDHOEK WEST,16.999274417411097,-22.61413420573047,Namibia,REF_TRF,OC
1206,1.114074633924677,NAMIBIA_KHOMAS_MOSES //GAROEB,17.04398509888085,-22.46917693709735,Namibia,REF_TRF,OC
1207,0.48381980416383547,NAMIBIA_KUNENE_EPUPA,12.951182297756084,-17.577768817143944,Namibia,REF_TRF,OC
1208,0.19120411331780637,NAMIBIA_KUNENE_KAMANAJB,15.32465722582946,-19.802405761415024,Namibia,REF_TRF,OC
1209,0.5185683275529852,NAMIBIA_KUNENE_KHORIXAS,14.18082561343677,-20.491501565211138,Namibia,REF_TRF,OC
1210,0.9997923340572343,NAMIBIA_KUNENE_OPUWO,13.206749264241742,-18.475898236405577,Namibia,REF_TRF,OC
1211,0.7144480489313233,NAMIBIA_KUNENE_OUTJO,16.274442963394687,-19.825265069447923,Namibia,REF_TRF,OC
1212,0.13411838299329495,NAMIBIA_KUNENE_SESFONTEIN,13.640868650570905,-19.49338092253463,Namibia,REF_TRF,OC
1213,0.3854632038806417,NAMIBIA_OHANGWENA_EENHANA,16.353020701398215,-17.671032492551955,Namibia,REF_TRF,OC
1214,0.1893687216434926,NAMIBIA_OHANGWENA_ENDOLA,15.820859010662058,-17.625815642509547,Namibia,REF_TRF,OC
1215,0.6702847556700731,NAMIBIA_OHANGWENA_ENGELA,15.748718902094708,-17.518181174101677,Namibia,REF_TRF,OC
1216,0.11041103673928247,NAMIBIA_OHANGWENA_EPEMBE,16.685598245035656,-17.66735533080767,Namibia,REF_TRF,OC
1217,0.2802981172653377,NAMIBIA_OHANGWENA_OHANGWENA,15.882643502502614,-17.520931558141168,Namibia,REF_TRF,OC
1218,0.21381301766184257,NAMIBIA_OHANGWENA_OKONGO,17.455737413504714,-17.57117050323505,Namibia,REF_TRF,OC
1219,0.3298691555287269,NAMIBIA_OHANGWENA_OMUNDAUNGILO,16.578551766563972,-17.449506206889357,Namibia,REF_TRF,OC
1220,0.20621652004551605,NAMIBIA_OHANGWENA_ONDOBE,16.18459197141436,-17.477949671341534,Namibia,REF_TRF,OC
1221,0.6157242231052737,NAMIBIA_OHANGWENA_ONGENGA,15.668516925400173,-17.447258578058655,Namibia,REF_TRF,OC
1222,0.37784093501799776,NAMIBIA_OHANGWENA_OSHIKANGO,15.988943461829676,-17.457271133054828,Namibia,REF_TRF,OC
1223,0.26814629087305447,NAMIBIA_OHANGWENA_OMULONGA,16.093754261365657,-17.654017776298947,Namibia,REF_TRF,OC
1224,0.050641853626254424,NAMIBIA_OMAHEKE_AMINUIS,19.295775953525137,-23.417526891993003,Namibia,REF_TRF,OC
1225,1.5351570587751695,NAMIBIA_OMAHEKE_GOBABIS,18.604707150106318,-22.71498381235896,Namibia,REF_TRF,OC
1226,0.2393016847228173,NAMIBIA_OMAHEKE_KALAHARI,19.48312846470799,-22.503052429131507,Namibia,REF_TRF,OC
1227,0.13747116351863545,NAMIBIA_OMAHEKE_OTJINENE,18.982375532173915,-20.874933868522408,Namibia,REF_TRF,OC
1228,0.05564843171184621,NAMIBIA_OMAHEKE_OTJOMBINDE,20.498308652977602,-21.175886752549744,Namibia,REF_TRF,OC
1229,0.21040155382355635,NAMIBIA_OMAHEKE_STEINHAUSEN,18.80813704803802,-21.78488609292944,Namibia,REF_TRF,OC
1230,0.023989267135648463,NAMIBIA_OMAHEKE_EPUKIRO,19.646436307793838,-20.93506528769702,Namibia,REF_TRF,OC
1231,0.04843196510778012,NAMIBIA_OMUSATI_ANAMULENGE,15.10483056097633,-17.506116865915512,Namibia,REF_TRF,OC
1232,0.005408788436278366,NAMIBIA_OMUSATI_ELIM,15.413739072297282,-17.82200407359759,Namibia,REF_TRF,OC
1233,0.2284575785510702,NAMIBIA_OMUSATI_ETAYI,15.519494125234022,-17.546723554965112,Namibia,REF_TRF,OC
1234,0.02409356819594002,NAMIBIA_OMUSATI_OGONGO,15.170545752866131,-17.721649210815624,Namibia,REF_TRF,OC
1235,0.05664856719116263,NAMIBIA_OMUSATI_OKAHAO,14.876116003002421,-18.693051850022275,Namibia,REF_TRF,OC
1236,0.16573925824469166,NAMIBIA_OMUSATI_OKALONGO,15.28878445011893,-17.500821675929387,Namibia,REF_TRF,OC
1237,0.057778761388954894,NAMIBIA_OMUSATI_ONESI,14.628083358790452,-17.577424359547425,Namibia,REF_TRF,OC
1238,0.15626596967121115,NAMIBIA_OMUSATI_OSHIKUKU,15.392620794511467,-17.690835725085098,Namibia,REF_TRF,OC
1239,0.43631005370338427,NAMIBIA_OMUSATI_OUTAPI,14.846441471749827,-17.517573911214274,Namibia,REF_TRF,OC
1240,0.20477392494954588,NAMIBIA_OMUSATI_RUACANA,14.407777044865957,-18.097615436899044,Namibia,REF_TRF,OC
1241,0.10645671258048817,NAMIBIA_OMUSATI_TSANDI,14.78614887515016,-17.886312407797114,Namibia,REF_TRF,OC
1242,0.03358792440091065,NAMIBIA_OMUSATI_OTAMANZI,15.358988115665142,-18.525957641318243,Namibia,REF_TRF,OC
1243,0.3156789609764223,NAMIBIA_OSHANA_OKAKU,15.943162766854906,-17.77022559144506,Namibia,REF_TRF,OC
1244,1.822830878401046,NAMIBIA_OSHANA_OKATANA,15.574759437909428,-17.820795199376207,Namibia,REF_TRF,OC
1245,0.03568904996989681,NAMIBIA_OSHANA_OKATJALI,15.924923293889925,-18.15395120107729,Namibia,REF_TRF,OC
1246,0.03926934861557513,NAMIBIA_OSHANA_OMPUNDJA,15.659629403226038,-18.011357008061164,Namibia,REF_TRF,OC
1247,0.98609700842819,NAMIBIA_OSHANA_ONDANGWA,15.89055793163545,-17.88939506257595,Namibia,REF_TRF,OC
1248,1.6435143217227155,NAMIBIA_OSHANA_ONGWEDIVA,15.823548294632106,-17.763524478913496,Namibia,REF_TRF,OC
1249,0.8494044264925434,NAMIBIA_OSHANA_OSHAKATI EAST,15.735869553936352,-17.86260914126032,Namibia,REF_TRF,OC
1250,0.38778674356280646,NAMIBIA_OSHANA_OSHAKATI WEST,15.624549764682277,-17.857865215295526,Namibia,REF_TRF,OC
1251,1.1113987427417722,NAMIBIA_OSHANA_UUKWIYU,15.884221094272657,-17.99618085800174,Namibia,REF_TRF,OC
1252,0.06677253681663169,NAMIBIA_OSHANA_UUVUDHIYA,15.696372341891102,-18.671160629838095,Namibia,REF_TRF,OC
1253,0.03534165547813858,NAMIBIA_OSHIKOTO_EENGONDI,17.332440762836534,-18.19310832303004,Namibia,REF_TRF,OC
1254,0.4932463765929111,NAMIBIA_OSHIKOTO_GUINAS,17.594343489923055,-18.89437399671328,Namibia,REF_TRF,OC
1255,0.08079248032069013,NAMIBIA_OSHIKOTO_OKANKOLO,17.177875343763045,-17.878323021444082,Namibia,REF_TRF,OC
1256,0.39843015004130766,NAMIBIA_OSHIKOTO_OLUKONDA,16.068385898650977,-18.038011932787096,Namibia,REF_TRF,OC
1257,0.04479123503959061,NAMIBIA_OSHIKOTO_OMUNTELE,16.169328087187097,-18.334827887672034,Namibia,REF_TRF,OC
1258,0.05924206067851096,NAMIBIA_OSHIKOTO_OMUTHIYAGWIIPUNDI,16.51029242566859,-18.898858129359702,Namibia,REF_TRF,OC
1259,0.2612329067349028,NAMIBIA_OSHIKOTO_ONAYENA,16.207793411083593,-17.950862651129206,Namibia,REF_TRF,OC
1260,0.38098489228000193,NAMIBIA_OSHIKOTO_ONIIPA,16.069902480232454,-17.845135062553666,Namibia,REF_TRF,OC
1261,0.15092676139418743,NAMIBIA_OSHIKOTO_ONYAANYA,16.357556814301276,-18.090881069656568,Namibia,REF_TRF,OC
1262,1.2365156771679982,NAMIBIA_OSHIKOTO_TSUMEB,17.719219426941624,-19.233610933756992,Namibia,REF_TRF,OC
1263,1.2044990235609745,NAMIBIA_OTJOZONDJUPA_GROOTFONTEIN,18.435300956629483,-19.307687617586755,Namibia,REF_TRF,OC
1264,1.6364377312332505,NAMIBIA_OTJOZONDJUPA_OKAHANDJA,16.668747555463238,-21.83565240672381,Namibia,REF_TRF,OC
1265,0.1627429770981273,NAMIBIA_OTJOZONDJUPA_OKAKARARA,18.334564244255255,-20.38760912604105,Namibia,REF_TRF,OC
1266,1.218799765943457,NAMIBIA_OTJOZONDJUPA_OMATAKO,17.282520645457858,-21.20096061005428,Namibia,REF_TRF,OC
1267,0.4760754719807153,NAMIBIA_OTJOZONDJUPA_OTAVI,17.328950067683728,-19.86763044479583,Namibia,REF_TRF,OC
1268,1.9265172366992336,NAMIBIA_OTJOZONDJUPA_OTJIWARONGO,16.251829448720684,-20.505042965104394,Namibia,REF_TRF,OC
1269,0.16953365505728818,NAMIBIA_OTJOZONDJUPA_TSUMKWE,19.9533987514376,-19.722419209002222,Namibia,REF_TRF,OC
1270,0.7428905130249905,NAMIBIA_KAVANGO WEST_KAHENGE,18.861763150665734,-18.28861226947196,Namibia,REF_TRF,OC
1271,1.0678260288919526,NAMIBIA_KAVANGO WEST_KAPAKO,19.43557328650503,-18.551716439141092,Namibia,REF_TRF,OC
1272,0.5303827318406391,NAMIBIA_KAVANGO WEST_MPUNGU,18.26159001570929,-18.04481891772234,Namibia,REF_TRF,OC
1273,289.98183374955795,Buffalo City (BUF),27.598864254477117,-32.94800582792056,SA,REF_TRF,OC
1274,1591.4318362047695,City of Cape Town (CPT),18.594296829494326,-33.892706933725236,SA,REF_TRF,OC
1275,30.066638694889797,Camdeboo/Ikwezi/Baviaans (EC101),24.089957646273938,-32.8452024220234,SA,REF_TRF,OC
1276,15.523675760648201,Blue Crane Rout/ie (EC102),25.41308680240521,-32.778160968279536,SA,REF_TRF,OC
1277,32.57845272333284,Makana (EC104),26.408254634609886,-33.23516631902399,SA,REF_TRF,OC
1278,23.714674659493582,Ndlambe (EC105),26.743980167056392,-33.52310164874916,SA,REF_TRF,OC
1279,25.411058409074705,Sundays River Valley (EC106),25.496722441767997,-33.51169278867713,SA,REF_TRF,OC
1280,30.772870667359744,Kouga (EC108),24.79959562862642,-33.90429867869783,SA,REF_TRF,OC
1281,13.196823141037928,Kou-Kamma (EC109),24.060086657020488,-33.867609516127736,SA,REF_TRF,OC
1282,22.624414986432555,Mbhashe (EC121),28.575231014835296,-32.13220971938858,SA,REF_TRF,OC
1283,38.4401845050109,Mnquma (EC122),28.156661393124235,-32.34546010162823,SA,REF_TRF,OC
1284,6.943809301583112,Great Kei (EC123),28.009533893856762,-32.65908476816192,SA,REF_TRF,OC
1285,31.79115876563571,Amahlathi (EC124),27.33351960038348,-32.502457790779154,SA,REF_TRF,OC
1286,11.656716630336918,Ngqushwa (EC126),27.190552108198407,-33.197883930507096,SA,REF_TRF,OC
1287,40.84630267211479,Nkonkobe/Nxuba (EC129),26.56395343016319,-32.68648839664744,SA,REF_TRF,OC
1288,25.517535902865337,Inxuba Yethemba (EC131),25.321553083523288,-31.86297467718648,SA,REF_TRF,OC
1289,12.907931393255485,Intsika Yethu (EC135),27.65645293007968,-31.967410209741036,SA,REF_TRF,OC
1290,17.98184440192355,Emalahleni (EC136),27.196289987483134,-31.59599819484559,SA,REF_TRF,OC
1291,11.201156132699186,Engcobo (EC137),28.091140856688877,-31.681331250222897,SA,REF_TRF,OC
1292,14.842487226187092,Sakhisizwe (EC138),27.784464653423093,-31.443073463199052,SA,REF_TRF,OC
1293,89.9381742147404,Tsolwana/Inkwanca/Lukanji (EC139),26.44231171599927,-31.82713277165301,SA,REF_TRF,OC
1294,19.064333978769234,Elundini (EC141),28.332923728488446,-30.924613490171907,SA,REF_TRF,OC
1295,30.275764710123198,Senqu (EC142),27.561052438944984,-30.865504121282964,SA,REF_TRF,OC
1296,30.130563201375427,Maletswai/Gariep (EC145),26.297982166534812,-30.99072562439091,SA,REF_TRF,OC
1297,68.88162344452945,Ngquza Hill (EC153),29.61936077896737,-31.240526584482595,SA,REF_TRF,OC
1298,26.471139912209537,Port St Johns (EC154),29.42127994736776,-31.536133432650935,SA,REF_TRF,OC
1299,70.49912143400452,Nyandeni (EC155),29.06791507221619,-31.593568922888913,SA,REF_TRF,OC
1300,25.781333621533587,Mhlontlo (EC156),28.77986734009031,-31.200925478397178,SA,REF_TRF,OC
1301,105.25464341951319,King Sabata Dalindyebo (EC157),28.67245651353882,-31.763159249936695,SA,REF_TRF,OC
1302,41.60440763250997,Matatiele (EC441),28.799576805046378,-30.346800314394653,SA,REF_TRF,OC
1303,29.560703112391025,Umzimvubu (EC442),29.024650004658934,-30.77669158331251,SA,REF_TRF,OC
1304,76.22546902821944,Mbizana (EC443),29.846100390912305,-30.94913834267403,SA,REF_TRF,OC
1305,22.220905932983094,Ntabankulu (EC444),29.301335289494258,-30.979143187316314,SA,REF_TRF,OC
1306,1471.092090958478,Ekurhuleni (EKU),28.312610799006872,-26.19890180039359,SA,REF_TRF,OC
1307,1470.8048080526012,eThekwini (ETH),30.83613967872446,-29.834217800959394,SA,REF_TRF,OC
1308,12.83135052285124,Letsemeng (FS161),25.014921531561004,-29.358108946328255,SA,REF_TRF,OC
1309,14.023414193913029,Kopanong (FS162),25.64114039286138,-29.975908538082983,SA,REF_TRF,OC
1310,18.492185720706573,Mohokare (FS163),26.70843376153791,-30.20845860575575,SA,REF_TRF,OC
1311,26.67734158049609,Masilonyana (FS181),26.617458659326235,-28.631554189395228,SA,REF_TRF,OC
1312,11.367783465155297,Tokologo (FS182),25.355991999884054,-28.472588777335627,SA,REF_TRF,OC
1313,19.080869745426856,Tswelopele (FS183),25.931548564559048,-28.066074672660065,SA,REF_TRF,OC
1314,171.1879304055597,Matjhabeng (FS184),26.91629852178738,-28.044206331040705,SA,REF_TRF,OC
1315,29.65000488244927,Nala (FS185),26.443501057951472,-27.620085113823276,SA,REF_TRF,OC
1316,43.87853767582763,Setsoto (FS191),27.611849107223822,-28.597460113677133,SA,REF_TRF,OC
1317,47.802491504075334,Dihlabeng (FS192),28.293898689286305,-28.362439638603284,SA,REF_TRF,OC
1318,21.22335928004021,Nketoana (FS193),28.246098639230098,-27.849730288880405,SA,REF_TRF,OC
1319,138.92444480915927,Maluti a Phofung (FS194),29.025155447117413,-28.332211824313816,SA,REF_TRF,OC
1320,15.933095608516748,Phumelela (FS195),29.22855332756709,-27.676780478565117,SA,REF_TRF,OC
1321,20.160569385169712,Mantsopa (FS196),27.217597861072438,-29.135212154732272,SA,REF_TRF,OC
1322,69.4144521325352,Moqhaka (FS201),27.193724011739675,-27.500952572439758,SA,REF_TRF,OC
1323,43.62630348888052,Ngwathe (FS203),27.731911356224305,-27.2957570942759,SA,REF_TRF,OC
1324,88.50141793502993,Metsimaholo (FS204),28.043759146658957,-26.929132626752555,SA,REF_TRF,OC
1325,21.481298200955198,Mafube (FS205),28.60779443701931,-27.269640781466524,SA,REF_TRF,OC
1326,334.1810251724204,Emfuleni (GT421),27.78119575062538,-26.628372404139963,SA,REF_TRF,OC
1327,105.39780761006124,Midvaal (GT422),28.12922429452965,-26.623049056706034,SA,REF_TRF,OC
1328,78.14690568993178,Lesedi (GT423),28.506672206506963,-26.461472069502342,SA,REF_TRF,OC
1329,182.0131593166433,Mogale City (GT481),27.683044173467124,-25.9870777312359,SA,REF_TRF,OC
1330,81.50551323632845,Merafong City (GT484),27.39947301236414,-26.416916316259925,SA,REF_TRF,OC
1331,157.5561220867489,New (GT485),27.630358282577387,-26.305377895109828,SA,REF_TRF,OC
1332,2134.0158295378706,City of Johannesburg (JHB),27.963520457163874,-26.17673292466971,SA,REF_TRF,OC
1333,40.875791056812986,Umdoni (KZN212),30.564296422383766,-30.26941215278416,SA,REF_TRF,OC
1334,29.245154895330327,Umzumbe (KZN213),30.34109349485651,-30.48625213454723,SA,REF_TRF,OC
1335,31.217601085002833,uMuziwabantu (KZN214),29.876024661538295,-30.631036716984855,SA,REF_TRF,OC
1336,109.39933135495939,Hibiscus Coast (KZN216),30.256268392679218,-30.777445434896816,SA,REF_TRF,OC
1337,60.670219930674506,uMshwathi (KZN221),30.57723304743919,-29.382907146378955,SA,REF_TRF,OC
1338,53.65817440060069,uMngeni (KZN222),30.090331468395576,-29.437893652146563,SA,REF_TRF,OC
1339,8.764619950768843,Mpofana (KZN223),30.025271395990348,-29.190997264613035,SA,REF_TRF,OC
1340,10.885266842341284,Impendle (KZN224),29.731276209974812,-29.554937527064798,SA,REF_TRF,OC
1341,222.53120966755125,The Msunduzi (KZN225),30.265492525577752,-29.670137497352023,SA,REF_TRF,OC
1342,30.981661279075077,Mkhambathini (KZN226),30.54531080327023,-29.843574776336624,SA,REF_TRF,OC
1343,33.38293603423208,Richmond (KZN227),30.284544545669366,-29.892451867819272,SA,REF_TRF,OC
1344,40.155312662279705,Okhahlamba (KZN235),29.316126781081834,-28.755389135601764,SA,REF_TRF,OC
1345,80.66071327087798,New (KZN237),29.823208639417057,-28.98844294297501,SA,REF_TRF,OC
1346,109.06007017947775,New (KZN238),29.85903127009922,-28.465502298380606,SA,REF_TRF,OC
1347,26.289925681960383,Endumeni (KZN241),30.298724252947004,-28.170872262516635,SA,REF_TRF,OC
1348,37.24807227160586,Nqutu (KZN242),30.738402602971842,-28.3057856426724,SA,REF_TRF,OC
1349,44.88218889003833,Msinga (KZN244),30.448438956915833,-28.605909275422903,SA,REF_TRF,OC
1350,37.089401676519195,Umvoti (KZN245),30.674407652928558,-29.025108014344248,SA,REF_TRF,OC
1351,141.91657175080192,Newcastle (KZN252),29.876255990263406,-27.739276183545844,SA,REF_TRF,OC
1352,22.340042022092216,Emadlangeni (KZN253),30.321232039938934,-27.617907330365107,SA,REF_TRF,OC
1353,38.157756929683096,Dannhauser (KZN254),30.002289977265942,-28.021393744339566,SA,REF_TRF,OC
1354,17.807175888317644,eDumbe (KZN261),30.81062292956855,-27.469617673094547,SA,REF_TRF,OC
1355,34.7920561496996,uPhongolo (KZN262),31.598159005752375,-27.483608832173115,SA,REF_TRF,OC
1356,81.26112865192607,Abaqulusi (KZN263),31.05300673776844,-27.8257482171015,SA,REF_TRF,OC
1357,35.3059703931041,Nongoma (KZN265),31.745560356874247,-27.911780178568517,SA,REF_TRF,OC
1358,45.85795038725316,Ulundi (KZN266),31.309444916664436,-28.239580055499665,SA,REF_TRF,OC
1359,20.909209981067374,Umhlabuyalingana (KZN271),32.56381651356431,-27.243472986556462,SA,REF_TRF,OC
1360,28.60909246218176,Jozini (KZN272),32.14557048188946,-27.36815301488439,SA,REF_TRF,OC
1361,41.75482428070943,Mtubatuba (KZN275),32.29495200731668,-28.28774563454697,SA,REF_TRF,OC
1362,18.750576114125685,New (KZN276),32.196439917229256,-28.03451780762441,SA,REF_TRF,OC
1363,42.260729301692116,Mfolozi (KZN281),32.08205666681106,-28.54943900730811,SA,REF_TRF,OC
1364,137.38480054992516,uMhlathuze (KZN282),31.879279732627545,-28.731153462649306,SA,REF_TRF,OC
1365,66.40382248383561,uMlalazi (KZN284),31.444902303281012,-28.904859982322336,SA,REF_TRF,OC
1366,19.389750492244225,Mthonjaneni (KZN285),31.46989521594373,-28.566641254058112,SA,REF_TRF,OC
1367,16.327355217407227,Nkandla (KZN286),30.992847475348313,-28.65874298560281,SA,REF_TRF,OC
1368,38.400543161600304,Mandeni (KZN291),31.467602405876107,-29.12389810299933,SA,REF_TRF,OC
1369,102.71168737991901,KwaDukuza (KZN292),31.25513058898549,-29.355999737664646,SA,REF_TRF,OC
1370,42.700350388925656,Ndwedwe (KZN293),30.971145236611328,-29.424489832181724,SA,REF_TRF,OC
1371,22.20484949058913,Maphumulo (KZN294),31.061676575865707,-29.11112579364772,SA,REF_TRF,OC
1372,29.32438108638314,Greater Kokstad (KZN433),29.333985724860153,-30.300940129030153,SA,REF_TRF,OC
1373,32.444496151484145,Ubuhlebezwe (KZN434),30.164623949729094,-30.19252582259694,SA,REF_TRF,OC
1374,46.730905199606234,Umzimkhulu (KZN435),29.73770155638459,-30.291659472535116,SA,REF_TRF,OC
1375,21.964001221274295,New (KZN436),29.59925971197213,-29.82995036987778,SA,REF_TRF,OC
1376,96.70342065599861,Greater Giyani (LIM331),30.899690443403223,-23.363950859740118,SA,REF_TRF,OC
1377,76.42478421174233,Greater Letaba (LIM332),30.27459722174666,-23.51164855271159,SA,REF_TRF,OC
1378,149.67971483050235,Greater Tzaneen (LIM333),30.25340441091674,-23.835977770536683,SA,REF_TRF,OC
1379,67.70091335454602,Ba-Phalaborwa (LIM334),31.191583756193857,-23.776931100454973,SA,REF_TRF,OC
1380,37.51912486928579,Maruleng (LIM335),30.785641757876952,-24.291507940529854,SA,REF_TRF,OC
1381,53.49155527778784,Musina (LIM341),30.05077110077547,-22.452444078436113,SA,REF_TRF,OC
1382,169.55394096677165,Thulamela (LIM343),30.555384649799517,-22.785680862120937,SA,REF_TRF,OC
1383,160.96678243804953,Makhado (LIM344),29.7486767332841,-22.99957537797423,SA,REF_TRF,OC
1384,130.18438626586575,New (LIM345),30.973389530004273,-22.98859241312989,SA,REF_TRF,OC
1385,49.71262683340874,Blouberg (LIM351),28.75025951576327,-22.96754705620071,SA,REF_TRF,OC
1386,52.65269821391601,Molemole (LIM353),29.53603926457335,-23.498363807532403,SA,REF_TRF,OC
1387,299.34012912094255,Polokwane (LIM354),29.382116648858307,-23.8911198474484,SA,REF_TRF,OC
1388,88.33586858028234,Lepele-Nkumpi (LIM355),29.706098724754902,-24.26602472477329,SA,REF_TRF,OC
1389,34.29614778611372,Thabazimbi (LIM361),27.18648986644449,-24.54368940298091,SA,REF_TRF,OC
1390,45.82747303319799,Lephalale (LIM362),27.797673264901547,-23.67621029455612,SA,REF_TRF,OC
1391,38.601882552813144,Bela-Bela (LIM366),28.27202559364255,-24.9540355998598,SA,REF_TRF,OC
1392,117.36785888551108,Mogalakwena (LIM367),28.693646429401138,-23.846776659349114,SA,REF_TRF,OC
1393,44.80870117615916,Modimolle/Mookgophong (LIM368),28.554318378198634,-24.50378204783512,SA,REF_TRF,OC
1394,43.937798258064774,Ephraim Mogale (LIM471),29.336691696763047,-24.90184812517883,SA,REF_TRF,OC
1395,106.24006705811439,Elias Motsoaledi (LIM472),29.56162199731176,-25.195958709787416,SA,REF_TRF,OC
1396,99.71994107339471,Makhuduthamaga (LIM473),29.77376805671483,-24.72156702551684,SA,REF_TRF,OC
1397,158.47310764676183,Greater Tubatse/Fetakgomo (LIM476),30.220512409351578,-24.60034155788023,SA,REF_TRF,OC
1398,349.0211542528241,Mangaung (MAN),26.50052991738285,-29.331493385874897,SA,REF_TRF,OC
1399,63.27032841868075,Chief Albert Luthuli (MP301),30.486023915525898,-26.055659215342654,SA,REF_TRF,OC
1400,60.99924783100304,Msukaligwa (MP302),30.12962179212915,-26.468179957263942,SA,REF_TRF,OC
1401,67.78356378359933,Mkhondo (MP303),30.704664805360647,-26.99281043647496,SA,REF_TRF,OC
1402,28.11825276386399,Dr Pixley Ka Isaka Seme (MP304),29.955868602689744,-27.12849724731941,SA,REF_TRF,OC
1403,44.48685141464254,Lekwa (MP305),29.35167338257744,-26.879837519268875,SA,REF_TRF,OC
1404,17.739906119977395,Dipaleseng (MP306),28.641164057979545,-26.781729068806687,SA,REF_TRF,OC
1405,141.01718067924747,Govan Mbeki (MP307),29.19601841151445,-26.46697143683172,SA,REF_TRF,OC
1406,35.34438022675939,Victor Khanye (MP311),28.768849144433155,-26.132617697943477,SA,REF_TRF,OC
1407,192.20966757691883,Emalahleni (MP312),29.162096257324418,-26.01795048880191,SA,REF_TRF,OC
1408,111.53012218248948,Steve Tshwete (MP313),29.551938218276963,-25.836944103856947,SA,REF_TRF,OC
1409,16.55966639493595,Emakhazeni (MP314),30.106821848663742,-25.596921237314394,SA,REF_TRF,OC
1410,154.10972932874344,Thembisile (MP315),28.95192824101233,-25.470336038962238,SA,REF_TRF,OC
1411,88.62398861896214,Dr JS Moroka (MP316),28.801472347773178,-25.103882758045668,SA,REF_TRF,OC
1412,38.524548557294345,Thaba Chweu (MP321),30.57153056410513,-25.064888911517013,SA,REF_TRF,OC
1413,171.07084976110946,Nkomazi (MP324),31.730184896139622,-25.502441880044394,SA,REF_TRF,OC
1414,213.98273290398987,Bushbuckridge (MP325),31.524554777444788,-24.556740864902537,SA,REF_TRF,OC
1415,288.3835723931238,Mbombela/Umjindi (MP326),31.096583710647025,-25.432684098533255,SA,REF_TRF,OC
1416,1.663466398082844,Richtersveld (NC061),17.059551072172134,-28.768234043160607,SA,REF_TRF,OC
1417,17.341857827817613,Nama Khoi (NC062),17.91494133561911,-29.45640456833637,SA,REF_TRF,OC
1418,2.0910882750807915,Kamiesberg (NC064),18.13015961792784,-30.375500419763604,SA,REF_TRF,OC
1419,7.696646160015025,Hantam (NC065),19.96076903840225,-30.97326387632367,SA,REF_TRF,OC
1420,4.3251546748498955,Karoo Hoogland (NC066),21.045367164738153,-31.72866537697112,SA,REF_TRF,OC
1421,3.6434984559609003,Khâi-Ma (NC067),19.26135370838769,-29.537786385108184,SA,REF_TRF,OC
1422,6.5779842192079,Ubuntu (NC071),23.13370561544698,-31.37353482138949,SA,REF_TRF,OC
1423,12.068943752239361,Umsobomvu (NC072),25.04764999855825,-30.848177029851588,SA,REF_TRF,OC
1424,18.601891928560637,Emthanjeni (NC073),23.85840547035036,-30.67860320584649,SA,REF_TRF,OC
1425,4.2439403261500965,Kareeberg (NC074),22.13482818835018,-30.54560022973702,SA,REF_TRF,OC
1426,4.1500132987135085,Renosterberg (NC075),24.450629664298948,-30.255674893884255,SA,REF_TRF,OC
1427,6.2435944768760425,Thembelihle (NC076),23.765002948711334,-29.708430373289627,SA,REF_TRF,OC
1428,9.3407995102807,Siyathemba (NC077),22.5520117599244,-29.633449473297446,SA,REF_TRF,OC
1429,17.174420955695705,Siyancuma (NC078),23.368135189529266,-28.983648115956267,SA,REF_TRF,OC
1430,21.728020900773927,Kai !Garib (NC082),20.415779221325927,-28.968415397154022,SA,REF_TRF,OC
1431,4.28413212828815,!Kheis (NC084),21.603495266524188,-29.232655553883756,SA,REF_TRF,OC
1432,16.110037382511408,Tsantsabane (NC085),22.553384843403045,-28.038581659653413,SA,REF_TRF,OC
1433,7.993905155637417,Kgatelopele (NC086),23.63233217640869,-28.217463600827454,SA,REF_TRF,OC
1434,42.328965540074734,//Khara Hais/Mier (NC087),20.833021354286817,-27.068953107729545,SA,REF_TRF,OC
1435,115.13799034689299,Sol Plaatjie (NC091),24.514285167088513,-28.743361921797487,SA,REF_TRF,OC
1436,20.073832407989688,Dikgatlong (NC092),24.192269532669194,-28.193349409504034,SA,REF_TRF,OC
1437,14.520728865463445,Magareng (NC093),24.780465069795653,-28.167755341807677,SA,REF_TRF,OC
1438,16.090858695269034,Phokwane (NC094),24.808908824292622,-27.795177260115924,SA,REF_TRF,OC
1439,19.403332956119762,Joe Morolong (NC451),22.937720996816267,-26.838253106736673,SA,REF_TRF,OC
1440,36.095073451127156,Ga-Segonyana (NC452),23.560536877064965,-27.622586314678973,SA,REF_TRF,OC
1441,28.047874246263305,Gamagara (NC453),22.99607417546456,-27.643424226884566,SA,REF_TRF,OC
1442,503.4683203243788,Nelson Mandela Bay (NMA),25.492325010511415,-33.804018235171306,SA,REF_TRF,OC
1443,97.2152097008113,Moretele (NW371),28.03908368696291,-25.176894569186302,SA,REF_TRF,OC
1444,231.12474626234686,Local Municipality of Madibeng (NW372),27.73365092436683,-25.441079324120807,SA,REF_TRF,OC
1445,251.2099143828379,Rustenburg (NW373),27.331450416242784,-25.66090837141418,SA,REF_TRF,OC
1446,27.083654236480466,Kgetlengrivier (NW374),26.864344191252787,-25.72345587170004,SA,REF_TRF,OC
1447,85.61047281960494,Moses Kotane (NW375),26.866123855951283,-25.13362782615747,SA,REF_TRF,OC
1448,24.464294761389457,Ratlou (NW381),25.063605925319113,-26.08201587807829,SA,REF_TRF,OC
1449,39.46660992277565,Tswaing (NW382),25.66098471544643,-26.615774445678632,SA,REF_TRF,OC
1450,114.37537252709653,Mafikeng (NW383),25.672832054041375,-25.886091780262618,SA,REF_TRF,OC
1451,57.87037195661725,Ditsobotla (NW384),26.239308215127412,-26.115261364090596,SA,REF_TRF,OC
1452,52.497662102953576,Ramotshere Moiloa (NW385),26.123471368618137,-25.218995566189637,SA,REF_TRF,OC
1453,27.827128084286258,Naledi (NW392),24.79527413051862,-26.86329306541285,SA,REF_TRF,OC
1454,26.286494611609335,Mamusa (NW393),25.277113001282956,-27.22305181117706,SA,REF_TRF,OC
1455,58.68971720215759,Greater Taung (NW394),24.439135473722978,-27.502819297224146,SA,REF_TRF,OC
1456,23.31706800375164,Lekwa-Teemane (NW396),25.32923774851763,-27.63922701964027,SA,REF_TRF,OC
1457,30.023056382620993,Kagisano/Molopo (NW397),23.765026014343153,-26.118051281941728,SA,REF_TRF,OC
1458,167.31571657626955,City of Matlosana (NW403),26.488149960518996,-26.811358748287205,SA,REF_TRF,OC
1459,30.122468382321365,Maquassi Hills (NW404),26.033886103084164,-27.23835835490209,SA,REF_TRF,OC
1460,99.85821832026824,Ventersdorp/Tlokwe (NW405),27.004510453933847,-26.488692826418728,SA,REF_TRF,OC
1461,1414.7194542392137,City of Tshwane (TSH),28.443433217250625,-25.659851428790624,SA,REF_TRF,OC
1462,25.57035809732681,Matzikama (WC011),18.499074499468698,-31.255840123869305,SA,REF_TRF,OC
1463,15.32986254425685,Cederberg (WC012),18.924252686680997,-32.25674181208767,SA,REF_TRF,OC
1464,16.930646475691372,Bergrivier (WC013),18.672795192444063,-32.787492869446815,SA,REF_TRF,OC
1465,34.13693145545753,Saldanha Bay (WC014),18.176134163611852,-33.010183399822495,SA,REF_TRF,OC
1466,52.72291927077316,Swartland (WC015),18.620246203734677,-33.30973980958506,SA,REF_TRF,OC
1467,45.60813938416568,Witzenberg (WC022),19.68890243028827,-32.94978723975034,SA,REF_TRF,OC
1468,118.36563020771405,Drakenstein (WC023),19.003058669393468,-33.596786916383564,SA,REF_TRF,OC
1469,122.27736970250918,Stellenbosch (WC024),18.944796363106693,-33.926035417528176,SA,REF_TRF,OC
1470,65.03207179406574,Breede Valley (WC025),19.699592583285963,-33.571874326586304,SA,REF_TRF,OC
1471,35.016030354098646,Langeberg (WC026),20.05499702391179,-33.78591943557983,SA,REF_TRF,OC
1472,29.927474204557893,Theewaterskloof (WC031),19.436205803645056,-34.161235777032985,SA,REF_TRF,OC
1473,15.450839729998842,Overstrand (WC032),19.376341302447013,-34.476351826606134,SA,REF_TRF,OC
1474,11.693108355837946,Cape Agulhas (WC033),20.05759261209885,-34.49792816727761,SA,REF_TRF,OC
1475,12.265386886583364,Swellendam (WC034),20.508876422488118,-34.03689398202183,SA,REF_TRF,OC
1476,7.102281097646189,Kannaland (WC041),21.318929071812132,-33.60348228547038,SA,REF_TRF,OC
1477,18.602338175984297,Hessequa (WC042),21.227498281104747,-34.13450499418741,SA,REF_TRF,OC
1478,28.013969178484135,Mossel Bay (WC043),21.94268858486633,-34.04142256573831,SA,REF_TRF,OC
1479,72.54383966344865,George (WC044),22.93003160882857,-33.695282456579825,SA,REF_TRF,OC
1480,38.02950393169865,Oudtshoorn (WC045),22.22097775698059,-33.59287178340578,SA,REF_TRF,OC
1481,21.315808351227627,Bitou (WC047),23.407081210262664,-33.937355597794785,SA,REF_TRF,OC
1482,22.57258945250502,Knysna (WC048),22.984307307129328,-33.94604481371343,SA,REF_TRF,OC
1483,2.8114467360623117,Laingsburg (WC051),20.966020283495638,-33.10361314083431,SA,REF_TRF,OC
1484,5.022908876906784,Prince Albert (WC052),22.130117608349714,-33.05111998769453,SA,REF_TRF,OC
1485,21.475912854628348,Beaufort West (WC053),22.746542364789725,-32.27710950336613,SA,REF_TRF,OC
1486,3.4093887094967488,Timphisini,31.427527777467557,-25.77919829327425,swz,REF_TRF,OC
1487,0.4088802911812822,Ntfonjeni,31.343619162235765,-25.829286995179224,swz,REF_TRF,OC
1488,1.5552347721318232,Mayiwane,31.509506281238203,-25.861738695993047,swz,REF_TRF,OC
1489,1.3400165424078412,Mhlangatane,31.621950825737503,-25.939695519246623,swz,REF_TRF,OC
1490,0.23831946938531515,Ndzingeni,31.43455167846427,-26.004089857679194,swz,REF_TRF,OC
1491,0.17159966214190187,Madlangempisi,31.567436769117936,-26.099284349171477,swz,REF_TRF,OC
1492,0.586937765489325,Maphalaleni,31.365091924296856,-26.197321168361256,swz,REF_TRF,OC
1493,1.28944070079114,Pigg's Peak,31.25696321866851,-25.964805122665727,swz,REF_TRF,OC
1494,5.19670392060015,Nkhaba,31.143956798528553,-26.137239773416546,swz,REF_TRF,OC
1495,1.6698877808201054,Motjane,31.02818299839431,-26.30685187288155,swz,REF_TRF,OC
1496,0.7745833934995051,Mbabane West,31.107872683509882,-26.336291548391436,swz,REF_TRF,OC
1497,0.6537887243795485,Mbabane East,31.141081832025073,-26.3027236876315,swz,REF_TRF,OC
1498,0.7901723437718885,Hhukwini,31.222081322674427,-26.32065034848908,swz,REF_TRF,OC
1499,1.2746838358793502,Lobamba,31.181490419840365,-26.413527114735945,swz,REF_TRF,OC
1500,2.287227239111776,Mkhiweni,31.577441575897375,-26.29070166832214,swz,REF_TRF,OC
1501,2.563903326751983,Kukhanyeni,31.41051368673318,-26.3747085735696,swz,REF_TRF,OC
1502,5.1191037838561275,Mafutseni,31.523011856624002,-26.45582801367826,swz,REF_TRF,OC
1503,0.983683391360101,Mthongwaneni,31.501356709255482,-26.569704960391807,swz,REF_TRF,OC
1504,1.9943412151518514,Manzini North,31.394419676034722,-26.481334398718516,swz,REF_TRF,OC
1505,0.31891737047668406,Manzini South,31.36837555950807,-26.520560596292356,swz,REF_TRF,OC
1506,0.42934512573098066,Kwaluseni,31.31330758484104,-26.500651000600236,swz,REF_TRF,OC
1507,0.6297004954741586,Ludzeludze,31.317859732245438,-26.394848493062067,swz,REF_TRF,OC
1508,0.3883829859615816,Lobamba Lomdzala,31.21153822321666,-26.525643141694285,swz,REF_TRF,OC
1509,2.2997873987429096,Nhlambeni,31.408562511847816,-26.630530181944778,swz,REF_TRF,OC
1510,0.29072988104541314,Ntondozi,31.255721117118,-26.631017055506103,swz,REF_TRF,OC
1511,0.20769133503995074,La-Mgabhi,31.070807855360105,-26.564658624068162,swz,REF_TRF,OC
1512,0.20473771235709726,Mhlambanyatsi,30.98674877164096,-26.450529398348344,swz,REF_TRF,OC
1513,0.09906293694664797,Mangcongco,30.884645646846423,-26.578126273491335,swz,REF_TRF,OC
1514,0.8478572217572794,Ngwempisi,31.004022599726948,-26.710945657075314,swz,REF_TRF,OC
1515,0.2720756393593336,Mahlangatsha,31.228735687622677,-26.771547360075047,swz,REF_TRF,OC
1516,0.3956684403723201,Kubuta,31.452603410394964,-26.829896157699594,swz,REF_TRF,OC
1517,0.13717475084011027,Nkwene,31.25402793120817,-26.88316670443372,swz,REF_TRF,OC
1518,0.28972060955899465,Mtsambama,31.385175952460738,-26.957586651949224,swz,REF_TRF,OC
1519,2.7017075328995936,Gege,31.04308782697033,-26.922942294717792,swz,REF_TRF,OC
1520,0.28386181955372153,Mbangweni,31.250469017568943,-27.053399828647212,swz,REF_TRF,OC
1521,0.8587009453979298,Maseyisini,31.162763105989555,-27.134686006761925,swz,REF_TRF,OC
1522,0.19268809852081284,Sandleni,31.429835958875884,-27.064513697748147,swz,REF_TRF,OC
1523,0.11075146728937202,Ngudzeni,31.543105154501283,-27.034785219989786,swz,REF_TRF,OC
1524,3.687812847856196,Zombodze,31.334568927601403,-27.200313835720486,swz,REF_TRF,OC
1525,2.852280851340428,Shiselweni,31.49631059380805,-27.253953663192778,swz,REF_TRF,OC
1526,0.3634571526271506,Hosea,31.53433592419686,-27.16191857513413,swz,REF_TRF,OC
1527,0.17910705225924317,Sigwe,31.6594023333631,-27.07259114844248,swz,REF_TRF,OC
1528,0.5440216352863626,Matsanjeni South,31.724633678774154,-27.216897918466156,swz,REF_TRF,OC
1529,0.6627956135333217,Somntongo,31.88647265075323,-27.224260883938804,swz,REF_TRF,OC
1530,0.44974899472918345,Lubuli,31.871656751031274,-27.032830900051994,swz,REF_TRF,OC
1531,0.555742354314313,Sithobela,31.655947353909568,-26.867080532878518,swz,REF_TRF,OC
1532,0.3333242896713923,Nkilongo,31.89239374698797,-26.83443092667109,swz,REF_TRF,OC
1533,1.8877765509272375,Siphofaneni,31.66300159138905,-26.6791978798675,swz,REF_TRF,OC
1534,0.3673698429900832,Mpolonjeni,31.874527778817235,-26.583288999847156,swz,REF_TRF,OC
1535,0.18594187560975353,Matsanjeni North,32.071056369994956,-26.659618839604153,swz,REF_TRF,OC
1536,0.20912813229974128,Lugongolweni,32.01662145780792,-26.34892589847767,swz,REF_TRF,OC
1537,0.4995248598279293,Dvokodvweni,31.74874438011335,-26.450224696421593,swz,REF_TRF,OC
1538,0.06695537721743723,Hlane,31.805244033997365,-26.296408623452134,swz,REF_TRF,OC
1539,0.6305745172463886,Mhlume,31.808997857429535,-26.10217970032939,swz,REF_TRF,OC
1540,1.0963651505000702,Lomahasha,32.003415605057185,-26.06346037693349,swz,REF_TRF,OC
1541,3.6053543489861957,ZAMBIA_CENTRAL_CHIBOMBO_CHISAMBA,28.5661943716429,-14.846792545063325,Zambia,REF_TRF,OC
1542,14.7815696536086,ZAMBIA_CENTRAL_CHIBOMBO_KATUBA,27.98219959351392,-15.171132204750865,Zambia,REF_TRF,OC
1543,3.9579739151757787,ZAMBIA_CENTRAL_CHIBOMBO_KEEMBE,27.6736546747429,-14.727345017193953,Zambia,REF_TRF,OC
1544,4.992536211835104,ZAMBIA_CENTRAL_KABWE_BWACHA,28.341941228042526,-14.476746683885342,Zambia,REF_TRF,OC
1545,6.129706342290271,ZAMBIA_CENTRAL_KABWE_KABWE CENTRAL,28.516948134035072,-14.407877676196723,Zambia,REF_TRF,OC
1546,12.138304182455318,ZAMBIA_CENTRAL_KAPIRI MPOSHI_KAPIRI MPOSHI,28.102119922151484,-14.120700762098181,Zambia,REF_TRF,OC
1547,7.089453027665879,ZAMBIA_CENTRAL_MKUSHI_MKUSHI NORTH,29.469436639963092,-13.730329792225124,Zambia,REF_TRF,OC
1548,0.9228883773724575,ZAMBIA_CENTRAL_MKUSHI_MKUSHI SOUTH,29.569217404421003,-14.436411331188475,Zambia,REF_TRF,OC
1549,5.941304111441565,ZAMBIA_CENTRAL_MUMBWA_MUMBWA,26.364188448292417,-14.900633988434736,Zambia,REF_TRF,OC
1550,1.838931687080608,ZAMBIA_CENTRAL_MUMBWA_MWEMBESHI,27.701977895362777,-15.40446287674476,Zambia,REF_TRF,OC
1551,3.9805627423194827,ZAMBIA_CENTRAL_MUMBWA_NANGOMA,27.306575058954532,-15.258227671528992,Zambia,REF_TRF,OC
1552,2.9374836888945954,ZAMBIA_CENTRAL_SERENJE_CHITAMBO,30.253472648282777,-12.560317914404294,Zambia,REF_TRF,OC
1553,5.589332817919041,ZAMBIA_CENTRAL_SERENJE_MUCHINGA,30.687809502617156,-13.471349520459055,Zambia,REF_TRF,OC
1554,3.884348342872965,ZAMBIA_CENTRAL_SERENJE_SERENJE,30.10589973967512,-13.040469573298045,Zambia,REF_TRF,OC
1555,6.901751718490146,ZAMBIA_COPPERBELT_CHILILABOMBWE_CHILILABOMBWE,27.81464871496207,-12.361165489706172,Zambia,REF_TRF,OC
1556,8.600500284424108,ZAMBIA_COPPERBELT_CHINGOLA_CHINGOLA,27.669026385939425,-12.505121590267066,Zambia,REF_TRF,OC
1557,3.817413023767233,ZAMBIA_COPPERBELT_CHINGOLA_NCHANGA,27.97081023345629,-12.528814058526129,Zambia,REF_TRF,OC
1558,7.454221971710241,ZAMBIA_COPPERBELT_KALULUSHI_KALULUSHI,27.96391886764875,-12.770501908865587,Zambia,REF_TRF,OC
1559,3.7801764884245013,ZAMBIA_COPPERBELT_KITWE_CHIMWEMWE,28.18492901942876,-12.717092029024544,Zambia,REF_TRF,OC
1560,5.782830739031194,ZAMBIA_COPPERBELT_KITWE_KAMFINSA,28.35330783309189,-12.8095822567081,Zambia,REF_TRF,OC
1561,5.116308875867123,ZAMBIA_COPPERBELT_KITWE_KWACHA,28.302830727693767,-12.77594738834159,Zambia,REF_TRF,OC
1562,5.457284986727396,ZAMBIA_COPPERBELT_KITWE_NKANA,28.16694032204235,-12.811008579347963,Zambia,REF_TRF,OC
1563,5.9043042449403504,ZAMBIA_COPPERBELT_KITWE_WUSAKILE,28.222488074533018,-12.92465702761479,Zambia,REF_TRF,OC
1564,5.676444882764378,ZAMBIA_COPPERBELT_LUANSHYA_LUANSHYA,28.46004980991987,-13.107078377377691,Zambia,REF_TRF,OC
1565,2.144583137290894,ZAMBIA_COPPERBELT_LUANSHYA_ROAN,28.303596506825578,-13.06750066483788,Zambia,REF_TRF,OC
1566,2.060441162157722,ZAMBIA_COPPERBELT_LUFWANYAMA_LUFWANYAMA,27.47764081880377,-12.975834907523659,Zambia,REF_TRF,OC
1567,2.1692896192285223,ZAMBIA_COPPERBELT_MASAITI_KAFULAFUTA,28.808078308441427,-13.326356335242059,Zambia,REF_TRF,OC
1568,1.2344415506507864,ZAMBIA_COPPERBELT_MASAITI_MASAITI,28.553011385110448,-13.359027007303364,Zambia,REF_TRF,OC
1569,2.213895757519331,ZAMBIA_COPPERBELT_MPONGWE_MPONGWE,27.790650304373813,-13.595789579892758,Zambia,REF_TRF,OC
1570,2.7284552713372965,ZAMBIA_COPPERBELT_MUFULIRA_KANKOYO,28.155127636110944,-12.495158993380908,Zambia,REF_TRF,OC
1571,3.084176526574051,ZAMBIA_COPPERBELT_MUFULIRA_KANTANSHI,28.326104841902225,-12.506850254258554,Zambia,REF_TRF,OC
1572,6.4527422899706295,ZAMBIA_COPPERBELT_MUFULIRA_MUFULIRA,28.338024388673514,-12.6431226302504,Zambia,REF_TRF,OC
1573,12.830925625302264,ZAMBIA_COPPERBELT_NDOLA_BWANA MKUBWA,28.64549902864361,-13.056256733012118,Zambia,REF_TRF,OC
1574,3.5443900192031665,ZAMBIA_COPPERBELT_NDOLA_CHIFUBU,28.60823451656592,-12.89879660397216,Zambia,REF_TRF,OC
1575,1.0303925886623588,ZAMBIA_COPPERBELT_NDOLA_KABUSHI,28.627156043953665,-13.001741922109233,Zambia,REF_TRF,OC
1576,8.3714065349459,ZAMBIA_COPPERBELT_NDOLA_NDOLA,28.49890269696238,-12.901589820311179,Zambia,REF_TRF,OC
1577,3.291459649877832,ZAMBIA_EASTERN_CHADIZA_CHADIZA,32.39627549044243,-14.079002215254139,Zambia,REF_TRF,OC
1578,3.4704324352176887,ZAMBIA_EASTERN_CHADIZA_VUBWI,32.76493860383449,-14.052840040124526,Zambia,REF_TRF,OC
1579,6.005629321900591,ZAMBIA_EASTERN_CHIPATA_CHIPANGALI,32.638200923536886,-13.30842953137994,Zambia,REF_TRF,OC
1580,10.018689852239582,ZAMBIA_EASTERN_CHIPATA_CHIPATA,32.60383734056898,-13.637216206455038,Zambia,REF_TRF,OC
1581,5.005377764471076,ZAMBIA_EASTERN_CHIPATA_KASENENGWA,32.26713323087467,-13.669423091567161,Zambia,REF_TRF,OC
1582,3.4008399711560306,ZAMBIA_EASTERN_CHIPATA_LUANGENI,32.605070390811335,-13.843705990807868,Zambia,REF_TRF,OC
1583,2.9403472882697543,ZAMBIA_EASTERN_KATETE_MILANZI,32.16528245031478,-14.1891307534823,Zambia,REF_TRF,OC
1584,7.220220111980563,ZAMBIA_EASTERN_KATETE_MKAIKA,31.9768863225823,-13.972148532747518,Zambia,REF_TRF,OC
1585,4.612287024081222,ZAMBIA_EASTERN_KATETE_SINDA,31.73979584134408,-14.178052121693852,Zambia,REF_TRF,OC
1586,6.47311196629383,ZAMBIA_EASTERN_LUNDAZI_CHASEFU,33.05328766635874,-11.996456926575963,Zambia,REF_TRF,OC
1587,5.088581291492501,ZAMBIA_EASTERN_LUNDAZI_LUMEZI,32.5895037879343,-12.649881756316528,Zambia,REF_TRF,OC
1588,6.657007687190675,ZAMBIA_EASTERN_LUNDAZI_LUNDAZI,33.2259898380257,-12.406307107286958,Zambia,REF_TRF,OC
1589,3.741903608509162,ZAMBIA_EASTERN_MAMBWE_MALAMBO,31.981789689929077,-13.346646229523834,Zambia,REF_TRF,OC
1590,4.564646577121338,ZAMBIA_EASTERN_NYIMBA_NYIMBA,30.58228012538245,-14.399411197527083,Zambia,REF_TRF,OC
1591,7.38374447394391,ZAMBIA_EASTERN_PETAUKE_KAPOCHE,31.494550896982194,-14.472461671217527,Zambia,REF_TRF,OC
1592,3.024261222328144,ZAMBIA_EASTERN_PETAUKE_MSANZALA,31.295942721648927,-14.317042186360203,Zambia,REF_TRF,OC
1593,7.934704556894173,ZAMBIA_EASTERN_PETAUKE_PETAUKE,31.395540922703685,-13.831094629172307,Zambia,REF_TRF,OC
1594,6.604946972434847,ZAMBIA_LUAPULA_CHIENGE_CHIENGE,29.126088992773784,-8.743468946806065,Zambia,REF_TRF,OC
1595,2.5700815138950026,ZAMBIA_LUAPULA_KAWAMBWA_KAWAMBWA,29.075760100164228,-9.771943441852208,Zambia,REF_TRF,OC
1596,2.313584768733975,ZAMBIA_LUAPULA_KAWAMBWA_MWANSABOMBWE,28.789708265128425,-9.924894823988827,Zambia,REF_TRF,OC
1597,2.1544416099531714,ZAMBIA_LUAPULA_KAWAMBWA_PAMBASHE,29.50887712310463,-9.839951270716938,Zambia,REF_TRF,OC
1598,11.495924663432247,ZAMBIA_LUAPULA_MANSA_BAHATI,28.96351540414113,-11.185629960923388,Zambia,REF_TRF,OC
1599,9.370946718560138,ZAMBIA_LUAPULA_MANSA_MANSA,28.819764023233848,-11.47139263102599,Zambia,REF_TRF,OC
1600,1.1977615325425275,ZAMBIA_LUAPULA_MILENGE_CHEMBE,29.17293034277804,-11.937612639540122,Zambia,REF_TRF,OC
1601,1.3480429618621916,ZAMBIA_LUAPULA_MWENSE_CHIPILI,29.127537230682734,-10.416802146820574,Zambia,REF_TRF,OC
1602,0.8692428853957348,ZAMBIA_LUAPULA_MWENSE_MAMBILIMA,28.708979324819012,-10.72243901358301,Zambia,REF_TRF,OC
1603,5.829381801075321,ZAMBIA_LUAPULA_MWENSE_MWENSE,28.704288885428422,-10.233840547996117,Zambia,REF_TRF,OC
1604,10.114733344773212,ZAMBIA_LUAPULA_NCHELENGE_NCHELENGE,28.799279562604337,-9.357480292222682,Zambia,REF_TRF,OC
1605,4.5113661871971,ZAMBIA_LUAPULA_SAMFYA_BANGEULU,29.625015084138838,-11.781064127014634,Zambia,REF_TRF,OC
1606,3.428708280531403,ZAMBIA_LUAPULA_SAMFYA_CHIFUNABULI,29.66126127594006,-11.049808045494856,Zambia,REF_TRF,OC
1607,0.9464692338197647,ZAMBIA_LUAPULA_SAMFYA_LUAPULA,30.081224160051487,-11.57555382096848,Zambia,REF_TRF,OC
1608,16.649748248127047,ZAMBIA_LUSAKA_CHONGWE_CHONGWE,28.62232043220776,-15.375229425875759,Zambia,REF_TRF,OC
1609,3.1324869715334898,ZAMBIA_LUSAKA_CHONGWE_RUFUNSA,29.502907057767036,-15.155837602230632,Zambia,REF_TRF,OC
1610,17.664926839866578,ZAMBIA_LUSAKA_KAFUE_CHILANGA,28.066936325812314,-15.44535490638688,Zambia,REF_TRF,OC
1611,9.948922472064385,ZAMBIA_LUSAKA_KAFUE_KAFUE,28.633553227376076,-15.719700213855967,Zambia,REF_TRF,OC
1612,1.2516612523619557,ZAMBIA_LUSAKA_LUANGWA_FEIRA,30.001466666180438,-15.436979115223238,Zambia,REF_TRF,OC
1613,7.596014433110265,ZAMBIA_LUSAKA_LUSAKA_CHAWAMA,28.277892786058786,-15.494825189970678,Zambia,REF_TRF,OC
1614,7.182282054925776,ZAMBIA_LUSAKA_LUSAKA_KABWATA,28.313576899992587,-15.469141457864835,Zambia,REF_TRF,OC
1615,22.851584190636885,ZAMBIA_LUSAKA_LUSAKA_KANYAMA,28.241833786918246,-15.448835877623589,Zambia,REF_TRF,OC
1616,12.134270425470568,ZAMBIA_LUSAKA_LUSAKA_LUSAKA CENTRAL,28.385718227507034,-15.443614423440085,Zambia,REF_TRF,OC
1617,13.014590330878889,ZAMBIA_LUSAKA_LUSAKA_MANDEVU,28.30690375089146,-15.355502657994798,Zambia,REF_TRF,OC
1618,13.010390514789318,ZAMBIA_LUSAKA_LUSAKA_MATERO,28.24892453686191,-15.368176359794754,Zambia,REF_TRF,OC
1619,9.52238525577215,ZAMBIA_LUSAKA_LUSAKA_MUNALI,28.36012897447861,-15.383652678329005,Zambia,REF_TRF,OC
1620,1.899454850324955,ZAMBIA_MUCHINGA_CHAMA_CHAMA NORTH,32.81643744468033,-10.880583533092976,Zambia,REF_TRF,OC
1621,4.320976611490546,ZAMBIA_MUCHINGA_CHAMA_CHAMA SOUTH,32.78471054140707,-11.6247965412926,Zambia,REF_TRF,OC
1622,4.619117751415665,ZAMBIA_MUCHINGA_CHINSALI_CHINSALI,32.20205651587303,-10.323776635389398,Zambia,REF_TRF,OC
1623,3.3168974038723515,ZAMBIA_MUCHINGA_CHINSALI_SHIWANGANDU,31.721073704369985,-11.018271642196154,Zambia,REF_TRF,OC
1624,4.884646632576989,ZAMBIA_MUCHINGA_ISOKA_ISOKA,32.83157916201906,-10.015458694518209,Zambia,REF_TRF,OC
1625,4.261585853549817,ZAMBIA_MUCHINGA_MAFINGA_MAFINGA,33.320064435132885,-10.350038785725467,Zambia,REF_TRF,OC
1626,4.043270368536313,ZAMBIA_MUCHINGA_MPIKA_KANCHIBIYA,30.767597782864076,-11.793121981043948,Zambia,REF_TRF,OC
1627,1.4097462149113151,ZAMBIA_MUCHINGA_MPIKA_MFUWE,31.68140990235467,-12.460736570531072,Zambia,REF_TRF,OC
1628,5.927959013007304,ZAMBIA_MUCHINGA_MPIKA_MPIKA,31.600995341696276,-11.82141862258269,Zambia,REF_TRF,OC
1629,7.788989930068769,ZAMBIA_MUCHINGA_NAKONDE_NAKONDE,32.59445867875421,-9.48933692360338,Zambia,REF_TRF,OC
1630,2.102111505139785,ZAMBIA_NORTH-WESTERN_CHAVUMA_CHAVUMA,22.42573267284074,-13.22307607264871,Zambia,REF_TRF,OC
1631,1.9575358891627819,ZAMBIA_NORTH-WESTERN_IKELENGE_IKELENGE,24.265566159411794,-11.264693559055068,Zambia,REF_TRF,OC
1632,2.8273422283523457,ZAMBIA_NORTH-WESTERN_KABOMPO_KABOMPO EAST,24.333259981075226,-13.000787615759398,Zambia,REF_TRF,OC
1633,2.625943555892534,ZAMBIA_NORTH-WESTERN_KABOMPO_KABOMPO WEST,23.967433420364337,-13.543246354862898,Zambia,REF_TRF,OC
1634,3.2231053866958863,ZAMBIA_NORTH-WESTERN_KASEMPA_KASEMPA,26.225215837797798,-13.697546089000006,Zambia,REF_TRF,OC
1635,3.214527951390609,ZAMBIA_NORTH-WESTERN_MUFUMBWE_MUFUMBWE,25.222580629080518,-13.82667330878823,Zambia,REF_TRF,OC
1636,5.803019523609789,ZAMBIA_NORTH-WESTERN_MWINILUNGA_MWINILUNGA,24.66864327756739,-12.00169258239465,Zambia,REF_TRF,OC
1637,7.8400684032437775,ZAMBIA_NORTH-WESTERN_SOLWEZI_SOLWEZI CENTRAL,26.44180853806062,-12.23351559486465,Zambia,REF_TRF,OC
1638,3.058450817854165,ZAMBIA_NORTH-WESTERN_SOLWEZI_SOLWEZI EAST,26.924860431725694,-12.47471580400728,Zambia,REF_TRF,OC
1639,4.56395779204719,ZAMBIA_NORTH-WESTERN_SOLWEZI_SOLWEZI WEST,25.64177287198704,-12.432625474734706,Zambia,REF_TRF,OC
1640,4.099124604405564,ZAMBIA_NORTH-WESTERN_ZAMBEZI_ZAMBEZI EAST,23.352098742368717,-13.506899960265104,Zambia,REF_TRF,OC
1641,1.3134990108946163,ZAMBIA_NORTH-WESTERN_ZAMBEZI_ZAMBEZI WEST,22.68845582256741,-13.661697661175266,Zambia,REF_TRF,OC
1642,4.474099486936305,ZAMBIA_NORTHERN_CHILUBI_CHILUBI,30.23872612353324,-11.097573495570215,Zambia,REF_TRF,OC
1643,1.7006782929154878,ZAMBIA_NORTHERN_KAPUTA_CHIMBAMILONGA,30.119408096016002,-8.840847206858331,Zambia,REF_TRF,OC
1644,3.6441332356445604,ZAMBIA_NORTHERN_KAPUTA_KAPUTA,29.670380201705797,-8.747788369420219,Zambia,REF_TRF,OC
1645,8.721287292691821,ZAMBIA_NORTHERN_KASAMA_KASAMA,30.925954822365615,-10.044291996416009,Zambia,REF_TRF,OC
1646,7.770723537094457,ZAMBIA_NORTHERN_KASAMA_LUKASHYA,30.961511545081454,-10.567400463097538,Zambia,REF_TRF,OC
1647,4.116006866472684,ZAMBIA_NORTHERN_LUWINGU_LUBASENSHI,30.35622609217487,-10.619038732815206,Zambia,REF_TRF,OC
1648,3.7953268208887745,ZAMBIA_NORTHERN_LUWINGU_LUPOSOSHI,29.69126154256829,-10.62270072169756,Zambia,REF_TRF,OC
1649,7.0573474534530956,ZAMBIA_NORTHERN_MBALA_MBALA,31.42437500732999,-8.951021217432977,Zambia,REF_TRF,OC
1650,4.814459182500813,ZAMBIA_NORTHERN_MBALA_NSENGA HILL,31.655127392254517,-9.319794073965294,Zambia,REF_TRF,OC
1651,3.1241472486326787,ZAMBIA_NORTHERN_MPOROKOSO_LUNTE,30.403652875074233,-9.823323451491882,Zambia,REF_TRF,OC
1652,2.2943271180668035,ZAMBIA_NORTHERN_MPOROKOSO_MPOROKOSO,29.883883348105797,-9.437855153817008,Zambia,REF_TRF,OC
1653,6.110335016567114,ZAMBIA_NORTHERN_MPULUNGU_MPULUNGU,30.78636919692387,-8.968610296667714,Zambia,REF_TRF,OC
1654,7.815652364346584,ZAMBIA_NORTHERN_MUNGWI_MALOLE,31.728489567287085,-9.896913955738247,Zambia,REF_TRF,OC
1655,9.491919078885468,ZAMBIA_SOUTHERN_CHOMA_CHOMA,27.03480670841098,-16.91005369465202,Zambia,REF_TRF,OC
1656,1.480854164308549,ZAMBIA_SOUTHERN_CHOMA_MBABALA,26.878091190949394,-16.397242287620944,Zambia,REF_TRF,OC
1657,2.6139419306398306,ZAMBIA_SOUTHERN_CHOMA_PEMBA,27.389336109531165,-16.6922264694868,Zambia,REF_TRF,OC
1658,2.021909184724868,ZAMBIA_SOUTHERN_GWEMBE_GWEMBE,27.902856111757792,-16.68233138263457,Zambia,REF_TRF,OC
1659,4.470529238030985,ZAMBIA_SOUTHERN_ITEZHI-TEZHI_ITEZHI-TEZHI,26.020217543791258,-15.7607528165834,Zambia,REF_TRF,OC
1660,4.004824571990399,ZAMBIA_SOUTHERN_KALOMO_DUNDUMWEZI,26.347684943863122,-16.562181114840755,Zambia,REF_TRF,OC
1661,7.559483020488673,ZAMBIA_SOUTHERN_KALOMO_KALOMO CENTRAL,26.543830205005484,-17.04577047621827,Zambia,REF_TRF,OC
1662,3.4452521052762553,ZAMBIA_SOUTHERN_KALOMO_MAPATIZYA,26.573648865923055,-17.60560978993712,Zambia,REF_TRF,OC
1663,4.751342630249952,ZAMBIA_SOUTHERN_KAZUNGULA_KATOMBOLA,25.620145077663306,-17.10654461326524,Zambia,REF_TRF,OC
1664,8.364052421009852,ZAMBIA_SOUTHERN_LIVINGSTONE_LIVINGSTONE,25.839580948996286,-17.78612641067007,Zambia,REF_TRF,OC
1665,3.3094240342575345,ZAMBIA_SOUTHERN_MAZABUKA_CHIKANKANTA,28.249723480811323,-16.043422007395407,Zambia,REF_TRF,OC
1666,3.4666889452784395,ZAMBIA_SOUTHERN_MAZABUKA_MAGOYE,27.622182683908022,-15.892078551482996,Zambia,REF_TRF,OC
1667,5.305614425388761,ZAMBIA_SOUTHERN_MAZABUKA_MAZABUKA,27.866970138091503,-15.883245062553383,Zambia,REF_TRF,OC
1668,5.757386378173104,ZAMBIA_SOUTHERN_MONZE_BWEENGWA,27.295625399394282,-16.052573578414865,Zambia,REF_TRF,OC
1669,3.282980231786645,ZAMBIA_SOUTHERN_MONZE_MONZE,27.424178441098487,-16.37563866559767,Zambia,REF_TRF,OC
1670,1.0651734602714884,ZAMBIA_SOUTHERN_MONZE_MOOMBA,27.74187104427267,-16.27482011727548,Zambia,REF_TRF,OC
1671,5.545320028733767,ZAMBIA_SOUTHERN_NAMWALA_NAMWALA,26.754936143714463,-15.941500457068749,Zambia,REF_TRF,OC
1672,4.407763552677791,ZAMBIA_SOUTHERN_SIAVONGA_SIAVONGA,28.558985238419726,-16.299401498003242,Zambia,REF_TRF,OC
1673,5.712724292436745,ZAMBIA_SOUTHERN_SINAZONGWE_SINAZONGWE,27.2807179112331,-17.412421319914454,Zambia,REF_TRF,OC
1674,1.6920313873357808,ZAMBIA_WESTERN_KALABO_KALABO,22.668138967214684,-15.307899116519774,Zambia,REF_TRF,OC
1675,1.9274645542486097,ZAMBIA_WESTERN_KALABO_LIUWA,22.52502997101939,-14.544065929033211,Zambia,REF_TRF,OC
1676,2.7675420867287204,ZAMBIA_WESTERN_KALABO_SIKONGO,22.23056038773834,-15.257742796071241,Zambia,REF_TRF,OC
1677,2.5407517046579575,ZAMBIA_WESTERN_KAOMA_KAOMA CENTRAL,25.04922080679012,-14.711954129645061,Zambia,REF_TRF,OC
1678,3.1557144401088384,ZAMBIA_WESTERN_KAOMA_LUAMPA,24.7584458265249,-15.368086057238425,Zambia,REF_TRF,OC
1679,4.991859564170579,ZAMBIA_WESTERN_KAOMA_MANGANGO,24.20746270318245,-14.68910855437414,Zambia,REF_TRF,OC
1680,3.4870476922421374,ZAMBIA_WESTERN_LUKULU_LUKULU EAST,23.81996806853094,-14.315822982748186,Zambia,REF_TRF,OC
1681,1.9719155531246533,ZAMBIA_WESTERN_LUKULU_LUKULU WEST,22.70316851981578,-14.164055699101722,Zambia,REF_TRF,OC
1682,2.3927349905527175,ZAMBIA_WESTERN_MONGU_LUENA,23.38135094476587,-14.985379948947877,Zambia,REF_TRF,OC
1683,6.9659362274494345,ZAMBIA_WESTERN_MONGU_MONGU,23.068428950456155,-15.31687093689524,Zambia,REF_TRF,OC
1684,1.4443219205856486,ZAMBIA_WESTERN_MONGU_NALIKWANDA,23.72533656058688,-15.414725554230015,Zambia,REF_TRF,OC
1685,3.4221244853808765,ZAMBIA_WESTERN_SENANGA_NALOLO,22.99253670582597,-15.779390158424558,Zambia,REF_TRF,OC
1686,2.719139492909189,ZAMBIA_WESTERN_SENANGA_SENANGA,23.792887275411474,-16.016325554311614,Zambia,REF_TRF,OC
1687,1.7777103450870895,ZAMBIA_WESTERN_SESHEKE_MULOBEZI,24.724112710511307,-16.289759152706516,Zambia,REF_TRF,OC
1688,0.40943377208374687,ZAMBIA_WESTERN_SESHEKE_MWANDI,24.670803007655817,-17.12205319673227,Zambia,REF_TRF,OC
1689,2.5776572672969107,ZAMBIA_WESTERN_SESHEKE_SESHEKE,23.916635107519514,-17.092487993044916,Zambia,REF_TRF,OC
1690,4.751412003182059,ZAMBIA_WESTERN_SHANGOMBO_SINJEMBELA,22.839280468061588,-16.556734241433883,Zambia,REF_TRF,OC
1691,0.2679786193576428,ZIMBABWE_BULAWAYO_BULAWAYO,28.55567706568358,-20.121806460207072,Zimbabwe,REF_TRF,OC
1692,0.0388789905981954,ZIMBABWE_HARARE_CHITUNGWIZA,31.062838912942162,-18.014236385326917,Zimbabwe,REF_TRF,OC
1693,0.026781054364505636,ZIMBABWE_HARARE_EPWORTH,31.158844682035582,-17.895344948865215,Zimbabwe,REF_TRF,OC
1694,0.10764022575583318,ZIMBABWE_HARARE_HARARE RURAL,31.033297352175815,-17.944938825553283,Zimbabwe,REF_TRF,OC
1695,0.6148400064154094,ZIMBABWE_HARARE_HARARE URBAN,31.053673281248084,-17.8087732583129,Zimbabwe,REF_TRF,OC
1696,0.08126954766704403,ZIMBABWE_MANICALAND_BUHERA,31.868285637589167,-19.44901571975412,Zimbabwe,REF_TRF,OC
1697,0.07028828756562439,ZIMBABWE_MANICALAND_CHIMANIMANI,32.72164024280516,-19.784108007827292,Zimbabwe,REF_TRF,OC
1698,0.5072086242099263,ZIMBABWE_MANICALAND_CHIPINGE RURAL,32.47381587494327,-20.496658221164754,Zimbabwe,REF_TRF,OC
1699,0.0015715983851926677,ZIMBABWE_MANICALAND_CHIPINGE URBAN,32.62525066931281,-20.203342282599305,Zimbabwe,REF_TRF,OC
1700,0.09573597928467445,ZIMBABWE_MANICALAND_MAKONI,32.182681398233086,-18.362321102437782,Zimbabwe,REF_TRF,OC
1701,0.3203850252282146,ZIMBABWE_MANICALAND_MUTARE RURAL,32.42405654036695,-19.23143328486722,Zimbabwe,REF_TRF,OC
1702,0.07027042063798027,ZIMBABWE_MANICALAND_MUTARE URBAN,32.620103748244716,-18.993444874807192,Zimbabwe,REF_TRF,OC
1703,0.2922451014018322,ZIMBABWE_MANICALAND_MUTASA,32.708920145094964,-18.63951558406826,Zimbabwe,REF_TRF,OC
1704,0.08433266758152973,ZIMBABWE_MANICALAND_NYANGA,32.75779759089013,-17.937869291717597,Zimbabwe,REF_TRF,OC
1705,0.003228354898906242,ZIMBABWE_MANICALAND_RUSAPE,32.13124708351301,-18.538249469398476,Zimbabwe,REF_TRF,OC
1706,0.05213157892188576,ZIMBABWE_MASHONALAND CENTRAL_BINDURA,31.308333991475948,-17.245810503074562,Zimbabwe,REF_TRF,OC
1707,0.0027690940056617217,ZIMBABWE_MASHONALAND CENTRAL_BINDURA URBAN,31.338858234356994,-17.3093886532423,Zimbabwe,REF_TRF,OC
1708,0.04394257474161626,ZIMBABWE_MASHONALAND CENTRAL_CENTENARY,31.143553067008124,-16.426346851768386,Zimbabwe,REF_TRF,OC
1709,0.034454811742409906,ZIMBABWE_MASHONALAND CENTRAL_GURUVE,30.657935830574306,-16.684420866652317,Zimbabwe,REF_TRF,OC
1710,0.11143902732613012,ZIMBABWE_MASHONALAND CENTRAL_MAZOWE,30.931668747440714,-17.252158251526673,Zimbabwe,REF_TRF,OC
1711,0.014889939728499712,ZIMBABWE_MASHONALAND CENTRAL_MBIRE,30.519312056760068,-16.11820181165008,Zimbabwe,REF_TRF,OC
1712,0.27339727681545106,ZIMBABWE_MASHONALAND CENTRAL_MOUNT DARWIN,31.651491668814078,-16.571909628015707,Zimbabwe,REF_TRF,OC
1713,5.429481217723511e-4,ZIMBABWE_MASHONALAND CENTRAL_MVURI,30.85020407197247,-17.024637648570337,Zimbabwe,REF_TRF,OC
1714,0.05883483481134368,ZIMBABWE_MASHONALAND CENTRAL_RUSHINGA,32.294391117865416,-16.608502576184932,Zimbabwe,REF_TRF,OC
1715,0.03798448804125212,ZIMBABWE_MASHONALAND CENTRAL_SHAMVA,31.63881570830867,-17.094658891017033,Zimbabwe,REF_TRF,OC
1716,0.03725076043484788,ZIMBABWE_MASHONALAND EAST_CHIKOMBA,31.10402641900697,-18.890937479797454,Zimbabwe,REF_TRF,OC
1717,0.10813758299750283,ZIMBABWE_MASHONALAND EAST_GOROMONZI,31.33811610926192,-17.784846519288877,Zimbabwe,REF_TRF,OC
1718,0.023097425562818387,ZIMBABWE_MASHONALAND EAST_HWEDZA,31.63567042276917,-18.735938924713302,Zimbabwe,REF_TRF,OC
1719,0.04904466225339453,ZIMBABWE_MASHONALAND EAST_MARONDERA,31.497737809885596,-18.2710373540706,Zimbabwe,REF_TRF,OC
1720,0.007478864413705635,ZIMBABWE_MASHONALAND EAST_MARONDERA URBAN,31.548361807518038,-18.199991583553473,Zimbabwe,REF_TRF,OC
1721,1.3519764662053122,ZIMBABWE_MASHONALAND EAST_MUDZI,32.63753498981691,-17.031754865127553,Zimbabwe,REF_TRF,OC
1722,0.06371597885227552,ZIMBABWE_MASHONALAND EAST_MUREHWA,31.821688822036187,-17.796798612607663,Zimbabwe,REF_TRF,OC
1723,0.03793171533287586,ZIMBABWE_MASHONALAND EAST_MUTOKO,32.27426153980204,-17.444387012058822,Zimbabwe,REF_TRF,OC
1724,0.015276681558797084,ZIMBABWE_MASHONALAND EAST_RUWA LOCAL BOARD,31.228165448921906,-17.884607511234528,Zimbabwe,REF_TRF,OC
1725,0.1266397661966929,ZIMBABWE_MASHONALAND EAST_SEKE,30.953065122788516,-18.254181114854948,Zimbabwe,REF_TRF,OC
1726,0.035935988754790066,ZIMBABWE_MASHONALAND EAST_UZUMBA-MARAMBA-PFUNGWE,32.043136848699056,-17.081573218275697,Zimbabwe,REF_TRF,OC
1727,0.061550993022748836,ZIMBABWE_MASHONALAND WEST_CHEGUTU,30.395139990113776,-18.143600800629375,Zimbabwe,REF_TRF,OC
1728,0.007262569778579758,ZIMBABWE_MASHONALAND WEST_CHEGUTU URBAN,30.13470538711357,-18.12439557940687,Zimbabwe,REF_TRF,OC
1729,0.018172151330531103,ZIMBABWE_MASHONALAND WEST_CHINHOYI,30.129570688206996,-17.358929514724238,Zimbabwe,REF_TRF,OC
1730,0.36434039144677044,ZIMBABWE_MASHONALAND WEST_HURUNGWE,29.53703485277088,-16.437165238308324,Zimbabwe,REF_TRF,OC
1731,0.03216528260507292,ZIMBABWE_MASHONALAND WEST_KADOMA,29.92798975734448,-18.33918663580368,Zimbabwe,REF_TRF,OC
1732,0.8528965732534504,ZIMBABWE_MASHONALAND WEST_KARIBA,28.61128807360195,-16.89292695403643,Zimbabwe,REF_TRF,OC
1733,0.1214849347898274,ZIMBABWE_MASHONALAND WEST_KARIBA URBAN,28.808652741937127,-16.523383393233598,Zimbabwe,REF_TRF,OC
1734,0.0012283371904107194,ZIMBABWE_MASHONALAND WEST_KAROI,29.694591418294163,-16.820573750915116,Zimbabwe,REF_TRF,OC
1735,0.06327120628565498,ZIMBABWE_MASHONALAND WEST_MAKONDE,30.012073182765725,-17.123223173134424,Zimbabwe,REF_TRF,OC
1736,0.04177617155069188,ZIMBABWE_MASHONALAND WEST_MHONDORONGEZI,30.163967503298224,-18.577761621097395,Zimbabwe,REF_TRF,OC
1737,0.008939798884940408,ZIMBABWE_MASHONALAND WEST_NORTON,30.678320648378314,-17.88198298430611,Zimbabwe,REF_TRF,OC
1738,0.06319805869611186,ZIMBABWE_MASHONALAND WEST_SANYATI,29.581196326682427,-18.02169161774344,Zimbabwe,REF_TRF,OC
1739,0.08313483153872085,ZIMBABWE_MASHONALAND WEST_ZVIMBA,30.44738003368097,-17.503589961775102,Zimbabwe,REF_TRF,OC
1740,0.06437454099215408,ZIMBABWE_MASVINGO_BIKITA,31.91211467778198,-20.145279592483647,Zimbabwe,REF_TRF,OC
1741,7.956260357125621,ZIMBABWE_MASVINGO_CHIREDZI RURAL,31.683341413535224,-21.347708807444196,Zimbabwe,REF_TRF,OC
1742,0.00353721184995925,ZIMBABWE_MASVINGO_CHIREDZI URBAN,31.67971758814407,-21.029338840368688,Zimbabwe,REF_TRF,OC
1743,0.08786316322416235,ZIMBABWE_MASVINGO_CHIVI,30.575374256749075,-20.490369810018144,Zimbabwe,REF_TRF,OC
1744,0.0599728836542799,ZIMBABWE_MASVINGO_GUTU,31.242523750576176,-19.610801584902255,Zimbabwe,REF_TRF,OC
1745,0.01521076497236509,ZIMBABWE_MASVINGO_MASVINGO,30.83494037723815,-20.07306774396139,Zimbabwe,REF_TRF,OC
1746,0.11937952229215539,ZIMBABWE_MASVINGO_MASVINGO RURAL,30.910738382293413,-20.260376828144526,Zimbabwe,REF_TRF,OC
1747,0.053585649279297536,ZIMBABWE_MASVINGO_MWENEZI,30.691741175078764,-21.36544378064084,Zimbabwe,REF_TRF,OC
1748,0.07768463705258163,ZIMBABWE_MASVINGO_ZAKA,31.42731784993799,-20.386700025852814,Zimbabwe,REF_TRF,OC
1749,0.06345557473177402,ZIMBABWE_MATABELELAND NORTH_BINGA,27.656210711179945,-17.789917553155632,Zimbabwe,REF_TRF,OC
1750,0.03351727146568263,ZIMBABWE_MATABELELAND NORTH_BUBI,28.685180931499218,-19.513947345699094,Zimbabwe,REF_TRF,OC
1751,1.6101352400140878,ZIMBABWE_MATABELELAND NORTH_HWANGE,26.423179889687354,-18.71113404476513,Zimbabwe,REF_TRF,OC
1752,0.010444277036552926,ZIMBABWE_MATABELELAND NORTH_HWANGE URBAN,26.46801043565975,-18.372016600758958,Zimbabwe,REF_TRF,OC
1753,0.0435486923134255,ZIMBABWE_MATABELELAND NORTH_LUPANE,27.79328072988368,-18.839114218902946,Zimbabwe,REF_TRF,OC
1754,0.037594695127844566,ZIMBABWE_MATABELELAND NORTH_NKAYI,28.661176006857257,-18.88355717575602,Zimbabwe,REF_TRF,OC
1755,0.036359508139920595,ZIMBABWE_MATABELELAND NORTH_TSHOLOTSHO,27.414283617138953,-19.61964010445645,Zimbabwe,REF_TRF,OC
1756,0.0379932204845431,ZIMBABWE_MATABELELAND NORTH_UMGUZA,28.271066028232603,-19.819869340116053,Zimbabwe,REF_TRF,OC
1757,0.03560470316743712,ZIMBABWE_MATABELELAND NORTH_VICTORIA FALLS,25.829883287476026,-17.92990704990956,Zimbabwe,REF_TRF,OC
1758,2.0617808158025146,ZIMBABWE_MATABELELAND SOUTH_BEITBRIDGE RURAL,30.032227315484988,-21.908181587615122,Zimbabwe,REF_TRF,OC
1759,0.31669622741381626,ZIMBABWE_MATABELELAND SOUTH_BEITBRIDGE URBAN,30.005198690269744,-22.19816655945671,Zimbabwe,REF_TRF,OC
1760,0.033131501393364265,ZIMBABWE_MATABELELAND SOUTH_BULILIMA,27.573442352722388,-20.169421371289143,Zimbabwe,REF_TRF,OC
1761,0.04865867028246433,ZIMBABWE_MATABELELAND SOUTH_GWANDA,29.162201344353758,-21.236732145513137,Zimbabwe,REF_TRF,OC
1762,9.273773296139677e-4,ZIMBABWE_MATABELELAND SOUTH_GWANDA URBAN,29.001018112960306,-20.93393035805012,Zimbabwe,REF_TRF,OC
1763,0.03830065298143338,ZIMBABWE_MATABELELAND SOUTH_INSIZA,29.405124054354932,-20.257921118201494,Zimbabwe,REF_TRF,OC
1764,0.03733752042153718,ZIMBABWE_MATABELELAND SOUTH_MATOBO,28.491004036525954,-20.955582194378135,Zimbabwe,REF_TRF,OC
1765,0.00237216935887505,ZIMBABWE_MATABELELAND SOUTH_PLUMTREE,27.816351882493578,-20.50409730643698,Zimbabwe,REF_TRF,OC
1766,0.022393924600954247,ZIMBABWE_MATABELELAND SOUTH_UMZINGWANE,28.94552119766589,-20.34465698117629,Zimbabwe,REF_TRF,OC
1767,0.03161109883936637,ZIMBABWE_MIDLANDS_CHIRUMANZU,30.481519343037423,-19.319633373328976,Zimbabwe,REF_TRF,OC
1768,0.09951465173400505,ZIMBABWE_MIDLANDS_GOKWE NORTH,28.837677893701187,-17.570419471118004,Zimbabwe,REF_TRF,OC
1769,0.1144483773630977,ZIMBABWE_MIDLANDS_GOKWE SOUTH,28.645633627572618,-18.206523936363304,Zimbabwe,REF_TRF,OC
1770,0.0016747908134642085,ZIMBABWE_MIDLANDS_GOKWE TOWN,28.940176689013466,-18.22128365220127,Zimbabwe,REF_TRF,OC
1771,0.03779361601444819,ZIMBABWE_MIDLANDS_GWERU,29.817923337717286,-19.45269647021317,Zimbabwe,REF_TRF,OC
1772,0.05701282804706636,ZIMBABWE_MIDLANDS_GWERU RURAL,29.63690224470826,-19.466810605052125,Zimbabwe,REF_TRF,OC
1773,0.02306990655065494,ZIMBABWE_MIDLANDS_KWEKWE,29.81635406697312,-18.917482667926965,Zimbabwe,REF_TRF,OC
1774,12.869382237991264,ZIMBABWE_MIDLANDS_KWEKWE RURAL,29.551841911899576,-18.878863937431618,Zimbabwe,REF_TRF,OC
1775,0.0806055258898086,ZIMBABWE_MIDLANDS_MBERENGWA,30.01016178871132,-20.74365987883918,Zimbabwe,REF_TRF,OC
1776,0.009992593429550705,ZIMBABWE_MIDLANDS_REDCLIFF,29.76586767080143,-19.022868422004397,Zimbabwe,REF_TRF,OC
1777,0.01017686416045077,ZIMBABWE_MIDLANDS_SHURUGWI,29.99793599865513,-19.69370465973288,Zimbabwe,REF_TRF,OC
1778,0.03087739148184129,ZIMBABWE_MIDLANDS_SHURUGWI RURAL,30.15294241347956,-19.750231393050633,Zimbabwe,REF_TRF,OC
1779,0.0390093256459978,ZIMBABWE_MIDLANDS_ZVISHAVANE,30.078676585245802,-20.27716243014893,Zimbabwe,REF_TRF,OC
1780,0.010102417123902255,ZIMBABWE_MIDLANDS_ZVISHAVANE MINE,30.053840966799243,-20.319854351134133,Zimbabwe,REF_TRF,OC
1781,0.019883254467271537,ZIMBABWE_MATABELELAND SOUTH_MANGWE,28.019398455119735,-20.990691255910058,Zimbabwe,REF_TRF,OC
