census_id,emis,geo_name,lon,lat,country,code,poll
0001,0.2999833326242813,ANGOLA_BENGO_AMBRIZ,13.500573856748415,-7.941839245075118,Angola,NMM,PM2.5
0002,0.3763581909018596,ANGOLA_BENGO_BULA ATUMBA,14.820908751789867,-8.634475645495783,Angola,NMM,PM2.5
0003,16.931327472736292,ANGOLA_BENGO_DANDE,13.841710609854086,-8.53534736049627,Angola,NMM,PM2.5
0004,0.6897920741668194,ANGOLA_BENGO_DEMBOS,14.552452662474186,-8.506656679922113,Angola,NMM,PM2.5
0005,1.3927692114673975,ANGOLA_BENGO_NAMBUANGONGO,14.25926486683566,-8.047643790272277,Angola,NMM,PM2.5
0006,0.1429977355816145,ANGOLA_BENGO_PANGO ALUQUÉM,14.467187741962098,-8.753291428515478,Angola,NMM,PM2.5
0007,2.2161707317172343,ANGOLA_BENGUELA_BAÍA FARTA,13.110895429150032,-13.169353899832894,Angola,NMM,PM2.5
0008,3.188275614213773,ANGOLA_BENGUELA_BALOMBO,14.785534807000774,-12.362142938317604,Angola,NMM,PM2.5
0009,11.551985685078282,ANGOLA_BENGUELA_BENGUELA,13.613234701433782,-12.750903810317325,Angola,NMM,PM2.5
0010,4.186893218411074,ANGOLA_BENGUELA_BOCOIO,14.273806030010297,-12.337517465231237,Angola,NMM,PM2.5
0011,2.3175998921956085,ANGOLA_BENGUELA_CAIMBAMBO,13.925466200463916,-13.103370379840863,Angola,NMM,PM2.5
0012,1.8933496173474706,ANGOLA_BENGUELA_CATUMBELA,13.680172800346687,-12.477296385532492,Angola,NMM,PM2.5
0013,2.1491357613944166,ANGOLA_BENGUELA_CHONGOROI,13.804725364547245,-13.596741410412521,Angola,NMM,PM2.5
0014,9.152113823224871,ANGOLA_BENGUELA_CUBAL,14.349577634106108,-13.16149142143734,Angola,NMM,PM2.5
0015,7.917463238207632,ANGOLA_BENGUELA_GANDA,14.733920867955561,-13.122131963632688,Angola,NMM,PM2.5
0016,7.871758566681701,ANGOLA_BENGUELA_LOBITO,13.886545783996153,-12.092395259332209,Angola,NMM,PM2.5
0017,7.677415475859913,ANGOLA_BIÉ_ANDULO,16.463299708517784,-11.274658946317146,Angola,NMM,PM2.5
0018,62.32430008394816,ANGOLA_BIÉ_CAMACUPA,17.780227977541617,-12.451681506672221,Angola,NMM,PM2.5
0019,5.09881381553139,ANGOLA_BIÉ_CATABOLA,17.254341809340623,-12.147939255129183,Angola,NMM,PM2.5
0020,3.228024489851757,ANGOLA_BIÉ_CHINGUAR,16.57220235885333,-12.562961032395926,Angola,NMM,PM2.5
0021,2.076997852494793,ANGOLA_BIÉ_CHITEMBO,17.2256685420672,-13.4761375683222,Angola,NMM,PM2.5
0022,1.271879519738963,ANGOLA_BIÉ_CUEMBA,18.450876402365434,-11.812583973776919,Angola,NMM,PM2.5
0023,15.207995175279372,ANGOLA_BIÉ_CUITO,17.0195337801636,-12.539053407735349,Angola,NMM,PM2.5
0024,1.1347739533564523,ANGOLA_BIÉ_CUNHINGA,16.806485043535446,-11.988245606222938,Angola,NMM,PM2.5
0025,2.862877073332346,ANGOLA_BIÉ_NHAREA,17.157724905821997,-11.308602978499657,Angola,NMM,PM2.5
0026,0.7423706274037168,ANGOLA_CABINDA_BELIZE,12.84464336058737,-4.605790961567085,Angola,NMM,PM2.5
0027,0.9033776750299095,ANGOLA_CABINDA_BUCO ZAU,12.545868870473262,-4.802124175234638,Angola,NMM,PM2.5
0028,11.437040768047087,ANGOLA_CABINDA_CABINDA,12.36403326270615,-5.461872414729606,Angola,NMM,PM2.5
0029,1.1325363718659671,ANGOLA_CABINDA_CACONGO,12.242228043574034,-5.043712430446504,Angola,NMM,PM2.5
0030,1.7269602067222267,ANGOLA_KUANDO KUBANGO_CALAI,19.414268804995988,-17.367954683212766,Angola,NMM,PM2.5
0031,1.0535092336302145,ANGOLA_KUANDO KUBANGO_CUANGAR,18.15299180710266,-17.054777832805367,Angola,NMM,PM2.5
0032,1.342599146464175,ANGOLA_KUANDO KUBANGO_CUCHI,16.962579756983985,-14.692891199511664,Angola,NMM,PM2.5
0033,1.1824942515673622,ANGOLA_KUANDO KUBANGO_CUITO CUANAVALE,18.841355039845936,-14.950150376556852,Angola,NMM,PM2.5
0034,0.8963000891745266,ANGOLA_KUANDO KUBANGO_DIRICO,20.825162039879295,-17.52729673830151,Angola,NMM,PM2.5
0035,0.84914846540855915,ANGOLA_KUANDO KUBANGO_MAVINGA,20.292091111981065,-16.124977275218903,Angola,NMM,PM2.5
0036,10.271227589219649,ANGOLA_KUANDO KUBANGO_MENONGUE,17.745373647024998,-15.225709939331868,Angola,NMM,PM2.5
0037,0.11974882598783684,ANGOLA_KUANDO KUBANGO_NANCOVA,18.73240828489362,-16.388826303005242,Angola,NMM,PM2.5
0038,1.074287943469418,ANGOLA_KUANDO KUBANGO_RIVUNGO,21.95105197046031,-16.860900758284263,Angola,NMM,PM2.5
0039,1.4281290559598123,ANGOLA_KWANZA NORTE_AMBACA,15.509119051943488,-8.223269097816729,Angola,NMM,PM2.5
0040,0.21734819515403056,ANGOLA_KWANZA NORTE_BANGA,15.153253461606287,-8.689616530469744,Angola,NMM,PM2.5
0041,0.20773922909648362,ANGOLA_KWANZA NORTE_BOLONGONGO,15.113302487330705,-8.382132376680488,Angola,NMM,PM2.5
0042,119.55893377797953,ANGOLA_KWANZA NORTE_CAMBAMBE,14.521816633134614,-9.433964278230446,Angola,NMM,PM2.5
0043,65.21943850692705,ANGOLA_KWANZA NORTE_CAZENGO,14.779870946066733,-9.320031680889498,Angola,NMM,PM2.5
0044,1.09898408612136,ANGOLA_KWANZA NORTE_GOLUNGO ALTO,14.666387710001,-9.076507922069805,Angola,NMM,PM2.5
0045,0.5445339730087778,ANGOLA_KWANZA NORTE_LUCALA,15.238258650636386,-9.139267281380702,Angola,NMM,PM2.5
0046,0.14041291263397068,ANGOLA_KWANZA NORTE_NGONGUEMBO,14.901663408090647,-8.902563767131948,Angola,NMM,PM2.5
0047,0.13567761409186194,ANGOLA_KWANZA NORTE_QUICULUNGO,15.319625776448795,-8.49002907643525,Angola,NMM,PM2.5
0048,0.6379191891991566,ANGOLA_KWANZA NORTE_SAMBA CAJÚ,15.494620704324683,-8.808515207926657,Angola,NMM,PM2.5
0049,7.689149797485515,ANGOLA_KWANZA SUL_AMBOIM,14.409446053756277,-10.888247311555114,Angola,NMM,PM2.5
0050,3.76551905636453,ANGOLA_KWANZA SUL_CASSONGUE,14.969245996228281,-11.823486279155278,Angola,NMM,PM2.5
0051,6.4605452275573905,ANGOLA_KWANZA SUL_CELA,15.327509138494797,-11.286611386444985,Angola,NMM,PM2.5
0052,2.8114898122987544,ANGOLA_KWANZA SUL_CONDA,14.457113187835018,-11.173469665594153,Angola,NMM,PM2.5
0053,5.2921122039149,ANGOLA_KWANZA SUL_EBO,14.756355439021709,-10.954311333786544,Angola,NMM,PM2.5
0054,2.46280298092073,ANGOLA_KWANZA SUL_LIBOLO,14.990540118658812,-10.063463539441377,Angola,NMM,PM2.5
0055,2.2230486837100103,ANGOLA_KWANZA SUL_MUSSENDE,15.978658982493396,-10.268786589120642,Angola,NMM,PM2.5
0056,132.8897635360866,ANGOLA_KWANZA SUL_PORTO AMBOIM,13.942283729197893,-10.627805552833145,Angola,NMM,PM2.5
0057,3.5811120058370722,ANGOLA_KWANZA SUL_QUIBALA,15.335713103750756,-10.699008506951671,Angola,NMM,PM2.5
0058,2.7344691208651084,ANGOLA_KWANZA SUL_QUILENDA,14.370237419617364,-10.524491857097443,Angola,NMM,PM2.5
0059,5.192647707998762,ANGOLA_KWANZA SUL_SELES,14.50091627350989,-11.457587720793851,Angola,NMM,PM2.5
0060,205.51084677295407,ANGOLA_KWANZA SUL_SUMBE,14.04934311345206,-11.49811492361192,Angola,NMM,PM2.5
0061,2.5969794047254195,ANGOLA_CUNENE_CAHAMA,14.247669093888437,-16.41710354139286,Angola,NMM,PM2.5
0062,13.562324374777695,ANGOLA_CUNENE_CUANHAMA,16.320547599774045,-16.48223334568777,Angola,NMM,PM2.5
0063,0.7890197808731333,ANGOLA_CUNENE_CUROCA,13.788175609536145,-16.932294476395295,Angola,NMM,PM2.5
0064,2.250625978657557,ANGOLA_CUNENE_CUVELAI,16.136146428177735,-15.746368160393057,Angola,NMM,PM2.5
0065,8.368323359556753,ANGOLA_CUNENE_NAMACUNDE,16.606272115792553,-17.074018548021083,Angola,NMM,PM2.5
0066,11.01192714494826,ANGOLA_CUNENE_OMBADJA,14.941895100531925,-16.768959146811532,Angola,NMM,PM2.5
0067,8.795604918702882,ANGOLA_HUAMBO_BAILUNDO,15.850466201739053,-11.950050465566608,Angola,NMM,PM2.5
0068,8.507547343004083,ANGOLA_HUAMBO_CAÁLA,15.572188198073116,-13.27102876067493,Angola,NMM,PM2.5
0069,4.403819805432022,ANGOLA_HUAMBO_CACHIUNGO,16.319644201016246,-12.759421533499594,Angola,NMM,PM2.5
0070,2.2834564689678722,ANGOLA_HUAMBO_ECUNHA,15.49134958273524,-12.53401934231182,Angola,NMM,PM2.5
0071,22.986516068172335,ANGOLA_HUAMBO_HUAMBO,15.79536569507517,-12.819324307871682,Angola,NMM,PM2.5
0072,3.7303707488694142,ANGOLA_HUAMBO_LONDUIMBALI,15.292015045757923,-12.235996591708586,Angola,NMM,PM2.5
0073,2.886755810002169,ANGOLA_HUAMBO_LONGONJO,15.22279516795389,-13.084757821818668,Angola,NMM,PM2.5
0074,3.6337148739767864,ANGOLA_HUAMBO_MUNGO,16.20588037491343,-11.755072951814116,Angola,NMM,PM2.5
0075,3.606334575576744,ANGOLA_HUAMBO_CHICALA CHOLOHANGA,16.092706109508978,-12.95985009260693,Angola,NMM,PM2.5
0076,1.3735071921267037,ANGOLA_HUAMBO_CHINJENJE,14.940107561316543,-12.818781665594054,Angola,NMM,PM2.5
0077,1.0624421623878202,ANGOLA_HUAMBO_UCUMA,15.15058241504692,-12.745033355569538,Angola,NMM,PM2.5
0078,5.543038142431507,ANGOLA_HUÍLA_CACONDA,15.158416365277283,-13.778376463063532,Angola,NMM,PM2.5
0079,4.443374247721587,ANGOLA_HUÍLA_CACULA,14.291948368736596,-14.437668897988177,Angola,NMM,PM2.5
0080,5.390434087033353,ANGOLA_HUÍLA_CALUQUEMBE,14.553605248971426,-13.943434135545042,Angola,NMM,PM2.5
0081,5.762630001137862,ANGOLA_HUÍLA_CHIBIA,13.860963321337298,-15.220319449437994,Angola,NMM,PM2.5
0082,4.636809356675888,ANGOLA_HUÍLA_CHICOMBA,15.019421703365952,-14.30430435864405,Angola,NMM,PM2.5
0083,1.9431760881439821,ANGOLA_HUÍLA_CHIPINDO,15.73591828652565,-13.88531948048917,Angola,NMM,PM2.5
0084,4.129994813450233,ANGOLA_HUÍLA_CUVANGO,16.318716983084595,-14.2140670585581,Angola,NMM,PM2.5
0085,62.08919128443091,ANGOLA_HUÍLA_GAMBOS,14.0555441801658,-15.836380299367216,Angola,NMM,PM2.5
0086,9.946653558026588,ANGOLA_HUÍLA_HUMPATA,13.37340825793292,-15.07711619840059,Angola,NMM,PM2.5
0087,120.59967550903357,ANGOLA_HUÍLA_JAMBA,15.84246469273556,-14.813136321719922,Angola,NMM,PM2.5
0088,20.699264897739003,ANGOLA_HUÍLA_LUBANGO,13.74650625251509,-14.782265363665282,Angola,NMM,PM2.5
0089,9.14436594672853,ANGOLA_HUÍLA_MATALA,15.162569522619448,-15.264035381319765,Angola,NMM,PM2.5
0090,2.870667586145832,ANGOLA_HUÍLA_QUILENGUES,13.926712495367244,-14.10284606537322,Angola,NMM,PM2.5
0091,5.137255508284556,ANGOLA_HUÍLA_QUIPUNGO,14.584346812183863,-15.11197852346331,Angola,NMM,PM2.5
0092,45.71192715227649,ANGOLA_LUANDA_BELAS,13.174021473379,-9.08837444152561,Angola,NMM,PM2.5
0093,32.600804559004814,ANGOLA_LUANDA_CACUACO,13.451339905381309,-8.81991357363531,Angola,NMM,PM2.5
0094,16.82351486507144,ANGOLA_LUANDA_CAZENGA,13.300213504677842,-8.82313810517484,Angola,NMM,PM2.5
0095,215.4773986518324,ANGOLA_LUANDA_ICOLO E BENGO,13.862681054977354,-9.152861347234415,Angola,NMM,PM2.5
0096,62.270125823460035,ANGOLA_LUANDA_LUANDA,13.252264930379923,-8.85095461326464,Angola,NMM,PM2.5
0097,0.9305276173758187,ANGOLA_LUANDA_QUISSAMA,13.850629524262196,-9.831116523016574,Angola,NMM,PM2.5
0098,65.06189170721929,ANGOLA_LUANDA_VIANA,13.400581493461187,-9.003465052028048,Angola,NMM,PM2.5
0099,2.648110546909907,ANGOLA_LUNDA NORTE_CAMBULO,21.496387269915466,-7.900107950052335,Angola,NMM,PM2.5
0100,1.855699459594793,ANGOLA_LUNDA NORTE_CAPENDA CAMULEMBA,18.86907773627034,-9.675389036317052,Angola,NMM,PM2.5
0101,0.6739140567809755,ANGOLA_LUNDA NORTE_CAUNGULA,18.82247560938972,-8.340339422591542,Angola,NMM,PM2.5
0102,6.471154994945082,ANGOLA_LUNDA NORTE_CHITATO,20.86681232898085,-7.553523750605493,Angola,NMM,PM2.5
0103,4.461890898351998,ANGOLA_LUNDA NORTE_CUANGO,18.060888555716936,-8.601096909504287,Angola,NMM,PM2.5
0104,0.5127433201362795,ANGOLA_LUNDA NORTE_CUILO,19.68851489115215,-8.128052490802382,Angola,NMM,PM2.5
0105,0.056750540219509725,ANGOLA_LUNDA NORTE_LÓVUA,20.13536631533787,-7.292391189166928,Angola,NMM,PM2.5
0106,0.45127177489605497,ANGOLA_LUNDA NORTE_LUBALO,19.297321892350976,-9.188561260843436,Angola,NMM,PM2.5
0107,4.252101197119017,ANGOLA_LUNDA NORTE_LUCAPA,20.47673092828323,-8.42331409755646,Angola,NMM,PM2.5
0108,2.5065547263007066,ANGOLA_LUNDA NORTE_XÁ-MUTEBA,17.85122654394,-9.277995251698849,Angola,NMM,PM2.5
0109,0.9168682116707357,ANGOLA_LUNDA SUL_CACOLO,19.178913301145815,-10.547328172202947,Angola,NMM,PM2.5
0110,0.650788881661037,ANGOLA_LUNDA SUL_DALA,20.352238837105524,-10.92405164265005,Angola,NMM,PM2.5
0111,1.1686731665538745,ANGOLA_LUNDA SUL_MUCONDA,21.424847286291374,-10.154651759138405,Angola,NMM,PM2.5
0112,14.508265508987735,ANGOLA_LUNDA SUL_SAURIMO,20.688380679682755,-9.477233643283244,Angola,NMM,PM2.5
0113,2.105155637865245,ANGOLA_MALANJE_CACUSO,15.62849098111707,-9.490292469411429,Angola,NMM,PM2.5
0114,0.39024553941276957,ANGOLA_MALANJE_CAHOMBO,16.66605389643875,-8.647102372057851,Angola,NMM,PM2.5
0115,2.0518978156706336,ANGOLA_MALANJE_CALANDULA,16.005245178381916,-8.695990183498342,Angola,NMM,PM2.5
0116,1.119961209629146,ANGOLA_MALANJE_CAMBUNDI-CATEMBO,17.84709415122643,-10.125145503710968,Angola,NMM,PM2.5
0117,1.3538722794830063,ANGOLA_MALANJE_CANGANDALA,16.683252748189343,-9.952367021939013,Angola,NMM,PM2.5
0118,0.22681753432055185,ANGOLA_MALANJE_CUNDA-DIA-BAZE,17.352728983670623,-8.66125398022735,Angola,NMM,PM2.5
0119,0.14263254709367887,ANGOLA_MALANJE_KIWABA NZOJI,16.45736622164412,-9.037971690115318,Angola,NMM,PM2.5
0120,1.5062903004907955,ANGOLA_MALANJE_LUQUEMBO,17.384986684590697,-10.792874181396483,Angola,NMM,PM2.5
0121,16.970609049884295,ANGOLA_MALANJE_MALANJE,16.35498305019854,-9.482474776585153,Angola,NMM,PM2.5
0122,0.6801760508431278,ANGOLA_MALANJE_MARIMBA,17.11151213033175,-8.168436018156713,Angola,NMM,PM2.5
0123,0.5081486873252647,ANGOLA_MALANJE_MASSANGO,16.599614024908476,-7.763456075510212,Angola,NMM,PM2.5
0124,0.7242113185805578,ANGOLA_MALANJE_MUCARI,16.919365558811112,-9.481804740501817,Angola,NMM,PM2.5
0125,0.36588552657978163,ANGOLA_MALANJE_QUELA,17.28820754724371,-9.318539247011007,Angola,NMM,PM2.5
0126,0.607532199802634,ANGOLA_MALANJE_QUIRIMA,18.2681837365498,-11.068909718662896,Angola,NMM,PM2.5
0127,3.532371177791847,ANGOLA_MOXICO_ALTO ZAMBEZE,22.90799374709926,-12.209683357686718,Angola,NMM,PM2.5
0128,2.472930757374261,ANGOLA_MOXICO_BUNDAS,21.31907325919521,-14.210473217747047,Angola,NMM,PM2.5
0129,1.122629235453989,ANGOLA_MOXICO_CAMANONGUE,20.234534061632754,-11.408959591622152,Angola,NMM,PM2.5
0130,0.6597703808733602,ANGOLA_MOXICO_CAMEIA,21.26339460023485,-11.838370789228382,Angola,NMM,PM2.5
0131,1.2421714908722932,ANGOLA_MOXICO_LÉUA,20.575562544579704,-11.74380358626066,Angola,NMM,PM2.5
0132,0.4940320090850283,ANGOLA_MOXICO_LUACANO,22.046284955949286,-11.669871723573195,Angola,NMM,PM2.5
0133,2.6326581517603715,ANGOLA_MOXICO_LUAU,21.997475474347006,-10.901812727972676,Angola,NMM,PM2.5
0134,0.5169935460466428,ANGOLA_MOXICO_LUCHAZES,19.530239402686032,-13.751962349149917,Angola,NMM,PM2.5
0135,13.168113350919311,ANGOLA_MOXICO_LUENA,19.776770525882704,-12.327720581169427,Angola,NMM,PM2.5
0136,1.2549576132063505,ANGOLA_NAMIBE_BIBALA,13.139576640553054,-14.685793467915335,Angola,NMM,PM2.5
0137,1.5107277742609695,ANGOLA_NAMIBE_CAMUCUIO,13.0324059676621,-14.003701587165244,Angola,NMM,PM2.5
0138,8.418126783847274,ANGOLA_NAMIBE_NAMIBE,12.457905307074512,-14.720315334187738,Angola,NMM,PM2.5
0139,1.2913259518787736,ANGOLA_NAMIBE_TÔMBWA,12.359284305310362,-16.564898961646183,Angola,NMM,PM2.5
0140,0.9631320763834371,ANGOLA_NAMIBE_VIREI,12.94168325673447,-15.813548331274848,Angola,NMM,PM2.5
0141,0.6246775980726794,ANGOLA_UÍGE_AMBUILA,14.468179065511844,-7.587449047134571,Angola,NMM,PM2.5
0142,0.8376689217330533,ANGOLA_UÍGE_BEMBE,14.277664721920273,-7.052417289665407,Angola,NMM,PM2.5
0143,1.116290961285572,ANGOLA_UÍGE_BUENGAS,15.825059286515511,-6.668373974646913,Angola,NMM,PM2.5
0144,0.987623285872463,ANGOLA_UÍGE_BUNGO,15.447113463583449,-7.392017748161813,Angola,NMM,PM2.5
0145,1.1713520420488177,ANGOLA_UÍGE_CANGOLA,15.953541847191238,-7.839972087285049,Angola,NMM,PM2.5
0146,121.96188066497952,ANGOLA_UÍGE_DAMBA,15.216117046210005,-6.730711730495686,Angola,NMM,PM2.5
0147,2.719184449837996,ANGOLA_UÍGE_MAQUELA DO ZOMBO,15.504832114047753,-6.115762646049738,Angola,NMM,PM2.5
0148,0.9064269126729296,ANGOLA_UÍGE_SANTA CRUZ,16.58039852859364,-7.043057290518152,Angola,NMM,PM2.5
0149,0.8464604417974168,ANGOLA_UÍGE_MUCABA,15.044844983137867,-7.104479137048426,Angola,NMM,PM2.5
0150,3.8165931665064328,ANGOLA_UÍGE_NEGAGE,15.387803110685544,-7.82670187011252,Angola,NMM,PM2.5
0151,0.8223970012706872,ANGOLA_UÍGE_PURI,15.677588319493356,-7.6520448609471,Angola,NMM,PM2.5
0152,2.9962794411852816,ANGOLA_UÍGE_QUIMBELE,16.358827373391733,-6.339946266586419,Angola,NMM,PM2.5
0153,0.7698428609708613,ANGOLA_UÍGE_QUITEXE,14.916309357718397,-8.05805649608166,Angola,NMM,PM2.5
0154,1.5919370536412105,ANGOLA_UÍGE_SANZA POMBO,16.05132046706061,-7.225080931426597,Angola,NMM,PM2.5
0155,1.4761625048375264,ANGOLA_UÍGE_SONGO,14.789371774574954,-7.15444085578491,Angola,NMM,PM2.5
0156,15.820302637597278,ANGOLA_UÍGE_UÍGE,15.086269927234868,-7.569389383460002,Angola,NMM,PM2.5
0157,58.433729315209135,ANGOLA_ZAIRE_CUIMBA,14.656648047034412,-6.211094387740501,Angola,NMM,PM2.5
0158,6.040121723874485,ANGOLA_ZAIRE_MBANZA CONGO,14.17814621079705,-6.310144184559853,Angola,NMM,PM2.5
0159,0.8265781081247016,ANGOLA_ZAIRE_NZETO,13.396012085498478,-7.329332397443156,Angola,NMM,PM2.5
0160,0.8651591020712521,ANGOLA_ZAIRE_NÓQUI,13.505068524452918,-6.150797500748508,Angola,NMM,PM2.5
0161,6.674650199608425,ANGOLA_ZAIRE_SOYO,12.72456320103429,-6.276748486180679,Angola,NMM,PM2.5
0162,119.35305395350606,ANGOLA_ZAIRE_TOMBOCO,13.360813071321832,-6.70704141475642,Angola,NMM,PM2.5
0163,0.2555330836233278,BOTSWANA_CENTRAL_BOBONONG_BOBONONG,28.439270006020617,-21.904588768680572,Botswana,NMM,PM2.5
0164,0,BOTSWANA_CENTRAL_BOBONONG_DAMOCHOJENA,27.46425717187249,-21.89586472598768,Botswana,NMM,PM2.5
0165,0.05873250653420889,BOTSWANA_CENTRAL_BOBONONG_KOBOJANGO,28.763918196572497,-21.785636334108606,Botswana,NMM,PM2.5
0166,1.395831570802537,BOTSWANA_CENTRAL_BOBONONG_LENTSWELEMORITI,29.09263730127421,-22.126071452194022,Botswana,NMM,PM2.5
0167,0,BOTSWANA_CENTRAL_BOBONONG_LEPOKOLE,28.342120180879903,-21.78828871071267,Botswana,NMM,PM2.5
0168,0,BOTSWANA_CENTRAL_BOBONONG_MABOLWE,28.93856360422732,-21.822911107503458,Botswana,NMM,PM2.5
0169,0.0791527696166302,BOTSWANA_CENTRAL_BOBONONG_MATHATHANE,28.765707084954567,-22.164921148469332,Botswana,NMM,PM2.5
0170,0.43309808364271457,BOTSWANA_CENTRAL_BOBONONG_MMADINARE,27.61927099292336,-21.939530032971234,Botswana,NMM,PM2.5
0171,0.042733999406621606,BOTSWANA_CENTRAL_BOBONONG_MOLALATAU,28.546028057555482,-22.244047061148887,Botswana,NMM,PM2.5
0172,0,BOTSWANA_CENTRAL_BOBONONG_MOLETEMANE,28.24551458680093,-22.49838952314233,Botswana,NMM,PM2.5
0173,0.020748842764514584,BOTSWANA_CENTRAL_BOBONONG_MOTLHABANENG,28.847671161031595,-22.0878861675696,Botswana,NMM,PM2.5
0174,0,BOTSWANA_CENTRAL_BOBONONG_ROBELELA,28.01614217627893,-21.606755627584164,Botswana,NMM,PM2.5
0175,0.004140643644821107,BOTSWANA_CENTRAL_BOBONONG_SEFOPHE,28.010768080362112,-22.202415922887717,Botswana,NMM,PM2.5
0176,0,BOTSWANA_CENTRAL_BOBONONG_SEMOLALE,28.901373465716713,-21.94234612580183,Botswana,NMM,PM2.5
0177,0.09870265917057233,BOTSWANA_CENTRAL_BOBONONG_TOBANE,28.034740456942973,-21.715331266156507,Botswana,NMM,PM2.5
0178,0,BOTSWANA_CENTRAL_BOBONONG_TSETSEBJWE,28.261512057832615,-22.323234206617617,Botswana,NMM,PM2.5
0179,0,BOTSWANA_CENTRAL_BOBONONG_TSHOKWE,28.12020929554016,-21.7461736340543,Botswana,NMM,PM2.5
0180,0.06404642398358446,BOTSWANA_CENTRAL_BOBONONG_TULI,28.659593038222404,-22.426510831132365,Botswana,NMM,PM2.5
0181,0,BOTSWANA_CENTRAL_BOTETI_KEDIA,24.838048952453185,-21.403241698591675,Botswana,NMM,PM2.5
0182,0,BOTSWANA_CENTRAL_BOTETI_KHWEE,25.42160849963441,-21.949084316434682,Botswana,NMM,PM2.5
0183,0,BOTSWANA_CENTRAL_BOTETI_KUMAGA,24.694403521304178,-20.43709104783157,Botswana,NMM,PM2.5
0184,0.7700845873328883,BOTSWANA_CENTRAL_BOTETI_LETLHAKANE,25.324076768019342,-21.74281229869488,Botswana,NMM,PM2.5
0185,0,BOTSWANA_CENTRAL_BOTETI_MAKALAMABEDI,24.027537186531372,-20.329731365780997,Botswana,NMM,PM2.5
0186,0,BOTSWANA_CENTRAL_BOTETI_MMADIKOLA,24.505648562137157,-21.04540148259183,Botswana,NMM,PM2.5
0187,0.028137030531922517,BOTSWANA_CENTRAL_BOTETI_MMATSHUMO,25.608635534616877,-21.055357574481494,Botswana,NMM,PM2.5
0188,0,BOTSWANA_CENTRAL_BOTETI_MOKOBOXANE,25.01278736428241,-21.374661912697718,Botswana,NMM,PM2.5
0189,0.05216501941850647,BOTSWANA_CENTRAL_BOTETI_MOPIPI,25.06130611972133,-20.957019464880865,Botswana,NMM,PM2.5
0190,0,BOTSWANA_CENTRAL_BOTETI_MOREOMAOTO,24.225653269651804,-20.326805973885744,Botswana,NMM,PM2.5
0191,0.029012056217158747,BOTSWANA_CENTRAL_BOTETI_MOSU,26.096038009772478,-21.108931183794436,Botswana,NMM,PM2.5
0192,0,BOTSWANA_CENTRAL_BOTETI_MOTOPI,24.143658950831586,-20.239487705166916,Botswana,NMM,PM2.5
0193,0,BOTSWANA_CENTRAL_BOTETI_TOROMOJA,24.68875163244386,-21.028858930681245,Botswana,NMM,PM2.5
0194,0,BOTSWANA_CENTRAL_BOTETI_TSIENYANE/RAKOPS,24.297459830504376,-20.770824097320627,Botswana,NMM,PM2.5
0195,0,BOTSWANA_CENTRAL_BOTETI_XERE,23.995091776720663,-21.05103701376487,Botswana,NMM,PM2.5
0196,0,BOTSWANA_CENTRAL_BOTETI_XHUMO,24.543580068860226,-21.43138653458584,Botswana,NMM,PM2.5
0197,0,BOTSWANA_CENTRAL_MAHALAPYE_BONWAPITSE,26.696499319837177,-23.016977775399745,Botswana,NMM,PM2.5
0198,0.010627878444941605,BOTSWANA_CENTRAL_MAHALAPYE_BOROTSI,27.574845464339035,-23.03787815480758,Botswana,NMM,PM2.5
0199,0.0015981264009396138,BOTSWANA_CENTRAL_MAHALAPYE_CHADIBE,27.653472614061975,-23.04213517690895,Botswana,NMM,PM2.5
0200,0.03518362611416564,BOTSWANA_CENTRAL_MAHALAPYE_DIBETE STATION,26.60466673565762,-23.712578892238895,Botswana,NMM,PM2.5
0201,0,BOTSWANA_CENTRAL_MAHALAPYE_DOVEDALE,27.0584095397386,-23.43747251689984,Botswana,NMM,PM2.5
0202,0,BOTSWANA_CENTRAL_MAHALAPYE_IKONGWE,26.42368516567563,-23.133332920110572,Botswana,NMM,PM2.5
0203,0,BOTSWANA_CENTRAL_MAHALAPYE_KALAMARE,26.676800027450167,-22.85145869530537,Botswana,NMM,PM2.5
0204,0,BOTSWANA_CENTRAL_MAHALAPYE_KODIBELENG,25.8565320473089,-23.06990009465882,Botswana,NMM,PM2.5
0205,0.011069195012705297,BOTSWANA_CENTRAL_MAHALAPYE_KUDUMATSE,27.163558620828415,-23.343825570073967,Botswana,NMM,PM2.5
0206,0.0015566147993896983,BOTSWANA_CENTRAL_MAHALAPYE_MAAPE,27.298633726872115,-22.801071310840364,Botswana,NMM,PM2.5
0207,0.003115992016412904,BOTSWANA_CENTRAL_MAHALAPYE_MACHANENG,27.430989788355014,-23.17527950233516,Botswana,NMM,PM2.5
0208,1.2394105514990752,BOTSWANA_CENTRAL_MAHALAPYE_MAHALAPYE,26.92364672437042,-23.059367128880574,Botswana,NMM,PM2.5
0209,0,BOTSWANA_CENTRAL_MAHALAPYE_MAKWATE,27.289572829578482,-23.25066866242674,Botswana,NMM,PM2.5
0210,0.01103069867182199,BOTSWANA_CENTRAL_MAHALAPYE_MATLHAKO,27.57730747946278,-23.092868816729595,Botswana,NMM,PM2.5
0211,0.05234198595760519,BOTSWANA_CENTRAL_MAHALAPYE_MHALAPITSA,27.241670153565362,-22.750141129591885,Botswana,NMM,PM2.5
0212,0.0028343024554291236,BOTSWANA_CENTRAL_MAHALAPYE_MMAPHASHALALA,26.85959307803958,-23.525191663403213,Botswana,NMM,PM2.5
0213,0.001409267857665896,BOTSWANA_CENTRAL_MAHALAPYE_MMUTLANA,26.603632318980285,-22.97161859276938,Botswana,NMM,PM2.5
0214,0,BOTSWANA_CENTRAL_MAHALAPYE_MOKGENENE,26.039953432163163,-23.53987260084274,Botswana,NMM,PM2.5
0215,0,BOTSWANA_CENTRAL_MAHALAPYE_MOKOBENG,27.693890294840614,-22.97362584906358,Botswana,NMM,PM2.5
0216,0,BOTSWANA_CENTRAL_MAHALAPYE_MOKOSWANE,26.94190877928232,-23.316220505173856,Botswana,NMM,PM2.5
0217,0.009741041432967137,BOTSWANA_CENTRAL_MAHALAPYE_MOOKANE,26.698166386924417,-23.694975957356803,Botswana,NMM,PM2.5
0218,0,BOTSWANA_CENTRAL_MAHALAPYE_MORALANE,26.215414450162044,-22.936420739953075,Botswana,NMM,PM2.5
0219,0,BOTSWANA_CENTRAL_MAHALAPYE_MOSHOPHA,27.314662802995976,-22.947407012331485,Botswana,NMM,PM2.5
0220,0.013483029675616817,BOTSWANA_CENTRAL_MAHALAPYE_MOSOLOTSHANE,26.428423160167153,-22.91931594278049,Botswana,NMM,PM2.5
0221,0,BOTSWANA_CENTRAL_MAHALAPYE_NGWAPA,27.77944253096159,-22.919703336193177,Botswana,NMM,PM2.5
0222,0.011484930501479683,BOTSWANA_CENTRAL_MAHALAPYE_OTSE,25.946626364668234,-23.32358945282839,Botswana,NMM,PM2.5
0223,0.02778819662214614,BOTSWANA_CENTRAL_MAHALAPYE_PALLA ROAD/DINOKWE,26.77659555732254,-23.360515846147123,Botswana,NMM,PM2.5
0224,0.8434559761399821,BOTSWANA_CENTRAL_MAHALAPYE_PILIKWE,27.12830992169561,-22.797803953113785,Botswana,NMM,PM2.5
0225,0,BOTSWANA_CENTRAL_MAHALAPYE_POLOKA,26.288048197015442,-23.601986580637178,Botswana,NMM,PM2.5
0226,0,BOTSWANA_CENTRAL_MAHALAPYE_RAMOKGONAMI,27.427775976491716,-22.856906588140728,Botswana,NMM,PM2.5
0227,0.03711246795982557,BOTSWANA_CENTRAL_MAHALAPYE_SEFHARE,27.497480197007754,-23.01846757513452,Botswana,NMM,PM2.5
0228,0,BOTSWANA_CENTRAL_MAHALAPYE_SELEKA,27.541179586978274,-22.862211127370156,Botswana,NMM,PM2.5
0229,0,BOTSWANA_CENTRAL_MAHALAPYE_SHAKWE,27.285868545141952,-23.098563338666022,Botswana,NMM,PM2.5
0230,0.13149352488410457,BOTSWANA_CENTRAL_MAHALAPYE_SHOSHONG,26.387666419486898,-23.28181618855284,Botswana,NMM,PM2.5
0231,0,BOTSWANA_CENTRAL_MAHALAPYE_TAUPYE,27.086389543341017,-23.181122303718336,Botswana,NMM,PM2.5
0232,0.0012624772781515271,BOTSWANA_CENTRAL_MAHALAPYE_TEWANE,26.8808106284804,-22.855065985054686,Botswana,NMM,PM2.5
0233,0.8805417180509242,BOTSWANA_CENTRAL_MAHALAPYE_TULI,27.376483753636418,-23.358300442845334,Botswana,NMM,PM2.5
0234,0,BOTSWANA_CENTRAL_MAHALAPYE_TUMASERA,27.625135322324592,-22.873322197159712,Botswana,NMM,PM2.5
0235,0,BOTSWANA_CENTRAL_SEROWE PALAPYE_DILORO,27.615763781482226,-22.42069872982587,Botswana,NMM,PM2.5
0236,0,BOTSWANA_CENTRAL_SEROWE PALAPYE_DIMAJWE,26.75499325012916,-21.701835892951095,Botswana,NMM,PM2.5
0237,0,BOTSWANA_CENTRAL_SEROWE PALAPYE_GAMABUO,26.34887363421504,-22.621942368691556,Botswana,NMM,PM2.5
0238,0,BOTSWANA_CENTRAL_SEROWE PALAPYE_GOJWANE,27.274583799149916,-21.783314177365938,Botswana,NMM,PM2.5
0239,0,BOTSWANA_CENTRAL_SEROWE PALAPYE_GOO-SEKGWENG,27.378852556607093,-22.684458968010347,Botswana,NMM,PM2.5
0240,0,BOTSWANA_CENTRAL_SEROWE PALAPYE_GOOTAU,27.424470969841263,-22.695172167140004,Botswana,NMM,PM2.5
0241,0,BOTSWANA_CENTRAL_SEROWE PALAPYE_KGAGODI,27.50339317555218,-22.29477672423486,Botswana,NMM,PM2.5
0242,0.14438069590878688,BOTSWANA_CENTRAL_SEROWE PALAPYE_LECHENG,27.185275817151037,-22.673190570584637,Botswana,NMM,PM2.5
0243,0,BOTSWANA_CENTRAL_SEROWE PALAPYE_LERALA,27.844813325817267,-22.74868745754991,Botswana,NMM,PM2.5
0244,0,BOTSWANA_CENTRAL_SEROWE PALAPYE_LESENEPOLE/MATOLWANE,27.57647005773152,-22.540521067100062,Botswana,NMM,PM2.5
0245,0,BOTSWANA_CENTRAL_SEROWE PALAPYE_MABELEAPUDI,26.825166966464483,-22.128040644255414,Botswana,NMM,PM2.5
0246,0,BOTSWANA_CENTRAL_SEROWE PALAPYE_MAJWANAADIPITSE,27.005264767504467,-21.94020945810498,Botswana,NMM,PM2.5
0247,0,BOTSWANA_CENTRAL_SEROWE PALAPYE_MAJWANENG,27.649493814512812,-22.75586221108769,Botswana,NMM,PM2.5
0248,0,BOTSWANA_CENTRAL_SEROWE PALAPYE_MALAKA,27.34590226161426,-22.592437093749382,Botswana,NMM,PM2.5
0249,0,BOTSWANA_CENTRAL_SEROWE PALAPYE_MALATSWAI,26.22277867959262,-21.857375536824936,Botswana,NMM,PM2.5
0250,0,BOTSWANA_CENTRAL_SEROWE PALAPYE_MANALEDI,27.5051048457668,-22.739538071182494,Botswana,NMM,PM2.5
0251,0,BOTSWANA_CENTRAL_SEROWE PALAPYE_MATLHAKOLA,27.317001132592853,-22.71429972506726,Botswana,NMM,PM2.5
0252,0,BOTSWANA_CENTRAL_SEROWE PALAPYE_MAUNATLALA,27.815623496542926,-22.549960915979852,Botswana,NMM,PM2.5
0253,0,BOTSWANA_CENTRAL_SEROWE PALAPYE_MMASHORO,26.545528327992464,-21.913528088466634,Botswana,NMM,PM2.5
0254,0,BOTSWANA_CENTRAL_SEROWE PALAPYE_MOENG,27.61182691600207,-22.684247954870994,Botswana,NMM,PM2.5
0255,0,BOTSWANA_CENTRAL_SEROWE PALAPYE_MOGAPI,27.90355332352727,-22.400536057043198,Botswana,NMM,PM2.5
0256,0,BOTSWANA_CENTRAL_SEROWE PALAPYE_MOGAPINYANA,27.656777003289175,-22.30921854076872,Botswana,NMM,PM2.5
0257,0,BOTSWANA_CENTRAL_SEROWE PALAPYE_MOGOME,26.8788884869847,-22.780246290758782,Botswana,NMM,PM2.5
0258,0.01968078248899747,BOTSWANA_CENTRAL_SEROWE PALAPYE_MOGOROSI,26.50681705808967,-22.435754433322103,Botswana,NMM,PM2.5
0259,0,BOTSWANA_CENTRAL_SEROWE PALAPYE_MOIYABANA,25.735420719204132,-22.568416950895624,Botswana,NMM,PM2.5
0260,0,BOTSWANA_CENTRAL_SEROWE PALAPYE_MOKGWARE,26.78655204288414,-22.77384105120242,Botswana,NMM,PM2.5
0261,0.0020108468852349246,BOTSWANA_CENTRAL_SEROWE PALAPYE_MOKHUNGWANA,27.306318999794403,-22.66250272126858,Botswana,NMM,PM2.5
0262,0,BOTSWANA_CENTRAL_SEROWE PALAPYE_MOKOKWANA,27.68970066181251,-22.615814171525756,Botswana,NMM,PM2.5
0263,0,BOTSWANA_CENTRAL_SEROWE PALAPYE_MOREMI,27.48231653767836,-22.53631545317506,Botswana,NMM,PM2.5
0264,0,BOTSWANA_CENTRAL_SEROWE PALAPYE_MOREOMABELE,27.19509262463396,-21.997866632985815,Botswana,NMM,PM2.5
0265,0,BOTSWANA_CENTRAL_SEROWE PALAPYE_MOSWEU,27.643842814290796,-22.648861924159835,Botswana,NMM,PM2.5
0266,0,BOTSWANA_CENTRAL_SEROWE PALAPYE_MOTSHEGALETAU,26.39728909838941,-22.561009612981003,Botswana,NMM,PM2.5
0267,0,BOTSWANA_CENTRAL_SEROWE PALAPYE_PAJE,26.816328935481604,-22.26070768401234,Botswana,NMM,PM2.5
0268,1.4753066363071696,BOTSWANA_CENTRAL_SEROWE PALAPYE_PALAPYE,27.16786344665423,-22.55497413257865,Botswana,NMM,PM2.5
0269,0,BOTSWANA_CENTRAL_SEROWE PALAPYE_RADISELE,26.988408471288807,-22.81090444695215,Botswana,NMM,PM2.5
0270,0,BOTSWANA_CENTRAL_SEROWE PALAPYE_RATHOLO,27.53938699821314,-22.68681419937455,Botswana,NMM,PM2.5
0271,0,BOTSWANA_CENTRAL_SEROWE PALAPYE_SEHUNOU,26.385003835935297,-22.59514869100243,Botswana,NMM,PM2.5
0272,0,BOTSWANA_CENTRAL_SEROWE PALAPYE_SEOLWANE,27.762620325390287,-22.666448768729584,Botswana,NMM,PM2.5
0273,1.086986237139462,BOTSWANA_CENTRAL_SEROWE PALAPYE_SEROWE,26.50285991859318,-21.991307902066985,Botswana,NMM,PM2.5
0274,0.0041946242191476775,BOTSWANA_CENTRAL_SEROWE PALAPYE_SERULE,27.237798390462725,-21.890009585678992,Botswana,NMM,PM2.5
0275,0,BOTSWANA_CENTRAL_SEROWE PALAPYE_TAMASANE,27.396841887713986,-22.3814578521284,Botswana,NMM,PM2.5
0276,0,BOTSWANA_CENTRAL_SEROWE PALAPYE_THABALA,26.421061666211095,-22.511119340536165,Botswana,NMM,PM2.5
0277,0,BOTSWANA_CENTRAL_SEROWE PALAPYE_TOPISI,27.22337506343467,-22.227424247307294,Botswana,NMM,PM2.5
0278,0,BOTSWANA_CENTRAL_SEROWE PALAPYE_TSHIMOYAPULA,27.019142014452218,-22.119432295799754,Botswana,NMM,PM2.5
0279,0,BOTSWANA_CENTRAL_SEROWE PALAPYE_TULI,28.061256491221307,-22.727203098241798,Botswana,NMM,PM2.5
0280,0.020778524122596884,BOTSWANA_CENTRAL_TUTUME_BOROLONG,27.32637665560921,-21.091395459266185,Botswana,NMM,PM2.5
0281,0.010053433728091204,BOTSWANA_CENTRAL_TUTUME_BOROTSI,27.251654267811457,-21.026993493948527,Botswana,NMM,PM2.5
0282,0.0301255661599881,BOTSWANA_CENTRAL_TUTUME_CHADIBE,27.342256409557447,-21.066229746391034,Botswana,NMM,PM2.5
0283,1.3725672175777558e-4,BOTSWANA_CENTRAL_TUTUME_CHANGATE,27.246529169011538,-20.323681695475976,Botswana,NMM,PM2.5
0284,0.006863880785730975,BOTSWANA_CENTRAL_TUTUME_DAGWI,27.24543111493109,-20.205531255072483,Botswana,NMM,PM2.5
0285,0.22623684193259194,BOTSWANA_CENTRAL_TUTUME_DUKWI,26.284620970093016,-20.67546283807841,Botswana,NMM,PM2.5
0286,0,BOTSWANA_CENTRAL_TUTUME_GOSHWE,27.21557874997618,-20.535609785786193,Botswana,NMM,PM2.5
0287,0.2835379217969274,BOTSWANA_CENTRAL_TUTUME_GWETA,25.591976234675478,-19.905319536886395,Botswana,NMM,PM2.5
0288,0,BOTSWANA_CENTRAL_TUTUME_JAMATAKA,27.15547496011975,-21.068951470145485,Botswana,NMM,PM2.5
0289,0,BOTSWANA_CENTRAL_TUTUME_KUTAMOGREE,26.880512190693914,-20.75110495387822,Botswana,NMM,PM2.5
0290,0,BOTSWANA_CENTRAL_TUTUME_LEPASHE,26.66685337113433,-20.812417757916798,Botswana,NMM,PM2.5
0291,0,BOTSWANA_CENTRAL_TUTUME_MABESEKWA,26.832739428334428,-21.176734877732674,Botswana,NMM,PM2.5
0292,1.6155513883370567e-4,BOTSWANA_CENTRAL_TUTUME_MAFONGO/HOBONA,27.235943246400137,-20.94573521021701,Botswana,NMM,PM2.5
0293,0.02195368759808036,BOTSWANA_CENTRAL_TUTUME_MAITENGWE,27.011808968202775,-20.116667928999114,Botswana,NMM,PM2.5
0294,0,BOTSWANA_CENTRAL_TUTUME_MAKOBO,27.107677079222814,-21.02576555193948,Botswana,NMM,PM2.5
0295,0.014408115193102814,BOTSWANA_CENTRAL_TUTUME_MAKUTA,26.936411463806042,-20.611020613663403,Botswana,NMM,PM2.5
0296,0.005375144733912034,BOTSWANA_CENTRAL_TUTUME_MANDUNYANE,27.164838306199922,-21.29997484522961,Botswana,NMM,PM2.5
0297,0.020019551321702998,BOTSWANA_CENTRAL_TUTUME_MAPOSA,26.227831043889193,-20.105672557073913,Botswana,NMM,PM2.5
0298,0,BOTSWANA_CENTRAL_TUTUME_MARAPONG,27.060904032209528,-20.875646900092942,Botswana,NMM,PM2.5
0299,9.103156980264378e-4,BOTSWANA_CENTRAL_TUTUME_MAROBELA,27.22684904528886,-20.86226718353111,Botswana,NMM,PM2.5
0300,0.059769366681943034,BOTSWANA_CENTRAL_TUTUME_MATHANGWANE,27.301597561179328,-20.96526881266621,Botswana,NMM,PM2.5
0301,0.028132470828286533,BOTSWANA_CENTRAL_TUTUME_MATOBO,27.07410815569497,-20.55396589314004,Botswana,NMM,PM2.5
0302,0,BOTSWANA_CENTRAL_TUTUME_MATSITAMA,26.795600326944548,-20.91574597947195,Botswana,NMM,PM2.5
0303,0,BOTSWANA_CENTRAL_TUTUME_MMANXOTAE,26.39231628230285,-20.11189737769122,Botswana,NMM,PM2.5
0304,0.0037267774923629674,BOTSWANA_CENTRAL_TUTUME_MMEYA,26.45632418802842,-20.83403038639063,Botswana,NMM,PM2.5
0305,0,BOTSWANA_CENTRAL_TUTUME_MOKUBILO,26.522301620359478,-21.211068795354347,Botswana,NMM,PM2.5
0306,0.025918086306972413,BOTSWANA_CENTRAL_TUTUME_MOSETSE,26.717225408615494,-20.61414488681695,Botswana,NMM,PM2.5
0307,0.6796466831103556,BOTSWANA_CENTRAL_TUTUME_NATA,26.421106250465357,-20.364015464327988,Botswana,NMM,PM2.5
0308,0.0033606005706105667,BOTSWANA_CENTRAL_TUTUME_NATALE,27.13819661363051,-21.12190933916731,Botswana,NMM,PM2.5
0309,0,BOTSWANA_CENTRAL_TUTUME_NKANGE,27.150899768186317,-20.292280125711056,Botswana,NMM,PM2.5
0310,7.422316417169079e-5,BOTSWANA_CENTRAL_TUTUME_NSHAKASHOKWE,27.19448164625436,-20.800715019251136,Botswana,NMM,PM2.5
0311,0.001607074019119303,BOTSWANA_CENTRAL_TUTUME_NSWAZWI,27.11079707796551,-20.717051379328918,Botswana,NMM,PM2.5
0312,7.710455289418504e-4,BOTSWANA_CENTRAL_TUTUME_SEBINA,27.212125328697905,-20.8229088309246,Botswana,NMM,PM2.5
0313,7.782204379702669e-4,BOTSWANA_CENTRAL_TUTUME_SEMITWE,27.057568754807466,-20.9304846145358,Botswana,NMM,PM2.5
0314,0.010871845738432823,BOTSWANA_CENTRAL_TUTUME_SENETE,27.061521930586494,-20.338940466599496,Botswana,NMM,PM2.5
0315,9.645122709113336e-5,BOTSWANA_CENTRAL_TUTUME_SEPAKO,26.42176865500974,-19.91292710159379,Botswana,NMM,PM2.5
0316,0.03570607540504877,BOTSWANA_CENTRAL_TUTUME_SHASHE-MOOKE,27.294622390104607,-21.200689259821715,Botswana,NMM,PM2.5
0317,0.017223895573510964,BOTSWANA_CENTRAL_TUTUME_SHASHE/SEMOTSWANE,27.353975033981698,-21.4004850680266,Botswana,NMM,PM2.5
0318,0,BOTSWANA_CENTRAL_TUTUME_TONOTA,27.390007578405545,-21.56581687363627,Botswana,NMM,PM2.5
0319,3.552926818854911e-4,BOTSWANA_CENTRAL_TUTUME_TSHOKATSHAA,25.411457316681155,-20.073274987651395,Botswana,NMM,PM2.5
0320,0.10990062564379707,BOTSWANA_CENTRAL_TUTUME_TUTUME,26.93343318392142,-20.358110222677443,Botswana,NMM,PM2.5
0321,0.17052965476867754,BOTSWANA_CENTRAL_TUTUME_ZOROGA,25.931132083826565,-20.225947339100205,Botswana,NMM,PM2.5
0322,0.018189050183011753,BOTSWANA_CHOBE_CHOBE_KACHIKAU,24.593403269312077,-18.19955337118612,Botswana,NMM,PM2.5
0323,0.049840872067585806,BOTSWANA_CHOBE_CHOBE_KASANE,25.053605518831368,-17.95621200218165,Botswana,NMM,PM2.5
0324,0.005454122880889637,BOTSWANA_CHOBE_CHOBE_KATABA,24.208556915615702,-18.516556039211913,Botswana,NMM,PM2.5
0325,0.01147911156783143,BOTSWANA_CHOBE_CHOBE_KAVIMBA,24.673787397731,-18.131513519062572,Botswana,NMM,PM2.5
0326,0.0366973726669852,BOTSWANA_CHOBE_CHOBE_KAZUNGULA,25.239551399880288,-17.81715309318576,Botswana,NMM,PM2.5
0327,0.0033445481700018764,BOTSWANA_CHOBE_CHOBE_LESOMA,25.22616409411994,-17.924922498851625,Botswana,NMM,PM2.5
0328,0.058197679364792046,BOTSWANA_CHOBE_CHOBE_MUCHINJE/MABELE,24.80594102179805,-18.000000788213598,Botswana,NMM,PM2.5
0329,0,BOTSWANA_CHOBE_CHOBE_NUMBER SEVEN,25.091530617419757,-18.628521496100262,Botswana,NMM,PM2.5
0330,0,BOTSWANA_CHOBE_CHOBE_PANDAMATENGA,25.62991931175742,-18.55507084642917,Botswana,NMM,PM2.5
0331,0.030481988078415446,BOTSWANA_CHOBE_CHOBE_PARAKARUNGU,24.3003425097673,-18.078920152986736,Botswana,NMM,PM2.5
0332,0.005514233467193411,BOTSWANA_CHOBE_CHOBE_SATAU,24.4229631549193,-18.021010667013208,Botswana,NMM,PM2.5
0333,1.6993844986497817,BOTSWANA_GABORONE_GABORONE_GABORONE,25.88095190745218,-24.686452843134287,Botswana,NMM,PM2.5
0334,0,BOTSWANA_GHANZI_CENTRAL KGALAGADI GAME RESERVE_CENTRAL KGALAGADI GAME RESERVE,23.84354631529824,-22.32227292696922,Botswana,NMM,PM2.5
0335,0,BOTSWANA_GHANZI_GHANZI_B. VISSER,22.55838233704724,-21.32992655115972,Botswana,NMM,PM2.5
0336,0,BOTSWANA_GHANZI_GHANZI_BERE,21.79557213181817,-22.740271290335002,Botswana,NMM,PM2.5
0337,0.05190516216740776,BOTSWANA_GHANZI_GHANZI_CHARLES HILL,20.07849051397565,-22.30448292484571,Botswana,NMM,PM2.5
0338,0,BOTSWANA_GHANZI_GHANZI_CHARLES SHELDON,22.10987199508711,-21.572165997131027,Botswana,NMM,PM2.5
0339,0,BOTSWANA_GHANZI_GHANZI_CHOBOKWANE,21.24948179474576,-22.480947513304624,Botswana,NMM,PM2.5
0340,0.008881539298993199,BOTSWANA_GHANZI_GHANZI_DECT ETIN,21.87694726048196,-21.572322965589386,Botswana,NMM,PM2.5
0341,0,BOTSWANA_GHANZI_GHANZI_DEKAR,22.065436232878568,-21.366520787607246,Botswana,NMM,PM2.5
0342,0.022694799339764368,BOTSWANA_GHANZI_GHANZI_EAST HANAHAI,22.296004965831617,-22.138606212752848,Botswana,NMM,PM2.5
0343,0.25826282801087047,BOTSWANA_GHANZI_GHANZI_GHANZI,21.636172818729325,-21.69600936266415,Botswana,NMM,PM2.5
0344,0.14593618501093525,BOTSWANA_GHANZI_GHANZI_GROOTE LAAGTE,21.349883074115542,-21.38859908504291,Botswana,NMM,PM2.5
0345,0.08510003513251752,BOTSWANA_GHANZI_GHANZI_HANS METZLER,20.164337868142784,-22.12061746486461,Botswana,NMM,PM2.5
0346,0,BOTSWANA_GHANZI_GHANZI_J. RANSALL,20.422333298998613,-22.140780374743333,Botswana,NMM,PM2.5
0347,0,BOTSWANA_GHANZI_GHANZI_JANKI JANKI,21.346606317490824,-23.123137224643713,Botswana,NMM,PM2.5
0348,0,BOTSWANA_GHANZI_GHANZI_JERUNG,22.462289483631174,-21.771073127188487,Botswana,NMM,PM2.5
0349,0.010552372725507166,BOTSWANA_GHANZI_GHANZI_JOHN FARM,22.325500764273656,-21.113654988029502,Botswana,NMM,PM2.5
0350,0.012612621476664438,BOTSWANA_GHANZI_GHANZI_KACGAE,22.25670639051408,-22.78108355380457,Botswana,NMM,PM2.5
0351,0.009404860538353935,BOTSWANA_GHANZI_GHANZI_KARAKOBIS,20.69787418591688,-22.076318449477853,Botswana,NMM,PM2.5
0352,0,BOTSWANA_GHANZI_GHANZI_KULE,20.25485884411168,-22.82990220520822,Botswana,NMM,PM2.5
0353,0,BOTSWANA_GHANZI_GHANZI_MAGONO MAGONO,20.74295662591417,-23.122989899939387,Botswana,NMM,PM2.5
0354,0,BOTSWANA_GHANZI_GHANZI_MAKUNDA,20.356137474087205,-22.403140017753746,Botswana,NMM,PM2.5
0355,0.03482920232192929,BOTSWANA_GHANZI_GHANZI_MASIRE'S FARM,21.364735361374258,-21.90738889293877,Botswana,NMM,PM2.5
0356,0,BOTSWANA_GHANZI_GHANZI_NCOJANE,20.259249043024266,-23.18993344999315,Botswana,NMM,PM2.5
0357,0.011149849123513179,BOTSWANA_GHANZI_GHANZI_NEW XADE,22.47638609723249,-22.059709596306462,Botswana,NMM,PM2.5
0358,0.01350160456853997,BOTSWANA_GHANZI_GHANZI_NEW XANAGAS,20.800274167066778,-22.572525810989912,Botswana,NMM,PM2.5
0359,0,BOTSWANA_GHANZI_GHANZI_QABO,21.72658991626723,-21.05161346564646,Botswana,NMM,PM2.5
0360,0.004980849188938467,BOTSWANA_GHANZI_GHANZI_TSOOTSHA,20.91109497610415,-22.075747207834585,Botswana,NMM,PM2.5
0361,0,BOTSWANA_GHANZI_GHANZI_WEST HANAHAI,21.65082272869238,-22.135855131778566,Botswana,NMM,PM2.5
0362,0.014530572028015405,BOTSWANA_JWANENG_JWANENG_JWANENG,24.757853176422884,-24.58932918017088,Botswana,NMM,PM2.5
0363,0.026615168341403244,BOTSWANA_KGALAGADI_KGALAGADI NORTH_HUKUNTSI,21.663906534181816,-23.998763591814352,Botswana,NMM,PM2.5
0364,0,BOTSWANA_KGALAGADI_KGALAGADI NORTH_HUNHUKWE,21.77076341928267,-23.455768999361656,Botswana,NMM,PM2.5
0365,0.005030092745981846,BOTSWANA_KGALAGADI_KGALAGADI NORTH_INALEGOLO,22.658513508974664,-24.45585560542118,Botswana,NMM,PM2.5
0366,0.24035974504302396,BOTSWANA_KGALAGADI_KGALAGADI NORTH_KANG,22.631383747199003,-23.529403386876705,Botswana,NMM,PM2.5
0367,0.001366571152593787,BOTSWANA_KGALAGADI_KGALAGADI NORTH_LEHUTUTU,22.00790879280739,-23.84360826239536,Botswana,NMM,PM2.5
0368,0.010895892196436894,BOTSWANA_KGALAGADI_KGALAGADI NORTH_LOKGWABE,21.7851453687414,-24.07867771129318,Botswana,NMM,PM2.5
0369,0,BOTSWANA_KGALAGADI_KGALAGADI NORTH_MAKE,21.994205625425362,-23.680770428270183,Botswana,NMM,PM2.5
0370,0.0016478153876191637,BOTSWANA_KGALAGADI_KGALAGADI NORTH_MONONG,21.544688834846603,-23.73920927317219,Botswana,NMM,PM2.5
0371,0,BOTSWANA_KGALAGADI_KGALAGADI NORTH_NCAANG,21.1223824590204,-23.44041697965504,Botswana,NMM,PM2.5
0372,0,BOTSWANA_KGALAGADI_KGALAGADI NORTH_NGWATLE,21.117355141120534,-23.647886311201248,Botswana,NMM,PM2.5
0373,0.0043042862034678615,BOTSWANA_KGALAGADI_KGALAGADI NORTH_PHUDUHUDU,22.580063911251433,-23.93036127904691,Botswana,NMM,PM2.5
0374,0.005182157409443022,BOTSWANA_KGALAGADI_KGALAGADI NORTH_TSHANE,22.009218648598967,-23.97480857848694,Botswana,NMM,PM2.5
0375,0,BOTSWANA_KGALAGADI_KGALAGADI NORTH_UKWI,20.54965855676176,-23.64224465777984,Botswana,NMM,PM2.5
0376,0.0074984008649933535,BOTSWANA_KGALAGADI_KGALAGADI NORTH_ZUTSWA,21.06879673283048,-24.378159867529472,Botswana,NMM,PM2.5
0377,0,BOTSWANA_KGALAGADI_KGALAGADI SOUTH_BOGOGOBO,21.939941061820672,-26.643776855439175,Botswana,NMM,PM2.5
0378,0,BOTSWANA_KGALAGADI_KGALAGADI SOUTH_BOKSPITS,21.314513491670507,-25.52305062333103,Botswana,NMM,PM2.5
0379,0.028332352887885423,BOTSWANA_KGALAGADI_KGALAGADI SOUTH_BRAY,23.752155151918004,-25.314612046817558,Botswana,NMM,PM2.5
0380,0,BOTSWANA_KGALAGADI_KGALAGADI SOUTH_GACHIBANA,21.318615947145076,-26.76135876855932,Botswana,NMM,PM2.5
0381,0,BOTSWANA_KGALAGADI_KGALAGADI SOUTH_KHISA,22.627311790636153,-25.661301014142644,Botswana,NMM,PM2.5
0382,0,BOTSWANA_KGALAGADI_KGALAGADI SOUTH_KHUIS,21.778745594602643,-26.61621321259511,Botswana,NMM,PM2.5
0383,0,BOTSWANA_KGALAGADI_KGALAGADI SOUTH_KHWAWA,21.536389504618732,-26.33146231350371,Botswana,NMM,PM2.5
0384,0,BOTSWANA_KGALAGADI_KGALAGADI SOUTH_KOKOTSHA,23.282665786747692,-24.952596354252385,Botswana,NMM,PM2.5
0385,0,BOTSWANA_KGALAGADI_KGALAGADI SOUTH_KOLONKWANE,21.998886440804885,-26.46695305601831,Botswana,NMM,PM2.5
0386,0,BOTSWANA_KGALAGADI_KGALAGADI SOUTH_MAKOPONG,23.00557554126552,-25.279785016029198,Botswana,NMM,PM2.5
0387,0,BOTSWANA_KGALAGADI_KGALAGADI SOUTH_MALESHE,22.578885408820124,-25.861705230970156,Botswana,NMM,PM2.5
0388,0,BOTSWANA_KGALAGADI_KGALAGADI SOUTH_MARALALENG,22.68707487230088,-25.784682276497044,Botswana,NMM,PM2.5
0389,1.4512647662368923e-4,BOTSWANA_KGALAGADI_KGALAGADI SOUTH_MAUBELO,22.38337590834033,-25.32060395255863,Botswana,NMM,PM2.5
0390,0,BOTSWANA_KGALAGADI_KGALAGADI SOUTH_MIDDLEPITS,21.88965522829646,-26.64510622003729,Botswana,NMM,PM2.5
0391,0.02757565133956564,BOTSWANA_KGALAGADI_KGALAGADI SOUTH_MOLOPO FARMS,23.901539179894392,-25.218667431791786,Botswana,NMM,PM2.5
0392,0,BOTSWANA_KGALAGADI_KGALAGADI SOUTH_OMAWENENO,22.58460683893281,-25.787109823452095,Botswana,NMM,PM2.5
0393,0,BOTSWANA_KGALAGADI_KGALAGADI SOUTH_PHEPHENG/DRAAIHOEK,22.78105010135853,-25.353110330504997,Botswana,NMM,PM2.5
0394,0,BOTSWANA_KGALAGADI_KGALAGADI SOUTH_RAPPLES PAN,21.008575646663,-26.638159980643096,Botswana,NMM,PM2.5
0395,0,BOTSWANA_KGALAGADI_KGALAGADI SOUTH_STRUIZENDAM,20.634736317115014,-26.674011578479416,Botswana,NMM,PM2.5
0396,0.2726338217268691,BOTSWANA_KGALAGADI_KGALAGADI SOUTH_TSABONG,22.533675678870342,-26.03261068358875,Botswana,NMM,PM2.5
0397,0,BOTSWANA_KGALAGADI_KGALAGADI SOUTH_VAALHOEK,20.899174768893236,-26.63085165782585,Botswana,NMM,PM2.5
0398,0.24901157934371082,BOTSWANA_KGALAGADI_KGALAGADI SOUTH_WERDA,23.074307700309763,-25.079935228446647,Botswana,NMM,PM2.5
0399,0,BOTSWANA_KGATLENG_KGATLENG_ARTISIA,26.329598045283216,-24.01646307301413,Botswana,NMM,PM2.5
0400,0.16768718726979717,BOTSWANA_KGATLENG_KGATLENG_BOKAA,25.97195065976654,-24.450230086407068,Botswana,NMM,PM2.5
0401,0,BOTSWANA_KGATLENG_KGATLENG_DIKGONNYE,26.029703255813914,-24.096171191247226,Botswana,NMM,PM2.5
0402,0,BOTSWANA_KGATLENG_KGATLENG_DIKWIDIDI,26.17999949757091,-24.55666835671585,Botswana,NMM,PM2.5
0403,0.009612875460247298,BOTSWANA_KGATLENG_KGATLENG_KGOMODIATSHABA,26.269863148495805,-23.959055603855354,Botswana,NMM,PM2.5
0404,0,BOTSWANA_KGATLENG_KGATLENG_KHURUTSHE,26.132859344771337,-23.690545327799267,Botswana,NMM,PM2.5
0405,0,BOTSWANA_KGATLENG_KGATLENG_LESHIBITSE,26.406165055796965,-23.83651089330935,Botswana,NMM,PM2.5
0406,0,BOTSWANA_KGATLENG_KGATLENG_MABALANE,26.28893676301754,-24.621655976454754,Botswana,NMM,PM2.5
0407,0,BOTSWANA_KGATLENG_KGATLENG_MALOLWANE,26.430380010494872,-24.457842437404707,Botswana,NMM,PM2.5
0408,0.10152289071762442,BOTSWANA_KGATLENG_KGATLENG_MALOTWANA SIDING,26.151012846299633,-24.29179457997145,Botswana,NMM,PM2.5
0409,0.029685972727360437,BOTSWANA_KGATLENG_KGATLENG_MATEBELENG,26.04953135972325,-24.525143676862136,Botswana,NMM,PM2.5
0410,0.001370257808299402,BOTSWANA_KGATLENG_KGATLENG_MMATHUBUDUKWANE,26.402194016452356,-24.58953432239364,Botswana,NMM,PM2.5
0411,0.5008555191653769,BOTSWANA_KGATLENG_KGATLENG_MOCHUDI,26.47677571716603,-24.23454264974918,Botswana,NMM,PM2.5
0412,0,BOTSWANA_KGATLENG_KGATLENG_MODIPANE,26.172106866832117,-24.61311568769224,Botswana,NMM,PM2.5
0413,0.18346447290319998,BOTSWANA_KGATLENG_KGATLENG_MORWA,26.089564160859158,-24.467876815246445,Botswana,NMM,PM2.5
0414,0,BOTSWANA_KGATLENG_KGATLENG_OLIPHANTS DRIFT,26.833613302849894,-24.18652011472838,Botswana,NMM,PM2.5
0415,0.022064262201365273,BOTSWANA_KGATLENG_KGATLENG_OODI,26.09229785618965,-24.566777150464368,Botswana,NMM,PM2.5
0416,0.06547476297877271,BOTSWANA_KGATLENG_KGATLENG_PILANE STATION,26.10483646643129,-24.415535218505003,Botswana,NMM,PM2.5
0417,3.575257560800043e-5,BOTSWANA_KGATLENG_KGATLENG_RAMONAKA,26.446902425513134,-24.542320856771433,Botswana,NMM,PM2.5
0418,0.003193065301119692,BOTSWANA_KGATLENG_KGATLENG_RAMOTLABAKI,26.871752159032944,-23.894065124338375,Botswana,NMM,PM2.5
0419,0.22719098543611305,BOTSWANA_KGATLENG_KGATLENG_RASESA,26.029082284030856,-24.334812008927873,Botswana,NMM,PM2.5
0420,6.385039579420849e-4,BOTSWANA_KGATLENG_KGATLENG_SIKWANE,26.40976832130963,-24.631382480577347,Botswana,NMM,PM2.5
0421,0.09109386179875836,BOTSWANA_KWENENG_KWENENG EAST_BDF MOGODITSHANE,25.866597567365684,-24.60177989688917,Botswana,NMM,PM2.5
0422,0,BOTSWANA_KWENENG_KWENENG EAST_BOATLANAME,25.90698626304365,-23.603697827888347,Botswana,NMM,PM2.5
0423,0.012099460757361727,BOTSWANA_KWENENG_KWENENG EAST_DIKGATLHONG,25.890773108192004,-24.22990108004598,Botswana,NMM,PM2.5
0424,0.04348490382207553,BOTSWANA_KWENENG_KWENENG EAST_DITSHUKUDU,25.79018424903999,-24.31657903586985,Botswana,NMM,PM2.5
0425,0.3564523255778528,BOTSWANA_KWENENG_KWENENG EAST_GABANE,25.724856086362443,-24.625622432889752,Botswana,NMM,PM2.5
0426,0,BOTSWANA_KWENENG_KWENENG EAST_GAKGATLA,25.558388738489484,-24.555893651556392,Botswana,NMM,PM2.5
0427,0.41001456304414485,BOTSWANA_KWENENG_KWENENG EAST_GAKUTLO,25.795893008492364,-24.485500847618265,Botswana,NMM,PM2.5
0428,0,BOTSWANA_KWENENG_KWENENG EAST_GAMODUBU,25.71707045103724,-24.50745373492028,Botswana,NMM,PM2.5
0429,0.006387914786098596,BOTSWANA_KWENENG_KWENENG EAST_HATSALATLADI,25.655128743903163,-24.053036283307804,Botswana,NMM,PM2.5
0430,0.021441758230021032,BOTSWANA_KWENENG_KWENENG EAST_KGOPE,25.90730765578967,-24.309697924278826,Botswana,NMM,PM2.5
0431,0.1577124617332979,BOTSWANA_KWENENG_KWENENG EAST_KOPONG,25.870465764300775,-24.444158127481042,Botswana,NMM,PM2.5
0432,0,BOTSWANA_KWENENG_KWENENG EAST_KUBUNG,25.360366076259005,-24.614971635386656,Botswana,NMM,PM2.5
0433,0.03476127071584106,BOTSWANA_KWENENG_KWENENG EAST_KUMAKWANE,25.672697196778568,-24.673575670712168,Botswana,NMM,PM2.5
0434,0.00218275535453327,BOTSWANA_KWENENG_KWENENG EAST_KWENENG,25.828354177294415,-23.852566021088684,Botswana,NMM,PM2.5
0435,0.10733661229033051,BOTSWANA_KWENENG_KWENENG EAST_LENTSWELETAU,25.870136138465416,-24.167826671475748,Botswana,NMM,PM2.5
0436,0.027322346901030067,BOTSWANA_KWENENG_KWENENG EAST_LEOLOGANE,25.64433800339369,-23.434433772014575,Botswana,NMM,PM2.5
0437,0.011471023353345563,BOTSWANA_KWENENG_KWENENG EAST_LEPHEPHE,25.894174284633333,-23.40765559827626,Botswana,NMM,PM2.5
0438,0,BOTSWANA_KWENENG_KWENENG EAST_LOSILAKGOKONG,25.34988894663335,-24.571135771940597,Botswana,NMM,PM2.5
0439,0.2770593939477097,BOTSWANA_KWENENG_KWENENG EAST_MAHETLWE,25.665185137212088,-24.23905297400607,Botswana,NMM,PM2.5
0440,0,BOTSWANA_KWENENG_KWENENG EAST_MEDIE,25.874565240962703,-24.031116366980243,Botswana,NMM,PM2.5
0441,0.9780512939382855,BOTSWANA_KWENENG_KWENENG EAST_METSIMOTLHABE,25.814813747961594,-24.57843758628985,Botswana,NMM,PM2.5
0442,0.03383153024001776,BOTSWANA_KWENENG_KWENENG EAST_MMANKGODI,25.623117562536567,-24.72944762315122,Botswana,NMM,PM2.5
0443,0.024001455779867634,BOTSWANA_KWENENG_KWENENG EAST_MMANOKO,25.64934009640395,-24.42250311648915,Botswana,NMM,PM2.5
0444,0.16837941841043697,BOTSWANA_KWENENG_KWENENG EAST_MMATSETA,25.85895904561137,-24.512431056468085,Botswana,NMM,PM2.5
0445,2.1724009323226356,BOTSWANA_KWENENG_KWENENG EAST_MMOPANE,25.831916673401516,-24.543107056933852,Botswana,NMM,PM2.5
0446,0.8694911111354465,BOTSWANA_KWENENG_KWENENG EAST_MOGODITSHANE,25.85842184630358,-24.60738400491993,Botswana,NMM,PM2.5
0447,0.01879532743936764,BOTSWANA_KWENENG_KWENENG EAST_MOGONONO,25.577935957073354,-24.234385269062876,Botswana,NMM,PM2.5
0448,0.04106754713525813,BOTSWANA_KWENENG_KWENENG EAST_MOKOLODI,25.81603234528639,-24.697241109077822,Botswana,NMM,PM2.5
0449,1.7223654569822788,BOTSWANA_KWENENG_KWENENG EAST_MOLEPOLOLE,25.5497055386965,-24.395542548425816,Botswana,NMM,PM2.5
0450,0.007792280253954569,BOTSWANA_KWENENG_KWENENG EAST_RAMAPHATLE,25.61446897045962,-24.70394371590776,Botswana,NMM,PM2.5
0451,0.03185294619003172,BOTSWANA_KWENENG_KWENENG EAST_SHADISHADI,25.6542773445706,-23.631687537826256,Botswana,NMM,PM2.5
0452,0.0724917331213624,BOTSWANA_KWENENG_KWENENG EAST_SOJWE,25.81060306743436,-23.447805731300946,Botswana,NMM,PM2.5
0453,0.02821132880053558,BOTSWANA_KWENENG_KWENENG EAST_THAMAGA,25.512202536353346,-24.636709032733712,Botswana,NMM,PM2.5
0454,0.00188077045154081,BOTSWANA_KWENENG_KWENENG EAST_TLOANENG,25.718436819740113,-24.748830124610986,Botswana,NMM,PM2.5
0455,0,BOTSWANA_KWENENG_KWENENG WEST_BOTLHAPATLOU,25.49433742402101,-23.950964377275472,Botswana,NMM,PM2.5
0456,0,BOTSWANA_KWENENG_KWENENG WEST_DIPHUDUHUDU,25.361313831639055,-23.66424037279965,Botswana,NMM,PM2.5
0457,0,BOTSWANA_KWENENG_KWENENG WEST_DITSHEGWANE,24.967494356636315,-24.325453739104706,Botswana,NMM,PM2.5
0458,0,BOTSWANA_KWENENG_KWENENG WEST_DUTLWE,24.010209606049106,-24.0766543302552,Botswana,NMM,PM2.5
0459,0,BOTSWANA_KWENENG_KWENENG WEST_KAUDWANE,24.659436878890112,-23.367661970601763,Botswana,NMM,PM2.5
0460,0.006611827622141292,BOTSWANA_KWENENG_KWENENG WEST_KHUDUMELAPYE,25.170144578603114,-23.791371348563107,Botswana,NMM,PM2.5
0461,0.03427826025239916,BOTSWANA_KWENENG_KWENENG WEST_KOTOLANAME,25.344981106952105,-24.426360101349005,Botswana,NMM,PM2.5
0462,0.025404450449571542,BOTSWANA_KWENENG_KWENENG WEST_LETLHAKENG,25.055504504543418,-24.07736578153483,Botswana,NMM,PM2.5
0463,0,BOTSWANA_KWENENG_KWENENG WEST_MABOANE,24.62981126929652,-24.01531720256432,Botswana,NMM,PM2.5
0464,6.173325770935516e-5,BOTSWANA_KWENENG_KWENENG WEST_MALWELWE,25.388569305562967,-24.124123864830562,Botswana,NMM,PM2.5
0465,0.0014441507425955616,BOTSWANA_KWENENG_KWENENG WEST_MANTSHWABISI,25.20948564723073,-24.090430074502226,Botswana,NMM,PM2.5
0466,0.002118752189317971,BOTSWANA_KWENENG_KWENENG WEST_MARATSHWANE,25.27943300340971,-24.00543002229499,Botswana,NMM,PM2.5
0467,0,BOTSWANA_KWENENG_KWENENG WEST_METSIBOTLHOKO,24.88334535341407,-24.02100921043726,Botswana,NMM,PM2.5
0468,0,BOTSWANA_KWENENG_KWENENG WEST_MONWANE,25.208167783087692,-24.31675483950471,Botswana,NMM,PM2.5
0469,0,BOTSWANA_KWENENG_KWENENG WEST_MOSHAWENG,25.126758323030916,-24.50223959697767,Botswana,NMM,PM2.5
0470,0,BOTSWANA_KWENENG_KWENENG WEST_MOTOKWE,23.393326314118752,-23.949217767767472,Botswana,NMM,PM2.5
0471,0.013229483949794889,BOTSWANA_KWENENG_KWENENG WEST_NGWARE,25.472317051558928,-23.407189666362918,Botswana,NMM,PM2.5
0472,0,BOTSWANA_KWENENG_KWENENG WEST_SALAJWE,24.700069233188845,-23.586968168257275,Botswana,NMM,PM2.5
0473,0,BOTSWANA_KWENENG_KWENENG WEST_SERINANE,25.19951548113084,-24.18969812658127,Botswana,NMM,PM2.5
0474,0,BOTSWANA_KWENENG_KWENENG WEST_SESUNG,24.920484389582054,-24.098764991625394,Botswana,NMM,PM2.5
0475,0,BOTSWANA_KWENENG_KWENENG WEST_SORILATHOLO,25.06367528301778,-23.48111009752001,Botswana,NMM,PM2.5
0476,0.0012735906254264329,BOTSWANA_KWENENG_KWENENG WEST_TAKATOKWANE,24.333986142124967,-23.897263235861104,Botswana,NMM,PM2.5
0477,0.011305761345882638,BOTSWANA_KWENENG_KWENENG WEST_THEBEPHATSHWA,25.33911813426609,-24.229770927348877,Botswana,NMM,PM2.5
0478,0,BOTSWANA_KWENENG_KWENENG WEST_TSETSENG,23.346608409362428,-23.556625874898454,Botswana,NMM,PM2.5
0479,0,BOTSWANA_KWENENG_KWENENG WEST_TSWAANE,23.844303310573697,-23.677953470418096,Botswana,NMM,PM2.5
0480,0.3391406334933726,BOTSWANA_LOBATSE_LOBATSE_LOBATSE,25.680222039240462,-25.21156716052995,Botswana,NMM,PM2.5
0481,0,BOTSWANA_NORTH EAST_NORTH EAST_BOTALAOTE,27.23593919430158,-20.74011790617292,Botswana,NMM,PM2.5
0482,0.0014418201077941134,BOTSWANA_NORTH EAST_NORTH EAST_BUTALE,27.676071500645865,-20.656116388620305,Botswana,NMM,PM2.5
0483,0.1494634051015852,BOTSWANA_NORTH EAST_NORTH EAST_DITLADI,27.593853189898606,-21.357392846398774,Botswana,NMM,PM2.5
0484,0,BOTSWANA_NORTH EAST_NORTH EAST_GAMBULE,27.39900708699297,-20.563127167228444,Botswana,NMM,PM2.5
0485,0.016612918932526134,BOTSWANA_NORTH EAST_NORTH EAST_GULUBANE,27.31358281638026,-20.901873558761327,Botswana,NMM,PM2.5
0486,0.001370301799869157,BOTSWANA_NORTH EAST_NORTH EAST_GUNGWE,27.38271596277986,-20.484327285782342,Botswana,NMM,PM2.5
0487,0.040743977645338346,BOTSWANA_NORTH EAST_NORTH EAST_HASKINS FARM,27.53856707842432,-20.942088468645853,Botswana,NMM,PM2.5
0488,0.0179709829808429,BOTSWANA_NORTH EAST_NORTH EAST_JACKALAS 1,27.70190501415433,-20.551898920198756,Botswana,NMM,PM2.5
0489,7.904865677416503e-4,BOTSWANA_NORTH EAST_NORTH EAST_JACKALAS 2,27.684263288454705,-20.943529822684937,Botswana,NMM,PM2.5
0490,0.311565542388941,BOTSWANA_NORTH EAST_NORTH EAST_JOHANNES KACHEJOHN,27.416370017173527,-21.032990996945774,Botswana,NMM,PM2.5
0491,0,BOTSWANA_NORTH EAST_NORTH EAST_KALAKAMATI,27.325085093746505,-20.616599567778596,Botswana,NMM,PM2.5
0492,0,BOTSWANA_NORTH EAST_NORTH EAST_KGARI,27.62095491247424,-20.59772226024511,Botswana,NMM,PM2.5
0493,0.04488090531513196,BOTSWANA_NORTH EAST_NORTH EAST_LETSHOLATHEBE,27.42289424926035,-20.718374886141437,Botswana,NMM,PM2.5
0494,3.76481882499e-4,BOTSWANA_NORTH EAST_NORTH EAST_MABUDZANE,27.65030964853915,-20.906207513366976,Botswana,NMM,PM2.5
0495,8.514010130724395e-4,BOTSWANA_NORTH EAST_NORTH EAST_MAKALENG,27.285094240822392,-20.79040562603129,Botswana,NMM,PM2.5
0496,0,BOTSWANA_NORTH EAST_NORTH EAST_MAMBO,27.339806500913884,-20.78191758239405,Botswana,NMM,PM2.5
0497,0.001524483305527315,BOTSWANA_NORTH EAST_NORTH EAST_MAPOKA,27.583403081931646,-20.534321559571424,Botswana,NMM,PM2.5
0498,9.007400147001595e-4,BOTSWANA_NORTH EAST_NORTH EAST_MASINGWANENG,27.31796380391279,-20.837868143226277,Botswana,NMM,PM2.5
0499,0,BOTSWANA_NORTH EAST_NORTH EAST_MASUKWANE,27.54938882946871,-20.590964331617293,Botswana,NMM,PM2.5
0500,0.035158967338995276,BOTSWANA_NORTH EAST_NORTH EAST_MASUNGA,27.434400286669504,-20.627325508955153,Botswana,NMM,PM2.5
0501,0.0021534801266621805,BOTSWANA_NORTH EAST_NORTH EAST_MATENGE,27.243163563094196,-20.824890359812834,Botswana,NMM,PM2.5
0502,0.7727176588033463,BOTSWANA_NORTH EAST_NORTH EAST_MATSHELAGABEDI,27.625910201894996,-21.12872037207013,Botswana,NMM,PM2.5
0503,0.42411074179619,BOTSWANA_NORTH EAST_NORTH EAST_MATSILOJE,27.79748603303526,-21.272615331495285,Botswana,NMM,PM2.5
0504,0.006286419811176502,BOTSWANA_NORTH EAST_NORTH EAST_MBALAMBI,27.339335713407475,-20.51403109309788,Botswana,NMM,PM2.5
0505,0.001039538961137306,BOTSWANA_NORTH EAST_NORTH EAST_MOROKA,27.64533883665974,-20.526246843989444,Botswana,NMM,PM2.5
0506,0.017824985170086637,BOTSWANA_NORTH EAST_NORTH EAST_MOSOJANE,27.510648322475955,-20.605682710993673,Botswana,NMM,PM2.5
0507,0.003964676440739626,BOTSWANA_NORTH EAST_NORTH EAST_MOWANA,27.63647955779588,-20.777830273205144,Botswana,NMM,PM2.5
0508,0.005412661178572678,BOTSWANA_NORTH EAST_NORTH EAST_MULAMBAKWENA,27.46594067350093,-20.57301251814986,Botswana,NMM,PM2.5
0509,0.004187115789701202,BOTSWANA_NORTH EAST_NORTH EAST_NLAKHWANE,27.517632990383536,-20.518539158214796,Botswana,NMM,PM2.5
0510,0.004615207135260199,BOTSWANA_NORTH EAST_NORTH EAST_PATAYAMATEBELE,27.737992823316166,-21.4643350004061,Botswana,NMM,PM2.5
0511,0,BOTSWANA_NORTH EAST_NORTH EAST_POLE,27.574132779023316,-20.610493660531436,Botswana,NMM,PM2.5
0512,0,BOTSWANA_NORTH EAST_NORTH EAST_RAMOKGWEBANA,27.662924110656288,-20.583729469679355,Botswana,NMM,PM2.5
0513,0,BOTSWANA_NORTH EAST_NORTH EAST_SECHELE,27.38485539651099,-20.797350422844442,Botswana,NMM,PM2.5
0514,0,BOTSWANA_NORTH EAST_NORTH EAST_SEKAKANGWE,27.324905899544337,-20.566292847964146,Botswana,NMM,PM2.5
0515,0.015108764521315493,BOTSWANA_NORTH EAST_NORTH EAST_SENYAWE,27.6781087349486,-20.734971000867784,Botswana,NMM,PM2.5
0516,0.19319509909465563,BOTSWANA_NORTH EAST_NORTH EAST_SHASHE BRIDGE,27.441314891279994,-21.258844535487142,Botswana,NMM,PM2.5
0517,0.008985345803625686,BOTSWANA_NORTH EAST_NORTH EAST_SIVIYA,27.69697685871457,-20.82969467830003,Botswana,NMM,PM2.5
0518,0.028360837192706653,BOTSWANA_NORTH EAST_NORTH EAST_TATI SIDING,27.46845579652601,-21.26452617148856,Botswana,NMM,PM2.5
0519,0.04698083053278932,BOTSWANA_NORTH EAST_NORTH EAST_THEMASHANGA,27.55069700154272,-20.72636426785868,Botswana,NMM,PM2.5
0520,0,BOTSWANA_NORTH EAST_NORTH EAST_TOTENG,27.270345176482714,-20.719997560519936,Botswana,NMM,PM2.5
0521,1.9468196511536517e-6,BOTSWANA_NORTH EAST_NORTH EAST_TSAMAYA,27.65197854641795,-20.83445747757975,Botswana,NMM,PM2.5
0522,0.003123868388646891,BOTSWANA_NORTH EAST_NORTH EAST_TSHESEBE,27.60488659969322,-20.718620239818698,Botswana,NMM,PM2.5
0523,0.002430493356075143,BOTSWANA_NORTH EAST_NORTH EAST_VUKWI,27.38708622858749,-20.607139935771677,Botswana,NMM,PM2.5
0524,0.01696572029533958,BOTSWANA_NORTH EAST_NORTH EAST_ZWENSHAMBE,27.448183551665426,-20.504176199278817,Botswana,NMM,PM2.5
0525,0,BOTSWANA_NORTH WEST_NGAMILAND DELTA_NGAMILAND DELTA,22.960336814344046,-19.43828751092393,Botswana,NMM,PM2.5
0526,0.025799623601134462,BOTSWANA_NORTH WEST_NGAMILAND EAST_BODIBENG,22.600564390842983,-20.54248828687454,Botswana,NMM,PM2.5
0527,0.0815908422192556,BOTSWANA_NORTH WEST_NGAMILAND EAST_BOTLHATLOGO,22.726763405990695,-20.74674723011069,Botswana,NMM,PM2.5
0528,0,BOTSWANA_NORTH WEST_NGAMILAND EAST_CHANOGA,23.67422168898431,-20.16363542170472,Botswana,NMM,PM2.5
0529,0,BOTSWANA_NORTH WEST_NGAMILAND EAST_HABU,22.399450144071537,-19.835986974771608,Botswana,NMM,PM2.5
0530,0.012485554375903722,BOTSWANA_NORTH WEST_NGAMILAND EAST_KARENG,22.300472651793307,-20.754601900098116,Botswana,NMM,PM2.5
0531,0,BOTSWANA_NORTH WEST_NGAMILAND EAST_KGAKGE/MAKAKUNG,22.500435832111794,-20.540049424101177,Botswana,NMM,PM2.5
0532,0,BOTSWANA_NORTH WEST_NGAMILAND EAST_KOMANA,23.23556501767629,-20.197324460737033,Botswana,NMM,PM2.5
0533,0,BOTSWANA_NORTH WEST_NGAMILAND EAST_MABABE,23.997011922196286,-19.182027762406623,Botswana,NMM,PM2.5
0534,0,BOTSWANA_NORTH WEST_NGAMILAND EAST_MAKALAMABEDI,23.41521287773188,-20.67081042197008,Botswana,NMM,PM2.5
0535,0.05177156189566302,BOTSWANA_NORTH WEST_NGAMILAND EAST_MATLAPANA,23.546036955690333,-19.921555467159827,Botswana,NMM,PM2.5
0536,0,BOTSWANA_NORTH WEST_NGAMILAND EAST_MATSAUDI/SAKAPNAE,23.675283205409393,-19.806194245710948,Botswana,NMM,PM2.5
0537,1.4181830700096516,BOTSWANA_NORTH WEST_NGAMILAND EAST_MAUN,24.199903111118402,-19.619553541252102,Botswana,NMM,PM2.5
0538,0.025723797301570508,BOTSWANA_NORTH WEST_NGAMILAND EAST_PHUDUHUDU,24.645957266286953,-20.051304523225582,Botswana,NMM,PM2.5
0539,0,BOTSWANA_NORTH WEST_NGAMILAND EAST_SANKUYO,23.881724902731463,-19.421659901868495,Botswana,NMM,PM2.5
0540,0.03920743064362665,BOTSWANA_NORTH WEST_NGAMILAND EAST_SEHITHWA,22.677793302639653,-20.237066774603015,Botswana,NMM,PM2.5
0541,0,BOTSWANA_NORTH WEST_NGAMILAND EAST_SEMBOYO,22.27649485221952,-20.354376077745215,Botswana,NMM,PM2.5
0542,0,BOTSWANA_NORTH WEST_NGAMILAND EAST_SHOROBE,23.712796248799126,-19.11296691544541,Botswana,NMM,PM2.5
0543,0.007157925200978566,BOTSWANA_NORTH WEST_NGAMILAND EAST_TOTENG,22.999306808598018,-20.32082005396448,Botswana,NMM,PM2.5
0544,0.008926467869665283,BOTSWANA_NORTH WEST_NGAMILAND EAST_TSAO,22.28659245098526,-20.02090488822863,Botswana,NMM,PM2.5
0545,0.011495530106332974,BOTSWANA_NORTH WEST_NGAMILAND WEST_BEETSHA,22.953920477145694,-18.380166226946653,Botswana,NMM,PM2.5
0546,0.009079218208745408,BOTSWANA_NORTH WEST_NGAMILAND WEST_CHUKUMUCHU,21.598703917965935,-18.74824397962615,Botswana,NMM,PM2.5
0547,0.006353566761740981,BOTSWANA_NORTH WEST_NGAMILAND WEST_ERETSHA,22.86584821151028,-18.79052805025673,Botswana,NMM,PM2.5
0548,0.10627629312344503,BOTSWANA_NORTH WEST_NGAMILAND WEST_ETSHA 1,22.224044369783737,-19.242642574470672,Botswana,NMM,PM2.5
0549,0,BOTSWANA_NORTH WEST_NGAMILAND WEST_ETSHA 13,22.229743070714033,-19.017116669937373,Botswana,NMM,PM2.5
0550,0.016046650794367637,BOTSWANA_NORTH WEST_NGAMILAND WEST_ETSHA 6,22.229066360329956,-19.108258691269373,Botswana,NMM,PM2.5
0551,0,BOTSWANA_NORTH WEST_NGAMILAND WEST_GANI,21.444696927418082,-18.405419080628068,Botswana,NMM,PM2.5
0552,0.017010865275589267,BOTSWANA_NORTH WEST_NGAMILAND WEST_GONUTSUGA,22.59253926092765,-18.87801840211525,Botswana,NMM,PM2.5
0553,0,BOTSWANA_NORTH WEST_NGAMILAND WEST_GUDINGWA,22.905784262247845,-18.563529796191204,Botswana,NMM,PM2.5
0554,0.18803357080405136,BOTSWANA_NORTH WEST_NGAMILAND WEST_GUMARE,22.131570836874936,-19.394550571792966,Botswana,NMM,PM2.5
0555,0.010102057001675092,BOTSWANA_NORTH WEST_NGAMILAND WEST_IKOGA,22.218249775302052,-18.888300198172978,Botswana,NMM,PM2.5
0556,0,BOTSWANA_NORTH WEST_NGAMILAND WEST_KAJAJA,21.992248859877353,-18.703015404036154,Botswana,NMM,PM2.5
0557,0.04958921404859822,BOTSWANA_NORTH WEST_NGAMILAND WEST_KAUXWHI,21.93273566781973,-18.270501890330234,Botswana,NMM,PM2.5
0558,3.0111056478035675e-5,BOTSWANA_NORTH WEST_NGAMILAND WEST_MOGOMOTHO,22.252300749707768,-18.492510662073524,Botswana,NMM,PM2.5
0559,0.008460959320855672,BOTSWANA_NORTH WEST_NGAMILAND WEST_MOHEMBO EAST,21.802957716080922,-18.266524959816728,Botswana,NMM,PM2.5
0560,0.005211716821779149,BOTSWANA_NORTH WEST_NGAMILAND WEST_MOHEMBO WEST,21.66725143544976,-18.312119665836942,Botswana,NMM,PM2.5
0561,5.493951467894714e-4,BOTSWANA_NORTH WEST_NGAMILAND WEST_MOKGACHA,22.28535493171085,-18.701773297683296,Botswana,NMM,PM2.5
0562,0,BOTSWANA_NORTH WEST_NGAMILAND WEST_NGARANGE,22.04454772324353,-18.490470871633665,Botswana,NMM,PM2.5
0563,0,BOTSWANA_NORTH WEST_NGAMILAND WEST_NOKANENG,22.21151988099178,-19.64313399653268,Botswana,NMM,PM2.5
0564,0,BOTSWANA_NORTH WEST_NGAMILAND WEST_NXAMASERE,21.95986197574487,-18.61796345462013,Botswana,NMM,PM2.5
0565,0,BOTSWANA_NORTH WEST_NGAMILAND WEST_NXAUNXAU,21.351524290127983,-18.90359537023587,Botswana,NMM,PM2.5
0566,0.020481133689255762,BOTSWANA_NORTH WEST_NGAMILAND WEST_QANGWA,21.56450523279803,-19.49744243797423,Botswana,NMM,PM2.5
0567,0.004611694767939637,BOTSWANA_NORTH WEST_NGAMILAND WEST_SAMOCHEMA,21.807530849136374,-18.491110966045003,Botswana,NMM,PM2.5
0568,0,BOTSWANA_NORTH WEST_NGAMILAND WEST_SEKONDOMBORO,22.116154551020507,-18.31395834682349,Botswana,NMM,PM2.5
0569,0.03612154778545961,BOTSWANA_NORTH WEST_NGAMILAND WEST_SEPOPA,22.058884839789098,-18.787426270755017,Botswana,NMM,PM2.5
0570,0.009360999316495212,BOTSWANA_NORTH WEST_NGAMILAND WEST_SERONGA,22.432137134077763,-18.68657047380979,Botswana,NMM,PM2.5
0571,0.03197270505872724,BOTSWANA_NORTH WEST_NGAMILAND WEST_SHAKAWE,21.734262044931864,-18.42525466967516,Botswana,NMM,PM2.5
0572,0,BOTSWANA_NORTH WEST_NGAMILAND WEST_TUBU,22.343676013963407,-19.42290273539071,Botswana,NMM,PM2.5
0573,0.07261897877869156,BOTSWANA_NORTH WEST_NGAMILAND WEST_XAKAO,21.89184146965982,-18.35122741006872,Botswana,NMM,PM2.5
0574,0.030381070011597823,BOTSWANA_NORTH WEST_NGAMILAND WEST_XAXA,21.481474650920102,-20.367126109392327,Botswana,NMM,PM2.5
0575,0.0016886095135074813,BOTSWANA_NORTH WEST_NGAMILAND WEST_XHAUGA,21.8600876919785,-18.555460050065392,Botswana,NMM,PM2.5
0576,0.153761638455426,BOTSWANA_ORAPA_ORAPA_ORAPA,25.3996206036354,-21.263370671233456,Botswana,NMM,PM2.5
0577,0.787659918156189,BOTSWANA_SELIBE PHIKWE_SELIBE PHIKWE_SELIBE PHIKWE,27.837207638783738,-21.958685691075345,Botswana,NMM,PM2.5
0578,0.9842119675734198,BOTSWANA_SOUTH EAST_SOUTH EAST_DOORN LAAGTE,25.651786031535003,-25.28255683886919,Botswana,NMM,PM2.5
0579,0.16005954002270237,BOTSWANA_SOUTH EAST_SOUTH EAST_HILDAVALE,25.616656741956373,-25.403085615302597,Botswana,NMM,PM2.5
0580,0.6512003124811194,BOTSWANA_SOUTH EAST_SOUTH EAST_LOBATSE ESTATES,25.699833727272946,-25.141969237065187,Botswana,NMM,PM2.5
0581,0.020450646057242963,BOTSWANA_SOUTH EAST_SOUTH EAST_MOGOBANE,25.702998989332475,-24.943145974483425,Botswana,NMM,PM2.5
0582,0.545496326948916,BOTSWANA_SOUTH EAST_SOUTH EAST_OTSE,25.756324039083623,-25.045000276937234,Botswana,NMM,PM2.5
0583,0.21281761460430143,BOTSWANA_SOUTH EAST_SOUTH EAST_RAMOTSWA,25.829789056966593,-24.901951101856636,Botswana,NMM,PM2.5
0584,0,BOTSWANA_SOUTH EAST_SOUTH EAST_RAMOTSWA STATION/TAUNG,25.770154438973417,-24.815461657589147,Botswana,NMM,PM2.5
0585,1.0138878401021785,BOTSWANA_SOUTH EAST_SOUTH EAST_TLOKWENG,26.035546995861406,-24.647763400719953,Botswana,NMM,PM2.5
0586,0.011064799792663674,BOTSWANA_SOUTHERN_BAROLONG_BETHEL,25.523180210457173,-25.455324991549087,Botswana,NMM,PM2.5
0587,0.0051078829050049245,BOTSWANA_SOUTHERN_BAROLONG_BOROBADILEPE,25.45763854772069,-25.624399960180156,Botswana,NMM,PM2.5
0588,0.0012739126897416192,BOTSWANA_SOUTHERN_BAROLONG_DIGAWANA,25.554337853260883,-25.336847733509767,Botswana,NMM,PM2.5
0589,1.5632191753292955e-4,BOTSWANA_SOUTHERN_BAROLONG_DIKHUKHUNG,24.885447065593745,-25.800063981646993,Botswana,NMM,PM2.5
0590,0.019279947796492027,BOTSWANA_SOUTHERN_BAROLONG_DINATSHANA,25.561032468363326,-25.459552008174736,Botswana,NMM,PM2.5
0591,0.025308173363556587,BOTSWANA_SOUTHERN_BAROLONG_DITLHARAPA,25.26534775604463,-25.74503088773403,Botswana,NMM,PM2.5
0592,0.022389687878563887,BOTSWANA_SOUTHERN_BAROLONG_GAMAJALELA,25.422867167043186,-25.383535663638526,Botswana,NMM,PM2.5
0593,0.0021643132348260295,BOTSWANA_SOUTHERN_BAROLONG_GATHWANE,25.50825122582933,-25.39225799661276,Botswana,NMM,PM2.5
0594,0.09014122979267758,BOTSWANA_SOUTHERN_BAROLONG_GOOD HOPE,25.425540411603592,-25.474044252271263,Botswana,NMM,PM2.5
0595,0.00415602552632776,BOTSWANA_SOUTHERN_BAROLONG_HEBRON,25.41118276541949,-25.696194884502404,Botswana,NMM,PM2.5
0596,0,BOTSWANA_SOUTHERN_BAROLONG_KANGWE,25.079061936844482,-25.406209192834304,Botswana,NMM,PM2.5
0597,0.0535447150787028,BOTSWANA_SOUTHERN_BAROLONG_KGORO,25.486735775180065,-25.453486474188907,Botswana,NMM,PM2.5
0598,0.007013553703744204,BOTSWANA_SOUTHERN_BAROLONG_LEJWANA,25.53432726709042,-25.415801471703258,Botswana,NMM,PM2.5
0599,0.010093806752936679,BOTSWANA_SOUTHERN_BAROLONG_LEPORUNG,25.008424229579703,-25.672891074188268,Botswana,NMM,PM2.5
0600,0.003536188811198538,BOTSWANA_SOUTHERN_BAROLONG_LOGAGANE,25.398915672259538,-25.611615010488325,Botswana,NMM,PM2.5
0601,9.441759687478996e-5,BOTSWANA_SOUTHERN_BAROLONG_LORWANA,25.502074910123632,-25.286996269753118,Botswana,NMM,PM2.5
0602,0.0382948142787594,BOTSWANA_SOUTHERN_BAROLONG_MABULE,24.537508834961965,-25.73692702390118,Botswana,NMM,PM2.5
0603,0.1023340695416933,BOTSWANA_SOUTHERN_BAROLONG_MADINGWANA,25.481261650329014,-25.576730325456165,Botswana,NMM,PM2.5
0604,0,BOTSWANA_SOUTHERN_BAROLONG_MAGORIAPITSE,25.27977947866948,-25.44137079227652,Botswana,NMM,PM2.5
0605,0.00438317420651335,BOTSWANA_SOUTHERN_BAROLONG_MAKOKWE,25.475459011292934,-25.66937770824479,Botswana,NMM,PM2.5
0606,0.05162045274725335,BOTSWANA_SOUTHERN_BAROLONG_MALOKAGANYANE,25.488358562103294,-25.502299871489452,Botswana,NMM,PM2.5
0607,0.0012849734466805374,BOTSWANA_SOUTHERN_BAROLONG_MAROJANE,25.341901927422153,-25.73640142441916,Botswana,NMM,PM2.5
0608,0,BOTSWANA_SOUTHERN_BAROLONG_METLOBO,25.124348846065626,-25.39253659443453,Botswana,NMM,PM2.5
0609,0.012172146223527594,BOTSWANA_SOUTHERN_BAROLONG_METLOJANE,25.375187769980677,-25.552026515853672,Botswana,NMM,PM2.5
0610,0.00546165608057932,BOTSWANA_SOUTHERN_BAROLONG_MMAKGORI,24.800927173643334,-25.789358109184104,Botswana,NMM,PM2.5
0611,0.002712281292837874,BOTSWANA_SOUTHERN_BAROLONG_MMATHETHE,25.16245192169214,-25.332818623646105,Botswana,NMM,PM2.5
0612,0.09068001321740476,BOTSWANA_SOUTHERN_BAROLONG_MOGOJOGOJO,25.472237292279374,-25.35846674488226,Botswana,NMM,PM2.5
0613,0.008750451768813856,BOTSWANA_SOUTHERN_BAROLONG_MOGWALALE,25.3618167413177,-25.480322244471722,Botswana,NMM,PM2.5
0614,0.026079420951835863,BOTSWANA_SOUTHERN_BAROLONG_MOKATAKO,25.21324864044004,-25.72876284416883,Botswana,NMM,PM2.5
0615,3.8556125324535316e-4,BOTSWANA_SOUTHERN_BAROLONG_MOKGOMANE,25.21261347084866,-25.518245387897743,Botswana,NMM,PM2.5
0616,0.00698427850587387,BOTSWANA_SOUTHERN_BAROLONG_MOLETE,25.308791189937068,-25.671084438672697,Botswana,NMM,PM2.5
0617,0.0010005491049087539,BOTSWANA_SOUTHERN_BAROLONG_MOTSENTSHE,25.375726428046065,-25.379180264622413,Botswana,NMM,PM2.5
0618,0.029045219065986734,BOTSWANA_SOUTHERN_BAROLONG_MUSI,25.08334912114238,-25.688286393457503,Botswana,NMM,PM2.5
0619,0.014152248806079851,BOTSWANA_SOUTHERN_BAROLONG_NGWATSAU,25.540401017789634,-25.553981728114238,Botswana,NMM,PM2.5
0620,0.10100379928814461,BOTSWANA_SOUTHERN_BAROLONG_PAPATLO,25.50091785142035,-25.65156471920203,Botswana,NMM,PM2.5
0621,0.0034068555465551977,BOTSWANA_SOUTHERN_BAROLONG_PHIHITSHWANE,25.414087664638753,-25.65601906088651,Botswana,NMM,PM2.5
0622,0.019225565900810815,BOTSWANA_SOUTHERN_BAROLONG_PITSANA-POTOKWE,25.556580548078113,-25.50806204359263,Botswana,NMM,PM2.5
0623,0.03858897964182076,BOTSWANA_SOUTHERN_BAROLONG_PITSANE SIDING,25.604250914974468,-25.46943866185844,Botswana,NMM,PM2.5
0624,0.001310477516603283,BOTSWANA_SOUTHERN_BAROLONG_PITSHANE MOLOPO,25.119834443362777,-25.744597939849236,Botswana,NMM,PM2.5
0625,0.17561473741334174,BOTSWANA_SOUTHERN_BAROLONG_RAKHUNA,25.578883997684116,-25.582003199973805,Botswana,NMM,PM2.5
0626,0.39442915514332666,BOTSWANA_SOUTHERN_BAROLONG_RAMATLABAMA,25.542590563183143,-25.63663806930263,Botswana,NMM,PM2.5
0627,0,BOTSWANA_SOUTHERN_BAROLONG_SEDIBENG,25.16840936243981,-25.684656039464652,Botswana,NMM,PM2.5
0628,0,BOTSWANA_SOUTHERN_BAROLONG_SEKHUTLANE,24.48911487032339,-25.502857393367236,Botswana,NMM,PM2.5
0629,0.0031536289816206276,BOTSWANA_SOUTHERN_BAROLONG_SHEEP FARM,25.494453226915,-25.550549245917278,Botswana,NMM,PM2.5
0630,0.2508877295910231,BOTSWANA_SOUTHERN_BAROLONG_TLHARESELEELE,25.6164016549552,-25.509947342258574,Botswana,NMM,PM2.5
0631,0.03493650542321887,BOTSWANA_SOUTHERN_BAROLONG_TSHIDILAMOLOMO,24.680774921105087,-25.71938467094859,Botswana,NMM,PM2.5
0632,0,BOTSWANA_SOUTHERN_BAROLONG_TSWAANENG,24.874731933296207,-25.481179488719636,Botswana,NMM,PM2.5
0633,0.00246911681312668,BOTSWANA_SOUTHERN_BAROLONG_TSWAGARE/LOTHOJE/LOKALANA,25.32250003507171,-25.608673297419177,Botswana,NMM,PM2.5
0634,0.0013101014150800503,BOTSWANA_SOUTHERN_BAROLONG_TSWANYANENG,25.26289447863055,-25.6163734983762,Botswana,NMM,PM2.5
0635,0,BOTSWANA_SOUTHERN_NGWAKETSE WEST_ITHOLOKE,23.49754475940133,-24.802379212464427,Botswana,NMM,PM2.5
0636,0.007771163778507423,BOTSWANA_SOUTHERN_NGWAKETSE WEST_KANAKU,23.536569449983585,-24.292118077279163,Botswana,NMM,PM2.5
0637,0,BOTSWANA_SOUTHERN_NGWAKETSE WEST_KENG,23.822720476728055,-24.619062130504958,Botswana,NMM,PM2.5
0638,0,BOTSWANA_SOUTHERN_NGWAKETSE WEST_KHAKHEA,23.52876267152225,-24.69951083983683,Botswana,NMM,PM2.5
0639,0,BOTSWANA_SOUTHERN_NGWAKETSE WEST_KHONKHWA,23.935454133373597,-24.46012666914766,Botswana,NMM,PM2.5
0640,0,BOTSWANA_SOUTHERN_NGWAKETSE WEST_KOKONG,23.160513999524845,-24.39362019765512,Botswana,NMM,PM2.5
0641,0,BOTSWANA_SOUTHERN_NGWAKETSE WEST_KUTUKU,23.639126946319017,-24.680282589894166,Botswana,NMM,PM2.5
0642,5.883720920937047e-4,BOTSWANA_SOUTHERN_NGWAKETSE WEST_MABUTSANE,23.705699680104797,-24.459760111464377,Botswana,NMM,PM2.5
0643,0,BOTSWANA_SOUTHERN_NGWAKETSE WEST_MAHOTSHWANE,24.187255352450173,-24.38400662626752,Botswana,NMM,PM2.5
0644,0,BOTSWANA_SOUTHERN_NGWAKETSE WEST_MORWAMOSU,23.122520350392715,-24.153854514850522,Botswana,NMM,PM2.5
0645,0,BOTSWANA_SOUTHERN_NGWAKETSE WEST_SEKOMA,24.02445527149606,-24.579997053681147,Botswana,NMM,PM2.5
0646,0,BOTSWANA_SOUTHERN_SOUTHERN_BETESANKWE,24.8941696227703,-24.719678878206103,Botswana,NMM,PM2.5
0647,0,BOTSWANA_SOUTHERN_SOUTHERN_DIABO,25.365536715216567,-25.223190983743812,Botswana,NMM,PM2.5
0648,0,BOTSWANA_SOUTHERN_SOUTHERN_DIPOTSANA,25.446292913079866,-25.212561776849554,Botswana,NMM,PM2.5
0649,0,BOTSWANA_SOUTHERN_SOUTHERN_GASITA,24.82803541943543,-25.124083589756676,Botswana,NMM,PM2.5
0650,1.4485461155387027,BOTSWANA_SOUTHERN_SOUTHERN_KANYE,25.289267678855026,-25.048656911618565,Botswana,NMM,PM2.5
0651,0.022183407474132538,BOTSWANA_SOUTHERN_SOUTHERN_KGOMOKASITWA,25.611112091400322,-25.09686032652438,Botswana,NMM,PM2.5
0652,0,BOTSWANA_SOUTHERN_SOUTHERN_LEFOKO,24.690111852640598,-24.8470312136434,Botswana,NMM,PM2.5
0653,0,BOTSWANA_SOUTHERN_SOUTHERN_LEKGOLOBOTLO,25.61615083241098,-24.885307065481175,Botswana,NMM,PM2.5
0654,0,BOTSWANA_SOUTHERN_SOUTHERN_LOROLWANA,24.459937704580028,-25.2535967198016,Botswana,NMM,PM2.5
0655,0.010017310697966362,BOTSWANA_SOUTHERN_SOUTHERN_LOTLHAKANE,25.435707774440367,-25.08771727806122,Botswana,NMM,PM2.5
0656,0,BOTSWANA_SOUTHERN_SOUTHERN_LOTLHAKANE WEST,25.295371153997333,-24.784930431562245,Botswana,NMM,PM2.5
0657,9.049023458855932e-4,BOTSWANA_SOUTHERN_SOUTHERN_MAGOTLHWANE,25.599116726068054,-24.996853415826646,Botswana,NMM,PM2.5
0658,0.07549054655040106,BOTSWANA_SOUTHERN_SOUTHERN_MANYANA,25.574934396304805,-24.79875482887838,Botswana,NMM,PM2.5
0659,0,BOTSWANA_SOUTHERN_SOUTHERN_MAOKANE,24.649164740852807,-24.988391174828216,Botswana,NMM,PM2.5
0660,0,BOTSWANA_SOUTHERN_SOUTHERN_MOGONYE,25.67857687556797,-24.842313481878563,Botswana,NMM,PM2.5
0661,0.028689208050115548,BOTSWANA_SOUTHERN_SOUTHERN_MOKHOMBA,24.61814743618357,-24.716762968297573,Botswana,NMM,PM2.5
0662,0.08379903227359649,BOTSWANA_SOUTHERN_SOUTHERN_MOLAPOWABOJANG,25.545639385657516,-25.196418239986023,Botswana,NMM,PM2.5
0663,0.00885751961428098,BOTSWANA_SOUTHERN_SOUTHERN_MOSHANENG,25.208444254843652,-24.835326824262772,Botswana,NMM,PM2.5
0664,0.21160603246971507,BOTSWANA_SOUTHERN_SOUTHERN_MOSHUPA,25.42468410253782,-24.802239950537796,Botswana,NMM,PM2.5
0665,0.011759456372280992,BOTSWANA_SOUTHERN_SOUTHERN_NTLHANTLHE,25.563433827213757,-25.01680148927233,Botswana,NMM,PM2.5
0666,0,BOTSWANA_SOUTHERN_SOUTHERN_PITSENG,25.026961859107356,-24.671811025950742,Botswana,NMM,PM2.5
0667,0,BOTSWANA_SOUTHERN_SOUTHERN_RALEKGETHO,25.153983418889254,-24.651674927885143,Botswana,NMM,PM2.5
0668,0.05616645030304859,BOTSWANA_SOUTHERN_SOUTHERN_RANAKA,25.49210433716248,-24.953019551938723,Botswana,NMM,PM2.5
0669,0,BOTSWANA_SOUTHERN_SOUTHERN_SEGWAGWA,25.154246986825143,-25.20370107041337,Botswana,NMM,PM2.5
0670,0,BOTSWANA_SOUTHERN_SOUTHERN_SEHERELELA,24.966365412487043,-24.85255338029039,Botswana,NMM,PM2.5
0671,4.111319212374755e-4,BOTSWANA_SOUTHERN_SOUTHERN_SELOKOLELA,25.08619153157018,-25.012511421456256,Botswana,NMM,PM2.5
0672,0.01108180549005043,BOTSWANA_SOUTHERN_SOUTHERN_SEMANE,24.36060822534978,-24.5838070534333,Botswana,NMM,PM2.5
0673,0.11592663610465563,BOTSWANA_SOUTHERN_SOUTHERN_SESE,24.837457767676273,-24.623316789302145,Botswana,NMM,PM2.5
0674,0,BOTSWANA_SOUTHERN_SOUTHERN_SESUNG,25.085978537640155,-24.864295490303654,Botswana,NMM,PM2.5
0675,0,BOTSWANA_SOUTHERN_SOUTHERN_TLHANKANE,24.375461207737164,-24.957536336747538,Botswana,NMM,PM2.5
0676,0,BOTSWANA_SOUTHERN_SOUTHERN_TSHWAANE,25.273421585713766,-24.711641454327474,Botswana,NMM,PM2.5
0677,0,BOTSWANA_SOUTHERN_SOUTHERN_TSONYANE,24.813855404067922,-24.839469110997843,Botswana,NMM,PM2.5
0678,0.2211341447553369,BOTSWANA_SOWA TOWN_SOWA TOWN_SOWA TOWN,26.205474065724133,-20.525655504329873,Botswana,NMM,PM2.5
0679,0,BOTSWANA_NORTH WEST_NGAMILAND WEST_TOBERE,22.060761168763293,-18.2277220943275,Botswana,NMM,PM2.5
0680,0.6651531574317724,BOTSWANA_FRANCISTOWN_FRANCISTOWN_FRANCISTOWN,27.527173396825056,-21.15325240029203,Botswana,NMM,PM2.5
0681,0,BOTSWANA_NORTH EAST_NORTH EAST_MATOPI,27.91115579539766,-21.482192037003767,Botswana,NMM,PM2.5
0682,0.02969514901534767,LESOTHO_BEREA,27.916543179927878,-29.196133964322186,Lesotho,NMM,PM2.5
0683,0.10929443561270845,LESOTHO_BUTHA-BUTHE,28.564194113912084,-28.80291309387294,Lesotho,NMM,PM2.5
0684,0.8849599939776576,LESOTHO_LERIBE,28.262778693785734,-29.01811492119529,Lesotho,NMM,PM2.5
0685,0.09788340116196015,LESOTHO_MAFETENG,27.392581280663943,-29.77903326417238,Lesotho,NMM,PM2.5
0686,0.2857704889106465,LESOTHO_MASERU,27.818410139103523,-29.578708001027245,Lesotho,NMM,PM2.5
0687,0.06112782711414457,LESOTHO_MOHALE'S HOEK,27.81073935217726,-30.05732318594617,Lesotho,NMM,PM2.5
0688,0.021619446131885312,LESOTHO_MOKHOTLONG,29.030965902973236,-29.219387585513097,Lesotho,NMM,PM2.5
0689,0.005808365550931989,LESOTHO_QACHA'S NEK,28.738216934631595,-29.96551989191937,Lesotho,NMM,PM2.5
0690,0.0416800638202335,LESOTHO_QUTHING,27.985860217458367,-30.361098997601832,Lesotho,NMM,PM2.5
0691,0.006551069899123666,LESOTHO_THABA-TSEKA,28.592501565541635,-29.5707462455164,Lesotho,NMM,PM2.5
0692,3.120557839039812,MALAWI_SOUTHERN REGION_BALAKA,35.057010057789576,-15.035291543995603,Malawi,NMM,PM2.5
0693,19.515811709370908,MALAWI_SOUTHERN REGION_BLANTYRE,34.93215294645478,-15.653521070374605,Malawi,NMM,PM2.5
0694,2.106270444435279,MALAWI_SOUTHERN REGION_BLANTYRE CITY,35.049846087604834,-15.788155512634402,Malawi,NMM,PM2.5
0695,1.192467482286909,MALAWI_SOUTHERN REGION_CHIKWAWA,34.70903689510921,-16.164449793446956,Malawi,NMM,PM2.5
0696,1.1563705982593366,MALAWI_SOUTHERN REGION_CHIRADZULU,35.21401510212054,-15.74504273186666,Malawi,NMM,PM2.5
0697,2.176389807130039,MALAWI_NORTHERN REGION_CHITIPA,33.50075697273936,-9.961323805951439,Malawi,NMM,PM2.5
0698,2.5446990878233815,MALAWI_CENTRAL REGION_DEDZA,34.227546152785884,-14.26666414364504,Malawi,NMM,PM2.5
0699,3.9019411049065074,MALAWI_CENTRAL REGION_DOWA,33.7882007354298,-13.568943726666408,Malawi,NMM,PM2.5
0700,0.956242198884362,MALAWI_NORTHERN REGION_KARONGA,33.88286491576761,-10.085628973711133,Malawi,NMM,PM2.5
0701,6.3917454546091115,MALAWI_CENTRAL REGION_KASUNGU,33.38591920703449,-12.984592469489298,Malawi,NMM,PM2.5
0702,5.768144854252683,MALAWI_LAKE MALAWI_LAKE MALAWI,34.46342187078561,-11.83542210532386,Malawi,NMM,PM2.5
0703,0.23137093773433823,MALAWI_NORTHERN REGION_LIKOMA,34.68456952933858,-12.049251389757782,Malawi,NMM,PM2.5
0704,5.664335319181886,MALAWI_CENTRAL REGION_LILONGWE,33.678384246204125,-14.02262845680586,Malawi,NMM,PM2.5
0705,2.1751458239075916,MALAWI_CENTRAL REGION_LILONGWE CITY,33.777412227707195,-13.917060812410538,Malawi,NMM,PM2.5
0706,11.046037258494815,MALAWI_SOUTHERN REGION_MACHINGA,35.56621569203856,-14.939743540640112,Malawi,NMM,PM2.5
0707,2.430454165133175,MALAWI_SOUTHERN REGION_MANGOCHI,35.188672100825926,-14.35745673152043,Malawi,NMM,PM2.5
0708,2.689196040648355,MALAWI_CENTRAL REGION_MCHINJI,33.05678421553763,-13.693204790303813,Malawi,NMM,PM2.5
0709,6.908615149957258,MALAWI_SOUTHERN REGION_MULANJE,35.510601697456494,-15.937493088013312,Malawi,NMM,PM2.5
0710,2.3129769111373055,MALAWI_SOUTHERN REGION_MWANZA,34.51070572282828,-15.653498412560298,Malawi,NMM,PM2.5
0711,1.7818451223722336,MALAWI_NORTHERN REGION_MZIMBA,33.63357391674036,-11.774662616846621,Malawi,NMM,PM2.5
0712,0.31128522005507103,MALAWI_NORTHERN REGION_MZUZU CITY,34.008085621399474,-11.435033136665401,Malawi,NMM,PM2.5
0713,0.2339896339081814,MALAWI_SOUTHERN REGION_NENO,34.69511229098429,-15.46855436212607,Malawi,NMM,PM2.5
0714,0.33277668028826285,MALAWI_NORTHERN REGION_NKHATA BAY,34.04155946420708,-11.671744085857307,Malawi,NMM,PM2.5
0715,1.2041116856105032,MALAWI_CENTRAL REGION_NKHOTAKOTA,34.088412143637505,-12.844968406478515,Malawi,NMM,PM2.5
0716,0.6990274223134714,MALAWI_SOUTHERN REGION_NSANJE,35.14256102689594,-16.7458281066411,Malawi,NMM,PM2.5
0717,4.164083544953593,MALAWI_CENTRAL REGION_NTCHEU,34.7150219403129,-14.809209532624244,Malawi,NMM,PM2.5
0718,0.40167412990060763,MALAWI_CENTRAL REGION_NTCHISI,33.919435671123914,-13.29729664939087,Malawi,NMM,PM2.5
0719,1.7038053924923897,MALAWI_SOUTHERN REGION_PHALOMBE,35.69103908738544,-15.669471595035306,Malawi,NMM,PM2.5
0720,0.17957087933337315,MALAWI_NORTHERN REGION_RUMPHI,33.814313155835954,-10.819178535708213,Malawi,NMM,PM2.5
0721,0.8788319478751353,MALAWI_CENTRAL REGION_SALIMA,34.38342391012431,-13.73580013859686,Malawi,NMM,PM2.5
0722,3.315708684128772,MALAWI_SOUTHERN REGION_THYOLO,35.14513805866104,-16.103293124272504,Malawi,NMM,PM2.5
0723,20.284048104953825,MALAWI_SOUTHERN REGION_ZOMBA,35.431720494463534,-15.397965042950926,Malawi,NMM,PM2.5
0724,0.10358273557672751,MALAWI_SOUTHERN REGION_ZOMBA CITY,35.32958370864326,-15.389038184748701,Malawi,NMM,PM2.5
0725,0.638347986163996,MOZAMBIQUE_CABO DELGADO_ANCUABE_ANCUABE SEDE,39.81250434636672,-12.844910167361961,Mozambique,NMM,PM2.5
0726,0.7192224158830494,MOZAMBIQUE_CABO DELGADO_ANCUABE_METORO,39.98166464165771,-13.123343510947777,Mozambique,NMM,PM2.5
0727,0.6187711152707053,MOZAMBIQUE_CABO DELGADO_ANCUABE_MEZA,39.50077329178648,-13.002763030349875,Mozambique,NMM,PM2.5
0728,1.4130931122886108,MOZAMBIQUE_CABO DELGADO_BALAMA_BALAMA SEDE,38.60741548928212,-13.34632445565341,Mozambique,NMM,PM2.5
0729,0.28149055433861686,MOZAMBIQUE_CABO DELGADO_BALAMA_IMPIRE,38.234370073203195,-13.36117175168839,Mozambique,NMM,PM2.5
0730,0.609715429307717,MOZAMBIQUE_CABO DELGADO_BALAMA_KWEKWE,38.360631459274536,-13.719258906829074,Mozambique,NMM,PM2.5
0731,0.28740496992710834,MOZAMBIQUE_CABO DELGADO_BALAMA_MAVALA,38.44433858639442,-13.127397794272662,Mozambique,NMM,PM2.5
0732,1.5305120902965672,MOZAMBIQUE_CABO DELGADO_CHIÚRE_CHIÚRE SEDE,39.78631866112433,-13.334949533035196,Mozambique,NMM,PM2.5
0733,0.5095059100580528,MOZAMBIQUE_CABO DELGADO_CHIÚRE_CHIÚRE VELHO,39.9790643743911,-13.394863091288299,Mozambique,NMM,PM2.5
0734,0.4411223544365284,MOZAMBIQUE_CABO DELGADO_CHIÚRE_KATAPUA,39.46036839056145,-13.3790182741743,Mozambique,NMM,PM2.5
0735,0.26497523950896346,MOZAMBIQUE_CABO DELGADO_CHIÚRE_MAZEZE,40.26493789258037,-13.394800824078336,Mozambique,NMM,PM2.5
0736,0.610639554381469,MOZAMBIQUE_CABO DELGADO_CHIÚRE_NAMOGELIA,39.39543595419324,-13.73917584393942,Mozambique,NMM,PM2.5
0737,0.8518006477500377,MOZAMBIQUE_CABO DELGADO_CHIÚRE_OCUA,39.70712436514545,-13.593555718225081,Mozambique,NMM,PM2.5
0738,0.9608636866694704,MOZAMBIQUE_CABO DELGADO_CIDADE DE PEMBA_CIDADE DE PEMBA,40.5301137002399,-13.01866368362211,Mozambique,NMM,PM2.5
0739,0.02785743627241077,MOZAMBIQUE_CABO DELGADO_IBO_IBO SEDE,40.58966660854597,-12.296434453801252,Mozambique,NMM,PM2.5
0740,0.0010855481809095044,MOZAMBIQUE_CABO DELGADO_IBO_QUIRIMBA,40.60573197983616,-12.436621233927731,Mozambique,NMM,PM2.5
0741,0.2887033149466882,MOZAMBIQUE_CABO DELGADO_MACOMIA_CHAI,40.09939009869904,-11.975771317344952,Mozambique,NMM,PM2.5
0742,0.6808204899335014,MOZAMBIQUE_CABO DELGADO_MACOMIA_MACOMIA SEDE,40.00966789367028,-12.185963022208076,Mozambique,NMM,PM2.5
0743,0.17912527693179697,MOZAMBIQUE_CABO DELGADO_MACOMIA_MUCOJO,40.39838621183561,-12.132019600349427,Mozambique,NMM,PM2.5
0744,0.06117444585475225,MOZAMBIQUE_CABO DELGADO_MACOMIA_QUITERAJO,40.34862064188187,-11.822248596272631,Mozambique,NMM,PM2.5
0745,0.33599158665102036,MOZAMBIQUE_CABO DELGADO_MECÚFI_MECÚFI SEDE,40.44136931989843,-13.314578160765912,Mozambique,NMM,PM2.5
0746,0.28963067238809465,MOZAMBIQUE_CABO DELGADO_MECÚFI_MURREBUE,40.3621691122671,-13.16275211422268,Mozambique,NMM,PM2.5
0747,0.11308644444837987,MOZAMBIQUE_CABO DELGADO_MELUCO_MELUCO,39.519008675605434,-12.466558692060977,Mozambique,NMM,PM2.5
0748,0.166942801659047,MOZAMBIQUE_CABO DELGADO_MELUCO_MUAGUIDE,40.006147820712634,-12.461564676608146,Mozambique,NMM,PM2.5
0749,0.6287365724088481,MOZAMBIQUE_CABO DELGADO_METUGE_METUGE SEDE,40.30149518097115,-12.881110538127228,Mozambique,NMM,PM2.5
0750,0.46851699027034527,MOZAMBIQUE_CABO DELGADO_METUGE_MIEZE,40.42604082004337,-13.071741165509883,Mozambique,NMM,PM2.5
0751,0.33611195471968563,MOZAMBIQUE_CABO DELGADO_MOCÍMBOA DA PRAIA_DIACA,39.98361766384434,-11.50941232931751,Mozambique,NMM,PM2.5
0752,0.13799900403643525,MOZAMBIQUE_CABO DELGADO_MOCÍMBOA DA PRAIA_MBAU,40.264033426645,-11.61011746355292,Mozambique,NMM,PM2.5
0753,0.8877761559917237,MOZAMBIQUE_CABO DELGADO_MOCÍMBOA DA PRAIA_MOCÍMBOA DA PRAIA SEDE,40.221732345886586,-11.307039802847223,Mozambique,NMM,PM2.5
0754,2.308256579991181,MOZAMBIQUE_CABO DELGADO_MONTEPUEZ_CIDADE DE MONTEPUEZ,39.10336496633387,-13.155831594194833,Mozambique,NMM,PM2.5
0755,0.23242490651987724,MOZAMBIQUE_CABO DELGADO_MONTEPUEZ_MAPUPULO,38.85156103637511,-13.296202609826898,Mozambique,NMM,PM2.5
0756,0.8354606184578597,MOZAMBIQUE_CABO DELGADO_MONTEPUEZ_MIRATE SEDE,38.889102884866084,-12.858163088415916,Mozambique,NMM,PM2.5
0757,0.27680131332718283,MOZAMBIQUE_CABO DELGADO_MONTEPUEZ_NAIROTO,38.60846512227451,-12.417692004693443,Mozambique,NMM,PM2.5
0758,0.38588701646937185,MOZAMBIQUE_CABO DELGADO_MONTEPUEZ_NAMANHUMBIR,39.29331479236441,-13.03734599713965,Mozambique,NMM,PM2.5
0759,0.32489920359720204,MOZAMBIQUE_CABO DELGADO_MUEDA_CHAPA,39.300669871212165,-11.933739048526274,Mozambique,NMM,PM2.5
0760,0.15416849893900908,MOZAMBIQUE_CABO DELGADO_MUEDA_IMBUHO SEDE,39.71330104587685,-11.492354708140468,Mozambique,NMM,PM2.5
0761,0.9594148244150958,MOZAMBIQUE_CABO DELGADO_MUEDA_MUEDA SEDE,39.52799055312814,-11.615490131717069,Mozambique,NMM,PM2.5
0762,0.16106180297221098,MOZAMBIQUE_CABO DELGADO_MUEDA_NAMAUA,39.71135420448486,-11.578853289361819,Mozambique,NMM,PM2.5
0763,0.021342927265803942,MOZAMBIQUE_CABO DELGADO_MUEDA_NEGOMANO,38.68032202017621,-11.555132251334204,Mozambique,NMM,PM2.5
0764,0.46351738202996007,MOZAMBIQUE_CABO DELGADO_MUEDA_NGAPA,39.181606916419916,-11.449464889051079,Mozambique,NMM,PM2.5
0765,0.25134899085490264,MOZAMBIQUE_CABO DELGADO_MUIDUMBE_CHITUNDA,40.02853944757149,-11.798368536527168,Mozambique,NMM,PM2.5
0766,0.2997506392021849,MOZAMBIQUE_CABO DELGADO_MUIDUMBE_MITEDA,39.64749196598334,-11.853991027094667,Mozambique,NMM,PM2.5
0767,0.556088873878227,MOZAMBIQUE_CABO DELGADO_MUIDUMBE_MUAMBULA,39.82130488684691,-11.841747965829844,Mozambique,NMM,PM2.5
0768,0.37055056786304363,MOZAMBIQUE_CABO DELGADO_NAMUNO_HUCULA,39.027034408935776,-13.807982550463722,Mozambique,NMM,PM2.5
0769,0.6217568932808085,MOZAMBIQUE_CABO DELGADO_NAMUNO_MACHOCA,38.9025822941826,-13.935861472055366,Mozambique,NMM,PM2.5
0770,0.4851070054873056,MOZAMBIQUE_CABO DELGADO_NAMUNO_MELOCO,39.16332069555443,-13.55331427408594,Mozambique,NMM,PM2.5
0771,1.6854272182711136,MOZAMBIQUE_CABO DELGADO_NAMUNO_NAMUNO SEDE,38.85042931380327,-13.571803785012364,Mozambique,NMM,PM2.5
0772,0.61632312301474,MOZAMBIQUE_CABO DELGADO_NAMUNO_NCUMPE,38.64829661522544,-13.759868655212932,Mozambique,NMM,PM2.5
0773,0.3038126762032125,MOZAMBIQUE_CABO DELGADO_NAMUNO_PAPAI,38.6112488248292,-14.01083078018285,Mozambique,NMM,PM2.5
0774,0.8654622022292775,MOZAMBIQUE_CABO DELGADO_NANGADE_NANGADE SEDE,39.74862940454096,-11.083424646974992,Mozambique,NMM,PM2.5
0775,0.2907171058569817,MOZAMBIQUE_CABO DELGADO_NANGADE_NTAMBA,39.82186362422569,-11.298924991205137,Mozambique,NMM,PM2.5
0776,0.11227094949254779,MOZAMBIQUE_CABO DELGADO_PALMA_OLUMBE,40.37722280987631,-11.022253412786055,Mozambique,NMM,PM2.5
0777,0.36621821804409566,MOZAMBIQUE_CABO DELGADO_PALMA_PALMA,40.36752760276333,-10.781107321340652,Mozambique,NMM,PM2.5
0778,0.047099303716593835,MOZAMBIQUE_CABO DELGADO_PALMA_PUNDANHAR,40.10649223692033,-10.915061660907167,Mozambique,NMM,PM2.5
0779,0.054914386110377814,MOZAMBIQUE_CABO DELGADO_PALMA_QUIONGA,40.39832171975072,-10.605188674355327,Mozambique,NMM,PM2.5
0780,0.18214272266688886,MOZAMBIQUE_CABO DELGADO_QUISSANGA_BILIBIZA,40.19654727032573,-12.609796456581662,Mozambique,NMM,PM2.5
0781,0.20483421904305182,MOZAMBIQUE_CABO DELGADO_QUISSANGA_MAHATE,40.41919917872787,-12.635885089192568,Mozambique,NMM,PM2.5
0782,3.7199242898948275,MOZAMBIQUE_CIDADE DE MAPUTO_KAMAVOTA_KAMAVOTA,32.634886641291224,-25.887693649593853,Mozambique,NMM,PM2.5
0783,0.7392218462916023,MOZAMBIQUE_CIDADE DE MAPUTO_KAMAXAKENI_KAMAXAKENI,32.59944117113847,-25.93889789948286,Mozambique,NMM,PM2.5
0784,1.0950536770874286,MOZAMBIQUE_CIDADE DE MAPUTO_KAMPFUMO_KAMPFUMO,32.586471991569425,-25.963392495074924,Mozambique,NMM,PM2.5
0785,4.755170415777829,MOZAMBIQUE_CIDADE DE MAPUTO_KAMUBUKWANA_KAMUBUKWANA,32.57628175378329,-25.874280175789803,Mozambique,NMM,PM2.5
0786,0.010915502190539066,MOZAMBIQUE_CIDADE DE MAPUTO_KANYAKA_KANYAKA,32.942792473320985,-26.019854398302623,Mozambique,NMM,PM2.5
0787,1.932874217856043,MOZAMBIQUE_CIDADE DE MAPUTO_KATEMBE_KATEMBE,32.52558521951384,-26.037162300504427,Mozambique,NMM,PM2.5
0788,0.9775604297036866,MOZAMBIQUE_CIDADE DE MAPUTO_NHLAMANKULO_NHLAMANKULO,32.557337897173184,-25.94748667088231,Mozambique,NMM,PM2.5
0789,0.33736530590670394,MOZAMBIQUE_GAZA_BILENE_BILENE MACIA,33.12170844184735,-25.024345210123222,Mozambique,NMM,PM2.5
0790,0.0691408947961127,MOZAMBIQUE_GAZA_BILENE_INCAIA,33.23389036385305,-24.972836632632283,Mozambique,NMM,PM2.5
0791,0.42891080986455116,MOZAMBIQUE_GAZA_BILENE_MACUANE,33.16406911785151,-25.13186013405694,Mozambique,NMM,PM2.5
0792,0.24538911301431168,MOZAMBIQUE_GAZA_BILENE_MAZIVILA,33.15771945972996,-24.86159285857413,Mozambique,NMM,PM2.5
0793,0.44642596528127776,MOZAMBIQUE_GAZA_BILENE_MESSANO,32.994801638202425,-24.9711864826169,Mozambique,NMM,PM2.5
0794,0.08556911199023647,MOZAMBIQUE_GAZA_BILENE_PRAIA DE BILENE,33.22313026811176,-25.268200454905273,Mozambique,NMM,PM2.5
0795,0.14551917416633386,MOZAMBIQUE_GAZA_CHIBUTO_ALTO CHANGANE,33.532709699998925,-24.239915954397528,Mozambique,NMM,PM2.5
0796,0.0068402525290202545,MOZAMBIQUE_GAZA_CHIBUTO_CHANGANINE,33.78000414254853,-24.004994838500192,Mozambique,NMM,PM2.5
0797,0.28745083259585064,MOZAMBIQUE_GAZA_CHIBUTO_CIDADE DE CHIBUTO,33.56479821975432,-24.69579299181594,Mozambique,NMM,PM2.5
0798,0.8075337392959342,MOZAMBIQUE_GAZA_CHIBUTO_GODIDE,33.664009941160174,-24.59383871859075,Mozambique,NMM,PM2.5
0799,1.0829686234977052,MOZAMBIQUE_GAZA_CHIBUTO_MALEHICE,33.68651799951757,-24.751639870695612,Mozambique,NMM,PM2.5
0800,0.6516542611713364,MOZAMBIQUE_GAZA_CHIBUTO_TCHAIMITE,33.40913649471263,-24.6274038248804,Mozambique,NMM,PM2.5
0801,0.06350631142063647,MOZAMBIQUE_GAZA_CHICUALACUALA_EDUARDO MONDLANE,31.90283759038279,-22.22474259936432,Mozambique,NMM,PM2.5
0802,0.15990048204190907,MOZAMBIQUE_GAZA_CHICUALACUALA_PAFURI,31.839636613036426,-23.062508500431342,Mozambique,NMM,PM2.5
0803,0.03544579935818333,MOZAMBIQUE_GAZA_CHIGUBO_CHIGUBO SEDE,33.28327880896511,-22.55689162530508,Mozambique,NMM,PM2.5
0804,0.15383071188291703,MOZAMBIQUE_GAZA_CHIGUBO_NDINDIZA,33.50940091714144,-23.45508178763895,Mozambique,NMM,PM2.5
0805,0.2682425483036562,MOZAMBIQUE_GAZA_CHÓKWÈ_CIDADE DE CHÓKWÈ,32.99328794506374,-24.520208875238563,Mozambique,NMM,PM2.5
0806,1.0763774476116406,MOZAMBIQUE_GAZA_CHÓKWÈ_LIONDE,33.00856327547369,-24.690277510511446,Mozambique,NMM,PM2.5
0807,0.7868143203007915,MOZAMBIQUE_GAZA_CHÓKWÈ_MACARRETANE,32.75708982206706,-24.37253995423536,Mozambique,NMM,PM2.5
0808,0.7465809830465184,MOZAMBIQUE_GAZA_CHÓKWÈ_XILEMBENE,33.295896826319776,-24.740800650273098,Mozambique,NMM,PM2.5
0809,2.070428448436076,MOZAMBIQUE_GAZA_CHONGOENE_CHONGOENE,33.78738388968989,-24.95612324064541,Mozambique,NMM,PM2.5
0810,0.26299864678021645,MOZAMBIQUE_GAZA_CHONGOENE_MAZUCANE,33.94816589854456,-24.75078182642919,Mozambique,NMM,PM2.5
0811,0.0762483532872922,MOZAMBIQUE_GAZA_CHONGOENE_NGUZENE,33.99174761296743,-24.900424006547656,Mozambique,NMM,PM2.5
0812,1.8884542519253416,MOZAMBIQUE_GAZA_CIDADE DE XAI-XAI_CIDADE DE XAI-XAI,33.6238199287902,-25.095602356591947,Mozambique,NMM,PM2.5
0813,0.5947531283658356,MOZAMBIQUE_GAZA_GUIJÁ_CHIVONGOENE,33.233221538781685,-24.47489638296496,Mozambique,NMM,PM2.5
0814,0.5239281645437543,MOZAMBIQUE_GAZA_GUIJÁ_MUBANGOENE,32.95074527970149,-24.269396021473018,Mozambique,NMM,PM2.5
0815,0.05412049752744811,MOZAMBIQUE_GAZA_GUIJÁ_NALAZI,33.17804626234287,-24.007141668394482,Mozambique,NMM,PM2.5
0816,0.08471639425206023,MOZAMBIQUE_GAZA_GUIJÁ_VILA CANIÇADO,33.03370976279583,-24.496154209395023,Mozambique,NMM,PM2.5
0817,1.390229800383196,MOZAMBIQUE_GAZA_LIMPOPO_CHICUMBANE,33.50935105307376,-24.95521044053618,Mozambique,NMM,PM2.5
0818,0.603671641558614,MOZAMBIQUE_GAZA_LIMPOPO_CHISSANO,33.36595620036372,-24.917774625636756,Mozambique,NMM,PM2.5
0819,0.1119523650340289,MOZAMBIQUE_GAZA_LIMPOPO_ZONGOENE,33.41768385775187,-25.15027705143945,Mozambique,NMM,PM2.5
0820,0.16295958711253308,MOZAMBIQUE_GAZA_MABALANE_COMBOMUNE,32.76206527578445,-23.248510922783225,Mozambique,NMM,PM2.5
0821,0.048422574888788435,MOZAMBIQUE_GAZA_MABALANE_MABALANE,32.830014386359615,-23.86472905225202,Mozambique,NMM,PM2.5
0822,0.08809622547737206,MOZAMBIQUE_GAZA_MABALANE_NTLHAVENE,32.55611135942274,-23.700477308848008,Mozambique,NMM,PM2.5
0823,0.15099803640429052,MOZAMBIQUE_GAZA_MANDLAKAZE_CHALALA,33.898816970795764,-24.62204362818058,Mozambique,NMM,PM2.5
0824,0.3299104959306926,MOZAMBIQUE_GAZA_MANDLAKAZE_CHIBONDZANE,34.20993805079586,-24.617150832754188,Mozambique,NMM,PM2.5
0825,0.3972901511028317,MOZAMBIQUE_GAZA_MANDLAKAZE_CHIDENGUELE,34.222185883991216,-24.846464693637397,Mozambique,NMM,PM2.5
0826,0.08677136337754257,MOZAMBIQUE_GAZA_MANDLAKAZE_MACUACUA,33.93793587874184,-24.351855632078426,Mozambique,NMM,PM2.5
0827,0.20904662316093142,MOZAMBIQUE_GAZA_MANDLAKAZE_MANDLAKAZE SEDE,33.881734623458314,-24.717454952391012,Mozambique,NMM,PM2.5
0828,0.14370107565225268,MOZAMBIQUE_GAZA_MAPAI_MACHAILA,32.8972792264127,-22.46107250918086,Mozambique,NMM,PM2.5
0829,0.1955888483618873,MOZAMBIQUE_GAZA_MAPAI_MAPAI,32.340153357812774,-22.66221263505515,Mozambique,NMM,PM2.5
0830,0.11428290002160321,MOZAMBIQUE_GAZA_MASSANGENA_MASSANGENA,33.024968092166,-21.76228030255321,Mozambique,NMM,PM2.5
0831,0.10346808650982821,MOZAMBIQUE_GAZA_MASSANGENA_MAVUE,32.44873445655671,-21.74455920732843,Mozambique,NMM,PM2.5
0832,0.11863115369522377,MOZAMBIQUE_GAZA_MASSINGIR_MASSINGIR SEDE,32.14188192707758,-24.083427448323647,Mozambique,NMM,PM2.5
0833,0.04038389440845063,MOZAMBIQUE_GAZA_MASSINGIR_MAVODZE,31.957192936094224,-23.682084241320673,Mozambique,NMM,PM2.5
0834,0.015475172508512613,MOZAMBIQUE_GAZA_MASSINGIR_ZULO,32.44746940415907,-24.081905716979545,Mozambique,NMM,PM2.5
0835,1.687064605808634,MOZAMBIQUE_INHAMBANE_CIDADE DA MAXIXE_CIDADE DA MAXIXE,35.30847837373539,-23.88280148067849,Mozambique,NMM,PM2.5
0836,0.512703159559085,MOZAMBIQUE_INHAMBANE_CIDADE DE INHAMBANE_CIDADE DE INHAMBANE,35.4669344326235,-23.887608905915176,Mozambique,NMM,PM2.5
0837,0.5212923568898733,MOZAMBIQUE_INHAMBANE_FUNHALOURO_FUNHALOURO,34.40493526211412,-23.279005264339535,Mozambique,NMM,PM2.5
0838,0.23730166888616794,MOZAMBIQUE_INHAMBANE_FUNHALOURO_TOME,34.123107711970896,-22.6492454413369,Mozambique,NMM,PM2.5
0839,0.1682103124271648,MOZAMBIQUE_INHAMBANE_GOVURO_NOVA MAMBONE,34.91124864499755,-21.24838028736193,Mozambique,NMM,PM2.5
0840,0.3341667553532558,MOZAMBIQUE_INHAMBANE_GOVURO_SAVE,34.50273875747384,-21.372352488268987,Mozambique,NMM,PM2.5
0841,1.6711775682660515,MOZAMBIQUE_INHAMBANE_HOMOÍNE_HOMOÍNE SEDE,35.11348463085394,-23.979574815302524,Mozambique,NMM,PM2.5
0842,0.17176136495416777,MOZAMBIQUE_INHAMBANE_HOMOÍNE_PEMBE,34.954010052320086,-23.75585650680714,Mozambique,NMM,PM2.5
0843,1.4432102419392752,MOZAMBIQUE_INHAMBANE_INHARRIME_INHARRIME SEDE,35.0629320946627,-24.377713765160113,Mozambique,NMM,PM2.5
0844,0.27267127556573223,MOZAMBIQUE_INHAMBANE_INHARRIME_MUCUMBI,34.57231599403387,-24.417768147569834,Mozambique,NMM,PM2.5
0845,0.0024686242149652136,MOZAMBIQUE_INHAMBANE_INHASSORO_BAZARUTO,35.465173197521,-21.65725826320277,Mozambique,NMM,PM2.5
0846,0.6687592776445139,MOZAMBIQUE_INHAMBANE_INHASSORO_INHASSORO,34.84605588804438,-21.753052479230316,Mozambique,NMM,PM2.5
0847,0.6754582925459318,MOZAMBIQUE_INHAMBANE_JANGAMO_CUMBANA,35.150833362602604,-24.21294386364807,Mozambique,NMM,PM2.5
0848,0.5348946412342476,MOZAMBIQUE_INHAMBANE_JANGAMO_JANGAMO,35.3828405134123,-24.118279758970523,Mozambique,NMM,PM2.5
0849,0.3975258299520269,MOZAMBIQUE_INHAMBANE_MABOTE_MABOTE,34.1237933010753,-22.071272031528167,Mozambique,NMM,PM2.5
0850,0.17028875365794213,MOZAMBIQUE_INHAMBANE_MABOTE_ZIMANE,33.53428838953659,-22.259421319452596,Mozambique,NMM,PM2.5
0851,0.2047012977802068,MOZAMBIQUE_INHAMBANE_MABOTE_ZINAVE,33.78047603814595,-21.630829138429963,Mozambique,NMM,PM2.5
0852,0.47918418411436664,MOZAMBIQUE_INHAMBANE_MASSINGA_CHICOMO,34.91593880649871,-22.694580178891357,Mozambique,NMM,PM2.5
0853,2.543455696776663,MOZAMBIQUE_INHAMBANE_MASSINGA_MASSINGA,35.28967211538618,-23.208309768202906,Mozambique,NMM,PM2.5
0854,0.910640655069484,MOZAMBIQUE_INHAMBANE_MORRUMBENE_MOCODUENE,35.03823145580892,-23.43542902200303,Mozambique,NMM,PM2.5
0855,0.47557813267423094,MOZAMBIQUE_INHAMBANE_MORRUMBENE_MORRUMBENE,35.31512127790291,-23.62003628600982,Mozambique,NMM,PM2.5
0856,0.05837676323059006,MOZAMBIQUE_INHAMBANE_PANDA_MAWAYELA,34.116370299409866,-24.001901283449012,Mozambique,NMM,PM2.5
0857,0.24436066482981125,MOZAMBIQUE_INHAMBANE_PANDA_PANDA,34.5701782475298,-24.112499270772535,Mozambique,NMM,PM2.5
0858,0.08955155368919679,MOZAMBIQUE_INHAMBANE_PANDA_URRENE,34.644908571251904,-23.83766104214481,Mozambique,NMM,PM2.5
0859,0.9329711827933446,MOZAMBIQUE_INHAMBANE_VILANKULO_MAPINHANE,35.04533061414311,-22.371051282087183,Mozambique,NMM,PM2.5
0860,0.6087417831585682,MOZAMBIQUE_INHAMBANE_VILANKULO_VILANKULO,35.3062246160536,-22.14744435743396,Mozambique,NMM,PM2.5
0861,0.7924208562204192,MOZAMBIQUE_INHAMBANE_ZAVALA_QUISSICO,34.83275046669489,-24.629624369539606,Mozambique,NMM,PM2.5
0862,0.7181341144178414,MOZAMBIQUE_INHAMBANE_ZAVALA_ZANDAMELA,34.4860299379439,-24.67609745657631,Mozambique,NMM,PM2.5
0863,0.3421216861117981,MOZAMBIQUE_LAKE MALAWI_LAKE MALAWI_LAKE MALAWI,34.66958894981475,-12.465931949774122,Mozambique,NMM,PM2.5
0864,2.5377437165314416,MOZAMBIQUE_MANICA_BÁRUÈ_CATANDICA,33.30152827468673,-18.240536298661056,Mozambique,NMM,PM2.5
0865,0.2196003956138788,MOZAMBIQUE_MANICA_BÁRUÈ_CHOA,33.04569434614779,-18.064104442461606,Mozambique,NMM,PM2.5
0866,0.007317153464766133,MOZAMBIQUE_MANICA_BÁRUÈ_NHAMPASSA,33.184551019135135,-17.597094490855643,Mozambique,NMM,PM2.5
0867,4.0168174772457395,MOZAMBIQUE_MANICA_CIDADE DE CHIMOIO_CHIMOIO,33.45536740007841,-19.127720352606506,Mozambique,NMM,PM2.5
0868,0.8612273174359921,MOZAMBIQUE_MANICA_GONDOLA_AMATONGAS,33.81580808058416,-19.088843340895576,Mozambique,NMM,PM2.5
0869,1.0696581932742586,MOZAMBIQUE_MANICA_GONDOLA_CAFUMPE,33.73252675700257,-18.96598115326139,Mozambique,NMM,PM2.5
0870,0.27604968668605623,MOZAMBIQUE_MANICA_GONDOLA_GONDOLA,33.66706225815283,-19.067556713895804,Mozambique,NMM,PM2.5
0871,0.6946862872420407,MOZAMBIQUE_MANICA_GONDOLA_INCHOPE,33.855910359091254,-19.34910726017252,Mozambique,NMM,PM2.5
0872,0,MOZAMBIQUE_MANICA_GURO_GURO SEDE,33.28735962339221,-17.287981286704778,Mozambique,NMM,PM2.5
0873,0.2586733033433022,MOZAMBIQUE_MANICA_GURO_MANDIE,33.67962216440644,-16.54401479200918,Mozambique,NMM,PM2.5
0874,0.00268984644705858,MOZAMBIQUE_MANICA_GURO_MUNGARI,33.54831007111624,-17.10496669776008,Mozambique,NMM,PM2.5
0875,0.13443622876590278,MOZAMBIQUE_MANICA_GURO_NHAMASSONGE,33.596453539786765,-16.77407345471343,Mozambique,NMM,PM2.5
0876,1.2581673964823468,MOZAMBIQUE_MANICA_MACATE_MACATE SEDE,33.58000277986244,-19.400692718644812,Mozambique,NMM,PM2.5
0877,0.9182289543283197,MOZAMBIQUE_MANICA_MACATE_ZEMBE,33.35412342370635,-19.22767890720999,Mozambique,NMM,PM2.5
0878,1.655845924435796,MOZAMBIQUE_MANICA_MACHAZE_CHITOBE,33.306459347363266,-20.88553205985008,Mozambique,NMM,PM2.5
0879,0.6523829062906163,MOZAMBIQUE_MANICA_MACHAZE_SAVE,33.21143246815166,-21.301458761861632,Mozambique,NMM,PM2.5
0880,0.4050197994196634,MOZAMBIQUE_MANICA_MACOSSA_MACOSSA SEDE,33.93258269449586,-17.783133366418287,Mozambique,NMM,PM2.5
0881,0.18779149766392134,MOZAMBIQUE_MANICA_MACOSSA_NGUAWALA,33.639533569018866,-18.34411311077633,Mozambique,NMM,PM2.5
0882,0.21416054637273113,MOZAMBIQUE_MANICA_MACOSSA_NHAMAGUA,33.51483956167798,-17.75456736936627,Mozambique,NMM,PM2.5
0883,1.0423424695706391,MOZAMBIQUE_MANICA_MANICA_MACHIPANDA,32.85545139808637,-18.879904801552133,Mozambique,NMM,PM2.5
0884,0.6468722221004537,MOZAMBIQUE_MANICA_MANICA_MAVONDE,33.05466930685875,-18.601929350510918,Mozambique,NMM,PM2.5
0885,0.9172154231557735,MOZAMBIQUE_MANICA_MANICA_MESSICA,33.034928611751994,-19.04617280907505,Mozambique,NMM,PM2.5
0886,0.59728794917556,MOZAMBIQUE_MANICA_MANICA_MUNICIPIO DE MANICA,32.87567656092327,-18.944254944375942,Mozambique,NMM,PM2.5
0887,0,MOZAMBIQUE_MANICA_MOSSURIZE_CHIURAIRUE,32.81274306891318,-20.739522288509274,Mozambique,NMM,PM2.5
0888,0.08778309722472773,MOZAMBIQUE_MANICA_MOSSURIZE_DACATA,33.08962587563526,-20.311252884140636,Mozambique,NMM,PM2.5
0889,0.2952149091547123,MOZAMBIQUE_MANICA_MOSSURIZE_ESPUNGABERA,32.802896674454466,-20.52340497291208,Mozambique,NMM,PM2.5
0890,0.9200553116032345,MOZAMBIQUE_MANICA_SUSSUNDENGA_DOMBE,33.398614696729936,-19.90088894894896,Mozambique,NMM,PM2.5
0891,0.85075336881374,MOZAMBIQUE_MANICA_SUSSUNDENGA_MUOHA,33.124555743177076,-19.350567086646706,Mozambique,NMM,PM2.5
0892,0.18147366369520473,MOZAMBIQUE_MANICA_SUSSUNDENGA_ROTANDA,32.98367765963056,-19.498315171914083,Mozambique,NMM,PM2.5
0893,1.1049066291495422,MOZAMBIQUE_MANICA_SUSSUNDENGA_SUSSUNDENGA SEDE,33.39688667188607,-19.55883675489867,Mozambique,NMM,PM2.5
0894,0.007777075901971512,MOZAMBIQUE_MANICA_TAMBARA_BUZUA,34.12771071863433,-17.124856875787454,Mozambique,NMM,PM2.5
0895,0,MOZAMBIQUE_MANICA_TAMBARA_NHACAFULA,33.94471979664244,-16.860581221473716,Mozambique,NMM,PM2.5
0896,0.6150443478103473,MOZAMBIQUE_MANICA_TAMBARA_NHACOLO,34.257266964940285,-16.782606471479635,Mozambique,NMM,PM2.5
0897,1.4911516679961532,MOZAMBIQUE_MANICA_VANDUZI_MATSINHO,33.562813117614425,-18.856539716123457,Mozambique,NMM,PM2.5
0898,1.3757717490638426,MOZAMBIQUE_MANICA_VANDUZI_VANDUZI SEDE,33.26441975503835,-18.840475151767034,Mozambique,NMM,PM2.5
0899,0.7078738752651516,MOZAMBIQUE_MAPUTO_BOANE_BOANE,32.34035370899738,-26.08445441643418,Mozambique,NMM,PM2.5
0900,24.42587801739872,MOZAMBIQUE_MAPUTO_BOANE_MATOLA RIO,32.385947237971614,-25.894018223674056,Mozambique,NMM,PM2.5
0901,14.550702541618634,MOZAMBIQUE_MAPUTO_CIDADE DA MATOLA_CIDADE DA MATOLA,32.45895180757802,-25.935412363609455,Mozambique,NMM,PM2.5
0902,10.427750010980166,MOZAMBIQUE_MAPUTO_CIDADE DA MATOLA_INFULENE,32.535005856471074,-25.794670956061914,Mozambique,NMM,PM2.5
0903,150.84589789733047,MOZAMBIQUE_MAPUTO_CIDADE DA MATOLA_MACHAVA,32.469180128394825,-25.837376960910778,Mozambique,NMM,PM2.5
0904,0.8477407529071533,MOZAMBIQUE_MAPUTO_MAGUDE_MAGUDE,32.61075121973975,-25.022037525237383,Mozambique,NMM,PM2.5
0905,0.055890830636815755,MOZAMBIQUE_MAPUTO_MAGUDE_MAHELE,32.54075600639742,-24.492112517985618,Mozambique,NMM,PM2.5
0906,0,MOZAMBIQUE_MAPUTO_MAGUDE_MAPULANGUENE,32.20329983157022,-24.507823782731254,Mozambique,NMM,PM2.5
0907,0.03444203203013001,MOZAMBIQUE_MAPUTO_MAGUDE_MOTAZE,32.709351138737226,-24.71535123184659,Mozambique,NMM,PM2.5
0908,0.0070392608882727525,MOZAMBIQUE_MAPUTO_MAGUDE_PANJANE,32.389312226449206,-24.870818989222865,Mozambique,NMM,PM2.5
0909,0.8212549863803368,MOZAMBIQUE_MAPUTO_MANHIÇA_3 DE FEVEREIRO,32.82054683811158,-25.208390101324238,Mozambique,NMM,PM2.5
0910,0.11245146489729704,MOZAMBIQUE_MAPUTO_MANHIÇA_CALANGA,33.00084214854617,-25.35071525423053,Mozambique,NMM,PM2.5
0911,0.07641916926007992,MOZAMBIQUE_MAPUTO_MANHIÇA_ILHA JOSINA MACHEL,32.946022649902154,-25.170914273804748,Mozambique,NMM,PM2.5
0912,0.45292261677797746,MOZAMBIQUE_MAPUTO_MANHIÇA_MALUANA,32.64334243048221,-25.49818169410212,Mozambique,NMM,PM2.5
0913,0.5293526769404779,MOZAMBIQUE_MAPUTO_MANHIÇA_MUNICÍPIO DE MANHIÇA,32.724753253319165,-25.360399766782734,Mozambique,NMM,PM2.5
0914,0.2617829436312748,MOZAMBIQUE_MAPUTO_MANHIÇA_XINAVANE,32.81889559595267,-25.03141860388646,Mozambique,NMM,PM2.5
0915,0.036027617467469325,MOZAMBIQUE_MAPUTO_MARRACUENE_MACHUBO,32.81266574227231,-25.54972386244347,Mozambique,NMM,PM2.5
0916,4.185353089141194,MOZAMBIQUE_MAPUTO_MARRACUENE_MARRACUENE,32.660662063959514,-25.71381174508608,Mozambique,NMM,PM2.5
0917,66.20540399646738,MOZAMBIQUE_MAPUTO_MATUTUINE_BELA VISTA,32.645581759560066,-26.45851112867402,Mozambique,NMM,PM2.5
0918,10.90389344025351,MOZAMBIQUE_MAPUTO_MATUTUINE_CATEMBE M'SIME,32.53741836502509,-26.163141580325597,Mozambique,NMM,PM2.5
0919,0.04190724664156659,MOZAMBIQUE_MAPUTO_MATUTUINE_CATUANE,32.28250028994303,-26.662117878264368,Mozambique,NMM,PM2.5
0920,6.707839125303331e-4,MOZAMBIQUE_MAPUTO_MATUTUINE_MACHANGULO,32.91305429949867,-26.21651617955071,Mozambique,NMM,PM2.5
0921,0.08593981735105322,MOZAMBIQUE_MAPUTO_MATUTUINE_ZITUNDO,32.66218188529151,-26.782492068760977,Mozambique,NMM,PM2.5
0922,0.18141449427042128,MOZAMBIQUE_MAPUTO_MOAMBA_MOAMBA,32.3326091155693,-25.499060096245582,Mozambique,NMM,PM2.5
0923,0.14537823036028197,MOZAMBIQUE_MAPUTO_MOAMBA_PESSENE,32.39574490260445,-25.695218912241263,Mozambique,NMM,PM2.5
0924,0.0644595511938726,MOZAMBIQUE_MAPUTO_MOAMBA_RESSANO GARCIA,32.06292546188341,-25.524791985906663,Mozambique,NMM,PM2.5
0925,0.09766028740875665,MOZAMBIQUE_MAPUTO_MOAMBA_SABIE,32.18675953290936,-25.158239910785245,Mozambique,NMM,PM2.5
0926,0.10096321033936258,MOZAMBIQUE_MAPUTO_NAMAACHA_CHANGALANE,32.221223944789266,-26.330019105258224,Mozambique,NMM,PM2.5
0927,0.6035643609971675,MOZAMBIQUE_MAPUTO_NAMAACHA_NAMAACHA,32.12662388876005,-25.9088344940042,Mozambique,NMM,PM2.5
0928,1.9127709484676163,MOZAMBIQUE_NAMPULA_ANGOCHE_AUBE,39.75852334490812,-16.336839936374812,Mozambique,NMM,PM2.5
0929,1.6616787700668365,MOZAMBIQUE_NAMPULA_ANGOCHE_BOILA NAMETORIA,39.70290960696779,-16.100643339566087,Mozambique,NMM,PM2.5
0930,0.3367519367808779,MOZAMBIQUE_NAMPULA_ANGOCHE_CIDADE DE ANGOCHE,39.98119984744425,-16.102624069451156,Mozambique,NMM,PM2.5
0931,0.7757576787713927,MOZAMBIQUE_NAMPULA_ANGOCHE_NAMAPONDA,39.89454505581379,-15.89709080920383,Mozambique,NMM,PM2.5
0932,2.9734377726904557,MOZAMBIQUE_NAMPULA_CIDADE DE NAMPULA_ANCHILO,39.346700309798294,-15.22913786136925,Mozambique,NMM,PM2.5
0933,4.024711614257199,MOZAMBIQUE_NAMPULA_CIDADE DE NAMPULA_MUATALA,39.22135093911949,-15.1593659383683,Mozambique,NMM,PM2.5
0934,2.9836431426773173,MOZAMBIQUE_NAMPULA_CIDADE DE NAMPULA_MUHALA,39.306298419558225,-15.143595959458594,Mozambique,NMM,PM2.5
0935,0.8846964287777817,MOZAMBIQUE_NAMPULA_CIDADE DE NAMPULA_NAMICOPO,39.34525426178243,-15.074628282390453,Mozambique,NMM,PM2.5
0936,0.5947626221865778,MOZAMBIQUE_NAMPULA_CIDADE DE NAMPULA_NAPIPINE,39.25129320752563,-15.062109621505412,Mozambique,NMM,PM2.5
0937,1.2747187591468596,MOZAMBIQUE_NAMPULA_CIDADE DE NAMPULA_NATIKIRE,39.191184088730786,-15.102448366937157,Mozambique,NMM,PM2.5
0938,0.2774581028898081,MOZAMBIQUE_NAMPULA_CIDADE DE NAMPULA_URBANO CENTRAL,39.26026156001214,-15.125287189299852,Mozambique,NMM,PM2.5
0939,1.7300615678548936,MOZAMBIQUE_NAMPULA_ERÁTI_ALUA,39.89489894828684,-14.015072975322239,Mozambique,NMM,PM2.5
0940,2.413026100818525,MOZAMBIQUE_NAMPULA_ERÁTI_NAMAPA SEDE,39.89264212180842,-13.722799866022642,Mozambique,NMM,PM2.5
0941,0.5682960766486261,MOZAMBIQUE_NAMPULA_ERÁTI_NAMIROA,39.437336879824,-14.089576975293262,Mozambique,NMM,PM2.5
0942,0.2181389757253797,MOZAMBIQUE_NAMPULA_ILHA DE MOÇAMBIQUE_ILHA DE MOÇAMBIQUE,40.67676981409689,-15.059117781685298,Mozambique,NMM,PM2.5
0943,0.2582593644112748,MOZAMBIQUE_NAMPULA_ILHA DE MOÇAMBIQUE_LUMBO,40.593069155304626,-15.048959749366846,Mozambique,NMM,PM2.5
0944,0.99493464639476,MOZAMBIQUE_NAMPULA_LALAUA_LALAUA,38.27740706902064,-14.383261448419889,Mozambique,NMM,PM2.5
0945,0.15699158602481852,MOZAMBIQUE_NAMPULA_LALAUA_METI,37.86423737401499,-14.530463178154468,Mozambique,NMM,PM2.5
0946,0.7990583856106971,MOZAMBIQUE_NAMPULA_LARDE_LARDE,39.589862180815906,-16.482975798802265,Mozambique,NMM,PM2.5
0947,0.3511618796701624,MOZAMBIQUE_NAMPULA_LARDE_MUCUALI,39.41790695893417,-16.287090861188318,Mozambique,NMM,PM2.5
0948,0.7603755762372161,MOZAMBIQUE_NAMPULA_LIÚPO_LIÚPO,39.94138165076237,-15.619173498171499,Mozambique,NMM,PM2.5
0949,1.0263743328514998,MOZAMBIQUE_NAMPULA_LIÚPO_QUINGA,40.157694999874806,-15.780114581820921,Mozambique,NMM,PM2.5
0950,0.21794067357661168,MOZAMBIQUE_NAMPULA_MALEMA_CHILULO,37.49996661674137,-14.582880564434472,Mozambique,NMM,PM2.5
0951,2.1071906772368734,MOZAMBIQUE_NAMPULA_MALEMA_MALEMA/CANHUNHA,37.573319940795386,-14.919357085909676,Mozambique,NMM,PM2.5
0952,1.0787785718699092,MOZAMBIQUE_NAMPULA_MALEMA_MUTUALI,37.081432441192284,-14.83921892153854,Mozambique,NMM,PM2.5
0953,0.27499816663562615,MOZAMBIQUE_NAMPULA_MECONTA_7 DE ABRIL,39.7199341583495,-15.117491589999613,Mozambique,NMM,PM2.5
0954,1.1514629357126827,MOZAMBIQUE_NAMPULA_MECONTA_CORRANE,39.54876435760044,-15.421969554300855,Mozambique,NMM,PM2.5
0955,0.27201183322084793,MOZAMBIQUE_NAMPULA_MECONTA_MECONTA,39.82355388116307,-15.033425935687111,Mozambique,NMM,PM2.5
0956,1.0770682079316063,MOZAMBIQUE_NAMPULA_MECONTA_NAMIALO,39.94047851888918,-14.94333164575556,Mozambique,NMM,PM2.5
0957,1.5356601099176912,MOZAMBIQUE_NAMPULA_MECUBÚRI_MECUBÚRI,38.91630435171187,-14.607000995672898,Mozambique,NMM,PM2.5
0958,0.2099265408021776,MOZAMBIQUE_NAMPULA_MECUBÚRI_MILHANA,39.127654237397486,-14.281829730798503,Mozambique,NMM,PM2.5
0959,0.756184216915332,MOZAMBIQUE_NAMPULA_MECUBÚRI_MUITE,38.88511350311829,-14.17769262196541,Mozambique,NMM,PM2.5
0960,0.4632997342454751,MOZAMBIQUE_NAMPULA_MECUBÚRI_NANIMA,38.617221520409196,-14.762009037141098,Mozambique,NMM,PM2.5
0961,0.5536718574398026,MOZAMBIQUE_NAMPULA_MEMBA_CHIPENE,40.29531026163154,-13.784944312169863,Mozambique,NMM,PM2.5
0962,0.3324786370443431,MOZAMBIQUE_NAMPULA_MEMBA_LURIO,40.42969149388564,-13.60745895695087,Mozambique,NMM,PM2.5
0963,1.1730832019033435,MOZAMBIQUE_NAMPULA_MEMBA_MAZUA,40.34452950636614,-13.975095364086036,Mozambique,NMM,PM2.5
0964,1.6709855162259484,MOZAMBIQUE_NAMPULA_MEMBA_MEMBA,40.48276911284229,-14.242242078752795,Mozambique,NMM,PM2.5
0965,0.17559173944941323,MOZAMBIQUE_NAMPULA_MOGINCUAL_NAMINGE,40.30844201844057,-15.56760468837137,Mozambique,NMM,PM2.5
0966,0.47901034373725365,MOZAMBIQUE_NAMPULA_MOGINCUAL_QUIXAXE,40.05536393377276,-15.321131966629133,Mozambique,NMM,PM2.5
0967,0.48249404171688354,MOZAMBIQUE_NAMPULA_MOGOVOLAS_CALIPO,39.058913588331414,-15.530947657322523,Mozambique,NMM,PM2.5
0968,1.9472439005697944,MOZAMBIQUE_NAMPULA_MOGOVOLAS_ILUTE,39.04192013771539,-15.797541445237854,Mozambique,NMM,PM2.5
0969,0.7790086709288877,MOZAMBIQUE_NAMPULA_MOGOVOLAS_MUATUA,39.66247406833886,-15.748169028736038,Mozambique,NMM,PM2.5
0970,2.319070490903816,MOZAMBIQUE_NAMPULA_MOGOVOLAS_NAMETIL SEDE,39.38310472440292,-15.732437675168812,Mozambique,NMM,PM2.5
0971,0.8987324712770348,MOZAMBIQUE_NAMPULA_MOGOVOLAS_NANHUPO RIO,39.48451889216197,-15.93529808811821,Mozambique,NMM,PM2.5
0972,1.4828437333718905,MOZAMBIQUE_NAMPULA_MOMA_CHALAUA,39.136312137632906,-16.068904552909896,Mozambique,NMM,PM2.5
0973,2.751488370413077,MOZAMBIQUE_NAMPULA_MOMA_MACONE SEDE,39.18460905278941,-16.514079368820905,Mozambique,NMM,PM2.5
0974,0.6539992882077811,MOZAMBIQUE_NAMPULA_MONAPO_ITUCULO,40.24618932007347,-14.64048511059819,Mozambique,NMM,PM2.5
0975,2.7460825858349662,MOZAMBIQUE_NAMPULA_MONAPO_MONAPO SEDE,40.137517062624255,-15.018378371016844,Mozambique,NMM,PM2.5
0976,2.692163659758943,MOZAMBIQUE_NAMPULA_MONAPO_NETIA,39.995063284132854,-14.706425832874704,Mozambique,NMM,PM2.5
0977,0.3111618165803498,MOZAMBIQUE_NAMPULA_MOSSURIL_LUNGA,40.43246793584781,-15.262329440298691,Mozambique,NMM,PM2.5
0978,0.45777991735524054,MOZAMBIQUE_NAMPULA_MOSSURIL_MATIBANE,40.72180005361815,-14.737223520198267,Mozambique,NMM,PM2.5
0979,0.6731036953369735,MOZAMBIQUE_NAMPULA_MOSSURIL_MOSSURIL SEDE,40.51219848506181,-14.903379159287029,Mozambique,NMM,PM2.5
0980,0.7103270899298265,MOZAMBIQUE_NAMPULA_MUECATE_IMALA,39.45961702371391,-14.506131562026775,Mozambique,NMM,PM2.5
0981,0.29802387649376694,MOZAMBIQUE_NAMPULA_MUECATE_MUCOLUANE,39.346844589295436,-14.772718872651845,Mozambique,NMM,PM2.5
0982,1.5635869136784015,MOZAMBIQUE_NAMPULA_MUECATE_MUECATE,39.674472160839436,-14.750405729993048,Mozambique,NMM,PM2.5
0983,0.3906172013760125,MOZAMBIQUE_NAMPULA_MURRUPULA_CHINGA,38.63575073821358,-15.171362107258943,Mozambique,NMM,PM2.5
0984,2.529135171097269,MOZAMBIQUE_NAMPULA_MURRUPULA_MURRUPULA,38.65453769328181,-15.40126150281662,Mozambique,NMM,PM2.5
0985,0.36837420999576526,MOZAMBIQUE_NAMPULA_MURRUPULA_NIHESSIUE,38.705843526253894,-15.632443438924252,Mozambique,NMM,PM2.5
0986,0.41279508204729,MOZAMBIQUE_NAMPULA_NACALA-A-VELHA_COVO,40.369538959835154,-14.497710962103438,Mozambique,NMM,PM2.5
0987,33.70399796616982,MOZAMBIQUE_NAMPULA_NACALA-A-VELHA_NACALA-A-VELHA,40.519787648403145,-14.585074942847683,Mozambique,NMM,PM2.5
0988,1.0091607673719687,MOZAMBIQUE_NAMPULA_NACALA-PORTO_MUANONA,40.65231715877891,-14.62078918917591,Mozambique,NMM,PM2.5
0989,9.017915182554152,MOZAMBIQUE_NAMPULA_NACALA-PORTO_MUTIVA,40.74125943838887,-14.510895004706317,Mozambique,NMM,PM2.5
0990,0.31298222183057556,MOZAMBIQUE_NAMPULA_NACARÔA_INTETE,40.18830219819722,-14.339300888601866,Mozambique,NMM,PM2.5
0991,1.2100014149524276,MOZAMBIQUE_NAMPULA_NACARÔA_NACARÔA,39.93302344885562,-14.403489324317396,Mozambique,NMM,PM2.5
0992,0.19696557236786252,MOZAMBIQUE_NAMPULA_NACARÔA_SAUA-SAUA,39.70222666069944,-14.278122143645904,Mozambique,NMM,PM2.5
0993,0.451599283986907,MOZAMBIQUE_NAMPULA_RAPALE_MUTIVAZE,38.86687949184624,-15.018807059185013,Mozambique,NMM,PM2.5
0994,1.525880620683524,MOZAMBIQUE_NAMPULA_RAPALE_NAMAITA,38.99863263319021,-15.219861952374297,Mozambique,NMM,PM2.5
0995,1.359313126494717,MOZAMBIQUE_NAMPULA_RAPALE_RAPALE,39.16149044871234,-14.974807379007945,Mozambique,NMM,PM2.5
0996,0.7020440319762187,MOZAMBIQUE_NAMPULA_RIBÁUÈ_CUNLE,38.27686663788419,-15.228219850470028,Mozambique,NMM,PM2.5
0997,1.8380938706912455,MOZAMBIQUE_NAMPULA_RIBÁUÈ_IAPALA,37.96696312231578,-14.993085543848041,Mozambique,NMM,PM2.5
0998,1.9483780595869284,MOZAMBIQUE_NAMPULA_RIBÁUÈ_RIBÁUÈ,38.41380839889487,-14.881044564938612,Mozambique,NMM,PM2.5
0999,2.0808669059697293,MOZAMBIQUE_NIASSA_CHIMBONILA_CHIMBONILA,35.408928981746264,-13.368174436939729,Mozambique,NMM,PM2.5
1000,0.6437285268346267,MOZAMBIQUE_NIASSA_CHIMBONILA_LIONE,35.129139572126896,-13.602588135727931,Mozambique,NMM,PM2.5
1001,0.08614842273265254,MOZAMBIQUE_NIASSA_CHIMBONILA_MEPONDA,34.91488092078617,-13.29985997149095,Mozambique,NMM,PM2.5
1002,2.899421468946349,MOZAMBIQUE_NIASSA_CIDADE DE LICHINGA_CIDADE DE LICHINGA,35.24558878755181,-13.298038006470582,Mozambique,NMM,PM2.5
1003,2.4849865286714046,MOZAMBIQUE_NIASSA_CUAMBA_CIDADE DE CUAMBA,36.43225300678852,-14.65151757200614,Mozambique,NMM,PM2.5
1004,0.9223181828182804,MOZAMBIQUE_NIASSA_CUAMBA_ETATARA,36.50604736569097,-15.067722646032196,Mozambique,NMM,PM2.5
1005,0.03596660593242198,MOZAMBIQUE_NIASSA_CUAMBA_LÚRIO,36.74388384413436,-14.643139941997887,Mozambique,NMM,PM2.5
1006,0,MOZAMBIQUE_NIASSA_CUAMBA_MEPICA,36.27342275841742,-14.590957907953893,Mozambique,NMM,PM2.5
1007,0.25653341694356135,MOZAMBIQUE_NIASSA_LAGO_CÓBUE,35.0221799648129,-11.988797384472345,Mozambique,NMM,PM2.5
1008,0.07312415690187761,MOZAMBIQUE_NIASSA_LAGO_LUNHO,34.93957981389291,-12.442879629662482,Mozambique,NMM,PM2.5
1009,0.4476976051150242,MOZAMBIQUE_NIASSA_LAGO_MANIAMBA,35.03282976741832,-12.708593517824148,Mozambique,NMM,PM2.5
1010,0.1204087066089067,MOZAMBIQUE_NIASSA_LAGO_MELULUCA,34.858334813639914,-12.908685961985746,Mozambique,NMM,PM2.5
1011,0.907323839466439,MOZAMBIQUE_NIASSA_LAGO_METANGULA,34.86215758962762,-12.665576315058521,Mozambique,NMM,PM2.5
1012,0.4545933932018525,MOZAMBIQUE_NIASSA_MAJUNE_MALANGA,36.33165472317088,-13.08401614787644,Mozambique,NMM,PM2.5
1013,0.0356626403694802,MOZAMBIQUE_NIASSA_MAJUNE_MUAQUIA,36.67128728604254,-13.41002543814736,Mozambique,NMM,PM2.5
1014,0.12524995141246334,MOZAMBIQUE_NIASSA_MAJUNE_NAIRRUBI,36.15642160714719,-13.643230834070724,Mozambique,NMM,PM2.5
1015,2.1498686992705767,MOZAMBIQUE_NIASSA_MANDIMBA_LISSIETE,35.73028508291114,-14.332441674005302,Mozambique,NMM,PM2.5
1016,0.748715407544558,MOZAMBIQUE_NIASSA_MANDIMBA_MITANDE,35.98013612645266,-14.147764062736895,Mozambique,NMM,PM2.5
1017,0.09231631670738022,MOZAMBIQUE_NIASSA_MARRUPA_MARRANGIRA,37.72889340449302,-12.68953895503554,Mozambique,NMM,PM2.5
1018,0.9495597507542181,MOZAMBIQUE_NIASSA_MARRUPA_MARRUPA SEDE,37.19633769132261,-13.146463272129202,Mozambique,NMM,PM2.5
1019,0.11857699261205872,MOZAMBIQUE_NIASSA_MARRUPA_NUNGO,37.81925447353719,-13.478328866752053,Mozambique,NMM,PM2.5
1020,0.14416973390746848,MOZAMBIQUE_NIASSA_MAÚA_MAIACA,37.3005706489584,-14.114170204450419,Mozambique,NMM,PM2.5
1021,0.8259125119645108,MOZAMBIQUE_NIASSA_MAÚA_MAÚA,36.95858875508161,-13.837399370259327,Mozambique,NMM,PM2.5
1022,0.4148363389769299,MOZAMBIQUE_NIASSA_MAVAGO_MAVAGO SEDE,36.182550803240666,-12.258018044524356,Mozambique,NMM,PM2.5
1023,0.04948472337255605,MOZAMBIQUE_NIASSA_MAVAGO_MSAWIZE,36.597826594641965,-12.217689955331863,Mozambique,NMM,PM2.5
1024,0.38213538845399775,MOZAMBIQUE_NIASSA_MECANHELAS_CHIUTA,36.08847717751292,-14.74364623777168,Mozambique,NMM,PM2.5
1025,4.704063494145127,MOZAMBIQUE_NIASSA_MECANHELAS_INSACA,36.06761006964796,-15.20035211382043,Mozambique,NMM,PM2.5
1026,0.05647393372182441,MOZAMBIQUE_NIASSA_MECULA_MATONDOVELA,37.1193193013008,-12.085419283276117,Mozambique,NMM,PM2.5
1027,0.4323271261712285,MOZAMBIQUE_NIASSA_MECULA_MECULA SEDE,37.94951162557012,-11.849337861322065,Mozambique,NMM,PM2.5
1028,0.18292078582722623,MOZAMBIQUE_NIASSA_METARICA_NACUMUA,37.16022891434504,-14.413133439925444,Mozambique,NMM,PM2.5
1029,0.45307312544688727,MOZAMBIQUE_NIASSA_METARICA_NAMICUNDI,36.60578243101672,-14.246532016438536,Mozambique,NMM,PM2.5
1030,0.4542657598355845,MOZAMBIQUE_NIASSA_MUEMBE_CHICONONO,35.825200631872406,-12.703703422754193,Mozambique,NMM,PM2.5
1031,0.32373678797411437,MOZAMBIQUE_NIASSA_MUEMBE_MUEMBE,35.78045415030022,-13.116180648877394,Mozambique,NMM,PM2.5
1032,0.17879856704819946,MOZAMBIQUE_NIASSA_NGAUMA_ITEPELA,35.72513460549021,-13.747122663104934,Mozambique,NMM,PM2.5
1033,1.4888005883306994,MOZAMBIQUE_NIASSA_NGAUMA_MASSANGULO,35.43617637765224,-13.89029757440695,Mozambique,NMM,PM2.5
1034,0.004326357059818943,MOZAMBIQUE_NIASSA_NIPEPE_MULUCO,38.03235704715008,-13.729080948075778,Mozambique,NMM,PM2.5
1035,0.68552007081428,MOZAMBIQUE_NIASSA_NIPEPE_NIPEPE SEDE,37.868200779972554,-14.05769630156578,Mozambique,NMM,PM2.5
1036,0.630475305363399,MOZAMBIQUE_NIASSA_SANGA_LUSSIMBESSE,35.17879893805198,-13.045539587648593,Mozambique,NMM,PM2.5
1037,0.2803634302792824,MOZAMBIQUE_NIASSA_SANGA_MACALOGE,35.50896840865773,-12.2274899473508,Mozambique,NMM,PM2.5
1038,0.06800645181552925,MOZAMBIQUE_NIASSA_SANGA_MATCHEDJE,35.75189053128633,-11.753298058450781,Mozambique,NMM,PM2.5
1039,0.25143914841207904,MOZAMBIQUE_NIASSA_SANGA_UNANGO,35.34018877756437,-12.783844219315524,Mozambique,NMM,PM2.5
1040,1.7885091189854043,MOZAMBIQUE_SOFALA_BÚZI_BÚZI SEDE,34.36044794827508,-19.819912163773225,Mozambique,NMM,PM2.5
1041,0.6673986959393738,MOZAMBIQUE_SOFALA_BÚZI_ESTAQUINHA,34.16777219776005,-20.149116281359227,Mozambique,NMM,PM2.5
1042,0.23639723102962437,MOZAMBIQUE_SOFALA_BÚZI_NOVA SOFALA,34.51923951284964,-20.29614767325403,Mozambique,NMM,PM2.5
1043,0.842274250121013,MOZAMBIQUE_SOFALA_CAIA_CAIA SEDE,35.01870022079462,-17.9131888576579,Mozambique,NMM,PM2.5
1044,0,MOZAMBIQUE_SOFALA_CAIA_MURRACA,35.043543737221526,-17.704599519075483,Mozambique,NMM,PM2.5
1045,1.0903662461909869,MOZAMBIQUE_SOFALA_CAIA_SENA,34.958614543889205,-17.545518104260157,Mozambique,NMM,PM2.5
1046,0.49359005293448893,MOZAMBIQUE_SOFALA_CHEMBA_CHEMBA,34.796784909165844,-17.161346900583574,Mozambique,NMM,PM2.5
1047,0.11352109976932666,MOZAMBIQUE_SOFALA_CHEMBA_CHIRAMBA,34.46911953038281,-17.053102795299342,Mozambique,NMM,PM2.5
1048,0,MOZAMBIQUE_SOFALA_CHEMBA_MULIMA,34.63667292129747,-17.357412370668445,Mozambique,NMM,PM2.5
1049,0.5983448154850468,MOZAMBIQUE_SOFALA_CHERINGOMA_INHAMINGA,35.225847778954645,-18.633629386192386,Mozambique,NMM,PM2.5
1050,0.26923886493629623,MOZAMBIQUE_SOFALA_CHERINGOMA_INHAMITANGA,35.21803732270835,-18.19602497310624,Mozambique,NMM,PM2.5
1051,0.21593460267606637,MOZAMBIQUE_SOFALA_CHIBABAVA_CHIBABAVA,33.625822885571004,-20.32409844006914,Mozambique,NMM,PM2.5
1052,0.636552557256359,MOZAMBIQUE_SOFALA_CHIBABAVA_GOONDA SEDE,33.78093779690099,-20.00140681012032,Mozambique,NMM,PM2.5
1053,1.460244264678736,MOZAMBIQUE_SOFALA_CHIBABAVA_MUXUNGUE,34.00746860191191,-20.588553113130725,Mozambique,NMM,PM2.5
1054,0.7233086251103378,MOZAMBIQUE_SOFALA_CIDADE DA BEIRA_CHIVEVE,34.85910823293791,-19.837591338553143,Mozambique,NMM,PM2.5
1055,0.3631912630217412,MOZAMBIQUE_SOFALA_CIDADE DA BEIRA_MANGA LAFORTE,34.91731660730856,-19.78865079306362,Mozambique,NMM,PM2.5
1056,1.1013113547966107,MOZAMBIQUE_SOFALA_CIDADE DA BEIRA_MUNHAVA,34.87242987491962,-19.81345968978157,Mozambique,NMM,PM2.5
1057,0.5438855086009121,MOZAMBIQUE_SOFALA_CIDADE DA BEIRA_NHANGAU,34.98285843795014,-19.693063426738647,Mozambique,NMM,PM2.5
1058,65.15842239784652,MOZAMBIQUE_SOFALA_DONDO_CIDADE DE DONDO,34.813763994435696,-19.59912984557761,Mozambique,NMM,PM2.5
1059,3.6280419954885534,MOZAMBIQUE_SOFALA_DONDO_MAFAMBISSE,34.6172248295846,-19.41411670725845,Mozambique,NMM,PM2.5
1060,0.8846115048161985,MOZAMBIQUE_SOFALA_DONDO_SAVANE,34.99777842679284,-19.497504876595226,Mozambique,NMM,PM2.5
1061,1.5812069612741517,MOZAMBIQUE_SOFALA_GORONGOSA_CANDA,33.9411113462195,-18.5269605629544,Mozambique,NMM,PM2.5
1062,0.763908130505298,MOZAMBIQUE_SOFALA_GORONGOSA_GORONGOSA,34.32971484173921,-18.78446107770377,Mozambique,NMM,PM2.5
1063,0.42156929588598613,MOZAMBIQUE_SOFALA_GORONGOSA_VUNDUZI,34.343011287797125,-18.424602841983976,Mozambique,NMM,PM2.5
1064,5.278389667154906e-4,MOZAMBIQUE_SOFALA_MACHANGA_CHILOANE,34.92828212630066,-20.64925660347249,Mozambique,NMM,PM2.5
1065,0.11227964398883931,MOZAMBIQUE_SOFALA_MACHANGA_DIVINHE,34.674247443709874,-20.722876694861167,Mozambique,NMM,PM2.5
1066,0.46395236827922376,MOZAMBIQUE_SOFALA_MACHANGA_MACHANGA,34.442424245334195,-21.012616087372496,Mozambique,NMM,PM2.5
1067,0.4074672852509942,MOZAMBIQUE_SOFALA_MARÍNGUÈ_CANXIXE,34.37321686017075,-17.493505870047716,Mozambique,NMM,PM2.5
1068,0.8400211148161923,MOZAMBIQUE_SOFALA_MARÍNGUÈ_MARÍNGUÈ SEDE,34.485093419015286,-17.81780849718521,Mozambique,NMM,PM2.5
1069,0.2887556633688666,MOZAMBIQUE_SOFALA_MARÍNGUÈ_SUBUE,34.568189920354946,-18.170574357241573,Mozambique,NMM,PM2.5
1070,1.4238600937316626,MOZAMBIQUE_SOFALA_MARROMEU_CHUPANGA,35.53979136875223,-18.153606344651298,Mozambique,NMM,PM2.5
1071,1.0726125227166716,MOZAMBIQUE_SOFALA_MARROMEU_MARROMEU,35.850161288958624,-18.569407020896904,Mozambique,NMM,PM2.5
1072,0.21643612772099133,MOZAMBIQUE_SOFALA_MUANZA_GALINHA,35.16349786444109,-19.124539501625424,Mozambique,NMM,PM2.5
1073,0.12296006827162362,MOZAMBIQUE_SOFALA_MUANZA_MUANZA,34.678605858109435,-18.938987307842137,Mozambique,NMM,PM2.5
1074,3.8213529512008697,MOZAMBIQUE_SOFALA_NHAMATANDA_NHAMATANDA,34.133897175511564,-19.33606727775627,Mozambique,NMM,PM2.5
1075,1.2470264772811583,MOZAMBIQUE_SOFALA_NHAMATANDA_TICA,34.40940265650747,-19.335470302125614,Mozambique,NMM,PM2.5
1076,3.2921549781600623,MOZAMBIQUE_TETE_ANGÓNIA_DOMUE,34.06227681421749,-14.699140503078468,Mozambique,NMM,PM2.5
1077,1.8596280771475413,MOZAMBIQUE_TETE_ANGÓNIA_ULONGUE,34.349106886594804,-14.631151521449059,Mozambique,NMM,PM2.5
1078,0.7338681663041402,MOZAMBIQUE_TETE_CAHORA BASSA_CHINTHOLO,32.430533039546916,-16.216233615153374,Mozambique,NMM,PM2.5
1079,1.2559530635444973,MOZAMBIQUE_TETE_CAHORA BASSA_CHITIMA,32.56262609101031,-15.785800626605736,Mozambique,NMM,PM2.5
1080,0.6753153574473447,MOZAMBIQUE_TETE_CAHORA BASSA_SONGO,32.85012635482207,-15.642404356099279,Mozambique,NMM,PM2.5
1081,1.3551763084994883,MOZAMBIQUE_TETE_CHANGARA_CHIOCO,33.14018587060284,-16.42341231628667,Mozambique,NMM,PM2.5
1082,0.7018630404316119,MOZAMBIQUE_TETE_CHANGARA_LUENHA,33.11909292885668,-16.867569202571328,Mozambique,NMM,PM2.5
1083,0.4529924416568878,MOZAMBIQUE_TETE_CHIFUNDE_CHIFUNDE,32.92346063358836,-14.975687318128626,Mozambique,NMM,PM2.5
1084,1.3475334783424058,MOZAMBIQUE_TETE_CHIFUNDE_MUALADZI,32.96393250347011,-14.33950073375169,Mozambique,NMM,PM2.5
1085,0.0736817044711029,MOZAMBIQUE_TETE_CHIFUNDE_NSADZO,32.51914214687114,-14.524178249655883,Mozambique,NMM,PM2.5
1086,0.45214475710116814,MOZAMBIQUE_TETE_CHIÚTA_KAZULA,33.72636156193938,-15.477753515522302,Mozambique,NMM,PM2.5
1087,1.5518514385264761,MOZAMBIQUE_TETE_CHIÚTA_MANJE,33.25470436942447,-15.466819453220635,Mozambique,NMM,PM2.5
1088,2.81343659495749,MOZAMBIQUE_TETE_CIDADE DE TETE_CIDADE DE TETE,33.5668919310786,-16.139469255826608,Mozambique,NMM,PM2.5
1089,2.7267251478946593,MOZAMBIQUE_TETE_DÔA_DÔA,34.51760621797523,-16.598152740102016,Mozambique,NMM,PM2.5
1090,1.0118587421478886,MOZAMBIQUE_TETE_MACANGA_CHIDZOLOMONDO,33.35197753831337,-14.918724310435108,Mozambique,NMM,PM2.5
1091,2.8000061353115138,MOZAMBIQUE_TETE_MACANGA_FURANCUNGO,33.59727820804702,-14.761837402785105,Mozambique,NMM,PM2.5
1092,0,MOZAMBIQUE_TETE_MÁGOÈ_CHINTHOPO,30.78042037609181,-15.830563886420572,Mozambique,NMM,PM2.5
1093,0.27483059490547856,MOZAMBIQUE_TETE_MÁGOÈ_MPHENDE,31.891504022092988,-15.845371567366845,Mozambique,NMM,PM2.5
1094,0.9719929010682018,MOZAMBIQUE_TETE_MÁGOÈ_MUCUMBURA,31.574958142664922,-15.994013693857134,Mozambique,NMM,PM2.5
1095,1.972443176249621,MOZAMBIQUE_TETE_MARARA_MARARA,33.1767871500584,-16.057806017371547,Mozambique,NMM,PM2.5
1096,0.513629279641184,MOZAMBIQUE_TETE_MARÁVIA_CHIPERA,32.4829526094224,-15.434262338278346,Mozambique,NMM,PM2.5
1097,0.30262647656445757,MOZAMBIQUE_TETE_MARÁVIA_CHIPUTO,32.35344851188519,-15.03500771920889,Mozambique,NMM,PM2.5
1098,0.4674340541141668,MOZAMBIQUE_TETE_MARÁVIA_FINGOE,31.820992594832912,-15.343028415557255,Mozambique,NMM,PM2.5
1099,1.3456136569249,MOZAMBIQUE_TETE_MARÁVIA_MALOWERA,31.85357215677831,-14.713623464787132,Mozambique,NMM,PM2.5
1100,0.790473821641699,MOZAMBIQUE_TETE_MOATIZE_KAMBULATSITSI,34.20055460887969,-16.077264075157483,Mozambique,NMM,PM2.5
1101,4.105787411458641,MOZAMBIQUE_TETE_MOATIZE_MOATIZE,33.83033269026306,-16.159543586050585,Mozambique,NMM,PM2.5
1102,2.0841103607168674,MOZAMBIQUE_TETE_MOATIZE_ZOBUE,34.11068253295919,-15.64316936974153,Mozambique,NMM,PM2.5
1103,0.020310494796237314,MOZAMBIQUE_TETE_MUTARARA_CHARRE,35.188552287821736,-17.238598593622232,Mozambique,NMM,PM2.5
1104,1.6311116189163029,MOZAMBIQUE_TETE_MUTARARA_INHANGOMA,35.23245595498249,-17.507231579651293,Mozambique,NMM,PM2.5
1105,0.4310859008464482,MOZAMBIQUE_TETE_MUTARARA_NHAMAYABUE,35.003122661755604,-17.054371243733755,Mozambique,NMM,PM2.5
1106,2.606034347149597,MOZAMBIQUE_TETE_TSANGANO_NTENGO-WAMBALAME,34.41780906847001,-14.917178859746276,Mozambique,NMM,PM2.5
1107,1.23457908294202,MOZAMBIQUE_TETE_TSANGANO_TSANGANO,34.29919561554582,-15.250900940934416,Mozambique,NMM,PM2.5
1108,0,MOZAMBIQUE_TETE_ZUMBO_MUZE,31.19697252624993,-15.017374487026439,Mozambique,NMM,PM2.5
1109,0.5298976093910388,MOZAMBIQUE_TETE_ZUMBO_ZAMBUE,30.627783948317607,-15.080209177689394,Mozambique,NMM,PM2.5
1110,0,MOZAMBIQUE_TETE_ZUMBO_ZUMBO,30.98718853424653,-15.492944910698794,Mozambique,NMM,PM2.5
1111,2.317163671353574,MOZAMBIQUE_ZAMBÉZIA_ALTO MOLÓCUÈ_ALTO MOLÓCUÈ SEDE,37.75169980366362,-15.82968886527511,Mozambique,NMM,PM2.5
1112,4.087096708890819,MOZAMBIQUE_ZAMBÉZIA_ALTO MOLÓCUÈ_NAUELA,37.535152030135166,-15.39189561707578,Mozambique,NMM,PM2.5
1113,0.2136182895026449,MOZAMBIQUE_ZAMBÉZIA_CHINDE_CHINDE SEDE,36.270548844123184,-18.688008655189545,Mozambique,NMM,PM2.5
1114,0.6137623533652902,MOZAMBIQUE_ZAMBÉZIA_CHINDE_MICAUNE,36.474996279882056,-18.29299927576296,Mozambique,NMM,PM2.5
1115,0.2991391079242299,MOZAMBIQUE_ZAMBÉZIA_DERRE_GUERISSA,36.07517658059888,-17.391883949116988,Mozambique,NMM,PM2.5
1116,1.2283835009977542,MOZAMBIQUE_ZAMBÉZIA_DERRE_MACHINDO,36.14501762444021,-17.028813436740112,Mozambique,NMM,PM2.5
1117,2.6568901938217784,MOZAMBIQUE_ZAMBÉZIA_GILÉ_ALTO LIGONHA,38.32552055604672,-15.659236148992102,Mozambique,NMM,PM2.5
1118,2.6722005565043605,MOZAMBIQUE_ZAMBÉZIA_GILÉ_GILÉ,38.2910835056982,-16.135614998196157,Mozambique,NMM,PM2.5
1119,3.8548822313695137,MOZAMBIQUE_ZAMBÉZIA_GURUÈ_CIDADE DE GURUÈ,36.97092700344254,-15.416132819173738,Mozambique,NMM,PM2.5
1120,3.161275136005529,MOZAMBIQUE_ZAMBÉZIA_GURUÈ_LIOMA,36.85133659882104,-15.21304720853839,Mozambique,NMM,PM2.5
1121,1.2448815218007694,MOZAMBIQUE_ZAMBÉZIA_GURUÈ_MEPUAGIUA,37.13396038762665,-15.585338686929129,Mozambique,NMM,PM2.5
1122,2.9754755301174143,MOZAMBIQUE_ZAMBÉZIA_ILE_ILE,37.33517260666365,-16.094439327573667,Mozambique,NMM,PM2.5
1123,1.0097937789415437,MOZAMBIQUE_ZAMBÉZIA_ILE_SOCONE,37.24742867277951,-15.78891794152016,Mozambique,NMM,PM2.5
1124,0.3474859219766142,MOZAMBIQUE_ZAMBÉZIA_INHASSUNGE_GONHANE,36.76819719164744,-18.129199806980733,Mozambique,NMM,PM2.5
1125,0.7166523333925007,MOZAMBIQUE_ZAMBÉZIA_INHASSUNGE_MUCUPIA,36.82679627550589,-18.02052955876717,Mozambique,NMM,PM2.5
1126,1.2224358148065384,MOZAMBIQUE_ZAMBÉZIA_LUABO_CHIMBADZO,35.97977141123299,-18.196016220231943,Mozambique,NMM,PM2.5
1127,0.24322023610949203,MOZAMBIQUE_ZAMBÉZIA_LUABO_SAMORA MACHEL,36.18071023228471,-18.394390454565023,Mozambique,NMM,PM2.5
1128,0.8698591639574762,MOZAMBIQUE_ZAMBÉZIA_LUGELA_LUGELA SEDE,36.792817501899684,-16.327386357024547,Mozambique,NMM,PM2.5
1129,0.8329876684777514,MOZAMBIQUE_ZAMBÉZIA_LUGELA_MUABANAMA,36.47880843926437,-16.107038995469004,Mozambique,NMM,PM2.5
1130,0.8104104284282564,MOZAMBIQUE_ZAMBÉZIA_LUGELA_MUNHAMADE,36.953559162628835,-16.485068132775538,Mozambique,NMM,PM2.5
1131,0.7425431631771582,MOZAMBIQUE_ZAMBÉZIA_LUGELA_TACUANE,36.46670382747136,-16.401970766492536,Mozambique,NMM,PM2.5
1132,2.051725796941577,MOZAMBIQUE_ZAMBÉZIA_MAGANJA DA COSTA_MAGANJA DA COSTA,37.557492419314904,-17.31794215732248,Mozambique,NMM,PM2.5
1133,1.1503016522352512,MOZAMBIQUE_ZAMBÉZIA_MAGANJA DA COSTA_NANTE,37.278741977984176,-17.32317306931781,Mozambique,NMM,PM2.5
1134,0.7568755813773328,MOZAMBIQUE_ZAMBÉZIA_MILANGE_MAJAUA,35.436624982155294,-16.253643814284985,Mozambique,NMM,PM2.5
1135,3.3600132162947745,MOZAMBIQUE_ZAMBÉZIA_MILANGE_MILANGE SEDE,35.963973872998274,-16.234450769061095,Mozambique,NMM,PM2.5
1136,2.12486744834686,MOZAMBIQUE_ZAMBÉZIA_MILANGE_MONGUE,35.65648738221003,-16.442722119703557,Mozambique,NMM,PM2.5
1137,3.4912554233384467,MOZAMBIQUE_ZAMBÉZIA_MOCUBA_CIDADE DE MOCUBA,36.92085203297691,-17.018379997773273,Mozambique,NMM,PM2.5
1138,1.6465682895209897,MOZAMBIQUE_ZAMBÉZIA_MOCUBA_MUGEBA,37.29714017190822,-16.637901594506356,Mozambique,NMM,PM2.5
1139,1.0318358149161162,MOZAMBIQUE_ZAMBÉZIA_MOCUBA_NAMANJAVIRA,36.48988287703119,-16.806628981302676,Mozambique,NMM,PM2.5
1140,1.0286152235769714,MOZAMBIQUE_ZAMBÉZIA_MOCUBELA_BAJONE,37.895522331552115,-17.22544194310728,Mozambique,NMM,PM2.5
1141,0.7824150592886419,MOZAMBIQUE_ZAMBÉZIA_MOCUBELA_MOCUBELA,37.68028351815039,-16.88555041335021,Mozambique,NMM,PM2.5
1142,0.13599028832585972,MOZAMBIQUE_ZAMBÉZIA_MOLUMBO_CORROMANA,36.05791686767938,-15.749566179759793,Mozambique,NMM,PM2.5
1143,1.19976645700871,MOZAMBIQUE_ZAMBÉZIA_MOLUMBO_MOLUMBO SEDE,36.32068964426865,-15.602898065813545,Mozambique,NMM,PM2.5
1144,0.9393445535299291,MOZAMBIQUE_ZAMBÉZIA_MOPEIA_CAMPO,36.34626125703182,-17.82259550049933,Mozambique,NMM,PM2.5
1145,2.4617041083263342,MOZAMBIQUE_ZAMBÉZIA_MOPEIA_MOPEIA SEDE,35.80351735470755,-17.841703764849772,Mozambique,NMM,PM2.5
1146,0.7708221153201354,MOZAMBIQUE_ZAMBÉZIA_MORRUMBALA_CHIRE,35.53140807640189,-16.71068394183522,Mozambique,NMM,PM2.5
1147,0.6061099850724961,MOZAMBIQUE_ZAMBÉZIA_MORRUMBALA_MEGAZA,35.44414710494373,-17.34322259459494,Mozambique,NMM,PM2.5
1148,3.203123195338424,MOZAMBIQUE_ZAMBÉZIA_MORRUMBALA_MORRUMBALA SEDE,35.71818601432962,-17.24576425945072,Mozambique,NMM,PM2.5
1149,0.11900878100811006,MOZAMBIQUE_ZAMBÉZIA_MULEVALA_CHIRACO,37.76125440346422,-16.32163858126515,Mozambique,NMM,PM2.5
1150,1.2328029229981379,MOZAMBIQUE_ZAMBÉZIA_MULEVALA_M BAUANE,37.54642716961419,-16.40909467076002,Mozambique,NMM,PM2.5
1151,0.7185193556458924,MOZAMBIQUE_ZAMBÉZIA_NAMACURRA_MACUSE,37.22484678245629,-17.591775752107008,Mozambique,NMM,PM2.5
1152,0.14919948244439207,MOZAMBIQUE_ZAMBÉZIA_NAMACURRA_MALEI,37.01133444499841,-17.298645809649788,Mozambique,NMM,PM2.5
1153,2.2764668224316633,MOZAMBIQUE_ZAMBÉZIA_NAMACURRA_NAMACURRA SEDE,36.999724466727024,-17.475100608613698,Mozambique,NMM,PM2.5
1154,1.9494449263903821,MOZAMBIQUE_ZAMBÉZIA_NAMARROI_NAMARROI,36.932601372279954,-15.997062158730339,Mozambique,NMM,PM2.5
1155,0.9662157564558365,MOZAMBIQUE_ZAMBÉZIA_NAMARROI_REGONE,36.703202241179774,-15.741498193552788,Mozambique,NMM,PM2.5
1156,0.14201518308988142,MOZAMBIQUE_ZAMBÉZIA_NICOADALA_MUNHONHA,36.585288815320006,-17.577946128566236,Mozambique,NMM,PM2.5
1157,2.0021427594479215,MOZAMBIQUE_ZAMBÉZIA_NICOADALA_NICOADALA SEDE,36.663687161432556,-17.524080596030704,Mozambique,NMM,PM2.5
1158,1.421916406068088,MOZAMBIQUE_ZAMBÉZIA_PEBANE_MULELA,38.453959254758885,-16.77972576468378,Mozambique,NMM,PM2.5
1159,0.9495057849245873,MOZAMBIQUE_ZAMBÉZIA_PEBANE_NABURI,38.84329914869052,-16.53846306968174,Mozambique,NMM,PM2.5
1160,1.5173304791154953,MOZAMBIQUE_ZAMBÉZIA_PEBANE_PEBANE SEDE,38.11397763950611,-16.944696335246178,Mozambique,NMM,PM2.5
1161,1.726049821569878,MOZAMBIQUE_ZAMBÉZIA_QUELIMANE_MAQUIVAL,37.05066199126774,-17.80539223477135,Mozambique,NMM,PM2.5
1162,1.6592217621093748,MOZAMBIQUE_ZAMBÉZIA_QUELIMANE_QUELIMANE,36.917031879996124,-17.859838300308013,Mozambique,NMM,PM2.5
1163,1.4467740132546987,MOZAMBIQUE_SOFALA_CIDADE DA BEIRA_INHAMIZUA,34.80944811048006,-19.7342235382873,Mozambique,NMM,PM2.5
1164,0.06339429572709045,MOZAMBIQUE_CABO DELGADO_QUISSANGA_QUISSANGA,40.34522572679413,-12.388146823567476,Mozambique,NMM,PM2.5
1165,2.0157341339430888,MOZAMBIQUE_ZAMBÉZIA_NICOADALA_NAMACATA,36.87753030165205,-17.747483505410734,Mozambique,NMM,PM2.5
1166,1.081930131503199,NAMIBIA_ZAMBEZI_KABBE,24.793790035168254,-17.667984075409294,Namibia,NMM,PM2.5
1167,2.474401007087618,NAMIBIA_ZAMBEZI_KATIMA MULILO RURAL,24.454538835228554,-17.783707702671318,Namibia,NMM,PM2.5
1168,0.5718103863169425,NAMIBIA_ZAMBEZI_KATIMA MULILO URBAN,24.279746190016365,-17.50806511335707,Namibia,NMM,PM2.5
1169,0.20731783040506574,NAMIBIA_ZAMBEZI_KONGOLA,23.264204346697873,-17.80294902774862,Namibia,NMM,PM2.5
1170,0.2584432098562055,NAMIBIA_ZAMBEZI_LINYANTI,23.671437828262256,-18.092266566594112,Namibia,NMM,PM2.5
1171,0.12168192033429362,NAMIBIA_ZAMBEZI_SIBBINDA,24.108590663155443,-17.85835022128321,Namibia,NMM,PM2.5
1172,0.6773051236644685,NAMIBIA_ERONGO_ARANDIS,14.691497629475606,-22.264372494788464,Namibia,NMM,PM2.5
1173,0.10795760112460243,NAMIBIA_ERONGO_DAURES,14.93756663805144,-21.37524651621252,Namibia,NMM,PM2.5
1174,0.8706791110379577,NAMIBIA_ERONGO_KARIBIB,15.787173934663985,-22.30410061850206,Namibia,NMM,PM2.5
1175,0.6639975194103648,NAMIBIA_ERONGO_OMARURU,15.95833063241253,-21.31749516745864,Namibia,NMM,PM2.5
1176,3.9790988108250374,NAMIBIA_ERONGO_SWAKOPMUND,14.59907978731461,-22.6202601717113,Namibia,NMM,PM2.5
1177,6.723328201744405,NAMIBIA_ERONGO_WALVIS BAY RURAL,15.043164785735584,-23.30666115914993,Namibia,NMM,PM2.5
1178,0.9081908739742516,NAMIBIA_ERONGO_WALVIS BAY URBAN,14.51062497535283,-22.954088068577146,Namibia,NMM,PM2.5
1179,0.5280221428750816,NAMIBIA_HARDAP_GIBEON,16.211055584954146,-24.728927802737125,Namibia,NMM,PM2.5
1180,1.3396395306662245,NAMIBIA_HARDAP_MARIENTAL RURAL,18.931178051035655,-24.55690325528673,Namibia,NMM,PM2.5
1181,1.103953009465887,NAMIBIA_HARDAP_MARIENTAL URBAN,17.552231711371142,-24.506156912910303,Namibia,NMM,PM2.5
1182,0.0952947890349126,NAMIBIA_HARDAP_REHOBOTH RURAL,16.94802061214784,-23.797424696279414,Namibia,NMM,PM2.5
1183,1.2961146247325568,NAMIBIA_HARDAP_REHOBOTH URBAN EAST,17.140914395565115,-23.302814761538283,Namibia,NMM,PM2.5
1184,2.0866021287454513,NAMIBIA_HARDAP_REHOBOTH URBAN WEST,17.035406416002225,-23.29213818904565,Namibia,NMM,PM2.5
1185,0.22966192575279853,NAMIBIA_//KARAS_BERSEBA,17.43213672122362,-26.402137402623683,Namibia,NMM,PM2.5
1186,1.0360126876543614,NAMIBIA_//KARAS_KARASBURG,18.711773230367335,-28.093418586403676,Namibia,NMM,PM2.5
1187,0.6472136962445253,NAMIBIA_//KARAS_KEETMANSHOOP RURAL,18.963044948025257,-26.591724991032446,Namibia,NMM,PM2.5
1188,1.8594089019189741,NAMIBIA_//KARAS_KEETMANSHOOP URBAN,18.13828868505545,-26.52392990789683,Namibia,NMM,PM2.5
1189,0.8871890862506975,NAMIBIA_//KARAS_LUDERITZ,15.864291361495141,-26.644991721573984,Namibia,NMM,PM2.5
1190,1.3721247045133331,NAMIBIA_//KARAS_ORANJEMUND,16.84821332532997,-28.056930475767597,Namibia,NMM,PM2.5
1191,0.6250654784643975,NAMIBIA_KAVANGO EAST_MASHARE,20.090779832016132,-18.617546949007107,Namibia,NMM,PM2.5
1192,0.9367910788255926,NAMIBIA_KAVANGO EAST_MUKWE,21.71929868242943,-18.093691738891703,Namibia,NMM,PM2.5
1193,1.4332187529000353,NAMIBIA_KAVANGO EAST_NDIYONA,20.70537677949861,-18.57519053865166,Namibia,NMM,PM2.5
1194,5.369842554630063,NAMIBIA_KAVANGO EAST_RUNDU RURAL WEST,19.729735628949058,-18.20829568264125,Namibia,NMM,PM2.5
1195,0.7335590006393342,NAMIBIA_KAVANGO EAST_RUNDU URBAN,19.77048535736296,-17.905684519464447,Namibia,NMM,PM2.5
1196,1.5040724358352213,NAMIBIA_KAVANGO EAST_RUNDU RURAL EAST,19.918903908289927,-18.018190028726913,Namibia,NMM,PM2.5
1197,1.865989753716817,NAMIBIA_KHOMAS_TOBIAS HAINYEKO,17.064566285247462,-22.491571002219786,Namibia,NMM,PM2.5
1198,0.6352907908187392,NAMIBIA_KHOMAS_KATUTURA CENTRAL,17.053093806653106,-22.5235276855212,Namibia,NMM,PM2.5
1199,0.8259471189156401,NAMIBIA_KHOMAS_KATUTURA EAST,17.064629491748327,-22.520906899274305,Namibia,NMM,PM2.5
1200,6.559855125134697,NAMIBIA_KHOMAS_KHOMASDAL NORTH,17.02393885405345,-22.546692524938113,Namibia,NMM,PM2.5
1201,0.5905448743622678,NAMIBIA_KHOMAS_SOWETO,17.04634348136182,-22.518971599270618,Namibia,NMM,PM2.5
1202,4.081158125533612,NAMIBIA_KHOMAS_SAMORA MACHEL,17.011693927957612,-22.515093718237296,Namibia,NMM,PM2.5
1203,4.135759990962717,NAMIBIA_KHOMAS_WINDHOEK EAST,17.14408226450097,-22.62046223783627,Namibia,NMM,PM2.5
1204,7.3028062172786985,NAMIBIA_KHOMAS_WINDHOEK RURAL,17.152644209354136,-22.919981679213087,Namibia,NMM,PM2.5
1205,13.97291161363566,NAMIBIA_KHOMAS_WINDHOEK WEST,16.999274417411097,-22.61413420573047,Namibia,NMM,PM2.5
1206,1.6521576362098456,NAMIBIA_KHOMAS_MOSES //GAROEB,17.04398509888085,-22.46917693709735,Namibia,NMM,PM2.5
1207,0.6852254251162103,NAMIBIA_KUNENE_EPUPA,12.951182297756084,-17.577768817143944,Namibia,NMM,PM2.5
1208,0.2835540940819053,NAMIBIA_KUNENE_KAMANAJB,15.32465722582946,-19.802405761415024,Namibia,NMM,PM2.5
1209,0.769030688691498,NAMIBIA_KUNENE_KHORIXAS,14.18082561343677,-20.491501565211138,Namibia,NMM,PM2.5
1210,1.4826803816815468,NAMIBIA_KUNENE_OPUWO,13.206749264241742,-18.475898236405577,Namibia,NMM,PM2.5
1211,1.0595227333215007,NAMIBIA_KUNENE_OUTJO,16.274442963394687,-19.825265069447923,Namibia,NMM,PM2.5
1212,0.19889552067829178,NAMIBIA_KUNENE_SESFONTEIN,13.640868650570905,-19.49338092253463,Namibia,NMM,PM2.5
1213,0.5716368608861255,NAMIBIA_OHANGWENA_EENHANA,16.353020701398215,-17.671032492551955,Namibia,NMM,PM2.5
1214,0.28083158209573206,NAMIBIA_OHANGWENA_ENDOLA,15.820859010662058,-17.625815642509547,Namibia,NMM,PM2.5
1215,0.9808701100693721,NAMIBIA_OHANGWENA_ENGELA,15.748718902094708,-17.518181174101677,Namibia,NMM,PM2.5
1216,0.16373828597923154,NAMIBIA_OHANGWENA_EPEMBE,16.685598245035656,-17.66735533080767,Namibia,NMM,PM2.5
1217,0.4156793037136919,NAMIBIA_OHANGWENA_OHANGWENA,15.882643502502614,-17.520931558141168,Namibia,NMM,PM2.5
1218,0.3170821721831054,NAMIBIA_OHANGWENA_OKONGO,17.455737413504714,-17.57117050323505,Namibia,NMM,PM2.5
1219,0.48905636535509833,NAMIBIA_OHANGWENA_OMUNDAUNGILO,16.578551766563972,-17.449506206889357,Namibia,NMM,PM2.5
1220,0.3058170344161128,NAMIBIA_OHANGWENA_ONDOBE,16.18459197141436,-17.477949671341534,Namibia,NMM,PM2.5
1221,0.8943903438963489,NAMIBIA_OHANGWENA_ONGENGA,15.668516925400173,-17.447258578058655,Namibia,NMM,PM2.5
1222,0.5571547541401607,NAMIBIA_OHANGWENA_OSHIKANGO,15.988943461829676,-17.457271133054828,Namibia,NMM,PM2.5
1223,0.397658335060943,NAMIBIA_OHANGWENA_OMULONGA,16.093754261365657,-17.654017776298947,Namibia,NMM,PM2.5
1224,0.07510129010360211,NAMIBIA_OMAHEKE_AMINUIS,19.295775953525137,-23.417526891993003,Namibia,NMM,PM2.5
1225,2.2766263853883615,NAMIBIA_OMAHEKE_GOBABIS,18.604707150106318,-22.71498381235896,Namibia,NMM,PM2.5
1226,0.35488202595871704,NAMIBIA_OMAHEKE_KALAHARI,19.48312846470799,-22.503052429131507,Namibia,NMM,PM2.5
1227,0.20386788743741607,NAMIBIA_OMAHEKE_OTJINENE,18.982375532173915,-20.874933868522408,Namibia,NMM,PM2.5
1228,0.08252596987867912,NAMIBIA_OMAHEKE_OTJOMBINDE,20.498308652977602,-21.175886752549744,Namibia,NMM,PM2.5
1229,0.3120229397514849,NAMIBIA_OMAHEKE_STEINHAUSEN,18.80813704803802,-21.78488609292944,Namibia,NMM,PM2.5
1230,0.03557582711973054,NAMIBIA_OMAHEKE_EPUKIRO,19.646436307793838,-20.93506528769702,Namibia,NMM,PM2.5
1231,0.07182407487434633,NAMIBIA_OMUSATI_ANAMULENGE,15.10483056097633,-17.506116865915512,Namibia,NMM,PM2.5
1232,0.008021177878296051,NAMIBIA_OMUSATI_ELIM,15.413739072297282,-17.82200407359759,Namibia,NMM,PM2.5
1233,0.33880013561687883,NAMIBIA_OMUSATI_ETAYI,15.519494125234022,-17.546723554965112,Namibia,NMM,PM2.5
1234,0.0357305663999484,NAMIBIA_OMUSATI_OGONGO,15.170545752866131,-17.721649210815624,Namibia,NMM,PM2.5
1235,0.08400936611069716,NAMIBIA_OMUSATI_OKAHAO,14.876116003002421,-18.693051850022275,Namibia,NMM,PM2.5
1236,0.2456299166840939,NAMIBIA_OMUSATI_OKALONGO,15.28878445011893,-17.500821675929387,Namibia,NMM,PM2.5
1237,0.08561279107070631,NAMIBIA_OMUSATI_ONESI,14.628083358790452,-17.577424359547425,Namibia,NMM,PM2.5
1238,0.2317408332428057,NAMIBIA_OMUSATI_OSHIKUKU,15.392620794511467,-17.690835725085098,Namibia,NMM,PM2.5
1239,0.6470423952214273,NAMIBIA_OMUSATI_OUTAPI,14.846441471749827,-17.517573911214274,Namibia,NMM,PM2.5
1240,0.3036237873332831,NAMIBIA_OMUSATI_RUACANA,14.407777044865957,-18.097615436899044,Namibia,NMM,PM2.5
1241,0.1578742216540836,NAMIBIA_OMUSATI_TSANDI,14.78614887515016,-17.886312407797114,Namibia,NMM,PM2.5
1242,0.04981054068638174,NAMIBIA_OMUSATI_OTAMANZI,15.358988115665142,-18.525957641318243,Namibia,NMM,PM2.5
1243,0.4681481009273736,NAMIBIA_OSHANA_OKAKU,15.943162766854906,-17.77022559144506,Namibia,NMM,PM2.5
1244,2.703240147488932,NAMIBIA_OSHANA_OKATANA,15.574759437909428,-17.820795199376207,Namibia,NMM,PM2.5
1245,0.052926444648326305,NAMIBIA_OSHANA_OKATJALI,15.924923293889925,-18.15395120107729,Namibia,NMM,PM2.5
1246,0.058236022612506794,NAMIBIA_OSHANA_OMPUNDJA,15.659629403226038,-18.011357008061164,Namibia,NMM,PM2.5
1247,1.4623701905275557,NAMIBIA_OSHANA_ONDANGWA,15.89055793163545,-17.88939506257595,Namibia,NMM,PM2.5
1248,2.4373131542697477,NAMIBIA_OSHANA_ONGWEDIVA,15.823548294632106,-17.763524478913496,Namibia,NMM,PM2.5
1249,1.2596568669466892,NAMIBIA_OSHANA_OSHAKATI EAST,15.735869553936352,-17.86260914126032,Namibia,NMM,PM2.5
1250,0.575084220041438,NAMIBIA_OSHANA_OSHAKATI WEST,15.624549764682277,-17.857865215295526,Namibia,NMM,PM2.5
1251,1.648191036431925,NAMIBIA_OSHANA_UUKWIYU,15.884221094272657,-17.99618085800174,Namibia,NMM,PM2.5
1252,0.0990229095963058,NAMIBIA_OSHANA_UUVUDHIYA,15.696372341891102,-18.671160629838095,Namibia,NMM,PM2.5
1253,0.052411248773309035,NAMIBIA_OSHIKOTO_EENGONDI,17.332440762836534,-18.19310832303004,Namibia,NMM,PM2.5
1254,0.8935909890834818,NAMIBIA_OSHIKOTO_GUINAS,17.594343489923055,-18.89437399671328,Namibia,NMM,PM2.5
1255,0.11981433448507957,NAMIBIA_OSHIKOTO_OKANKOLO,17.177875343763045,-17.878323021444082,Namibia,NMM,PM2.5
1256,0.5908674865161819,NAMIBIA_OSHIKOTO_OLUKONDA,16.068385898650977,-18.038011932787096,Namibia,NMM,PM2.5
1257,0.06642482798543098,NAMIBIA_OSHIKOTO_OMUNTELE,16.169328087187097,-18.334827887672034,Namibia,NMM,PM2.5
1258,0.08785520289767657,NAMIBIA_OSHIKOTO_OMUTHIYAGWIIPUNDI,16.51029242566859,-18.898858129359702,Namibia,NMM,PM2.5
1259,0.38740603064990276,NAMIBIA_OSHIKOTO_ONAYENA,16.207793411083593,-17.950862651129206,Namibia,NMM,PM2.5
1260,0.5649967359184965,NAMIBIA_OSHIKOTO_ONIIPA,16.069902480232454,-17.845135062553666,Namibia,NMM,PM2.5
1261,0.22382312761771075,NAMIBIA_OSHIKOTO_ONYAANYA,16.357556814301276,-18.090881069656568,Namibia,NMM,PM2.5
1262,1.833736811298025,NAMIBIA_OSHIKOTO_TSUMEB,17.719219426941624,-19.233610933756992,Namibia,NMM,PM2.5
1263,1.7862601364555402,NAMIBIA_OTJOZONDJUPA_GROOTFONTEIN,18.435300956629483,-19.307687617586755,Namibia,NMM,PM2.5
1264,2.4268234118047505,NAMIBIA_OTJOZONDJUPA_OKAHANDJA,16.668747555463238,-21.83565240672381,Namibia,NMM,PM2.5
1265,0.24134669989567292,NAMIBIA_OTJOZONDJUPA_OKAKARARA,18.334564244255255,-20.38760912604105,Namibia,NMM,PM2.5
1266,1.8074686700331908,NAMIBIA_OTJOZONDJUPA_OMATAKO,17.282520645457858,-21.20096061005428,Namibia,NMM,PM2.5
1267,132.76578657092327,NAMIBIA_OTJOZONDJUPA_OTAVI,17.328950067683728,-19.86763044479583,Namibia,NMM,PM2.5
1268,2.857010732373781,NAMIBIA_OTJOZONDJUPA_OTJIWARONGO,16.251829448720684,-20.505042965104394,Namibia,NMM,PM2.5
1269,0.25141670915085823,NAMIBIA_OTJOZONDJUPA_TSUMKWE,19.9533987514376,-19.722419209002222,Namibia,NMM,PM2.5
1270,1.0878988975643178,NAMIBIA_KAVANGO WEST_KAHENGE,18.861763150665734,-18.28861226947196,Namibia,NMM,PM2.5
1271,1.5717918432199711,NAMIBIA_KAVANGO WEST_KAPAKO,19.43557328650503,-18.551716439141092,Namibia,NMM,PM2.5
1272,0.7698001092080458,NAMIBIA_KAVANGO WEST_MPUNGU,18.26159001570929,-18.04481891772234,Namibia,NMM,PM2.5
1273,37.92631508234553,Buffalo City (BUF),27.598864254477117,-32.94800582792056,SA,NMM,PM2.5
1274,195.80037199801382,City of Cape Town (CPT),18.594296829494326,-33.892706933725236,SA,NMM,PM2.5
1275,3.704759716963385,Camdeboo/Ikwezi/Baviaans (EC101),24.089957646273938,-32.8452024220234,SA,NMM,PM2.5
1276,1.9127994493844447,Blue Crane Rout/ie (EC102),25.41308680240521,-32.778160968279536,SA,NMM,PM2.5
1277,5.11190730347597,Makana (EC104),26.408254634609886,-33.23516631902399,SA,NMM,PM2.5
1278,2.922078490653727,Ndlambe (EC105),26.743980167056392,-33.52310164874916,SA,NMM,PM2.5
1279,3.131108928568314,Sundays River Valley (EC106),25.496722441767997,-33.51169278867713,SA,NMM,PM2.5
1280,3.791780603843797,Kouga (EC108),24.79959562862642,-33.90429867869783,SA,NMM,PM2.5
1281,1.626089322375338,Kou-Kamma (EC109),24.060086657020488,-33.867609516127736,SA,NMM,PM2.5
1282,3.1157790326288586,Mbhashe (EC121),28.575231014835296,-32.13220971938858,SA,NMM,PM2.5
1283,12.090844570310102,Mnquma (EC122),28.156661393124235,-32.34546010162823,SA,NMM,PM2.5
1284,0.8556037422572306,Great Kei (EC123),28.009533893856762,-32.65908476816192,SA,NMM,PM2.5
1285,3.9172541706522863,Amahlathi (EC124),27.33351960038348,-32.502457790779154,SA,NMM,PM2.5
1286,1.4363217585698174,Ngqushwa (EC126),27.190552108198407,-33.197883930507096,SA,NMM,PM2.5
1287,5.033018192482146,Nkonkobe/Nxuba (EC129),26.56395343016319,-32.68648839664744,SA,NMM,PM2.5
1288,4.241573571423543,Inxuba Yethemba (EC131),25.321553083523288,-31.86297467718648,SA,NMM,PM2.5
1289,1.5904943154315172,Intsika Yethu (EC135),27.65645293007968,-31.967410209741036,SA,NMM,PM2.5
1290,3.3129017512921872,Emalahleni (EC136),27.196289987483134,-31.59599819484559,SA,NMM,PM2.5
1291,1.3801890975001734,Engcobo (EC137),28.091140856688877,-31.681331250222897,SA,NMM,PM2.5
1292,1.8288653388883953,Sakhisizwe (EC138),27.784464653423093,-31.443073463199052,SA,NMM,PM2.5
1293,11.0820487866073,Tsolwana/Inkwanca/Lukanji (EC139),26.44231171599927,-31.82713277165301,SA,NMM,PM2.5
1294,2.34907709932957,Elundini (EC141),28.332923728488446,-30.924613490171907,SA,NMM,PM2.5
1295,3.7237308578308346,Senqu (EC142),27.561052438944984,-30.865504121282964,SA,NMM,PM2.5
1296,4.093129853287735,Maletswai/Gariep (EC145),26.297982166534812,-30.99072562439091,SA,NMM,PM2.5
1297,8.487472615318396,Ngquza Hill (EC153),29.61936077896737,-31.240526584482595,SA,NMM,PM2.5
1298,3.2617309075845755,Port St Johns (EC154),29.42127994736776,-31.536133432650935,SA,NMM,PM2.5
1299,8.686791607281599,Nyandeni (EC155),29.06791507221619,-31.593568922888913,SA,NMM,PM2.5
1300,3.1767313043748446,Mhlontlo (EC156),28.77986734009031,-31.200925478397178,SA,NMM,PM2.5
1301,12.96929132336202,King Sabata Dalindyebo (EC157),28.67245651353882,-31.763159249936695,SA,NMM,PM2.5
1302,5.090158041259564,Matatiele (EC441),28.799576805046378,-30.346800314394653,SA,NMM,PM2.5
1303,4.658361480448233,Umzimvubu (EC442),29.024650004658934,-30.77669158331251,SA,NMM,PM2.5
1304,9.392382733296822,Mbizana (EC443),29.846100390912305,-30.94913834267403,SA,NMM,PM2.5
1305,3.916224559358478,Ntabankulu (EC444),29.301335289494258,-30.979143187316314,SA,NMM,PM2.5
1306,298.41449174232065,Ekurhuleni (EKU),28.312610799006872,-26.19890180039359,SA,NMM,PM2.5
1307,341.2061451192787,eThekwini (ETH),30.83613967872446,-29.834217800959394,SA,NMM,PM2.5
1308,27.233421481926797,Letsemeng (FS161),25.014921531561004,-29.358108946328255,SA,NMM,PM2.5
1309,2.8248483582060273,Kopanong (FS162),25.64114039286138,-29.975908538082983,SA,NMM,PM2.5
1310,2.991694551490465,Mohokare (FS163),26.70843376153791,-30.20845860575575,SA,NMM,PM2.5
1311,5.799368468804808,Masilonyana (FS181),26.617458659326235,-28.631554189395228,SA,NMM,PM2.5
1312,110.55757847670253,Tokologo (FS182),25.355991999884054,-28.472588777335627,SA,NMM,PM2.5
1313,3.198712253615805,Tswelopele (FS183),25.931548564559048,-28.066074672660065,SA,NMM,PM2.5
1314,106.40336262414851,Matjhabeng (FS184),26.91629852178738,-28.044206331040705,SA,NMM,PM2.5
1315,11.164920865806838,Nala (FS185),26.443501057951472,-27.620085113823276,SA,NMM,PM2.5
1316,5.34270202257414,Setsoto (FS191),27.611849107223822,-28.597460113677133,SA,NMM,PM2.5
1317,5.858865586727482,Dihlabeng (FS192),28.293898689286305,-28.362439638603284,SA,NMM,PM2.5
1318,2.615105428064071,Nketoana (FS193),28.246098639230098,-27.849730288880405,SA,NMM,PM2.5
1319,17.118036075450167,Maluti a Phofung (FS194),29.025155447117413,-28.332211824313816,SA,NMM,PM2.5
1320,1.859141496357093,Phumelela (FS195),29.22855332756709,-27.676780478565117,SA,NMM,PM2.5
1321,2.3435843460204193,Mantsopa (FS196),27.217597861072438,-29.135212154732272,SA,NMM,PM2.5
1322,10.601977100975347,Moqhaka (FS201),27.193724011739675,-27.500952572439758,SA,NMM,PM2.5
1323,5.375559232542517,Ngwathe (FS203),27.731911356224305,-27.2957570942759,SA,NMM,PM2.5
1324,11.4550989542226,Metsimaholo (FS204),28.043759146658957,-26.929132626752555,SA,NMM,PM2.5
1325,2.646894211135895,Mafube (FS205),28.60779443701931,-27.269640781466524,SA,NMM,PM2.5
1326,43.52456917277524,Emfuleni (GT421),27.78119575062538,-26.628372404139963,SA,NMM,PM2.5
1327,16.262314319764723,Midvaal (GT422),28.12922429452965,-26.623049056706034,SA,NMM,PM2.5
1328,17.087804082380625,Lesedi (GT423),28.506672206506963,-26.461472069502342,SA,NMM,PM2.5
1329,234.34835261566337,Mogale City (GT481),27.683044173467124,-25.9870777312359,SA,NMM,PM2.5
1330,54.12598699654186,Merafong City (GT484),27.39947301236414,-26.416916316259925,SA,NMM,PM2.5
1331,173.82335509261517,New (GT485),27.630358282577387,-26.305377895109828,SA,NMM,PM2.5
1332,362.8515079635671,City of Johannesburg (JHB),27.963520457163874,-26.17673292466971,SA,NMM,PM2.5
1333,5.036652429365439,Umdoni (KZN212),30.564296422383766,-30.26941215278416,SA,NMM,PM2.5
1334,143.1255381007063,Umzumbe (KZN213),30.34109349485651,-30.48625213454723,SA,NMM,PM2.5
1335,3.8465798557644493,uMuziwabantu (KZN214),29.876024661538295,-30.631036716984855,SA,NMM,PM2.5
1336,16.280825208815994,Hibiscus Coast (KZN216),30.256268392679218,-30.777445434896816,SA,NMM,PM2.5
1337,7.564143123726387,uMshwathi (KZN221),30.57723304743919,-29.382907146378955,SA,NMM,PM2.5
1338,6.6116633016222455,uMngeni (KZN222),30.090331468395576,-29.437893652146563,SA,NMM,PM2.5
1339,1.0799617499632443,Mpofana (KZN223),30.025271395990348,-29.190997264613035,SA,NMM,PM2.5
1340,1.341264619342795,Impendle (KZN224),29.731276209974812,-29.554937527064798,SA,NMM,PM2.5
1341,27.419990028557642,The Msunduzi (KZN225),30.265492525577752,-29.670137497352023,SA,NMM,PM2.5
1342,4.1576752880454935,Mkhambathini (KZN226),30.54531080327023,-29.843574776336624,SA,NMM,PM2.5
1343,4.113387668946942,Richmond (KZN227),30.284544545669366,-29.892451867819272,SA,NMM,PM2.5
1344,4.94787171118763,Okhahlamba (KZN235),29.316126781081834,-28.755389135601764,SA,NMM,PM2.5
1345,9.938872044257225,New (KZN237),29.823208639417057,-28.98844294297501,SA,NMM,PM2.5
1346,13.43820547180341,New (KZN238),29.85903127009922,-28.465502298380606,SA,NMM,PM2.5
1347,7.135696063987336,Endumeni (KZN241),30.298724252947004,-28.170872262516635,SA,NMM,PM2.5
1348,4.589641871814635,Nqutu (KZN242),30.738402602971842,-28.3057856426724,SA,NMM,PM2.5
1349,5.530308666968565,Msinga (KZN244),30.448438956915833,-28.605909275422903,SA,NMM,PM2.5
1350,4.612961133188742,Umvoti (KZN245),30.674407652928558,-29.025108014344248,SA,NMM,PM2.5
1351,21.087406320862076,Newcastle (KZN252),29.876255990263406,-27.739276183545844,SA,NMM,PM2.5
1352,7.151943348348466,Emadlangeni (KZN253),30.321232039938934,-27.617907330365107,SA,NMM,PM2.5
1353,12.495295845482978,Dannhauser (KZN254),30.002289977265942,-28.021393744339566,SA,NMM,PM2.5
1354,3.826319465527606,eDumbe (KZN261),30.81062292956855,-27.469617673094547,SA,NMM,PM2.5
1355,6.119698447986827,uPhongolo (KZN262),31.598159005752375,-27.483608832173115,SA,NMM,PM2.5
1356,14.210550370502142,Abaqulusi (KZN263),31.05300673776844,-27.8257482171015,SA,NMM,PM2.5
1357,6.543221618662404,Nongoma (KZN265),31.745560356874247,-27.911780178568517,SA,NMM,PM2.5
1358,5.650543662977519,Ulundi (KZN266),31.309444916664436,-28.239580055499665,SA,NMM,PM2.5
1359,2.5975507894029555,Umhlabuyalingana (KZN271),32.56381651356431,-27.243472986556462,SA,NMM,PM2.5
1360,3.526519061419494,Jozini (KZN272),32.14557048188946,-27.36815301488439,SA,NMM,PM2.5
1361,6.037530208193649,Mtubatuba (KZN275),32.29495200731668,-28.28774563454697,SA,NMM,PM2.5
1362,2.514403909539162,New (KZN276),32.196439917229256,-28.03451780762441,SA,NMM,PM2.5
1363,66.45566811962166,Mfolozi (KZN281),32.08205666681106,-28.54943900730811,SA,NMM,PM2.5
1364,35.52598513024679,uMhlathuze (KZN282),31.879279732627545,-28.731153462649306,SA,NMM,PM2.5
1365,9.217551866511782,uMlalazi (KZN284),31.444902303281012,-28.904859982322336,SA,NMM,PM2.5
1366,2.3891731061654924,Mthonjaneni (KZN285),31.46989521594373,-28.566641254058112,SA,NMM,PM2.5
1367,4.135368113962725,Nkandla (KZN286),30.992847475348313,-28.65874298560281,SA,NMM,PM2.5
1368,4.731649212566372,Mandeni (KZN291),31.467602405876107,-29.12389810299933,SA,NMM,PM2.5
1369,12.655959037973004,KwaDukuza (KZN292),31.25513058898549,-29.355999737664646,SA,NMM,PM2.5
1370,5.2614653595934655,Ndwedwe (KZN293),30.971145236611328,-29.424489832181724,SA,NMM,PM2.5
1371,2.8865537936741985,Maphumulo (KZN294),31.061676575865707,-29.11112579364772,SA,NMM,PM2.5
1372,3.656756542286413,Greater Kokstad (KZN433),29.333985724860153,-30.300940129030153,SA,NMM,PM2.5
1373,3.997757845118854,Ubuhlebezwe (KZN434),30.164623949729094,-30.19252582259694,SA,NMM,PM2.5
1374,6.811598862691632,Umzimkhulu (KZN435),29.73770155638459,-30.291659472535116,SA,NMM,PM2.5
1375,2.706367089010931,New (KZN436),29.59925971197213,-29.82995036987778,SA,NMM,PM2.5
1376,18.332187736855936,Greater Giyani (LIM331),30.899690443403223,-23.363950859740118,SA,NMM,PM2.5
1377,9.495788711536775,Greater Letaba (LIM332),30.27459722174666,-23.51164855271159,SA,NMM,PM2.5
1378,23.68925716733428,Greater Tzaneen (LIM333),30.25340441091674,-23.835977770536683,SA,NMM,PM2.5
1379,32.82931678648358,Ba-Phalaborwa (LIM334),31.191583756193857,-23.776931100454973,SA,NMM,PM2.5
1380,4.6554039395377975,Maruleng (LIM335),30.785641757876952,-24.291507940529854,SA,NMM,PM2.5
1381,27.793203558701016,Musina (LIM341),30.05077110077547,-22.452444078436113,SA,NMM,PM2.5
1382,22.823369661816187,Thulamela (LIM343),30.555384649799517,-22.785680862120937,SA,NMM,PM2.5
1383,24.194757515893723,Makhado (LIM344),29.7486767332841,-22.99957537797423,SA,NMM,PM2.5
1384,17.956201574283057,New (LIM345),30.973389530004273,-22.98859241312989,SA,NMM,PM2.5
1385,7.221015458717742,Blouberg (LIM351),28.75025951576327,-22.96754705620071,SA,NMM,PM2.5
1386,6.4877774061999025,Molemole (LIM353),29.53603926457335,-23.498363807532403,SA,NMM,PM2.5
1387,39.95314448183106,Polokwane (LIM354),29.382116648858307,-23.8911198474484,SA,NMM,PM2.5
1388,26.87100688587301,Lepele-Nkumpi (LIM355),29.706098724754902,-24.26602472477329,SA,NMM,PM2.5
1389,154.9027859102573,Thabazimbi (LIM361),27.18648986644449,-24.54368940298091,SA,NMM,PM2.5
1390,17.099256132987392,Lephalale (LIM362),27.797673264901547,-23.67621029455612,SA,NMM,PM2.5
1391,10.925413626221397,Bela-Bela (LIM366),28.27202559364255,-24.9540355998598,SA,NMM,PM2.5
1392,42.13258125854098,Mogalakwena (LIM367),28.693646429401138,-23.846776659349114,SA,NMM,PM2.5
1393,19.22052975305387,Modimolle/Mookgophong (LIM368),28.554318378198634,-24.50378204783512,SA,NMM,PM2.5
1394,5.462372494645882,Ephraim Mogale (LIM471),29.336691696763047,-24.90184812517883,SA,NMM,PM2.5
1395,21.129938382299244,Elias Motsoaledi (LIM472),29.56162199731176,-25.195958709787416,SA,NMM,PM2.5
1396,14.17439763815851,Makhuduthamaga (LIM473),29.77376805671483,-24.72156702551684,SA,NMM,PM2.5
1397,68.93718488192933,Greater Tubatse/Fetakgomo (LIM476),30.220512409351578,-24.60034155788023,SA,NMM,PM2.5
1398,43.004910094643115,Mangaung (MAN),26.50052991738285,-29.331493385874897,SA,NMM,PM2.5
1399,18.205926703042525,Chief Albert Luthuli (MP301),30.486023915525898,-26.055659215342654,SA,NMM,PM2.5
1400,25.46046634853317,Msukaligwa (MP302),30.12962179212915,-26.468179957263942,SA,NMM,PM2.5
1401,15.283733069949037,Mkhondo (MP303),30.704664805360647,-26.99281043647496,SA,NMM,PM2.5
1402,8.426022521774419,Dr Pixley Ka Isaka Seme (MP304),29.955868602689744,-27.12849724731941,SA,NMM,PM2.5
1403,8.50616095895812,Lekwa (MP305),29.35167338257744,-26.879837519268875,SA,NMM,PM2.5
1404,5.975310500552373,Dipaleseng (MP306),28.641164057979545,-26.781729068806687,SA,NMM,PM2.5
1405,43.79388168491382,Govan Mbeki (MP307),29.19601841151445,-26.46697143683172,SA,NMM,PM2.5
1406,221.71652379499048,Victor Khanye (MP311),28.768849144433155,-26.132617697943477,SA,NMM,PM2.5
1407,51.73823439590645,Emalahleni (MP312),29.162096257324418,-26.01795048880191,SA,NMM,PM2.5
1408,36.522913158547794,Steve Tshwete (MP313),29.551938218276963,-25.836944103856947,SA,NMM,PM2.5
1409,9.11113531258331,Emakhazeni (MP314),30.106821848663742,-25.596921237314394,SA,NMM,PM2.5
1410,21.929088572375022,Thembisile (MP315),28.95192824101233,-25.470336038962238,SA,NMM,PM2.5
1411,13.389283947356146,Dr JS Moroka (MP316),28.801472347773178,-25.103882758045668,SA,NMM,PM2.5
1412,8.613787024847266,Thaba Chweu (MP321),30.57153056410513,-25.064888911517013,SA,NMM,PM2.5
1413,25.94182129147936,Nkomazi (MP324),31.730184896139622,-25.502441880044394,SA,NMM,PM2.5
1414,26.366603927178556,Bushbuckridge (MP325),31.524554777444788,-24.556740864902537,SA,NMM,PM2.5
1415,60.55220413705262,Mbombela/Umjindi (MP326),31.096583710647025,-25.432684098533255,SA,NMM,PM2.5
1416,6.876237174187445,Richtersveld (NC061),17.059551072172134,-28.768234043160607,SA,NMM,PM2.5
1417,19.321110697832427,Nama Khoi (NC062),17.91494133561911,-29.45640456833637,SA,NMM,PM2.5
1418,4.82439994940369,Kamiesberg (NC064),18.13015961792784,-30.375500419763604,SA,NMM,PM2.5
1419,0.9483669606550303,Hantam (NC065),19.96076903840225,-30.97326387632367,SA,NMM,PM2.5
1420,0.5329383565234748,Karoo Hoogland (NC066),21.045367164738153,-31.72866537697112,SA,NMM,PM2.5
1421,11.055894781237564,Khâi-Ma (NC067),19.26135370838769,-29.537786385108184,SA,NMM,PM2.5
1422,0.8105289661203166,Ubuntu (NC071),23.13370561544698,-31.37353482138949,SA,NMM,PM2.5
1423,1.4871147981735968,Umsobomvu (NC072),25.04764999855825,-30.848177029851588,SA,NMM,PM2.5
1424,2.2920970433523653,Emthanjeni (NC073),23.85840547035036,-30.67860320584649,SA,NMM,PM2.5
1425,0.5229313214604785,Kareeberg (NC074),22.13482818835018,-30.54560022973702,SA,NMM,PM2.5
1426,0.5113572813220987,Renosterberg (NC075),24.450629664298948,-30.255674893884255,SA,NMM,PM2.5
1427,0.769325054332808,Thembelihle (NC076),23.765002948711334,-29.708430373289627,SA,NMM,PM2.5
1428,11.482960107199801,Siyathemba (NC077),22.5520117599244,-29.633449473297446,SA,NMM,PM2.5
1429,3.8492382088544077,Siyancuma (NC078),23.368135189529266,-28.983648115956267,SA,NMM,PM2.5
1430,6.325001217823104,Kai !Garib (NC082),20.415779221325927,-28.968415397154022,SA,NMM,PM2.5
1431,1.6246133857477745,!Kheis (NC084),21.603495266524188,-29.232655553883756,SA,NMM,PM2.5
1432,19.302910089702777,Tsantsabane (NC085),22.553384843403045,-28.038581659653413,SA,NMM,PM2.5
1433,6.3545878373911675,Kgatelopele (NC086),23.63233217640869,-28.217463600827454,SA,NMM,PM2.5
1434,6.307276685826048,//Khara Hais/Mier (NC087),20.833021354286817,-27.068953107729545,SA,NMM,PM2.5
1435,21.94264747330755,Sol Plaatjie (NC091),24.514285167088513,-28.743361921797487,SA,NMM,PM2.5
1436,73.64146394931656,Dikgatlong (NC092),24.192269532669194,-28.193349409504034,SA,NMM,PM2.5
1437,1.7892154484367955,Magareng (NC093),24.780465069795653,-28.167755341807677,SA,NMM,PM2.5
1438,1.9826885191504677,Phokwane (NC094),24.808908824292622,-27.795177260115924,SA,NMM,PM2.5
1439,42.2726337946836,Joe Morolong (NC451),22.937720996816267,-26.838253106736673,SA,NMM,PM2.5
1440,10.180737613885777,Ga-Segonyana (NC452),23.560536877064965,-27.622586314678973,SA,NMM,PM2.5
1441,11.863333386280729,Gamagara (NC453),22.99607417546456,-27.643424226884566,SA,NMM,PM2.5
1442,80.17022927134433,Nelson Mandela Bay (NMA),25.492325010511415,-33.804018235171306,SA,NMM,PM2.5
1443,14.709783437172733,Moretele (NW371),28.03908368696291,-25.176894569186302,SA,NMM,PM2.5
1444,37.93941991367136,Local Municipality of Madibeng (NW372),27.73365092436683,-25.441079324120807,SA,NMM,PM2.5
1445,95.49746319141285,Rustenburg (NW373),27.331450416242784,-25.66090837141418,SA,NMM,PM2.5
1446,3.4536532377554834,Kgetlengrivier (NW374),26.864344191252787,-25.72345587170004,SA,NMM,PM2.5
1447,29.646145059318627,Moses Kotane (NW375),26.866123855951283,-25.13362782615747,SA,NMM,PM2.5
1448,3.5670699139741133,Ratlou (NW381),25.063605925319113,-26.08201587807829,SA,NMM,PM2.5
1449,4.912678758166208,Tswaing (NW382),25.66098471544643,-26.615774445678632,SA,NMM,PM2.5
1450,260.03986400299686,Mafikeng (NW383),25.672832054041375,-25.886091780262618,SA,NMM,PM2.5
1451,795.7719164658334,Ditsobotla (NW384),26.239308215127412,-26.115261364090596,SA,NMM,PM2.5
1452,33.87491423020191,Ramotshere Moiloa (NW385),26.123471368618137,-25.218995566189637,SA,NMM,PM2.5
1453,3.428817145346482,Naledi (NW392),24.79527413051862,-26.86329306541285,SA,NMM,PM2.5
1454,3.238978894196293,Mamusa (NW393),25.277113001282956,-27.22305181117706,SA,NMM,PM2.5
1455,8.327962246887022,Greater Taung (NW394),24.439135473722978,-27.502819297224146,SA,NMM,PM2.5
1456,2.8730965510730333,Lekwa-Teemane (NW396),25.32923774851763,-27.63922701964027,SA,NMM,PM2.5
1457,7.017493034305009,Kagisano/Molopo (NW397),23.765026014343153,-26.118051281941728,SA,NMM,PM2.5
1458,37.93682638538892,City of Matlosana (NW403),26.488149960518996,-26.811358748287205,SA,NMM,PM2.5
1459,5.904140383695603,Maquassi Hills (NW404),26.033886103084164,-27.23835835490209,SA,NMM,PM2.5
1460,34.82009365966202,Ventersdorp/Tlokwe (NW405),27.004510453933847,-26.488692826418728,SA,NMM,PM2.5
1461,282.2795384168773,City of Tshwane (TSH),28.443433217250625,-25.659851428790624,SA,NMM,PM2.5
1462,5.725400152402401,Matzikama (WC011),18.499074499468698,-31.255840123869305,SA,NMM,PM2.5
1463,1.888920810704981,Cederberg (WC012),18.924252686680997,-32.25674181208767,SA,NMM,PM2.5
1464,136.36888352593468,Bergrivier (WC013),18.672795192444063,-32.787492869446815,SA,NMM,PM2.5
1465,7.064446577247263,Saldanha Bay (WC014),18.176134163611852,-33.010183399822495,SA,NMM,PM2.5
1466,87.67079018272807,Swartland (WC015),18.620246203734677,-33.30973980958506,SA,NMM,PM2.5
1467,5.6197613558767205,Witzenberg (WC022),19.68890243028827,-32.94978723975034,SA,NMM,PM2.5
1468,14.584807778412241,Drakenstein (WC023),19.003058669393468,-33.596786916383564,SA,NMM,PM2.5
1469,17.262405421014453,Stellenbosch (WC024),18.944796363106693,-33.926035417528176,SA,NMM,PM2.5
1470,8.013141089421758,Breede Valley (WC025),19.699592583285963,-33.571874326586304,SA,NMM,PM2.5
1471,4.314621101657705,Langeberg (WC026),20.05499702391179,-33.78591943557983,SA,NMM,PM2.5
1472,3.6876164552316917,Theewaterskloof (WC031),19.436205803645056,-34.161235777032985,SA,NMM,PM2.5
1473,1.9038249542010806,Overstrand (WC032),19.376341302447013,-34.476351826606134,SA,NMM,PM2.5
1474,1.4408055230293235,Cape Agulhas (WC033),20.05759261209885,-34.49792816727761,SA,NMM,PM2.5
1475,1.5113167712687807,Swellendam (WC034),20.508876422488118,-34.03689398202183,SA,NMM,PM2.5
1476,0.8751314429691951,Kannaland (WC041),21.318929071812132,-33.60348228547038,SA,NMM,PM2.5
1477,2.2921502984633655,Hessequa (WC042),21.227498281104747,-34.13450499418741,SA,NMM,PM2.5
1478,3.4518419774810227,Mossel Bay (WC043),21.94268858486633,-34.04142256573831,SA,NMM,PM2.5
1479,8.938731493935066,George (WC044),22.93003160882857,-33.695282456579825,SA,NMM,PM2.5
1480,4.685941554711539,Oudtshoorn (WC045),22.22097775698059,-33.59287178340578,SA,NMM,PM2.5
1481,2.6264947231933293,Bitou (WC047),23.407081210262664,-33.937355597794785,SA,NMM,PM2.5
1482,2.7813499342719297,Knysna (WC048),22.984307307129328,-33.94604481371343,SA,NMM,PM2.5
1483,0.34642192228276575,Laingsburg (WC051),20.966020283495638,-33.10361314083431,SA,NMM,PM2.5
1484,0.6189143108424151,Prince Albert (WC052),22.130117608349714,-33.05111998769453,SA,NMM,PM2.5
1485,2.6462235649937207,Beaufort West (WC053),22.746542364789725,-32.27710950336613,SA,NMM,PM2.5
1486,0.4108285792274061,Timphisini,31.427527777467557,-25.77919829327425,swz,NMM,PM2.5
1487,0.022416620674309107,Ntfonjeni,31.343619162235765,-25.829286995179224,swz,NMM,PM2.5
1488,0.17794147586703127,Mayiwane,31.509506281238203,-25.861738695993047,swz,NMM,PM2.5
1489,0.13484306284879574,Mhlangatane,31.621950825737503,-25.939695519246623,swz,NMM,PM2.5
1490,0.0017444264986083628,Ndzingeni,31.43455167846427,-26.004089857679194,swz,NMM,PM2.5
1491,0.0012560570694664648,Madlangempisi,31.567436769117936,-26.099284349171477,swz,NMM,PM2.5
1492,0.002236985868315672,Maphalaleni,31.365091924296856,-26.197321168361256,swz,NMM,PM2.5
1493,0.0029288283035764917,Pigg's Peak,31.25696321866851,-25.964805122665727,swz,NMM,PM2.5
1494,0.06227853907729429,Nkhaba,31.143956798528553,-26.137239773416546,swz,NMM,PM2.5
1495,0.04899917299097809,Motjane,31.02818299839431,-26.30685187288155,swz,NMM,PM2.5
1496,0.0017839672062933368,Mbabane West,31.107872683509882,-26.336291548391436,swz,NMM,PM2.5
1497,0.0017425202373295107,Mbabane East,31.141081832025073,-26.3027236876315,swz,NMM,PM2.5
1498,0.0026521222493156157,Hhukwini,31.222081322674427,-26.32065034848908,swz,NMM,PM2.5
1499,0.00392605728904334,Lobamba,31.181490419840365,-26.413527114735945,swz,NMM,PM2.5
1500,0.0022882605243538107,Mkhiweni,31.577441575897375,-26.29070166832214,swz,NMM,PM2.5
1501,0.0031721577223155013,Kukhanyeni,31.41051368673318,-26.3747085735696,swz,NMM,PM2.5
1502,0.0020044970396473462,Mafutseni,31.523011856624002,-26.45582801367826,swz,NMM,PM2.5
1503,0.002299232776017673,Mthongwaneni,31.501356709255482,-26.569704960391807,swz,NMM,PM2.5
1504,0.0026366678226370003,Manzini North,31.394419676034722,-26.481334398718516,swz,NMM,PM2.5
1505,7.13571333873429e-4,Manzini South,31.36837555950807,-26.520560596292356,swz,NMM,PM2.5
1506,0.0017129672507798473,Kwaluseni,31.31330758484104,-26.500651000600236,swz,NMM,PM2.5
1507,0.004609216158315819,Ludzeludze,31.317859732245438,-26.394848493062067,swz,NMM,PM2.5
1508,0.0028428440889714576,Lobamba Lomdzala,31.21153822321666,-26.525643141694285,swz,NMM,PM2.5
1509,0.005633382360113395,Nhlambeni,31.408562511847816,-26.630530181944778,swz,NMM,PM2.5
1510,0.0017027939153932427,Ntondozi,31.255721117118,-26.631017055506103,swz,NMM,PM2.5
1511,0.001520239095752897,La-Mgabhi,31.070807855360105,-26.564658624068162,swz,NMM,PM2.5
1512,0.0014986164408277128,Mhlambanyatsi,30.98674877164096,-26.450529398348344,swz,NMM,PM2.5
1513,0.004634659778701445,Mangcongco,30.884645646846423,-26.578126273491335,swz,NMM,PM2.5
1514,0.23485565274325823,Ngwempisi,31.004022599726948,-26.710945657075314,swz,NMM,PM2.5
1515,0.001991509630497555,Mahlangatsha,31.228735687622677,-26.771547360075047,swz,NMM,PM2.5
1516,6.127486118086337e-4,Kubuta,31.452603410394964,-26.829896157699594,swz,NMM,PM2.5
1517,0.0010040775089806663,Nkwene,31.25402793120817,-26.88316670443372,swz,NMM,PM2.5
1518,0.0021206661274613906,Mtsambama,31.385175952460738,-26.957586651949224,swz,NMM,PM2.5
1519,0.04549407675176158,Gege,31.04308782697033,-26.922942294717792,swz,NMM,PM2.5
1520,0.0020777846625025667,Mbangweni,31.250469017568943,-27.053399828647212,swz,NMM,PM2.5
1521,0.04403645949539912,Maseyisini,31.162763105989555,-27.134686006761925,swz,NMM,PM2.5
1522,0.001410415455746087,Sandleni,31.429835958875884,-27.064513697748147,swz,NMM,PM2.5
1523,8.106671958572165e-4,Ngudzeni,31.543105154501283,-27.034785219989786,swz,NMM,PM2.5
1524,0.4264603644306858,Zombodze,31.334568927601403,-27.200313835720486,swz,NMM,PM2.5
1525,0.33372759705511645,Shiselweni,31.49631059380805,-27.253953663192778,swz,NMM,PM2.5
1526,0.0026603940667806925,Hosea,31.53433592419686,-27.16191857513413,swz,NMM,PM2.5
1527,0.0013110094908994653,Sigwe,31.6594023333631,-27.07259114844248,swz,NMM,PM2.5
1528,0.04420606240976343,Matsanjeni South,31.724633678774154,-27.216897918466156,swz,NMM,PM2.5
1529,0.07708072217390989,Somntongo,31.88647265075323,-27.224260883938804,swz,NMM,PM2.5
1530,0.029930436894796936,Lubuli,31.871656751031274,-27.032830900051994,swz,NMM,PM2.5
1531,0.0016407768144691033,Sithobela,31.655947353909568,-26.867080532878518,swz,NMM,PM2.5
1532,0.012199408100598679,Nkilongo,31.89239374698797,-26.83443092667109,swz,NMM,PM2.5
1533,0.002051759979487203,Siphofaneni,31.66300159138905,-26.6791978798675,swz,NMM,PM2.5
1534,0.0026890330558862006,Mpolonjeni,31.874527778817235,-26.583288999847156,swz,NMM,PM2.5
1535,0.012088450737341206,Matsanjeni North,32.071056369994956,-26.659618839604153,swz,NMM,PM2.5
1536,0.0015307505154071484,Lugongolweni,32.01662145780792,-26.34892589847767,swz,NMM,PM2.5
1537,0.003656377235207447,Dvokodvweni,31.74874438011335,-26.450224696421593,swz,NMM,PM2.5
1538,4.900927359080684e-4,Hlane,31.805244033997365,-26.296408623452134,swz,NMM,PM2.5
1539,0.048176686175005534,Mhlume,31.808997857429535,-26.10217970032939,swz,NMM,PM2.5
1540,0.12105598082707536,Lomahasha,32.003415605057185,-26.06346037693349,swz,NMM,PM2.5
1541,2.2312400037134927,ZAMBIA_CENTRAL_CHIBOMBO_CHISAMBA,28.5661943716429,-14.846792545063325,Zambia,NMM,PM2.5
1542,9.147862453593923,ZAMBIA_CENTRAL_CHIBOMBO_KATUBA,27.98219959351392,-15.171132204750865,Zambia,NMM,PM2.5
1543,2.4494658006161605,ZAMBIA_CENTRAL_CHIBOMBO_KEEMBE,27.6736546747429,-14.727345017193953,Zambia,NMM,PM2.5
1544,3.089725567714481,ZAMBIA_CENTRAL_KABWE_BWACHA,28.341941228042526,-14.476746683885342,Zambia,NMM,PM2.5
1545,3.7934848805940797,ZAMBIA_CENTRAL_KABWE_KABWE CENTRAL,28.516948134035072,-14.407877676196723,Zambia,NMM,PM2.5
1546,7.512016071338449,ZAMBIA_CENTRAL_KAPIRI MPOSHI_KAPIRI MPOSHI,28.102119922151484,-14.120700762098181,Zambia,NMM,PM2.5
1547,4.387444663233395,ZAMBIA_CENTRAL_MKUSHI_MKUSHI NORTH,29.469436639963092,-13.730329792225124,Zambia,NMM,PM2.5
1548,0.5711482029118552,ZAMBIA_CENTRAL_MKUSHI_MKUSHI SOUTH,29.569217404421003,-14.436411331188475,Zambia,NMM,PM2.5
1549,3.6768899618244864,ZAMBIA_CENTRAL_MUMBWA_MUMBWA,26.364188448292417,-14.900633988434736,Zambia,NMM,PM2.5
1550,1.138058775315718,ZAMBIA_CENTRAL_MUMBWA_MWEMBESHI,27.701977895362777,-15.40446287674476,Zambia,NMM,PM2.5
1551,2.463447695172509,ZAMBIA_CENTRAL_MUMBWA_NANGOMA,27.306575058954532,-15.258227671528992,Zambia,NMM,PM2.5
1552,1.8179129991656537,ZAMBIA_CENTRAL_SERENJE_CHITAMBO,30.253472648282777,-12.560317914404294,Zambia,NMM,PM2.5
1553,3.4590594414627067,ZAMBIA_CENTRAL_SERENJE_MUCHINGA,30.687809502617156,-13.471349520459055,Zambia,NMM,PM2.5
1554,2.4038977841820817,ZAMBIA_CENTRAL_SERENJE_SERENJE,30.10589973967512,-13.040469573298045,Zambia,NMM,PM2.5
1555,3.4332946524081907,ZAMBIA_COPPERBELT_CHILILABOMBWE_CHILILABOMBWE,27.81464871496207,-12.361165489706172,Zambia,NMM,PM2.5
1556,5.322559978672263,ZAMBIA_COPPERBELT_CHINGOLA_CHINGOLA,27.669026385939425,-12.505121590267066,Zambia,NMM,PM2.5
1557,2.362469059720737,ZAMBIA_COPPERBELT_CHINGOLA_NCHANGA,27.97081023345629,-12.528814058526129,Zambia,NMM,PM2.5
1558,4.613187408426308,ZAMBIA_COPPERBELT_KALULUSHI_KALULUSHI,27.96391886764875,-12.770501908865587,Zambia,NMM,PM2.5
1559,2.339432719019267,ZAMBIA_COPPERBELT_KITWE_CHIMWEMWE,28.18492901942876,-12.717092029024544,Zambia,NMM,PM2.5
1560,3.5006506140278195,ZAMBIA_COPPERBELT_KITWE_KAMFINSA,28.35330783309189,-12.8095822567081,Zambia,NMM,PM2.5
1561,3.166330430196697,ZAMBIA_COPPERBELT_KITWE_KWACHA,28.302830727693767,-12.77594738834159,Zambia,NMM,PM2.5
1562,3.377344452380763,ZAMBIA_COPPERBELT_KITWE_NKANA,28.16694032204235,-12.811008579347963,Zambia,NMM,PM2.5
1563,3.6539983433793255,ZAMBIA_COPPERBELT_KITWE_WUSAKILE,28.222488074533018,-12.92465702761479,Zambia,NMM,PM2.5
1564,3.5129717799330336,ZAMBIA_COPPERBELT_LUANSHYA_LUANSHYA,28.46004980991987,-13.107078377377691,Zambia,NMM,PM2.5
1565,1.3272168757930112,ZAMBIA_COPPERBELT_LUANSHYA_ROAN,28.303596506825578,-13.06750066483788,Zambia,NMM,PM2.5
1566,1.2751425584239404,ZAMBIA_COPPERBELT_LUFWANYAMA_LUFWANYAMA,27.47764081880377,-12.975834907523659,Zambia,NMM,PM2.5
1567,373.6784447951433,ZAMBIA_COPPERBELT_MASAITI_KAFULAFUTA,28.808078308441427,-13.326356335242059,Zambia,NMM,PM2.5
1568,0.761116986172609,ZAMBIA_COPPERBELT_MASAITI_MASAITI,28.553011385110448,-13.359027007303364,Zambia,NMM,PM2.5
1569,1.3701095587939196,ZAMBIA_COPPERBELT_MPONGWE_MPONGWE,27.790650304373813,-13.595789579892758,Zambia,NMM,PM2.5
1570,1.688554715369045,ZAMBIA_COPPERBELT_MUFULIRA_KANKOYO,28.155127636110944,-12.495158993380908,Zambia,NMM,PM2.5
1571,1.7876303569733185,ZAMBIA_COPPERBELT_MUFULIRA_KANTANSHI,28.326104841902225,-12.506850254258554,Zambia,NMM,PM2.5
1572,4.309197623155786,ZAMBIA_COPPERBELT_MUFULIRA_MUFULIRA,28.338024388673514,-12.6431226302504,Zambia,NMM,PM2.5
1573,53.61196028615232,ZAMBIA_COPPERBELT_NDOLA_BWANA MKUBWA,28.64549902864361,-13.056256733012118,Zambia,NMM,PM2.5
1574,18.405807180717094,ZAMBIA_COPPERBELT_NDOLA_CHIFUBU,28.60823451656592,-12.89879660397216,Zambia,NMM,PM2.5
1575,0.6330975053821553,ZAMBIA_COPPERBELT_NDOLA_KABUSHI,28.627156043953665,-13.001741922109233,Zambia,NMM,PM2.5
1576,30.612702412587048,ZAMBIA_COPPERBELT_NDOLA_NDOLA,28.49890269696238,-12.901589820311179,Zambia,NMM,PM2.5
1577,2.03697801904431,ZAMBIA_EASTERN_CHADIZA_CHADIZA,32.39627549044243,-14.079002215254139,Zambia,NMM,PM2.5
1578,1.690153478729296,ZAMBIA_EASTERN_CHADIZA_VUBWI,32.76493860383449,-14.052840040124526,Zambia,NMM,PM2.5
1579,3.683521129255623,ZAMBIA_EASTERN_CHIPATA_CHIPANGALI,32.638200923536886,-13.30842953137994,Zambia,NMM,PM2.5
1580,6.176753096565488,ZAMBIA_EASTERN_CHIPATA_CHIPATA,32.60383734056898,-13.637216206455038,Zambia,NMM,PM2.5
1581,3.097669184650412,ZAMBIA_EASTERN_CHIPATA_KASENENGWA,32.26713323087467,-13.669423091567161,Zambia,NMM,PM2.5
1582,2.0303829228603654,ZAMBIA_EASTERN_CHIPATA_LUANGENI,32.605070390811335,-13.843705990807868,Zambia,NMM,PM2.5
1583,1.8196877584824214,ZAMBIA_EASTERN_KATETE_MILANZI,32.16528245031478,-14.1891307534823,Zambia,NMM,PM2.5
1584,4.468369390843828,ZAMBIA_EASTERN_KATETE_MKAIKA,31.9768863225823,-13.972148532747518,Zambia,NMM,PM2.5
1585,2.839854142773166,ZAMBIA_EASTERN_KATETE_SINDA,31.73979584134408,-14.178052121693852,Zambia,NMM,PM2.5
1586,4.001282773404058,ZAMBIA_EASTERN_LUNDAZI_CHASEFU,33.05328766635874,-11.996456926575963,Zambia,NMM,PM2.5
1587,3.1440150384069843,ZAMBIA_EASTERN_LUNDAZI_LUMEZI,32.5895037879343,-12.649881756316528,Zambia,NMM,PM2.5
1588,4.081591546301012,ZAMBIA_EASTERN_LUNDAZI_LUNDAZI,33.2259898380257,-12.406307107286958,Zambia,NMM,PM2.5
1589,2.3157478240687044,ZAMBIA_EASTERN_MAMBWE_MALAMBO,31.981789689929077,-13.346646229523834,Zambia,NMM,PM2.5
1590,2.8249152161072417,ZAMBIA_EASTERN_NYIMBA_NYIMBA,30.58228012538245,-14.399411197527083,Zambia,NMM,PM2.5
1591,4.5695690436404535,ZAMBIA_EASTERN_PETAUKE_KAPOCHE,31.494550896982194,-14.472461671217527,Zambia,NMM,PM2.5
1592,1.8716242676454318,ZAMBIA_EASTERN_PETAUKE_MSANZALA,31.295942721648927,-14.317042186360203,Zambia,NMM,PM2.5
1593,4.910536914947532,ZAMBIA_EASTERN_PETAUKE_PETAUKE,31.395540922703685,-13.831094629172307,Zambia,NMM,PM2.5
1594,3.88504980477545,ZAMBIA_LUAPULA_CHIENGE_CHIENGE,29.126088992773784,-8.743468946806065,Zambia,NMM,PM2.5
1595,1.5905440679522438,ZAMBIA_LUAPULA_KAWAMBWA_KAWAMBWA,29.075760100164228,-9.771943441852208,Zambia,NMM,PM2.5
1596,1.3943100033302294,ZAMBIA_LUAPULA_KAWAMBWA_MWANSABOMBWE,28.789708265128425,-9.924894823988827,Zambia,NMM,PM2.5
1597,1.3333171900913132,ZAMBIA_LUAPULA_KAWAMBWA_PAMBASHE,29.50887712310463,-9.839951270716938,Zambia,NMM,PM2.5
1598,7.114473081706631,ZAMBIA_LUAPULA_MANSA_BAHATI,28.96351540414113,-11.185629960923388,Zambia,NMM,PM2.5
1599,5.799385862001053,ZAMBIA_LUAPULA_MANSA_MANSA,28.819764023233848,-11.47139263102599,Zambia,NMM,PM2.5
1600,0.7412579156876821,ZAMBIA_LUAPULA_MILENGE_CHEMBE,29.17293034277804,-11.937612639540122,Zambia,NMM,PM2.5
1601,0.8342615060966597,ZAMBIA_LUAPULA_MWENSE_CHIPILI,29.127537230682734,-10.416802146820574,Zambia,NMM,PM2.5
1602,0.3341865690003515,ZAMBIA_LUAPULA_MWENSE_MAMBILIMA,28.708979324819012,-10.72243901358301,Zambia,NMM,PM2.5
1603,2.453411666739593,ZAMBIA_LUAPULA_MWENSE_MWENSE,28.704288885428422,-10.233840547996117,Zambia,NMM,PM2.5
1604,5.567866936473468,ZAMBIA_LUAPULA_NCHELENGE_NCHELENGE,28.799279562604337,-9.357480292222682,Zambia,NMM,PM2.5
1605,2.791942946451354,ZAMBIA_LUAPULA_SAMFYA_BANGEULU,29.625015084138838,-11.781064127014634,Zambia,NMM,PM2.5
1606,2.121922237945577,ZAMBIA_LUAPULA_SAMFYA_CHIFUNABULI,29.66126127594006,-11.049808045494856,Zambia,NMM,PM2.5
1607,0.5857406064603711,ZAMBIA_LUAPULA_SAMFYA_LUAPULA,30.081224160051487,-11.57555382096848,Zambia,NMM,PM2.5
1608,10.304020358044207,ZAMBIA_LUSAKA_CHONGWE_CHONGWE,28.62232043220776,-15.375229425875759,Zambia,NMM,PM2.5
1609,1.9385950836105321,ZAMBIA_LUSAKA_CHONGWE_RUFUNSA,29.502907057767036,-15.155837602230632,Zambia,NMM,PM2.5
1610,48.286408858851594,ZAMBIA_LUSAKA_KAFUE_CHILANGA,28.066936325812314,-15.44535490638688,Zambia,NMM,PM2.5
1611,6.157075025514326,ZAMBIA_LUSAKA_KAFUE_KAFUE,28.633553227376076,-15.719700213855967,Zambia,NMM,PM2.5
1612,0.7365747433058766,ZAMBIA_LUSAKA_LUANGWA_FEIRA,30.001466666180438,-15.436979115223238,Zambia,NMM,PM2.5
1613,30.98903600822445,ZAMBIA_LUSAKA_LUSAKA_CHAWAMA,28.277892786058786,-15.494825189970678,Zambia,NMM,PM2.5
1614,14.310821459366087,ZAMBIA_LUSAKA_LUSAKA_KABWATA,28.313576899992587,-15.469141457864835,Zambia,NMM,PM2.5
1615,85.85805729142413,ZAMBIA_LUSAKA_LUSAKA_KANYAMA,28.241833786918246,-15.448835877623589,Zambia,NMM,PM2.5
1616,14.753108770236262,ZAMBIA_LUSAKA_LUSAKA_LUSAKA CENTRAL,28.385718227507034,-15.443614423440085,Zambia,NMM,PM2.5
1617,8.099768947957571,ZAMBIA_LUSAKA_LUSAKA_MANDEVU,28.30690375089146,-15.355502657994798,Zambia,NMM,PM2.5
1618,9.986148129061752,ZAMBIA_LUSAKA_LUSAKA_MATERO,28.24892453686191,-15.368176359794754,Zambia,NMM,PM2.5
1619,5.893117651269962,ZAMBIA_LUSAKA_LUSAKA_MUNALI,28.36012897447861,-15.383652678329005,Zambia,NMM,PM2.5
1620,1.1745971020636816,ZAMBIA_MUCHINGA_CHAMA_CHAMA NORTH,32.81643744468033,-10.880583533092976,Zambia,NMM,PM2.5
1621,2.6718042642824655,ZAMBIA_MUCHINGA_CHAMA_CHAMA SOUTH,32.78471054140707,-11.6247965412926,Zambia,NMM,PM2.5
1622,2.8586311543161207,ZAMBIA_MUCHINGA_CHINSALI_CHINSALI,32.20205651587303,-10.323776635389398,Zambia,NMM,PM2.5
1623,2.0527229321310254,ZAMBIA_MUCHINGA_CHINSALI_SHIWANGANDU,31.721073704369985,-11.018271642196154,Zambia,NMM,PM2.5
1624,3.293914759844877,ZAMBIA_MUCHINGA_ISOKA_ISOKA,32.83157916201906,-10.015458694518209,Zambia,NMM,PM2.5
1625,2.6268509181497492,ZAMBIA_MUCHINGA_MAFINGA_MAFINGA,33.320064435132885,-10.350038785725467,Zambia,NMM,PM2.5
1626,2.502249496632964,ZAMBIA_MUCHINGA_MPIKA_KANCHIBIYA,30.767597782864076,-11.793121981043948,Zambia,NMM,PM2.5
1627,0.8724472051204696,ZAMBIA_MUCHINGA_MPIKA_MFUWE,31.68140990235467,-12.460736570531072,Zambia,NMM,PM2.5
1628,3.6686302567293105,ZAMBIA_MUCHINGA_MPIKA_MPIKA,31.600995341696276,-11.82141862258269,Zambia,NMM,PM2.5
1629,5.1185627525068655,ZAMBIA_MUCHINGA_NAKONDE_NAKONDE,32.59445867875421,-9.48933692360338,Zambia,NMM,PM2.5
1630,1.3834719100153239,ZAMBIA_NORTH-WESTERN_CHAVUMA_CHAVUMA,22.42573267284074,-13.22307607264871,Zambia,NMM,PM2.5
1631,1.2114555335457267,ZAMBIA_NORTH-WESTERN_IKELENGE_IKELENGE,24.265566159411794,-11.264693559055068,Zambia,NMM,PM2.5
1632,1.749754987362413,ZAMBIA_NORTH-WESTERN_KABOMPO_KABOMPO EAST,24.333259981075226,-13.000787615759398,Zambia,NMM,PM2.5
1633,1.6251151746820198,ZAMBIA_NORTH-WESTERN_KABOMPO_KABOMPO WEST,23.967433420364337,-13.543246354862898,Zambia,NMM,PM2.5
1634,1.9946771961478464,ZAMBIA_NORTH-WESTERN_KASEMPA_KASEMPA,26.225215837797798,-13.697546089000006,Zambia,NMM,PM2.5
1635,1.9893718623839367,ZAMBIA_NORTH-WESTERN_MUFUMBWE_MUFUMBWE,25.222580629080518,-13.82667330878823,Zambia,NMM,PM2.5
1636,3.5913091091910356,ZAMBIA_NORTH-WESTERN_MWINILUNGA_MWINILUNGA,24.66864327756739,-12.00169258239465,Zambia,NMM,PM2.5
1637,4.845883518017949,ZAMBIA_NORTH-WESTERN_SOLWEZI_SOLWEZI CENTRAL,26.44180853806062,-12.23351559486465,Zambia,NMM,PM2.5
1638,1.2766201148901886,ZAMBIA_NORTH-WESTERN_SOLWEZI_SOLWEZI EAST,26.924860431725694,-12.47471580400728,Zambia,NMM,PM2.5
1639,2.8244913756628756,ZAMBIA_NORTH-WESTERN_SOLWEZI_SOLWEZI WEST,25.64177287198704,-12.432625474734706,Zambia,NMM,PM2.5
1640,2.5368191247338125,ZAMBIA_NORTH-WESTERN_ZAMBEZI_ZAMBEZI EAST,23.352098742368717,-13.506899960265104,Zambia,NMM,PM2.5
1641,0.8128848281972709,ZAMBIA_NORTH-WESTERN_ZAMBEZI_ZAMBEZI WEST,22.68845582256741,-13.661697661175266,Zambia,NMM,PM2.5
1642,2.768878214963175,ZAMBIA_NORTHERN_CHILUBI_CHILUBI,30.23872612353324,-11.097573495570215,Zambia,NMM,PM2.5
1643,1.0524963655437767,ZAMBIA_NORTHERN_KAPUTA_CHIMBAMILONGA,30.119408096016002,-8.840847206858331,Zambia,NMM,PM2.5
1644,2.1921129166245503,ZAMBIA_NORTHERN_KAPUTA_KAPUTA,29.670380201705797,-8.747788369420219,Zambia,NMM,PM2.5
1645,5.397328969216756,ZAMBIA_NORTHERN_KASAMA_KASAMA,30.925954822365615,-10.044291996416009,Zambia,NMM,PM2.5
1646,4.809057061685678,ZAMBIA_NORTHERN_KASAMA_LUKASHYA,30.961511545081454,-10.567400463097538,Zambia,NMM,PM2.5
1647,2.547260576602432,ZAMBIA_NORTHERN_LUWINGU_LUBASENSHI,30.35622609217487,-10.619038732815206,Zambia,NMM,PM2.5
1648,2.3488083868794276,ZAMBIA_NORTHERN_LUWINGU_LUPOSOSHI,29.69126154256829,-10.62270072169756,Zambia,NMM,PM2.5
1649,4.440802928615404,ZAMBIA_NORTHERN_MBALA_MBALA,31.42437500732999,-8.951021217432977,Zambia,NMM,PM2.5
1650,2.9878133805112355,ZAMBIA_NORTHERN_MBALA_NSENGA HILL,31.655127392254517,-9.319794073965294,Zambia,NMM,PM2.5
1651,1.9334373938423128,ZAMBIA_NORTHERN_MPOROKOSO_LUNTE,30.403652875074233,-9.823323451491882,Zambia,NMM,PM2.5
1652,1.4198831349750216,ZAMBIA_NORTHERN_MPOROKOSO_MPOROKOSO,29.883883348105797,-9.437855153817008,Zambia,NMM,PM2.5
1653,3.7984840292087227,ZAMBIA_NORTHERN_MPULUNGU_MPULUNGU,30.78636919692387,-8.968610296667714,Zambia,NMM,PM2.5
1654,4.836861821285095,ZAMBIA_NORTHERN_MUNGWI_MALOLE,31.728489567287085,-9.896913955738247,Zambia,NMM,PM2.5
1655,5.874245969653113,ZAMBIA_SOUTHERN_CHOMA_CHOMA,27.03480670841098,-16.91005369465202,Zambia,NMM,PM2.5
1656,0.9164531473583966,ZAMBIA_SOUTHERN_CHOMA_MBABALA,26.878091190949394,-16.397242287620944,Zambia,NMM,PM2.5
1657,1.6176879682637841,ZAMBIA_SOUTHERN_CHOMA_PEMBA,27.389336109531165,-16.6922264694868,Zambia,NMM,PM2.5
1658,1.251317839979703,ZAMBIA_SOUTHERN_GWEMBE_GWEMBE,27.902856111757792,-16.68233138263457,Zambia,NMM,PM2.5
1659,2.766669481361362,ZAMBIA_SOUTHERN_ITEZHI-TEZHI_ITEZHI-TEZHI,26.020217543791258,-15.7607528165834,Zambia,NMM,PM2.5
1660,2.4784685549112964,ZAMBIA_SOUTHERN_KALOMO_DUNDUMWEZI,26.347684943863122,-16.562181114840755,Zambia,NMM,PM2.5
1661,4.678325987917553,ZAMBIA_SOUTHERN_KALOMO_KALOMO CENTRAL,26.543830205005484,-17.04577047621827,Zambia,NMM,PM2.5
1662,2.3237605779315897,ZAMBIA_SOUTHERN_KALOMO_MAPATIZYA,26.573648865923055,-17.60560978993712,Zambia,NMM,PM2.5
1663,3.120713308945639,ZAMBIA_SOUTHERN_KAZUNGULA_KATOMBOLA,25.620145077663306,-17.10654461326524,Zambia,NMM,PM2.5
1664,5.473039649758471,ZAMBIA_SOUTHERN_LIVINGSTONE_LIVINGSTONE,25.839580948996286,-17.78612641067007,Zambia,NMM,PM2.5
1665,2.0480957796432224,ZAMBIA_SOUTHERN_MAZABUKA_CHIKANKANTA,28.249723480811323,-16.043422007395407,Zambia,NMM,PM2.5
1666,2.1454298927675413,ZAMBIA_SOUTHERN_MAZABUKA_MAGOYE,27.622182683908022,-15.892078551482996,Zambia,NMM,PM2.5
1667,3.2834817106876404,ZAMBIA_SOUTHERN_MAZABUKA_MAZABUKA,27.866970138091503,-15.883245062553383,Zambia,NMM,PM2.5
1668,3.563064573116932,ZAMBIA_SOUTHERN_MONZE_BWEENGWA,27.295625399394282,-16.052573578414865,Zambia,NMM,PM2.5
1669,2.0317323612041553,ZAMBIA_SOUTHERN_MONZE_MONZE,27.424178441098487,-16.37563866559767,Zambia,NMM,PM2.5
1670,0.6592021494807908,ZAMBIA_SOUTHERN_MONZE_MOOMBA,27.74187104427267,-16.27482011727548,Zambia,NMM,PM2.5
1671,3.4318210518331074,ZAMBIA_SOUTHERN_NAMWALA_NAMWALA,26.754936143714463,-15.941500457068749,Zambia,NMM,PM2.5
1672,2.8008801363217266,ZAMBIA_SOUTHERN_SIAVONGA_SIAVONGA,28.558985238419726,-16.299401498003242,Zambia,NMM,PM2.5
1673,4.001599564040562,ZAMBIA_SOUTHERN_SINAZONGWE_SINAZONGWE,27.2807179112331,-17.412421319914454,Zambia,NMM,PM2.5
1674,1.0471446907055966,ZAMBIA_WESTERN_KALABO_KALABO,22.668138967214684,-15.307899116519774,Zambia,NMM,PM2.5
1675,1.1928469792609813,ZAMBIA_WESTERN_KALABO_LIUWA,22.52502997101939,-14.544065929033211,Zambia,NMM,PM2.5
1676,1.7127463698815715,ZAMBIA_WESTERN_KALABO_SIKONGO,22.23056038773834,-15.257742796071241,Zambia,NMM,PM2.5
1677,1.5723914816920617,ZAMBIA_WESTERN_KAOMA_KAOMA CENTRAL,25.04922080679012,-14.711954129645061,Zambia,NMM,PM2.5
1678,1.9529721940627562,ZAMBIA_WESTERN_KAOMA_LUAMPA,24.7584458265249,-15.368086057238425,Zambia,NMM,PM2.5
1679,3.0893084438489593,ZAMBIA_WESTERN_KAOMA_MANGANGO,24.20746270318245,-14.68910855437414,Zambia,NMM,PM2.5
1680,2.1580249851021693,ZAMBIA_WESTERN_LUKULU_LUKULU EAST,23.81996806853094,-14.315822982748186,Zambia,NMM,PM2.5
1681,1.2203566866550257,ZAMBIA_WESTERN_LUKULU_LUKULU WEST,22.70316851981578,-14.164055699101722,Zambia,NMM,PM2.5
1682,1.4807847581126712,ZAMBIA_WESTERN_MONGU_LUENA,23.38135094476587,-14.985379948947877,Zambia,NMM,PM2.5
1683,4.311004308710212,ZAMBIA_WESTERN_MONGU_MONGU,23.068428950456155,-15.31687093689524,Zambia,NMM,PM2.5
1684,0.8938455252611031,ZAMBIA_WESTERN_MONGU_NALIKWANDA,23.72533656058688,-15.414725554230015,Zambia,NMM,PM2.5
1685,2.117842894114292,ZAMBIA_WESTERN_SENANGA_NALOLO,22.99253670582597,-15.779390158424558,Zambia,NMM,PM2.5
1686,1.6827909034977029,ZAMBIA_WESTERN_SENANGA_SENANGA,23.792887275411474,-16.016325554311614,Zambia,NMM,PM2.5
1687,1.1001689127687462,ZAMBIA_WESTERN_SESHEKE_MULOBEZI,24.724112710511307,-16.289759152706516,Zambia,NMM,PM2.5
1688,0.25338490767797434,ZAMBIA_WESTERN_SESHEKE_MWANDI,24.670803007655817,-17.12205319673227,Zambia,NMM,PM2.5
1689,1.8903982209566077,ZAMBIA_WESTERN_SESHEKE_SESHEKE,23.916635107519514,-17.092487993044916,Zambia,NMM,PM2.5
1690,2.940500927595294,ZAMBIA_WESTERN_SHANGOMBO_SINJEMBELA,22.839280468061588,-16.556734241433883,Zambia,NMM,PM2.5
1691,71.09472025783928,ZIMBABWE_BULAWAYO_BULAWAYO,28.55567706568358,-20.121806460207072,Zimbabwe,NMM,PM2.5
1692,2.3594421784356894,ZIMBABWE_HARARE_CHITUNGWIZA,31.062838912942162,-18.014236385326917,Zimbabwe,NMM,PM2.5
1693,1.62525651665121,ZIMBABWE_HARARE_EPWORTH,31.158844682035582,-17.895344948865215,Zimbabwe,NMM,PM2.5
1694,6.532357471328827,ZIMBABWE_HARARE_HARARE RURAL,31.033297352175815,-17.944938825553283,Zimbabwe,NMM,PM2.5
1695,89.91706144316957,ZIMBABWE_HARARE_HARARE URBAN,31.053673281248084,-17.8087732583129,Zimbabwe,NMM,PM2.5
1696,4.9320043370892765,ZIMBABWE_MANICALAND_BUHERA,31.868285637589167,-19.44901571975412,Zimbabwe,NMM,PM2.5
1697,3.740237365839365,ZIMBABWE_MANICALAND_CHIMANIMANI,32.72164024280516,-19.784108007827292,Zimbabwe,NMM,PM2.5
1698,6.913187020283379,ZIMBABWE_MANICALAND_CHIPINGE RURAL,32.47381587494327,-20.496658221164754,Zimbabwe,NMM,PM2.5
1699,0.0953754449530371,ZIMBABWE_MANICALAND_CHIPINGE URBAN,32.62525066931281,-20.203342282599305,Zimbabwe,NMM,PM2.5
1700,5.809934602354652,ZIMBABWE_MANICALAND_MAKONI,32.182681398233086,-18.362321102437782,Zimbabwe,NMM,PM2.5
1701,6.559230303877346,ZIMBABWE_MANICALAND_MUTARE RURAL,32.42405654036695,-19.23143328486722,Zimbabwe,NMM,PM2.5
1702,2.9145551349297483,ZIMBABWE_MANICALAND_MUTARE URBAN,32.620103748244716,-18.993444874807192,Zimbabwe,NMM,PM2.5
1703,5.245676132700401,ZIMBABWE_MANICALAND_MUTASA,32.708920145094964,-18.63951558406826,Zimbabwe,NMM,PM2.5
1704,2.1097464770287093,ZIMBABWE_MANICALAND_NYANGA,32.75779759089013,-17.937869291717597,Zimbabwe,NMM,PM2.5
1705,0.19592004936090887,ZIMBABWE_MANICALAND_RUSAPE,32.13124708351301,-18.538249469398476,Zimbabwe,NMM,PM2.5
1706,3.1637088388281787,ZIMBABWE_MASHONALAND CENTRAL_BINDURA,31.308333991475948,-17.245810503074562,Zimbabwe,NMM,PM2.5
1707,0.1680479241494875,ZIMBABWE_MASHONALAND CENTRAL_BINDURA URBAN,31.338858234356994,-17.3093886532423,Zimbabwe,NMM,PM2.5
1708,2.666740916871308,ZIMBABWE_MASHONALAND CENTRAL_CENTENARY,31.143553067008124,-16.426346851768386,Zimbabwe,NMM,PM2.5
1709,2.0909588411006252,ZIMBABWE_MASHONALAND CENTRAL_GURUVE,30.657935830574306,-16.684420866652317,Zimbabwe,NMM,PM2.5
1710,6.762897159711549,ZIMBABWE_MASHONALAND CENTRAL_MAZOWE,30.931668747440714,-17.252158251526673,Zimbabwe,NMM,PM2.5
1711,0.9036273671765811,ZIMBABWE_MASHONALAND CENTRAL_MBIRE,30.519312056760068,-16.11820181165008,Zimbabwe,NMM,PM2.5
1712,5.030772545066333,ZIMBABWE_MASHONALAND CENTRAL_MOUNT DARWIN,31.651491668814078,-16.571909628015707,Zimbabwe,NMM,PM2.5
1713,0.032949863358779044,ZIMBABWE_MASHONALAND CENTRAL_MVURI,30.85020407197247,-17.024637648570337,Zimbabwe,NMM,PM2.5
1714,2.294231473697336,ZIMBABWE_MASHONALAND CENTRAL_RUSHINGA,32.294391117865416,-16.608502576184932,Zimbabwe,NMM,PM2.5
1715,2.3051644599228154,ZIMBABWE_MASHONALAND CENTRAL_SHAMVA,31.63881570830867,-17.094658891017033,Zimbabwe,NMM,PM2.5
1716,2.2606355755474037,ZIMBABWE_MASHONALAND EAST_CHIKOMBA,31.10402641900697,-18.890937479797454,Zimbabwe,NMM,PM2.5
1717,7.79292831816456,ZIMBABWE_MASHONALAND EAST_GOROMONZI,31.33811610926192,-17.784846519288877,Zimbabwe,NMM,PM2.5
1718,1.4017133390494487,ZIMBABWE_MASHONALAND EAST_HWEDZA,31.63567042276917,-18.735938924713302,Zimbabwe,NMM,PM2.5
1719,2.9763683306246964,ZIMBABWE_MASHONALAND EAST_MARONDERA,31.497737809885596,-18.2710373540706,Zimbabwe,NMM,PM2.5
1720,0.4538681755525332,ZIMBABWE_MASHONALAND EAST_MARONDERA URBAN,31.548361807518038,-18.199991583553473,Zimbabwe,NMM,PM2.5
1721,3.017714713595522,ZIMBABWE_MASHONALAND EAST_MUDZI,32.63753498981691,-17.031754865127553,Zimbabwe,NMM,PM2.5
1722,3.86672957657048,ZIMBABWE_MASHONALAND EAST_MUREHWA,31.821688822036187,-17.796798612607663,Zimbabwe,NMM,PM2.5
1723,2.3019621412772713,ZIMBABWE_MASHONALAND EAST_MUTOKO,32.27426153980204,-17.444387012058822,Zimbabwe,NMM,PM2.5
1724,0.9270960688478779,ZIMBABWE_MASHONALAND EAST_RUWA LOCAL BOARD,31.228165448921906,-17.884607511234528,Zimbabwe,NMM,PM2.5
1725,7.685367627671792,ZIMBABWE_MASHONALAND EAST_SEKE,30.953065122788516,-18.254181114854948,Zimbabwe,NMM,PM2.5
1726,2.1808479034499393,ZIMBABWE_MASHONALAND EAST_UZUMBA-MARAMBA-PFUNGWE,32.043136848699056,-17.081573218275697,Zimbabwe,NMM,PM2.5
1727,3.7353453049291927,ZIMBABWE_MASHONALAND WEST_CHEGUTU,30.395139990113776,-18.143600800629375,Zimbabwe,NMM,PM2.5
1728,0.4407440299958413,ZIMBABWE_MASHONALAND WEST_CHEGUTU URBAN,30.13470538711357,-18.12439557940687,Zimbabwe,NMM,PM2.5
1729,1.1028106674903455,ZIMBABWE_MASHONALAND WEST_CHINHOYI,30.129570688206996,-17.358929514724238,Zimbabwe,NMM,PM2.5
1730,9.847954598335596,ZIMBABWE_MASHONALAND WEST_HURUNGWE,29.53703485277088,-16.437165238308324,Zimbabwe,NMM,PM2.5
1731,1.9520206451534046,ZIMBABWE_MASHONALAND WEST_KADOMA,29.92798975734448,-18.33918663580368,Zimbabwe,NMM,PM2.5
1732,1.9342696628395473,ZIMBABWE_MASHONALAND WEST_KARIBA,28.61128807360195,-16.89292695403643,Zimbabwe,NMM,PM2.5
1733,0.1921070030193091,ZIMBABWE_MASHONALAND WEST_KARIBA URBAN,28.808652741937127,-16.523383393233598,Zimbabwe,NMM,PM2.5
1734,0.07454397865922283,ZIMBABWE_MASHONALAND WEST_KAROI,29.694591418294163,-16.820573750915116,Zimbabwe,NMM,PM2.5
1735,3.8397391863564145,ZIMBABWE_MASHONALAND WEST_MAKONDE,30.012073182765725,-17.123223173134424,Zimbabwe,NMM,PM2.5
1736,2.535268922917872,ZIMBABWE_MASHONALAND WEST_MHONDORONGEZI,30.163967503298224,-18.577761621097395,Zimbabwe,NMM,PM2.5
1737,0.5425301539181001,ZIMBABWE_MASHONALAND WEST_NORTON,30.678320648378314,-17.88198298430611,Zimbabwe,NMM,PM2.5
1738,3.835296601083724,ZIMBABWE_MASHONALAND WEST_SANYATI,29.581196326682427,-18.02169161774344,Zimbabwe,NMM,PM2.5
1739,5.045202092472317,ZIMBABWE_MASHONALAND WEST_ZVIMBA,30.44738003368097,-17.503589961775102,Zimbabwe,NMM,PM2.5
1740,3.9066974242610213,ZIMBABWE_MASVINGO_BIKITA,31.91211467778198,-20.145279592483647,Zimbabwe,NMM,PM2.5
1741,7.623385906919463,ZIMBABWE_MASVINGO_CHIREDZI RURAL,31.683341413535224,-21.347708807444196,Zimbabwe,NMM,PM2.5
1742,0.21466295611738742,ZIMBABWE_MASVINGO_CHIREDZI URBAN,31.67971758814407,-21.029338840368688,Zimbabwe,NMM,PM2.5
1743,5.332149792995145,ZIMBABWE_MASVINGO_CHIVI,30.575374256749075,-20.490369810018144,Zimbabwe,NMM,PM2.5
1744,3.639573335391059,ZIMBABWE_MASVINGO_GUTU,31.242523750576176,-19.610801584902255,Zimbabwe,NMM,PM2.5
1745,0.9230948066135181,ZIMBABWE_MASVINGO_MASVINGO,30.83494037723815,-20.07306774396139,Zimbabwe,NMM,PM2.5
1746,7.244780369461481,ZIMBABWE_MASVINGO_MASVINGO RURAL,30.910738382293413,-20.260376828144526,Zimbabwe,NMM,PM2.5
1747,3.251949920391085,ZIMBABWE_MASVINGO_MWENEZI,30.691741175078764,-21.36544378064084,Zimbabwe,NMM,PM2.5
1748,4.714445039092419,ZIMBABWE_MASVINGO_ZAKA,31.42731784993799,-20.386700025852814,Zimbabwe,NMM,PM2.5
1749,3.850926407118162,ZIMBABWE_MATABELELAND NORTH_BINGA,27.656210711179945,-17.789917553155632,Zimbabwe,NMM,PM2.5
1750,2.0340631604719133,ZIMBABWE_MATABELELAND NORTH_BUBI,28.685180931499218,-19.513947345699094,Zimbabwe,NMM,PM2.5
1751,2.9105609650939024,ZIMBABWE_MATABELELAND NORTH_HWANGE,26.423179889687354,-18.71113404476513,Zimbabwe,NMM,PM2.5
1752,0.6338317119161586,ZIMBABWE_MATABELELAND NORTH_HWANGE URBAN,26.46801043565975,-18.372016600758958,Zimbabwe,NMM,PM2.5
1753,2.642835745740503,ZIMBABWE_MATABELELAND NORTH_LUPANE,27.79328072988368,-18.839114218902946,Zimbabwe,NMM,PM2.5
1754,2.281504074624811,ZIMBABWE_MATABELELAND NORTH_NKAYI,28.661176006857257,-18.88355717575602,Zimbabwe,NMM,PM2.5
1755,2.206555727922957,ZIMBABWE_MATABELELAND NORTH_TSHOLOTSHO,27.414283617138953,-19.61964010445645,Zimbabwe,NMM,PM2.5
1756,43.20674284047236,ZIMBABWE_MATABELELAND NORTH_UMGUZA,28.271066028232603,-19.819869340116053,Zimbabwe,NMM,PM2.5
1757,0.26232731497185885,ZIMBABWE_MATABELELAND NORTH_VICTORIA FALLS,25.829883287476026,-17.92990704990956,Zimbabwe,NMM,PM2.5
1758,8.161309817580968,ZIMBABWE_MATABELELAND SOUTH_BEITBRIDGE RURAL,30.032227315484988,-21.908181587615122,Zimbabwe,NMM,PM2.5
1759,3.1672599560064025,ZIMBABWE_MATABELELAND SOUTH_BEITBRIDGE URBAN,30.005198690269744,-22.19816655945671,Zimbabwe,NMM,PM2.5
1760,2.0272412353540306,ZIMBABWE_MATABELELAND SOUTH_BULILIMA,27.573442352722388,-20.169421371289143,Zimbabwe,NMM,PM2.5
1761,122.47656342869628,ZIMBABWE_MATABELELAND SOUTH_GWANDA,29.162201344353758,-21.236732145513137,Zimbabwe,NMM,PM2.5
1762,0.05627964986206516,ZIMBABWE_MATABELELAND SOUTH_GWANDA URBAN,29.001018112960306,-20.93393035805012,Zimbabwe,NMM,PM2.5
1763,2.484574302140013,ZIMBABWE_MATABELELAND SOUTH_INSIZA,29.405124054354932,-20.257921118201494,Zimbabwe,NMM,PM2.5
1764,2.265903313045113,ZIMBABWE_MATABELELAND SOUTH_MATOBO,28.491004036525954,-20.955582194378135,Zimbabwe,NMM,PM2.5
1765,0.1439595694991702,ZIMBABWE_MATABELELAND SOUTH_PLUMTREE,27.816351882493578,-20.50409730643698,Zimbabwe,NMM,PM2.5
1766,1.3590200294317787,ZIMBABWE_MATABELELAND SOUTH_UMZINGWANE,28.94552119766589,-20.34465698117629,Zimbabwe,NMM,PM2.5
1767,10.016300592577878,ZIMBABWE_MIDLANDS_CHIRUMANZU,30.481519343037423,-19.319633373328976,Zimbabwe,NMM,PM2.5
1768,6.0392413488865735,ZIMBABWE_MIDLANDS_GOKWE NORTH,28.837677893701187,-17.570419471118004,Zimbabwe,NMM,PM2.5
1769,6.945518880606958,ZIMBABWE_MIDLANDS_GOKWE SOUTH,28.645633627572618,-18.206523936363304,Zimbabwe,NMM,PM2.5
1770,0.10163833272099475,ZIMBABWE_MIDLANDS_GOKWE TOWN,28.940176689013466,-18.22128365220127,Zimbabwe,NMM,PM2.5
1771,2.293579963360435,ZIMBABWE_MIDLANDS_GWERU,29.817923337717286,-19.45269647021317,Zimbabwe,NMM,PM2.5
1772,31.25967401382738,ZIMBABWE_MIDLANDS_GWERU RURAL,29.63690224470826,-19.466810605052125,Zimbabwe,NMM,PM2.5
1773,1.4000421226798099,ZIMBABWE_MIDLANDS_KWEKWE,29.81635406697312,-18.917482667926965,Zimbabwe,NMM,PM2.5
1774,5.914336637434101,ZIMBABWE_MIDLANDS_KWEKWE RURAL,29.551841911899576,-18.878863937431618,Zimbabwe,NMM,PM2.5
1775,4.891704422391197,ZIMBABWE_MIDLANDS_MBERENGWA,30.01016178871132,-20.74365987883918,Zimbabwe,NMM,PM2.5
1776,0.6064183331123885,ZIMBABWE_MIDLANDS_REDCLIFF,29.76586767080143,-19.022868422004397,Zimbabwe,NMM,PM2.5
1777,0.6176028051254135,ZIMBABWE_MIDLANDS_SHURUGWI,29.99793599865513,-19.69370465973288,Zimbabwe,NMM,PM2.5
1778,1.8738550401371834,ZIMBABWE_MIDLANDS_SHURUGWI RURAL,30.15294241347956,-19.750231393050633,Zimbabwe,NMM,PM2.5
1779,2.3673592704935906,ZIMBABWE_MIDLANDS_ZVISHAVANE,30.078676585245802,-20.27716243014893,Zimbabwe,NMM,PM2.5
1780,0.6130854552422201,ZIMBABWE_MIDLANDS_ZVISHAVANE MINE,30.053840966799243,-20.319854351134133,Zimbabwe,NMM,PM2.5
1781,1.4291744573665874,ZIMBABWE_MATABELELAND SOUTH_MANGWE,28.019398455119735,-20.990691255910058,Zimbabwe,NMM,PM2.5
