census_id,emis,geo_name,lon,lat,country,code,poll
0001,0,ANGOLA_BENGO_AMBRIZ,13.500573856748415,-7.941839245075118,Angola,CHE,SO2
0002,0,ANGOLA_BENGO_BULA ATUMBA,14.820908751789867,-8.634475645495783,Angola,CHE,SO2
0003,0,ANGOLA_BENGO_DANDE,13.841710609854086,-8.53534736049627,Angola,CHE,SO2
0004,0,ANGOLA_BENGO_DEMBOS,14.552452662474186,-8.506656679922113,Angola,CHE,SO2
0005,0,ANGOLA_BENGO_NAMBUANGONGO,14.25926486683566,-8.047643790272277,Angola,CHE,SO2
0006,0,ANGOLA_BENGO_PANGO ALUQUÉM,14.467187741962098,-8.753291428515478,Angola,CHE,SO2
0007,0,ANGOLA_BENGUELA_BAÍA FARTA,13.110895429150032,-13.169353899832894,Angola,CHE,SO2
0008,0,ANGOLA_BENGUELA_BALOMBO,14.785534807000774,-12.362142938317604,Angola,CHE,SO2
0009,0,ANGOLA_BENGUELA_BENGUELA,13.613234701433782,-12.750903810317325,Angola,CHE,SO2
0010,0,ANGOLA_BENGUELA_BOCOIO,14.273806030010297,-12.337517465231237,Angola,CHE,SO2
0011,0,ANGOLA_BENGUELA_CAIMBAMBO,13.925466200463916,-13.103370379840863,Angola,CHE,SO2
0012,0,ANGOLA_BENGUELA_CATUMBELA,13.680172800346687,-12.477296385532492,Angola,CHE,SO2
0013,0,ANGOLA_BENGUELA_CHONGOROI,13.804725364547245,-13.596741410412521,Angola,CHE,SO2
0014,0,ANGOLA_BENGUELA_CUBAL,14.349577634106108,-13.16149142143734,Angola,CHE,SO2
0015,0,ANGOLA_BENGUELA_GANDA,14.733920867955561,-13.122131963632688,Angola,CHE,SO2
0016,0,ANGOLA_BENGUELA_LOBITO,13.886545783996153,-12.092395259332209,Angola,CHE,SO2
0017,0,ANGOLA_BIÉ_ANDULO,16.463299708517784,-11.274658946317146,Angola,CHE,SO2
0018,0,ANGOLA_BIÉ_CAMACUPA,17.780227977541617,-12.451681506672221,Angola,CHE,SO2
0019,0,ANGOLA_BIÉ_CATABOLA,17.254341809340623,-12.147939255129183,Angola,CHE,SO2
0020,0,ANGOLA_BIÉ_CHINGUAR,16.57220235885333,-12.562961032395926,Angola,CHE,SO2
0021,0,ANGOLA_BIÉ_CHITEMBO,17.2256685420672,-13.4761375683222,Angola,CHE,SO2
0022,0,ANGOLA_BIÉ_CUEMBA,18.450876402365434,-11.812583973776919,Angola,CHE,SO2
0023,0,ANGOLA_BIÉ_CUITO,17.0195337801636,-12.539053407735349,Angola,CHE,SO2
0024,0,ANGOLA_BIÉ_CUNHINGA,16.806485043535446,-11.988245606222938,Angola,CHE,SO2
0025,0,ANGOLA_BIÉ_NHAREA,17.157724905821997,-11.308602978499657,Angola,CHE,SO2
0026,0,ANGOLA_CABINDA_BELIZE,12.84464336058737,-4.605790961567085,Angola,CHE,SO2
0027,0.022340799848525043,ANGOLA_CABINDA_BUCO ZAU,12.545868870473262,-4.802124175234638,Angola,CHE,SO2
0028,0.07542018768106294,ANGOLA_CABINDA_CABINDA,12.36403326270615,-5.461872414729606,Angola,CHE,SO2
0029,0,ANGOLA_CABINDA_CACONGO,12.242228043574034,-5.043712430446504,Angola,CHE,SO2
0030,0,ANGOLA_KUANDO KUBANGO_CALAI,19.414268804995988,-17.367954683212766,Angola,CHE,SO2
0031,0,ANGOLA_KUANDO KUBANGO_CUANGAR,18.15299180710266,-17.054777832805367,Angola,CHE,SO2
0032,0,ANGOLA_KUANDO KUBANGO_CUCHI,16.962579756983985,-14.692891199511664,Angola,CHE,SO2
0033,0,ANGOLA_KUANDO KUBANGO_CUITO CUANAVALE,18.841355039845936,-14.950150376556852,Angola,CHE,SO2
0034,0,ANGOLA_KUANDO KUBANGO_DIRICO,20.825162039879295,-17.52729673830151,Angola,CHE,SO2
0035,0,ANGOLA_KUANDO KUBANGO_MAVINGA,20.292091111981065,-16.124977275218903,Angola,CHE,SO2
0036,0,ANGOLA_KUANDO KUBANGO_MENONGUE,17.745373647024998,-15.225709939331868,Angola,CHE,SO2
0037,0,ANGOLA_KUANDO KUBANGO_NANCOVA,18.73240828489362,-16.388826303005242,Angola,CHE,SO2
0038,0.2776317361790103,ANGOLA_KUANDO KUBANGO_RIVUNGO,21.95105197046031,-16.860900758284263,Angola,CHE,SO2
0039,0,ANGOLA_KWANZA NORTE_AMBACA,15.509119051943488,-8.223269097816729,Angola,CHE,SO2
0040,0,ANGOLA_KWANZA NORTE_BANGA,15.153253461606287,-8.689616530469744,Angola,CHE,SO2
0041,0,ANGOLA_KWANZA NORTE_BOLONGONGO,15.113302487330705,-8.382132376680488,Angola,CHE,SO2
0042,0,ANGOLA_KWANZA NORTE_CAMBAMBE,14.521816633134614,-9.433964278230446,Angola,CHE,SO2
0043,0,ANGOLA_KWANZA NORTE_CAZENGO,14.779870946066733,-9.320031680889498,Angola,CHE,SO2
0044,0,ANGOLA_KWANZA NORTE_GOLUNGO ALTO,14.666387710001,-9.076507922069805,Angola,CHE,SO2
0045,0,ANGOLA_KWANZA NORTE_LUCALA,15.238258650636386,-9.139267281380702,Angola,CHE,SO2
0046,0,ANGOLA_KWANZA NORTE_NGONGUEMBO,14.901663408090647,-8.902563767131948,Angola,CHE,SO2
0047,0,ANGOLA_KWANZA NORTE_QUICULUNGO,15.319625776448795,-8.49002907643525,Angola,CHE,SO2
0048,0,ANGOLA_KWANZA NORTE_SAMBA CAJÚ,15.494620704324683,-8.808515207926657,Angola,CHE,SO2
0049,0,ANGOLA_KWANZA SUL_AMBOIM,14.409446053756277,-10.888247311555114,Angola,CHE,SO2
0050,0,ANGOLA_KWANZA SUL_CASSONGUE,14.969245996228281,-11.823486279155278,Angola,CHE,SO2
0051,0,ANGOLA_KWANZA SUL_CELA,15.327509138494797,-11.286611386444985,Angola,CHE,SO2
0052,0,ANGOLA_KWANZA SUL_CONDA,14.457113187835018,-11.173469665594153,Angola,CHE,SO2
0053,0,ANGOLA_KWANZA SUL_EBO,14.756355439021709,-10.954311333786544,Angola,CHE,SO2
0054,0,ANGOLA_KWANZA SUL_LIBOLO,14.990540118658812,-10.063463539441377,Angola,CHE,SO2
0055,0,ANGOLA_KWANZA SUL_MUSSENDE,15.978658982493396,-10.268786589120642,Angola,CHE,SO2
0056,0,ANGOLA_KWANZA SUL_PORTO AMBOIM,13.942283729197893,-10.627805552833145,Angola,CHE,SO2
0057,0,ANGOLA_KWANZA SUL_QUIBALA,15.335713103750756,-10.699008506951671,Angola,CHE,SO2
0058,0,ANGOLA_KWANZA SUL_QUILENDA,14.370237419617364,-10.524491857097443,Angola,CHE,SO2
0059,0,ANGOLA_KWANZA SUL_SELES,14.50091627350989,-11.457587720793851,Angola,CHE,SO2
0060,0,ANGOLA_KWANZA SUL_SUMBE,14.04934311345206,-11.49811492361192,Angola,CHE,SO2
0061,0,ANGOLA_CUNENE_CAHAMA,14.247669093888437,-16.41710354139286,Angola,CHE,SO2
0062,0,ANGOLA_CUNENE_CUANHAMA,16.320547599774045,-16.48223334568777,Angola,CHE,SO2
0063,0,ANGOLA_CUNENE_CUROCA,13.788175609536145,-16.932294476395295,Angola,CHE,SO2
0064,0,ANGOLA_CUNENE_CUVELAI,16.136146428177735,-15.746368160393057,Angola,CHE,SO2
0065,0,ANGOLA_CUNENE_NAMACUNDE,16.606272115792553,-17.074018548021083,Angola,CHE,SO2
0066,0,ANGOLA_CUNENE_OMBADJA,14.941895100531925,-16.768959146811532,Angola,CHE,SO2
0067,0,ANGOLA_HUAMBO_BAILUNDO,15.850466201739053,-11.950050465566608,Angola,CHE,SO2
0068,0,ANGOLA_HUAMBO_CAÁLA,15.572188198073116,-13.27102876067493,Angola,CHE,SO2
0069,0,ANGOLA_HUAMBO_CACHIUNGO,16.319644201016246,-12.759421533499594,Angola,CHE,SO2
0070,0,ANGOLA_HUAMBO_ECUNHA,15.49134958273524,-12.53401934231182,Angola,CHE,SO2
0071,0,ANGOLA_HUAMBO_HUAMBO,15.79536569507517,-12.819324307871682,Angola,CHE,SO2
0072,0,ANGOLA_HUAMBO_LONDUIMBALI,15.292015045757923,-12.235996591708586,Angola,CHE,SO2
0073,0,ANGOLA_HUAMBO_LONGONJO,15.22279516795389,-13.084757821818668,Angola,CHE,SO2
0074,0,ANGOLA_HUAMBO_MUNGO,16.20588037491343,-11.755072951814116,Angola,CHE,SO2
0075,0,ANGOLA_HUAMBO_CHICALA CHOLOHANGA,16.092706109508978,-12.95985009260693,Angola,CHE,SO2
0076,0,ANGOLA_HUAMBO_CHINJENJE,14.940107561316543,-12.818781665594054,Angola,CHE,SO2
0077,0,ANGOLA_HUAMBO_UCUMA,15.15058241504692,-12.745033355569538,Angola,CHE,SO2
0078,0,ANGOLA_HUÍLA_CACONDA,15.158416365277283,-13.778376463063532,Angola,CHE,SO2
0079,0,ANGOLA_HUÍLA_CACULA,14.291948368736596,-14.437668897988177,Angola,CHE,SO2
0080,0,ANGOLA_HUÍLA_CALUQUEMBE,14.553605248971426,-13.943434135545042,Angola,CHE,SO2
0081,0,ANGOLA_HUÍLA_CHIBIA,13.860963321337298,-15.220319449437994,Angola,CHE,SO2
0082,0,ANGOLA_HUÍLA_CHICOMBA,15.019421703365952,-14.30430435864405,Angola,CHE,SO2
0083,0,ANGOLA_HUÍLA_CHIPINDO,15.73591828652565,-13.88531948048917,Angola,CHE,SO2
0084,0,ANGOLA_HUÍLA_CUVANGO,16.318716983084595,-14.2140670585581,Angola,CHE,SO2
0085,0,ANGOLA_HUÍLA_GAMBOS,14.0555441801658,-15.836380299367216,Angola,CHE,SO2
0086,0,ANGOLA_HUÍLA_HUMPATA,13.37340825793292,-15.07711619840059,Angola,CHE,SO2
0087,0,ANGOLA_HUÍLA_JAMBA,15.84246469273556,-14.813136321719922,Angola,CHE,SO2
0088,0,ANGOLA_HUÍLA_LUBANGO,13.74650625251509,-14.782265363665282,Angola,CHE,SO2
0089,0,ANGOLA_HUÍLA_MATALA,15.162569522619448,-15.264035381319765,Angola,CHE,SO2
0090,0,ANGOLA_HUÍLA_QUILENGUES,13.926712495367244,-14.10284606537322,Angola,CHE,SO2
0091,0,ANGOLA_HUÍLA_QUIPUNGO,14.584346812183863,-15.11197852346331,Angola,CHE,SO2
0092,0,ANGOLA_LUANDA_BELAS,13.174021473379,-9.08837444152561,Angola,CHE,SO2
0093,0,ANGOLA_LUANDA_CACUACO,13.451339905381309,-8.81991357363531,Angola,CHE,SO2
0094,0,ANGOLA_LUANDA_CAZENGA,13.300213504677842,-8.82313810517484,Angola,CHE,SO2
0095,0,ANGOLA_LUANDA_ICOLO E BENGO,13.862681054977354,-9.152861347234415,Angola,CHE,SO2
0096,0,ANGOLA_LUANDA_LUANDA,13.252264930379923,-8.85095461326464,Angola,CHE,SO2
0097,0,ANGOLA_LUANDA_QUISSAMA,13.850629524262196,-9.831116523016574,Angola,CHE,SO2
0098,0,ANGOLA_LUANDA_VIANA,13.400581493461187,-9.003465052028048,Angola,CHE,SO2
0099,0.17466406580715207,ANGOLA_LUNDA NORTE_CAMBULO,21.496387269915466,-7.900107950052335,Angola,CHE,SO2
0100,0,ANGOLA_LUNDA NORTE_CAPENDA CAMULEMBA,18.86907773627034,-9.675389036317052,Angola,CHE,SO2
0101,0,ANGOLA_LUNDA NORTE_CAUNGULA,18.82247560938972,-8.340339422591542,Angola,CHE,SO2
0102,0.08567294569545933,ANGOLA_LUNDA NORTE_CHITATO,20.86681232898085,-7.553523750605493,Angola,CHE,SO2
0103,7.881064636306052e-4,ANGOLA_LUNDA NORTE_CUANGO,18.060888555716936,-8.601096909504287,Angola,CHE,SO2
0104,0.01291416920513806,ANGOLA_LUNDA NORTE_CUILO,19.68851489115215,-8.128052490802382,Angola,CHE,SO2
0105,0.03257967454813927,ANGOLA_LUNDA NORTE_LÓVUA,20.13536631533787,-7.292391189166928,Angola,CHE,SO2
0106,0,ANGOLA_LUNDA NORTE_LUBALO,19.297321892350976,-9.188561260843436,Angola,CHE,SO2
0107,0,ANGOLA_LUNDA NORTE_LUCAPA,20.47673092828323,-8.42331409755646,Angola,CHE,SO2
0108,0,ANGOLA_LUNDA NORTE_XÁ-MUTEBA,17.85122654394,-9.277995251698849,Angola,CHE,SO2
0109,0,ANGOLA_LUNDA SUL_CACOLO,19.178913301145815,-10.547328172202947,Angola,CHE,SO2
0110,0,ANGOLA_LUNDA SUL_DALA,20.352238837105524,-10.92405164265005,Angola,CHE,SO2
0111,0.03717319310638947,ANGOLA_LUNDA SUL_MUCONDA,21.424847286291374,-10.154651759138405,Angola,CHE,SO2
0112,0,ANGOLA_LUNDA SUL_SAURIMO,20.688380679682755,-9.477233643283244,Angola,CHE,SO2
0113,0,ANGOLA_MALANJE_CACUSO,15.62849098111707,-9.490292469411429,Angola,CHE,SO2
0114,0,ANGOLA_MALANJE_CAHOMBO,16.66605389643875,-8.647102372057851,Angola,CHE,SO2
0115,0,ANGOLA_MALANJE_CALANDULA,16.005245178381916,-8.695990183498342,Angola,CHE,SO2
0116,0,ANGOLA_MALANJE_CAMBUNDI-CATEMBO,17.84709415122643,-10.125145503710968,Angola,CHE,SO2
0117,0,ANGOLA_MALANJE_CANGANDALA,16.683252748189343,-9.952367021939013,Angola,CHE,SO2
0118,0,ANGOLA_MALANJE_CUNDA-DIA-BAZE,17.352728983670623,-8.66125398022735,Angola,CHE,SO2
0119,0,ANGOLA_MALANJE_KIWABA NZOJI,16.45736622164412,-9.037971690115318,Angola,CHE,SO2
0120,0,ANGOLA_MALANJE_LUQUEMBO,17.384986684590697,-10.792874181396483,Angola,CHE,SO2
0121,0,ANGOLA_MALANJE_MALANJE,16.35498305019854,-9.482474776585153,Angola,CHE,SO2
0122,0.015736350202768687,ANGOLA_MALANJE_MARIMBA,17.11151213033175,-8.168436018156713,Angola,CHE,SO2
0123,0.02891361275368946,ANGOLA_MALANJE_MASSANGO,16.599614024908476,-7.763456075510212,Angola,CHE,SO2
0124,0,ANGOLA_MALANJE_MUCARI,16.919365558811112,-9.481804740501817,Angola,CHE,SO2
0125,0,ANGOLA_MALANJE_QUELA,17.28820754724371,-9.318539247011007,Angola,CHE,SO2
0126,0,ANGOLA_MALANJE_QUIRIMA,18.2681837365498,-11.068909718662896,Angola,CHE,SO2
0127,0.03361584611005449,ANGOLA_MOXICO_ALTO ZAMBEZE,22.90799374709926,-12.209683357686718,Angola,CHE,SO2
0128,0.004610422743094013,ANGOLA_MOXICO_BUNDAS,21.31907325919521,-14.210473217747047,Angola,CHE,SO2
0129,0,ANGOLA_MOXICO_CAMANONGUE,20.234534061632754,-11.408959591622152,Angola,CHE,SO2
0130,0,ANGOLA_MOXICO_CAMEIA,21.26339460023485,-11.838370789228382,Angola,CHE,SO2
0131,0,ANGOLA_MOXICO_LÉUA,20.575562544579704,-11.74380358626066,Angola,CHE,SO2
0132,0,ANGOLA_MOXICO_LUACANO,22.046284955949286,-11.669871723573195,Angola,CHE,SO2
0133,0.2334724948762809,ANGOLA_MOXICO_LUAU,21.997475474347006,-10.901812727972676,Angola,CHE,SO2
0134,0,ANGOLA_MOXICO_LUCHAZES,19.530239402686032,-13.751962349149917,Angola,CHE,SO2
0135,0,ANGOLA_MOXICO_LUENA,19.776770525882704,-12.327720581169427,Angola,CHE,SO2
0136,0,ANGOLA_NAMIBE_BIBALA,13.139576640553054,-14.685793467915335,Angola,CHE,SO2
0137,0,ANGOLA_NAMIBE_CAMUCUIO,13.0324059676621,-14.003701587165244,Angola,CHE,SO2
0138,0,ANGOLA_NAMIBE_NAMIBE,12.457905307074512,-14.720315334187738,Angola,CHE,SO2
0139,0,ANGOLA_NAMIBE_TÔMBWA,12.359284305310362,-16.564898961646183,Angola,CHE,SO2
0140,0,ANGOLA_NAMIBE_VIREI,12.94168325673447,-15.813548331274848,Angola,CHE,SO2
0141,0,ANGOLA_UÍGE_AMBUILA,14.468179065511844,-7.587449047134571,Angola,CHE,SO2
0142,0,ANGOLA_UÍGE_BEMBE,14.277664721920273,-7.052417289665407,Angola,CHE,SO2
0143,0,ANGOLA_UÍGE_BUENGAS,15.825059286515511,-6.668373974646913,Angola,CHE,SO2
0144,0,ANGOLA_UÍGE_BUNGO,15.447113463583449,-7.392017748161813,Angola,CHE,SO2
0145,0,ANGOLA_UÍGE_CANGOLA,15.953541847191238,-7.839972087285049,Angola,CHE,SO2
0146,0,ANGOLA_UÍGE_DAMBA,15.216117046210005,-6.730711730495686,Angola,CHE,SO2
0147,0.1434980675803828,ANGOLA_UÍGE_MAQUELA DO ZOMBO,15.504832114047753,-6.115762646049738,Angola,CHE,SO2
0148,0.011836570699269805,ANGOLA_UÍGE_SANTA CRUZ,16.58039852859364,-7.043057290518152,Angola,CHE,SO2
0149,0,ANGOLA_UÍGE_MUCABA,15.044844983137867,-7.104479137048426,Angola,CHE,SO2
0150,0,ANGOLA_UÍGE_NEGAGE,15.387803110685544,-7.82670187011252,Angola,CHE,SO2
0151,0,ANGOLA_UÍGE_PURI,15.677588319493356,-7.6520448609471,Angola,CHE,SO2
0152,0.06596148368516104,ANGOLA_UÍGE_QUIMBELE,16.358827373391733,-6.339946266586419,Angola,CHE,SO2
0153,0,ANGOLA_UÍGE_QUITEXE,14.916309357718397,-8.05805649608166,Angola,CHE,SO2
0154,0,ANGOLA_UÍGE_SANZA POMBO,16.05132046706061,-7.225080931426597,Angola,CHE,SO2
0155,0,ANGOLA_UÍGE_SONGO,14.789371774574954,-7.15444085578491,Angola,CHE,SO2
0156,0,ANGOLA_UÍGE_UÍGE,15.086269927234868,-7.569389383460002,Angola,CHE,SO2
0157,0.0017907376138454477,ANGOLA_ZAIRE_CUIMBA,14.656648047034412,-6.211094387740501,Angola,CHE,SO2
0158,0.12977604915099675,ANGOLA_ZAIRE_MBANZA CONGO,14.17814621079705,-6.310144184559853,Angola,CHE,SO2
0159,0,ANGOLA_ZAIRE_NZETO,13.396012085498478,-7.329332397443156,Angola,CHE,SO2
0160,1.3116540321982686,ANGOLA_ZAIRE_NÓQUI,13.505068524452918,-6.150797500748508,Angola,CHE,SO2
0161,0.9030837750827488,ANGOLA_ZAIRE_SOYO,12.72456320103429,-6.276748486180679,Angola,CHE,SO2
0162,0,ANGOLA_ZAIRE_TOMBOCO,13.360813071321832,-6.70704141475642,Angola,CHE,SO2
0163,0,BOTSWANA_CENTRAL_BOBONONG_BOBONONG,28.439270006020617,-21.904588768680572,Botswana,CHE,SO2
0164,0,BOTSWANA_CENTRAL_BOBONONG_DAMOCHOJENA,27.46425717187249,-21.89586472598768,Botswana,CHE,SO2
0165,0,BOTSWANA_CENTRAL_BOBONONG_KOBOJANGO,28.763918196572497,-21.785636334108606,Botswana,CHE,SO2
0166,0,BOTSWANA_CENTRAL_BOBONONG_LENTSWELEMORITI,29.09263730127421,-22.126071452194022,Botswana,CHE,SO2
0167,0,BOTSWANA_CENTRAL_BOBONONG_LEPOKOLE,28.342120180879903,-21.78828871071267,Botswana,CHE,SO2
0168,0,BOTSWANA_CENTRAL_BOBONONG_MABOLWE,28.93856360422732,-21.822911107503458,Botswana,CHE,SO2
0169,0,BOTSWANA_CENTRAL_BOBONONG_MATHATHANE,28.765707084954567,-22.164921148469332,Botswana,CHE,SO2
0170,0,BOTSWANA_CENTRAL_BOBONONG_MMADINARE,27.61927099292336,-21.939530032971234,Botswana,CHE,SO2
0171,0,BOTSWANA_CENTRAL_BOBONONG_MOLALATAU,28.546028057555482,-22.244047061148887,Botswana,CHE,SO2
0172,0,BOTSWANA_CENTRAL_BOBONONG_MOLETEMANE,28.24551458680093,-22.49838952314233,Botswana,CHE,SO2
0173,0,BOTSWANA_CENTRAL_BOBONONG_MOTLHABANENG,28.847671161031595,-22.0878861675696,Botswana,CHE,SO2
0174,0,BOTSWANA_CENTRAL_BOBONONG_ROBELELA,28.01614217627893,-21.606755627584164,Botswana,CHE,SO2
0175,0,BOTSWANA_CENTRAL_BOBONONG_SEFOPHE,28.010768080362112,-22.202415922887717,Botswana,CHE,SO2
0176,0,BOTSWANA_CENTRAL_BOBONONG_SEMOLALE,28.901373465716713,-21.94234612580183,Botswana,CHE,SO2
0177,0,BOTSWANA_CENTRAL_BOBONONG_TOBANE,28.034740456942973,-21.715331266156507,Botswana,CHE,SO2
0178,0,BOTSWANA_CENTRAL_BOBONONG_TSETSEBJWE,28.261512057832615,-22.323234206617617,Botswana,CHE,SO2
0179,0,BOTSWANA_CENTRAL_BOBONONG_TSHOKWE,28.12020929554016,-21.7461736340543,Botswana,CHE,SO2
0180,0,BOTSWANA_CENTRAL_BOBONONG_TULI,28.659593038222404,-22.426510831132365,Botswana,CHE,SO2
0181,0,BOTSWANA_CENTRAL_BOTETI_KEDIA,24.838048952453185,-21.403241698591675,Botswana,CHE,SO2
0182,0,BOTSWANA_CENTRAL_BOTETI_KHWEE,25.42160849963441,-21.949084316434682,Botswana,CHE,SO2
0183,0,BOTSWANA_CENTRAL_BOTETI_KUMAGA,24.694403521304178,-20.43709104783157,Botswana,CHE,SO2
0184,0,BOTSWANA_CENTRAL_BOTETI_LETLHAKANE,25.324076768019342,-21.74281229869488,Botswana,CHE,SO2
0185,0,BOTSWANA_CENTRAL_BOTETI_MAKALAMABEDI,24.027537186531372,-20.329731365780997,Botswana,CHE,SO2
0186,0,BOTSWANA_CENTRAL_BOTETI_MMADIKOLA,24.505648562137157,-21.04540148259183,Botswana,CHE,SO2
0187,0,BOTSWANA_CENTRAL_BOTETI_MMATSHUMO,25.608635534616877,-21.055357574481494,Botswana,CHE,SO2
0188,0,BOTSWANA_CENTRAL_BOTETI_MOKOBOXANE,25.01278736428241,-21.374661912697718,Botswana,CHE,SO2
0189,0,BOTSWANA_CENTRAL_BOTETI_MOPIPI,25.06130611972133,-20.957019464880865,Botswana,CHE,SO2
0190,0,BOTSWANA_CENTRAL_BOTETI_MOREOMAOTO,24.225653269651804,-20.326805973885744,Botswana,CHE,SO2
0191,0,BOTSWANA_CENTRAL_BOTETI_MOSU,26.096038009772478,-21.108931183794436,Botswana,CHE,SO2
0192,0,BOTSWANA_CENTRAL_BOTETI_MOTOPI,24.143658950831586,-20.239487705166916,Botswana,CHE,SO2
0193,0,BOTSWANA_CENTRAL_BOTETI_TOROMOJA,24.68875163244386,-21.028858930681245,Botswana,CHE,SO2
0194,0,BOTSWANA_CENTRAL_BOTETI_TSIENYANE/RAKOPS,24.297459830504376,-20.770824097320627,Botswana,CHE,SO2
0195,0,BOTSWANA_CENTRAL_BOTETI_XERE,23.995091776720663,-21.05103701376487,Botswana,CHE,SO2
0196,0,BOTSWANA_CENTRAL_BOTETI_XHUMO,24.543580068860226,-21.43138653458584,Botswana,CHE,SO2
0197,0,BOTSWANA_CENTRAL_MAHALAPYE_BONWAPITSE,26.696499319837177,-23.016977775399745,Botswana,CHE,SO2
0198,0,BOTSWANA_CENTRAL_MAHALAPYE_BOROTSI,27.574845464339035,-23.03787815480758,Botswana,CHE,SO2
0199,0,BOTSWANA_CENTRAL_MAHALAPYE_CHADIBE,27.653472614061975,-23.04213517690895,Botswana,CHE,SO2
0200,0,BOTSWANA_CENTRAL_MAHALAPYE_DIBETE STATION,26.60466673565762,-23.712578892238895,Botswana,CHE,SO2
0201,0,BOTSWANA_CENTRAL_MAHALAPYE_DOVEDALE,27.0584095397386,-23.43747251689984,Botswana,CHE,SO2
0202,0,BOTSWANA_CENTRAL_MAHALAPYE_IKONGWE,26.42368516567563,-23.133332920110572,Botswana,CHE,SO2
0203,0,BOTSWANA_CENTRAL_MAHALAPYE_KALAMARE,26.676800027450167,-22.85145869530537,Botswana,CHE,SO2
0204,0,BOTSWANA_CENTRAL_MAHALAPYE_KODIBELENG,25.8565320473089,-23.06990009465882,Botswana,CHE,SO2
0205,0,BOTSWANA_CENTRAL_MAHALAPYE_KUDUMATSE,27.163558620828415,-23.343825570073967,Botswana,CHE,SO2
0206,0,BOTSWANA_CENTRAL_MAHALAPYE_MAAPE,27.298633726872115,-22.801071310840364,Botswana,CHE,SO2
0207,0,BOTSWANA_CENTRAL_MAHALAPYE_MACHANENG,27.430989788355014,-23.17527950233516,Botswana,CHE,SO2
0208,0,BOTSWANA_CENTRAL_MAHALAPYE_MAHALAPYE,26.92364672437042,-23.059367128880574,Botswana,CHE,SO2
0209,0,BOTSWANA_CENTRAL_MAHALAPYE_MAKWATE,27.289572829578482,-23.25066866242674,Botswana,CHE,SO2
0210,0,BOTSWANA_CENTRAL_MAHALAPYE_MATLHAKO,27.57730747946278,-23.092868816729595,Botswana,CHE,SO2
0211,0,BOTSWANA_CENTRAL_MAHALAPYE_MHALAPITSA,27.241670153565362,-22.750141129591885,Botswana,CHE,SO2
0212,0,BOTSWANA_CENTRAL_MAHALAPYE_MMAPHASHALALA,26.85959307803958,-23.525191663403213,Botswana,CHE,SO2
0213,0,BOTSWANA_CENTRAL_MAHALAPYE_MMUTLANA,26.603632318980285,-22.97161859276938,Botswana,CHE,SO2
0214,0,BOTSWANA_CENTRAL_MAHALAPYE_MOKGENENE,26.039953432163163,-23.53987260084274,Botswana,CHE,SO2
0215,0,BOTSWANA_CENTRAL_MAHALAPYE_MOKOBENG,27.693890294840614,-22.97362584906358,Botswana,CHE,SO2
0216,0,BOTSWANA_CENTRAL_MAHALAPYE_MOKOSWANE,26.94190877928232,-23.316220505173856,Botswana,CHE,SO2
0217,0,BOTSWANA_CENTRAL_MAHALAPYE_MOOKANE,26.698166386924417,-23.694975957356803,Botswana,CHE,SO2
0218,0,BOTSWANA_CENTRAL_MAHALAPYE_MORALANE,26.215414450162044,-22.936420739953075,Botswana,CHE,SO2
0219,0,BOTSWANA_CENTRAL_MAHALAPYE_MOSHOPHA,27.314662802995976,-22.947407012331485,Botswana,CHE,SO2
0220,0,BOTSWANA_CENTRAL_MAHALAPYE_MOSOLOTSHANE,26.428423160167153,-22.91931594278049,Botswana,CHE,SO2
0221,0,BOTSWANA_CENTRAL_MAHALAPYE_NGWAPA,27.77944253096159,-22.919703336193177,Botswana,CHE,SO2
0222,0,BOTSWANA_CENTRAL_MAHALAPYE_OTSE,25.946626364668234,-23.32358945282839,Botswana,CHE,SO2
0223,0,BOTSWANA_CENTRAL_MAHALAPYE_PALLA ROAD/DINOKWE,26.77659555732254,-23.360515846147123,Botswana,CHE,SO2
0224,0,BOTSWANA_CENTRAL_MAHALAPYE_PILIKWE,27.12830992169561,-22.797803953113785,Botswana,CHE,SO2
0225,0,BOTSWANA_CENTRAL_MAHALAPYE_POLOKA,26.288048197015442,-23.601986580637178,Botswana,CHE,SO2
0226,0,BOTSWANA_CENTRAL_MAHALAPYE_RAMOKGONAMI,27.427775976491716,-22.856906588140728,Botswana,CHE,SO2
0227,0,BOTSWANA_CENTRAL_MAHALAPYE_SEFHARE,27.497480197007754,-23.01846757513452,Botswana,CHE,SO2
0228,0,BOTSWANA_CENTRAL_MAHALAPYE_SELEKA,27.541179586978274,-22.862211127370156,Botswana,CHE,SO2
0229,0,BOTSWANA_CENTRAL_MAHALAPYE_SHAKWE,27.285868545141952,-23.098563338666022,Botswana,CHE,SO2
0230,0,BOTSWANA_CENTRAL_MAHALAPYE_SHOSHONG,26.387666419486898,-23.28181618855284,Botswana,CHE,SO2
0231,0,BOTSWANA_CENTRAL_MAHALAPYE_TAUPYE,27.086389543341017,-23.181122303718336,Botswana,CHE,SO2
0232,0,BOTSWANA_CENTRAL_MAHALAPYE_TEWANE,26.8808106284804,-22.855065985054686,Botswana,CHE,SO2
0233,0,BOTSWANA_CENTRAL_MAHALAPYE_TULI,27.376483753636418,-23.358300442845334,Botswana,CHE,SO2
0234,0,BOTSWANA_CENTRAL_MAHALAPYE_TUMASERA,27.625135322324592,-22.873322197159712,Botswana,CHE,SO2
0235,0,BOTSWANA_CENTRAL_SEROWE PALAPYE_DILORO,27.615763781482226,-22.42069872982587,Botswana,CHE,SO2
0236,0,BOTSWANA_CENTRAL_SEROWE PALAPYE_DIMAJWE,26.75499325012916,-21.701835892951095,Botswana,CHE,SO2
0237,0,BOTSWANA_CENTRAL_SEROWE PALAPYE_GAMABUO,26.34887363421504,-22.621942368691556,Botswana,CHE,SO2
0238,0,BOTSWANA_CENTRAL_SEROWE PALAPYE_GOJWANE,27.274583799149916,-21.783314177365938,Botswana,CHE,SO2
0239,0,BOTSWANA_CENTRAL_SEROWE PALAPYE_GOO-SEKGWENG,27.378852556607093,-22.684458968010347,Botswana,CHE,SO2
0240,0,BOTSWANA_CENTRAL_SEROWE PALAPYE_GOOTAU,27.424470969841263,-22.695172167140004,Botswana,CHE,SO2
0241,0,BOTSWANA_CENTRAL_SEROWE PALAPYE_KGAGODI,27.50339317555218,-22.29477672423486,Botswana,CHE,SO2
0242,0,BOTSWANA_CENTRAL_SEROWE PALAPYE_LECHENG,27.185275817151037,-22.673190570584637,Botswana,CHE,SO2
0243,0,BOTSWANA_CENTRAL_SEROWE PALAPYE_LERALA,27.844813325817267,-22.74868745754991,Botswana,CHE,SO2
0244,0,BOTSWANA_CENTRAL_SEROWE PALAPYE_LESENEPOLE/MATOLWANE,27.57647005773152,-22.540521067100062,Botswana,CHE,SO2
0245,0,BOTSWANA_CENTRAL_SEROWE PALAPYE_MABELEAPUDI,26.825166966464483,-22.128040644255414,Botswana,CHE,SO2
0246,0,BOTSWANA_CENTRAL_SEROWE PALAPYE_MAJWANAADIPITSE,27.005264767504467,-21.94020945810498,Botswana,CHE,SO2
0247,0,BOTSWANA_CENTRAL_SEROWE PALAPYE_MAJWANENG,27.649493814512812,-22.75586221108769,Botswana,CHE,SO2
0248,0,BOTSWANA_CENTRAL_SEROWE PALAPYE_MALAKA,27.34590226161426,-22.592437093749382,Botswana,CHE,SO2
0249,0,BOTSWANA_CENTRAL_SEROWE PALAPYE_MALATSWAI,26.22277867959262,-21.857375536824936,Botswana,CHE,SO2
0250,0,BOTSWANA_CENTRAL_SEROWE PALAPYE_MANALEDI,27.5051048457668,-22.739538071182494,Botswana,CHE,SO2
0251,0,BOTSWANA_CENTRAL_SEROWE PALAPYE_MATLHAKOLA,27.317001132592853,-22.71429972506726,Botswana,CHE,SO2
0252,0,BOTSWANA_CENTRAL_SEROWE PALAPYE_MAUNATLALA,27.815623496542926,-22.549960915979852,Botswana,CHE,SO2
0253,0,BOTSWANA_CENTRAL_SEROWE PALAPYE_MMASHORO,26.545528327992464,-21.913528088466634,Botswana,CHE,SO2
0254,0,BOTSWANA_CENTRAL_SEROWE PALAPYE_MOENG,27.61182691600207,-22.684247954870994,Botswana,CHE,SO2
0255,0,BOTSWANA_CENTRAL_SEROWE PALAPYE_MOGAPI,27.90355332352727,-22.400536057043198,Botswana,CHE,SO2
0256,0,BOTSWANA_CENTRAL_SEROWE PALAPYE_MOGAPINYANA,27.656777003289175,-22.30921854076872,Botswana,CHE,SO2
0257,0,BOTSWANA_CENTRAL_SEROWE PALAPYE_MOGOME,26.8788884869847,-22.780246290758782,Botswana,CHE,SO2
0258,0,BOTSWANA_CENTRAL_SEROWE PALAPYE_MOGOROSI,26.50681705808967,-22.435754433322103,Botswana,CHE,SO2
0259,0,BOTSWANA_CENTRAL_SEROWE PALAPYE_MOIYABANA,25.735420719204132,-22.568416950895624,Botswana,CHE,SO2
0260,0,BOTSWANA_CENTRAL_SEROWE PALAPYE_MOKGWARE,26.78655204288414,-22.77384105120242,Botswana,CHE,SO2
0261,0,BOTSWANA_CENTRAL_SEROWE PALAPYE_MOKHUNGWANA,27.306318999794403,-22.66250272126858,Botswana,CHE,SO2
0262,0,BOTSWANA_CENTRAL_SEROWE PALAPYE_MOKOKWANA,27.68970066181251,-22.615814171525756,Botswana,CHE,SO2
0263,0,BOTSWANA_CENTRAL_SEROWE PALAPYE_MOREMI,27.48231653767836,-22.53631545317506,Botswana,CHE,SO2
0264,0,BOTSWANA_CENTRAL_SEROWE PALAPYE_MOREOMABELE,27.19509262463396,-21.997866632985815,Botswana,CHE,SO2
0265,0,BOTSWANA_CENTRAL_SEROWE PALAPYE_MOSWEU,27.643842814290796,-22.648861924159835,Botswana,CHE,SO2
0266,0,BOTSWANA_CENTRAL_SEROWE PALAPYE_MOTSHEGALETAU,26.39728909838941,-22.561009612981003,Botswana,CHE,SO2
0267,0,BOTSWANA_CENTRAL_SEROWE PALAPYE_PAJE,26.816328935481604,-22.26070768401234,Botswana,CHE,SO2
0268,0,BOTSWANA_CENTRAL_SEROWE PALAPYE_PALAPYE,27.16786344665423,-22.55497413257865,Botswana,CHE,SO2
0269,0,BOTSWANA_CENTRAL_SEROWE PALAPYE_RADISELE,26.988408471288807,-22.81090444695215,Botswana,CHE,SO2
0270,0,BOTSWANA_CENTRAL_SEROWE PALAPYE_RATHOLO,27.53938699821314,-22.68681419937455,Botswana,CHE,SO2
0271,0,BOTSWANA_CENTRAL_SEROWE PALAPYE_SEHUNOU,26.385003835935297,-22.59514869100243,Botswana,CHE,SO2
0272,0,BOTSWANA_CENTRAL_SEROWE PALAPYE_SEOLWANE,27.762620325390287,-22.666448768729584,Botswana,CHE,SO2
0273,0,BOTSWANA_CENTRAL_SEROWE PALAPYE_SEROWE,26.50285991859318,-21.991307902066985,Botswana,CHE,SO2
0274,0,BOTSWANA_CENTRAL_SEROWE PALAPYE_SERULE,27.237798390462725,-21.890009585678992,Botswana,CHE,SO2
0275,0,BOTSWANA_CENTRAL_SEROWE PALAPYE_TAMASANE,27.396841887713986,-22.3814578521284,Botswana,CHE,SO2
0276,0,BOTSWANA_CENTRAL_SEROWE PALAPYE_THABALA,26.421061666211095,-22.511119340536165,Botswana,CHE,SO2
0277,0,BOTSWANA_CENTRAL_SEROWE PALAPYE_TOPISI,27.22337506343467,-22.227424247307294,Botswana,CHE,SO2
0278,0,BOTSWANA_CENTRAL_SEROWE PALAPYE_TSHIMOYAPULA,27.019142014452218,-22.119432295799754,Botswana,CHE,SO2
0279,0,BOTSWANA_CENTRAL_SEROWE PALAPYE_TULI,28.061256491221307,-22.727203098241798,Botswana,CHE,SO2
0280,0,BOTSWANA_CENTRAL_TUTUME_BOROLONG,27.32637665560921,-21.091395459266185,Botswana,CHE,SO2
0281,0,BOTSWANA_CENTRAL_TUTUME_BOROTSI,27.251654267811457,-21.026993493948527,Botswana,CHE,SO2
0282,0,BOTSWANA_CENTRAL_TUTUME_CHADIBE,27.342256409557447,-21.066229746391034,Botswana,CHE,SO2
0283,0,BOTSWANA_CENTRAL_TUTUME_CHANGATE,27.246529169011538,-20.323681695475976,Botswana,CHE,SO2
0284,0,BOTSWANA_CENTRAL_TUTUME_DAGWI,27.24543111493109,-20.205531255072483,Botswana,CHE,SO2
0285,0,BOTSWANA_CENTRAL_TUTUME_DUKWI,26.284620970093016,-20.67546283807841,Botswana,CHE,SO2
0286,0,BOTSWANA_CENTRAL_TUTUME_GOSHWE,27.21557874997618,-20.535609785786193,Botswana,CHE,SO2
0287,0,BOTSWANA_CENTRAL_TUTUME_GWETA,25.591976234675478,-19.905319536886395,Botswana,CHE,SO2
0288,0,BOTSWANA_CENTRAL_TUTUME_JAMATAKA,27.15547496011975,-21.068951470145485,Botswana,CHE,SO2
0289,0,BOTSWANA_CENTRAL_TUTUME_KUTAMOGREE,26.880512190693914,-20.75110495387822,Botswana,CHE,SO2
0290,0,BOTSWANA_CENTRAL_TUTUME_LEPASHE,26.66685337113433,-20.812417757916798,Botswana,CHE,SO2
0291,0,BOTSWANA_CENTRAL_TUTUME_MABESEKWA,26.832739428334428,-21.176734877732674,Botswana,CHE,SO2
0292,0,BOTSWANA_CENTRAL_TUTUME_MAFONGO/HOBONA,27.235943246400137,-20.94573521021701,Botswana,CHE,SO2
0293,0,BOTSWANA_CENTRAL_TUTUME_MAITENGWE,27.011808968202775,-20.116667928999114,Botswana,CHE,SO2
0294,0,BOTSWANA_CENTRAL_TUTUME_MAKOBO,27.107677079222814,-21.02576555193948,Botswana,CHE,SO2
0295,0,BOTSWANA_CENTRAL_TUTUME_MAKUTA,26.936411463806042,-20.611020613663403,Botswana,CHE,SO2
0296,0,BOTSWANA_CENTRAL_TUTUME_MANDUNYANE,27.164838306199922,-21.29997484522961,Botswana,CHE,SO2
0297,0,BOTSWANA_CENTRAL_TUTUME_MAPOSA,26.227831043889193,-20.105672557073913,Botswana,CHE,SO2
0298,0,BOTSWANA_CENTRAL_TUTUME_MARAPONG,27.060904032209528,-20.875646900092942,Botswana,CHE,SO2
0299,0,BOTSWANA_CENTRAL_TUTUME_MAROBELA,27.22684904528886,-20.86226718353111,Botswana,CHE,SO2
0300,0,BOTSWANA_CENTRAL_TUTUME_MATHANGWANE,27.301597561179328,-20.96526881266621,Botswana,CHE,SO2
0301,0,BOTSWANA_CENTRAL_TUTUME_MATOBO,27.07410815569497,-20.55396589314004,Botswana,CHE,SO2
0302,0,BOTSWANA_CENTRAL_TUTUME_MATSITAMA,26.795600326944548,-20.91574597947195,Botswana,CHE,SO2
0303,0,BOTSWANA_CENTRAL_TUTUME_MMANXOTAE,26.39231628230285,-20.11189737769122,Botswana,CHE,SO2
0304,0,BOTSWANA_CENTRAL_TUTUME_MMEYA,26.45632418802842,-20.83403038639063,Botswana,CHE,SO2
0305,0,BOTSWANA_CENTRAL_TUTUME_MOKUBILO,26.522301620359478,-21.211068795354347,Botswana,CHE,SO2
0306,0,BOTSWANA_CENTRAL_TUTUME_MOSETSE,26.717225408615494,-20.61414488681695,Botswana,CHE,SO2
0307,0,BOTSWANA_CENTRAL_TUTUME_NATA,26.421106250465357,-20.364015464327988,Botswana,CHE,SO2
0308,0,BOTSWANA_CENTRAL_TUTUME_NATALE,27.13819661363051,-21.12190933916731,Botswana,CHE,SO2
0309,0,BOTSWANA_CENTRAL_TUTUME_NKANGE,27.150899768186317,-20.292280125711056,Botswana,CHE,SO2
0310,0,BOTSWANA_CENTRAL_TUTUME_NSHAKASHOKWE,27.19448164625436,-20.800715019251136,Botswana,CHE,SO2
0311,0,BOTSWANA_CENTRAL_TUTUME_NSWAZWI,27.11079707796551,-20.717051379328918,Botswana,CHE,SO2
0312,0,BOTSWANA_CENTRAL_TUTUME_SEBINA,27.212125328697905,-20.8229088309246,Botswana,CHE,SO2
0313,0,BOTSWANA_CENTRAL_TUTUME_SEMITWE,27.057568754807466,-20.9304846145358,Botswana,CHE,SO2
0314,0,BOTSWANA_CENTRAL_TUTUME_SENETE,27.061521930586494,-20.338940466599496,Botswana,CHE,SO2
0315,0,BOTSWANA_CENTRAL_TUTUME_SEPAKO,26.42176865500974,-19.91292710159379,Botswana,CHE,SO2
0316,0,BOTSWANA_CENTRAL_TUTUME_SHASHE-MOOKE,27.294622390104607,-21.200689259821715,Botswana,CHE,SO2
0317,0,BOTSWANA_CENTRAL_TUTUME_SHASHE/SEMOTSWANE,27.353975033981698,-21.4004850680266,Botswana,CHE,SO2
0318,0,BOTSWANA_CENTRAL_TUTUME_TONOTA,27.390007578405545,-21.56581687363627,Botswana,CHE,SO2
0319,0,BOTSWANA_CENTRAL_TUTUME_TSHOKATSHAA,25.411457316681155,-20.073274987651395,Botswana,CHE,SO2
0320,0,BOTSWANA_CENTRAL_TUTUME_TUTUME,26.93343318392142,-20.358110222677443,Botswana,CHE,SO2
0321,0,BOTSWANA_CENTRAL_TUTUME_ZOROGA,25.931132083826565,-20.225947339100205,Botswana,CHE,SO2
0322,0,BOTSWANA_CHOBE_CHOBE_KACHIKAU,24.593403269312077,-18.19955337118612,Botswana,CHE,SO2
0323,0.15465061947411632,BOTSWANA_CHOBE_CHOBE_KASANE,25.053605518831368,-17.95621200218165,Botswana,CHE,SO2
0324,0,BOTSWANA_CHOBE_CHOBE_KATABA,24.208556915615702,-18.516556039211913,Botswana,CHE,SO2
0325,0,BOTSWANA_CHOBE_CHOBE_KAVIMBA,24.673787397731,-18.131513519062572,Botswana,CHE,SO2
0326,0.16172766527617238,BOTSWANA_CHOBE_CHOBE_KAZUNGULA,25.239551399880288,-17.81715309318576,Botswana,CHE,SO2
0327,0,BOTSWANA_CHOBE_CHOBE_LESOMA,25.22616409411994,-17.924922498851625,Botswana,CHE,SO2
0328,0,BOTSWANA_CHOBE_CHOBE_MUCHINJE/MABELE,24.80594102179805,-18.000000788213598,Botswana,CHE,SO2
0329,0,BOTSWANA_CHOBE_CHOBE_NUMBER SEVEN,25.091530617419757,-18.628521496100262,Botswana,CHE,SO2
0330,0,BOTSWANA_CHOBE_CHOBE_PANDAMATENGA,25.62991931175742,-18.55507084642917,Botswana,CHE,SO2
0331,0,BOTSWANA_CHOBE_CHOBE_PARAKARUNGU,24.3003425097673,-18.078920152986736,Botswana,CHE,SO2
0332,0,BOTSWANA_CHOBE_CHOBE_SATAU,24.4229631549193,-18.021010667013208,Botswana,CHE,SO2
0333,0,BOTSWANA_GABORONE_GABORONE_GABORONE,25.88095190745218,-24.686452843134287,Botswana,CHE,SO2
0334,0,BOTSWANA_GHANZI_CENTRAL KGALAGADI GAME RESERVE_CENTRAL KGALAGADI GAME RESERVE,23.84354631529824,-22.32227292696922,Botswana,CHE,SO2
0335,0,BOTSWANA_GHANZI_GHANZI_B. VISSER,22.55838233704724,-21.32992655115972,Botswana,CHE,SO2
0336,0,BOTSWANA_GHANZI_GHANZI_BERE,21.79557213181817,-22.740271290335002,Botswana,CHE,SO2
0337,0,BOTSWANA_GHANZI_GHANZI_CHARLES HILL,20.07849051397565,-22.30448292484571,Botswana,CHE,SO2
0338,0,BOTSWANA_GHANZI_GHANZI_CHARLES SHELDON,22.10987199508711,-21.572165997131027,Botswana,CHE,SO2
0339,0,BOTSWANA_GHANZI_GHANZI_CHOBOKWANE,21.24948179474576,-22.480947513304624,Botswana,CHE,SO2
0340,0,BOTSWANA_GHANZI_GHANZI_DECT ETIN,21.87694726048196,-21.572322965589386,Botswana,CHE,SO2
0341,0,BOTSWANA_GHANZI_GHANZI_DEKAR,22.065436232878568,-21.366520787607246,Botswana,CHE,SO2
0342,0,BOTSWANA_GHANZI_GHANZI_EAST HANAHAI,22.296004965831617,-22.138606212752848,Botswana,CHE,SO2
0343,0,BOTSWANA_GHANZI_GHANZI_GHANZI,21.636172818729325,-21.69600936266415,Botswana,CHE,SO2
0344,0,BOTSWANA_GHANZI_GHANZI_GROOTE LAAGTE,21.349883074115542,-21.38859908504291,Botswana,CHE,SO2
0345,0,BOTSWANA_GHANZI_GHANZI_HANS METZLER,20.164337868142784,-22.12061746486461,Botswana,CHE,SO2
0346,0,BOTSWANA_GHANZI_GHANZI_J. RANSALL,20.422333298998613,-22.140780374743333,Botswana,CHE,SO2
0347,0,BOTSWANA_GHANZI_GHANZI_JANKI JANKI,21.346606317490824,-23.123137224643713,Botswana,CHE,SO2
0348,0,BOTSWANA_GHANZI_GHANZI_JERUNG,22.462289483631174,-21.771073127188487,Botswana,CHE,SO2
0349,0,BOTSWANA_GHANZI_GHANZI_JOHN FARM,22.325500764273656,-21.113654988029502,Botswana,CHE,SO2
0350,0,BOTSWANA_GHANZI_GHANZI_KACGAE,22.25670639051408,-22.78108355380457,Botswana,CHE,SO2
0351,0,BOTSWANA_GHANZI_GHANZI_KARAKOBIS,20.69787418591688,-22.076318449477853,Botswana,CHE,SO2
0352,0,BOTSWANA_GHANZI_GHANZI_KULE,20.25485884411168,-22.82990220520822,Botswana,CHE,SO2
0353,0,BOTSWANA_GHANZI_GHANZI_MAGONO MAGONO,20.74295662591417,-23.122989899939387,Botswana,CHE,SO2
0354,0,BOTSWANA_GHANZI_GHANZI_MAKUNDA,20.356137474087205,-22.403140017753746,Botswana,CHE,SO2
0355,0,BOTSWANA_GHANZI_GHANZI_MASIRE'S FARM,21.364735361374258,-21.90738889293877,Botswana,CHE,SO2
0356,0,BOTSWANA_GHANZI_GHANZI_NCOJANE,20.259249043024266,-23.18993344999315,Botswana,CHE,SO2
0357,0,BOTSWANA_GHANZI_GHANZI_NEW XADE,22.47638609723249,-22.059709596306462,Botswana,CHE,SO2
0358,0,BOTSWANA_GHANZI_GHANZI_NEW XANAGAS,20.800274167066778,-22.572525810989912,Botswana,CHE,SO2
0359,0,BOTSWANA_GHANZI_GHANZI_QABO,21.72658991626723,-21.05161346564646,Botswana,CHE,SO2
0360,0,BOTSWANA_GHANZI_GHANZI_TSOOTSHA,20.91109497610415,-22.075747207834585,Botswana,CHE,SO2
0361,0,BOTSWANA_GHANZI_GHANZI_WEST HANAHAI,21.65082272869238,-22.135855131778566,Botswana,CHE,SO2
0362,0,BOTSWANA_JWANENG_JWANENG_JWANENG,24.757853176422884,-24.58932918017088,Botswana,CHE,SO2
0363,0,BOTSWANA_KGALAGADI_KGALAGADI NORTH_HUKUNTSI,21.663906534181816,-23.998763591814352,Botswana,CHE,SO2
0364,0,BOTSWANA_KGALAGADI_KGALAGADI NORTH_HUNHUKWE,21.77076341928267,-23.455768999361656,Botswana,CHE,SO2
0365,0,BOTSWANA_KGALAGADI_KGALAGADI NORTH_INALEGOLO,22.658513508974664,-24.45585560542118,Botswana,CHE,SO2
0366,0,BOTSWANA_KGALAGADI_KGALAGADI NORTH_KANG,22.631383747199003,-23.529403386876705,Botswana,CHE,SO2
0367,0,BOTSWANA_KGALAGADI_KGALAGADI NORTH_LEHUTUTU,22.00790879280739,-23.84360826239536,Botswana,CHE,SO2
0368,0,BOTSWANA_KGALAGADI_KGALAGADI NORTH_LOKGWABE,21.7851453687414,-24.07867771129318,Botswana,CHE,SO2
0369,0,BOTSWANA_KGALAGADI_KGALAGADI NORTH_MAKE,21.994205625425362,-23.680770428270183,Botswana,CHE,SO2
0370,0,BOTSWANA_KGALAGADI_KGALAGADI NORTH_MONONG,21.544688834846603,-23.73920927317219,Botswana,CHE,SO2
0371,0,BOTSWANA_KGALAGADI_KGALAGADI NORTH_NCAANG,21.1223824590204,-23.44041697965504,Botswana,CHE,SO2
0372,0,BOTSWANA_KGALAGADI_KGALAGADI NORTH_NGWATLE,21.117355141120534,-23.647886311201248,Botswana,CHE,SO2
0373,0,BOTSWANA_KGALAGADI_KGALAGADI NORTH_PHUDUHUDU,22.580063911251433,-23.93036127904691,Botswana,CHE,SO2
0374,0,BOTSWANA_KGALAGADI_KGALAGADI NORTH_TSHANE,22.009218648598967,-23.97480857848694,Botswana,CHE,SO2
0375,0,BOTSWANA_KGALAGADI_KGALAGADI NORTH_UKWI,20.54965855676176,-23.64224465777984,Botswana,CHE,SO2
0376,0,BOTSWANA_KGALAGADI_KGALAGADI NORTH_ZUTSWA,21.06879673283048,-24.378159867529472,Botswana,CHE,SO2
0377,0,BOTSWANA_KGALAGADI_KGALAGADI SOUTH_BOGOGOBO,21.939941061820672,-26.643776855439175,Botswana,CHE,SO2
0378,0,BOTSWANA_KGALAGADI_KGALAGADI SOUTH_BOKSPITS,21.314513491670507,-25.52305062333103,Botswana,CHE,SO2
0379,0.014214749957465363,BOTSWANA_KGALAGADI_KGALAGADI SOUTH_BRAY,23.752155151918004,-25.314612046817558,Botswana,CHE,SO2
0380,0,BOTSWANA_KGALAGADI_KGALAGADI SOUTH_GACHIBANA,21.318615947145076,-26.76135876855932,Botswana,CHE,SO2
0381,0,BOTSWANA_KGALAGADI_KGALAGADI SOUTH_KHISA,22.627311790636153,-25.661301014142644,Botswana,CHE,SO2
0382,0,BOTSWANA_KGALAGADI_KGALAGADI SOUTH_KHUIS,21.778745594602643,-26.61621321259511,Botswana,CHE,SO2
0383,0,BOTSWANA_KGALAGADI_KGALAGADI SOUTH_KHWAWA,21.536389504618732,-26.33146231350371,Botswana,CHE,SO2
0384,0,BOTSWANA_KGALAGADI_KGALAGADI SOUTH_KOKOTSHA,23.282665786747692,-24.952596354252385,Botswana,CHE,SO2
0385,0,BOTSWANA_KGALAGADI_KGALAGADI SOUTH_KOLONKWANE,21.998886440804885,-26.46695305601831,Botswana,CHE,SO2
0386,0,BOTSWANA_KGALAGADI_KGALAGADI SOUTH_MAKOPONG,23.00557554126552,-25.279785016029198,Botswana,CHE,SO2
0387,0,BOTSWANA_KGALAGADI_KGALAGADI SOUTH_MALESHE,22.578885408820124,-25.861705230970156,Botswana,CHE,SO2
0388,0,BOTSWANA_KGALAGADI_KGALAGADI SOUTH_MARALALENG,22.68707487230088,-25.784682276497044,Botswana,CHE,SO2
0389,0,BOTSWANA_KGALAGADI_KGALAGADI SOUTH_MAUBELO,22.38337590834033,-25.32060395255863,Botswana,CHE,SO2
0390,0,BOTSWANA_KGALAGADI_KGALAGADI SOUTH_MIDDLEPITS,21.88965522829646,-26.64510622003729,Botswana,CHE,SO2
0391,0.005822834942354521,BOTSWANA_KGALAGADI_KGALAGADI SOUTH_MOLOPO FARMS,23.901539179894392,-25.218667431791786,Botswana,CHE,SO2
0392,0,BOTSWANA_KGALAGADI_KGALAGADI SOUTH_OMAWENENO,22.58460683893281,-25.787109823452095,Botswana,CHE,SO2
0393,0,BOTSWANA_KGALAGADI_KGALAGADI SOUTH_PHEPHENG/DRAAIHOEK,22.78105010135853,-25.353110330504997,Botswana,CHE,SO2
0394,0,BOTSWANA_KGALAGADI_KGALAGADI SOUTH_RAPPLES PAN,21.008575646663,-26.638159980643096,Botswana,CHE,SO2
0395,0,BOTSWANA_KGALAGADI_KGALAGADI SOUTH_STRUIZENDAM,20.634736317115014,-26.674011578479416,Botswana,CHE,SO2
0396,0,BOTSWANA_KGALAGADI_KGALAGADI SOUTH_TSABONG,22.533675678870342,-26.03261068358875,Botswana,CHE,SO2
0397,0,BOTSWANA_KGALAGADI_KGALAGADI SOUTH_VAALHOEK,20.899174768893236,-26.63085165782585,Botswana,CHE,SO2
0398,0.05774565613030127,BOTSWANA_KGALAGADI_KGALAGADI SOUTH_WERDA,23.074307700309763,-25.079935228446647,Botswana,CHE,SO2
0399,0,BOTSWANA_KGATLENG_KGATLENG_ARTISIA,26.329598045283216,-24.01646307301413,Botswana,CHE,SO2
0400,0,BOTSWANA_KGATLENG_KGATLENG_BOKAA,25.97195065976654,-24.450230086407068,Botswana,CHE,SO2
0401,0,BOTSWANA_KGATLENG_KGATLENG_DIKGONNYE,26.029703255813914,-24.096171191247226,Botswana,CHE,SO2
0402,0,BOTSWANA_KGATLENG_KGATLENG_DIKWIDIDI,26.17999949757091,-24.55666835671585,Botswana,CHE,SO2
0403,0,BOTSWANA_KGATLENG_KGATLENG_KGOMODIATSHABA,26.269863148495805,-23.959055603855354,Botswana,CHE,SO2
0404,0,BOTSWANA_KGATLENG_KGATLENG_KHURUTSHE,26.132859344771337,-23.690545327799267,Botswana,CHE,SO2
0405,0,BOTSWANA_KGATLENG_KGATLENG_LESHIBITSE,26.406165055796965,-23.83651089330935,Botswana,CHE,SO2
0406,0,BOTSWANA_KGATLENG_KGATLENG_MABALANE,26.28893676301754,-24.621655976454754,Botswana,CHE,SO2
0407,0,BOTSWANA_KGATLENG_KGATLENG_MALOLWANE,26.430380010494872,-24.457842437404707,Botswana,CHE,SO2
0408,0,BOTSWANA_KGATLENG_KGATLENG_MALOTWANA SIDING,26.151012846299633,-24.29179457997145,Botswana,CHE,SO2
0409,0,BOTSWANA_KGATLENG_KGATLENG_MATEBELENG,26.04953135972325,-24.525143676862136,Botswana,CHE,SO2
0410,0,BOTSWANA_KGATLENG_KGATLENG_MMATHUBUDUKWANE,26.402194016452356,-24.58953432239364,Botswana,CHE,SO2
0411,0,BOTSWANA_KGATLENG_KGATLENG_MOCHUDI,26.47677571716603,-24.23454264974918,Botswana,CHE,SO2
0412,0,BOTSWANA_KGATLENG_KGATLENG_MODIPANE,26.172106866832117,-24.61311568769224,Botswana,CHE,SO2
0413,0,BOTSWANA_KGATLENG_KGATLENG_MORWA,26.089564160859158,-24.467876815246445,Botswana,CHE,SO2
0414,0,BOTSWANA_KGATLENG_KGATLENG_OLIPHANTS DRIFT,26.833613302849894,-24.18652011472838,Botswana,CHE,SO2
0415,0,BOTSWANA_KGATLENG_KGATLENG_OODI,26.09229785618965,-24.566777150464368,Botswana,CHE,SO2
0416,0,BOTSWANA_KGATLENG_KGATLENG_PILANE STATION,26.10483646643129,-24.415535218505003,Botswana,CHE,SO2
0417,0,BOTSWANA_KGATLENG_KGATLENG_RAMONAKA,26.446902425513134,-24.542320856771433,Botswana,CHE,SO2
0418,0,BOTSWANA_KGATLENG_KGATLENG_RAMOTLABAKI,26.871752159032944,-23.894065124338375,Botswana,CHE,SO2
0419,0,BOTSWANA_KGATLENG_KGATLENG_RASESA,26.029082284030856,-24.334812008927873,Botswana,CHE,SO2
0420,0,BOTSWANA_KGATLENG_KGATLENG_SIKWANE,26.40976832130963,-24.631382480577347,Botswana,CHE,SO2
0421,0,BOTSWANA_KWENENG_KWENENG EAST_BDF MOGODITSHANE,25.866597567365684,-24.60177989688917,Botswana,CHE,SO2
0422,0,BOTSWANA_KWENENG_KWENENG EAST_BOATLANAME,25.90698626304365,-23.603697827888347,Botswana,CHE,SO2
0423,0,BOTSWANA_KWENENG_KWENENG EAST_DIKGATLHONG,25.890773108192004,-24.22990108004598,Botswana,CHE,SO2
0424,0,BOTSWANA_KWENENG_KWENENG EAST_DITSHUKUDU,25.79018424903999,-24.31657903586985,Botswana,CHE,SO2
0425,0,BOTSWANA_KWENENG_KWENENG EAST_GABANE,25.724856086362443,-24.625622432889752,Botswana,CHE,SO2
0426,0,BOTSWANA_KWENENG_KWENENG EAST_GAKGATLA,25.558388738489484,-24.555893651556392,Botswana,CHE,SO2
0427,0,BOTSWANA_KWENENG_KWENENG EAST_GAKUTLO,25.795893008492364,-24.485500847618265,Botswana,CHE,SO2
0428,0,BOTSWANA_KWENENG_KWENENG EAST_GAMODUBU,25.71707045103724,-24.50745373492028,Botswana,CHE,SO2
0429,0,BOTSWANA_KWENENG_KWENENG EAST_HATSALATLADI,25.655128743903163,-24.053036283307804,Botswana,CHE,SO2
0430,0,BOTSWANA_KWENENG_KWENENG EAST_KGOPE,25.90730765578967,-24.309697924278826,Botswana,CHE,SO2
0431,0,BOTSWANA_KWENENG_KWENENG EAST_KOPONG,25.870465764300775,-24.444158127481042,Botswana,CHE,SO2
0432,0,BOTSWANA_KWENENG_KWENENG EAST_KUBUNG,25.360366076259005,-24.614971635386656,Botswana,CHE,SO2
0433,0,BOTSWANA_KWENENG_KWENENG EAST_KUMAKWANE,25.672697196778568,-24.673575670712168,Botswana,CHE,SO2
0434,0,BOTSWANA_KWENENG_KWENENG EAST_KWENENG,25.828354177294415,-23.852566021088684,Botswana,CHE,SO2
0435,0,BOTSWANA_KWENENG_KWENENG EAST_LENTSWELETAU,25.870136138465416,-24.167826671475748,Botswana,CHE,SO2
0436,0,BOTSWANA_KWENENG_KWENENG EAST_LEOLOGANE,25.64433800339369,-23.434433772014575,Botswana,CHE,SO2
0437,0,BOTSWANA_KWENENG_KWENENG EAST_LEPHEPHE,25.894174284633333,-23.40765559827626,Botswana,CHE,SO2
0438,0,BOTSWANA_KWENENG_KWENENG EAST_LOSILAKGOKONG,25.34988894663335,-24.571135771940597,Botswana,CHE,SO2
0439,0,BOTSWANA_KWENENG_KWENENG EAST_MAHETLWE,25.665185137212088,-24.23905297400607,Botswana,CHE,SO2
0440,0,BOTSWANA_KWENENG_KWENENG EAST_MEDIE,25.874565240962703,-24.031116366980243,Botswana,CHE,SO2
0441,0,BOTSWANA_KWENENG_KWENENG EAST_METSIMOTLHABE,25.814813747961594,-24.57843758628985,Botswana,CHE,SO2
0442,0,BOTSWANA_KWENENG_KWENENG EAST_MMANKGODI,25.623117562536567,-24.72944762315122,Botswana,CHE,SO2
0443,0,BOTSWANA_KWENENG_KWENENG EAST_MMANOKO,25.64934009640395,-24.42250311648915,Botswana,CHE,SO2
0444,0,BOTSWANA_KWENENG_KWENENG EAST_MMATSETA,25.85895904561137,-24.512431056468085,Botswana,CHE,SO2
0445,0,BOTSWANA_KWENENG_KWENENG EAST_MMOPANE,25.831916673401516,-24.543107056933852,Botswana,CHE,SO2
0446,0,BOTSWANA_KWENENG_KWENENG EAST_MOGODITSHANE,25.85842184630358,-24.60738400491993,Botswana,CHE,SO2
0447,0,BOTSWANA_KWENENG_KWENENG EAST_MOGONONO,25.577935957073354,-24.234385269062876,Botswana,CHE,SO2
0448,0,BOTSWANA_KWENENG_KWENENG EAST_MOKOLODI,25.81603234528639,-24.697241109077822,Botswana,CHE,SO2
0449,0,BOTSWANA_KWENENG_KWENENG EAST_MOLEPOLOLE,25.5497055386965,-24.395542548425816,Botswana,CHE,SO2
0450,0,BOTSWANA_KWENENG_KWENENG EAST_RAMAPHATLE,25.61446897045962,-24.70394371590776,Botswana,CHE,SO2
0451,0,BOTSWANA_KWENENG_KWENENG EAST_SHADISHADI,25.6542773445706,-23.631687537826256,Botswana,CHE,SO2
0452,0,BOTSWANA_KWENENG_KWENENG EAST_SOJWE,25.81060306743436,-23.447805731300946,Botswana,CHE,SO2
0453,0,BOTSWANA_KWENENG_KWENENG EAST_THAMAGA,25.512202536353346,-24.636709032733712,Botswana,CHE,SO2
0454,0,BOTSWANA_KWENENG_KWENENG EAST_TLOANENG,25.718436819740113,-24.748830124610986,Botswana,CHE,SO2
0455,0,BOTSWANA_KWENENG_KWENENG WEST_BOTLHAPATLOU,25.49433742402101,-23.950964377275472,Botswana,CHE,SO2
0456,0,BOTSWANA_KWENENG_KWENENG WEST_DIPHUDUHUDU,25.361313831639055,-23.66424037279965,Botswana,CHE,SO2
0457,0,BOTSWANA_KWENENG_KWENENG WEST_DITSHEGWANE,24.967494356636315,-24.325453739104706,Botswana,CHE,SO2
0458,0,BOTSWANA_KWENENG_KWENENG WEST_DUTLWE,24.010209606049106,-24.0766543302552,Botswana,CHE,SO2
0459,0,BOTSWANA_KWENENG_KWENENG WEST_KAUDWANE,24.659436878890112,-23.367661970601763,Botswana,CHE,SO2
0460,0,BOTSWANA_KWENENG_KWENENG WEST_KHUDUMELAPYE,25.170144578603114,-23.791371348563107,Botswana,CHE,SO2
0461,0,BOTSWANA_KWENENG_KWENENG WEST_KOTOLANAME,25.344981106952105,-24.426360101349005,Botswana,CHE,SO2
0462,0,BOTSWANA_KWENENG_KWENENG WEST_LETLHAKENG,25.055504504543418,-24.07736578153483,Botswana,CHE,SO2
0463,0,BOTSWANA_KWENENG_KWENENG WEST_MABOANE,24.62981126929652,-24.01531720256432,Botswana,CHE,SO2
0464,0,BOTSWANA_KWENENG_KWENENG WEST_MALWELWE,25.388569305562967,-24.124123864830562,Botswana,CHE,SO2
0465,0,BOTSWANA_KWENENG_KWENENG WEST_MANTSHWABISI,25.20948564723073,-24.090430074502226,Botswana,CHE,SO2
0466,0,BOTSWANA_KWENENG_KWENENG WEST_MARATSHWANE,25.27943300340971,-24.00543002229499,Botswana,CHE,SO2
0467,0,BOTSWANA_KWENENG_KWENENG WEST_METSIBOTLHOKO,24.88334535341407,-24.02100921043726,Botswana,CHE,SO2
0468,0,BOTSWANA_KWENENG_KWENENG WEST_MONWANE,25.208167783087692,-24.31675483950471,Botswana,CHE,SO2
0469,0,BOTSWANA_KWENENG_KWENENG WEST_MOSHAWENG,25.126758323030916,-24.50223959697767,Botswana,CHE,SO2
0470,0,BOTSWANA_KWENENG_KWENENG WEST_MOTOKWE,23.393326314118752,-23.949217767767472,Botswana,CHE,SO2
0471,0,BOTSWANA_KWENENG_KWENENG WEST_NGWARE,25.472317051558928,-23.407189666362918,Botswana,CHE,SO2
0472,0,BOTSWANA_KWENENG_KWENENG WEST_SALAJWE,24.700069233188845,-23.586968168257275,Botswana,CHE,SO2
0473,0,BOTSWANA_KWENENG_KWENENG WEST_SERINANE,25.19951548113084,-24.18969812658127,Botswana,CHE,SO2
0474,0,BOTSWANA_KWENENG_KWENENG WEST_SESUNG,24.920484389582054,-24.098764991625394,Botswana,CHE,SO2
0475,0,BOTSWANA_KWENENG_KWENENG WEST_SORILATHOLO,25.06367528301778,-23.48111009752001,Botswana,CHE,SO2
0476,0,BOTSWANA_KWENENG_KWENENG WEST_TAKATOKWANE,24.333986142124967,-23.897263235861104,Botswana,CHE,SO2
0477,0,BOTSWANA_KWENENG_KWENENG WEST_THEBEPHATSHWA,25.33911813426609,-24.229770927348877,Botswana,CHE,SO2
0478,0,BOTSWANA_KWENENG_KWENENG WEST_TSETSENG,23.346608409362428,-23.556625874898454,Botswana,CHE,SO2
0479,0,BOTSWANA_KWENENG_KWENENG WEST_TSWAANE,23.844303310573697,-23.677953470418096,Botswana,CHE,SO2
0480,0.0022372034041126345,BOTSWANA_LOBATSE_LOBATSE_LOBATSE,25.680222039240462,-25.21156716052995,Botswana,CHE,SO2
0481,0,BOTSWANA_NORTH EAST_NORTH EAST_BOTALAOTE,27.23593919430158,-20.74011790617292,Botswana,CHE,SO2
0482,0,BOTSWANA_NORTH EAST_NORTH EAST_BUTALE,27.676071500645865,-20.656116388620305,Botswana,CHE,SO2
0483,0,BOTSWANA_NORTH EAST_NORTH EAST_DITLADI,27.593853189898606,-21.357392846398774,Botswana,CHE,SO2
0484,0,BOTSWANA_NORTH EAST_NORTH EAST_GAMBULE,27.39900708699297,-20.563127167228444,Botswana,CHE,SO2
0485,0,BOTSWANA_NORTH EAST_NORTH EAST_GULUBANE,27.31358281638026,-20.901873558761327,Botswana,CHE,SO2
0486,0,BOTSWANA_NORTH EAST_NORTH EAST_GUNGWE,27.38271596277986,-20.484327285782342,Botswana,CHE,SO2
0487,0,BOTSWANA_NORTH EAST_NORTH EAST_HASKINS FARM,27.53856707842432,-20.942088468645853,Botswana,CHE,SO2
0488,0,BOTSWANA_NORTH EAST_NORTH EAST_JACKALAS 1,27.70190501415433,-20.551898920198756,Botswana,CHE,SO2
0489,0,BOTSWANA_NORTH EAST_NORTH EAST_JACKALAS 2,27.684263288454705,-20.943529822684937,Botswana,CHE,SO2
0490,0,BOTSWANA_NORTH EAST_NORTH EAST_JOHANNES KACHEJOHN,27.416370017173527,-21.032990996945774,Botswana,CHE,SO2
0491,0,BOTSWANA_NORTH EAST_NORTH EAST_KALAKAMATI,27.325085093746505,-20.616599567778596,Botswana,CHE,SO2
0492,0,BOTSWANA_NORTH EAST_NORTH EAST_KGARI,27.62095491247424,-20.59772226024511,Botswana,CHE,SO2
0493,0,BOTSWANA_NORTH EAST_NORTH EAST_LETSHOLATHEBE,27.42289424926035,-20.718374886141437,Botswana,CHE,SO2
0494,0,BOTSWANA_NORTH EAST_NORTH EAST_MABUDZANE,27.65030964853915,-20.906207513366976,Botswana,CHE,SO2
0495,0,BOTSWANA_NORTH EAST_NORTH EAST_MAKALENG,27.285094240822392,-20.79040562603129,Botswana,CHE,SO2
0496,0,BOTSWANA_NORTH EAST_NORTH EAST_MAMBO,27.339806500913884,-20.78191758239405,Botswana,CHE,SO2
0497,0,BOTSWANA_NORTH EAST_NORTH EAST_MAPOKA,27.583403081931646,-20.534321559571424,Botswana,CHE,SO2
0498,0,BOTSWANA_NORTH EAST_NORTH EAST_MASINGWANENG,27.31796380391279,-20.837868143226277,Botswana,CHE,SO2
0499,0,BOTSWANA_NORTH EAST_NORTH EAST_MASUKWANE,27.54938882946871,-20.590964331617293,Botswana,CHE,SO2
0500,0,BOTSWANA_NORTH EAST_NORTH EAST_MASUNGA,27.434400286669504,-20.627325508955153,Botswana,CHE,SO2
0501,0,BOTSWANA_NORTH EAST_NORTH EAST_MATENGE,27.243163563094196,-20.824890359812834,Botswana,CHE,SO2
0502,0,BOTSWANA_NORTH EAST_NORTH EAST_MATSHELAGABEDI,27.625910201894996,-21.12872037207013,Botswana,CHE,SO2
0503,0,BOTSWANA_NORTH EAST_NORTH EAST_MATSILOJE,27.79748603303526,-21.272615331495285,Botswana,CHE,SO2
0504,0,BOTSWANA_NORTH EAST_NORTH EAST_MBALAMBI,27.339335713407475,-20.51403109309788,Botswana,CHE,SO2
0505,0,BOTSWANA_NORTH EAST_NORTH EAST_MOROKA,27.64533883665974,-20.526246843989444,Botswana,CHE,SO2
0506,0,BOTSWANA_NORTH EAST_NORTH EAST_MOSOJANE,27.510648322475955,-20.605682710993673,Botswana,CHE,SO2
0507,0,BOTSWANA_NORTH EAST_NORTH EAST_MOWANA,27.63647955779588,-20.777830273205144,Botswana,CHE,SO2
0508,0,BOTSWANA_NORTH EAST_NORTH EAST_MULAMBAKWENA,27.46594067350093,-20.57301251814986,Botswana,CHE,SO2
0509,0,BOTSWANA_NORTH EAST_NORTH EAST_NLAKHWANE,27.517632990383536,-20.518539158214796,Botswana,CHE,SO2
0510,0,BOTSWANA_NORTH EAST_NORTH EAST_PATAYAMATEBELE,27.737992823316166,-21.4643350004061,Botswana,CHE,SO2
0511,0,BOTSWANA_NORTH EAST_NORTH EAST_POLE,27.574132779023316,-20.610493660531436,Botswana,CHE,SO2
0512,0,BOTSWANA_NORTH EAST_NORTH EAST_RAMOKGWEBANA,27.662924110656288,-20.583729469679355,Botswana,CHE,SO2
0513,0,BOTSWANA_NORTH EAST_NORTH EAST_SECHELE,27.38485539651099,-20.797350422844442,Botswana,CHE,SO2
0514,0,BOTSWANA_NORTH EAST_NORTH EAST_SEKAKANGWE,27.324905899544337,-20.566292847964146,Botswana,CHE,SO2
0515,0,BOTSWANA_NORTH EAST_NORTH EAST_SENYAWE,27.6781087349486,-20.734971000867784,Botswana,CHE,SO2
0516,0,BOTSWANA_NORTH EAST_NORTH EAST_SHASHE BRIDGE,27.441314891279994,-21.258844535487142,Botswana,CHE,SO2
0517,0,BOTSWANA_NORTH EAST_NORTH EAST_SIVIYA,27.69697685871457,-20.82969467830003,Botswana,CHE,SO2
0518,0,BOTSWANA_NORTH EAST_NORTH EAST_TATI SIDING,27.46845579652601,-21.26452617148856,Botswana,CHE,SO2
0519,0,BOTSWANA_NORTH EAST_NORTH EAST_THEMASHANGA,27.55069700154272,-20.72636426785868,Botswana,CHE,SO2
0520,0,BOTSWANA_NORTH EAST_NORTH EAST_TOTENG,27.270345176482714,-20.719997560519936,Botswana,CHE,SO2
0521,0,BOTSWANA_NORTH EAST_NORTH EAST_TSAMAYA,27.65197854641795,-20.83445747757975,Botswana,CHE,SO2
0522,0,BOTSWANA_NORTH EAST_NORTH EAST_TSHESEBE,27.60488659969322,-20.718620239818698,Botswana,CHE,SO2
0523,0,BOTSWANA_NORTH EAST_NORTH EAST_VUKWI,27.38708622858749,-20.607139935771677,Botswana,CHE,SO2
0524,0,BOTSWANA_NORTH EAST_NORTH EAST_ZWENSHAMBE,27.448183551665426,-20.504176199278817,Botswana,CHE,SO2
0525,0,BOTSWANA_NORTH WEST_NGAMILAND DELTA_NGAMILAND DELTA,22.960336814344046,-19.43828751092393,Botswana,CHE,SO2
0526,0,BOTSWANA_NORTH WEST_NGAMILAND EAST_BODIBENG,22.600564390842983,-20.54248828687454,Botswana,CHE,SO2
0527,0,BOTSWANA_NORTH WEST_NGAMILAND EAST_BOTLHATLOGO,22.726763405990695,-20.74674723011069,Botswana,CHE,SO2
0528,0,BOTSWANA_NORTH WEST_NGAMILAND EAST_CHANOGA,23.67422168898431,-20.16363542170472,Botswana,CHE,SO2
0529,0,BOTSWANA_NORTH WEST_NGAMILAND EAST_HABU,22.399450144071537,-19.835986974771608,Botswana,CHE,SO2
0530,0,BOTSWANA_NORTH WEST_NGAMILAND EAST_KARENG,22.300472651793307,-20.754601900098116,Botswana,CHE,SO2
0531,0,BOTSWANA_NORTH WEST_NGAMILAND EAST_KGAKGE/MAKAKUNG,22.500435832111794,-20.540049424101177,Botswana,CHE,SO2
0532,0,BOTSWANA_NORTH WEST_NGAMILAND EAST_KOMANA,23.23556501767629,-20.197324460737033,Botswana,CHE,SO2
0533,0,BOTSWANA_NORTH WEST_NGAMILAND EAST_MABABE,23.997011922196286,-19.182027762406623,Botswana,CHE,SO2
0534,0,BOTSWANA_NORTH WEST_NGAMILAND EAST_MAKALAMABEDI,23.41521287773188,-20.67081042197008,Botswana,CHE,SO2
0535,0,BOTSWANA_NORTH WEST_NGAMILAND EAST_MATLAPANA,23.546036955690333,-19.921555467159827,Botswana,CHE,SO2
0536,0,BOTSWANA_NORTH WEST_NGAMILAND EAST_MATSAUDI/SAKAPNAE,23.675283205409393,-19.806194245710948,Botswana,CHE,SO2
0537,0,BOTSWANA_NORTH WEST_NGAMILAND EAST_MAUN,24.199903111118402,-19.619553541252102,Botswana,CHE,SO2
0538,0,BOTSWANA_NORTH WEST_NGAMILAND EAST_PHUDUHUDU,24.645957266286953,-20.051304523225582,Botswana,CHE,SO2
0539,0,BOTSWANA_NORTH WEST_NGAMILAND EAST_SANKUYO,23.881724902731463,-19.421659901868495,Botswana,CHE,SO2
0540,0,BOTSWANA_NORTH WEST_NGAMILAND EAST_SEHITHWA,22.677793302639653,-20.237066774603015,Botswana,CHE,SO2
0541,0,BOTSWANA_NORTH WEST_NGAMILAND EAST_SEMBOYO,22.27649485221952,-20.354376077745215,Botswana,CHE,SO2
0542,0,BOTSWANA_NORTH WEST_NGAMILAND EAST_SHOROBE,23.712796248799126,-19.11296691544541,Botswana,CHE,SO2
0543,0,BOTSWANA_NORTH WEST_NGAMILAND EAST_TOTENG,22.999306808598018,-20.32082005396448,Botswana,CHE,SO2
0544,0,BOTSWANA_NORTH WEST_NGAMILAND EAST_TSAO,22.28659245098526,-20.02090488822863,Botswana,CHE,SO2
0545,0,BOTSWANA_NORTH WEST_NGAMILAND WEST_BEETSHA,22.953920477145694,-18.380166226946653,Botswana,CHE,SO2
0546,0,BOTSWANA_NORTH WEST_NGAMILAND WEST_CHUKUMUCHU,21.598703917965935,-18.74824397962615,Botswana,CHE,SO2
0547,0,BOTSWANA_NORTH WEST_NGAMILAND WEST_ERETSHA,22.86584821151028,-18.79052805025673,Botswana,CHE,SO2
0548,0,BOTSWANA_NORTH WEST_NGAMILAND WEST_ETSHA 1,22.224044369783737,-19.242642574470672,Botswana,CHE,SO2
0549,0,BOTSWANA_NORTH WEST_NGAMILAND WEST_ETSHA 13,22.229743070714033,-19.017116669937373,Botswana,CHE,SO2
0550,0,BOTSWANA_NORTH WEST_NGAMILAND WEST_ETSHA 6,22.229066360329956,-19.108258691269373,Botswana,CHE,SO2
0551,0,BOTSWANA_NORTH WEST_NGAMILAND WEST_GANI,21.444696927418082,-18.405419080628068,Botswana,CHE,SO2
0552,0,BOTSWANA_NORTH WEST_NGAMILAND WEST_GONUTSUGA,22.59253926092765,-18.87801840211525,Botswana,CHE,SO2
0553,0,BOTSWANA_NORTH WEST_NGAMILAND WEST_GUDINGWA,22.905784262247845,-18.563529796191204,Botswana,CHE,SO2
0554,0,BOTSWANA_NORTH WEST_NGAMILAND WEST_GUMARE,22.131570836874936,-19.394550571792966,Botswana,CHE,SO2
0555,0,BOTSWANA_NORTH WEST_NGAMILAND WEST_IKOGA,22.218249775302052,-18.888300198172978,Botswana,CHE,SO2
0556,0,BOTSWANA_NORTH WEST_NGAMILAND WEST_KAJAJA,21.992248859877353,-18.703015404036154,Botswana,CHE,SO2
0557,0,BOTSWANA_NORTH WEST_NGAMILAND WEST_KAUXWHI,21.93273566781973,-18.270501890330234,Botswana,CHE,SO2
0558,0,BOTSWANA_NORTH WEST_NGAMILAND WEST_MOGOMOTHO,22.252300749707768,-18.492510662073524,Botswana,CHE,SO2
0559,0,BOTSWANA_NORTH WEST_NGAMILAND WEST_MOHEMBO EAST,21.802957716080922,-18.266524959816728,Botswana,CHE,SO2
0560,0,BOTSWANA_NORTH WEST_NGAMILAND WEST_MOHEMBO WEST,21.66725143544976,-18.312119665836942,Botswana,CHE,SO2
0561,0,BOTSWANA_NORTH WEST_NGAMILAND WEST_MOKGACHA,22.28535493171085,-18.701773297683296,Botswana,CHE,SO2
0562,0,BOTSWANA_NORTH WEST_NGAMILAND WEST_NGARANGE,22.04454772324353,-18.490470871633665,Botswana,CHE,SO2
0563,0,BOTSWANA_NORTH WEST_NGAMILAND WEST_NOKANENG,22.21151988099178,-19.64313399653268,Botswana,CHE,SO2
0564,0,BOTSWANA_NORTH WEST_NGAMILAND WEST_NXAMASERE,21.95986197574487,-18.61796345462013,Botswana,CHE,SO2
0565,0,BOTSWANA_NORTH WEST_NGAMILAND WEST_NXAUNXAU,21.351524290127983,-18.90359537023587,Botswana,CHE,SO2
0566,0,BOTSWANA_NORTH WEST_NGAMILAND WEST_QANGWA,21.56450523279803,-19.49744243797423,Botswana,CHE,SO2
0567,0,BOTSWANA_NORTH WEST_NGAMILAND WEST_SAMOCHEMA,21.807530849136374,-18.491110966045003,Botswana,CHE,SO2
0568,0,BOTSWANA_NORTH WEST_NGAMILAND WEST_SEKONDOMBORO,22.116154551020507,-18.31395834682349,Botswana,CHE,SO2
0569,0,BOTSWANA_NORTH WEST_NGAMILAND WEST_SEPOPA,22.058884839789098,-18.787426270755017,Botswana,CHE,SO2
0570,0,BOTSWANA_NORTH WEST_NGAMILAND WEST_SERONGA,22.432137134077763,-18.68657047380979,Botswana,CHE,SO2
0571,0,BOTSWANA_NORTH WEST_NGAMILAND WEST_SHAKAWE,21.734262044931864,-18.42525466967516,Botswana,CHE,SO2
0572,0,BOTSWANA_NORTH WEST_NGAMILAND WEST_TUBU,22.343676013963407,-19.42290273539071,Botswana,CHE,SO2
0573,0,BOTSWANA_NORTH WEST_NGAMILAND WEST_XAKAO,21.89184146965982,-18.35122741006872,Botswana,CHE,SO2
0574,0,BOTSWANA_NORTH WEST_NGAMILAND WEST_XAXA,21.481474650920102,-20.367126109392327,Botswana,CHE,SO2
0575,0,BOTSWANA_NORTH WEST_NGAMILAND WEST_XHAUGA,21.8600876919785,-18.555460050065392,Botswana,CHE,SO2
0576,0,BOTSWANA_ORAPA_ORAPA_ORAPA,25.3996206036354,-21.263370671233456,Botswana,CHE,SO2
0577,0,BOTSWANA_SELIBE PHIKWE_SELIBE PHIKWE_SELIBE PHIKWE,27.837207638783738,-21.958685691075345,Botswana,CHE,SO2
0578,0.012516664873318354,BOTSWANA_SOUTH EAST_SOUTH EAST_DOORN LAAGTE,25.651786031535003,-25.28255683886919,Botswana,CHE,SO2
0579,0,BOTSWANA_SOUTH EAST_SOUTH EAST_HILDAVALE,25.616656741956373,-25.403085615302597,Botswana,CHE,SO2
0580,0.003130130176602089,BOTSWANA_SOUTH EAST_SOUTH EAST_LOBATSE ESTATES,25.699833727272946,-25.141969237065187,Botswana,CHE,SO2
0581,0,BOTSWANA_SOUTH EAST_SOUTH EAST_MOGOBANE,25.702998989332475,-24.943145974483425,Botswana,CHE,SO2
0582,0.02229671472015983,BOTSWANA_SOUTH EAST_SOUTH EAST_OTSE,25.756324039083623,-25.045000276937234,Botswana,CHE,SO2
0583,0.10601567567106848,BOTSWANA_SOUTH EAST_SOUTH EAST_RAMOTSWA,25.829789056966593,-24.901951101856636,Botswana,CHE,SO2
0584,0,BOTSWANA_SOUTH EAST_SOUTH EAST_RAMOTSWA STATION/TAUNG,25.770154438973417,-24.815461657589147,Botswana,CHE,SO2
0585,0.002034485733185567,BOTSWANA_SOUTH EAST_SOUTH EAST_TLOKWENG,26.035546995861406,-24.647763400719953,Botswana,CHE,SO2
0586,0,BOTSWANA_SOUTHERN_BAROLONG_BETHEL,25.523180210457173,-25.455324991549087,Botswana,CHE,SO2
0587,0,BOTSWANA_SOUTHERN_BAROLONG_BOROBADILEPE,25.45763854772069,-25.624399960180156,Botswana,CHE,SO2
0588,0,BOTSWANA_SOUTHERN_BAROLONG_DIGAWANA,25.554337853260883,-25.336847733509767,Botswana,CHE,SO2
0589,0,BOTSWANA_SOUTHERN_BAROLONG_DIKHUKHUNG,24.885447065593745,-25.800063981646993,Botswana,CHE,SO2
0590,0,BOTSWANA_SOUTHERN_BAROLONG_DINATSHANA,25.561032468363326,-25.459552008174736,Botswana,CHE,SO2
0591,0.010951323287119131,BOTSWANA_SOUTHERN_BAROLONG_DITLHARAPA,25.26534775604463,-25.74503088773403,Botswana,CHE,SO2
0592,0,BOTSWANA_SOUTHERN_BAROLONG_GAMAJALELA,25.422867167043186,-25.383535663638526,Botswana,CHE,SO2
0593,0,BOTSWANA_SOUTHERN_BAROLONG_GATHWANE,25.50825122582933,-25.39225799661276,Botswana,CHE,SO2
0594,0,BOTSWANA_SOUTHERN_BAROLONG_GOOD HOPE,25.425540411603592,-25.474044252271263,Botswana,CHE,SO2
0595,0,BOTSWANA_SOUTHERN_BAROLONG_HEBRON,25.41118276541949,-25.696194884502404,Botswana,CHE,SO2
0596,0,BOTSWANA_SOUTHERN_BAROLONG_KANGWE,25.079061936844482,-25.406209192834304,Botswana,CHE,SO2
0597,0,BOTSWANA_SOUTHERN_BAROLONG_KGORO,25.486735775180065,-25.453486474188907,Botswana,CHE,SO2
0598,0,BOTSWANA_SOUTHERN_BAROLONG_LEJWANA,25.53432726709042,-25.415801471703258,Botswana,CHE,SO2
0599,0.001879168686001814,BOTSWANA_SOUTHERN_BAROLONG_LEPORUNG,25.008424229579703,-25.672891074188268,Botswana,CHE,SO2
0600,0,BOTSWANA_SOUTHERN_BAROLONG_LOGAGANE,25.398915672259538,-25.611615010488325,Botswana,CHE,SO2
0601,0,BOTSWANA_SOUTHERN_BAROLONG_LORWANA,25.502074910123632,-25.286996269753118,Botswana,CHE,SO2
0602,0.01507677576194771,BOTSWANA_SOUTHERN_BAROLONG_MABULE,24.537508834961965,-25.73692702390118,Botswana,CHE,SO2
0603,0.0038603728523697064,BOTSWANA_SOUTHERN_BAROLONG_MADINGWANA,25.481261650329014,-25.576730325456165,Botswana,CHE,SO2
0604,0,BOTSWANA_SOUTHERN_BAROLONG_MAGORIAPITSE,25.27977947866948,-25.44137079227652,Botswana,CHE,SO2
0605,2.9519301036714406e-5,BOTSWANA_SOUTHERN_BAROLONG_MAKOKWE,25.475459011292934,-25.66937770824479,Botswana,CHE,SO2
0606,0,BOTSWANA_SOUTHERN_BAROLONG_MALOKAGANYANE,25.488358562103294,-25.502299871489452,Botswana,CHE,SO2
0607,5.560322125114732e-4,BOTSWANA_SOUTHERN_BAROLONG_MAROJANE,25.341901927422153,-25.73640142441916,Botswana,CHE,SO2
0608,0,BOTSWANA_SOUTHERN_BAROLONG_METLOBO,25.124348846065626,-25.39253659443453,Botswana,CHE,SO2
0609,0,BOTSWANA_SOUTHERN_BAROLONG_METLOJANE,25.375187769980677,-25.552026515853672,Botswana,CHE,SO2
0610,0.002740197986349344,BOTSWANA_SOUTHERN_BAROLONG_MMAKGORI,24.800927173643334,-25.789358109184104,Botswana,CHE,SO2
0611,0,BOTSWANA_SOUTHERN_BAROLONG_MMATHETHE,25.16245192169214,-25.332818623646105,Botswana,CHE,SO2
0612,0,BOTSWANA_SOUTHERN_BAROLONG_MOGOJOGOJO,25.472237292279374,-25.35846674488226,Botswana,CHE,SO2
0613,0,BOTSWANA_SOUTHERN_BAROLONG_MOGWALALE,25.3618167413177,-25.480322244471722,Botswana,CHE,SO2
0614,0.01128505664481059,BOTSWANA_SOUTHERN_BAROLONG_MOKATAKO,25.21324864044004,-25.72876284416883,Botswana,CHE,SO2
0615,0,BOTSWANA_SOUTHERN_BAROLONG_MOKGOMANE,25.21261347084866,-25.518245387897743,Botswana,CHE,SO2
0616,0.003022228856518047,BOTSWANA_SOUTHERN_BAROLONG_MOLETE,25.308791189937068,-25.671084438672697,Botswana,CHE,SO2
0617,0,BOTSWANA_SOUTHERN_BAROLONG_MOTSENTSHE,25.375726428046065,-25.379180264622413,Botswana,CHE,SO2
0618,0.01457243365515743,BOTSWANA_SOUTHERN_BAROLONG_MUSI,25.08334912114238,-25.688286393457503,Botswana,CHE,SO2
0619,0,BOTSWANA_SOUTHERN_BAROLONG_NGWATSAU,25.540401017789634,-25.553981728114238,Botswana,CHE,SO2
0620,0.004015696773356372,BOTSWANA_SOUTHERN_BAROLONG_PAPATLO,25.50091785142035,-25.65156471920203,Botswana,CHE,SO2
0621,0,BOTSWANA_SOUTHERN_BAROLONG_PHIHITSHWANE,25.414087664638753,-25.65601906088651,Botswana,CHE,SO2
0622,0,BOTSWANA_SOUTHERN_BAROLONG_PITSANA-POTOKWE,25.556580548078113,-25.50806204359263,Botswana,CHE,SO2
0623,0,BOTSWANA_SOUTHERN_BAROLONG_PITSANE SIDING,25.604250914974468,-25.46943866185844,Botswana,CHE,SO2
0624,6.574867493301188e-4,BOTSWANA_SOUTHERN_BAROLONG_PITSHANE MOLOPO,25.119834443362777,-25.744597939849236,Botswana,CHE,SO2
0625,0.003955850965201583,BOTSWANA_SOUTHERN_BAROLONG_RAKHUNA,25.578883997684116,-25.582003199973805,Botswana,CHE,SO2
0626,0.015894419211421155,BOTSWANA_SOUTHERN_BAROLONG_RAMATLABAMA,25.542590563183143,-25.63663806930263,Botswana,CHE,SO2
0627,0,BOTSWANA_SOUTHERN_BAROLONG_SEDIBENG,25.16840936243981,-25.684656039464652,Botswana,CHE,SO2
0628,0,BOTSWANA_SOUTHERN_BAROLONG_SEKHUTLANE,24.48911487032339,-25.502857393367236,Botswana,CHE,SO2
0629,0,BOTSWANA_SOUTHERN_BAROLONG_SHEEP FARM,25.494453226915,-25.550549245917278,Botswana,CHE,SO2
0630,0,BOTSWANA_SOUTHERN_BAROLONG_TLHARESELEELE,25.6164016549552,-25.509947342258574,Botswana,CHE,SO2
0631,0.013899320431028839,BOTSWANA_SOUTHERN_BAROLONG_TSHIDILAMOLOMO,24.680774921105087,-25.71938467094859,Botswana,CHE,SO2
0632,0,BOTSWANA_SOUTHERN_BAROLONG_TSWAANENG,24.874731933296207,-25.481179488719636,Botswana,CHE,SO2
0633,0,BOTSWANA_SOUTHERN_BAROLONG_TSWAGARE/LOTHOJE/LOKALANA,25.32250003507171,-25.608673297419177,Botswana,CHE,SO2
0634,0,BOTSWANA_SOUTHERN_BAROLONG_TSWANYANENG,25.26289447863055,-25.6163734983762,Botswana,CHE,SO2
0635,0,BOTSWANA_SOUTHERN_NGWAKETSE WEST_ITHOLOKE,23.49754475940133,-24.802379212464427,Botswana,CHE,SO2
0636,0,BOTSWANA_SOUTHERN_NGWAKETSE WEST_KANAKU,23.536569449983585,-24.292118077279163,Botswana,CHE,SO2
0637,0,BOTSWANA_SOUTHERN_NGWAKETSE WEST_KENG,23.822720476728055,-24.619062130504958,Botswana,CHE,SO2
0638,0,BOTSWANA_SOUTHERN_NGWAKETSE WEST_KHAKHEA,23.52876267152225,-24.69951083983683,Botswana,CHE,SO2
0639,0,BOTSWANA_SOUTHERN_NGWAKETSE WEST_KHONKHWA,23.935454133373597,-24.46012666914766,Botswana,CHE,SO2
0640,0,BOTSWANA_SOUTHERN_NGWAKETSE WEST_KOKONG,23.160513999524845,-24.39362019765512,Botswana,CHE,SO2
0641,0,BOTSWANA_SOUTHERN_NGWAKETSE WEST_KUTUKU,23.639126946319017,-24.680282589894166,Botswana,CHE,SO2
0642,0,BOTSWANA_SOUTHERN_NGWAKETSE WEST_MABUTSANE,23.705699680104797,-24.459760111464377,Botswana,CHE,SO2
0643,0,BOTSWANA_SOUTHERN_NGWAKETSE WEST_MAHOTSHWANE,24.187255352450173,-24.38400662626752,Botswana,CHE,SO2
0644,0,BOTSWANA_SOUTHERN_NGWAKETSE WEST_MORWAMOSU,23.122520350392715,-24.153854514850522,Botswana,CHE,SO2
0645,0,BOTSWANA_SOUTHERN_NGWAKETSE WEST_SEKOMA,24.02445527149606,-24.579997053681147,Botswana,CHE,SO2
0646,0,BOTSWANA_SOUTHERN_SOUTHERN_BETESANKWE,24.8941696227703,-24.719678878206103,Botswana,CHE,SO2
0647,0,BOTSWANA_SOUTHERN_SOUTHERN_DIABO,25.365536715216567,-25.223190983743812,Botswana,CHE,SO2
0648,0,BOTSWANA_SOUTHERN_SOUTHERN_DIPOTSANA,25.446292913079866,-25.212561776849554,Botswana,CHE,SO2
0649,0,BOTSWANA_SOUTHERN_SOUTHERN_GASITA,24.82803541943543,-25.124083589756676,Botswana,CHE,SO2
0650,0,BOTSWANA_SOUTHERN_SOUTHERN_KANYE,25.289267678855026,-25.048656911618565,Botswana,CHE,SO2
0651,0,BOTSWANA_SOUTHERN_SOUTHERN_KGOMOKASITWA,25.611112091400322,-25.09686032652438,Botswana,CHE,SO2
0652,0,BOTSWANA_SOUTHERN_SOUTHERN_LEFOKO,24.690111852640598,-24.8470312136434,Botswana,CHE,SO2
0653,0,BOTSWANA_SOUTHERN_SOUTHERN_LEKGOLOBOTLO,25.61615083241098,-24.885307065481175,Botswana,CHE,SO2
0654,0,BOTSWANA_SOUTHERN_SOUTHERN_LOROLWANA,24.459937704580028,-25.2535967198016,Botswana,CHE,SO2
0655,0,BOTSWANA_SOUTHERN_SOUTHERN_LOTLHAKANE,25.435707774440367,-25.08771727806122,Botswana,CHE,SO2
0656,0,BOTSWANA_SOUTHERN_SOUTHERN_LOTLHAKANE WEST,25.295371153997333,-24.784930431562245,Botswana,CHE,SO2
0657,0,BOTSWANA_SOUTHERN_SOUTHERN_MAGOTLHWANE,25.599116726068054,-24.996853415826646,Botswana,CHE,SO2
0658,0,BOTSWANA_SOUTHERN_SOUTHERN_MANYANA,25.574934396304805,-24.79875482887838,Botswana,CHE,SO2
0659,0,BOTSWANA_SOUTHERN_SOUTHERN_MAOKANE,24.649164740852807,-24.988391174828216,Botswana,CHE,SO2
0660,0,BOTSWANA_SOUTHERN_SOUTHERN_MOGONYE,25.67857687556797,-24.842313481878563,Botswana,CHE,SO2
0661,0,BOTSWANA_SOUTHERN_SOUTHERN_MOKHOMBA,24.61814743618357,-24.716762968297573,Botswana,CHE,SO2
0662,0,BOTSWANA_SOUTHERN_SOUTHERN_MOLAPOWABOJANG,25.545639385657516,-25.196418239986023,Botswana,CHE,SO2
0663,0,BOTSWANA_SOUTHERN_SOUTHERN_MOSHANENG,25.208444254843652,-24.835326824262772,Botswana,CHE,SO2
0664,0,BOTSWANA_SOUTHERN_SOUTHERN_MOSHUPA,25.42468410253782,-24.802239950537796,Botswana,CHE,SO2
0665,0,BOTSWANA_SOUTHERN_SOUTHERN_NTLHANTLHE,25.563433827213757,-25.01680148927233,Botswana,CHE,SO2
0666,0,BOTSWANA_SOUTHERN_SOUTHERN_PITSENG,25.026961859107356,-24.671811025950742,Botswana,CHE,SO2
0667,0,BOTSWANA_SOUTHERN_SOUTHERN_RALEKGETHO,25.153983418889254,-24.651674927885143,Botswana,CHE,SO2
0668,0,BOTSWANA_SOUTHERN_SOUTHERN_RANAKA,25.49210433716248,-24.953019551938723,Botswana,CHE,SO2
0669,0,BOTSWANA_SOUTHERN_SOUTHERN_SEGWAGWA,25.154246986825143,-25.20370107041337,Botswana,CHE,SO2
0670,0,BOTSWANA_SOUTHERN_SOUTHERN_SEHERELELA,24.966365412487043,-24.85255338029039,Botswana,CHE,SO2
0671,0,BOTSWANA_SOUTHERN_SOUTHERN_SELOKOLELA,25.08619153157018,-25.012511421456256,Botswana,CHE,SO2
0672,0,BOTSWANA_SOUTHERN_SOUTHERN_SEMANE,24.36060822534978,-24.5838070534333,Botswana,CHE,SO2
0673,0,BOTSWANA_SOUTHERN_SOUTHERN_SESE,24.837457767676273,-24.623316789302145,Botswana,CHE,SO2
0674,0,BOTSWANA_SOUTHERN_SOUTHERN_SESUNG,25.085978537640155,-24.864295490303654,Botswana,CHE,SO2
0675,0,BOTSWANA_SOUTHERN_SOUTHERN_TLHANKANE,24.375461207737164,-24.957536336747538,Botswana,CHE,SO2
0676,0,BOTSWANA_SOUTHERN_SOUTHERN_TSHWAANE,25.273421585713766,-24.711641454327474,Botswana,CHE,SO2
0677,0,BOTSWANA_SOUTHERN_SOUTHERN_TSONYANE,24.813855404067922,-24.839469110997843,Botswana,CHE,SO2
0678,0,BOTSWANA_SOWA TOWN_SOWA TOWN_SOWA TOWN,26.205474065724133,-20.525655504329873,Botswana,CHE,SO2
0679,0,BOTSWANA_NORTH WEST_NGAMILAND WEST_TOBERE,22.060761168763293,-18.2277220943275,Botswana,CHE,SO2
0680,0,BOTSWANA_FRANCISTOWN_FRANCISTOWN_FRANCISTOWN,27.527173396825056,-21.15325240029203,Botswana,CHE,SO2
0681,0,BOTSWANA_NORTH EAST_NORTH EAST_MATOPI,27.91115579539766,-21.482192037003767,Botswana,CHE,SO2
0682,0.00664552472705256,LESOTHO_BEREA,27.916543179927878,-29.196133964322186,Lesotho,CHE,SO2
0683,0.052643762936887835,LESOTHO_BUTHA-BUTHE,28.564194113912084,-28.80291309387294,Lesotho,CHE,SO2
0684,0.4373087636349346,LESOTHO_LERIBE,28.262778693785734,-29.01811492119529,Lesotho,CHE,SO2
0685,0.04428811776321799,LESOTHO_MAFETENG,27.392581280663943,-29.77903326417238,Lesotho,CHE,SO2
0686,0.13250404052780643,LESOTHO_MASERU,27.818410139103523,-29.578708001027245,Lesotho,CHE,SO2
0687,0.024629730406519876,LESOTHO_MOHALE'S HOEK,27.81073935217726,-30.05732318594617,Lesotho,CHE,SO2
0688,0.007455165972362791,LESOTHO_MOKHOTLONG,29.030965902973236,-29.219387585513097,Lesotho,CHE,SO2
0689,9.589054192344915e-4,LESOTHO_QACHA'S NEK,28.738216934631595,-29.96551989191937,Lesotho,CHE,SO2
0690,0.018093196235895795,LESOTHO_QUTHING,27.985860217458367,-30.361098997601832,Lesotho,CHE,SO2
0691,0,LESOTHO_THABA-TSEKA,28.592501565541635,-29.5707462455164,Lesotho,CHE,SO2
0692,0,MALAWI_SOUTHERN REGION_BALAKA,35.057010057789576,-15.035291543995603,Malawi,CHE,SO2
0693,0,MALAWI_SOUTHERN REGION_BLANTYRE,34.93215294645478,-15.653521070374605,Malawi,CHE,SO2
0694,0,MALAWI_SOUTHERN REGION_BLANTYRE CITY,35.049846087604834,-15.788155512634402,Malawi,CHE,SO2
0695,0.0028000668903668774,MALAWI_SOUTHERN REGION_CHIKWAWA,34.70903689510921,-16.164449793446956,Malawi,CHE,SO2
0696,0,MALAWI_SOUTHERN REGION_CHIRADZULU,35.21401510212054,-15.74504273186666,Malawi,CHE,SO2
0697,0.072061733864288,MALAWI_NORTHERN REGION_CHITIPA,33.50075697273936,-9.961323805951439,Malawi,CHE,SO2
0698,0.08681375267558052,MALAWI_CENTRAL REGION_DEDZA,34.227546152785884,-14.26666414364504,Malawi,CHE,SO2
0699,0,MALAWI_CENTRAL REGION_DOWA,33.7882007354298,-13.568943726666408,Malawi,CHE,SO2
0700,0,MALAWI_NORTHERN REGION_KARONGA,33.88286491576761,-10.085628973711133,Malawi,CHE,SO2
0701,1.4100211991238631,MALAWI_CENTRAL REGION_KASUNGU,33.38591920703449,-12.984592469489298,Malawi,CHE,SO2
0702,0.008095772352255465,MALAWI_LAKE MALAWI_LAKE MALAWI,34.46342187078561,-11.83542210532386,Malawi,CHE,SO2
0703,0.056249266537752925,MALAWI_NORTHERN REGION_LIKOMA,34.68456952933858,-12.049251389757782,Malawi,CHE,SO2
0704,0.0026161130941687815,MALAWI_CENTRAL REGION_LILONGWE,33.678384246204125,-14.02262845680586,Malawi,CHE,SO2
0705,0,MALAWI_CENTRAL REGION_LILONGWE CITY,33.777412227707195,-13.917060812410538,Malawi,CHE,SO2
0706,0.38784223352072444,MALAWI_SOUTHERN REGION_MACHINGA,35.56621569203856,-14.939743540640112,Malawi,CHE,SO2
0707,0.10447062772690782,MALAWI_SOUTHERN REGION_MANGOCHI,35.188672100825926,-14.35745673152043,Malawi,CHE,SO2
0708,5.834698416726082,MALAWI_CENTRAL REGION_MCHINJI,33.05678421553763,-13.693204790303813,Malawi,CHE,SO2
0709,0.8646910016174588,MALAWI_SOUTHERN REGION_MULANJE,35.510601697456494,-15.937493088013312,Malawi,CHE,SO2
0710,0.5341928927366607,MALAWI_SOUTHERN REGION_MWANZA,34.51070572282828,-15.653498412560298,Malawi,CHE,SO2
0711,2.9941788822691042,MALAWI_NORTHERN REGION_MZIMBA,33.63357391674036,-11.774662616846621,Malawi,CHE,SO2
0712,0,MALAWI_NORTHERN REGION_MZUZU CITY,34.008085621399474,-11.435033136665401,Malawi,CHE,SO2
0713,0.001998894279936648,MALAWI_SOUTHERN REGION_NENO,34.69511229098429,-15.46855436212607,Malawi,CHE,SO2
0714,0,MALAWI_NORTHERN REGION_NKHATA BAY,34.04155946420708,-11.671744085857307,Malawi,CHE,SO2
0715,0,MALAWI_CENTRAL REGION_NKHOTAKOTA,34.088412143637505,-12.844968406478515,Malawi,CHE,SO2
0716,0.03873488620140377,MALAWI_SOUTHERN REGION_NSANJE,35.14256102689594,-16.7458281066411,Malawi,CHE,SO2
0717,0.12573288684818426,MALAWI_CENTRAL REGION_NTCHEU,34.7150219403129,-14.809209532624244,Malawi,CHE,SO2
0718,0,MALAWI_CENTRAL REGION_NTCHISI,33.919435671123914,-13.29729664939087,Malawi,CHE,SO2
0719,0,MALAWI_SOUTHERN REGION_PHALOMBE,35.69103908738544,-15.669471595035306,Malawi,CHE,SO2
0720,0.094989477897104,MALAWI_NORTHERN REGION_RUMPHI,33.814313155835954,-10.819178535708213,Malawi,CHE,SO2
0721,0,MALAWI_CENTRAL REGION_SALIMA,34.38342391012431,-13.73580013859686,Malawi,CHE,SO2
0722,0.23941558029038754,MALAWI_SOUTHERN REGION_THYOLO,35.14513805866104,-16.103293124272504,Malawi,CHE,SO2
0723,0.01780958837998743,MALAWI_SOUTHERN REGION_ZOMBA,35.431720494463534,-15.397965042950926,Malawi,CHE,SO2
0724,0,MALAWI_SOUTHERN REGION_ZOMBA CITY,35.32958370864326,-15.389038184748701,Malawi,CHE,SO2
0725,0.15519055565897732,MOZAMBIQUE_CABO DELGADO_ANCUABE_ANCUABE SEDE,39.81250434636672,-12.844910167361961,Mozambique,CHE,SO2
0726,0.174852580639534,MOZAMBIQUE_CABO DELGADO_ANCUABE_METORO,39.98166464165771,-13.123343510947777,Mozambique,CHE,SO2
0727,0.15043137866608228,MOZAMBIQUE_CABO DELGADO_ANCUABE_MEZA,39.50077329178648,-13.002763030349875,Mozambique,CHE,SO2
0728,0.3435406275915035,MOZAMBIQUE_CABO DELGADO_BALAMA_BALAMA SEDE,38.60741548928212,-13.34632445565341,Mozambique,CHE,SO2
0729,0.06843396678602207,MOZAMBIQUE_CABO DELGADO_BALAMA_IMPIRE,38.234370073203195,-13.36117175168839,Mozambique,CHE,SO2
0730,0.1482295660223925,MOZAMBIQUE_CABO DELGADO_BALAMA_KWEKWE,38.360631459274536,-13.719258906829074,Mozambique,CHE,SO2
0731,0.06987176170993054,MOZAMBIQUE_CABO DELGADO_BALAMA_MAVALA,38.44433858639442,-13.127397794272662,Mozambique,CHE,SO2
0732,0.3720882036958495,MOZAMBIQUE_CABO DELGADO_CHIÚRE_CHIÚRE SEDE,39.78631866112433,-13.334949533035196,Mozambique,CHE,SO2
0733,0.12386727876203456,MOZAMBIQUE_CABO DELGADO_CHIÚRE_CHIÚRE VELHO,39.9790643743911,-13.394863091288299,Mozambique,CHE,SO2
0734,0.10724255990870979,MOZAMBIQUE_CABO DELGADO_CHIÚRE_KATAPUA,39.46036839056145,-13.3790182741743,Mozambique,CHE,SO2
0735,0.06441900314914539,MOZAMBIQUE_CABO DELGADO_CHIÚRE_MAZEZE,40.26493789258037,-13.394800824078336,Mozambique,CHE,SO2
0736,0.148454536004391,MOZAMBIQUE_CABO DELGADO_CHIÚRE_NAMOGELIA,39.39543595419324,-13.73917584393942,Mozambique,CHE,SO2
0737,0.20708378249171863,MOZAMBIQUE_CABO DELGADO_CHIÚRE_OCUA,39.70712436514545,-13.593555718225081,Mozambique,CHE,SO2
0738,0.23359840031275808,MOZAMBIQUE_CABO DELGADO_CIDADE DE PEMBA_CIDADE DE PEMBA,40.5301137002399,-13.01866368362211,Mozambique,CHE,SO2
0739,0.006772526141376761,MOZAMBIQUE_CABO DELGADO_IBO_IBO SEDE,40.58966660854597,-12.296434453801252,Mozambique,CHE,SO2
0740,2.639110453753192e-4,MOZAMBIQUE_CABO DELGADO_IBO_QUIRIMBA,40.60573197983616,-12.436621233927731,Mozambique,CHE,SO2
0741,0.0701875716869609,MOZAMBIQUE_CABO DELGADO_MACOMIA_CHAI,40.09939009869904,-11.975771317344952,Mozambique,CHE,SO2
0742,0.1655157883680807,MOZAMBIQUE_CABO DELGADO_MACOMIA_MACOMIA SEDE,40.00966789367028,-12.185963022208076,Mozambique,CHE,SO2
0743,0.043547720906652446,MOZAMBIQUE_CABO DELGADO_MACOMIA_MUCOJO,40.39838621183561,-12.132019600349427,Mozambique,CHE,SO2
0744,0.014872309561926114,MOZAMBIQUE_CABO DELGADO_MACOMIA_QUITERAJO,40.34862064188187,-11.822248596272631,Mozambique,CHE,SO2
0745,0.08168393788974591,MOZAMBIQUE_CABO DELGADO_MECÚFI_MECÚFI SEDE,40.44136931989843,-13.314578160765912,Mozambique,CHE,SO2
0746,0.07041297660529718,MOZAMBIQUE_CABO DELGADO_MECÚFI_MURREBUE,40.3621691122671,-13.16275211422268,Mozambique,CHE,SO2
0747,0.027492745165847557,MOZAMBIQUE_CABO DELGADO_MELUCO_MELUCO,39.519008675605434,-12.466558692060977,Mozambique,CHE,SO2
0748,0.04058594834305714,MOZAMBIQUE_CABO DELGADO_MELUCO_MUAGUIDE,40.006147820712634,-12.461564676608146,Mozambique,CHE,SO2
0749,0.15285420378763373,MOZAMBIQUE_CABO DELGADO_METUGE_METUGE SEDE,40.30149518097115,-12.881110538127228,Mozambique,CHE,SO2
0750,0.11390243552028458,MOZAMBIQUE_CABO DELGADO_METUGE_MIEZE,40.42604082004337,-13.071741165509883,Mozambique,CHE,SO2
0751,0.08171326664499577,MOZAMBIQUE_CABO DELGADO_MOCÍMBOA DA PRAIA_DIACA,39.98361766384434,-11.50941232931751,Mozambique,CHE,SO2
0752,0.03354936229578386,MOZAMBIQUE_CABO DELGADO_MOCÍMBOA DA PRAIA_MBAU,40.264033426645,-11.61011746355292,Mozambique,CHE,SO2
0753,0.21583022211009883,MOZAMBIQUE_CABO DELGADO_MOCÍMBOA DA PRAIA_MOCÍMBOA DA PRAIA SEDE,40.221732345886586,-11.307039802847223,Mozambique,CHE,SO2
0754,0.5220319335697988,MOZAMBIQUE_CABO DELGADO_MONTEPUEZ_CIDADE DE MONTEPUEZ,39.10336496633387,-13.155831594194833,Mozambique,CHE,SO2
0755,0.056505515730670336,MOZAMBIQUE_CABO DELGADO_MONTEPUEZ_MAPUPULO,38.85156103637511,-13.296202609826898,Mozambique,CHE,SO2
0756,0.1982051423867037,MOZAMBIQUE_CABO DELGADO_MONTEPUEZ_MIRATE SEDE,38.889102884866084,-12.858163088415916,Mozambique,CHE,SO2
0757,0.027130751572907494,MOZAMBIQUE_CABO DELGADO_MONTEPUEZ_NAIROTO,38.60846512227451,-12.417692004693443,Mozambique,CHE,SO2
0758,0.09381424660191204,MOZAMBIQUE_CABO DELGADO_MONTEPUEZ_NAMANHUMBIR,39.29331479236441,-13.03734599713965,Mozambique,CHE,SO2
0759,0.07898723298563386,MOZAMBIQUE_CABO DELGADO_MUEDA_CHAPA,39.300669871212165,-11.933739048526274,Mozambique,CHE,SO2
0760,0.037480417865154075,MOZAMBIQUE_CABO DELGADO_MUEDA_IMBUHO SEDE,39.71330104587685,-11.492354708140468,Mozambique,CHE,SO2
0761,0.23324590576951,MOZAMBIQUE_CABO DELGADO_MUEDA_MUEDA SEDE,39.52799055312814,-11.615490131717069,Mozambique,CHE,SO2
0762,0.03915625163775137,MOZAMBIQUE_CABO DELGADO_MUEDA_NAMAUA,39.71135420448486,-11.578853289361819,Mozambique,CHE,SO2
0763,0.0025675542065669277,MOZAMBIQUE_CABO DELGADO_MUEDA_NEGOMANO,38.68032202017621,-11.555132251334204,Mozambique,CHE,SO2
0764,0.09265170897551475,MOZAMBIQUE_CABO DELGADO_MUEDA_NGAPA,39.181606916419916,-11.449464889051079,Mozambique,CHE,SO2
0765,0.061106263052104974,MOZAMBIQUE_CABO DELGADO_MUIDUMBE_CHITUNDA,40.02853944757149,-11.798368536527168,Mozambique,CHE,SO2
0766,0.07287340110360492,MOZAMBIQUE_CABO DELGADO_MUIDUMBE_MITEDA,39.64749196598334,-11.853991027094667,Mozambique,CHE,SO2
0767,0.13519244873801542,MOZAMBIQUE_CABO DELGADO_MUIDUMBE_MUAMBULA,39.82130488684691,-11.841747965829844,Mozambique,CHE,SO2
0768,0.09008559773277645,MOZAMBIQUE_CABO DELGADO_NAMUNO_HUCULA,39.027034408935776,-13.807982550463722,Mozambique,CHE,SO2
0769,0.15115701732227865,MOZAMBIQUE_CABO DELGADO_NAMUNO_MACHOCA,38.9025822941826,-13.935861472055366,Mozambique,CHE,SO2
0770,0.11793596774729684,MOZAMBIQUE_CABO DELGADO_NAMUNO_MELOCO,39.16332069555443,-13.55331427408594,Mozambique,CHE,SO2
0771,0.3657071599807356,MOZAMBIQUE_CABO DELGADO_NAMUNO_NAMUNO SEDE,38.85042931380327,-13.571803785012364,Mozambique,CHE,SO2
0772,0.14983608246078534,MOZAMBIQUE_CABO DELGADO_NAMUNO_NCUMPE,38.64829661522544,-13.759868655212932,Mozambique,CHE,SO2
0773,0.07386085300595001,MOZAMBIQUE_CABO DELGADO_NAMUNO_PAPAI,38.6112488248292,-14.01083078018285,Mozambique,CHE,SO2
0774,0.1657500348156716,MOZAMBIQUE_CABO DELGADO_NANGADE_NANGADE SEDE,39.74862940454096,-11.083424646974992,Mozambique,CHE,SO2
0775,0.07067721367056716,MOZAMBIQUE_CABO DELGADO_NANGADE_NTAMBA,39.82186362422569,-11.298924991205137,Mozambique,CHE,SO2
0776,0.027294480856657127,MOZAMBIQUE_CABO DELGADO_PALMA_OLUMBE,40.37722280987631,-11.022253412786055,Mozambique,CHE,SO2
0777,0.08903252088148736,MOZAMBIQUE_CABO DELGADO_PALMA_PALMA,40.36752760276333,-10.781107321340652,Mozambique,CHE,SO2
0778,0.005200116430895265,MOZAMBIQUE_CABO DELGADO_PALMA_PUNDANHAR,40.10649223692033,-10.915061660907167,Mozambique,CHE,SO2
0779,0.004642394026380881,MOZAMBIQUE_CABO DELGADO_PALMA_QUIONGA,40.39832171975072,-10.605188674355327,Mozambique,CHE,SO2
0780,0.04428128866678812,MOZAMBIQUE_CABO DELGADO_QUISSANGA_BILIBIZA,40.19654727032573,-12.609796456581662,Mozambique,CHE,SO2
0781,0.04979775647393448,MOZAMBIQUE_CABO DELGADO_QUISSANGA_MAHATE,40.41919917872787,-12.635885089192568,Mozambique,CHE,SO2
0782,0.9043625896120048,MOZAMBIQUE_CIDADE DE MAPUTO_KAMAVOTA_KAMAVOTA,32.634886641291224,-25.887693649593853,Mozambique,CHE,SO2
0783,0.1797144750115252,MOZAMBIQUE_CIDADE DE MAPUTO_KAMAXAKENI_KAMAXAKENI,32.59944117113847,-25.93889789948286,Mozambique,CHE,SO2
0784,0.26622182712309833,MOZAMBIQUE_CIDADE DE MAPUTO_KAMPFUMO_KAMPFUMO,32.586471991569425,-25.963392495074924,Mozambique,CHE,SO2
0785,1.156041286571744,MOZAMBIQUE_CIDADE DE MAPUTO_KAMUBUKWANA_KAMUBUKWANA,32.57628175378329,-25.874280175789803,Mozambique,CHE,SO2
0786,0.002653697499928084,MOZAMBIQUE_CIDADE DE MAPUTO_KANYAKA_KANYAKA,32.942792473320985,-26.019854398302623,Mozambique,CHE,SO2
0787,0.46990690671906044,MOZAMBIQUE_CIDADE DE MAPUTO_KATEMBE_KATEMBE,32.52558521951384,-26.037162300504427,Mozambique,CHE,SO2
0788,0.23765768463395132,MOZAMBIQUE_CIDADE DE MAPUTO_NHLAMANKULO_NHLAMANKULO,32.557337897173184,-25.94748667088231,Mozambique,CHE,SO2
0789,0.08201804592490433,MOZAMBIQUE_GAZA_BILENE_BILENE MACIA,33.12170844184735,-25.024345210123222,Mozambique,CHE,SO2
0790,0.016809093521666138,MOZAMBIQUE_GAZA_BILENE_INCAIA,33.23389036385305,-24.972836632632283,Mozambique,CHE,SO2
0791,0.10427394028392829,MOZAMBIQUE_GAZA_BILENE_MACUANE,33.16406911785151,-25.13186013405694,Mozambique,CHE,SO2
0792,0.05965723337717355,MOZAMBIQUE_GAZA_BILENE_MAZIVILA,33.15771945972996,-24.86159285857413,Mozambique,CHE,SO2
0793,0.10853174717204021,MOZAMBIQUE_GAZA_BILENE_MESSANO,32.994801638202425,-24.9711864826169,Mozambique,CHE,SO2
0794,0.020802991523486806,MOZAMBIQUE_GAZA_BILENE_PRAIA DE BILENE,33.22313026811176,-25.268200454905273,Mozambique,CHE,SO2
0795,0.03537754240862054,MOZAMBIQUE_GAZA_CHIBUTO_ALTO CHANGANE,33.532709699998925,-24.239915954397528,Mozambique,CHE,SO2
0796,0.001662952558724322,MOZAMBIQUE_GAZA_CHIBUTO_CHANGANINE,33.78000414254853,-24.004994838500192,Mozambique,CHE,SO2
0797,0.06988295394895244,MOZAMBIQUE_GAZA_CHIBUTO_CIDADE DE CHIBUTO,33.56479821975432,-24.69579299181594,Mozambique,CHE,SO2
0798,0.19632182737274018,MOZAMBIQUE_GAZA_CHIBUTO_GODIDE,33.664009941160174,-24.59383871859075,Mozambique,CHE,SO2
0799,0.26328355113039403,MOZAMBIQUE_GAZA_CHIBUTO_MALEHICE,33.68651799951757,-24.751639870695612,Mozambique,CHE,SO2
0800,0.1584255146949901,MOZAMBIQUE_GAZA_CHIBUTO_TCHAIMITE,33.40913649471263,-24.6274038248804,Mozambique,CHE,SO2
0801,0.01543922022050362,MOZAMBIQUE_GAZA_CHICUALACUALA_EDUARDO MONDLANE,31.90283759038279,-22.22474259936432,Mozambique,CHE,SO2
0802,0.030400921212995802,MOZAMBIQUE_GAZA_CHICUALACUALA_PAFURI,31.839636613036426,-23.062508500431342,Mozambique,CHE,SO2
0803,0.008617348925764417,MOZAMBIQUE_GAZA_CHIGUBO_CHIGUBO SEDE,33.28327880896511,-22.55689162530508,Mozambique,CHE,SO2
0804,0.03739821381952713,MOZAMBIQUE_GAZA_CHIGUBO_NDINDIZA,33.50940091714144,-23.45508178763895,Mozambique,CHE,SO2
0805,0.06521309878393565,MOZAMBIQUE_GAZA_CHÓKWÈ_CIDADE DE CHÓKWÈ,32.99328794506374,-24.520208875238563,Mozambique,CHE,SO2
0806,0.26168094491851734,MOZAMBIQUE_GAZA_CHÓKWÈ_LIONDE,33.00856327547369,-24.690277510511446,Mozambique,CHE,SO2
0807,0.19128465792862256,MOZAMBIQUE_GAZA_CHÓKWÈ_MACARRETANE,32.75708982206706,-24.37253995423536,Mozambique,CHE,SO2
0808,0.18150341121287633,MOZAMBIQUE_GAZA_CHÓKWÈ_XILEMBENE,33.295896826319776,-24.740800650273098,Mozambique,CHE,SO2
0809,0.5033479340983608,MOZAMBIQUE_GAZA_CHONGOENE_CHONGOENE,33.78738388968989,-24.95612324064541,Mozambique,CHE,SO2
0810,0.0639383955018217,MOZAMBIQUE_GAZA_CHONGOENE_MAZUCANE,33.94816589854456,-24.75078182642919,Mozambique,CHE,SO2
0811,0.01853699211280457,MOZAMBIQUE_GAZA_CHONGOENE_NGUZENE,33.99174761296743,-24.900424006547656,Mozambique,CHE,SO2
0812,0.4591070406329368,MOZAMBIQUE_GAZA_CIDADE DE XAI-XAI_CIDADE DE XAI-XAI,33.6238199287902,-25.095602356591947,Mozambique,CHE,SO2
0813,0.14459216905012184,MOZAMBIQUE_GAZA_GUIJÁ_CHIVONGOENE,33.233221538781685,-24.47489638296496,Mozambique,CHE,SO2
0814,0.12737367269972613,MOZAMBIQUE_GAZA_GUIJÁ_MUBANGOENE,32.95074527970149,-24.269396021473018,Mozambique,CHE,SO2
0815,0.013157427200339982,MOZAMBIQUE_GAZA_GUIJÁ_NALAZI,33.17804626234287,-24.007141668394482,Mozambique,CHE,SO2
0816,0.02059559131930115,MOZAMBIQUE_GAZA_GUIJÁ_VILA CANIÇADO,33.03370976279583,-24.496154209395023,Mozambique,CHE,SO2
0817,0.33798267862745435,MOZAMBIQUE_GAZA_LIMPOPO_CHICUMBANE,33.50935105307376,-24.95521044053618,Mozambique,CHE,SO2
0818,0.14676046172129614,MOZAMBIQUE_GAZA_LIMPOPO_CHISSANO,33.36595620036372,-24.917774625636756,Mozambique,CHE,SO2
0819,0.027217064874783592,MOZAMBIQUE_GAZA_LIMPOPO_ZONGOENE,33.41768385775187,-25.15027705143945,Mozambique,CHE,SO2
0820,0.0396175334639914,MOZAMBIQUE_GAZA_MABALANE_COMBOMUNE,32.76206527578445,-23.248510922783225,Mozambique,CHE,SO2
0821,0.011772177293786133,MOZAMBIQUE_GAZA_MABALANE_MABALANE,32.830014386359615,-23.86472905225202,Mozambique,CHE,SO2
0822,0.021417331575943617,MOZAMBIQUE_GAZA_MABALANE_NTLHAVENE,32.55611135942274,-23.700477308848008,Mozambique,CHE,SO2
0823,0.036709583245950396,MOZAMBIQUE_GAZA_MANDLAKAZE_CHALALA,33.898816970795764,-24.62204362818058,Mozambique,CHE,SO2
0824,0.08020563828572681,MOZAMBIQUE_GAZA_MANDLAKAZE_CHIBONDZANE,34.20993805079586,-24.617150832754188,Mozambique,CHE,SO2
0825,0.09658647948300936,MOZAMBIQUE_GAZA_MANDLAKAZE_CHIDENGUELE,34.222185883991216,-24.846464693637397,Mozambique,CHE,SO2
0826,0.02109520718505205,MOZAMBIQUE_GAZA_MANDLAKAZE_MACUACUA,33.93793587874184,-24.351855632078426,Mozambique,CHE,SO2
0827,0.05082194170623383,MOZAMBIQUE_GAZA_MANDLAKAZE_MANDLAKAZE SEDE,33.881734623458314,-24.717454952391012,Mozambique,CHE,SO2
0828,0.034935641899660065,MOZAMBIQUE_GAZA_MAPAI_MACHAILA,32.8972792264127,-22.46107250918086,Mozambique,CHE,SO2
0829,0.047550052488273035,MOZAMBIQUE_GAZA_MAPAI_MAPAI,32.340153357812774,-22.66221263505515,Mozambique,CHE,SO2
0830,0.02778364947318036,MOZAMBIQUE_GAZA_MASSANGENA_MASSANGENA,33.024968092166,-21.76228030255321,Mozambique,CHE,SO2
0831,0.025154451963574763,MOZAMBIQUE_GAZA_MASSANGENA_MAVUE,32.44873445655671,-21.74455920732843,Mozambique,CHE,SO2
0832,0.028840786656927173,MOZAMBIQUE_GAZA_MASSINGIR_MASSINGIR SEDE,32.14188192707758,-24.083427448323647,Mozambique,CHE,SO2
0833,0.009817864726152531,MOZAMBIQUE_GAZA_MASSINGIR_MAVODZE,31.957192936094224,-23.682084241320673,Mozambique,CHE,SO2
0834,0.0037622203064093867,MOZAMBIQUE_GAZA_MASSINGIR_ZULO,32.44746940415907,-24.081905716979545,Mozambique,CHE,SO2
0835,0.4101479600001123,MOZAMBIQUE_INHAMBANE_CIDADE DA MAXIXE_CIDADE DA MAXIXE,35.30847837373539,-23.88280148067849,Mozambique,CHE,SO2
0836,0.12464481605405675,MOZAMBIQUE_INHAMBANE_CIDADE DE INHAMBANE_CIDADE DE INHAMBANE,35.4669344326235,-23.887608905915176,Mozambique,CHE,SO2
0837,0.12673279935073115,MOZAMBIQUE_INHAMBANE_FUNHALOURO_FUNHALOURO,34.40493526211412,-23.279005264339535,Mozambique,CHE,SO2
0838,0.05769103025376083,MOZAMBIQUE_INHAMBANE_FUNHALOURO_TOME,34.123107711970896,-22.6492454413369,Mozambique,CHE,SO2
0839,0.04089415791234209,MOZAMBIQUE_INHAMBANE_GOVURO_NOVA MAMBONE,34.91124864499755,-21.24838028736193,Mozambique,CHE,SO2
0840,0.08124035583843632,MOZAMBIQUE_INHAMBANE_GOVURO_SAVE,34.50273875747384,-21.372352488268987,Mozambique,CHE,SO2
0841,0.40628518286531373,MOZAMBIQUE_INHAMBANE_HOMOÍNE_HOMOÍNE SEDE,35.11348463085394,-23.979574815302524,Mozambique,CHE,SO2
0842,0.04175742824142609,MOZAMBIQUE_INHAMBANE_HOMOÍNE_PEMBE,34.954010052320086,-23.75585650680714,Mozambique,CHE,SO2
0843,0.3508630338725564,MOZAMBIQUE_INHAMBANE_INHARRIME_INHARRIME SEDE,35.0629320946627,-24.377713765160113,Mozambique,CHE,SO2
0844,0.06628994232460607,MOZAMBIQUE_INHAMBANE_INHARRIME_MUCUMBI,34.57231599403387,-24.417768147569834,Mozambique,CHE,SO2
0845,6.001558597280769e-4,MOZAMBIQUE_INHAMBANE_INHASSORO_BAZARUTO,35.465173197521,-21.65725826320277,Mozambique,CHE,SO2
0846,0.1625836933180033,MOZAMBIQUE_INHAMBANE_INHASSORO_INHASSORO,34.84605588804438,-21.753052479230316,Mozambique,CHE,SO2
0847,0.1642127509926645,MOZAMBIQUE_INHAMBANE_JANGAMO_CUMBANA,35.150833362602604,-24.21294386364807,Mozambique,CHE,SO2
0848,0.13003975975907198,MOZAMBIQUE_INHAMBANE_JANGAMO_JANGAMO,35.3828405134123,-24.118279758970523,Mozambique,CHE,SO2
0849,0.0966436531496991,MOZAMBIQUE_INHAMBANE_MABOTE_MABOTE,34.1237933010753,-22.071272031528167,Mozambique,CHE,SO2
0850,0.04139937606556246,MOZAMBIQUE_INHAMBANE_MABOTE_ZIMANE,33.53428838953659,-22.259421319452596,Mozambique,CHE,SO2
0851,0.049765414653305425,MOZAMBIQUE_INHAMBANE_MABOTE_ZINAVE,33.78047603814595,-21.630829138429963,Mozambique,CHE,SO2
0852,0.11649600334784356,MOZAMBIQUE_INHAMBANE_MASSINGA_CHICOMO,34.91593880649871,-22.694580178891357,Mozambique,CHE,SO2
0853,0.6183477105302512,MOZAMBIQUE_INHAMBANE_MASSINGA_MASSINGA,35.28967211538618,-23.208309768202906,Mozambique,CHE,SO2
0854,0.2213883865882889,MOZAMBIQUE_INHAMBANE_MORRUMBENE_MOCODUENE,35.03823145580892,-23.43542902200303,Mozambique,CHE,SO2
0855,0.11561928249430875,MOZAMBIQUE_INHAMBANE_MORRUMBENE_MORRUMBENE,35.31512127790291,-23.62003628600982,Mozambique,CHE,SO2
0856,0.014192152487460549,MOZAMBIQUE_INHAMBANE_PANDA_MAWAYELA,34.116370299409866,-24.001901283449012,Mozambique,CHE,SO2
0857,0.059407351155861446,MOZAMBIQUE_INHAMBANE_PANDA_PANDA,34.5701782475298,-24.112499270772535,Mozambique,CHE,SO2
0858,0.02177116469363012,MOZAMBIQUE_INHAMBANE_PANDA_URRENE,34.644908571251904,-23.83766104214481,Mozambique,CHE,SO2
0859,0.2268174597665541,MOZAMBIQUE_INHAMBANE_VILANKULO_MAPINHANE,35.04533061414311,-22.371051282087183,Mozambique,CHE,SO2
0860,0.14799306214737215,MOZAMBIQUE_INHAMBANE_VILANKULO_VILANKULO,35.3062246160536,-22.14744435743396,Mozambique,CHE,SO2
0861,0.19264802966959868,MOZAMBIQUE_INHAMBANE_ZAVALA_QUISSICO,34.83275046669489,-24.629624369539606,Mozambique,CHE,SO2
0862,0.1745878415686403,MOZAMBIQUE_INHAMBANE_ZAVALA_ZANDAMELA,34.4860299379439,-24.67609745657631,Mozambique,CHE,SO2
0863,0.08317425444707018,MOZAMBIQUE_LAKE MALAWI_LAKE MALAWI_LAKE MALAWI,34.66958894981475,-12.465931949774122,Mozambique,CHE,SO2
0864,0.6169584974982423,MOZAMBIQUE_MANICA_BÁRUÈ_CATANDICA,33.30152827468673,-18.240536298661056,Mozambique,CHE,SO2
0865,0.04712327262033985,MOZAMBIQUE_MANICA_BÁRUÈ_CHOA,33.04569434614779,-18.064104442461606,Mozambique,CHE,SO2
0866,0.0017788931635800728,MOZAMBIQUE_MANICA_BÁRUÈ_NHAMPASSA,33.184551019135135,-17.597094490855643,Mozambique,CHE,SO2
0867,0.9765403324970107,MOZAMBIQUE_MANICA_CIDADE DE CHIMOIO_CHIMOIO,33.45536740007841,-19.127720352606506,Mozambique,CHE,SO2
0868,0.20937562682070587,MOZAMBIQUE_MANICA_GONDOLA_AMATONGAS,33.81580808058416,-19.088843340895576,Mozambique,CHE,SO2
0869,0.26004744732748253,MOZAMBIQUE_MANICA_GONDOLA_CAFUMPE,33.73252675700257,-18.96598115326139,Mozambique,CHE,SO2
0870,0.0671111022222849,MOZAMBIQUE_MANICA_GONDOLA_GONDOLA,33.66706225815283,-19.067556713895804,Mozambique,CHE,SO2
0871,0.16888738106853743,MOZAMBIQUE_MANICA_GONDOLA_INCHOPE,33.855910359091254,-19.34910726017252,Mozambique,CHE,SO2
0872,0,MOZAMBIQUE_MANICA_GURO_GURO SEDE,33.28735962339221,-17.287981286704778,Mozambique,CHE,SO2
0873,0.0628867142446146,MOZAMBIQUE_MANICA_GURO_MANDIE,33.67962216440644,-16.54401479200918,Mozambique,CHE,SO2
0874,0,MOZAMBIQUE_MANICA_GURO_MUNGARI,33.54831007111624,-17.10496669776008,Mozambique,CHE,SO2
0875,0.032683173537128095,MOZAMBIQUE_MANICA_GURO_NHAMASSONGE,33.596453539786765,-16.77407345471343,Mozambique,CHE,SO2
0876,0.2618018569346977,MOZAMBIQUE_MANICA_MACATE_MACATE SEDE,33.58000277986244,-19.400692718644812,Mozambique,CHE,SO2
0877,0.22323347894740542,MOZAMBIQUE_MANICA_MACATE_ZEMBE,33.35412342370635,-19.22767890720999,Mozambique,CHE,SO2
0878,0.4025578488932397,MOZAMBIQUE_MANICA_MACHAZE_CHITOBE,33.306459347363266,-20.88553205985008,Mozambique,CHE,SO2
0879,0.15860293203517986,MOZAMBIQUE_MANICA_MACHAZE_SAVE,33.21143246815166,-21.301458761861632,Mozambique,CHE,SO2
0880,0.09846565950378082,MOZAMBIQUE_MANICA_MACOSSA_MACOSSA SEDE,33.93258269449586,-17.783133366418287,Mozambique,CHE,SO2
0881,0.04565455205152944,MOZAMBIQUE_MANICA_MACOSSA_NGUAWALA,33.639533569018866,-18.34411311077633,Mozambique,CHE,SO2
0882,0.05206526647822281,MOZAMBIQUE_MANICA_MACOSSA_NHAMAGUA,33.51483956167798,-17.75456736936627,Mozambique,CHE,SO2
0883,0.19987574804140676,MOZAMBIQUE_MANICA_MANICA_MACHIPANDA,32.85545139808637,-18.879904801552133,Mozambique,CHE,SO2
0884,0.15490693698578664,MOZAMBIQUE_MANICA_MANICA_MAVONDE,33.05466930685875,-18.601929350510918,Mozambique,CHE,SO2
0885,0.2229872750678109,MOZAMBIQUE_MANICA_MANICA_MESSICA,33.034928611751994,-19.04617280907505,Mozambique,CHE,SO2
0886,0.1430769497305317,MOZAMBIQUE_MANICA_MANICA_MUNICIPIO DE MANICA,32.87567656092327,-18.944254944375942,Mozambique,CHE,SO2
0887,0,MOZAMBIQUE_MANICA_MOSSURIZE_CHIURAIRUE,32.81274306891318,-20.739522288509274,Mozambique,CHE,SO2
0888,0,MOZAMBIQUE_MANICA_MOSSURIZE_DACATA,33.08962587563526,-20.311252884140636,Mozambique,CHE,SO2
0889,0.07177065472940627,MOZAMBIQUE_MANICA_MOSSURIZE_ESPUNGABERA,32.802896674454466,-20.52340497291208,Mozambique,CHE,SO2
0890,0.22367766833378677,MOZAMBIQUE_MANICA_SUSSUNDENGA_DOMBE,33.398614696729936,-19.90088894894896,Mozambique,CHE,SO2
0891,0.08963530756915014,MOZAMBIQUE_MANICA_SUSSUNDENGA_MUOHA,33.124555743177076,-19.350567086646706,Mozambique,CHE,SO2
0892,0.027661819599379682,MOZAMBIQUE_MANICA_SUSSUNDENGA_ROTANDA,32.98367765963056,-19.498315171914083,Mozambique,CHE,SO2
0893,0.2675853281287528,MOZAMBIQUE_MANICA_SUSSUNDENGA_SUSSUNDENGA SEDE,33.39688667188607,-19.55883675489867,Mozambique,CHE,SO2
0894,0.0018907103158901295,MOZAMBIQUE_MANICA_TAMBARA_BUZUA,34.12771071863433,-17.124856875787454,Mozambique,CHE,SO2
0895,0,MOZAMBIQUE_MANICA_TAMBARA_NHACAFULA,33.94471979664244,-16.860581221473716,Mozambique,CHE,SO2
0896,0.14952518202471465,MOZAMBIQUE_MANICA_TAMBARA_NHACOLO,34.257266964940285,-16.782606471479635,Mozambique,CHE,SO2
0897,0.32285318515441525,MOZAMBIQUE_MANICA_VANDUZI_MATSINHO,33.562813117614425,-18.856539716123457,Mozambique,CHE,SO2
0898,0.33005985154412054,MOZAMBIQUE_MANICA_VANDUZI_VANDUZI SEDE,33.26441975503835,-18.840475151767034,Mozambique,CHE,SO2
0899,0.17209345765238143,MOZAMBIQUE_MAPUTO_BOANE_BOANE,32.34035370899738,-26.08445441643418,Mozambique,CHE,SO2
0900,0.7323151055302889,MOZAMBIQUE_MAPUTO_BOANE_MATOLA RIO,32.385947237971614,-25.894018223674056,Mozambique,CHE,SO2
0901,0.8360652273868167,MOZAMBIQUE_MAPUTO_CIDADE DA MATOLA_CIDADE DA MATOLA,32.45895180757802,-25.935412363609455,Mozambique,CHE,SO2
0902,1.8633141110812301,MOZAMBIQUE_MAPUTO_CIDADE DA MATOLA_INFULENE,32.535005856471074,-25.794670956061914,Mozambique,CHE,SO2
0903,1.021265680667935,MOZAMBIQUE_MAPUTO_CIDADE DA MATOLA_MACHAVA,32.469180128394825,-25.837376960910778,Mozambique,CHE,SO2
0904,0.16357326158754926,MOZAMBIQUE_MAPUTO_MAGUDE_MAGUDE,32.61075121973975,-25.022037525237383,Mozambique,CHE,SO2
0905,0.013587793579165165,MOZAMBIQUE_MAPUTO_MAGUDE_MAHELE,32.54075600639742,-24.492112517985618,Mozambique,CHE,SO2
0906,0,MOZAMBIQUE_MAPUTO_MAGUDE_MAPULANGUENE,32.20329983157022,-24.507823782731254,Mozambique,CHE,SO2
0907,0.008373324093481765,MOZAMBIQUE_MAPUTO_MAGUDE_MOTAZE,32.709351138737226,-24.71535123184659,Mozambique,CHE,SO2
0908,1.1776215915010153e-4,MOZAMBIQUE_MAPUTO_MAGUDE_PANJANE,32.389312226449206,-24.870818989222865,Mozambique,CHE,SO2
0909,0.19965776432694346,MOZAMBIQUE_MAPUTO_MANHIÇA_3 DE FEVEREIRO,32.82054683811158,-25.208390101324238,Mozambique,CHE,SO2
0910,0.02733842166718508,MOZAMBIQUE_MAPUTO_MANHIÇA_CALANGA,33.00084214854617,-25.35071525423053,Mozambique,CHE,SO2
0911,0.018578478771694062,MOZAMBIQUE_MAPUTO_MANHIÇA_ILHA JOSINA MACHEL,32.946022649902154,-25.170914273804748,Mozambique,CHE,SO2
0912,0.11011150725368565,MOZAMBIQUE_MAPUTO_MANHIÇA_MALUANA,32.64334243048221,-25.49818169410212,Mozambique,CHE,SO2
0913,0.12869269662459948,MOZAMBIQUE_MAPUTO_MANHIÇA_MUNICÍPIO DE MANHIÇA,32.724753253319165,-25.360399766782734,Mozambique,CHE,SO2
0914,0.06364282814223876,MOZAMBIQUE_MAPUTO_MANHIÇA_XINAVANE,32.81889559595267,-25.03141860388646,Mozambique,CHE,SO2
0915,0.00875879542605091,MOZAMBIQUE_MAPUTO_MARRACUENE_MACHUBO,32.81266574227231,-25.54972386244347,Mozambique,CHE,SO2
0916,1.0175137840834123,MOZAMBIQUE_MAPUTO_MARRACUENE_MARRACUENE,32.660662063959514,-25.71381174508608,Mozambique,CHE,SO2
0917,0.01919457572270227,MOZAMBIQUE_MAPUTO_MATUTUINE_BELA VISTA,32.645581759560066,-26.45851112867402,Mozambique,CHE,SO2
0918,0.011736495869523193,MOZAMBIQUE_MAPUTO_MATUTUINE_CATEMBE M'SIME,32.53741836502509,-26.163141580325597,Mozambique,CHE,SO2
0919,0.014140161297075227,MOZAMBIQUE_MAPUTO_MATUTUINE_CATUANE,32.28250028994303,-26.662117878264368,Mozambique,CHE,SO2
0920,1.6307609327677504e-4,MOZAMBIQUE_MAPUTO_MATUTUINE_MACHANGULO,32.91305429949867,-26.21651617955071,Mozambique,CHE,SO2
0921,0.026210047783037416,MOZAMBIQUE_MAPUTO_MATUTUINE_ZITUNDO,32.66218188529151,-26.782492068760977,Mozambique,CHE,SO2
0922,0.04420059548687457,MOZAMBIQUE_MAPUTO_MOAMBA_MOAMBA,32.3326091155693,-25.499060096245582,Mozambique,CHE,SO2
0923,0.03534341842396034,MOZAMBIQUE_MAPUTO_MOAMBA_PESSENE,32.39574490260445,-25.695218912241263,Mozambique,CHE,SO2
0924,0.025835031523884652,MOZAMBIQUE_MAPUTO_MOAMBA_RESSANO GARCIA,32.06292546188341,-25.524791985906663,Mozambique,CHE,SO2
0925,0.025300972627717813,MOZAMBIQUE_MAPUTO_MOAMBA_SABIE,32.18675953290936,-25.158239910785245,Mozambique,CHE,SO2
0926,0.024543775640581217,MOZAMBIQUE_MAPUTO_NAMAACHA_CHANGALANE,32.221223944789266,-26.330019105258224,Mozambique,CHE,SO2
0927,0.19191936466580053,MOZAMBIQUE_MAPUTO_NAMAACHA_NAMAACHA,32.12662388876005,-25.9088344940042,Mozambique,CHE,SO2
0928,0.46045960679431897,MOZAMBIQUE_NAMPULA_ANGOCHE_AUBE,39.75852334490812,-16.336839936374812,Mozambique,CHE,SO2
0929,0.381056460111883,MOZAMBIQUE_NAMPULA_ANGOCHE_BOILA NAMETORIA,39.70290960696779,-16.100643339566087,Mozambique,CHE,SO2
0930,0.08064499922738286,MOZAMBIQUE_NAMPULA_ANGOCHE_CIDADE DE ANGOCHE,39.98119984744425,-16.102624069451156,Mozambique,CHE,SO2
0931,0.18755420505093007,MOZAMBIQUE_NAMPULA_ANGOCHE_NAMAPONDA,39.89454505581379,-15.89709080920383,Mozambique,CHE,SO2
0932,0.722879627608902,MOZAMBIQUE_NAMPULA_CIDADE DE NAMPULA_ANCHILO,39.346700309798294,-15.22913786136925,Mozambique,CHE,SO2
0933,0.9784544046270438,MOZAMBIQUE_NAMPULA_CIDADE DE NAMPULA_MUATALA,39.22135093911949,-15.1593659383683,Mozambique,CHE,SO2
0934,0.7253588098210391,MOZAMBIQUE_NAMPULA_CIDADE DE NAMPULA_MUHALA,39.306298419558225,-15.143595959458594,Mozambique,CHE,SO2
0935,0.21508075583318292,MOZAMBIQUE_NAMPULA_CIDADE DE NAMPULA_NAMICOPO,39.34525426178243,-15.074628282390453,Mozambique,CHE,SO2
0936,0.14459425571790335,MOZAMBIQUE_NAMPULA_CIDADE DE NAMPULA_NAPIPINE,39.25129320752563,-15.062109621505412,Mozambique,CHE,SO2
0937,0.30989962991343223,MOZAMBIQUE_NAMPULA_CIDADE DE NAMPULA_NATIKIRE,39.191184088730786,-15.102448366937157,Mozambique,CHE,SO2
0938,0.06745330512294581,MOZAMBIQUE_NAMPULA_CIDADE DE NAMPULA_URBANO CENTRAL,39.26026156001214,-15.125287189299852,Mozambique,CHE,SO2
0939,0.42059998817553007,MOZAMBIQUE_NAMPULA_ERÁTI_ALUA,39.89489894828684,-14.015072975322239,Mozambique,CHE,SO2
0940,0.586637924654169,MOZAMBIQUE_NAMPULA_ERÁTI_NAMAPA SEDE,39.89264212180842,-13.722799866022642,Mozambique,CHE,SO2
0941,0.1381602257837047,MOZAMBIQUE_NAMPULA_ERÁTI_NAMIROA,39.437336879824,-14.089576975293262,Mozambique,CHE,SO2
0942,0.05303229519420071,MOZAMBIQUE_NAMPULA_ILHA DE MOÇAMBIQUE_ILHA DE MOÇAMBIQUE,40.67676981409689,-15.059117781685298,Mozambique,CHE,SO2
0943,0.06278607783017832,MOZAMBIQUE_NAMPULA_ILHA DE MOÇAMBIQUE_LUMBO,40.593069155304626,-15.048959749366846,Mozambique,CHE,SO2
0944,0.24188162653664722,MOZAMBIQUE_NAMPULA_LALAUA_LALAUA,38.27740706902064,-14.383261448419889,Mozambique,CHE,SO2
0945,0.03816669067753191,MOZAMBIQUE_NAMPULA_LALAUA_METI,37.86423737401499,-14.530463178154468,Mozambique,CHE,SO2
0946,0.19426190862405918,MOZAMBIQUE_NAMPULA_LARDE_LARDE,39.589862180815906,-16.482975798802265,Mozambique,CHE,SO2
0947,0.08537203317572362,MOZAMBIQUE_NAMPULA_LARDE_MUCUALI,39.41790695893417,-16.287090861188318,Mozambique,CHE,SO2
0948,0.1749826373792448,MOZAMBIQUE_NAMPULA_LIÚPO_LIÚPO,39.94138165076237,-15.619173498171499,Mozambique,CHE,SO2
0949,0.2163883656297181,MOZAMBIQUE_NAMPULA_LIÚPO_QUINGA,40.157694999874806,-15.780114581820921,Mozambique,CHE,SO2
0950,0.0529841326077348,MOZAMBIQUE_NAMPULA_MALEMA_CHILULO,37.49996661674137,-14.582880564434472,Mozambique,CHE,SO2
0951,0.5122848296119397,MOZAMBIQUE_NAMPULA_MALEMA_MALEMA/CANHUNHA,37.573319940795386,-14.919357085909676,Mozambique,CHE,SO2
0952,0.2622650672574555,MOZAMBIQUE_NAMPULA_MALEMA_MUTUALI,37.081432441192284,-14.83921892153854,Mozambique,CHE,SO2
0953,0.06685575645546188,MOZAMBIQUE_NAMPULA_MECONTA_7 DE ABRIL,39.7199341583495,-15.117491589999613,Mozambique,CHE,SO2
0954,0.2799352424282878,MOZAMBIQUE_NAMPULA_MECONTA_CORRANE,39.54876435760044,-15.421969554300855,Mozambique,CHE,SO2
0955,0.06612964602214884,MOZAMBIQUE_NAMPULA_MECONTA_MECONTA,39.82355388116307,-15.033425935687111,Mozambique,CHE,SO2
0956,0.26184912349868933,MOZAMBIQUE_NAMPULA_MECONTA_NAMIALO,39.94047851888918,-14.94333164575556,Mozambique,CHE,SO2
0957,0.3733382072088588,MOZAMBIQUE_NAMPULA_MECUBÚRI_MECUBÚRI,38.91630435171187,-14.607000995672898,Mozambique,CHE,SO2
0958,0.05103579307253047,MOZAMBIQUE_NAMPULA_MECUBÚRI_MILHANA,39.127654237397486,-14.281829730798503,Mozambique,CHE,SO2
0959,0.18383815465710593,MOZAMBIQUE_NAMPULA_MECUBÚRI_MUITE,38.88511350311829,-14.17769262196541,Mozambique,CHE,SO2
0960,0.1126344355225323,MOZAMBIQUE_NAMPULA_MECUBÚRI_NANIMA,38.617221520409196,-14.762009037141098,Mozambique,CHE,SO2
0961,0.1346048038331152,MOZAMBIQUE_NAMPULA_MEMBA_CHIPENE,40.29531026163154,-13.784944312169863,Mozambique,CHE,SO2
0962,0.08082974440814321,MOZAMBIQUE_NAMPULA_MEMBA_LURIO,40.42969149388564,-13.60745895695087,Mozambique,CHE,SO2
0963,0.28519162753864646,MOZAMBIQUE_NAMPULA_MEMBA_MAZUA,40.34452950636614,-13.975095364086036,Mozambique,CHE,SO2
0964,0.40623862323708526,MOZAMBIQUE_NAMPULA_MEMBA_MEMBA,40.48276911284229,-14.242242078752795,Mozambique,CHE,SO2
0965,0.04268854081986676,MOZAMBIQUE_NAMPULA_MOGINCUAL_NAMINGE,40.30844201844057,-15.56760468837137,Mozambique,CHE,SO2
0966,0.11645350922443429,MOZAMBIQUE_NAMPULA_MOGINCUAL_QUIXAXE,40.05536393377276,-15.321131966629133,Mozambique,CHE,SO2
0967,0.11730089342081124,MOZAMBIQUE_NAMPULA_MOGOVOLAS_CALIPO,39.058913588331414,-15.530947657322523,Mozambique,CHE,SO2
0968,0.4734001487671437,MOZAMBIQUE_NAMPULA_MOGOVOLAS_ILUTE,39.04192013771539,-15.797541445237854,Mozambique,CHE,SO2
0969,0.18938715822925042,MOZAMBIQUE_NAMPULA_MOGOVOLAS_MUATUA,39.66247406833886,-15.748169028736038,Mozambique,CHE,SO2
0970,0.5637964787272192,MOZAMBIQUE_NAMPULA_MOGOVOLAS_NAMETIL SEDE,39.38310472440292,-15.732437675168812,Mozambique,CHE,SO2
0971,0.2184933155638698,MOZAMBIQUE_NAMPULA_MOGOVOLAS_NANHUPO RIO,39.48451889216197,-15.93529808811821,Mozambique,CHE,SO2
0972,0.36049853639615226,MOZAMBIQUE_NAMPULA_MOMA_CHALAUA,39.136312137632906,-16.068904552909896,Mozambique,CHE,SO2
0973,0.6689225150217003,MOZAMBIQUE_NAMPULA_MOMA_MACONE SEDE,39.18460905278941,-16.514079368820905,Mozambique,CHE,SO2
0974,0.158995691522479,MOZAMBIQUE_NAMPULA_MONAPO_ITUCULO,40.24618932007347,-14.64048511059819,Mozambique,CHE,SO2
0975,0.6676092814401963,MOZAMBIQUE_NAMPULA_MONAPO_MONAPO SEDE,40.137517062624255,-15.018378371016844,Mozambique,CHE,SO2
0976,0.6545006281564627,MOZAMBIQUE_NAMPULA_MONAPO_NETIA,39.995063284132854,-14.706425832874704,Mozambique,CHE,SO2
0977,0.07564758871204474,MOZAMBIQUE_NAMPULA_MOSSURIL_LUNGA,40.43246793584781,-15.262329440298691,Mozambique,CHE,SO2
0978,0.11129213964082214,MOZAMBIQUE_NAMPULA_MOSSURIL_MATIBANE,40.72180005361815,-14.737223520198267,Mozambique,CHE,SO2
0979,0.16364033577105033,MOZAMBIQUE_NAMPULA_MOSSURIL_MOSSURIL SEDE,40.51219848506181,-14.903379159287029,Mozambique,CHE,SO2
0980,0.17268925836375595,MOZAMBIQUE_NAMPULA_MUECATE_IMALA,39.45961702371391,-14.506131562026775,Mozambique,CHE,SO2
0981,0.07245330729246661,MOZAMBIQUE_NAMPULA_MUECATE_MUCOLUANE,39.346844589295436,-14.772718872651845,Mozambique,CHE,SO2
0982,0.38012872604456166,MOZAMBIQUE_NAMPULA_MUECATE_MUECATE,39.674472160839436,-14.750405729993048,Mozambique,CHE,SO2
0983,0.09496417586048958,MOZAMBIQUE_NAMPULA_MURRUPULA_CHINGA,38.63575073821358,-15.171362107258943,Mozambique,CHE,SO2
0984,0.584707158152704,MOZAMBIQUE_NAMPULA_MURRUPULA_MURRUPULA,38.65453769328181,-15.40126150281662,Mozambique,CHE,SO2
0985,0.08955648404906391,MOZAMBIQUE_NAMPULA_MURRUPULA_NIHESSIUE,38.705843526253894,-15.632443438924252,Mozambique,CHE,SO2
0986,0.10035614080207535,MOZAMBIQUE_NAMPULA_NACALA-A-VELHA_COVO,40.369538959835154,-14.497710962103438,Mozambique,CHE,SO2
0987,0.4037224014650755,MOZAMBIQUE_NAMPULA_NACALA-A-VELHA_NACALA-A-VELHA,40.519787648403145,-14.585074942847683,Mozambique,CHE,SO2
0988,0.24533928698274343,MOZAMBIQUE_NAMPULA_NACALA-PORTO_MUANONA,40.65231715877891,-14.62078918917591,Mozambique,CHE,SO2
0989,0.30176132000287054,MOZAMBIQUE_NAMPULA_NACALA-PORTO_MUTIVA,40.74125943838887,-14.510895004706317,Mozambique,CHE,SO2
0990,0.07609009965180359,MOZAMBIQUE_NAMPULA_NACARÔA_INTETE,40.18830219819722,-14.339300888601866,Mozambique,CHE,SO2
0991,0.2941671138067824,MOZAMBIQUE_NAMPULA_NACARÔA_NACARÔA,39.93302344885562,-14.403489324317396,Mozambique,CHE,SO2
0992,0.047885026304415705,MOZAMBIQUE_NAMPULA_NACARÔA_SAUA-SAUA,39.70222666069944,-14.278122143645904,Mozambique,CHE,SO2
0993,0.10978959541395991,MOZAMBIQUE_NAMPULA_RAPALE_MUTIVAZE,38.86687949184624,-15.018807059185013,Mozambique,CHE,SO2
0994,0.37096109182522774,MOZAMBIQUE_NAMPULA_RAPALE_NAMAITA,38.99863263319021,-15.219861952374297,Mozambique,CHE,SO2
0995,0.33046695079513283,MOZAMBIQUE_NAMPULA_RAPALE_RAPALE,39.16149044871234,-14.974807379007945,Mozambique,CHE,SO2
0996,0.17067607219373007,MOZAMBIQUE_NAMPULA_RIBÁUÈ_CUNLE,38.27686663788419,-15.228219850470028,Mozambique,CHE,SO2
0997,0.4468656031012726,MOZAMBIQUE_NAMPULA_RIBÁUÈ_IAPALA,37.96696312231578,-14.993085543848041,Mozambique,CHE,SO2
0998,0.47367758209615474,MOZAMBIQUE_NAMPULA_RIBÁUÈ_RIBÁUÈ,38.41380839889487,-14.881044564938612,Mozambique,CHE,SO2
0999,0.5058857690210286,MOZAMBIQUE_NIASSA_CHIMBONILA_CHIMBONILA,35.408928981746264,-13.368174436939729,Mozambique,CHE,SO2
1000,0.15350659967421346,MOZAMBIQUE_NIASSA_CHIMBONILA_LIONE,35.129139572126896,-13.602588135727931,Mozambique,CHE,SO2
1001,0.02094382028166716,MOZAMBIQUE_NIASSA_CHIMBONILA_MEPONDA,34.91488092078617,-13.29985997149095,Mozambique,CHE,SO2
1002,0.7048864448899893,MOZAMBIQUE_NIASSA_CIDADE DE LICHINGA_CIDADE DE LICHINGA,35.24558878755181,-13.298038006470582,Mozambique,CHE,SO2
1003,0.6041333381036951,MOZAMBIQUE_NIASSA_CUAMBA_CIDADE DE CUAMBA,36.43225300678852,-14.65151757200614,Mozambique,CHE,SO2
1004,0.22422743758956065,MOZAMBIQUE_NIASSA_CUAMBA_ETATARA,36.50604736569097,-15.067722646032196,Mozambique,CHE,SO2
1005,0.008743963314125696,MOZAMBIQUE_NIASSA_CUAMBA_LÚRIO,36.74388384413436,-14.643139941997887,Mozambique,CHE,SO2
1006,0,MOZAMBIQUE_NIASSA_CUAMBA_MEPICA,36.27342275841742,-14.590957907953893,Mozambique,CHE,SO2
1007,0.04925068187558854,MOZAMBIQUE_NIASSA_LAGO_CÓBUE,35.0221799648129,-11.988797384472345,Mozambique,CHE,SO2
1008,0.01777743377050211,MOZAMBIQUE_NIASSA_LAGO_LUNHO,34.93957981389291,-12.442879629662482,Mozambique,CHE,SO2
1009,0.10884125782908302,MOZAMBIQUE_NIASSA_LAGO_MANIAMBA,35.03282976741832,-12.708593517824148,Mozambique,CHE,SO2
1010,0.029272968831482664,MOZAMBIQUE_NIASSA_LAGO_MELULUCA,34.858334813639914,-12.908685961985746,Mozambique,CHE,SO2
1011,0.2205821712311675,MOZAMBIQUE_NIASSA_LAGO_METANGULA,34.86215758962762,-12.665576315058521,Mozambique,CHE,SO2
1012,0.11051770205677111,MOZAMBIQUE_NIASSA_MAJUNE_MALANGA,36.33165472317088,-13.08401614787644,Mozambique,CHE,SO2
1013,0.008670051359146303,MOZAMBIQUE_NIASSA_MAJUNE_MUAQUIA,36.67128728604254,-13.41002543814736,Mozambique,CHE,SO2
1014,0.03044986614870213,MOZAMBIQUE_NIASSA_MAJUNE_NAIRRUBI,36.15642160714719,-13.643230834070724,Mozambique,CHE,SO2
1015,0.5069533093244252,MOZAMBIQUE_NIASSA_MANDIMBA_LISSIETE,35.73028508291114,-14.332441674005302,Mozambique,CHE,SO2
1016,0.18202225155305957,MOZAMBIQUE_NIASSA_MANDIMBA_MITANDE,35.98013612645266,-14.147764062736895,Mozambique,CHE,SO2
1017,0.022443248638049668,MOZAMBIQUE_NIASSA_MARRUPA_MARRANGIRA,37.72889340449302,-12.68953895503554,Mozambique,CHE,SO2
1018,0.2308500574328283,MOZAMBIQUE_NIASSA_MARRUPA_MARRUPA SEDE,37.19633769132261,-13.146463272129202,Mozambique,CHE,SO2
1019,0.028827601081190545,MOZAMBIQUE_NIASSA_MARRUPA_NUNGO,37.81925447353719,-13.478328866752053,Mozambique,CHE,SO2
1020,0.035049543233448416,MOZAMBIQUE_NIASSA_MAÚA_MAIACA,37.3005706489584,-14.114170204450419,Mozambique,CHE,SO2
1021,0.2007903387084023,MOZAMBIQUE_NIASSA_MAÚA_MAÚA,36.95858875508161,-13.837399370259327,Mozambique,CHE,SO2
1022,0.10085212811604513,MOZAMBIQUE_NIASSA_MAVAGO_MAVAGO SEDE,36.182550803240666,-12.258018044524356,Mozambique,CHE,SO2
1023,0.010913660445274882,MOZAMBIQUE_NIASSA_MAVAGO_MSAWIZE,36.597826594641965,-12.217689955331863,Mozambique,CHE,SO2
1024,0.09164513317662809,MOZAMBIQUE_NIASSA_MECANHELAS_CHIUTA,36.08847717751292,-14.74364623777168,Mozambique,CHE,SO2
1025,0.789466491670926,MOZAMBIQUE_NIASSA_MECANHELAS_INSACA,36.06761006964796,-15.20035211382043,Mozambique,CHE,SO2
1026,0.0045574825643238635,MOZAMBIQUE_NIASSA_MECULA_MATONDOVELA,37.1193193013008,-12.085419283276117,Mozambique,CHE,SO2
1027,0.05000018723391752,MOZAMBIQUE_NIASSA_MECULA_MECULA SEDE,37.94951162557012,-11.849337861322065,Mozambique,CHE,SO2
1028,0.044470328321513236,MOZAMBIQUE_NIASSA_METARICA_NACUMUA,37.16022891434504,-14.413133439925444,Mozambique,CHE,SO2
1029,0.11014763772081043,MOZAMBIQUE_NIASSA_METARICA_NAMICUNDI,36.60578243101672,-14.246532016438536,Mozambique,CHE,SO2
1030,0.11043823714172027,MOZAMBIQUE_NIASSA_MUEMBE_CHICONONO,35.825200631872406,-12.703703422754193,Mozambique,CHE,SO2
1031,0.07870487763114409,MOZAMBIQUE_NIASSA_MUEMBE_MUEMBE,35.78045415030022,-13.116180648877394,Mozambique,CHE,SO2
1032,0.04346827790078331,MOZAMBIQUE_NIASSA_NGAUMA_ITEPELA,35.72513460549021,-13.747122663104934,Mozambique,CHE,SO2
1033,0.36037288177310906,MOZAMBIQUE_NIASSA_NGAUMA_MASSANGULO,35.43617637765224,-13.89029757440695,Mozambique,CHE,SO2
1034,0.0010517965794375442,MOZAMBIQUE_NIASSA_NIPEPE_MULUCO,38.03235704715008,-13.729080948075778,Mozambique,CHE,SO2
1035,0.16665881349848563,MOZAMBIQUE_NIASSA_NIPEPE_NIPEPE SEDE,37.868200779972554,-14.05769630156578,Mozambique,CHE,SO2
1036,0.15327697031495702,MOZAMBIQUE_NIASSA_SANGA_LUSSIMBESSE,35.17879893805198,-13.045539587648593,Mozambique,CHE,SO2
1037,0.06815982602836791,MOZAMBIQUE_NIASSA_SANGA_MACALOGE,35.50896840865773,-12.2274899473508,Mozambique,CHE,SO2
1038,0.002846600165525048,MOZAMBIQUE_NIASSA_SANGA_MATCHEDJE,35.75189053128633,-11.753298058450781,Mozambique,CHE,SO2
1039,0.061128093773547595,MOZAMBIQUE_NIASSA_SANGA_UNANGO,35.34018877756437,-12.783844219315524,Mozambique,CHE,SO2
1040,0.43481045190229267,MOZAMBIQUE_SOFALA_BÚZI_BÚZI SEDE,34.36044794827508,-19.819912163773225,Mozambique,CHE,SO2
1041,0.16225328013224052,MOZAMBIQUE_SOFALA_BÚZI_ESTAQUINHA,34.16777219776005,-20.149116281359227,Mozambique,CHE,SO2
1042,0.05747127559091399,MOZAMBIQUE_SOFALA_BÚZI_NOVA SOFALA,34.51923951284964,-20.29614767325403,Mozambique,CHE,SO2
1043,0.20476790260837466,MOZAMBIQUE_SOFALA_CAIA_CAIA SEDE,35.01870022079462,-17.9131888576579,Mozambique,CHE,SO2
1044,0,MOZAMBIQUE_SOFALA_CAIA_MURRACA,35.043543737221526,-17.704599519075483,Mozambique,CHE,SO2
1045,0.26508320097700533,MOZAMBIQUE_SOFALA_CAIA_SENA,34.958614543889205,-17.545518104260157,Mozambique,CHE,SO2
1046,0.11999776948671631,MOZAMBIQUE_SOFALA_CHEMBA_CHEMBA,34.796784909165844,-17.161346900583574,Mozambique,CHE,SO2
1047,0.027598343629867832,MOZAMBIQUE_SOFALA_CHEMBA_CHIRAMBA,34.46911953038281,-17.053102795299342,Mozambique,CHE,SO2
1048,0,MOZAMBIQUE_SOFALA_CHEMBA_MULIMA,34.63667292129747,-17.357412370668445,Mozambique,CHE,SO2
1049,0.145465608125905,MOZAMBIQUE_SOFALA_CHERINGOMA_INHAMINGA,35.225847778954645,-18.633629386192386,Mozambique,CHE,SO2
1050,0.06545533856696699,MOZAMBIQUE_SOFALA_CHERINGOMA_INHAMITANGA,35.21803732270835,-18.19602497310624,Mozambique,CHE,SO2
1051,0.05249655680544629,MOZAMBIQUE_SOFALA_CHIBABAVA_CHIBABAVA,33.625822885571004,-20.32409844006914,Mozambique,CHE,SO2
1052,0.15475431069713172,MOZAMBIQUE_SOFALA_CHIBABAVA_GOONDA SEDE,33.78093779690099,-20.00140681012032,Mozambique,CHE,SO2
1053,0.35500338225750144,MOZAMBIQUE_SOFALA_CHIBABAVA_MUXUNGUE,34.00746860191191,-20.588553113130725,Mozambique,CHE,SO2
1054,0.1758460789442732,MOZAMBIQUE_SOFALA_CIDADE DA BEIRA_CHIVEVE,34.85910823293791,-19.837591338553143,Mozambique,CHE,SO2
1055,0.08829640246599041,MOZAMBIQUE_SOFALA_CIDADE DA BEIRA_MANGA LAFORTE,34.91731660730856,-19.78865079306362,Mozambique,CHE,SO2
1056,0.26774350624936294,MOZAMBIQUE_SOFALA_CIDADE DA BEIRA_MUNHAVA,34.87242987491962,-19.81345968978157,Mozambique,CHE,SO2
1057,0.10313169195198633,MOZAMBIQUE_SOFALA_CIDADE DA BEIRA_NHANGAU,34.98285843795014,-19.693063426738647,Mozambique,CHE,SO2
1058,0.4017393082612147,MOZAMBIQUE_SOFALA_DONDO_CIDADE DE DONDO,34.813763994435696,-19.59912984557761,Mozambique,CHE,SO2
1059,0.2034889487183359,MOZAMBIQUE_SOFALA_DONDO_MAFAMBISSE,34.6172248295846,-19.41411670725845,Mozambique,CHE,SO2
1060,0.002273425838561721,MOZAMBIQUE_SOFALA_DONDO_SAVANE,34.99777842679284,-19.497504876595226,Mozambique,CHE,SO2
1061,0.35978216616325426,MOZAMBIQUE_SOFALA_GORONGOSA_CANDA,33.9411113462195,-18.5269605629544,Mozambique,CHE,SO2
1062,0.16627346802755075,MOZAMBIQUE_SOFALA_GORONGOSA_GORONGOSA,34.32971484173921,-18.78446107770377,Mozambique,CHE,SO2
1063,0.10248896607436175,MOZAMBIQUE_SOFALA_GORONGOSA_VUNDUZI,34.343011287797125,-18.424602841983976,Mozambique,CHE,SO2
1064,1.283246578027229e-4,MOZAMBIQUE_SOFALA_MACHANGA_CHILOANE,34.92828212630066,-20.64925660347249,Mozambique,CHE,SO2
1065,0.027296690010431397,MOZAMBIQUE_SOFALA_MACHANGA_DIVINHE,34.674247443709874,-20.722876694861167,Mozambique,CHE,SO2
1066,0.11279310155998777,MOZAMBIQUE_SOFALA_MACHANGA_MACHANGA,34.442424245334195,-21.012616087372496,Mozambique,CHE,SO2
1067,0.09906069076604436,MOZAMBIQUE_SOFALA_MARÍNGUÈ_CANXIXE,34.37321686017075,-17.493505870047716,Mozambique,CHE,SO2
1068,0.20422001821458927,MOZAMBIQUE_SOFALA_MARÍNGUÈ_MARÍNGUÈ SEDE,34.485093419015286,-17.81780849718521,Mozambique,CHE,SO2
1069,0.0702002786935435,MOZAMBIQUE_SOFALA_MARÍNGUÈ_SUBUE,34.568189920354946,-18.170574357241573,Mozambique,CHE,SO2
1070,0.34615908382484284,MOZAMBIQUE_SOFALA_MARROMEU_CHUPANGA,35.53979136875223,-18.153606344651298,Mozambique,CHE,SO2
1071,0.26076599168167097,MOZAMBIQUE_SOFALA_MARROMEU_MARROMEU,35.850161288958624,-18.569407020896904,Mozambique,CHE,SO2
1072,0.05261846622132196,MOZAMBIQUE_SOFALA_MUANZA_GALINHA,35.16349786444109,-19.124539501625424,Mozambique,CHE,SO2
1073,0.029893226828978086,MOZAMBIQUE_SOFALA_MUANZA_MUANZA,34.678605858109435,-18.938987307842137,Mozambique,CHE,SO2
1074,0.9290201099351627,MOZAMBIQUE_SOFALA_NHAMATANDA_NHAMATANDA,34.133897175511564,-19.33606727775627,Mozambique,CHE,SO2
1075,0.30316832552121337,MOZAMBIQUE_SOFALA_NHAMATANDA_TICA,34.40940265650747,-19.335470302125614,Mozambique,CHE,SO2
1076,0.7823379153020855,MOZAMBIQUE_TETE_ANGÓNIA_DOMUE,34.06227681421749,-14.699140503078468,Mozambique,CHE,SO2
1077,0.4274714103991632,MOZAMBIQUE_TETE_ANGÓNIA_ULONGUE,34.349106886594804,-14.631151521449059,Mozambique,CHE,SO2
1078,0.029541001424456922,MOZAMBIQUE_TETE_CAHORA BASSA_CHINTHOLO,32.430533039546916,-16.216233615153374,Mozambique,CHE,SO2
1079,0.29446612740210726,MOZAMBIQUE_TETE_CAHORA BASSA_CHITIMA,32.56262609101031,-15.785800626605736,Mozambique,CHE,SO2
1080,0.1309972968260997,MOZAMBIQUE_TETE_CAHORA BASSA_SONGO,32.85012635482207,-15.642404356099279,Mozambique,CHE,SO2
1081,0.23777678781106595,MOZAMBIQUE_TETE_CHANGARA_CHIOCO,33.14018587060284,-16.42341231628667,Mozambique,CHE,SO2
1082,0.11376450708342614,MOZAMBIQUE_TETE_CHANGARA_LUENHA,33.11909292885668,-16.867569202571328,Mozambique,CHE,SO2
1083,0.11012831044513924,MOZAMBIQUE_TETE_CHIFUNDE_CHIFUNDE,32.92346063358836,-14.975687318128626,Mozambique,CHE,SO2
1084,0.9634588775434894,MOZAMBIQUE_TETE_CHIFUNDE_MUALADZI,32.96393250347011,-14.33950073375169,Mozambique,CHE,SO2
1085,0.06910722224787584,MOZAMBIQUE_TETE_CHIFUNDE_NSADZO,32.51914214687114,-14.524178249655883,Mozambique,CHE,SO2
1086,0.05873460642879597,MOZAMBIQUE_TETE_CHIÚTA_KAZULA,33.72636156193938,-15.477753515522302,Mozambique,CHE,SO2
1087,0.33322215574308195,MOZAMBIQUE_TETE_CHIÚTA_MANJE,33.25470436942447,-15.466819453220635,Mozambique,CHE,SO2
1088,0.6697189467622938,MOZAMBIQUE_TETE_CIDADE DE TETE_CIDADE DE TETE,33.5668919310786,-16.139469255826608,Mozambique,CHE,SO2
1089,0.6628692925841149,MOZAMBIQUE_TETE_DÔA_DÔA,34.51760621797523,-16.598152740102016,Mozambique,CHE,SO2
1090,0.2459955613970651,MOZAMBIQUE_TETE_MACANGA_CHIDZOLOMONDO,33.35197753831337,-14.918724310435108,Mozambique,CHE,SO2
1091,0.6796934431697297,MOZAMBIQUE_TETE_MACANGA_FURANCUNGO,33.59727820804702,-14.761837402785105,Mozambique,CHE,SO2
1092,0,MOZAMBIQUE_TETE_MÁGOÈ_CHINTHOPO,30.78042037609181,-15.830563886420572,Mozambique,CHE,SO2
1093,0.06302687686317039,MOZAMBIQUE_TETE_MÁGOÈ_MPHENDE,31.891504022092988,-15.845371567366845,Mozambique,CHE,SO2
1094,0.22721362825841074,MOZAMBIQUE_TETE_MÁGOÈ_MUCUMBURA,31.574958142664922,-15.994013693857134,Mozambique,CHE,SO2
1095,0.28236473768907017,MOZAMBIQUE_TETE_MARARA_MARARA,33.1767871500584,-16.057806017371547,Mozambique,CHE,SO2
1096,0.08081796327694277,MOZAMBIQUE_TETE_MARÁVIA_CHIPERA,32.4829526094224,-15.434262338278346,Mozambique,CHE,SO2
1097,0.03778264174486909,MOZAMBIQUE_TETE_MARÁVIA_CHIPUTO,32.35344851188519,-15.03500771920889,Mozambique,CHE,SO2
1098,0.11363933102034945,MOZAMBIQUE_TETE_MARÁVIA_FINGOE,31.820992594832912,-15.343028415557255,Mozambique,CHE,SO2
1099,0.36894557818230145,MOZAMBIQUE_TETE_MARÁVIA_MALOWERA,31.85357215677831,-14.713623464787132,Mozambique,CHE,SO2
1100,0.16882107515252076,MOZAMBIQUE_TETE_MOATIZE_KAMBULATSITSI,34.20055460887969,-16.077264075157483,Mozambique,CHE,SO2
1101,0.6240104720929465,MOZAMBIQUE_TETE_MOATIZE_MOATIZE,33.83033269026306,-16.159543586050585,Mozambique,CHE,SO2
1102,0.45748719661176107,MOZAMBIQUE_TETE_MOATIZE_ZOBUE,34.11068253295919,-15.64316936974153,Mozambique,CHE,SO2
1103,0,MOZAMBIQUE_TETE_MUTARARA_CHARRE,35.188552287821736,-17.238598593622232,Mozambique,CHE,SO2
1104,0.39654549232740627,MOZAMBIQUE_TETE_MUTARARA_INHANGOMA,35.23245595498249,-17.507231579651293,Mozambique,CHE,SO2
1105,0.1038115385190488,MOZAMBIQUE_TETE_MUTARARA_NHAMAYABUE,35.003122661755604,-17.054371243733755,Mozambique,CHE,SO2
1106,0.5982552695900463,MOZAMBIQUE_TETE_TSANGANO_NTENGO-WAMBALAME,34.41780906847001,-14.917178859746276,Mozambique,CHE,SO2
1107,0.297272897431767,MOZAMBIQUE_TETE_TSANGANO_TSANGANO,34.29919561554582,-15.250900940934416,Mozambique,CHE,SO2
1108,0,MOZAMBIQUE_TETE_ZUMBO_MUZE,31.19697252624993,-15.017374487026439,Mozambique,CHE,SO2
1109,1.541047943552589,MOZAMBIQUE_TETE_ZUMBO_ZAMBUE,30.627783948317607,-15.080209177689394,Mozambique,CHE,SO2
1110,0,MOZAMBIQUE_TETE_ZUMBO_ZUMBO,30.98718853424653,-15.492944910698794,Mozambique,CHE,SO2
1111,0.5588948967162348,MOZAMBIQUE_ZAMBÉZIA_ALTO MOLÓCUÈ_ALTO MOLÓCUÈ SEDE,37.75169980366362,-15.82968886527511,Mozambique,CHE,SO2
1112,0.9936267404429929,MOZAMBIQUE_ZAMBÉZIA_ALTO MOLÓCUÈ_NAUELA,37.535152030135166,-15.39189561707578,Mozambique,CHE,SO2
1113,0.05193346098318594,MOZAMBIQUE_ZAMBÉZIA_CHINDE_CHINDE SEDE,36.270548844123184,-18.688008655189545,Mozambique,CHE,SO2
1114,0.14921374828980227,MOZAMBIQUE_ZAMBÉZIA_CHINDE_MICAUNE,36.474996279882056,-18.29299927576296,Mozambique,CHE,SO2
1115,0.07272455274244181,MOZAMBIQUE_ZAMBÉZIA_DERRE_GUERISSA,36.07517658059888,-17.391883949116988,Mozambique,CHE,SO2
1116,0.29863587496539995,MOZAMBIQUE_ZAMBÉZIA_DERRE_MACHINDO,36.14501762444021,-17.028813436740112,Mozambique,CHE,SO2
1117,0.2796003344770741,MOZAMBIQUE_ZAMBÉZIA_GILÉ_ALTO LIGONHA,38.32552055604672,-15.659236148992102,Mozambique,CHE,SO2
1118,0.6100318732101208,MOZAMBIQUE_ZAMBÉZIA_GILÉ_GILÉ,38.2910835056982,-16.135614998196157,Mozambique,CHE,SO2
1119,0.9371708354646302,MOZAMBIQUE_ZAMBÉZIA_GURUÈ_CIDADE DE GURUÈ,36.97092700344254,-15.416132819173738,Mozambique,CHE,SO2
1120,0.768545787636746,MOZAMBIQUE_ZAMBÉZIA_GURUÈ_LIOMA,36.85133659882104,-15.21304720853839,Mozambique,CHE,SO2
1121,0.3026469509456096,MOZAMBIQUE_ZAMBÉZIA_GURUÈ_MEPUAGIUA,37.13396038762665,-15.585338686929129,Mozambique,CHE,SO2
1122,0.723376768872946,MOZAMBIQUE_ZAMBÉZIA_ILE_ILE,37.33517260666365,-16.094439327573667,Mozambique,CHE,SO2
1123,0.2454936254558986,MOZAMBIQUE_ZAMBÉZIA_ILE_SOCONE,37.24742867277951,-15.78891794152016,Mozambique,CHE,SO2
1124,0.08447838597568945,MOZAMBIQUE_ZAMBÉZIA_INHASSUNGE_GONHANE,36.76819719164744,-18.129199806980733,Mozambique,CHE,SO2
1125,0.17422750452727898,MOZAMBIQUE_ZAMBÉZIA_INHASSUNGE_MUCUPIA,36.82679627550589,-18.02052955876717,Mozambique,CHE,SO2
1126,0.2971898956351389,MOZAMBIQUE_ZAMBÉZIA_LUABO_CHIMBADZO,35.97977141123299,-18.196016220231943,Mozambique,CHE,SO2
1127,0.059130096021633306,MOZAMBIQUE_ZAMBÉZIA_LUABO_SAMORA MACHEL,36.18071023228471,-18.394390454565023,Mozambique,CHE,SO2
1128,0.2114739588332825,MOZAMBIQUE_ZAMBÉZIA_LUGELA_LUGELA SEDE,36.792817501899684,-16.327386357024547,Mozambique,CHE,SO2
1129,0.20251026319233328,MOZAMBIQUE_ZAMBÉZIA_LUGELA_MUABANAMA,36.47880843926437,-16.107038995469004,Mozambique,CHE,SO2
1130,0.19702156501064763,MOZAMBIQUE_ZAMBÉZIA_LUGELA_MUNHAMADE,36.953559162628835,-16.485068132775538,Mozambique,CHE,SO2
1131,0.18052207324084135,MOZAMBIQUE_ZAMBÉZIA_LUGELA_TACUANE,36.46670382747136,-16.401970766492536,Mozambique,CHE,SO2
1132,0.4988006931157284,MOZAMBIQUE_ZAMBÉZIA_MAGANJA DA COSTA_MAGANJA DA COSTA,37.557492419314904,-17.31794215732248,Mozambique,CHE,SO2
1133,0.27965342514988173,MOZAMBIQUE_ZAMBÉZIA_MAGANJA DA COSTA_NANTE,37.278741977984176,-17.32317306931781,Mozambique,CHE,SO2
1134,0.15859364831053302,MOZAMBIQUE_ZAMBÉZIA_MILANGE_MAJAUA,35.436624982155294,-16.253643814284985,Mozambique,CHE,SO2
1135,0.7914238443847353,MOZAMBIQUE_ZAMBÉZIA_MILANGE_MILANGE SEDE,35.963973872998274,-16.234450769061095,Mozambique,CHE,SO2
1136,0.5165834780925892,MOZAMBIQUE_ZAMBÉZIA_MILANGE_MONGUE,35.65648738221003,-16.442722119703557,Mozambique,CHE,SO2
1137,0.8487698235246105,MOZAMBIQUE_ZAMBÉZIA_MOCUBA_CIDADE DE MOCUBA,36.92085203297691,-17.018379997773273,Mozambique,CHE,SO2
1138,0.40030287130845654,MOZAMBIQUE_ZAMBÉZIA_MOCUBA_MUGEBA,37.29714017190822,-16.637901594506356,Mozambique,CHE,SO2
1139,0.2508526474270172,MOZAMBIQUE_ZAMBÉZIA_MOCUBA_NAMANJAVIRA,36.48988287703119,-16.806628981302676,Mozambique,CHE,SO2
1140,0.2500698599243056,MOZAMBIQUE_ZAMBÉZIA_MOCUBELA_BAJONE,37.895522331552115,-17.22544194310728,Mozambique,CHE,SO2
1141,0.19021479270982602,MOZAMBIQUE_ZAMBÉZIA_MOCUBELA_MOCUBELA,37.68028351815039,-16.88555041335021,Mozambique,CHE,SO2
1142,0.020806010294579434,MOZAMBIQUE_ZAMBÉZIA_MOLUMBO_CORROMANA,36.05791686767938,-15.749566179759793,Mozambique,CHE,SO2
1143,0.29167843882571864,MOZAMBIQUE_ZAMBÉZIA_MOLUMBO_MOLUMBO SEDE,36.32068964426865,-15.602898065813545,Mozambique,CHE,SO2
1144,0.2283664522711931,MOZAMBIQUE_ZAMBÉZIA_MOPEIA_CAMPO,36.34626125703182,-17.82259550049933,Mozambique,CHE,SO2
1145,0.5984714838451419,MOZAMBIQUE_ZAMBÉZIA_MOPEIA_MOPEIA SEDE,35.80351735470755,-17.841703764849772,Mozambique,CHE,SO2
1146,0.15954943804547328,MOZAMBIQUE_ZAMBÉZIA_MORRUMBALA_CHIRE,35.53140807640189,-16.71068394183522,Mozambique,CHE,SO2
1147,0.12859088500148802,MOZAMBIQUE_ZAMBÉZIA_MORRUMBALA_MEGAZA,35.44414710494373,-17.34322259459494,Mozambique,CHE,SO2
1148,0.7533435626991315,MOZAMBIQUE_ZAMBÉZIA_MORRUMBALA_MORRUMBALA SEDE,35.71818601432962,-17.24576425945072,Mozambique,CHE,SO2
1149,0.028932667392938302,MOZAMBIQUE_ZAMBÉZIA_MULEVALA_CHIRACO,37.76125440346422,-16.32163858126515,Mozambique,CHE,SO2
1150,0.2997097443063089,MOZAMBIQUE_ZAMBÉZIA_MULEVALA_M BAUANE,37.54642716961419,-16.40909467076002,Mozambique,CHE,SO2
1151,0.17468130208477387,MOZAMBIQUE_ZAMBÉZIA_NAMACURRA_MACUSE,37.22484678245629,-17.591775752107008,Mozambique,CHE,SO2
1152,0.0362722994873728,MOZAMBIQUE_ZAMBÉZIA_NAMACURRA_MALEI,37.01133444499841,-17.298645809649788,Mozambique,CHE,SO2
1153,0.5534377319493357,MOZAMBIQUE_ZAMBÉZIA_NAMACURRA_NAMACURRA SEDE,36.999724466727024,-17.475100608613698,Mozambique,CHE,SO2
1154,0.4739356397181953,MOZAMBIQUE_ZAMBÉZIA_NAMARROI_NAMARROI,36.932601372279954,-15.997062158730339,Mozambique,CHE,SO2
1155,0.234899461967347,MOZAMBIQUE_ZAMBÉZIA_NAMARROI_REGONE,36.703202241179774,-15.741498193552788,Mozambique,CHE,SO2
1156,0.0345257356273773,MOZAMBIQUE_ZAMBÉZIA_NICOADALA_MUNHONHA,36.585288815320006,-17.577946128566236,Mozambique,CHE,SO2
1157,0.48674578500151905,MOZAMBIQUE_ZAMBÉZIA_NICOADALA_NICOADALA SEDE,36.663687161432556,-17.524080596030704,Mozambique,CHE,SO2
1158,0.3452017670599457,MOZAMBIQUE_ZAMBÉZIA_PEBANE_MULELA,38.453959254758885,-16.77972576468378,Mozambique,CHE,SO2
1159,0.2308372140776595,MOZAMBIQUE_ZAMBÉZIA_PEBANE_NABURI,38.84329914869052,-16.53846306968174,Mozambique,CHE,SO2
1160,0.2820207518977458,MOZAMBIQUE_ZAMBÉZIA_PEBANE_PEBANE SEDE,38.11397763950611,-16.944696335246178,Mozambique,CHE,SO2
1161,0.4196256598023507,MOZAMBIQUE_ZAMBÉZIA_QUELIMANE_MAQUIVAL,37.05066199126774,-17.80539223477135,Mozambique,CHE,SO2
1162,0.40337879092646917,MOZAMBIQUE_ZAMBÉZIA_QUELIMANE_QUELIMANE,36.917031879996124,-17.859838300308013,Mozambique,CHE,SO2
1163,0.3517288285932394,MOZAMBIQUE_SOFALA_CIDADE DA BEIRA_INHAMIZUA,34.80944811048006,-19.7342235382873,Mozambique,CHE,SO2
1164,0.015411990919455953,MOZAMBIQUE_CABO DELGADO_QUISSANGA_QUISSANGA,40.34522572679413,-12.388146823567476,Mozambique,CHE,SO2
1165,0.4900508539629032,MOZAMBIQUE_ZAMBÉZIA_NICOADALA_NAMACATA,36.87753030165205,-17.747483505410734,Mozambique,CHE,SO2
1166,4.112557258981596,NAMIBIA_ZAMBEZI_KABBE,24.793790035168254,-17.667984075409294,Namibia,CHE,SO2
1167,0.7244276219475266,NAMIBIA_ZAMBEZI_KATIMA MULILO RURAL,24.454538835228554,-17.783707702671318,Namibia,CHE,SO2
1168,0.3831180624226675,NAMIBIA_ZAMBEZI_KATIMA MULILO URBAN,24.279746190016365,-17.50806511335707,Namibia,CHE,SO2
1169,0,NAMIBIA_ZAMBEZI_KONGOLA,23.264204346697873,-17.80294902774862,Namibia,CHE,SO2
1170,0,NAMIBIA_ZAMBEZI_LINYANTI,23.671437828262256,-18.092266566594112,Namibia,CHE,SO2
1171,0,NAMIBIA_ZAMBEZI_SIBBINDA,24.108590663155443,-17.85835022128321,Namibia,CHE,SO2
1172,0,NAMIBIA_ERONGO_ARANDIS,14.691497629475606,-22.264372494788464,Namibia,CHE,SO2
1173,0,NAMIBIA_ERONGO_DAURES,14.93756663805144,-21.37524651621252,Namibia,CHE,SO2
1174,0,NAMIBIA_ERONGO_KARIBIB,15.787173934663985,-22.30410061850206,Namibia,CHE,SO2
1175,0,NAMIBIA_ERONGO_OMARURU,15.95833063241253,-21.31749516745864,Namibia,CHE,SO2
1176,0,NAMIBIA_ERONGO_SWAKOPMUND,14.59907978731461,-22.6202601717113,Namibia,CHE,SO2
1177,0,NAMIBIA_ERONGO_WALVIS BAY RURAL,15.043164785735584,-23.30666115914993,Namibia,CHE,SO2
1178,0,NAMIBIA_ERONGO_WALVIS BAY URBAN,14.51062497535283,-22.954088068577146,Namibia,CHE,SO2
1179,0,NAMIBIA_HARDAP_GIBEON,16.211055584954146,-24.728927802737125,Namibia,CHE,SO2
1180,0,NAMIBIA_HARDAP_MARIENTAL RURAL,18.931178051035655,-24.55690325528673,Namibia,CHE,SO2
1181,0,NAMIBIA_HARDAP_MARIENTAL URBAN,17.552231711371142,-24.506156912910303,Namibia,CHE,SO2
1182,0,NAMIBIA_HARDAP_REHOBOTH RURAL,16.94802061214784,-23.797424696279414,Namibia,CHE,SO2
1183,0,NAMIBIA_HARDAP_REHOBOTH URBAN EAST,17.140914395565115,-23.302814761538283,Namibia,CHE,SO2
1184,0,NAMIBIA_HARDAP_REHOBOTH URBAN WEST,17.035406416002225,-23.29213818904565,Namibia,CHE,SO2
1185,0,NAMIBIA_//KARAS_BERSEBA,17.43213672122362,-26.402137402623683,Namibia,CHE,SO2
1186,0.034704016191283354,NAMIBIA_//KARAS_KARASBURG,18.711773230367335,-28.093418586403676,Namibia,CHE,SO2
1187,0,NAMIBIA_//KARAS_KEETMANSHOOP RURAL,18.963044948025257,-26.591724991032446,Namibia,CHE,SO2
1188,0,NAMIBIA_//KARAS_KEETMANSHOOP URBAN,18.13828868505545,-26.52392990789683,Namibia,CHE,SO2
1189,0,NAMIBIA_//KARAS_LUDERITZ,15.864291361495141,-26.644991721573984,Namibia,CHE,SO2
1190,0.02151167728506783,NAMIBIA_//KARAS_ORANJEMUND,16.84821332532997,-28.056930475767597,Namibia,CHE,SO2
1191,0,NAMIBIA_KAVANGO EAST_MASHARE,20.090779832016132,-18.617546949007107,Namibia,CHE,SO2
1192,0,NAMIBIA_KAVANGO EAST_MUKWE,21.71929868242943,-18.093691738891703,Namibia,CHE,SO2
1193,0,NAMIBIA_KAVANGO EAST_NDIYONA,20.70537677949861,-18.57519053865166,Namibia,CHE,SO2
1194,0,NAMIBIA_KAVANGO EAST_RUNDU RURAL WEST,19.729735628949058,-18.20829568264125,Namibia,CHE,SO2
1195,0,NAMIBIA_KAVANGO EAST_RUNDU URBAN,19.77048535736296,-17.905684519464447,Namibia,CHE,SO2
1196,0,NAMIBIA_KAVANGO EAST_RUNDU RURAL EAST,19.918903908289927,-18.018190028726913,Namibia,CHE,SO2
1197,0,NAMIBIA_KHOMAS_TOBIAS HAINYEKO,17.064566285247462,-22.491571002219786,Namibia,CHE,SO2
1198,0,NAMIBIA_KHOMAS_KATUTURA CENTRAL,17.053093806653106,-22.5235276855212,Namibia,CHE,SO2
1199,0,NAMIBIA_KHOMAS_KATUTURA EAST,17.064629491748327,-22.520906899274305,Namibia,CHE,SO2
1200,0,NAMIBIA_KHOMAS_KHOMASDAL NORTH,17.02393885405345,-22.546692524938113,Namibia,CHE,SO2
1201,0,NAMIBIA_KHOMAS_SOWETO,17.04634348136182,-22.518971599270618,Namibia,CHE,SO2
1202,0,NAMIBIA_KHOMAS_SAMORA MACHEL,17.011693927957612,-22.515093718237296,Namibia,CHE,SO2
1203,0,NAMIBIA_KHOMAS_WINDHOEK EAST,17.14408226450097,-22.62046223783627,Namibia,CHE,SO2
1204,0,NAMIBIA_KHOMAS_WINDHOEK RURAL,17.152644209354136,-22.919981679213087,Namibia,CHE,SO2
1205,0,NAMIBIA_KHOMAS_WINDHOEK WEST,16.999274417411097,-22.61413420573047,Namibia,CHE,SO2
1206,0,NAMIBIA_KHOMAS_MOSES //GAROEB,17.04398509888085,-22.46917693709735,Namibia,CHE,SO2
1207,0,NAMIBIA_KUNENE_EPUPA,12.951182297756084,-17.577768817143944,Namibia,CHE,SO2
1208,0,NAMIBIA_KUNENE_KAMANAJB,15.32465722582946,-19.802405761415024,Namibia,CHE,SO2
1209,0,NAMIBIA_KUNENE_KHORIXAS,14.18082561343677,-20.491501565211138,Namibia,CHE,SO2
1210,0,NAMIBIA_KUNENE_OPUWO,13.206749264241742,-18.475898236405577,Namibia,CHE,SO2
1211,0,NAMIBIA_KUNENE_OUTJO,16.274442963394687,-19.825265069447923,Namibia,CHE,SO2
1212,0,NAMIBIA_KUNENE_SESFONTEIN,13.640868650570905,-19.49338092253463,Namibia,CHE,SO2
1213,0,NAMIBIA_OHANGWENA_EENHANA,16.353020701398215,-17.671032492551955,Namibia,CHE,SO2
1214,0,NAMIBIA_OHANGWENA_ENDOLA,15.820859010662058,-17.625815642509547,Namibia,CHE,SO2
1215,0,NAMIBIA_OHANGWENA_ENGELA,15.748718902094708,-17.518181174101677,Namibia,CHE,SO2
1216,0,NAMIBIA_OHANGWENA_EPEMBE,16.685598245035656,-17.66735533080767,Namibia,CHE,SO2
1217,0,NAMIBIA_OHANGWENA_OHANGWENA,15.882643502502614,-17.520931558141168,Namibia,CHE,SO2
1218,0,NAMIBIA_OHANGWENA_OKONGO,17.455737413504714,-17.57117050323505,Namibia,CHE,SO2
1219,0,NAMIBIA_OHANGWENA_OMUNDAUNGILO,16.578551766563972,-17.449506206889357,Namibia,CHE,SO2
1220,0,NAMIBIA_OHANGWENA_ONDOBE,16.18459197141436,-17.477949671341534,Namibia,CHE,SO2
1221,0,NAMIBIA_OHANGWENA_ONGENGA,15.668516925400173,-17.447258578058655,Namibia,CHE,SO2
1222,0,NAMIBIA_OHANGWENA_OSHIKANGO,15.988943461829676,-17.457271133054828,Namibia,CHE,SO2
1223,0,NAMIBIA_OHANGWENA_OMULONGA,16.093754261365657,-17.654017776298947,Namibia,CHE,SO2
1224,0,NAMIBIA_OMAHEKE_AMINUIS,19.295775953525137,-23.417526891993003,Namibia,CHE,SO2
1225,0,NAMIBIA_OMAHEKE_GOBABIS,18.604707150106318,-22.71498381235896,Namibia,CHE,SO2
1226,0,NAMIBIA_OMAHEKE_KALAHARI,19.48312846470799,-22.503052429131507,Namibia,CHE,SO2
1227,0,NAMIBIA_OMAHEKE_OTJINENE,18.982375532173915,-20.874933868522408,Namibia,CHE,SO2
1228,0,NAMIBIA_OMAHEKE_OTJOMBINDE,20.498308652977602,-21.175886752549744,Namibia,CHE,SO2
1229,0,NAMIBIA_OMAHEKE_STEINHAUSEN,18.80813704803802,-21.78488609292944,Namibia,CHE,SO2
1230,0,NAMIBIA_OMAHEKE_EPUKIRO,19.646436307793838,-20.93506528769702,Namibia,CHE,SO2
1231,0,NAMIBIA_OMUSATI_ANAMULENGE,15.10483056097633,-17.506116865915512,Namibia,CHE,SO2
1232,0,NAMIBIA_OMUSATI_ELIM,15.413739072297282,-17.82200407359759,Namibia,CHE,SO2
1233,0,NAMIBIA_OMUSATI_ETAYI,15.519494125234022,-17.546723554965112,Namibia,CHE,SO2
1234,0,NAMIBIA_OMUSATI_OGONGO,15.170545752866131,-17.721649210815624,Namibia,CHE,SO2
1235,0,NAMIBIA_OMUSATI_OKAHAO,14.876116003002421,-18.693051850022275,Namibia,CHE,SO2
1236,0,NAMIBIA_OMUSATI_OKALONGO,15.28878445011893,-17.500821675929387,Namibia,CHE,SO2
1237,0,NAMIBIA_OMUSATI_ONESI,14.628083358790452,-17.577424359547425,Namibia,CHE,SO2
1238,0,NAMIBIA_OMUSATI_OSHIKUKU,15.392620794511467,-17.690835725085098,Namibia,CHE,SO2
1239,0,NAMIBIA_OMUSATI_OUTAPI,14.846441471749827,-17.517573911214274,Namibia,CHE,SO2
1240,0,NAMIBIA_OMUSATI_RUACANA,14.407777044865957,-18.097615436899044,Namibia,CHE,SO2
1241,0,NAMIBIA_OMUSATI_TSANDI,14.78614887515016,-17.886312407797114,Namibia,CHE,SO2
1242,0,NAMIBIA_OMUSATI_OTAMANZI,15.358988115665142,-18.525957641318243,Namibia,CHE,SO2
1243,0,NAMIBIA_OSHANA_OKAKU,15.943162766854906,-17.77022559144506,Namibia,CHE,SO2
1244,0,NAMIBIA_OSHANA_OKATANA,15.574759437909428,-17.820795199376207,Namibia,CHE,SO2
1245,0,NAMIBIA_OSHANA_OKATJALI,15.924923293889925,-18.15395120107729,Namibia,CHE,SO2
1246,0,NAMIBIA_OSHANA_OMPUNDJA,15.659629403226038,-18.011357008061164,Namibia,CHE,SO2
1247,0,NAMIBIA_OSHANA_ONDANGWA,15.89055793163545,-17.88939506257595,Namibia,CHE,SO2
1248,0,NAMIBIA_OSHANA_ONGWEDIVA,15.823548294632106,-17.763524478913496,Namibia,CHE,SO2
1249,0,NAMIBIA_OSHANA_OSHAKATI EAST,15.735869553936352,-17.86260914126032,Namibia,CHE,SO2
1250,0,NAMIBIA_OSHANA_OSHAKATI WEST,15.624549764682277,-17.857865215295526,Namibia,CHE,SO2
1251,0,NAMIBIA_OSHANA_UUKWIYU,15.884221094272657,-17.99618085800174,Namibia,CHE,SO2
1252,0,NAMIBIA_OSHANA_UUVUDHIYA,15.696372341891102,-18.671160629838095,Namibia,CHE,SO2
1253,0,NAMIBIA_OSHIKOTO_EENGONDI,17.332440762836534,-18.19310832303004,Namibia,CHE,SO2
1254,0,NAMIBIA_OSHIKOTO_GUINAS,17.594343489923055,-18.89437399671328,Namibia,CHE,SO2
1255,0,NAMIBIA_OSHIKOTO_OKANKOLO,17.177875343763045,-17.878323021444082,Namibia,CHE,SO2
1256,0,NAMIBIA_OSHIKOTO_OLUKONDA,16.068385898650977,-18.038011932787096,Namibia,CHE,SO2
1257,0,NAMIBIA_OSHIKOTO_OMUNTELE,16.169328087187097,-18.334827887672034,Namibia,CHE,SO2
1258,0,NAMIBIA_OSHIKOTO_OMUTHIYAGWIIPUNDI,16.51029242566859,-18.898858129359702,Namibia,CHE,SO2
1259,0,NAMIBIA_OSHIKOTO_ONAYENA,16.207793411083593,-17.950862651129206,Namibia,CHE,SO2
1260,0,NAMIBIA_OSHIKOTO_ONIIPA,16.069902480232454,-17.845135062553666,Namibia,CHE,SO2
1261,0,NAMIBIA_OSHIKOTO_ONYAANYA,16.357556814301276,-18.090881069656568,Namibia,CHE,SO2
1262,0,NAMIBIA_OSHIKOTO_TSUMEB,17.719219426941624,-19.233610933756992,Namibia,CHE,SO2
1263,0,NAMIBIA_OTJOZONDJUPA_GROOTFONTEIN,18.435300956629483,-19.307687617586755,Namibia,CHE,SO2
1264,0,NAMIBIA_OTJOZONDJUPA_OKAHANDJA,16.668747555463238,-21.83565240672381,Namibia,CHE,SO2
1265,0,NAMIBIA_OTJOZONDJUPA_OKAKARARA,18.334564244255255,-20.38760912604105,Namibia,CHE,SO2
1266,0,NAMIBIA_OTJOZONDJUPA_OMATAKO,17.282520645457858,-21.20096061005428,Namibia,CHE,SO2
1267,0,NAMIBIA_OTJOZONDJUPA_OTAVI,17.328950067683728,-19.86763044479583,Namibia,CHE,SO2
1268,0,NAMIBIA_OTJOZONDJUPA_OTJIWARONGO,16.251829448720684,-20.505042965104394,Namibia,CHE,SO2
1269,0,NAMIBIA_OTJOZONDJUPA_TSUMKWE,19.9533987514376,-19.722419209002222,Namibia,CHE,SO2
1270,0,NAMIBIA_KAVANGO WEST_KAHENGE,18.861763150665734,-18.28861226947196,Namibia,CHE,SO2
1271,0,NAMIBIA_KAVANGO WEST_KAPAKO,19.43557328650503,-18.551716439141092,Namibia,CHE,SO2
1272,0,NAMIBIA_KAVANGO WEST_MPUNGU,18.26159001570929,-18.04481891772234,Namibia,CHE,SO2
1273,17.926824835346583,Buffalo City (BUF),27.598864254477117,-32.94800582792056,SA,CHE,SO2
1274,98.23589088528394,City of Cape Town (CPT),18.594296829494326,-33.892706933725236,SA,CHE,SO2
1275,1.8587325852393197,Camdeboo/Ikwezi/Baviaans (EC101),24.089957646273938,-32.8452024220234,SA,CHE,SO2
1276,0.9596792608730796,Blue Crane Rout/ie (EC102),25.41308680240521,-32.778160968279536,SA,CHE,SO2
1277,2.0140197920406115,Makana (EC104),26.408254634609886,-33.23516631902399,SA,CHE,SO2
1278,1.4660523296266537,Ndlambe (EC105),26.743980167056392,-33.52310164874916,SA,CHE,SO2
1279,1.570924076908475,Sundays River Valley (EC106),25.496722441767997,-33.51169278867713,SA,CHE,SO2
1280,1.9023957776097338,Kouga (EC108),24.79959562862642,-33.90429867869783,SA,CHE,SO2
1281,0.8158336217877952,Kou-Kamma (EC109),24.060086657020488,-33.867609516127736,SA,CHE,SO2
1282,1.3986528773974274,Mbhashe (EC121),28.575231014835296,-32.13220971938858,SA,CHE,SO2
1283,2.376391206560618,Mnquma (EC122),28.156661393124235,-32.34546010162823,SA,CHE,SO2
1284,0.42926938085401406,Great Kei (EC123),28.009533893856762,-32.65908476816192,SA,CHE,SO2
1285,1.9653447473718033,Amahlathi (EC124),27.33351960038348,-32.502457790779154,SA,CHE,SO2
1286,0.7206246204138917,Ngqushwa (EC126),27.190552108198407,-33.197883930507096,SA,CHE,SO2
1287,2.525139582379066,Nkonkobe/Nxuba (EC129),26.56395343016319,-32.68648839664744,SA,CHE,SO2
1288,1.5775057221777504,Inxuba Yethemba (EC131),25.321553083523288,-31.86297467718648,SA,CHE,SO2
1289,0.797975005389468,Intsika Yethu (EC135),27.65645293007968,-31.967410209741036,SA,CHE,SO2
1290,1.1116468503599737,Emalahleni (EC136),27.196289987483134,-31.59599819484559,SA,CHE,SO2
1291,0.6924621560587055,Engcobo (EC137),28.091140856688877,-31.681331250222897,SA,CHE,SO2
1292,0.9175693975661968,Sakhisizwe (EC138),27.784464653423093,-31.443073463199052,SA,CHE,SO2
1293,5.560023003956644,Tsolwana/Inkwanca/Lukanji (EC139),26.44231171599927,-31.82713277165301,SA,CHE,SO2
1294,1.1785679956493171,Elundini (EC141),28.332923728488446,-30.924613490171907,SA,CHE,SO2
1295,1.8681564309043548,Senqu (EC142),27.561052438944984,-30.865504121282964,SA,CHE,SO2
1296,1.8626850201969254,Maletswai/Gariep (EC145),26.297982166534812,-30.99072562439091,SA,CHE,SO2
1297,4.258291656866159,Ngquza Hill (EC153),29.61936077896737,-31.240526584482595,SA,CHE,SO2
1298,1.6364573374443905,Port St Johns (EC154),29.42127994736776,-31.536133432650935,SA,CHE,SO2
1299,4.358291336511834,Nyandeni (EC155),29.06791507221619,-31.593568922888913,SA,CHE,SO2
1300,1.5938141265343129,Mhlontlo (EC156),28.77986734009031,-31.200925478397178,SA,CHE,SO2
1301,6.506887932164728,King Sabata Dalindyebo (EC157),28.67245651353882,-31.763159249936695,SA,CHE,SO2
1302,2.5532923531233465,Matatiele (EC441),28.799576805046378,-30.346800314394653,SA,CHE,SO2
1303,1.827455967787191,Umzimvubu (EC442),29.024650004658934,-30.77669158331251,SA,CHE,SO2
1304,4.712298170496149,Mbizana (EC443),29.846100390912305,-30.94913834267403,SA,CHE,SO2
1305,1.3737071209596456,Ntabankulu (EC444),29.301335289494258,-30.979143187316314,SA,CHE,SO2
1306,90.94362015206441,Ekurhuleni (EKU),28.312610799006872,-26.19890180039359,SA,CHE,SO2
1307,90.75008527581227,eThekwini (ETH),30.83613967872446,-29.834217800959394,SA,CHE,SO2
1308,0.7932404641588607,Letsemeng (FS161),25.014921531561004,-29.358108946328255,SA,CHE,SO2
1309,0.8669360651522424,Kopanong (FS162),25.64114039286138,-29.975908538082983,SA,CHE,SO2
1310,1.1414258139503881,Mohokare (FS163),26.70843376153791,-30.20845860575575,SA,CHE,SO2
1311,1.6492060982746135,Masilonyana (FS181),26.617458659326235,-28.631554189395228,SA,CHE,SO2
1312,0.7027624954917386,Tokologo (FS182),25.355991999884054,-28.472588777335627,SA,CHE,SO2
1313,1.1795896153674805,Tswelopele (FS183),25.931548564559048,-28.066074672660065,SA,CHE,SO2
1314,10.582923803898938,Matjhabeng (FS184),26.91629852178738,-28.044206331040705,SA,CHE,SO2
1315,1.832976567168789,Nala (FS185),26.443501057951472,-27.620085113823276,SA,CHE,SO2
1316,2.679611673817822,Setsoto (FS191),27.611849107223822,-28.597460113677133,SA,CHE,SO2
1317,2.939036336736857,Dihlabeng (FS192),28.293898689286305,-28.362439638603284,SA,CHE,SO2
1318,1.3120383338362223,Nketoana (FS193),28.246098639230098,-27.849730288880405,SA,CHE,SO2
1319,8.588376155782775,Maluti a Phofung (FS194),29.025155447117413,-28.332211824313816,SA,CHE,SO2
1320,0.9327590630346412,Phumelela (FS195),29.22855332756709,-27.676780478565117,SA,CHE,SO2
1321,1.1738142517273669,Mantsopa (FS196),27.217597861072438,-29.135212154732272,SA,CHE,SO2
1322,4.291232706544406,Moqhaka (FS201),27.193724011739675,-27.500952572439758,SA,CHE,SO2
1323,2.6970010757106397,Ngwathe (FS203),27.731911356224305,-27.2957570942759,SA,CHE,SO2
1324,5.356421463313669,Metsimaholo (FS204),28.043759146658957,-26.929132626752555,SA,CHE,SO2
1325,1.3279846348346824,Mafube (FS205),28.60779443701931,-27.269640781466524,SA,CHE,SO2
1326,20.65921291428404,Emfuleni (GT421),27.78119575062538,-26.628372404139963,SA,CHE,SO2
1327,6.515741060621683,Midvaal (GT422),28.12922429452965,-26.623049056706034,SA,CHE,SO2
1328,4.831078480356964,Lesedi (GT423),28.506672206506963,-26.461472069502342,SA,CHE,SO2
1329,11.252134471247993,Mogale City (GT481),27.683044173467124,-25.9870777312359,SA,CHE,SO2
1330,4.88808350165767,Merafong City (GT484),27.39947301236414,-26.416916316259925,SA,CHE,SO2
1331,9.674498656045941,New (GT485),27.630358282577387,-26.305377895109828,SA,CHE,SO2
1332,131.9259116197772,City of Johannesburg (JHB),27.963520457163874,-26.17673292466971,SA,CHE,SO2
1333,2.5269618601998216,Umdoni (KZN212),30.564296422383766,-30.26941215278416,SA,CHE,SO2
1334,1.8079496456097295,Umzumbe (KZN213),30.34109349485651,-30.48625213454723,SA,CHE,SO2
1335,1.9298870303104791,uMuziwabantu (KZN214),29.876024661538295,-30.631036716984855,SA,CHE,SO2
1336,6.763116918348045,Hibiscus Coast (KZN216),30.256268392679218,-30.777445434896816,SA,CHE,SO2
1337,3.750659098124976,uMshwathi (KZN221),30.57723304743919,-29.382907146378955,SA,CHE,SO2
1338,3.317170257511422,uMngeni (KZN222),30.090331468395576,-29.437893652146563,SA,CHE,SO2
1339,0.5418327188276051,Mpofana (KZN223),30.025271395990348,-29.190997264613035,SA,CHE,SO2
1340,0.6729319653902244,Impendle (KZN224),29.731276209974812,-29.554937527064798,SA,CHE,SO2
1341,13.75700467000712,The Msunduzi (KZN225),30.265492525577752,-29.670137497352023,SA,CHE,SO2
1342,1.915299575168697,Mkhambathini (KZN226),30.54531080327023,-29.843574776336624,SA,CHE,SO2
1343,2.0637505427898457,Richmond (KZN227),30.284544545669366,-29.892451867819272,SA,CHE,SO2
1344,2.4824206414567165,Okhahlamba (KZN235),29.316126781081834,-28.755389135601764,SA,CHE,SO2
1345,4.986477897940832,New (KZN237),29.823208639417057,-28.98844294297501,SA,CHE,SO2
1346,6.742153878477977,New (KZN238),29.85903127009922,-28.465502298380606,SA,CHE,SO2
1347,1.625258296877157,Endumeni (KZN241),30.298724252947004,-28.170872262516635,SA,CHE,SO2
1348,2.3026923834812747,Nqutu (KZN242),30.738402602971842,-28.3057856426724,SA,CHE,SO2
1349,2.774639722009503,Msinga (KZN244),30.448438956915833,-28.605909275422903,SA,CHE,SO2
1350,2.292883858544095,Umvoti (KZN245),30.674407652928558,-29.025108014344248,SA,CHE,SO2
1351,8.773361536553955,Newcastle (KZN252),29.876255990263406,-27.739276183545844,SA,CHE,SO2
1352,1.3810736209744057,Emadlangeni (KZN253),30.321232039938934,-27.617907330365107,SA,CHE,SO2
1353,2.3589292551922,Dannhauser (KZN254),30.002289977265942,-28.021393744339566,SA,CHE,SO2
1354,1.1008477932395455,eDumbe (KZN261),30.81062292956855,-27.469617673094547,SA,CHE,SO2
1355,2.144378117688045,uPhongolo (KZN262),31.598159005752375,-27.483608832173115,SA,CHE,SO2
1356,5.023610747024304,Abaqulusi (KZN263),31.05300673776844,-27.8257482171015,SA,CHE,SO2
1357,2.1826316061344846,Nongoma (KZN265),31.745560356874247,-27.911780178568517,SA,CHE,SO2
1358,2.8349637271556745,Ulundi (KZN266),31.309444916664436,-28.239580055499665,SA,CHE,SO2
1359,1.2958014482326572,Umhlabuyalingana (KZN271),32.56381651356431,-27.243472986556462,SA,CHE,SO2
1360,1.7632902959542647,Jozini (KZN272),32.14557048188946,-27.36815301488439,SA,CHE,SO2
1361,2.5813020729614458,Mtubatuba (KZN275),32.29495200731668,-28.28774563454697,SA,CHE,SO2
1362,1.159169676620414,New (KZN276),32.196439917229256,-28.03451780762441,SA,CHE,SO2
1363,2.6125756117716348,Mfolozi (KZN281),32.08205666681106,-28.54943900730811,SA,CHE,SO2
1364,8.493192935583355,uMhlathuze (KZN282),31.879279732627545,-28.731153462649306,SA,CHE,SO2
1365,4.1051189647816955,uMlalazi (KZN284),31.444902303281012,-28.904859982322336,SA,CHE,SO2
1366,1.1986847745300933,Mthonjaneni (KZN285),31.46989521594373,-28.566641254058112,SA,CHE,SO2
1367,1.009365432722595,Nkandla (KZN286),30.992847475348313,-28.65874298560281,SA,CHE,SO2
1368,2.3739433434353643,Mandeni (KZN291),31.467602405876107,-29.12389810299933,SA,CHE,SO2
1369,6.349685337341997,KwaDukuza (KZN292),31.25513058898549,-29.355999737664646,SA,CHE,SO2
1370,2.639755784475219,Ndwedwe (KZN293),30.971145236611328,-29.424489832181724,SA,CHE,SO2
1371,1.3727143164011242,Maphumulo (KZN294),31.061676575865707,-29.11112579364772,SA,CHE,SO2
1372,1.8128498404291484,Greater Kokstad (KZN433),29.333985724860153,-30.300940129030153,SA,CHE,SO2
1373,2.0057340366939487,Ubuhlebezwe (KZN434),30.164623949729094,-30.19252582259694,SA,CHE,SO2
1374,2.888930146359746,Umzimkhulu (KZN435),29.73770155638459,-30.291659472535116,SA,CHE,SO2
1375,1.357824417824824,New (KZN436),29.59925971197213,-29.82995036987778,SA,CHE,SO2
1376,5.978249894843612,Greater Giyani (LIM331),30.899690443403223,-23.363950859740118,SA,CHE,SO2
1377,4.72461039234284,Greater Letaba (LIM332),30.27459722174666,-23.51164855271159,SA,CHE,SO2
1378,9.253275283077134,Greater Tzaneen (LIM333),30.25340441091674,-23.835977770536683,SA,CHE,SO2
1379,4.185304859477572,Ba-Phalaborwa (LIM334),31.191583756193857,-23.776931100454973,SA,CHE,SO2
1380,2.319447327213219,Maruleng (LIM335),30.785641757876952,-24.291507940529854,SA,CHE,SO2
1381,3.3044307887872066,Musina (LIM341),30.05077110077547,-22.452444078436113,SA,CHE,SO2
1382,10.481907028995296,Thulamela (LIM343),30.555384649799517,-22.785680862120937,SA,CHE,SO2
1383,9.951035150607273,Makhado (LIM344),29.7486767332841,-22.99957537797423,SA,CHE,SO2
1384,8.048059004578292,New (LIM345),30.973389530004273,-22.98859241312989,SA,CHE,SO2
1385,3.0732581510801147,Blouberg (LIM351),28.75025951576327,-22.96754705620071,SA,CHE,SO2
1386,3.2550158019990962,Molemole (LIM353),29.53603926457335,-23.498363807532403,SA,CHE,SO2
1387,18.5053561364269,Polokwane (LIM354),29.382116648858307,-23.8911198474484,SA,CHE,SO2
1388,5.460964896737201,Lepele-Nkumpi (LIM355),29.706098724754902,-24.26602472477329,SA,CHE,SO2
1389,2.1202058616677903,Thabazimbi (LIM361),27.18648986644449,-24.54368940298091,SA,CHE,SO2
1390,2.8330728437523196,Lephalale (LIM362),27.797673264901547,-23.67621029455612,SA,CHE,SO2
1391,2.3863886554007765,Bela-Bela (LIM366),28.27202559364255,-24.9540355998598,SA,CHE,SO2
1392,7.255733905281879,Mogalakwena (LIM367),28.693646429401138,-23.846776659349114,SA,CHE,SO2
1393,2.7700920549647967,Modimolle/Mookgophong (LIM368),28.554318378198634,-24.50378204783512,SA,CHE,SO2
1394,2.71625684021098,Ephraim Mogale (LIM471),29.336691696763047,-24.90184812517883,SA,CHE,SO2
1395,6.567812431460865,Elias Motsoaledi (LIM472),29.56162199731176,-25.195958709787416,SA,CHE,SO2
1396,6.164742427959652,Makhuduthamaga (LIM473),29.77376805671483,-24.72156702551684,SA,CHE,SO2
1397,9.796885737715764,Greater Tubatse/Fetakgomo (LIM476),30.220512409351578,-24.60034155788023,SA,CHE,SO2
1398,21.576202267044238,Mangaung (MAN),26.50052991738285,-29.331493385874897,SA,CHE,SO2
1399,3.842564081427663,Chief Albert Luthuli (MP301),30.486023915525898,-26.055659215342654,SA,CHE,SO2
1400,3.770975107647009,Msukaligwa (MP302),30.12962179212915,-26.468179957263942,SA,CHE,SO2
1401,4.075915690868182,Mkhondo (MP303),30.704664805360647,-26.99281043647496,SA,CHE,SO2
1402,1.7198288639059087,Dr Pixley Ka Isaka Seme (MP304),29.955868602689744,-27.12849724731941,SA,CHE,SO2
1403,2.7502039175901336,Lekwa (MP305),29.35167338257744,-26.879837519268875,SA,CHE,SO2
1404,1.096690359233665,Dipaleseng (MP306),28.641164057979545,-26.781729068806687,SA,CHE,SO2
1405,8.717740582131468,Govan Mbeki (MP307),29.19601841151445,-26.46697143683172,SA,CHE,SO2
1406,2.185003265394127,Victor Khanye (MP311),28.768849144433155,-26.132617697943477,SA,CHE,SO2
1407,11.88250107188256,Emalahleni (MP312),29.162096257324418,-26.01795048880191,SA,CHE,SO2
1408,6.894320919277815,Steve Tshwete (MP313),29.551938218276963,-25.836944103856947,SA,CHE,SO2
1409,1.023727103112862,Emakhazeni (MP314),30.106821848663742,-25.596921237314394,SA,CHE,SO2
1410,9.513217855445802,Thembisile (MP315),28.95192824101233,-25.470336038962238,SA,CHE,SO2
1411,5.478771732644485,Dr JS Moroka (MP316),28.801472347773178,-25.103882758045668,SA,CHE,SO2
1412,2.381606451914038,Thaba Chweu (MP321),30.57153056410513,-25.064888911517013,SA,CHE,SO2
1413,10.57235920514282,Nkomazi (MP324),31.730184896139622,-25.502441880044394,SA,CHE,SO2
1414,13.228515833424296,Bushbuckridge (MP325),31.524554777444788,-24.556740864902537,SA,CHE,SO2
1415,17.700838350122982,Mbombela/Umjindi (MP326),31.096583710647025,-25.432684098533255,SA,CHE,SO2
1416,0.09930781750054067,Richtersveld (NC061),17.059551072172134,-28.768234043160607,SA,CHE,SO2
1417,1.069520651300685,Nama Khoi (NC062),17.91494133561911,-29.45640456833637,SA,CHE,SO2
1418,0.12927203556433745,Kamiesberg (NC064),18.13015961792784,-30.375500419763604,SA,CHE,SO2
1419,0.4758101583429526,Hantam (NC065),19.96076903840225,-30.97326387632367,SA,CHE,SO2
1420,0.2673830203932626,Karoo Hoogland (NC066),21.045367164738153,-31.72866537697112,SA,CHE,SO2
1421,0.2252426971645037,Khâi-Ma (NC067),19.26135370838769,-29.537786385108184,SA,CHE,SO2
1422,0.406654085731721,Ubuntu (NC071),23.13370561544698,-31.37353482138949,SA,CHE,SO2
1423,0.7461080656793074,Umsobomvu (NC072),25.04764999855825,-30.848177029851588,SA,CHE,SO2
1424,1.1499795653110925,Emthanjeni (NC073),23.85840547035036,-30.67860320584649,SA,CHE,SO2
1425,0.2623627301758249,Kareeberg (NC074),22.13482818835018,-30.54560022973702,SA,CHE,SO2
1426,0.25655535468220697,Renosterberg (NC075),24.450629664298948,-30.255674893884255,SA,CHE,SO2
1427,0.38598177974257375,Thembelihle (NC076),23.765002948711334,-29.708430373289627,SA,CHE,SO2
1428,0.5774524124868247,Siyathemba (NC077),22.5520117599244,-29.633449473297446,SA,CHE,SO2
1429,1.0617309838310285,Siyancuma (NC078),23.368135189529266,-28.983648115956267,SA,CHE,SO2
1430,1.3432355061936714,Kai !Garib (NC082),20.415779221325927,-28.968415397154022,SA,CHE,SO2
1431,0.26484741095639036,!Kheis (NC084),21.603495266524188,-29.232655553883756,SA,CHE,SO2
1432,0.9959306399803728,Tsantsabane (NC085),22.553384843403045,-28.038581659653413,SA,CHE,SO2
1433,0.4941868246223572,Kgatelopele (NC086),23.63233217640869,-28.217463600827454,SA,CHE,SO2
1434,2.6167959928885955,//Khara Hais/Mier (NC087),20.833021354286817,-27.068953107729545,SA,CHE,SO2
1435,7.117897828197025,Sol Plaatjie (NC091),24.514285167088513,-28.743361921797487,SA,CHE,SO2
1436,1.2409742056702098,Dikgatlong (NC092),24.192269532669194,-28.193349409504034,SA,CHE,SO2
1437,0.8976750665064914,Magareng (NC093),24.780465069795653,-28.167755341807677,SA,CHE,SO2
1438,0.9947437153645546,Phokwane (NC094),24.808908824292622,-27.795177260115924,SA,CHE,SO2
1439,1.199523596130556,Joe Morolong (NC451),22.937720996816267,-26.838253106736673,SA,CHE,SO2
1440,2.2314154431824345,Ga-Segonyana (NC452),23.560536877064965,-27.622586314678973,SA,CHE,SO2
1441,1.7339337176237144,Gamagara (NC453),22.99607417546456,-27.643424226884566,SA,CHE,SO2
1442,31.12467411141934,Nelson Mandela Bay (NMA),25.492325010511415,-33.804018235171306,SA,CHE,SO2
1443,6.009887526195589,Moretele (NW371),28.03908368696291,-25.176894569186302,SA,CHE,SO2
1444,14.288228943492582,Local Municipality of Madibeng (NW372),27.73365092436683,-25.441079324120807,SA,CHE,SO2
1445,15.529927232516997,Rustenburg (NW373),27.331450416242784,-25.66090837141418,SA,CHE,SO2
1446,1.674322233819682,Kgetlengrivier (NW374),26.864344191252787,-25.72345587170004,SA,CHE,SO2
1447,5.292478429503255,Moses Kotane (NW375),26.866123855951283,-25.13362782615747,SA,CHE,SO2
1448,1.5123947056551585,Ratlou (NW381),25.063605925319113,-26.08201587807829,SA,CHE,SO2
1449,2.4398453615490707,Tswaing (NW382),25.66098471544643,-26.615774445678632,SA,CHE,SO2
1450,7.070747440170137,Mafikeng (NW383),25.672832054041375,-25.886091780262618,SA,CHE,SO2
1451,3.577578529429281,Ditsobotla (NW384),26.239308215127412,-26.115261364090596,SA,CHE,SO2
1452,3.2454317793691128,Ramotshere Moiloa (NW385),26.123471368618137,-25.218995566189637,SA,CHE,SO2
1453,1.7202839554189588,Naledi (NW392),24.79527413051862,-26.86329306541285,SA,CHE,SO2
1454,1.6250437546573206,Mamusa (NW393),25.277113001282956,-27.22305181117706,SA,CHE,SO2
1455,3.62822777884848,Greater Taung (NW394),24.439135473722978,-27.502819297224146,SA,CHE,SO2
1456,1.4414754620978198,Lekwa-Teemane (NW396),25.32923774851763,-27.63922701964027,SA,CHE,SO2
1457,1.8560399990328404,Kagisano/Molopo (NW397),23.765026014343153,-26.118051281941728,SA,CHE,SO2
1458,10.343539383089976,City of Matlosana (NW403),26.488149960518996,-26.811358748287205,SA,CHE,SO2
1459,1.8621876709404832,Maquassi Hills (NW404),26.033886103084164,-27.23835835490209,SA,CHE,SO2
1460,6.1732839766630265,Ventersdorp/Tlokwe (NW405),27.004510453933847,-26.488692826418728,SA,CHE,SO2
1461,87.45384926391729,City of Tshwane (TSH),28.443433217250625,-25.659851428790624,SA,CHE,SO2
1462,1.580772357719951,Matzikama (WC011),18.499074499468698,-31.255840123869305,SA,CHE,SO2
1463,0.947699371212293,Cederberg (WC012),18.924252686680997,-32.25674181208767,SA,CHE,SO2
1464,1.0466609374923674,Bergrivier (WC013),18.672795192444063,-32.787492869446815,SA,CHE,SO2
1465,2.107414247679146,Saldanha Bay (WC014),18.176134163611852,-33.010183399822495,SA,CHE,SO2
1466,3.259350160866877,Swartland (WC015),18.620246203734677,-33.30973980958506,SA,CHE,SO2
1467,2.819512709748892,Witzenberg (WC022),19.68890243028827,-32.94978723975034,SA,CHE,SO2
1468,7.3174145525001455,Drakenstein (WC023),19.003058669393468,-33.596786916383564,SA,CHE,SO2
1469,7.559249325828652,Stellenbosch (WC024),18.944796363106693,-33.926035417528176,SA,CHE,SO2
1470,4.020312130292156,Breede Valley (WC025),19.699592583285963,-33.571874326586304,SA,CHE,SO2
1471,2.1647076615939342,Langeberg (WC026),20.05499702391179,-33.78591943557983,SA,CHE,SO2
1472,1.8501314755817626,Theewaterskloof (WC031),19.436205803645056,-34.161235777032985,SA,CHE,SO2
1473,0.9551785377896821,Overstrand (WC032),19.376341302447013,-34.476351826606134,SA,CHE,SO2
1474,0.7228738481621771,Cape Agulhas (WC033),20.05759261209885,-34.49792816727761,SA,CHE,SO2
1475,0.7582518355863226,Swellendam (WC034),20.508876422488118,-34.03689398202183,SA,CHE,SO2
1476,0.43906648929787084,Kannaland (WC041),21.318929071812132,-33.60348228547038,SA,CHE,SO2
1477,1.1500051679991576,Hessequa (WC042),21.227498281104747,-34.13450499418741,SA,CHE,SO2
1478,1.7318450190386623,Mossel Bay (WC043),21.94268858486633,-34.04142256573831,SA,CHE,SO2
1479,4.484691938992282,George (WC044),22.93003160882857,-33.695282456579825,SA,CHE,SO2
1480,2.351008062548479,Oudtshoorn (WC045),22.22097775698059,-33.59287178340578,SA,CHE,SO2
1481,1.3177558081295766,Bitou (WC047),23.407081210262664,-33.937355597794785,SA,CHE,SO2
1482,1.3954496325440955,Knysna (WC048),22.984307307129328,-33.94604481371343,SA,CHE,SO2
1483,0.17380467722452797,Laingsburg (WC051),20.966020283495638,-33.10361314083431,SA,CHE,SO2
1484,0.31051788318822987,Prince Albert (WC052),22.130117608349714,-33.05111998769453,SA,CHE,SO2
1485,1.3276462614925475,Beaufort West (WC053),22.746542364789725,-32.27710950336613,SA,CHE,SO2
1486,0.20582521259682227,Timphisini,31.427527777467557,-25.77919829327425,swz,CHE,SO2
1487,0.01036065445000624,Ntfonjeni,31.343619162235765,-25.829286995179224,swz,CHE,SO2
1488,0.0888421982980954,Mayiwane,31.509506281238203,-25.861738695993047,swz,CHE,SO2
1489,0.06669374808802003,Mhlangatane,31.621950825737503,-25.939695519246623,swz,CHE,SO2
1490,0,Ndzingeni,31.43455167846427,-26.004089857679194,swz,CHE,SO2
1491,0,Madlangempisi,31.567436769117936,-26.099284349171477,swz,CHE,SO2
1492,0,Maphalaleni,31.365091924296856,-26.197321168361256,swz,CHE,SO2
1493,0,Pigg's Peak,31.25696321866851,-25.964805122665727,swz,CHE,SO2
1494,0.029736970476108657,Nkhaba,31.143956798528553,-26.137239773416546,swz,CHE,SO2
1495,0.022774806037162372,Motjane,31.02818299839431,-26.30685187288155,swz,CHE,SO2
1496,0,Mbabane West,31.107872683509882,-26.336291548391436,swz,CHE,SO2
1497,0,Mbabane East,31.141081832025073,-26.3027236876315,swz,CHE,SO2
1498,0,Hhukwini,31.222081322674427,-26.32065034848908,swz,CHE,SO2
1499,0,Lobamba,31.181490419840365,-26.413527114735945,swz,CHE,SO2
1500,0,Mkhiweni,31.577441575897375,-26.29070166832214,swz,CHE,SO2
1501,0,Kukhanyeni,31.41051368673318,-26.3747085735696,swz,CHE,SO2
1502,0,Mafutseni,31.523011856624002,-26.45582801367826,swz,CHE,SO2
1503,0,Mthongwaneni,31.501356709255482,-26.569704960391807,swz,CHE,SO2
1504,0,Manzini North,31.394419676034722,-26.481334398718516,swz,CHE,SO2
1505,0,Manzini South,31.36837555950807,-26.520560596292356,swz,CHE,SO2
1506,0,Kwaluseni,31.31330758484104,-26.500651000600236,swz,CHE,SO2
1507,0,Ludzeludze,31.317859732245438,-26.394848493062067,swz,CHE,SO2
1508,0,Lobamba Lomdzala,31.21153822321666,-26.525643141694285,swz,CHE,SO2
1509,0,Nhlambeni,31.408562511847816,-26.630530181944778,swz,CHE,SO2
1510,0,Ntondozi,31.255721117118,-26.631017055506103,swz,CHE,SO2
1511,0,La-Mgabhi,31.070807855360105,-26.564658624068162,swz,CHE,SO2
1512,0,Mhlambanyatsi,30.98674877164096,-26.450529398348344,swz,CHE,SO2
1513,0.002085361969551857,Mangcongco,30.884645646846423,-26.578126273491335,swz,CHE,SO2
1514,8.816435251900391e-4,Ngwempisi,31.004022599726948,-26.710945657075314,swz,CHE,SO2
1515,0,Mahlangatsha,31.228735687622677,-26.771547360075047,swz,CHE,SO2
1516,0,Kubuta,31.452603410394964,-26.829896157699594,swz,CHE,SO2
1517,0,Nkwene,31.25402793120817,-26.88316670443372,swz,CHE,SO2
1518,0,Mtsambama,31.385175952460738,-26.957586651949224,swz,CHE,SO2
1519,0.013517993441837007,Gege,31.04308782697033,-26.922942294717792,swz,CHE,SO2
1520,0,Mbangweni,31.250469017568943,-27.053399828647212,swz,CHE,SO2
1521,0.02013648591749161,Maseyisini,31.162763105989555,-27.134686006761925,swz,CHE,SO2
1522,0,Sandleni,31.429835958875884,-27.064513697748147,swz,CHE,SO2
1523,0,Ngudzeni,31.543105154501283,-27.034785219989786,swz,CHE,SO2
1524,0.21307602939492676,Zombodze,31.334568927601403,-27.200313835720486,swz,CHE,SO2
1525,0.16687452116818702,Shiselweni,31.49631059380805,-27.253953663192778,swz,CHE,SO2
1526,0,Hosea,31.53433592419686,-27.16191857513413,swz,CHE,SO2
1527,0,Sigwe,31.6594023333631,-27.07259114844248,swz,CHE,SO2
1528,0.021455534965551682,Matsanjeni South,31.724633678774154,-27.216897918466156,swz,CHE,SO2
1529,0.038527211049544166,Somntongo,31.88647265075323,-27.224260883938804,swz,CHE,SO2
1530,0.014208989221501987,Lubuli,31.871656751031274,-27.032830900051994,swz,CHE,SO2
1531,0,Sithobela,31.655947353909568,-26.867080532878518,swz,CHE,SO2
1532,0.005205768677533318,Nkilongo,31.89239374698797,-26.83443092667109,swz,CHE,SO2
1533,0,Siphofaneni,31.66300159138905,-26.6791978798675,swz,CHE,SO2
1534,0,Mpolonjeni,31.874527778817235,-26.583288999847156,swz,CHE,SO2
1535,0.005722014166904849,Matsanjeni North,32.071056369994956,-26.659618839604153,swz,CHE,SO2
1536,0,Lugongolweni,32.01662145780792,-26.34892589847767,swz,CHE,SO2
1537,0,Dvokodvweni,31.74874438011335,-26.450224696421593,swz,CHE,SO2
1538,0,Hlane,31.805244033997365,-26.296408623452134,swz,CHE,SO2
1539,0.023235610417660445,Mhlume,31.808997857429535,-26.10217970032939,swz,CHE,SO2
1540,0.05976479382701656,Lomahasha,32.003415605057185,-26.06346037693349,swz,CHE,SO2
1541,11.008390693278455,ZAMBIA_CENTRAL_CHIBOMBO_CHISAMBA,28.5661943716429,-14.846792545063325,Zambia,CHE,SO2
1542,45.133261367767396,ZAMBIA_CENTRAL_CHIBOMBO_KATUBA,27.98219959351392,-15.171132204750865,Zambia,CHE,SO2
1543,12.08506851115987,ZAMBIA_CENTRAL_CHIBOMBO_KEEMBE,27.6736546747429,-14.727345017193953,Zambia,CHE,SO2
1544,15.243952109639643,ZAMBIA_CENTRAL_KABWE_BWACHA,28.341941228042526,-14.476746683885342,Zambia,CHE,SO2
1545,18.716133043001722,ZAMBIA_CENTRAL_KABWE_KABWE CENTRAL,28.516948134035072,-14.407877676196723,Zambia,CHE,SO2
1546,37.06239289991049,ZAMBIA_CENTRAL_KAPIRI MPOSHI_KAPIRI MPOSHI,28.102119922151484,-14.120700762098181,Zambia,CHE,SO2
1547,21.646578770011114,ZAMBIA_CENTRAL_MKUSHI_MKUSHI NORTH,29.469436639963092,-13.730329792225124,Zambia,CHE,SO2
1548,2.817906003128998,ZAMBIA_CENTRAL_MKUSHI_MKUSHI SOUTH,29.569217404421003,-14.436411331188475,Zambia,CHE,SO2
1549,18.14084336568283,ZAMBIA_CENTRAL_MUMBWA_MUMBWA,26.364188448292417,-14.900633988434736,Zambia,CHE,SO2
1550,5.614905518773036,ZAMBIA_CENTRAL_MUMBWA_MWEMBESHI,27.701977895362777,-15.40446287674476,Zambia,CHE,SO2
1551,12.15404821879221,ZAMBIA_CENTRAL_MUMBWA_NANGOMA,27.306575058954532,-15.258227671528992,Zambia,CHE,SO2
1552,8.969139936490112,ZAMBIA_CENTRAL_SERENJE_CHITAMBO,30.253472648282777,-12.560317914404294,Zambia,CHE,SO2
1553,17.06616541613431,ZAMBIA_CENTRAL_SERENJE_MUCHINGA,30.687809502617156,-13.471349520459055,Zambia,CHE,SO2
1554,11.860284050191375,ZAMBIA_CENTRAL_SERENJE_SERENJE,30.10589973967512,-13.040469573298045,Zambia,CHE,SO2
1555,16.739901860496634,ZAMBIA_COPPERBELT_CHILILABOMBWE_CHILILABOMBWE,27.81464871496207,-12.361165489706172,Zambia,CHE,SO2
1556,26.260221800381267,ZAMBIA_COPPERBELT_CHINGOLA_CHINGOLA,27.669026385939425,-12.505121590267066,Zambia,CHE,SO2
1557,11.655847354858285,ZAMBIA_COPPERBELT_CHINGOLA_NCHANGA,27.97081023345629,-12.528814058526129,Zambia,CHE,SO2
1558,22.760331745824335,ZAMBIA_COPPERBELT_KALULUSHI_KALULUSHI,27.96391886764875,-12.770501908865587,Zambia,CHE,SO2
1559,11.542194745426771,ZAMBIA_COPPERBELT_KITWE_CHIMWEMWE,28.18492901942876,-12.717092029024544,Zambia,CHE,SO2
1560,17.25275493096525,ZAMBIA_COPPERBELT_KITWE_KAMFINSA,28.35330783309189,-12.8095822567081,Zambia,CHE,SO2
1561,15.621873192198708,ZAMBIA_COPPERBELT_KITWE_KWACHA,28.302830727693767,-12.77594738834159,Zambia,CHE,SO2
1562,16.662983057650525,ZAMBIA_COPPERBELT_KITWE_NKANA,28.16694032204235,-12.811008579347963,Zambia,CHE,SO2
1563,18.027907254888284,ZAMBIA_COPPERBELT_KITWE_WUSAKILE,28.222488074533018,-12.92465702761479,Zambia,CHE,SO2
1564,17.33218770646892,ZAMBIA_COPPERBELT_LUANSHYA_LUANSHYA,28.46004980991987,-13.107078377377691,Zambia,CHE,SO2
1565,6.54814552641775,ZAMBIA_COPPERBELT_LUANSHYA_ROAN,28.303596506825578,-13.06750066483788,Zambia,CHE,SO2
1566,6.291253331436046,ZAMBIA_COPPERBELT_LUFWANYAMA_LUFWANYAMA,27.47764081880377,-12.975834907523659,Zambia,CHE,SO2
1567,6.62360183934131,ZAMBIA_COPPERBELT_MASAITI_KAFULAFUTA,28.808078308441427,-13.326356335242059,Zambia,CHE,SO2
1568,3.7551658564097585,ZAMBIA_COPPERBELT_MASAITI_MASAITI,28.553011385110448,-13.359027007303364,Zambia,CHE,SO2
1569,6.759786665166218,ZAMBIA_COPPERBELT_MPONGWE_MPONGWE,27.790650304373813,-13.595789579892758,Zambia,CHE,SO2
1570,8.330908125936094,ZAMBIA_COPPERBELT_MUFULIRA_KANKOYO,28.155127636110944,-12.495158993380908,Zambia,CHE,SO2
1571,8.790950201932434,ZAMBIA_COPPERBELT_MUFULIRA_KANTANSHI,28.326104841902225,-12.506850254258554,Zambia,CHE,SO2
1572,19.619051100170175,ZAMBIA_COPPERBELT_MUFULIRA_MUFULIRA,28.338024388673514,-12.6431226302504,Zambia,CHE,SO2
1573,38.78039136433971,ZAMBIA_COPPERBELT_NDOLA_BWANA MKUBWA,28.64549902864361,-13.056256733012118,Zambia,CHE,SO2
1574,10.822257642888452,ZAMBIA_COPPERBELT_NDOLA_CHIFUBU,28.60823451656592,-12.89879660397216,Zambia,CHE,SO2
1575,3.123547857460796,ZAMBIA_COPPERBELT_NDOLA_KABUSHI,28.627156043953665,-13.001741922109233,Zambia,CHE,SO2
1576,25.226761214435196,ZAMBIA_COPPERBELT_NDOLA_NDOLA,28.49890269696238,-12.901589820311179,Zambia,CHE,SO2
1577,10.049953143046576,ZAMBIA_EASTERN_CHADIZA_CHADIZA,32.39627549044243,-14.079002215254139,Zambia,CHE,SO2
1578,4.464186126290887,ZAMBIA_EASTERN_CHADIZA_VUBWI,32.76493860383449,-14.052840040124526,Zambia,CHE,SO2
1579,18.07201488747557,ZAMBIA_EASTERN_CHIPATA_CHIPANGALI,32.638200923536886,-13.30842953137994,Zambia,CHE,SO2
1580,30.402628484340102,ZAMBIA_EASTERN_CHIPATA_CHIPATA,32.60383734056898,-13.637216206455038,Zambia,CHE,SO2
1581,15.283147995004294,ZAMBIA_EASTERN_CHIPATA_KASENENGWA,32.26713323087467,-13.669423091567161,Zambia,CHE,SO2
1582,9.789948100501876,ZAMBIA_EASTERN_CHIPATA_LUANGENI,32.605070390811335,-13.843705990807868,Zambia,CHE,SO2
1583,8.977926047801363,ZAMBIA_EASTERN_KATETE_MILANZI,32.16528245031478,-14.1891307534823,Zambia,CHE,SO2
1584,22.045851311660396,ZAMBIA_EASTERN_KATETE_MKAIKA,31.9768863225823,-13.972148532747518,Zambia,CHE,SO2
1585,13.843878907510948,ZAMBIA_EASTERN_KATETE_SINDA,31.73979584134408,-14.178052121693852,Zambia,CHE,SO2
1586,19.726890907853786,ZAMBIA_EASTERN_LUNDAZI_CHASEFU,33.05328766635874,-11.996456926575963,Zambia,CHE,SO2
1587,15.496032597383198,ZAMBIA_EASTERN_LUNDAZI_LUMEZI,32.5895037879343,-12.649881756316528,Zambia,CHE,SO2
1588,20.020542995835402,ZAMBIA_EASTERN_LUNDAZI_LUNDAZI,33.2259898380257,-12.406307107286958,Zambia,CHE,SO2
1589,11.425328521003701,ZAMBIA_EASTERN_MAMBWE_MALAMBO,31.981789689929077,-13.346646229523834,Zambia,CHE,SO2
1590,13.937445360678636,ZAMBIA_EASTERN_NYIMBA_NYIMBA,30.58228012538245,-14.399411197527083,Zambia,CHE,SO2
1591,22.545154950671254,ZAMBIA_EASTERN_PETAUKE_KAPOCHE,31.494550896982194,-14.472461671217527,Zambia,CHE,SO2
1592,9.234125302908948,ZAMBIA_EASTERN_PETAUKE_MSANZALA,31.295942721648927,-14.317042186360203,Zambia,CHE,SO2
1593,24.227379964323976,ZAMBIA_EASTERN_PETAUKE_PETAUKE,31.395540922703685,-13.831094629172307,Zambia,CHE,SO2
1594,19.119756198669254,ZAMBIA_LUAPULA_CHIENGE_CHIENGE,29.126088992773784,-8.743468946806065,Zambia,CHE,SO2
1595,7.847357472408335,ZAMBIA_LUAPULA_KAWAMBWA_KAWAMBWA,29.075760100164228,-9.771943441852208,Zambia,CHE,SO2
1596,6.870278758545125,ZAMBIA_LUAPULA_KAWAMBWA_MWANSABOMBWE,28.789708265128425,-9.924894823988827,Zambia,CHE,SO2
1597,6.578252803014059,ZAMBIA_LUAPULA_KAWAMBWA_PAMBASHE,29.50887712310463,-9.839951270716938,Zambia,CHE,SO2
1598,35.10102179770853,ZAMBIA_LUAPULA_MANSA_BAHATI,28.96351540414113,-11.185629960923388,Zambia,CHE,SO2
1599,28.612754414377005,ZAMBIA_LUAPULA_MANSA_MANSA,28.819764023233848,-11.47139263102599,Zambia,CHE,SO2
1600,3.6571813343350126,ZAMBIA_LUAPULA_MILENGE_CHEMBE,29.17293034277804,-11.937612639540122,Zambia,CHE,SO2
1601,4.116041550799902,ZAMBIA_LUAPULA_MWENSE_CHIPILI,29.127537230682734,-10.416802146820574,Zambia,CHE,SO2
1602,1.600368696775632,ZAMBIA_LUAPULA_MWENSE_MAMBILIMA,28.708979324819012,-10.72243901358301,Zambia,CHE,SO2
1603,11.830254102903147,ZAMBIA_LUAPULA_MWENSE_MWENSE,28.704288885428422,-10.233840547996117,Zambia,CHE,SO2
1604,27.306122531184215,ZAMBIA_LUAPULA_NCHELENGE_NCHELENGE,28.799279562604337,-9.357480292222682,Zambia,CHE,SO2
1605,13.774726608015042,ZAMBIA_LUAPULA_SAMFYA_BANGEULU,29.625015084138838,-11.781064127014634,Zambia,CHE,SO2
1606,10.469045109751198,ZAMBIA_LUAPULA_SAMFYA_CHIFUNABULI,29.66126127594006,-11.049808045494856,Zambia,CHE,SO2
1607,2.889899939679027,ZAMBIA_LUAPULA_SAMFYA_LUAPULA,30.081224160051487,-11.57555382096848,Zambia,CHE,SO2
1608,50.83745064054317,ZAMBIA_LUSAKA_CHONGWE_CHONGWE,28.62232043220776,-15.375229425875759,Zambia,CHE,SO2
1609,9.564549110070836,ZAMBIA_LUSAKA_CHONGWE_RUFUNSA,29.502907057767036,-15.155837602230632,Zambia,CHE,SO2
1610,53.937155064634595,ZAMBIA_LUSAKA_KAFUE_CHILANGA,28.066936325812314,-15.44535490638688,Zambia,CHE,SO2
1611,30.377449076736777,ZAMBIA_LUSAKA_KAFUE_KAFUE,28.633553227376076,-15.719700213855967,Zambia,CHE,SO2
1612,3.083490868615949,ZAMBIA_LUSAKA_LUANGWA_FEIRA,30.001466666180438,-15.436979115223238,Zambia,CHE,SO2
1613,23.19326182119114,ZAMBIA_LUSAKA_LUSAKA_CHAWAMA,28.277892786058786,-15.494825189970678,Zambia,CHE,SO2
1614,21.929964853018,ZAMBIA_LUSAKA_LUSAKA_KABWATA,28.313576899992587,-15.469141457864835,Zambia,CHE,SO2
1615,69.77379228418319,ZAMBIA_LUSAKA_LUSAKA_KANYAMA,28.241833786918246,-15.448835877623589,Zambia,CHE,SO2
1616,37.05006751414908,ZAMBIA_LUSAKA_LUSAKA_LUSAKA CENTRAL,28.385718227507034,-15.443614423440085,Zambia,CHE,SO2
1617,39.738057451697166,ZAMBIA_LUSAKA_LUSAKA_MANDEVU,28.30690375089146,-15.355502657994798,Zambia,CHE,SO2
1618,39.725253115871894,ZAMBIA_LUSAKA_LUSAKA_MATERO,28.24892453686191,-15.368176359794754,Zambia,CHE,SO2
1619,29.07512186711193,ZAMBIA_LUSAKA_LUSAKA_MUNALI,28.36012897447861,-15.383652678329005,Zambia,CHE,SO2
1620,5.792368594530925,ZAMBIA_MUCHINGA_CHAMA_CHAMA NORTH,32.81643744468033,-10.880583533092976,Zambia,CHE,SO2
1621,13.174963272599623,ZAMBIA_MUCHINGA_CHAMA_CHAMA SOUTH,32.78471054140707,-11.6247965412926,Zambia,CHE,SO2
1622,14.10379314614153,ZAMBIA_MUCHINGA_CHINSALI_CHINSALI,32.20205651587303,-10.323776635389398,Zambia,CHE,SO2
1623,10.12763453706495,ZAMBIA_MUCHINGA_CHINSALI_SHIWANGANDU,31.721073704369985,-11.018271642196154,Zambia,CHE,SO2
1624,13.891305378567088,ZAMBIA_MUCHINGA_ISOKA_ISOKA,32.83157916201906,-10.015458694518209,Zambia,CHE,SO2
1625,12.928066926147979,ZAMBIA_MUCHINGA_MAFINGA_MAFINGA,33.320064435132885,-10.350038785725467,Zambia,CHE,SO2
1626,12.345498378462047,ZAMBIA_MUCHINGA_MPIKA_KANCHIBIYA,30.767597782864076,-11.793121981043948,Zambia,CHE,SO2
1627,4.304444794210113,ZAMBIA_MUCHINGA_MPIKA_MFUWE,31.68140990235467,-12.460736570531072,Zambia,CHE,SO2
1628,18.100093767817775,ZAMBIA_MUCHINGA_MPIKA_MPIKA,31.600995341696276,-11.82141862258269,Zambia,CHE,SO2
1629,19.97867348143091,ZAMBIA_MUCHINGA_NAKONDE_NAKONDE,32.59445867875421,-9.48933692360338,Zambia,CHE,SO2
1630,6.087334049608157,ZAMBIA_NORTH-WESTERN_CHAVUMA_CHAVUMA,22.42573267284074,-13.22307607264871,Zambia,CHE,SO2
1631,5.977030139993947,ZAMBIA_NORTH-WESTERN_IKELENGE_IKELENGE,24.265566159411794,-11.264693559055068,Zambia,CHE,SO2
1632,8.632847345314728,ZAMBIA_NORTH-WESTERN_KABOMPO_KABOMPO EAST,24.333259981075226,-13.000787615759398,Zambia,CHE,SO2
1633,8.017919807259819,ZAMBIA_NORTH-WESTERN_KABOMPO_KABOMPO WEST,23.967433420364337,-13.543246354862898,Zambia,CHE,SO2
1634,9.841248397017726,ZAMBIA_NORTH-WESTERN_KASEMPA_KASEMPA,26.225215837797798,-13.697546089000006,Zambia,CHE,SO2
1635,9.815078950986408,ZAMBIA_NORTH-WESTERN_MUFUMBWE_MUFUMBWE,25.222580629080518,-13.82667330878823,Zambia,CHE,SO2
1636,17.71864505576242,ZAMBIA_NORTH-WESTERN_MWINILUNGA_MWINILUNGA,24.66864327756739,-12.00169258239465,Zambia,CHE,SO2
1637,23.906985220932558,ZAMBIA_NORTH-WESTERN_SOLWEZI_SOLWEZI CENTRAL,26.44180853806062,-12.23351559486465,Zambia,CHE,SO2
1638,5.488641241589496,ZAMBIA_NORTH-WESTERN_SOLWEZI_SOLWEZI EAST,26.924860431725694,-12.47471580400728,Zambia,CHE,SO2
1639,13.935336832504266,ZAMBIA_NORTH-WESTERN_SOLWEZI_SOLWEZI WEST,25.64177287198704,-12.432625474734706,Zambia,CHE,SO2
1640,12.516055646784258,ZAMBIA_NORTH-WESTERN_ZAMBEZI_ZAMBEZI EAST,23.352098742368717,-13.506899960265104,Zambia,CHE,SO2
1641,4.0105810032242335,ZAMBIA_NORTH-WESTERN_ZAMBEZI_ZAMBEZI WEST,22.68845582256741,-13.661697661175266,Zambia,CHE,SO2
1642,13.660963391345804,ZAMBIA_NORTHERN_CHILUBI_CHILUBI,30.23872612353324,-11.097573495570215,Zambia,CHE,SO2
1643,5.192756582315442,ZAMBIA_NORTHERN_KAPUTA_CHIMBAMILONGA,30.119408096016002,-8.840847206858331,Zambia,CHE,SO2
1644,10.800365735385835,ZAMBIA_NORTHERN_KAPUTA_KAPUTA,29.670380201705797,-8.747788369420219,Zambia,CHE,SO2
1645,26.62912502332666,ZAMBIA_NORTHERN_KASAMA_KASAMA,30.925954822365615,-10.044291996416009,Zambia,CHE,SO2
1646,23.72673579133989,ZAMBIA_NORTHERN_KASAMA_LUKASHYA,30.961511545081454,-10.567400463097538,Zambia,CHE,SO2
1647,12.567586902205004,ZAMBIA_NORTHERN_LUWINGU_LUBASENSHI,30.35622609217487,-10.619038732815206,Zambia,CHE,SO2
1648,11.58845532840266,ZAMBIA_NORTHERN_LUWINGU_LUPOSOSHI,29.69126154256829,-10.62270072169756,Zambia,CHE,SO2
1649,20.64831251245167,ZAMBIA_NORTHERN_MBALA_MBALA,31.42437500732999,-8.951021217432977,Zambia,CHE,SO2
1650,14.598172227906769,ZAMBIA_NORTHERN_MBALA_NSENGA HILL,31.655127392254517,-9.319794073965294,Zambia,CHE,SO2
1651,9.539107372084473,ZAMBIA_NORTHERN_MPOROKOSO_LUNTE,30.403652875074233,-9.823323451491882,Zambia,CHE,SO2
1652,7.005361354008634,ZAMBIA_NORTHERN_MPOROKOSO_MPOROKOSO,29.883883348105797,-9.437855153817008,Zambia,CHE,SO2
1653,18.44808512709931,ZAMBIA_NORTHERN_MPULUNGU_MPULUNGU,30.78636919692387,-8.968610296667714,Zambia,CHE,SO2
1654,23.863892970325246,ZAMBIA_NORTHERN_MUNGWI_MALOLE,31.728489567287085,-9.896913955738247,Zambia,CHE,SO2
1655,28.982070234796684,ZAMBIA_SOUTHERN_CHOMA_CHOMA,27.03480670841098,-16.91005369465202,Zambia,CHE,SO2
1656,4.521556556324762,ZAMBIA_SOUTHERN_CHOMA_MBABALA,26.878091190949394,-16.397242287620944,Zambia,CHE,SO2
1657,7.981279080419922,ZAMBIA_SOUTHERN_CHOMA_PEMBA,27.389336109531165,-16.6922264694868,Zambia,CHE,SO2
1658,6.1735853738982565,ZAMBIA_SOUTHERN_GWEMBE_GWEMBE,27.902856111757792,-16.68233138263457,Zambia,CHE,SO2
1659,13.650040225222881,ZAMBIA_SOUTHERN_ITEZHI-TEZHI_ITEZHI-TEZHI,26.020217543791258,-15.7607528165834,Zambia,CHE,SO2
1660,12.228117432132278,ZAMBIA_SOUTHERN_KALOMO_DUNDUMWEZI,26.347684943863122,-16.562181114840755,Zambia,CHE,SO2
1661,23.081683072960654,ZAMBIA_SOUTHERN_KALOMO_KALOMO CENTRAL,26.543830205005484,-17.04577047621827,Zambia,CHE,SO2
1662,10.50980605548053,ZAMBIA_SOUTHERN_KALOMO_MAPATIZYA,26.573648865923055,-17.60560978993712,Zambia,CHE,SO2
1663,14.502456189894726,ZAMBIA_SOUTHERN_KAZUNGULA_KATOMBOLA,25.620145077663306,-17.10654461326524,Zambia,CHE,SO2
1664,25.52328072707317,ZAMBIA_SOUTHERN_LIVINGSTONE_LIVINGSTONE,25.839580948996286,-17.78612641067007,Zambia,CHE,SO2
1665,10.104802984110243,ZAMBIA_SOUTHERN_MAZABUKA_CHIKANKANTA,28.249723480811323,-16.043422007395407,Zambia,CHE,SO2
1666,10.585002572922154,ZAMBIA_SOUTHERN_MAZABUKA_MAGOYE,27.622182683908022,-15.892078551482996,Zambia,CHE,SO2
1667,16.199870466482587,ZAMBIA_SOUTHERN_MAZABUKA_MAZABUKA,27.866970138091503,-15.883245062553383,Zambia,CHE,SO2
1668,17.5792869306353,ZAMBIA_SOUTHERN_MONZE_BWEENGWA,27.295625399394282,-16.052573578414865,Zambia,CHE,SO2
1669,10.024071311102228,ZAMBIA_SOUTHERN_MONZE_MONZE,27.424178441098487,-16.37563866559767,Zambia,CHE,SO2
1670,3.2523493161918644,ZAMBIA_SOUTHERN_MONZE_MOOMBA,27.74187104427267,-16.27482011727548,Zambia,CHE,SO2
1671,16.931768666674607,ZAMBIA_SOUTHERN_NAMWALA_NAMWALA,26.754936143714463,-15.941500457068749,Zambia,CHE,SO2
1672,13.454709348736506,ZAMBIA_SOUTHERN_SIAVONGA_SIAVONGA,28.558985238419726,-16.299401498003242,Zambia,CHE,SO2
1673,17.419232016271557,ZAMBIA_SOUTHERN_SINAZONGWE_SINAZONGWE,27.2807179112331,-17.412421319914454,Zambia,CHE,SO2
1674,5.1663541661341865,ZAMBIA_WESTERN_KALABO_KALABO,22.668138967214684,-15.307899116519774,Zambia,CHE,SO2
1675,5.885214577688848,ZAMBIA_WESTERN_KALABO_LIUWA,22.52502997101939,-14.544065929033211,Zambia,CHE,SO2
1676,8.450265791395116,ZAMBIA_WESTERN_KALABO_SIKONGO,22.23056038773834,-15.257742796071241,Zambia,CHE,SO2
1677,7.757799285785892,ZAMBIA_WESTERN_KAOMA_KAOMA CENTRAL,25.04922080679012,-14.711954129645061,Zambia,CHE,SO2
1678,9.6354788223415,ZAMBIA_WESTERN_KAOMA_LUAMPA,24.7584458265249,-15.368086057238425,Zambia,CHE,SO2
1679,15.241892039343663,ZAMBIA_WESTERN_KAOMA_MANGANGO,24.20746270318245,-14.68910855437414,Zambia,CHE,SO2
1680,10.64716933897724,ZAMBIA_WESTERN_LUKULU_LUKULU EAST,23.81996806853094,-14.315822982748186,Zambia,CHE,SO2
1681,6.020942398992479,ZAMBIA_WESTERN_LUKULU_LUKULU WEST,22.70316851981578,-14.164055699101722,Zambia,CHE,SO2
1682,7.305843451817324,ZAMBIA_WESTERN_MONGU_LUENA,23.38135094476587,-14.985379948947877,Zambia,CHE,SO2
1683,21.269413718001978,ZAMBIA_WESTERN_MONGU_MONGU,23.068428950456155,-15.31687093689524,Zambia,CHE,SO2
1684,4.4100152329431195,ZAMBIA_WESTERN_MONGU_NALIKWANDA,23.72533656058688,-15.414725554230015,Zambia,CHE,SO2
1685,10.448934571663857,ZAMBIA_WESTERN_SENANGA_NALOLO,22.99253670582597,-15.779390158424558,Zambia,CHE,SO2
1686,8.302472860217287,ZAMBIA_WESTERN_SENANGA_SENANGA,23.792887275411474,-16.016325554311614,Zambia,CHE,SO2
1687,5.427971219330741,ZAMBIA_WESTERN_SESHEKE_MULOBEZI,24.724112710511307,-16.289759152706516,Zambia,CHE,SO2
1688,1.2501396701393723,ZAMBIA_WESTERN_SESHEKE_MWANDI,24.670803007655817,-17.12205319673227,Zambia,CHE,SO2
1689,6.82750482376089,ZAMBIA_WESTERN_SESHEKE_SESHEKE,23.916635107519514,-17.092487993044916,Zambia,CHE,SO2
1690,14.507700414981548,ZAMBIA_WESTERN_SHANGOMBO_SINJEMBELA,22.839280468061588,-16.556734241433883,Zambia,CHE,SO2
1691,0,ZIMBABWE_BULAWAYO_BULAWAYO,28.55567706568358,-20.121806460207072,Zimbabwe,CHE,SO2
1692,0,ZIMBABWE_HARARE_CHITUNGWIZA,31.062838912942162,-18.014236385326917,Zimbabwe,CHE,SO2
1693,0,ZIMBABWE_HARARE_EPWORTH,31.158844682035582,-17.895344948865215,Zimbabwe,CHE,SO2
1694,0,ZIMBABWE_HARARE_HARARE RURAL,31.033297352175815,-17.944938825553283,Zimbabwe,CHE,SO2
1695,0,ZIMBABWE_HARARE_HARARE URBAN,31.053673281248084,-17.8087732583129,Zimbabwe,CHE,SO2
1696,0,ZIMBABWE_MANICALAND_BUHERA,31.868285637589167,-19.44901571975412,Zimbabwe,CHE,SO2
1697,9.912922178478252e-4,ZIMBABWE_MANICALAND_CHIMANIMANI,32.72164024280516,-19.784108007827292,Zimbabwe,CHE,SO2
1698,0.045037249494844854,ZIMBABWE_MANICALAND_CHIPINGE RURAL,32.47381587494327,-20.496658221164754,Zimbabwe,CHE,SO2
1699,0,ZIMBABWE_MANICALAND_CHIPINGE URBAN,32.62525066931281,-20.203342282599305,Zimbabwe,CHE,SO2
1700,0,ZIMBABWE_MANICALAND_MAKONI,32.182681398233086,-18.362321102437782,Zimbabwe,CHE,SO2
1701,0.024311394036048217,ZIMBABWE_MANICALAND_MUTARE RURAL,32.42405654036695,-19.23143328486722,Zimbabwe,CHE,SO2
1702,0.002547270187720026,ZIMBABWE_MANICALAND_MUTARE URBAN,32.620103748244716,-18.993444874807192,Zimbabwe,CHE,SO2
1703,0.023567570518941892,ZIMBABWE_MANICALAND_MUTASA,32.708920145094964,-18.63951558406826,Zimbabwe,CHE,SO2
1704,0.00567621488679016,ZIMBABWE_MANICALAND_NYANGA,32.75779759089013,-17.937869291717597,Zimbabwe,CHE,SO2
1705,0,ZIMBABWE_MANICALAND_RUSAPE,32.13124708351301,-18.538249469398476,Zimbabwe,CHE,SO2
1706,0,ZIMBABWE_MASHONALAND CENTRAL_BINDURA,31.308333991475948,-17.245810503074562,Zimbabwe,CHE,SO2
1707,0,ZIMBABWE_MASHONALAND CENTRAL_BINDURA URBAN,31.338858234356994,-17.3093886532423,Zimbabwe,CHE,SO2
1708,0,ZIMBABWE_MASHONALAND CENTRAL_CENTENARY,31.143553067008124,-16.426346851768386,Zimbabwe,CHE,SO2
1709,0,ZIMBABWE_MASHONALAND CENTRAL_GURUVE,30.657935830574306,-16.684420866652317,Zimbabwe,CHE,SO2
1710,0,ZIMBABWE_MASHONALAND CENTRAL_MAZOWE,30.931668747440714,-17.252158251526673,Zimbabwe,CHE,SO2
1711,0,ZIMBABWE_MASHONALAND CENTRAL_MBIRE,30.519312056760068,-16.11820181165008,Zimbabwe,CHE,SO2
1712,0.02181475533609235,ZIMBABWE_MASHONALAND CENTRAL_MOUNT DARWIN,31.651491668814078,-16.571909628015707,Zimbabwe,CHE,SO2
1713,0,ZIMBABWE_MASHONALAND CENTRAL_MVURI,30.85020407197247,-17.024637648570337,Zimbabwe,CHE,SO2
1714,0.0024082608826047603,ZIMBABWE_MASHONALAND CENTRAL_RUSHINGA,32.294391117865416,-16.608502576184932,Zimbabwe,CHE,SO2
1715,0,ZIMBABWE_MASHONALAND CENTRAL_SHAMVA,31.63881570830867,-17.094658891017033,Zimbabwe,CHE,SO2
1716,0,ZIMBABWE_MASHONALAND EAST_CHIKOMBA,31.10402641900697,-18.890937479797454,Zimbabwe,CHE,SO2
1717,0,ZIMBABWE_MASHONALAND EAST_GOROMONZI,31.33811610926192,-17.784846519288877,Zimbabwe,CHE,SO2
1718,0,ZIMBABWE_MASHONALAND EAST_HWEDZA,31.63567042276917,-18.735938924713302,Zimbabwe,CHE,SO2
1719,0,ZIMBABWE_MASHONALAND EAST_MARONDERA,31.497737809885596,-18.2710373540706,Zimbabwe,CHE,SO2
1720,0,ZIMBABWE_MASHONALAND EAST_MARONDERA URBAN,31.548361807518038,-18.199991583553473,Zimbabwe,CHE,SO2
1721,0.1491245819254947,ZIMBABWE_MASHONALAND EAST_MUDZI,32.63753498981691,-17.031754865127553,Zimbabwe,CHE,SO2
1722,0,ZIMBABWE_MASHONALAND EAST_MUREHWA,31.821688822036187,-17.796798612607663,Zimbabwe,CHE,SO2
1723,0,ZIMBABWE_MASHONALAND EAST_MUTOKO,32.27426153980204,-17.444387012058822,Zimbabwe,CHE,SO2
1724,0,ZIMBABWE_MASHONALAND EAST_RUWA LOCAL BOARD,31.228165448921906,-17.884607511234528,Zimbabwe,CHE,SO2
1725,0,ZIMBABWE_MASHONALAND EAST_SEKE,30.953065122788516,-18.254181114854948,Zimbabwe,CHE,SO2
1726,0,ZIMBABWE_MASHONALAND EAST_UZUMBA-MARAMBA-PFUNGWE,32.043136848699056,-17.081573218275697,Zimbabwe,CHE,SO2
1727,0,ZIMBABWE_MASHONALAND WEST_CHEGUTU,30.395139990113776,-18.143600800629375,Zimbabwe,CHE,SO2
1728,0,ZIMBABWE_MASHONALAND WEST_CHEGUTU URBAN,30.13470538711357,-18.12439557940687,Zimbabwe,CHE,SO2
1729,0,ZIMBABWE_MASHONALAND WEST_CHINHOYI,30.129570688206996,-17.358929514724238,Zimbabwe,CHE,SO2
1730,0.623332768758585,ZIMBABWE_MASHONALAND WEST_HURUNGWE,29.53703485277088,-16.437165238308324,Zimbabwe,CHE,SO2
1731,0,ZIMBABWE_MASHONALAND WEST_KADOMA,29.92798975734448,-18.33918663580368,Zimbabwe,CHE,SO2
1732,2.532708330764804,ZIMBABWE_MASHONALAND WEST_KARIBA,28.61128807360195,-16.89292695403643,Zimbabwe,CHE,SO2
1733,0.3649937585135568,ZIMBABWE_MASHONALAND WEST_KARIBA URBAN,28.808652741937127,-16.523383393233598,Zimbabwe,CHE,SO2
1734,0,ZIMBABWE_MASHONALAND WEST_KAROI,29.694591418294163,-16.820573750915116,Zimbabwe,CHE,SO2
1735,0,ZIMBABWE_MASHONALAND WEST_MAKONDE,30.012073182765725,-17.123223173134424,Zimbabwe,CHE,SO2
1736,0,ZIMBABWE_MASHONALAND WEST_MHONDORONGEZI,30.163967503298224,-18.577761621097395,Zimbabwe,CHE,SO2
1737,0,ZIMBABWE_MASHONALAND WEST_NORTON,30.678320648378314,-17.88198298430611,Zimbabwe,CHE,SO2
1738,0,ZIMBABWE_MASHONALAND WEST_SANYATI,29.581196326682427,-18.02169161774344,Zimbabwe,CHE,SO2
1739,0,ZIMBABWE_MASHONALAND WEST_ZVIMBA,30.44738003368097,-17.503589961775102,Zimbabwe,CHE,SO2
1740,0,ZIMBABWE_MASVINGO_BIKITA,31.91211467778198,-20.145279592483647,Zimbabwe,CHE,SO2
1741,0.48588926076753475,ZIMBABWE_MASVINGO_CHIREDZI RURAL,31.683341413535224,-21.347708807444196,Zimbabwe,CHE,SO2
1742,0,ZIMBABWE_MASVINGO_CHIREDZI URBAN,31.67971758814407,-21.029338840368688,Zimbabwe,CHE,SO2
1743,0,ZIMBABWE_MASVINGO_CHIVI,30.575374256749075,-20.490369810018144,Zimbabwe,CHE,SO2
1744,0,ZIMBABWE_MASVINGO_GUTU,31.242523750576176,-19.610801584902255,Zimbabwe,CHE,SO2
1745,0,ZIMBABWE_MASVINGO_MASVINGO,30.83494037723815,-20.07306774396139,Zimbabwe,CHE,SO2
1746,0,ZIMBABWE_MASVINGO_MASVINGO RURAL,30.910738382293413,-20.260376828144526,Zimbabwe,CHE,SO2
1747,0,ZIMBABWE_MASVINGO_MWENEZI,30.691741175078764,-21.36544378064084,Zimbabwe,CHE,SO2
1748,0,ZIMBABWE_MASVINGO_ZAKA,31.42731784993799,-20.386700025852814,Zimbabwe,CHE,SO2
1749,0,ZIMBABWE_MATABELELAND NORTH_BINGA,27.656210711179945,-17.789917553155632,Zimbabwe,CHE,SO2
1750,0,ZIMBABWE_MATABELELAND NORTH_BUBI,28.685180931499218,-19.513947345699094,Zimbabwe,CHE,SO2
1751,4.819385160282189,ZIMBABWE_MATABELELAND NORTH_HWANGE,26.423179889687354,-18.71113404476513,Zimbabwe,CHE,SO2
1752,0,ZIMBABWE_MATABELELAND NORTH_HWANGE URBAN,26.46801043565975,-18.372016600758958,Zimbabwe,CHE,SO2
1753,0,ZIMBABWE_MATABELELAND NORTH_LUPANE,27.79328072988368,-18.839114218902946,Zimbabwe,CHE,SO2
1754,0,ZIMBABWE_MATABELELAND NORTH_NKAYI,28.661176006857257,-18.88355717575602,Zimbabwe,CHE,SO2
1755,0,ZIMBABWE_MATABELELAND NORTH_TSHOLOTSHO,27.414283617138953,-19.61964010445645,Zimbabwe,CHE,SO2
1756,0,ZIMBABWE_MATABELELAND NORTH_UMGUZA,28.271066028232603,-19.819869340116053,Zimbabwe,CHE,SO2
1757,0.09649907319025158,ZIMBABWE_MATABELELAND NORTH_VICTORIA FALLS,25.829883287476026,-17.92990704990956,Zimbabwe,CHE,SO2
1758,0.12593875642101612,ZIMBABWE_MATABELELAND SOUTH_BEITBRIDGE RURAL,30.032227315484988,-21.908181587615122,Zimbabwe,CHE,SO2
1759,0.01935633245859107,ZIMBABWE_MATABELELAND SOUTH_BEITBRIDGE URBAN,30.005198690269744,-22.19816655945671,Zimbabwe,CHE,SO2
1760,0,ZIMBABWE_MATABELELAND SOUTH_BULILIMA,27.573442352722388,-20.169421371289143,Zimbabwe,CHE,SO2
1761,0,ZIMBABWE_MATABELELAND SOUTH_GWANDA,29.162201344353758,-21.236732145513137,Zimbabwe,CHE,SO2
1762,0,ZIMBABWE_MATABELELAND SOUTH_GWANDA URBAN,29.001018112960306,-20.93393035805012,Zimbabwe,CHE,SO2
1763,0,ZIMBABWE_MATABELELAND SOUTH_INSIZA,29.405124054354932,-20.257921118201494,Zimbabwe,CHE,SO2
1764,0,ZIMBABWE_MATABELELAND SOUTH_MATOBO,28.491004036525954,-20.955582194378135,Zimbabwe,CHE,SO2
1765,0,ZIMBABWE_MATABELELAND SOUTH_PLUMTREE,27.816351882493578,-20.50409730643698,Zimbabwe,CHE,SO2
1766,0,ZIMBABWE_MATABELELAND SOUTH_UMZINGWANE,28.94552119766589,-20.34465698117629,Zimbabwe,CHE,SO2
1767,0,ZIMBABWE_MIDLANDS_CHIRUMANZU,30.481519343037423,-19.319633373328976,Zimbabwe,CHE,SO2
1768,0,ZIMBABWE_MIDLANDS_GOKWE NORTH,28.837677893701187,-17.570419471118004,Zimbabwe,CHE,SO2
1769,0,ZIMBABWE_MIDLANDS_GOKWE SOUTH,28.645633627572618,-18.206523936363304,Zimbabwe,CHE,SO2
1770,0,ZIMBABWE_MIDLANDS_GOKWE TOWN,28.940176689013466,-18.22128365220127,Zimbabwe,CHE,SO2
1771,0,ZIMBABWE_MIDLANDS_GWERU,29.817923337717286,-19.45269647021317,Zimbabwe,CHE,SO2
1772,0,ZIMBABWE_MIDLANDS_GWERU RURAL,29.63690224470826,-19.466810605052125,Zimbabwe,CHE,SO2
1773,0,ZIMBABWE_MIDLANDS_KWEKWE,29.81635406697312,-18.917482667926965,Zimbabwe,CHE,SO2
1774,0,ZIMBABWE_MIDLANDS_KWEKWE RURAL,29.551841911899576,-18.878863937431618,Zimbabwe,CHE,SO2
1775,0,ZIMBABWE_MIDLANDS_MBERENGWA,30.01016178871132,-20.74365987883918,Zimbabwe,CHE,SO2
1776,0,ZIMBABWE_MIDLANDS_REDCLIFF,29.76586767080143,-19.022868422004397,Zimbabwe,CHE,SO2
1777,0,ZIMBABWE_MIDLANDS_SHURUGWI,29.99793599865513,-19.69370465973288,Zimbabwe,CHE,SO2
1778,0,ZIMBABWE_MIDLANDS_SHURUGWI RURAL,30.15294241347956,-19.750231393050633,Zimbabwe,CHE,SO2
1779,0,ZIMBABWE_MIDLANDS_ZVISHAVANE,30.078676585245802,-20.27716243014893,Zimbabwe,CHE,SO2
1780,0,ZIMBABWE_MIDLANDS_ZVISHAVANE MINE,30.053840966799243,-20.319854351134133,Zimbabwe,CHE,SO2
1781,0,ZIMBABWE_MATABELELAND SOUTH_MANGWE,28.019398455119735,-20.990691255910058,Zimbabwe,CHE,SO2
