GEOID10,Base_HNO3_mol,Base_NH3f_mol,Base_NO3_mol
01001,0.021977144410311386,0.013905424513292117,0.0066392450779228515
01003,0.01924691838916005,0,0.004243548190673484
01005,0.021098469767673267,0.033016221428570316,0.008844416818117517
01007,0.022674168968585515,0.013828896609550265,0.006805084152727643
01009,0.027171690355699482,0.13075506131013293,0.024410048500492294
01011,0.020650131191422148,0.02340064092407057,0.007500531700628259
01013,0.01849590893529019,0.09752327812453494,0.01588206605993217
01015,0.029216038483304115,0.07730277814471125,0.01769225509909549
01017,0.024513229433027285,0.0364452186320937,0.010317189482716694
01019,0.0335273309011514,0.10127068046634562,0.02312903841684704
01021,0.0215010072690448,0.012379848335322172,0.006324001449959386
01023,0.018950007615113923,0.02929397851415186,0.007754197500297126
01025,0.017295415637900595,0.010957720513338765,0.005109524767809177
01027,0.026471616899947144,0.046346118996354144,0.012290988442293527
01029,0.028607131365982818,0.08727710243999466,0.01888821015491664
01031,0.018475180888865975,0.10634955371473163,0.01694077923369829
01033,0.026257188678846497,0.06385420994753341,0.014650737726471448
01035,0.01800472992422418,0.015257638706480503,0.005799308468257222
01037,0.024237817079675695,0.020242336826675825,0.008059703566954624
01039,0.01793303335780041,0.07041559553479065,0.012386291218121877
01041,0.019850179017554336,0.06850291523812932,0.012880105553310667
01043,0.026524772177273937,0.49711861319002354,0.026524772177273937
01045,0.01888701309555472,0.08749901719587862,0.014833188853508249
01047,0.020784342840838334,0.011255051600901164,0.006003685946899664
01049,0.03337235306488624,0.17151970237501063,0.03337235306488624
01051,0.0230161056111789,0.021057250616280526,0.007840872699267329
01053,0.018508984052324793,0.01073603091879708,0.0053806459791944285
01055,0.029660616218032027,0.10981468143485244,0.022633676226462993
01057,0.0225646304033561,0.037335140324641136,0.009841236152771637
01059,0.02524238665469774,0.09737490586709519,0.01885307851005088
01061,0.017841860838107952,0.2981625920238697,0.017841860838107952
01063,0.020228134728292775,0.018493240293835658,0.00677150437343413
01065,0.01989996959021842,0.011957899804059174,0.005873277012702212
01067,0.01957643181693938,0.03490862554111199,0.008627709765350327
01069,0.018601342281770794,0.04626064179975779,0.009711692202406544
01071,0.03431534496167867,0.12356025506508866,0.026989011776684533
01073,0.027978934980926903,0.0443182447689016,0.012493585972822045
01075,0.021777640391565347,0.029268965934484456,0.008563741229525763
01077,0.026001249094829697,0.04622304243853294,0.012120447750146488
01079,0.027049415853740807,0.11120381617252566,0.021597859044887327
01081,0.024249808138596556,0.02253572874832073,0.008370652488427204
01083,0.02849703034902469,0.0721380014225389,0.016663491714969055
01085,0.01882425112470047,0.08359085038480764,0.01433082663350198
01087,0.0220193838259441,0.0176437370493418,0.007132487206823065
01089,0.03126768284135473,0.08581565722637298,0.01978598728311518
01091,0.018444622495624636,0.016940415880767043,0.0061151202315345606
01093,0.022953481835712674,0.06498353385645969,0.013588371415837758
01095,0.02984862438137856,0.20202669539955714,0.02984862438137856
01097,0.02137022872109421,5.173549071639666e-4,0.00477771312293936
01099,0.01802311143946371,0.014646090523113067,0.005730642042749952
01101,0.02287378384284043,0.028783503655107484,0.008815130473429593
01103,0.027381636057659756,0.10712987337835984,0.02117970260516711
01105,0.020213713210499317,0.00814105482126909,0.0054740537964475386
01107,0.021391725616016852,0.05431722730107022,0.011650437571209987
01109,0.01974548072756517,0.06140990496994343,0.01196184152833774
01111,0.025934058932296337,0.06552287520039575,0.014762676463073884
01113,0.024680340731845406,0.018833310600472053,0.007987281037398724
01115,0.029293922802785217,0.0750067568306182,0.017388614073452425
01117,0.029937577433222846,0.02945863798484026,0.010936638922484197
01119,0.019317868874463767,0.02531526153359112,0.007370879584185455
01121,0.026886540807532704,0.04489621200716866,0.012223122341153574
01123,0.023807172193367542,0.019246999300857992,0.007812273484461335
01125,0.02370137281252003,0.027764884065209466,0.008916630643872284
01127,0.025000863609676342,0.16086852892983883,0.025000863609676342
01129,0.01860806829569787,0.0278126318393552,0.007476232224623208
01131,0.017653276416320172,0.006250021598513469,0.004636640937068755
01133,0.024697709451875858,0.15433301310475495,0.024697709451875858
04001,0.005183837070518566,0.0037239259817270984,0.0014803629634840452
04003,0.006625670567879605,0.036239078012509196,0.004863959171569521
04005,0.006276697208650261,0.005792278116877924,0.0019232027711456687
04007,0.0075589789143523985,0.014935485214493529,0.003101019061227956
04009,0.004328573608973795,0.010414528700862511,0.0018776882180943325
04011,0.0034695822401883637,0.005784998976575509,0.001266497503586807
04012,0.006280429035492561,0.009842903008331927,0.0023012643137559075
04013,0.02045906063756798,0.1277252964869708,0.02045906063756798
04015,0.006332773268863083,0.003957410806843118,0.0017652286020711885
04017,0.00446039447912915,0.0035192221203613743,0.0012964910010515958
04019,0.008101919866104168,0.02535340381955392,0.00425273709755889
04021,0.01568691723182036,0.07455961798823972,0.012004552698233785
04023,0.007476619268061481,0.018766264733425887,0.003447240071601526
04025,0.01195943010182555,0.03175107815992595,0.006005560759858021
04027,0.006606845965702384,0.06745784089409966,0.006606845965702384
05001,0.020694654031060557,0.12119294313522361,0.019840847258065595
05003,0.020009115875328512,0.09014748452261702,0.015634725824447245
05005,0.016846630603403776,0.08230190052638112,0.013365809374549578
05007,0.019759432004119056,0.29114303066742986,0.019759432004119056
05009,0.017500476268518708,0.17880834968215248,0.017500476268518708
05011,0.019290604024268503,0.08903233038616401,0.015191261848890237
05013,0.01953993997917741,0.07940493430023783,0.014108711850773557
05015,0.017967119764574633,0.24875836868565565,0.017967119764574633
05017,0.02066740210989486,0.13363888137077495,0.02066740210989486
05019,0.019072462979540763,0.1004574846433674,0.016496718564280234
05021,0.02027044635706696,0.10529296004128573,0.017640808171239863
05023,0.017731732752411123,0.12088043207476741,0.017731732752411123
05025,0.019088624843533988,0.11542709514407609,0.018336176126366253
05027,0.02032295586116846,0.0999351922039497,0.016994150892069976
05029,0.0186929270100552,0.17847946916333216,0.0186929270100552
05031,0.021135247459957124,0.11533599835923423,0.01931578428240126
05033,0.020277993724181806,0.20863859067674184,0.020277993724181806
05035,0.026306373518351363,0.10964697132408383,0.0210289433477457
05037,0.022097384675928606,0.14107314489786224,0.022097384675928606
05039,0.019256319630218646,0.08076398842424003,0.014161565544894394
05041,0.019736159842492752,0.12315294967128129,0.019606807739937723
05043,0.019722030643726376,0.09974613290574254,0.01670098607223616
05045,0.019668916675257327,0.11072797327921396,0.01803583812536601
05047,0.019269298926578804,0.27401679375760873,0.019269298926578804
05049,0.016789187230309182,0.06720337088480635,0.011573728949258172
05051,0.019219661424263318,0.1180660243464963,0.018723415630038823
05053,0.020208761598075796,0.08771168117796638,0.015415516518594425
05055,0.0209356876542088,0.10899721437886226,0.0184165921068106
05057,0.018446398303212198,0.19015509533701286,0.018446398303212198
05059,0.019897146315568853,0.09786980545073014,0.01654640097661706
05061,0.016731788771080062,0.15936679580627253,0.016731788771080062
05063,0.01806059373228432,0.11265871339133988,0.0175059712019708
05065,0.016993702799450942,0.08308156740164677,0.013517594649681918
05067,0.019382222673357066,0.09990244698837447,0.016567832014271183
05069,0.0206706726256802,0.1114258475199052,0.018598170279830743
05071,0.018065398883048246,0.26469715424861284,0.018065398883048246
05073,0.020104661853167737,0.19953509633053604,0.020104661853167737
05075,0.018641168046554017,0.09454566678042868,0.015585076095288893
05077,0.02460298435988293,0.1472141631626923,0.02460298435988293
05079,0.01989871200263973,0.12213204489644908,0.019561560138873085
05081,0.0172679456488336,0.13874849992358676,0.0172679456488336
05083,0.019145829972513656,0.25556184130685256,0.019145829972513656
05085,0.021790950559663826,0.11009086475398278,0.018958839319176336
05087,0.018630064102386587,0.25316071974406157,0.018630064102386587
05089,0.017040295523607158,0.12878801121072014,0.017040295523607158
05091,0.02008627978503807,0.17499745972045627,0.02008627978503807
05093,0.022246559590756762,0.21658534581037595,0.022246559590756762
05095,0.021642181344537194,0.11614430012596566,0.019664836481089965
05097,0.018354461527741155,0.13921443579699477,0.018354461527741155
05099,0.01908660807611815,0.14148122539121538,0.01908660807611815
05101,0.0171259950942944,0.13466224327310156,0.0171259950942944
05103,0.019270219956092134,0.07904255525598855,0.013955789467068233
05105,0.01930492552643408,0.16131372113725118,0.01930492552643408
05107,0.023098836329576274,0.1106305002347988,0.019647293661716983
05109,0.017272043385127007,0.1466127852420001,0.017272043385127007
05111,0.022455081664673866,0.15352591726395015,0.022455081664673866
05113,0.01659675816204281,0.11897564477295619,0.01659675816204281
05115,0.017912582463288026,0.1644847233305507,0.017912582463288026
05117,0.021734650130525963,0.11815516014710098,0.01996804845303691
05119,0.022005875009723272,0.09845626341530846,0.017558730111507725
05121,0.018387630890043388,0.07911317101597014,0.013610276674386683
05123,0.023571230378861406,0.14116339579804416,0.023571230378861406
05125,0.0219530070202848,0.08904097262745406,0.016321165179985442
05127,0.019504787040525294,0.17558777134179937,0.019504787040525294
05129,0.016886184286739686,0.09158769663466446,0.014471747664757185
05131,0.02136683003122381,0.22495502288885716,0.02136683003122381
05133,0.016312794425946464,0.17536767642227696,0.016312794425946464
05135,0.017482500821594464,0.0780938163207457,0.013126025542262049
05137,0.016843904617227824,0.09023603738846799,0.014295075727080116
05139,0.0200659594113385,0.0863901000461248,0.01519069804983247
05141,0.017176223422834633,0.09435062800574104,0.014922498689141998
05143,0.019349221790557,0.2977679093089803,0.019349221790557
05145,0.019429643108195206,0.10388289116580965,0.01707939828081564
05147,0.020740399862711638,0.10512805078537812,0.01783671585323604
05149,0.018819487827266036,0.20747254780259522,0.018819487827266036
06001,0.06193487245784126,0.16602362811490798,0.05023433665821408
06003,0.013888461704882409,0.032697166042349936,0.006675414376463692
06005,0.037644734903882225,0.16117513117323423,0.034862483860172176
06007,0.018045072881280544,0.08151503899216034,0.01376105157901606
06009,0.02543663952296298,0.11459734399912012,0.021296938776616474
06011,0.032095310664350986,0.1758335449926109,0.032095310664350986
06013,0.07357315160517612,0.2395319403912523,0.07357315160517612
06015,0.004441930421435818,0.009273859860553313,0.0018039548701879163
06017,0.04291686621274514,0.1775348531961074,0.04086037124633231
06019,0.02584529010880985,0.32186093242076164,0.02584529010880985
06021,0.0175944784251058,0.12476859998221197,0.0175944784251058
06023,0.008264261762329155,0.022201701338208958,0.00399016406262445
06025,0.011200535046246997,0.2597244845489115,0.011200535046246997
06027,0.005217270709846633,0.010531438643030834,0.002105384281583081
06029,0.02804181264027608,0.08197745841998225,0.01789370582068683
06031,0.0233643549886204,0.3780620923259237,0.0233643549886204
06033,0.025874763906458872,0.08780058389637047,0.01781290997560999
06035,0.01209490586358083,0.026323465553869982,0.005467717812516053
06037,0.08691667694668326,0.08977378174451134,0.04406863755525641
06039,0.030108514606652446,0.34865232488295417,0.030108514606652446
06041,0.040942895288976405,0.12252785727379557,0.03014402341319489
06043,0.014299080919956205,0.09436806154247693,0.01366963521209851
06045,0.015853626434894234,0.03648416565541489,0.007691059282118858
06047,0.04287607030321173,0.3887698179953806,0.04287607030321173
06049,0.005066667252416452,0.015305702975451672,0.0024998831757268177
06051,0.005894746369485584,0.014457656428516475,0.002633204776264836
06053,0.013695472217838631,0.04061424805829646,0.007489849315006367
06055,0.044358554325322715,0.13977356036247868,0.034960501618514314
06057,0.031226901454512526,0.08288002092023494,0.019328249096061227
06059,0.2097036480442911,0.14439219629033712,0.12681594943342797
06061,0.057993180972570856,0.241113784069887,0.057993180972570856
06063,0.0168410405683148,0.039042413066383126,0.008291074112749841
06065,0.09299388234862963,0.06580590852949474,0.039673356077496745
06067,0.07388503013757175,0.40781011406492046,0.07388503013757175
06069,0.017167215148214534,0.06983849921817566,0.012026092149123547
06071,0.08362103592732564,0.04457299571564492,0.030466532452544038
06073,0.05531898776847239,0.11735886267740799,0.036279026055004424
06075,0.042587288867455636,0.09087819885778713,0.02539350708874707
06077,0.07385879638640401,1.2569982526686525,0.07385879638640401
06079,0.011170232817863498,0.014631811227273991,0.003988831310655229
06081,0.04294403545101742,0.09870068816621674,0.02693020261555702
06083,0.016779185322323947,0.012411235156555612,0.005153005916953945
06085,0.03306785172912437,0.09490273885230349,0.021938520147028826
06087,0.02985149480764588,0.08007573855135686,0.01835224258596749
06089,0.010557954162414007,0.04681513980393948,0.007144883628711783
06091,0.020641629132328282,0.04175701509015378,0.009810061153670176
06093,0.007389351504563315,0.04599969504870842,0.006029225946065351
06095,0.052887158596065076,0.1922329415116167,0.05003872754130082
06097,0.03372163203718861,0.09378539481160603,0.022050352113679315
06099,0.05635760664918253,0.683269918581013,0.05635760664918253
06101,0.0363077057955234,0.18757025172784889,0.0363077057955234
06103,0.013436615854698459,0.04297578221177224,0.007667276797904215
06105,0.009308643393151864,0.022510242862620256,0.0043042920646108995
06107,0.018467019898041274,0.2814679172977124,0.018467019898041274
06109,0.014511964116496663,0.06457541144445844,0.010427707746634917
06111,0.04174567893356998,0.05115513537777598,0.018114211673054128
06113,0.0782995800324139,0.40515420364974214,0.0782995800324139
06115,0.03543509852052071,0.15725996290289684,0.03293583693368463
08001,0.029134805717071405,0.1154707640200647,0.023207911666824215
08003,0.005359917511438502,0.03356823709894493,0.0042369596114623116
08005,0.03195057435454786,0.14302442204801671,0.02875427573221157
08007,0.0050754914445575545,0.008332329436273083,0.0018719901265512842
08009,0.005254936752399666,0.034710719966094816,0.004309467725042731
08011,0.0048509046628585385,0.027148854912891957,0.0035088883082842358
08013,0.02776589971429973,0.13515574514802103,0.02534453681652001
08014,0.0373787998943427,0.16613619504818156,0.03552048067384422
08015,0.007023965200910137,0.014383196420541505,0.0029124288172746684
08017,0.0052124312552745316,0.03582569005563547,0.004397826933297606
08019,0.013539384399633814,0.04559926602345852,0.007987852256201626
08021,0.004911139407387567,0.011077910482324555,0.0020796963131764243
08023,0.005390133336230656,0.01806424940874375,0.002833775840504421
08025,0.0055443217432533986,0.027236409160063948,0.003712806061558482
08027,0.005364841664946498,0.009277014162081505,0.0020272874088824344
08029,0.009226525756592897,0.03267037242300345,0.005296475930976701
08031,0.03368948481517205,0.12252531355493257,0.026513063693779714
08033,0.005640597055866595,0.016363594378212568,0.0027434631860260954
08035,0.026386790899423064,0.07461388566274677,0.016194622586186598
08037,0.009200888013506905,0.01584479606684038,0.00360981945998099
08039,0.017793895457237557,0.04907499918690346,0.009784422605491963
08041,0.011451445562936678,0.03177314297582219,0.005859011135226488
08043,0.007601346728109029,0.021036105490099613,0.0036983075693842677
08045,0.005508470458967798,0.009110423832699763,0.002046781304752964
08047,0.01751131126752749,0.059409515862619944,0.01091804244339823
08049,0.01010317850653467,0.029077309393806827,0.005189245691954817
08051,0.006162259647813076,0.014917993129891444,0.002743767514759868
08053,0.00601596500543808,0.0077652794883304385,0.0020447957951197937
08055,0.005194500709490493,0.02290345983934214,0.003221176045096034
08057,0.0066818060676148835,0.017975504582479086,0.0031635484685422284
08059,0.022680234634978286,0.10821871557345249,0.01913416781894724
08061,0.005037403510142681,0.031797900961168864,0.003981285350196389
08063,0.005347321833830775,0.05308822882186735,0.005347321833830775
08065,0.008999041704732718,0.022001032660575688,0.004169521156704414
08067,0.0054351915413519405,0.010674708389222392,0.0021717412034077555
08069,0.03730956618087281,0.21657117533302964,0.03730956618087281
08071,0.004649656969579375,0.01199251129209184,0.0020971816289970142
08073,0.006508932206489252,0.027342048690409952,0.0039954240602353254
08075,0.008063211858261808,0.10314493469426406,0.008063211858261808
08077,0.006676535064823134,0.014904047292663977,0.0028733785890342088
08079,0.00552818216872397,0.007034495260607317,0.0018617990549388268
08081,0.0047713032890711535,0.009390428080920441,0.00189400897308385
08083,0.006673600069561977,0.01677967036560191,0.0030489727919809167
08085,0.0054656643276426295,0.02145714317265688,0.0031631712033297755
08087,0.013533330371713588,0.3018083184711733,0.013533330371713588
08089,0.005228135851818798,0.030588012465347616,0.003927446534545379
08091,0.005342107047149933,0.018270318233666052,0.00283995105899845
08093,0.011214122540048055,0.024453936882664607,0.005025360333130368
08095,0.006225946824911093,0.08874996901308481,0.006225946824911093
08097,0.006820907699461205,0.009894470219549142,0.002437453522996527
08099,0.0051561792986994795,0.051976250060780736,0.0051561792986994795
08101,0.006527106546919148,0.01964238348985727,0.0032792421279538545
08103,0.004714858562064527,0.008998376977949743,0.0018452481521403906
08105,0.005415843773726284,0.03905293142866997,0.004753470886839491
08107,0.006307272470455198,0.020858669148239018,0.0033342374702699023
08109,0.005653869678122861,0.0284195124212995,0.0038522535813953923
08111,0.005886954628015736,0.009082723345299198,0.0021355559025791585
08113,0.005300614212748428,0.0060135243735244676,0.0017151809970612556
08115,0.006570406786134179,0.08689047225244653,0.006570406786134179
08117,0.011367818439263511,0.027368459324172183,0.005373124049774238
08119,0.011225195047341015,0.023603999199731485,0.004939669393129457
08121,0.007957751789965339,0.07581940108283604,0.007957751789965339
08123,0.03279348126452134,0.20057276368538224,0.03279348126452134
08125,0.005975992720176314,0.10727704925312508,0.005975992720176314
09001,0.0430717227191631,0.013170123722365243,0.01183030143984714
09003,0.0343139219347735,0.03894125598869649,0.013686797215198242
09005,0.0358734146888278,0.01471860723522396,0.010275469956687173
09007,0.029630668620328465,0.006542128807102497,0.007491298471490612
09009,0.03484218643683431,0.007980977913890297,0.008946171615001311
09011,0.024780761527444062,0.025202029339525797,0.00887609190297082
09013,0.03168018857454753,0.02927833429656998,0.011410924016539991
09015,0.028818558353365335,0.04978933209599985,0.013555052056120776
10001,0.03183458064326657,0.06100395129510487,0.016262551196955684
10003,0.04311891719584301,0.09205283385936047,0.02582943007095123
10005,0.02552057186880167,0.14087844774331004,0.024940423773486733
11001,0.05549653313794214,0.11539804017371635,0.03596263422083097
12001,0.016756110196259635,0.03926001563368759,0.008290242900192939
12003,0.015470300466208085,0.03867361746356096,0.007824446288514059
12005,0.014077706820774392,0.004967525511882363,0.003654943246759696
12007,0.016707868266055192,0.041600962730145595,0.008549056085781517
12009,0.01591418575352901,0,0.003508749442116637
12011,0.031629865830834276,0.06303857063891258,0.01649621767972911
12013,0.015099173189733512,0.015855240135887565,0.005125060451749176
12015,0.02070456545866831,0.12218774149528694,0.019971209095539077
12017,0.018886824338444855,0.022476895755284,0.006904814016389132
12019,0.018639494424328554,0.03697802784836989,0.008597535170475729
12021,0.015555674143943285,0.011834121120844955,0.004782564288343308
12023,0.015320218731225984,0.04036118722558553,0.007970102436233587
12027,0.01909959900933909,0.05338160821956955,0.010745969164191354
12029,0.013139285089689099,0.020342434249883606,0.005110107811285974
12031,0.01799582676364872,0.019082092793663845,0.006255570983278419
12033,0.019212099627127045,0.008257780944086704,0.005248900728794912
12035,0.015281737696410138,0,0.0033693077011471683
12037,0.012083529789010972,0,0.002664168878171485
12039,0.016414777904076007,0.02880884404385356,0.006969072893490828
12041,0.014333701574829627,0.07003733289111183,0.0109712376775711
12043,0.013824818722067887,0.016791883459628863,0.004901280366636458
12045,0.012888688668099606,0,0.0028416897901157876
12047,0.015446181884216724,0.057000903234092376,0.009907558417576203
12049,0.022385220064077612,0.07112916621362131,0.014177170233033132
12051,0.013994849680070988,0.018044133775764054,0.005083982516347438
12053,0.020517804213990604,0.02878568037154429,0.008140963334662668
12055,0.018819475950902647,0.03499063600240428,0.008410407741909851
12057,0.026688050692498137,0.07803951060935405,0.016791196210471232
12059,0.01659861797382475,0.051550135443305146,0.009675672027102976
12061,0.013522013269942674,0.003827085241858548,0.0034010425319584195
12063,0.016915063232611157,0.03685661983099149,0.008057332059472599
12065,0.014629917765927248,0.01683456259838241,0.005114476437660804
12067,0.013305484271618142,0.06435143594210073,0.009959180725827594
12069,0.020752154052439173,0.020260439388169328,0.007132202337291982
12071,0.019110934147300383,0.0410194083141179,0.009236167821970948
12073,0.016169710110210338,0.02430316546517755,0.006377497686213754
12075,0.0153902508484125,0.027063220766761972,0.006476827575636598
12077,0.014480923407224688,0.007562278109036841,0.004038676598253259
12079,0.01469354048422311,0.03509086511818303,0.007182011244098127
12081,0.02588203070221477,0.037464456385090376,0.010873577097136327
12083,0.01772396585592504,0.029569155526156174,0.007434612542971976
12085,0.014084835341018953,0.012086882280720686,0.004446536490851495
12086,0.029562999273926728,0.02069968933065179,0.009547099347867887
12087,0.007764060944033707,0,0.0017118151646493647
12089,0.017038330362484366,0.013730516731692205,0.005372782418579043
12091,0.016022327048026554,0.013118449927737377,0.005046266239314975
12093,0.014402855918125521,0.04347592735992873,0.008031081148334014
12095,0.022878070635810203,0.04585846459115057,0.011054112655760454
12097,0.021594714878141682,0.031694803941701495,0.008821974607292383
12099,0.01859827584916891,0.013962430898332955,0.005793798516060101
12101,0.024852379206570942,0.0767961638054967,0.015890484586632354
12103,0.025518798053038347,0.026496393642414226,0.00925877137998094
12105,0.020304306308341517,0.029866620999244725,0.008215148355285598
12107,0.017590817018698093,0.03068059928457332,0.007528485815937786
12109,0.01625314182363059,0.003203239206251443,0.003954778274838435
12111,0.01400464586181364,0.011654547682843026,0.004378749848483635
12113,0.018016305714538796,0.009310647689579232,0.005088966803457997
12115,0.025423424737228043,0.03416679949799385,0.01028183518050054
12117,0.021435541629307258,0.03397329497205947,0.00906644404629783
12119,0.0204978824139439,0.03626684990629364,0.009075004026608952
12121,0.014331578985063957,0.084798064619099,0.012616557085040045
12123,0.013093021094808453,0.013173514613341042,0.00431856787872071
12125,0.01615689246471714,0.049034711501664476,0.009235218569318979
12127,0.01646693339088632,0.007477622684771111,0.0045010240317767914
12129,0.014247888974739213,0.005602598156563249,0.003765099397264042
12131,0.015252892217544821,0.01740048813752114,0.0053401040534322665
12133,0.016402225883580392,0.023274892071851655,0.006322138073811782
13001,0.01578128375426386,0.03722561370662138,0.007754220206151425
13003,0.015557412282430383,0.07072841484344936,0.011515937207471889
13005,0.01563057900518845,0.1344525327279822,0.01563057900518845
13007,0.018679696490748517,0.05268073600909557,0.010517029767400089
13009,0.022944257958972116,0.04119099877989507,0.010463243299724556
13011,0.03147151912223679,0.30634711145961685,0.03147151912223679
13013,0.03431121567450196,0.24448279702309353,0.03431121567450196
13015,0.04712246435173806,0.12423534909369091,0.033555488142161395
13017,0.01692591380771712,0.03569149207432214,0.007923793750760664
13019,0.016000147529988455,0.03191627449621727,0.007208747327928945
13021,0.026123338460343804,0.0490085613418523,0.012545981496459382
13023,0.01956225314825917,0.021592319603907145,0.006979207445628976
13025,0.014993292476933442,0.01194417576190357,0.004655799066223832
13027,0.015974100729098592,0.03549852923755302,0.007614048487533645
13029,0.016759940999837464,0.003615617732157246,0.0041185050869265005
13031,0.01648575551860377,0.019820019428781352,0.0059426978503257805
13033,0.018181644944462172,0.015449209827898852,0.005867534108511636
13035,0.03471679132977229,0.07761529760268439,0.01992637196287535
13037,0.01955055113865328,0.04740391775266872,0.010162473831487065
13039,0.015773581219113476,0.007262752089739616,0.004311633380948277
13043,0.016894098890237828,0.022885966844641087,0.006411101270193063
13045,0.032006388507670555,0.1045660837883686,0.022942287832981467
13047,0.037961802829501325,0.12480405185676645,0.029028671100199216
13049,0.013820233848041449,0.004594441607983432,0.003554081910366168
13051,0.016415995584147334,0,0.003619388150907644
13053,0.024184466217454806,0.028635360505907453,0.009170479177854607
13055,0.03702751298429694,0.0880135189867817,0.022544776995865688
13057,0.047025535787365215,0.1554461589524065,0.03931950695674987
13059,0.030234865087957502,0.20504124074758,0.030234865087957502
13061,0.020274331921077984,0.025545998874510353,0.007665968074990567
13063,0.04670440733526429,0.09464451828270658,0.02785512770682395
13065,0.014927636071218572,0.01753984153066447,0.0052711866741280144
13067,0.053451081290831134,0.13371922917941909,0.038653487553187975
13069,0.015530803061220915,0.0772959954108501,0.012256191589979057
13071,0.016825302327272886,0.050483059128268684,0.009627277022593384
13073,0.02144497810620637,0.04014443575335999,0.00985780111627231
13075,0.01637501385877597,0.03362688274925402,0.00751750125558839
13077,0.03436707185054532,0.045953349094372695,0.014806348795992757
13079,0.026721938031799,0.0523539029562507,0.013212826462050391
13081,0.0195638633098659,0.04292087417293096,0.009613286195420383
13083,0.03815365071335381,0.10342436684168647,0.025577330391432018
13085,0.03710736090324134,0.1899395533217662,0.03710736090324134
13087,0.017676771313382605,0.04432405250344387,0.009179307746252021
13089,0.05314989294414553,0.1515477783066216,0.042065102511454504
13091,0.01782858554079698,0.01544838334293347,0.005777126113529726
13093,0.02045431235857848,0.05124579089074509,0.01094186738615715
13095,0.01917546307955425,0.049169691120111554,0.010255604484931813
13097,0.03918146556722136,0.06568864184103126,0.01969529769242264
13099,0.018510897573192974,0.03073793220964445,0.007802806064635413
13101,0.015384430739779102,0.03148674288818079,0.006979143511952047
13103,0.017315610117729762,0.0033277809790671353,0.0042115477629767265
13105,0.025914084016985466,0.09106606676900612,0.018280086852785524
13107,0.017120552097364947,0.012820265529442404,0.0052861766724120775
13109,0.016250412422190327,0.0669008512872796,0.011337119578820422
13111,0.033832281721531805,0.08830712270984149,0.02124335245873665
13113,0.040859781706748956,0.06718261629502142,0.020574507284241025
13115,0.03869458482972004,0.08515079307498588,0.02276902660063438
13117,0.043177123989620286,0.20794003670919597,0.043177123989620286
13119,0.029400989652999726,0.321781849430427,0.029400989652999726
13121,0.05266790861701396,0.12197038929741313,0.03590175097170026
13123,0.037357727726172955,0.1850450154894162,0.037357727726172955
13125,0.019827903423040208,0.02626611009851182,0.007630827227109755
13127,0.014891860165886424,0,0.003283347753908552
13129,0.042502605553347915,0.2625332210929944,0.042502605553347915
13131,0.017426623182920223,0.06388167045985198,0.01141824518110754
13133,0.023952554728280766,0.05734443565617908,0.012937135732748507
13135,0.043352575350026505,0.16234817249035582,0.03843225907092127
13137,0.029580708341915063,0.24719268855260113,0.029580708341915063
13139,0.03582288149894103,0.2860263754376702,0.03582288149894103
13141,0.021433686173679554,0.02706892651902712,0.008183834011806062
13143,0.03364408569966054,0.1062301712928936,0.02395380867428944
13145,0.026896990775479638,0.028680999498568213,0.009952469084839948
13147,0.028779881266077178,0.2384808648785673,0.028779881266077178
13149,0.026801037628521467,0.054683451629612925,0.013565917634830333
13151,0.043179547982259495,0.09441112192689458,0.026274047592844373
13153,0.022275848595971252,0.041056741399542476,0.01023553374582116
13155,0.016725199316106824,0.0377994117679102,0.008109775534483278
13157,0.03255175077613576,0.2854376380593205,0.03255175077613576
13159,0.02907254982780385,0.09726501007213885,0.020534042379330222
13161,0.01622319831425871,0.033130729238777065,0.007414884239702096
13163,0.019275027989368393,0.021049726931394314,0.00683506411842864
13165,0.01700596624124282,0.012860790528151839,0.0052623223183619235
13167,0.01840963914544555,0.016386810409042593,0.00603915401167408
13169,0.025217059119148844,0.04613930544109819,0.011853279776403654
13171,0.03407299653352486,0.08491594694786485,0.020813809150562423
13173,0.015704316315621938,0.031826463645994084,0.0071116446255066875
13175,0.0181621488550223,0.013774131656791672,0.005661075587216162
13177,0.019373897450466554,0.040781557861055986,0.009289533469161225
13179,0.015490712592387908,0.008774993537406912,0.004417223767705773
13181,0.021963045891284443,0.04213008401308166,0.010275635594089085
13183,0.015321743136809778,0.016613569797788594,0.005268483932743791
13185,0.01629575666525369,0.03507193732262867,0.007661575987254709
13187,0.03475683498293559,0.18782463554742368,0.03475683498293559
13189,0.020338453682959206,0.028668328476600044,0.00807492185058046
13191,0.014920160942530838,0,0.0032895874909457134
13193,0.022968088600768533,0.07173047123262485,0.01447936788155113
13195,0.029242888663954563,0.24415334103266262,0.029242888663954563
13197,0.025149502475351235,0.03850126725914495,0.010790605364922351
13199,0.03217862670889041,0.03855402110005833,0.012966975976910577
13201,0.01811406788192413,0.04983338984910239,0.009982059598487619
13205,0.017999825751585177,0.0750901487785908,0.012972269366857362
13207,0.02988859809909354,0.07997534019626945,0.0183524474428524
13209,0.016470703565280253,0.024049804063858315,0.006431086296142329
13211,0.029140470789202823,0.11382979822005121,0.022972111503060486
13213,0.03848801954835022,0.13405953704583168,0.03083799400234974
13215,0.02574605835928979,0.033327209475023725,0.010262628577543178
13217,0.03808237273917131,0.11835443889901245,0.028020262425363703
13219,0.0315680764480606,0.17975563027355784,0.0315680764480606
13221,0.026362858588712495,0.11505499914095049,0.02180737525545013
13223,0.04080945647130145,0.0725808567225646,0.021484392736395564
13225,0.02390421308571772,0.04517404573395703,0.011296609627205459
13227,0.041073234255431065,0.2502602183209618,0.041073234255431065
13229,0.015419786946613421,0.024707798433042452,0.006216629830158282
13231,0.03682456407002417,0.07523191257387606,0.020376682087898203
13233,0.03729005647599149,0.0762895186333212,0.020732798084215933
13235,0.01970040538470281,0.02819090667343216,0.007833336337883537
13237,0.02537820687902584,0.06444273451204106,0.014409147895541756
13239,0.021049841382654245,0.021054889544302652,0.007312418230718059
13241,0.02756120480366405,0.07864572188856875,0.017225387940812433
13243,0.020161166549569093,0.02686193726369411,0.007798698143035165
13245,0.021081170168994117,0.04820064386954544,0.010766925069424386
13247,0.04000664386574162,0.11851616116679832,0.028992592008859876
13249,0.023496502944054212,0.05498914737257786,0.012464811062310004
13251,0.016994289852063846,0.010571333660500962,0.004990149318767515
13253,0.016963642465411856,0.031824466033320564,0.007480672814582321
13255,0.04117106081546434,0.09271548276339261,0.025104691841661468
13257,0.029574897304576374,0.2929158413363868,0.029574897304576374
13259,0.02206183245553901,0.022477308841512056,0.007768003121965988
13261,0.02089671912081089,0.03950455135101916,0.009605653680563186
13263,0.029521754238471507,0.03572266371157262,0.011733009959422865
13265,0.022181604990818126,0.03972595585946369,0.010033623766408666
13267,0.0162246663901666,0.05504748271160012,0.00995432211921492
13269,0.02557244844718575,0.049623208310177594,0.01244715122208346
13271,0.01632921964442676,0.026117679172691373,0.006632167313628113
13273,0.020636179642683723,0.03164007715024893,0.008534307008464342
13275,0.016578781942349824,0.042540670273511105,0.008617944581735471
13277,0.01730786800393427,0.03841745487131411,0.008361710695351035
13279,0.01647408611042575,0.02535844194759862,0.006584366582336949
13281,0.02932944184131215,0.08892244469307208,0.019431444266043506
13283,0.01692227471455404,0.013681594387004614,0.005337806852654957
13285,0.026807371376967204,0.034789151787069775,0.010782194140819086
13287,0.01767648501708295,0.04834569428678105,0.009658458178733354
13289,0.02161967459064153,0.023486132389175837,0.007777110262483147
13291,0.03134606620860797,0.0898826055433974,0.020430350816157048
13293,0.031683224226709716,0.0566518304411716,0.015550122517088882
13295,0.03880030358285876,0.10567079283394928,0.026248923028821227
13297,0.035408274157732865,0.15344747182427154,0.03231144873038027
13299,0.014947224165939684,0.02146112356886029,0.0057191126160883446
13301,0.020632881217389827,0.026147764652371522,0.007841732179908117
13303,0.01953616121063777,0.015485177822630355,0.0062184454560571464
13305,0.015402090787462266,0.020337138135201355,0.005713615658573547
13307,0.022696588418777325,0.034403701300976544,0.009498627592222416
13309,0.01667126509830816,0.01750164784168977,0.005721058422277828
13311,0.03106990221829386,0.2605640658709898,0.03106990221829386
13313,0.039630117400304726,0.12381129936953199,0.029704278928003692
13315,0.01781834198189951,0.0366846916524547,0.008312035185012414
13317,0.022294040805472433,0.04496380558670089,0.010748075865379557
13319,0.02080586731855912,0.01851062776504797,0.006925498782850959
13321,0.017986353460869624,0.03529696041603825,0.008196812482296903
16001,0.020439064951961537,0.31881155563322333,0.020439064951961537
16003,0.004962761432439644,0.03999611576654939,0.004698120933265858
16005,0.00604412630630436,0.0854958767546665,0.00604412630630436
16007,0.006491602782557056,0.06605892263726545,0.006491602782557056
16009,0.009236602729548423,0.048037564011772914,0.0068342561806539765
16011,0.004850161787398765,0.08225069171611961,0.004850161787398765
16013,0.0034377182589435157,0.042104283520931915,0.0034377182589435157
16015,0.004758920112247401,0.03983851633173543,0.0046204163545479045
16017,0.006839992897688275,0.02129047174809063,0.003517850006410288
16019,0.005993572179276204,0.14800879352069257,0.005993572179276204
16021,0.00420849963494629,0.021357173530372083,0.002815501638381068
16023,0.0028835639737772607,0.028301978926067034,0.0028835639737772607
16025,0.008186462118994202,0.08336913997988117,0.008186462118994202
16027,0.014405733306720233,0.3561596290227539,0.014405733306720233
16029,0.007097606183557506,0.09421990739765465,0.007097606183557506
16031,0.007347571462242725,0.2688106168072942,0.007347571462242725
16033,0.0030252821623263067,0.02785688187173289,0.0030252821623263067
16035,0.0062297631074082465,0.05890980883579172,0.0062297631074082465
16037,0.004063361959034624,0.08250687238263128,0.004063361959034624
16039,0.005563773357713035,0.11110626536096647,0.005563773357713035
16041,0.0060432690051271274,0.09469338044735588,0.0060432690051271274
16043,0.0035611794999835444,0.04372910820132568,0.0035611794999835444
16045,0.009918595068524322,0.12011869485250645,0.009918595068524322
16047,0.003912726561536786,0.2754016777797079,0.003912726561536786
16049,0.00680787749522746,0.10142391873570708,0.00680787749522746
16051,0.004009289055783458,0.06803631906881756,0.004009289055783458
16053,0.004806152028406064,0.3425628045486558,0.004806152028406064
16055,0.013245621380484887,0.06884467524519257,0.010427113949828662
16057,0.00825380324051222,0.07013545302805345,0.00825380324051222
16059,0.004016482965711513,0.057019767415934314,0.004016482965711513
16061,0.008156438526595746,0.10695355607062923,0.008156438526595746
16063,0.004080852726299249,0.09365602057200192,0.004080852726299249
16065,0.0044777976864317426,0.11799098620567612,0.0044777976864317426
16067,0.0049546273394256565,0.18315008886506506,0.0049546273394256565
16069,0.009919430245494347,0.1267390309331136,0.009919430245494347
16071,0.00513694800880148,0.046034180047660474,0.00513694800880148
16073,0.010446881991790433,0.06983455660822052,0.009471262755943942
16075,0.010103454465298478,0.21181223765896195,0.010103454465298478
16077,0.004280233841627945,0.07830003659672703,0.004280233841627945
16079,0.006870444448688578,0.022202591543884195,0.003612211325080665
16081,0.004261487355343086,0.06330825646339604,0.004261487355343086
16083,0.004711924820134847,0.2180490199599599,0.004711924820134847
16085,0.0041797173388962595,0.04795469529335037,0.0041797173388962595
16087,0.0071650426498556016,0.09135623383212399,0.0071650426498556016
17001,0.020502991292113092,0.11987653650441363,0.019580123522635808
17003,0.024861960589621687,0.0627576435394678,0.013990807258015655
17005,0.030481388387882353,0.08060197605533957,0.018684517188790134
17007,0.03373232591718038,0.14343201208642362,0.029793098168983057
17009,0.021870389004245896,0.09987359807855362,0.017680853376089316
17011,0.02678380695817019,0.1271257969155361,0.0237005756081163
17013,0.02854091742695486,0.08681736598771723,0.01879420173409297
17015,0.022963859333209605,0.17871840117181914,0.022963859333209605
17017,0.023274965377213075,0.120166290657081,0.0209890236116869
17019,0.027924311121848348,0.08498995833530702,0.018275331010080262
17021,0.02578262934316663,0.10037164046657099,0.01950505943059189
17023,0.028190619417855684,0.09446205675598149,0.019742156701090054
17025,0.027586766768928593,0.08339894618527029,0.01790970706382135
17027,0.034082275964565985,0.14526223682580663,0.030271708775256857
17029,0.027522478067899266,0.0689714272262202,0.015839329572538804
17031,0.045170159011402124,0.09064347035731521,0.026456751254409525
17033,0.0268572612712728,0.08733870692552086,0.018161965121461697
17035,0.02725212963449073,0.08876131234678113,0.018528512065608703
17037,0.03409010934680224,0.1892081113706856,0.03409010934680224
17039,0.02594615595409262,0.07617613049728822,0.016238020974141464
17041,0.028008906713930526,0.07496849350140429,0.016879531659668025
17043,0.04947943120589053,0.15971323255916658,0.041551049604607586
17045,0.02800406799304223,0.06500426439797363,0.015455034081369074
17047,0.02729143619528177,0.0838915732147231,0.017857827660778227
17049,0.027758626088000362,0.1071479004242704,0.021357693988584454
17051,0.02831218797983239,0.0653587799647124,0.015619611353231339
17053,0.02853080704989474,0.072990153414316,0.016799196301083345
17055,0.02664751468328422,0.04822834671472945,0.012611294390402305
17057,0.023327086321973573,0.08994184485369842,0.01702275403080757
17059,0.027883868223240568,0.07307579016764484,0.016560835027659145
17061,0.026643277296865393,0.11001459665183122,0.021238998485982045
17063,0.037675352335082374,0.11325476704202742,0.026979605841796157
17065,0.027316446906737214,0.05472558784036026,0.013749923176849746
17067,0.01998281521510418,0.1340517753088721,0.01998281521510418
17069,0.027169353919444427,0.05869288154586674,0.014257938501262776
17071,0.02062664208361989,0.13097640832711055,0.02062664208361989
17073,0.024204124941077234,0.16231973661945254,0.024204124941077234
17075,0.03152761303681954,0.10721552589266638,0.023121901426080414
17077,0.025145295038889116,0.032113549151799925,0.009919065263682726
17079,0.027129944839798543,0.11548804097146749,0.02223918504674606
17081,0.02822234273755223,0.07054692294625821,0.0163296847528256
17083,0.030571616475650293,0.08916453911415326,0.019993766478720153
17085,0.0208888687815518,0.20191911249082833,0.0208888687815518
17087,0.025577409130267223,0.05301698057630805,0.012914516082782091
17089,0.04358345402772588,0.14330537917262615,0.03517199090469929
17091,0.03837671832221231,0.11068144948208714,0.026887393674170743
17093,0.04149420945820221,0.13101176241392234,0.03189281576911064
17095,0.023015545207200495,0.1320999939333956,0.022428294237140208
17097,0.038984704631027725,0.0736379669881666,0.020956815422435753
17099,0.03224497301053835,0.11017883735638959,0.02390765492515357
17101,0.027050869875549537,0.09236466090598144,0.01894991063346036
17103,0.027582540858986503,0.15075812048932843,0.027460000149595168
17105,0.030943661333468302,0.09668417121157,0.021275723485825918
17107,0.025518996731713834,0.09576290985693957,0.01875463828979089
17109,0.02194460237896759,0.12617970024085207,0.0211055713324451
17111,0.03555288914309829,0.1072345669768279,0.024998850135306068
17113,0.02789194555524251,0.10448083425565646,0.021039642225728888
17115,0.02707091495879631,0.07786004544918662,0.01691866134820695
17117,0.027933541961311176,0.09165113867866224,0.01922910809333434
17119,0.035551137222037045,0.11145797734411218,0.02567386725431687
17121,0.030213622973605542,0.07931108806839256,0.01838533069602674
17123,0.027517326601310357,0.12584115061831438,0.02389345339423087
17125,0.023973231476375,0.08018377018642996,0.015994777951046233
17127,0.02614360703141024,0.06090053967253527,0.014199980318804513
17129,0.024550087609566403,0.09548972618553592,0.01829209494646729
17131,0.021545801912456808,0.13101024461506103,0.02152098682691861
17133,0.035672337016793045,0.08725557511653707,0.021851877024120107
17135,0.02721795937951165,0.08220902021891513,0.01759034233451356
17137,0.024261684917401147,0.12263011786529363,0.021808270230537104
17139,0.02648796297165743,0.06662107483555468,0.015120739271150601
17141,0.02776256873865782,0.14894518827293945,0.027303892717328637
17143,0.02599968824103828,0.11010647625694463,0.0209479654605782
17145,0.02683680087371405,0.051597628809539,0.013145939760113301
17147,0.027113059443111306,0.07569652978345509,0.0166309723318655
17149,0.022595587233006826,0.09869145814656337,0.017852126298536053
17151,0.026498149934678052,0.041800480739335844,0.011666310266776494
17153,0.024673995259545996,0.05390140657259836,0.012725397754704586
17155,0.027830886024885704,0.13042503093206959,0.02470540459688158
17157,0.027336206487956902,0.06030096152652556,0.014544241563989334
17159,0.027030958692449803,0.10016827372241259,0.020038089232040545
17161,0.022929617670240845,0.17064099525507792,0.022929617670240845
17163,0.03878709229862041,0.1159136783342072,0.02795765050978195
17165,0.026885748776620012,0.053370111363936296,0.013411032628173263
17167,0.02583613014339705,0.14423087889625846,0.025573623983915376
17169,0.02198196268642537,0.08961010107054718,0.016406863520228066
17171,0.024595054083127132,0.1042684136713981,0.01949676294230105
17173,0.026032214945035163,0.06469618987700469,0.014684716963529852
17175,0.024568334528747047,0.11646578818295311,0.021130150339715003
17177,0.023819691656492604,0.1995226110734182,0.023819691656492604
17179,0.02676422288671066,0.11415090956319586,0.021874899914388252
17181,0.024712502863074012,0.041605110617656954,0.011075587592059852
17183,0.028584063889588222,0.08461415235462327,0.018494800854160075
17185,0.027668190660357368,0.07831962497244313,0.017221900506769285
17187,0.022310930176586093,0.13551420398879732,0.022310930176586093
17189,0.029665324185573133,0.11793782388128853,0.023826487625164827
17191,0.027950349823640173,0.07483371977953511,0.016837362151372864
17193,0.02801891618896264,0.0649968180428091,0.015459450501677682
17195,0.024417080619614465,0.17113102636949745,0.024417080619614465
17197,0.042545149372197714,0.09149840604032272,0.025484623639037363
17199,0.02652236089294359,0.046803256347225555,0.0123712694886829
17201,0.030854102429384342,0.19878351687563323,0.030854102429384342
17203,0.027257616200499983,0.17927242420695555,0.027257616200499983
18001,0.033064775047143266,0.22098526814129554,0.033064775047143266
18003,0.033818013287122715,0.11756281232298377,0.025802950795359755
18005,0.03743146928325078,0.09690352295931035,0.024175894060262246
18007,0.030816877858152753,0.10873337505315668,0.023017493180983718
18009,0.03362632306718333,0.12849268875482556,0.027410099833928857
18011,0.03664288331861391,0.16901475154114531,0.03554659181108609
18013,0.03790580428410594,0.05897004644929796,0.018111241013145107
18015,0.03154213138872342,0.16437793073347237,0.03154213138872342
18017,0.03144238336965483,0.12743021667162457,0.026127154156636658
18019,0.044325943099933256,0.0855714927906565,0.025182372950820365
18021,0.03123779016461745,0.06950220363163209,0.01732387352861524
18023,0.03244602876671492,0.1465722720842117,0.02956802695603547
18025,0.036060550613317165,0.0686757568268909,0.019020105712515608
18027,0.029807775741812235,0.19361002373181746,0.029807775741812235
18029,0.043836522604761,0.0686266936861782,0.02194633725424521
18031,0.03932448518794107,0.13988336338762544,0.03226087820833696
18033,0.03345958359857509,0.11257909939575934,0.0248539406302953
18035,0.03614858942362371,0.1045606842680542,0.02484466690496909
18037,0.03214430668195947,0.2098228936752075,0.03214430668195947
18039,0.03527126785752698,0.159241661345081,0.033156673819578215
18041,0.039576810136635394,0.12302066257568861,0.029543647584524196
18043,0.04197314695959241,0.096438399150135,0.026101897004751372
18045,0.030302784453088167,0.08169956048121359,0.018774705047867463
18047,0.04175482306039145,0.09808007747404006,0.026291617955357095
18049,0.031908720550604126,0.11351942273546699,0.02425559217713447
18051,0.028768124137736172,0.08911982338611117,0.0192221258886409
18053,0.03317234374005434,0.09973441247226217,0.022731121545907073
18055,0.030663453439822474,0.11252183455707178,0.02350944592567239
18057,0.03652356342874185,0.1035252791521125,0.02484896714203556
18059,0.03976580840061696,0.13669097893076562,0.03195768095623338
18061,0.037660485941104736,0.07671823099416875,0.02094973131579865
18063,0.0370109187955011,0.08882013265215558,0.022669546236645237
18065,0.03698263154973675,0.10038875022814125,0.0245466352056473
18067,0.032292958421782245,0.13464574904719367,0.027663324928899193
18069,0.032467339667483684,0.12287593489036698,0.025954983464074533
18071,0.03674838081698863,0.10804696843221283,0.025687667907073056
18073,0.035203898453268906,0.1268399674335454,0.02795807652164029
18075,0.034134588147137206,0.3017461760871339,0.034134588147137206
18077,0.04044412113156609,0.05548635842631043,0.018416588447555053
18079,0.03862828623628026,0.10636574830678924,0.0262855454696869
18081,0.03660840026565248,0.11433896512777816,0.026644290127466035
18083,0.02839696454451532,0.10756374746242592,0.02171450766288334
18085,0.032623093849388815,0.13128550582798248,0.027322491873887994
18087,0.03251635996331236,0.14539737804396757,0.029427237326186326
18089,0.04198421411799799,0.08898322113428395,0.02480417637055545
18091,0.03741098591985453,0.09773494843170492,0.02430342068748851
18093,0.0335709066217418,0.0798608812323636,0.01981962487626162
18095,0.03570567093613227,0.09742761617878117,0.02349720357227858
18097,0.041002942482942624,0.13825897826693254,0.032887404748231264
18099,0.03477840019809671,0.11510184390542505,0.02588329723688083
18101,0.031284154193566775,0.1722789966980307,0.031284154193566775
18103,0.03173519084426962,0.12534832706804194,0.025962007119401255
18105,0.033513904064990184,0.057547592730120625,0.01632996423651184
18107,0.03204108932351004,0.11048750861655049,0.02385827669885919
18109,0.03607504299565958,0.0665889198475473,0.01868913996142529
18111,0.03274019486695784,0.13146585455890625,0.027411149466330255
18113,0.03204003574953682,0.10506519721527306,0.023033611032600175
18115,0.043549777802817186,0.05944386558172707,0.02020081736113657
18117,0.03458283170625967,0.13058491426906732,0.028232072131290954
18119,0.03261079146721945,0.05461417239701895,0.015562364581909145
18121,0.031202649395372505,0.06977458253129748,0.017351422463154235
18123,0.03403311153599106,0.06930336708824233,0.018353109363374576
18125,0.02951715641138218,0.13749823286122048,0.026614182664487653
18127,0.04129977389343381,0.09190316419433552,0.025019685395318337
18129,0.029091773921085536,0.0846769791180524,0.018714055602943095
18131,0.0323241373145997,0.1380552217601643,0.028200233207436906
18133,0.032992547841992764,0.07854609733039704,0.01938383604330162
18135,0.03664554437579427,0.1788569979502224,0.03664554437579427
18137,0.04083776162635323,0.09417737468846712,0.025212173163826984
18139,0.03887569513526736,0.11603637496517455,0.02802122592775175
18141,0.03671969475438879,0.11587886095786015,0.026948441480436312
18143,0.03891783367633555,0.06678790200614701,0.01978195384763826
18145,0.03805838995418336,0.09921977121783429,0.024836891714046495
18147,0.03160024872863668,0.09954470015707963,0.02199749487609538
18149,0.03582767178565872,0.0879357433181364,0.02202637492072781
18151,0.03333706479500201,0.10111660956816565,0.023019173567565984
18153,0.028323349440928926,0.10205353395279819,0.02088945968365527
18155,0.04318341672164726,0.04838809452318951,0.01810825216496879
18157,0.03192309313551317,0.1185177271734609,0.02502087433670816
18159,0.0334254874502732,0.12987999499760716,0.02752209460870292
18161,0.039909912397533574,0.10230634245732449,0.026189665790311206
18163,0.030627715577872222,0.09478893084402888,0.020854294886892746
18165,0.029310972355210088,0.060483708913421294,0.015278446262258527
18167,0.02897265455700755,0.0678670228486449,0.01622755159696822
18169,0.03114599351108781,0.13526859444879608,0.02715086195015932
18171,0.02993585934716336,0.08548025201465898,0.019181753756172388
18173,0.03177800652850968,0.0962982625105828,0.021585630712857542
18175,0.03646041951228556,0.150720915334275,0.032470464995722474
18177,0.039067940135687075,0.13713003040538208,0.031659570949432315
18179,0.034101094945820955,0.14954879041524935,0.030953836429916053
18181,0.031731418673028804,0.1326183295740103,0.027059974753216847
18183,0.03232404916982053,0.13429885331317137,0.027626796157923492
19001,0.014314137388168691,0.16469853703217902,0.014314137388168691
19003,0.014446112895921504,0.12776838275084523,0.014446112895921504
19005,0.015963922675195752,0.286457248272659,0.015963922675195752
19007,0.01600095794535038,0.09682305055852244,0.014695090889562536
19009,0.013101578974603,0.24319764344540476,0.013101578974603
19011,0.016731149665705127,0.20600697926921763,0.016731149665705127
19013,0.015756114231318594,0.22942665465955264,0.015756114231318594
19015,0.015278953050958558,0.2350259369639787,0.015278953050958558
19017,0.014893554947243313,0.2569933729871937,0.014893554947243313
19019,0.016016639014563305,0.22642651040460934,0.016016639014563305
19021,0.01046534773177953,0.40577718718950706,0.01046534773177953
19023,0.014402283873138511,0.2879166519917086,0.014402283873138511
19025,0.011771437877057594,0.2690013741580412,0.011771437877057594
19027,0.012173293581081107,0.32285731760136793,0.012173293581081107
19029,0.013555802246623434,0.1877859433161775,0.013555802246623434
19031,0.019610352609312612,0.1831051333946817,0.019610352609312612
19033,0.013691365355402909,0.2810855807966881,0.013691365355402909
19035,0.00970364597395325,0.3066539610553808,0.00970364597395325
19037,0.014460829170653122,0.2388689221574023,0.014460829170653122
19039,0.01619458526692681,0.1334800355102918,0.01619458526692681
19041,0.010207602005226791,0.2863791402828684,0.010207602005226791
19043,0.015989322790653685,0.21276466158223784,0.015989322790653685
19045,0.02186328552078653,0.21699380330960483,0.02186328552078653
19047,0.011420265596474112,0.2248208363731322,0.011420265596474112
19049,0.016203906645817123,0.17252227881073895,0.016203906645817123
19051,0.01673388863996105,0.11884560696653892,0.01673388863996105
19053,0.015666003627978018,0.11520109428697783,0.015666003627978018
19055,0.016796929736119775,0.2986367039685125,0.016796929736119775
19057,0.020182177445457042,0.11850006829562704,0.019249578856357405
19059,0.01013057438567996,0.2724597448966921,0.01013057438567996
19061,0.0187527887513643,0.28744259149237295,0.0187527887513643
19063,0.010929183432454291,0.3237606327927051,0.010929183432454291
19065,0.014971813760761976,0.2463919826274335,0.014971813760761976
19067,0.014101345072252847,0.24672994727961067,0.014101345072252847
19069,0.013684274082374206,0.2665319508186038,0.013684274082374206
19071,0.014219217631990442,0.135006756796028,0.014219217631990442
19073,0.013761580450375066,0.22223538213193472,0.013761580450375066
19075,0.014877752556542488,0.23139721849436987,0.014877752556542488
19077,0.013950638185833203,0.18068826510204666,0.013950638185833203
19079,0.014171997262994849,0.30237570159852867,0.014171997262994849
19081,0.013238301235826092,0.2559884320519451,0.013238301235826092
19083,0.014164872453831663,0.33351741269995594,0.014164872453831663
19085,0.011858616737406754,0.17553016929667697,0.011858616737406754
19087,0.018867360001767388,0.1690096827417834,0.018867360001767388
19089,0.014597430050986963,0.22592351978967556,0.014597430050986963
19091,0.012240772067611875,0.2623411458656504,0.012240772067611875
19093,0.01060460777168578,0.263625363918959,0.01060460777168578
19095,0.01736717558465354,0.18309435573241647,0.01736717558465354
19097,0.02063284409746726,0.21530381803834436,0.02063284409746726
19099,0.01584712792849942,0.19418243827456297,0.01584712792849942
19101,0.01797885463382867,0.13959344068800372,0.01797885463382867
19103,0.018865841852594028,0.19637332560545828,0.018865841852594028
19105,0.018301307804853312,0.21001711484508018,0.018301307804853312
19107,0.017348867524243125,0.1801431806241373,0.017348867524243125
19109,0.011887483751704958,0.2581172179945573,0.011887483751704958
19111,0.01905589579633788,0.17285786996858762,0.01905589579633788
19113,0.017955940166688847,0.18554862581561776,0.017955940166688847
19115,0.019761624334690295,0.168342526606181,0.019761624334690295
19117,0.015539828101525616,0.11001501657617122,0.015539828101525616
19119,0.008432411041365785,0.37123904436068117,0.008432411041365785
19121,0.015507330049201474,0.17573981132755637,0.015507330049201474
19123,0.01662097132066139,0.19848435058012406,0.01662097132066139
19125,0.01653545081118686,0.13709000762860574,0.01653545081118686
19127,0.015911780919116266,0.19364538324978434,0.015911780919116266
19129,0.01565014065741235,0.1505908605153246,0.01565014065741235
19131,0.014041970733759807,0.28055578839777673,0.014041970733759807
19133,0.010664056704519162,0.19325420400237495,0.010664056704519162
19135,0.01610661561532158,0.12382099783758135,0.01610661561532158
19137,0.014803518112071295,0.15284240209089275,0.014803518112071295
19139,0.019760972436946106,0.14527024258948024,0.019760972436946106
19141,0.009487301696085833,0.3708364461797314,0.009487301696085833
19143,0.009010250156222586,0.2759530126383351,0.009010250156222586
19145,0.014186393198641104,0.1359409766198196,0.014186393198641104
19147,0.0108915517909722,0.36192746011098764,0.0108915517909722
19149,0.009308186133580629,0.4233997686548994,0.009308186133580629
19151,0.01126489651579564,0.26162459722241926,0.01126489651579564
19153,0.017036023377808986,0.1759068696541912,0.017036023377808986
19155,0.014722488122974211,0.1867683027075872,0.014722488122974211
19157,0.016343865382449505,0.16672377710147385,0.016343865382449505
19159,0.014320597013011038,0.11743997807263751,0.014320597013011038
19161,0.01124730733315886,0.30380674442203154,0.01124730733315886
19163,0.022989325292295623,0.21744597705910085,0.022989325292295623
19165,0.01229219333483609,0.2290235670478717,0.01229219333483609
19167,0.008713298965449697,0.41973606708658767,0.008713298965449697
19169,0.015385432645446558,0.2051820221946426,0.015385432645446558
19171,0.01622981097557938,0.1935017283280057,0.01622981097557938
19173,0.014345861242391168,0.12962213230618108,0.014345861242391168
19175,0.01465970058926235,0.1602601542372274,0.01465970058926235
19177,0.017715653062241373,0.12809187301391867,0.017715653062241373
19179,0.01704920135485892,0.12391475401045593,0.01704920135485892
19181,0.016578721242292902,0.1693471457686646,0.016578721242292902
19183,0.01869135764718529,0.2900889536325219,0.01869135764718529
19185,0.015591741642082557,0.1029354035252174,0.015213566193096092
19187,0.013009395124484988,0.24094426458130724,0.013009395124484988
19189,0.013395995909127982,0.24942806656490146,0.013395995909127982
19191,0.015059538847189167,0.23240551059935652,0.015059538847189167
19193,0.009512945551302762,0.25482977719225786,0.009512945551302762
19195,0.013752655397499407,0.2239150341613857,0.013752655397499407
19197,0.013072334572317683,0.2762350444007133,0.013072334572317683
20001,0.016641324213599432,0.11930818684678604,0.016641324213599432
20003,0.01728969710000173,0.10365020542932593,0.016071959092616557
20005,0.015862671046591455,0.09097549360522691,0.01396141125872732
20007,0.009758316642127604,0.07500968040401493,0.00973258173296356
20009,0.008936513966780382,0.07731335994413756,0.008936513966780382
20011,0.017747144493749666,0.10344317349926307,0.016256483957022616
20013,0.013691405278165331,0.1029906173452952,0.013691405278165331
20015,0.014427752425012659,0.10457362280009816,0.014427752425012659
20017,0.013788629130608254,0.10623266707462467,0.013788629130608254
20019,0.015083155595324122,0.09982912894573767,0.014630027671287325
20021,0.017599660039102037,0.137868571632679,0.017599660039102037
20023,0.005506498697911379,0.0652756256178487,0.005506498697911379
20025,0.008590511150584243,0.0650649525437125,0.008296342489297379
20027,0.010789905652620883,0.10325384669069856,0.010789905652620883
20029,0.009641290760100191,0.09781049399826477,0.009641290760100191
20031,0.015960963414299267,0.09907007682183924,0.014936380321771392
20033,0.009052273223437251,0.06662804709936593,0.008622278289584572
20035,0.013979716270450752,0.11186849042292896,0.013979716270450752
20037,0.016881967557903672,0.15229506906115803,0.016881967557903672
20039,0.005742858000466643,0.0669619476284094,0.005742858000466643
20041,0.012006473338761947,0.10492859288655287,0.012006473338761947
20043,0.015499874716458018,0.10028531922667777,0.014869082012506512
20045,0.020327169007129848,0.09338280716494873,0.016175523889962972
20047,0.008417941015688263,0.0753251791847993,0.008417941015688263
20049,0.01450901396308675,0.09146818086877005,0.013436628769342275
20051,0.007270460223867289,0.05745573919557745,0.007083209194695468
20053,0.009260572827654757,0.07180282683603756,0.009217042545632045
20055,0.007089638125417649,0.06061870559645979,0.007089638125417649
20057,0.008136951283293491,0.15345829161901858,0.008136951283293491
20059,0.01938015213886328,0.11000416462230245,0.017810018484971737
20061,0.012571063170325846,0.0971346949907402,0.012571063170325846
20063,0.0060362334588620606,0.04448394496151682,0.005448328401517914
20065,0.006336136301653746,0.05337084867497343,0.006336136301653746
20067,0.00744911007865384,0.07009989577456385,0.00744911007865384
20069,0.007630076786318827,0.08425268858555604,0.007630076786318827
20071,0.0055681055471735776,0.033871046615748183,0.00432653812360867
20073,0.015226986851503126,0.10691113473096728,0.015226986851503126
20075,0.006009385906376609,0.0389638513405814,0.004929074579288213
20077,0.01104719657336631,0.0842445451216271,0.01104719657336631
20079,0.012794575943813304,0.09679067728276905,0.012794575943813304
20081,0.0077179825217356815,0.08398920368370762,0.0077179825217356815
20083,0.00761101073385671,0.051535247974777446,0.006633700878777097
20085,0.01445518337385172,0.08467964943667697,0.012654526668138957
20087,0.017748615231831393,0.08669417543882955,0.014258485258916964
20089,0.008308845928101327,0.0868519752070345,0.008308845928101327
20091,0.0255450723240277,0.1196469087598632,0.022041797858133007
20093,0.006624271929380362,0.04537409368996274,0.005721355856723444
20095,0.010921342182277562,0.07861548836622262,0.010562415192429715
20097,0.008871230280246912,0.07151814634367493,0.008871230280246912
20099,0.016168599512371987,0.1290087688017003,0.016168599512371987
20101,0.006404544799785842,0.0459661480745403,0.005705422428608885
20103,0.02045784954502481,0.08989940685955361,0.015794981400844257
20105,0.008917936431721939,0.07514869669825115,0.008917936431721939
20107,0.020657480958753978,0.09358092675352328,0.016343810936627394
20109,0.005586055371095972,0.04560786654716083,0.005406176703376444
20111,0.014800637295413022,0.09723300895244084,0.01421097110194815
20113,0.011201894518636325,0.0991002689584553,0.011201894518636325
20115,0.01257394810662527,0.10651681534838621,0.01257394810662527
20117,0.01170961133210205,0.09555149942882697,0.01170961133210205
20119,0.008229053532546233,0.07391345656527032,0.008229053532546233
20121,0.02250433589334886,0.09632664597241866,0.01750352371383212
20123,0.008613840530934348,0.10614612701302842,0.008613840530934348
20125,0.014752896546557911,0.10391903521074264,0.014752896546557911
20127,0.013359459311827849,0.08753675702841024,0.012513147772718143
20129,0.006745288281400128,0.0648052077752865,0.006745288281400128
20131,0.012696235131591016,0.10313872130005869,0.012696235131591016
20133,0.016581761505128217,0.14103806989893272,0.016581761505128217
20135,0.006868233565023784,0.049385364718440294,0.006179359063162755
20137,0.006279568743148006,0.07092784575641789,0.006279568743148006
20139,0.01664298255015752,0.09037814261492604,0.014225935679142133
20141,0.007629113197953274,0.07714366215950264,0.007629113197953274
20143,0.010148936574113577,0.08691351808114625,0.010148936574113577
20145,0.008284829749910667,0.07051259117832458,0.008284829749910667
20147,0.006753065029441899,0.07466266587766897,0.006753065029441899
20149,0.013270971710310674,0.0934031750319681,0.013115939817979882
20151,0.009477996445019449,0.08362248619496856,0.009477996445019449
20153,0.005527942323253329,0.05720973359225855,0.005527942323253329
20155,0.011017051869976107,0.08353995065682251,0.011017051869976107
20157,0.009464717863002414,0.10137570232771591,0.009464717863002414
20159,0.010116411480614833,0.07903471419425266,0.010116411480614833
20161,0.012441071959325076,0.08374733050897598,0.011720689533683291
20163,0.0070508100715868886,0.0629832368722946,0.0070508100715868886
20165,0.007656332409221466,0.05384003021890609,0.00687089846045196
20167,0.008035129149858782,0.06347250103376853,0.007936625306736859
20169,0.010775981378820762,0.09282322843646379,0.010775981378820762
20171,0.005987331881517084,0.05015990493711676,0.005957310840626299
20173,0.013594277566885896,0.10321309112129595,0.013594277566885896
20175,0.008334861203340796,0.0835610226159658,0.008334861203340796
20177,0.016613194148378807,0.08257439528091248,0.013302239293745192
20179,0.0058538115983873314,0.05848609262515683,0.0058538115983873314
20181,0.00534729908373359,0.05425294884187133,0.00534729908373359
20183,0.007504370006708245,0.0839108063281638,0.007504370006708245
20185,0.009169374507895284,0.07970464318548864,0.009169374507895284
20187,0.006322389936250502,0.06023293760155996,0.006322389936250502
20189,0.007563415058574376,0.0845812983187208,0.007563415058574376
20191,0.013312788997951207,0.09814032832791963,0.013312788997951207
20193,0.005518996453619527,0.05211840408842236,0.005518996453619527
20195,0.006622121757655666,0.045912333163783486,0.005771199368993312
20197,0.014576666096839936,0.09194897648252277,0.013519576142940321
20199,0.005269935221235336,0.03936764226952613,0.004736855859726797
20201,0.010548081471916061,0.09811467804842984,0.010548081471916061
20203,0.005824377195720704,0.03862740405473169,0.0048408288437859995
20205,0.015342702114184936,0.11538909923007531,0.015342702114184936
20207,0.015306378998143562,0.10349448335099512,0.015147106517054422
20209,0.025498309802336916,0.13138459761930693,0.02362727532857936
21001,0.028802352336508328,0.03970969995887558,0.012092165836156686
21003,0.028749011032601496,0.06520813847772089,0.015759413173873454
21005,0.037153518398936866,0.03404175533099715,0.013763642763192351
21007,0.025788972445734887,0.10905183473378205,0.020703245259996568
21009,0.029664416083695088,0.06963333917182271,0.016746257285016282
21011,0.032433191264042295,0.00481829312676868,0.007887538111120558
21013,0.02941470813383213,0,0.006485335935689978
21015,0.04793539466726132,0.06921816057931346,0.02360437047768015
21017,0.035623826685459895,0.02535880166640228,0.011916462865534938
21019,0.03257976083657948,0,0.007183164720462825
21021,0.03251920428176354,0.03829251523563676,0.01303204385681313
21023,0.037901313884289786,0.019894519423119233,0.011646856564467383
21025,0.027599027098721855,0,0.00608501574855177
21027,0.03318315810850425,0.05390924635977351,0.015651019246672976
21029,0.0387672833643348,0.04329075956473988,0.015793026210792163
21031,0.027851294052154182,0.06997880358206864,0.01610713439294522
21033,0.02702115650252872,0.05748357161933618,0.014035445938462994
21035,0.025519607756353355,0.085755894134388,0.017383021688089122
21037,0.050204524317004715,0.0793594111588028,0.026426119488950968
21039,0.025333614604699878,0.11794680030320313,0.02170499982957474
21041,0.042643236595083574,0.041604731962064906,0.016733975958778846
21043,0.03165275721586232,0,0.006978779558230434
21045,0.030013810080867433,0.02423350637942201,0.010188581211449606
21047,0.026771061732366742,0.07066673439198017,0.015792465242849302
21049,0.03298091283599401,0.0239321760886875,0.010960661131593602
21051,0.02832737279786931,0,0.006245600939973516
21053,0.02736466585918558,0.04862032259073201,0.012903854209984703
21055,0.026624468463908233,0.04869469446603811,0.012668783111253967
21057,0.02741269476753057,0.030122558745336536,0.01030384178375869
21059,0.030494322210192597,0.09966860608894404,0.02152043400861236
21061,0.028713146502417197,0.03681213788762963,0.011646017853588212
21063,0.030147516508499197,0,0.006646905054940787
21065,0.030268456889461916,0,0.006673569912370783
21067,0.03521585990491863,0.034887690187094755,0.01332038513731802
21069,0.03348881389635972,0.013252868940180795,0.009441854566009001
21071,0.02766858402076585,0,0.0061003516139989285
21073,0.03795281289479623,0.030680318865293044,0.013445709926670463
21075,0.024855540839237546,0.11554595372089516,0.02114522073400493
21077,0.04271413842122086,0.0489037186423851,0.018043837481765204
21079,0.032656368086305634,0.018971318747121727,0.010110336414802391
21081,0.04135512094380197,0.03499030744009164,0.015181293101301023
21083,0.025565952296773126,0.14577462669659905,0.025565952296773126
21085,0.0301510820695339,0.0527497760123222,0.014437679623249123
21087,0.029002133373897458,0.05638314371546285,0.014572863351950934
21089,0.03224830949813245,0,0.007110086542485235
21091,0.03262093160951632,0.07051403665135977,0.018003685372177534
21093,0.0344018203240686,0.04863578072912614,0.015239857716601315
21095,0.029517915875434418,0,0.006508091112195873
21097,0.036412702655443774,0.032976902561282925,0.01337017246935395
21099,0.02909312273314361,0.04021212098196314,0.012255647138819785
21101,0.03107473600449177,0.09008192046152219,0.020344641858716633
21103,0.042192280164197044,0.04309625504836245,0.016852981200263663
21105,0.025483890027407405,0.13760380914533615,0.024471864322152332
21107,0.026595990851527456,0.06871223299482662,0.015452833086759843
21109,0.028783969119251327,0,0.006346271003320389
21111,0.045223089882201056,0.07559752794021302,0.023739114059027924
21113,0.03689904544904026,0.03869629346448608,0.014446898906161137
21115,0.02803364240843574,0,0.006180839452579843
21117,0.05093410259336994,0.08514893186524522,0.027849311902251876
21119,0.02761103842148958,0,0.006087663997272317
21121,0.028741832608137646,0,0.006336980772443821
21123,0.03308729551460914,0.04188110381977242,0.013761056248259889
21125,0.027963152915490428,0,0.006165297974500005
21127,0.029548520509074097,0,0.006514838802141969
21129,0.02881381861627151,0,0.006352852201230172
21131,0.02801246891160015,0,0.006176171133612091
21133,0.027557274847473546,0,0.00607581023904324
21135,0.03294574145235178,0,0.0072638558913027665
21137,0.031124386257002912,0.03780773405902191,0.012529767598227149
21139,0.027149058182109432,0.05384635357614445,0.013568269274260846
21141,0.027745854624994695,0.06689751156488619,0.015628922425038102
21143,0.026647838671931406,0.06774672396434948,0.01533755352922727
21145,0.026771693037891103,0.07201480528785079,0.01598137447759616
21147,0.028223141961738352,0,0.00622262019224379
21149,0.027933224824780698,0.13892771539092774,0.025971034514249963
21151,0.03226221187236736,0.018068727992572378,0.009868693840677794
21153,0.02821860512524991,0,0.0062216199134520036
21155,0.03177243847613808,0.048127275606835135,0.014290863576069918
21157,0.026394637929233505,0.08354125721754355,0.01743941970143292
21159,0.02838589734158779,0,0.006258504393741285
21161,0.035479632058739614,0.024134305237298884,0.011680568747161587
21163,0.036883594334469,0.0685077762555841,0.019303368571114463
21165,0.03047383257347529,0,0.0067188510111254865
21167,0.03476870643928761,0.04017181702446568,0.014022260413899654
21169,0.028191190699591435,0.07801073068169088,0.017386599813044766
21171,0.028558223550588298,0.053953056366137134,0.014067759849685089
21173,0.03260872038721609,0.010613597525408372,0.00881656505460464
21175,0.02943824610583693,0,0.006490525572622681
21177,0.027751964422242925,0.11135942008733468,0.021953449365323154
21179,0.035076664399992345,0.04480245772479516,0.014854411017524948
21181,0.03373654410611555,0.016955712826904515,0.010081151916193845
21183,0.02940204385877219,0.06749883969075482,0.016335087021617168
21185,0.04400711223417236,0.05458380966726059,0.01949214615079402
21187,0.040112325285275516,0.02846843116818376,0.013696263809867118
21189,0.0278387967030512,0,0.006137879996742448
21191,0.040154267509562594,0.021334875307188056,0.012491671919125874
21193,0.027351523230176773,0,0.006030446254759937
21195,0.02728485095795332,0,0.006015746395050382
21197,0.030666511525081597,0,0.0067613327424830795
21199,0.02894898856244039,0.016069348306623127,0.008711594669836344
21201,0.03544254329974407,0.009603977819863385,0.00934879995244092
21203,0.029690820262797575,0.001254974412350604,0.006730225023888666
21205,0.03166899651399691,0,0.00698235998824128
21207,0.02821806133636015,0.025158084216126184,0.009825646537351738
21209,0.03814164421567459,0.032659328050071934,0.013828984731454344
21211,0.041834452243841545,0.05478324057458034,0.01877683980395433
21213,0.028525646471094884,0.08889577934718505,0.01908701918021967
21215,0.040408724703966,0.04077575788145882,0.01588696958048909
21217,0.030131531137459033,0.039295374798134636,0.012444692238909526
21219,0.02788977191715233,0.08326157463044914,0.01801469509263691
21221,0.026606735531586607,0.06257943373128787,0.014600891242822572
21223,0.04200070175803937,0.0462549166807399,0.017343885015211797
21225,0.028209187995311743,0.06770867235979233,0.01591811313879205
21227,0.02820412230252178,0.06596721943406109,0.015666787287863325
21229,0.03379309902999725,0.03720731652795106,0.013255111904872047
21231,0.02781812821812308,0.021384383034436058,0.00917730181176578
21233,0.027725080953333994,0.10103978836070654,0.02047391722376326
21235,0.02879085340705405,0.00518574094589061,0.007097487070521455
21237,0.028837984796603426,0,0.006358180345130898
21239,0.036936948300539535,0.04670428145603486,0.015765416124849635
22001,0.031594049413372016,0.099047819793627,0.021919700460483735
22003,0.027023603204123243,0.05569497210213245,0.01378495514812252
22005,0.046224476061713336,0.8707594668433531,0.046224476061713336
22007,0.03841499585043273,0.2740362018494046,0.03841499585043273
22009,0.024206223030090672,0.05762802703884948,0.013064338990772015
22011,0.026317695378351286,0.05832360920463278,0.013904617514993944
22013,0.023844867170536507,0.09028573289784078,0.01728918395651367
22015,0.02675777614495953,0.0877376280683395,0.018175989113260092
22017,0.026087927634422827,0.0810810446541783,0.01697275996843945
22019,0.03282215177403098,0.11112489762588885,0.024325748497968366
22021,0.02214687695502295,0.06353539069648509,0.013103362482970476
22023,0.03247355612744288,0.06316455754026669,0.016823069223027218
22025,0.022889994985295398,0.05845264473584341,0.01270886216425732
22027,0.022265074443063117,0.09656032462005139,0.01742839145529804
22029,0.024178159246181625,0.060296874293608374,0.0134121507247532
22031,0.02427392532707219,0.08606421723419662,0.01690560445784271
22033,0.042622164855321054,0.21597705841085113,0.042622164855321054
22035,0.021284907540413102,0.12036081501889553,0.020028462784923397
22037,0.03208530795362739,0.08147988331888043,0.01946716053532852
22039,0.026903194132795284,0.06315108479242099,0.01478883435607424
22041,0.02264621680033301,0.07735933819309605,0.015090338213370306
22043,0.021724055493710107,0.05421723955993858,0.011752127646080577
22045,0.03546897653065174,0.09754947364965563,0.02341178637972063
22047,0.04770878126536735,0.21361318739027302,0.04770878126536735
22049,0.022155585319603342,0.10171320962454,0.018046888081018758
22051,0.053121695019795766,0.11898322644913975,0.035530336173890266
22053,0.03188490099950585,0.08362465870464765,0.019710888545393115
22055,0.0338599531100146,0.09785083432507649,0.022745338885744485
22057,0.04133798823214302,0.11254303831961382,0.028611938216712585
22059,0.02275564207268359,0.049949317168392154,0.011549268314199303
22061,0.022806228469720406,0.154225629623362,0.022806228469720406
22063,0.042538179628528586,0.19976363614764475,0.042538179628528586
22065,0.023020872564805377,0.07535583739522063,0.01497596432993169
22067,0.021781592991730474,0.12198201970760424,0.020483013247974177
22069,0.022325178010081742,0.07397269073565538,0.014523234959119122
22071,0.05409452256118873,0.1175054939469171,0.03571028715232627
22073,0.022967944200641154,0.13963452822720523,0.022967944200641154
22075,0.040751992197295625,0.027863247177653983,0.013774883219391729
22077,0.031112812126991116,0.07415461443758721,0.01797375100732049
22079,0.022505956142524007,0.05449160831168812,0.012057137864574106
22081,0.023397752274122597,0.07241604213266398,0.014735204374328247
22083,0.022569041005783854,0.10706678703885132,0.018931996391943335
22085,0.02246446480046554,0.08817565920386475,0.016425434531927418
22087,0.052819498937821334,0.07073911685754154,0.025757327451678656
22089,0.058289453484769715,0.15284505497093184,0.04525352867131171
22091,0.032926868676673694,0.09096479898779056,0.021270323900204426
22093,0.05125046848432637,0.49919531444153575,0.05125046848432637
22095,0.05736240090791001,0.26277499493224343,0.05736240090791001
22097,0.03016527105869289,0.07547773681573267,0.017799678614960245
22099,0.03701012992877202,0.09555958993190694,0.023770138461135328
22101,0.036619350584721454,0.11526433884678958,0.026799904371138477
22103,0.039062418801796235,0.06824538996679233,0.02008082825276993
22105,0.03912900340073793,0.14459897212177025,0.03294843621990336
22107,0.02386960914761321,0.06258598232195259,0.013606784954985596
22109,0.03876139334774997,0.10644784864882148,0.0263609929394809
22111,0.021543415588944053,0.14154145396576606,0.021543415588944053
22113,0.03278050284965031,0.08073303953640029,0.019635123509422203
22115,0.022746691481817433,0.051909317492779355,0.011802551875217223
22117,0.03034262683200949,0.08983747777327897,0.01999628462039193
22119,0.024345837624852637,0.08409297295708562,0.01667065151757283
22121,0.04241936929399818,0.17872366127774614,0.04075770616591537
22123,0.021676482129525297,0.12727098587658514,0.02110915175839505
22125,0.028990377596031226,0.06705039238095944,0.016115776335536788
22127,0.023522566076853064,0.0740644229757121,0.015001838252754859
23001,0.01170296772215637,0.05329528094439278,0.008203591085181903
23003,0.002225194762828259,0,4.906095105081421e-4
23005,0.013158458957514914,0,0.0029011685700637787
23007,0.009325278790490716,0,0.0020560314715731306
23009,0.0060000511525922515,0,0.0013228874200906485
23011,0.009456660727676404,0.01114142493063279,0.003203357714408272
23013,0.007917919234978485,0,0.0017457377417059883
23015,0.009127186330754667,0,0.0020123561734239786
23017,0.01210833992921218,0.010470184278299356,0.003784077198551485
23019,0.005827786820233254,0,0.0012849066908581027
23021,0.006023394019411932,0,0.0013280340403575882
23023,0.010435318501210362,0,0.0023007723132370643
23025,0.007807659373955295,0,0.0017214277184446859
23027,0.007396263947032128,0,0.0016307235192439258
23029,0.0038823583858627803,0,8.559798805585837e-4
23031,0.01695721324199258,0,0.0037387154721064096
24001,0.034348375787699684,0.020936103739774753,0.010865761643058795
24003,0.04258325811331679,0.04857255288635072,0.017942035757710223
24005,0.05223432912940321,0.09497013629397583,0.03033512555660334
24009,0.03485872434441547,0.017977497934497808,0.010533948511639116
24011,0.03259916539367615,0.10970914726014738,0.024002951305821352
24013,0.04411760722564076,0.10315567928981093,0.028253818081871482
24015,0.04291965364262925,0.08103144192263341,0.023794303363502904
24017,0.039288715497791844,0.022367732384777253,0.012432730048821445
24019,0.029319558857710818,0.04687210580723025,0.013297259819375698
24021,0.04574420541613882,0.11225336005052762,0.030663730642260738
24023,0.032511716673951786,0.02211765918608817,0.010553793323440738
24025,0.04378969526292126,0.07524167907286389,0.02311176358788048
24027,0.04955939929224745,0.07480762252400962,0.02529274876951459
24029,0.03805623446568522,0.05965156633951424,0.018277642668725485
24031,0.05197910744700778,0.08017573654140986,0.027300542933655303
24033,0.04991577590539402,0.065484184309177,0.023634205447994956
24035,0.0381116148198763,0.05227554697798882,0.017073921677347587
24037,0.030124069751911394,0.011484471862111392,0.008337031840588795
24039,0.023670613518103362,0.050035997583161504,0.011866975555278686
24041,0.03363473621424658,0.05900637352455573,0.016599543848911567
24043,0.04223993024100188,0.08517140875317772,0.024244320757399712
24045,0.024439335457499444,0.30032682436617697,0.024439335457499444
24047,0.021727458845300238,0.0635849221647651,0.012956343466619214
24510,0.056668168078232425,0.17917722612169776,0.049814306866146726
25001,0.014395432099442464,0,0.003173895613022235
25003,0.03119518461776501,0.013203072587593317,0.008859207503706683
25005,0.02015287452005199,0.01162841030792202,0.005894820685302152
25007,0.012826675356754504,0,0.0028280171351049784
25009,0.031092543859993122,0.02692381749019497,0.01088925858292417
25011,0.028854141604333177,0.010263810029352283,0.007847057695380424
25013,0.03130155728475891,0.024168312968899652,0.010534030427487656
25015,0.03090713942978137,0.029377927020924142,0.01120363053705521
25017,0.03305088605891984,0.04515189168834115,0.014254245611667334
25019,0.010276532575782723,0,0.0022657632944981286
25021,0.02812279659899615,0.03419391117292672,0.011091669614579152
25023,0.021189817351787855,0,0.004671917304669629
25025,0.03206472386830879,0.05784110391209943,0.01586446511055723
25027,0.031855931686520275,0.023346763988301086,0.010562355892672206
26001,0.013167237297743687,0,0.0029031040128729454
26003,0.007275617124648383,0,0.0016041233854206642
26005,0.029251360208986766,0.08790560602559801,0.019250285531002952
26007,0.011764498681095052,0,0.002593829104635185
26009,0.012830607964023579,0,0.0028288841938269977
26011,0.01909936722799308,0.01307322944095668,0.005811415752784321
26013,0.0076258088888915485,0,0.001681333440427693
26015,0.029920336334059563,0.11422531674382434,0.02340515583705779
26017,0.023828246256525153,0.04642761418365575,0.011439025418201864
26019,0.013722874829853352,0.005029519905232496,0.0035795088003134313
26021,0.03338597774009889,0.052927573734713934,0.015568497636225328
26023,0.03307420698712117,0.09539463780458525,0.022017229057738747
26025,0.03295481662031475,0.09503048897028941,0.021908764131545216
26027,0.03331206443973258,0.09679206923834464,0.022337999510341724
26029,0.011926871894957008,0,0.0026296290464214926
26031,0.010910315777868823,0,0.002405499407371473
26033,0.007582924069626546,0,0.001671878223051084
26035,0.018721121220443226,0.027710480402325932,0.007495927876512148
26037,0.03159614040079135,0.15463985668754268,0.030313975752235198
26039,0.014605952294690975,0.002928894345534297,0.003548780077261081
26041,0.00887880487888307,8.692434210407565e-4,0.002043698456362673
26043,0.009615741590313987,0.010317484997592268,0.0031594773542059956
26045,0.03287615310377583,0.12684887105860976,0.026771394057189445
26047,0.011266515752150739,0,0.0024840341486645663
26049,0.03545426509114931,0.04900069750556167,0.015647206488199967
26051,0.018708334478719012,0.021516564738084977,0.0067395874255403235
26053,0.008721225610341993,0.005634909661933377,0.002479001973600489
26055,0.013839877153553082,0.006514916412188078,0.0037706335146270994
26057,0.025592036836399903,0.11412057385849794,0.0213064628802379
26059,0.03352427391899659,0.09794638969617338,0.022611101998308628
26061,0.006651071442249167,0,0.0014664239549481589
26063,0.01970582925682521,0.03181953489423299,0.008284121143449367
26065,0.03353607824895932,0.24465782114815143,0.03353607824895932
26067,0.02731134013785029,0.11816188746100623,0.022704574306069175
26069,0.015394542589651285,8.312039697891543e-4,0.0034888947413057284
26071,0.00897788838655082,0.005802393018392943,0.002555524897807871
26073,0.02145988778668371,0.095266072467389,0.016907736590491537
26075,0.03456231794853724,0.0729171600352242,0.01912372948843244
26077,0.03140078498257598,0.09455039781176523,0.021156320179302527
26079,0.01421143436932646,0.003918059865850455,0.003569196781505846
26081,0.027670545950363667,0.0956982688247219,0.019690757623462597
26083,0.005785059282528225,0,0.0012754861508187045
26085,0.017691084220646025,0.0184381920415448,0.006098337857175107
26087,0.03258400522114157,0.03421463669602309,0.012427113113453602
26089,0.01238913375915892,0,0.0027315482450063515
26091,0.03742762046443263,0.07813021361532083,0.021089558801071003
26093,0.036824254318699796,0.04840898949460623,0.016006288446306412
26095,0.0073683867477055244,0,0.0016245771722614352
26097,0.00877497049896137,0,0.0019346998533049723
26099,0.03942742297537736,0.03587446311192001,0.014751425002310737
26101,0.015249134985957103,0.009241712091503235,0.004412143309129727
26103,0.007468455653275992,0,0.0016466403002173057
26105,0.016835849549840645,0.018210037201614925,0.005846984405648604
26107,0.020392673422448097,0.04669407496144558,0.010350390378297976
26109,0.011274481519601481,0.024401177656098394,0.005036526758591089
26111,0.022592356707278705,0.0411762027808254,0.01035059642464294
26113,0.01610335037547125,0.031166461595009715,0.007152373821150225
26115,0.04016547057897299,0.06276537753852611,0.019561375346534543
26117,0.02404442826328101,0.07539616834233746,0.015383322512042068
26119,0.013525024159152169,0.0019062490659664463,0.0031910607321402025
26121,0.02174990852704867,0.04034566460375365,0.00997886401231782
26123,0.021463243684667812,0.05270273782904601,0.011468719041376144
26125,0.0449005467242409,0.06162644454365067,0.02107805569327531
26127,0.01850806633122317,0.028278437530118786,0.007504220312453577
26129,0.0167515090617332,0.02282372439427728,0.0063649188790944845
26131,0.0077030250110598115,0,0.0016983580013933853
26133,0.018293396360293528,0.036447078957412796,0.00842795657175473
26135,0.014689051518843898,0.0010773472501246703,0.003359659400411259
26137,0.013658125667050432,0,0.003011334764896475
26139,0.025358429676736627,0.07072915503419006,0.015261378550943016
26141,0.011275713929814106,0,0.002486062156961357
26143,0.016141531584493708,0.011314071225668694,0.004867432526568516
26145,0.027094249174379383,0.06272999665210968,0.014799291394754117
26147,0.02832152377540766,7.808552525414153e-4,0.006356361308970054
26149,0.03256900646922539,0.07831263078562152,0.019178648731338156
26151,0.024059824653381065,0.018253929884764195,0.007746263865748726
26153,0.008122733291374803,0,0.0017908950131648102
26155,0.03221866296664056,0.08217581513915012,0.019627460264983358
26157,0.026387431214209882,0.10582925746813944,0.020536177128888475
26159,0.03041468383049908,0.06218809391665589,0.01592709951568206
26161,0.0414611807236869,0.0674015796037594,0.02083744711487252
26163,0.04215841956139042,0.04676085866413815,0.017483934439109193
26165,0.015762997715540742,0.016383947805693383,0.005356168083026816
27001,0.010513825286117594,0.032864668686670026,0.0056963969964636575
27003,0.025955298863435082,0.12813626494160713,0.02341670759627168
27005,0.008694264436813036,0.06579862751242642,0.008407014220711093
27007,0.00671774329345575,0.026792606529818547,0.004002799373691873
27009,0.018546226637618617,0.16361315155606818,0.018546226637618617
27011,0.008011669664678376,0.11575394679635927,0.008011669664678376
27013,0.015460465561287573,0.22151632614233635,0.015460465561287573
27015,0.012656414477664713,0.20113824658520216,0.012656414477664713
27017,0.010171881231085242,0.023209384224674057,0.0046103533728262085
27019,0.025528259185462747,0.18294948876551104,0.025528259185462747
27021,0.009349431637298134,0.03923138825287492,0.005989728541067643
27023,0.010031607270323751,0.14674940031269193,0.010031607270323751
27025,0.019698011978270934,0.10628018199219563,0.01749904070613312
27027,0.008971616760853647,0.16765361943501092,0.008971616760853647
27029,0.006848455398943144,0.041998394876592834,0.0054753096377306645
27031,0.0055300122250964276,0,0.0012192535395913996
27033,0.01032082397052993,0.18951854480550695,0.01032082397052993
27035,0.011007807878773224,0.04877024661743028,0.0074953843946736825
27037,0.030882802192733993,0.19876892750876032,0.030882802192733993
27039,0.01731134575864079,0.19113086179940383,0.01731134575864079
27041,0.010780015296082702,0.10557828830261429,0.010780015296082702
27043,0.01318197174993251,0.20674901696095355,0.01318197174993251
27045,0.01540361795201896,0.2260159740594436,0.01540361795201896
27047,0.014445782455326168,0.20530783419299664,0.014445782455326168
27049,0.02312777148224904,0.18378319050318342,0.02312777148224904
27051,0.009463110814389974,0.14217436658634147,0.009463110814389974
27053,0.032783684297940284,0.17581613385027112,0.032783684297940284
27055,0.01664688880195675,0.17305300704142457,0.01664688880195675
27057,0.008517750187446401,0.040023598449780866,0.005809605352030932
27059,0.01966515023042452,0.09741288379584716,0.016386828259097392
27061,0.008485339169933104,0.014179881208023121,0.0032627165607605874
27063,0.010170599101705915,0.22478347348745217,0.010170599101705915
27065,0.01523399465404124,0.07368385595179011,0.011728035787169282
27067,0.01276295700566991,0.14540888987674752,0.01276295700566991
27069,0.004330466756373019,0.051040130626603744,0.004330466756373019
27071,0.00518421812116922,0.004782243898884726,0.0015763478769353443
27073,0.008669392635428718,0.13835711406859552,0.008669392635428718
27075,0.007591403098649758,0.0027565733940285372,0.001938696270207576
27077,0.004375343512393972,0.015409127720463992,0.0023324563761349536
27079,0.018359533603750457,0.18365921638283944,0.018359533603750457
27081,0.0080906612782563,0.15090130750501865,0.0080906612782563
27083,0.009106924590574062,0.20210081700525784,0.009106924590574062
27085,0.017106618762821896,0.17742010915382667,0.017106618762821896
27087,0.007321759722894008,0.05945436318135452,0.007292122818781079
27089,0.005340144832479445,0.06002524356789846,0.005340144832479445
27091,0.011783599460364013,0.25494188351944963,0.011783599460364013
27093,0.01698582926489519,0.278406407172052,0.01698582926489519
27095,0.01649469521644669,0.08456784410597112,0.013485914513003785
27097,0.013818937654963483,0.09716068002627859,0.013768374145164148
27099,0.014495588815197507,0.21686013493023454,0.014495588815197507
27101,0.008817204796074042,0.1841087281205504,0.008817204796074042
27103,0.015627083023537686,0.20115570985713704,0.015627083023537686
27105,0.009053524683364792,0.21933217517927303,0.009053524683364792
27107,0.0071482871769855275,0.09534681339567289,0.0071482871769855275
27109,0.017293536463583867,0.1979451655824757,0.017293536463583867
27111,0.009548081143031857,0.09606712589500216,0.009548081143031857
27113,0.0057503602305224565,0.06123788245036557,0.0057503602305224565
27115,0.012963348640897102,0.09603799962376151,0.012963348640897102
27117,0.008176134637434678,0.21423734671211705,0.008176134637434678
27119,0.006351573756023649,0.06898536467318943,0.006351573756023649
27121,0.011106169041957303,0.11588765487275815,0.011106169041957303
27123,0.03351584061905176,0.20784898191704004,0.03351584061905176
27125,0.006510409160936344,0.08140082684116452,0.006510409160936344
27127,0.010546234434696045,0.1799880897056301,0.010546234434696045
27129,0.0122832140632463,0.1615571193979099,0.0122832140632463
27131,0.017485989070013957,0.20211171902854602,0.017485989070013957
27133,0.008321553162989487,0.23847277775758463,0.008321553162989487
27135,0.0041293703723804965,0.03562255977027062,0.004052432404284293
27137,0.008854622810687869,0.010890535873430137,0.003030451193905702
27139,0.02648790096643009,0.195743077452734,0.02648790096643009
27141,0.02308103551402253,0.1346583209322347,0.022798974800895863
27143,0.016459036957163768,0.16093352460011537,0.016459036957163768
27145,0.017030561383742353,0.15422532635257977,0.017030561383742353
27147,0.016860653408344493,0.19443691994893955,0.016860653408344493
27149,0.009420410122402979,0.1410500737270393,0.009420410122402979
27151,0.010102228626701985,0.16209497375271475,0.010102228626701985
27153,0.012210069236172147,0.10254646845688006,0.012210069236172147
27155,0.00819943471395342,0.1058062347624057,0.00819943471395342
27157,0.019184414687918736,0.16310327465005542,0.019184414687918736
27159,0.010166719033711835,0.07570228478729664,0.009963290744831916
27161,0.018334810028997325,0.20010686885308795,0.018334810028997325
27163,0.027261659583135013,0.16216719328082912,0.027261659583135013
27165,0.011478975588842078,0.1983875553150941,0.011478975588842078
27167,0.008345921509290033,0.12154029701861999,0.008345921509290033
27169,0.0171372563491755,0.17943501537659345,0.0171372563491755
27171,0.023918528518490568,0.1467217403826051,0.023918528518490568
27173,0.009142250676657842,0.15573459473582543,0.009142250676657842
28001,0.025798407747552016,0.05924201519593962,0.013847392899759005
28003,0.02449868346774689,0.027162716494730607,0.009061871152969357
28005,0.02618099610816414,0.08610200291258141,0.017706452117197582
28007,0.020071270159041203,0.0492093647426136,0.010558730205942632
28009,0.026251108180386017,0.02833358626227199,0.009719516596311113
28011,0.020500587191359654,0.08878921055096822,0.015673722064240645
28013,0.02160988944763456,0.03260971372878459,0.008943670913239632
28015,0.02068107166934031,0.04500724405234144,0.010232158777300325
28017,0.021394299042468853,0.062292387576964856,0.0126694607038286
28019,0.020027063466069826,0.042705872568420206,0.009734076686323522
28021,0.023958972864904542,0.0563933943382464,0.01281240393139339
28023,0.020477101254453546,0.07255434397589743,0.013625213329719745
28025,0.020727461935241113,0.030301898110409037,0.008392237213268686
28027,0.022190713837922885,0.07110399666118437,0.014099404824780925
28029,0.025209266101282376,0.09959256443542995,0.019140855654385724
28031,0.023510735623353783,0.2030156075014728,0.023510735623353783
28033,0.03125861576608141,0.07623305037708755,0.018342810794091825
28035,0.02365675565903262,0.16687695152182924,0.02365675565903262
28037,0.02519933822408405,0.059857179589057244,0.013718077464997548
28039,0.021506410530319816,0.013606448303684265,0.006482251906419176
28041,0.0200282222133203,0.04114334610403041,0.00953984652939024
28043,0.02058294350093859,0.031553256569023164,0.008507796835858368
28045,0.03310403116685105,0.024667131505029333,0.011108038048739924
28047,0.028229246499455105,0.015638816820269838,0.008464782432405076
28049,0.024552114598815945,0.0962178356856042,0.018391192391309756
28051,0.020586920999300738,0.04581287414928572,0.010303078070577265
28053,0.020313962484103044,0.0626845341947142,0.012326548240659131
28055,0.02143082311863794,0.09604200588172351,0.01699412291160413
28057,0.02278035355235232,0.052998501322476355,0.01195646697761981
28059,0.026753078257033137,0.007731057524824267,0.00698016592768655
28061,0.02188102229741176,0.15898432509546243,0.02188102229741176
28063,0.024713335233573754,0.052484581504776376,0.012547293157697526
28065,0.023871254741113037,0.12927354991107487,0.022498490531765464
28067,0.022422962161484625,0.17686932241785783,0.022422962161484625
28069,0.0198126589471487,0.04531901959582893,0.00999003366517707
28071,0.02403265152053131,0.028039418504807637,0.009047397258095675
28073,0.02518690294223488,0.129953626548366,0.023270015402828883
28075,0.021051918651803638,0.06170691373639568,0.01247094038831128
28077,0.02446767853775646,0.22119635630971468,0.02446767853775646
28079,0.02092856270266718,0.18793449370301732,0.02092856270266718
28081,0.022913255893867616,0.05714023463660535,0.012544995246172003
28083,0.021038878608357542,0.054210974127446895,0.011515358250704325
28085,0.02506464522048768,0.1096820541527185,0.02044874934506487
28087,0.021227309094008936,0.029997832967373905,0.008498360032607203
28089,0.023784707047982506,0.0829499678617761,0.016286916935525655
28091,0.024865979318142786,0.21065019958125467,0.024865979318142786
28093,0.02786530327729546,0.044071934840634236,0.01242193446268439
28095,0.021430197667271965,0.03600727906888557,0.009324683114915805
28097,0.020501203502497983,0.037687456919254805,0.00925447124751962
28099,0.020261363838064202,0.15969377358322018,0.020261363838064202
28101,0.021612677432496095,0.16338575590202947,0.021612677432496095
28103,0.020123100867557423,0.042898313274329886,0.009788633625002754
28105,0.020811775961928673,0.03974824389599278,0.009610041899440248
28107,0.025139159930271646,0.04407513682930969,0.011546702835510984
28109,0.029739660632370244,0.055113378574939725,0.014644195985967834
28111,0.021376229442769085,0.06842125550447645,0.013445083168469733
28113,0.02677497803093785,0.11324474323927156,0.021753248767961444
28115,0.023207751336595826,0.044497119437333546,0.010981919410394388
28117,0.02424207563142846,0.030431382712765853,0.009427927933599933
28119,0.023575076943863117,0.06951581936610295,0.014418942496964758
28121,0.02587015857037446,0.1423888047406584,0.02533833412569325
28123,0.022263462802066876,0.3905705493983126,0.022263462802066876
28125,0.021533323417604517,0.1020988736806023,0.01781438764350119
28127,0.023712751629917504,0.2299931425630248,0.023712751629917504
28129,0.021929025017626124,0.34201069434481235,0.021929025017626124
28131,0.023282180102622063,0.03725809351587775,0.01005050397669037
28133,0.020897168015389773,0.09466704602375028,0.01658534743143562
28135,0.021473864584726457,0.04691319370367745,0.010732174222102795
28137,0.028922831374006985,0.060139891065941906,0.01508940224526563
28139,0.024794945136785075,0.024570368297801404,0.008794486447966767
28141,0.024308371338876696,0.02018974354973528,0.008071459079834687
28143,0.025953211015819534,0.08297269631765108,0.01717929760478973
28145,0.023961698637095564,0.03105784058561696,0.00943026093937777
28147,0.026872395697991387,0.1462184239975967,0.026422334463550395
28149,0.023928270721739683,0.07059218201140481,0.01469657844857689
28151,0.020902700551913806,0.12767053431683398,0.02076401959085422
28153,0.01945382177305589,0.09766350165255926,0.01632406577984928
28155,0.020856024593235597,0.0364126289910668,0.00920208554375489
28157,0.02672222316640691,0.05401821617873957,0.013445662759846712
28159,0.01998454828584374,0.08117909201739595,0.014508209101757593
28161,0.02213848740754391,0.034240893600050615,0.009310630660299562
28163,0.021708107270608897,0.08031730613966116,0.01509737912540792
29001,0.016798339531709987,0.1027756975329293,0.01574476336455204
29003,0.014941514122994031,0.09477194344341877,0.013995449044794765
29005,0.013942138958822866,0.10912393502140706,0.013942138958822866
29007,0.021264231077613067,0.08635809784589131,0.015687421256421683
29009,0.01812708831714405,0.1589007516120915,0.01812708831714405
29011,0.01693282923160325,0.1339827358055328,0.01693282923160325
29013,0.019209358478123578,0.10495287905779524,0.017109781152001555
29015,0.01918115137333169,0.09260716317905834,0.015583149172361616
29017,0.022067095779869275,0.0491449047351684,0.011214918910932492
29019,0.021349499087557816,0.09065081696014159,0.016270635130434453
29021,0.0162573818642143,0.10736158740473481,0.016030026051606392
29023,0.02033952659743992,0.08273091650669465,0.014846708957059985
29025,0.019010934226907358,0.09677513848436547,0.016018983824722405
29027,0.02179329007250251,0.08679277567694976,0.01596438348508306
29029,0.018379516266620693,0.07540841194894365,0.013159586265102465
29031,0.024196758093525988,0.06697227120390628,0.014313776986936063
29033,0.020827425476306564,0.08617320564536246,0.015481532613529699
29035,0.018231140753357182,0.04342510932270835,0.009249433886204217
29037,0.022376000333836025,0.10915465586284706,0.01911342432023482
29039,0.017759071749504515,0.1124687809793885,0.017339181981430724
29041,0.019445623492932475,0.09702004697070256,0.01624114847255248
29043,0.018836929901492987,0.10416465616574624,0.016842309211341024
29045,0.018879906166728182,0.12495831018495022,0.018879906166728182
29047,0.023804600473118918,0.10812340824221535,0.019647483766256132
29049,0.01818206133309464,0.09458751296467645,0.015389676498804308
29051,0.021088395478191514,0.09509823184217446,0.01672363082547335
29053,0.020663850097027227,0.11018319269393688,0.018438361591089653
29055,0.023648346325060528,0.05363984956941029,0.012338166323734542
29057,0.01763318450015237,0.11755738736852434,0.01763318450015237
29059,0.017149180193455578,0.09428381173627323,0.01490282264972131
29061,0.01664695322537636,0.09784104609451906,0.015099393834461088
29063,0.015935065149956455,0.09745064553080598,0.01473827068998354
29065,0.019233238412639603,0.05106005391612568,0.010506828723132482
29067,0.01752861060594123,0.08820240181574607,0.014345604201467892
29069,0.02140839028013241,0.11981103953793733,0.020019454296429307
29071,0.029550207476190127,0.1049695001033773,0.02187274824160168
29073,0.024447935210298977,0.12397834929098885,0.022083067749774903
29075,0.014738191909138705,0.12286895764161548,0.014738191909138705
29077,0.018843978376922442,0.10976878512901897,0.01752831677109952
29079,0.015871616140196824,0.09267127556418597,0.01416032732754754
29081,0.014865818786001482,0.1018768232860218,0.01476337994918596
29083,0.019703014426385206,0.10028689169120772,0.016759402769922473
29085,0.017432977803865077,0.09119858008450796,0.014660614516335092
29087,0.01415378933972255,0.09666493942070681,0.013861479571130085
29089,0.020652119679959287,0.08529871560486287,0.015298196202657405
29091,0.017104709907124774,0.07045843674585432,0.012075398904028327
29093,0.021202964913681257,0.04650356366030717,0.010591283339752525
29095,0.028702861469677203,0.12033074723902637,0.02370030326135805
29097,0.01735303050641038,0.1476647561711336,0.01735303050641038
29099,0.035041366544734075,0.07358179717212929,0.019414769874493285
29101,0.022690747182647387,0.10816679964469011,0.019132304266444848
29103,0.01798972193526349,0.09891904433823012,0.01582495945238998
29105,0.01743199207527254,0.08417026538422683,0.013826583826882033
29107,0.023406283920280668,0.17186742489643284,0.023406283920280668
29109,0.018045558415045505,0.2391383882649154,0.018045558415045505
29111,0.019127731665159884,0.11121313409093168,0.017838977466327347
29113,0.027887919481694605,0.09892741409823687,0.020246400784207298
29115,0.01792833804452147,0.09590668339116921,0.015436842443187299
29117,0.01758674012321353,0.08013886238536388,0.013410894416590885
29119,0.01798169035342274,0.19051628625380645,0.01798169035342274
29121,0.018499092084573347,0.088485931706622,0.01478954214687813
29123,0.022106505239982022,0.045294092491353175,0.01073015826068991
29125,0.020629588209120493,0.09229710869629788,0.016170042461906568
29127,0.02057047302848312,0.14937821462309855,0.02057047302848312
29129,0.015225769286655318,0.10534901502325572,0.015225769286655318
29131,0.019586379293092163,0.11801030164736286,0.018896346323663257
29133,0.02464928947951209,0.1399285563091588,0.024339442041132964
29135,0.020824204556199374,0.10148243541143301,0.017414668492934108
29137,0.02066459848254937,0.090702630091013,0.015984249856031342
29139,0.023489174205567717,0.08468948842242295,0.016396129401946333
29141,0.019833729439418243,0.10669941784441167,0.017613957336814905
29143,0.023090328217244174,0.12639474568360526,0.021716893821577873
29145,0.01752949765923446,0.15042269264203928,0.01752949765923446
29147,0.014022759195319208,0.11377662040373038,0.014022759195319208
29149,0.01702786248516705,0.06004602239389557,0.010820711770993242
29151,0.02161805611962253,0.10662246552672838,0.018432653338095243
29153,0.017055396297664324,0.09047000585963927,0.01441287343690822
29155,0.02311040403211952,0.1038486543087355,0.01876037453385142
29157,0.0244522295471594,0.05406945938565243,0.012671810593071549
29159,0.02120824609487859,0.1927405212155323,0.02120824609487859
29161,0.02047521177483412,0.06013922058197775,0.012065606551992368
29163,0.02347987275142197,0.08425073355195614,0.0163341737354293
29165,0.02211211618745965,0.09556156006781365,0.01723176501066852
29167,0.017270896881827223,0.11589918498500495,0.017270896881827223
29169,0.018339541994672214,0.08930981890230234,0.014821524210491566
29171,0.015566806533096698,0.08840838727518376,0.013541125310638428
29173,0.02145991831554798,0.09438602038646425,0.016795267517023753
29175,0.020003798672478618,0.09529861472008508,0.01627369771069702
29177,0.023212819328388073,0.10209246696960085,0.0185757637818535
29179,0.019027692918578427,0.03254156994692323,0.008173558787161627
29181,0.0188077401165984,0.06512076029545799,0.01207527016043762
29183,0.03183373709924346,0.10670209849655221,0.023186615894607042
29185,0.018033973502927243,0.0955551515104563,0.015441111025173792
29186,0.027071215461981827,0.05516976989693692,0.013727649836823952
29187,0.02693263748905823,0.04908432869797644,0.012825700784082033
29189,0.04235272449807778,0.1493058683212956,0.035551009488743304
29195,0.02098666852499516,0.10228323657293929,0.017589658986733515
29197,0.016381348931009523,0.09338243076059277,0.014463320524162118
29199,0.017394978843388118,0.10249879441161817,0.015983645261366225
29201,0.023392577460720886,0.08792984023764173,0.016784607848936817
29203,0.01769169994381227,0.03980250401499754,0.00864513996173015
29205,0.01924654559235364,0.10238132738174265,0.01681123123688672
29207,0.021583295872824634,0.12006456140850881,0.02013838901638872
29209,0.01821485408117621,0.11704024679201122,0.018107224641241346
29211,0.016228944708197243,0.09793144183947143,0.014924226270217517
29213,0.01779590925040513,0.10772706081872294,0.016790427745163396
29215,0.017602134017427128,0.06824108835273694,0.012001321058798574
29217,0.017474859233332796,0.13824165654635845,0.017474859233332796
29219,0.02675185352235161,0.0800074126573802,0.0170919706276776
29221,0.02626510818622773,0.04553329311997498,0.012110764919216437
29223,0.020495809864142782,0.03304558476178786,0.008669752755956843
29225,0.018453189790944485,0.1051141362425774,0.016781172348629976
29227,0.014175540079573015,0.10797307739549988,0.014175540079573015
29229,0.01756607777997147,0.12318839333982864,0.01756607777997147
29510,0.04868820631107838,0.2674353360076757,0.04868820631107838
30001,0.0035782951287197996,0.03614554270981246,0.0035782951287197996
30003,0.0037694843462346274,0.026735756108956506,0.0031672566272455543
30005,0.0025864821509672775,0.025038466784425773,0.0025864821509672775
30007,0.0036057720656328734,0.033590823595896054,0.0036057720656328734
30009,0.00377786904968702,0.031802841162888354,0.003612475282133915
30011,0.004121428932966793,0.01670345209415348,0.0023816696020141324
30013,0.0028880051164468104,0.031846383411814706,0.0028880051164468104
30015,0.002851808523657976,0.04088155963021166,0.002851808523657976
30017,0.003313938219139562,0.016766260454877578,0.002178229126816273
30019,0.002815589786412696,0.011655800170105387,0.001613847606285642
30021,0.003603625718583229,0.01851639571525841,0.0024054633462419375
30023,0.003589177088567396,0.034564255093324364,0.003589177088567396
30025,0.003764814088341994,0.018048949609006888,0.002406983465145522
30027,0.002670097169777412,0.025920904208246987,0.002670097169777412
30029,0.004991172705330846,0.02774474509171282,0.003602251076402295
30031,0.003114329126588659,0.02673014114740492,0.0029822910559757073
30033,0.0028025805017684504,0.011453028768973117,0.0015933627603500965
30035,0.003057192113801856,0.017979681821899875,0.0022158359926799697
30037,0.0030141891233326744,0.020598068776334216,0.0024288612912969393
30039,0.005632123818718368,0.0867910189782184,0.005632123818718368
30041,0.0023430365443853894,0.03031142800522061,0.0023430365443853894
30043,0.004346205595058115,0.03588165423441562,0.004140875901726751
30045,0.002954273873920222,0.03250926481910898,0.002954273873920222
30047,0.0052399662255041245,0.04114636891311225,0.0048889546130779
30049,0.005342803555185654,0.04276470621761675,0.005068528912102177
30051,0.0024689331538481876,0.028254043949805668,0.0024689331538481876
30053,0.005378699606541877,0.014829258521209187,0.0025362117410999527
30055,0.0030495868840571044,0.013705928302981497,0.00184743933056883
30057,0.003089394277163301,0.03133701547042812,0.003089394277163301
30059,0.003657984281877046,0.03538093139567279,0.003657984281877046
30061,0.004874822359445105,0.029296328311607354,0.0037087168024386888
30063,0.00432041643764016,0.022978763060590806,0.0029893761397742297
30065,0.003354816629171919,0.027669240845243373,0.003131174403240651
30067,0.006362021815422001,0.0702113840331549,0.006362021815422001
30069,0.002605097988472762,0.01727835775694138,0.0020381648202763137
30071,0.0024009606095664717,0.015061787772717824,0.0017983449751146432
30073,0.0031086528075153037,0.09508161541106636,0.0031086528075153037
30075,0.004303519942053588,0.020116935461391847,0.0027312045123684607
30077,0.006152318608872694,0.07134978368913555,0.006152318608872694
30079,0.0033653710225121365,0.015204124718282112,0.0020564838430110134
30081,0.0056231319527611755,0.05872320168070368,0.0056231319527611755
30083,0.0036458052233403495,0.020834151437524207,0.0026184178329870353
30085,0.0032123659533990377,0.013335211482870268,0.001856506990400316
30087,0.003348098909313102,0.017110878754445592,0.002216850680123967
30089,0.005213435581871211,0.018958252958007953,0.002868590417435343
30091,0.0030848535820754345,0.0134829315569919,0.0018371832467481133
30093,0.003578824211263445,0.027239036732279603,0.003157326373947145
30095,0.0042144369654002495,0.038559726515290216,0.0042144369654002495
30097,0.0041470882772300785,0.03862599657834968,0.0041470882772300785
30099,0.0027584247008930625,0.040597367757702806,0.0027584247008930625
30101,0.002965277887610181,0.043922168958043815,0.002965277887610181
30103,0.003352158570672096,0.021216340473893147,0.002572722663192043
30105,0.0026580979491293245,0.01236595133845543,0.0016351770864086715
30107,0.003188799110287967,0.03176105435522875,0.003188799110287967
30109,0.0036432450197411165,0.019828360304361126,0.002530135895711135
30111,0.003932323770417373,0.03561867705842462,0.003932323770417373
31001,0.009331030163774852,0.17289752220782958,0.009331030163774852
31003,0.007479449227477284,0.1697918815183812,0.007479449227477284
31005,0.006257863057166789,0.057238958255705644,0.006257863057166789
31007,0.009014373737546062,0.05906593345789281,0.007856721771740854
31009,0.006022279545763872,0.06997903460854576,0.006022279545763872
31011,0.008434942220747721,0.17984609993872464,0.008434942220747721
31013,0.006877259243309743,0.07782201237743587,0.006877259243309743
31015,0.0058092299373841486,0.08898238984976439,0.0058092299373841486
31017,0.0053808651029081086,0.06924967932154374,0.0053808651029081086
31019,0.00832333746404454,0.15130345918209814,0.00832333746404454
31021,0.010900010590034235,0.31745812503627885,0.010900010590034235
31023,0.011891533614512789,0.19429966263908366,0.011891533614512789
31025,0.014698223923648732,0.13425892014994623,0.014698223923648732
31027,0.008377064327356906,0.19851503813523846,0.008377064327356906
31029,0.0057536207279097265,0.09047567073404648,0.0057536207279097265
31031,0.004669202904312157,0.03334087223538597,0.004011342028039603
31033,0.007305252591990123,0.06826745737911816,0.007305252591990123
31035,0.009712303843910712,0.20963022548530966,0.009712303843910712
31037,0.011171913578564873,0.2765008126952833,0.011171913578564873
31039,0.01076176816784509,0.30364536812636167,0.01076176816784509
31041,0.00674680071851221,0.09652522357379814,0.00674680071851221
31043,0.009676551164295673,0.30731705322297753,0.009676551164295673
31045,0.0060386475140871984,0.03334086290312272,0.004417633527067689
31047,0.007087360825745807,0.18369712179724473,0.007087360825745807
31049,0.006819272749897244,0.0848137562963009,0.006819272749897244
31051,0.00935697349967511,0.1975748360794173,0.00935697349967511
31053,0.012997790630692767,0.2500245357302258,0.012997790630692767
31055,0.015535124500554892,0.2127403057572189,0.015535124500554892
31057,0.00556001830757075,0.07443290415191244,0.00556001830757075
31059,0.010418089997985127,0.17081734626076653,0.010418089997985127
31061,0.007410239834716973,0.11428160552988395,0.007410239834716973
31063,0.006088147921945032,0.08620323159433212,0.006088147921945032
31065,0.006520186577641769,0.12005125818420936,0.006520186577641769
31067,0.012600280216752975,0.13873805595892813,0.012600280216752975
31069,0.0069447757845828946,0.05946320715573478,0.0069447757845828946
31071,0.006572471413835062,0.09150235161545359,0.006572471413835062
31073,0.0067000922993105325,0.10170199483288882,0.0067000922993105325
31075,0.00609495117311804,0.04370754141135365,0.00539527585677646
31077,0.007826823550389177,0.1507188714818504,0.007826823550389177
31079,0.009498897121817349,0.1738983875977566,0.009498897121817349
31081,0.009871325804555879,0.17703982323919185,0.009871325804555879
31083,0.006886966496015544,0.11077325459750437,0.006886966496015544
31085,0.0059285103082520425,0.08212212511259001,0.0059285103082520425
31087,0.005668008925821884,0.0678020427444381,0.005668008925821884
31089,0.006155608618485565,0.12026603842683564,0.006155608618485565
31091,0.005777526607647643,0.055048086314679945,0.005777526607647643
31093,0.008473608498376002,0.14469200812114888,0.008473608498376002
31095,0.010732353865927299,0.15374283721517754,0.010732353865927299
31097,0.013170397666779894,0.11096072665432823,0.013170397666779894
31099,0.008069353220682848,0.20504598215724873,0.008069353220682848
31101,0.0064806904302980575,0.07643459583136908,0.0064806904302980575
31103,0.005060176333045955,0.057617415795122084,0.005060176333045955
31105,0.009115802360511792,0.058382576378467915,0.007824715850873463
31107,0.007369884992582501,0.1544375570835094,0.007369884992582501
31109,0.014193106753861862,0.13747881100237297,0.014193106753861862
31111,0.006355537547027405,0.08621917749987199,0.006355537547027405
31113,0.0059181143225851265,0.06901995669644617,0.0059181143225851265
31115,0.006218170341190187,0.0753156045459629,0.006218170341190187
31117,0.005744973605686778,0.05390113272366531,0.005744973605686778
31119,0.008768351689789693,0.20205660936951156,0.008768351689789693
31121,0.009797420737809693,0.15175078760294655,0.009797420737809693
31123,0.007811646973161754,0.09230220912305027,0.007811646973161754
31125,0.009026025958326037,0.1443370076545813,0.009026025958326037
31127,0.013786482635258447,0.10566083634553083,0.013786482635258447
31129,0.008892438340388878,0.12066934989863558,0.008892438340388878
31131,0.013959279959798947,0.11640833019353339,0.013959279959798947
31133,0.012691344696936058,0.10392916187412457,0.012691344696936058
31135,0.00602807707381534,0.0858692613923132,0.00602807707381534
31137,0.007351524975458759,0.28808687150811135,0.007351524975458759
31139,0.008234618939152935,0.19041547417609567,0.008234618939152935
31141,0.01047467643152637,0.7219119317046083,0.01047467643152637
31143,0.010531086681888175,0.1955373070267551,0.010531086681888175
31145,0.005998123805338626,0.10345898942628708,0.005998123805338626
31147,0.013298428758228373,0.10294843812366455,0.013298428758228373
31149,0.005589821665558042,0.07711554332735622,0.005589821665558042
31151,0.011686156279735299,0.14006085874992463,0.011686156279735299
31153,0.015577422226440929,0.18388571113865176,0.015577422226440929
31155,0.01355853308658008,0.18296928740359392,0.01355853308658008
31157,0.008419230019175803,0.1720915548116423,0.008419230019175803
31159,0.012422843382073967,0.17058680188837083,0.012422843382073967
31161,0.0055907536186324495,0.036344743941950725,0.004559733242351776
31163,0.007806582698089637,0.11261253621032158,0.007806582698089637
31165,0.006694953457925056,0.042011047647322206,0.005427920788441003
31167,0.009408166074988669,0.21001673469461998,0.009408166074988669
31169,0.009808600296126816,0.14125608238433263,0.009808600296126816
31171,0.005865776770242462,0.05933412275664991,0.005865776770242462
31173,0.010088097650599384,0.19901853000328282,0.010088097650599384
31175,0.007219699317343453,0.14118748687986898,0.007219699317343453
31177,0.012306291066537375,0.1898065458046085,0.012306291066537375
31179,0.00932668923636776,0.2197421583299654,0.00932668923636776
31181,0.008285611238266273,0.13026562300518685,0.008285611238266273
31183,0.00711914942405194,0.13707309317316713,0.00711914942405194
31185,0.010997715199410858,0.21903233081006973,0.010997715199410858
32001,0.006904961166799711,0.016071721802025235,0.0030419224196973366
32003,0.011694065498995666,0.011849288873705064,0.003828309248762348
32005,0.01391382725163211,0.034358938592023505,0.006866637953499435
32007,0.0034714081630304707,0.00790822306284143,0.001451004440333656
32009,0.0047714573663423495,0.005859569353687137,0.0015774346328239332
32011,0.0036305194281561924,0.008489381140796537,0.0015395580085945607
32013,0.0040919973436131345,0.005761383423008854,0.0014098760347740927
32015,0.004022421612631233,0.005628294126689873,0.0013819135762381763
32017,0.0045381040635271135,0.004374503253899676,0.001390486197527796
32019,0.012407696535938338,0.027371727536761745,0.005667794337845232
32021,0.005624784350815491,0.0067055193242654895,0.0018545101753418942
32023,0.013000438845472707,0.008013959532799955,0.003735668442402439
32027,0.006466892990364638,0.012097175759189177,0.0025574466016611425
32029,0.01900381584112902,0.040471056296888935,0.009135499137667612
32031,0.016927427086722947,0.0315243260769889,0.007434801220946863
32033,0.003175637356904152,0.003404954657926784,9.930649187596455e-4
32510,0.015337353072888039,0.06568108739977739,0.010857359838260621
33001,0.020613721299701765,9.360014178105558e-4,0.004662723235581515
33003,0.016237776935268077,0,0.003580094617797336
33005,0.02611869645850252,0.005920025014595709,0.006578329637699029
33007,0.01202636675884895,3.3172005884730266e-4,0.0026868114817275445
33009,0.01811472439381952,5.346004439549246e-4,0.004058164411836704
33011,0.030721907254628804,0.0247859118437462,0.010466221511519016
33013,0.02514888951388304,0.006223390435973919,0.006392716840622517
33015,0.026520202167551146,0.00970860441091187,0.00720033568630963
33017,0.02181231990915663,0.0028236095418696025,0.005172335711693982
33019,0.021814779953530563,0.0038402870081941723,0.005303663591431011
34001,0.02905457262931864,5.948769936719028e-4,0.006492292929574086
34003,0.076113936860755,0.11988163640256533,0.047079468016602594
34005,0.04562196442204851,0.04052373241530077,0.017476114598205653
34007,0.04859947046658892,0.0759240711277711,0.02512892495972573
34009,0.025793512713125657,0.0024997433827218113,0.0060311976804877454
34011,0.03405289011284824,0.021522655593158954,0.01087832534510052
34013,0.07511385001528872,0.12625972183595985,0.0481823080241544
34015,0.04370622142058861,0.06857347229639882,0.021887661629925427
34017,0.08289521368648277,0.16111704362349039,0.06149332822671619
34019,0.05415121569569583,0.03930862392215677,0.0199005346894875
34021,0.050453846332064414,0.04563352323212194,0.01998070492602901
34023,0.05546855275163528,0.07140039014468066,0.02690561707678284
34025,0.044846846596314986,0.023018043804284002,0.014060218402148468
34027,0.06552370287647842,0.05529887417343063,0.027083889295203764
34029,0.036465432883457945,0,0.008039875194871465
34031,0.07607325003474205,0.11361629016839149,0.04547647870629475
34033,0.04261709535169655,0.06726830462240631,0.0212468972914104
34035,0.0590755591110684,0.04954121247693352,0.023616287808591166
34037,0.0587985724966831,0.0311592730525561,0.01960564232408733
34039,0.06702600834192897,0.09928833595930048,0.037808806986102964
34041,0.05428738462768583,0.04283499079049251,0.02065809579325436
35001,0.01632208745516564,0.035641221902581205,0.0077355690988407475
35003,0.00373615500877061,0.0118551223122063,0.0018587393339758978
35005,0.003688333007111003,0.04070030468890126,0.003688333007111003
35006,0.0073048758215738165,0.0028604449251311177,0.001883633266290247
35007,0.0051481579527842564,0.013210864439361446,0.0023310534568627907
35009,0.005244336220102987,0.10214546791716385,0.005244336220102987
35011,0.004148936484986124,0.013003191515578324,0.002062247678472903
35013,0.005686746318865432,0.0596486090697991,0.005686746318865432
35015,0.003385667905421488,0.017098641756130996,0.0022255446246058175
35017,0.0032988076691262253,0.00391462584810885,0.0010651666279633141
35019,0.004875563713353376,0.0077759102411608,0.0017740762196919533
35021,0.004390051615374478,0.01677248060158267,0.0024572803838580565
35023,0.0035760227606134137,0.004219615868440777,0.0011552822616217537
35025,0.004405992273206459,0.026623049888914233,0.003336476927171339
35027,0.0039004641456299007,0.01072188913990474,0.0018000574194260207
35028,0.007542612960588722,0.008566132034402013,0.0024853706683959104
35029,0.0032733035721378406,0.012235806366159873,0.0017769809059762533
35031,0.012665088256251742,0,0.002792390515086635
35033,0.005197397651319381,0.01426982971133373,0.0024393848047463773
35035,0.0045951936368002514,0.008628807488776109,0.001783413013407766
35037,0.004854292546179241,0.023162499759169175,0.0031516348347733875
35039,0.006177823792715119,0.00733133455882428,0.0020430484026827166
35041,0.004856650075816789,0.06253168059406983,0.004856650075816789
35043,0.022098595670967527,0.025992523648327628,0.008232420345607562
35045,0.005001543910966376,0.004788757977367376,0.0015346628227956916
35047,0.005415064139704852,0.01248068258006509,0.0023314105746889096
35049,0.010167432399755118,0.016055492763893033,0.00387941788376107
35051,0.003906941510787797,0.007786029242736246,0.0015441872612869578
35053,0.00605623470008881,0.011422704705705989,0.002393090069260227
35055,0.005874094209398714,0.0145055908454781,0.0026323880331202533
35057,0.010051562221389993,0.011627126544820187,0.003399084847424096
35059,0.0046785407133286775,0.026575154599820204,0.0034088682863580282
35061,0.015825395177086768,0.03283865028990495,0.007263483369492425
36001,0.029948981444604474,0.050931923204424814,0.014101136720981476
36003,0.024924925939201023,0.013314963757248138,0.007302713044676095
36005,0.07130439822648574,0.15821492158426032,0.053967884574860125
36007,0.028985454001688345,0.024822703084484726,0.00999033238289712
36009,0.025343535562417904,3.5223965522605816e-4,0.005635874025003292
36011,0.023804870099057768,0.037086889504590506,0.010187457789156775
36013,0.025393079934445,0.02683968072921608,0.009270402290514691
36015,0.026169023501052803,0.01730243080423155,0.008167442299650284
36017,0.025593043975806674,0.022331241276326907,0.00870792792865887
36019,0.01208884685340791,0.02984976860292189,0.00584119720071221
36021,0.032484002275152,0.0667921925908707,0.017381946063086243
36023,0.02454997751999264,0.0341951572057833,0.01002487324888798
36025,0.029306706128826798,0.009739341137921659,0.007881015234760869
36027,0.04525507680169053,0.019907643901557623,0.013604986542183065
36029,0.023117783897864282,0.00996816230489718,0.00640883080806872
36031,0.014394855150933507,0.0026778225516397164,0.003472788342245979
36033,0.01133241666357652,0.004734007278144617,0.002994052345202119
36035,0.02646585988297124,0.04872039252611576,0.012619739001973997
36037,0.022988165500199997,0.08568049736732167,0.016318813741692965
36039,0.03202198262938683,0.03512656335732986,0.012397818749770254
36041,0.018011973756295426,0,0.00397126839208889
36043,0.024054468860556354,0.022444232502372943,0.008305285601984007
36045,0.014973533926648113,0.010522550885562837,0.004490276798306222
36047,0.06219314124419228,0.09942970597000575,0.03567773979892924
36049,0.016867321973184943,0.015624667359706995,0.005551926918479576
36051,0.023139066753877335,0.05776941743787155,0.012707105756382826
36053,0.02438086604713286,0.043321446211546696,0.0112017612451892
36055,0.023846855020827416,0.02620095954689375,0.008749516056198156
36057,0.027431381826093816,0.044830880987385996,0.012389916007527778
36059,0.05040376598362177,0.03698594692569364,0.018287085466372636
36061,0.07546280767231205,0.16610171630521264,0.0583699984177701
36063,0.020594386199948928,0,0.004540637027174413
36065,0.023350145922642885,0.03270262428629617,0.009469345624829126
36067,0.024046103172479343,0.048382455582904826,0.011771586575648073
36069,0.024402714235289204,0.04847250833618248,0.011901763116063443
36071,0.054903927697243705,0.03621487259850585,0.019502208814533933
36073,0.021604913662765898,0.016956412808114885,0.0069363137441061555
36075,0.021181890455443986,0.016997056383312253,0.006831820147334073
36077,0.026919182486252295,0.2589522828717359,0.026919182486252295
36079,0.052139013650013895,0.03670005455720314,0.018759774676732188
36081,0.06373804931121102,0.08378040467362284,0.0328570421124184
36083,0.03445732498456693,0.0597411993022926,0.017007597432148545
36085,0.06162432632458972,0.06752539167156713,0.02841642157416117
36087,0.06419786749272009,0.054822412928564504,0.026516554194240254
36089,0.011288481314548467,0.0023751251817249186,0.0027372328427514706
36091,0.027491202271479595,0.032635936723011294,0.010682447143359258
36093,0.030545788061937276,0.048384887707793416,0.013923755985990471
36095,0.028361721399971136,0.02408804410653577,0.009711936073968683
36097,0.025098384683530522,0.03051409432814592,0.00968754620785877
36099,0.02421819542249622,0.048292672337799714,0.01181651849795256
36101,0.024919214471348112,0.05768381062989053,0.013323022204027313
36103,0.03736906722939376,0,0.008239107914426507
36105,0.041689501739384294,0.011637664998170108,0.011217217318165225
36107,0.02820353639254325,0.032112910680545545,0.010817726250902136
36109,0.025802844507012708,0.05188326259177202,0.01283537950834669
36111,0.04191257336458369,0.01469464053227798,0.011805960663306496
36113,0.021291137595587182,0.0075558717678201395,0.005657083192673279
36115,0.021488464041263894,0.02152302469898669,0.007490098044158902
36117,0.023674380034761817,0.03177587889613413,0.009441926585060876
36119,0.062782878207433,0.10154806857779052,0.036412619391659955
36121,0.023699952589967384,0.07105491875827578,0.01467091364470988
36123,0.023600948954562707,0.038744082800163865,0.010345132810327102
37001,0.027302829098587836,0.07111724846503775,0.01605919695148817
37003,0.031922937134389026,0.21241136670654998,0.031922937134389026
37005,0.02836601073785419,0.09471375754062909,0.01985483844095822
37007,0.02403152402330039,0.1600672547696064,0.02403152402330039
37009,0.028446099998453163,0.1262203841056545,0.02441989431620891
37011,0.035959634965462596,0.021038659534009532,0.01131461988686355
37013,0.015508229829716464,0.12880636733474188,0.015508229829716464
37015,0.017794370484670575,0.10904333230590987,0.016946918932600336
37017,0.01689916532315321,0.3531666669897316,0.01689916532315321
37019,0.014334807502286667,0.05859052420530059,0.009695017929588082
37021,0.03490079553841392,0.011907574477276972,0.009582662637540325
37023,0.03330218669857218,0.044241602059709215,0.014194600502642242
37025,0.034460527956166075,0.11358268831032559,0.02549027790333089
37027,0.03311023187739016,0.07342096008989453,0.01863937580536339
37029,0.017289098515986655,0.03174759971962808,0.007567010637765097
37031,0.011348483059992568,0.02941772908431315,0.005582215094597776
37033,0.027373974906961716,0.034232130214551904,0.010873447695079908
37035,0.0336046720023943,0.08487509032099054,0.020613301936665995
37037,0.025222594585225674,0.11791931553212566,0.021646843915938536
37039,0.03065738178513215,0.04994829546966857,0.014193391539680423
37041,0.0177673825833458,0.08473556196101911,0.014032534975031158
37043,0.028805175142938153,0.058802766435098616,0.014853938026956516
37045,0.03212000928892788,0.059150071336189214,0.01608315981798369
37047,0.01613805138916194,0.15505625325674716,0.01613805138916194
37049,0.013895867056237687,0.12356879270497059,0.013895867056237687
37051,0.021055723433725703,0.2135370332529961,0.021055723433725703
37053,0.017276759522569258,0.016534767981005255,0.005764442795327398
37055,0.012747303758233422,0,0.0028105173360989883
37057,0.03173035391505943,0.08049847472661581,0.019174321471766585
37059,0.03355926617154513,0.07928600650568386,0.019725559043099392
37061,0.01668895150875461,0.7847164841892794,0.01668895150875461
37063,0.026153830807700472,0.09614566454488346,0.0190865848622543
37065,0.020358534305104124,0.1440616210340011,0.020358534305104124
37067,0.03222891494105125,0.06091011587510087,0.016390173540358263
37069,0.023308902279800262,0.07382352842389005,0.014886752470496615
37071,0.033542698332991,0.0767260388190323,0.01932100777549642
37073,0.01980186378399225,0.05472556921322827,0.011153170596983437
37075,0.02925858029395149,0.024732553595785203,0.010052917799695249
37077,0.024615426481205564,0.048474201809915365,0.01197245680847609
37079,0.018674245921347657,0.4360467202490546,0.018674245921347657
37081,0.030626501615787022,0.0683955540996294,0.016927359787066845
37083,0.02208734775134029,0.06791032808166272,0.013647042404898349
37085,0.02185454825119495,0.17478101247310107,0.02185454825119495
37087,0.031057577749016508,0.011628937278367404,0.008588988605276165
37089,0.034457392582056295,0.029544161767428787,0.012250961926904926
37091,0.019010037100880887,0.06995243399851853,0.012740480339532593
37093,0.021386638873207676,0.16384433695047027,0.021386638873207676
37095,0.012736222997528447,0.023202047918128035,0.005310979387011271
37097,0.03301034245201474,0.09627331084540755,0.02212472655523382
37099,0.0276383569781093,0.018121263431520748,0.008665728502856388
37101,0.022255553723721712,0.18965811181016912,0.022255553723721712
37103,0.014744444420290161,0.19893758388641763,0.014744444420290161
37105,0.0238888751218835,0.11855224005408206,0.021077733370038515
37107,0.017712247785519514,0.35663472708851,0.017712247785519514
37109,0.033499293377724546,0.07394178105955494,0.01887134487001816
37111,0.033323416706751985,0.017134393226921327,0.010001738114548981
37113,0.026672396116910062,0.03068701807806458,0.010168522818683577
37115,0.03574354614548818,0.008104281241968977,0.009181130289170477
37117,0.017851348341051856,0.13073251322520765,0.017851348341051856
37119,0.03450576727507061,0.11280013746472131,0.025388642185117632
37121,0.03429375872699508,0.005198331113981214,0.008377966622974943
37123,0.02568181657037939,0.12693235256200736,0.02311082179149321
37125,0.023344401412817666,0.13695296641018015,0.02324126982755794
37127,0.022124384010450707,0.1341968576167076,0.022124384010450707
37129,0.013919317377638463,0.06007806198631231,0.009712259794912482
37131,0.021228612098176308,0.0732888488012727,0.014009021690443891
37133,0.01430962243629596,0.15761590594010455,0.01430962243629596
37135,0.026623386832851377,0.09761284944707313,0.019498139764781378
37137,0.012950351974384367,0.05916257681202769,0.009266363233839107
37139,0.016422444104847563,0.03881830775466347,0.008135364884311101
37141,0.014763745220975752,0.15237831374903288,0.014763745220975752
37143,0.01737957061228711,0.05736486932183525,0.010628842999984938
37145,0.024778744093320676,0.03323934147140237,0.00996377483894542
37147,0.01777742700447014,0.23779724370007876,0.01777742700447014
37149,0.033041032862988755,0.012630755642576263,0.009233582524832194
37151,0.027577006087392553,0.15485976333752194,0.027577006087392553
37153,0.02161340376528219,0.14286288422216853,0.02161340376528219
37155,0.01927479839654344,0.24699329138222648,0.01927479839654344
37157,0.02924995602040276,0.028809429583284515,0.010644197358884916
37159,0.03325951042832159,0.08607415506463946,0.020655836808544586
37161,0.03180989661024979,0.023309421640063444,0.010544093359796945
37163,0.018905890530231045,0.5007301306028498,0.018905890530231045
37165,0.021103581015140635,0.12809696555543354,0.0209210841893426
37167,0.027336630564838295,0.1434279544779144,0.026285695232610238
37169,0.029859634533016623,0.04491277729303893,0.013186149949396452
37171,0.029392667064245107,0.09916891602131381,0.020953652218347822
37173,0.02727013699247298,0.015041061463312716,0.008134696422022181
37175,0.02898895194233003,0.005829842961791842,0.007236920625684636
37177,0.014041209471444757,0.023375883547823287,0.005687177799078993
37179,0.028898834078958182,0.21263334201824202,0.028898834078958182
37181,0.024153836432014245,0.04818406316986157,0.011780674351462716
37183,0.02458211118263523,0.09548332973936209,0.0183052815449652
37185,0.02292693487779187,0.05298094989400226,0.012004239049619322
37187,0.016213557463558813,0.0860372758164414,0.013539781061310246
37189,0.030527033105545963,0.039103381641303434,0.012538895877938955
37191,0.019696836837406865,0.41463569986661175,0.019696836837406865
37193,0.029643247767073753,0.1607462580953869,0.029643247767073753
37195,0.020856415629384045,0.15772332199793615,0.020856415629384045
37197,0.03128989494981347,0.15586593681889388,0.030322469539151183
37199,0.03449725312306407,0.010915584581834531,0.009326357603731938
38001,0.0038209591846576877,0.03136194536063672,0.0035865307318762216
38003,0.006448965010138095,0.07419428028780647,0.006448965010138095
38005,0.004665026620142128,0.05145206759803243,0.004665026620142128
38007,0.003960817201349243,0.02528233410221302,0.0030934982913095868
38009,0.003640640190663508,0.0335222552581986,0.003640640190663508
38011,0.0037545828739059804,0.026670661609400945,0.00315737484017155
38013,0.0035626331181079457,0.025362417413613784,0.0029896572909087426
38015,0.004626948748125042,0.04264595791313269,0.004626948748125042
38017,0.008431752461561285,0.13144777412300265,0.008431752461561285
38019,0.003945056134587403,0.061120760390912965,0.003945056134587403
38021,0.005897316163021994,0.08317976116873697,0.005897316163021994
38023,0.0032974520498586886,0.015793007281036213,0.0020899699264363453
38025,0.0038657094728191182,0.026479536045511648,0.003171907602886684
38027,0.00516430351186104,0.057204336122934824,0.00516430351186104
38029,0.0046310478820354205,0.04392496979492004,0.0046310478820354205
38031,0.00534834441372219,0.05804627151255455,0.00534834441372219
38033,0.003959161695347798,0.023579064774506338,0.0029434679879201406
38035,0.006125690119467074,0.12708312467540925,0.006125690119467074
38037,0.003888144440978487,0.030602921226448702,0.0035396304605135737
38039,0.005772002586483309,0.06710346238713868,0.005772002586483309
38041,0.0038068530448362595,0.03231957857944288,0.0036661689925372555
38043,0.005079665171962589,0.041896822700844494,0.004906357752364775
38045,0.005845638385755779,0.07021156396639312,0.005845638385755779
38047,0.005219381423963083,0.05193101876746828,0.005219381423963083
38049,0.00414093629691729,0.04033643685483834,0.00414093629691729
38051,0.005009402014636124,0.06091352997167898,0.005009402014636124
38053,0.0040371169228660365,0.021454685854550418,0.002777929583113767
38055,0.004108086607093086,0.03263718417154596,0.0037828351074332273
38057,0.004115253958775312,0.034950576258812024,0.003988921865787542
38059,0.004423867709158769,0.03988815187108906,0.004423867709158769
38061,0.003953877229647691,0.022875717861633362,0.0028802633866929577
38063,0.005218549091373869,0.0642639291083684,0.005218549091373869
38065,0.004490675837683024,0.04682590276392063,0.004490675837683024
38067,0.004184328734706218,0.09111752392819679,0.004184328734706218
38069,0.004207159984354897,0.03938614286258299,0.004207159984354897
38071,0.0045993313646005484,0.05348129739188294,0.0045993313646005484
38073,0.006814465047564983,0.0953012357946297,0.006814465047564983
38075,0.003940447504608271,0.028720667265707277,0.003389614289128216
38077,0.00779818272775101,0.13131871357504565,0.00779818272775101
38079,0.003627699885411786,0.036680989389866386,0.003627699885411786
38081,0.006691685422600122,0.09629999400181688,0.006691685422600122
38083,0.004310860747336236,0.037682391929757156,0.00428976056706046
38085,0.004228463540306014,0.03245028578713498,0.0038018282156806666
38087,0.0038542612345452156,0.027384335206100795,0.00324792705676631
38089,0.003951875977162868,0.031828156805874364,0.0036657112913795744
38091,0.006040322422698635,0.0826679678911019,0.006040322422698635
38093,0.005673597886707088,0.05890146282555418,0.005673597886707088
38095,0.0038810981452581735,0.04600490345566022,0.0038810981452581735
38097,0.00644716611018738,0.11802862185098371,0.00644716611018738
38099,0.004831803404221771,0.08421416780256798,0.004831803404221771
38101,0.003982311579307359,0.03074339461628976,0.0035793219159754768
38103,0.004651590756939521,0.05022585321042536,0.004651590756939521
38105,0.003813634042097265,0.019781198860247935,0.0025712995037960665
39001,0.03573578474651815,0.02827900761076424,0.01241616208531442
39003,0.03425843469888803,0.16349024097132603,0.03323203505866671
39005,0.03736909940319297,0.09850443398188555,0.024411159651647207
39007,0.03121588126144439,0.0027678803351221665,0.007297949102823634
39009,0.033380988966809334,0.002251228287996926,0.00770889553248798
39011,0.035169600205029884,0.21467229345098543,0.035169600205029884
39013,0.03530881829184879,0.014144137185860661,0.01004038552063006
39015,0.039723695983133786,0.024075973855858482,0.012840517500493987
39017,0.045996162775792625,0.09972881602106454,0.028480737670615573
39019,0.0372206456869868,0.04966429920469233,0.016343208719011747
39021,0.037600827739568035,0.12916181736343205,0.02956386128141053
39023,0.039684009640814845,0.09861851510029712,0.025462070831284808
39025,0.04562346961817572,0.05644492114093966,0.020390835090932775
39027,0.04240844245253967,0.07076488588203256,0.0217831410532747
39029,0.039807214390276624,0.08209893879256404,0.022712833947072467
39031,0.03642474550262533,0.05608073616833384,0.01711695764572545
39033,0.034835711102138435,0.12090140806819288,0.026829576905974917
39035,0.03719795801478229,0.10717341531168695,0.025754741020005457
39037,0.03722785098184608,0.4038911768870853,0.03722785098184608
39039,0.03262478710559054,0.10926013350747374,0.02394617688864252
39041,0.039645653354885325,0.09035342968502749,0.02404503523266598
39043,0.032215594083925506,0.03333516545219396,0.012183047025275123
39045,0.03808978187906596,0.0734567071800657,0.020578823117007
39047,0.04106494887377403,0.05160696930476362,0.017962529829215045
39049,0.042334168686958454,0.09818731218789939,0.026568048290853498
39051,0.034698638428112855,0.12322360389237917,0.02712855167011784
39053,0.031981828248963375,0,0.007051332928015881
39055,0.03529819080105255,0.05013219404220999,0.015775724074110105
39057,0.0418892422954645,0.10311306313383296,0.027229679919134074
39059,0.03477280934764502,0.015855644767233723,0.010175710227030156
39061,0.05124278568254511,0.2440437743204787,0.05124278568254511
39063,0.034293147286660365,0.13940400026125352,0.029467619400803478
39065,0.035942494472530534,0.16775094328533174,0.034918241578703615
39067,0.035435100485653306,0.0243323076156272,0.01169992595786565
39069,0.033728051509109236,0.1741709766415568,0.033728051509109236
39071,0.03875671115455841,0.04167602426741859,0.01551942748222808
39073,0.035164368432005814,0.009299063208930161,0.009232838817865746
39075,0.03829469777486575,0.2010600759939747,0.03829469777486575
39077,0.03422916731164069,0.06554771989454258,0.017837757893774776
39079,0.03313057690122879,4.593993657188433e-4,0.007375580044263764
39081,0.03726246381077298,0.026680774011252836,0.012589438711228246
39083,0.03715315033502582,0.07707983094812687,0.020808100980699223
39085,0.032834246527796165,0.027693776444058127,0.011498876498294978
39087,0.03278896995320231,0,0.007229291011974366
39089,0.03897615219637198,0.08540475874871517,0.022928533648399262
39091,0.03672661226916461,0.13088593169127807,0.0293935590541901
39093,0.03583585364452678,0.05265765915993899,0.016361644798516643
39095,0.03648094128241502,0.08496425011138341,0.021819891528258563
39097,0.04151160279741574,0.08472261497909736,0.02386402589473615
39099,0.039496701824680104,0.07973228891477402,0.022186050075286755
39101,0.03580781236733524,0.11494752975216115,0.026356294625513647
39103,0.03992116636417231,0.09383724596376969,0.024754957103010906
39105,0.03250694322462563,0.0035858976997661662,0.007715977285046292
39107,0.034657281383676755,0.7870383804431117,0.034657281383676755
39109,0.03925520455503561,0.14992066809697416,0.03391460545833051
39111,0.033238963373944184,0,0.007328505272033764
39113,0.04207989920657382,0.11033893199895015,0.02858076399983378
39115,0.0329626216427755,0.0018571398342584339,0.007553770774046012
39117,0.036514906306000655,0.08582459890172953,0.021973544737067162
39119,0.035902354881247135,0.037048766244563075,0.013874035858136607
39121,0.03319528421746248,4.452294045636379e-4,0.007387723428745599
39123,0.03250530218833692,0.05622729685115685,0.015772841622883157
39125,0.032949756018668376,0.1378824115637602,0.02850895266305055
39127,0.03572424067180718,0.023221071762717496,0.011601495469050515
39129,0.03920221470631527,0.0668997699767312,0.019906900049065826
39131,0.035541521559847855,0.00924240152527038,0.009314943576566972
39133,0.04011499178526607,0.07418990730493356,0.02149033680868442
39135,0.039634394773065025,0.13535307220285822,0.03166107110014306
39137,0.03318447769603912,0.15828359997669217,0.03178893079962187
39139,0.03573784342977405,0.09286234309984065,0.022778975161880387
39141,0.03746457527733109,0.03267895233896749,0.013632390004103089
39143,0.032571548552331624,0.1232230984593339,0.02606041531573436
39145,0.032281575448471996,0.008336728248489925,0.008389169208962152
39147,0.03336966329437786,0.09643447612507376,0.02230800217261047
39149,0.036792336280862974,0.38284631041804934,0.036792336280862974
39151,0.040014074025682515,0.10879732425970796,0.027341890632330917
39153,0.04141112452051466,0.09430578868176437,0.025484275351053985
39155,0.037993211019784964,0.051305450831339555,0.01687301879238865
39157,0.03604355768357836,0.0634405341609171,0.018170056003131388
39159,0.038662898300244886,0.13696800927495112,0.03141623721197809
39161,0.03231275647379188,0.16856956380260107,0.03231275647379188
39163,0.033281261861355396,0,0.007337831215340261
39165,0.046529730024449746,0.09528679666644568,0.027897722901200944
39167,0.031769248161189693,0,0.007004463406952536
39169,0.040014432394232635,0.3978708887430642,0.040014432394232635
39171,0.03340552395886986,0.10694816951264383,0.023954660837486343
39173,0.033056001092741503,0.10845588287014588,0.024024826584800475
39175,0.0347561812176358,0.13670173376841124,0.029289734606616328
40001,0.019483351395561187,0.20846619704642474,0.019483351395561187
40003,0.011353976449271344,0.07489556764917527,0.010346008599048745
40005,0.015145231768239288,0.07983691599273436,0.012391152980289092
40007,0.0089628731878243,0.0819002189638738,0.0089628731878243
40009,0.010313721243490746,0.08105660233299566,0.010313721243490746
40011,0.012916074899751004,0.07999718159394226,0.011510254156396798
40013,0.015260925738043036,0.07992552562416999,0.012447842644685531
40015,0.013806742088514526,0.07586824675842387,0.011413971817311568
40017,0.0177692157484718,0.08582470782580354,0.014163314073840522
40019,0.014138787749761936,0.06096984041143273,0.0098898440357636
40021,0.020146034591297005,0.1478627027213455,0.020146034591297005
40023,0.014924581386424978,0.13097101426490765,0.014924581386424978
40025,0.005554284078949279,0.04567480643713899,0.005401982135778684
40027,0.01904671883777773,0.09340718171224086,0.015622895351386338
40029,0.015556657960135164,0.0780705317516206,0.012355005427573203
40031,0.011832449676393748,0.062128152141475795,0.009182505796616709
40033,0.011085416923076375,0.07289231688487151,0.010032283115999133
40035,0.01742634694789745,0.13992850179267677,0.01742634694789745
40037,0.019628427851207553,0.09580598417794127,0.016171898854134757
40039,0.011946132142457534,0.06718441674997297,0.009760023769301684
40041,0.019208200708939974,0.21440260564637653,0.019208200708939974
40043,0.01112098895418679,0.05173721213222959,0.00784206072017823
40045,0.009800128776228772,0.05737226986979362,0.00796470646824478
40047,0.012829111488641569,0.13239622415078944,0.012829111488641569
40049,0.01618159446817782,0.07369454695968765,0.012097788120485283
40051,0.01596620159764384,0.09560514173561177,0.014539363899892672
40053,0.012156841990443628,0.07378183983224666,0.010541793093362575
40055,0.009562543753855821,0.048819158038359504,0.007020550769520754
40057,0.008701106165569841,0.06661363049491281,0.008489952930917656
40059,0.00915696936480301,0.07008244913627143,0.009005686855585572
40061,0.01857953291550611,0.149223184621657,0.01857953291550611
40063,0.017802643095553142,0.12351089621831023,0.017802643095553142
40065,0.009301890309323144,0.06280201822716874,0.008332629555791008
40067,0.012775534112861772,0.06098957941843017,0.009401430861165513
40069,0.014411902683672357,0.07848859729199595,0.01194504027308498
40071,0.013743664627449394,0.07984890131101444,0.011827702897898609
40073,0.014572414878797738,0.09466250904331114,0.013821854147989372
40075,0.010832438388961543,0.05411869909022403,0.007990858292053758
40077,0.01842852275627162,0.11531944990809156,0.018003474527809583
40079,0.018536984187234224,0.12738867445129765,0.018536984187234224
40081,0.018640787052673014,0.08231180044821386,0.014100086254618824
40083,0.01614013679052853,0.08086620699074015,0.012911098442621179
40085,0.013892072909687903,0.06305316607868891,0.010031308927229855
40087,0.019328980474726958,0.09543539677644161,0.015994743891029287
40089,0.015524887501168646,0.11496311325786057,0.015524887501168646
40091,0.018435529216870184,0.11004282175630228,0.017368917544557064
40093,0.011849591593158546,0.06925783705355369,0.009943380975544381
40095,0.014946903020389852,0.08652544986957164,0.013066551869706252
40097,0.02097743427106426,0.2305949241542145,0.02097743427106426
40099,0.01491837144245287,0.07446074603079565,0.01169297343721002
40101,0.020855201165001506,0.11718450128401314,0.0194139240713712
40103,0.014682383336441653,0.08622924818104524,0.012922647989920207
40105,0.016174499978654767,0.12020797149063951,0.016174499978654767
40107,0.01874676293469671,0.08356549565535532,0.01429585396557879
40109,0.020119870930445854,0.11337012899791366,0.018579003252283937
40111,0.020650063916099765,0.09616160253446743,0.016665657261607777
40113,0.016862410051716403,0.10017561656685686,0.01546893708116676
40115,0.01798499509034621,0.1705319042486781,0.01798499509034621
40117,0.017555778390208557,0.09066177184575502,0.014649465619794185
40119,0.016274670423059745,0.08253846099533838,0.013159543860011745
40121,0.01708978412069935,0.08618704859534022,0.013922926865019138
40123,0.016451760167441147,0.08484570228394267,0.013500482716390578
40125,0.019087909362141872,0.08502491818358027,0.014614849902497739
40127,0.015326041428529993,0.09788437560672106,0.014517698066260732
40129,0.010136544404770756,0.04611932843570507,0.006935954132506261
40131,0.01899834499856659,0.3278157285649845,0.01899834499856659
40133,0.018105547385242473,0.08504157943817345,0.014209353880245926
40135,0.020013734654176097,0.132591699528917,0.020013734654176097
40137,0.013704441982734421,0.07247206358184728,0.010999800628522034
40139,0.007902363711031297,0.9333349255828342,0.007902363711031297
40141,0.009558551082428486,0.05804675106563513,0.007947625617296908
40143,0.0208334704336962,0.13557923551260828,0.0208334704336962
40145,0.020954172755868923,0.11566074613440727,0.01926925882547402
40147,0.016065793536705175,0.12157294847251023,0.016065793536705175
40149,0.012042071996148596,0.07576020284863869,0.010707409908739422
40151,0.010003879028737879,0.05579475163580924,0.007876025320864819
40153,0.01006242967077736,0.062117094086170735,0.008539781997851105
41001,0.005128911054391444,0.03225614387423818,0.004049576428887476
41003,0.018326785981026713,0.19393313850641403,0.018326785981026713
41005,0.04269474234715588,0.15053039470668966,0.035959076404206924
41007,0.017918287872466666,0.035060990737679376,0.008148064242875286
41009,0.026480172014311274,0.06750600156782899,0.01524109470158176
41011,0.007076593188396035,0.05872573492021602,0.007076593188396035
41013,0.00778138283618506,0.03401988730235375,0.005000234662071879
41015,0.005913744636416968,0.03527407232632468,0.004558974761174486
41017,0.005918799363761235,0.02312810745555568,0.0034395182667973038
41019,0.008319067903571002,0.040237066780607275,0.005768497360983395
41021,0.007301631633683031,0.03743041687072807,0.0051827004754505185
41023,0.004247424113986323,0.020312015510202144,0.0027335164140154114
41025,0.002911120117726035,0.008643365905312306,0.0013801394697470345
41027,0.015263594508533146,0.05356825772853432,0.009453390323410497
41029,0.009353235330363512,0.038564653229022514,0.005924140013087801
41031,0.007774921113369705,0.045292288817427306,0.006086484885824214
41033,0.007838735631366226,0.041762944443504285,0.005765942018360714
41035,0.005943659023769865,0.025152576376860993,0.0036332712754171335
41037,0.0035514537075028592,0.012645592487009624,0.0018816889296359395
41039,0.010525352796783863,0.06603141435782553,0.009110045827956126
41041,0.011983840644799985,0.08340449685177621,0.011495965202072814
41043,0.01592183253774909,0.12288474536833063,0.01592183253774909
41045,0.007413762599843812,0.08641899004575634,0.007413762599843812
41047,0.02534450408629449,0.306271929987731,0.02534450408629449
41049,0.007586930417956798,0.0638807280274972,0.007586930417956798
41051,0.04328156606232297,0.18125652508447218,0.04175006909108525
41053,0.024440361178075767,0.3405333927335536,0.024440361178075767
41055,0.009083237761913799,0.03502871627048472,0.0054888983606881684
41057,0.01494569524624854,0.07865236445134458,0.01217698373919788
41059,0.007810410728418167,0.060071056446054476,0.007525845501344909
41061,0.0069505780923629626,0.05445014236433891,0.0066861928830303395
41063,0.006224146703957181,0.04510329159089599,0.005566458345446221
41065,0.012568198700511938,0.037933480826534166,0.006848508812609175
41067,0.033981086571333655,0.1521738271705254,0.03129699669254828
41069,0.005233205992946735,0.04184122185722696,0.00494986905914882
41071,0.02404995453810261,0.16057716937942226,0.02404995453810261
42001,0.04222585424836662,0.19601966042374813,0.04222585424836662
42003,0.04393137414314721,0.037924801442964895,0.016481125824607683
42005,0.037656389966675245,0.012897615007916488,0.010428402025445708
42007,0.04053401237782293,0.03336690638680753,0.0146563211916054
42009,0.03659918126481336,0.04015562873696435,0.014591282993472949
42011,0.048829155608849255,0.15481169900840563,0.04023719691436793
42013,0.035508792001951416,0.04261492096272343,0.014644097490066267
42015,0.0282261048385256,0.032639293721142104,0.01089977790531201
42017,0.05576075799053819,0.0760850592553829,0.02798376455105279
42019,0.03839441222319792,0.022590224015627908,0.012226883229393904
42021,0.03766449839191083,0.03828192714301332,0.014615057396978241
42023,0.02822885145763824,0,0.006223879018228591
42025,0.05007585516511203,0.0515155235364633,0.02099445304530288
42027,0.033165501789119575,0.042513623530402916,0.013883552651807947
42029,0.0495774145186702,0.11612522888358441,0.0332360627988976
42031,0.034140459357122885,0.0010354503852930547,0.007689621365666787
42033,0.03253849275999034,0,0.007174065961471825
42035,0.03166931320658065,0.03837110188378605,0.012782154249630367
42037,0.03716125554929748,0.06126695429377345,0.01822273616708843
42039,0.031588639117361664,0.00703307166898251,0.008026382398771592
42041,0.04109816482379105,0.15361458628973534,0.035590389155079796
42043,0.04202013131823169,0.17554758010211202,0.03995139666887073
42045,0.05730852359840307,0.1492642092552623,0.0439434879282119
42047,0.028779969571061152,0,0.006345389185507128
42049,0.02648938783956058,0,0.005840363198189936
42051,0.03581552171377265,0.004349319172574001,0.008595192199101606
42053,0.029607219359684408,0,0.006527780686981169
42055,0.041010936688375986,0.14374738969212686,0.03383844271627939
42057,0.03962081863772354,0.15063285210655775,0.034241086646482365
42059,0.03384992772693591,0,0.0074632102997313
42061,0.03577337565998437,0.060374585216081106,0.0175791373002412
42063,0.03721761434384078,0.012498430825897078,0.010253328179215718
42065,0.03351417265709565,0,0.00738918323782343
42067,0.03812479758181607,0.1310179491064205,0.030142007639890712
42069,0.03845377429909579,0.010869380236352824,0.01028969958788434
42071,0.04562453897816889,0.2750031913350621,0.04562453897816889
42073,0.03881182641024718,0.0474935479864199,0.016511109399120434
42075,0.044820635087954426,0.32283604135640065,0.044820635087954426
42077,0.0562894257031135,0.08258299850784825,0.029540067266884566
42079,0.040160567051446154,0.021128855519977036,0.012458230104951486
42081,0.03164448678297521,0.05341251721711357,0.015047133126912839
42083,0.02586968815413215,0,0.005703732210013573
42085,0.03657462730847035,0.041908528092200845,0.014868216408538935
42087,0.035404610785121325,0.08759650583708048,0.0217938971311914
42089,0.04938958006318724,0.023023268812416744,0.015301794594112014
42091,0.060843401122939414,0.1118361205777551,0.03777588918004834
42093,0.037192326662969906,0.1347677788786592,0.03027129768665339
42095,0.05577806675873563,0.06475636670302952,0.02565402785780453
42097,0.03783039096664108,0.13167422088330744,0.030097370604129554
42099,0.04041791196767387,0.15978393958985385,0.03625741647033601
42101,0.05804567807175334,0.12908666180541017,0.040091270917513376
42103,0.047257850791219656,0.011942993966903778,0.012650066310246367
42105,0.02667911370799362,0,0.005882193835668319
42107,0.0434178263130977,0.09618727471709859,0.02669415754559812
42109,0.03710244058932458,0.217072505633228,0.03710244058932458
42111,0.036819555996547376,0.04393923685416669,0.015276521715494264
42113,0.03197944003699581,0.013371993840626054,0.009081438196573283
42115,0.031909684615617634,0.028800251702685076,0.011404356860157923
42117,0.026363589255836043,0.012431357969741902,0.007540851373070885
42119,0.03507663539250318,0.13268324401722148,0.028821830566683294
42121,0.03233910615260822,0,0.007130105330481804
42123,0.026995368072508946,0,0.005951921394605102
42125,0.0392866492628647,0.01597949182282113,0.011355375958469754
42127,0.0395695803780613,0.010316435432520962,0.010469870935902967
42129,0.040123473651828855,0.024180641966403224,0.012968502340590998
42131,0.035927568356867175,0.019531436503134103,0.011063524333719682
42133,0.04251847788983666,0.15279016060457068,0.03625716420706415
44001,0.022027425766577263,0.008643388931743247,0.005972545040843297
44003,0.02344598296955007,0.007960730164058745,0.006222980176560271
44005,0.01859007675679839,0,0.004098728169919554
44007,0.02591722232502678,0.021504153191948844,0.008681809804574607
44009,0.020526846767098074,0,0.004525745976447312
45001,0.02441089920445173,0.02867674882928188,0.009240792078260746
45003,0.02041849461203135,0.03959318526169868,0.009468152570864969
45005,0.01817617476346518,0.01138123218740289,0.005376724627187088
45007,0.02918084096028533,0.04962231418650888,0.013651861021839247
45009,0.018367818187606536,0.02376326978453274,0.006919045147836617
45011,0.019103149003049477,0.017488531553313452,0.006352913495325635
45013,0.016122893913244507,0,0.0035547652829713626
45015,0.018853405210424543,0.0197531332874661,0.0065638224082050535
45017,0.019963521957805576,0.055857680657188435,0.011349860394391058
45019,0.015770012034059207,0,0.003476962113151636
45021,0.03143172990953052,0.044217050830668056,0.01358936591123125
45023,0.02832132687430766,0.07244659692869825,0.016640064901673916
45025,0.022079035632243123,0.08768630451791755,0.016199538802312702
45027,0.018386028571932767,0.050887572693217475,0.010200330007716966
45029,0.01860401668238952,0.004188271045448749,0.004609779806223432
45031,0.019918967461994837,0.06728661894617953,0.012754867189076787
45033,0.018827617134709783,0.15088571476880103,0.018827617134709783
45035,0.018447968334933142,0.014990335729129119,0.005880165798036548
45037,0.02126005430933569,0.04503561950492416,0.010422986022922406
45039,0.025167565403650397,0.0544000408974987,0.012962984519631297
45041,0.018614617963614386,0.07089078718284163,0.01270390875426447
45043,0.015225129265538767,0.012609163232669182,0.004788761398315332
45045,0.03253656482511708,0.021534595521096697,0.010471243166929609
45047,0.023981508195692412,0.026725623367528678,0.008857350997686218
45049,0.01795392036084527,0.006969149951776915,0.004793373063917028
45051,0.0154335119092919,0.037350372643451604,0.007662181385962978
45053,0.017663685557798563,0,0.0038944780340336134
45055,0.022157116212301656,0.07146577251888803,0.014133353362541904
45057,0.024709064156120942,0.11882647622870267,0.021517898925859005
45059,0.026645559281906796,0.027449457111712816,0.009708546911916933
45061,0.020298908683025012,0.066597222362336,0.01281078354264619
45063,0.023538076347879265,0.08380022817484271,0.01629849395441811
45065,0.021853037326459535,0.027790320725484374,0.008395089316957715
45067,0.017742782972486028,0.09117101263412157,0.014790208416894157
45069,0.02032777444167088,0.09785445419200475,0.016735751946208122
45071,0.02331012857090827,0.05928852181882155,0.01296799423013373
45073,0.029235606532095563,0.08475643662302725,0.01878517292211375
45075,0.01819951905499517,0.03373646255735377,0.00807318470903411
45077,0.031459365970718633,0.02919721401207287,0.011335237645528334
45079,0.023287389924287808,0.05539028954317858,0.01244537057576902
45081,0.022334319828284984,0.06618077479495568,0.013515312329910477
45083,0.03131335238063843,0.024949263607497718,0.010654686497186467
45085,0.019503749514411754,0.056767633103532264,0.011302026743891358
45087,0.027733027517709303,0.024781293833429766,0.009637254951772542
45089,0.017163585386860674,0.03250986404853546,0.007620172281573407
45091,0.03205570935586423,0.08405216220706606,0.01984618958458643
46003,0.005912818305391653,0.11669732483082865,0.005912818305391653
46005,0.005863436507582218,0.12848638370822368,0.005863436507582218
46007,0.004703385020947256,0.03366925680451255,0.004050878423265907
46009,0.007185157545423574,0.21572034096738746,0.007185157545423574
46011,0.007375602566433896,0.1713221713181032,0.007375602566433896
46013,0.005538673422230448,0.1373526353983424,0.005538673422230448
46015,0.005277118293318463,0.08900217085282494,0.005277118293318463
46017,0.005188830250927709,0.08030172376866646,0.005188830250927709
46019,0.004909952537662071,0.03200181809382966,0.003962271926491745
46021,0.004577122630884113,0.05094704584072998,0.004577122630884113
46023,0.00610911897603524,0.1062835287437362,0.00610911897603524
46025,0.006175805418939289,0.12454574810773905,0.006175805418939289
46027,0.00867921446661126,0.20704012374644948,0.00867921446661126
46029,0.006900307350821403,0.14315077233075849,0.006900307350821403
46031,0.0039706731487908166,0.03199647877527645,0.0036860084507424557
46033,0.0055543851854439885,0.025299022426736505,0.0035384591996626205
46035,0.006558860889253452,0.1574653422240408,0.006558860889253452
46037,0.006254024875117266,0.10029233765463091,0.006254024875117266
46039,0.007342875335139292,0.14381717466080024,0.007342875335139292
46041,0.0039465803698640065,0.031361340115994035,0.0036231792069064367
46043,0.00616686362292824,0.14956732749124127,0.00616686362292824
46045,0.00501030269014579,0.08628938230793207,0.00501030269014579
46047,0.00557563344931646,0.030270804330876762,0.0039993300187947806
46049,0.005018778913129697,0.08417665240477407,0.005018778913129697
46051,0.007395776504159047,0.18457235394092836,0.007395776504159047
46053,0.005441370121546106,0.07957500569346748,0.005441370121546106
46055,0.004175042613154628,0.027747827107055506,0.003370829290534672
46057,0.0069428660077576875,0.15719137269378214,0.0069428660077576875
46059,0.005213669426402439,0.089378210183875,0.005213669426402439
46061,0.006853611171232057,0.18737001527872033,0.006853611171232057
46063,0.0038867409944030283,0.02040743878380024,0.0026456119270328194
46065,0.004448856135779025,0.04957633205913248,0.004448856135779025
46067,0.007201775329642192,0.18968533902172585,0.007201775329642192
46069,0.004910425558810112,0.06910310462395253,0.004910425558810112
46071,0.004286112500511228,0.02836921719028651,0.0034573927269524784
46073,0.005782036958406812,0.11172066856771466,0.005782036958406812
46075,0.0042570112431472,0.042808550945433,0.0042570112431472
46077,0.006498104294554361,0.14270889691872152,0.006498104294554361
46079,0.007187297653376872,0.23111983842310613,0.007187297653376872
46081,0.00532435583317138,0.03167587504389466,0.004054311290941004
46083,0.008722307607316399,0.25317215987275166,0.008722307607316399
46085,0.004710051872467195,0.05491928700444519,0.004710051872467195
46087,0.007330305550557396,0.18532952110109363,0.007330305550557396
46089,0.004997621841893431,0.08208144892910887,0.004997621841893431
46091,0.006478411621843321,0.0940529032745798,0.006478411621843321
46093,0.005523452554588954,0.0295901771919765,0.0039220133451893695
46095,0.004352745187981585,0.03898763802626387,0.004352745187981585
46097,0.006787089911290092,0.14580710787031453,0.006787089911290092
46099,0.00836801607540018,0.23789087733187564,0.00836801607540018
46101,0.00775415068729909,0.2161370429209024,0.00775415068729909
46103,0.005139888157962338,0.022153835327954126,0.003138426227792247
46105,0.003814073107270175,0.02390631078275436,0.00293228772764177
46107,0.004469721466392526,0.05862134822912558,0.004469721466392526
46109,0.007363281629479739,0.11172996165709961,0.007363281629479739
46111,0.006271870356513689,0.13081992049264557,0.006271870356513689
46113,0.005050545436804862,0.02759460476035057,0.0036055477671400275
46115,0.005486280451169701,0.12396622365941737,0.005486280451169701
46117,0.004125792173107438,0.03663261368403904,0.004125792173107438
46119,0.004427851859341937,0.0542584403250088,0.004427851859341937
46121,0.004488344472961834,0.04294643474076084,0.004488344472961834
46123,0.004852593105811259,0.0660202151315764,0.004852593105811259
46125,0.007924785730440883,0.23264963038566172,0.007924785730440883
46127,0.008958045696541987,0.2379495849545208,0.008958045696541987
46129,0.00438012799639772,0.053251880512008014,0.00438012799639772
46135,0.0081426862159292,0.1833812798118989,0.0081426862159292
46137,0.00399019015396676,0.024251947982084982,0.0030111171241548633
47001,0.03418207956517673,0.006373235318887019,0.008536349220207906
47003,0.031082234439036845,0.07298388082887972,0.017786443276534527
47005,0.026503080675290152,0.02633693094572187,0.009513174746424751
47007,0.033556204556918115,0.027216996144430072,0.011629630790991904
47009,0.030470313622398253,0.01668060063414145,0.009193605999924706
47011,0.03708698972838779,0.10051937518887023,0.024614950339220582
47013,0.03132381207375065,0,0.006906253944809379
47015,0.030807423410715108,0.034715531454568405,0.01197120425400176
47017,0.025223039821683137,0.041867041948774025,0.011272430489207903
47019,0.03470277474356718,0.01984512950648462,0.010788395074071732
47021,0.03199740471761031,0.026064992335936857,0.011013990854921078
47023,0.02625268403445717,0.01925178745247623,0.008459704285287242
47025,0.032463214530460194,0.0013142566094953428,0.0073585010335289695
47027,0.027890210995804555,0.032266519518254766,0.010747537895414777
47029,0.03420420284985557,0.015865612501499565,0.010031302268395059
47031,0.03178564586792926,0.04984685300815915,0.014555596674732246
47033,0.025488303179386093,0.05963919732704405,0.013791453753957598
47035,0.03179283207513333,0.014830117418048752,0.00925539609301214
47037,0.035459967445173164,0.044431864820538305,0.014918946970101406
47039,0.02644932758593209,0.018232234423941035,0.008369773469993274
47041,0.030809096712981918,0.03507252729092758,0.01202496334450167
47043,0.030019090112927995,0.021889549226712587,0.009844593721664168
47045,0.02428609043088249,0.0867656803926191,0.017004867155903085
47047,0.029326369829146937,0.0526183669613602,0.014137256692056755
47049,0.028346830297181155,0.014377543045556274,0.008313848936280403
47051,0.031673047942724804,0.22581431446695893,0.031673047942724804
47053,0.0247917272476093,0.061759553928783045,0.013830078017093413
47055,0.027920867932717225,0.04603933917934702,0.012720296346395646
47057,0.03376481437578783,0.011767384864801514,0.009279424257664788
47059,0.0328318328177326,0.02180677049890957,0.010592738708534206
47061,0.03312534721190564,0.0722789642459326,0.018468833809679546
47063,0.03293342020550304,0.027485399403942484,0.011494921817245771
47065,0.040823229266373134,0.08082783551652478,0.022908777115986892
47067,0.032007049730621004,0,0.007056893744074342
47069,0.027884404076849716,0.029619063535283013,0.010368573845750701
47071,0.02527082549195343,0.01478915426750435,0.0075907654629736405
47073,0.030631957393083435,0.0034366519725826383,0.007265009840830499
47075,0.025713673400723006,0.05089540178402807,0.012669278397766048
47077,0.026783251573497167,0.028873565371545604,0.009946891357335357
47079,0.025100675216811353,0.05380590721626585,0.012859037348848818
47081,0.030120770422545715,0.01987544410457119,0.00957479958130083
47083,0.027301090239548166,0.027334644642288172,0.009877997994848646
47085,0.028008148742578058,0.020091886391070332,0.009043942060358667
47087,0.02919624380765698,0.019157822518745066,0.009224550473662978
47089,0.03358312915176167,0.04883149470755323,0.01499878290035947
47091,0.030964423048014496,0.0384900898491657,0.012582713434577474
47093,0.038181241032467256,0.04904220359887132,0.01656075327201967
47095,0.02364888738098785,0.09431589893680498,0.01774080502704217
47097,0.024327643457001925,0.06493584434733486,0.014089039086176812
47099,0.027134237123797058,0.03736346040924085,0.011242670265260327
47101,0.027468398186253486,0.01844003809414603,0.008666338125009493
47103,0.02879016081821953,0.05905155497194396,0.014884576494651122
47105,0.03665279292309893,0.027670738362889732,0.012578747206008446
47107,0.03516915693094152,0.06683194949960329,0.018390215030655473
47109,0.025657701392920222,0.019435054307642793,0.00832752459028473
47111,0.030588296010579837,0.04708682880681657,0.013744836976343076
47113,0.026467323205068043,0.03603487193577913,0.010853658692445905
47115,0.0381012055728236,0.06833138377904746,0.019733229387875872
47117,0.030516003045919393,0.04664242592487858,0.013655118249068357
47119,0.030854031462249958,0.029251539535122065,0.011169487560076638
47121,0.03457296355077167,0.021244721618030107,0.010974720832211909
47123,0.03503967706053283,0.04711404424014698,0.015209667777113826
47125,0.028578338862144607,0.04392267173109157,0.012629463146325251
47127,0.029511472186106096,0.05696868528277939,0.0148364165452789
47129,0.03045108543000209,0.002403829723640949,0.007070477114578284
47131,0.024156332344450047,0.08789772886744635,0.01710219314099909
47133,0.028073322935680902,0.018501029158076346,0.008833924701659347
47135,0.02751644276934091,0.014855446045394446,0.008171175711373699
47137,0.027783451991845842,0.01866191217108669,0.008780644829465882
47139,0.03489345211427905,0.07766490454242063,0.020004525092309537
47141,0.029794104671893015,0.026946024653398223,0.010526337960006864
47143,0.03513799833257459,0.02072946726138128,0.011044771198229442
47145,0.03607621937697634,0.012497119670481907,0.009968856867620196
47147,0.02985699568068955,0.0512837357637123,0.014121866128838995
47149,0.0324832105691621,0.03776284803774864,0.012939914150522251
47151,0.02847753666344298,0,0.0062787089724998324
47153,0.03489143821673283,0.03348062174006651,0.012999949061213198
47155,0.03217115249033517,0.013370087347209958,0.009129275858997605
47157,0.02869286281093082,0.09050456866585296,0.019390083334860572
47159,0.03133226715610886,0.03142797068675025,0.011634189642330862
47161,0.026605550788521247,0.03383604678172686,0.010588620078888927
47163,0.030851612404512927,0.022098964345360156,0.010101061188101841
47165,0.03127705747739858,0.03656366772939497,0.012389698352604419
47167,0.024342311054819845,0.06390008170650936,0.013955241917355971
47169,0.031355123717942204,0.02803338906014846,0.011130223568571773
47171,0.03304357998608521,0.008638269591850642,0.008618219789869321
47173,0.037266120465083916,0.018333775095159044,0.011222057303360128
47175,0.03089336293563211,0.02221519281018562,0.010129736727097676
47177,0.031051797979079972,0.04991375292305786,0.014320207614825815
47179,0.03315010425336551,0.04693915517878794,0.014562551291955191
47181,0.025585298759367756,0.019799298329567117,0.008358334840434906
47183,0.024822241427928226,0.0806943371056845,0.0164067461104802
47185,0.029827771625286804,0.02916950714251762,0.010862550989143136
47187,0.035116518606066446,0.03914213516194838,0.013967133637019532
47189,0.034223379238040134,0.0348771044455969,0.01302076128956843
48001,0.02065900646957823,0.114455628268858,0.018974327349841693
48003,0.0057754762950126635,0.024009918289425388,0.003481437567722062
48005,0.021741049182124886,0.11792527757975467,0.019941657641771596
48007,0.01386589597817161,0.03885149492060233,0.007348537247231288
48009,0.010887286368287317,0.12457249958239262,0.010887286368287317
48011,0.007599383539271747,0.07045252511411429,0.007599383539271747
48013,0.015953784705470157,0.07141400083730295,0.011746405144820123
48015,0.02835814828978856,0.15845252678733202,0.02835814828978856
48017,0.005587444407320928,0.1000212619879728,0.005587444407320928
48019,0.011264862692448075,0.03078669543583768,0.005701228588169839
48021,0.019108624075501204,0.09900942240846461,0.0163356945913985
48023,0.0083324751792774,0.06168705379209517,0.007870688393819686
48025,0.01167890176105832,0.04505505540824383,0.007326358415114368
48027,0.01463047546631664,0.11934488527364864,0.01463047546631664
48029,0.017846625832352463,0.08369372638687309,0.013940797381447446
48031,0.012233050408464358,0.04731587767904822,0.007746886945965031
48033,0.006648346797866753,0.035024159963758225,0.00475668369251753
48035,0.014635485904411622,0.14099608606986905,0.014635485904411622
48037,0.019324008706885172,0.1575144357010355,0.019324008706885172
48039,0.03479792456762227,0.1549379720749124,0.03219876030083344
48041,0.019979048549308983,0.13782651219053088,0.019979048549308983
48043,0.0029413668308106195,0,6.485106675582531e-4
48045,0.006938098420884932,0.07717872978072045,0.006938098420884932
48047,0.008686245337081467,0.018463032582593172,0.003735917653253421
48049,0.008953377754435887,0.05463352345139996,0.007395218921925931
48051,0.019278893831155462,0.14559339807689817,0.019278893831155462
48053,0.011228989099342342,0.05952442318412599,0.008691857122741701
48055,0.01606087372286154,0.07922604665231145,0.012689577807108714
48057,0.01852732224404963,0.082082490319878,0.014025951155786207
48059,0.009574796292842481,0.06647417563854639,0.008801570192187521
48061,0.008711050905451916,0.02688868376519578,0.004573828709547323
48063,0.021882863180471643,0.2917453087479638,0.021882863180471643
48065,0.008644763848962568,0.06699085410598764,0.008506117407939206
48067,0.022125366786613834,0.13655583873112553,0.022125366786613834
48069,0.006345896454897494,0.20753036884326298,0.006345896454897494
48071,0.052992532057113774,0.12056380933099764,0.03578266737927961
48073,0.022467567701050014,0.11395450539952556,0.019780997527594966
48075,0.007508878843315122,0.04790053280920901,0.006250486983000335
48077,0.012026879913240236,0.09319715220217986,0.012026879913240236
48079,0.0052438666435859335,0.04922306813281492,0.0052438666435859335
48081,0.007054126930545013,0.020815120820797974,0.0035303776196931517
48083,0.008022694705322854,0.037511963154827396,0.005411286497395673
48085,0.025425897356757706,0.1565031553031644,0.025425897356757706
48087,0.008334613029719972,0.05777345688258987,0.007488657008493913
48089,0.022977128140902962,0.1748468967482394,0.022977128140902962
48091,0.015708396450774622,0.060390191029092384,0.010388174776289854
48093,0.01067285072695008,0.08727838032533305,0.01067285072695008
48095,0.007336360899312446,0.02984631943012783,0.004468802692284407
48097,0.015077203484530437,0.09375359957168461,0.013939455923579149
48099,0.012674253154276331,0.08529819613128976,0.011983814432990193
48101,0.007279277821250506,0.04411179874200706,0.005813275345812426
48103,0.007379609078311969,0.004883194728409991,0.0020940368265949887
48105,0.0062500701439744295,0.004501744287417297,0.0017968961200254502
48107,0.007067060243560829,0.06856855719107685,0.007067060243560829
48109,0.0031416158589450916,0.0017075293458950341,8.394144712984584e-4
48111,0.005861064718713002,0.1007063314911799,0.005861064718713002
48113,0.038997721668909184,0.1610620766257923,0.03564022881633491
48115,0.00669902156645736,0.07140998440420054,0.00669902156645736
48117,0.0062400999707389986,0.12808131682156224,0.0062400999707389986
48119,0.017934179231453302,0.13191892184253506,0.017934179231453302
48121,0.023569365051803466,0.1433719179280474,0.023569365051803466
48123,0.017586063515266655,0.10469958448382546,0.01633234588522449
48125,0.00680111333177368,0.041008244861865106,0.0053669472533228796
48127,0.005769322025396595,0.02343421904381164,0.0034268070520502856
48129,0.008163242868411353,0.06740959875759767,0.008163242868411353
48131,0.007360663355730728,0.01460454265818012,0.003018890621091135
48133,0.010347696496593067,0.11349444710602545,0.010347696496593067
48135,0.006802946616176971,0.01403060489989272,0.0028231788968124272
48137,0.006015070799614908,0.011508948922852157,0.002390918222154671
48139,0.03427827112124047,0.1323385359370251,0.028349535070155675
48141,0.00919972658056324,0.06868920594186587,0.008882929442017903
48143,0.013366740335712812,0.12044293413812954,0.013366740335712812
48145,0.016615694008845328,0.1701932975478763,0.016615694008845328
48147,0.017876237810088777,0.1534306544843531,0.017876237810088777
48149,0.020136624483931165,0.4223288891764097,0.020136624483931165
48151,0.007249100887206933,0.02957795772024623,0.004418027325617337
48153,0.007025817101085536,0.10173465843280985,0.007025817101085536
48155,0.007762508917367761,0.043658398194247744,0.005924782620659848
48157,0.04986533813309421,0.30071468498806675,0.04986533813309421
48159,0.019373844764027797,0.2604308034285543,0.019373844764027797
48161,0.019948272279868284,0.10698348667949051,0.017702472102307243
48163,0.008748322560930126,0.09822600416554159,0.008748322560930126
48165,0.005634389828281151,0.0909679174049826,0.005634389828281151
48167,0.04428775957519201,0.12677796107271805,0.032583207793509046
48169,0.006700397471916647,0.03729632113166926,0.004986088509983548
48171,0.008997931720226589,0.046117988367507697,0.006564757643049461
48173,0.007730620686408869,0.016101372525873067,0.00325715231985338
48175,0.014677985260784957,0.06790945813018767,0.010863270862660495
48177,0.01782466004633793,0.14180044800721706,0.01782466004633793
48179,0.009003018524187884,0.06211832410047014,0.008155914628087223
48181,0.015910963325419022,0.16796032661065377,0.015910963325419022
48183,0.02676537877014471,0.12387289305895369,0.023235947691338386
48185,0.022726419113953893,0.13233197650748615,0.022307573822258085
48187,0.018012166424911664,0.0956822283744916,0.015446781008304728
48189,0.006728212275233551,0.1480282214580973,0.006728212275233551
48191,0.0075200371887234226,0.061896914337826264,0.0075200371887234226
48193,0.011359888275946426,0.08784606248657689,0.011359888275946426
48195,0.008479983317938007,0.10784916509124283,0.008479983317938007
48197,0.00815876523418274,0.05295248012213706,0.0069570449212665265
48199,0.03105778419842079,0.07047485157953992,0.01740124545185778
48201,0.04422435177872257,0.17557227583636373,0.041326235101360284
48203,0.026053914874265456,0.12828870158746397,0.023488416241564745
48205,0.0062672635384110565,0.08302297242121891,0.0062672635384110565
48207,0.007610135365625028,0.04140783519586774,0.005659572884308666
48209,0.016030704205652307,0.06504214646390304,0.011040580371077682
48211,0.009773806844788693,0.05226453913917474,0.007439042700118842
48213,0.02382314313327107,0.13924809711769517,0.023802425117689076
48215,0.007965126576597863,0.05212017681005505,0.0068102076728282215
48217,0.01891835112166113,0.11430515990462516,0.01811683121336727
48219,0.006122164597566474,0.09277996421286702,0.006122164597566474
48221,0.021044757300205573,0.11310046654027617,0.018988368904737055
48223,0.021120777546396807,0.20602796008812996,0.021120777546396807
48225,0.020088535912251914,0.10636521518236382,0.017690609725530923
48227,0.007287737384922281,0.028444129782343203,0.004320966715309737
48229,0.003403971822458382,0.005547802467390164,0.0012306362310643
48231,0.025187417421783702,0.13165295204363606,0.02350195589932902
48233,0.008271013817835694,0.06667579879820963,0.008271013817835694
48235,0.006940229839975392,0.013321291352902252,0.002790729391697058
48237,0.013953976154287394,0.0719870046877441,0.011042476091069758
48239,0.02075491919983592,0.14762301195296068,0.02075491919983592
48241,0.024074150895193065,0.06306204155387451,0.013744832752896273
48243,0.002859964392050403,0.0024305682122609494,8.378927890820649e-4
48245,0.03562940586603094,0.13141759193696878,0.028908583552243346
48247,0.008075741566981173,0.009630098239019357,0.002716793770055774
48249,0.009370530056183803,0.02650910508373883,0.004721733325682009
48251,0.026781628671948304,0.1347328068885827,0.024764267561072955
48253,0.007745677766285359,0.03790864305058511,0.00536472588024899
48255,0.014382733227734569,0.06338076081300652,0.01024677320332722
48257,0.03236398416950496,0.1280199650662775,0.026688847074523778
48259,0.01204871329818826,0.04357296812159372,0.007288426787460115
48261,0.009450222681294139,0.014688290736645744,0.003557751099311349
48263,0.006987021031882797,0.03017242834198659,0.004398842925839467
48265,0.008858632729258466,0.022830352298008668,0.0042136155295286635
48267,0.007160533551245458,0.02185918666515178,0.0036582228275620853
48269,0.006976028676343616,0.031279622393674135,0.00450052216526971
48271,0.005175109822125444,0.013293547041688076,0.002345300021491085
48273,0.011241242650232582,0.05363138160433147,0.008080654330054839
48275,0.007529322883113056,0.06463350949831914,0.007529322883113056
48277,0.01582898388607106,0.11196497330906213,0.01582898388607106
48279,0.0062667609325706706,0.13272099643416907,0.0062667609325706706
48281,0.010731608373996115,0.06443694503048664,0.009021952864738971
48283,0.007770466039419828,0.02392406373478027,0.004022484880965573
48285,0.019254016871810543,0.1612694603680914,0.019254016871810543
48287,0.019430433281872307,0.10941254055147204,0.017760873376503634
48289,0.01878678705704528,0.11095023118144509,0.017645144803253
48291,0.03703874844423533,0.12036544617121701,0.0278364904482588
48293,0.017265842184161644,0.1070967435822444,0.016468523202118376
48295,0.009309324210459245,0.06577369316813327,0.008632627121217623
48297,0.010743863058478853,0.03391709376956457,0.0058731322766276284
48299,0.010204864510621586,0.044915608844897176,0.00683533299355326
48301,0.004176540402479168,0.006017440390680681,0.0014522417450927433
48303,0.007427929856954256,0.0939380442602553,0.007427929856954256
48305,0.006739849594939568,0.05537510477941027,0.0067006085666830445
48307,0.007288650659268355,0.03567970441346563,0.005011669273316769
48309,0.015871408455833954,0.13178130701068516,0.015871408455833954
48311,0.01016261986775052,0.032298260914735054,0.005534813133677305
48313,0.0190852820107755,0.15283804113481023,0.0190852820107755
48315,0.022729915963423258,0.11087647540672507,0.019504822173764043
48317,0.006765742783332183,0.024731421327157527,0.003822100194348569
48319,0.007641120197884922,0.03961190138814623,0.005496516276345712
48321,0.026238668554850502,0.15158987371499616,0.026238668554850502
48323,0.004736800226294645,0.01115179254577147,0.0020434630081370246
48325,0.01082609420960177,0.0533943729451458,0.007913700887154226
48327,0.007131839476448225,0.025115327011291634,0.003960007123683022
48329,0.007601863398627043,0.021143236070780204,0.0037087457646419043
48331,0.016970977878076866,0.16101016183776382,0.016970977878076866
48333,0.00928123990714802,0.07570112755526838,0.00928123990714802
48335,0.0070389181419905755,0.025244040110370514,0.003946394563696812
48337,0.014340658717251058,0.1016472450239357,0.014340658717251058
48339,0.02847798640946839,0.1011779678512825,0.020833670195267263
48341,0.007701918362261961,0.17725752372294867,0.007701918362261961
48343,0.02079995153362444,0.16875105082899297,0.02079995153362444
48345,0.006975504303046101,0.056621996079554884,0.006900481530461794
48347,0.02288055434093724,0.16566246877924998,0.02288055434093724
48349,0.022325152771315283,0.09517763464140094,0.017275436086619193
48351,0.026357547441666525,0.05681300704264318,0.013708731492946737
48353,0.0074914041989700845,0.02723387768939097,0.0042630649436447435
48355,0.013960350565088717,0.051389230698997486,0.00876532907322377
48357,0.008988037412861824,0.08833282484470681,0.008988037412861824
48359,0.005927098305274719,0.05175083571142189,0.005927098305274719
48361,0.03679780590563012,0.13413120729980627,0.02995911195820655
48363,0.014788524674936188,0.07466598230311304,0.011665348825903879
48365,0.02647089026048458,0.12038253092210917,0.022601550595059035
48367,0.020149339539661745,0.09858555438493871,0.016747756660473897
48369,0.006069968953322513,0.1745499050306019,0.006069968953322513
48371,0.005220668800766112,0.002125939964091151,0.0013438652081317426
48373,0.02394930593014326,0.0697771953376281,0.014595806914440089
48375,0.007996081666290695,0.09346258161911511,0.007996081666290695
48377,0.0023132916803085828,0,5.100330622278858e-4
48379,0.02586103384231285,0.1383110054788359,0.02477113551070428
48381,0.007491413503044367,0.09345392181231449,0.007491413503044367
48383,0.007049513164385504,0.008199373226284303,0.0023322011204433696
48385,0.006940236136875432,0.01969322574073301,0.003393687210192328
48387,0.016463657375247815,0.1294967100895479,0.016463657375247815
48389,0.004042874273619452,0.002449166795519566,0.0011069082551168692
48391,0.014182964249757998,0.05403522469556021,0.009134742532191186
48393,0.009206215053845767,0.05429497205100842,0.007448747065584558
48395,0.016756684273457785,0.14965692968260075,0.016756684273457785
48397,0.03222026672577983,0.1336991857375448,0.02748066371957496
48399,0.007414653153349467,0.062174834297563965,0.007414653153349467
48401,0.026748194616402442,0.11096046822931355,0.021420840079307717
48403,0.022167790568970443,0.07606556762142702,0.014732808041166657
48405,0.02222104733004737,0.09427874380711018,0.01711338180550801
48407,0.026614831014746078,0.07791426837146354,0.016744509401384673
48409,0.011972989741949056,0.06071313960460139,0.009083273814162112
48411,0.008484702526212378,0.05252022661647532,0.007025926690705473
48413,0.006595233676377636,0.017664256482172243,0.0031116971943937624
48415,0.00722848728331894,0.04514162393602414,0.005895083851115508
48417,0.008607702795118842,0.04180875657548644,0.006013394340663624
48419,0.024297145286836342,0.1913569133906139,0.024297145286836342
48421,0.0072568459380779205,0.11767374868371205,0.0072568459380779205
48423,0.023663758495667566,0.1174848667852397,0.020825299765042698
48425,0.017720281179608877,0.11101240810593428,0.017146962138958124
48427,0.006922096223876796,0.0063899165173844745,0.0021305722232737674
48429,0.009852113551006075,0.04436965543389104,0.006666049778847629
48431,0.007522787573061072,0.016593183740335655,0.0032508742030671594
48433,0.006958461984147252,0.028616333545040853,0.004243263522374842
48435,0.006713443154654838,0.014138398282096145,0.0028107192478602242
48437,0.006691539357850607,0.13001719733534978,0.006691539357850607
48439,0.029938036129028543,0.13735757135813956,0.026818543356601568
48441,0.008270715003497204,0.08911821618341181,0.008270715003497204
48443,0.00454774816436752,0.0011520620969129036,0.0011054007747118403
48445,0.005941284035929174,0.0601377145984566,0.005941284035929174
48447,0.008599842758258258,0.047224081579820235,0.006543887155209455
48449,0.01931583859454574,0.18866428297674204,0.01931583859454574
48451,0.006902872225136696,0.02521432919837529,0.003905740705694307
48453,0.017046417400237338,0.08892708244572178,0.014227395219686452
48455,0.02008666252502287,0.09060206903736001,0.015724476390214806
48457,0.02562217327300051,0.06537902467606305,0.014627449394694306
48459,0.02341433555729036,0.1546362965175028,0.02341433555729036
48461,0.007618756853890092,0.006635996724783693,0.0023180136334353335
48463,0.006432863574772535,0.03713667799685623,0.004889375388094385
48465,0.004549806749117111,0.005364554949477081,0.0014814596369000133
48467,0.027789647019346417,0.13782211400841266,0.025736481554162607
48469,0.016858504616949585,0.09565365784216821,0.014936772766139203
48471,0.021029988789511154,0.09399895691852497,0.016558636291236828
48473,0.029964208572478546,0.15459938252196498,0.029371404735229083
48475,0.005520884034994579,0.005170350253900648,0.0016897218913672336
48477,0.022602692222965556,0.12860932567553104,0.021757343970903637
48479,0.005427211048523753,0.005319415882324274,0.0016815520683335875
48481,0.026439062850108292,0.1796714210257583,0.026439062850108292
48483,0.009413846255574603,0.06690066092924914,0.00878439830405893
48485,0.010604165629313895,0.11503790923809723,0.010604165629313895
48487,0.00867410110242265,0.07259243901828898,0.00867410110242265
48489,0.007257424590957538,0.014495170511734285,0.002982253607958911
48491,0.015600966089134694,0.087438074705263,0.013444534203412777
48493,0.01938194654812051,0.0936185764384467,0.015794390201314002
48495,0.005348687255522513,0.008705095769818656,0.001971344767725172
48497,0.018211263663056185,0.09976944081707437,0.0160262712801048
48499,0.02298205591507211,0.16829529733792792,0.02298205591507211
48501,0.005430850884494622,0.06984352319142699,0.005430850884494622
48503,0.011295994220176615,0.07536026843568855,0.010371898707263542
48505,0.006509474375734479,0.004188487636832952,0.0018274244062665749
48507,0.006617350759387848,0.036911038836610864,0.004924525354521353
49001,0.004324417344897867,0.03352679232328181,0.003925531116572341
49003,0.008176100949995003,0.04066580064159835,0.0057656086864177345
49005,0.0080668240180673,0.10638453428129105,0.0080668240180673
49007,0.010795261300208494,0.037230390005507485,0.006231169781919843
49009,0.00506835786725851,0.03801786360109574,0.004552323930156953
49011,0.018346971090206148,0.06484818696930289,0.01187219936791943
49013,0.009079731085629157,0.0356259509850112,0.005547279438123997
49015,0.01034495411265489,0.11417422626860033,0.01034495411265489
49017,0.004673256953287378,0.009970971120451845,0.0019222143254075466
49019,0.006896594384529485,0.01746471166278011,0.0031714457008461612
49021,0.005174370310482125,0.020751129619505686,0.003020702655173296
49023,0.009915460533679293,0.013151620553114739,0.003520085334342321
49025,0.006234560151593357,0.017835743638360213,0.0030335650520098793
49027,0.005628944827257683,0.022434619800087645,0.003296744886239433
49029,0.014039529593113947,0.0639341888946629,0.010182735108559153
49031,0.005572752197019083,0.05115984707230274,0.005572752197019083
49033,0.006032546660735408,0.047140083695392875,0.005692972274135737
49035,0.03239904064076936,0.07838215357588886,0.01912137625035912
49037,0.005499717314384275,0.0023018347735443024,0.001422810814549482
49039,0.012896187145908568,0.041958014343940656,0.0073848758926181556
49041,0.007854549903971457,0.06011877258501381,0.007546252524737771
49043,0.01649538972152445,0.039882175750832624,0.008281824749720184
49045,0.01599332930901052,0.025789636954208696,0.006500229945151319
49047,0.005634775100110494,0.016120316954439308,0.0027196671249139124
49049,0.06381639775067943,0.12278466938127423,0.04165062785378616
49051,0.021233378649113514,0.04198178727288069,0.010025619280282106
49053,0.006135386505372512,0.012544170691736993,0.0025166656954950586
49055,0.007525094976718704,0.020311579648267394,0.003608301262198312
49057,0.012040646560598712,0.05444041286541665,0.00844088572133404
50001,0.016080262946848674,0.05406639458370352,0.009790982730008436
50003,0.024514271642540157,0.006258611408026533,0.006248517281007432
50005,0.013535058432504627,0.013990201621163448,0.00451892828939763
50007,0.014578106696091015,0.020502912292160808,0.005512223546701369
50009,0.01140711511954866,0.005255304329126492,0.0030659810093040005
50011,0.011386227488295724,0.07729680017372295,0.010610262245096926
50013,0.011933156242776606,0.040391040237215334,0.006914032502620647
50015,0.014086742592336575,0.025723917341391768,0.005960190087570835
50017,0.017862845573926336,0.02077057260406958,0.006422379893215064
50019,0.010499769579703215,0.029095541978386888,0.005304916822755334
50021,0.018339355391963214,0.04275334807920843,0.009202964857676032
50023,0.01619009173179028,0.01840829521732592,0.005700682908508329
50025,0.02413361993214792,0.008734842214675,0.006490774199968637
50027,0.020119806688929844,0.0035910749777420745,0.0048839901278804896
51001,0.0212369293026461,0.0069669150739209845,0.0055692188257132355
51003,0.030807998841136636,0.05247442518487852,0.014620641401048287
51005,0.028351079755886247,0,0.006250827834833517
51007,0.026926282945834653,0.03889217642556292,0.011393551877869503
51009,0.026970148998828995,0.010402932408065751,0.007407013100630142
51011,0.02542869813923207,0.006501362699379162,0.006496439061748201
51013,0.05302028878120136,0.12592744473431777,0.03686888693051019
51015,0.028885045882495745,0.09266067094579951,0.019784380690474144
51017,0.02784247709119192,0,0.006138691446353224
51019,0.027831429235820264,0.007482741200416865,0.007201620475807906
51021,0.027596689055906735,0,0.006084500258375254
51023,0.028352062975952445,0,0.006251044614561501
51025,0.023022091089586322,0.021823101120809388,0.007943100907286041
51027,0.027095925703146305,0,0.0059740922763494705
51029,0.025787334937565087,0.014698225251329258,0.007709583101318857
51031,0.027308337755266553,0.013467930751393645,0.007922336496932672
51033,0.02973095339983713,0.011682064696966352,0.008269029219278641
51035,0.028070922764194987,0.0257175326319877,0.009864703192079643
51036,0.026885733414801,0.02786897667610183,0.009835391507238698
51037,0.024821060105371325,0.016049232860565296,0.0076471335541137275
51041,0.03092366764110509,0.04238537548857353,0.013152269259406395
51043,0.04098830140009789,0.05536536171875636,0.018584716779505406
51045,0.03439517269855207,0,0.007583425560480715
51047,0.03368179807160483,0.05113275315584809,0.015389966288691324
51049,0.026042956818208864,0.032825207866540945,0.010281283289196122
51051,0.026977422561663574,0,0.005947964779912877
51053,0.027129634614150407,0.029194977156363683,0.010091366762930142
51057,0.02762155463310955,0.014365661258511117,0.008128420882601519
51059,0.04896979101498136,0.07511477461464498,0.025120510894163152
51061,0.039473437371604,0.041620639736247036,0.015736363895266815
51063,0.02902256670862131,0.012170040464955567,0.00816473476798399
51065,0.028113240425862558,0.02104029848794936,0.009207580950643404
51067,0.029203174393122124,0.012776784992081638,0.008297867191759007
51069,0.039089843002685504,0.0711909018723079,0.020586318841393975
51071,0.027916230659753648,0,0.00615495258572617
51073,0.023471993871353788,0.00949506435412388,0.006432352961968174
51075,0.02815294684134568,0.026456954219406026,0.00999342870449858
51077,0.02762802172956567,0.038033405432202294,0.011488781008221975
51079,0.030646316505901598,0.06995095997927743,0.01716628618421786
51081,0.023811260015835656,0.036664213682408936,0.010133113071255428
51083,0.02500033091594587,0.012965617157963294,0.007274154976490587
51085,0.030410878358954993,0.0389604166497548,0.012481707057242544
51087,0.03268456544108111,0.06742644300160114,0.017554122037905427
51089,0.029902618588311166,0.023674964730588915,0.010075739837805096
51091,0.02679556395911691,0.02398734299432595,0.009266304976665711
51093,0.023279293496805815,0.03390701440659302,0.009607373744680753
51095,0.024220603335760617,0.012497978369862245,0.007016413034547956
51097,0.02617458770482212,0.009984645583013166,0.007154721942653858
51099,0.033006055004817514,0.00902926814332014,0.008669498774682762
51101,0.028085740758384298,0.019702905147165883,0.0090090049149574
51103,0.02396623589550464,0.0061802981245316635,0.006109389048751912
51105,0.030218880656258686,0,0.0066626393763516535
51107,0.045562413347906776,0.04332603030593632,0.017970016746994045
51109,0.02823188223358231,0.017047562340751318,0.008667319119791054
51111,0.023416308595325543,0.013557716802869962,0.006956294898081662
51113,0.031403966218359884,0.07735859292115094,0.018569624589553076
51115,0.02279992859572338,0.005525224713914367,0.0057500338058573955
51117,0.023022649177488818,0.021262155859103515,0.007869551875586958
51119,0.024219847956035333,0.004972570896719569,0.006006905490227515
51121,0.029421117637169564,0.014755128643787738,0.00864114113846533
51125,0.02729004091305842,0.029267090268870408,0.010147614712334647
51127,0.027042658164725373,0.016738918266309757,0.008315395303758617
51131,0.020735422913616824,0,0.004571732711117304
51133,0.024507293037927817,0.0056620208120310295,0.00616647119632171
51135,0.025282981885372816,0.0425167794827286,0.011380105097997471
51137,0.030858624151726258,0.03500771732774652,0.012030177547069905
51139,0.031884945094893355,0.21164254004130406,0.031884945094893355
51141,0.0290081229093096,0.015133841878643639,0.00859109453787061
51143,0.027726065462242832,0.01512194828187119,0.00826239012550564
51145,0.028203434497241248,0.045655348125520634,0.012757332813898561
51147,0.024915730244700778,0.0227311181643354,0.008578291717213304
51149,0.026136854285786146,0.04077225287144873,0.011409721021089479
51153,0.043541292172435374,0.042349059641414805,0.017150078313535
51155,0.027614457978303947,0,0.0060884179389599745
51157,0.03485093888384875,0.07408030085476575,0.0194197313975876
51159,0.027193452620397737,0.019399046836098527,0.008729271871064074
51161,0.031076088398852973,0.014669969879751152,0.009049085240562716
51163,0.02818404126900394,0.010162647686104961,0.0076691097333081515
51165,0.03188432250611031,0.23758691410767746,0.03188432250611031
51167,0.027784628618067134,0,0.00612593705219524
51169,0.028993045459896997,0.003930488820460015,0.00696241191241282
51171,0.0337956585385085,0.16888154998864285,0.0337956585385085
51173,0.02761981224489232,0.01833209061530988,0.008690786496900471
51175,0.021747635678787715,0.0365396082205397,0.009489185370079915
51177,0.0322768131615788,0.01790987445601938,0.00984828512927132
51179,0.03641309147594576,0.019436056694956516,0.011176796000672305
51181,0.023419622529619807,0.017512044826371587,0.007480256381404216
51183,0.023480504869512628,0.029270107955153904,0.009053256890283709
51185,0.026907586180934046,0,0.005932567299594424
51187,0.03637884178202261,0.05600070228235378,0.01708799442660665
51191,0.029485110802337785,0.03060025891343815,0.010973268895346808
51193,0.029395227458870115,0.007552070502296115,0.007583269570112729
51195,0.02818480732198753,0,0.006214168195520702
51197,0.02789251617890684,0.020128088830016294,0.009018296754997723
51199,0.024249839664972867,0.014567347289342905,0.007301383047995783
51510,0.049413230212887946,0.09862208925329949,0.029800861410348635
51515,0.029920210685176026,0.4286769146219445,0.029920210685176026
51520,0.03201615699278681,0.023738853505845342,0.01066580666479473
51530,0.028103755300375163,0.012520262521167044,0.007986679343805108
51540,0.03205066171093865,0.11354901204817401,0.02432821386920974
51550,0.02367324745273475,0.031574927782822546,0.009414893792505775
51570,0.027671328935396367,0.07179546966187379,0.01629665662871189
51580,0.029940326700557386,0,0.006601223979308824
51590,0.028120835130202596,0.022421540973270176,0.009407190477912511
51595,0.023541243753148013,0.08494150418954195,0.01645109853981765
51600,0.05433430081078222,0.2735222028362916,0.05433430081078222
51610,0.05490394223828701,0.12422433268112547,0.0374784847373316
51620,0.021188022720221873,0.04768265896725696,0.010736372128610798
51630,0.03438490840166018,0.043475830924487036,0.014422304760684018
51640,0.029132443986772203,0.04787958876185426,0.013382396420405347
51650,0.02422675499400669,0.021191709222044747,0.008184099101155792
51660,0.033627790528559715,1.6582232346499883,0.033627790528559715
51670,0.027250719669083243,0.1407660055733717,0.025863124923488443
51678,0.031151271667817993,0.3812522327764024,0.031151271667817993
51680,0.029045247423776368,0.03167852619490344,0.011002034913781248
51683,0.04644779028269642,0.08232371200688549,0.025464596292463382
51685,0.04582025971694529,0.06250264389248131,0.021571155015264094
51690,0.029862322063632464,0.038269160920319636,0.012210286282192234
51700,0.02481773785844789,0.029070123237677006,0.009410455096757742
51710,0.02451998264538438,0.03246373866489345,0.009782507373858789
51720,0.029213924357939482,0.016276570434303875,0.008809896542579474
51730,0.02676169644528717,0.06862742209094734,0.015503524165591549
51735,0.027011507178791073,0.016376104147284368,0.008256359154230144
51740,0.02185137143474906,0.03633955951515422,0.00949497264426737
51750,0.028697413914674532,0.008099894962054502,0.007496452521501009
51760,0.03331785037355836,0.09709061088910403,0.022386804142994526
51770,0.031469794066327536,0.04198139211758316,0.013264708812989603
51775,0.033050090244390755,0.03012802583968971,0.011935742804245218
51790,0.04085879139490848,2.566332979748866,0.04085879139490848
51800,0.022361338477995398,0.024479053643509996,0.008109399065503746
51810,0.02226992966758816,0.01964251216062915,0.007457001885220748
51820,0.029800453583540793,0.10941632020416582,0.02264109596860897
51830,0.024689339902482225,0.020960728151294128,0.008277268008435526
51840,0.042165146122328384,0.2767460468130068,0.042165146122328384
53001,0.008153754938839453,0.06830890523391323,0.008153754938839453
53003,0.008759207628614983,0.1093070330459069,0.008759207628614983
53005,0.010159272677031603,0.23646085784369947,0.010159272677031603
53007,0.014358528810254513,0.04901443965152846,0.008634903108850046
53009,0.012307706839682969,0.015876016138150144,0.004410660333823212
53011,0.029104595243484424,0.10540974177256929,0.021731549377659847
53013,0.007990126347664673,0.06714367178352117,0.007990126347664673
53015,0.019488814150558965,0.06402398905605433,0.01219156415066772
53017,0.011387983576475809,0.04831763132478624,0.007574152833966359
53019,0.00433366566960113,0.013885236955850427,0.0021866771711111436
53021,0.013876667073630064,0.2662553702667423,0.013876667073630064
53023,0.008011503017391772,0.06822928880514745,0.008011503017391772
53025,0.008022054117569776,0.07446529704948228,0.008022054117569776
53027,0.013880497622266265,0.0219982546680522,0.0054909437629087525
53029,0.02209640274907829,0.06019907339825256,0.012653624576244327
53031,0.02196206123198171,0.026558235241570423,0.0082671607254815975
53033,0.043242516762909806,0.07432530140478227,0.02273427258066647
53035,0.03137893231728902,0.05045782036694571,0.01451152853177638
53037,0.015173497298431891,0.07947485949873816,0.012361469256350819
53039,0.013499921313237554,0.06560740777627518,0.010168327934353951
53041,0.02091846815465625,0.052893068838819855,0.011307075682339665
53043,0.006214105159996564,0.03231232512261975,0.004374068716280401
53045,0.024996843578217142,0.03490875757834148,0.010255300311496237
53047,0.006338751079952252,0.021261645944527847,0.003380257033788741
53049,0.017795461136541398,0.03904933717025847,0.008587500069815956
53051,0.004911732738899207,0.017904721295013654,0.0026941901330248806
53053,0.04564813804786533,0.07906577466129253,0.02454130243002135
53055,0.012686689630942875,0.02771708178787416,0.00578397652911124
53057,0.013797027452932561,0.06049296374891951,0.009714268263412273
53059,0.018810196460262527,0.04439809007101745,0.00955304434641625
53061,0.02123139057779261,0.04547335226789911,0.010469435249712982
53063,0.010103148950364755,0.05010292314397348,0.00733082429546537
53065,0.004811931638971975,0.021980271889349562,0.0030339329330056524
53067,0.03295006573458008,0.09996221543966687,0.022666543246941652
53069,0.020315097990929804,0.05424875228071773,0.011270828591540076
53071,0.008389793050729679,0.21413612301249896,0.008389793050729679
53073,0.010691663082090044,0.06078619630567845,0.008630500924959155
53075,0.006892943717512922,0.055070060749609386,0.006724906880108288
53077,0.012444352992704303,0.12573227404022586,0.012444352992704303
54001,0.02988063370813616,0,0.006588062906722387
54003,0.041959149035269455,0.06031830081105638,0.019786738618360725
54005,0.02890015367192993,0,0.006371887298788299
54007,0.028487169375554833,0,0.006280832786672421
54009,0.03785053196998904,0.031137023450685405,0.013491469169322848
54011,0.03240406078982204,0,0.007144426487128876
54013,0.02893367330494882,0,0.00637927768592318
54015,0.028947432539721735,0,0.0063823113131587245
54017,0.029652341679185006,0,0.0065377292269710105
54019,0.029458844605653157,0,0.006495067116617327
54021,0.029213213550166185,0,0.006440910539444328
54023,0.031130188926375535,0.09032207439500563,0.020404288389788732
54025,0.03107795743420794,0.06314197760158487,0.016310502972688226
54027,0.03460777538973917,0.060782580579639145,0.017225709115678556
54029,0.03807600168632721,0.1278779884138127,0.029596057999487925
54031,0.03184064691935294,0.13478763210647224,0.027445901874582963
54033,0.030127310756114096,0,0.0066424501036472195
54035,0.031083252103441178,0,0.006853215437235608
54037,0.043178335262642274,0.05310737340336977,0.018944022514028866
54039,0.030589702072466335,0,0.006744397843758945
54041,0.02836315004790266,0,0.006253489085056098
54043,0.030831421244796667,0,0.006797691931448908
54045,0.02816697611578011,0,0.006210236782641556
54047,0.02643700660213584,0,0.005828814216643665
54049,0.031480568684661335,0,0.006940815541588466
54051,0.03325375026953209,0,0.007331765477265012
54053,0.031857700439311375,0,0.007023965308357989
54055,0.02795852168774342,0,0.0061642768843842245
54057,0.0326253164972483,0.03419227314488457,0.012436022935332604
54059,0.028244551280854152,0,0.006227340505156249
54061,0.030642232381627797,0,0.006755979692545875
54063,0.02875061367866681,0,0.006338916817227863
54065,0.039621509470715584,0.04168016516118578,0.015793175785640858
54067,0.029203130592055346,0,0.006438687455323392
54069,0.03681104504362895,0.013368440656412572,0.010293798558394714
54071,0.030007628439272356,0.08979590305292587,0.019847511562769135
54073,0.03062193922577558,0,0.006751505470592077
54075,0.02811396574450063,0,0.006198549090067524
54077,0.0313446602740647,0,0.006910850542609228
54079,0.031741405802844694,0,0.0069983247416872665
54081,0.028176105670530492,0,0.006212249661002617
54083,0.027008832501305542,0,0.005954890023208547
54085,0.029292299392232515,0,0.0064583473350509155
54087,0.029657444866101675,0,0.006538854374341048
54089,0.029429163938956383,0,0.0064885231423086895
54091,0.03080456469372139,0,0.006791770616336594
54093,0.029141462545539357,0.010289769460036721,0.007920920089129055
54095,0.03136771352560651,0,0.006915933308685927
54097,0.0290351779171359,0,0.006401657357550723
54099,0.030993854526955023,0,0.006833505117054582
54101,0.02779072437205927,0,0.006127281040115857
54103,0.03201245252364607,0,0.007058084948406512
54105,0.02989546567968596,0,0.006591333050272729
54107,0.031463208735433776,0,0.0069369880311452225
54109,0.02644015884941621,0,0.0058295092220971454
55001,0.018167899559132807,0.10754568955469491,0.016942219707147124
55003,0.009059206983084166,0.010414061149926476,0.0030332552595270495
55005,0.015874146522828068,0.1783479448454593,0.015874146522828068
55007,0.009896010185495645,0.012700895617398934,0.0034695165695352707
55009,0.016839293240046,0.13602456353527112,0.016839293240046
55011,0.01789656157383714,0.18200853458931118,0.01789656157383714
55013,0.013333124712130748,0.057048847876020006,0.009171615730318102
55015,0.018871961067127418,0.15297160536821033,0.018871961067127418
55017,0.015817952502411012,0.13571188896820258,0.015817952502411012
55019,0.015704144854640924,0.13270310299208488,0.015704144854640924
55021,0.020988878009258367,0.14577554480867633,0.020988878009258367
55023,0.016981781150352673,0.1685132056991212,0.016981781150352673
55025,0.023020126347377438,0.19064991532051467,0.023020126347377438
55027,0.023480405900220543,0.17514189346702994,0.023480405900220543
55029,0.012521267056194652,0.02637899739013619,0.005593337079158022
55031,0.011292716292475179,0.01841612738931051,0.00441567746743047
55033,0.01939516343315441,0.17391643549860647,0.01939516343315441
55035,0.017994039501652317,0.14350752127009286,0.017994039501652317
55037,0.009884228514542862,0.01654395543860447,0.0038560930857111774
55039,0.020835312919967906,0.18385837059252547,0.020835312919967906
55041,0.010941850061663124,0.025629877510635217,0.005072142839078747
55043,0.01825287787685608,0.20523393689466657,0.01825287787685608
55045,0.023053235505049126,0.22219641667571088,0.023053235505049126
55047,0.020285724371336005,0.13544570252925422,0.020285724371336005
55049,0.01960129151147611,0.19384262976936187,0.01960129151147611
55051,0.009368030494598691,0.010673504628097505,0.0031346852624797423
55053,0.016482275546291298,0.12345978127617399,0.016482275546291298
55055,0.025658653497077476,0.21408128710167446,0.025658653497077476
55057,0.01771779615369773,0.11732796286971423,0.01771779615369773
55059,0.03173350814806328,0.06334466935453696,0.01658031290383699
55061,0.015096422887339403,0.0694575581360275,0.011195827215687099
55063,0.01704152038187081,0.15724534813009322,0.01704152038187081
55065,0.02097335793928012,0.25782066196695086,0.02097335793928012
55067,0.01269774541410541,0.05830006302463774,0.009083543154151568
55069,0.012721990264479142,0.062105689906512,0.009502524928533783
55071,0.016978512884187343,0.0814688052725146,0.013321747718234496
55073,0.014796237154789154,0.14320485357016868,0.014796237154789154
55075,0.01204105158425305,0.03856843020163582,0.006754065085727788
55077,0.019406595375895227,0.12721357961771523,0.019406595375895227
55078,0.01387828995423417,0.08558298812384552,0.012515483337806556
55079,0.026767586997159025,0.07243356205320897,0.01603839613649381
55081,0.016924049192027255,0.1381085764026759,0.016924049192027255
55083,0.013642574812352449,0.09487228089943964,0.013438724299784948
55085,0.010873378383211415,0.02544313552781844,0.005033685597682819
55087,0.01839601852786945,0.15174260289332292,0.01839601852786945
55089,0.023770002650628844,0.0796737515082816,0.01584484434622276
55091,0.01927516854833917,0.1696499719827354,0.01927516854833917
55093,0.02354261053904494,0.16586599433180607,0.02354261053904494
55095,0.01865221863487978,0.1075144371508901,0.01716425811994076
55097,0.016800872228130353,0.11647844478020303,0.016800872228130353
55099,0.011479520629901173,0.03810052591339978,0.0065316276387210395
55101,0.02882659632671591,0.06592530941961233,0.015891821931205894
55103,0.017813191756833092,0.1576294809983461,0.017813191756833092
55105,0.027449059774918003,0.23223942354922295,0.027449059774918003
55107,0.013447546149141586,0.07660378991662961,0.011353031780103023
55109,0.02274545358887183,0.2673781732578947,0.02274545358887183
55111,0.01894538336721604,0.1453398183717971,0.01894538336721604
55113,0.012181790853385586,0.04076323599452275,0.0070314836386729885
55115,0.015175048090141844,0.25554904455579946,0.015175048090141844
55117,0.019457074607692262,0.08102155027583605,0.014274627259205258
55119,0.01357270658256834,0.08481678995051525,0.012304215205693565
55121,0.017095191061188782,0.16797238646155255,0.017095191061188782
55123,0.016636011584980022,0.16087832988807205,0.016636011584980022
55125,0.010041590927643904,0.013929088192670039,0.0036307663542326273
55127,0.03149033608248367,0.1291773047992979,0.026415047930975342
55129,0.01312884728084439,0.05790787866757357,0.00919337883981947
55131,0.02519493929457396,0.1908058325947734,0.02519493929457396
55133,0.02824358606054969,0.1254462865859386,0.024205878110916512
55135,0.016941746336674075,0.12770155809455155,0.016941746336674075
55137,0.018490350427354866,0.12830472702531062,0.018490350427354866
55139,0.019091119663612915,0.12817916005006857,0.019091119663612915
55141,0.015990134201229814,0.1079668912976081,0.01597532256220862
56001,0.008310523813249903,0.02638692217145778,0.00441185376586398
56003,0.003418539381285687,0.024357654018005083,0.0028625446302182043
56005,0.004462057808118793,0.011810624823585983,0.002034496614721994
56007,0.005208565789529636,0.008071324508877875,0.0018801995790808093
56009,0.00609466713094573,0.017464677588515217,0.002962622999298939
56011,0.005032446517624904,0.021327047857521774,0.0030346661042833954
56013,0.0039114410246359295,0.011191551747525248,0.0018439379745002643
56015,0.008032939545758518,0.0505159724784353,0.006677430038563447
56017,0.004009141218821226,0.018469275080171228,0.002507889972547685
56019,0.0037876534769185235,0.011600983966553034,0.001849272009763699
56021,0.010722907832312948,0.05681324770356784,0.008231433831172561
56023,0.005371165805142482,0.03031858072836305,0.003944452075542844
56025,0.004344119207697857,0.009831428175264372,0.0018297687343847744
56027,0.006924760196639392,0.0247904148880456,0.0038717292739334666
56029,0.0030892581301854294,0.01373695756733453,0.0018600918726728968
56031,0.00926154654941099,0.04157353074019803,0.006196527390448872
56033,0.004227763371645017,0.01955304667210308,0.002661155387581051
56035,0.00406971874296177,0.014988274571535568,0.002217245648719862
56037,0.004922517735604322,0.011960572558736155,0.002161946039804838
56039,0.004179225625322461,0.03194548177066706,0.0037427379433085475
56041,0.007067955038396059,0.021699969554732502,0.003618073084783598
56043,0.0038568952413661328,0.024865724330890324,0.003028093937356264
56045,0.005877612972457093,0.019574329003973084,0.003100608630408589
